-1.703356331406957e+00  1.785402059884480e+00 -1.703356331406957e+00  1.010785860514499e+00 -1.703356331406957e+00  1.483775105739058e+00 -1.703356331406957e+00  1.217067946372101e-01 -1.703356331406957e+00  4.107614511267227e-04 -1.703356331406957e+00  3.362533891352292e-01 -1.703356331406957e+00  2.959234536531214e-01 -1.703356331406957e+00  3.452967033980054e-03 
-1.699356331406957e+00  1.784680123435720e+00 -1.699356331406957e+00  1.011465574390516e+00 -1.699356331406957e+00  1.482701366093139e+00 -1.699356331406957e+00  1.220264898097587e-01 -1.699356331406957e+00  4.136027980607470e-04 -1.699356331406957e+00  3.372476110924688e-01 -1.699356331406957e+00  2.957188775215158e-01 -1.699356331406957e+00  3.450273619137556e-03 
-1.695356331406957e+00  1.783953620071767e+00 -1.695356331406957e+00  1.012150272905130e+00 -1.695356331406957e+00  1.481622285981732e+00 -1.695356331406957e+00  1.223456952760559e-01 -1.695356331406957e+00  4.164503226636098e-04 -1.695356331406957e+00  3.382507981935948e-01 -1.695356331406957e+00  2.955157846011214e-01 -1.695356331406957e+00  3.447608531406463e-03 
-1.691356331406957e+00  1.783225990800510e+00 -1.691356331406957e+00  1.012836200888341e+00 -1.691356331406957e+00  1.480541887731635e+00 -1.691356331406957e+00  1.226648480556804e-01 -1.691356331406957e+00  4.193081496959564e-04 -1.691356331406957e+00  3.392561949547479e-01 -1.691356331406957e+00  2.953129580833935e-01 -1.691356331406957e+00  3.444914663820347e-03 
-1.687356331406957e+00  1.782496103089403e+00 -1.687356331406957e+00  1.013524594766041e+00 -1.687356331406957e+00  1.479458845855750e+00 -1.687356331406957e+00  1.229837969840255e-01 -1.687356331406957e+00  4.221748473810627e-04 -1.687356331406957e+00  3.402660239699477e-01 -1.687356331406957e+00  2.951107998484775e-01 -1.687356331406957e+00  3.442211111516732e-03 
-1.683356331406957e+00  1.781763968087496e+00 -1.683356331406957e+00  1.014215442674525e+00 -1.683356331406957e+00  1.478373171956090e+00 -1.683356331406957e+00  1.233025378938087e-01 -1.683356331406957e+00  4.250503718684241e-04 -1.683356331406957e+00  3.412802624328015e-01 -1.683356331406957e+00  2.949093068879518e-01 -1.683356331406957e+00  3.439497921469481e-03 
-1.679356331406957e+00  1.781029597220102e+00 -1.679356331406957e+00  1.014908732441007e+00 -1.679356331406957e+00  1.477284877771312e+00 -1.679356331406957e+00  1.236210665706495e-01 -1.679356331406957e+00  4.279346782566008e-04 -1.679356331406957e+00  3.422988867825646e-01 -1.679356331406957e+00  2.947084759980197e-01 -1.679356331406957e+00  3.436775141431757e-03 
-1.675356331406957e+00  1.780293002164236e+00 -1.675356331406957e+00  1.015604451609547e+00 -1.675356331406957e+00  1.476193975162954e+00 -1.675356331406957e+00  1.239393787603911e-01 -1.675356331406957e+00  4.308277206514580e-04 -1.675356331406957e+00  3.433218727684377e-01 -1.675356331406957e+00  2.945083037945269e-01 -1.675356331406957e+00  3.434042820322206e-03 
-1.671356331406957e+00  1.779554194830874e+00 -1.671356331406957e+00  1.016302587400982e+00 -1.671356331406957e+00  1.475100476110449e+00 -1.671356331406957e+00  1.242574701778982e-01 -1.671356331406957e+00  4.337294522400792e-04 -1.671356331406957e+00  3.443491954427116e-01 -1.671356331406957e+00  2.943087867258876e-01 -1.671356331406957e+00  3.431301008328867e-03 
-1.667356331406957e+00  1.778813187371665e+00 -1.667356331406957e+00  1.017003126774705e+00 -1.667356331406957e+00  1.474004392715301e+00 -1.667356331406957e+00  1.245753365049625e-01 -1.667356331406957e+00  4.366398252644150e-04 -1.667356331406957e+00  3.453808292129962e-01 -1.667356331406957e+00  2.941099210687304e-01 -1.667356331406957e+00  3.428549756666536e-03 
-1.663356331406957e+00  1.778069992168320e+00 -1.663356331406957e+00  1.017706056426877e+00 -1.663356331406957e+00  1.472905737198135e+00 -1.663356331406957e+00  1.248929733954894e-01 -1.663356331406957e+00  4.395587910629847e-04 -1.663356331406957e+00  3.464167478604481e-01 -1.663356331406957e+00  2.939117029355415e-01 -1.663356331406957e+00  3.425789117583821e-03 
-1.659356331406957e+00  1.777324621816408e+00 -1.659356331406957e+00  1.018411362768535e+00 -1.659356331406957e+00  1.471804521893230e+00 -1.659356331406957e+00  1.252103764828852e-01 -1.659356331406957e+00  4.424863001344812e-04 -1.659356331406957e+00  3.474569245471001e-01 -1.659356331406957e+00  2.937141282860725e-01 -1.659356331406957e+00  3.423019144449127e-03 
-1.655356331406957e+00  1.776577089125303e+00 -1.655356331406957e+00  1.019119031965051e+00 -1.655356331406957e+00  1.470700759249564e+00 -1.655356331406957e+00  1.255275413805959e-01 -1.655356331406957e+00  4.454223021380130e-04 -1.655356331406957e+00  3.485013318569298e-01 -1.655356331406957e+00  2.935171929275931e-01 -1.655356331406957e+00  3.420239891595605e-03 
-1.651356331406957e+00  1.775827407113287e+00 -1.651356331406957e+00  1.019829049958786e+00 -1.651356331406957e+00  1.469594461829786e+00 -1.651356331406957e+00  1.258444636846292e-01 -1.651356331406957e+00  4.483667459123409e-04 -1.651356331406957e+00  3.495499418281341e-01 -1.651356331406957e+00  2.933208925184083e-01 -1.651356331406957e+00  3.417451414232339e-03 
-1.647356331406957e+00  1.775075588988884e+00 -1.647356331406957e+00  1.020541402439735e+00 -1.647356331406957e+00  1.468485642303277e+00 -1.647356331406957e+00  1.261611389816824e-01 -1.647356331406957e+00  4.513195795492136e-04 -1.647356331406957e+00  3.506027259567406e-01 -1.647356331406957e+00  2.931252225808888e-01 -1.647356331406957e+00  3.414653768559488e-03 
-1.643356331406957e+00  1.774321648153442e+00 -1.643356331406957e+00  1.021256074897640e+00 -1.643356331406957e+00  1.467374313447971e+00 -1.643356331406957e+00  1.264775628483761e-01 -1.643356331406957e+00  4.542807503831701e-04 -1.643356331406957e+00  3.516596552453084e-01 -1.643356331406957e+00  2.929301784997562e-01 -1.643356331406957e+00  3.411847011563625e-03 
-1.639356331406957e+00  1.773565598183609e+00 -1.639356331406957e+00  1.021973052598113e+00 -1.639356331406957e+00  1.466260488143600e+00 -1.639356331406957e+00  1.267937308587258e-01 -1.639356331406957e+00  4.572502050604596e-04 -1.639356331406957e+00  3.527207002096208e-01 -1.639356331406957e+00  2.927357555342079e-01 -1.639356331406957e+00  3.409031201111635e-03 
-1.635356331406957e+00  1.772807452824405e+00 -1.635356331406957e+00  1.022692320599156e+00 -1.635356331406957e+00  1.465144179369250e+00 -1.635356331406957e+00  1.271096385871218e-01 -1.635356331406957e+00  4.602278895661927e-04 -1.635356331406957e+00  3.537858309076582e-01 -1.635356331406957e+00  2.925419488227107e-01 -1.635356331406957e+00  3.406206395885707e-03 
-1.631356331406957e+00  1.772047225990186e+00 -1.631356331406957e+00  1.023413863798520e+00 -1.631356331406957e+00  1.464025400204211e+00 -1.631356331406957e+00  1.274252816080510e-01 -1.631356331406957e+00  4.632137492205741e-04 -1.631356331406957e+00  3.548550169859501e-01 -1.631356331406957e+00  2.923487533823345e-01 -1.631356331406957e+00  3.403372655197441e-03 
-1.627356331406957e+00  1.771284931741005e+00 -1.627356331406957e+00  1.024137666886922e+00 -1.627356331406957e+00  1.462904163818173e+00 -1.627356331406957e+00  1.277406555057603e-01 -1.627356331406957e+00  4.662077287717906e-04 -1.627356331406957e+00  3.559282276730925e-01 -1.627356331406957e+00  2.921561641249357e-01 -1.627356331406957e+00  3.400530039171465e-03 
-1.623356331406957e+00  1.770520584287844e+00 -1.623356331406957e+00  1.024863714411854e+00 -1.623356331406957e+00  1.461780483473685e+00 -1.623356331406957e+00  1.280557558720788e-01 -1.623356331406957e+00  4.692097723753989e-04 -1.623356331406957e+00  3.570054318351450e-01 -1.623356331406957e+00  2.919641758535283e-01 -1.623356331406957e+00  3.397678608494931e-03 
-1.619356331406957e+00  1.769754197970141e+00 -1.619356331406957e+00  1.025591990735125e+00 -1.619356331406957e+00  1.460654372516563e+00 -1.619356331406957e+00  1.283705783154081e-01 -1.619356331406957e+00  4.722198236826682e-04 -1.619356331406957e+00  3.580865979710943e-01 -1.619356331406957e+00  2.917727832775720e-01 -1.619356331406957e+00  3.394818424584253e-03 
-1.615356331406957e+00  1.768985787263906e+00 -1.615356331406957e+00  1.026322480107949e+00 -1.615356331406957e+00  1.459525844379442e+00 -1.615356331406957e+00  1.286851184572814e-01 -1.615356331406957e+00  4.752378258086696e-04 -1.615356331406957e+00  3.591716942745025e-01 -1.615356331406957e+00  2.915819810073181e-01 -1.615356331406957e+00  3.391949549290128e-03 
-1.611356331406957e+00  1.768215366758001e+00 -1.611356331406957e+00  1.027055166623077e+00 -1.611356331406957e+00  1.458394912571406e+00 -1.611356331406957e+00  1.289993719416717e-01 -1.611356331406957e+00  4.782637214254324e-04 -1.611356331406957e+00  3.602606886253749e-01 -1.611356331406957e+00  2.913917635699087e-01 -1.611356331406957e+00  3.389072045085646e-03 
-1.607356331406957e+00  1.767442951149911e+00 -1.607356331406957e+00  1.027790034241828e+00 -1.607356331406957e+00  1.457261590675945e+00 -1.607356331406957e+00  1.293133344363702e-01 -1.607356331406957e+00  4.812974527786002e-04 -1.607356331406957e+00  3.613535486240894e-01 -1.607356331406957e+00  2.912021254120795e-01 -1.607356331406957e+00  3.386185974960060e-03 
-1.603356331406957e+00  1.766668555244570e+00 -1.603356331406957e+00  1.028527066832712e+00 -1.603356331406957e+00  1.456125892350251e+00 -1.603356331406957e+00  1.296270016331166e-01 -1.603356331406957e+00  4.843389616920259e-04 -1.603356331406957e+00  3.624502416318423e-01 -1.603356331406957e+00  2.910130609008071e-01 -1.603356331406957e+00  3.383291402267083e-03 
-1.599356331406957e+00  1.765892193935457e+00 -1.599356331406957e+00  1.029266248140770e+00 -1.599356331406957e+00  1.454987831316563e+00 -1.599356331406957e+00  1.299403692547113e-01 -1.599356331406957e+00  4.873881896420151e-04 -1.599356331406957e+00  3.635507347711908e-01 -1.599356331406957e+00  2.908245643360068e-01 -1.599356331406957e+00  3.380388390845386e-03 
-1.595356331406957e+00  1.765113882205313e+00 -1.595356331406957e+00  1.030007561832808e+00 -1.595356331406957e+00  1.453847421362126e+00 -1.595356331406957e+00  1.302534330542706e-01 -1.595356331406957e+00  4.904450777545356e-04 -1.595356331406957e+00  3.646549949696705e-01 -1.595356331406957e+00  2.906366299498090e-01 -1.595356331406957e+00  3.377477004840887e-03 
-1.591356331406957e+00  1.764333635103840e+00 -1.591356331406957e+00  1.030750991451846e+00 -1.591356331406957e+00  1.452704676328781e+00 -1.591356331406957e+00  1.305661888234974e-01 -1.591356331406957e+00  4.935095668927981e-04 -1.591356331406957e+00  3.657629889508627e-01 -1.591356331406957e+00  2.904492519215349e-01 -1.591356331406957e+00  3.374557308885562e-03 
-1.587356331406957e+00  1.763551467767460e+00 -1.587356331406957e+00  1.031496520536077e+00 -1.587356331406957e+00  1.451559610121353e+00 -1.587356331406957e+00  1.308786323843779e-01 -1.587356331406957e+00  4.965815975796505e-04 -1.587356331406957e+00  3.668746833199814e-01 -1.587356331406957e+00  2.902624243639904e-01 -1.587356331406957e+00  3.371629367630479e-03 
-1.583356331406957e+00  1.762767395370299e+00 -1.583356331406957e+00  1.032244132467029e+00 -1.583356331406957e+00  1.450412236685040e+00 -1.583356331406957e+00  1.311907596077691e-01 -1.583356331406957e+00  4.996611101901391e-04 -1.583356331406957e+00  3.679900444926365e-01 -1.583356331406957e+00  2.900761413565342e-01 -1.583356331406957e+00  3.368693246341900e-03 
-1.579356331406957e+00  1.761981433163188e+00 -1.579356331406957e+00  1.032993810662846e+00 -1.579356331406957e+00  1.449262570022397e+00 -1.579356331406957e+00  1.315025663975139e-01 -1.579356331406957e+00  5.027480447982743e-04 -1.579356331406957e+00  3.691090388228617e-01 -1.579356331406957e+00  2.898903969183029e-01 -1.579356331406957e+00  3.365749010142294e-03 
-1.575356331406957e+00  1.761193596422019e+00 -1.575356331406957e+00  1.033745538414180e+00 -1.575356331406957e+00  1.448110624169282e+00 -1.575356331406957e+00  1.318140487098581e-01 -1.575356331406957e+00  5.058423413799179e-04 -1.575356331406957e+00  3.702316325235679e-01 -1.575356331406957e+00  2.897051850429838e-01 -1.575356331406957e+00  3.362796724654855e-03 
-1.571356331406957e+00  1.760403900471233e+00 -1.571356331406957e+00  1.034499299015059e+00 -1.571356331406957e+00  1.446956413204786e+00 -1.571356331406957e+00  1.321252025435747e-01 -1.571356331406957e+00  5.089439397205145e-04 -1.571356331406957e+00  3.713577917577847e-01 -1.571356331406957e+00  2.895204996825761e-01 -1.571356331406957e+00  3.359836455489498e-03 
-1.567356331406957e+00  1.759612360667131e+00 -1.567356331406957e+00  1.035255075734754e+00 -1.567356331406957e+00  1.445799951242893e+00 -1.567356331406957e+00  1.324360239456811e-01 -1.567356331406957e+00  5.120527794806679e-04 -1.567356331406957e+00  3.724874826371819e-01 -1.567356331406957e+00  2.893363347584049e-01 -1.567356331406957e+00  3.356868268353365e-03 
-1.563356331406957e+00  1.758818992381927e+00 -1.563356331406957e+00  1.036012851791209e+00 -1.563356331406957e+00  1.444641252424349e+00 -1.563356331406957e+00  1.327465090167480e-01 -1.563356331406957e+00  5.151688002587385e-04 -1.563356331406957e+00  3.736206712207345e-01 -1.563356331406957e+00  2.891526841715932e-01 -1.563356331406957e+00  3.353892229155218e-03 
-1.559356331406957e+00  1.758023811005968e+00 -1.559356331406957e+00  1.036772610395485e+00 -1.559356331406957e+00  1.443480330916799e+00 -1.559356331406957e+00  1.330566539091903e-01 -1.559356331406957e+00  5.182919415821721e-04 -1.559356331406957e+00  3.747573235545166e-01 -1.559356331406957e+00  2.889695418012382e-01 -1.559356331406957e+00  3.350908403830788e-03 
-1.555356331406957e+00  1.757226831945680e+00 -1.555356331406957e+00  1.037534334778732e+00 -1.555356331406957e+00  1.442317200913006e+00 -1.555356331406957e+00  1.333664548272041e-01 -1.555356331406957e+00  5.214221429155542e-04 -1.555356331406957e+00  3.758974057010089e-01 -1.555356331406957e+00  2.887869015054678e-01 -1.555356331406957e+00  3.347916858236938e-03 
-1.551356331406957e+00  1.756428070605364e+00 -1.551356331406957e+00  1.038298008153595e+00 -1.551356331406957e+00  1.441151876621498e+00 -1.551356331406957e+00  1.336759080328040e-01 -1.551356331406957e+00  5.245593437320955e-04 -1.551356331406957e+00  3.770408837292462e-01 -1.551356331406957e+00  2.886047571334044e-01 -1.551356331406957e+00  3.344917658303237e-03 
-1.547356331406957e+00  1.755627542381987e+00 -1.547356331406957e+00  1.039063613726094e+00 -1.547356331406957e+00  1.439984372263168e+00 -1.547356331406957e+00  1.339850098468466e-01 -1.547356331406957e+00  5.277034835341475e-04 -1.547356331406957e+00  3.781877237340805e-01 -1.547356331406957e+00  2.884231025283471e-01 -1.547356331406957e+00  3.341910869985226e-03 
-1.543356331406957e+00  1.754825262673156e+00 -1.543356331406957e+00  1.039831134759755e+00 -1.543356331406957e+00  1.438814702074052e+00 -1.543356331406957e+00  1.342937566450713e-01 -1.543356331406957e+00  5.308545018218154e-04 -1.543356331406957e+00  3.793378918861132e-01 -1.543356331406957e+00  2.882419315220332e-01 -1.543356331406957e+00  3.338896559012619e-03 
-1.539356331406957e+00  1.754021246848091e+00 -1.539356331406957e+00  1.040600554490109e+00 -1.539356331406957e+00  1.437642880290729e+00 -1.539356331406957e+00  1.346021448680675e-01 -1.539356331406957e+00  5.340123382070260e-04 -1.539356331406957e+00  3.804913543923576e-01 -1.539356331406957e+00  2.880612379538686e-01 -1.539356331406957e+00  3.335874791225075e-03 
-1.535356331406957e+00  1.753215510266251e+00 -1.535356331406957e+00  1.041371856229425e+00 -1.535356331406957e+00  1.436468921158061e+00 -1.535356331406957e+00  1.349101710132684e-01 -1.535356331406957e+00  5.371769323403565e-04 -1.535356331406957e+00  3.816480775694115e-01 -1.535356331406957e+00  2.878810156580253e-01 -1.535356331406957e+00  3.332845632160876e-03 
-1.531356331406957e+00  1.752408068256702e+00 -1.531356331406957e+00  1.042145023312746e+00 -1.531356331406957e+00  1.435292838918468e+00 -1.531356331406957e+00  1.352178316416884e-01 -1.531356331406957e+00  5.403482239920678e-04 -1.531356331406957e+00  3.828080278218687e-01 -1.531356331406957e+00  2.877012584769976e-01 -1.531356331406957e+00  3.329809147268887e-03 
-1.527356331406957e+00  1.751598936107484e+00 -1.527356331406957e+00  1.042920039082726e+00 -1.527356331406957e+00  1.434114647805791e+00 -1.527356331406957e+00  1.355251233808230e-01 -1.527356331406957e+00  5.435261530939014e-04 -1.527356331406957e+00  3.839711716431038e-01 -1.527356331406957e+00  2.875219602683829e-01 -1.527356331406957e+00  3.326765401968039e-03 
-1.523356331406957e+00  1.750788129078080e+00 -1.523356331406957e+00  1.043696886966846e+00 -1.523356331406957e+00  1.432934362050170e+00 -1.523356331406957e+00  1.358320429189550e-01 -1.523356331406957e+00  5.467106596900640e-04 -1.523356331406957e+00  3.851374756709700e-01 -1.523356331406957e+00  2.873431148961506e-01 -1.523356331406957e+00  3.323714461344135e-03 
-1.519356331406957e+00  1.749975662385645e+00 -1.519356331406957e+00  1.044475550447666e+00 -1.519356331406957e+00  1.431751995870447e+00 -1.519356331406957e+00  1.361385870092272e-01 -1.519356331406957e+00  5.499016839913266e-04 -1.519356331406957e+00  3.863069066791422e-01 -1.519356331406957e+00  2.871647162395591e-01 -1.519356331406957e+00  3.320656390266683e-03 
-1.515356331406957e+00  1.749161551199802e+00 -1.515356331406957e+00  1.045256013066573e+00 -1.515356331406957e+00  1.430567563470609e+00 -1.515356331406957e+00  1.364447524704963e-01 -1.515356331406957e+00  5.530991663955258e-04 -1.515356331406957e+00  3.874794315879655e-01 -1.515356331406957e+00  2.869867581962937e-01 -1.515356331406957e+00  3.317591253374140e-03 
-1.511356331406957e+00  1.748345810627088e+00 -1.511356331406957e+00  1.046038258384062e+00 -1.511356331406957e+00  1.429381079031188e+00 -1.511356331406957e+00  1.367505361919350e-01 -1.511356331406957e+00  5.563030475485683e-04 -1.511356331406957e+00  3.886550174485717e-01 -1.511356331406957e+00  2.868092346925714e-01 -1.511356331406957e+00  3.314519115229932e-03 
-1.507356331406957e+00  1.747528455732513e+00 -1.507356331406957e+00  1.046822270090439e+00 -1.507356331406957e+00  1.428192556718590e+00 -1.507356331406957e+00  1.370559351240389e-01 -1.507356331406957e+00  5.595132682598373e-04 -1.507356331406957e+00  3.898336315173796e-01 -1.507356331406957e+00  2.866321396683048e-01 -1.507356331406957e+00  3.311440039887659e-03 
-1.503356331406957e+00  1.746709501514227e+00 -1.503356331406957e+00  1.047608031924290e+00 -1.503356331406957e+00  1.427002010671797e+00 -1.503356331406957e+00  1.373609462868169e-01 -1.503356331406957e+00  5.627297696016271e-04 -1.503356331406957e+00  3.910152412142345e-01 -1.503356331406957e+00  2.864554670937871e-01 -1.503356331406957e+00  3.308354091211301e-03 
-1.499356331406957e+00  1.745888962906184e+00 -1.499356331406957e+00  1.048395527704071e+00 -1.499356331406957e+00  1.425809455002551e+00 -1.499356331406957e+00  1.376655667677012e-01 -1.499356331406957e+00  5.659524928987486e-04 -1.499356331406957e+00  3.921998141483153e-01 -1.499356331406957e+00  2.862792109675544e-01 -1.499356331406957e+00  3.305261332751200e-03 
-1.495356331406957e+00  1.745066854774546e+00 -1.495356331406957e+00  1.049184741333231e+00 -1.495356331406957e+00  1.424614903792538e+00 -1.495356331406957e+00  1.379697937217415e-01 -1.495356331406957e+00  5.691813797426051e-04 -1.495356331406957e+00  3.933873181277123e-01 -1.495356331406957e+00  2.861033653184503e-01 -1.495356331406957e+00  3.302161827723886e-03 
-1.491356331406957e+00  1.744243191906289e+00 -1.491356331406957e+00  1.049975656772058e+00 -1.491356331406957e+00  1.423418371086720e+00 -1.491356331406957e+00  1.382736243746039e-01 -1.491356331406957e+00  5.724163720359601e-04 -1.491356331406957e+00  3.945777211482977e-01 -1.491356331406957e+00  2.859279242129469e-01 -1.491356331406957e+00  3.299055639122633e-03 
-1.487356331406957e+00  1.743417989026170e+00 -1.487356331406957e+00  1.050768258125332e+00 -1.487356331406957e+00  1.422219870900596e+00 -1.487356331406957e+00  1.385770560153469e-01 -1.487356331406957e+00  5.756574119263290e-04 -1.487356331406957e+00  3.957709914528036e-01 -1.487356331406957e+00  2.857528817434594e-01 -1.487356331406957e+00  3.295942829373260e-03 
-1.483356331406957e+00  1.742591260767508e+00 -1.483356331406957e+00  1.051562529539166e+00 -1.483356331406957e+00  1.421019417204790e+00 -1.483356331406957e+00  1.388800860058239e-01 -1.483356331406957e+00  5.789044419206811e-04 -1.483356331406957e+00  3.969670974732269e-01 -1.483356331406957e+00  2.855782320475660e-01 -1.483356331406957e+00  3.292823460739294e-03 
-1.479356331406957e+00  1.741763021693416e+00 -1.479356331406957e+00  1.052358455304247e+00 -1.479356331406957e+00  1.419817023934459e+00 -1.479356331406957e+00  1.391827117719518e-01 -1.479356331406957e+00  5.821574048021113e-04 -1.479356331406957e+00  3.981660078987838e-01 -1.479356331406957e+00  2.854039692935215e-01 -1.479356331406957e+00  3.289697594916436e-03 
-1.475356331406957e+00  1.740933286274771e+00 -1.475356331406957e+00  1.053156019780163e+00 -1.475356331406957e+00  1.418612704977368e+00 -1.475356331406957e+00  1.394849308104906e-01 -1.475356331406957e+00  5.854162437163486e-04 -1.475356331406957e+00  3.993676916342166e-01 -1.475356331406957e+00  2.852300876946720e-01 -1.475356331406957e+00  3.286565293329816e-03 
-1.471356331406957e+00  1.740102068895170e+00 -1.471356331406957e+00  1.053955207430011e+00 -1.471356331406957e+00  1.417406474175287e+00 -1.471356331406957e+00  1.397867406861462e-01 -1.471356331406957e+00  5.886809021522699e-04 -1.471356331406957e+00  4.005721178251460e-01 -1.471356331406957e+00  2.850565815058277e-01 -1.471356331406957e+00  3.283426616998007e-03 
-1.467356331406957e+00  1.739269383855438e+00 -1.467356331406957e+00  1.054756002852382e+00 -1.467356331406957e+00  1.416198345325239e+00 -1.467356331406957e+00  1.400881390288858e-01 -1.467356331406957e+00  5.919513239242079e-04 -1.467356331406957e+00  4.017792558816679e-01 -1.467356331406957e+00  2.848834450199888e-01 -1.467356331406957e+00  3.280281626407470e-03 
-1.463356331406957e+00  1.738435245352467e+00 -1.463356331406957e+00  1.055558390706110e+00 -1.463356331406957e+00  1.414988332167928e+00 -1.463356331406957e+00  1.403891235403307e-01 -1.463356331406957e+00  5.952274532551159e-04 -1.463356331406957e+00  4.029890754355976e-01 -1.463356331406957e+00  2.847106725821774e-01 -1.463356331406957e+00  3.277130381808119e-03 
-1.459356331406957e+00  1.737599667503102e+00 -1.459356331406957e+00  1.056362355821220e+00 -1.459356331406957e+00  1.413776448398681e+00 -1.459356331406957e+00  1.406896919842277e-01 -1.459356331406957e+00  5.985092346826392e-04 -1.459356331406957e+00  4.042015464120822e-01 -1.459356331406957e+00  2.845382585732124e-01 -1.459356331406957e+00  3.273972942777474e-03 
-1.455356331406957e+00  1.736762664310321e+00 -1.455356331406957e+00  1.057167883069016e+00 -1.455356331406957e+00  1.412562707649524e+00 -1.455356331406957e+00  1.409898421972743e-01 -1.455356331406957e+00  6.017966131920726e-04 -1.455356331406957e+00  4.054166389523964e-01 -1.455356331406957e+00  2.843661974320193e-01 -1.455356331406957e+00  3.270809368730993e-03 
-1.451356331406957e+00  1.735924249695596e+00 -1.451356331406957e+00  1.057974957506984e+00 -1.451356331406957e+00  1.411347123504466e+00 -1.451356331406957e+00  1.412895720766819e-01 -1.451356331406957e+00  6.050895340892001e-04 -1.451356331406957e+00  4.066343235061280e-01 -1.451356331406957e+00  2.841944836337843e-01 -1.451356331406957e+00  3.267639718352862e-03 
-1.447356331406957e+00  1.735084437471810e+00 -1.447356331406957e+00  1.058783564275417e+00 -1.447356331406957e+00  1.410129709484935e+00 -1.447356331406957e+00  1.415888795886046e-01 -1.447356331406957e+00  6.083879431066442e-04 -1.447356331406957e+00  4.078545707696946e-01 -1.447356331406957e+00  2.840231117077481e-01 -1.447356331406957e+00  3.264464050002149e-03 
-1.443356331406957e+00  1.734243241345333e+00 -1.443356331406957e+00  1.059593688614399e+00 -1.443356331406957e+00  1.408910479049854e+00 -1.443356331406957e+00  1.418877627663284e-01 -1.443356331406957e+00  6.116917863957606e-04 -1.443356331406957e+00  4.090773516988639e-01 -1.443356331406957e+00  2.838520762355855e-01 -1.443356331406957e+00  3.261282421645963e-03 
-1.439356331406957e+00  1.733400674927305e+00 -1.439356331406957e+00  1.060405315918967e+00 -1.439356331406957e+00  1.407689445600448e+00 -1.439356331406957e+00  1.421862197053103e-01 -1.439356331406957e+00  6.150010104823167e-04 -1.439356331406957e+00  4.103026375449023e-01 -1.439356331406957e+00  2.836813718436603e-01 -1.439356331406957e+00  3.258094890642843e-03 
-1.435356331406957e+00  1.732556751716169e+00 -1.435356331406957e+00  1.061218431673368e+00 -1.435356331406957e+00  1.406466622470479e+00 -1.435356331406957e+00  1.424842485681924e-01 -1.435356331406957e+00  6.183155623350385e-04 -1.435356331406957e+00  4.115303998153488e-01 -1.435356331406957e+00  2.835109932144000e-01 -1.435356331406957e+00  3.254901514001002e-03 
-1.431356331406957e+00  1.731711485117719e+00 -1.431356331406957e+00  1.062033021541555e+00 -1.431356331406957e+00  1.405242022935596e+00 -1.431356331406957e+00  1.427818475768747e-01 -1.431356331406957e+00  6.216353892869684e-04 -1.431356331406957e+00  4.127606103317981e-01 -1.431356331406957e+00  2.833409350727800e-01 -1.431356331406957e+00  3.251702348022883e-03 
-1.427356331406957e+00  1.730864888411145e+00 -1.427356331406957e+00  1.062849071230648e+00 -1.427356331406957e+00  1.404015660195115e+00 -1.427356331406957e+00  1.430790150231726e-01 -1.427356331406957e+00  6.249604391687443e-04 -1.427356331406957e+00  4.139932411458953e-01 -1.427356331406957e+00  2.831711922086595e-01 -1.427356331406957e+00  3.248497448841369e-03 
-1.423356331406957e+00  1.730016974783827e+00 -1.423356331406957e+00  1.063666566642470e+00 -1.423356331406957e+00  1.402787547388978e+00 -1.423356331406957e+00  1.433757492558668e-01 -1.423356331406957e+00  6.282906601719891e-04 -1.423356331406957e+00  4.152282646348822e-01 -1.423356331406957e+00  2.830017594534616e-01 -1.423356331406957e+00  3.245286871824717e-03 
-1.419356331406957e+00  1.729167757308399e+00 -1.419356331406957e+00  1.064485493781856e+00 -1.419356331406957e+00  1.401557697585197e+00 -1.419356331406957e+00  1.436720486875909e-01 -1.419356331406957e+00  6.316260009393433e-04 -1.419356331406957e+00  4.164656534451383e-01 -1.419356331406957e+00  2.828326316952278e-01 -1.419356331406957e+00  3.242070671936617e-03 
-1.415356331406957e+00  1.728317248936948e+00 -1.415356331406957e+00  1.065305838736156e+00 -1.415356331406957e+00  1.400326123776014e+00 -1.415356331406957e+00  1.439679117957982e-01 -1.415356331406957e+00  6.349664105873210e-04 -1.415356331406957e+00  4.177053804797619e-01 -1.415356331406957e+00  2.826638038822757e-01 -1.415356331406957e+00  3.238848903816673e-03 
-1.411356331406957e+00  1.727465462529781e+00 -1.411356331406957e+00  1.066127587800468e+00 -1.411356331406957e+00  1.399092838891977e+00 -1.411356331406957e+00  1.442633371120326e-01 -1.411356331406957e+00  6.383118385932630e-04 -1.411356331406957e+00  4.189474189775491e-01 -1.411356331406957e+00  2.824952710039213e-01 -1.411356331406957e+00  3.235621621288612e-03 
-1.407356331406957e+00  1.726612410823197e+00 -1.407356331406957e+00  1.066950727344534e+00 -1.407356331406957e+00  1.397857855784536e+00 -1.407356331406957e+00  1.445583232319282e-01 -1.407356331406957e+00  6.416622349219529e-04 -1.407356331406957e+00  4.201917424297084e-01 -1.407356331406957e+00  2.823270281117146e-01 -1.407356331406957e+00  3.232388877882980e-03 
-1.403356331406957e+00  1.725758106440990e+00 -1.403356331406957e+00  1.067775243863897e+00 -1.403356331406957e+00  1.396621187231218e+00 -1.403356331406957e+00  1.448528688103495e-01 -1.403356331406957e+00  6.450175499804006e-04 -1.403356331406957e+00  4.214383246119400e-01 -1.403356331406957e+00  2.821590703116370e-01 -1.403356331406957e+00  3.229150726636313e-03 
-1.399356331406957e+00  1.724902561902126e+00 -1.399356331406957e+00  1.068601124014663e+00 -1.399356331406957e+00  1.395382845938911e+00 -1.399356331406957e+00  1.451469725579052e-01 -1.399356331406957e+00  6.483777345877382e-04 -1.399356331406957e+00  4.226871396062759e-01 -1.399356331406957e+00  2.819913927588538e-01 -1.399356331406957e+00  3.225907219954490e-03 
-1.395356331406957e+00  1.724045789605561e+00 -1.395356331406957e+00  1.069428354550737e+00 -1.395356331406957e+00  1.394142844535253e+00 -1.395356331406957e+00  1.454406332451393e-01 -1.395356331406957e+00  6.517427400347879e-04 -1.395356331406957e+00  4.239381617612639e-01 -1.395356331406957e+00  2.818239906676471e-01 -1.395356331406957e+00  3.222658409859388e-03 
-1.391356331406957e+00  1.723187801840717e+00 -1.391356331406957e+00  1.070256922369435e+00 -1.391356331406957e+00  1.392901195573401e+00 -1.391356331406957e+00  1.457338496981260e-01 -1.391356331406957e+00  6.551125180429785e-04 -1.391356331406957e+00  4.251913657203223e-01 -1.391356331406957e+00  2.816568593043391e-01 -1.391356331406957e+00  3.219404347809590e-03 
-1.387356331406957e+00  1.722328610783440e+00 -1.387356331406957e+00  1.071086814495281e+00 -1.387356331406957e+00  1.391657911529260e+00 -1.387356331406957e+00  1.460266207989457e-01 -1.387356331406957e+00  6.584870207801685e-04 -1.387356331406957e+00  4.264467264110088e-01 -1.387356331406957e+00  2.814899939898247e-01 -1.387356331406957e+00  3.216145084764128e-03 
-1.383356331406957e+00  1.721468228498285e+00 -1.383356331406957e+00  1.071918018090011e+00 -1.383356331406957e+00  1.390413004802042e+00 -1.383356331406957e+00  1.463189454840685e-01 -1.383356331406957e+00  6.618662008516905e-04 -1.383356331406957e+00  4.277042190506997e-01 -1.383356331406957e+00  2.813233900979614e-01 -1.383356331406957e+00  3.212880671143125e-03 
-1.379356331406957e+00  1.720606666930329e+00 -1.379356331406957e+00  1.072750520417719e+00 -1.379356331406957e+00  1.389166487709324e+00 -1.379356331406957e+00  1.466108227462150e-01 -1.379356331406957e+00  6.652500113325093e-04 -1.379356331406957e+00  4.289638191237264e-01 -1.379356331406957e+00  2.811570430608669e-01 -1.379356331406957e+00  3.209611156964753e-03 
-1.375356331406957e+00  1.719743937912923e+00 -1.375356331406957e+00  1.073584308877590e+00 -1.375356331406957e+00  1.387918372490502e+00 -1.375356331406957e+00  1.469022516309479e-01 -1.375356331406957e+00  6.686384057367889e-04 -1.375356331406957e+00  4.302255024012144e-01 -1.375356331406957e+00  2.809909483636724e-01 -1.375356331406957e+00  3.206336591716600e-03 
-1.371356331406957e+00  1.718880053176382e+00 -1.371356331406957e+00  1.074419371040289e+00 -1.371356331406957e+00  1.386668671310832e+00 -1.371356331406957e+00  1.471932312330122e-01 -1.371356331406957e+00  6.720313379837053e-04 -1.371356331406957e+00  4.314892449632897e-01 -1.371356331406957e+00  2.808251015387108e-01 -1.371356331406957e+00  3.203057024212817e-03 
-1.367356331406957e+00  1.718015024324357e+00 -1.367356331406957e+00  1.075255694546059e+00 -1.367356331406957e+00  1.385417396248349e+00 -1.367356331406957e+00  1.474837607033017e-01 -1.367356331406957e+00  6.754287624902875e-04 -1.367356331406957e+00  4.327550231332307e-01 -1.367356331406957e+00  2.806594981810255e-01 -1.367356331406957e+00  3.199772502994296e-03 
-1.363356331406957e+00  1.717148862854452e+00 -1.363356331406957e+00  1.076093267191516e+00 -1.363356331406957e+00  1.384164559304228e+00 -1.363356331406957e+00  1.477738392412939e-01 -1.363356331406957e+00  6.788306340904532e-04 -1.363356331406957e+00  4.340228135314713e-01 -1.363356331406957e+00  2.804941339346598e-01 -1.363356331406957e+00  3.196483075987780e-03 
-1.359356331406957e+00  1.716281580148562e+00 -1.359356331406957e+00  1.076932076886579e+00 -1.359356331406957e+00  1.382910172397126e+00 -1.359356331406957e+00  1.480634660974433e-01 -1.359356331406957e+00  6.822369080729156e-04 -1.359356331406957e+00  4.352925930469411e-01 -1.359356331406957e+00  2.803290044989860e-01 -1.359356331406957e+00  3.193188790675045e-03 
-1.355356331406957e+00  1.715413187482839e+00 -1.355356331406957e+00  1.077772111695401e+00 -1.355356331406957e+00  1.381654247367989e+00 -1.355356331406957e+00  1.483526405691860e-01 -1.355356331406957e+00  6.856475401420716e-04 -1.355356331406957e+00  4.365643388618758e-01 -1.355356331406957e+00  2.801641056220444e-01 -1.355356331406957e+00  3.189889693932148e-03 
-1.351356331406957e+00  1.714543696009974e+00 -1.351356331406957e+00  1.078613359758122e+00 -1.351356331406957e+00  1.380396795970084e+00 -1.351356331406957e+00  1.486413620059445e-01 -1.351356331406957e+00  6.890624864875597e-04 -1.351356331406957e+00  4.378380284004368e-01 -1.351356331406957e+00  2.799994331121808e-01 -1.351356331406957e+00  3.186585832336723e-03 
-1.347356331406957e+00  1.713673116786165e+00 -1.347356331406957e+00  1.079455809404337e+00 -1.347356331406957e+00  1.379137829882956e+00 -1.347356331406957e+00  1.489296297996672e-01 -1.347356331406957e+00  6.924817036783706e-04 -1.347356331406957e+00  4.391136393997765e-01 -1.347356331406957e+00  2.798349828201875e-01 -1.347356331406957e+00  3.183277251722330e-03 
-1.343356331406957e+00  1.712801460739191e+00 -1.343356331406957e+00  1.080299449013081e+00 -1.343356331406957e+00  1.377877360694854e+00 -1.343356331406957e+00  1.492174433944310e-01 -1.343356331406957e+00  6.959051487882061e-04 -1.343356331406957e+00  4.403911498189444e-01 -1.343356331406957e+00  2.796707506603382e-01 -1.343356331406957e+00  3.179963997728380e-03 
-1.339356331406957e+00  1.711928738704746e+00 -1.339356331406957e+00  1.081144267166341e+00 -1.339356331406957e+00  1.376615399921795e+00 -1.339356331406957e+00  1.495048022740346e-01 -1.339356331406957e+00  6.993327792528011e-04 -1.339356331406957e+00  4.416705379356003e-01 -1.339356331406957e+00  2.795067325863720e-01 -1.339356331406957e+00  3.176646115197204e-03 
-1.335356331406957e+00  1.711054961391539e+00 -1.335356331406957e+00  1.081990252495796e+00 -1.335356331406957e+00  1.375351958988378e+00 -1.335356331406957e+00  1.497917059725351e-01 -1.335356331406957e+00  7.027645530069482e-04 -1.335356331406957e+00  4.429517822461728e-01 -1.335356331406957e+00  2.793429246144611e-01 -1.335356331406957e+00  3.173323648776009e-03 
-1.331356331406957e+00  1.710180139412279e+00 -1.331356331406957e+00  1.082837393812874e+00 -1.331356331406957e+00  1.374087049244056e+00 -1.331356331406957e+00  1.500781540636452e-01 -1.331356331406957e+00  7.062004283628695e-04 -1.331356331406957e+00  4.442348615475875e-01 -1.331356331406957e+00  2.791793228027785e-01 -1.331356331406957e+00  3.169996642406025e-03 
-1.327356331406957e+00  1.709304283265651e+00 -1.327356331406957e+00  1.083685680027725e+00 -1.327356331406957e+00  1.372820681953040e+00 -1.327356331406957e+00  1.503641461658535e-01 -1.327356331406957e+00  7.096403640809280e-04 -1.327356331406957e+00  4.455197548835808e-01 -1.327356331406957e+00  2.790159232633451e-01 -1.327356331406957e+00  3.166665139640805e-03 
-1.323356331406957e+00  1.708427403335254e+00 -1.323356331406957e+00  1.084535100140931e+00 -1.323356331406957e+00  1.371552868293318e+00 -1.323356331406957e+00  1.506496819421008e-01 -1.323356331406957e+00  7.130843193738587e-04 -1.323356331406957e+00  4.468064415375164e-01 -1.323356331406957e+00  2.788527221627000e-01 -1.323356331406957e+00  3.163329183678737e-03 
-1.319356331406957e+00  1.707549509909398e+00 -1.319356331406957e+00  1.085385643325180e+00 -1.319356331406957e+00  1.370283619367038e+00 -1.319356331406957e+00  1.509347610928702e-01 -1.319356331406957e+00  7.165322538289398e-04 -1.319356331406957e+00  4.480949010831826e-01 -1.319356331406957e+00  2.786897157088715e-01 -1.319356331406957e+00  3.159988817042260e-03 
-1.315356331406957e+00  1.706670613161603e+00 -1.315356331406957e+00  1.086237298837112e+00 -1.315356331406957e+00  1.369012946189585e+00 -1.315356331406957e+00  1.512193833617743e-01 -1.315356331406957e+00  7.199841274846943e-04 -1.315356331406957e+00  4.493851133262293e-01 -1.315356331406957e+00  2.785269001642040e-01 -1.315356331406957e+00  3.156644081924153e-03 
-1.311356331406957e+00  1.705790723162395e+00 -1.311356331406957e+00  1.087090056064288e+00 -1.311356331406957e+00  1.367740859695662e+00 -1.311356331406957e+00  1.515035485312100e-01 -1.311356331406957e+00  7.234399007844395e-04 -1.311356331406957e+00  4.506770583325422e-01 -1.311356331406957e+00  2.783642718375850e-01 -1.311356331406957e+00  3.153295020003004e-03 
-1.307356331406957e+00  1.704909849874642e+00 -1.307356331406957e+00  1.087943904500712e+00 -1.307356331406957e+00  1.366467370736429e+00 -1.307356331406957e+00  1.517872564232491e-01 -1.307356331406957e+00  7.268995345946267e-04 -1.307356331406957e+00  4.519707164105961e-01 -1.307356331406957e+00  2.782018270875301e-01 -1.307356331406957e+00  3.149941672539345e-03 
-1.303356331406957e+00  1.704028003162522e+00 -1.303356331406957e+00  1.088798833781387e+00 -1.303356331406957e+00  1.365192490084115e+00 -1.303356331406957e+00  1.520705068962650e-01 -1.303356331406957e+00  7.303629901697063e-04 -1.303356331406957e+00  4.532660681318752e-01 -1.303356331406957e+00  2.780395623163004e-01 -1.303356331406957e+00  3.146584080239967e-03 
-1.299356331406956e+00  1.703145192776433e+00 -1.299356331406956e+00  1.089654833612555e+00 -1.299356331406956e+00  1.363916228423480e+00 -1.299356331406956e+00  1.523532998490864e-01 -1.299356331406956e+00  7.338302292112786e-04 -1.299356331406956e+00  4.545630942838553e-01 -1.299356331406956e+00  2.778774739798175e-01 -1.299356331406956e+00  3.143222283531920e-03 
-1.295356331406956e+00  1.702261428375719e+00 -1.295356331406956e+00  1.090511893865625e+00 -1.295356331406956e+00  1.362638596363977e+00 -1.295356331406956e+00  1.526356352133620e-01 -1.295356331406956e+00  7.373012137788872e-04 -1.295356331406956e+00  4.558617759288368e-01 -1.295356331406956e+00  2.777155585727678e-01 -1.295356331406956e+00  3.139856322193539e-03 
-1.291356331406956e+00  1.701376719504748e+00 -1.291356331406956e+00  1.091370004468744e+00 -1.291356331406956e+00  1.361359604426392e+00 -1.291356331406956e+00  1.529175129604809e-01 -1.291356331406956e+00  7.407759063839599e-04 -1.291356331406956e+00  4.571620943317919e-01 -1.291356331406956e+00  2.775538126443385e-01 -1.291356331406956e+00  3.136486235780343e-03 
-1.287356331406956e+00  1.700491075619657e+00 -1.287356331406956e+00  1.092229155518321e+00 -1.287356331406956e+00  1.360079263057286e+00 -1.287356331406956e+00  1.531989330927460e-01 -1.287356331406956e+00  7.442542698847674e-04 -1.287356331406956e+00  4.584640310306782e-01 -1.287356331406956e+00  2.773922327806732e-01 -1.287356331406956e+00  3.133112063187064e-03 
-1.283356331406956e+00  1.699604506065269e+00 -1.283356331406956e+00  1.093089337173880e+00 -1.283356331406956e+00  1.358797582616068e+00 -1.283356331406956e+00  1.534798956500270e-01 -1.283356331406956e+00  7.477362675770839e-04 -1.283356331406956e+00  4.597675677662895e-01 -1.283356331406956e+00  2.772308156200670e-01 -1.283356331406956e+00  3.129733843060498e-03 
-1.279356331406956e+00  1.698717020093579e+00 -1.279356331406956e+00  1.093950539733584e+00 -1.279356331406956e+00  1.357514573384961e+00 -1.279356331406956e+00  1.537604007035445e-01 -1.279356331406956e+00  7.512218631215556e-04 -1.279356331406956e+00  4.610726865292901e-01 -1.279356331406956e+00  2.770695578408700e-01 -1.279356331406956e+00  3.126351613503009e-03 
-1.275356331406956e+00  1.697828626857655e+00 -1.275356331406956e+00  1.094812753602816e+00 -1.275356331406956e+00  1.356230245565450e+00 -1.275356331406956e+00  1.540404483572855e-01 -1.275356331406956e+00  7.547110205676662e-04 -1.275356331406956e+00  4.623793695378594e-01 -1.275356331406956e+00  2.769084561655339e-01 -1.275356331406956e+00  3.122965412195858e-03 
-1.271356331406956e+00  1.696939335404815e+00 -1.271356331406956e+00  1.095675969259482e+00 -1.271356331406956e+00  1.354944609274285e+00 -1.271356331406956e+00  1.543200387496153e-01 -1.271356331406956e+00  7.582037043805510e-04 -1.271356331406956e+00  4.636875992131219e-01 -1.271356331406956e+00  2.767475073651250e-01 -1.271356331406956e+00  3.119575276535474e-03 
-1.267356331406956e+00  1.696049154698581e+00 -1.267356331406956e+00  1.096540177344708e+00 -1.267356331406956e+00  1.353657674555492e+00 -1.267356331406956e+00  1.545991720461007e-01 -1.267356331406956e+00  7.616998793547128e-04 -1.267356331406956e+00  4.649973582362014e-01 -1.267356331406956e+00  2.765867082449732e-01 -1.267356331406956e+00  3.116181243277297e-03 
-1.263356331406956e+00  1.695158093594056e+00 -1.263356331406956e+00  1.097405368550279e+00 -1.263356331406956e+00  1.352369451366532e+00 -1.263356331406956e+00  1.548778484465968e-01 -1.263356331406956e+00  7.651995107107908e-04 -1.263356331406956e+00  4.663086294729615e-01 -1.263356331406956e+00  2.764260556608928e-01 -1.263356331406956e+00  3.112783348977747e-03 
-1.259356331406956e+00  1.694266160858132e+00 -1.259356331406956e+00  1.098271533701917e+00 -1.259356331406956e+00  1.351079949589360e+00 -1.259356331406956e+00  1.551560681786416e-01 -1.259356331406956e+00  7.687025640161565e-04 -1.259356331406956e+00  4.676213960262744e-01 -1.259356331406956e+00  2.762655465059541e-01 -1.259356331406956e+00  3.109381629667319e-03 
-1.255356331406956e+00  1.693373365164172e+00 -1.255356331406956e+00  1.099138663730797e+00 -1.255356331406956e+00  1.349789179027350e+00 -1.255356331406956e+00  1.554338314986629e-01 -1.255356331406956e+00  7.722090052057639e-04 -1.255356331406956e+00  4.689356412155129e-01 -1.255356331406956e+00  2.761051777140578e-01 -1.255356331406956e+00  3.105976120962299e-03 
-1.251356331406956e+00  1.692479715089098e+00 -1.251356331406956e+00  1.100006749655691e+00 -1.251356331406956e+00  1.348497149403514e+00 -1.251356331406956e+00  1.557111386924517e-01 -1.251356331406956e+00  7.757188005936702e-04 -1.251356331406956e+00  4.702513485629333e-01 -1.251356331406956e+00  2.759449462618987e-01 -1.251356331406956e+00  3.102566858134937e-03 
-1.247356331406956e+00  1.691585219114220e+00 -1.247356331406956e+00  1.100875782581479e+00 -1.247356331406956e+00  1.347203870360830e+00 -1.247356331406956e+00  1.559879900744921e-01 -1.247356331406956e+00  7.792319168696831e-04 -1.247356331406956e+00  4.715685017907145e-01 -1.247356331406956e+00  2.757848491684774e-01 -1.247356331406956e+00  3.099153876119367e-03 
-1.243356331406956e+00  1.690689885642245e+00 -1.243356331406956e+00  1.101745753768294e+00 -1.243356331406956e+00  1.345909351471670e+00 -1.243356331406956e+00  1.562643859824659e-01 -1.243356331406956e+00  7.827483210325975e-04 -1.243356331406956e+00  4.728870848642444e-01 -1.243356331406956e+00  2.756248834840374e-01 -1.243356331406956e+00  3.095737209239950e-03 
-1.239356331406956e+00  1.689793722970629e+00 -1.239356331406956e+00  1.102616654509711e+00 -1.239356331406956e+00  1.344613602222747e+00 -1.239356331406956e+00  1.565403267848834e-01 -1.239356331406956e+00  7.862679804948569e-04 -1.239356331406956e+00  4.742070819105260e-01 -1.239356331406956e+00  2.754650463075967e-01 -1.239356331406956e+00  3.092316891689725e-03 
-1.235356331406956e+00  1.688896739317699e+00 -1.235356331406956e+00  1.103488476241960e+00 -1.235356331406956e+00  1.343316632029679e+00 -1.235356331406956e+00  1.568158128728706e-01 -1.235356331406956e+00  7.897908629799405e-04 -1.235356331406956e+00  4.755284772877024e-01 -1.235356331406956e+00  2.753053347698957e-01 -1.235356331406956e+00  3.088892957101461e-03 
-1.231356331406956e+00  1.687998942808805e+00 -1.231356331406956e+00  1.104361210478038e+00 -1.231356331406956e+00  1.342018450229121e+00 -1.231356331406956e+00  1.570908446639659e-01 -1.231356331406956e+00  7.933169365767608e-04 -1.231356331406956e+00  4.768512555400243e-01 -1.231356331406956e+00  2.751457460425551e-01 -1.231356331406956e+00  3.085465438806459e-03 
-1.227356331406956e+00  1.687100341477622e+00 -1.227356331406956e+00  1.105234848808060e+00 -1.227356331406956e+00  1.340719066079413e+00 -1.227356331406956e+00  1.573654226013641e-01 -1.227356331406956e+00  7.968461697345205e-04 -1.227356331406956e+00  4.781754013961447e-01 -1.227356331406956e+00  2.749862773373128e-01 -1.227356331406956e+00  3.082034369833110e-03 
-1.223356331406956e+00  1.686200943281728e+00 -1.223356331406956e+00  1.106109382962578e+00 -1.223356331406956e+00  1.339418488769294e+00 -1.223356331406956e+00  1.576395471489586e-01 -1.223356331406956e+00  8.003785312015486e-04 -1.223356331406956e+00  4.795008998087947e-01 -1.223356331406956e+00  2.748269258958837e-01 -1.223356331406956e+00  3.078599782658326e-03 
-1.219356331406956e+00  1.685300756085903e+00 -1.219356331406956e+00  1.106984804734062e+00 -1.219356331406956e+00  1.338116727408433e+00 -1.219356331406956e+00  1.579132187959732e-01 -1.219356331406956e+00  8.039139900908938e-04 -1.219356331406956e+00  4.808277359014032e-01 -1.219356331406956e+00  2.746676890009849e-01 -1.219356331406956e+00  3.075161709515814e-03 
-1.215356331406956e+00  1.684399787666702e+00 -1.215356331406956e+00  1.107861105991556e+00 -1.215356331406956e+00  1.336813791029921e+00 -1.215356331406956e+00  1.581864380552670e-01 -1.215356331406956e+00  8.074525158623233e-04 -1.215356331406956e+00  4.821558949758237e-01 -1.215356331406956e+00  2.745085639734531e-01 -1.215356331406956e+00  3.071720182338544e-03 
-1.211356331406956e+00  1.683498045725029e+00 -1.211356331406956e+00  1.108738278731006e+00 -1.211356331406956e+00  1.335509688597378e+00 -1.211356331406956e+00  1.584592054593232e-01 -1.211356331406956e+00  8.109940782729771e-04 -1.211356331406956e+00  4.834853625435844e-01 -1.211356331406956e+00  2.743495481640651e-01 -1.211356331406956e+00  3.068275232561095e-03 
-1.207356331406956e+00  1.682595537876699e+00 -1.207356331406956e+00  1.109616315028456e+00 -1.207356331406956e+00  1.334204428999558e+00 -1.207356331406956e+00  1.587315215627373e-01 -1.207356331406956e+00  8.145386474144226e-04 -1.207356331406956e+00  4.848161242933235e-01 -1.207356331406956e+00  2.741906389598375e-01 -1.207356331406956e+00  3.064826891303481e-03 
-1.203356331406956e+00  1.681692271651252e+00 -1.203356331406956e+00  1.110495207029810e+00 -1.203356331406956e+00  1.332898021049636e+00 -1.203356331406956e+00  1.590033869422558e-01 -1.203356331406956e+00  8.180861937172627e-04 -1.203356331406956e+00  4.861481660822328e-01 -1.203356331406956e+00  2.740318337848703e-01 -1.203356331406956e+00  3.061375189411375e-03 
-1.199356331406956e+00  1.680788254498966e+00 -1.199356331406956e+00  1.111374946976357e+00 -1.199356331406956e+00  1.331590473489175e+00 -1.199356331406956e+00  1.592748021944401e-01 -1.199356331406956e+00  8.216366879236829e-04 -1.199356331406956e+00  4.874814739510536e-01 -1.199356331406956e+00  2.738731300958784e-01 -1.199356331406956e+00  3.057920157355803e-03 
-1.195356331406956e+00  1.679883493792338e+00 -1.195356331406956e+00  1.112255527206340e+00 -1.195356331406956e+00  1.330281794988954e+00 -1.195356331406956e+00  1.595457679349560e-01 -1.195356331406956e+00  8.251901010815129e-04 -1.195356331406956e+00  4.888160341233690e-01 -1.195356331406956e+00  2.737145253813011e-01 -1.195356331406956e+00  3.054461825227049e-03 
-1.191356331406956e+00  1.678977996821891e+00 -1.191356331406956e+00  1.113136940131423e+00 -1.191356331406956e+00  1.328971994146567e+00 -1.191356331406956e+00  1.598162847995343e-01 -1.191356331406956e+00  8.287464045607870e-04 -1.191356331406956e+00  4.901518329883421e-01 -1.191356331406956e+00  2.735560171641416e-01 -1.191356331406956e+00  3.051000222827041e-03 
-1.187356331406956e+00  1.678071770802780e+00 -1.187356331406956e+00  1.114019178260648e+00 -1.187356331406956e+00  1.327661079490196e+00 -1.187356331406956e+00  1.600863534417848e-01 -1.187356331406956e+00  8.323055700277223e-04 -1.187356331406956e+00  4.914888571147888e-01 -1.187356331406956e+00  2.733976029977571e-01 -1.187356331406956e+00  3.047535379575259e-03 
-1.183356331406956e+00  1.677164822868745e+00 -1.183356331406956e+00  1.114902234168768e+00 -1.183356331406956e+00  1.326349059475153e+00 -1.183356331406956e+00  1.603559745347028e-01 -1.183356331406956e+00  8.358675694685645e-04 -1.183356331406956e+00  4.928270932285709e-01 -1.183356331406956e+00  2.732392804699151e-01 -1.183356331406956e+00  3.044067324633134e-03 
-1.179356331406956e+00  1.676257160081936e+00 -1.179356331406956e+00  1.115786100534618e+00 -1.179356331406956e+00  1.325035942489514e+00 -1.179356331406956e+00  1.606251487675730e-01 -1.179356331406956e+00  8.394323751508461e-04 -1.179356331406956e+00  4.941665282362301e-01 -1.179356331406956e+00  2.730810471964615e-01 -1.179356331406956e+00  3.040596086753300e-03 
-1.175356331406956e+00  1.675348789421306e+00 -1.175356331406956e+00  1.116670770084976e+00 -1.175356331406956e+00  1.323721736847471e+00 -1.175356331406956e+00  1.608938768490868e-01 -1.175356331406956e+00  8.429999596691144e-04 -1.175356331406956e+00  4.955071491862476e-01 -1.175356331406956e+00  2.729229008290142e-01 -1.175356331406956e+00  3.037121694500154e-03 
-1.171356331406956e+00  1.674439717799596e+00 -1.171356331406956e+00  1.117556235664483e+00 -1.171356331406956e+00  1.322406450799113e+00 -1.171356331406956e+00  1.611621595022200e-01 -1.171356331406956e+00  8.465702958781311e-04 -1.171356331406956e+00  4.968489433135856e-01 -1.171356331406956e+00  2.727648390439698e-01 -1.171356331406956e+00  3.033644175975158e-03 
-1.167356331406956e+00  1.673529952047835e+00 -1.167356331406956e+00  1.118442490162332e+00 -1.167356331406956e+00  1.321090092521538e+00 -1.167356331406956e+00  1.614299974684618e-01 -1.167356331406956e+00  8.501433569537872e-04 -1.167356331406956e+00  4.981918979895884e-01 -1.167356331406956e+00  2.726068595527513e-01 -1.167356331406956e+00  3.030163559104812e-03 
-1.163356331406956e+00  1.672619498933273e+00 -1.163356331406956e+00  1.119329526586789e+00 -1.163356331406956e+00  1.319772670129207e+00 -1.163356331406956e+00  1.616973915024658e-01 -1.163356331406956e+00  8.537191163226206e-04 -1.163356331406956e+00  4.995360007696923e-01 -1.163356331406956e+00  2.724489600901588e-01 -1.163356331406956e+00  3.026679871348025e-03 
-1.159356331406956e+00  1.671708365140184e+00 -1.159356331406956e+00  1.120217337975290e+00 -1.159356331406956e+00  1.318454191662916e+00 -1.159356331406956e+00  1.619643423773217e-01 -1.159356331406956e+00  8.572975477372683e-04 -1.159356331406956e+00  5.008812393323033e-01 -1.159356331406956e+00  2.722911384270699e-01 -1.159356331406956e+00  3.023193140049062e-03 
-1.155356331406956e+00  1.670796557290692e+00 -1.155356331406956e+00  1.121105917481893e+00 -1.155356331406956e+00  1.317134665101845e+00 -1.155356331406956e+00  1.622308508784155e-01 -1.155356331406956e+00  8.608786251946208e-04 -1.155356331406956e+00  5.022276015351457e-01 -1.155356331406956e+00  2.721333923569036e-01 -1.155356331406956e+00  3.019703392094240e-03 
-1.151356331406956e+00  1.669884081928898e+00 -1.151356331406956e+00  1.121995258302203e+00 -1.151356331406956e+00  1.315814098354441e+00 -1.151356331406956e+00  1.624969178077477e-01 -1.151356331406956e+00  8.644623229981966e-04 -1.151356331406956e+00  5.035750753639759e-01 -1.151356331406956e+00  2.719757197061305e-01 -1.151356331406956e+00  3.016210654206686e-03 
-1.147356331406956e+00  1.668970945539229e+00 -1.147356331406956e+00  1.122885353750058e+00 -1.147356331406956e+00  1.314492499269088e+00 -1.147356331406956e+00  1.627625439785430e-01 -1.147356331406956e+00  8.680486156860127e-04 -1.147356331406956e+00  5.049236489818907e-01 -1.147356331406956e+00  2.718181183223537e-01 -1.147356331406956e+00  3.012714952645202e-03 
-1.143356331406956e+00  1.668057154523910e+00 -1.143356331406956e+00  1.123776197152874e+00 -1.143356331406956e+00  1.313169875621094e+00 -1.143356331406956e+00  1.630277302214337e-01 -1.143356331406956e+00  8.716374781191271e-04 -1.143356331406956e+00  5.062733106584031e-01 -1.143356331406956e+00  2.716605860891962e-01 -1.143356331406956e+00  3.009216313615237e-03 
-1.139356331406956e+00  1.667142715229042e+00 -1.139356331406956e+00  1.124667781962654e+00 -1.139356331406956e+00  1.311846235127879e+00 -1.139356331406956e+00  1.632924773769225e-01 -1.139356331406956e+00  8.752288853791817e-04 -1.139356331406956e+00  5.076240488416004e-01 -1.139356331406956e+00  2.715031209093276e-01 -1.139356331406956e+00  3.005714762832938e-03 
-1.135356331406956e+00  1.666227633926181e+00 -1.135356331406956e+00  1.125560101669848e+00 -1.135356331406956e+00  1.310521585438348e+00 -1.135356331406956e+00  1.635567863004000e-01 -1.135356331406956e+00  8.788228128407425e-04 -1.135356331406956e+00  5.089758520995202e-01 -1.135356331406956e+00  2.713457207166284e-01 -1.135356331406956e+00  3.002210325863498e-03 
-1.131356331406956e+00  1.665311916828667e+00 -1.131356331406956e+00  1.126453149871052e+00 -1.131356331406956e+00  1.309195934142446e+00 -1.131356331406956e+00  1.638206578573976e-01 -1.131356331406956e+00  8.824192361071728e-04 -1.131356331406956e+00  5.103287091636575e-01 -1.131356331406956e+00  2.711883834656366e-01 -1.131356331406956e+00  2.998703027855238e-03 
-1.127356331406956e+00  1.664395570073992e+00 -1.127356331406956e+00  1.127346920186388e+00 -1.127356331406956e+00  1.307869288760961e+00 -1.127356331406956e+00  1.640840929283573e-01 -1.127356331406956e+00  8.860181310798615e-04 -1.127356331406956e+00  5.116826088726277e-01 -1.127356331406956e+00  2.710311071431912e-01 -1.127356331406956e+00  2.995192893864029e-03 
-1.123356331406956e+00  1.663478599741977e+00 -1.123356331406956e+00  1.128241406335663e+00 -1.123356331406956e+00  1.306541656756187e+00 -1.123356331406956e+00  1.643470924033977e-01 -1.123356331406956e+00  8.896194738868613e-04 -1.123356331406956e+00  5.130375402213931e-01 -1.123356331406956e+00  2.708738897566547e-01 -1.123356331406956e+00  2.991679948554290e-03 
-1.119356331406956e+00  1.662561011848110e+00 -1.119356331406956e+00  1.129136602104470e+00 -1.119356331406956e+00  1.305213045528117e+00 -1.119356331406956e+00  1.646096571840291e-01 -1.119356331406956e+00  8.932232409090405e-04 -1.119356331406956e+00  5.143934923373369e-01 -1.119356331406956e+00  2.707167293383789e-01 -1.119356331406956e+00  2.988164216332090e-03 
-1.115356331406956e+00  1.661642812341794e+00 -1.115356331406956e+00  1.130032501331926e+00 -1.115356331406956e+00  1.303883462413499e+00 -1.115356331406956e+00  1.648717881834889e-01 -1.115356331406956e+00  8.968294087869281e-04 -1.115356331406956e+00  5.157504544707411e-01 -1.115356331406956e+00  2.705596239469859e-01 -1.115356331406956e+00  2.984645721393281e-03 
-1.111356331406956e+00  1.660724007109480e+00 -1.111356331406956e+00  1.130929097920299e+00 -1.111356331406956e+00  1.302552914687740e+00 -1.111356331406956e+00  1.651334863257288e-01 -1.111356331406956e+00  9.004379544084320e-04 -1.111356331406956e+00  5.171084159998210e-01 -1.111356331406956e+00  2.704025716654238e-01 -1.111356331406956e+00  2.981124487685635e-03 
-1.107356331406956e+00  1.659804601983998e+00 -1.107356331406956e+00  1.131826385872279e+00 -1.107356331406956e+00  1.301221409570470e+00 -1.107356331406956e+00  1.653947525427117e-01 -1.107356331406956e+00  9.040488548721949e-04 -1.107356331406956e+00  5.184673664542545e-01 -1.107356331406956e+00  2.702455705949679e-01 -1.107356331406956e+00  2.977600538762629e-03 
-1.103356331406956e+00  1.658884602726774e+00 -1.103356331406956e+00  1.132724359207586e+00 -1.103356331406956e+00  1.299888954215196e+00 -1.103356331406956e+00  1.656555877791829e-01 -1.103356331406956e+00  9.076620875574180e-04 -1.103356331406956e+00  5.198272954583097e-01 -1.103356331406956e+00  2.700886188669976e-01 -1.103356331406956e+00  2.974073898110806e-03 
-1.099356331406956e+00  1.657964015048325e+00 -1.099356331406956e+00  1.133623012049933e+00 -1.099356331406956e+00  1.298555555721423e+00 -1.099356331406956e+00  1.659159929869005e-01 -1.099356331406956e+00  9.112776300433498e-04 -1.099356331406956e+00  5.211881927874986e-01 -1.099356331406956e+00  2.699317146296861e-01 -1.099356331406956e+00  2.970544588808296e-03 
-1.095356331406956e+00  1.657042844589549e+00 -1.095356331406956e+00  1.134522338539715e+00 -1.095356331406956e+00  1.297221221123743e+00 -1.095356331406956e+00  1.661759691296530e-01 -1.095356331406956e+00  9.148954601828052e-04 -1.095356331406956e+00  5.225500483091090e-01 -1.095356331406956e+00  2.697748560603693e-01 -1.095356331406956e+00  2.967012633867741e-03 
-1.091356331406956e+00  1.656121096944915e+00 -1.091356331406956e+00  1.135422332933095e+00 -1.091356331406956e+00  1.295885957405586e+00 -1.091356331406956e+00  1.664355171767909e-01 -1.091356331406956e+00  9.185155560110482e-04 -1.091356331406956e+00  5.239128520470450e-01 -1.091356331406956e+00  2.696180413504672e-01 -1.091356331406956e+00  2.963478055847099e-03 
-1.087356331406956e+00  1.655198777642911e+00 -1.087356331406956e+00  1.136322989510810e+00 -1.087356331406956e+00  1.294549771487802e+00 -1.087356331406956e+00  1.666946381084669e-01 -1.087356331406956e+00  9.221378958226088e-04 -1.087356331406956e+00  5.252765941197506e-01 -1.087356331406956e+00  2.694612687184354e-01 -1.087356331406956e+00  2.959940877207812e-03 
-1.083356331406956e+00  1.654275892156616e+00 -1.083356331406956e+00  1.137224302621396e+00 -1.083356331406956e+00  1.293212670234980e+00 -1.083356331406956e+00  1.669533329126313e-01 -1.083356331406956e+00  9.257624581297010e-04 -1.083356331406956e+00  5.266412647678447e-01 -1.083356331406956e+00  2.693045364029272e-01 -1.083356331406956e+00  2.956401120145056e-03 
-1.079356331406956e+00  1.653352445904056e+00 -1.079356331406956e+00  1.138126266678671e+00 -1.079356331406956e+00  1.291874660455775e+00 -1.079356331406956e+00  1.672116025848423e-01 -1.079356331406956e+00  9.293892216609004e-04 -1.079356331406956e+00  5.280068543512538e-01 -1.079356331406956e+00  2.691478426627024e-01 -1.079356331406956e+00  2.952858806597662e-03 
-1.075356331406956e+00  1.652428444245346e+00 -1.075356331406956e+00  1.139028876145224e+00 -1.075356331406956e+00  1.290535748901310e+00 -1.075356331406956e+00  1.674694481289370e-01 -1.075356331406956e+00  9.330181653723107e-04 -1.075356331406956e+00  5.293733533369990e-01 -1.075356331406956e+00  2.689911857785950e-01 -1.075356331406956e+00  2.949313958312852e-03 
-1.071356331406956e+00  1.651503892489854e+00 -1.071356331406956e+00  1.139932125560315e+00 -1.071356331406956e+00  1.289195942269532e+00 -1.071356331406956e+00  1.677268705549997e-01 -1.071356331406956e+00  9.366492684194344e-04 -1.071356331406956e+00  5.307407523167050e-01 -1.071356331406956e+00  2.688345640489616e-01 -1.071356331406956e+00  2.945766596736777e-03 
-1.067356331406956e+00  1.650578795884612e+00 -1.067356331406956e+00  1.140836009484511e+00 -1.067356331406956e+00  1.287855247198441e+00 -1.067356331406956e+00  1.679838708823945e-01 -1.067356331406956e+00  9.402825102026779e-04 -1.067356331406956e+00  5.321090419684251e-01 -1.067356331406956e+00  2.686779757973789e-01 -1.067356331406956e+00  2.942216743231936e-03 
-1.063356331406956e+00  1.649653159631796e+00 -1.063356331406956e+00  1.141740522573814e+00 -1.063356331406956e+00  1.286513670276572e+00 -1.063356331406956e+00  1.682404501349692e-01 -1.063356331406956e+00  9.439178702987137e-04 -1.063356331406956e+00  5.334782131051098e-01 -1.063356331406956e+00  2.685214193613010e-01 -1.063356331406956e+00  2.938664418785972e-03 
-1.059356331406956e+00  1.648726988876202e+00 -1.059356331406956e+00  1.142645659520002e+00 -1.059356331406956e+00  1.285171218035671e+00 -1.059356331406956e+00  1.684966093443445e-01 -1.059356331406956e+00  9.475553285096610e-04 -1.059356331406956e+00  5.348482566335930e-01 -1.059356331406956e+00  2.683648931004037e-01 -1.059356331406956e+00  2.935109644246037e-03 
-1.055356331406956e+00  1.647800288712416e+00 -1.055356331406956e+00  1.143551415078988e+00 -1.055356331406956e+00  1.283827896955075e+00 -1.055356331406956e+00  1.687523495479064e-01 -1.055356331406956e+00  9.511948648349277e-04 -1.055356331406956e+00  5.362191635724938e-01 -1.055356331406956e+00  2.682083953919894e-01 -1.055356331406956e+00  2.931552440207390e-03 
-1.051356331406956e+00  1.646873064179455e+00 -1.051356331406956e+00  1.144457784043262e+00 -1.051356331406956e+00  1.282483713458618e+00 -1.051356331406956e+00  1.690076717901571e-01 -1.051356331406956e+00  9.548364594922123e-04 -1.051356331406956e+00  5.375909250326835e-01 -1.051356331406956e+00  2.680519246346212e-01 -1.051356331406956e+00  2.927992827121726e-03 
-1.047356331406956e+00  1.645945320270176e+00 -1.047356331406956e+00  1.145364761280284e+00 -1.047356331406956e+00  1.281138673920363e+00 -1.047356331406956e+00  1.692625771201349e-01 -1.047356331406956e+00  9.584800928806167e-04 -1.047356331406956e+00  5.389635322419577e-01 -1.047356331406956e+00  2.678954792420611e-01 -1.047356331406956e+00  2.924430825146174e-03 
-1.043356331406956e+00  1.645017061921683e+00 -1.043356331406956e+00  1.146272341686040e+00 -1.043356331406956e+00  1.279792784658996e+00 -1.043356331406956e+00  1.695170665938932e-01 -1.043356331406956e+00  9.621257456182441e-04 -1.043356331406956e+00  5.403369765128774e-01 -1.043356331406956e+00  2.677390576496965e-01 -1.043356331406956e+00  2.920866454325917e-03 
-1.039356331406956e+00  1.644088294025882e+00 -1.039356331406956e+00  1.147180520228696e+00 -1.039356331406956e+00  1.278446051944233e+00 -1.039356331406956e+00  1.697711412716293e-01 -1.039356331406956e+00  9.657733985007949e-04 -1.039356331406956e+00  5.417112492710193e-01 -1.039356331406956e+00  2.675826583077219e-01 -1.039356331406956e+00  2.917299734422658e-03 
-1.035356331406956e+00  1.643159021428066e+00 -1.035356331406956e+00  1.148089291938748e+00 -1.035356331406956e+00  1.277098481996116e+00 -1.035356331406956e+00  1.700248022180060e-01 -1.035356331406956e+00  9.694230325071224e-04 -1.035356331406956e+00  5.430863420473792e-01 -1.035356331406956e+00  2.674262796821918e-01 -1.035356331406956e+00  2.913730684953274e-03 
-1.031356331406956e+00  1.642229248914849e+00 -1.031356331406956e+00  1.148998651851918e+00 -1.031356331406956e+00  1.275750080977890e+00 -1.031356331406956e+00  1.702780505052654e-01 -1.031356331406956e+00  9.730746288465443e-04 -1.031356331406956e+00  5.444622464390749e-01 -1.031356331406956e+00  2.672699202630274e-01 -1.031356331406956e+00  2.910159325414165e-03 
-1.027356331406956e+00  1.641298981236497e+00 -1.027356331406956e+00  1.149908595105174e+00 -1.027356331406956e+00  1.274400855009507e+00 -1.027356331406956e+00  1.705308872072858e-01 -1.027356331406956e+00  9.767281688712630e-04 -1.027356331406956e+00  5.458389541727985e-01 -1.027356331406956e+00  2.671135785495202e-01 -1.027356331406956e+00  2.906585674904056e-03 
-1.023356331406956e+00  1.640368223088246e+00 -1.023356331406956e+00  1.150819116850193e+00 -1.023356331406956e+00  1.273050810156550e+00 -1.023356331406956e+00  1.707833134044447e-01 -1.023356331406956e+00  9.803836341496295e-04 -1.023356331406956e+00  5.472164570457982e-01 -1.023356331406956e+00  2.669572530626771e-01 -1.023356331406956e+00  2.903009752463948e-03 
-1.019356331406956e+00  1.639436979120295e+00 -1.019356331406956e+00  1.151730212294573e+00 -1.019356331406956e+00  1.271699952436336e+00 -1.019356331406956e+00  1.710353301809311e-01 -1.019356331406956e+00  9.840410064268900e-04 -1.019356331406956e+00  5.485947469525918e-01 -1.019356331406956e+00  2.668009423387900e-01 -1.019356331406956e+00  2.899431576915187e-03 
-1.015356331406956e+00  1.638505253940694e+00 -1.015356331406956e+00  1.152641876711588e+00 -1.015356331406956e+00  1.270348287819790e+00 -1.015356331406956e+00  1.712869386239527e-01 -1.015356331406956e+00  9.877002676139486e-04 -1.015356331406956e+00  5.499738158906151e-01 -1.015356331406956e+00  2.666446449276406e-01 -1.015356331406956e+00  2.895851166821205e-03 
-1.011356331406956e+00  1.637573052109906e+00 -1.011356331406956e+00  1.153554105412523e+00 -1.011356331406956e+00  1.268995822228296e+00 -1.011356331406956e+00  1.715381398251035e-01 -1.011356331406956e+00  9.913613998085817e-04 -1.011356331406956e+00  5.513536559407257e-01 -1.011356331406956e+00  2.664883593962061e-01 -1.011356331406956e+00  2.892268540596148e-03 
-1.007356331406956e+00  1.636640378135704e+00 -1.007356331406956e+00  1.154466893720808e+00 -1.007356331406956e+00  1.267642561530742e+00 -1.007356331406956e+00  1.717889348816450e-01 -1.007356331406956e+00  9.950243853156029e-04 -1.007356331406956e+00  5.527342592489152e-01 -1.007356331406956e+00  2.663320843321061e-01 -1.007356331406956e+00  2.888683716606469e-03 
-1.003356331406956e+00  1.635707236496059e+00 -1.003356331406956e+00  1.155380237071125e+00 -1.003356331406956e+00  1.266288511557426e+00 -1.003356331406956e+00  1.720393248905063e-01 -1.003356331406956e+00  9.986892065568702e-04 -1.003356331406956e+00  5.541156180920574e-01 -1.003356331406956e+00  2.661758183286928e-01 -1.003356331406956e+00  2.885096712781698e-03 
-9.993563314069562e-01  1.634773631612332e+00 -9.993563314069562e-01  1.156294130886507e+00 -9.993563314069562e-01  1.264933678084038e+00 -9.993563314069562e-01  1.722893109552160e-01 -9.993563314069562e-01  1.002355846176632e-03 -9.993563314069562e-01  5.554977247944241e-01 -9.993563314069562e-01  2.660195600027664e-01 -9.993563314069562e-01  2.881507547097097e-03 
-9.953563314069562e-01  1.633839567871056e+00 -9.953563314069562e-01  1.157208570672609e+00 -9.953563314069562e-01  1.263578066844915e+00 -9.953563314069562e-01  1.725388941802070e-01 -9.953563314069562e-01  1.006024286955936e-03 -9.953563314069562e-01  5.568805717902189e-01 -9.953563314069562e-01  2.658633079803879e-01 -9.953563314069562e-01  2.877916237203466e-03 
-9.913563314069562e-01  1.632905049611931e+00 -9.913563314069562e-01  1.158123551961040e+00 -9.913563314069562e-01  1.262221683525917e+00 -9.913563314069562e-01  1.727880756738958e-01 -9.913563314069562e-01  1.009694511859810e-03 -9.913563314069562e-01  5.582641515846368e-01 -9.913563314069562e-01  2.657070609048726e-01 -9.913563314069562e-01  2.874322800649665e-03 
-9.873563314069562e-01  1.631970081132157e+00 -9.873563314069562e-01  1.159039070325847e+00 -9.873563314069562e-01  1.260864533767181e+00 -9.873563314069562e-01  1.730368565475226e-01 -9.873563314069562e-01  1.013366504020232e-03 -9.873563314069562e-01  5.596484567641207e-01 -9.873563314069562e-01  2.655508174340421e-01 -9.873563314069562e-01  2.870727254817889e-03 
-9.833563314069562e-01  1.631034666689383e+00 -9.833563314069562e-01  1.159955121393591e+00 -9.833563314069562e-01  1.259506623165012e+00 -9.833563314069562e-01  1.732852379143611e-01 -9.833563314069562e-01  1.017040246724506e-03 -9.833563314069562e-01  5.610334800023451e-01 -9.833563314069562e-01  2.653945762384219e-01 -9.833563314069562e-01  2.867129616884081e-03 
-9.793563314069562e-01  1.630098810495994e+00 -9.793563314069562e-01  1.160871700815048e+00 -9.793563314069562e-01  1.258147957268574e+00 -9.793563314069562e-01  1.735332208911578e-01 -9.793563314069562e-01  1.020715723437778e-03 -9.793563314069562e-01  5.624192140403612e-01 -9.793563314069562e-01  2.652383360050847e-01 -9.793563314069562e-01  2.863529903929107e-03 
-9.753563314069562e-01  1.629162516733304e+00 -9.753563314069562e-01  1.161788804325657e+00 -9.753563314069562e-01  1.256788541588603e+00 -9.753563314069562e-01  1.737808065944700e-01 -9.753563314069562e-01  1.024392917747206e-03 -9.753563314069562e-01  5.638056517265321e-01 -9.753563314069562e-01  2.650820954284539e-01 -9.753563314069562e-01  2.859928132701307e-03 
-9.713563314069562e-01  1.628225789530215e+00 -9.713563314069562e-01  1.162706427647500e+00 -9.713563314069562e-01  1.255428381584601e+00 -9.713563314069562e-01  1.740279961460978e-01 -9.713563314069562e-01  1.028071813445828e-03 -9.713563314069562e-01  5.651927859497444e-01 -9.713563314069562e-01  2.649258532244048e-01 -9.713563314069562e-01  2.856324320001512e-03 
-9.673563314069562e-01  1.627288632984558e+00 -9.673563314069562e-01  1.163624566581681e+00 -9.673563314069562e-01  1.254067482677902e+00 -9.673563314069562e-01  1.742747906676058e-01 -9.673563314069562e-01  1.031752394448711e-03 -9.673563314069562e-01  5.665806097008653e-01 -9.673563314069562e-01  2.647696081163834e-01 -9.673563314069562e-01  2.852718482320164e-03 
-9.633563314069562e-01  1.626351051155573e+00 -9.633563314069562e-01  1.164543216972114e+00 -9.633563314069562e-01  1.252705850247251e+00 -9.633563314069562e-01  1.745211912822321e-01 -9.633563314069562e-01  1.035434644822517e-03 -9.633563314069562e-01  5.679691160476437e-01 -9.633563314069562e-01  2.646133588404332e-01 -9.633563314069562e-01  2.849110635979604e-03 
-9.593563314069562e-01  1.625413048053131e+00 -9.593563314069562e-01  1.165462374654542e+00 -9.593563314069562e-01  1.251343489622369e+00 -9.593563314069562e-01  1.747671991175914e-01 -9.593563314069562e-01  1.039118548827801e-03 -9.593563314069562e-01  5.693582980995560e-01 -9.593563314069562e-01  2.644571041523989e-01 -9.593563314069562e-01  2.845500797334259e-03 
-9.553563314069562e-01  1.624474627664251e+00 -9.553563314069562e-01  1.166382035572489e+00 -9.553563314069562e-01  1.249980406100202e+00 -9.553563314069562e-01  1.750128152989378e-01 -9.553563314069562e-01  1.042804090814869e-03 -9.553563314069562e-01  5.707481490853155e-01 -9.553563314069562e-01  2.643008428105902e-01 -9.553563314069562e-01  2.841888982315279e-03 
-9.513563314069562e-01  1.623535793927316e+00 -9.513563314069562e-01  1.167302195659262e+00 -9.513563314069562e-01  1.248616604929376e+00 -9.513563314069562e-01  1.752580409556805e-01 -9.513563314069562e-01  1.046491255325050e-03 -9.513563314069562e-01  5.721386622725630e-01 -9.513563314069562e-01  2.641445735928461e-01 -9.513563314069562e-01  2.838275206893883e-03 
-9.473563314069562e-01  1.622596550746487e+00 -9.473563314069562e-01  1.168222850899808e+00 -9.473563314069562e-01  1.247252091319086e+00 -9.473563314069562e-01  1.755028772177175e-01 -9.473563314069562e-01  1.050180027034077e-03 -9.473563314069562e-01  5.735298310089066e-01 -9.473563314069562e-01  2.639882952871664e-01 -9.473563314069562e-01  2.834659486838562e-03 
-9.433563314069562e-01  1.621656901987562e+00 -9.433563314069562e-01  1.169143997309600e+00 -9.433563314069562e-01  1.245886870436704e+00 -9.433563314069562e-01  1.757473252164695e-01 -9.433563314069562e-01  1.053870390768380e-03 -9.433563314069562e-01  5.749216487069763e-01 -9.433563314069562e-01  2.638320066945379e-01 -9.433563314069562e-01  2.831041837797863e-03 
-9.393563314069562e-01  1.620716851488832e+00 -9.393563314069562e-01  1.170065630980729e+00 -9.393563314069562e-01  1.244520947414540e+00 -9.393563314069562e-01  1.759913860821438e-01 -9.393563314069562e-01  1.057562331462378e-03 -9.393563314069562e-01  5.763141088748862e-01 -9.393563314069562e-01  2.636757066218859e-01 -9.393563314069562e-01  2.827422275119448e-03 
-9.353563314069562e-01  1.619776403042628e+00 -9.353563314069562e-01  1.170987747996783e+00 -9.353563314069562e-01  1.243154327338691e+00 -9.353563314069562e-01  1.762350609483559e-01 -9.353563314069562e-01  1.061255834231008e-03 -9.353563314069562e-01  5.777072050581015e-01 -9.353563314069562e-01  2.635193938943306e-01 -9.353563314069562e-01  2.823800814184393e-03 
-9.313563314069562e-01  1.618835560407991e+00 -9.313563314069562e-01  1.171910344487071e+00 -9.313563314069562e-01  1.241787015256915e+00 -9.313563314069562e-01  1.764783509489370e-01 -9.313563314069562e-01  1.064950884319948e-03 -9.313563314069562e-01  5.791009308753846e-01 -9.313563314069562e-01  2.633630673469479e-01 -9.313563314069562e-01  2.820177470194156e-03 
-9.273563314069562e-01  1.617894327310690e+00 -9.273563314069562e-01  1.172833416624245e+00 -9.273563314069562e-01  1.240419016178764e+00 -9.273563314069562e-01  1.767212572179266e-01 -9.273563314069562e-01  1.068647467105534e-03 -9.273563314069562e-01  5.804952800165655e-01 -9.273563314069562e-01  2.632067258248650e-01 -9.273563314069562e-01  2.816552258180050e-03 
-9.233563314069562e-01  1.616952707441501e+00 -9.233563314069562e-01  1.173756960614239e+00 -9.233563314069562e-01  1.239050335074662e+00 -9.233563314069562e-01  1.769637808899965e-01 -9.233563314069562e-01  1.072345568101519e-03 -9.233563314069562e-01  5.818902462351103e-01 -9.233563314069562e-01  2.630503681844829e-01 -9.233563314069562e-01  2.812925193042595e-03 
-9.193563314069562e-01  1.616010704463607e+00 -9.193563314069562e-01  1.174680972726898e+00 -9.193563314069562e-01  1.237680976880580e+00 -9.193563314069562e-01  1.772059230986149e-01 -9.193563314069562e-01  1.076045172930029e-03 -9.193563314069562e-01  5.832858233682100e-01 -9.193563314069562e-01  2.628939932887220e-01 -9.193563314069562e-01  2.809296289431386e-03 
-9.153563314069562e-01  1.615068321991404e+00 -9.153563314069562e-01  1.175605449198968e+00 -9.153563314069562e-01  1.236310946485140e+00 -9.153563314069562e-01  1.774476849812932e-01 -9.153563314069562e-01  1.079746267404784e-03 -9.153563314069562e-01  5.846820052705984e-01 -9.153563314069562e-01  2.627376000210563e-01 -9.153563314069562e-01  2.805665562125949e-03 
-9.113563314069562e-01  1.614125563619961e+00 -9.113563314069562e-01  1.176530386363397e+00 -9.113563314069562e-01  1.234940248747826e+00 -9.113563314069562e-01  1.776890676722801e-01 -9.113563314069562e-01  1.083448837415362e-03 -9.113563314069562e-01  5.860787859013515e-01 -9.113563314069562e-01  2.625811872662381e-01 -9.113563314069562e-01  2.802033025528040e-03 
-9.073563314069562e-01  1.613182432909803e+00 -9.073563314069562e-01  1.177455780579133e+00 -9.073563314069562e-01  1.233568888489795e+00 -9.073563314069562e-01  1.779300723063438e-01 -9.073563314069562e-01  1.087152868987023e-03 -9.073563314069562e-01  5.874761592758561e-01 -9.073563314069562e-01  2.624247539203917e-01 -9.073563314069562e-01  2.798398693937278e-03 
-9.033563314069561e-01  1.612238933377625e+00 -9.033563314069561e-01  1.178381628187256e+00 -9.033563314069561e-01  1.232196870488248e+00 -9.033563314069561e-01  1.781707000210433e-01 -9.033563314069561e-01  1.090858348317128e-03 -9.033563314069561e-01  5.888741194355465e-01 -9.033563314069561e-01  2.622682988972478e-01 -9.033563314069561e-01  2.794762581723463e-03 
-8.993563314069561e-01  1.611295068525084e+00 -8.993563314069561e-01  1.179307925637497e+00 -8.993563314069561e-01  1.230824199494299e+00 -8.993563314069561e-01  1.784109519496479e-01 -8.993563314069561e-01  1.094565261662073e-03 -8.993563314069561e-01  5.902726605329170e-01 -8.993563314069561e-01  2.621118211092704e-01 -8.993563314069561e-01  2.791124702829693e-03 
-8.953563314069561e-01  1.610350841808142e+00 -8.953563314069561e-01  1.180234669349012e+00 -8.953563314069561e-01  1.229450880214219e+00 -8.953563314069561e-01  1.786508292286786e-01 -8.953563314069561e-01  1.098273595457714e-03 -8.953563314069561e-01  5.916717767367734e-01 -8.953563314069561e-01  2.619553194879460e-01 -8.953563314069561e-01  2.787485071319123e-03 
-8.913563314069561e-01  1.609406256657421e+00 -8.913563314069561e-01  1.181161855799255e+00 -8.913563314069561e-01  1.228076917322090e+00 -8.913563314069561e-01  1.788903329929082e-01 -8.913563314069561e-01  1.101983336239397e-03 -8.913563314069561e-01  5.930714622918177e-01 -8.913563314069561e-01  2.617987929704649e-01 -8.913563314069561e-01  2.783843701025966e-03 
-8.873563314069561e-01  1.608461316477934e+00 -8.873563314069561e-01  1.182089481520524e+00 -8.873563314069561e-01  1.226702315459783e+00 -8.873563314069561e-01  1.791294643754454e-01 -8.873563314069561e-01  1.105694470643000e-03 -8.873563314069561e-01  5.944717115157713e-01 -8.873563314069561e-01  2.616422405000057e-01 -8.873563314069561e-01  2.780200605569046e-03 
-8.833563314069561e-01  1.607516024632104e+00 -8.833563314069561e-01  1.183017543022055e+00 -8.833563314069561e-01  1.225327079226590e+00 -8.833563314069561e-01  1.793682245118788e-01 -8.833563314069561e-01  1.109406985471638e-03 -8.833563314069561e-01  5.958725187461086e-01 -8.833563314069561e-01  2.614856610370102e-01 -8.833563314069561e-01  2.776555798657740e-03 
-8.793563314069561e-01  1.606570384461718e+00 -8.793563314069561e-01  1.183946036885990e+00 -8.793563314069561e-01  1.223951213192902e+00 -8.793563314069561e-01  1.796066145349336e-01 -8.793563314069561e-01  1.113120867609478e-03 -8.793563314069561e-01  5.972738784044973e-01 -8.793563314069561e-01  2.613290535448197e-01 -8.793563314069561e-01  2.772909293715162e-03 
-8.753563314069561e-01  1.605624399276471e+00 -8.753563314069561e-01  1.184874959714244e+00 -8.753563314069561e-01  1.222574721893263e+00 -8.753563314069561e-01  1.798446355772687e-01 -8.753563314069561e-01  1.116836104066668e-03 -8.753563314069561e-01  5.986757849603080e-01 -8.753563314069561e-01  2.611724169972963e-01 -8.753563314069561e-01  2.769261104086683e-03 
-8.713563314069561e-01  1.604678072356274e+00 -8.713563314069561e-01  1.185804308136637e+00 -8.713563314069561e-01  1.221197609827913e+00 -8.713563314069561e-01  1.800822887709232e-01 -8.713563314069561e-01  1.120552681970276e-03 -8.713563314069561e-01  6.000782329356235e-01 -8.713563314069561e-01  2.610157503774226e-01 -8.713563314069561e-01  2.765611243008139e-03 
-8.673563314069561e-01  1.603731406951912e+00 -8.673563314069561e-01  1.186734078811958e+00 -8.673563314069561e-01  1.219819881463318e+00 -8.673563314069561e-01  1.803195752471688e-01 -8.673563314069561e-01  1.124270588561749e-03 -8.673563314069561e-01  6.014812169054500e-01 -8.673563314069561e-01  2.608590526769404e-01 -8.673563314069561e-01  2.761959723601582e-03 
-8.633563314069561e-01  1.602784406285038e+00 -8.633563314069561e-01  1.187664268425872e+00 -8.633563314069561e-01  1.218441541232286e+00 -8.633563314069561e-01  1.805564961365189e-01 -8.633563314069561e-01  1.127989811196936e-03 -8.633563314069561e-01  6.028847314958123e-01 -8.633563314069561e-01  2.607023228964594e-01 -8.633563314069561e-01  2.758306558883498e-03 
-8.593563314069561e-01  1.601837073554035e+00 -8.593563314069561e-01  1.188594873715330e+00 -8.593563314069561e-01  1.217062593537726e+00 -8.593563314069561e-01  1.807930525673273e-01 -8.593563314069561e-01  1.131710337322973e-03 -8.593563314069561e-01  6.042887713998146e-01 -8.593563314069561e-01  2.605455600416559e-01 -8.593563314069561e-01  2.754651761668974e-03 
-8.553563314069561e-01  1.600889411919495e+00 -8.553563314069561e-01  1.189525891401560e+00 -8.553563314069561e-01  1.215683042743762e+00 -8.553563314069561e-01  1.810292456692975e-01 -8.553563314069561e-01  1.135432154535441e-03 -8.553563314069561e-01  6.056933313317515e-01 -8.553563314069561e-01  2.603887631329783e-01 -8.553563314069561e-01  2.750995344834854e-03 
-8.513563314069561e-01  1.599941424524228e+00 -8.513563314069561e-01  1.190457318277713e+00 -8.513563314069561e-01  1.214302893188260e+00 -8.513563314069561e-01  1.812650765686800e-01 -8.513563314069561e-01  1.139155250499661e-03 -8.513563314069561e-01  6.070984060860383e-01 -8.513563314069561e-01  2.602319311925063e-01 -8.513563314069561e-01  2.747337320975480e-03 
-8.473563314069561e-01  1.598993114479914e+00 -8.473563314069561e-01  1.191389151147333e+00 -8.473563314069561e-01  1.212922149174675e+00 -8.473563314069561e-01  1.815005463915008e-01 -8.473563314069561e-01  1.142879613003223e-03 -8.473563314069561e-01  6.085039904950617e-01 -8.473563314069561e-01  2.600750632528555e-01 -8.473563314069561e-01  2.743677702644418e-03 
-8.433563314069561e-01  1.598044484868069e+00 -8.433563314069561e-01  1.192321386826744e+00 -8.433563314069561e-01  1.211540814972754e+00 -8.433563314069561e-01  1.817356562633317e-01 -8.433563314069561e-01  1.146605229952123e-03 -8.433563314069561e-01  6.099100794303214e-01 -8.433563314069561e-01  2.599181583566434e-01 -8.433563314069561e-01  2.740016502345028e-03 
-8.393563314069561e-01  1.597095538750246e+00 -8.393563314069561e-01  1.193254022188980e+00 -8.393563314069561e-01  1.210158894825010e+00 -8.393563314069561e-01  1.819704073068722e-01 -8.393563314069561e-01  1.150332089330699e-03 -8.393563314069561e-01  6.113166678317923e-01 -8.393563314069561e-01  2.597612155498071e-01 -8.393563314069561e-01  2.736353732357922e-03 
-8.353563314069561e-01  1.596146279157362e+00 -8.353563314069561e-01  1.194187054114145e+00 -8.353563314069561e-01  1.208776392940189e+00 -8.353563314069561e-01  1.822048006445113e-01 -8.353563314069561e-01  1.154060179243537e-03 -8.353563314069561e-01  6.127237506738160e-01 -8.353563314069561e-01  2.596042338887699e-01 -8.353563314069561e-01  2.732689404935991e-03 
-8.313563314069561e-01  1.595196709095616e+00 -8.313563314069561e-01  1.195120479514115e+00 -8.313563314069561e-01  1.207393313497080e+00 -8.313563314069561e-01  1.824388373969405e-01 -8.313563314069561e-01  1.157789487892349e-03 -8.313563314069561e-01  6.141313229814243e-01 -8.313563314069561e-01  2.594472124366089e-01 -8.313563314069561e-01  2.729023532207333e-03 
-8.273563314069561e-01  1.594246831545757e+00 -8.273563314069561e-01  1.196054295327547e+00 -8.273563314069561e-01  1.206009660644173e+00 -8.273563314069561e-01  1.826725186833333e-01 -8.273563314069561e-01  1.161520003578657e-03 -8.273563314069561e-01  6.155393798265288e-01 -8.273563314069561e-01  2.592901502636201e-01 -8.273563314069561e-01  2.725356126194867e-03 
-8.233563314069561e-01  1.593296649464619e+00 -8.233563314069561e-01  1.196988498525061e+00 -8.233563314069561e-01  1.204625438500729e+00 -8.233563314069561e-01  1.829058456210100e-01 -8.233563314069561e-01  1.165251714697907e-03 -8.233563314069561e-01  6.169479163310270e-01 -8.233563314069561e-01  2.591330464463786e-01 -8.233563314069561e-01  2.721687198795948e-03 
-8.193563314069561e-01  1.592346165779142e+00 -8.193563314069561e-01  1.197923086080720e+00 -8.193563314069561e-01  1.203240651153164e+00 -8.193563314069561e-01  1.831388193268611e-01 -8.193563314069561e-01  1.168984609762865e-03 -8.193563314069561e-01  6.183569276470291e-01 -8.193563314069561e-01  2.589759000717995e-01 -8.193563314069561e-01  2.718016761894460e-03 
-8.153563314069561e-01  1.591395383395141e+00 -8.153563314069561e-01  1.198858055009562e+00 -8.153563314069561e-01  1.201855302660644e+00 -8.153563314069561e-01  1.833714409152980e-01 -8.153563314069561e-01  1.172718677369244e-03 -8.153563314069561e-01  6.197664089819271e-01 -8.153563314069561e-01  2.588187102314086e-01 -8.153563314069561e-01  2.714344827213338e-03 
-8.113563314069561e-01  1.590444305198859e+00 -8.113563314069561e-01  1.199793402372874e+00 -8.113563314069561e-01  1.200469397056166e+00 -8.113563314069561e-01  1.836037114979121e-01 -8.113563314069561e-01  1.176453906189560e-03 -8.113563314069561e-01  6.211763556015936e-01 -8.113563314069561e-01  2.586614760203943e-01 -8.113563314069561e-01  2.710671406293899e-03 
-8.073563314069561e-01  1.589492934042485e+00 -8.073563314069561e-01  1.200729125211950e+00 -8.073563314069561e-01  1.199082938337625e+00 -8.073563314069561e-01  1.838356321868976e-01 -8.073563314069561e-01  1.180190285030015e-03 -8.073563314069561e-01  6.225867627850021e-01 -8.073563314069561e-01  2.585041965472716e-01 -8.073563314069561e-01  2.706996510755962e-03 
-8.033563314069561e-01  1.588541272761515e+00 -8.033563314069561e-01  1.201665220623891e+00 -8.033563314069561e-01  1.197695930478768e+00 -8.033563314069561e-01  1.840672040909907e-01 -8.033563314069561e-01  1.183927802762311e-03 -8.033563314069561e-01  6.239976258753199e-01 -8.033563314069561e-01  2.583468709224818e-01 -8.033563314069561e-01  2.703320152000161e-03 
-7.993563314069561e-01  1.587589324167905e+00 -7.993563314069561e-01  1.202601685729450e+00 -7.993563314069561e-01  1.196308377425050e+00 -7.993563314069561e-01  1.842984283171065e-01 -7.993563314069561e-01  1.187666448350583e-03 -7.993563314069561e-01  6.254089402576880e-01 -7.993563314069561e-01  2.581894982630052e-01 -7.993563314069561e-01  2.699642341334283e-03 
-7.953563314069561e-01  1.586637091046895e+00 -7.953563314069561e-01  1.203538517657351e+00 -7.953563314069561e-01  1.194920283091732e+00 -7.953563314069561e-01  1.845293059710926e-01 -7.953563314069561e-01  1.191406210863779e-03 -7.953563314069561e-01  6.268207013482073e-01 -7.953563314069561e-01  2.580320776945353e-01 -7.953563314069561e-01  2.695963090034780e-03 
-7.913563314069560e-01  1.585684576162309e+00 -7.913563314069560e-01  1.204475713566394e+00 -7.913563314069560e-01  1.193531651367319e+00 -7.913563314069560e-01  1.847598381565168e-01 -7.913563314069560e-01  1.195147079454919e-03 -7.913563314069560e-01  6.282329046085772e-01 -7.913563314069560e-01  2.578746083480478e-01 -7.913563314069560e-01  2.692282409259981e-03 
-7.873563314069560e-01  1.584731782255839e+00 -7.873563314069560e-01  1.205413270640632e+00 -7.873563314069560e-01  1.192142486113231e+00 -7.873563314069560e-01  1.849900259748593e-01 -7.873563314069560e-01  1.198889043363931e-03 -7.873563314069560e-01  6.296455455424650e-01 -7.873563314069560e-01  2.577170893603665e-01 -7.873563314069560e-01  2.688600310069056e-03 
-7.833563314069560e-01  1.583778712045376e+00 -7.833563314069560e-01  1.206351186080474e+00 -7.833563314069560e-01  1.190752791162854e+00 -7.833563314069560e-01  1.852198705259153e-01 -7.833563314069560e-01  1.202632091924089e-03 -7.833563314069560e-01  6.310586196891007e-01 -7.833563314069560e-01  2.575595198753405e-01 -7.833563314069560e-01  2.684916803456956e-03 
-7.793563314069560e-01  1.582825368229433e+00 -7.793563314069560e-01  1.207289457120929e+00 -7.793563314069560e-01  1.189362570324433e+00 -7.793563314069560e-01  1.854493729068013e-01 -7.793563314069560e-01  1.206376214544771e-03 -7.793563314069560e-01  6.324721226353318e-01 -7.793563314069560e-01  2.574018990409822e-01 -7.793563314069560e-01  2.681231900282678e-03 
-7.753563314069560e-01  1.581871753482699e+00 -7.753563314069560e-01  1.208228081010250e+00 -7.753563314069560e-01  1.187971827378383e+00 -7.753563314069560e-01  1.856785342130021e-01 -7.753563314069560e-01  1.210121400728812e-03 -7.753563314069560e-01  6.338860500007579e-01 -7.753563314069560e-01  2.572442260125078e-01 -7.753563314069560e-01  2.677545611353285e-03 
-7.713563314069560e-01  1.580917870458883e+00 -7.713563314069560e-01  1.209167055021289e+00 -7.713563314069560e-01  1.186580566079192e+00 -7.713563314069560e-01  1.859073555377423e-01 -7.713563314069560e-01  1.213867640061445e-03 -7.713563314069560e-01  6.353003974451225e-01 -7.713563314069560e-01  2.570864999505013e-01 -7.713563314069560e-01  2.673857947379168e-03 
-7.673563314069560e-01  1.579963721792441e+00 -7.673563314069560e-01  1.210106376457576e+00 -7.673563314069560e-01  1.185188790156608e+00 -7.673563314069560e-01  1.861358379716077e-01 -7.673563314069560e-01  1.217614922203390e-03 -7.673563314069560e-01  6.367151606720988e-01 -7.673563314069560e-01  2.569287200198767e-01 -7.673563314069560e-01  2.670168918950296e-03 
-7.633563314069560e-01  1.579009310092042e+00 -7.633563314069560e-01  1.211046042622888e+00 -7.633563314069560e-01  1.183796503311639e+00 -7.633563314069560e-01  1.863639826040772e-01 -7.633563314069560e-01  1.221363236916620e-03 -7.633563314069560e-01  6.381303354082788e-01 -7.633563314069560e-01  2.567708853942675e-01 -7.633563314069560e-01  2.666478536655596e-03 
-7.593563314069560e-01  1.578054637950349e+00 -7.593563314069560e-01  1.211986050863425e+00 -7.593563314069560e-01  1.182403709222808e+00 -7.593563314069560e-01  1.865917905212970e-01 -7.593563314069560e-01  1.225112574025903e-03 -7.593563314069560e-01  6.395459174315342e-01 -7.593563314069560e-01  2.566129952496178e-01 -7.593563314069560e-01  2.662786810917477e-03 
-7.553563314069560e-01  1.577099707934902e+00 -7.553563314069560e-01  1.212926398525850e+00 -7.553563314069560e-01  1.181010411540526e+00 -7.553563314069560e-01  1.868192628081975e-01 -7.553563314069560e-01  1.228862923454599e-03 -7.553563314069560e-01  6.409619025421488e-01 -7.553563314069560e-01  2.564550487702956e-01 -7.553563314069560e-01  2.659093752156426e-03 
-7.513563314069560e-01  1.576144522598122e+00 -7.513563314069560e-01  1.213867083000387e+00 -7.513563314069560e-01  1.179616613893495e+00 -7.513563314069560e-01  1.870464005462300e-01 -7.513563314069560e-01  1.232614275185412e-03 -7.513563314069560e-01  6.423782865918322e-01 -7.513563314069560e-01  2.562970451425436e-01 -7.513563314069560e-01  2.655399370621935e-03 
-7.473563314069560e-01  1.575189084469079e+00 -7.473563314069560e-01  1.214808101682877e+00 -7.473563314069560e-01  1.178222319883623e+00 -7.473563314069560e-01  1.872732048152739e-01 -7.473563314069560e-01  1.236366619292658e-03 -7.473563314069560e-01  6.437950654575959e-01 -7.473563314069560e-01  2.561389835600038e-01 -7.473563314069560e-01  2.651703676541382e-03 
-7.433563314069560e-01  1.574233396056554e+00 -7.433563314069560e-01  1.215749451987047e+00 -7.433563314069560e-01  1.176827533088065e+00 -7.433563314069560e-01  1.874996766929619e-01 -7.433563314069560e-01  1.240119945930285e-03 -7.433563314069560e-01  6.452122350497981e-01 -7.433563314069560e-01  2.559808632217667e-01 -7.433563314069560e-01  2.648006680071952e-03 
-7.393563314069560e-01  1.573277459853811e+00 -7.393563314069560e-01  1.216691131364581e+00 -7.393563314069560e-01  1.175432257062321e+00 -7.393563314069560e-01  1.877258172536215e-01 -7.393563314069560e-01  1.243874245313111e-03 -7.393563314069560e-01  6.466297913254980e-01 -7.393563314069560e-01  2.558226833292456e-01 -7.393563314069560e-01  2.644308391221711e-03 
-7.353563314069560e-01  1.572321278328068e+00 -7.353563314069560e-01  1.217633137256711e+00 -7.353563314069560e-01  1.174036495333713e+00 -7.353563314069560e-01  1.879516275706953e-01 -7.353563314069560e-01  1.247629507758204e-03 -7.353563314069560e-01  6.480477302552279e-01 -7.353563314069560e-01  2.556644430932865e-01 -7.353563314069560e-01  2.640608820039791e-03 
-7.313563314069560e-01  1.571364853938037e+00 -7.313563314069560e-01  1.218575467171200e+00 -7.313563314069560e-01  1.172640251412555e+00 -7.313563314069560e-01  1.881771087127883e-01 -7.313563314069560e-01  1.251385723615955e-03 -7.313563314069560e-01  6.494660478750820e-01 -7.313563314069560e-01  2.555061417225428e-01 -7.313563314069560e-01  2.636907976314052e-03 
-7.273563314069560e-01  1.570408189111312e+00 -7.273563314069560e-01  1.219518118580383e+00 -7.273563314069560e-01  1.171243528777955e+00 -7.273563314069560e-01  1.884022617488172e-01 -7.273563314069560e-01  1.255142883358905e-03 -7.273563314069560e-01  6.508847402170592e-01 -7.273563314069560e-01  2.553477784385973e-01 -7.273563314069560e-01  2.633205869971472e-03 
-7.233563314069560e-01  1.569451286263677e+00 -7.233563314069560e-01  1.220461089005820e+00 -7.233563314069560e-01  1.169846330890133e+00 -7.233563314069560e-01  1.886270877436649e-01 -7.233563314069560e-01  1.258900977505902e-03 -7.233563314069560e-01  6.523038033663753e-01 -7.233563314069560e-01  2.551893524631887e-01 -7.233563314069560e-01  2.629502510745706e-03 
-7.193563314069560e-01  1.568494147795241e+00 -7.193563314069560e-01  1.221404375999946e+00 -7.193563314069560e-01  1.168448661188088e+00 -7.193563314069560e-01  1.888515877590926e-01 -7.193563314069560e-01  1.262659996637321e-03 -7.193563314069560e-01  6.537232334487141e-01 -7.193563314069560e-01  2.550308630208350e-01 -7.193563314069560e-01  2.625797908249161e-03 
-7.153563314069560e-01  1.567536776079393e+00 -7.153563314069560e-01  1.222347977095601e+00 -7.153563314069560e-01  1.167050523082676e+00 -7.153563314069560e-01  1.890757628562472e-01 -7.153563314069560e-01  1.266419931438378e-03 -7.153563314069560e-01  6.551430265955959e-01 -7.153563314069560e-01  2.548723093462782e-01 -7.153563314069560e-01  2.622092072171193e-03 
-7.113563314069560e-01  1.566579173478172e+00 -7.113563314069560e-01  1.223291889873287e+00 -7.113563314069560e-01  1.165651919966465e+00 -7.113563314069560e-01  1.892996140922310e-01 -7.113563314069560e-01  1.270180772638793e-03 -7.113563314069560e-01  6.565631789898897e-01 -7.113563314069560e-01  2.547136906743019e-01 -7.113563314069560e-01  2.618385012013994e-03 
-7.073563314069560e-01  1.565621342336873e+00 -7.073563314069560e-01  1.224236111935963e+00 -7.073563314069560e-01  1.164252855210415e+00 -7.073563314069560e-01  1.895231425213517e-01 -7.073563314069560e-01  1.273942511034019e-03 -7.073563314069560e-01  6.579836868483949e-01 -7.073563314069560e-01  2.545550062433883e-01 -7.073563314069560e-01  2.614676737191524e-03 
-7.033563314069560e-01  1.564663284975505e+00 -7.033563314069560e-01  1.225180640869893e+00 -7.033563314069560e-01  1.162853332158542e+00 -7.033563314069560e-01  1.897463491970542e-01 -7.033563314069560e-01  1.277705137518723e-03 -7.033563314069560e-01  6.594045463949217e-01 -7.033563314069560e-01  2.543962553014865e-01 -7.033563314069560e-01  2.610967257183345e-03 
-6.993563314069560e-01  1.563705003708427e+00 -6.993563314069560e-01  1.226125474330794e+00 -6.993563314069560e-01  1.161453354140498e+00 -6.993563314069560e-01  1.899692351675614e-01 -6.993563314069560e-01  1.281468643009683e-03 -6.993563314069560e-01  6.608257539186956e-01 -6.993563314069560e-01  2.542374370929786e-01 -6.993563314069560e-01  2.607256581196225e-03 
-6.953563314069560e-01  1.562746500820162e+00 -6.953563314069560e-01  1.227070609935145e+00 -6.953563314069560e-01  1.160052924456282e+00 -6.953563314069560e-01  1.901918014813049e-01 -6.953563314069560e-01  1.285233018540828e-03 -6.953563314069560e-01  6.622473057000950e-01 -6.953563314069560e-01  2.540785508748856e-01 -6.953563314069560e-01  2.603544718591044e-03 
-6.913563314069560e-01  1.561787778585721e+00 -6.913563314069560e-01  1.228016045349480e+00 -6.913563314069560e-01  1.158652046389267e+00 -6.913563314069560e-01  1.904140491824137e-01 -6.913563314069560e-01  1.288998255183328e-03 -6.913563314069560e-01  6.636691980712006e-01 -6.913563314069560e-01  2.539195959033607e-01 -6.913563314069560e-01  2.599831678532096e-03 
-6.873563314069560e-01  1.560828839266821e+00 -6.873563314069560e-01  1.228961778272330e+00 -6.873563314069560e-01  1.157250723203891e+00 -6.873563314069560e-01  1.906359793116009e-01 -6.873563314069560e-01  1.292764344060546e-03 -6.873563314069560e-01  6.650914274032584e-01 -6.873563314069560e-01  2.537605714362902e-01 -6.873563314069560e-01  2.596117470058034e-03 
-6.833563314069560e-01  1.559869685101736e+00 -6.833563314069560e-01  1.229907806388218e+00 -6.833563314069560e-01  1.155848958139286e+00 -6.833563314069560e-01  1.908575929084368e-01 -6.833563314069560e-01  1.296531276387789e-03 -6.833563314069560e-01  6.665139900751136e-01 -6.833563314069560e-01  2.536014767401081e-01 -6.833563314069560e-01  2.592402102262512e-03 
-6.793563314069559e-01  1.558910318310776e+00 -6.793563314069559e-01  1.230854127390696e+00 -6.793563314069559e-01  1.154446754412856e+00 -6.793563314069559e-01  1.910788910101623e-01 -6.793563314069559e-01  1.300299043450907e-03 -6.793563314069559e-01  6.679368824886539e-01 -6.793563314069559e-01  2.534423110862371e-01 -6.793563314069559e-01  2.588685584203707e-03 
-6.753563314069559e-01  1.557950741107972e+00 -6.753563314069559e-01  1.231800739033359e+00 -6.753563314069559e-01  1.153044115227826e+00 -6.753563314069559e-01  1.912998746491349e-01 -6.753563314069559e-01  1.304067636560323e-03 -6.753563314069559e-01  6.693601011033204e-01 -6.753563314069559e-01  2.532830737433115e-01 -6.753563314069559e-01  2.584967924703998e-03 
-6.713563314069559e-01  1.556990955682703e+00 -6.713563314069559e-01  1.232747639047037e+00 -6.713563314069559e-01  1.151641043761610e+00 -6.713563314069559e-01  1.915205448569174e-01 -6.713563314069559e-01  1.307837047123177e-03 -6.713563314069559e-01  6.707836423794802e-01 -6.713563314069559e-01  2.531237639895405e-01 -6.713563314069559e-01  2.581249132675168e-03 
-6.673563314069559e-01  1.556030964215624e+00 -6.673563314069559e-01  1.233694825209648e+00 -6.673563314069559e-01  1.150237543176070e+00 -6.673563314069559e-01  1.917409026607981e-01 -6.673563314069559e-01  1.311607266580850e-03 -6.673563314069559e-01  6.722075028257797e-01 -6.673563314069559e-01  2.529643811020955e-01 -6.673563314069559e-01  2.577529216844109e-03 
-6.633563314069559e-01  1.555070768861363e+00 -6.633563314069559e-01  1.234642295268165e+00 -6.633563314069559e-01  1.148833616606560e+00 -6.633563314069559e-01  1.919609490876214e-01 -6.633563314069559e-01  1.315378286476838e-03 -6.633563314069559e-01  6.736316789457599e-01 -6.633563314069559e-01  2.528049243687712e-01 -6.633563314069559e-01  2.573808186059148e-03 
-6.593563314069559e-01  1.554110371771790e+00 -6.593563314069559e-01  1.235590047040995e+00 -6.593563314069559e-01  1.147429267176874e+00 -6.593563314069559e-01  1.921806851587088e-01 -6.593563314069559e-01  1.319150098365432e-03 -6.593563314069559e-01  6.750561673073837e-01 -6.593563314069559e-01  2.526453930724640e-01 -6.593563314069559e-01  2.570086048888173e-03 
-6.553563314069559e-01  1.553149775074987e+00 -6.553563314069559e-01  1.236538078323592e+00 -6.553563314069559e-01  1.146024497985900e+00 -6.553563314069559e-01  1.924001118945054e-01 -6.553563314069559e-01  1.322922693894275e-03 -6.553563314069559e-01  6.764809644785175e-01 -6.553563314069559e-01  2.524857865053061e-01 -6.553563314069559e-01  2.566362813989170e-03 
-6.513563314069559e-01  1.552188980888478e+00 -6.513563314069559e-01  1.237486386946182e+00 -6.513563314069559e-01  1.144619312116166e+00 -6.513563314069559e-01  1.926192303117057e-01 -6.513563314069559e-01  1.326696064752377e-03 -6.513563314069559e-01  6.779060670660401e-01 -6.513563314069559e-01  2.523261039598690e-01 -6.513563314069559e-01  2.562638489883559e-03 
-6.473563314069559e-01  1.551227991312405e+00 -6.473563314069559e-01  1.238434970742504e+00 -6.473563314069559e-01  1.143213712629568e+00 -6.473563314069559e-01  1.928380414247817e-01 -6.473563314069559e-01  1.330470202696984e-03 -6.473563314069559e-01  6.793314716943352e-01 -6.473563314069559e-01  2.521663447337913e-01 -6.473563314069559e-01  2.558913085078959e-03 
-6.433563314069559e-01  1.550266808433605e+00 -6.433563314069559e-01  1.239383827566920e+00 -6.433563314069559e-01  1.141807702570056e+00 -6.433563314069559e-01  1.930565462451192e-01 -6.433563314069559e-01  1.334245099537526e-03 -6.433563314069559e-01  6.807571750167464e-01 -6.433563314069559e-01  2.520065081271072e-01 -6.433563314069559e-01  2.555186608002011e-03 
-6.393563314069559e-01  1.549305434326768e+00 -6.393563314069559e-01  1.240332955298580e+00 -6.393563314069559e-01  1.140401284964477e+00 -6.393563314069559e-01  1.932747457807968e-01 -6.393563314069559e-01  1.338020747131027e-03 -6.393563314069559e-01  6.821831737182054e-01 -6.393563314069559e-01  2.518465934415265e-01 -6.393563314069559e-01  2.551459066982016e-03 
-6.353563314069559e-01  1.548343871044043e+00 -6.353563314069559e-01  1.241282351794327e+00 -6.353563314069559e-01  1.138994462815986e+00 -6.353563314069559e-01  1.934926410388767e-01 -6.353563314069559e-01  1.341797137423031e-03 -6.353563314069559e-01  6.836094644829376e-01 -6.353563314069559e-01  2.516865999874729e-01 -6.353563314069559e-01  2.547730470435823e-03 
-6.313563314069559e-01  1.547382120633132e+00 -6.313563314069559e-01  1.242232014968171e+00 -6.313563314069559e-01  1.137587239115739e+00 -6.313563314069559e-01  1.937102330215023e-01 -6.313563314069559e-01  1.345574262376440e-03 -6.313563314069559e-01  6.850360440484259e-01 -6.313563314069559e-01  2.515265270719775e-01 -6.313563314069559e-01  2.544000826555857e-03 
-6.273563314069559e-01  1.546420185122207e+00 -6.273563314069559e-01  1.243181942723265e+00 -6.273563314069559e-01  1.136179616833310e+00 -6.273563314069559e-01  1.939275227292054e-01 -6.273563314069559e-01  1.349352114030830e-03 -6.273563314069559e-01  6.864629091588486e-01 -6.273563314069559e-01  2.513663740088841e-01 -6.273563314069559e-01  2.540270143577114e-03 
-6.233563314069559e-01  1.545458066530354e+00 -6.233563314069559e-01  1.244132132997400e+00 -6.233563314069559e-01  1.134771598923459e+00 -6.233563314069559e-01  1.941445111586716e-01 -6.233563314069559e-01  1.353130684461353e-03 -6.233563314069559e-01  6.878900565959021e-01 -6.233563314069559e-01  2.512061401118789e-01 -6.233563314069559e-01  2.536538429598579e-03 
-6.193563314069559e-01  1.544495766859805e+00 -6.193563314069559e-01  1.245082583727646e+00 -6.193563314069559e-01  1.133363188321255e+00 -6.193563314069559e-01  1.943611993044534e-01 -6.193563314069559e-01  1.356909965809321e-03 -6.193563314069559e-01  6.893174831545007e-01 -6.193563314069559e-01  2.510458246997652e-01 -6.193563314069559e-01  2.532805692722063e-03 
-6.153563314069559e-01  1.543533288096711e+00 -6.153563314069559e-01  1.246033292852895e+00 -6.153563314069559e-01  1.131954387942639e+00 -6.153563314069559e-01  1.945775881588258e-01 -6.153563314069559e-01  1.360689950279105e-03 -6.153563314069559e-01  6.907451856443354e-01 -6.153563314069559e-01  2.508854270960038e-01 -6.153563314069559e-01  2.529071941042231e-03 
-6.113563314069559e-01  1.542570632221923e+00 -6.113563314069559e-01  1.246984258360803e+00 -6.113563314069559e-01  1.130545200691426e+00 -6.113563314069559e-01  1.947936787095025e-01 -6.113563314069559e-01  1.364470630095853e-03 -6.113563314069559e-01  6.921731609216677e-01 -6.113563314069559e-01  2.507249466215029e-01 -6.113563314069559e-01  2.525337182462230e-03 
-6.073563314069559e-01  1.541607801193585e+00 -6.073563314069559e-01  1.247935478209623e+00 -6.073563314069559e-01  1.129135629448223e+00 -6.073563314069559e-01  1.950094719434055e-01 -6.073563314069559e-01  1.368251997573830e-03 -6.073563314069559e-01  6.936014058358797e-01 -6.073563314069559e-01  2.505643826064122e-01 -6.073563314069559e-01  2.521601425000666e-03 
-6.033563314069559e-01  1.540644796964591e+00 -6.033563314069559e-01  1.248886950404863e+00 -6.033563314069559e-01  1.127725677081712e+00 -6.033563314069559e-01  1.952249688429453e-01 -6.033563314069559e-01  1.372034045047810e-03 -6.033563314069559e-01  6.950299172815393e-01 -6.033563314069559e-01  2.504037343783991e-01 -6.033563314069559e-01  2.517864676490594e-03 
-5.993563314069559e-01  1.539681621471848e+00 -5.993563314069559e-01  1.249838672950746e+00 -5.993563314069559e-01  1.126315346441841e+00 -5.993563314069559e-01  1.954401703883610e-01 -5.993563314069559e-01  1.375816764915354e-03 -5.993563314069559e-01  6.964586921651380e-01 -5.993563314069559e-01  2.502430012699462e-01 -5.993563314069559e-01  2.514126944770079e-03 
-5.953563314069559e-01  1.538718276640517e+00 -5.953563314069559e-01  1.250790643868198e+00 -5.953563314069559e-01  1.124904640362623e+00 -5.953563314069559e-01  1.956550775568352e-01 -5.953563314069559e-01  1.379600149620037e-03 -5.953563314069559e-01  6.978877274171793e-01 -5.953563314069559e-01  2.500821826155435e-01 -5.953563314069559e-01  2.510388237611620e-03 
-5.913563314069559e-01  1.537754764382039e+00 -5.913563314069559e-01  1.251742861185313e+00 -5.913563314069559e-01  1.123493561660950e+00 -5.913563314069559e-01  1.958696913229510e-01 -5.913563314069559e-01  1.383384191659296e-03 -5.913563314069559e-01  6.993170199855000e-01 -5.913563314069559e-01  2.499212777530637e-01 -5.913563314069559e-01  2.506648562759537e-03 
-5.873563314069559e-01  1.536791086599854e+00 -5.873563314069559e-01  1.252695322961726e+00 -5.873563314069559e-01  1.122082113140360e+00 -5.873563314069559e-01  1.960840126575031e-01 -5.873563314069559e-01  1.387168883561911e-03 -5.873563314069559e-01  7.007465668517205e-01 -5.873563314069559e-01  2.497602860199738e-01 -5.873563314069559e-01  2.502907927834276e-03 
-5.833563314069559e-01  1.535827245174288e+00 -5.833563314069559e-01  1.253648027221075e+00 -5.833563314069559e-01  1.120670297581368e+00 -5.833563314069559e-01  1.962980425307368e-01 -5.833563314069559e-01  1.390954217947355e-03 -5.833563314069559e-01  7.021763649850431e-01 -5.833563314069559e-01  2.495992067635628e-01 -5.833563314069559e-01  2.499166340597703e-03 
-5.793563314069559e-01  1.534863241990619e+00 -5.793563314069559e-01  1.254600972074163e+00 -5.793563314069559e-01  1.119258117759639e+00 -5.793563314069559e-01  1.965117819064258e-01 -5.793563314069559e-01  1.394740187415609e-03 -5.793563314069559e-01  7.036064114260191e-01 -5.793563314069559e-01  2.494380393220809e-01 -5.793563314069559e-01  2.495423808469306e-03 
-5.753563314069559e-01  1.533899078906239e+00 -5.753563314069559e-01  1.255554155573159e+00 -5.753563314069559e-01  1.117845576424900e+00 -5.753563314069559e-01  1.967252317488650e-01 -5.753563314069559e-01  1.398526784676116e-03 -5.753563314069559e-01  7.050367031870284e-01 -5.753563314069559e-01  2.492767830469145e-01 -5.753563314069559e-01  2.491680339098870e-03 
-5.713563314069559e-01  1.532934757776406e+00 -5.713563314069559e-01  1.256507575824459e+00 -5.713563314069559e-01  1.116432676317616e+00 -5.713563314069559e-01  1.969383930174442e-01 -5.713563314069559e-01  1.402314002446653e-03 -5.713563314069559e-01  7.064672373290301e-01 -5.713563314069559e-01  2.491154372852920e-01 -5.713563314069559e-01  2.487935939923208e-03 
-5.673563314069558e-01  1.531970280440819e+00 -5.673563314069558e-01  1.257461230928706e+00 -5.673563314069558e-01  1.115019420160407e+00 -5.673563314069558e-01  1.971512666695177e-01 -5.673563314069558e-01  1.406101833505987e-03 -5.673563314069558e-01  7.078980109205313e-01 -5.673563314069558e-01  2.489540013893721e-01 -5.673563314069558e-01  2.484190618401732e-03 
-5.633563314069558e-01  1.531005648729082e+00 -5.633563314069558e-01  1.258415119004092e+00 -5.633563314069558e-01  1.113605810661663e+00 -5.633563314069558e-01  1.973638536592850e-01 -5.633563314069558e-01  1.409890270672538e-03 -5.633563314069558e-01  7.093290210532999e-01 -5.633563314069558e-01  2.487924747126146e-01 -5.633563314069558e-01  2.480444381924919e-03 
-5.593563314069558e-01  1.530040864457929e+00 -5.593563314069558e-01  1.259369238173336e+00 -5.593563314069558e-01  1.112191850513809e+00 -5.593563314069558e-01  1.975761549383999e-01 -5.593563314069558e-01  1.413679306815158e-03 -5.593563314069558e-01  7.107602648333519e-01 -5.593563314069558e-01  2.486308566117073e-01 -5.593563314069558e-01  2.476697237865487e-03 
-5.553563314069558e-01  1.529075929438934e+00 -5.553563314069558e-01  1.260323586597097e+00 -5.553563314069558e-01  1.110777542398373e+00 -5.553563314069558e-01  1.977881714543860e-01 -5.553563314069558e-01  1.417468934822919e-03 -5.553563314069558e-01  7.121917394035534e-01 -5.553563314069558e-01  2.484691464413785e-01 -5.553563314069558e-01  2.472949193447139e-03 
-5.513563314069558e-01  1.528110845462841e+00 -5.513563314069558e-01  1.261278162403856e+00 -5.513563314069558e-01  1.109362888975935e+00 -5.513563314069558e-01  1.979999041539554e-01 -5.513563314069558e-01  1.421259147666668e-03 -5.513563314069558e-01  7.136234418956923e-01 -5.513563314069558e-01  2.483073435650751e-01 -5.513563314069558e-01  2.469200256019955e-03 
-5.473563314069558e-01  1.527145614318645e+00 -5.473563314069558e-01  1.262232963773536e+00 -5.473563314069558e-01  1.107947892898530e+00 -5.473563314069558e-01  1.982113539790353e-01 -5.473563314069558e-01  1.425049938324046e-03 -5.473563314069558e-01  7.150553694873196e-01 -5.473563314069558e-01  2.481454473420828e-01 -5.473563314069558e-01  2.465450432731970e-03 
-5.433563314069558e-01  1.526180237778326e+00 -5.433563314069558e-01  1.263187988869378e+00 -5.433563314069558e-01  1.106532556799855e+00 -5.433563314069558e-01  1.984225218699955e-01 -5.433563314069558e-01  1.428841299839423e-03 -5.433563314069558e-01  7.164875193551687e-01 -5.433563314069558e-01  2.479834571379062e-01 -5.433563314069558e-01  2.461699730796774e-03 
-5.393563314069558e-01  1.525214717609157e+00 -5.393563314069558e-01  1.264143235891462e+00 -5.393563314069558e-01  1.105116883303300e+00 -5.393563314069558e-01  1.986334087631099e-01 -5.393563314069558e-01  1.432633225275653e-03 -5.393563314069558e-01  7.179198887114887e-01 -5.393563314069558e-01  2.478213723159923e-01 -5.393563314069558e-01  2.457948157283234e-03 
-5.353563314069558e-01  1.524249055559756e+00 -5.353563314069558e-01  1.265098703014624e+00 -5.353563314069558e-01  1.103700875012994e+00 -5.353563314069558e-01  1.988440155934917e-01 -5.353563314069558e-01  1.436425707768761e-03 -5.353563314069558e-01  7.193524747615957e-01 -5.353563314069558e-01  2.476591922472036e-01 -5.353563314069558e-01  2.454195719359399e-03 
-5.313563314069558e-01  1.523283253377161e+00 -5.313563314069558e-01  1.266054388462885e+00 -5.313563314069558e-01  1.102284534524939e+00 -5.313563314069558e-01  1.990543432915696e-01 -5.313563314069558e-01  1.440218740460946e-03 -5.313563314069558e-01  7.207852747544501e-01 -5.313563314069558e-01  2.474969162983175e-01 -5.313563314069558e-01  2.450442424000106e-03 
-5.273563314069558e-01  1.522317312789895e+00 -5.273563314069558e-01  1.267010290434143e+00 -5.273563314069558e-01  1.100867864416103e+00 -5.273563314069558e-01  1.992643927866367e-01 -5.273563314069558e-01  1.444012316567041e-03 -5.273563314069558e-01  7.222182859311927e-01 -5.273563314069558e-01  2.473345438435471e-01 -5.273563314069558e-01  2.446688278282825e-03 
-5.233563314069558e-01  1.521351235527002e+00 -5.233563314069558e-01  1.267966407183435e+00 -5.233563314069558e-01  1.099450867256835e+00 -5.233563314069558e-01  1.994741650029334e-01 -5.233563314069558e-01  1.447806429299783e-03 -5.233563314069558e-01  7.236515055817627e-01 -5.233563314069558e-01  2.471720742516623e-01 -5.233563314069558e-01  2.442933289060571e-03 
-5.193563314069558e-01  1.520385023296072e+00 -5.193563314069558e-01  1.268922736925342e+00 -5.193563314069558e-01  1.098033545596685e+00 -5.193563314069558e-01  1.996836608642319e-01 -5.193563314069558e-01  1.451601071956141e-03 -5.193563314069558e-01  7.250849309782375e-01 -5.193563314069558e-01  2.470095069009643e-01 -5.193563314069558e-01  2.439177463345343e-03 
-5.153563314069558e-01  1.519418677802482e+00 -5.153563314069558e-01  1.269879277918234e+00 -5.153563314069558e-01  1.096615901976952e+00 -5.153563314069558e-01  1.998928812898769e-01 -5.153563314069558e-01  1.455396237841666e-03 -5.153563314069558e-01  7.265185594321188e-01 -5.153563314069558e-01  2.468468411662429e-01 -5.153563314069558e-01  2.435420807977060e-03 
-5.113563314069558e-01  1.518452200737637e+00 -5.113563314069558e-01  1.270836028411594e+00 -5.113563314069558e-01  1.095197938923131e+00 -5.113563314069558e-01  2.001018271972534e-01 -5.113563314069558e-01  1.459191920316773e-03 -5.113563314069558e-01  7.279523882582991e-01 -5.113563314069558e-01  2.466840764268412e-01 -5.113563314069558e-01  2.431663329830587e-03 
-5.073563314069558e-01  1.517485593789604e+00 -5.073563314069558e-01  1.271792986692324e+00 -5.073563314069558e-01  1.093779658951880e+00 -5.073563314069558e-01  2.003104994996194e-01 -5.073563314069558e-01  1.462988112754896e-03 -5.073563314069558e-01  7.293864148064959e-01 -5.073563314069558e-01  2.465212120594504e-01 -5.073563314069558e-01  2.427905035633853e-03 
-5.033563314069558e-01  1.516518858625236e+00 -5.033563314069558e-01  1.272750151005397e+00 -5.033563314069558e-01  1.092361064559475e+00 -5.033563314069558e-01  2.005188991098186e-01 -5.033563314069558e-01  1.466784808612770e-03 -5.033563314069558e-01  7.308206364070351e-01 -5.033563314069558e-01  2.463582474503078e-01 -5.033563314069558e-01  2.424145932279431e-03 
-4.993563314069558e-01  1.515551996917637e+00 -4.993563314069558e-01  1.273707519673998e+00 -4.993563314069558e-01  1.090942158239736e+00 -4.993563314069558e-01  2.007270269346599e-01 -4.993563314069558e-01  1.470582001322515e-03 -4.993563314069558e-01  7.322550504526114e-01 -4.993563314069558e-01  2.461951819765749e-01 -4.993563314069558e-01  2.420386026352707e-03 
-4.953563314069558e-01  1.514585010316870e+00 -4.953563314069558e-01  1.274665090970143e+00 -4.953563314069558e-01  1.089522942465046e+00 -4.953563314069558e-01  2.009348838809656e-01 -4.953563314069558e-01  1.474379684406666e-03 -4.953563314069558e-01  7.336896543099837e-01 -4.953563314069558e-01  2.460320150262842e-01 -4.953563314069558e-01  2.416625324640064e-03 
-4.913563314069558e-01  1.513617900471821e+00 -4.913563314069558e-01  1.275622863210090e+00 -4.913563314069558e-01  1.088103419700632e+00 -4.913563314069558e-01  2.011424708511141e-01 -4.913563314069558e-01  1.478177851392348e-03 -4.913563314069558e-01  7.351244453848764e-01 -4.913563314069558e-01  2.458687459835278e-01 -4.913563314069558e-01  2.412863833754122e-03 
-4.873563314069558e-01  1.512650669020504e+00 -4.873563314069558e-01  1.276580834711116e+00 -4.873563314069558e-01  1.086683592398338e+00 -4.873563314069558e-01  2.013497887450579e-01 -4.873563314069558e-01  1.481976495849326e-03 -4.873563314069558e-01  7.365594210924000e-01 -4.873563314069558e-01  2.457053742350881e-01 -4.873563314069558e-01  2.409101560303501e-03 
-4.833563314069558e-01  1.511683317591283e+00 -4.833563314069558e-01  1.277539003796312e+00 -4.833563314069558e-01  1.085263462997478e+00 -4.833563314069558e-01  2.015568384601021e-01 -4.833563314069558e-01  1.485775611385219e-03 -4.833563314069558e-01  7.379945788601953e-01 -4.833563314069558e-01  2.455418991696437e-01 -4.833563314069558e-01  2.405338510873975e-03 
-4.793563314069558e-01  1.510715847802730e+00 -4.793563314069558e-01  1.278497368793282e+00 -4.793563314069558e-01  1.083843033924810e+00 -4.793563314069558e-01  2.017636208909614e-01 -4.793563314069558e-01  1.489575191646054e-03 -4.793563314069558e-01  7.394299161274343e-01 -4.793563314069558e-01  2.453783201779198e-01 -4.793563314069558e-01  2.401574692033585e-03 
-4.753563314069558e-01  1.509748261267540e+00 -4.753563314069558e-01  1.279455928050850e+00 -4.753563314069558e-01  1.082422307597151e+00 -4.753563314069558e-01  2.019701369289927e-01 -4.753563314069558e-01  1.493375230300889e-03 -4.753563314069558e-01  7.408654303560811e-01 -4.753563314069558e-01  2.452146366500423e-01 -4.753563314069558e-01  2.397810110267063e-03 
-4.713563314069558e-01  1.508780559589654e+00 -4.713563314069558e-01  1.280414679925660e+00 -4.713563314069558e-01  1.081001286419575e+00 -4.713563314069558e-01  2.021763874628107e-01 -4.713563314069558e-01  1.497175721053090e-03 -4.713563314069558e-01  7.423011190216495e-01 -4.713563314069558e-01  2.450508479775623e-01 -4.713563314069558e-01  2.394044772028430e-03 
-4.673563314069558e-01  1.507812744360006e+00 -4.673563314069558e-01  1.281373622763033e+00 -4.673563314069558e-01  1.079579972782700e+00 -4.673563314069558e-01  2.023823733791811e-01 -4.673563314069558e-01  1.500976657657103e-03 -4.673563314069558e-01  7.437369796000365e-01 -4.673563314069558e-01  2.448869535563840e-01 -4.673563314069558e-01  2.390278683816153e-03 
-4.633563314069558e-01  1.506844817169007e+00 -4.633563314069558e-01  1.282332754951142e+00 -4.633563314069558e-01  1.078158369070890e+00 -4.633563314069558e-01  2.025880955605159e-01 -4.633563314069558e-01  1.504778033869334e-03 -4.633563314069558e-01  7.451730096043346e-01 -4.633563314069558e-01  2.447229527782858e-01 -4.633563314069558e-01  2.386511851960395e-03 
-4.593563314069558e-01  1.505876779591224e+00 -4.593563314069558e-01  1.283292074853148e+00 -4.593563314069558e-01  1.076736477652332e+00 -4.593563314069558e-01  2.027935548880084e-01 -4.593563314069558e-01  1.508579843508399e-03 -4.593563314069558e-01  7.466092065384651e-01 -4.593563314069558e-01  2.445588450414313e-01 -4.593563314069558e-01  2.382744282889571e-03 
-4.553563314069557e-01  1.504908633199562e+00 -4.553563314069557e-01  1.284251580868973e+00 -4.553563314069557e-01  1.075314300888352e+00 -4.553563314069557e-01  2.029987522387916e-01 -4.553563314069557e-01  1.512382080399365e-03 -4.553563314069557e-01  7.480455679391698e-01 -4.553563314069557e-01  2.443946297407018e-01 -4.553563314069557e-01  2.378975982887764e-03 
-4.513563314069557e-01  1.503940379553503e+00 -4.513563314069557e-01  1.285211271382995e+00 -4.513563314069557e-01  1.073891841125797e+00 -4.513563314069557e-01  2.032036884883445e-01 -4.513563314069557e-01  1.516184738419993e-03 -4.513563314069557e-01  7.494820913402560e-01 -4.513563314069557e-01  2.442303062757918e-01 -4.513563314069557e-01  2.375206958300011e-03 
-4.473563314069557e-01  1.502972020206708e+00 -4.473563314069557e-01  1.286171144796900e+00 -4.473563314069557e-01  1.072469100702065e+00 -4.473563314069557e-01  2.034083645089859e-01 -4.473563314069557e-01  1.519987811470866e-03 -4.473563314069557e-01  7.509187742948743e-01 -4.473563314069557e-01  2.440658740460467e-01 -4.473563314069557e-01  2.371437215403439e-03 
-4.433563314069557e-01  1.502003556704421e+00 -4.433563314069557e-01  1.287131199517731e+00 -4.433563314069557e-01  1.071046081943471e+00 -4.433563314069557e-01  2.036127811704252e-01 -4.433563314069557e-01  1.523791293485562e-03 -4.433563314069557e-01  7.523556143672695e-01 -4.433563314069557e-01  2.439013324522747e-01 -4.433563314069557e-01  2.367666760454116e-03 
-4.393563314069557e-01  1.501034990589914e+00 -4.393563314069557e-01  1.288091433985559e+00 -4.393563314069557e-01  1.069622787169523e+00 -4.393563314069557e-01  2.038169393385002e-01 -4.393563314069557e-01  1.527595178405352e-03 -4.393563314069557e-01  7.537926091515265e-01 -4.393563314069557e-01  2.437366808923721e-01 -4.393563314069557e-01  2.363895599578437e-03 
-4.353563314069557e-01  1.500066323390530e+00 -4.353563314069557e-01  1.289051846611843e+00 -4.353563314069557e-01  1.068199218683862e+00 -4.353563314069557e-01  2.040208398780067e-01 -4.353563314069557e-01  1.531399460234039e-03 -4.353563314069557e-01  7.552297562294720e-01 -4.353563314069557e-01  2.435719187709106e-01 -4.353563314069557e-01  2.360123739015083e-03 
-4.313563314069557e-01  1.499097556628593e+00 -4.313563314069557e-01  1.290012435826591e+00 -4.313563314069557e-01  1.066775378781444e+00 -4.313563314069557e-01  2.042244836505335e-01 -4.313563314069557e-01  1.535204132995064e-03 -4.313563314069557e-01  7.566670532027007e-01 -4.313563314069557e-01  2.434070454917253e-01 -4.313563314069557e-01  2.356351184929967e-03 
-4.273563314069557e-01  1.498128691820794e+00 -4.273563314069557e-01  1.290973200075193e+00 -4.273563314069557e-01  1.065351269748220e+00 -4.273563314069557e-01  2.044278715146227e-01 -4.273563314069557e-01  1.539009190734025e-03 -4.273563314069557e-01  7.581044976903182e-01 -4.273563314069557e-01  2.432420604583551e-01 -4.273563314069557e-01  2.352577943428534e-03 
-4.233563314069557e-01  1.497159730478534e+00 -4.233563314069557e-01  1.291934137819357e+00 -4.233563314069557e-01  1.063926893861404e+00 -4.233563314069557e-01  2.046310043257236e-01 -4.233563314069557e-01  1.542814627517139e-03 -4.233563314069557e-01  7.595420873294703e-01 -4.233563314069557e-01  2.430769630738480e-01 -4.233563314069557e-01  2.348804020552207e-03 
-4.193563314069557e-01  1.496190674101473e+00 -4.193563314069557e-01  1.292895247508367e+00 -4.193563314069557e-01  1.062502253385319e+00 -4.193563314069557e-01  2.048338829375145e-01 -4.193563314069557e-01  1.546620437456782e-03 -4.193563314069557e-01  7.609798197556779e-01 -4.193563314069557e-01  2.429117527452223e-01 -4.193563314069557e-01  2.345029422391146e-03 
-4.153563314069557e-01  1.495221524184389e+00 -4.153563314069557e-01  1.293856527608602e+00 -4.153563314069557e-01  1.061077350575947e+00 -4.153563314069557e-01  2.050365082005604e-01 -4.153563314069557e-01  1.550426614684448e-03 -4.153563314069557e-01  7.624176926228304e-01 -4.153563314069557e-01  2.427464288787939e-01 -4.153563314069557e-01  2.341254154968378e-03 
-4.113563314069557e-01  1.494252282213749e+00 -4.113563314069557e-01  1.294817976587955e+00 -4.113563314069557e-01  1.059652187678740e+00 -4.113563314069557e-01  2.052388809630215e-01 -4.113563314069557e-01  1.554233153364201e-03 -4.113563314069557e-01  7.638557035924898e-01 -4.113563314069557e-01  2.425809908825795e-01 -4.113563314069557e-01  2.337478224301021e-03 
-4.073563314069557e-01  1.493282949669361e+00 -4.073563314069557e-01  1.295779592922610e+00 -4.073563314069557e-01  1.058226766929759e+00 -4.073563314069557e-01  2.054410020703549e-01 -4.073563314069557e-01  1.558040047686212e-03 -4.073563314069557e-01  7.652938503384022e-01 -4.073563314069557e-01  2.424154381651847e-01 -4.073563314069557e-01  2.333701636373597e-03 
-4.033563314069557e-01  1.492313528027858e+00 -4.033563314069557e-01  1.296741375111678e+00 -4.033563314069557e-01  1.056801090558028e+00 -4.033563314069557e-01  2.056428723646558e-01 -4.033563314069557e-01  1.561847291853123e-03 -4.033563314069557e-01  7.667321305563738e-01 -4.033563314069557e-01  2.422497701334570e-01 -4.033563314069557e-01  2.329924397080596e-03 
-3.993563314069557e-01  1.491344018756085e+00 -3.993563314069557e-01  1.297703321647864e+00 -3.993563314069557e-01  1.055375160781247e+00 -3.993563314069557e-01  2.058444926859934e-01 -3.993563314069557e-01  1.565654880105947e-03 -3.993563314069557e-01  7.681705419441963e-01 -3.993563314069557e-01  2.420839861970552e-01 -3.993563314069557e-01  2.326146512341648e-03 
-3.953563314069557e-01  1.490374423314937e+00 -3.953563314069557e-01  1.298665431033770e+00 -3.953563314069557e-01  1.053948979808369e+00 -3.953563314069557e-01  2.060458638716797e-01 -3.953563314069557e-01  1.569462806709039e-03 -3.953563314069557e-01  7.696090822126620e-01 -3.953563314069557e-01  2.419180857658464e-01 -3.953563314069557e-01  2.322367988037578e-03 
-3.913563314069557e-01  1.489404743154603e+00 -3.913563314069557e-01  1.299627701760540e+00 -3.913563314069557e-01  1.052522549836536e+00 -3.913563314069557e-01  2.062469867572329e-01 -3.913563314069557e-01  1.573271065968758e-03 -3.913563314069557e-01  7.710477490709293e-01 -3.913563314069557e-01  2.417520682532285e-01 -3.913563314069557e-01  2.318588830094127e-03 
-3.873563314069557e-01  1.488434979724358e+00 -3.873563314069557e-01  1.300590132350186e+00 -3.873563314069557e-01  1.051095873057565e+00 -3.873563314069557e-01  2.064478621744772e-01 -3.873563314069557e-01  1.577079652195027e-03 -3.873563314069557e-01  7.724865402552480e-01 -3.873563314069557e-01  2.415859330694150e-01 -3.873563314069557e-01  2.314809044315879e-03 
-3.833563314069557e-01  1.487465134468674e+00 -3.833563314069557e-01  1.301552721338060e+00 -3.833563314069557e-01  1.049668951655454e+00 -3.833563314069557e-01  2.066484909523389e-01 -3.833563314069557e-01  1.580888559716566e-03 -3.833563314069557e-01  7.739254535169400e-01 -3.833563314069557e-01  2.414196796241449e-01 -3.833563314069557e-01  2.311028636454954e-03 
-3.793563314069557e-01  1.486495208817898e+00 -3.793563314069557e-01  1.302515467231788e+00 -3.793563314069557e-01  1.048241787800313e+00 -3.793563314069557e-01  2.068488739187056e-01 -3.793563314069557e-01  1.584697782917563e-03 -3.793563314069557e-01  7.753644865943470e-01 -3.793563314069557e-01  2.412533073331465e-01 -3.793563314069557e-01  2.307247612372457e-03 
-3.753563314069557e-01  1.485525204204654e+00 -3.753563314069557e-01  1.303478368582310e+00 -3.753563314069557e-01  1.046814383659200e+00 -3.753563314069557e-01  2.070490118972319e-01 -3.753563314069557e-01  1.588507316173214e-03 -3.753563314069557e-01  7.768036372611075e-01 -3.753563314069557e-01  2.410868156068518e-01 -3.753563314069557e-01  2.303465977759257e-03 
-3.713563314069557e-01  1.484555122049663e+00 -3.713563314069557e-01  1.304441423921546e+00 -3.713563314069557e-01  1.045386741386852e+00 -3.713563314069557e-01  2.072489057101496e-01 -3.713563314069557e-01  1.592317153905429e-03 -3.713563314069557e-01  7.782429032836400e-01 -3.713563314069557e-01  2.409202038602292e-01 -3.713563314069557e-01  2.299683738381062e-03 
-3.673563314069557e-01  1.483584963769692e+00 -3.673563314069557e-01  1.305404631796588e+00 -3.673563314069557e-01  1.043958863130973e+00 -3.673563314069557e-01  2.074485561767368e-01 -3.673563314069557e-01  1.596127290551625e-03 -3.673563314069557e-01  7.796822824443270e-01 -3.673563314069557e-01  2.407534715073220e-01 -3.673563314069557e-01  2.295900899943894e-03 
-3.633563314069557e-01  1.482614730774890e+00 -3.633563314069557e-01  1.306367990757668e+00 -3.633563314069557e-01  1.042530751030530e+00 -3.633563314069557e-01  2.076479641138655e-01 -3.633563314069557e-01  1.599937720575138e-03 -3.633563314069557e-01  7.811217725332420e-01 -3.633563314069557e-01  2.405866179631214e-01 -3.633563314069557e-01  2.292117468141482e-03 
-3.593563314069557e-01  1.481644424470281e+00 -3.593563314069557e-01  1.307331499364119e+00 -3.593563314069557e-01  1.041102407216802e+00 -3.593563314069557e-01  2.078471303357390e-01 -3.593563314069557e-01  1.603748438459430e-03 -3.593563314069557e-01  7.825613713521200e-01 -3.593563314069557e-01  2.404196426425765e-01 -3.593563314069557e-01  2.288333448631772e-03 
-3.553563314069557e-01  1.480674046259938e+00 -3.553563314069557e-01  1.308295156202240e+00 -3.553563314069557e-01  1.039673833816171e+00 -3.553563314069557e-01  2.080460556531113e-01 -3.553563314069557e-01  1.607559438691663e-03 -3.553563314069557e-01  7.840010767264410e-01 -3.553563314069557e-01  2.402525449577161e-01 -3.553563314069557e-01  2.284548846966902e-03 
-3.513563314069557e-01  1.479703597530909e+00 -3.513563314069557e-01  1.309258959814697e+00 -3.513563314069557e-01  1.038245032939602e+00 -3.513563314069557e-01  2.082447408764352e-01 -3.513563314069557e-01  1.611370715825847e-03 -3.513563314069557e-01  7.854408864572902e-01 -3.513563314069557e-01  2.400853243288328e-01 -3.513563314069557e-01  2.280763668870255e-03 
-3.473563314069557e-01  1.478733079674580e+00 -3.473563314069557e-01  1.310222908793151e+00 -3.473563314069557e-01  1.036816006696761e+00 -3.473563314069557e-01  2.084431868117367e-01 -3.473563314069557e-01  1.615182264398878e-03 -3.473563314069557e-01  7.868807983843146e-01 -3.473563314069557e-01  2.399179801697175e-01 -3.473563314069557e-01  2.276977919872848e-03 
-3.433563314069557e-01  1.477762494073650e+00 -3.433563314069557e-01  1.311187001721150e+00 -3.433563314069557e-01  1.035386757187489e+00 -3.433563314069557e-01  2.086413942631769e-01 -3.433563314069557e-01  1.618994078981775e-03 -3.433563314069557e-01  7.883208103467924e-01 -3.433563314069557e-01  2.397505118967041e-01 -3.433563314069557e-01  2.273191605537609e-03 
-3.393563314069556e-01  1.476791842104069e+00 -3.393563314069556e-01  1.312151237182062e+00 -3.393563314069556e-01  1.033957286503137e+00 -3.393563314069556e-01  2.088393640326976e-01 -3.393563314069556e-01  1.622806154171996e-03 -3.393563314069556e-01  7.897609201889332e-01 -3.393563314069556e-01  2.395829189273692e-01 -3.393563314069556e-01  2.269404731428079e-03 
-3.353563314069556e-01  1.475821125139159e+00 -3.353563314069556e-01  1.313115613776647e+00 -3.353563314069556e-01  1.032527596729333e+00 -3.353563314069556e-01  2.090370969192564e-01 -3.353563314069556e-01  1.626618484577355e-03 -3.353563314069556e-01  7.912011257717683e-01 -3.353563314069556e-01  2.394152006776945e-01 -3.353563314069556e-01  2.265617303039536e-03 
-3.313563314069556e-01  1.474850344547728e+00 -3.313563314069556e-01  1.314080130114289e+00 -3.313563314069556e-01  1.031097689944790e+00 -3.313563314069556e-01  2.092345937192124e-01 -3.313563314069556e-01  1.630431064823276e-03 -3.313563314069556e-01  7.926414249670986e-01 -3.313563314069556e-01  2.392473565634243e-01 -3.313563314069556e-01  2.261829325833417e-03 
-3.273563314069556e-01  1.473879501686226e+00 -3.273563314069556e-01  1.315044784778618e+00 -3.273563314069556e-01  1.029667568216193e+00 -3.273563314069556e-01  2.094318552278713e-01 -3.273563314069556e-01  1.634243889583757e-03 -3.273563314069556e-01  7.940818156340387e-01 -3.273563314069556e-01  2.390793860055270e-01 -3.273563314069556e-01  2.258040805372255e-03 
-3.233563314069556e-01  1.472908597914491e+00 -3.233563314069556e-01  1.316009576395420e+00 -3.233563314069556e-01  1.028237233608627e+00 -3.233563314069556e-01  2.096288822364739e-01 -3.233563314069556e-01  1.638056953519446e-03 -3.233563314069556e-01  7.955222956651269e-01 -3.233563314069556e-01  2.389112884193023e-01 -3.233563314069556e-01  2.254251747053061e-03 
-3.193563314069556e-01  1.471937634583142e+00 -3.193563314069556e-01  1.316974503577453e+00 -3.193563314069556e-01  1.026806688177320e+00 -3.193563314069556e-01  2.098256755346498e-01 -3.193563314069556e-01  1.641870251327130e-03 -3.193563314069556e-01  7.969628629487239e-01 -3.193563314069556e-01  2.387430632231678e-01 -3.193563314069556e-01  2.250462156324007e-03 
-3.153563314069556e-01  1.470966613036512e+00 -3.153563314069556e-01  1.317939564936871e+00 -3.153563314069556e-01  1.025375933969630e+00 -3.153563314069556e-01  2.100222359098832e-01 -3.153563314069556e-01  1.645683777728312e-03 -3.153563314069556e-01  7.984035153773732e-01 -3.153563314069556e-01  2.385747098366392e-01 -3.153563314069556e-01  2.246672038635583e-03 
-3.113563314069556e-01  1.469995534620951e+00 -3.113563314069556e-01  1.318904759120649e+00 -3.113563314069556e-01  1.023944973030579e+00 -3.113563314069556e-01  2.102185641459443e-01 -3.113563314069556e-01  1.649497527436519e-03 -3.113563314069556e-01  7.998442508718329e-01 -3.113563314069556e-01  2.384062276746138e-01 -3.113563314069556e-01  2.242881399301610e-03 
-3.073563314069556e-01  1.469024400671977e+00 -3.073563314069556e-01  1.319870084754591e+00 -3.073563314069556e-01  1.022513807394412e+00 -3.073563314069556e-01  2.104146610253796e-01 -3.073563314069556e-01  1.653311495207784e-03 -3.073563314069556e-01  8.012850673429129e-01 -3.073563314069556e-01  2.382376161563110e-01 -3.073563314069556e-01  2.239090243718992e-03 
-3.033563314069556e-01  1.468053212520381e+00 -3.033563314069556e-01  1.320835540469323e+00 -3.033563314069556e-01  1.021082439088695e+00 -3.033563314069556e-01  2.106105273283687e-01 -3.033563314069556e-01  1.657125675816703e-03 -3.033563314069556e-01  8.027259627090879e-01 -3.033563314069556e-01  2.380688747010760e-01 -3.033563314069556e-01  2.235298577265712e-03 
-2.993563314069556e-01  1.467081971492865e+00 -2.993563314069556e-01  1.321801124902683e+00 -2.993563314069556e-01  1.019650870134771e+00 -2.993563314069556e-01  2.108061638326262e-01 -2.993563314069556e-01  1.660940064053889e-03 -2.993563314069556e-01  8.041669348980455e-01 -2.993563314069556e-01  2.379000027279601e-01 -2.993563314069556e-01  2.231506405291448e-03 
-2.953563314069556e-01  1.466110678918351e+00 -2.953563314069556e-01  1.322766836726665e+00 -2.953563314069556e-01  1.018219102551996e+00 -2.953563314069556e-01  2.110015713122292e-01 -2.953563314069556e-01  1.664754654701195e-03 -2.953563314069556e-01  8.056079818649278e-01 -2.953563314069556e-01  2.377309996513398e-01 -2.953563314069556e-01  2.227713733011724e-03 
-2.913563314069556e-01  1.465139336108141e+00 -2.913563314069556e-01  1.323732674561052e+00 -2.913563314069556e-01  1.016787138344665e+00 -2.913563314069556e-01  2.111967505414233e-01 -2.913563314069556e-01  1.668569442609695e-03 -2.913563314069556e-01  8.070491015335576e-01 -2.913563314069556e-01  2.375618648947956e-01 -2.913563314069556e-01  2.223920565847081e-03 
-2.873563314069556e-01  1.464167944382160e+00 -2.873563314069556e-01  1.324698637086638e+00 -2.873563314069556e-01  1.015354979519419e+00 -2.873563314069556e-01  2.113917022896496e-01 -2.873563314069556e-01  1.672384422596519e-03 -2.873563314069556e-01  8.084902918733212e-01 -2.873563314069556e-01  2.373925978728388e-01 -2.873563314069556e-01  2.220126908978501e-03 
-2.833563314069556e-01  1.463196505047700e+00 -2.833563314069556e-01  1.325664722952876e+00 -2.833563314069556e-01  1.013922628071232e+00 -2.833563314069556e-01  2.115864273256184e-01 -2.833563314069556e-01  1.676199589528432e-03 -2.833563314069556e-01  8.099315508363311e-01 -2.833563314069556e-01  2.372231980057599e-01 -2.833563314069556e-01  2.216332767710018e-03 
-2.793563314069556e-01  1.462225019412629e+00 -2.793563314069556e-01  1.326630930834614e+00 -2.793563314069556e-01  1.012490085992210e+00 -2.793563314069556e-01  2.117809264148218e-01 -2.793563314069556e-01  1.680014938269866e-03 -2.793563314069556e-01  8.113728763959218e-01 -2.793563314069556e-01  2.370536647104459e-01 -2.793563314069556e-01  2.212538147245960e-03 
-2.753563314069556e-01  1.461253488774360e+00 -2.753563314069556e-01  1.327597259384003e+00 -2.753563314069556e-01  1.011057355264324e+00 -2.753563314069556e-01  2.119752003216545e-01 -2.753563314069556e-01  1.683830463726363e-03 -2.753563314069556e-01  8.128142665138920e-01 -2.753563314069556e-01  2.368839974081147e-01 -2.753563314069556e-01  2.208743052879742e-03 
-2.713563314069556e-01  1.460281914435385e+00 -2.713563314069556e-01  1.328563707297297e+00 -2.713563314069556e-01  1.009624437869763e+00 -2.713563314069556e-01  2.121692498064958e-01 -2.713563314069556e-01  1.687646160783423e-03 -2.713563314069556e-01  8.142557191858332e-01 -2.713563314069556e-01  2.367141955134825e-01 -2.713563314069556e-01  2.204947489731646e-03 
-2.673563314069556e-01  1.459310297688078e+00 -2.673563314069556e-01  1.329530273248722e+00 -2.673563314069556e-01  1.008191335780906e+00 -2.673563314069556e-01  2.123630756286141e-01 -2.673563314069556e-01  1.691462024366294e-03 -2.673563314069556e-01  8.156972323961242e-01 -2.673563314069556e-01  2.365442584454225e-01 -2.673563314069556e-01  2.201151463008416e-03 
-2.633563314069556e-01  1.458338639822001e+00 -2.633563314069556e-01  1.330496955921709e+00 -2.633563314069556e-01  1.006758050965217e+00 -2.633563314069556e-01  2.125566785448095e-01 -2.633563314069556e-01  1.695278049411257e-03 -2.633563314069556e-01  8.171388041390848e-01 -2.633563314069556e-01  2.363741856218842e-01 -2.633563314069556e-01  2.197354977880650e-03 
-2.593563314069556e-01  1.457366942120601e+00 -2.593563314069556e-01  1.331463753994305e+00 -2.593563314069556e-01  1.005324585383100e+00 -2.593563314069556e-01  2.127500593100592e-01 -2.593563314069556e-01  1.699094230878534e-03 -2.593563314069556e-01  8.185804324090116e-01 -2.593563314069556e-01  2.362039764622275e-01 -2.593563314069556e-01  2.193558039540099e-03 
-2.553563314069556e-01  1.456395205866295e+00 -2.553563314069556e-01  1.332430666160619e+00 -2.553563314069556e-01  1.003890940991323e+00 -2.553563314069556e-01  2.129432186765911e-01 -2.553563314069556e-01  1.702910563732445e-03 -2.553563314069556e-01  8.200221152146581e-01 -2.553563314069556e-01  2.360336303837088e-01 -2.553563314069556e-01  2.189760653115406e-03 
-2.513563314069556e-01  1.455423432341215e+00 -2.513563314069556e-01  1.333397691133806e+00 -2.513563314069556e-01  1.002457119743564e+00 -2.513563314069556e-01  2.131361573937696e-01 -2.513563314069556e-01  1.706727042938374e-03 -2.513563314069556e-01  8.214638505812180e-01 -2.513563314069556e-01  2.358631468009562e-01 -2.513563314069556e-01  2.185962823660447e-03 
-2.473563314069556e-01  1.454451622813617e+00 -2.473563314069556e-01  1.334364827586993e+00 -2.473563314069556e-01  1.001023123581432e+00 -2.473563314069556e-01  2.133288762106688e-01 -2.473563314069556e-01  1.710543663516162e-03 -2.473563314069556e-01  8.229056365101277e-01 -2.473563314069556e-01  2.356925251355517e-01 -2.473563314069556e-01  2.182164556386313e-03 
-2.433563314069556e-01  1.453479778561790e+00 -2.433563314069556e-01  1.335332074255985e+00 -2.433563314069556e-01  9.995889544503969e-01 -2.433563314069556e-01  2.135213758716195e-01 -2.433563314069556e-01  1.714360420446261e-03 -2.433563314069556e-01  8.243474710487515e-01 -2.433563314069556e-01  2.355217647992804e-01 -2.433563314069556e-01  2.178365856257897e-03 
-2.393563314069556e-01  1.452507900846668e+00 -2.393563314069556e-01  1.336299429820920e+00 -2.393563314069556e-01  9.981546142816424e-01 -2.393563314069556e-01  2.137136571213605e-01 -2.393563314069556e-01  1.718177308777235e-03 -2.393563314069556e-01  8.257893522099575e-01 -2.393563314069556e-01  2.353508652133754e-01 -2.393563314069556e-01  2.174566728458718e-03 
-2.353563314069556e-01  1.451535990936098e+00 -2.353563314069556e-01  1.337266893010406e+00 -2.353563314069556e-01  9.967201050082398e-01 -2.353563314069556e-01  2.139057207005269e-01 -2.353563314069556e-01  1.721994323530508e-03 -2.353563314069556e-01  8.272312780427703e-01 -2.353563314069556e-01  2.351798257915184e-01 -2.353563314069556e-01  2.170767177981988e-03 
-2.313563314069556e-01  1.450564050090819e+00 -2.313563314069556e-01  1.338234462540858e+00 -2.313563314069556e-01  9.952854285558755e-01 -2.313563314069556e-01  2.140975673482935e-01 -2.313563314069556e-01  1.725811459755361e-03 -2.313563314069556e-01  8.286732465911044e-01 -2.313563314069556e-01  2.350086459496903e-01 -2.313563314069556e-01  2.166967209868729e-03 
-2.273563314069555e-01  1.449592079566135e+00 -2.273563314069555e-01  1.339202137123245e+00 -2.273563314069555e-01  9.938505868440128e-01 -2.273563314069555e-01  2.142891978020906e-01 -2.273563314069555e-01  1.729628712522449e-03 -2.273563314069555e-01  8.301152558983059e-01 -2.273563314069555e-01  2.348373251050559e-01 -2.273563314069555e-01  2.163166829181427e-03 
-2.233563314069555e-01  1.448620080617847e+00 -2.233563314069555e-01  1.340169915488312e+00 -2.233563314069555e-01  9.924155817898843e-01 -2.233563314069555e-01  2.144806127965198e-01 -2.233563314069555e-01  1.733446076900437e-03 -2.233563314069555e-01  8.315573040241961e-01 -2.233563314069555e-01  2.346658626717997e-01 -2.233563314069555e-01  2.159366040904828e-03 
-2.193563314069555e-01  1.447648054491778e+00 -2.193563314069555e-01  1.341137796341206e+00 -2.193563314069555e-01  9.909804153015671e-01 -2.193563314069555e-01  2.146718130653296e-01 -2.193563314069555e-01  1.737263547997151e-03 -2.193563314069555e-01  8.329993890142203e-01 -2.193563314069555e-01  2.344942580685315e-01 -2.193563314069555e-01  2.155564850124259e-03 
-2.153563314069555e-01  1.446676002444253e+00 -2.153563314069555e-01  1.342105778449072e+00 -2.153563314069555e-01  9.895450892916587e-01 -2.153563314069555e-01  2.148627993376383e-01 -2.153563314069555e-01  1.741081120879169e-03 -2.153563314069555e-01  8.344415089588302e-01 -2.153563314069555e-01  2.343225107038949e-01 -2.153563314069555e-01  2.151763261681541e-03 
-2.113563314069555e-01  1.445703925713823e+00 -2.113563314069555e-01  1.343073860519296e+00 -2.113563314069555e-01  9.881096056585108e-01 -2.113563314069555e-01  2.150535723432044e-01 -2.113563314069555e-01  1.744898790682832e-03 -2.113563314069555e-01  8.358836619108091e-01 -2.113563314069555e-01  2.341506199965012e-01 -2.113563314069555e-01  2.147961280653223e-03 
-2.073563314069555e-01  1.444731825542122e+00 -2.073563314069555e-01  1.344042041288741e+00 -2.073563314069555e-01  9.866739663001551e-01 -2.073563314069555e-01  2.152441328085857e-01 -2.073563314069555e-01  1.748716552532411e-03 -2.073563314069555e-01  8.373258459457529e-01 -2.073563314069555e-01  2.339785853602685e-01 -2.073563314069555e-01  2.144158912000024e-03 
-2.033563314069555e-01  1.443759703169219e+00 -2.033563314069555e-01  1.345010319503394e+00 -2.033563314069555e-01  9.852381731112523e-01 -2.033563314069555e-01  2.154344814580219e-01 -2.033563314069555e-01  1.752534401558238e-03 -2.033563314069555e-01  8.387680591482073e-01 -2.033563314069555e-01  2.338064062077266e-01 -2.033563314069555e-01  2.140356160646890e-03 
-1.993563314069555e-01  1.442787559835022e+00 -1.993563314069555e-01  1.345978693923992e+00 -1.993563314069555e-01  9.838022279840815e-01 -1.993563314069555e-01  2.156246190132098e-01 -1.993563314069555e-01  1.756352332891314e-03 -1.993563314069555e-01  8.402102996154190e-01 -1.993563314069555e-01  2.336340819490511e-01 -1.993563314069555e-01  2.136553031460773e-03 
-1.953563314069555e-01  1.441815396765529e+00 -1.953563314069555e-01  1.346947163266908e+00 -1.953563314069555e-01  9.823661327994202e-01 -1.953563314069555e-01  2.158145461958568e-01 -1.953563314069555e-01  1.760170341717227e-03 -1.953563314069555e-01  8.416525654171955e-01 -1.953563314069555e-01  2.334616120017812e-01 -1.953563314069555e-01  2.132749529482929e-03 
-1.913563314069555e-01  1.440843215194987e+00 -1.913563314069555e-01  1.347915726298595e+00 -1.913563314069555e-01  9.809298894413627e-01 -1.913563314069555e-01  2.160042637236227e-01 -1.913563314069555e-01  1.763988423189173e-03 -1.913563314069555e-01  8.430948546598883e-01 -1.913563314069555e-01  2.332889957752299e-01 -1.913563314069555e-01  2.128945659557875e-03 
-1.873563314069555e-01  1.439871016351151e+00 -1.873563314069555e-01  1.348884381772273e+00 -1.873563314069555e-01  9.794934997875355e-01 -1.873563314069555e-01  2.161937723128625e-01 -1.873563314069555e-01  1.767806572485836e-03 -1.873563314069555e-01  8.445371654434018e-01 -1.873563314069555e-01  2.331162326808856e-01 -1.873563314069555e-01  2.125141426582159e-03 
-1.833563314069555e-01  1.438898801457098e+00 -1.833563314069555e-01  1.349853128435203e+00 -1.833563314069555e-01  9.780569657103590e-01 -1.833563314069555e-01  2.163830726783134e-01 -1.833563314069555e-01  1.771624784804232e-03 -1.833563314069555e-01  8.459794958660743e-01 -1.833563314069555e-01  2.329433221311884e-01 -1.833563314069555e-01  2.121336835475662e-03 
-1.793563314069555e-01  1.437926571736122e+00 -1.793563314069555e-01  1.350821965049430e+00 -1.793563314069555e-01  9.766202890803420e-01 -1.793563314069555e-01  2.165721655322201e-01 -1.793563314069555e-01  1.775443055340492e-03 -1.793563314069555e-01  8.474218440386811e-01 -1.793563314069555e-01  2.327702635360768e-01 -1.793563314069555e-01  2.117531891100241e-03 
-1.753563314069555e-01  1.436954328410960e+00 -1.753563314069555e-01  1.351790890388015e+00 -1.753563314069555e-01  9.751834717656385e-01 -1.753563314069555e-01  2.167610515845102e-01 -1.753563314069555e-01  1.779261379292999e-03 -1.753563314069555e-01  8.488642080818222e-01 -1.753563314069555e-01  2.325970563035748e-01 -1.753563314069555e-01  2.113726598274490e-03 
-1.713563314069555e-01  1.435982072698041e+00 -1.713563314069555e-01  1.352759903210235e+00 -1.713563314069555e-01  9.737465156282312e-01 -1.713563314069555e-01  2.169497315438627e-01 -1.713563314069555e-01  1.783079751884812e-03 -1.713563314069555e-01  8.503065861090584e-01 -1.713563314069555e-01  2.324236998438685e-01 -1.713563314069555e-01  2.109920961871125e-03 
-1.673563314069555e-01  1.435009805807724e+00 -1.673563314069555e-01  1.353729002262190e+00 -1.673563314069555e-01  9.723094225241498e-01 -1.673563314069555e-01  2.171382061176930e-01 -1.673563314069555e-01  1.786898168362885e-03 -1.673563314069555e-01  8.517489762272774e-01 -1.673563314069555e-01  2.322501935691933e-01 -1.673563314069555e-01  2.106114986814618e-03 
-1.633563314069555e-01  1.434037528961038e+00 -1.633563314069555e-01  1.354698186348125e+00 -1.633563314069555e-01  9.708721943146819e-01 -1.633563314069555e-01  2.173264760091174e-01 -1.633563314069555e-01  1.790716623932210e-03 -1.633563314069555e-01  8.531913765849495e-01 -1.633563314069555e-01  2.320765368819617e-01 -1.633563314069555e-01  2.102308677801098e-03 
-1.593563314069555e-01  1.433065243364042e+00 -1.593563314069555e-01  1.355667454220393e+00 -1.593563314069555e-01  9.694348328493119e-01 -1.593563314069555e-01  2.175145419216611e-01 -1.593563314069555e-01  1.794535113856563e-03 -1.593563314069555e-01  8.546337852975318e-01 -1.593563314069555e-01  2.319027291929982e-01 -1.593563314069555e-01  2.098502039730443e-03 
-1.553563314069555e-01  1.432092950225536e+00 -1.553563314069555e-01  1.356636804654916e+00 -1.553563314069555e-01  9.679973399775788e-01 -1.553563314069555e-01  2.177024045560498e-01 -1.553563314069555e-01  1.798353633388964e-03 -1.553563314069555e-01  8.560762004985371e-01 -1.553563314069555e-01  2.317287699089914e-01 -1.553563314069555e-01  2.094695077410039e-03 
-1.513563314069555e-01  1.431120650750141e+00 -1.513563314069555e-01  1.357606236421298e+00 -1.513563314069555e-01  9.665597175445091e-01 -1.513563314069555e-01  2.178900646114935e-01 -1.513563314069555e-01  1.802172177798810e-03 -1.513563314069555e-01  8.575186203192279e-01 -1.513563314069555e-01  2.315546584374276e-01 -1.513563314069555e-01  2.090887795672037e-03 
-1.473563314069555e-01  1.430148346149291e+00 -1.473563314069555e-01  1.358575748329306e+00 -1.473563314069555e-01  9.651219673980034e-01 -1.473563314069555e-01  2.180775227837206e-01 -1.473563314069555e-01  1.805990742328768e-03 -1.473563314069555e-01  8.589610429200421e-01 -1.473563314069555e-01  2.313803941788144e-01 -1.473563314069555e-01  2.087080199190833e-03 
-1.433563314069555e-01  1.429176037616241e+00 -1.433563314069555e-01  1.359545339122145e+00 -1.433563314069555e-01  9.636840913721825e-01 -1.433563314069555e-01  2.182647797695324e-01 -1.433563314069555e-01  1.809809322292867e-03 -1.433563314069555e-01  8.604034664182768e-01 -1.433563314069555e-01  2.312059765444542e-01 -1.433563314069555e-01  2.083272292902296e-03 
-1.393563314069555e-01  1.428203726359950e+00 -1.393563314069555e-01  1.360515007620405e+00 -1.393563314069555e-01  9.622460913100757e-01 -1.393563314069555e-01  2.184518362606833e-01 -1.393563314069555e-01  1.813627912943414e-03 -1.393563314069555e-01  8.618458889854944e-01 -1.393563314069555e-01  2.310314049323983e-01 -1.393563314069555e-01  2.079464081438326e-03 
-1.353563314069555e-01  1.427231413573363e+00 -1.353563314069555e-01  1.361484752586664e+00 -1.353563314069555e-01  9.608079690424616e-01 -1.353563314069555e-01  2.186386929496576e-01 -1.353563314069555e-01  1.817446509595668e-03 -1.353563314069555e-01  8.632883087558016e-01 -1.353563314069555e-01  2.308566787500248e-01 -1.353563314069555e-01  2.075655569658677e-03 
-1.313563314069555e-01  1.426259100455445e+00 -1.313563314069555e-01  1.362454572819083e+00 -1.313563314069555e-01  9.593697264026499e-01 -1.313563314069555e-01  2.188253505256972e-01 -1.313563314069555e-01  1.821265107541160e-03 -1.313563314069555e-01  8.647307238891662e-01 -1.313563314069555e-01  2.306817973983779e-01 -1.313563314069555e-01  2.071846762283367e-03 
-1.273563314069555e-01  1.425286788203138e+00 -1.273563314069555e-01  1.363424467116727e+00 -1.273563314069555e-01  9.579313652211474e-01 -1.273563314069555e-01  2.190118096762906e-01 -1.273563314069555e-01  1.825083702079433e-03 -1.273563314069555e-01  8.661731325478798e-01 -1.273563314069555e-01  2.305067602779290e-01 -1.273563314069555e-01  2.068037664028833e-03 
-1.233563314069555e-01  1.424314478006332e+00 -1.233563314069555e-01  1.364394434257923e+00 -1.233563314069555e-01  9.564928873223336e-01 -1.233563314069555e-01  2.191980710880964e-01 -1.233563314069555e-01  1.828902288537667e-03 -1.233563314069555e-01  8.676155328818644e-01 -1.233563314069555e-01  2.303315667921849e-01 -1.233563314069555e-01  2.064228279692968e-03 
-1.193563314069555e-01  1.423342171057469e+00 -1.193563314069555e-01  1.365364473040882e+00 -1.193563314069555e-01  9.550542945309316e-01 -1.193563314069555e-01  2.193841354452376e-01 -1.193563314069555e-01  1.832720862233005e-03 -1.193563314069555e-01  8.690579230561186e-01 -1.193563314069555e-01  2.301562163408547e-01 -1.193563314069555e-01  2.060418613995592e-03 
-1.153563314069554e-01  1.422369868548672e+00 -1.153563314069554e-01  1.366334582271016e+00 -1.153563314069554e-01  9.536155886701396e-01 -1.153563314069554e-01  2.195700034298483e-01 -1.153563314069554e-01  1.836539418483882e-03 -1.153563314069554e-01  8.705003012420685e-01 -1.153563314069554e-01  2.299807083219380e-01 -1.153563314069554e-01  2.056608671628195e-03 
-1.113563314069554e-01  1.421397571667792e+00 -1.113563314069554e-01  1.367304760743927e+00 -1.113563314069554e-01  9.521767715590217e-01 -1.113563314069554e-01  2.197556757228041e-01 -1.113563314069554e-01  1.840357952625450e-03 -1.113563314069554e-01  8.719426656060167e-01 -1.113563314069554e-01  2.298050421345642e-01 -1.113563314069554e-01  2.052798457320865e-03 
-1.073563314069554e-01  1.420425281602349e+00 -1.073563314069554e-01  1.368275007261823e+00 -1.073563314069554e-01  9.507378450151874e-01 -1.073563314069554e-01  2.199411530030401e-01 -1.073563314069554e-01  1.844176459994175e-03 -1.073563314069554e-01  8.733850143201972e-01 -1.073563314069554e-01  2.296292171762023e-01 -1.073563314069554e-01  2.048987975777662e-03 
-1.033563314069554e-01  1.419452999535659e+00 -1.033563314069554e-01  1.369245320616770e+00 -1.033563314069554e-01  9.492988108522600e-01 -1.033563314069554e-01  2.201264359482685e-01 -1.033563314069554e-01  1.847994935943024e-03 -1.033563314069554e-01  8.748273455514024e-01 -1.033563314069554e-01  2.294532328454630e-01 -1.033563314069554e-01  2.045177231742560e-03 
-9.935633140695543e-02  1.418480726656003e+00 -9.935633140695543e-02  1.370215699629362e+00 -9.935633140695543e-02  9.478596708860398e-01 -9.935633140695543e-02  2.203115252333638e-01 -9.935633140695543e-02  1.851813375805470e-03 -9.935633140695543e-02  8.762696574870681e-01 -9.935633140695543e-02  2.292770885355448e-01 -9.935633140695543e-02  2.041366229847420e-03 
-9.535633140695543e-02  1.417508464147192e+00 -9.535633140695543e-02  1.371186143108244e+00 -9.535633140695543e-02  9.464204269282468e-01 -9.535633140695543e-02  2.204964215320731e-01 -9.535633140695543e-02  1.855631774932492e-03 -9.535633140695543e-02  8.777119483078670e-01 -9.535633140695543e-02  2.291007836410325e-01 -9.535633140695543e-02  2.037554974771072e-03 
-9.135633140695543e-02  1.416536213186763e+00 -9.135633140695543e-02  1.372156649842277e+00 -9.135633140695543e-02  9.449810807853448e-01 -9.135633140695543e-02  2.206811255173632e-01 -9.135633140695543e-02  1.859450128699760e-03 -9.135633140695543e-02  8.791542161823619e-01 -9.135633140695543e-02  2.289243175592101e-01 -9.135633140695543e-02  2.033743471270032e-03 
-8.735633140695542e-02  1.415563974957340e+00 -8.735633140695542e-02  1.373127218648397e+00 -8.735633140695542e-02  9.435416342662013e-01 -8.735633140695542e-02  2.208656378594128e-01 -8.735633140695542e-02  1.863268432462887e-03 -8.735633140695542e-02  8.805964592993090e-01 -8.735633140695542e-02  2.287476896819402e-01 -8.735633140695542e-02  2.029931723990555e-03 
-8.335633140695542e-02  1.414591750640631e+00 -8.335633140695542e-02  1.374097848345806e+00 -8.335633140695542e-02  9.421020891781153e-01 -8.335633140695542e-02  2.210499592267162e-01 -8.335633140695542e-02  1.867086681581161e-03 -8.335633140695542e-02  8.820386758501531e-01 -8.335633140695542e-02  2.285708993999953e-01 -8.335633140695542e-02  2.026119737569984e-03 
-7.935633140695542e-02  1.413619541411997e+00 -7.935633140695542e-02  1.375068537732709e+00 -7.935633140695542e-02  9.406624473232116e-01 -7.935633140695542e-02  2.212340902870660e-01 -7.935633140695542e-02  1.870904871438710e-03 -7.935633140695542e-02  8.834808640132727e-01 -7.935633140695542e-02  2.283939461069823e-01 -7.935633140695542e-02  2.022307516728150e-03 
-7.535633140695541e-02  1.412647348452262e+00 -7.535633140695541e-02  1.376039285636058e+00 -7.535633140695541e-02  9.392227105064130e-01 -7.535633140695541e-02  2.214180317054825e-01 -7.535633140695541e-02  1.874722997398274e-03 -7.535633140695541e-02  8.849230219875335e-01 -7.535633140695541e-02  2.282168291908771e-01 -7.535633140695541e-02  2.018495066071940e-03 
-7.135633140695541e-02  1.411675172938058e+00 -7.135633140695541e-02  1.377010090870300e+00 -7.135633140695541e-02  9.377828805289974e-01 -7.135633140695541e-02  2.216017841459494e-01 -7.135633140695541e-02  1.878541054838954e-03 -7.135633140695541e-02  8.863651479643697e-01 -7.135633140695541e-02  2.280395480409984e-01 -7.135633140695541e-02  2.014682390257398e-03 
-6.735633140695541e-02  1.410703016045281e+00 -6.735633140695541e-02  1.377980952251772e+00 -6.735633140695541e-02  9.363429591909764e-01 -6.735633140695541e-02  2.217853482708302e-01 -6.735633140695541e-02  1.882359039142831e-03 -6.735633140695541e-02  8.878072401374695e-01 -6.735633140695541e-02  2.278621020455406e-01 -6.735633140695541e-02  2.010869493933112e-03 
-6.335633140695540e-02  1.409730878946615e+00 -6.335633140695540e-02  1.378951868587881e+00 -6.335633140695540e-02  9.349029482894662e-01 -6.335633140695540e-02  2.219687247413250e-01 -6.335633140695540e-02  1.886176945704566e-03 -6.335633140695540e-02  8.892492966954063e-01 -6.335633140695540e-02  2.276844905933933e-01 -6.335633140695540e-02  2.007056381782770e-03 
-5.935633140695540e-02  1.408758762815585e+00 -5.935633140695540e-02  1.379922838694023e+00 -5.935633140695540e-02  9.334628496214552e-01 -5.935633140695540e-02  2.221519142167770e-01 -5.935633140695540e-02  1.889994769915467e-03 -5.935633140695540e-02  8.906913158330347e-01 -5.935633140695540e-02  2.275067130712339e-01 -5.935633140695540e-02  2.003243058458622e-03 
-5.535633140695539e-02  1.407786668831370e+00 -5.535633140695539e-02  1.380893861413510e+00 -5.535633140695539e-02  9.320226649870778e-01 -5.535633140695539e-02  2.223349173538533e-01 -5.535633140695539e-02  1.893812507144679e-03 -5.535633140695539e-02  8.921332957648703e-01 -5.535633140695539e-02  2.273287688600954e-01 -5.535633140695539e-02  1.999429528503343e-03 
-5.135633140695539e-02  1.406814598163848e+00 -5.135633140695539e-02  1.381864935554240e+00 -5.135633140695539e-02  9.305823961796241e-01 -5.135633140695539e-02  2.225177348092069e-01 -5.135633140695539e-02  1.897630152797881e-03 -5.135633140695539e-02  8.935752346823078e-01 -5.135633140695539e-02  2.271506573461483e-01 -5.135633140695539e-02  1.995615796598665e-03 
-4.735633140695539e-02  1.405842551982761e+00 -4.735633140695539e-02  1.382836059926970e+00 -4.735633140695539e-02  9.291420449917394e-01 -4.735633140695539e-02  2.227003672378783e-01 -4.735633140695539e-02  1.901447702281216e-03 -4.735633140695539e-02  8.950171307794139e-01 -4.735633140695539e-02  2.269723779141544e-01 -4.735633140695539e-02  1.991801867415096e-03 
-4.335633140695538e-02  1.404870531462989e+00 -4.335633140695538e-02  1.383807233367373e+00 -4.335633140695538e-02  9.277016132189942e-01 -4.335633140695538e-02  2.228828152923973e-01 -4.335633140695538e-02  1.905265150980684e-03 -4.335633140695538e-02  8.964589822677433e-01 -4.335633140695538e-02  2.267939299436582e-01 -4.335633140695538e-02  1.987987745525284e-03 
-3.935633140695538e-02  1.403898537775462e+00 -3.935633140695538e-02  1.384778454697350e+00 -3.935633140695538e-02  9.262611026538466e-01 -3.935633140695538e-02  2.230650796244069e-01 -3.935633140695538e-02  1.909082494297808e-03 -3.935633140695538e-02  8.979007873502041e-01 -3.935633140695538e-02  2.266153128155787e-01 -3.935633140695538e-02  1.984173435555951e-03 
-3.535633140695538e-02  1.402926572092760e+00 -3.535633140695538e-02  1.385749722748342e+00 -3.535633140695538e-02  9.248205150894352e-01 -3.535633140695538e-02  2.232471608837010e-01 -3.535633140695538e-02  1.912899727627599e-03 -3.535633140695538e-02  8.993425442367257e-01 -3.535633140695538e-02  2.264365259081947e-01 -3.535633140695538e-02  1.980358942096358e-03 
-3.135633140695537e-02  1.401954635583482e+00 -3.135633140695537e-02  1.386721036337422e+00 -3.135633140695537e-02  9.233798523158481e-01 -3.135633140695537e-02  2.234290597192377e-01 -3.135633140695537e-02  1.916716846380716e-03 -3.135633140695537e-02  9.007842511280990e-01 -3.135633140695537e-02  2.262575686012220e-01 -3.135633140695537e-02  1.976544269792180e-03 
-2.735633140695537e-02  1.400982729415236e+00 -2.735633140695537e-02  1.387692394279430e+00 -2.735633140695537e-02  9.219391161221678e-01 -2.735633140695537e-02  2.236107767786379e-01 -2.735633140695537e-02  1.920533845971695e-03 -2.735633140695537e-02  9.022259062241089e-01 -2.735633140695537e-02  2.260784402737170e-01 -2.735633140695537e-02  1.972729423297918e-03 
-2.335633140695537e-02  1.400010854763823e+00 -2.335633140695537e-02  1.388663795425464e+00 -2.335633140695537e-02  9.204983083026945e-01 -2.335633140695537e-02  2.237923127066027e-01 -2.335633140695537e-02  1.924350721782887e-03 -2.335633140695537e-02  9.036675077494345e-01 -2.335633140695537e-02  2.258991402974111e-01 -2.335633140695537e-02  1.968914407125576e-03 
-1.935633140695537e-02  1.399039012792986e+00 -1.935633140695537e-02  1.389635238577372e+00 -1.935633140695537e-02  9.190574306433801e-01 -1.935633140695537e-02  2.239736681484802e-01 -1.935633140695537e-02  1.928167469243984e-03 -1.935633140695537e-02  9.051090538959702e-01 -1.935633140695537e-02  2.257196680514183e-01 -1.935633140695537e-02  1.965099225980660e-03 
-1.535633140695537e-02  1.398067204678550e+00 -1.535633140695537e-02  1.390606722588893e+00 -1.535633140695537e-02  9.176164849380970e-01 -1.535633140695537e-02  2.241548437460739e-01 -1.535633140695537e-02  1.931984083737264e-03 -1.535633140695537e-02  9.065505428909352e-01 -1.535633140695537e-02  2.255400229047766e-01 -1.535633140695537e-02  1.961283884364839e-03 
-1.135633140695537e-02  1.397095431585018e+00 -1.135633140695537e-02  1.391578246267031e+00 -1.135633140695537e-02  9.161754729729523e-01 -1.135633140695537e-02  2.243358401417491e-01 -1.135633140695537e-02  1.935800560689424e-03 -1.135633140695537e-02  9.079919729303747e-01 -1.135633140695537e-02  2.253602042334368e-01 -1.135633140695537e-02  1.957468386963321e-03 
-7.356331406955373e-03  1.396123694685754e+00 -7.356331406955373e-03  1.392549808456692e+00 -7.356331406955373e-03  9.147343965398997e-01 -7.356331406955373e-03  2.245166579749405e-01 -7.356331406955373e-03  1.939616895492400e-03 -7.356331406955373e-03  9.094333422361427e-01 -7.356331406955373e-03  2.251802114056261e-01 -7.356331406955373e-03  1.953652738312481e-03 
-3.356331406955373e-03  1.395151995145893e+00 -3.356331406955373e-03  1.393521407968451e+00 -3.356331406955373e-03  9.132932574252910e-01 -3.356331406955373e-03  2.246972978851491e-01 -3.356331406955373e-03  1.943433083570379e-03 -3.356331406955373e-03  9.108746490071862e-01 -3.356331406955373e-03  2.250000437943093e-01 -3.356331406955373e-03  1.949836943083493e-03 
 6.436685930446273e-04  1.394180334083842e+00  6.436685930446273e-04  1.394493043708249e+00  6.436685930446273e-04  9.118520573385560e-01  6.436685930446273e-04  2.248777605193252e-01  6.436685930446273e-04  1.947249120531126e-03  6.436685930446273e-04  9.123158915522852e-01  6.436685930446273e-04  2.248197007540074e-01  6.436685930446273e-04  1.946021005573016e-03 
 4.643668593044627e-03  1.393208709914756e+00  4.643668593044627e-03  1.395464717244038e+00  4.643668593044627e-03  9.104107939853043e-01  4.643668593044627e-03  2.250580470243324e-01  4.643668593044627e-03  1.951065012598924e-03  4.643668593044627e-03  9.137570721553836e-01  4.643668593044627e-03  2.246391811427451e-01  4.643668593044627e-03  1.942204919623082e-03 
 8.643668593044627e-03  1.392237122284232e+00  8.643668593044627e-03  1.396436428933778e+00  8.643668593044627e-03  9.089694668915747e-01  8.643668593044627e-03  2.252381583159064e-01  8.643668593044627e-03  1.954880761165754e-03  8.643668593044627e-03  9.151981912913127e-01  8.643668593044627e-03  2.244584840406631e-01  8.643668593044627e-03  1.938388683827797e-03 
 1.264366859304463e-02  1.391265572364064e+00  1.264366859304463e-02  1.397408177612543e+00  1.264366859304463e-02  9.075280778464148e-01  1.264366859304463e-02  2.254180950249615e-01  1.264366859304463e-02  1.958696361629630e-03  1.264366859304463e-02  9.166392471738790e-01  1.264366859304463e-02  2.242776088091321e-01  1.264366859304463e-02  1.934572302762106e-03 
 1.664366859304463e-02  1.390294061324310e+00  1.664366859304463e-02  1.398379962106816e+00  1.664366859304463e-02  9.060866286379007e-01  1.664366859304463e-02  2.255978577814979e-01  1.664366859304463e-02  1.962511809395463e-03  1.664366859304463e-02  9.180802380110710e-01  1.664366859304463e-02  2.240965548096692e-01  1.664366859304463e-02  1.930755781034673e-03 
 2.064366859304463e-02  1.389322590333866e+00  2.064366859304463e-02  1.399351781236589e+00  2.064366859304463e-02  9.046451210535580e-01  2.064366859304463e-02  2.257774472145192e-01  2.064366859304463e-02  1.966327099872653e-03  2.064366859304463e-02  9.195211620064392e-01  2.064366859304463e-02  2.239153214035606e-01  2.064366859304463e-02  1.926939123279726e-03 
 2.464366859304463e-02  1.388351160569606e+00  2.464366859304463e-02  1.400323633853236e+00  2.464366859304463e-02  9.032035568865789e-01  2.464366859304463e-02  2.259568639504846e-01  2.464366859304463e-02  1.970142228439321e-03  2.464366859304463e-02  9.209620173845089e-01  2.464366859304463e-02  2.237339079452177e-01  2.464366859304463e-02  1.923122334008166e-03 
 2.864366859304463e-02  1.387379773202005e+00  2.864366859304463e-02  1.401295518779210e+00  2.864366859304463e-02  9.017619379261668e-01  2.864366859304463e-02  2.261361086158132e-01  2.864366859304463e-02  1.973957190498678e-03  2.864366859304463e-02  9.224028023501885e-01  2.864366859304463e-02  2.235523137926761e-01  2.864366859304463e-02  1.919305417844498e-03 
 3.264366859304463e-02  1.386408429402477e+00  3.264366859304463e-02  1.402267434838345e+00  3.264366859304463e-02  9.003202659625351e-01  3.264366859304463e-02  2.263151818356429e-01  3.264366859304463e-02  1.977771981450280e-03  3.264366859304463e-02  9.238435151091018e-01  3.264366859304463e-02  2.233705383022926e-01  3.264366859304463e-02  1.915488379407829e-03 
 3.664366859304463e-02  1.385437130345894e+00  3.664366859304463e-02  1.403239380866221e+00  3.664366859304463e-02  8.988785427886505e-01  3.664366859304463e-02  2.264940842334186e-01  3.664366859304463e-02  1.981586596680044e-03  3.664366859304463e-02  9.252841538745107e-01  3.664366859304463e-02  2.231885808268977e-01  3.664366859304463e-02  1.911671223271070e-03 
 4.064366859304464e-02  1.384465877204621e+00  4.064366859304464e-02  1.404211355684769e+00  4.064366859304464e-02  8.974367701962596e-01  4.064366859304464e-02  2.266728164319485e-01  4.064366859304464e-02  1.985401031583795e-03  4.064366859304464e-02  9.267247168501953e-01  4.064366859304464e-02  2.230064407202235e-01  4.064366859304464e-02  1.907853954060811e-03 
 4.464366859304464e-02  1.383494671157768e+00  4.464366859304464e-02  1.405183358140767e+00  4.464366859304464e-02  8.959949499821687e-01  4.464366859304464e-02  2.268513790518353e-01  4.464366859304464e-02  1.989215281530804e-03  4.464366859304464e-02  9.281652022562870e-01  4.464366859304464e-02  2.228241173301194e-01  4.464366859304464e-02  1.904036576305960e-03 
 4.864366859304464e-02  1.382523513376396e+00  4.864366859304464e-02  1.406155387043731e+00  4.864366859304464e-02  8.945530839383178e-01  4.864366859304464e-02  2.270297727140446e-01  4.864366859304464e-02  1.993029341922014e-03  4.864366859304464e-02  9.296056082874867e-01  4.864366859304464e-02  2.226416100094385e-01  4.864366859304464e-02  1.900219094681843e-03 
 5.264366859304465e-02  1.381552405039741e+00  5.264366859304465e-02  1.407127441233318e+00  5.264366859304465e-02  8.931111738627699e-01  5.264366859304465e-02  2.272079980371429e-01  5.264366859304465e-02  1.996843208126234e-03  5.264366859304465e-02  9.310459331583003e-01  5.264366859304465e-02  2.224589181041707e-01  5.264366859304465e-02  1.896401513745357e-03 
 5.664366859304465e-02  1.380581347325158e+00  5.664366859304465e-02  1.408099519537130e+00  5.664366859304465e-02  8.916692215529700e-01  5.664366859304465e-02  2.273860556390471e-01  5.664366859304465e-02  2.000656875519604e-03  5.664366859304465e-02  9.324861750746631e-01  5.664366859304465e-02  2.222760409608334e-01  5.664366859304465e-02  1.892583838100774e-03 
 6.064366859304465e-02  1.379610341409315e+00  6.064366859304465e-02  1.409071620775423e+00  6.064366859304465e-02  8.902272288066040e-01  6.064366859304465e-02  2.275639461368481e-01  6.064366859304465e-02  2.004470339481050e-03  6.064366859304465e-02  9.339263322370408e-01  6.064366859304465e-02  2.220929779256244e-01  6.064366859304465e-02  1.888766072381181e-03 
 6.464366859304466e-02  1.378639388473630e+00  6.464366859304466e-02  1.410043743783378e+00  6.464366859304466e-02  8.887851974253098e-01  6.464366859304466e-02  2.277416701459012e-01  6.464366859304466e-02  2.008283595370754e-03  6.464366859304466e-02  9.353664028553520e-01  6.464366859304466e-02  2.219097283404690e-01  6.464366859304466e-02  1.884948221161056e-03 
 6.864366859304466e-02  1.377668489696377e+00  6.864366859304466e-02  1.411015887377975e+00  6.864366859304466e-02  8.873431292094014e-01  6.864366859304466e-02  2.279192282812068e-01  6.864366859304466e-02  2.012096638561357e-03  6.864366859304466e-02  9.368063851266759e-01  6.864366859304466e-02  2.217262915488425e-01  6.864366859304466e-02  1.881130289086344e-03 
 7.264366859304466e-02  1.376697646262327e+00  7.264366859304466e-02  1.411988050397898e+00  7.264366859304466e-02  8.859010259644178e-01  7.264366859304466e-02  2.280966211557818e-01  7.264366859304466e-02  2.015909464399849e-03  7.264366859304466e-02  9.382462772620022e-01  7.264366859304466e-02  2.215426668886926e-01  7.264366859304466e-02  1.877312280717754e-03 
 7.664366859304467e-02  1.375726859350787e+00  7.664366859304467e-02  1.412960231653415e+00  7.664366859304467e-02  8.844588894931016e-01  7.664366859304467e-02  2.282738493827319e-01  7.664366859304467e-02  2.019722068254763e-03  7.664366859304467e-02  9.396860774525430e-01  7.664366859304467e-02  2.213588537012846e-01  7.664366859304467e-02  1.873494200727608e-03 
 8.064366859304467e-02  1.374756130147799e+00  8.064366859304467e-02  1.413932429976772e+00  8.064366859304467e-02  8.830167216036857e-01  8.064366859304467e-02  2.284509135731944e-01  8.064366859304467e-02  2.023534445468162e-03  8.064366859304467e-02  9.411257839035053e-01  8.064366859304467e-02  2.211748513222522e-01  8.064366859304467e-02  1.869676053701866e-03 
 8.464366859304467e-02  1.373785459836849e+00  8.464366859304467e-02  1.414904644183454e+00  8.464366859304467e-02  8.815745241036537e-01  8.464366859304467e-02  2.286278143379470e-01  8.464366859304467e-02  2.027346591392140e-03  8.464366859304467e-02  9.425653948080611e-01  8.464366859304467e-02  2.209906590884410e-01  8.464366859304467e-02  1.865857844292330e-03 
 8.864366859304468e-02  1.372814849608749e+00  8.864366859304468e-02  1.415876873112700e+00  8.864366859304468e-02  8.801322988064841e-01  8.864366859304468e-02  2.288045522857534e-01  8.864366859304468e-02  2.031158501350011e-03  8.864366859304468e-02  9.440049083744662e-01  8.864366859304468e-02  2.208062763306864e-01  8.864366859304468e-02  1.862039577057497e-03 
 9.264366859304468e-02  1.371844300645510e+00  9.264366859304468e-02  1.416849115560473e+00  9.264366859304468e-02  8.786900475207838e-01  9.264366859304468e-02  2.289811280261260e-01  9.264366859304468e-02  2.034970170699667e-03  9.264366859304468e-02  9.454443227810816e-01  9.264366859304468e-02  2.206217023857120e-01  9.264366859304468e-02  1.858221256725836e-03 
 9.664366859304468e-02  1.370873814142236e+00  9.664366859304468e-02  1.417821370369877e+00  9.664366859304468e-02  8.772477720651427e-01  9.664366859304468e-02  2.291575421656398e-01  9.664366859304468e-02  2.038781594747570e-03  9.664366859304468e-02  9.468836362369355e-01  9.664366859304468e-02  2.204369365800130e-01  9.664366859304468e-02  1.854402887840651e-03 
 1.006436685930447e-01  1.369903391285969e+00  1.006436685930447e-01  1.418793636343191e+00  1.006436685930447e-01  8.758054742538817e-01  1.006436685930447e-01  2.293337953115411e-01  1.006436685930447e-01  2.042592768831833e-03  1.006436685930447e-01  9.483228469227264e-01  1.006436685930447e-01  2.202519782454987e-01  1.006436685930447e-01  1.850584475105581e-03 
 1.046436685930447e-01  1.368933033272819e+00  1.046436685930447e-01  1.419765912312518e+00  1.046436685930447e-01  8.743631559086802e-01  1.046436685930447e-01  2.295098880688762e-01  1.046436685930447e-01  2.046403688254979e-03  1.046436685930447e-01  9.497619530381111e-01  1.046436685930447e-01  2.200668267068706e-01  1.046436685930447e-01  1.846766023107107e-03 
 1.086436685930447e-01  1.367962741295504e+00  1.086436685930447e-01  1.420738197088004e+00  1.086436685930447e-01  8.729208188502048e-01  1.086436685930447e-01  2.296858210426218e-01  1.086436685930447e-01  2.050214348332826e-03  1.086436685930447e-01  9.512009527669771e-01  1.086436685930447e-01  2.198814812908426e-01  1.086436685930447e-01  1.842947536517969e-03 
 1.126436685930447e-01  1.366992516547416e+00  1.126436685930447e-01  1.421710489474229e+00  1.126436685930447e-01  8.714784649009026e-01  1.126436685930447e-01  2.298615948370247e-01  1.126436685930447e-01  2.054024744378558e-03  1.126436685930447e-01  9.526398442883797e-01  1.126436685930447e-01  2.196959413231959e-01  1.126436685930447e-01  1.839129020032731e-03 
 1.166436685930447e-01  1.366022360228765e+00  1.166436685930447e-01  1.422682788295403e+00  1.166436685930447e-01  8.700360958892129e-01  1.166436685930447e-01  2.300372100545910e-01  1.166436685930447e-01  2.057834871678572e-03  1.166436685930447e-01  9.540786257933689e-01  1.166436685930447e-01  2.195102061242386e-01  1.166436685930447e-01  1.835310478268890e-03 
 1.206436685930447e-01  1.365052273537091e+00  1.206436685930447e-01  1.423655092355813e+00  1.206436685930447e-01  8.685937136431977e-01  1.206436685930447e-01  2.302126672977132e-01  1.206436685930447e-01  2.061644725529762e-03  1.206436685930447e-01  9.555172954584521e-01  1.206436685930447e-01  2.193242750158653e-01  1.206436685930447e-01  1.831491915922142e-03 
 1.246436685930447e-01  1.364082257677979e+00  1.246436685930447e-01  1.424627400483813e+00  1.246436685930447e-01  8.671513199978329e-01  1.246436685930447e-01  2.303879671668931e-01  1.246436685930447e-01  2.065454301197417e-03  1.246436685930447e-01  9.569558514750058e-01  1.246436685930447e-01  2.191381473136383e-01  1.246436685930447e-01  1.827673337593664e-03 
 1.286436685930447e-01  1.363112313852135e+00  1.286436685930447e-01  1.425599711478113e+00  1.286436685930447e-01  8.657089167863308e-01  1.286436685930447e-01  2.305631102629407e-01  1.286436685930447e-01  2.069263593965989e-03  1.286436685930447e-01  9.583942920132825e-01  1.286436685930447e-01  2.189518223364131e-01  1.286436685930447e-01  1.823854748001059e-03 
 1.326436685930447e-01  1.362142443262883e+00  1.326436685930447e-01  1.426572024138548e+00  1.326436685930447e-01  8.642665058452477e-01  1.326436685930447e-01  2.307380971857381e-01  1.326436685930447e-01  2.073072599109639e-03  1.326436685930447e-01  9.598326152429556e-01  1.326436685930447e-01  2.187652994007930e-01  1.326436685930447e-01  1.820036151857494e-03 
 1.366436685930447e-01  1.361172647118504e+00  1.366436685930447e-01  1.427544337275266e+00  1.366436685930447e-01  8.628240890161285e-01  1.366436685930447e-01  2.309129285338770e-01  1.366436685930447e-01  2.076881311883055e-03  1.366436685930447e-01  9.612708193392248e-01  1.366436685930447e-01  2.185785778194421e-01  1.366436685930447e-01  1.816217553835618e-03 
 1.406436685930447e-01  1.360202926629516e+00  1.406436685930447e-01  1.428516649697294e+00  1.406436685930447e-01  8.613816681437138e-01  1.406436685930447e-01  2.310876049051435e-01  1.406436685930447e-01  2.080689727532187e-03  1.406436685930447e-01  9.627089024751150e-01  1.406436685930447e-01  2.183916569031171e-01  1.406436685930447e-01  1.812398958612487e-03 
 1.446436685930447e-01  1.359233283007464e+00  1.446436685930447e-01  1.429488960207245e+00  1.446436685930447e-01  8.599392450751683e-01  1.446436685930447e-01  2.312621268967425e-01  1.446436685930447e-01  2.084497841298875e-03  1.446436685930447e-01  9.641468628178936e-01  1.446436685930447e-01  2.182045359615981e-01  1.446436685930447e-01  1.808580370890335e-03 
 1.486436685930447e-01  1.358263717467318e+00  1.486436685930447e-01  1.430461267610843e+00  1.486436685930447e-01  8.584968216617672e-01  1.486436685930447e-01  2.314364951049290e-01  1.486436685930447e-01  2.088305648411567e-03  1.486436685930447e-01  9.655846985353944e-01  1.486436685930447e-01  2.180172143019426e-01  1.486436685930447e-01  1.804761795359126e-03 
 1.526436685930447e-01  1.357294231222474e+00  1.526436685930447e-01  1.431433570696097e+00  1.526436685930447e-01  8.570543997555535e-01  1.526436685930447e-01  2.316107101258661e-01  1.526436685930447e-01  2.092113144104864e-03  1.526436685930447e-01  9.670224077820623e-01  1.526436685930447e-01  2.178296912322408e-01  1.526436685930447e-01  1.800943236778478e-03 
 1.566436685930447e-01  1.356324825490086e+00  1.566436685930447e-01  1.432405868254995e+00  1.566436685930447e-01  8.556119812130074e-01  1.566436685930447e-01  2.317847725547621e-01  1.566436685930447e-01  2.095920323598609e-03  1.566436685930447e-01  9.684599887133956e-01  1.566436685930447e-01  2.176419660576582e-01  1.566436685930447e-01  1.797124699892292e-03 
 1.606436685930447e-01  1.355355501495801e+00  1.606436685930447e-01  1.433378159102461e+00  1.606436685930447e-01  8.541695678982993e-01  1.606436685930447e-01  2.319586829851121e-01  1.606436685930447e-01  2.099727182079312e-03  1.606436685930447e-01  9.698974394985640e-01  1.606436685930447e-01  2.174540380769594e-01  1.606436685930447e-01  1.793306189354395e-03 
 1.646436685930447e-01  1.354386260460069e+00  1.646436685930447e-01  1.434350442019988e+00  1.646436685930447e-01  8.527271616740784e-01  1.646436685930447e-01  2.321324420110032e-01  1.646436685930447e-01  2.103533714753844e-03  1.646436685930447e-01  9.713347582827178e-01  1.646436685930447e-01  2.172659065927252e-01  1.646436685930447e-01  1.789487709949914e-03 
 1.686436685930447e-01  1.353417103607427e+00  1.686436685930447e-01  1.435322715793343e+00  1.686436685930447e-01  8.512847644078105e-01  1.686436685930447e-01  2.323060502255976e-01  1.686436685930447e-01  2.107339916813075e-03  1.686436685930447e-01  9.727719432121240e-01  1.686436685930447e-01  2.170775709044841e-01  1.686436685930447e-01  1.785669266447180e-03 
 1.726436685930448e-01  1.352448032167388e+00  1.726436685930448e-01  1.436294979215996e+00  1.726436685930448e-01  8.498423779724404e-01  1.726436685930448e-01  2.324795082210118e-01  1.726436685930448e-01  2.111145783428310e-03  1.726436685930448e-01  9.742089924364072e-01  1.726436685930448e-01  2.168890303080547e-01  1.726436685930448e-01  1.781850863584255e-03 
 1.766436685930448e-01  1.351479047370558e+00  1.766436685930448e-01  1.437267231072757e+00  1.766436685930448e-01  8.484000042438007e-01  1.766436685930448e-01  2.326528165889898e-01  1.766436685930448e-01  2.114951309766544e-03  1.766436685930448e-01  9.756459040975849e-01  1.766436685930448e-01  2.167002840985004e-01  1.766436685930448e-01  1.778032506133180e-03 
 1.806436685930448e-01  1.350510150453481e+00  1.806436685930448e-01  1.438239470159466e+00  1.806436685930448e-01  8.469576451039712e-01  1.806436685930448e-01  2.328259759201308e-01  1.806436685930448e-01  2.118756490971513e-03  1.806436685930448e-01  9.770826763431485e-01  1.806436685930448e-01  2.165113315665096e-01  1.806436685930448e-01  1.774214198822698e-03 
 1.846436685930448e-01  1.349541342647126e+00  1.846436685930448e-01  1.439211695235431e+00  1.846436685930448e-01  8.455153024335096e-01  1.846436685930448e-01  2.329989868058175e-01  1.846436685930448e-01  2.122561322208740e-03  1.846436685930448e-01  9.785193072943099e-01  1.846436685930448e-01  2.163221720070736e-01  1.846436685930448e-01  1.770395946524998e-03 
 1.886436685930448e-01  1.348572625195615e+00  1.886436685930448e-01  1.440183905099750e+00  1.886436685930448e-01  8.440729781242184e-01  1.886436685930448e-01  2.331718498351516e-01  1.886436685930448e-01  2.126365798592205e-03  1.886436685930448e-01  9.799557950968453e-01  1.886436685930448e-01  2.161328047054899e-01  1.886436685930448e-01  1.766577753955963e-03 
 1.926436685930448e-01  1.347603999337412e+00  1.926436685930448e-01  1.441156098514145e+00  1.926436685930448e-01  8.426306740664368e-01  1.926436685930448e-01  2.333445655980879e-01  1.926436685930448e-01  2.130169915258014e-03  1.926436685930448e-01  9.813921378695922e-01  1.926436685930448e-01  2.159432289514761e-01  1.926436685930448e-01  1.762759625978317e-03 
 1.966436685930448e-01  1.346635466320304e+00  1.966436685930448e-01  1.442128274263801e+00  1.966436685930448e-01  8.411883921592593e-01  1.966436685930448e-01  2.335171346829926e-01  1.966436685930448e-01  2.133973667305759e-03  1.966436685930448e-01  9.828283337449746e-01  1.966436685930448e-01  2.157534440279826e-01  1.966436685930448e-01  1.758941567362553e-03 
 2.006436685930448e-01  1.345667027392917e+00  2.006436685930448e-01  1.443100431122383e+00  2.006436685930448e-01  8.397461343048402e-01  2.006436685930448e-01  2.336895576780671e-01  2.006436685930448e-01  2.137777049831630e-03  2.006436685930448e-01  9.842643808456242e-01  2.006436685930448e-01  2.155634492175876e-01  2.006436685930448e-01  1.755123582924415e-03 
 2.046436685930448e-01  1.344698683804054e+00  2.046436685930448e-01  1.444072567849123e+00  2.046436685930448e-01  8.383039024079997e-01  2.046436685930448e-01  2.338618351714904e-01  2.046436685930448e-01  2.141580057931189e-03  2.046436685930448e-01  9.857002772824095e-01  2.046436685930448e-01  2.153732438030219e-01  2.046436685930448e-01  1.751305677536345e-03 
 2.086436685930448e-01  1.343730436806817e+00  2.086436685930448e-01  1.445044683205163e+00  2.086436685930448e-01  8.368616983790751e-01  2.086436685930448e-01  2.340339677507648e-01  2.086436685930448e-01  2.145382686683095e-03  2.086436685930448e-01  9.871360211652712e-01  2.086436685930448e-01  2.151828270641331e-01  2.086436685930448e-01  1.747487856063219e-03 
 2.126436685930448e-01  1.342762287661197e+00  2.126436685930448e-01  1.446016775963918e+00  2.126436685930448e-01  8.354195241357382e-01  2.126436685930448e-01  2.342059560023224e-01  2.126436685930448e-01  2.149184931138961e-03  2.126436685930448e-01  9.885716106100777e-01  2.126436685930448e-01  2.149921982759428e-01  2.126436685930448e-01  1.743670123321742e-03 
 2.166436685930448e-01  1.341794237630542e+00  2.166436685930448e-01  1.446988844896277e+00  2.166436685930448e-01  8.339773816006575e-01  2.166436685930448e-01  2.343778005121329e-01  2.166436685930448e-01  2.152986786337165e-03  2.166436685930448e-01  9.900070437287145e-01  2.166436685930448e-01  2.148013567113410e-01  2.166436685930448e-01  1.739852484138490e-03 
 2.206436685930448e-01  1.340826287972225e+00  2.206436685930448e-01  1.447960888732298e+00  2.206436685930448e-01  8.325352726952261e-01  2.206436685930448e-01  2.345495018672696e-01  2.206436685930448e-01  2.156788247339629e-03  2.206436685930448e-01  9.914423186035541e-01  2.206436685930448e-01  2.146103016481704e-01  2.206436685930448e-01  1.736034943500421e-03 
 2.246436685930448e-01  1.339858439958359e+00  2.246436685930448e-01  1.448932906245181e+00  2.246436685930448e-01  8.310931993536735e-01  2.246436685930448e-01  2.347210606525345e-01  2.246436685930448e-01  2.160589309150357e-03  2.246436685930448e-01  9.928774333432914e-01  2.246436685930448e-01  2.144190323536443e-01  2.246436685930448e-01  1.732217506225001e-03 
 2.286436685930448e-01  1.338890694859891e+00  2.286436685930448e-01  1.449904896186323e+00  2.286436685930448e-01  8.296511635123319e-01  2.286436685930448e-01  2.348924774530985e-01  2.286436685930448e-01  2.164389966777903e-03  2.286436685930448e-01  9.943123860396731e-01  2.286436685930448e-01  2.142275480963491e-01  2.286436685930448e-01  1.728400177215329e-03 
 2.326436685930448e-01  1.337923053948887e+00  2.326436685930448e-01  1.450876857294101e+00  2.326436685930448e-01  8.282091671112497e-01  2.326436685930448e-01  2.350637528541580e-01  2.326436685930448e-01  2.168190215226448e-03  2.326436685930448e-01  9.957471747733104e-01  2.326436685930448e-01  2.140358481446030e-01  2.326436685930448e-01  1.724582961425604e-03 
 2.366436685930448e-01  1.336955518506314e+00  2.366436685930448e-01  1.451848788325354e+00  2.366436685930448e-01  8.267672120995299e-01  2.366436685930448e-01  2.352348874396895e-01  2.366436685930448e-01  2.171990049465207e-03  2.366436685930448e-01  9.971817976345579e-01  2.366436685930448e-01  2.138439317605766e-01  2.366436685930448e-01  1.720765863737569e-03 
 2.406436685930448e-01  1.335988089810491e+00  2.406436685930448e-01  1.452820688007948e+00  2.406436685930448e-01  8.253253004275612e-01  2.406436685930448e-01  2.354058817943697e-01  2.406436685930448e-01  2.175789464473797e-03  2.406436685930448e-01  9.986162526919256e-01  2.406436685930448e-01  2.136517982090887e-01  2.406436685930448e-01  1.716948889146603e-03 
 2.446436685930448e-01  1.335020769148784e+00  2.446436685930448e-01  1.453792555088121e+00  2.446436685930448e-01  8.238834340549988e-01  2.446436685930448e-01  2.355767365016957e-01  2.446436685930448e-01  2.179588455196333e-03  2.446436685930448e-01  1.000050538023518e+00  2.446436685930448e-01  2.134594467487734e-01  2.446436685930448e-01  1.713132042576051e-03 
 2.486436685930448e-01  1.334053557812544e+00  2.486436685930448e-01  1.454764388309384e+00  2.486436685930448e-01  8.224416149474126e-01  2.486436685930448e-01  2.357474521448406e-01  2.486436685930448e-01  2.183387016561226e-03  2.486436685930448e-01  1.001484651702941e+00  2.486436685930448e-01  2.132668766359670e-01  2.486436685930448e-01  1.709315328959866e-03 
 2.526436685930448e-01  1.333086457090884e+00  2.526436685930448e-01  1.455736186387190e+00  2.526436685930448e-01  8.209998450721121e-01  2.526436685930448e-01  2.359180293077019e-01  2.526436685930448e-01  2.187185143505729e-03  2.526436685930448e-01  1.002918591782445e+00  2.526436685930448e-01  2.130740871294367e-01  2.526436685930448e-01  1.705498753342218e-03 
 2.566436685930448e-01  1.332119468282198e+00  2.566436685930448e-01  1.456707948055029e+00  2.566436685930448e-01  8.195581264060284e-01  2.566436685930448e-01  2.360884685730513e-01  2.566436685930448e-01  2.190982830930605e-03  2.566436685930448e-01  1.004352356323485e+00  2.566436685930448e-01  2.128810774817298e-01  2.566436685930448e-01  1.701682320696397e-03 
 2.606436685930448e-01  1.331152592688951e+00  2.606436685930448e-01  1.457679672043162e+00  2.606436685930448e-01  8.181164609322513e-01  2.606436685930448e-01  2.362587705234186e-01  2.606436685930448e-01  2.194780073720654e-03  2.606436685930448e-01  1.005785943382553e+00  2.606436685930448e-01  2.126878469431195e-01  2.606436685930448e-01  1.697866036008357e-03 
 2.646436685930448e-01  1.330185831614046e+00  2.646436685930448e-01  1.458651357063476e+00  2.646436685930448e-01  8.166748506376117e-01  2.646436685930448e-01  2.364289357417123e-01  2.646436685930448e-01  2.198576866758935e-03  2.646436685930448e-01  1.007219351001073e+00  2.646436685930448e-01  2.124943947644290e-01  2.646436685930448e-01  1.694049904336194e-03 
 2.686436685930448e-01  1.329219186367827e+00  2.686436685930448e-01  1.459623001837517e+00  2.686436685930448e-01  8.152332975175121e-01  2.686436685930448e-01  2.365989648101122e-01  2.686436685930448e-01  2.202373204899276e-03  2.686436685930448e-01  1.008652577223964e+00  2.686436685930448e-01  2.123007201917422e-01  2.686436685930448e-01  1.690233930700062e-03 
 2.726436685930448e-01  1.328252658262727e+00  2.726436685930448e-01  1.460594605074411e+00  2.726436685930448e-01  8.137918035723564e-01  2.726436685930448e-01  2.367688583109742e-01  2.726436685930448e-01  2.206169082987368e-03  2.726436685930448e-01  1.010085620084932e+00  2.726436685930448e-01  2.121068224705253e-01  2.726436685930448e-01  1.686418120168852e-03 
 2.766436685930448e-01  1.327286248618751e+00  2.766436685930448e-01  1.461566165492833e+00  2.766436685930448e-01  8.123503708113357e-01  2.766436685930448e-01  2.369386168259676e-01  2.766436685930448e-01  2.209964495839073e-03  2.766436685930448e-01  1.011518477620999e+00  2.766436685930448e-01  2.119127008414635e-01  2.766436685930448e-01  1.682602477773958e-03 
 2.806436685930448e-01  1.326319958756724e+00  2.806436685930448e-01  1.462537681793190e+00  2.806436685930448e-01  8.109090012479080e-01  2.806436685930448e-01  2.371082409372076e-01  2.806436685930448e-01  2.213759438267076e-03  2.806436685930448e-01  1.012951147854007e+00  2.806436685930448e-01  2.117183545456784e-01  2.806436685930448e-01  1.678787008618477e-03 
 2.846436685930449e-01  1.325353790000048e+00  2.846436685930449e-01  1.463509152664464e+00  2.846436685930449e-01  8.094676969010657e-01  2.846436685930449e-01  2.372777312269996e-01  2.846436685930449e-01  2.217553905073981e-03  2.846436685930449e-01  1.014383628795110e+00  2.846436685930449e-01  2.115237828234245e-01  2.846436685930449e-01  1.674971717850329e-03 
 2.886436685930449e-01  1.324387743683241e+00  2.886436685930449e-01  1.464480576818324e+00  2.886436685930449e-01  8.080264598011900e-01  2.886436685930449e-01  2.374470882764889e-01  2.886436685930449e-01  2.221347891018642e-03  2.886436685930449e-01  1.015815918467326e+00  2.886436685930449e-01  2.113289849076038e-01  2.886436685930449e-01  1.671156610528371e-03 
 2.926436685930449e-01  1.323421821140974e+00  2.926436685930449e-01  1.465451952944461e+00  2.926436685930449e-01  8.065852919826880e-01  2.926436685930449e-01  2.376163126674723e-01  2.926436685930449e-01  2.225141390859386e-03  2.926436685930449e-01  1.017248014875895e+00  2.926436685930449e-01  2.111339600321868e-01  2.926436685930449e-01  1.667341691797715e-03 
 2.966436685930449e-01  1.322456023712464e+00  2.966436685930449e-01  1.466423279727985e+00  2.966436685930449e-01  8.051441954870345e-01  2.966436685930449e-01  2.377854049817168e-01  2.966436685930449e-01  2.228934399336665e-03  2.966436685930449e-01  1.018679916019752e+00  2.966436685930449e-01  2.109387074289021e-01  2.966436685930449e-01  1.663526966821447e-03 
 3.006436685930449e-01  1.321490352744117e+00  3.006436685930449e-01  1.467394555859771e+00  3.006436685930449e-01  8.037031723646378e-01  3.006436685930449e-01  2.379543658005686e-01  3.006436685930449e-01  2.232726911162692e-03  3.006436685930449e-01  1.020111619898326e+00  3.006436685930449e-01  2.107432263252378e-01  3.006436685930449e-01  1.659712440739973e-03 
 3.046436685930449e-01  1.320524809583775e+00  3.046436685930449e-01  1.468365780012772e+00  3.046436685930449e-01  8.022622246710075e-01  3.046436685930449e-01  2.381231957059143e-01  3.046436685930449e-01  2.236518921044053e-03  3.046436685930449e-01  1.021543124495820e+00  3.046436685930449e-01  2.105475159489241e-01  3.046436685930449e-01  1.655898118764101e-03 
 3.086436685930449e-01  1.319559395588363e+00  3.086436685930449e-01  1.469336950872519e+00  3.086436685930449e-01  8.008213544720107e-01  3.086436685930449e-01  2.382918952789829e-01  3.086436685930449e-01  2.240310423651641e-03  3.086436685930449e-01  1.022974427801324e+00  3.086436685930449e-01  2.103515755220934e-01  3.086436685930449e-01  1.652084006055157e-03 
 3.126436685930449e-01  1.318594112112704e+00  3.126436685930449e-01  1.470308067091789e+00  3.126436685930449e-01  7.993805638363551e-01  3.126436685930449e-01  2.384604651021800e-01  3.126436685930449e-01  2.244101413664619e-03  3.126436685930449e-01  1.024405527778803e+00  3.126436685930449e-01  2.101554042699100e-01  3.126436685930449e-01  1.648270107903163e-03 
 3.166436685930449e-01  1.317628960523793e+00  3.166436685930449e-01  1.471279127347531e+00  3.166436685930449e-01  7.979398548453490e-01  3.166436685930449e-01  2.386289057568267e-01  3.166436685930449e-01  2.247891885714341e-03  3.166436685930449e-01  1.025836422404671e+00  3.166436685930449e-01  2.099590014096666e-01  3.166436685930449e-01  1.644456429503065e-03 
 3.206436685930449e-01  1.316663942192981e+00  3.206436685930449e-01  1.472250130309093e+00  3.206436685930449e-01  7.964992295876707e-01  3.206436685930449e-01  2.387972178244543e-01  3.206436685930449e-01  2.251681834415074e-03  3.206436685930449e-01  1.027267109646736e+00  3.206436685930449e-01  2.097623661568258e-01  3.206436685930449e-01  1.640642976079758e-03 
 3.246436685930449e-01  1.315699058490171e+00  3.246436685930449e-01  1.473221074614624e+00  3.246436685930449e-01  7.950586901554936e-01  3.246436685930449e-01  2.389654018877648e-01  3.246436685930449e-01  2.255471254386730e-03  3.246436685930449e-01  1.028697587448562e+00  3.246436685930449e-01  2.095654977295207e-01  3.246436685930449e-01  1.636829752980543e-03 
 3.286436685930449e-01  1.314734310799793e+00  3.286436685930449e-01  1.474191958934652e+00  3.286436685930449e-01  7.936182386554169e-01  3.286436685930449e-01  2.391334585281091e-01  3.286436685930449e-01  2.259260140192195e-03  3.286436685930449e-01  1.030127853771417e+00  3.286436685930449e-01  2.093683953363387e-01  3.286436685930449e-01  1.633016765425571e-03 
 3.326436685930449e-01  1.313769700504611e+00  3.326436685930449e-01  1.475162781906859e+00  3.326436685930449e-01  7.921778771975392e-01  3.326436685930449e-01  2.393013883281165e-01  3.326436685930449e-01  2.263048486400916e-03  3.326436685930449e-01  1.031557906551137e+00  3.326436685930449e-01  2.091710581888107e-01  3.326436685930449e-01  1.629204018764002e-03 
 3.366436685930449e-01  1.312805228994088e+00  3.366436685930449e-01  1.476133542169198e+00  3.366436685930449e-01  7.907376079012124e-01  3.366436685930449e-01  2.394691918703899e-01  3.366436685930449e-01  2.266836287556002e-03  3.366436685930449e-01  1.032987743719949e+00  3.366436685930449e-01  2.089734854950268e-01  3.366436685930449e-01  1.625391518343823e-03 
 3.406436685930449e-01  1.311840897664921e+00  3.406436685930449e-01  1.477104238361631e+00  3.406436685930449e-01  7.892974328954848e-01  3.406436685930449e-01  2.396368697374562e-01  3.406436685930449e-01  2.270623538172133e-03  3.406436685930449e-01  1.034417363207565e+00  3.406436685930449e-01  2.087756764592734e-01  3.406436685930449e-01  1.621579269505145e-03 
 3.446436685930449e-01  1.310876707920147e+00  3.446436685930449e-01  1.478074869122094e+00  3.446436685930449e-01  7.878573543185762e-01  3.446436685930449e-01  2.398044225119506e-01  3.446436685930449e-01  2.274410232739156e-03  3.446436685930449e-01  1.035846762938457e+00  3.446436685930449e-01  2.085776302827748e-01  3.446436685930449e-01  1.617767277596022e-03 
 3.486436685930449e-01  1.309912661166292e+00  3.486436685930449e-01  1.479045433074850e+00  3.486436685930449e-01  7.864173743160087e-01  3.486436685930449e-01  2.399718507771037e-01  3.486436685930449e-01  2.278196365733151e-03  3.486436685930449e-01  1.037275940824126e+00  3.486436685930449e-01  2.083793461659161e-01  3.486436685930449e-01  1.613955548018130e-03 
 3.526436685930449e-01  1.308948758812817e+00  3.526436685930449e-01  1.480015928827696e+00  3.526436685930449e-01  7.849774950403102e-01  3.526436685930449e-01  2.401391551168680e-01  3.526436685930449e-01  2.281981931618699e-03  3.526436685930449e-01  1.038704894761213e+00  3.526436685930449e-01  2.081808233087735e-01  3.526436685930449e-01  1.610144086237838e-03 
 3.566436685930449e-01  1.307985002283121e+00  3.566436685930449e-01  1.480986355015594e+00  3.566436685930449e-01  7.835377186585821e-01  3.566436685930449e-01  2.403063361142036e-01  3.566436685930449e-01  2.285766924805648e-03  3.566436685930449e-01  1.040133622660199e+00  3.566436685930449e-01  2.079820609026231e-01  3.566436685930449e-01  1.606332897614743e-03 
 3.606436685930449e-01  1.307021392999093e+00  3.606436685930449e-01  1.481956710238605e+00  3.606436685930449e-01  7.820980473420677e-01  3.606436685930449e-01  2.404733943535751e-01  3.606436685930449e-01  2.289551339709751e-03  3.606436685930449e-01  1.041562122404455e+00  3.606436685930449e-01  2.077830581419452e-01  3.606436685930449e-01  1.602521987645530e-03 
 3.646436685930449e-01  1.306057932391784e+00  3.646436685930449e-01  1.482926993104021e+00  3.646436685930449e-01  7.806584832734903e-01  3.646436685930449e-01  2.406403304192925e-01  3.646436685930449e-01  2.293335170710812e-03  3.646436685930449e-01  1.042990391877938e+00  3.646436685930449e-01  2.075838142162284e-01  3.646436685930449e-01  1.598711361798417e-03 
 3.686436685930449e-01  1.305094621895539e+00  3.686436685930449e-01  1.483897202202561e+00  3.686436685930449e-01  7.792190286431480e-01  3.686436685930449e-01  2.408071448964796e-01  3.686436685930449e-01  2.297118412175661e-03  3.686436685930449e-01  1.044418428949470e+00  3.686436685930449e-01  2.073843283145691e-01  3.686436685930449e-01  1.594901025606680e-03 
 3.726436685930449e-01  1.304131462955913e+00  3.726436685930449e-01  1.484867336139527e+00  3.726436685930449e-01  7.777796856543822e-01  3.726436685930449e-01  2.409738383698603e-01  3.726436685930449e-01  2.300901058427140e-03  3.726436685930449e-01  1.045846231493188e+00  3.726436685930449e-01  2.071845996195726e-01  3.726436685930449e-01  1.591090984546308e-03 
 3.766436685930449e-01  1.303168457019975e+00  3.766436685930449e-01  1.485837393495691e+00  3.766436685930449e-01  7.763404565170624e-01  3.766436685930449e-01  2.411404114253328e-01  3.766436685930449e-01  2.304683103782112e-03  3.766436685930449e-01  1.047273797362743e+00  3.766436685930449e-01  2.069846273149497e-01  3.766436685930449e-01  1.587281244189599e-03 
 3.806436685930449e-01  1.302205605541417e+00  3.806436685930449e-01  1.486807372847298e+00  3.806436685930449e-01  7.749013434511433e-01  3.806436685930449e-01  2.413068646492012e-01  3.806436685930449e-01  2.308464542531460e-03  3.806436685930449e-01  1.048701124404414e+00  3.806436685930449e-01  2.067844105815943e-01  3.806436685930449e-01  1.583471810126545e-03 
 3.846436685930449e-01  1.301242909984768e+00  3.846436685930449e-01  1.487777272782328e+00  3.846436685930449e-01  7.734623486896226e-01  3.846436685930449e-01  2.414731986275465e-01  3.846436685930449e-01  2.312245368923486e-03  3.846436685930449e-01  1.050128210467750e+00  3.846436685930449e-01  2.065839485943669e-01  3.846436685930449e-01  1.579662687901088e-03 
 3.886436685930449e-01  1.300280371815025e+00  3.886436685930449e-01  1.488747091858860e+00  3.886436685930449e-01  7.720234744715709e-01  3.886436685930449e-01  2.416394139479089e-01  3.886436685930449e-01  2.316025577204644e-03  3.886436685930449e-01  1.051555053378118e+00  3.886436685930449e-01  2.063832405302184e-01  3.886436685930449e-01  1.575853883174495e-03 
 3.926436685930449e-01  1.299317992508155e+00  3.926436685930449e-01  1.489716828646377e+00  3.926436685930449e-01  7.705847230493662e-01  3.926436685930449e-01  2.418055111976690e-01  3.926436685930449e-01  2.319805161578351e-03  3.926436685930449e-01  1.052981650963829e+00  3.926436685930449e-01  2.061822855600739e-01  3.926436685930449e-01  1.572045401563299e-03 
 3.966436685930450e-01  1.298355773544753e+00  3.966436685930450e-01  1.490686481700116e+00  3.966436685930450e-01  7.691460966844593e-01  3.966436685930450e-01  2.419714909650867e-01  3.966436685930450e-01  2.323584116229778e-03  3.966436685930450e-01  1.054408001039190e+00  3.966436685930450e-01  2.059810828538270e-01  3.966436685930450e-01  1.568237248739842e-03 
 4.006436685930450e-01  1.297393716414020e+00  4.006436685930450e-01  1.491656049576447e+00  4.006436685930450e-01  7.677075976501829e-01  4.006436685930450e-01  2.421373538387212e-01  4.006436685930450e-01  2.327362435310376e-03  4.006436685930450e-01  1.055834101414580e+00  4.006436685930450e-01  2.057796315772957e-01  4.006436685930450e-01  1.564429430372053e-03 
 4.046436685930450e-01  1.296431822605720e+00  4.046436685930450e-01  1.492625530800533e+00  4.046436685930450e-01  7.662692282263525e-01  4.046436685930450e-01  2.423031004087345e-01  4.046436685930450e-01  2.331140112969321e-03  4.046436685930450e-01  1.057259949875136e+00  4.046436685930450e-01  2.055779308985707e-01  4.046436685930450e-01  1.560621952250353e-03 
 4.086436685930450e-01  1.295470093626241e+00  4.086436685930450e-01  1.493594923929467e+00  4.086436685930450e-01  7.648309907103028e-01  4.086436685930450e-01  2.424687312644067e-01  4.086436685930450e-01  2.334917143290542e-03  4.086436685930450e-01  1.058685544222170e+00  4.086436685930450e-01  2.053759799755288e-01  4.086436685930450e-01  1.556814820039754e-03 
 4.126436685930450e-01  1.294508530981439e+00  4.126436685930450e-01  1.494564227483921e+00  4.126436685930450e-01  7.633928874052933e-01  4.126436685930450e-01  2.426342469968780e-01  4.126436685930450e-01  2.338693520360001e-03  4.126436685930450e-01  1.060110882228214e+00  4.126436685930450e-01  2.051737779692947e-01  4.126436685930450e-01  1.553008039548206e-03 
 4.166436685930450e-01  1.293547136186145e+00  4.166436685930450e-01  1.495533439985325e+00  4.166436685930450e-01  7.619549206270783e-01  4.166436685930450e-01  2.427996481977001e-01  4.166436685930450e-01  2.342469238228502e-03  4.166436685930450e-01  1.061535961661390e+00  4.166436685930450e-01  2.049713240368811e-01  4.166436685930450e-01  1.549201616580740e-03 
 4.206436685930450e-01  1.292585910765444e+00  4.206436685930450e-01  1.496502559960383e+00  4.206436685930450e-01  7.605170927048701e-01  4.206436685930450e-01  2.429649354586723e-01  4.206436685930450e-01  2.346244290906514e-03  4.206436685930450e-01  1.062960780288292e+00  4.206436685930450e-01  2.047686173302427e-01  4.206436685930450e-01  1.545395556921507e-03 
 4.246436685930450e-01  1.291624856248791e+00  4.246436685930450e-01  1.497471585917480e+00  4.246436685930450e-01  7.590794059774276e-01  4.246436685930450e-01  2.431301093728145e-01  4.246436685930450e-01  2.350018672387334e-03  4.246436685930450e-01  1.064385335858468e+00  4.246436685930450e-01  2.045656570009388e-01  4.246436685930450e-01  1.541589866426684e-03 
 4.286436685930450e-01  1.290663974172369e+00  4.286436685930450e-01  1.498440516355404e+00  4.286436685930450e-01  7.576418627947584e-01  4.286436685930450e-01  2.432951705340407e-01  4.286436685930450e-01  2.353792376637890e-03  4.286436685930450e-01  1.065809626110067e+00  4.286436685930450e-01  2.043624421983743e-01  4.286436685930450e-01  1.537784550990049e-03 
 4.326436685930450e-01  1.289703266081731e+00  4.326436685930450e-01  1.499409349773361e+00  4.326436685930450e-01  7.562044655200152e-01  4.326436685930450e-01  2.434601195367869e-01  4.326436685930450e-01  2.357565397588261e-03  4.326436685930450e-01  1.067233648776360e+00  4.326436685930450e-01  2.041589720677770e-01  4.326436685930450e-01  1.533979616503677e-03 
 4.366436685930450e-01  1.288742733529110e+00  4.366436685930450e-01  1.500378084659852e+00  4.366436685930450e-01  7.547672165277671e-01  4.366436685930450e-01  2.436249569764804e-01  4.366436685930450e-01  2.361337729142311e-03  4.366436685930450e-01  1.068657401578373e+00  4.366436685930450e-01  2.039552457523821e-01  4.366436685930450e-01  1.530175068901647e-03 
 4.406436685930450e-01  1.287782378073634e+00  4.406436685930450e-01  1.501346719493073e+00  4.406436685930450e-01  7.533301182042370e-01  4.406436685930450e-01  2.437896834495516e-01  4.406436685930450e-01  2.365109365176831e-03  4.406436685930450e-01  1.070080882225108e+00  4.406436685930450e-01  2.037512623933339e-01  4.406436685930450e-01  1.526370914158531e-03 
 4.446436685930450e-01  1.286822201283448e+00  4.446436685930450e-01  1.502315252748759e+00  4.446436685930450e-01  7.518931729488577e-01  4.446436685930450e-01  2.439542995531458e-01  4.446436685930450e-01  2.368880299533196e-03  4.446436685930450e-01  1.071504088418608e+00  4.446436685930450e-01  2.035470211280788e-01  4.446436685930450e-01  1.522567158258428e-03 
 4.486436685930450e-01  1.285862204736926e+00  4.486436685930450e-01  1.503283682904475e+00  4.486436685930450e-01  7.504563831751911e-01  4.486436685930450e-01  2.441188058849844e-01  4.486436685930450e-01  2.372650526012614e-03  4.486436685930450e-01  1.072927017856695e+00  4.486436685930450e-01  2.033425210894748e-01  4.486436685930450e-01  1.518763807178274e-03 
 4.526436685930450e-01  1.284902390012717e+00  4.526436685930450e-01  1.504252008399953e+00  4.526436685930450e-01  7.490197513042589e-01  4.526436685930450e-01  2.442832030449630e-01  4.526436685930450e-01  2.376420038415180e-03  4.526436685930450e-01  1.074349668206974e+00  4.526436685930450e-01  2.031377614137253e-01  4.526436685930450e-01  1.514960867043508e-03 
 4.566436685930450e-01  1.283942758704761e+00  4.566436685930450e-01  1.505220227695646e+00  4.566436685930450e-01  7.475832797748667e-01  4.566436685930450e-01  2.444474916328563e-01  4.566436685930450e-01  2.380188830480966e-03  4.566436685930450e-01  1.075772037145070e+00  4.566436685930450e-01  2.029327412285992e-01  4.566436685930450e-01  1.511158343898183e-03 
 4.606436685930450e-01  1.282983312414278e+00  4.606436685930450e-01  1.506188339240659e+00  4.606436685930450e-01  7.461469710382674e-01  4.606436685930450e-01  2.446116722496174e-01  4.606436685930450e-01  2.383956895921458e-03  4.606436685930450e-01  1.077194122333581e+00  4.606436685930450e-01  2.027274596598274e-01  4.606436685930450e-01  1.507356243830842e-03 
 4.646436685930450e-01  1.282024052747174e+00  4.646436685930450e-01  1.507156341462185e+00  4.646436685930450e-01  7.447108275564815e-01  4.646436685930450e-01  2.447757454978295e-01  4.646436685930450e-01  2.387724228429728e-03  4.646436685930450e-01  1.078615921415123e+00  4.646436685930450e-01  2.025219158332166e-01  4.646436685930450e-01  1.503554573016034e-03 
 4.686436685930450e-01  1.281064981321312e+00  4.686436685930450e-01  1.508124232793403e+00  4.686436685930450e-01  7.432748518073768e-01  4.686436685930450e-01  2.449397119806215e-01  4.686436685930450e-01  2.391490821651873e-03  4.686436685930450e-01  1.080037432030494e+00  4.686436685930450e-01  2.023161088689946e-01  4.686436685930450e-01  1.499753337604772e-03 
 4.726436685930450e-01  1.280106099760301e+00  4.726436685930450e-01  1.509092011648739e+00  4.726436685930450e-01  7.418390462805382e-01  4.726436685930450e-01  2.451035723026869e-01  4.726436685930450e-01  2.395256669211473e-03  4.726436685930450e-01  1.081458651802450e+00  4.726436685930450e-01  2.021100378867750e-01  4.726436685930450e-01  1.495952543821682e-03 
 4.766436685930450e-01  1.279147409699921e+00  4.766436685930450e-01  1.510059676448312e+00  4.766436685930450e-01  7.404034134817546e-01  4.766436685930450e-01  2.452673270693303e-01  4.766436685930450e-01  2.399021764684226e-03  4.766436685930450e-01  1.082879578351600e+00  4.766436685930450e-01  2.019037020005778e-01  4.766436685930450e-01  1.492152197868941e-03 
 4.806436685930450e-01  1.278188912780083e+00  4.806436685930450e-01  1.511027225586127e+00  4.806436685930450e-01  7.389679559276615e-01  4.806436685930450e-01  2.454309768877745e-01  4.806436685930450e-01  2.402786101629687e-03  4.806436685930450e-01  1.084300209275591e+00  4.806436685930450e-01  2.016971003252528e-01  4.806436685930450e-01  1.488352306051304e-03 
 4.846436685930450e-01  1.277230610651539e+00  4.846436685930450e-01  1.511994657455658e+00  4.846436685930450e-01  7.375326761504174e-01  4.846436685930450e-01  2.455945223661629e-01  4.846436685930450e-01  2.406549673564807e-03  4.846436685930450e-01  1.085720542165723e+00  4.846436685930450e-01  2.014902319712587e-01  4.846436685930450e-01  1.484552874675465e-03 
 4.886436685930450e-01  1.276272504977694e+00  4.886436685930450e-01  1.512961970456431e+00  4.886436685930450e-01  7.360975766990608e-01  4.886436685930450e-01  2.457579641133338e-01  4.886436685930450e-01  2.410312473956827e-03  4.886436685930450e-01  1.087140574611190e+00  4.886436685930450e-01  2.012830960432876e-01  4.886436685930450e-01  1.480753910024397e-03 
 4.926436685930450e-01  1.275314597422959e+00  4.926436685930450e-01  1.513929162948015e+00  4.926436685930450e-01  7.346626601316878e-01  4.926436685930450e-01  2.459213027406782e-01  4.926436685930450e-01  2.414074496269051e-03  4.926436685930450e-01  1.088560304169006e+00  4.926436685930450e-01  2.010756916496079e-01  4.926436685930450e-01  1.476955418537919e-03 
 4.966436685930450e-01  1.274356889667072e+00  4.966436685930450e-01  1.514896233305376e+00  4.966436685930450e-01  7.332279290253256e-01  4.966436685930450e-01  2.460845388599727e-01  4.966436685930450e-01  2.417835733904587e-03  4.966436685930450e-01  1.089979728400028e+00  4.966436685930450e-01  2.008680178907540e-01  4.966436685930450e-01  1.473157406595281e-03 
 5.006436685930450e-01  1.273399383398525e+00  5.006436685930450e-01  1.515863179892551e+00  5.006436685930450e-01  7.317933859715845e-01  5.006436685930450e-01  2.462476730844528e-01  5.006436685930450e-01  2.421596180232178e-03  5.006436685930450e-01  1.091398844851726e+00  5.006436685930450e-01  2.006600738648616e-01  5.006436685930450e-01  1.469359880618678e-03 
 5.046436685930450e-01  1.272442080311690e+00  5.046436685930450e-01  1.516830001051053e+00  5.046436685930450e-01  7.303590335748052e-01  5.046436685930450e-01  2.464107060293092e-01  5.046436685930450e-01  2.425355828597434e-03  5.046436685930450e-01  1.092817651050572e+00  5.046436685930450e-01  2.004518586700143e-01  5.046436685930450e-01  1.465562847118650e-03 
 5.086436685930450e-01  1.271484982115862e+00  5.086436685930450e-01  1.517796695134402e+00  5.086436685930450e-01  7.289248744583550e-01  5.086436685930450e-01  2.465736383103480e-01  5.086436685930450e-01  2.429114672287413e-03  5.086436685930450e-01  1.094236144524451e+00  5.086436685930450e-01  2.002433713971412e-01  5.086436685930450e-01  1.461766312558587e-03 
 5.126436685930450e-01  1.270528090525135e+00  5.126436685930450e-01  1.518763260468215e+00  5.126436685930450e-01  7.274909112578499e-01  5.126436685930450e-01  2.467364705456065e-01  5.126436685930450e-01  2.432872704570269e-03  5.126436685930450e-01  1.095654322776617e+00  5.126436685930450e-01  2.000346111381673e-01  5.126436685930450e-01  1.457970283511369e-03 
 5.166436685930450e-01  1.269571407264706e+00  5.166436685930450e-01  1.519729695374122e+00  5.166436685930450e-01  7.260571466255736e-01  5.166436685930450e-01  2.468992033544391e-01  5.166436685930450e-01  2.436629918670598e-03  5.166436685930450e-01  1.097072183301191e+00  5.166436685930450e-01  1.998255769810831e-01  5.166436685930450e-01  1.454174766565475e-03 
 5.206436685930450e-01  1.268614934068705e+00  5.206436685930450e-01  1.520695998160737e+00  5.206436685930450e-01  7.246235832291315e-01  5.206436685930450e-01  2.470618373579065e-01  5.206436685930450e-01  2.440386307777890e-03  5.206436685930450e-01  1.098489723577222e+00  5.206436685930450e-01  1.996162680117727e-01  5.206436685930450e-01  1.450379768360496e-03 
 5.246436685930450e-01  1.267658672685674e+00  5.246436685930450e-01  1.521662167144398e+00  5.246436685930450e-01  7.231902237553112e-01  5.246436685930450e-01  2.472243731779881e-01  5.246436685930450e-01  2.444141865025029e-03  5.246436685930450e-01  1.099906941082088e+00  5.246436685930450e-01  1.994066833096957e-01  5.246436685930450e-01  1.446585295505607e-03 
 5.286436685930450e-01  1.266702624866052e+00  5.286436685930450e-01  1.522628200599950e+00  5.286436685930450e-01  7.217570709016816e-01  5.286436685930450e-01  2.473868114395714e-01  5.286436685930450e-01  2.447896583537463e-03  5.286436685930450e-01  1.101323833259465e+00  5.286436685930450e-01  1.991968219580289e-01  5.286436685930450e-01  1.442791354772868e-03 
 5.326436685930450e-01  1.265746792382169e+00  5.326436685930450e-01  1.523594096837597e+00  5.326436685930450e-01  7.203241273903569e-01  5.326436685930450e-01  2.475491527674284e-01  5.326436685930450e-01  2.451650456354666e-03  5.326436685930450e-01  1.102740397569144e+00  5.326436685930450e-01  1.989866830277381e-01  5.326436685930450e-01  1.438997952795451e-03 
 5.366436685930450e-01  1.264791177004257e+00  5.366436685930450e-01  1.524559854109520e+00  5.366436685930450e-01  7.188913959517765e-01  5.366436685930450e-01  2.477113977899696e-01  5.366436685930450e-01  2.455403476524334e-03  5.366436685930450e-01  1.104156631426362e+00  5.366436685930450e-01  1.987762655968846e-01  5.366436685930450e-01  1.435205096434307e-03 
 5.406436685930450e-01  1.263835780520376e+00  5.406436685930450e-01  1.525525470686295e+00  5.406436685930450e-01  7.174588793384272e-01  5.406436685930450e-01  2.478735471362381e-01  5.406436685930450e-01  2.459155637024195e-03  5.406436685930450e-01  1.105572532251314e+00  5.406436685930450e-01  1.985655687347666e-01  5.406436685930450e-01  1.431412792478152e-03 
 5.446436685930450e-01  1.262880604728061e+00  5.446436685930450e-01  1.526490944823935e+00  5.446436685930450e-01  7.160265803192817e-01  5.446436685930450e-01  2.480356014372511e-01  5.446436685930450e-01  2.462906930794666e-03  5.446436685930450e-01  1.106988097447700e+00  5.446436685930450e-01  1.983545915087077e-01  5.446436685930450e-01  1.427621047772743e-03 
 5.486436685930450e-01  1.261925651433644e+00  5.486436685930450e-01  1.527456274760771e+00  5.486436685930450e-01  7.145945016794812e-01  5.486436685930450e-01  2.481975613261744e-01  5.486436685930450e-01  2.466657350741747e-03  5.486436685930450e-01  1.108403324400633e+00  5.486436685930450e-01  1.981433329846971e-01  5.486436685930450e-01  1.423829869233350e-03 
 5.526436685930450e-01  1.260970922457778e+00  5.526436685930450e-01  1.528421458737964e+00  5.526436685930450e-01  7.131626462242409e-01  5.526436685930450e-01  2.483594274375254e-01  5.526436685930450e-01  2.470406889715064e-03  5.526436685930450e-01  1.109818210489860e+00  5.526436685930450e-01  1.979317922230663e-01  5.526436685930450e-01  1.420039263763949e-03 
 5.566436685930450e-01  1.260016419626645e+00  5.566436685930450e-01  1.529386494965085e+00  5.566436685930450e-01  7.117310167729967e-01  5.566436685930450e-01  2.485212004085960e-01  5.566436685930450e-01  2.474155540542649e-03  5.566436685930450e-01  1.111232753067385e+00  5.566436685930450e-01  1.977199682856600e-01  5.566436685930450e-01  1.416249238392588e-03 
 5.606436685930450e-01  1.259062144784971e+00  5.606436685930450e-01  1.530351381669579e+00  5.606436685930450e-01  7.102996161684265e-01  5.606436685930450e-01  2.486828808775109e-01  5.606436685930450e-01  2.477903295979603e-03  5.606436685930450e-01  1.112646949489440e+00  5.606436685930450e-01  1.975078602254547e-01  5.606436685930450e-01  1.412459800077058e-03 
 5.646436685930450e-01  1.258108099781523e+00  5.646436685930450e-01  1.531316117040221e+00  5.646436685930450e-01  7.088684472667144e-01  5.646436685930450e-01  2.488444694855232e-01  5.646436685930450e-01  2.481650148765221e-03  5.646436685930450e-01  1.114060797079794e+00  5.646436685930450e-01  1.972954670983667e-01  5.646436685930450e-01  1.408670955926940e-03 
 5.686436685930450e-01  1.257154286479074e+00  5.686436685930450e-01  1.532280699264919e+00  5.686436685930450e-01  7.074375129444830e-01  5.686436685930450e-01  2.490059668755474e-01  5.686436685930450e-01  2.485396091583786e-03  5.686436685930450e-01  1.115474293154163e+00  5.686436685930450e-01  1.970827879553096e-01  5.686436685930450e-01  1.404882713055165e-03 
 5.726436685930451e-01  1.256200706754595e+00  5.726436685930451e-01  1.533245126530675e+00  5.726436685930451e-01  7.060068160990830e-01  5.726436685930451e-01  2.491673736921989e-01  5.726436685930451e-01  2.489141117063798e-03  5.726436685930451e-01  1.116887435020082e+00  5.726436685930451e-01  1.968698218421560e-01  5.726436685930451e-01  1.401095078578191e-03 
 5.766436685930451e-01  1.255247362491981e+00  5.766436685930451e-01  1.534209396994996e+00  5.766436685930451e-01  7.045763596437853e-01  5.766436685930451e-01  2.493286905829723e-01  5.766436685930451e-01  2.492885217806540e-03  5.766436685930451e-01  1.118300219958364e+00  5.766436685930451e-01  1.966565678057262e-01  5.766436685930451e-01  1.397308059728224e-03 
 5.806436685930451e-01  1.254294255591973e+00  5.806436685930451e-01  1.535173508823248e+00  5.806436685930451e-01  7.031461465147032e-01  5.806436685930451e-01  2.494899181967965e-01  5.806436685930451e-01  2.496628386347227e-03  5.806436685930451e-01  1.119712645247156e+00  5.806436685930451e-01  1.964430248858853e-01  5.806436685930451e-01  1.393521663706524e-03 
 5.846436685930451e-01  1.253341387962478e+00  5.846436685930451e-01  1.536137460150935e+00  5.846436685930451e-01  7.017161796643481e-01  5.846436685930451e-01  2.496510571855757e-01  5.846436685930451e-01  2.500370615192822e-03  5.846436685930451e-01  1.121124708137502e+00  5.846436685930451e-01  1.962291921234780e-01  5.846436685930451e-01  1.389735897831612e-03 
 5.886436685930451e-01  1.252388761526004e+00  5.886436685930451e-01  1.537101249111435e+00  5.886436685930451e-01  7.002864620668569e-01  5.886436685930451e-01  2.498121082031298e-01  5.886436685930451e-01  2.504111896793026e-03  5.886436685930451e-01  1.122536405871173e+00  5.886436685930451e-01  1.960150685544377e-01  5.886436685930451e-01  1.385950769430297e-03 
 5.926436685930451e-01  1.251436378219731e+00  5.926436685930451e-01  1.538064873835510e+00  5.926436685930451e-01  6.988569967182041e-01  5.926436685930451e-01  2.499730719052497e-01  5.926436685930451e-01  2.507852223539873e-03  5.926436685930451e-01  1.123947735680263e+00  5.926436685930451e-01  1.958006532098429e-01  5.926436685930451e-01  1.382166285839566e-03 
 5.966436685930451e-01  1.250484239986022e+00  5.966436685930451e-01  1.539028332414468e+00  5.966436685930451e-01  6.974277866299011e-01  5.966436685930451e-01  2.501339489512195e-01  5.966436685930451e-01  2.511591587805067e-03  5.966436685930451e-01  1.125358694763369e+00  5.966436685930451e-01  1.955859451237199e-01  5.966436685930451e-01  1.378382454551309e-03 
 6.006436685930451e-01  1.249532348786811e+00  6.006436685930451e-01  1.539991622954244e+00  6.006436685930451e-01  6.959988348389613e-01  6.006436685930451e-01  2.502947400016915e-01  6.006436685930451e-01  2.515329981883430e-03  6.006436685930451e-01  1.126769280320367e+00  6.006436685930451e-01  1.953709433215199e-01  6.006436685930451e-01  1.374599282999914e-03 
 6.046436685930451e-01  1.248580706594675e+00  6.046436685930451e-01  1.540954743540652e+00  6.046436685930451e-01  6.945701444019921e-01  6.046436685930451e-01  2.504554457201227e-01  6.046436685930451e-01  2.519067398027985e-03  6.046436685930451e-01  1.128179489529935e+00  6.046436685930451e-01  1.951556468274680e-01  6.046436685930451e-01  1.370816778698725e-03 
 6.086436685930451e-01  1.247629315393832e+00  6.086436685930451e-01  1.541917692242462e+00  6.086436685930451e-01  6.931417183960433e-01  6.086436685930451e-01  2.506160667726962e-01  6.086436685930451e-01  2.522803828446056e-03  6.086436685930451e-01  1.129589319551467e+00  6.086436685930451e-01  1.949400546638866e-01  6.086436685930451e-01  1.367034949227951e-03 
 6.126436685930451e-01  1.246678177181588e+00  6.126436685930451e-01  1.542880467116151e+00  6.126436685930451e-01  6.917135599197636e-01  6.126436685930451e-01  2.507766038281765e-01  6.126436685930451e-01  2.526539265293566e-03  6.126436685930451e-01  1.130998767528046e+00  6.126436685930451e-01  1.947241658501566e-01  6.126436685930451e-01  1.363253802216036e-03 
 6.166436685930451e-01  1.245727293966678e+00  6.166436685930451e-01  1.543843066198911e+00  6.166436685930451e-01  6.902856720924507e-01  6.166436685930451e-01  2.509370575582345e-01  6.166436685930451e-01  2.530273700681532e-03  6.166436685930451e-01  1.132407830581878e+00  6.166436685930451e-01  1.945079794041860e-01  6.166436685930451e-01  1.359473345367095e-03 
 6.206436685930451e-01  1.244776667779062e+00  6.206436685930451e-01  1.544805487544995e+00  6.206436685930451e-01  6.888580580609043e-01  6.206436685930451e-01  2.510974286360410e-01  6.206436685930451e-01  2.534007126637637e-03  6.206436685930451e-01  1.133816505837561e+00  6.206436685930451e-01  1.942914943345689e-01  6.206436685930451e-01  1.355693586318153e-03 
 6.246436685930451e-01  1.243826300651232e+00  6.246436685930451e-01  1.545767729154083e+00  6.246436685930451e-01  6.874307209868660e-01  6.246436685930451e-01  2.512577177391801e-01  6.246436685930451e-01  2.537739535179595e-03  6.246436685930451e-01  1.135224790375966e+00  6.246436685930451e-01  1.940747096559445e-01  6.246436685930451e-01  1.351914532920497e-03 
 6.286436685930451e-01  1.242876194637152e+00  6.286436685930451e-01  1.546729789042263e+00  6.286436685930451e-01  6.860036640601135e-01  6.286436685930451e-01  2.514179255468538e-01  6.286436685930451e-01  2.541470918240802e-03  6.286436685930451e-01  1.136632681279777e+00  6.286436685930451e-01  1.938576243737151e-01  6.286436685930451e-01  1.348136192960955e-03 
 6.326436685930451e-01  1.241926351801167e+00  6.326436685930451e-01  1.547691665199264e+00  6.326436685930451e-01  6.845768904910873e-01  6.326436685930451e-01  2.515780527416470e-01  6.326436685930451e-01  2.545201267713888e-03  6.326436685930451e-01  1.138040175605917e+00  6.326436685930451e-01  1.936402374932089e-01  6.326436685930451e-01  1.344358574329760e-03 
 6.366436685930451e-01  1.240976774223688e+00  6.366436685930451e-01  1.548653355609157e+00  6.366436685930451e-01  6.831504035149517e-01  6.366436685930451e-01  2.517381000087439e-01  6.366436685930451e-01  2.548930575428392e-03  6.366436685930451e-01  1.139447270398765e+00  6.366436685930451e-01  1.934225480151914e-01  6.366436685930451e-01  1.340581684939349e-03 
 6.406436685930451e-01  1.240027463998014e+00  6.406436685930451e-01  1.549614858237523e+00  6.406436685930451e-01  6.817242063896252e-01  6.406436685930451e-01  2.518980680364943e-01  6.406436685930451e-01  2.552658833163241e-03  6.406436685930451e-01  1.140853962681834e+00  6.406436685930451e-01  1.932045549386010e-01  6.406436685930451e-01  1.336805532774643e-03 
 6.446436685930451e-01  1.239078423228422e+00  6.446436685930451e-01  1.550576171023446e+00  6.446436685930451e-01  6.802983023946679e-01  6.446436685930451e-01  2.520579575167828e-01  6.446436685930451e-01  2.556386032654205e-03  6.446436685930451e-01  1.142260249452564e+00  6.446436685930451e-01  1.929862572622739e-01  6.446436685930451e-01  1.333030125924633e-03 
 6.486436685930451e-01  1.238129654040712e+00  6.486436685930451e-01  1.551537291918557e+00  6.486436685930451e-01  6.788726948386695e-01  6.486436685930451e-01  2.522177691435212e-01  6.486436685930451e-01  2.560112165552597e-03  6.486436685930451e-01  1.143666127707256e+00  6.486436685930451e-01  1.927676539764280e-01  6.486436685930451e-01  1.329255472428909e-03 
 6.526436685930451e-01  1.237181158570996e+00  6.526436685930451e-01  1.552498218843783e+00  6.526436685930451e-01  6.774473870518064e-01  6.526436685930451e-01  2.523775036144270e-01  6.526436685930451e-01  2.563837223469165e-03  6.526436685930451e-01  1.145071594413260e+00  6.526436685930451e-01  1.925487440720225e-01  6.526436685930451e-01  1.325481580447613e-03 
 6.566436685930451e-01  1.236232938968566e+00  6.566436685930451e-01  1.553458949699366e+00  6.566436685930451e-01  6.760223823880007e-01  6.566436685930451e-01  2.525371616306784e-01  6.566436685930451e-01  2.567561197962948e-03  6.566436685930451e-01  1.146476646515335e+00  6.566436685930451e-01  1.923295265385679e-01  6.566436685930451e-01  1.321708458222062e-03 
 6.606436685930451e-01  1.235284997400432e+00  6.606436685930451e-01  1.554419482381182e+00  6.606436685930451e-01  6.745976842282179e-01  6.606436685930451e-01  2.526967438963136e-01  6.606436685930451e-01  2.571284080523335e-03  6.606436685930451e-01  1.147881280945989e+00  6.606436685930451e-01  1.921100003605336e-01  6.606436685930451e-01  1.317936114010636e-03 
 6.646436685930451e-01  1.234337336052387e+00  6.646436685930451e-01  1.555379814783763e+00  6.646436685930451e-01  6.731732959814030e-01  6.646436685930451e-01  2.528562511181647e-01  6.646436685930451e-01  2.575005862566035e-03  6.646436685930451e-01  1.149285494627316e+00  6.646436685930451e-01  1.918901645166356e-01  6.646436685930451e-01  1.314164556076917e-03 
 6.686436685930451e-01  1.233389957117467e+00  6.686436685930451e-01  1.556339944756063e+00  6.686436685930451e-01  6.717492210768234e-01  6.686436685930451e-01  2.530156840076846e-01  6.686436685930451e-01  2.578726535478235e-03  6.686436685930451e-01  1.150689284442637e+00  6.686436685930451e-01  1.916700179895014e-01  6.686436685930451e-01  1.310393792863463e-03 
 6.726436685930451e-01  1.232442862809169e+00  6.726436685930451e-01  1.557299870150358e+00  6.726436685930451e-01  6.703254629733006e-01  6.726436685930451e-01  2.531750432790462e-01  6.726436685930451e-01  2.582446090566799e-03  6.726436685930451e-01  1.152092647267662e+00  6.726436685930451e-01  1.914495597549322e-01  6.726436685930451e-01  1.306623832799667e-03 
 6.766436685930451e-01  1.231496055353741e+00  6.766436685930451e-01  1.558259588792246e+00  6.766436685930451e-01  6.689020251541670e-01  6.766436685930451e-01  2.533343296503981e-01  6.766436685930451e-01  2.586164519088515e-03  6.766436685930451e-01  1.153495579951244e+00  6.766436685930451e-01  1.912287887884551e-01  6.766436685930451e-01  1.302854684419669e-03 
 6.806436685930451e-01  1.230549537000971e+00  6.806436685930451e-01  1.559219098520291e+00  6.806436685930451e-01  6.674789111348427e-01  6.806436685930451e-01  2.534935438423334e-01  6.806436685930451e-01  2.589881812207716e-03  6.806436685930451e-01  1.154898079340585e+00  6.806436685930451e-01  1.910077040565576e-01  6.806436685930451e-01  1.299086356206594e-03 
 6.846436685930452e-01  1.229603310008481e+00  6.846436685930452e-01  1.560178397126235e+00  6.846436685930452e-01  6.660561244523522e-01  6.846436685930452e-01  2.536526865803495e-01  6.846436685930452e-01  2.593597961057952e-03  6.846436685930452e-01  1.156300142242980e+00  6.846436685930452e-01  1.907863045298314e-01  6.846436685930452e-01  1.295318856827419e-03 
 6.886436685930452e-01  1.228657376650079e+00  6.886436685930452e-01  1.561137482385330e+00  6.886436685930452e-01  6.646336686712592e-01  6.886436685930452e-01  2.538117585936891e-01  6.886436685930452e-01  2.597312956709252e-03  6.886436685930452e-01  1.157701765445119e+00  6.886436685930452e-01  1.905645891762789e-01  6.886436685930452e-01  1.291552195013791e-03 
 6.926436685930452e-01  1.227711739223109e+00  6.926436685930452e-01  1.562096352082964e+00  6.926436685930452e-01  6.632115473888832e-01  6.926436685930452e-01  2.539707606143295e-01  6.926436685930452e-01  2.601026790139154e-03  6.926436685930452e-01  1.159102945729926e+00  6.926436685930452e-01  1.903425569553724e-01  6.926436685930452e-01  1.287786379457462e-03 
 6.966436685930452e-01  1.226766400037264e+00  6.966436685930452e-01  1.563055003971838e+00  6.966436685930452e-01  6.617897642279336e-01  6.966436685930452e-01  2.541296933787691e-01  6.966436685930452e-01  2.604739452276741e-03  6.966436685930452e-01  1.160503679849191e+00  6.966436685930452e-01  1.901202068275023e-01  6.966436685930452e-01  1.284021418978537e-03 
 7.006436685930452e-01  1.225821361417429e+00  7.006436685930452e-01  1.564013435781599e+00  7.006436685930452e-01  6.603683228386765e-01  7.006436685930452e-01  2.542885576276961e-01  7.006436685930452e-01  2.608450933991397e-03  7.006436685930452e-01  1.161903964529620e+00  7.006436685930452e-01  1.898975377518285e-01  7.006436685930452e-01  1.280257322487562e-03 
 7.046436685930452e-01  1.224876625710308e+00  7.046436685930452e-01  1.564971645242701e+00  7.046436685930452e-01  6.589472269036826e-01  7.046436685930452e-01  2.544473541050986e-01  7.046436685930452e-01  2.612161226066833e-03  7.046436685930452e-01  1.163303796487923e+00  7.046436685930452e-01  1.896745486809407e-01  7.046436685930452e-01  1.276494098891870e-03 
 7.086436685930452e-01  1.223932195276224e+00  7.086436685930452e-01  1.565929630054721e+00  7.086436685930452e-01  6.575264801325066e-01  7.086436685930452e-01  2.546060835595995e-01  7.086436685930452e-01  2.615870319233288e-03  7.086436685930452e-01  1.164703172410557e+00  7.086436685930452e-01  1.894512385678788e-01  7.086436685930452e-01  1.272731757219986e-03 
 7.126436685930452e-01  1.222988072492292e+00  7.126436685930452e-01  1.566887387897306e+00  7.126436685930452e-01  6.561060862640830e-01  7.126436685930452e-01  2.547647467440829e-01  7.126436685930452e-01  2.619578204155023e-03  7.126436685930452e-01  1.166102088960611e+00  7.126436685930452e-01  1.892276063636772e-01  7.126436685930452e-01  1.268970306578607e-03 
 7.166436685930452e-01  1.222044259756567e+00  7.166436685930452e-01  1.567844916444536e+00  7.166436685930452e-01  6.546860490698115e-01  7.166436685930452e-01  2.549233444151815e-01  7.166436685930452e-01  2.623284871414107e-03  7.166436685930452e-01  1.167500542786824e+00  7.166436685930452e-01  1.890036510141234e-01  7.166436685930452e-01  1.265209756096285e-03 
 7.206436685930452e-01  1.221100759485420e+00  7.206436685930452e-01  1.568802213354221e+00  7.206436685930452e-01  6.532663723520203e-01  7.206436685930452e-01  2.550818773337761e-01  7.206436685930452e-01  2.626990311520601e-03  7.206436685930452e-01  1.168898530516683e+00  7.206436685930452e-01  1.887793714621059e-01  7.206436685930452e-01  1.261450114965345e-03 
 7.246436685930452e-01  1.220157574109554e+00  7.246436685930452e-01  1.569759276251923e+00  7.246436685930452e-01  6.518470599415271e-01  7.246436685930452e-01  2.552403462657056e-01  7.246436685930452e-01  2.630694514928369e-03  7.246436685930452e-01  1.170296048746194e+00  7.246436685930452e-01  1.885547666511870e-01  7.246436685930452e-01  1.257691392504749e-03 
 7.286436685930452e-01  1.219214706082593e+00  7.286436685930452e-01  1.570716102761964e+00  7.286436685930452e-01  6.504281157037376e-01  7.286436685930452e-01  2.553987519805879e-01  7.286436685930452e-01  2.634397472001181e-03  7.286436685930452e-01  1.171693094059454e+00  7.286436685930452e-01  1.883298355186043e-01  7.286436685930452e-01  1.253933598038239e-03 
 7.326436685930452e-01  1.218272157870870e+00  7.326436685930452e-01  1.571672690468391e+00  7.326436685930452e-01  6.490095435319738e-01  7.326436685930452e-01  2.555570952534648e-01  7.326436685930452e-01  2.638099173052928e-03  7.326436685930452e-01  1.173089663003806e+00  7.326436685930452e-01  1.881045770040313e-01  7.326436685930452e-01  1.250176741047648e-03 
 7.366436685930452e-01  1.217329931968098e+00  7.366436685930452e-01  1.572629036968324e+00  7.366436685930452e-01  6.475913473577272e-01  7.366436685930452e-01  2.557153768627203e-01  7.366436685930452e-01  2.641799608289979e-03  7.366436685930452e-01  1.174485752123540e+00  7.366436685930452e-01  1.878789900375166e-01  7.366436685930452e-01  1.246420830963425e-03 
 7.406436685930452e-01  1.216388030877496e+00  7.406436685930452e-01  1.573585139804624e+00  7.406436685930452e-01  6.461735311387765e-01  7.406436685930452e-01  2.558735975928709e-01  7.406436685930452e-01  2.645498767881349e-03  7.406436685930452e-01  1.175881357917149e+00  7.406436685930452e-01  1.876530735546648e-01  7.406436685930452e-01  1.242665877429045e-03 
 7.446436685930452e-01  1.215446457130347e+00  7.446436685930452e-01  1.574540996533617e+00  7.446436685930452e-01  6.447560988720936e-01  7.446436685930452e-01  2.560317582319075e-01  7.446436685930452e-01  2.649196641885853e-03  7.446436685930452e-01  1.177276476880110e+00  7.446436685930452e-01  1.874268264812908e-01  7.446436685930452e-01  1.238911890035032e-03 
 7.486436685930452e-01  1.214505213270463e+00  7.486436685930452e-01  1.575496604666384e+00  7.486436685930452e-01  6.433390545835630e-01  7.486436685930452e-01  2.561898595737397e-01  7.486436685930452e-01  2.652893220313104e-03  7.486436685930452e-01  1.178671105467620e+00  7.486436685930452e-01  1.872002477466922e-01  7.486436685930452e-01  1.235158878549533e-03 
 7.526436685930452e-01  1.213564301865148e+00  7.526436685930452e-01  1.576451961708216e+00  7.526436685930452e-01  6.419224023357296e-01  7.526436685930452e-01  2.563479024166753e-01  7.526436685930452e-01  2.656588493080403e-03  7.526436685930452e-01  1.180065240119463e+00  7.526436685930452e-01  1.869733362746795e-01  7.526436685930452e-01  1.231406852763391e-03 
 7.566436685930452e-01  1.212623725503406e+00  7.566436685930452e-01  1.577407065150829e+00  7.566436685930452e-01  6.405061462268797e-01  7.566436685930452e-01  2.565058875638171e-01  7.566436685930452e-01  2.660282450019913e-03  7.566436685930452e-01  1.181458877254971e+00  7.566436685930452e-01  1.867460909852958e-01  7.566436685930452e-01  1.227655822520678e-03 
 7.606436685930452e-01  1.211683486793069e+00  7.606436685930452e-01  1.578361912460621e+00  7.606436685930452e-01  6.390902903893769e-01  7.606436685930452e-01  2.566638158236117e-01  7.606436685930452e-01  2.663975080889791e-03  7.606436685930452e-01  1.182852013265498e+00  7.606436685930452e-01  1.865185107974683e-01  7.606436685930452e-01  1.223905797764830e-03 
 7.646436685930452e-01  1.210743588356151e+00  7.646436685930452e-01  1.579316501060501e+00  7.646436685930452e-01  6.376748389868183e-01  7.646436685930452e-01  2.568216880106713e-01  7.646436685930452e-01  2.667666375392506e-03  7.646436685930452e-01  1.184244644502874e+00  7.646436685930452e-01  1.862905946331643e-01  7.646436685930452e-01  1.220156788610051e-03 
 7.686436685930452e-01  1.209804032845794e+00  7.686436685930452e-01  1.580270828390929e+00  7.686436685930452e-01  6.362597962258630e-01  7.686436685930452e-01  2.569795049433759e-01  7.686436685930452e-01  2.671356323108291e-03  7.686436685930452e-01  1.185636767317800e+00  7.686436685930452e-01  1.860623414033821e-01  7.686436685930452e-01  1.216408805101522e-03 
 7.726436685930452e-01  1.208864822931145e+00  7.726436685930452e-01  1.581224891853235e+00  7.726436685930452e-01  6.348451663462641e-01  7.726436685930452e-01  2.571372674462585e-01  7.726436685930452e-01  2.675044913554517e-03  7.726436685930452e-01  1.187028378023986e+00  7.726436685930452e-01  1.858337500210983e-01  7.726436685930452e-01  1.212661857438056e-03 
 7.766436685930452e-01  1.207925961301605e+00  7.766436685930452e-01  1.582178688823929e+00  7.766436685930452e-01  6.334309536240745e-01  7.766436685930452e-01  2.572949763495048e-01  7.766436685930452e-01  2.678732136169024e-03  7.766436685930452e-01  1.188419472907077e+00  7.766436685930452e-01  1.856048193979804e-01  7.766436685930452e-01  1.208915955915871e-03 
 7.806436685930452e-01  1.206987450670303e+00  7.806436685930452e-01  1.583132216666294e+00  7.806436685930452e-01  6.320171623743345e-01  7.806436685930452e-01  2.574526324885685e-01  7.806436685930452e-01  2.682417980296427e-03  7.806436685930452e-01  1.189810048231853e+00  7.806436685930452e-01  1.853755484416903e-01  7.806436685930452e-01  1.205171110883075e-03 
 7.846436685930452e-01  1.206049293771617e+00  7.846436685930452e-01  1.584085472720003e+00  7.846436685930452e-01  6.306037969497221e-01  7.846436685930452e-01  2.576102367046796e-01  7.846436685930452e-01  2.686102435197906e-03  7.846436685930452e-01  1.191200100235579e+00  7.846436685930452e-01  1.851459360582491e-01  7.846436685930452e-01  1.201427332780460e-03 
 7.886436685930452e-01  1.205111493361515e+00  7.886436685930452e-01  1.585038454301174e+00  7.886436685930452e-01  6.291908617411094e-01  7.886436685930452e-01  2.577677898449329e-01  7.886436685930452e-01  2.689785490049897e-03  7.886436685930452e-01  1.192589625127935e+00  7.886436685930452e-01  1.849159811520003e-01  7.886436685930452e-01  1.197684632141227e-03 
 7.926436685930452e-01  1.204174052219397e+00  7.926436685930452e-01  1.585991158707773e+00  7.926436685930452e-01  6.277783611791605e-01  7.926436685930452e-01  2.579252927621519e-01  7.926436685930452e-01  2.693467133936723e-03  7.926436685930452e-01  1.193978619094300e+00  7.926436685930452e-01  1.846856826243393e-01  7.926436685930452e-01  1.193943019569841e-03 
 7.966436685930453e-01  1.203236973145076e+00  7.966436685930453e-01  1.586943583207411e+00  7.966436685930453e-01  6.263662997326280e-01  7.966436685930453e-01  2.580827463154832e-01  7.966436685930453e-01  2.697147355862611e-03  7.966436685930453e-01  1.195367078287990e+00  7.966436685930453e-01  1.844550393765203e-01  7.966436685930453e-01  1.190202505789913e-03 
 8.006436685930453e-01  1.202300258965610e+00  8.006436685930453e-01  1.587895725060827e+00  8.006436685930453e-01  6.249546819133363e-01  8.006436685930453e-01  2.582401513695262e-01  8.006436685930453e-01  2.700826144724763e-03  8.006436685930453e-01  1.196754998844877e+00  8.006436685930453e-01  1.842240503041728e-01  8.006436685930453e-01  1.186463101551983e-03 
 8.046436685930453e-01  1.201363912529456e+00  8.046436685930453e-01  1.588847581499344e+00  8.046436685930453e-01  6.235435122725785e-01  8.046436685930453e-01  2.583975087953477e-01  8.046436685930453e-01  2.704503489336322e-03  8.046436685930453e-01  1.198142376869123e+00  8.046436685930453e-01  1.839927143025143e-01  8.046436685930453e-01  1.182724817722071e-03 
 8.086436685930453e-01  1.200427936703855e+00  8.086436685930453e-01  1.589799149713987e+00  8.086436685930453e-01  6.221327953996935e-01  8.086436685930453e-01  2.585548194710218e-01  8.086436685930453e-01  2.708179378436678e-03  8.086436685930453e-01  1.199529208426282e+00  8.086436685930453e-01  1.837610302688923e-01  8.086436685930453e-01  1.178987665324392e-03 
 8.126436685930453e-01  1.199492334386693e+00  8.126436685930453e-01  1.590750426897348e+00  8.126436685930453e-01  6.207225359304983e-01  8.126436685930453e-01  2.587120842800198e-01  8.126436685930453e-01  2.711853800644903e-03  8.126436685930453e-01  1.200915489569403e+00  8.126436685930453e-01  1.835289970929758e-01  8.126436685930453e-01  1.175251655376979e-03 
 8.166436685930453e-01  1.198557108494465e+00  8.166436685930453e-01  1.591701410198367e+00  8.166436685930453e-01  6.193127385394799e-01  8.166436685930453e-01  2.588693041131488e-01  8.166436685930453e-01  2.715526744506887e-03  8.166436685930453e-01  1.202301216310597e+00  8.166436685930453e-01  1.832966136673093e-01  8.166436685930453e-01  1.171516799069203e-03 
 8.206436685930453e-01  1.197622261974488e+00  8.206436685930453e-01  1.592652096765415e+00  8.206436685930453e-01  6.179034079484745e-01  8.206436685930453e-01  2.590264798669024e-01  8.206436685930453e-01  2.719198198447603e-03  8.206436685930453e-01  1.203686384647896e+00  8.206436685930453e-01  1.830638788771905e-01  8.206436685930453e-01  1.167783107592669e-03 
 8.246436685930453e-01  1.196687797793351e+00  8.246436685930453e-01  1.593602483702852e+00  8.246436685930453e-01  6.164945489192059e-01  8.246436685930453e-01  2.591836124453246e-01  8.246436685930453e-01  2.722868150816195e-03  8.246436685930453e-01  1.205070990537953e+00  8.246436685930453e-01  1.828307916108468e-01  8.246436685930453e-01  1.164050592311725e-03 
 8.286436685930453e-01  1.195753718944013e+00  8.286436685930453e-01  1.594552568095428e+00  8.286436685930453e-01  6.150861662585090e-01  8.286436685930453e-01  2.593407027591277e-01  8.286436685930453e-01  2.726536589858372e-03  8.286436685930453e-01  1.206455029911199e+00  8.286436685930453e-01  1.825973507536942e-01  8.286436685930453e-01  1.160319264667727e-03 
 8.326436685930453e-01  1.194820028448385e+00  8.326436685930453e-01  1.595502347016140e+00  8.326436685930453e-01  6.136782648204665e-01  8.326436685930453e-01  2.594977517254663e-01  8.326436685930453e-01  2.730203503706061e-03  8.326436685930453e-01  1.207838498676620e+00  8.326436685930453e-01  1.823635551864414e-01  8.326436685930453e-01  1.156589136148113e-03 
 8.366436685930453e-01  1.193886729346072e+00  8.366436685930453e-01  1.596451817484096e+00  8.366436685930453e-01  6.122708494991803e-01  8.366436685930453e-01  2.596547602697761e-01  8.366436685930453e-01  2.733868880421719e-03  8.366436685930453e-01  1.209221392695352e+00  8.366436685930453e-01  1.821294037950465e-01  8.366436685930453e-01  1.152860218451915e-03 
 8.406436685930453e-01  1.192953824709196e+00  8.406436685930453e-01  1.597400976516593e+00  8.406436685930453e-01  6.108639252392480e-01  8.406436685930453e-01  2.598117293237456e-01  8.406436685930453e-01  2.737532707940101e-03  8.406436685930453e-01  1.210603707813063e+00  8.406436685930453e-01  1.818948954583773e-01  8.406436685930453e-01  1.149132523285249e-03 
 8.446436685930453e-01  1.192021317634804e+00  8.446436685930453e-01  1.598349821100245e+00  8.446436685930453e-01  6.094574970310219e-01  8.446436685930453e-01  2.599686598266120e-01  8.446436685930453e-01  2.741194974098056e-03  8.446436685930453e-01  1.211985439841815e+00  8.446436685930453e-01  1.816600290550195e-01  8.446436685930453e-01  1.145406062474671e-03 
 8.486436685930453e-01  1.191089211248783e+00  8.486436685930453e-01  1.599298348203443e+00  8.486436685930453e-01  6.080515699136939e-01  8.486436685930453e-01  2.601255527247595e-01  8.486436685930453e-01  2.744855666619218e-03  8.486436685930453e-01  1.213366584567711e+00  8.486436685930453e-01  1.814248034602958e-01  8.486436685930453e-01  1.141680847918265e-03 
 8.526436685930453e-01  1.190157508698779e+00  8.526436685930453e-01  1.600246554749460e+00  8.526436685930453e-01  6.066461489709259e-01  8.526436685930453e-01  2.602824089729394e-01  8.526436685930453e-01  2.748514773141702e-03  8.526436685930453e-01  1.214747137734040e+00  8.526436685930453e-01  1.811892175526660e-01  8.526436685930453e-01  1.137956891691245e-03 
 8.566436685930453e-01  1.189226213161287e+00  8.566436685930453e-01  1.601194437640387e+00  8.566436685930453e-01  6.052412393360959e-01  8.566436685930453e-01  2.604392295334032e-01  8.566436685930453e-01  2.752172281190353e-03  8.566436685930453e-01  1.216127095056067e+00  8.566436685930453e-01  1.809532702080199e-01  8.566436685930453e-01  1.134234205952020e-03 
 8.606436685930453e-01  1.188295327844267e+00  8.606436685930453e-01  1.602141993764925e+00  8.606436685930453e-01  6.038368461945227e-01  8.606436685930453e-01  2.605960153757006e-01  8.606436685930453e-01  2.755828178166466e-03  8.606436685930453e-01  1.217506452225739e+00  8.606436685930453e-01  1.807169602977702e-01  8.606436685930453e-01  1.130512802911462e-03 
 8.646436685930453e-01  1.187364855980615e+00  8.646436685930453e-01  1.603089219973338e+00  8.646436685930453e-01  6.024329747794910e-01  8.646436685930453e-01  2.607527674778264e-01  8.646436685930453e-01  2.759482451373356e-03  8.646436685930453e-01  1.218885204896004e+00  8.646436685930453e-01  1.804802866948465e-01  8.646436685930453e-01  1.126792694931475e-03 
 8.686436685930453e-01  1.186434800832819e+00  8.686436685930453e-01  1.604036113092581e+00  8.686436685930453e-01  6.010296303758665e-01  8.686436685930453e-01  2.609094868257251e-01  8.686436685930453e-01  2.763135087998174e-03  8.686436685930453e-01  1.220263348690084e+00  8.686436685930453e-01  1.802432482700447e-01  8.686436685930453e-01  1.123073894465349e-03 
 8.726436685930453e-01  1.185505165689836e+00  8.726436685930453e-01  1.604982669913435e+00  8.726436685930453e-01  5.996268183184554e-01  8.726436685930453e-01  2.610661744139400e-01  8.726436685930453e-01  2.766786075124075e-03  8.726436685930453e-01  1.221640879193391e+00  8.726436685930453e-01  1.800058438951267e-01  8.726436685930453e-01  1.119356414108494e-03 
 8.766436685930453e-01  1.184575953873461e+00  8.766436685930453e-01  1.605928887211664e+00  8.766436685930453e-01  5.982245439967918e-01  8.766436685930453e-01  2.612228312448691e-01  8.766436685930453e-01  2.770435399705236e-03  8.766436685930453e-01  1.223017791966501e+00  8.766436685930453e-01  1.797680724376936e-01  8.766436685930453e-01  1.115640266515196e-03 
 8.806436685930453e-01  1.183647168730378e+00  8.806436685930453e-01  1.606874761717904e+00  8.806436685930453e-01  5.968228128502410e-01  8.806436685930453e-01  2.613794583301368e-01  8.806436685930453e-01  2.774083048598137e-03  8.806436685930453e-01  1.224394082526393e+00  8.806436685930453e-01  1.795299327684552e-01  8.806436685930453e-01  1.111925464516971e-03 
 8.846436685930453e-01  1.182718813639946e+00  8.846436685930453e-01  1.607820290143815e+00  8.846436685930453e-01  5.954216303737639e-01  8.846436685930453e-01  2.615360566896445e-01  8.846436685930453e-01  2.777729008530928e-03  8.846436685930453e-01  1.225769746362521e+00  8.846436685930453e-01  1.792914237548995e-01  8.846436685930453e-01  1.108212021019837e-03 
 8.886436685930453e-01  1.181790892013825e+00  8.886436685930453e-01  1.608765469178921e+00  8.886436685930453e-01  5.940210021181668e-01  8.886436685930453e-01  2.616926273518277e-01  8.886436685930453e-01  2.781373266104835e-03  8.886436685930453e-01  1.227144778934718e+00  8.886436685930453e-01  1.790525442620242e-01  8.886436685930453e-01  1.104499949016676e-03 
 8.926436685930453e-01  1.180863407290357e+00  8.926436685930453e-01  1.609710295468981e+00  8.926436685930453e-01  5.926209336868062e-01  8.926436685930453e-01  2.618491713546973e-01  8.926436685930453e-01  2.785015807816393e-03  8.926436685930453e-01  1.228519175659711e+00  8.926436685930453e-01  1.788132931575969e-01  8.926436685930453e-01  1.100789261672262e-03 
 8.966436685930453e-01  1.179936362938769e+00  8.966436685930453e-01  1.610654765629045e+00  8.966436685930453e-01  5.912214307389555e-01  8.966436685930453e-01  2.620056897454242e-01  8.966436685930453e-01  2.788656620040757e-03  8.966436685930453e-01  1.229892931919079e+00  8.966436685930453e-01  1.785736693089840e-01  8.966436685930453e-01  1.097079972271946e-03 
 9.006436685930453e-01  1.179009762465074e+00  9.006436685930453e-01  1.611598876262726e+00  9.006436685930453e-01  5.898224989943144e-01  9.006436685930453e-01  2.621621835796872e-01  9.006436685930453e-01  2.792295689008668e-03  9.006436685930453e-01  1.231266043071003e+00  9.006436685930453e-01  1.783336715784189e-01  9.006436685930453e-01  1.093372094145931e-03 
 9.046436685930453e-01  1.178083609401765e+00  9.046436685930453e-01  1.612542623923731e+00  9.046436685930453e-01  5.884241442265855e-01  9.046436685930453e-01  2.623186539234069e-01  9.046436685930453e-01  2.795933000846825e-03  9.046436685930453e-01  1.232638504426418e+00  9.046436685930453e-01  1.780932988324019e-01  9.046436685930453e-01  1.089665640820419e-03 
 9.086436685930454e-01  1.177157907314099e+00  9.086436685930454e-01  1.613486005136369e+00  9.086436685930454e-01  5.870263722682600e-01  9.086436685930454e-01  2.624751018520417e-01  9.086436685930454e-01  2.799568541553291e-03  9.086436685930454e-01  1.234010311261540e+00  9.086436685930454e-01  1.778525499366936e-01  9.086436685930454e-01  1.085960625937047e-03 
 9.126436685930454e-01  1.176232659804855e+00  9.126436685930454e-01  1.614429016410484e+00  9.126436685930454e-01  5.856291890143913e-01  9.126436685930454e-01  2.626315284501097e-01  9.126436685930454e-01  2.803202296978746e-03  9.126436685930454e-01  1.235381458826931e+00  9.126436685930454e-01  1.776114237526218e-01  9.126436685930454e-01  1.082257063194235e-03 
 9.166436685930454e-01  1.175307870499944e+00  9.166436685930454e-01  1.615371654188732e+00  9.166436685930454e-01  5.842326004134328e-01  9.166436685930454e-01  2.627879348135381e-01  9.166436685930454e-01  2.806834252883035e-03  9.166436685930454e-01  1.236751942314927e+00  9.166436685930454e-01  1.773699191500679e-01  9.166436685930454e-01  1.078554966554254e-03 
 9.206436685930454e-01  1.174383543070106e+00  9.206436685930454e-01  1.616313914921289e+00  9.206436685930454e-01  5.828366124824746e-01  9.206436685930454e-01  2.629443220466951e-01  9.206436685930454e-01  2.810464394849933e-03  9.206436685930454e-01  1.238121756905473e+00  9.206436685930454e-01  1.771280349890492e-01  9.206436685930454e-01  1.074854349949826e-03 
 9.246436685930454e-01  1.173459681213270e+00  9.246436685930454e-01  1.617255795001648e+00  9.246436685930454e-01  5.814412312958951e-01  9.246436685930454e-01  2.631006912652267e-01  9.246436685930454e-01  2.814092708356429e-03  9.246436685930454e-01  1.239490897726504e+00  9.246436685930454e-01  1.768857701355512e-01  9.246436685930454e-01  1.071155227536254e-03 
 9.286436685930454e-01  1.172536288661971e+00  9.286436685930454e-01  1.618197290790799e+00  9.286436685930454e-01  5.800464629909811e-01  9.286436685930454e-01  2.632570435952022e-01  9.286436685930454e-01  2.817719178743646e-03  9.286436685930454e-01  1.240859359868709e+00  9.286436685930454e-01  1.766431234555773e-01  9.286436685930454e-01  1.067457613596506e-03 
 9.326436685930454e-01  1.171613369186026e+00  9.326436685930454e-01  1.619138398624736e+00  9.326436685930454e-01  5.786523137703257e-01  9.326436685930454e-01  2.634133801729612e-01  9.326436685930454e-01  2.821343791206232e-03  9.326436685930454e-01  1.242227138389989e+00  9.326436685930454e-01  1.764000938132764e-01  9.326436685930454e-01  1.063761522511705e-03 
 9.366436685930454e-01  1.170690926591351e+00  9.366436685930454e-01  1.620079114808181e+00  9.366436685930454e-01  5.772587899016384e-01  9.366436685930454e-01  2.635697021455348e-01  9.366436685930454e-01  2.824966530797067e-03  9.366436685930454e-01  1.243594228311478e+00  9.366436685930454e-01  1.761566800724879e-01  9.366436685930454e-01  1.060066968785747e-03 
 9.406436685930454e-01  1.169768964715554e+00  9.406436685930454e-01  1.621019435597122e+00  9.406436685930454e-01  5.758658977154028e-01  9.406436685930454e-01  2.637260106715482e-01  9.406436685930454e-01  2.828587382444625e-03  9.406436685930454e-01  1.244960624606723e+00  9.406436685930454e-01  1.759128811011140e-01  9.406436685930454e-01  1.056373967113943e-03 
 9.446436685930454e-01  1.168847487433615e+00  9.446436685930454e-01  1.621959357216695e+00  9.446436685930454e-01  5.744736436093326e-01  9.446436685930454e-01  2.638823069206339e-01  9.446436685930454e-01  2.832206330930542e-03  9.446436685930454e-01  1.246326322212519e+00  9.446436685930454e-01  1.756686957666741e-01  9.446436685930454e-01  1.052682532312764e-03 
 9.486436685930454e-01  1.167926498659029e+00  9.486436685930454e-01  1.622898875863053e+00  9.486436685930454e-01  5.730820340497917e-01  9.486436685930454e-01  2.640385920735259e-01  9.486436685930454e-01  2.835823360885244e-03  9.486436685930454e-01  1.247691316029916e+00  9.486436685930454e-01  1.754241229358321e-01  9.486436685930454e-01  1.048992679312499e-03 
 9.526436685930454e-01  1.167006002342100e+00  9.526436685930454e-01  1.623837987695281e+00  9.526436685930454e-01  5.716910755712997e-01  9.526436685930454e-01  2.641948673225706e-01  9.526436685930454e-01  2.839438456794532e-03  9.526436685930454e-01  1.249055600919137e+00  9.526436685930454e-01  1.751791614764249e-01  9.526436685930454e-01  1.045304423189030e-03 
 9.566436685930454e-01  1.166086002469726e+00  9.566436685930454e-01  1.624776688832502e+00  9.566436685930454e-01  5.703007747770439e-01  9.566436685930454e-01  2.643511338720287e-01  9.566436685930454e-01  2.843051603000561e-03  9.566436685930454e-01  1.250419171697694e+00  9.566436685930454e-01  1.749338102582026e-01  9.566436685930454e-01  1.041617779175145e-03 
 9.606436685930454e-01  1.165166503067530e+00  9.606436685930454e-01  1.625714975359185e+00  9.606436685930454e-01  5.689111383409980e-01  9.606436685930454e-01  2.645073929380301e-01  9.606436685930454e-01  2.846662783693352e-03  9.606436685930454e-01  1.251782023143498e+00  9.606436685930454e-01  1.746880681515126e-01  9.606436685930454e-01  1.037932762639784e-03 
 9.646436685930454e-01  1.164247508195909e+00  9.646436685930454e-01  1.626652843309071e+00  9.646436685930454e-01  5.675221730059420e-01  9.646436685930454e-01  2.646636457494323e-01  9.646436685930454e-01  2.850271982926384e-03  9.646436685930454e-01  1.253144149984943e+00  9.646436685930454e-01  1.744419340313770e-01  9.646436685930454e-01  1.034249389151091e-03 
 9.686436685930454e-01  1.163329021963512e+00  9.686436685930454e-01  1.627590288710004e+00  9.686436685930454e-01  5.661338855932552e-01  9.686436685930454e-01  2.648198935461165e-01  9.686436685930454e-01  2.853879184563608e-03  9.686436685930454e-01  1.254505546928076e+00  9.686436685930454e-01  1.741954067661546e-01  9.686436685930454e-01  1.030567674300383e-03 
 9.726436685930454e-01  1.162411048512138e+00  9.726436685930454e-01  1.628527307528977e+00  9.726436685930454e-01  5.647462829934372e-01  9.726436685930454e-01  2.649761375814944e-01  9.726436685930454e-01  2.857484372338799e-03  9.726436685930454e-01  1.255866208622992e+00  9.726436685930454e-01  1.739484852314636e-01  9.726436685930454e-01  1.026887633917963e-03 
 9.766436685930454e-01  1.161493592020016e+00  9.766436685930454e-01  1.629463895681348e+00  9.766436685930454e-01  5.633593721690469e-01  9.766436685930454e-01  2.651323791223155e-01  9.766436685930454e-01  2.861087529842663e-03  9.766436685930454e-01  1.257226129669371e+00  9.766436685930454e-01  1.737011683079104e-01  9.766436685930454e-01  1.023209284036963e-03 
 9.806436685930454e-01  1.160576656714265e+00  9.806436685930454e-01  1.630400049071778e+00  9.806436685930454e-01  5.619731601638327e-01  9.806436685930454e-01  2.652886194471265e-01  9.806436685930454e-01  2.864688640473899e-03  9.806436685930454e-01  1.258585304641197e+00  9.806436685930454e-01  1.734534548706734e-01  9.806436685930454e-01  1.019532640732513e-03 
 9.846436685930454e-01  1.159660246859873e+00  9.846436685930454e-01  1.631335763553624e+00  9.846436685930454e-01  5.605876540960559e-01  9.846436685930454e-01  2.654448598481928e-01  9.846436685930454e-01  2.868287687482493e-03  9.846436685930454e-01  1.259943728061958e+00  9.846436685930454e-01  1.732053437998551e-01  9.846436685930454e-01  1.015857720281270e-03 
 9.886436685930454e-01  1.158744366761483e+00  9.886436685930454e-01  1.632271034932731e+00  9.886436685930454e-01  5.592028611604464e-01  9.886436685930454e-01  2.656011016315351e-01  9.886436685930454e-01  2.871884653962633e-03  9.886436685930454e-01  1.261301394406844e+00  9.886436685930454e-01  1.729568339795620e-01  9.886436685930454e-01  1.012184539146505e-03 
 9.926436685930454e-01  1.157829020768155e+00  9.926436685930454e-01  1.633205858981505e+00  9.926436685930454e-01  5.578187886321943e-01  9.926436685930454e-01  2.657573461165436e-01  9.926436685930454e-01  2.875479522834165e-03  9.926436685930454e-01  1.262658298111148e+00  9.926436685930454e-01  1.727079242943284e-01  9.926436685930454e-01  1.008513113922825e-03 
 9.966436685930454e-01  1.156914213272367e+00  9.966436685930454e-01  1.634140231433060e+00  9.966436685930454e-01  5.564354438670503e-01  9.966436685930454e-01  2.659135946364301e-01  9.966436685930454e-01  2.879072276846311e-03  9.966436685930454e-01  1.264014433566583e+00  9.966436685930454e-01  1.724586136306329e-01  9.966436685930454e-01  1.004843461359186e-03 
 1.000643668593045e+00  1.155999948708280e+00  1.000643668593045e+00  1.635074147972650e+00  1.000643668593045e+00  5.550528343009655e-01  1.000643668593045e+00  2.660698485388086e-01  1.000643668593045e+00  2.882662898584677e-03  1.000643668593045e+00  1.265369795115970e+00  1.000643668593045e+00  1.722089008791387e-01  1.000643668593045e+00  1.001175598392548e-03 
 1.004643668593045e+00  1.155086231556546e+00  1.004643668593045e+00  1.636007604251842e+00  1.004643668593045e+00  5.536709674541271e-01  1.004643668593045e+00  2.662261091853059e-01  1.004643668593045e+00  2.886251370452233e-03  1.004643668593045e+00  1.266724377061691e+00  1.004643668593045e+00  1.719587849310681e-01  1.004643668593045e+00  9.975095420921996e-04 
 1.008643668593045e+00  1.154173066336527e+00  1.008643668593045e+00  1.636940595859161e+00  1.008643668593045e+00  5.522898509265669e-01  1.008643668593045e+00  2.663823779530368e-01  1.008643668593045e+00  2.889837674699951e-03  1.008643668593045e+00  1.268078173647832e+00  1.008643668593045e+00  1.717082646858346e-01  1.008643668593045e+00  9.938453097750480e-04 
 1.012643668593045e+00  1.153260457621691e+00  1.012643668593045e+00  1.637873118370422e+00  1.012643668593045e+00  5.509094924093410e-01  1.012643668593045e+00  2.665386562326730e-01  1.012643668593045e+00  2.893421793366280e-03  1.012643668593045e+00  1.269431179090425e+00  1.012643668593045e+00  1.714573390380380e-01  1.012643668593045e+00  9.901829188079516e-04 
 1.016643668593045e+00  1.152348410025963e+00  1.016643668593045e+00  1.638805167299208e+00  1.016643668593045e+00  5.495298996762077e-01  1.016643668593045e+00  2.666949454307890e-01  1.016643668593045e+00  2.897003708330806e-03  1.016643668593045e+00  1.270783387547446e+00  1.016643668593045e+00  1.712060068903294e-01  1.016643668593045e+00  9.865223868022117e-04 
 1.020643668593045e+00  1.151436928207543e+00  1.020643668593045e+00  1.639736738107431e+00  1.020643668593045e+00  5.481510805870662e-01  1.020643668593045e+00  2.668512469696440e-01  1.020643668593045e+00  2.900583401299230e-03  1.020643668593045e+00  1.272134793125088e+00  1.020643668593045e+00  1.709542671507479e-01  1.020643668593045e+00  9.828637315721291e-04 
 1.024643668593045e+00  1.150526016876738e+00  1.024643668593045e+00  1.640667826229439e+00  1.024643668593045e+00  5.467730430941001e-01  1.024643668593045e+00  2.670075622863812e-01  1.024643668593045e+00  2.904160853772613e-03  1.024643668593045e+00  1.273485389892127e+00  1.024643668593045e+00  1.707021187264636e-01  1.024643668593045e+00  9.792069710402999e-04 
 1.028643668593045e+00  1.149615680785308e+00  1.028643668593045e+00  1.641598427032830e+00  1.028643668593045e+00  5.453957952355170e-01  1.028643668593045e+00  2.671638928349472e-01  1.028643668593045e+00  2.907736047089177e-03  1.028643668593045e+00  1.274835171856243e+00  1.028643668593045e+00  1.704495605340621e-01  1.028643668593045e+00  9.755521233914912e-04 
 1.032643668593045e+00  1.148705924741643e+00  1.032643668593045e+00  1.642528535867696e+00  1.032643668593045e+00  5.440193451466498e-01  1.032643668593045e+00  2.673202400842258e-01  1.032643668593045e+00  2.911308962364814e-03  1.032643668593045e+00  1.276184132993472e+00  1.032643668593045e+00  1.701965914866961e-01  1.032643668593045e+00  9.718992068793052e-04 
 1.036643668593045e+00  1.147796753595896e+00  1.036643668593045e+00  1.643458148012881e+00  1.036643668593045e+00  5.426437010509034e-01  1.036643668593045e+00  2.674766055205842e-01  1.036643668593045e+00  2.914879580551322e-03  1.036643668593045e+00  1.277532267215817e+00  1.036643668593045e+00  1.699432105082265e-01  1.036643668593045e+00  9.682482400372092e-04 
 1.040643668593045e+00  1.146888172247696e+00  1.040643668593045e+00  1.644387258699683e+00  1.040643668593045e+00  5.412688712658787e-01  1.040643668593045e+00  2.676329906471154e-01  1.040643668593045e+00  2.918447882406246e-03  1.040643668593045e+00  1.278879568385385e+00  1.040643668593045e+00  1.696894165270797e-01  1.040643668593045e+00  9.645992415854503e-04 
 1.044643668593045e+00  1.145980185653793e+00  1.044643668593045e+00  1.645315863134909e+00  1.044643668593045e+00  5.398948642094535e-01  1.044643668593045e+00  2.677893969828910e-01  1.044643668593045e+00  2.922013848462753e-03  1.044643668593045e+00  1.280226030328025e+00  1.044643668593045e+00  1.694352084701992e-01  1.044643668593045e+00  9.609522303405624e-04 
 1.048643668593045e+00  1.145072798815874e+00  1.048643668593045e+00  1.646243956456570e+00  1.048643668593045e+00  5.385216883925793e-01  1.048643668593045e+00  2.679458260651373e-01  1.048643668593045e+00  2.925577459077576e-03  1.048643668593045e+00  1.281571646806703e+00  1.048643668593045e+00  1.691805852747930e-01  1.048643668593045e+00  9.573072253892706e-04 
 1.052643668593045e+00  1.144166016788495e+00  1.052643668593045e+00  1.647171533757968e+00  1.052643668593045e+00  5.371493524256050e-01  1.052643668593045e+00  2.681022794484565e-01  1.052643668593045e+00  2.929138694399792e-03  1.052643668593045e+00  1.282916411535805e+00  1.052643668593045e+00  1.689255458820517e-01  1.052643668593045e+00  9.536642459940011e-04 
 1.056643668593045e+00  1.143259844678028e+00  1.056643668593045e+00  1.648098590081094e+00  1.056643668593045e+00  5.357778650185584e-01  1.056643668593045e+00  2.682587587053786e-01  1.056643668593045e+00  2.932697534374944e-03  1.056643668593045e+00  1.284260318177067e+00  1.056643668593045e+00  1.686700892389585e-01  1.056643668593045e+00  9.500233116187765e-04 
 1.060643668593045e+00  1.142354287641429e+00  1.060643668593045e+00  1.649025120409542e+00  1.060643668593045e+00  5.344072349813560e-01  1.060643668593045e+00  2.684152654269466e-01  1.060643668593045e+00  2.936253958749979e-03  1.060643668593045e+00  1.285603360335248e+00  1.060643668593045e+00  1.684142143002524e-01  1.060643668593045e+00  9.463844419570029e-04 
 1.064643668593045e+00  1.141449350897067e+00  1.064643668593045e+00  1.649951119702090e+00  1.064643668593045e+00  5.330374712320910e-01  1.064643668593045e+00  2.685718012215290e-01  1.064643668593045e+00  2.939807947030590e-03  1.064643668593045e+00  1.286945531578001e+00  1.064643668593045e+00  1.681579200195261e-01  1.064643668593045e+00  9.427476567996439e-04 
 1.068643668593045e+00  1.140545039711487e+00  1.068643668593045e+00  1.650876582844817e+00  1.068643668593045e+00  5.316685827892235e-01  1.068643668593045e+00  2.687283677171841e-01  1.068643668593045e+00  2.943359478533333e-03  1.068643668593045e+00  1.288286825407237e+00  1.068643668593045e+00  1.679012053620842e-01  1.068643668593045e+00  9.391129762232843e-04 
 1.072643668593045e+00  1.139641359405763e+00  1.072643668593045e+00  1.651801504669542e+00  1.072643668593045e+00  5.303005787769072e-01  1.072643668593045e+00  2.688849665611424e-01  1.072643668593045e+00  2.946908532360551e-03  1.072643668593045e+00  1.289627235270025e+00  1.072643668593045e+00  1.676440693001185e-01  1.072643668593045e+00  9.354804205176920e-04 
 1.076643668593045e+00  1.138738315359082e+00  1.076643668593045e+00  1.652725879962814e+00  1.076643668593045e+00  5.289334684284770e-01  1.076643668593045e+00  2.690415994197113e-01  1.076643668593045e+00  2.950455087386390e-03  1.076643668593045e+00  1.290966754563797e+00  1.076643668593045e+00  1.673865108103641e-01  1.076643668593045e+00  9.318500101504753e-04 
 1.080643668593045e+00  1.137835913005360e+00  1.080643668593045e+00  1.653649703451210e+00  1.080643668593045e+00  5.275672610852973e-01  1.080643668593045e+00  2.691982679792035e-01  1.080643668593045e+00  2.953999122270067e-03  1.080643668593045e+00  1.292305376627523e+00  1.080643668593045e+00  1.671285288781433e-01  1.080643668593045e+00  9.282217658249065e-04 
 1.084643668593045e+00  1.136934157839876e+00  1.084643668593045e+00  1.654572969820520e+00  1.084643668593045e+00  5.262019662023184e-01  1.084643668593045e+00  2.693549739454014e-01  1.084643668593045e+00  2.957540615429763e-03  1.084643668593045e+00  1.293643094752960e+00  1.084643668593045e+00  1.668701224922658e-01  1.084643668593045e+00  9.245957084045180e-04 
 1.088643668593045e+00  1.136033055409249e+00  1.088643668593045e+00  1.655495673678753e+00  1.088643668593045e+00  5.248375933425210e-01  1.088643668593045e+00  2.695117190454803e-01  1.088643668593045e+00  2.961079545082077e-03  1.088643668593045e+00  1.294979902162647e+00  1.088643668593045e+00  1.666112906551372e-01  1.088643668593045e+00  9.209718590584530e-04 
 1.092643668593045e+00  1.135132611325677e+00  1.092643668593045e+00  1.656417809600714e+00  1.092643668593045e+00  5.234741521875924e-01  1.092643668593045e+00  2.696685050263647e-01  1.092643668593045e+00  2.964615889186035e-03  1.092643668593045e+00  1.296315792036179e+00  1.092643668593045e+00  1.663520323707765e-01  1.092643668593045e+00  9.173502390863362e-04 
 1.096643668593045e+00  1.134232831258333e+00  1.096643668593045e+00  1.657339372095774e+00  1.096643668593045e+00  5.221116525333549e-01  1.096643668593045e+00  2.698253336564547e-01  1.096643668593045e+00  2.968149625476877e-03  1.096643668593045e+00  1.297650757491031e+00  1.096643668593045e+00  1.660923466536462e-01  1.096643668593045e+00  9.137308700448756e-04 
 1.100643668593045e+00  1.133333720933306e+00  1.100643668593045e+00  1.658260355604321e+00  1.100643668593045e+00  5.207501042909385e-01  1.100643668593045e+00  2.699822067261049e-01  1.100643668593045e+00  2.971680731466394e-03  1.100643668593045e+00  1.298984791580395e+00  1.100643668593045e+00  1.658322325297596e-01  1.100643668593045e+00  9.101137737618445e-04 
 1.104643668593045e+00  1.132435286143650e+00  1.104643668593045e+00  1.659180754527942e+00  1.104643668593045e+00  5.193895174946878e-01  1.104643668593045e+00  2.701391260466131e-01  1.104643668593045e+00  2.975209184403276e-03  1.104643668593045e+00  1.300317887310867e+00  1.104643668593045e+00  1.655716890285396e-01  1.104643668593045e+00  9.064989722174937e-04 
 1.108643668593045e+00  1.131537532741561e+00  1.108643668593045e+00  1.660100563199856e+00  1.108643668593045e+00  5.180299022981872e-01  1.108643668593045e+00  2.702960934518580e-01  1.108643668593045e+00  2.978734961304026e-03  1.108643668593045e+00  1.301650037624920e+00  1.108643668593045e+00  1.653107151910024e-01  1.108643668593045e+00  9.028864876606973e-04 
 1.112643668593045e+00  1.130640466642693e+00  1.112643668593045e+00  1.661019775895802e+00  1.112643668593045e+00  5.166712689783944e-01  1.112643668593045e+00  2.704531107981484e-01  1.112643668593045e+00  2.982258038935897e-03  1.112643668593045e+00  1.302981235407230e+00  1.112643668593045e+00  1.650493100669064e-01  1.112643668593045e+00  8.992763425662439e-04 
 1.116643668593045e+00  1.129744093823417e+00  1.116643668593045e+00  1.661938386821459e+00  1.116643668593045e+00  5.153136279350892e-01  1.116643668593045e+00  2.706101799651219e-01  1.116643668593045e+00  2.985778393827688e-03  1.116643668593045e+00  1.304311473477198e+00  1.116643668593045e+00  1.647874727183375e-01  1.116643668593045e+00  8.956685596841393e-04 
 1.120643668593045e+00  1.128848420329606e+00  1.120643668593045e+00  1.662856390138096e+00  1.120643668593045e+00  5.139569896980107e-01  1.120643668593045e+00  2.707673028549535e-01  1.120643668593045e+00  2.989296002235243e-03  1.120643668593045e+00  1.305640744603918e+00  1.120643668593045e+00  1.645252022127646e-01  1.120643668593045e+00  8.920631619389755e-04 
 1.124643668593045e+00  1.127953452268676e+00  1.124643668593045e+00  1.663773779932407e+00  1.124643668593045e+00  5.126013649228871e-01  1.124643668593045e+00  2.709244813940334e-01  1.124643668593045e+00  2.992810840172698e-03  1.124643668593045e+00  1.306969041488382e+00  1.124643668593045e+00  1.642624976314919e-01  1.124643668593045e+00  8.884601725483508e-04 
 1.128643668593045e+00  1.127059195815515e+00  1.128643668593045e+00  1.664690550232694e+00  1.128643668593045e+00  5.112467643967011e-01  1.128643668593045e+00  2.710817175326135e-01  1.128643668593045e+00  2.996322883389215e-03  1.128643668593045e+00  1.308296356772902e+00  1.128643668593045e+00  1.639993580653297e-01  1.128643668593045e+00  8.848596149593372e-04 
 1.132643668593045e+00  1.126165657214192e+00  1.132643668593045e+00  1.665606695010762e+00  1.132643668593045e+00  5.098931990401815e-01  1.132643668593045e+00  2.712390132450740e-01  1.132643668593045e+00  2.999832107362246e-03  1.132643668593045e+00  1.309622683042114e+00  1.132643668593045e+00  1.637357826141922e-01  1.132643668593045e+00  8.812615128410238e-04 
 1.136643668593045e+00  1.125272842772898e+00  1.136643668593045e+00  1.666522208161471e+00  1.136643668593045e+00  5.085406799058191e-01  1.136643668593045e+00  2.713963705312016e-01  1.136643668593045e+00  3.003338487317418e-03  1.136643668593045e+00  1.310948012810958e+00  1.136643668593045e+00  1.634717703929419e-01  1.136643668593045e+00  8.776658901648593e-04 
 1.140643668593045e+00  1.124380758871375e+00  1.140643668593045e+00  1.667437083523633e+00  1.140643668593045e+00  5.071892181841924e-01  1.140643668593045e+00  2.715537914156305e-01  1.140643668593045e+00  3.006841998199363e-03  1.140643668593045e+00  1.312272338536819e+00  1.140643668593045e+00  1.632073205257197e-01  1.140643668593045e+00  8.740727711225556e-04 
 1.144643668593045e+00  1.123489411957887e+00  1.144643668593045e+00  1.668351314866070e+00  1.144643668593045e+00  5.058388252033684e-01  1.144643668593045e+00  2.717112779488324e-01  1.144643668593045e+00  3.010342614683601e-03  1.144643668593045e+00  1.313595652611308e+00  1.144643668593045e+00  1.629424321499915e-01  1.144643668593045e+00  8.704821801808536e-04 
 1.148643668593045e+00  1.122598808552282e+00  1.148643668593045e+00  1.669264895893988e+00  1.148643668593045e+00  5.044895124323776e-01  1.148643668593045e+00  2.718688322072168e-01  1.148643668593045e+00  3.013840311164519e-03  1.148643668593045e+00  1.314917947363915e+00  1.148643668593045e+00  1.626771044149273e-01  1.148643668593045e+00  8.668941420564927e-04 
 1.152643668593045e+00  1.121708955245913e+00  1.152643668593045e+00  1.670177820244794e+00  1.152643668593045e+00  5.031412914826023e-01  1.152643668593045e+00  2.720264562936998e-01  1.152643668593045e+00  3.017335061755666e-03  1.152643668593045e+00  1.316239215059506e+00  1.152643668593045e+00  1.624113364827408e-01  1.152643668593045e+00  8.633086817326680e-04 
 1.156643668593045e+00  1.120819858702434e+00  1.156643668593045e+00  1.671090081486817e+00  1.156643668593045e+00  5.017941741097904e-01  1.156643668593045e+00  2.721841523381544e-01  1.156643668593045e+00  3.020826840286680e-03  1.156643668593045e+00  1.317559447897525e+00  1.156643668593045e+00  1.621451275292244e-01  1.156643668593045e+00  8.597258244640305e-04 
 1.160643668593045e+00  1.119931525661116e+00  1.160643668593045e+00  1.672001673126310e+00  1.160643668593045e+00  5.004481722177400e-01  1.160643668593045e+00  2.723419224974882e-01  1.160643668593045e+00  3.024315620290150e-03  1.160643668593045e+00  1.318878638015988e+00  1.160643668593045e+00  1.618784767419422e-01  1.160643668593045e+00  8.561455957492013e-04 
 1.164643668593045e+00  1.119043962927660e+00  1.164643668593045e+00  1.672912588573349e+00  1.164643668593045e+00  4.991032978537334e-01  1.164643668593045e+00  2.724997689575885e-01  1.164643668593045e+00  3.027801375037842e-03  1.164643668593045e+00  1.320196777471701e+00  1.164643668593045e+00  1.616113833300981e-01  1.164643668593045e+00  8.525680214646940e-04 
 1.168643668593045e+00  1.118157177395935e+00  1.168643668593045e+00  1.673822821208864e+00  1.168643668593045e+00  4.977595632244768e-01  1.168643668593045e+00  2.726576939306891e-01  1.168643668593045e+00  3.031284077455238e-03  1.168643668593045e+00  1.321513858278993e+00  1.168643668593045e+00  1.613438465056911e-01  1.168643668593045e+00  8.489931276016947e-04 
 1.172643668593045e+00  1.117271176025040e+00  1.172643668593045e+00  1.674732364305791e+00  1.172643668593045e+00  4.964169806824533e-01  1.172643668593045e+00  2.728156996593589e-01  1.172643668593045e+00  3.034763700211631e-03  1.172643668593045e+00  1.322829872364067e+00  1.172643668593045e+00  1.610758655061197e-01  1.172643668593045e+00  8.454209405756744e-04 
 1.176643668593045e+00  1.116385965857690e+00  1.176643668593045e+00  1.675641211084885e+00  1.176643668593045e+00  4.950755627396835e-01  1.176643668593045e+00  2.729737884143817e-01  1.176643668593045e+00  3.038240215647935e-03  1.176643668593045e+00  1.324144811597234e+00  1.176643668593045e+00  1.608074395785102e-01  1.176643668593045e+00  8.418514870072447e-04 
 1.180643668593045e+00  1.115501554010574e+00  1.180643668593045e+00  1.676549354679269e+00  1.180643668593045e+00  4.937353220629406e-01  1.180643668593045e+00  2.731319624967919e-01  1.180643668593045e+00  3.041713595814536e-03  1.180643668593045e+00  1.325458667772412e+00  1.180643668593045e+00  1.605385679900474e-01  1.180643668593045e+00  8.382847938613851e-04 
 1.184643668593045e+00  1.114617947686259e+00  1.184643668593045e+00  1.677456788168966e+00  1.184643668593045e+00  4.923962714832307e-01  1.184643668593045e+00  2.732902242367249e-01  1.184643668593045e+00  3.045183812424552e-03  1.184643668593045e+00  1.326771432626977e+00  1.184643668593045e+00  1.602692500182879e-01  1.184643668593045e+00  8.347208883118062e-04 
 1.188643668593045e+00  1.113735154162687e+00  1.188643668593045e+00  1.678363504542569e+00  1.188643668593045e+00  4.910584239904973e-01  1.188643668593045e+00  2.734485759955955e-01  1.188643668593045e+00  3.048650836895101e-03  1.188643668593045e+00  1.328083097819690e+00  1.188643668593045e+00  1.599994849623863e-01  1.188643668593045e+00  8.311597978915201e-04 
 1.192643668593045e+00  1.112853180799154e+00  1.192643668593045e+00  1.679269496712540e+00  1.192643668593045e+00  4.897217927392236e-01  1.192643668593045e+00  2.736070201658370e-01  1.192643668593045e+00  3.052114640323740e-03  1.192643668593045e+00  1.329393654939489e+00  1.192643668593045e+00  1.597292721389507e-01  1.192643668593045e+00  8.276015504327190e-04 
 1.196643668593045e+00  1.111972035038596e+00  1.196643668593045e+00  1.680174757518357e+00  1.196643668593045e+00  4.883863910516241e-01  1.196643668593045e+00  2.737655591712003e-01  1.196643668593045e+00  3.055575193479605e-03  1.196643668593045e+00  1.330703095507283e+00  1.196643668593045e+00  1.594586108813675e-01  1.196643668593045e+00  8.240461740544193e-04 
 1.200643668593045e+00  1.111091724406548e+00  1.200643668593045e+00  1.681079279718868e+00  1.200643668593045e+00  4.870522324186503e-01  1.200643668593045e+00  2.739241954675453e-01  1.200643668593045e+00  3.059032466807382e-03  1.200643668593045e+00  1.332011410971566e+00  1.200643668593045e+00  1.591875005422690e-01  1.200643668593045e+00  8.204936971926199e-04 
 1.204643668593046e+00  1.110212256516589e+00  1.204643668593046e+00  1.681983056005557e+00  1.204643668593046e+00  4.857193305053019e-01  1.204643668593046e+00  2.740829315426820e-01  1.204643668593046e+00  3.062486430406030e-03  1.204643668593046e+00  1.333318592715974e+00  1.204643668593046e+00  1.589159404899075e-01  1.204643668593046e+00  8.169441485479750e-04 
 1.208643668593046e+00  1.109333639064356e+00  1.208643668593046e+00  1.682886078978964e+00  1.208643668593046e+00  4.843876991484088e-01  1.208643668593046e+00  2.742417699179108e-01  1.208643668593046e+00  3.065937054052206e-03  1.208643668593046e+00  1.334624632045840e+00  1.208643668593046e+00  1.586439301152936e-01  1.208643668593046e+00  8.133975571786362e-04 
 1.212643668593046e+00  1.108455879833263e+00  1.212643668593046e+00  1.683788341162756e+00  1.212643668593046e+00  4.830573523621605e-01  1.212643668593046e+00  2.744007131478316e-01  1.212643668593046e+00  3.069384307177873e-03  1.212643668593046e+00  1.335929520196236e+00  1.212643668593046e+00  1.583714688283660e-01  1.212643668593046e+00  8.098539524448221e-04 
 1.216643668593046e+00  1.107578986692296e+00  1.216643668593046e+00  1.684689834992359e+00  1.216643668593046e+00  4.817283043384210e-01  1.216643668593046e+00  2.745597638213361e-01  1.216643668593046e+00  3.072828158878849e-03  1.216643668593046e+00  1.337233248325528e+00  1.216643668593046e+00  1.580985560616113e-01  1.216643668593046e+00  8.063133640536083e-04 
 1.220643668593046e+00  1.106702967600757e+00  1.220643668593046e+00  1.685590552825728e+00  1.220643668593046e+00  4.804005694516493e-01  1.220643668593046e+00  2.747189245615752e-01  1.220643668593046e+00  3.076268577896358e-03  1.220643668593046e+00  1.338535807521531e+00  1.220643668593046e+00  1.578251912671872e-01  1.220643668593046e+00  8.027758220164887e-04 
 1.224643668593046e+00  1.105827830611844e+00  1.224643668593046e+00  1.686490486950419e+00  1.224643668593046e+00  4.790741622630555e-01  1.224643668593046e+00  2.748781980260939e-01  1.224643668593046e+00  3.079705532602772e-03  1.224643668593046e+00  1.339837188805528e+00  1.224643668593046e+00  1.575513739151185e-01  1.224643668593046e+00  7.992413566217640e-04 
 1.228643668593046e+00  1.104953583864192e+00  1.228643668593046e+00  1.687389629552127e+00  1.228643668593046e+00  4.777490975168580e-01  1.228643668593046e+00  2.750375869087781e-01  1.228643668593046e+00  3.083138991034970e-03  1.228643668593046e+00  1.341137383114463e+00  1.228643668593046e+00  1.572771035028719e-01  1.228643668593046e+00  7.957099985579727e-04 
 1.232643668593046e+00  1.104080235588072e+00  1.232643668593046e+00  1.688287972730129e+00  1.232643668593046e+00  4.764253901462153e-01  1.232643668593046e+00  2.751970939396127e-01  1.232643668593046e+00  3.086568920869942e-03  1.232643668593046e+00  1.342436381309787e+00  1.232643668593046e+00  1.570023795511500e-01  1.232643668593046e+00  7.921817788533203e-04 
 1.236643668593046e+00  1.103207794114222e+00  1.236643668593046e+00  1.689185508520899e+00  1.236643668593046e+00  4.751030552808631e-01  1.236643668593046e+00  2.753567218840526e-01  1.236643668593046e+00  3.089995289390081e-03  1.236643668593046e+00  1.343734174190823e+00  1.236643668593046e+00  1.567272015971762e-01  1.236643668593046e+00  7.886567287829350e-04 
 1.240643668593046e+00  1.102336267859344e+00  1.240643668593046e+00  1.690082228847542e+00  1.240643668593046e+00  4.737821082394797e-01  1.240643668593046e+00  2.755164735458821e-01  1.240643668593046e+00  3.093418063540203e-03  1.240643668593046e+00  1.345030752466275e+00  1.240643668593046e+00  1.564515692100475e-01  1.240643668593046e+00  7.851348800674198e-04 
 1.244643668593046e+00  1.101465665337034e+00  1.244643668593046e+00  1.690978125550224e+00  1.244643668593046e+00  4.724625645387479e-01  1.244643668593046e+00  2.756763517662797e-01  1.244643668593046e+00  3.096837209884572e-03  1.244643668593046e+00  1.346326106771508e+00  1.244643668593046e+00  1.561754819820602e-01  1.244643668593046e+00  7.816162647533800e-04 
 1.248643668593046e+00  1.100595995162424e+00  1.248643668593046e+00  1.691873190396162e+00  1.248643668593046e+00  4.711444398982739e-01  1.248643668593046e+00  2.758363594238245e-01  1.248643668593046e+00  3.100252694588720e-03  1.248643668593046e+00  1.347620227674212e+00  1.248643668593046e+00  1.558989395260396e-01  1.248643668593046e+00  7.781009151742185e-04 
 1.252643668593046e+00  1.099727266045347e+00  1.252643668593046e+00  1.692767415053690e+00  1.252643668593046e+00  4.698277502380453e-01  1.252643668593046e+00  2.759964994362168e-01  1.252643668593046e+00  3.103664483446182e-03  1.252643668593046e+00  1.348913105659893e+00  1.252643668593046e+00  1.556219414834452e-01  1.252643668593046e+00  7.745888640519165e-04 
 1.256643668593046e+00  1.098859486791577e+00  1.256643668593046e+00  1.693660791091717e+00  1.256643668593046e+00  4.685125116811577e-01  1.256643668593046e+00  2.761567747608060e-01  1.256643668593046e+00  3.107072541873787e-03  1.256643668593046e+00  1.350204731131713e+00  1.256643668593046e+00  1.553444875249475e-01  1.256643668593046e+00  7.710801444992540e-04 
 1.260643668593046e+00  1.097992666310145e+00  1.260643668593046e+00  1.694553309998333e+00  1.260643668593046e+00  4.671987405605398e-01  1.260643668593046e+00  2.763171883941962e-01  1.260643668593046e+00  3.110476834882801e-03  1.260643668593046e+00  1.351495094421018e+00  1.260643668593046e+00  1.550665773452015e-01  1.260643668593046e+00  7.675747899466735e-04 
 1.264643668593046e+00  1.097126813607483e+00  1.264643668593046e+00  1.695444963158022e+00  1.264643668593046e+00  4.658864534170726e-01  1.264643668593046e+00  2.764777433738357e-01  1.264643668593046e+00  3.113877327101936e-03  1.264643668593046e+00  1.352784185774706e+00  1.264643668593046e+00  1.547882106701171e-01  1.264643668593046e+00  7.640728342317999e-04 
 1.268643668593046e+00  1.096261937799298e+00  1.268643668593046e+00  1.696335741884362e+00  1.268643668593046e+00  4.645756670092874e-01  1.268643668593046e+00  2.766384427769452e-01  1.268643668593046e+00  3.117273982730793e-03  1.268643668593046e+00  1.354071995373605e+00  1.268643668593046e+00  1.545093872473478e-01  1.268643668593046e+00  7.605743114710618e-04 
 1.272643668593046e+00  1.095398048094853e+00  1.272643668593046e+00  1.697225637366450e+00  1.272643668593046e+00  4.632663983050799e-01  1.272643668593046e+00  2.767992897235860e-01  1.272643668593046e+00  3.120666765601498e-03  1.272643668593046e+00  1.355358513302736e+00  1.272643668593046e+00  1.542301068629684e-01  1.272643668593046e+00  7.570792562700267e-04 
 1.276643668593046e+00  1.094535153817308e+00  1.276643668593046e+00  1.698114640728118e+00  1.276643668593046e+00  4.619586644969390e-01  1.276643668593046e+00  2.769602873743177e-01  1.276643668593046e+00  3.124055639098925e-03  1.276643668593046e+00  1.356643729584450e+00  1.276643668593046e+00  1.539503693238891e-01  1.276643668593046e+00  7.535877034908859e-04 
 1.280643668593046e+00  1.093673264387142e+00  1.280643668593046e+00  1.699002742971838e+00  1.280643668593046e+00  4.606524829931116e-01  1.280643668593046e+00  2.771214389333958e-01  1.280643668593046e+00  3.127440566225699e-03  1.280643668593046e+00  1.357927634147381e+00  1.280643668593046e+00  1.536701744753955e-01  1.280643668593046e+00  7.500996884727884e-04 
 1.284643668593046e+00  1.092812389332835e+00  1.284643668593046e+00  1.699889935007672e+00  1.284643668593046e+00  4.593478714265454e-01  1.284643668593046e+00  2.772827476478755e-01  1.284643668593046e+00  3.130821509560312e-03  1.284643668593046e+00  1.359210216842741e+00  1.284643668593046e+00  1.533895221927768e-01  1.284643668593046e+00  7.466152469180696e-04 
 1.288643668593046e+00  1.091952538296808e+00  1.288643668593046e+00  1.700776207667427e+00  1.288643668593046e+00  4.580448476607103e-01  1.288643668593046e+00  2.774442168074191e-01  1.288643668593046e+00  3.134198431233747e-03  1.288643668593046e+00  1.360491467452286e+00  1.288643668593046e+00  1.531084123774019e-01  1.288643668593046e+00  7.431344148367679e-04 
 1.292643668593046e+00  1.091093721019941e+00  1.292643668593046e+00  1.701661551652300e+00  1.292643668593046e+00  4.567434297815256e-01  1.292643668593046e+00  2.776058497473329e-01  1.292643668593046e+00  3.137571292990332e-03  1.292643668593046e+00  1.361771375659579e+00  1.292643668593046e+00  1.528268449733111e-01  1.292643668593046e+00  7.396572287521586e-04 
 1.296643668593046e+00  1.090235947365109e+00  1.296643668593046e+00  1.702545957601607e+00  1.296643668593046e+00  4.554436361146130e-01  1.296643668593046e+00  2.777676498457139e-01  1.296643668593046e+00  3.140940056095260e-03  1.296643668593046e+00  1.363049931088140e+00  1.296643668593046e+00  1.525448199464919e-01  1.296643668593046e+00  7.361837254308624e-04 
 1.300643668593046e+00  1.089379227292471e+00  1.300643668593046e+00  1.703429416012202e+00  1.300643668593046e+00  4.541454852112262e-01  1.300643668593046e+00  2.779296205278743e-01  1.300643668593046e+00  3.144304681431674e-03  1.300643668593046e+00  1.364327123257249e+00  1.300643668593046e+00  1.522623373103068e-01  1.300643668593046e+00  7.327139421993455e-04 
 1.304643668593046e+00  1.088523570884629e+00  1.304643668593046e+00  1.704311917312038e+00  1.304643668593046e+00  4.528489958665355e-01  1.304643668593046e+00  2.780917652632275e-01  1.304643668593046e+00  3.147665129401838e-03  1.304643668593046e+00  1.365602941622687e+00  1.304643668593046e+00  1.519793971032043e-01  1.304643668593046e+00  7.292479166549781e-04 
 1.308643668593046e+00  1.087668988332589e+00  1.308643668593046e+00  1.705193451812772e+00  1.308643668593046e+00  4.515541871124767e-01  1.308643668593046e+00  2.782540875680884e-01  1.308643668593046e+00  3.151021359982250e-03  1.308643668593046e+00  1.366877375550901e+00  1.308643668593046e+00  1.516959994039433e-01  1.308643668593046e+00  7.257856868522184e-04 
 1.312643668593046e+00  1.086815489943035e+00  1.312643668593046e+00  1.706074009728203e+00  1.312643668593046e+00  4.502610782244039e-01  1.312643668593046e+00  2.784165910052489e-01  1.312643668593046e+00  3.154373332695156e-03  1.312643668593046e+00  1.368150414329391e+00  1.312643668593046e+00  1.514121443263944e-01  1.312643668593046e+00  7.223272912301890e-04 
 1.316643668593046e+00  1.085963086132191e+00  1.316643668593046e+00  1.706953581151464e+00  1.316643668593046e+00  4.489696887190531e-01  1.316643668593046e+00  2.785792791855695e-01  1.316643668593046e+00  3.157721006632555e-03  1.316643668593046e+00  1.369422047154528e+00  1.316643668593046e+00  1.511278320272409e-01  1.316643668593046e+00  7.188727687022103e-04 
 1.320643668593046e+00  1.085111787442134e+00  1.320643668593046e+00  1.707832156101311e+00  1.320643668593046e+00  4.476800383669934e-01  1.320643668593046e+00  2.787421557661574e-01  1.320643668593046e+00  3.161064340392193e-03  1.320643668593046e+00  1.370692263157113e+00  1.320643668593046e+00  1.508430626920017e-01  1.320643668593046e+00  7.154221584741106e-04 
 1.324643668593046e+00  1.084261604523119e+00  1.324643668593046e+00  1.708709724464049e+00  1.324643668593046e+00  4.463921471830992e-01  1.324643668593046e+00  2.789052244536941e-01  1.324643668593046e+00  3.164403292146995e-03  1.324643668593046e+00  1.371961051370976e+00  1.324643668593046e+00  1.505578365538501e-01  1.324643668593046e+00  7.119755002721865e-04 
 1.328643668593046e+00  1.083412548148903e+00  1.328643668593046e+00  1.709586276036861e+00  1.328643668593046e+00  4.451060354383148e-01  1.328643668593046e+00  2.790684890027317e-01  1.328643668593046e+00  3.167737819584772e-03  1.328643668593046e+00  1.373228400756924e+00  1.328643668593046e+00  1.502721538805686e-01  1.328643668593046e+00  7.085328341731478e-04 
 1.332643668593046e+00  1.082564629207071e+00  1.332643668593046e+00  1.710461800494638e+00  1.332643668593046e+00  4.438217236552667e-01  1.332643668593046e+00  2.792319532177870e-01  1.332643668593046e+00  3.171067879946419e-03  1.332643668593046e+00  1.374494300185033e+00  1.332643668593046e+00  1.499860149856286e-01  1.332643668593046e+00  7.050942007343096e-04 
 1.336643668593046e+00  1.081717858706815e+00  1.336643668593046e+00  1.711336287410384e+00  1.336643668593046e+00  4.425392326150805e-01  1.336643668593046e+00  2.793956209527497e-01  1.336643668593046e+00  3.174393429995114e-03  1.336643668593046e+00  1.375758738446097e+00  1.336643668593046e+00  1.496994202223601e-01  1.336643668593046e+00  7.016596409135041e-04 
 1.340643668593046e+00  1.080872247783720e+00  1.340643668593046e+00  1.712209726266206e+00  1.340643668593046e+00  4.412585833622436e-01  1.340643668593046e+00  2.795594961107379e-01  1.340643668593046e+00  3.177714425997700e-03  1.340643668593046e+00  1.377021704257872e+00  1.340643668593046e+00  1.494123699810338e-01  1.340643668593046e+00  6.982291960259237e-04 
 1.344643668593046e+00  1.080027807683500e+00  1.344643668593046e+00  1.713082106400842e+00  1.344643668593046e+00  4.399797971959047e-01  1.344643668593046e+00  2.797235826471476e-01  1.344643668593046e+00  3.181030823788558e-03  1.344643668593046e+00  1.378283186237157e+00  1.344643668593046e+00  1.491248647062735e-01  1.344643668593046e+00  6.948029079501363e-04 
 1.348643668593046e+00  1.079184549785676e+00  1.348643668593046e+00  1.713953417078376e+00  1.348643668593046e+00  4.387028956867782e-01  1.348643668593046e+00  2.798878845665725e-01  1.348643668593046e+00  3.184342578676470e-03  1.348643668593046e+00  1.379543172937240e+00  1.348643668593046e+00  1.488369048757428e-01  1.348643668593046e+00  6.913808188583381e-04 
 1.352643668593046e+00  1.078342485582588e+00  1.352643668593046e+00  1.714823647421721e+00  1.352643668593046e+00  4.374279006653538e-01  1.352643668593046e+00  2.800524059265436e-01  1.352643668593046e+00  3.187649645527199e-03  1.352643668593046e+00  1.380801652812496e+00  1.352643668593046e+00  1.485484910221360e-01  1.352643668593046e+00  6.879629714774458e-04 
 1.356643668593046e+00  1.077501626699356e+00  1.356643668593046e+00  1.715692786470302e+00  1.356643668593046e+00  4.361548342362900e-01  1.356643668593046e+00  2.802171508349670e-01  1.356643668593046e+00  3.190951978685035e-03  1.356643668593046e+00  1.382058614249823e+00  1.356643668593046e+00  1.482596237153275e-01  1.356643668593046e+00  6.845494088627147e-04 
 1.360643668593046e+00  1.076661984880923e+00  1.360643668593046e+00  1.716560823138120e+00  1.360643668593046e+00  4.348837187716817e-01  1.360643668593046e+00  2.803821234525812e-01  1.360643668593046e+00  3.194249532023645e-03  1.360643668593046e+00  1.383314045546568e+00  1.360643668593046e+00  1.479703035765646e-01  1.360643668593046e+00  6.811401745622996e-04 
 1.364643668593046e+00  1.075823571997640e+00  1.364643668593046e+00  1.717427746228346e+00  1.364643668593046e+00  4.336145769161428e-01  1.364643668593046e+00  2.805473279925488e-01  1.364643668593046e+00  3.197542258924218e-03  1.364643668593046e+00  1.384567934918830e+00  1.364643668593046e+00  1.476805312744993e-01  1.364643668593046e+00  6.777353125600304e-04 
 1.368643668593046e+00  1.074986400045915e+00  1.368643668593046e+00  1.718293544432918e+00  1.368643668593046e+00  4.323474315886648e-01  1.368643668593046e+00  2.807127687207721e-01  1.368643668593046e+00  3.200830112272869e-03  1.368643668593046e+00  1.385820270501732e+00  1.368643668593046e+00  1.473903075260436e-01  1.368643668593046e+00  6.743348672769479e-04 
 1.372643668593046e+00  1.074150481147840e+00  1.372643668593046e+00  1.719158206329537e+00  1.372643668593046e+00  4.310823059837349e-01  1.372643668593046e+00  2.808784499563313e-01  1.372643668593046e+00  3.204113044462092e-03  1.372643668593046e+00  1.387071040348320e+00  1.372643668593046e+00  1.470996330981009e-01  1.372643668593046e+00  6.709388835831525e-04 
 1.376643668593046e+00  1.073315827552856e+00  1.376643668593046e+00  1.720021720384641e+00  1.376643668593046e+00  4.298192235737167e-01  1.376643668593046e+00  2.810443760715803e-01  1.376643668593046e+00  3.207391007384249e-03  1.376643668593046e+00  1.388320232431664e+00  1.376643668593046e+00  1.468085088073526e-01  1.376643668593046e+00  6.675474067860640e-04 
 1.380643668593046e+00  1.072482451640647e+00  1.380643668593046e+00  1.720884074960507e+00  1.380643668593046e+00  4.285582081118996e-01  1.380643668593046e+00  2.812105514920105e-01  1.380643668593046e+00  3.210663952420192e-03  1.380643668593046e+00  1.389567834649143e+00  1.380643668593046e+00  1.465169355186908e-01  1.380643668593046e+00  6.641604826026103e-04 
 1.384643668593046e+00  1.071650365913657e+00  1.384643668593046e+00  1.721745258291574e+00  1.384643668593046e+00  4.272992836288706e-01  1.384643668593046e+00  2.813769806976824e-01  1.384643668593046e+00  3.213931830468653e-03  1.384643668593046e+00  1.390813834810469e+00  1.384643668593046e+00  1.462249141537928e-01  1.384643668593046e+00  6.607781572521253e-04 
 1.388643668593046e+00  1.070819583006585e+00  1.388643668593046e+00  1.722605258511575e+00  1.388643668593046e+00  4.260424744396072e-01  1.388643668593046e+00  2.815436682219891e-01  1.388643668593046e+00  3.217194591908974e-03  1.388643668593046e+00  1.392058220652616e+00  1.388643668593046e+00  1.459324456830033e-01  1.388643668593046e+00  6.574004773498671e-04 
 1.392643668593046e+00  1.069990115679585e+00  1.392643668593046e+00  1.723464063632559e+00  1.392643668593046e+00  4.247878051400901e-01  1.392643668593046e+00  2.817106186528974e-01  1.392643668593046e+00  3.220452186627754e-03  1.392643668593046e+00  1.393300979829335e+00  1.392643668593046e+00  1.456395311330733e-01  1.392643668593046e+00  6.540274899893894e-04 
 1.396643668593046e+00  1.069161976819767e+00  1.396643668593046e+00  1.724321661548666e+00  1.396643668593046e+00  4.235353006091167e-01  1.396643668593046e+00  2.818778366328601e-01  1.396643668593046e+00  3.223704564013021e-03  1.396643668593046e+00  1.394542099913793e+00  1.396643668593046e+00  1.453461715867772e-01  1.396643668593046e+00  6.506592427276914e-04 
 1.400643668593046e+00  1.068335179449456e+00  1.400643668593046e+00  1.725178040060354e+00  1.400643668593046e+00  4.222849860142449e-01  1.400643668593046e+00  2.820453268576218e-01  1.400643668593046e+00  3.226951672921767e-03  1.400643668593046e+00  1.395781568411887e+00  1.400643668593046e+00  1.450523681756782e-01  1.400643668593046e+00  6.472957834900989e-04 
 1.404643668593046e+00  1.067509736711477e+00  1.404643668593046e+00  1.726033186830909e+00  1.404643668593046e+00  4.210368868031049e-01  1.404643668593046e+00  2.822130940785481e-01  1.404643668593046e+00  3.230193461737722e-03  1.404643668593046e+00  1.397019372740118e+00  1.404643668593046e+00  1.447581220955026e-01  1.404643668593046e+00  6.439371607410628e-04 
 1.408643668593046e+00  1.066685661882862e+00  1.408643668593046e+00  1.726887089427291e+00  1.408643668593046e+00  4.197910287125477e-01  1.408643668593046e+00  2.823811431004772e-01  1.408643668593046e+00  3.233429878317587e-03  1.408643668593046e+00  1.398255500247646e+00  1.408643668593046e+00  1.444634345933815e-01  1.408643668593046e+00  6.405834233237261e-04 
 1.412643668593046e+00  1.065862968368382e+00  1.412643668593046e+00  1.727739735301712e+00  1.412643668593046e+00  4.185474377649034e-01  1.412643668593046e+00  2.825494787826482e-01  1.412643668593046e+00  3.236660870016326e-03  1.412643668593046e+00  1.399489938207321e+00  1.412643668593046e+00  1.441683069748922e-01  1.412643668593046e+00  6.372346205323030e-04 
 1.416643668593046e+00  1.065041669700457e+00  1.416643668593046e+00  1.728591111792365e+00  1.416643668593046e+00  4.173061402681502e-01  1.416643668593046e+00  2.827181060385824e-01  1.416643668593046e+00  3.239886383687633e-03  1.416643668593046e+00  1.400722673816798e+00  1.416643668593046e+00  1.438727406047284e-01  1.416643668593046e+00  6.338908021091805e-04 
 1.420643668593046e+00  1.064221779535617e+00  1.420643668593046e+00  1.729441206114620e+00  1.420643668593046e+00  4.160671628137413e-01  1.420643668593046e+00  2.828870298364367e-01  1.420643668593046e+00  3.243106365697745e-03  1.420643668593046e+00  1.401953694194730e+00  1.420643668593046e+00  1.435767369106321e-01  1.420643668593046e+00  6.305520182795256e-04 
 1.424643668593046e+00  1.063403311663067e+00  1.424643668593046e+00  1.730290005387882e+00  1.424643668593046e+00  4.148305322818964e-01  1.424643668593046e+00  2.830562551973889e-01  1.424643668593046e+00  3.246320761891873e-03  1.424643668593046e+00  1.403182986395418e+00  1.424643668593046e+00  1.432802973752335e-01  1.424643668593046e+00  6.272183196458118e-04 
 1.428643668593046e+00  1.062586279997308e+00  1.428643668593046e+00  1.731137496616091e+00  1.428643668593046e+00  4.135962758366979e-01  1.428643668593046e+00  2.832257871964510e-01  1.428643668593046e+00  3.249529517623131e-03  1.428643668593046e+00  1.404410537399474e+00  1.428643668593046e+00  1.429834235435913e-01  1.428643668593046e+00  6.238897572643534e-04 
 1.432643668593046e+00  1.061770698578893e+00  1.432643668593046e+00  1.731983666692694e+00  1.432643668593046e+00  4.123644209261170e-01  1.432643668593046e+00  2.833956309619324e-01  1.432643668593046e+00  3.252732577749554e-03  1.432643668593046e+00  1.405636334117193e+00  1.432643668593046e+00  1.426861170224854e-01  1.432643668593046e+00  6.205663826258314e-04 
 1.436643668593046e+00  1.060956581571877e+00  1.436643668593046e+00  1.732828502396298e+00  1.436643668593046e+00  4.111349952798122e-01  1.436643668593046e+00  2.835657916753472e-01  1.436643668593046e+00  3.255929886644228e-03  1.436643668593046e+00  1.406860363387153e+00  1.436643668593046e+00  1.423883794828969e-01  1.436643668593046e+00  6.172482476723513e-04 
 1.440643668593046e+00  1.060143943269513e+00  1.440643668593046e+00  1.733671990410734e+00  1.440643668593046e+00  4.099080269118456e-01  1.440643668593046e+00  2.837362745699266e-01  1.440643668593046e+00  3.259121388172751e-03  1.440643668593046e+00  1.408082611987306e+00  1.440643668593046e+00  1.420902126541070e-01  1.440643668593046e+00  6.139354047186310e-04 
 1.444643668593046e+00  1.059332798084721e+00  1.444643668593046e+00  1.734514117301422e+00  1.444643668593046e+00  4.086835441137071e-01  1.444643668593046e+00  2.839070849314594e-01  1.444643668593046e+00  3.262307025730763e-03  1.444643668593046e+00  1.409303066623724e+00  1.444643668593046e+00  1.417916183328177e-01  1.444643668593046e+00  6.106279065448198e-04 
 1.448643668593046e+00  1.058523160554519e+00  1.448643668593046e+00  1.735354869532733e+00  1.448643668593046e+00  4.074615754558506e-01  1.448643668593046e+00  2.840782280968328e-01  1.448643668593046e+00  3.265486742226598e-03  1.448643668593046e+00  1.410521713940364e+00  1.448643668593046e+00  1.414925983782049e-01  1.448643668593046e+00  6.073258063283298e-04 
 1.452643668593046e+00  1.057715045336004e+00  1.452643668593046e+00  1.736194233461455e+00  1.452643668593046e+00  4.062421497836960e-01  1.452643668593046e+00  2.842497094538084e-01  1.452643668593046e+00  3.268660480096901e-03  1.452643668593046e+00  1.411738540516610e+00  1.452643668593046e+00  1.411931547152027e-01  1.452643668593046e+00  6.040291576695152e-04 
 1.456643668593046e+00  1.056908467205381e+00  1.456643668593046e+00  1.737032195339585e+00  1.456643668593046e+00  4.050252962153531e-01  1.456643668593046e+00  2.844215344402286e-01  1.456643668593046e+00  3.271828181310619e-03  1.456643668593046e+00  1.412953532869613e+00  1.456643668593046e+00  1.408932893345839e-01  1.456643668593046e+00  6.007380145806472e-04 
 1.460643668593046e+00  1.056103441062057e+00  1.460643668593046e+00  1.737868741332065e+00  1.460643668593046e+00  4.038110441421808e-01  1.460643668593046e+00  2.845937085422980e-01  1.460643668593046e+00  3.274989787352807e-03  1.460643668593046e+00  1.414166677464149e+00  1.460643668593046e+00  1.405930042878077e-01  1.460643668593046e+00  5.974524314163029e-04 
 1.464643668593046e+00  1.055299981915573e+00  1.464643668593046e+00  1.738703857486147e+00  1.464643668593046e+00  4.025994232184887e-01  1.464643668593046e+00  2.847662372955049e-01  1.464643668593046e+00  3.278145239275977e-03  1.464643668593046e+00  1.415377960698101e+00  1.464643668593046e+00  1.402923016987811e-01  1.464643668593046e+00  5.941724629936628e-04 
 1.468643668593046e+00  1.054498104892855e+00  1.468643668593046e+00  1.739537529759404e+00  1.468643668593046e+00  4.013904633635517e-01  1.468643668593046e+00  2.849391262821854e-01  1.468643668593046e+00  3.281294477671648e-03  1.468643668593046e+00  1.416587368917559e+00  1.468643668593046e+00  1.399911837551498e-01  1.468643668593046e+00  5.908981644825289e-04 
 1.472643668593046e+00  1.053697825231919e+00  1.472643668593046e+00  1.740369744009647e+00  1.472643668593046e+00  4.001841947549613e-01  1.472643668593046e+00  2.851123811311357e-01  1.472643668593046e+00  3.284437442695069e-03  1.472643668593046e+00  1.417794888412696e+00  1.472643668593046e+00  1.396896527129011e-01  1.472643668593046e+00  5.876295914448651e-04 
 1.476643668593046e+00  1.052899158282022e+00  1.476643668593046e+00  1.741200486003897e+00  1.476643668593046e+00  3.989806478256674e-01  1.476643668593046e+00  2.852860075160726e-01  1.476643668593046e+00  3.287574074064607e-03  1.476643668593046e+00  1.419000505423267e+00  1.476643668593046e+00  1.393877108942931e-01  1.476643668593046e+00  5.843667997996023e-04 
 1.480643668593046e+00  1.052102119501849e+00  1.480643668593046e+00  1.742029741422370e+00  1.480643668593046e+00  3.977798532595006e-01  1.480643668593046e+00  2.854600111542787e-01  1.480643668593046e+00  3.290704311068806e-03  1.480643668593046e+00  1.420204206141559e+00  1.480643668593046e+00  1.390853606875168e-01  1.480643668593046e+00  5.811098458069764e-04 
 1.484643668593046e+00  1.051306724451859e+00  1.484643668593046e+00  1.742857495846614e+00  1.484643668593046e+00  3.965818419828140e-01  1.484643668593046e+00  2.856343978060712e-01  1.484643668593046e+00  3.293828092596560e-03  1.484643668593046e+00  1.421405976707521e+00  1.484643668593046e+00  1.387826045520163e-01  1.484643668593046e+00  5.778587861151264e-04 
 1.488643668593046e+00  1.050512988798284e+00  1.488643668593046e+00  1.743683734781417e+00  1.488643668593046e+00  3.953866451629318e-01  1.488643668593046e+00  2.858091732722513e-01  1.488643668593046e+00  3.296945357121379e-03  1.488643668593046e+00  1.422605803220663e+00  1.488643668593046e+00  1.384794450117951e-01  1.488643668593046e+00  5.746136776740186e-04 
 1.492643668593046e+00  1.049720928302772e+00  1.492643668593046e+00  1.744508443636718e+00  1.492643668593046e+00  3.941942941974902e-01  1.492643668593046e+00  2.859843433937351e-01  1.492643668593046e+00  3.300056042741987e-03  1.492643668593046e+00  1.423803671732150e+00  1.492643668593046e+00  1.381758846629892e-01  1.492643668593046e+00  5.713745778065262e-04 
 1.496643668593046e+00  1.048930558824047e+00  1.496643668593046e+00  1.745331607744361e+00  1.496643668593046e+00  3.930048207107737e-01  1.496643668593046e+00  2.861599140491078e-01  1.496643668593046e+00  3.303160087175926e-03  1.496643668593046e+00  1.424999568254145e+00  1.496643668593046e+00  1.378719261689995e-01  1.496643668593046e+00  5.681415441425949e-04 
 1.500643668593046e+00  1.048141896318575e+00  1.500643668593046e+00  1.746153212372545e+00  1.500643668593046e+00  3.918182565490750e-01  1.500643668593046e+00  2.863358911521740e-01  1.500643668593046e+00  3.306257427756804e-03  1.500643668593046e+00  1.426193478767914e+00  1.500643668593046e+00  1.375675722563700e-01  1.500643668593046e+00  5.649146345625187e-04 
 1.504643668593046e+00  1.047354956823656e+00  1.504643668593046e+00  1.746973242691885e+00  1.504643668593046e+00  3.906346337649935e-01  1.504643668593046e+00  2.865122806522371e-01  1.504643668593046e+00  3.309348001500812e-03  1.504643668593046e+00  1.427385389208284e+00  1.504643668593046e+00  1.372628257281572e-01  1.504643668593046e+00  5.616939073301990e-04 
 1.508643668593046e+00  1.046569756471952e+00  1.508643668593046e+00  1.747791683830297e+00  1.508643668593046e+00  3.894539846204692e-01  1.508643668593046e+00  2.866890885290884e-01  1.508643668593046e+00  3.312431745049578e-03  1.508643668593046e+00  1.428575285491529e+00  1.508643668593046e+00  1.369576894451873e-01  1.508643668593046e+00  5.584794208776089e-04 
 1.512643668593046e+00  1.045786311465401e+00  1.512643668593046e+00  1.748608520815081e+00  1.512643668593046e+00  3.882763415647794e-01  1.512643668593046e+00  2.868663207944832e-01  1.512643668593046e+00  3.315508594772720e-03  1.512643668593046e+00  1.429763153488235e+00  1.512643668593046e+00  1.366521663481914e-01  1.512643668593046e+00  5.552712340322216e-04 
 1.516643668593046e+00  1.045004638094663e+00  1.516643668593046e+00  1.749423738643072e+00  1.516643668593046e+00  3.871017372397341e-01  1.516643668593046e+00  2.870439834859944e-01  1.516643668593046e+00  3.318578486691382e-03  1.516643668593046e+00  1.430948979058479e+00  1.516643668593046e+00  1.363462594333908e-01  1.516643668593046e+00  5.520694057415691e-04 
 1.520643668593046e+00  1.044224752714044e+00  1.520643668593046e+00  1.750237322227344e+00  1.520643668593046e+00  3.859302044574966e-01  1.520643668593046e+00  2.872220826680090e-01  1.520643668593046e+00  3.321641356576732e-03  1.520643668593046e+00  1.432132748027050e+00  1.520643668593046e+00  1.360399717730303e-01  1.520643668593046e+00  5.488739952824412e-04 
 1.524643668593046e+00  1.043446671751351e+00  1.524643668593046e+00  1.751049256442093e+00  1.524643668593046e+00  3.847617761991303e-01  1.524643668593046e+00  2.874006244268157e-01  1.524643668593046e+00  3.324697139911303e-03  1.524643668593046e+00  1.433314446206247e+00  1.524643668593046e+00  1.357333065000647e-01  1.524643668593046e+00  5.456850620847030e-04 
 1.528643668593046e+00  1.042670411693470e+00  1.528643668593046e+00  1.751859526100868e+00  1.528643668593046e+00  3.835964855980422e-01  1.528643668593046e+00  2.875796148695218e-01  1.528643668593046e+00  3.327745771945616e-03  1.528643668593046e+00  1.434494059386450e+00  1.528643668593046e+00  1.354262668172343e-01  1.528643668593046e+00  5.425026658167482e-04 
 1.532643668593046e+00  1.041895989083762e+00  1.532643668593046e+00  1.752668115968680e+00  1.532643668593046e+00  3.824343659301399e-01  1.532643668593046e+00  2.877590601208451e-01  1.532643668593046e+00  3.330787187708333e-03  1.532643668593046e+00  1.435671573343062e+00  1.532643668593046e+00  1.351188559937192e-01  1.532643668593046e+00  5.393268663379327e-04 
 1.536643668593046e+00  1.041123420525161e+00  1.536643668593046e+00  1.753475010790273e+00  1.536643668593046e+00  3.812754506069235e-01  1.536643668593046e+00  2.879389663187834e-01  1.536643668593046e+00  3.333821321994232e-03  1.536643668593046e+00  1.436846973851019e+00  1.536643668593046e+00  1.348110773556941e-01  1.536643668593046e+00  5.361577235875476e-04 
 1.540643668593046e+00  1.040352722655549e+00  1.540643668593046e+00  1.754280195243274e+00  1.540643668593046e+00  3.801197731515614e-01  1.540643668593046e+00  2.881193396147088e-01  1.540643668593046e+00  3.336848109460788e-03  1.540643668593046e+00  1.438020246663569e+00  1.540643668593046e+00  1.345029343048197e-01  1.540643668593046e+00  5.329952977688330e-04 
 1.544643668593046e+00  1.039583912163008e+00  1.544643668593046e+00  1.755083654001762e+00  1.544643668593046e+00  3.789673671983277e-01  1.544643668593046e+00  2.883001861666535e-01  1.544643668593046e+00  3.339867484568335e-03  1.544643668593046e+00  1.439191377543530e+00  1.544643668593046e+00  1.341944302956126e-01  1.544643668593046e+00  5.298396490992674e-04 
 1.548643668593046e+00  1.038817005765344e+00  1.548643668593046e+00  1.755885371702656e+00  1.548643668593046e+00  3.778182664702585e-01  1.548643668593046e+00  2.884815121383585e-01  1.548643668593046e+00  3.342879381660499e-03  1.548643668593046e+00  1.440360352248360e+00  1.548643668593046e+00  1.338855688489955e-01  1.548643668593046e+00  5.266908379425895e-04 
 1.552643668593046e+00  1.038052020207820e+00  1.552643668593046e+00  1.756685332962848e+00  1.552643668593046e+00  3.766725047672048e-01  1.552643668593046e+00  2.886633236951123e-01  1.552643668593046e+00  3.345883734973027e-03  1.552643668593046e+00  1.441527156539301e+00  1.552643668593046e+00  1.335763535469248e-01  1.552643668593046e+00  5.235489247415383e-04 
 1.556643668593046e+00  1.037288972256373e+00  1.556643668593046e+00  1.757483522385015e+00  1.556643668593046e+00  3.755301159507143e-01  1.556643668593046e+00  2.888456270001542e-01  1.556643668593046e+00  3.348880478660479e-03  1.556643668593046e+00  1.442691776185126e+00  1.556643668593046e+00  1.332667880311938e-01  1.556643668593046e+00  5.204139699949633e-04 
 1.560643668593046e+00  1.036527878692747e+00  1.560643668593046e+00  1.758279924569452e+00  1.560643668593046e+00  3.743911339295923e-01  1.560643668593046e+00  2.890284282105758e-01  1.560643668593046e+00  3.351869546815367e-03  1.560643668593046e+00  1.443854196968645e+00  1.560643668593046e+00  1.329568759999245e-01  1.560643668593046e+00  5.172860342113888e-04 
 1.564643668593046e+00  1.035768756302911e+00  1.564643668593046e+00  1.759074524108465e+00  1.564643668593046e+00  3.732555926409898e-01  1.564643668593046e+00  2.892117334741672e-01  1.564643668593046e+00  3.354850873513617e-03  1.564643668593046e+00  1.445014404685046e+00  1.564643668593046e+00  1.326466212106422e-01  1.564643668593046e+00  5.141651779310100e-04 
 1.568643668593046e+00  1.035011621874347e+00  1.568643668593046e+00  1.759867305605831e+00  1.568643668593046e+00  3.721235260362894e-01  1.568643668593046e+00  2.893955489245845e-01  1.568643668593046e+00  3.357824392825161e-03  1.568643668593046e+00  1.446172385151879e+00  1.568643668593046e+00  1.323360274738005e-01  1.568643668593046e+00  5.110514616492736e-04 
 1.572643668593046e+00  1.034256492184105e+00  1.572643668593046e+00  1.760658253672014e+00  1.572643668593046e+00  3.709949680610465e-01  1.572643668593046e+00  2.895798806779026e-01  1.572643668593046e+00  3.360790038860937e-03  1.572643668593046e+00  1.447328124207735e+00  1.572643668593046e+00  1.320250986554934e-01  1.572643668593046e+00  5.079449458356385e-04 
 1.576643668593046e+00  1.033503383994915e+00  1.576643668593046e+00  1.761447352942118e+00  1.576643668593046e+00  3.698699526392188e-01  1.576643668593046e+00  2.897647348276166e-01  1.576643668593046e+00  3.363747745788091e-03  1.576643668593046e+00  1.448481607721397e+00  1.576643668593046e+00  1.317138386714473e-01  1.576643668593046e+00  5.048456908631007e-04 
 1.580643668593046e+00  1.032752314040334e+00  1.580643668593046e+00  1.762234588064982e+00  1.580643668593046e+00  3.687485136505013e-01  1.580643668593046e+00  2.899501174413428e-01  1.580643668593046e+00  3.366697447888413e-03  1.580643668593046e+00  1.449632821587678e+00  1.580643668593046e+00  1.314022514920541e-01  1.580643668593046e+00  5.017537570509423e-04 
 1.584643668593046e+00  1.032003299023299e+00  1.584643668593046e+00  1.763019943729259e+00  1.584643668593046e+00  3.676306849150450e-01  1.584643668593046e+00  2.901360345550497e-01  1.584643668593046e+00  3.369639079563860e-03  1.584643668593046e+00  1.450781751740189e+00  1.584643668593046e+00  1.310903411331406e-01  1.584643668593046e+00  4.986692045623911e-04 
 1.588643668593046e+00  1.031256355607810e+00  1.588643668593046e+00  1.763803404671763e+00  1.588643668593046e+00  3.665165001736778e-01  1.588643668593046e+00  2.903224921682959e-01  1.588643668593046e+00  3.372572575369379e-03  1.588643668593046e+00  1.451928384155819e+00  1.588643668593046e+00  1.307781116534445e-01  1.588643668593046e+00  4.955920933717750e-04 
 1.592643668593046e+00  1.030511500404837e+00  1.592643668593046e+00  1.764584955670966e+00  1.592643668593046e+00  3.654059930643526e-01  1.592643668593046e+00  2.905094962402911e-01  1.592643668593046e+00  3.375497870068128e-03  1.592643668593046e+00  1.453072704852475e+00  1.592643668593046e+00  1.304655671578532e-01  1.592643668593046e+00  4.925224832900428e-04 
 1.596643668593046e+00  1.029768749959759e+00  1.596643668593046e+00  1.765364581545718e+00  1.596643668593046e+00  3.642991970990743e-01  1.596643668593046e+00  2.906970526855579e-01  1.596643668593046e+00  3.378414898680889e-03  1.596643668593046e+00  1.454214699889257e+00  1.596643668593046e+00  1.301527117986624e-01  1.596643668593046e+00  4.894604339698516e-04 
 1.600643668593046e+00  1.029028120758901e+00  1.600643668593046e+00  1.766142267205240e+00  1.600643668593046e+00  3.631961456514259e-01  1.600643668593046e+00  2.908851673661164e-01  1.600643668593046e+00  3.381323596460376e-03  1.600643668593046e+00  1.455354355389527e+00  1.600643668593046e+00  1.298395497566229e-01  1.600643668593046e+00  4.864060047091553e-04 
 1.604643668593046e+00  1.028289629203083e+00  1.604643668593046e+00  1.766917997611987e+00  1.604643668593046e+00  3.620968719246322e-01  1.604643668593046e+00  2.910738460892410e-01  1.604643668593046e+00  3.384223898995092e-03  1.604643668593046e+00  1.456491657524746e+00  1.604643668593046e+00  1.295260852560743e-01  1.604643668593046e+00  4.833592545970775e-04 
 1.608643668593046e+00  1.027553291605002e+00  1.608643668593046e+00  1.767691757808633e+00  1.608643668593046e+00  3.610014089330124e-01  1.608643668593046e+00  2.912630946009545e-01  1.608643668593046e+00  3.387115742219647e-03  1.608643668593046e+00  1.457626592527083e+00  1.608643668593046e+00  1.292123225549230e-01  1.608643668593046e+00  4.803202424079128e-04 
 1.612643668593046e+00  1.026819124183221e+00  1.612643668593046e+00  1.768463532936460e+00  1.612643668593046e+00  3.599097894810611e-01  1.612643668593046e+00  2.914529185799635e-01  1.612643668593046e+00  3.389999062438324e-03  1.612643668593046e+00  1.458759146697972e+00  1.612643668593046e+00  1.288982659378304e-01  1.612643668593046e+00  4.772890265288845e-04 
 1.616643668593046e+00  1.026087143044019e+00  1.616643668593046e+00  1.769233308222164e+00  1.616643668593046e+00  3.588220461352518e-01  1.616643668593046e+00  2.916433236336056e-01  1.616643668593046e+00  3.392873796396397e-03  1.616643668593046e+00  1.459889306402596e+00  1.616643668593046e+00  1.285839197218883e-01  1.616643668593046e+00  4.742656650119995e-04 
 1.620643668593046e+00  1.025357364175013e+00  1.620643668593046e+00  1.770001068996339e+00  1.620643668593046e+00  3.577382112022415e-01  1.620643668593046e+00  2.918343152916274e-01  1.620643668593046e+00  3.395739881305180e-03  1.620643668593046e+00  1.461017058078375e+00  1.620643668593046e+00  1.282692882496871e-01  1.620643668593046e+00  4.712502155013995e-04 
 1.624643668593046e+00  1.024629803436825e+00  1.624643668593046e+00  1.770766800707038e+00  1.624643668593046e+00  3.566583167056570e-01  1.624643668593046e+00  2.920258990001960e-01  1.624643668593046e+00  3.398597254874718e-03  1.624643668593046e+00  1.462142388241099e+00  1.624643668593046e+00  1.279543758842223e-01  1.624643668593046e+00  4.682427351801427e-04 
 1.628643668593046e+00  1.023904476554068e+00  1.628643668593046e+00  1.771530488931949e+00  1.628643668593046e+00  3.555823943621881e-01  1.628643668593046e+00  2.922180801159396e-01  1.628643668593046e+00  3.401445855349202e-03  1.628643668593046e+00  1.463265283490298e+00  1.628643668593046e+00  1.276391870042353e-01  1.628643668593046e+00  4.652432807223025e-04 
 1.632643668593046e+00  1.023181399093085e+00  1.632643668593046e+00  1.772292119356200e+00  1.632643668593046e+00  3.545104755499756e-01  1.632643668593046e+00  2.924108639022750e-01  1.632643668593046e+00  3.404285621594414e-03  1.632643668593046e+00  1.464385730499694e+00  1.632643668593046e+00  1.273237260134142e-01  1.632643668593046e+00  4.622519083802251e-04 
 1.636643668593046e+00  1.022460586468712e+00  1.636643668593046e+00  1.773051677826229e+00  1.636643668593046e+00  3.534425912931651e-01  1.636643668593046e+00  2.926042555205083e-01  1.636643668593046e+00  3.407116493071157e-03  1.636643668593046e+00  1.465503716040474e+00  1.636643668593046e+00  1.270079973187906e-01  1.636643668593046e+00  4.592686737728639e-04 
 1.640643668593046e+00  1.021742053923068e+00  1.640643668593046e+00  1.773809150330734e+00  1.640643668593046e+00  3.523787722304896e-01  1.640643668593046e+00  2.927982600258623e-01  1.640643668593046e+00  3.409938409918557e-03  1.640643668593046e+00  1.466619226972843e+00  1.640643668593046e+00  1.266920053384847e-01  1.640643668593046e+00  4.562936319606347e-04 
 1.644643668593046e+00  1.021025816511872e+00  1.644643668593046e+00  1.774564523001520e+00  1.644643668593046e+00  3.513190485879762e-01  1.644643668593046e+00  2.929928823621460e-01  1.644643668593046e+00  3.412751313007792e-03  1.644643668593046e+00  1.467732250246238e+00  1.644643668593046e+00  1.263757545014466e-01  1.644643668593046e+00  4.533268374420859e-04 
 1.648643668593046e+00  1.020311889104238e+00  1.648643668593046e+00  1.775317782149132e+00  1.648643668593046e+00  3.502634501590870e-01  1.648643668593046e+00  2.931881273539798e-01  1.648643668593046e+00  3.415555143942863e-03  1.648643668593046e+00  1.468842772914193e+00  1.648643668593046e+00  1.260592492328619e-01  1.648643668593046e+00  4.503683440139222e-04 
 1.652643668593046e+00  1.019600286364824e+00  1.652643668593046e+00  1.776068914252765e+00  1.652643668593046e+00  3.492120062748962e-01  1.652643668593046e+00  2.933839997021899e-01  1.652643668593046e+00  3.418349845130796e-03  1.652643668593046e+00  1.469950782129552e+00  1.652643668593046e+00  1.257424939581347e-01  1.652643668593046e+00  4.474182048106402e-04 
 1.656643668593046e+00  1.018891022743440e+00  1.656643668593046e+00  1.776817905969326e+00  1.656643668593046e+00  3.481647457784244e-01  1.656643668593046e+00  2.935805039778812e-01  1.656643668593046e+00  3.421135359822376e-03  1.656643668593046e+00  1.471056265147806e+00  1.656643668593046e+00  1.254254930990074e-01  1.656643668593046e+00  4.444764722689395e-04 
 1.660643668593046e+00  1.018184112470448e+00  1.660643668593046e+00  1.777564744157081e+00  1.660643668593046e+00  3.471216970021831e-01  1.660643668593046e+00  2.937776446154864e-01  1.660643668593046e+00  3.423911632130203e-03  1.660643668593046e+00  1.472159209336334e+00  1.660643668593046e+00  1.251082510635164e-01  1.660643668593046e+00  4.415431980348068e-04 
 1.664643668593046e+00  1.017479569536865e+00  1.664643668593046e+00  1.778309415859777e+00  1.664643668593046e+00  3.460828877373097e-01  1.664643668593046e+00  2.939754259086529e-01  1.664643668593046e+00  3.426678607106901e-03  1.664643668593046e+00  1.473259602166995e+00  1.664643668593046e+00  1.247907722522460e-01  1.664643668593046e+00  4.386184330259123e-04 
 1.668643668593046e+00  1.016777407693434e+00  1.668643668593046e+00  1.779051908338854e+00  1.668643668593046e+00  3.450483452132744e-01  1.668643668593046e+00  2.941738520027417e-01  1.668643668593046e+00  3.429436230748721e-03  1.668643668593046e+00  1.474357431228659e+00  1.668643668593046e+00  1.244730610445389e-01  1.668643668593046e+00  4.357022273050541e-04 
 1.672643668593046e+00  1.016077640432609e+00  1.672643668593046e+00  1.779792209061590e+00  1.672643668593046e+00  3.440180960683271e-01  1.672643668593046e+00  2.943729268905373e-01  1.672643668593046e+00  3.432184450066330e-03  1.672643668593046e+00  1.475452684221290e+00  1.672643668593046e+00  1.241551218029571e-01  1.672643668593046e+00  4.327946301267434e-04 
 1.676643668593046e+00  1.015380280983519e+00  1.676643668593046e+00  1.780530305721735e+00  1.676643668593046e+00  3.429921663272649e-01  1.676643668593046e+00  2.945726544056886e-01  1.676643668593046e+00  3.434923213104474e-03  1.676643668593046e+00  1.476545348963332e+00  1.676643668593046e+00  1.238369588641050e-01  1.676643668593046e+00  4.298956898561496e-04 
 1.680643668593046e+00  1.014685342303027e+00  1.680643668593046e+00  1.781266186249334e+00  1.680643668593046e+00  3.419705813772803e-01  1.680643668593046e+00  2.947730382169923e-01  1.680643668593046e+00  3.437652468977273e-03  1.680643668593046e+00  1.477635413394435e+00  1.680643668593046e+00  1.235185765338293e-01  1.680643668593046e+00  4.270054539304876e-04 
 1.684643668593046e+00  1.013992837057819e+00  1.684643668593046e+00  1.781999838797324e+00  1.684643668593046e+00  3.409533659392501e-01  1.684643668593046e+00  2.949740818244853e-01  1.684643668593046e+00  3.440372167938412e-03  1.684643668593046e+00  1.478722865568666e+00  1.684643668593046e+00  1.231999790922055e-01  1.684643668593046e+00  4.241239689117082e-04 
 1.688643668593046e+00  1.013302777626012e+00  1.688643668593046e+00  1.782731251776541e+00  1.688643668593046e+00  3.399405440499463e-01  1.688643668593046e+00  2.951757885520930e-01  1.688643668593046e+00  3.443082261374904e-03  1.688643668593046e+00  1.479807693667199e+00  1.688643668593046e+00  1.228811707779325e-01  1.688643668593046e+00  4.212512803489230e-04 
 1.692643668593046e+00  1.012615176084125e+00  1.692643668593046e+00  1.783460413852639e+00  1.692643668593046e+00  3.389321390366739e-01  1.692643668593046e+00  2.953781615431673e-01  1.692643668593046e+00  3.445782701858253e-03  1.692643668593046e+00  1.480889885995341e+00  1.692643668593046e+00  1.225621557887274e-01  1.692643668593046e+00  4.183874327905822e-04 
 1.696643668593046e+00  1.011930044189017e+00  1.696643668593046e+00  1.784187313929694e+00  1.696643668593046e+00  3.379281734897180e-01  1.696643668593046e+00  2.955812037571956e-01  1.696643668593046e+00  3.448473443215356e-03  1.696643668593046e+00  1.481969430974313e+00  1.696643668593046e+00  1.222429382874474e-01  1.696643668593046e+00  4.155324698487911e-04 
 1.700643668593046e+00  1.011247393388742e+00  1.700643668593046e+00  1.784911941204981e+00  1.700643668593046e+00  3.369286692507453e-01  1.700643668593046e+00  2.957849179613106e-01  1.700643668593046e+00  3.451154440485844e-03  1.700643668593046e+00  1.483046317161099e+00  1.700643668593046e+00  1.219235223775978e-01  1.700643668593046e+00  4.126864339842340e-04 
