-1.402237554271304e+00  1.586446196908383e+00 -1.402237554271304e+00  9.127499934891414e-01 -1.402237554271304e+00  1.277113993581440e+00 -1.402237554271304e+00  1.893567405797164e-01 -1.402237554271304e+00  7.899046046616942e-04 -1.402237554271304e+00  2.837752600903843e-01 -1.402237554271304e+00  3.599246399989043e-01 -1.402237554271304e+00  3.281819747427540e-03 
-1.398237554271304e+00  1.585693867463347e+00 -1.398237554271304e+00  9.133580564270753e-01 -1.398237554271304e+00  1.275775627661143e+00 -1.398237554271304e+00  1.896099005510726e-01 -1.398237554271304e+00  7.926895925455067e-04 -1.398237554271304e+00  2.844107056461426e-01 -1.398237554271304e+00  3.595962989641927e-01 -1.398237554271304e+00  3.279548630861340e-03 
-1.394237554271304e+00  1.584939307886359e+00 -1.394237554271304e+00  9.139698811315932e-01 -1.394237554271304e+00  1.274435019881882e+00 -1.394237554271304e+00  1.898629010870916e-01 -1.394237554271304e+00  7.954784826109078e-04 -1.394237554271304e+00  2.850534149176014e-01 -1.394237554271304e+00  3.592687928780138e-01 -1.394237554271304e+00  3.277307545006992e-03 
-1.390237554271304e+00  1.584184171891232e+00 -1.390237554271304e+00  9.145826626282214e-01 -1.390237554271304e+00  1.273093844479579e+00 -1.390237554271304e+00  1.901157684623607e-01 -1.390237554271304e+00  7.982716770801225e-04 -1.390237554271304e+00  2.856979825216357e-01 -1.390237554271304e+00  3.589412593322707e-01 -1.390237554271304e+00  3.275040948048460e-03 
-1.386237554271304e+00  1.583427891351675e+00 -1.386237554271304e+00  9.151973505765434e-01 -1.386237554271304e+00  1.271751536900076e+00 -1.386237554271304e+00  1.903684999507675e-01 -1.386237554271304e+00  8.010691043561039e-04 -1.386237554271304e+00  2.863462481982368e-01 -1.386237554271304e+00  3.586139949662677e-01 -1.386237554271304e+00  3.272767299037286e-03 
-1.382237554271304e+00  1.582670453449833e+00 -1.382237554271304e+00  9.158139561733865e-01 -1.382237554271304e+00  1.270408092151697e+00 -1.382237554271304e+00  1.906211000797122e-01 -1.382237554271304e+00  8.038708118573907e-04 -1.382237554271304e+00  2.869982408048801e-01 -1.382237554271304e+00  3.582870067625988e-01 -1.382237554271304e+00  3.270486556956562e-03 
-1.378237554271304e+00  1.581911845293221e+00 -1.378237554271304e+00  9.164324907614566e-01 -1.378237554271304e+00  1.269063505159825e+00 -1.378237554271304e+00  1.908735733643348e-01 -1.378237554271304e+00  8.066768472785195e-04 -1.378237554271304e+00  2.876539894326365e-01 -1.378237554271304e+00  3.579603017628266e-01 -1.378237554271304e+00  3.268198679793880e-03 
-1.374237554271304e+00  1.581152053865583e+00 -1.374237554271304e+00  9.170529657711740e-01 -1.374237554271304e+00  1.267717770741082e+00 -1.374237554271304e+00  1.911259243232297e-01 -1.374237554271304e+00  8.094872587718664e-04 -1.374237554271304e+00  2.883135234268722e-01 -1.374237554271304e+00  3.576338870952261e-01 -1.374237554271304e+00  3.265903625269633e-03 
-1.370237554271304e+00  1.580391066076293e+00 -1.370237554271304e+00  9.176753928200121e-01 -1.370237554271304e+00  1.266370883629907e+00 -1.370237554271304e+00  1.913781574627102e-01 -1.370237554271304e+00  8.123020947648915e-04 -1.370237554271304e+00  2.889768724080413e-01 -1.370237554271304e+00  3.573077699481199e-01 -1.370237554271304e+00  3.263601350412329e-03 
-1.366237554271304e+00  1.579628868724310e+00 -1.366237554271304e+00  9.182997836328551e-01 -1.366237554271304e+00  1.265022838459650e+00 -1.366237554271304e+00  1.916302772883013e-01 -1.366237554271304e+00  8.151214040934228e-04 -1.366237554271304e+00  2.896440662498688e-01 -1.366237554271304e+00  3.569819575903314e-01 -1.366237554271304e+00  3.261291811853172e-03 
-1.362237554271304e+00  1.578865448511064e+00 -1.362237554271304e+00  9.189261500673770e-01 -1.362237554271304e+00  1.263673629769725e+00 -1.362237554271304e+00  1.918822883006477e-01 -1.362237554271304e+00  8.179452359540503e-04 -1.362237554271304e+00  2.903151350844737e-01 -1.362237554271304e+00  3.566564573646573e-01 -1.362237554271304e+00  3.258974965732210e-03 
-1.358237554271304e+00  1.578100792035388e+00 -1.358237554271304e+00  9.195545041002466e-01 -1.358237554271304e+00  1.262323252003168e+00 -1.358237554271304e+00  1.921341949971232e-01 -1.358237554271304e+00  8.207736399228683e-04 -1.358237554271304e+00  2.909901092969226e-01 -1.358237554271304e+00  3.563312766912383e-01 -1.358237554271304e+00  3.256650767749346e-03 
-1.354237554271304e+00  1.577334885824159e+00 -1.354237554271304e+00  9.201848578905661e-01 -1.354237554271304e+00  1.260971699523326e+00 -1.354237554271304e+00  1.923860018621868e-01 -1.354237554271304e+00  8.236066658420753e-04 -1.354237554271304e+00  2.916690195402526e-01 -1.354237554271304e+00  3.560064230511973e-01 -1.354237554271304e+00  3.254319172929656e-03 
-1.350237554271304e+00  1.576567716279209e+00 -1.350237554271304e+00  9.208172236608502e-01 -1.350237554271304e+00  1.259618966585724e+00 -1.350237554271304e+00  1.926377133841367e-01 -1.350237554271304e+00  8.264443640163983e-04 -1.350237554271304e+00  2.923518967011433e-01 -1.350237554271304e+00  3.556819040165159e-01 -1.350237554271304e+00  3.251980136063724e-03 
-1.346237554271304e+00  1.575799269723351e+00 -1.346237554271304e+00  9.214516137928764e-01 -1.346237554271304e+00  1.258265047362984e+00 -1.346237554271304e+00  1.928893340406206e-01 -1.346237554271304e+00  8.292867850428595e-04 -1.346237554271304e+00  2.930387719228846e-01 -1.346237554271304e+00  3.553577272251739e-01 -1.346237554271304e+00  3.249633611352965e-03 
-1.342237554271304e+00  1.575029532394518e+00 -1.342237554271304e+00  9.220880408105114e-01 -1.342237554271304e+00  1.256909935941989e+00 -1.342237554271304e+00  1.931408683005289e-01 -1.342237554271304e+00  8.321339798323855e-04 -1.342237554271304e+00  2.937296765978435e-01 -1.342237554271304e+00  3.550339003849187e-01 -1.342237554271304e+00  3.247279552473274e-03 
-1.338237554271304e+00  1.574258490430788e+00 -1.338237554271304e+00  9.227265173417646e-01 -1.338237554271304e+00  1.255553626316132e+00 -1.338237554271304e+00  1.933923206287161e-01 -1.338237554271304e+00  8.349859996652709e-04 -1.338237554271304e+00  2.944246423535829e-01 -1.338237554271304e+00  3.547104312820876e-01 -1.338237554271304e+00  3.244917912715322e-03 
-1.334237554271304e+00  1.573486129878852e+00 -1.334237554271304e+00  9.233670561314573e-01 -1.334237554271304e+00  1.254196112390131e+00 -1.334237554271304e+00  1.936436954833586e-01 -1.334237554271304e+00  8.378428961598005e-04 -1.334237554271304e+00  2.951237010523404e-01 -1.334237554271304e+00  3.543873277774592e-01 -1.334237554271304e+00  3.242548644937731e-03 
-1.330237554271304e+00  1.572712436710648e+00 -1.330237554271304e+00  9.240096700713903e-01 -1.330237554271304e+00  1.252837387989286e+00 -1.330237554271304e+00  1.938949973108156e-01 -1.330237554271304e+00  8.407047212107501e-04 -1.330237554271304e+00  2.958268847951676e-01 -1.330237554271304e+00  3.540645977975710e-01 -1.330237554271304e+00  3.240171701455416e-03 
-1.326237554271304e+00  1.571937396800173e+00 -1.326237554271304e+00  9.246543721423777e-01 -1.326237554271304e+00  1.251477446847280e+00 -1.326237554271304e+00  1.941462305528888e-01 -1.326237554271304e+00  8.435715270751564e-04 -1.326237554271304e+00  2.965342259009712e-01 -1.326237554271304e+00  3.537422493480730e-01 -1.326237554271304e+00  3.237787034254092e-03 
-1.322237554271304e+00  1.571160995941644e+00 -1.322237554271304e+00  9.253011754463989e-01 -1.322237554271304e+00  1.250116282616235e+00 -1.322237554271304e+00  1.943973996412029e-01 -1.322237554271304e+00  8.464433663051131e-04 -1.322237554271304e+00  2.972457569101901e-01 -1.322237554271304e+00  3.534202905041847e-01 -1.322237554271304e+00  3.235394594871269e-03 
-1.318237554271304e+00  1.570383219855183e+00 -1.318237554271304e+00  9.259500932107633e-01 -1.318237554271304e+00  1.248753888870124e+00 -1.318237554271304e+00  1.946485089955098e-01 -1.318237554271304e+00  8.493202917267738e-04 -1.318237554271304e+00  2.979615105803317e-01 -1.318237554271304e+00  3.530987294080481e-01 -1.318237554271304e+00  3.232994334380893e-03 
-1.314237554271304e+00  1.569604054181263e+00 -1.314237554271304e+00  9.266011387667309e-01 -1.314237554271304e+00  1.247390259102048e+00 -1.314237554271304e+00  1.948995630254698e-01 -1.314237554271304e+00  8.522023564608823e-04 -1.314237554271304e+00  2.986815198736535e-01 -1.314237554271304e+00  3.527775742722872e-01 -1.314237554271304e+00  3.230586203472414e-03 
-1.310237554271304e+00  1.568823484490842e+00 -1.310237554271304e+00  9.272543255619446e-01 -1.310237554271304e+00  1.246025386730054e+00 -1.310237554271304e+00  1.951505661275888e-01 -1.310237554271304e+00  8.550896138852766e-04 -1.310237554271304e+00  2.994058179539602e-01 -1.310237554271304e+00  3.524568333748816e-01 -1.310237554271304e+00  3.228170152404774e-03 
-1.306237554271304e+00  1.568041496261457e+00 -1.306237554271304e+00  9.279096670964675e-01 -1.306237554271304e+00  1.244659265084443e+00 -1.306237554271304e+00  1.954015226926340e-01 -1.306237554271304e+00  8.579821177233415e-04 -1.306237554271304e+00  3.001344381605753e-01 -1.306237554271304e+00  3.521365150728852e-01 -1.306237554271304e+00  3.225746131243067e-03 
-1.302237554271304e+00  1.567258074936043e+00 -1.302237554271304e+00  9.285671770418340e-01 -1.302237554271304e+00  1.243291887440046e+00 -1.302237554271304e+00  1.956524370876345e-01 -1.302237554271304e+00  8.608799218263937e-04 -1.302237554271304e+00  3.008674140351176e-01 -1.302237554271304e+00  3.518166277702819e-01 -1.302237554271304e+00  3.223314089418072e-03 
-1.298237554271304e+00  1.566473205866873e+00 -1.298237554271304e+00  9.292268691037641e-01 -1.298237554271304e+00  1.241923246986083e+00 -1.298237554271304e+00  1.959033136731968e-01 -1.298237554271304e+00  8.637830803810985e-04 -1.298237554271304e+00  3.016047792728208e-01 -1.298237554271304e+00  3.514971799495170e-01 -1.298237554271304e+00  3.220873976234178e-03 
-1.294237554271304e+00  1.565686874357720e+00 -1.294237554271304e+00  9.298887571024546e-01 -1.294237554271304e+00  1.240553336849417e+00 -1.294237554271304e+00  1.961541567906598e-01 -1.294237554271304e+00  8.666916477534699e-04 -1.294237554271304e+00  3.023465677368287e-01 -1.294237554271304e+00  3.511781801485550e-01 -1.294237554271304e+00  3.218425740572315e-03 
-1.290237554271304e+00  1.564899065651527e+00 -1.290237554271304e+00  9.305528549305613e-01 -1.290237554271304e+00  1.239182150088187e+00 -1.290237554271304e+00  1.964049707659906e-01 -1.290237554271304e+00  8.696056785345202e-04 -1.290237554271304e+00  3.030928134359340e-01 -1.290237554271304e+00  3.508596369681416e-01 -1.290237554271304e+00  3.215969331045381e-03 
-1.286237554271304e+00  1.564109764949604e+00 -1.286237554271304e+00  9.312191765806603e-01 -1.286237554271304e+00  1.237809679702631e+00 -1.286237554271304e+00  1.966557599040525e-01 -1.286237554271304e+00  8.725252274692144e-04 -1.286237554271304e+00  3.038435505222949e-01 -1.286237554271304e+00  3.505415590615581e-01 -1.286237554271304e+00  3.213504695896711e-03 
-1.282237554271304e+00  1.563318957392342e+00 -1.282237554271304e+00  9.318877360852370e-01 -1.282237554271304e+00  1.236435918624906e+00 -1.282237554271304e+00  1.969065284946059e-01 -1.282237554271304e+00  8.754503495278039e-04 -1.282237554271304e+00  3.045988132620799e-01 -1.282237554271304e+00  3.502239551457310e-01 -1.282237554271304e+00  3.211031783222019e-03 
-1.278237554271304e+00  1.562526628089600e+00 -1.278237554271304e+00  9.325585475672129e-01 -1.278237554271304e+00  1.235060859736064e+00 -1.278237554271304e+00  1.971572808032194e-01 -1.278237554271304e+00  8.783810997934735e-04 -1.278237554271304e+00  3.053586360387471e-01 -1.278237554271304e+00  3.499068339847388e-01 -1.278237554271304e+00  3.208550540782480e-03 
-1.274237554271304e+00  1.561732762106643e+00 -1.274237554271304e+00  9.332316251893485e-01 -1.274237554271304e+00  1.233684495858730e+00 -1.274237554271304e+00  1.974080210756943e-01 -1.274237554271304e+00  8.813175335142892e-04 -1.274237554271304e+00  3.061230533249164e-01 -1.274237554271304e+00  3.495902043979883e-01 -1.274237554271304e+00  3.206060916191940e-03 
-1.270237554271304e+00  1.560937344489138e+00 -1.270237554271304e+00  9.339069831905820e-01 -1.270237554271304e+00  1.232306819771191e+00 -1.270237554271304e+00  1.976587535306851e-01 -1.270237554271304e+00  8.842597060108178e-04 -1.270237554271304e+00  3.068920996800425e-01 -1.270237554271304e+00  3.492740752466787e-01 -1.270237554271304e+00  3.203562856782465e-03 
-1.266237554271304e+00  1.560140360244079e+00 -1.266237554271304e+00  9.345846358214308e-01 -1.266237554271304e+00  1.230927824197336e+00 -1.266237554271304e+00  1.979094823656393e-01 -1.266237554271304e+00  8.872076727466011e-04 -1.266237554271304e+00  3.076658097161146e-01 -1.266237554271304e+00  3.489584554447400e-01 -1.266237554271304e+00  3.201056309843273e-03 
-1.262237554271304e+00  1.559341794381345e+00 -1.262237554271304e+00  9.352645974157592e-01 -1.262237554271304e+00  1.229547501829883e+00 -1.262237554271304e+00  1.981602117444944e-01 -1.262237554271304e+00  8.901614891745007e-04 -1.262237554271304e+00  3.084442181049494e-01 -1.262237554271304e+00  3.486433539360286e-01 -1.262237554271304e+00  3.198541222355322e-03 
-1.258237554271304e+00  1.558541631879584e+00 -1.258237554271304e+00  9.359468822891652e-01 -1.258237554271304e+00  1.228165845312062e+00 -1.258237554271304e+00  1.984109458081613e-01 -1.258237554271304e+00  8.931212108628585e-04 -1.258237554271304e+00  3.092273595304393e-01 -1.258237554271304e+00  3.483287797136224e-01 -1.258237554271304e+00  3.196017541367125e-03 
-1.254237554271304e+00  1.557739857727508e+00 -1.254237554271304e+00  9.366315048078495e-01 -1.254237554271304e+00  1.226782847260762e+00 -1.254237554271304e+00  1.986616886623622e-01 -1.254237554271304e+00  8.960868933427347e-04 -1.254237554271304e+00  3.100152686934046e-01 -1.254237554271304e+00  3.480147417970952e-01 -1.254237554271304e+00  3.193485213740004e-03 
-1.250237554271304e+00  1.556936456911100e+00 -1.250237554271304e+00  9.373184793327324e-01 -1.250237554271304e+00  1.225398500259953e+00 -1.250237554271304e+00  1.989124443817392e-01 -1.250237554271304e+00  8.990585921552918e-04 -1.250237554271304e+00  3.108079802763094e-01 -1.250237554271304e+00  3.477012492399132e-01 -1.250237554271304e+00  3.190944186354838e-03 
-1.246237554271304e+00  1.556131414427524e+00 -1.246237554271304e+00  9.380078202231776e-01 -1.246237554271304e+00  1.224012796868817e+00 -1.246237554271304e+00  1.991632170059614e-01 -1.246237554271304e+00  9.020363628002551e-04 -1.246237554271304e+00  3.116055289258550e-01 -1.246237554271304e+00  3.473883111219207e-01 -1.246237554271304e+00  3.188394406098257e-03 
-1.242237554271304e+00  1.555324715312360e+00 -1.242237554271304e+00  9.386995418703279e-01 -1.242237554271304e+00  1.222625729637286e+00 -1.242237554271304e+00  1.994140105319343e-01 -1.242237554271304e+00  9.050202606352345e-04 -1.242237554271304e+00  3.124079492445277e-01 -1.242237554271304e+00  3.470759365343625e-01 -1.242237554271304e+00  3.185835819739331e-03 
-1.238237554271304e+00  1.554516344601781e+00 -1.238237554271304e+00  9.393936585788542e-01 -1.238237554271304e+00  1.221237291085644e+00 -1.238237554271304e+00  1.996648289253700e-01 -1.238237554271304e+00  9.080103410156224e-04 -1.238237554271304e+00  3.132152757319079e-01 -1.238237554271304e+00  3.467641346011844e-01 -1.238237554271304e+00  3.183268374366984e-03 
-1.234237554271304e+00  1.553706287391422e+00 -1.234237554271304e+00  9.400901846703975e-01 -1.234237554271304e+00  1.219847473737584e+00 -1.234237554271304e+00  1.999156761036321e-01 -1.234237554271304e+00  9.110066590768216e-04 -1.234237554271304e+00  3.140275427971259e-01 -1.234237554271304e+00  3.464529144463549e-01 -1.234237554271304e+00  3.180692017007387e-03 
-1.230237554271304e+00  1.552894528822827e+00 -1.230237554271304e+00  9.407891344185558e-01 -1.230237554271304e+00  1.218456270113288e+00 -1.230237554271304e+00  2.001665559401541e-01 -1.230237554271304e+00  9.140092697843674e-04 -1.230237554271304e+00  3.148447847157101e-01 -1.230237554271304e+00  3.461422852015643e-01 -1.230237554271304e+00  3.178106694864402e-03 
-1.226237554271304e+00  1.552081054091164e+00 -1.226237554271304e+00  9.414905220312962e-01 -1.226237554271304e+00  1.217063672734238e+00 -1.226237554271304e+00  2.004174722625499e-01 -1.226237554271304e+00  9.170182279054386e-04 -1.226237554271304e+00  3.156670356007333e-01 -1.226237554271304e+00  3.458322560020429e-01 -1.226237554271304e+00  3.175512355384633e-03 
-1.222237554271304e+00  1.551265848465564e+00 -1.222237554271304e+00  9.421943616614078e-01 -1.222237554271304e+00  1.215669674135091e+00 -1.222237554271304e+00  2.006684288470274e-01 -1.222237554271304e+00  9.200335879335746e-04 -1.222237554271304e+00  3.164943293824644e-01 -1.222237554271304e+00  3.455228359752864e-01 -1.222237554271304e+00  3.172908946218822e-03 
-1.218237554271304e+00  1.550448897287801e+00 -1.218237554271304e+00  9.429006673649865e-01 -1.218237554271304e+00  1.214274266863546e+00 -1.218237554271304e+00  2.009194294192304e-01 -1.218237554271304e+00  9.230554040935886e-04 -1.218237554271304e+00  3.173266997697176e-01 -1.218237554271304e+00  3.452140342418634e-01 -1.218237554271304e+00  3.170296415375327e-03 
-1.214237554271304e+00  1.549630186004658e+00 -1.214237554271304e+00  9.436094531374120e-01 -1.214237554271304e+00  1.212877443498960e+00 -1.214237554271304e+00  2.011704776452048e-01 -1.214237554271304e+00  9.260837302218288e-04 -1.214237554271304e+00  3.181641802364856e-01 -1.214237554271304e+00  3.449058598973415e-01 -1.214237554271304e+00  3.167674711087112e-03 
-1.210237554271304e+00  1.548809700145327e+00 -1.210237554271304e+00  9.443207328188254e-01 -1.210237554271304e+00  1.211479196640417e+00 -1.210237554271304e+00  2.014215771385376e-01 -1.210237554271304e+00  9.291186198498015e-04 -1.210237554271304e+00  3.190068039633410e-01 -1.210237554271304e+00  3.445983220249457e-01 -1.210237554271304e+00  3.165043782161338e-03 
-1.206237554271304e+00  1.547987425372790e+00 -1.206237554271304e+00  9.450345201721648e-01 -1.206237554271304e+00  1.210079518936007e+00 -1.206237554271304e+00  2.016727314458341e-01 -1.206237554271304e+00  9.321601260140595e-04 -1.206237554271304e+00  3.198546038367868e-01 -1.206237554271304e+00  3.442914296667758e-01 -1.206237554271304e+00  3.162403577690728e-03 
-1.202237554271304e+00  1.547163347469993e+00 -1.202237554271304e+00  9.457508288064442e-01 -1.202237554271304e+00  1.208678403075825e+00 -1.202237554271304e+00  2.019239440513540e-01 -1.202237554271304e+00  9.352083013074287e-04 -1.202237554271304e+00  3.207076123949528e-01 -1.202237554271304e+00  3.439851918314840e-01 -1.202237554271304e+00  3.159754047337354e-03 
-1.198237554271304e+00  1.546337452358664e+00 -1.198237554271304e+00  9.464696721754511e-01 -1.198237554271304e+00  1.207275841803177e+00 -1.198237554271304e+00  2.021752183721035e-01 -1.198237554271304e+00  9.382631978093430e-04 -1.198237554271304e+00  3.215658617981512e-01 -1.198237554271304e+00  3.436796174836514e-01 -1.198237554271304e+00  3.157095141337456e-03 
-1.194237554271304e+00  1.545509726114110e+00 -1.194237554271304e+00  9.471910635657510e-01 -1.194237554271304e+00  1.205871827923582e+00 -1.194237554271304e+00  2.024265577541587e-01 -1.194237554271304e+00  9.413248670311178e-04 -1.194237554271304e+00  3.224293837950575e-01 -1.194237554271304e+00  3.433747155353755e-01 -1.194237554271304e+00  3.154426810545789e-03 
-1.190237554271304e+00  1.544680154991896e+00 -1.190237554271304e+00  9.479150161120377e-01 -1.190237554271304e+00  1.204466354320463e+00 -1.190237554271304e+00  2.026779654655961e-01 -1.190237554271304e+00  9.443933598172584e-04 -1.190237554271304e+00  3.232982096979452e-01 -1.190237554271304e+00  3.430704948311455e-01 -1.190237554271304e+00  3.151749006378875e-03 
-1.186237554271304e+00  1.543848725406287e+00 -1.186237554271304e+00  9.486415426958621e-01 -1.186237554271304e+00  1.203059413943872e+00 -1.186237554271304e+00  2.029294447034376e-01 -1.186237554271304e+00  9.474687264252743e-04 -1.186237554271304e+00  3.241723703158295e-01 -1.186237554271304e+00  3.427669641597536e-01 -1.186237554271304e+00  3.149061681189573e-03 
-1.182237554271304e+00  1.543015423987516e+00 -1.182237554271304e+00  9.493706560318281e-01 -1.182237554271304e+00  1.201650999843365e+00 -1.182237554271304e+00  2.031809985777953e-01 -1.182237554271304e+00  9.505510163137301e-04 -1.182237554271304e+00  3.250518959534305e-01 -1.182237554271304e+00  3.424641322219321e-01 -1.182237554271304e+00  3.146364787948274e-03 
-1.178237554271304e+00  1.542180237562432e+00 -1.178237554271304e+00  9.501023685693232e-01 -1.178237554271304e+00  1.200241105158010e+00 -1.178237554271304e+00  2.034326301182507e-01 -1.178237554271304e+00  9.536402782139235e-04 -1.178237554271304e+00  3.259368163439870e-01 -1.178237554271304e+00  3.421620076409426e-01 -1.178237554271304e+00  3.143658280606333e-03 
-1.174237554271304e+00  1.541343153184906e+00 -1.174237554271304e+00  9.508366925124635e-01 -1.174237554271304e+00  1.198829723134299e+00 -1.174237554271304e+00  2.036843422658714e-01 -1.174237554271304e+00  9.567365600173791e-04 -1.174237554271304e+00  3.268271606235704e-01 -1.174237554271304e+00  3.418605989452243e-01 -1.174237554271304e+00  3.140942114022351e-03 
-1.170237554271304e+00  1.540504158153365e+00 -1.170237554271304e+00  9.515736398086412e-01 -1.170237554271304e+00  1.197416847136894e+00 -1.170237554271304e+00  2.039361378690187e-01 -1.170237554271304e+00  9.598399087109956e-04 -1.170237554271304e+00  3.277229572939300e-01 -1.170237554271304e+00  3.415599145581844e-01 -1.170237554271304e+00  3.138216244004527e-03 
-1.166237554271304e+00  1.539663240019640e+00 -1.166237554271304e+00  9.523132221151850e-01 -1.166237554271304e+00  1.196002470654525e+00 -1.166237554271304e+00  2.041880196816857e-01 -1.166237554271304e+00  9.629503703443220e-04 -1.166237554271304e+00  3.286242341768703e-01 -1.166237554271304e+00  3.412599627928574e-01 -1.166237554271304e+00  3.135480627433956e-03 
-1.162237554271304e+00  1.538820386600025e+00 -1.162237554271304e+00  9.530554507705462e-01 -1.162237554271304e+00  1.194586587307143e+00 -1.162237554271304e+00  2.044399903612290e-01 -1.162237554271304e+00  9.660679899886380e-04 -1.162237554271304e+00  3.295310183697882e-01 -1.162237554271304e+00  3.409607518452777e-01 -1.162237554271304e+00  3.132735222371230e-03 
-1.158237554271304e+00  1.537975585998955e+00 -1.158237554271304e+00  9.538003367957650e-01 -1.158237554271304e+00  1.193169190860218e+00 -1.158237554271304e+00  2.046920524625402e-01 -1.158237554271304e+00  9.691928116493956e-04 -1.158237554271304e+00  3.304433362121324e-01 -1.158237554271304e+00  3.406622897807039e-01 -1.158237554271304e+00  3.129979988050965e-03 
-1.154237554271304e+00  1.537128826633513e+00 -1.154237554271304e+00  9.545478908979612e-01 -1.154237554271304e+00  1.191750275239560e+00 -1.154237554271304e+00  2.049442084320523e-01 -1.154237554271304e+00  9.723248781755602e-04 -1.154237554271304e+00  3.313612132527304e-01 -1.154237554271304e+00  3.403645845193353e-01 -1.154237554271304e+00  3.127214884868958e-03 
-1.150237554271304e+00  1.536280097219354e+00 -1.150237554271304e+00  9.552981233786763e-01 -1.150237554271304e+00  1.190329834524390e+00 -1.150237554271304e+00  2.051964606127591e-01 -1.150237554271304e+00  9.754642313116581e-04 -1.150237554271304e+00  3.322846741812205e-01 -1.150237554271304e+00  3.400676438437132e-01 -1.150237554271304e+00  3.124439874721190e-03 
-1.146237554271304e+00  1.535429386823441e+00 -1.146237554271304e+00  9.560510442063651e-01 -1.146237554271304e+00  1.188907862978160e+00 -1.146237554271304e+00  2.054488112302777e-01 -1.146237554271304e+00  9.786109115027580e-04 -1.146237554271304e+00  3.332137428211404e-01 -1.146237554271304e+00  3.397714753684464e-01 -1.146237554271304e+00  3.121654920735683e-03 
-1.142237554271304e+00  1.534576684842307e+00 -1.142237554271304e+00  9.568066629054954e-01 -1.142237554271304e+00  1.187484355037321e+00 -1.142237554271304e+00  2.057012624001035e-01 -1.142237554271304e+00  9.817649579748004e-04 -1.142237554271304e+00  3.341484420539220e-01 -1.142237554271304e+00  3.394760865518590e-01 -1.142237554271304e+00  3.118859987682673e-03 
-1.138237554271304e+00  1.533721981051511e+00 -1.138237554271304e+00  9.575649886217151e-01 -1.138237554271304e+00  1.186059305340398e+00 -1.138237554271304e+00  2.059538161147305e-01 -1.138237554271304e+00  9.849264085517589e-04 -1.138237554271304e+00  3.350887938098589e-01 -1.138237554271304e+00  3.391814846674711e-01 -1.138237554271304e+00  3.116055041733653e-03 
-1.134237554271304e+00  1.532865265599233e+00 -1.134237554271304e+00  9.583260300492683e-01 -1.134237554271304e+00  1.184632708725463e+00 -1.134237554271304e+00  2.062064742466276e-01 -1.134237554271304e+00  9.880952996792626e-04 -1.134237554271304e+00  3.360348190069697e-01 -1.134237554271304e+00  3.388876768069188e-01 -1.134237554271304e+00  3.113240050729760e-03 
-1.130237554271304e+00  1.532006529029936e+00 -1.130237554271304e+00  9.590897954334029e-01 -1.130237554271304e+00  1.183204560244687e+00 -1.130237554271304e+00  2.064592385427522e-01 -1.130237554271304e+00  9.912716663370911e-04 -1.130237554271304e+00  3.369865375188382e-01 -1.130237554271304e+00  3.385946698658960e-01 -1.130237554271304e+00  3.110414984172920e-03 
-1.126237554271304e+00  1.531145762308204e+00 -1.126237554271304e+00  9.598562925744489e-01 -1.126237554271304e+00  1.181774855179004e+00 -1.126237554271304e+00  2.067121106190827e-01 -1.126237554271304e+00  9.944555419510426e-04 -1.126237554271304e+00  3.379439681439278e-01 -1.126237554271304e+00  3.383024705299290e-01 -1.126237554271304e+00  3.107579813210760e-03 
-1.122237554271304e+00  1.530282956808921e+00 -1.122237554271304e+00  9.606255287481108e-01 -1.122237554271304e+00  1.180343589033720e+00 -1.122237554271304e+00  2.069650919646272e-01 -1.122237554271304e+00  9.976469584291772e-04 -1.122237554271304e+00  3.389071285426339e-01 -1.122237554271304e+00  3.380110852791522e-01 -1.122237554271304e+00  3.104734510931411e-03 
-1.118237554271304e+00  1.529418104352546e+00 -1.118237554271304e+00  9.613975107401773e-01 -1.118237554271304e+00  1.178910757559714e+00 -1.118237554271304e+00  2.072181839328115e-01 -1.118237554271304e+00  1.000845946031407e-03 -1.118237554271304e+00  3.398760352197883e-01 -1.118237554271304e+00  3.377205203675469e-01 -1.118237554271304e+00  3.101879052235146e-03 
-1.114237554271304e+00  1.528551197216774e+00 -1.114237554271304e+00  9.621722448234694e-01 -1.114237554271304e+00  1.177476356761296e+00 -1.114237554271304e+00  2.074713877395479e-01 -1.114237554271304e+00  1.004052533326355e-03 -1.114237554271304e+00  3.408507034855877e-01 -1.114237554271304e+00  3.374307818154869e-01 -1.114237554271304e+00  3.099013413919635e-03 
-1.110237554271304e+00  1.527682228145302e+00 -1.110237554271304e+00  9.629497367287950e-01 -1.110237554271304e+00  1.176040382902412e+00 -1.110237554271304e+00  2.077247044621344e-01 -1.110237554271304e+00  1.007266747158895e-03 -1.110237554271304e+00  3.418311474149810e-01 -1.110237554271304e+00  3.371418754038942e-01 -1.110237554271304e+00  3.096137574787382e-03 
-1.106237554271304e+00  1.526811190364293e+00 -1.106237554271304e+00  9.637299916371459e-01 -1.106237554271304e+00  1.174602832517254e+00 -1.106237554271304e+00  2.079781350360416e-01 -1.106237554271304e+00  1.010488612589302e-03 -1.106237554271304e+00  3.428173798165541e-01 -1.106237554271304e+00  3.368538066640012e-01 -1.106237554271304e+00  3.093251515674585e-03 
-1.102237554271304e+00  1.525938077592502e+00 -1.102237554271304e+00  9.645130141576721e-01 -1.102237554271304e+00  1.173163702417289e+00 -1.102237554271304e+00  2.082316802534916e-01 -1.102237554271304e+00  1.013718152855739e-03 -1.102237554271304e+00  3.438094121969040e-01 -1.102237554271304e+00  3.365665808706721e-01 -1.102237554271304e+00  3.090355219532610e-03 
-1.098237554271304e+00  1.525062884059081e+00 -1.098237554271304e+00  9.652988083275317e-01 -1.098237554271304e+00  1.171722989702655e+00 -1.098237554271304e+00  2.084853407599455e-01 -1.098237554271304e+00  1.016955389308463e-03 -1.098237554271304e+00  3.448072547351815e-01 -1.098237554271304e+00  3.362802030313277e-01 -1.098237554271304e+00  3.087448671428554e-03 
-1.094237554271304e+00  1.524185604507581e+00 -1.094237554271304e+00  9.660873775784893e-01 -1.094237554271304e+00  1.170280691765745e+00 -1.094237554271304e+00  2.087391170544373e-01 -1.094237554271304e+00  1.020200341394990e-03 -1.094237554271304e+00  3.458109162454930e-01 -1.094237554271304e+00  3.359946778826887e-01 -1.094237554271304e+00  3.084531858668783e-03 
-1.090237554271304e+00  1.523306234214193e+00 -1.090237554271304e+00  9.668787247427757e-01 -1.090237554271304e+00  1.168836806302871e+00 -1.090237554271304e+00  2.089930094859918e-01 -1.090237554271304e+00  1.023453026592599e-03 -1.090237554271304e+00  3.468204041568215e-01 -1.090237554271304e+00  3.357100098793880e-01 -1.090237554271304e+00  3.081604770777215e-03 
-1.086237554271304e+00  1.522424768992386e+00 -1.086237554271304e+00  9.676728520264285e-01 -1.086237554271304e+00  1.167391331318229e+00 -1.086237554271304e+00  2.092470182538317e-01 -1.086237554271304e+00  1.026713460391224e-03 -1.086237554271304e+00  3.478357244812107e-01 -1.086237554271304e+00  3.354262031903024e-01 -1.086237554271304e+00  3.078667399594050e-03 
-1.082237554271304e+00  1.521541205209434e+00 -1.082237554271304e+00  9.684697610164477e-01 -1.082237554271304e+00  1.165944265134612e+00 -1.082237554271304e+00  2.095011434043247e-01 -1.082237554271304e+00  1.029981656232309e-03 -1.082237554271304e+00  3.488568817976399e-01 -1.082237554271304e+00  3.351432616880740e-01 -1.082237554271304e+00  3.075719739249136e-03 
-1.078237554271304e+00  1.520655539785883e+00 -1.078237554271304e+00  9.692694526463884e-01 -1.078237554271304e+00  1.164495606394420e+00 -1.078237554271304e+00  2.097553848326399e-01 -1.078237554271304e+00  1.033257625510747e-03 -1.078237554271304e+00  3.498838792203395e-01 -1.078237554271304e+00  3.348611889483489e-01 -1.078237554271304e+00  3.072761786289431e-03 
-1.074237554271304e+00  1.519767770211503e+00 -1.074237554271304e+00  9.700719272082829e-01 -1.074237554271304e+00  1.163045354070066e+00 -1.074237554271304e+00  2.100097422798917e-01 -1.074237554271304e+00  1.036541377515915e-03 -1.074237554271304e+00  3.509167183883037e-01 -1.074237554271304e+00  3.345799882395754e-01 -1.074237554271304e+00  3.069793539634680e-03 
-1.070237554271304e+00  1.518877894547946e+00 -1.070237554271304e+00  9.708771843330031e-01 -1.070237554271304e+00  1.161593507466802e+00 -1.070237554271304e+00  2.102642153339486e-01 -1.070237554271304e+00  1.039832919421847e-03 -1.070237554271304e+00  3.519553994435353e-01 -1.070237554271304e+00  3.342996625203926e-01 -1.070237554271304e+00  3.066815000650293e-03 
-1.066237554271304e+00  1.517985911436123e+00 -1.066237554271304e+00  9.716852229865687e-01 -1.066237554271304e+00  1.160140066228209e+00 -1.066237554271304e+00  2.105188034289429e-01 -1.066237554271304e+00  1.043132256259874e-03 -1.066237554271304e+00  3.529999210179451e-01 -1.066237554271304e+00  3.340202144342662e-01 -1.066237554271304e+00  3.063826173160787e-03 
-1.062237554271304e+00  1.517091820111138e+00 -1.062237554271304e+00  9.724960414900923e-01 -1.062237554271304e+00  1.158685030346081e+00 -1.062237554271304e+00  2.107735058427614e-01 -1.062237554271304e+00  1.046439390863517e-03 -1.062237554271304e+00  3.540502802325460e-01 -1.062237554271304e+00  3.337416462998551e-01 -1.062237554271304e+00  3.060827063376158e-03 
-1.058237554271304e+00  1.516195620377801e+00 -1.058237554271304e+00  9.733096374385763e-01 -1.058237554271304e+00  1.157228400147584e+00 -1.058237554271304e+00  2.110283217052304e-01 -1.058237554271304e+00  1.049754323958916e-03 -1.058237554271304e+00  3.551064726551802e-01 -1.058237554271304e+00  3.334639601238027e-01 -1.058237554271304e+00  3.057817680192155e-03 
-1.054237554271304e+00  1.515297312652780e+00 -1.054237554271304e+00  9.741260078009122e-01 -1.054237554271304e+00  1.155770176320766e+00 -1.054237554271304e+00  2.112832499882067e-01 -1.054237554271304e+00  1.053077054009029e-03 -1.054237554271304e+00  3.561684923383972e-01 -1.054237554271304e+00  3.331871575755336e-01 -1.054237554271304e+00  3.054798034820453e-03 
-1.050237554271304e+00  1.514396897932951e+00 -1.050237554271304e+00  9.749451488268639e-01 -1.050237554271304e+00  1.154310359897574e+00 -1.050237554271304e+00  2.115382895157015e-01 -1.050237554271304e+00  1.056407577330647e-03 -1.050237554271304e+00  3.572363317762187e-01 -1.050237554271304e+00  3.329112400041494e-01 -1.050237554271304e+00  3.051768141132637e-03 
-1.046237554271304e+00  1.513494377827276e+00 -1.046237554271304e+00  9.757670561281394e-01 -1.046237554271304e+00  1.152848952273443e+00 -1.046237554271304e+00  2.117934389567771e-01 -1.046237554271304e+00  1.059745887976455e-03 -1.046237554271304e+00  3.583099819386315e-01 -1.046237554271304e+00  3.326362084190410e-01 -1.046237554271304e+00  3.048728015360452e-03 
-1.042237554271304e+00  1.512589754526390e+00 -1.042237554271304e+00  9.765917245958053e-01 -1.042237554271304e+00  1.151385955190974e+00 -1.042237554271304e+00  2.120486968352902e-01 -1.042237554271304e+00  1.063091977847614e-03 -1.042237554271304e+00  3.593894322368062e-01 -1.042237554271304e+00  3.323620635061031e-01 -1.042237554271304e+00  3.045677676401145e-03 
-1.038237554271304e+00  1.511683030820308e+00 -1.038237554271304e+00  9.774191484512926e-01 -1.038237554271304e+00  1.149921370751313e+00 -1.038237554271304e+00  2.123040615266011e-01 -1.038237554271304e+00  1.066445836628169e-03 -1.038237554271304e+00  3.604746705489382e-01 -1.038237554271304e+00  3.320888056164349e-01 -1.038237554271304e+00  3.042617145628856e-03 
-1.034237554271304e+00  1.510774210096165e+00 -1.034237554271304e+00  9.782493212477401e-01 -1.034237554271304e+00  1.148455201414032e+00 -1.034237554271304e+00  2.125595312596862e-01 -1.034237554271304e+00  1.069807451793500e-03 -1.034237554271304e+00  3.615656832266759e-01 -1.034237554271304e+00  3.318164347664694e-01 -1.034237554271304e+00  3.039546446889665e-03 
-1.030237554271304e+00  1.509863296331542e+00 -1.030237554271304e+00  9.790822358632451e-01 -1.030237554271304e+00  1.146987449994398e+00 -1.030237554271304e+00  2.128151041203994e-01 -1.030237554271304e+00  1.073176808634907e-03 -1.030237554271304e+00  3.626624551000610e-01 -1.030237554271304e+00  3.315449506406221e-01 -1.030237554271304e+00  3.036465606526548e-03 
-1.026237554271304e+00  1.508950294089368e+00 -1.026237554271304e+00  9.799178845021950e-01 -1.026237554271304e+00  1.145518119661542e+00 -1.026237554271304e+00  2.130707780542923e-01 -1.026237554271304e+00  1.076553890278560e-03 -1.026237554271304e+00  3.637649694881114e-01 -1.026237554271304e+00  3.312743525930557e-01 -1.026237554271304e+00  3.033374653374420e-03 
-1.022237554271304e+00  1.508035208520708e+00 -1.022237554271304e+00  9.807562587222712e-01 -1.022237554271304e+00  1.144047213941163e+00 -1.022237554271304e+00  2.133265508672965e-01 -1.022237554271304e+00  1.079938677675117e-03 -1.022237554271304e+00  3.648732082231294e-01 -1.022237554271304e+00  3.310046396449356e-01 -1.022237554271304e+00  3.030273618660292e-03 
-1.018237554271304e+00  1.507118045343443e+00 -1.018237554271304e+00  9.815973493988261e-01 -1.018237554271304e+00  1.142574736704232e+00 -1.018237554271304e+00  2.135824202328192e-01 -1.018237554271304e+00  1.083331149678653e-03 -1.018237554271304e+00  3.659871516487102e-01 -1.018237554271304e+00  3.307358104955183e-01 -1.018237554271304e+00  3.027162536135023e-03 
-1.014237554271304e+00  1.506198810855060e+00 -1.014237554271304e+00  9.824411467871854e-01 -1.014237554271304e+00  1.141100692175427e+00 -1.014237554271304e+00  2.138383836897028e-01 -1.014237554271304e+00  1.086731282999286e-03 -1.014237554271304e+00  3.671067786641510e-01 -1.014237554271304e+00  3.304678635136970e-01 -1.014237554271304e+00  3.024041441842863e-03 
-1.010237554271304e+00  1.505277511910497e+00 -1.010237554271304e+00  9.832876404920947e-01 -1.010237554271304e+00  1.139625084921283e+00 -1.010237554271304e+00  2.140944386494704e-01 -1.010237554271304e+00  1.090139052285141e-03 -1.010237554271304e+00  3.682320667286637e-01 -1.010237554271304e+00  3.302007967496001e-01 -1.010237554271304e+00  3.020910374234451e-03 
-1.006237554271304e+00  1.504354155913353e+00 -1.006237554271304e+00  9.841368194773612e-01 -1.006237554271304e+00  1.138147919846037e+00 -1.006237554271304e+00  2.143505823999636e-01 -1.006237554271304e+00  1.093554430154915e-03 -1.006237554271304e+00  3.693629918855469e-01 -1.006237554271304e+00  3.299346079385614e-01 -1.006237554271304e+00  3.017769374131206e-03 
-1.002237554271304e+00  1.503428750827968e+00 -1.002237554271304e+00  9.849886721377739e-01 -1.002237554271304e+00  1.136669202199584e+00 -1.002237554271304e+00  2.146068121034246e-01 -1.002237554271304e+00  1.096977387153104e-03 -1.002237554271304e+00  3.704995288171539e-01 -1.002237554271304e+00  3.296692944931001e-01 -1.002237554271304e+00  3.014618484459264e-03 
-9.982375542713040e-01  1.502501305136877e+00 -9.982375542713040e-01  9.858431862211641e-01 -9.982375542713040e-01  1.135188937553625e+00 -9.982375542713040e-01  2.148631248089997e-01 -9.982375542713040e-01  1.100407891907461e-03 -9.982375542713040e-01  3.716416508322069e-01 -9.982375542713040e-01  3.294048535263214e-01 -9.982375542713040e-01  3.011457750537724e-03 
-9.942375542713040e-01  1.501571827854940e+00 -9.942375542713040e-01  9.867003489125382e-01 -9.942375542713040e-01  1.133707131810740e+00 -9.942375542713040e-01  2.151195174501996e-01 -9.942375542713040e-01  1.103845911076692e-03 -9.942375542713040e-01  3.727893299297472e-01 -9.942375542713040e-01  3.291412818427693e-01 -9.942375542713040e-01  3.008287219767571e-03 
-9.902375542713040e-01  1.500640328498376e+00 -9.902375542713040e-01  9.875601467942435e-01 -9.902375542713040e-01  1.132223791187167e+00 -9.902375542713040e-01  2.153759868542206e-01 -9.902375542713040e-01  1.107291409464991e-03 -9.902375542713040e-01  3.739425368069694e-01 -9.902375542713040e-01  3.288785759552439e-01 -9.902375542713040e-01  3.005106941778894e-03 
-9.862375542713040e-01  1.499706817092342e+00 -9.862375542713040e-01  9.884225659181423e-01 -9.862375542713040e-01  1.130738922217987e+00 -9.862375542713040e-01  2.156325297410744e-01 -9.862375542713040e-01  1.110744349994001e-03 -9.862375542713040e-01  3.751012409209217e-01 -9.862375542713040e-01  3.286167320794338e-01 -9.862375542713040e-01  3.001916968164003e-03 
-9.822375542713040e-01  1.498771304147431e+00 -9.822375542713040e-01  9.892875917922177e-01 -9.822375542713040e-01  1.129252531744170e+00 -9.822375542713040e-01  2.158891427308500e-01 -9.822375542713040e-01  1.114204693789787e-03 -9.822375542713040e-01  3.762654105114482e-01 -9.822375542713040e-01  3.283557461465231e-01 -9.822375542713040e-01  2.998717352526940e-03 
-9.782375542713040e-01  1.497833800635893e+00 -9.782375542713040e-01  9.901552093684807e-01 -9.782375542713040e-01  1.127764626899386e+00 -9.782375542713040e-01  2.161458223509629e-01 -9.782375542713040e-01  1.117672400270741e-03 -9.782375542713040e-01  3.774350126256172e-01 -9.782375542713040e-01  3.280956138159490e-01 -9.782375542713040e-01  2.995508150528208e-03 
-9.742375542713040e-01  1.496894317999265e+00 -9.742375542713040e-01  9.910254031231285e-01 -9.742375542713040e-01  1.126275215115102e+00 -9.742375542713040e-01  2.164025650351532e-01 -9.742375542713040e-01  1.121147427119394e-03 -9.742375542713040e-01  3.786100131872087e-01 -9.742375542713040e-01  3.278363304701035e-01 -9.742375542713040e-01  2.992289419588274e-03 
-9.702375542713040e-01  1.495952868113247e+00 -9.702375542713040e-01  9.918981570161621e-01 -9.702375542713040e-01  1.124784304100690e+00 -9.702375542713040e-01  2.166593671335988e-01 -9.702375542713040e-01  1.124629730412304e-03 -9.702375542713040e-01  3.797903770098031e-01 -9.702375542713040e-01  3.275778912337244e-01 -9.702375542713040e-01  2.989061219036963e-03 
-9.662375542713040e-01  1.495009463283735e+00 -9.662375542713040e-01  9.927734545422725e-01 -9.662375542713040e-01  1.123291901841652e+00 -9.662375542713040e-01  2.169162249148407e-01 -9.662375542713040e-01  1.128119264634773e-03 -9.662375542713040e-01  3.809760678542449e-01 -9.662375542713040e-01  3.273202909753410e-01 -9.662375542713040e-01  2.985823609925219e-03 
-9.622375542713040e-01  1.494064116229993e+00 -9.622375542713040e-01  9.936512787465021e-01 -9.622375542713040e-01  1.121798016590319e+00 -9.622375542713040e-01  2.171731345710090e-01 -9.622375542713040e-01  1.131615982743043e-03 -9.622375542713040e-01  3.821670484701483e-01 -9.622375542713040e-01  3.270635243161730e-01 -9.622375542713040e-01  2.982576654967159e-03 
-9.582375542713040e-01  1.493116840065652e+00 -9.582375542713040e-01  9.945316122348946e-01 -9.582375542713040e-01  1.120302656855207e+00 -9.582375542713040e-01  2.174300922235592e-01 -9.582375542713040e-01  1.135119836234624e-03 -9.582375542713040e-01  3.833632806355460e-01 -9.582375542713040e-01  3.268075856403240e-01 -9.582375542713040e-01  2.979320418500723e-03 
-9.542375542713040e-01  1.492167648284642e+00 -9.542375542713040e-01  9.954144372006750e-01 -9.542375542713040e-01  1.118805831393219e+00 -9.542375542713040e-01  2.176870939276630e-01 -9.542375542713040e-01  1.138630775200280e-03 -9.542375542713040e-01  3.845647252046041e-01 -9.542375542713040e-01  3.265524691021592e-01 -9.542375542713040e-01  2.976054966390801e-03 
-9.502375542713040e-01  1.491216554734011e+00 -9.502375542713040e-01  9.962997354128704e-01 -9.502375542713040e-01  1.117307549194107e+00 -9.502375542713040e-01  2.179441356799326e-01 -9.502375542713040e-01  1.142148748424618e-03 -9.502375542713040e-01  3.857713421373474e-01 -9.502375542713040e-01  3.262981686413157e-01 -9.502375542713040e-01  2.972780366071329e-03 
-9.462375542713040e-01  1.490263573621614e+00 -9.462375542713040e-01  9.971874883083441e-01 -9.462375542713040e-01  1.115807819485337e+00 -9.462375542713040e-01  2.182012134170948e-01 -9.462375542713040e-01  1.145673703357620e-03 -9.462375542713040e-01  3.869830905804761e-01 -9.462375542713040e-01  3.260446779775413e-01 -9.462375542713040e-01  2.969496686204868e-03 
-9.422375542713040e-01  1.489308719479495e+00 -9.422375542713040e-01  9.980776769542477e-01 -9.422375542713040e-01  1.114306651710935e+00 -9.422375542713040e-01  2.184583230260422e-01 -9.422375542713040e-01  1.149205586250104e-03 -9.422375542713040e-01  3.881999288849285e-01 -9.422375542713040e-01  3.257919906312366e-01 -9.422375542713040e-01  2.966203996821533e-03 
-9.382375542713040e-01  1.488352007141315e+00 -9.382375542713040e-01  9.989702820515470e-01 -9.382375542713040e-01  1.112804055518496e+00 -9.382375542713040e-01  2.187154603501693e-01 -9.382375542713040e-01  1.152744342237165e-03 -9.382375542713040e-01  3.894218146433340e-01 -9.382375542713040e-01  3.255400999359117e-01 -9.382375542713040e-01  2.962902369305845e-03 
-9.342375542713039e-01  1.487393451742828e+00 -9.342375542713039e-01  9.998652840073152e-01 -9.342375542713039e-01  1.111300040759688e+00 -9.342375542713039e-01  2.189726211897614e-01 -9.342375542713039e-01  1.156289915336490e-03 -9.342375542713039e-01  3.906487047617363e-01 -9.342375542713039e-01  3.252889990373062e-01 -9.342375542713039e-01  2.959591876129458e-03 
-9.302375542713039e-01  1.486433068706805e+00 -9.302375542713039e-01  1.000762662961401e+00 -9.302375542713039e-01  1.109794617481605e+00 -9.302375542713039e-01  2.192298013063345e-01 -9.302375542713039e-01  1.159842248504091e-03 -9.302375542713039e-01  3.918805555088637e-01 -9.302375542713039e-01  3.250386809015512e-01 -9.302375542713039e-01  2.956272590752434e-03 
-9.262375542713039e-01  1.485470873697200e+00 -9.262375542713039e-01  1.001662398720455e+00 -9.262375542713039e-01  1.108287795899964e+00 -9.262375542713039e-01  2.194869964347481e-01 -9.262375542713039e-01  1.163401283803811e-03 -9.262375542713039e-01  3.931173225186843e-01 -9.262375542713039e-01  3.247891383412423e-01 -9.262375542713039e-01  2.952944587867263e-03 
-9.222375542713039e-01  1.484506882631953e+00 -9.222375542713039e-01  1.002564470866926e+00 -9.222375542713039e-01  1.106779586406740e+00 -9.222375542713039e-01  2.197442022802992e-01 -9.222375542713039e-01  1.166966962360010e-03 -9.222375542713039e-01  3.943589608801962e-01 -9.222375542713039e-01  3.245403640074996e-01 -9.222375542713039e-01  2.949607942995753e-03 
-9.182375542713039e-01  1.483541111662683e+00 -9.182375542713039e-01  1.003468858769065e+00 -9.182375542713039e-01  1.105269999558308e+00 -9.182375542713039e-01  2.200014145242302e-01 -9.182375542713039e-01  1.170539224432617e-03 -9.182375542713039e-01  3.956054251776648e-01 -9.182375542713039e-01  3.242923504012548e-01 -9.182375542713039e-01  2.946262732452030e-03 
-9.142375542713039e-01  1.482573577136106e+00 -9.142375542713039e-01  1.004375541534317e+00 -9.142375542713039e-01  1.103759046052764e+00 -9.142375542713039e-01  2.202586288338059e-01 -9.142375542713039e-01  1.174118009559940e-03 -9.142375542713039e-01  3.968566695014760e-01 -9.142375542713039e-01  3.240450898952598e-01 -9.142375542713039e-01  2.942909033514840e-03 
-9.102375542713039e-01  1.481604295597105e+00 -9.102375542713039e-01  1.005284498087752e+00 -9.102375542713039e-01  1.102246736731721e+00 -9.102375542713039e-01  2.205158408617491e-01 -9.102375542713039e-01  1.177703256547220e-03 -9.102375542713039e-01  3.981126475217277e-01 -9.102375542713039e-01  3.237985747318639e-01 -9.102375542713039e-01  2.939546924137562e-03 
-9.062375542713039e-01  1.480633283776797e+00 -9.062375542713039e-01  1.006195707204610e+00 -9.062375542713039e-01  1.100733082573275e+00 -9.062375542713039e-01  2.207730462494690e-01 -9.062375542713039e-01  1.181294903510810e-03 -9.062375542713039e-01  3.993733125383527e-01 -9.062375542713039e-01  3.235527970295611e-01 -9.062375542713039e-01  2.936176482827750e-03 
-9.022375542713039e-01  1.479660558556116e+00 -9.022375542713039e-01  1.007109147466972e+00 -9.022375542713039e-01  1.099218094670448e+00 -9.022375542713039e-01  2.210302406364041e-01 -9.022375542713039e-01  1.184892888012850e-03 -9.022375542713039e-01  4.006386174917651e-01 -9.022375542713039e-01  3.233077488038288e-01 -9.022375542713039e-01  2.932797788807457e-03 
-8.982375542713039e-01  1.478686136968455e+00 -8.982375542713039e-01  1.008024797338127e+00 -8.982375542713039e-01  1.097701784232666e+00 -8.982375542713039e-01  2.212874196594606e-01 -8.982375542713039e-01  1.188497147051540e-03 -8.982375542713039e-01  4.019085150329332e-01 -8.982375542713039e-01  3.230634219652462e-01 -8.982375542713039e-01  2.929410921738103e-03 
-8.942375542713039e-01  1.477710036169921e+00 -8.942375542713039e-01  1.008942635136674e+00 -8.942375542713039e-01  1.096184162568072e+00 -8.942375542713039e-01  2.215445789605628e-01 -8.942375542713039e-01  1.192107617171141e-03 -8.942375542713039e-01  4.031829575414201e-01 -8.942375542713039e-01  3.228198083365283e-01 -8.942375542713039e-01  2.926015961816300e-03 
-8.902375542713039e-01  1.476732273437461e+00 -8.902375542713039e-01  1.009862639094662e+00 -8.902375542713039e-01  1.094665241082267e+00 -8.902375542713039e-01  2.218017141871475e-01 -8.902375542713039e-01  1.195724234468862e-03 -8.902375542713039e-01  4.044618971858436e-01 -8.902375542713039e-01  3.225768996533251e-01 -8.902375542713039e-01  2.922612989558814e-03 
-8.862375542713039e-01  1.475752866144510e+00 -8.862375542713039e-01  1.010784787345127e+00 -8.862375542713039e-01  1.093145031263751e+00 -8.862375542713039e-01  2.220588209982683e-01 -8.862375542713039e-01  1.199346934685019e-03 -8.862375542713039e-01  4.057452859472015e-01 -8.862375542713039e-01  3.223346875781616e-01 -8.862375542713039e-01  2.919202085848633e-03 
-8.822375542713039e-01  1.474771831758305e+00 -8.822375542713039e-01  1.011709057974840e+00 -8.822375542713039e-01  1.091623544682129e+00 -8.822375542713039e-01  2.223158950652220e-01 -8.822375542713039e-01  1.202975653212890e-03 -8.822375542713039e-01  4.070330756751157e-01 -8.822375542713039e-01  3.220931637017727e-01 -8.822375542713039e-01  2.915783331739886e-03 
-8.782375542713039e-01  1.473789187802051e+00 -8.782375542713039e-01  1.012635428966277e+00 -8.782375542713039e-01  1.090100792965495e+00 -8.782375542713039e-01  2.225729320809166e-01 -8.782375542713039e-01  1.206610325238729e-03 -8.782375542713039e-01  4.083252180855348e-01 -8.782375542713039e-01  3.218523195649997e-01 -8.782375542713039e-01  2.912356808672438e-03 
-8.742375542713039e-01  1.472804951879063e+00 -8.742375542713039e-01  1.013563878330634e+00 -8.742375542713039e-01  1.088576787814489e+00 -8.742375542713039e-01  2.228299277537396e-01 -8.742375542713039e-01  1.210250885652420e-03 -8.742375542713039e-01  4.096216648572392e-01 -8.742375542713039e-01  3.216121466444642e-01 -8.742375542713039e-01  2.908922597979989e-03 
-8.702375542713039e-01  1.471819141613032e+00 -8.702375542713039e-01  1.014494383977542e+00 -8.702375542713039e-01  1.087051540966623e+00 -8.702375542713039e-01  2.230868778222793e-01 -8.702375542713039e-01  1.213897269268442e-03 -8.702375542713039e-01  4.109223675897598e-01 -8.702375542713039e-01  3.213726363873544e-01 -8.702375542713039e-01  2.905480781371856e-03 
-8.662375542713039e-01  1.470831774685674e+00 -8.662375542713039e-01  1.015426923887179e+00 -8.662375542713039e-01  1.085525064218331e+00 -8.662375542713039e-01  2.233437780457943e-01 -8.662375542713039e-01  1.217549410686585e-03 -8.662375542713039e-01  4.122272779188820e-01 -8.662375542713039e-01  3.211337801892188e-01 -8.662375542713039e-01  2.902031440296436e-03 
-8.622375542713039e-01  1.469842868772051e+00 -8.622375542713039e-01  1.016361475959836e+00 -8.622375542713039e-01  1.083997369386279e+00 -8.622375542713039e-01  2.236006242200494e-01 -8.622375542713039e-01  1.221207244531243e-03 -8.622375542713039e-01  4.135363474616500e-01 -8.622375542713039e-01  3.208955694317460e-01 -8.622375542713039e-01  2.898574656497616e-03 
-8.582375542713039e-01  1.468852441581316e+00 -8.582375542713039e-01  1.017298018194845e+00 -8.582375542713039e-01  1.082468468331236e+00 -8.582375542713039e-01  2.238574121669946e-01 -8.582375542713039e-01  1.224870705300668e-03 -8.582375542713039e-01  4.148495279340584e-01 -8.582375542713039e-01  3.206579954587395e-01 -8.582375542713039e-01  2.895110511352954e-03 
-8.542375542713039e-01  1.467860510803550e+00 -8.542375542713039e-01  1.018236528571860e+00 -8.542375542713039e-01  1.080938372926163e+00 -8.542375542713039e-01  2.241141377476513e-01 -8.542375542713039e-01  1.228539727563601e-03 -8.542375542713039e-01  4.161667711105634e-01 -8.542375542713039e-01  3.204210496072167e-01 -8.542375542713039e-01  2.891639086312754e-03 
-8.502375542713039e-01  1.466867094120025e+00 -8.502375542713039e-01  1.019176985130076e+00 -8.502375542713039e-01  1.079407095061954e+00 -8.502375542713039e-01  2.243707968592889e-01 -8.502375542713039e-01  1.232214245921368e-03 -8.502375542713039e-01  4.174880288873163e-01 -8.502375542713039e-01  3.201847232013106e-01 -8.502375542713039e-01  2.888160462607141e-03 
-8.462375542713039e-01  1.465872209184787e+00 -8.462375542713039e-01  1.020119365954935e+00 -8.462375542713039e-01  1.077874646636105e+00 -8.462375542713039e-01  2.246273854396482e-01 -8.462375542713039e-01  1.235894195075897e-03 -8.462375542713039e-01  4.188132532954283e-01 -8.462375542713039e-01  3.199490075630194e-01 -8.462375542713039e-01  2.884674721295137e-03 
-8.422375542713039e-01  1.464875873622282e+00 -8.422375542713039e-01  1.021063649213746e+00 -8.422375542713039e-01  1.076341039550948e+00 -8.422375542713039e-01  2.248838994672049e-01 -8.422375542713039e-01  1.239579509838628e-03 -8.422375542713039e-01  4.201423965393482e-01 -8.422375542713039e-01  3.197138940135659e-01 -8.422375542713039e-01  2.881181943132968e-03 
-8.382375542713039e-01  1.463878105010795e+00 -8.382375542713039e-01  1.022009813144250e+00 -8.382375542713039e-01  1.074806285703375e+00 -8.382375542713039e-01  2.251403349648806e-01 -8.382375542713039e-01  1.243270125191676e-03 -8.382375542713039e-01  4.214754110091805e-01 -8.382375542713039e-01  3.194793738830952e-01 -8.382375542713039e-01  2.877682208616352e-03 
-8.342375542713039e-01  1.462878920875412e+00 -8.342375542713039e-01  1.022957836071409e+00 -8.342375542713039e-01  1.073270396980268e+00 -8.342375542713039e-01  2.253966880013951e-01 -8.342375542713039e-01  1.246965976313902e-03 -8.342375542713039e-01  4.228122493071051e-01 -8.342375542713039e-01  3.192454385148107e-01 -8.342375542713039e-01  2.874175597918332e-03 
-8.302375542713039e-01  1.461878338681798e+00 -8.302375542713039e-01  1.023907696425038e+00 -8.302375542713039e-01  1.071733385254363e+00 -8.302375542713039e-01  2.256529546924038e-01 -8.302375542713039e-01  1.250666998603919e-03 -8.302375542713039e-01  4.241528642734120e-01 -8.302375542713039e-01  3.190120792686348e-01 -8.302375542713039e-01  2.870662190824203e-03 
-8.262375542713039e-01  1.460876375822552e+00 -8.262375542713039e-01  1.024859372731555e+00 -8.262375542713039e-01  1.070195262375701e+00 -8.262375542713039e-01  2.259091312034213e-01 -8.262375542713039e-01  1.254373127730578e-03 -8.262375542713039e-01  4.254972089976224e-01 -8.262375542713039e-01  3.187792875292615e-01 -8.262375542713039e-01  2.867142066761863e-03 
-8.222375542713038e-01  1.459873049618520e+00 -8.222375542713038e-01  1.025812843652079e+00 -8.222375542713038e-01  1.068656040171988e+00 -8.222375542713038e-01  2.261652137490849e-01 -8.222375542713038e-01  1.258084299628076e-03 -8.222375542713038e-01  4.268452368538274e-01 -8.222375542713038e-01  3.185470547054088e-01 -8.222375542713038e-01  2.863615304660995e-03 
-8.182375542713038e-01  1.458868377298241e+00 -8.182375542713038e-01  1.026768087947987e+00 -8.182375542713038e-01  1.067115730435890e+00 -8.182375542713038e-01  2.264211985977179e-01 -8.182375542713038e-01  1.261800450572018e-03 -8.182375542713038e-01  4.281969014958077e-01 -8.182375542713038e-01  3.183153722419826e-01 -8.182375542713038e-01  2.860081983080451e-03 
-8.142375542713038e-01  1.457862376000590e+00 -8.142375542713038e-01  1.027725084519543e+00 -8.142375542713038e-01  1.065574344926172e+00 -8.142375542713038e-01  2.266770820702371e-01 -8.142375542713038e-01  1.265521517169650e-03 -8.142375542713038e-01  4.295521568909182e-01 -8.142375542713038e-01  3.180842316185801e-01 -8.142375542713038e-01  2.856542180065358e-03 
-8.102375542713038e-01  1.456855062769749e+00 -8.102375542713038e-01  1.028683812418220e+00 -8.102375542713038e-01  1.064031895364253e+00 -8.102375542713038e-01  2.269328605409166e-01 -8.102375542713038e-01  1.269247436378393e-03 -8.102375542713038e-01  4.309109573389671e-01 -8.102375542713038e-01  3.178536243524997e-01 -8.102375542713038e-01  2.852995973101501e-03 
-8.062375542713038e-01  1.455846454541677e+00 -8.062375542713038e-01  1.029644250829295e+00 -8.062375542713038e-01  1.062488393425676e+00 -8.062375542713038e-01  2.271885304401941e-01 -8.062375542713038e-01  1.272978145555969e-03 -8.062375542713038e-01  4.322732574740102e-01 -8.062375542713038e-01  3.176235420068331e-01 -8.062375542713038e-01  2.849443439179809e-03 
-8.022375542713038e-01  1.454836568148836e+00 -8.022375542713038e-01  1.030606379112431e+00 -8.022375542713038e-01  1.060943850742480e+00 -8.022375542713038e-01  2.274440882530556e-01 -8.022375542713038e-01  1.276713582442882e-03 -8.022375542713038e-01  4.336390122970667e-01 -8.022375542713038e-01  3.173939761877360e-01 -8.022375542713038e-01  2.845884654646111e-03 
-7.982375542713038e-01  1.453825420295354e+00 -7.982375542713038e-01  1.031570176743740e+00 -7.982375542713038e-01  1.059398278887892e+00 -7.982375542713038e-01  2.276995305245252e-01 -7.982375542713038e-01  1.280453685254321e-03 -7.982375542713038e-01  4.350081771540233e-01 -7.982375542713038e-01  3.171649185592239e-01 -7.982375542713038e-01  2.842319695415582e-03 
-7.942375542713038e-01  1.452813027579804e+00 -7.942375542713038e-01  1.032535623412303e+00 -7.942375542713038e-01  1.057851689389504e+00 -7.942375542713038e-01  2.279548538536924e-01 -7.942375542713038e-01  1.284198392595805e-03 -7.942375542713038e-01  4.363807077976546e-01 -7.942375542713038e-01  3.169363608297895e-01 -7.942375542713038e-01  2.838748636615580e-03 
-7.902375542713038e-01  1.451799406468781e+00 -7.902375542713038e-01  1.033502698953745e+00 -7.902375542713038e-01  1.056304093713017e+00 -7.902375542713038e-01  2.282100548995697e-01 -7.902375542713038e-01  1.287947643561050e-03 -7.902375542713038e-01  4.377565603593899e-01 -7.902375542713038e-01  3.167082947681578e-01 -7.902375542713038e-01  2.835171552831455e-03 
-7.862375542713038e-01  1.450784573293418e+00 -7.862375542713038e-01  1.034471383357294e+00 -7.862375542713038e-01  1.054755503259669e+00 -7.862375542713038e-01  2.284651303814024e-01 -7.862375542713038e-01  1.291701377744769e-03 -7.862375542713038e-01  4.391356913606298e-01 -7.862375542713038e-01  3.164807122054748e-01 -7.862375542713038e-01  2.831588518080377e-03 
-7.822375542713038e-01  1.449768544259267e+00 -7.822375542713038e-01  1.035441656815693e+00 -7.822375542713038e-01  1.053205929371723e+00 -7.822375542713038e-01  2.287200770757994e-01 -7.822375542713038e-01  1.295459535206169e-03 -7.822375542713038e-01  4.405180577472384e-01 -7.822375542713038e-01  3.162536050295809e-01 -7.822375542713038e-01  2.827999605626776e-03 
-7.782375542713038e-01  1.448751335434237e+00 -7.782375542713038e-01  1.036413499701337e+00 -7.782375542713038e-01  1.051655383324789e+00 -7.782375542713038e-01  2.289748918191051e-01 -7.782375542713038e-01  1.299222056513537e-03 -7.782375542713038e-01  4.419036168826528e-01 -7.782375542713038e-01  3.160269651922823e-01 -7.782375542713038e-01  2.824404888070555e-03 
-7.742375542713038e-01  1.447732962748289e+00 -7.742375542713038e-01  1.037386892579719e+00 -7.742375542713038e-01  1.050103876327190e+00 -7.742375542713038e-01  2.292295715069554e-01 -7.742375542713038e-01  1.302988882745383e-03 -7.742375542713038e-01  4.432923265609440e-01 -7.742375542713038e-01  3.158007847096856e-01 -7.742375542713038e-01  2.820804437297353e-03 
-7.702375542713038e-01  1.446713441978472e+00 -7.702375542713038e-01  1.038361816172849e+00 -7.702375542713038e-01  1.048551419510523e+00 -7.702375542713038e-01  2.294841130973088e-01 -7.702375542713038e-01  1.306759955545767e-03 -7.702375542713038e-01  4.446841449914434e-01 -7.702375542713038e-01  3.155750556712203e-01 -7.702375542713038e-01  2.817198324613910e-03 
-7.662375542713038e-01  1.445692788762486e+00 -7.662375542713038e-01  1.039338251416190e+00 -7.662375542713038e-01  1.046998023937367e+00 -7.662375542713038e-01  2.297385136067057e-01 -7.662375542713038e-01  1.310535217074198e-03 -7.662375542713038e-01  4.460790308348990e-01 -7.662375542713038e-01  3.153497702317488e-01 -7.662375542713038e-01  2.813586620537411e-03 
-7.622375542713038e-01  1.444671018589257e+00 -7.622375542713038e-01  1.040316179438071e+00 -7.622375542713038e-01  1.045443700595185e+00 -7.622375542713038e-01  2.299927701119797e-01 -7.622375542713038e-01  1.314314610040394e-03 -7.622375542713038e-01  4.474769431959377e-01 -7.622375542713038e-01  3.151249206173087e-01 -7.622375542713038e-01  2.809969394871644e-03 
-7.582375542713038e-01  1.443648146800323e+00 -7.582375542713038e-01  1.041295581573851e+00 -7.582375542713038e-01  1.043888460396726e+00 -7.582375542713038e-01  2.302468797494180e-01 -7.582375542713038e-01  1.318098077699277e-03 -7.582375542713038e-01  4.488778416344099e-01 -7.582375542713038e-01  3.149004991244556e-01 -7.582375542713038e-01  2.806346716654634e-03 
-7.542375542713038e-01  1.442624188578869e+00 -7.542375542713038e-01  1.042276439337555e+00 -7.542375542713038e-01  1.042332314172991e+00 -7.542375542713038e-01  2.305008397168159e-01 -7.542375542713038e-01  1.321885563891385e-03 -7.542375542713038e-01  4.502816861523538e-01 -7.542375542713038e-01  3.146764981269510e-01 -7.542375542713038e-01  2.802718654263570e-03 
-7.502375542713038e-01  1.441599158955331e+00 -7.502375542713038e-01  1.043258734447872e+00 -7.502375542713038e-01  1.040775272676180e+00 -7.502375542713038e-01  2.307546472716413e-01 -7.502375542713038e-01  1.325677013022313e-03 -7.502375542713038e-01  4.516884372109774e-01 -7.502375542713038e-01  3.144529100726069e-01 -7.502375542713038e-01  2.799085275318569e-03 
-7.462375542713038e-01  1.440573072801039e+00 -7.462375542713038e-01  1.044242448813107e+00 -7.462375542713038e-01  1.039217346575444e+00 -7.462375542713038e-01  2.310082997319981e-01 -7.462375542713038e-01  1.329472370086070e-03 -7.462375542713038e-01  4.530980557241479e-01 -7.462375542713038e-01  3.142297274872354e-01 -7.462375542713038e-01  2.795446646738405e-03 
-7.422375542713038e-01  1.439545944841685e+00 -7.422375542713038e-01  1.045227564581902e+00 -7.422375542713038e-01  1.037658546464590e+00 -7.422375542713038e-01  2.312617944729603e-01 -7.422375542713038e-01  1.333271580615383e-03 -7.422375542713038e-01  4.545105030885955e-01 -7.422375542713038e-01  3.140069429668056e-01 -7.422375542713038e-01  2.791802834552886e-03 
-7.382375542713038e-01  1.438517789632054e+00 -7.382375542713038e-01  1.046214064062297e+00 -7.382375542713038e-01  1.036098882846433e+00 -7.382375542713038e-01  2.315151289319743e-01 -7.382375542713038e-01  1.337074590775067e-03 -7.382375542713038e-01  4.559257411393449e-01 -7.382375542713038e-01  3.137845491926869e-01 -7.382375542713038e-01  2.788153904202208e-03 
-7.342375542713038e-01  1.437488621574051e+00 -7.342375542713038e-01  1.047201929786024e+00 -7.342375542713038e-01  1.034538366143268e+00 -7.342375542713038e-01  2.317683006041240e-01 -7.342375542713038e-01  1.340881347295432e-03 -7.342375542713038e-01  4.573437321867654e-01 -7.342375542713038e-01  3.135625389210892e-01 -7.342375542713038e-01  2.784499920299196e-03 
-7.302375542713038e-01  1.436458454909751e+00 -7.302375542713038e-01  1.048191144487687e+00 -7.302375542713038e-01  1.032977006692275e+00 -7.302375542713038e-01  2.320213070432492e-01 -7.302375542713038e-01  1.344691797497948e-03 -7.302375542713038e-01  4.587644390052460e-01 -7.302375542713038e-01  3.133409049873825e-01 -7.302375542713038e-01  2.780840946706220e-03 
-7.262375542713038e-01  1.435427303719660e+00 -7.262375542713038e-01  1.049181691100610e+00 -7.262375542713038e-01  1.031414814744086e+00 -7.262375542713038e-01  2.322741458618414e-01 -7.262375542713038e-01  1.348505889301656e-03 -7.262375542713038e-01  4.601878248308612e-01 -7.262375542713038e-01  3.131196403073340e-01 -7.262375542713038e-01  2.777177046550652e-03 
-7.222375542713038e-01  1.434395181928844e+00 -7.222375542713038e-01  1.050173552778799e+00 -7.222375542713038e-01  1.029851800466088e+00 -7.222375542713038e-01  2.325268147291210e-01 -7.222375542713038e-01  1.352323571200535e-03 -7.222375542713038e-01  4.616138533736394e-01 -7.222375542713038e-01  3.128987378736248e-01 -7.222375542713038e-01  2.773508282143628e-03 
-7.182375542713038e-01  1.433362103293546e+00 -7.182375542713038e-01  1.051166712851502e+00 -7.182375542713038e-01  1.028287973933978e+00 -7.182375542713038e-01  2.327793113736467e-01 -7.182375542713038e-01  1.356144792313006e-03 -7.182375542713038e-01  4.630424887910753e-01 -7.182375542713038e-01  3.126781907640636e-01 -7.182375542713038e-01  2.769834715147985e-03 
-7.142375542713038e-01  1.432328081418642e+00 -7.142375542713038e-01  1.052161154882555e+00 -7.142375542713038e-01  1.026723345141926e+00 -7.142375542713038e-01  2.330316335787709e-01 -7.142375542713038e-01  1.359969502317325e-03 -7.142375542713038e-01  4.644736957211663e-01 -7.142375542713038e-01  3.124579921313126e-01 -7.142375542713038e-01  2.766156406358921e-03 
-7.102375542713038e-01  1.431293129736900e+00 -7.102375542713038e-01  1.053156862598290e+00 -7.102375542713038e-01  1.025157923989679e+00 -7.102375542713038e-01  2.332837791869579e-01 -7.102375542713038e-01  1.363797651528374e-03 -7.102375542713038e-01  4.659074392400780e-01 -7.102375542713038e-01  3.122381352155275e-01 -7.102375542713038e-01  2.762473415970604e-03 
-7.062375542713037e-01  1.430257261535424e+00 -7.062375542713037e-01  1.054153819976607e+00 -7.062375542713037e-01  1.023591720298193e+00 -7.062375542713037e-01  2.335357460931833e-01 -7.062375542713037e-01  1.367629190799746e-03 -7.062375542713037e-01  4.673436849117731e-01 -7.062375542713037e-01  3.120186133286826e-01 -7.062375542713037e-01  2.758785803246605e-03 
-7.022375542713037e-01  1.429220489933805e+00 -7.022375542713037e-01  1.055152011169825e+00 -7.022375542713037e-01  1.022024743796073e+00 -7.022375542713037e-01  2.337875322495107e-01 -7.022375542713037e-01  1.371464071604649e-03 -7.022375542713037e-01  4.687823987422688e-01 -7.022375542713037e-01  3.117994198678816e-01 -7.022375542713037e-01  2.755093626805413e-03 
-6.982375542713037e-01  1.428182827891481e+00 -6.982375542713037e-01  1.056151420527122e+00 -6.982375542713037e-01  1.020457004123675e+00 -6.982375542713037e-01  2.340391356629172e-01 -6.982375542713037e-01  1.375302246008675e-03 -6.982375542713037e-01  4.702235471906419e-01 -6.982375542713037e-01  3.115805483111419e-01 -6.982375542713037e-01  2.751396944537339e-03 
-6.942375542713037e-01  1.427144288209914e+00 -6.942375542713037e-01  1.057152032598782e+00 -6.942375542713037e-01  1.018888510834089e+00 -6.942375542713037e-01  2.342905543943202e-01 -6.942375542713037e-01  1.379143666661667e-03 -6.942375542713037e-01  4.716670971694570e-01 -6.942375542713037e-01  3.113619922162844e-01 -6.942375542713037e-01  2.747695813588828e-03 
-6.902375542713037e-01  1.426104883533965e+00 -6.902375542713037e-01  1.058153832137191e+00 -6.902375542713037e-01  1.017319273393652e+00 -6.902375542713037e-01  2.345417865578099e-01 -6.902375542713037e-01  1.382988286792746e-03 -6.902375542713037e-01  4.731130160431701e-01 -6.902375542713037e-01  3.111437452203134e-01 -6.902375542713037e-01  2.743990290358764e-03 
-6.862375542713037e-01  1.425064626358180e+00 -6.862375542713037e-01  1.059156804114613e+00 -6.862375542713037e-01  1.015749301185431e+00 -6.862375542713037e-01  2.347928303187607e-01 -6.862375542713037e-01  1.386836060186983e-03 -6.862375542713037e-01  4.745612716360567e-01 -6.862375542713037e-01  3.109258010358101e-01 -6.862375542713037e-01  2.740280430432751e-03 
-6.822375542713037e-01  1.424023529011067e+00 -6.822375542713037e-01  1.060160933663985e+00 -6.822375542713037e-01  1.014178603499388e+00 -6.822375542713037e-01  2.350436838969786e-01 -6.822375542713037e-01  1.390686941243601e-03 -6.822375542713037e-01  4.760118321955085e-01 -6.822375542713037e-01  3.107081534606239e-01 -6.822375542713037e-01  2.736566288802077e-03 
-6.782375542713037e-01  1.422981603670319e+00 -6.782375542713037e-01  1.061166206126745e+00 -6.782375542713037e-01  1.012607189541290e+00 -6.782375542713037e-01  2.352943455627748e-01 -6.782375542713037e-01  1.394540884919586e-03 -6.782375542713037e-01  4.774646664169613e-01 -6.782375542713037e-01  3.104907963688927e-01 -6.782375542713037e-01  2.732847919686813e-03 
-6.742375542713037e-01  1.421938862357157e+00 -6.742375542713037e-01  1.062172607027841e+00 -6.742375542713037e-01  1.011035068428994e+00 -6.742375542713037e-01  2.355448136378323e-01 -6.742375542713037e-01  1.398397846750773e-03 -6.742375542713037e-01  4.789197434266501e-01 -6.742375542713037e-01  3.102737237146616e-01 -6.742375542713037e-01  2.729125376628245e-03 
-6.702375542713037e-01  1.420895316944281e+00 -6.702375542713037e-01  1.063180122097797e+00 -6.702375542713037e-01  1.009462249196971e+00 -6.702375542713037e-01  2.357950864929576e-01 -6.702375542713037e-01  1.402257782822231e-03 -6.702375542713037e-01  4.803770327914770e-01 -6.702375542713037e-01  3.100569295272791e-01 -6.702375542713037e-01  2.725398712407288e-03 
-6.662375542713037e-01  1.419850979155782e+00 -6.662375542713037e-01  1.064188737266487e+00 -6.662375542713037e-01  1.007888740795985e+00 -6.662375542713037e-01  2.360451625476992e-01 -6.662375542713037e-01  1.406120649768775e-03 -6.662375542713037e-01  4.818365045124214e-01 -6.662375542713037e-01  3.098404079116522e-01 -6.662375542713037e-01  2.721667979067436e-03 
-6.622375542713037e-01  1.418805860556499e+00 -6.622375542713037e-01  1.065198438619731e+00 -6.622375542713037e-01  1.006314552086339e+00 -6.622375542713037e-01  2.362950402723344e-01 -6.622375542713037e-01  1.409986404814193e-03 -6.622375542713037e-01  4.832981289961505e-01 -6.622375542713037e-01  3.096241530548727e-01 -6.622375542713037e-01  2.717933228075412e-03 
-6.582375542713037e-01  1.417759972567219e+00 -6.582375542713037e-01  1.066209212445820e+00 -6.582375542713037e-01  1.004739691846849e+00 -6.582375542713037e-01  2.365447181840230e-01 -6.582375542713037e-01  1.413855005715153e-03 -6.582375542713037e-01  4.847618770788267e-01 -6.582375542713037e-01  3.094081592172404e-01 -6.582375542713037e-01  2.714194510149000e-03 
-6.542375542713037e-01  1.416713326464822e+00 -6.542375542713037e-01  1.067221045229405e+00 -6.542375542713037e-01  1.003164168774674e+00 -6.542375542713037e-01  2.367941948463764e-01 -6.542375542713037e-01  1.417726410760543e-03 -6.542375542713037e-01  4.862277200192980e-01 -6.542375542713037e-01  3.091924207323684e-01 -6.542375542713037e-01  2.710451875279673e-03 
-6.502375542713037e-01  1.415665933370947e+00 -6.502375542713037e-01  1.068233923604788e+00 -6.502375542713037e-01  1.001587991478158e+00 -6.502375542713037e-01  2.370434688716199e-01 -6.502375542713037e-01  1.421600578813428e-03 -6.502375542713037e-01  4.876956294684540e-01 -6.502375542713037e-01  3.089769320142369e-01 -6.502375542713037e-01  2.706705372905373e-03 
-6.462375542713037e-01  1.414617804271189e+00 -6.462375542713037e-01  1.069247834416048e+00 -6.462375542713037e-01  1.000011168488282e+00 -6.462375542713037e-01  2.372925389158855e-01 -6.462375542713037e-01  1.425477469240139e-03 -6.462375542713037e-01  4.891655775008723e-01 -6.462375542713037e-01  3.087616875457882e-01 -6.462375542713037e-01  2.702955051688105e-03 
-6.422375542713037e-01  1.413568950002960e+00 -6.422375542713037e-01  1.070262764667223e+00 -6.422375542713037e-01  9.984337082510181e-01 -6.422375542713037e-01  2.375414036815607e-01 -6.422375542713037e-01  1.429357041955052e-03 -6.422375542713037e-01  4.906375365822301e-01 -6.422375542713037e-01  3.085466818864538e-01 -6.422375542713037e-01  2.699200959698198e-03 
-6.382375542713037e-01  1.412519381270347e+00 -6.382375542713037e-01  1.071278701567056e+00 -6.382375542713037e-01  9.968556191361627e-01 -6.382375542713037e-01  2.377900619135848e-01 -6.382375542713037e-01  1.433239257365672e-03 -6.382375542713037e-01  4.921114795919534e-01 -6.382375542713037e-01  3.083319096633569e-01 -6.382375542713037e-01  2.695443144248822e-03 
-6.342375542713037e-01  1.411469108625049e+00 -6.342375542713037e-01  1.072295632454188e+00 -6.342375542713037e-01  9.952769094254854e-01 -6.342375542713037e-01  2.380385124033571e-01 -6.342375542713037e-01  1.437124076443177e-03 -6.342375542713037e-01  4.935873797757815e-01 -6.342375542713037e-01  3.081173655830704e-01 -6.342375542713037e-01  2.691681652172640e-03 
-6.302375542713037e-01  1.410418142493502e+00 -6.302375542713037e-01  1.073313544885092e+00 -6.302375542713037e-01  9.936975873290497e-01 -6.302375542713037e-01  2.382867539823041e-01 -6.302375542713037e-01  1.441011460622039e-03 -6.302375542713037e-01  4.950652107937111e-01 -6.302375542713037e-01  3.079030444153547e-01 -6.302375542713037e-01  2.687916529496613e-03 
-6.262375542713037e-01  1.409366493152861e+00 -6.262375542713037e-01  1.074332426541470e+00 -6.262375542713037e-01  9.921176609703546e-01 -6.262375542713037e-01  2.385347855269002e-01 -6.262375542713037e-01  1.444901371888900e-03 -6.262375542713037e-01  4.965449466619885e-01 -6.262375542713037e-01  3.076889410079199e-01 -6.262375542713037e-01  2.684147821784489e-03 
-6.222375542713037e-01  1.408314170750834e+00 -6.222375542713037e-01  1.075352265292209e+00 -6.222375542713037e-01  9.905371383982251e-01 -6.222375542713037e-01  2.387826059538889e-01 -6.222375542713037e-01  1.448793772709169e-03 -6.222375542713037e-01  4.980265617857919e-01 -6.222375542713037e-01  3.074750502746036e-01 -6.222375542713037e-01  2.680375573907641e-03 
-6.182375542713037e-01  1.407261185309575e+00 -6.182375542713037e-01  1.076373049199416e+00 -6.182375542713037e-01  9.889560275889990e-01 -6.182375542713037e-01  2.390302142190957e-01 -6.182375542713037e-01  1.452688626012700e-03 -6.182375542713037e-01  4.995100309591669e-01 -6.182375542713037e-01  3.072613671931603e-01 -6.182375542713037e-01  2.676599830022755e-03 
-6.142375542713037e-01  1.406207546709114e+00 -6.142375542713037e-01  1.077394766451467e+00 -6.142375542713037e-01  9.873743364362171e-01 -6.142375542713037e-01  2.392776093207742e-01 -6.142375542713037e-01  1.456585895254963e-03 -6.142375542713037e-01  5.009953293218792e-01 -6.142375542713037e-01  3.070478868155461e-01 -6.142375542713037e-01  2.672820633819451e-03 
-6.102375542713037e-01  1.405153264702369e+00 -6.102375542713037e-01  1.078417405408079e+00 -6.102375542713037e-01  9.857920727596101e-01 -6.102375542713037e-01  2.395247902959504e-01 -6.102375542713037e-01  1.460485544361647e-03 -6.102375542713037e-01  5.024824323822242e-01 -6.102375542713037e-01  3.068346042589753e-01 -6.102375542713037e-01  2.669038028353565e-03 
-6.062375542713037e-01  1.404098348909806e+00 -6.062375542713037e-01  1.079440954573080e+00 -6.062375542713037e-01  9.842092443016437e-01 -6.062375542713037e-01  2.397717562212824e-01 -6.062375542713037e-01  1.464387537748297e-03 -6.062375542713037e-01  5.039713159972270e-01 -6.062375542713037e-01  3.066215147093709e-01 -6.062375542713037e-01  2.665252056147939e-03 
-6.022375542713037e-01  1.403042808836280e+00 -6.022375542713037e-01  1.080465402646221e+00 -6.022375542713037e-01  9.826258587376540e-01 -6.022375542713037e-01  2.400185062090345e-01 -6.022375542713037e-01  1.468291840258116e-03 -6.022375542713037e-01  5.054619563995805e-01 -6.022375542713037e-01  3.064086134112681e-01 -6.022375542713037e-01  2.661462759000683e-03 
-5.982375542713037e-01  1.401986653855192e+00 -5.982375542713037e-01  1.081490738458441e+00 -5.982375542713037e-01  9.810419236659977e-01 -5.982375542713037e-01  2.402650394102759e-01 -5.982375542713037e-01  1.472198417220497e-03 -5.982375542713037e-01  5.069543301556640e-01 -5.982375542713037e-01  3.061958956776731e-01 -5.982375542713037e-01  2.657670178224662e-03 
-5.942375542713036e-01  1.400929893214864e+00 -5.942375542713036e-01  1.082516950986254e+00 -5.942375542713036e-01  9.794574466117864e-01 -5.942375542713036e-01  2.405113550131717e-01 -5.942375542713036e-01  1.476107234427484e-03 -5.942375542713036e-01  5.084484141703112e-01 -5.942375542713036e-01  3.059833568863656e-01 -5.942375542713036e-01  2.653874354594282e-03 
-5.902375542713036e-01  1.399872536043205e+00 -5.902375542713036e-01  1.083544029360136e+00 -5.902375542713036e-01  9.778724350295865e-01 -5.902375542713036e-01  2.407574522416649e-01 -5.902375542713036e-01  1.480018258116511e-03 -5.902375542713036e-01  5.099441856880946e-01 -5.902375542713036e-01  3.057709924772271e-01 -5.902375542713036e-01  2.650075328314475e-03 
-5.862375542713036e-01  1.398814591350725e+00 -5.862375542713036e-01  1.084571962867008e+00 -5.862375542713036e-01  9.762868963051181e-01 -5.862375542713036e-01  2.410033303545299e-01 -5.862375542713036e-01  1.483931454959196e-03 -5.862375542713036e-01  5.114416222911108e-01 -5.862375542713036e-01  3.055587979505883e-01 -5.862375542713036e-01  2.646273139011490e-03 
-5.822375542713036e-01  1.397756068027187e+00 -5.822375542713036e-01  1.085600740929981e+00 -5.822375542713036e-01  9.747008377530696e-01 -5.822375542713036e-01  2.412489886458372e-01 -5.822375542713036e-01  1.487846792073847e-03 -5.822375542713036e-01  5.129407018833249e-01 -5.822375542713036e-01  3.053467688694559e-01 -5.822375542713036e-01  2.642467825807841e-03 
-5.782375542713036e-01  1.396696974851293e+00 -5.782375542713036e-01  1.086630353134820e+00 -5.782375542713036e-01  9.731142666228870e-01 -5.782375542713036e-01  2.414944264425526e-01 -5.782375542713036e-01  1.491764236989493e-03 -5.782375542713036e-01  5.144414027026379e-01 -5.782375542713036e-01  3.051349008537637e-01 -5.782375542713036e-01  2.638659427224392e-03 
-5.742375542713036e-01  1.395637320480892e+00 -5.742375542713036e-01  1.087660789186521e+00 -5.742375542713036e-01  9.715271900926583e-01 -5.742375542713036e-01  2.417396431064225e-01 -5.742375542713036e-01  1.495683757682204e-03 -5.742375542713036e-01  5.159437032914633e-01 -5.742375542713036e-01  3.049231895865585e-01 -5.742375542713036e-01  2.634847981340983e-03 
-5.702375542713036e-01  1.394577113461711e+00 -5.702375542713036e-01  1.088692038932499e+00 -5.702375542713036e-01  9.699396152743242e-01 -5.702375542713036e-01  2.419846380317992e-01 -5.702375542713036e-01  1.499605322542768e-03 -5.702375542713036e-01  5.174475825069017e-01 -5.702375542713036e-01  3.047116308088183e-01 -5.702375542713036e-01  2.631033525710688e-03 
-5.662375542713036e-01  1.393516362234164e+00 -5.662375542713036e-01  1.089724092378813e+00 -5.662375542713036e-01  9.683515492177421e-01 -5.662375542713036e-01  2.422294106439087e-01 -5.662375542713036e-01  1.503528900351467e-03 -5.662375542713036e-01  5.189530195268661e-01 -5.662375542713036e-01  3.045002203154692e-01 -5.662375542713036e-01  2.627216097299778e-03 
-5.622375542713036e-01  1.392455075122124e+00 -5.622375542713036e-01  1.090756939641686e+00 -5.622375542713036e-01  9.667629989036983e-01 -5.622375542713036e-01  2.424739604010539e-01 -5.622375542713036e-01  1.507454460319710e-03 -5.622375542713036e-01  5.204599938176521e-01 -5.622375542713036e-01  3.042889539624402e-01 -5.622375542713036e-01  2.623395732667008e-03 
-5.582375542713036e-01  1.391393260342223e+00 -5.582375542713036e-01  1.091790570972857e+00 -5.582375542713036e-01  9.651739712494832e-01 -5.582375542713036e-01  2.427182867923366e-01 -5.582375542713036e-01  1.511381972055480e-03 -5.582375542713036e-01  5.219684851455161e-01 -5.582375542713036e-01  3.040778276611344e-01 -5.582375542713036e-01  2.619572467869877e-03 
-5.542375542713036e-01  1.390330926010157e+00 -5.542375542713036e-01  1.092824976774284e+00 -5.542375542713036e-01  9.635844731126750e-01 -5.542375542713036e-01  2.429623893360710e-01 -5.542375542713036e-01  1.515311405540174e-03 -5.542375542713036e-01  5.234784735820244e-01 -5.542375542713036e-01  3.038668373747322e-01 -5.542375542713036e-01  2.615746338410316e-03 
-5.502375542713036e-01  1.389268080134628e+00 -5.502375542713036e-01  1.093860147568323e+00 -5.502375542713036e-01  9.619945112873219e-01 -5.502375542713036e-01  2.432062675808603e-01 -5.502375542713036e-01  1.519242731150893e-03 -5.502375542713036e-01  5.249899394827892e-01 -5.502375542713036e-01  3.036559791220794e-01 -5.502375542713036e-01  2.611917379344842e-03 
-5.462375542713036e-01  1.388204730614744e+00 -5.462375542713036e-01  1.094896073980327e+00 -5.462375542713036e-01  9.604040925022510e-01 -5.462375542713036e-01  2.434499211059344e-01 -5.462375542713036e-01  1.523175919670115e-03 -5.462375542713036e-01  5.265028634736357e-01 -5.462375542713036e-01  3.034452489794728e-01 -5.462375542713036e-01  2.608085625349036e-03 
-5.422375542713036e-01  1.387140885261060e+00 -5.422375542713036e-01  1.095932746806885e+00 -5.422375542713036e-01  9.588132234339033e-01 -5.422375542713036e-01  2.436933495163886e-01 -5.422375542713036e-01  1.527110942207846e-03 -5.422375542713036e-01  5.280172264880844e-01 -5.422375542713036e-01  3.032346430678688e-01 -5.422375542713036e-01  2.604251110465079e-03 
-5.382375542713036e-01  1.386076551777584e+00 -5.382375542713036e-01  1.096970156942986e+00 -5.382375542713036e-01  9.572219106952022e-01 -5.382375542713036e-01  2.439365524468601e-01 -5.382375542713036e-01  1.531047770268222e-03 -5.382375542713036e-01  5.295330097204363e-01 -5.382375542713036e-01  3.030241575641296e-01 -5.382375542713036e-01  2.600413868371212e-03 
-5.342375542713036e-01  1.385011737763942e+00 -5.342375542713036e-01  1.098008295381948e+00 -5.342375542713036e-01  9.556301608368043e-01 -5.342375542713036e-01  2.441795295608408e-01 -5.342375542713036e-01  1.534986375741414e-03 -5.342375542713036e-01  5.310501946223778e-01 -5.342375542713036e-01  3.028137886998787e-01 -5.342375542713036e-01  2.596573932381939e-03 
-5.302375542713036e-01  1.383946450733988e+00 -5.302375542713036e-01  1.099047153275291e+00 -5.302375542713036e-01  9.540379803584672e-01 -5.302375542713036e-01  2.444222805464811e-01 -5.302375542713036e-01  1.538926730834890e-03 -5.302375542713036e-01  5.325687629356572e-01 -5.302375542713036e-01  3.026035327501775e-01 -5.302375542713036e-01  2.592731335226609e-03 
-5.262375542713036e-01  1.382880698099671e+00 -5.262375542713036e-01  1.100086721866639e+00 -5.262375542713036e-01  9.524453756990514e-01 -5.262375542713036e-01  2.446648051198571e-01 -5.262375542713036e-01  1.542868808133011e-03 -5.262375542713036e-01  5.340886966492179e-01 -5.262375542713036e-01  3.023933860436458e-01 -5.262375542713036e-01  2.588886109293905e-03 
-5.222375542713036e-01  1.381814487181672e+00 -5.222375542713036e-01  1.101126992522732e+00 -5.222375542713036e-01  9.508523532430251e-01 -5.222375542713036e-01  2.449071030224984e-01 -5.222375542713036e-01  1.546812580557741e-03 -5.222375542713036e-01  5.356099780146306e-01 -5.222375542713036e-01  3.021833449560685e-01 -5.222375542713036e-01  2.585038286517103e-03 
-5.182375542713036e-01  1.380747825210720e+00 -5.182375542713036e-01  1.102167956730849e+00 -5.182375542713036e-01  9.492589193211879e-01 -5.182375542713036e-01  2.451491740209212e-01 -5.182375542713036e-01  1.550758021363731e-03 -5.182375542713036e-01  5.371325895414309e-01 -5.182375542713036e-01  3.019734059097345e-01 -5.182375542713036e-01  2.581187898383621e-03 
-5.142375542713036e-01  1.379680719325436e+00 -5.142375542713036e-01  1.103209606083617e+00 -5.142375542713036e-01  9.476650802093072e-01 -5.142375542713036e-01  2.453910179069110e-01 -5.142375542713036e-01  1.554705104146370e-03 -5.142375542713036e-01  5.386565139848910e-01 -5.142375542713036e-01  3.017635653749287e-01 -5.142375542713036e-01  2.577334975991226e-03 
-5.102375542713036e-01  1.378613176576555e+00 -5.102375542713036e-01  1.104251932286997e+00 -5.102375542713036e-01  9.460708421306629e-01 -5.102375542713036e-01  2.456326344964400e-01 -5.102375542713036e-01  1.558653802826048e-03 -5.102375542713036e-01  5.401817343477773e-01 -5.102375542713036e-01  3.015538198674952e-01 -5.102375542713036e-01  2.573479550018445e-03 
-5.062375542713036e-01  1.377545203920074e+00 -5.062375542713036e-01  1.105294927128130e+00 -5.062375542713036e-01  9.444762112517754e-01 -5.062375542713036e-01  2.458740236309571e-01 -5.062375542713036e-01  1.562604091673632e-03 -5.062375542713036e-01  5.417082338579440e-01 -5.062375542713036e-01  3.013441659532402e-01 -5.062375542713036e-01  2.569621650843563e-03 
-5.022375542713036e-01  1.376476808238366e+00 -5.022375542713036e-01  1.106338582545243e+00 -5.022375542713036e-01  9.428811936953796e-01 -5.022375542713036e-01  2.461151851727277e-01 -5.022375542713036e-01  1.566555945232290e-03 -5.022375542713036e-01  5.432359960075368e-01 -5.022375542713036e-01  3.011346002349966e-01 -5.022375542713036e-01  2.565761308286008e-03 
-4.982375542713036e-01  1.375407996322872e+00 -4.982375542713036e-01  1.107382890557449e+00 -4.982375542713036e-01  9.412857955297169e-01 -4.982375542713036e-01  2.463561190083543e-01 -4.982375542713036e-01  1.570509338381513e-03 -4.982375542713036e-01  5.447650045077425e-01 -4.982375542713036e-01  3.009251193635175e-01 -4.982375542713036e-01  2.561898551866019e-03 
-4.942375542713036e-01  1.374338774881179e+00 -4.942375542713036e-01  1.108427843283611e+00 -4.942375542713036e-01  9.396900227728673e-01 -4.942375542713036e-01  2.465968250471156e-01 -4.942375542713036e-01  1.574464246310989e-03 -4.942375542713036e-01  5.462952432972673e-01 -4.942375542713036e-01  3.007157200332448e-01 -4.942375542713036e-01  2.558033410734866e-03 
-4.902375542713036e-01  1.373269150535581e+00 -4.902375542713036e-01  1.109473432930181e+00 -4.902375542713036e-01  9.380938813918298e-01 -4.902375542713036e-01  2.468373032211086e-01 -4.902375542713036e-01  1.578420644525832e-03 -4.902375542713036e-01  5.478266965321398e-01 -4.902375542713036e-01  3.005063989833637e-01 -4.902375542713036e-01  2.554165913719843e-03 
-4.862375542713036e-01  1.372199129841192e+00 -4.862375542713036e-01  1.110519651850742e+00 -4.862375542713036e-01  9.364973773136644e-01 -4.862375542713036e-01  2.470775534812815e-01 -4.862375542713036e-01  1.582378508779682e-03 -4.862375542713036e-01  5.493593486189414e-01 -4.862375542713036e-01  3.002971529866866e-01 -4.862375542713036e-01  2.550296089104041e-03 
-4.822375542713035e-01  1.371128719257152e+00 -4.822375542713035e-01  1.111566492433820e+00 -4.822375542713035e-01  9.349005164077202e-01 -4.822375542713035e-01  2.473175758033662e-01 -4.822375542713035e-01  1.586337815181156e-03 -4.822375542713035e-01  5.508931841441822e-01 -4.822375542713035e-01  3.000879788677325e-01 -4.822375542713035e-01  2.546423965041289e-03 
-4.782375542713035e-01  1.370057925177925e+00 -4.782375542713035e-01  1.112613947210984e+00 -4.782375542713035e-01  9.333033045049050e-01 -4.782375542713035e-01  2.475573701811353e-01 -4.782375542713035e-01  1.590298540078114e-03 -4.782375542713035e-01  5.524281879370011e-01 -4.782375542713035e-01  2.998788734833854e-01 -4.782375542713035e-01  2.542549569156317e-03 
-4.742375542713035e-01  1.368986753919019e+00 -4.742375542713035e-01  1.113662008797942e+00 -4.742375542713035e-01  9.317057473888870e-01 -4.742375542713035e-01  2.477969366292766e-01 -4.742375542713035e-01  1.594260660110409e-03 -4.742375542713035e-01  5.539643450308607e-01 -4.742375542713035e-01  2.996698337319474e-01 -4.742375542713035e-01  2.538672928762623e-03 
-4.702375542713035e-01  1.367915211719978e+00 -4.702375542713035e-01  1.114710669899116e+00 -4.702375542713035e-01  9.301078507979073e-01 -4.702375542713035e-01  2.480362751826378e-01 -4.702375542713035e-01  1.598224152198937e-03 -4.702375542713035e-01  5.555016406636790e-01 -4.702375542713035e-01  2.994608565514175e-01 -4.702375542713035e-01  2.534794070845601e-03 
-4.662375542713035e-01  1.366843304738740e+00 -4.662375542713035e-01  1.115759923280449e+00 -4.662375542713035e-01  9.285096204212999e-01 -4.662375542713035e-01  2.482753858972677e-01 -4.662375542713035e-01  1.602188993566371e-03 -4.662375542713035e-01  5.570400602587339e-01 -4.662375542713035e-01  2.992519389231818e-01 -4.662375542713035e-01  2.530913022163071e-03 
-4.622375542713035e-01  1.365771039076281e+00 -4.622375542713035e-01  1.116809761853826e+00 -4.622375542713035e-01  9.269110619146991e-01 -4.622375542713035e-01  2.485142688451379e-01 -4.622375542713035e-01  1.606155161646128e-03 -4.622375542713035e-01  5.585795894733471e-01 -4.622375542713035e-01  2.990430778567498e-01 -4.622375542713035e-01  2.527029808933011e-03 
-4.582375542713035e-01  1.364698420751776e+00 -4.582375542713035e-01  1.117860178579450e+00 -4.582375542713035e-01  9.253121808847105e-01 -4.582375542713035e-01  2.487529241192225e-01 -4.582375542713035e-01  1.610122634174166e-03 -4.582375542713035e-01  5.601202141371443e-01 -4.582375542713035e-01  2.988342704054432e-01 -4.582375542713035e-01  2.523144457194706e-03 
-4.542375542713035e-01  1.363625455716523e+00 -4.542375542713035e-01  1.118911166511013e+00 -4.542375542713035e-01  9.237129828974942e-01 -4.542375542713035e-01  2.489913518304672e-01 -4.542375542713035e-01  1.614091389137517e-03 -4.542375542713035e-01  5.616619202770052e-01 -4.542375542713035e-01  2.986255136578281e-01 -4.542375542713035e-01  2.519256992641597e-03 
-4.502375542713035e-01  1.362552149855155e+00 -4.502375542713035e-01  1.119962718794157e+00 -4.502375542713035e-01  9.221134734795423e-01 -4.502375542713035e-01  2.492295521074243e-01 -4.502375542713035e-01  1.618061404769782e-03 -4.502375542713035e-01  5.632046941137111e-01 -4.502375542713035e-01  2.984168047371025e-01 -4.502375542713035e-01  2.515367440627066e-03 
-4.462375542713035e-01  1.361478508981494e+00 -4.462375542713035e-01  1.121014828645206e+00 -4.462375542713035e-01  9.205136581151070e-01 -4.462375542713035e-01  2.494675250970084e-01 -4.462375542713035e-01  1.622032659566472e-03 -4.462375542713035e-01  5.647485220466341e-01 -4.462375542713035e-01  2.982081408038478e-01 -4.462375542713035e-01  2.511475826243044e-03 
-4.422375542713035e-01  1.360404538851145e+00 -4.422375542713035e-01  1.122067489391838e+00 -4.422375542713035e-01  9.189135422540102e-01 -4.422375542713035e-01  2.497052709617767e-01 -4.422375542713035e-01  1.626005132238484e-03 -4.422375542713035e-01  5.662933906761397e-01 -4.422375542713035e-01  2.979995190482629e-01 -4.422375542713035e-01  2.507582174169518e-03 
-4.382375542713035e-01  1.359330245142407e+00 -4.382375542713035e-01  1.123120694396819e+00 -4.382375542713035e-01  9.173131312998513e-01 -4.382375542713035e-01  2.499427898837845e-01 -4.382375542713035e-01  1.629978801782590e-03 -4.382375542713035e-01  5.678392867548722e-01 -4.382375542713035e-01  2.977909367022985e-01 -4.382375542713035e-01  2.503686508956770e-03 
-4.342375542713035e-01  1.358255633481123e+00 -4.342375542713035e-01  1.124174437144109e+00 -4.342375542713035e-01  9.157124306253954e-01 -4.342375542713035e-01  2.501800820593351e-01 -4.342375542713035e-01  1.633953647389620e-03 -4.342375542713035e-01  5.693861972379072e-01 -4.342375542713035e-01  2.975823910241909e-01 -4.342375542713035e-01  2.499788854706759e-03 
-4.302375542713035e-01  1.357180709421330e+00 -4.302375542713035e-01  1.125228711161705e+00 -4.302375542713035e-01  9.141114455606241e-01 -4.302375542713035e-01  2.504171477028949e-01 -4.302375542713035e-01  1.637929648516002e-03 -4.302375542713035e-01  5.709341092335268e-01 -4.302375542713035e-01  2.973738793107720e-01 -4.302375542713035e-01  2.495889235358554e-03 
-4.262375542713035e-01  1.356105478465710e+00 -4.262375542713035e-01  1.126283510091836e+00 -4.262375542713035e-01  9.125101814054117e-01 -4.262375542713035e-01  2.506539870427689e-01 -4.262375542713035e-01  1.641906784808077e-03 -4.262375542713035e-01  5.724830100438318e-01 -4.262375542713035e-01  2.971653988847363e-01 -4.262375542713035e-01  2.491987674428711e-03 
-4.222375542713035e-01  1.355029946043506e+00 -4.222375542713035e-01  1.127338827603707e+00 -4.222375542713035e-01  9.109086434158937e-01 -4.222375542713035e-01  2.508906003255799e-01 -4.222375542713035e-01  1.645885036183899e-03 -4.222375542713035e-01  5.740328871093618e-01 -4.222375542713035e-01  2.969569471086961e-01 -4.222375542713035e-01  2.488084195333985e-03 
-4.182375542713035e-01  1.353954117538693e+00 -4.182375542713035e-01  1.128394657492525e+00 -4.182375542713035e-01  9.093068368219204e-01 -4.182375542713035e-01  2.511269878103655e-01 -4.182375542713035e-01  1.649864382728908e-03 -4.182375542713035e-01  5.755837280674136e-01 -4.182375542713035e-01  2.967485213675664e-01 -4.182375542713035e-01  2.484178821025095e-03 
-4.142375542713035e-01  1.352877998266831e+00 -4.142375542713035e-01  1.129450993588413e+00 -4.142375542713035e-01  9.077047668127793e-01 -4.142375542713035e-01  2.513631497732712e-01 -4.142375542713035e-01  1.653844804781609e-03 -4.142375542713035e-01  5.771355206943687e-01 -4.142375542713035e-01  2.965401190832999e-01 -4.142375542713035e-01  2.480271574323607e-03 
-4.102375542713035e-01  1.351801593490620e+00 -4.102375542713035e-01  1.130507829808885e+00 -4.102375542713035e-01  9.061024385468418e-01 -4.102375542713035e-01  2.515990865042663e-01 -4.102375542713035e-01  1.657826282876018e-03 -4.102375542713035e-01  5.786882529356842e-01 -4.102375542713035e-01  2.963317377052122e-01 -4.102375542713035e-01  2.476362477727783e-03 
-4.062375542713035e-01  1.350724908411530e+00 -4.062375542713035e-01  1.131565160122693e+00 -4.062375542713035e-01  9.044998571464333e-01 -4.062375542713035e-01  2.518347983087893e-01 -4.062375542713035e-01  1.661808797772627e-03 -4.062375542713035e-01  5.802419128818095e-01 -4.062375542713035e-01  2.961233747154049e-01 -4.062375542713035e-01  2.472451553546464e-03 
-4.022375542713035e-01  1.349647948183718e+00 -4.022375542713035e-01  1.132622978596308e+00 -4.022375542713035e-01  9.028970277064865e-01 -4.022375542713035e-01  2.520702855048220e-01 -4.022375542713035e-01  1.665792330406968e-03 -4.022375542713035e-01  5.817964887946148e-01 -4.022375542713035e-01  2.959150276201237e-01 -4.022375542713035e-01  2.468538823726941e-03 
-3.982375542713035e-01  1.348570717900267e+00 -3.982375542713035e-01  1.133681279338034e+00 -3.982375542713035e-01  9.012939552860659e-01 -3.982375542713035e-01  2.523055484256373e-01 -3.982375542713035e-01  1.669776861940427e-03 -3.982375542713035e-01  5.833519690713106e-01 -3.982375542713035e-01  2.957066939585690e-01 -3.982375542713035e-01  2.464624310061832e-03 
-3.942375542713035e-01  1.347493222604561e+00 -3.942375542713035e-01  1.134740056535223e+00 -3.942375542713035e-01  8.996906449154556e-01 -3.942375542713035e-01  2.525405874174076e-01 -3.942375542713035e-01  1.673762373718258e-03 -3.942375542713035e-01  5.849083422652822e-01 -3.942375542713035e-01  2.954983712958579e-01 -3.942375542713035e-01  2.460708034051354e-03 
-3.902375542713035e-01  1.346415467287034e+00 -3.902375542713035e-01  1.135799304437407e+00 -3.902375542713035e-01  8.980871015942082e-01 -3.902375542713035e-01  2.527754028398009e-01 -3.902375542713035e-01  1.677748847281529e-03 -3.902375542713035e-01  5.864655970739190e-01 -3.902375542713035e-01  2.952900572252094e-01 -3.902375542713035e-01  2.456790016965710e-03 
-3.862375542713035e-01  1.345337456889485e+00 -3.862375542713035e-01  1.136859017367608e+00 -3.862375542713035e-01  8.964833302938493e-01 -3.862375542713035e-01  2.530099950650478e-01 -3.862375542713035e-01  1.681736264351248e-03 -3.862375542713035e-01  5.880237223437025e-01 -3.862375542713035e-01  2.950817493653438e-01 -3.862375542713035e-01  2.452870279803280e-03 
-3.822375542713035e-01  1.344259196296002e+00 -3.822375542713035e-01  1.137919189683876e+00 -3.822375542713035e-01  8.948793359523244e-01 -3.822375542713035e-01  2.532443644797209e-01 -3.822375542713035e-01  1.685724606861829e-03 -3.822375542713035e-01  5.895827070448435e-01 -3.822375542713035e-01  2.948734453663748e-01 -3.822375542713035e-01  2.448948843432911e-03 
-3.782375542713035e-01  1.343180690353377e+00 -3.782375542713035e-01  1.138979815850639e+00 -3.782375542713035e-01  8.932751234867087e-01 -3.782375542713035e-01  2.534785114805382e-01 -3.782375542713035e-01  1.689713856885702e-03 -3.782375542713035e-01  5.911425403132350e-01 -3.782375542713035e-01  2.946651428969904e-01 -3.782375542713035e-01  2.445025728329916e-03 
-3.742375542713035e-01  1.342101943844955e+00 -3.742375542713035e-01  1.140040890336824e+00 -3.742375542713035e-01  8.916706977770403e-01 -3.742375542713035e-01  2.537124364796108e-01 -3.742375542713035e-01  1.693703996729902e-03 -3.742375542713035e-01  5.927032113862586e-01 -3.742375542713035e-01  2.944568396611882e-01 -3.742375542713035e-01  2.441100954953040e-03 
-3.702375542713034e-01  1.341022961520334e+00 -3.702375542713034e-01  1.141102407721977e+00 -3.702375542713034e-01  8.900660636848226e-01 -3.702375542713034e-01  2.539461398983761e-01 -3.702375542713034e-01  1.697695008826357e-03 -3.702375542713034e-01  5.942647096661628e-01 -3.702375542713034e-01  2.942485333795404e-01 -3.702375542713034e-01  2.437174543351787e-03 
-3.662375542713034e-01  1.339943748073815e+00 -3.662375542713034e-01  1.142164362611559e+00 -3.662375542713034e-01  8.884612260396942e-01 -3.662375542713034e-01  2.541796221719128e-01 -3.662375542713034e-01  1.701686875811500e-03 -3.662375542713034e-01  5.958270246664107e-01 -3.662375542713034e-01  2.940402218030282e-01 -3.662375542713034e-01  2.433246513479857e-03 
-3.622375542713034e-01  1.338864308157196e+00 -3.622375542713034e-01  1.143226749680339e+00 -3.622375542713034e-01  8.868561896474554e-01 -3.622375542713034e-01  2.544128837463044e-01 -3.622375542713034e-01  1.705679580478961e-03 -3.622375542713034e-01  5.973901460366746e-01 -3.622375542713034e-01  2.938319027050257e-01 -3.622375542713034e-01  2.429316885034546e-03 
-3.582375542713034e-01  1.337784646379264e+00 -3.582375542713034e-01  1.144289563666139e+00 -3.582375542713034e-01  8.852509592898151e-01 -3.582375542713034e-01  2.546459250787060e-01 -3.582375542713034e-01  1.709673105781499e-03 -3.582375542713034e-01  5.989540635573851e-01 -3.582375542713034e-01  2.936235738817703e-01 -3.582375542713034e-01  2.425385677479990e-03 
-3.542375542713034e-01  1.336704767298856e+00 -3.542375542713034e-01  1.145352799339868e+00 -3.542375542713034e-01  8.836455397201498e-01 -3.542375542713034e-01  2.548787466386958e-01 -3.542375542713034e-01  1.713667434856586e-03 -3.542375542713034e-01  6.005187671197241e-01 -3.542375542713034e-01  2.934152331568893e-01 -3.542375542713034e-01  2.421452910157865e-03 
-3.502375542713034e-01  1.335624675441698e+00 -3.502375542713034e-01  1.146416451564096e+00 -3.502375542713034e-01  8.820399356740366e-01 -3.502375542713034e-01  2.551113489048525e-01 -3.502375542713034e-01  1.717662550964195e-03 -3.502375542713034e-01  6.020842467600711e-01 -3.502375542713034e-01  2.932068783708169e-01 -3.502375542713034e-01  2.417518602070861e-03 
-3.462375542713034e-01  1.334544375275841e+00 -3.462375542713034e-01  1.147480515197274e+00 -3.462375542713034e-01  8.804341518540792e-01 -3.462375542713034e-01  2.553437323696555e-01 -3.462375542713034e-01  1.721658437577633e-03 -3.462375542713034e-01  6.036504925995818e-01 -3.462375542713034e-01  2.929985073965951e-01 -3.462375542713034e-01  2.413582772236881e-03 
-3.422375542713034e-01  1.333463871245684e+00 -3.422375542713034e-01  1.148544985216875e+00 -3.422375542713034e-01  8.788281929511050e-01 -3.422375542713034e-01  2.555758975326151e-01 -3.422375542713034e-01  1.725655078257661e-03 -3.422375542713034e-01  6.052174949184230e-01 -3.422375542713034e-01  2.927901181182623e-01 -3.422375542713034e-01  2.409645439233580e-03 
-3.382375542713034e-01  1.332383167740932e+00 -3.382375542713034e-01  1.149609856599326e+00 -3.382375542713034e-01  8.772220636249783e-01 -3.382375542713034e-01  2.558078449064787e-01 -3.382375542713034e-01  1.729652456767380e-03 -3.382375542713034e-01  6.067852440804289e-01 -3.382375542713034e-01  2.925817084508364e-01 -3.382375542713034e-01  2.405706621642488e-03 
-3.342375542713034e-01  1.331302269120745e+00 -3.342375542713034e-01  1.150675124406492e+00 -3.342375542713034e-01  8.756157685196722e-01 -3.342375542713034e-01  2.560395750123539e-01 -3.342375542713034e-01  1.733650556982841e-03 -3.342375542713034e-01  6.083537305848801e-01 -3.342375542713034e-01  2.923732763249820e-01 -3.342375542713034e-01  2.401766337729107e-03 
-3.302375542713034e-01  1.330221179695632e+00 -3.302375542713034e-01  1.151740783713986e+00 -3.302375542713034e-01  8.740093122521121e-01 -3.302375542713034e-01  2.562710883833087e-01 -3.302375542713034e-01  1.737649362960069e-03 -3.302375542713034e-01  6.099229450209385e-01 -3.302375542713034e-01  2.921648196987502e-01 -3.302375542713034e-01  2.397824605708097e-03 
-3.262375542713034e-01  1.329139903749128e+00 -3.262375542713034e-01  1.152806829688576e+00 -3.262375542713034e-01  8.724026994257315e-01 -3.262375542713034e-01  2.565023855600156e-01 -3.262375542713034e-01  1.741648858854869e-03 -3.262375542713034e-01  6.114928781139195e-01 -3.262375542713034e-01  2.919563365438027e-01 -3.262375542713034e-01  2.393881443456920e-03 
-3.222375542713034e-01  1.328058445517692e+00 -3.222375542713034e-01  1.153873257509211e+00 -3.222375542713034e-01  8.707959346180669e-01 -3.222375542713034e-01  2.567334670947406e-01 -3.222375542713034e-01  1.745649028997136e-03 -3.222375542713034e-01  6.130635206752870e-01 -3.222375542713034e-01  2.917478248584292e-01 -3.222375542713034e-01  2.389936868808041e-03 
-3.182375542713034e-01  1.326976809203167e+00 -3.182375542713034e-01  1.154940062409898e+00 -3.182375542713034e-01  8.691890223885927e-01 -3.182375542713034e-01  2.569643335488375e-01 -3.182375542713034e-01  1.749649857844841e-03 -3.182375542713034e-01  6.146348636277013e-01 -3.182375542713034e-01  2.915392826596949e-01 -3.182375542713034e-01  2.385990899390200e-03 
-3.142375542713034e-01  1.325894998977138e+00 -3.142375542713034e-01  1.156007239692534e+00 -3.142375542713034e-01  8.675819672815261e-01 -3.142375542713034e-01  2.571949854918663e-01 -3.142375542713034e-01  1.753651329967861e-03 -3.142375542713034e-01  6.162068980116294e-01 -3.142375542713034e-01  2.913307079807491e-01 -3.142375542713034e-01  2.382043552581051e-03 
-3.102375542713034e-01  1.324813018967085e+00 -3.102375542713034e-01  1.157074784671338e+00 -3.102375542713034e-01  8.659747738173191e-01 -3.102375542713034e-01  2.574254235043272e-01 -3.102375542713034e-01  1.757653430099191e-03 -3.102375542713034e-01  6.177796149497800e-01 -3.102375542713034e-01  2.911220988798685e-01 -3.102375542713034e-01  2.378094845712714e-03 
-3.062375542713034e-01  1.323730873272352e+00 -3.062375542713034e-01  1.158142692729238e+00 -3.062375542713034e-01  8.643674465026711e-01 -3.062375542713034e-01  2.576556481744784e-01 -3.062375542713034e-01  1.761656143075941e-03 -3.062375542713034e-01  6.193530056805944e-01 -3.062375542713034e-01  2.909134534303042e-01 -3.062375542713034e-01  2.374144795863092e-03 
-3.022375542713034e-01  1.322648565954797e+00 -3.022375542713034e-01  1.159210959279375e+00 -3.022375542713034e-01  8.627599898248306e-01 -3.022375542713034e-01  2.578856601001753e-01 -3.022375542713034e-01  1.765659453873838e-03 -3.022375542713034e-01  6.209270615332585e-01 -3.022375542713034e-01  2.907047697264223e-01 -3.022375542713034e-01  2.370193419998363e-03 
-2.982375542713034e-01  1.321566101046004e+00 -2.982375542713034e-01  1.160279579788650e+00 -2.982375542713034e-01  8.611524082561777e-01 -2.982375542713034e-01  2.581154598874340e-01 -2.982375542713034e-01  1.769663347580593e-03 -2.982375542713034e-01  6.225017739409968e-01 -2.982375542713034e-01  2.904960458792004e-01 -2.982375542713034e-01  2.366240734885866e-03 
-2.942375542713034e-01  1.320483482544706e+00 -2.942375542713034e-01  1.161348549764768e+00 -2.942375542713034e-01  8.595447062527239e-01 -2.942375542713034e-01  2.583450481509368e-01 -2.942375542713034e-01  1.773667809405444e-03 -2.942375542713034e-01  6.240771344318853e-01 -2.942375542713034e-01  2.902872800179965e-01 -2.942375542713034e-01  2.362286757142014e-03 
-2.902375542713034e-01  1.319400714410637e+00 -2.902375542713034e-01  1.162417864729731e+00 -2.902375542713034e-01  8.579368882503935e-01 -2.902375542713034e-01  2.585744255152326e-01 -2.902375542713034e-01  1.777672824701879e-03 -2.902375542713034e-01  6.256531346112669e-01 -2.902375542713034e-01  2.900784702946662e-01 -2.902375542713034e-01  2.358331503330316e-03 
-2.862375542713034e-01  1.318317800580658e+00 -2.862375542713034e-01  1.163487520277251e+00 -2.862375542713034e-01  8.563289586751637e-01 -2.862375542713034e-01  2.588035926115528e-01 -2.862375542713034e-01  1.781678378907962e-03 -2.862375542713034e-01  6.272297661960675e-01 -2.862375542713034e-01  2.898696148732535e-01 -2.862375542713034e-01  2.354374989749049e-03 
-2.822375542713034e-01  1.317234744959611e+00 -2.822375542713034e-01  1.164557512035049e+00 -2.822375542713034e-01  8.547209219374952e-01 -2.822375542713034e-01  2.590325500796186e-01 -2.822375542713034e-01  1.785684457580232e-03 -2.822375542713034e-01  6.288070209903724e-01 -2.822375542713034e-01  2.896607119360410e-01 -2.822375542713034e-01  2.350417232570676e-03 
-2.782375542713034e-01  1.316151551421098e+00 -2.782375542713034e-01  1.165627835664675e+00 -2.782375542713034e-01  8.531127824329179e-01 -2.782375542713034e-01  2.592612985674805e-01 -2.782375542713034e-01  1.789691046390740e-03 -2.782375542713034e-01  6.303848908841800e-01 -2.782375542713034e-01  2.894517596831634e-01 -2.782375542713034e-01  2.346458247842569e-03 
-2.742375542713034e-01  1.315068223807746e+00 -2.742375542713034e-01  1.166698486859318e+00 -2.742375542713034e-01  8.515045445423135e-01 -2.742375542713034e-01  2.594898387314695e-01 -2.742375542713034e-01  1.793698131126136e-03 -2.742375542713034e-01  6.319633678509415e-01 -2.742375542713034e-01  2.892427563325685e-01 -2.742375542713034e-01  2.342498051495030e-03 
-2.702375542713034e-01  1.313984765933202e+00 -2.702375542713034e-01  1.167769461348209e+00 -2.702375542713034e-01  8.498962126332807e-01 -2.702375542713034e-01  2.597181712358072e-01 -2.702375542713034e-01  1.797705697680264e-03 -2.702375542713034e-01  6.335424439492120e-01 -2.702375542713034e-01  2.890337001188575e-01 -2.702375542713034e-01  2.338536659325084e-03 
-2.662375542713034e-01  1.312901181588955e+00 -2.662375542713034e-01  1.168840754919281e+00 -2.662375542713034e-01  8.482877910644948e-01 -2.662375542713034e-01  2.599462967512736e-01 -2.662375542713034e-01  1.801713732028901e-03 -2.662375542713034e-01  6.351221113355974e-01 -2.662375542713034e-01  2.888245892889707e-01 -2.662375542713034e-01  2.334574086912584e-03 
-2.622375542713034e-01  1.311817474534305e+00 -2.622375542713034e-01  1.169912363378363e+00 -2.622375542713034e-01  8.466792841795838e-01 -2.622375542713034e-01  2.601742159571835e-01 -2.622375542713034e-01  1.805722220266912e-03 -2.622375542713034e-01  6.367023622384799e-01 -2.622375542713034e-01  2.886154221088329e-01 -2.622375542713034e-01  2.330610349771227e-03 
-2.582375542713033e-01  1.310733648504027e+00 -2.582375542713033e-01  1.170984282575060e+00 -2.582375542713033e-01  8.450706963120339e-01 -2.582375542713033e-01  2.604019295398907e-01 -2.582375542713033e-01  1.809731148579870e-03 -2.582375542713033e-01  6.382831889729947e-01 -2.582375542713033e-01  2.884061968585028e-01 -2.582375542713033e-01  2.326645463252763e-03 
-2.542375542713033e-01  1.309649707198838e+00 -2.542375542713033e-01  1.172056508363914e+00 -2.542375542713033e-01  8.434620317793600e-01 -2.542375542713033e-01  2.606294381946577e-01 -2.542375542713033e-01  1.813740503279302e-03 -2.542375542713033e-01  6.398645839159811e-01 -2.542375542713033e-01  2.881969118385040e-01 -2.542375542713033e-01  2.322679442690711e-03 
-2.502375542713033e-01  1.308565654306288e+00 -2.502375542713033e-01  1.173129036680291e+00 -2.502375542713033e-01  8.418532948962640e-01 -2.502375542713033e-01  2.608567426215989e-01 -2.502375542713033e-01  1.817750270725485e-03 -2.502375542713033e-01  6.414465395519936e-01 -2.502375542713033e-01  2.879875653563378e-01 -2.502375542713033e-01  2.318712303119586e-03 
-2.462375542713033e-01  1.307481493482659e+00 -2.462375542713033e-01  1.174201863469202e+00 -2.462375542713033e-01  8.402444899634762e-01 -2.462375542713033e-01  2.610838435292183e-01 -2.462375542713033e-01  1.821760437394293e-03 -2.462375542713033e-01  6.430290484282477e-01 -2.462375542713033e-01  2.877781557384146e-01 -2.462375542713033e-01  2.314744059538253e-03 
-2.422375542713033e-01  1.306397228354919e+00 -2.422375542713033e-01  1.175274984689890e+00 -2.422375542713033e-01  8.386356212691126e-01 -2.422375542713033e-01  2.613107416340441e-01 -2.422375542713033e-01  1.825770989870085e-03 -2.422375542713033e-01  6.446121031564915e-01 -2.422375542713033e-01  2.875686813289109e-01 -2.422375542713033e-01  2.310774726892954e-03 
-2.382375542713033e-01  1.305312862532604e+00 -2.382375542713033e-01  1.176348396357885e+00 -2.382375542713033e-01  8.370266930961998e-01 -2.382375542713033e-01  2.615374376583333e-01 -2.382375542713033e-01  1.829781914801654e-03 -2.382375542713033e-01  6.461956964381509e-01 -2.382375542713033e-01  2.873591404821345e-01 -2.382375542713033e-01  2.306804319921691e-03 
-2.342375542713033e-01  1.304228399606563e+00 -2.342375542713033e-01  1.177422094537511e+00 -2.342375542713033e-01  8.354177097220533e-01 -2.342375542713033e-01  2.617639323303438e-01 -2.342375542713033e-01  1.833793198906940e-03 -2.342375542713033e-01  6.477798210587632e-01 -2.342375542713033e-01  2.871495315634679e-01 -2.342375542713033e-01  2.302832853182039e-03 
-2.302375542713033e-01  1.303143843128265e+00 -2.302375542713033e-01  1.178496075261042e+00 -2.302375542713033e-01  8.338086754054895e-01 -2.302375542713033e-01  2.619902263883565e-01 -2.302375542713033e-01  1.837804829049538e-03 -2.302375542713033e-01  6.493644698369386e-01 -2.302375542713033e-01  2.869398529630355e-01 -2.302375542713033e-01  2.298860341350037e-03 
-2.262375542713033e-01  1.302059196646972e+00 -2.262375542713033e-01  1.179570334666430e+00 -2.262375542713033e-01  8.321995944101579e-01 -2.262375542713033e-01  2.622163205735039e-01 -2.262375542713033e-01  1.841816792101192e-03 -2.262375542713033e-01  6.509496357088993e-01 -2.262375542713033e-01  2.867301030715010e-01 -2.262375542713033e-01  2.294886798710941e-03 
-2.222375542713033e-01  1.300974463671609e+00 -2.222375542713033e-01  1.180644868850626e+00 -2.222375542713033e-01  8.305904709809033e-01 -2.222375542713033e-01  2.624422156371669e-01 -2.222375542713033e-01  1.845829075082850e-03 -2.222375542713033e-01  6.525353116366260e-01 -2.222375542713033e-01  2.865202803051659e-01 -2.222375542713033e-01  2.290912239701591e-03 
-2.182375542713033e-01  1.299889647705692e+00 -2.182375542713033e-01  1.181719673998900e+00 -2.182375542713033e-01  8.289813093656875e-01 -2.182375542713033e-01  2.626679123342552e-01 -2.182375542713033e-01  1.849841665035502e-03 -2.182375542713033e-01  6.541214906872154e-01 -2.182375542713033e-01  2.863103830832111e-01 -2.182375542713033e-01  2.286936678432148e-03 
-2.142375542713033e-01  1.298804752219618e+00 -2.142375542713033e-01  1.182794746277525e+00 -2.142375542713033e-01  8.273721137984683e-01 -2.142375542713033e-01  2.628934114285776e-01 -2.142375542713033e-01  1.853854549122613e-03 -2.142375542713033e-01  6.557081659654658e-01 -2.142375542713033e-01  2.861004098460085e-01 -2.142375542713033e-01  2.282960129083066e-03 
-2.102375542713033e-01  1.297719780671833e+00 -2.102375542713033e-01  1.183870081911367e+00 -2.102375542713033e-01  8.257628885125312e-01 -2.102375542713033e-01  2.631187136887903e-01 -2.102375542713033e-01  1.857867714551828e-03 -2.102375542713033e-01  6.572953306612069e-01 -2.102375542713033e-01  2.858903590413310e-01 -2.102375542713033e-01  2.278982605618072e-03 
-2.062375542713033e-01  1.296634736501802e+00 -2.062375542713033e-01  1.184945677154613e+00 -2.062375542713033e-01  8.241536377362706e-01 -2.062375542713033e-01  2.633438198897888e-01 -2.062375542713033e-01  1.861881148601047e-03 -2.062375542713033e-01  6.588829780303097e-01 -2.062375542713033e-01  2.856802291291240e-01 -2.062375542713033e-01  2.275004121892438e-03 
-2.022375542713033e-01  1.295549623119434e+00 -2.022375542713033e-01  1.186021528248415e+00 -2.022375542713033e-01  8.225443656867415e-01 -2.022375542713033e-01  2.635687308147603e-01 -2.022375542713033e-01  1.865894838657454e-03 -2.022375542713033e-01  6.604711013675918e-01 -2.022375542713033e-01  2.854700185885807e-01 -2.022375542713033e-01  2.271024691809625e-03 
-1.982375542713033e-01  1.294464443923905e+00 -1.982375542713033e-01  1.187097631489572e+00 -1.982375542713033e-01  8.209350765815575e-01 -1.982375542713033e-01  2.637934472516087e-01 -1.982375542713033e-01  1.869908772147982e-03 -1.982375542713033e-01  6.620596940486831e-01 -1.982375542713033e-01  2.852597259058934e-01 -1.982375542713033e-01  2.267044329067293e-03 
-1.942375542713033e-01  1.293379202300112e+00 -1.942375542713033e-01  1.188173983214672e+00 -1.942375542713033e-01  8.193257746368343e-01 -1.942375542713033e-01  2.640179699936702e-01 -1.942375542713033e-01  1.873922936552328e-03 -1.942375542713033e-01  6.636487495194132e-01 -1.942375542713033e-01  2.850493495767099e-01 -1.942375542713033e-01  2.263063047215904e-03 
-1.902375542713033e-01  1.292293901607205e+00 -1.902375542713033e-01  1.189250579754312e+00 -1.902375542713033e-01  8.177164640602000e-01 -1.902375542713033e-01  2.642422998419457e-01 -1.902375542713033e-01  1.877937319445432e-03 -1.902375542713033e-01  6.652382612666105e-01 -1.902375542713033e-01  2.848388881138295e-01 -1.902375542713033e-01  2.259080859828100e-03 
-1.862375542713033e-01  1.291208545190210e+00 -1.862375542713033e-01  1.190327417474678e+00 -1.862375542713033e-01  8.161071490582070e-01 -1.862375542713033e-01  2.644664376029150e-01 -1.862375542713033e-01  1.881951908454520e-03 -1.862375542713033e-01  6.668282228431942e-01 -1.862375542713033e-01  2.846283400396758e-01 -1.862375542713033e-01  2.255097780344877e-03 
-1.822375542713033e-01  1.290123136376260e+00 -1.822375542713033e-01  1.191404492760917e+00 -1.822375542713033e-01  8.144978338341458e-01 -1.822375542713033e-01  2.646903840892926e-01 -1.822375542713033e-01  1.885966691272956e-03 -1.822375542713033e-01  6.684186278571008e-01 -1.822375542713033e-01  2.844177038889169e-01 -1.822375542713033e-01  2.251113822137073e-03 
-1.782375542713033e-01  1.289037678482825e+00 -1.782375542713033e-01  1.192481802046033e+00 -1.782375542713033e-01  8.128885225933444e-01 -1.782375542713033e-01  2.649141401185040e-01 -1.782375542713033e-01  1.889981655629846e-03 -1.782375542713033e-01  6.700094699885450e-01 -1.782375542713033e-01  2.842069782031442e-01 -1.782375542713033e-01  2.247128998398571e-03 
-1.742375542713033e-01  1.287952174801280e+00 -1.742375542713033e-01  1.193559341746241e+00 -1.742375542713033e-01  8.112792195330935e-01 -1.742375542713033e-01  2.651377065158597e-01 -1.742375542713033e-01  1.893996789350858e-03 -1.742375542713033e-01  6.716007429491058e-01 -1.742375542713033e-01  2.839961615419007e-01 -1.742375542713033e-01  2.243143322385292e-03 
-1.702375542713033e-01  1.286866628615506e+00 -1.702375542713033e-01  1.194637108329213e+00 -1.702375542713033e-01  8.096699288544135e-01 -1.702375542713033e-01  2.653610841110532e-01 -1.702375542713033e-01  1.898012080289350e-03 -1.702375542713033e-01  6.731924405234707e-01 -1.702375542713033e-01  2.837852524704897e-01 -1.702375542713033e-01  2.239156807162849e-03 
-1.662375542713033e-01  1.285781043192471e+00 -1.662375542713033e-01  1.195715098276080e+00 -1.662375542713033e-01  8.080606547563662e-01 -1.662375542713033e-01  2.655842737400019e-01 -1.662375542713033e-01  1.902027516361236e-03 -1.662375542713033e-01  6.747845565451253e-01 -1.662375542713033e-01  2.835742495663567e-01 -1.662375542713033e-01  2.235169465747055e-03 
-1.622375542713033e-01  1.284695421779859e+00 -1.622375542713033e-01  1.196793308070232e+00 -1.622375542713033e-01  8.064514014347393e-01 -1.622375542713033e-01  2.658072762453416e-01 -1.622375542713033e-01  1.906043085553766e-03 -1.622375542713033e-01  6.763770848887063e-01 -1.622375542713033e-01  2.833631514208079e-01 -1.622375542713033e-01  2.231181311145419e-03 
-1.582375542713033e-01  1.283609767622726e+00 -1.582375542713033e-01  1.197871734258222e+00 -1.582375542713033e-01  8.048421730926337e-01 -1.582375542713033e-01  2.660300924733180e-01 -1.582375542713033e-01  1.910058775863902e-03 -1.582375542713033e-01  6.779700195072423e-01 -1.582375542713033e-01  2.831519566280731e-01 -1.582375542713033e-01  2.227192356131758e-03 
-1.542375542713033e-01  1.282524083939896e+00 -1.542375542713033e-01  1.198950373358053e+00 -1.542375542713033e-01  8.032329739259019e-01 -1.542375542713033e-01  2.662527232783108e-01 -1.542375542713033e-01  1.914074575385665e-03 -1.542375542713033e-01  6.795633543744256e-01 -1.542375542713033e-01  2.829406638011512e-01 -1.542375542713033e-01  2.223202613585520e-03 
-1.502375542713033e-01  1.281438373943835e+00 -1.502375542713033e-01  1.200029221932363e+00 -1.502375542713033e-01  8.016238081357505e-01 -1.502375542713033e-01  2.664751695191168e-01 -1.502375542713033e-01  1.918090472236557e-03 -1.502375542713033e-01  6.811570835295224e-01 -1.502375542713033e-01  2.827292715587288e-01 -1.502375542713033e-01  2.219212096221046e-03 
-1.462375542713032e-01  1.280352640836173e+00 -1.462375542713032e-01  1.201108276569324e+00 -1.462375542713032e-01  8.000146799261245e-01 -1.462375542713032e-01  2.666974320598581e-01 -1.462375542713032e-01  1.922106454574182e-03 -1.462375542713032e-01  6.827512010648540e-01 -1.462375542713032e-01  2.825177785282879e-01 -1.462375542713032e-01  2.215220816658233e-03 
-1.422375542713032e-01  1.279266887804796e+00 -1.422375542713032e-01  1.202187533869384e+00 -1.422375542713032e-01  7.984055935020821e-01 -1.422375542713032e-01  2.669195117705834e-01 -1.422375542713032e-01  1.926122510606959e-03 -1.422375542713032e-01  6.843457011169343e-01 -1.422375542713032e-01  2.823061833482022e-01 -1.422375542713032e-01  2.211228787471581e-03 
-1.382375542713032e-01  1.278181118024131e+00 -1.382375542713032e-01  1.203266990444283e+00 -1.382375542713032e-01  7.967965530701826e-01 -1.382375542713032e-01  2.671414095272718e-01 -1.382375542713032e-01  1.930138628593132e-03 -1.382375542713032e-01  6.859405778652433e-01 -1.382375542713032e-01  2.820944846676843e-01 -1.382375542713032e-01  2.207236021193810e-03 
-1.342375542713032e-01  1.277095334653188e+00 -1.342375542713032e-01  1.204346642907455e+00 -1.342375542713032e-01  7.951875628374363e-01 -1.342375542713032e-01  2.673631262122523e-01 -1.342375542713032e-01  1.934154796847914e-03 -1.342375542713032e-01  6.875358255256420e-01 -1.342375542713032e-01  2.818826811482557e-01 -1.342375542713032e-01  2.203242530351363e-03 
-1.302375542713032e-01  1.276009540853159e+00 -1.302375542713032e-01  1.205426487938792e+00 -1.302375542713032e-01  7.935786270225123e-01 -1.302375542713032e-01  2.675846627109613e-01 -1.302375542713032e-01  1.938171003678505e-03 -1.302375542713032e-01  6.891314383901355e-01 -1.302375542713032e-01  2.816707714521090e-01 -1.302375542713032e-01  2.199248327224900e-03 
-1.262375542713032e-01  1.274923739759972e+00 -1.262375542713032e-01  1.206506522178323e+00 -1.262375542713032e-01  7.919697498387901e-01 -1.262375542713032e-01  2.678060199171564e-01 -1.262375542713032e-01  1.942187237485501e-03 -1.262375542713032e-01  6.907274107600584e-01 -1.262375542713032e-01  2.814587542606298e-01 -1.262375542713032e-01  2.195253424242488e-03 
-1.222375542713032e-01  1.273837934511894e+00 -1.222375542713032e-01  1.207586742328991e+00 -1.222375542713032e-01  7.903609355118137e-01 -1.222375542713032e-01  2.680271987278007e-01 -1.222375542713032e-01  1.946203486660896e-03 -1.222375542713032e-01  6.923237370095394e-01 -1.222375542713032e-01  2.812466282560581e-01 -1.222375542713032e-01  2.191257833599529e-03 
-1.182375542713032e-01  1.272752128229264e+00 -1.182375542713032e-01  1.208667145077648e+00 -1.182375542713032e-01  7.887521882668306e-01 -1.182375542713032e-01  2.682482000469242e-01 -1.182375542713032e-01  1.950219739662952e-03 -1.182375542713032e-01  6.939204115357225e-01 -1.182375542713032e-01  2.810343921352162e-01 -1.182375542713032e-01  2.187261567550894e-03 
-1.142375542713032e-01  1.271666324024251e+00 -1.142375542713032e-01  1.209747727130037e+00 -1.142375542713032e-01  7.871435123351083e-01 -1.142375542713032e-01  2.684690247838624e-01 -1.142375542713032e-01  1.954235984980171e-03 -1.142375542713032e-01  6.955174287800038e-01 -1.142375542713032e-01  2.808220446031331e-01 -1.142375542713032e-01  2.183264638281594e-03 
-1.102375542713032e-01  1.270580525007178e+00 -1.102375542713032e-01  1.210828485232828e+00 -1.102375542713032e-01  7.855349119580946e-01 -1.102375542713032e-01  2.686896738521412e-01 -1.102375542713032e-01  1.958252211107877e-03 -1.102375542713032e-01  6.971147832412257e-01 -1.102375542713032e-01  2.806095843689342e-01 -1.102375542713032e-01  2.179267057825275e-03 
-1.062375542713032e-01  1.269494734275336e+00 -1.062375542713032e-01  1.211909416129147e+00 -1.062375542713032e-01  7.839263913806485e-01 -1.062375542713032e-01  2.689101481716414e-01 -1.062375542713032e-01  1.962268406589615e-03 -1.062375542713032e-01  6.987124694474441e-01 -1.062375542713032e-01  2.803970101535060e-01 -1.062375542713032e-01  2.175268838228699e-03 
-1.022375542713032e-01  1.268408954910658e+00 -1.022375542713032e-01  1.212990516547674e+00 -1.022375542713032e-01  7.823179548498049e-01 -1.022375542713032e-01  2.691304486690943e-01 -1.022375542713032e-01  1.966284560025727e-03 -1.022375542713032e-01  7.003104819485906e-01 -1.022375542713032e-01  2.801843206912441e-01 -1.022375542713032e-01  2.171269991592009e-03 
-9.823755427130321e-02  1.267323190001741e+00 -9.823755427130321e-02  1.214071783284467e+00 -9.823755427130321e-02  7.807096066287611e-01 -9.823755427130321e-02  2.693505762740512e-01 -9.823755427130321e-02  1.970300659991912e-03 -9.823755427130321e-02  7.019088153669775e-01 -9.823755427130321e-02  2.799715147153515e-01 -9.823755427130321e-02  2.167270529766170e-03 
-9.423755427130320e-02  1.266237442621517e+00 -9.423755427130320e-02  1.215153213116009e+00 -9.423755427130320e-02  7.791013509831496e-01 -9.423755427130320e-02  2.695705319231186e-01 -9.423755427130320e-02  1.974316695121778e-03 -9.423755427130320e-02  7.035074643425776e-01 -9.423755427130320e-02  2.797585909730643e-01 -9.423755427130320e-02  2.163270464674573e-03 
-9.023755427130320e-02  1.265151715836854e+00 -9.023755427130320e-02  1.216234802833819e+00 -9.023755427130320e-02  7.774931921872740e-01 -9.023755427130320e-02  2.697903165582458e-01 -9.023755427130320e-02  1.978332654071408e-03 -9.023755427130320e-02  7.051064235541140e-01 -9.023755427130320e-02  2.795455482193254e-01 -9.023755427130320e-02  2.159269808184930e-03 
-8.623755427130320e-02  1.264066012707510e+00 -8.623755427130320e-02  1.217316549238535e+00 -8.623755427130320e-02  7.758851345236757e-01 -8.623755427130320e-02  2.700099311269932e-01 -8.623755427130320e-02  1.982348525523140e-03 -8.623755427130320e-02  7.067056877148730e-01 -8.623755427130320e-02  2.793323852176579e-01 -8.623755427130320e-02  2.155268572131269e-03 
-8.223755427130319e-02  1.262980336291597e+00 -8.223755427130319e-02  1.218398449158706e+00 -8.223755427130319e-02  7.742771822868033e-01 -8.223755427130319e-02  2.702293765816028e-01 -8.223755427130319e-02  1.986364298165461e-03 -8.223755427130319e-02  7.083052515839424e-01 -8.223755427130319e-02  2.791191007366337e-01 -8.223755427130319e-02  2.151266768244347e-03 
-7.823755427130319e-02  1.261894689639694e+00 -7.823755427130319e-02  1.219480499426584e+00 -7.823755427130319e-02  7.726693397795613e-01 -7.823755427130319e-02  2.704486538801650e-01 -7.823755427130319e-02  1.990379960714655e-03 -7.823755427130319e-02  7.099051099506549e-01 -7.823755427130319e-02  2.789056935540041e-01 -7.823755427130319e-02  2.147264408241276e-03 
-7.423755427130319e-02  1.260809075796752e+00 -7.423755427130319e-02  1.220562696883366e+00 -7.423755427130319e-02  7.710616113147466e-01 -7.423755427130319e-02  2.706677639863527e-01 -7.423755427130319e-02  1.994395501907871e-03 -7.423755427130319e-02  7.115052576373763e-01 -7.423755427130319e-02  2.786921624555890e-01 -7.423755427130319e-02  2.143261503806014e-03 
-7.023755427130318e-02  1.259723497800526e+00 -7.023755427130318e-02  1.221645038371388e+00 -7.023755427130318e-02  7.694540012143231e-01 -7.023755427130318e-02  2.708867078697909e-01 -7.023755427130318e-02  1.998410910508862e-03 -7.023755427130318e-02  7.131056894941925e-01 -7.023755427130318e-02  2.784785062365065e-01 -7.023755427130318e-02  2.139258066618366e-03 
-6.623755427130318e-02  1.258637958687078e+00 -6.623755427130318e-02  1.222727520753120e+00 -6.623755427130318e-02  7.678465138131025e-01 -6.623755427130318e-02  2.711054865051238e-01 -6.623755427130318e-02  2.002426175287617e-03 -6.623755427130318e-02  7.147064004102914e-01 -6.623755427130318e-02  2.782647236976087e-01 -6.623755427130318e-02  2.135254108283614e-03 
-6.223755427130317e-02  1.257552461490895e+00 -6.223755427130317e-02  1.223810140909795e+00 -6.223755427130317e-02  7.662391534590780e-01 -6.223755427130317e-02  2.713241008720850e-01 -6.223755427130317e-02  2.006441285019976e-03 -6.223755427130317e-02  7.163073853126898e-01 -6.223755427130317e-02  2.780508136455584e-01 -6.223755427130317e-02  2.131249640337687e-03 
-5.823755427130317e-02  1.256467009241118e+00 -5.823755427130317e-02  1.224892895725102e+00 -5.823755427130317e-02  7.646319245113274e-01 -5.823755427130317e-02  2.715425519562826e-01 -5.823755427130317e-02  2.010456228501557e-03 -5.823755427130317e-02  7.179086391556017e-01 -5.823755427130317e-02  2.778367748955738e-01 -5.823755427130317e-02  2.127244674307389e-03 
-5.423755427130317e-02  1.255381604959001e+00 -5.423755427130317e-02  1.225975782073758e+00 -5.423755427130317e-02  7.630248313386851e-01 -5.423755427130317e-02  2.717608407497544e-01 -5.423755427130317e-02  2.014470994557161e-03 -5.423755427130317e-02  7.195101569128939e-01 -5.423755427130317e-02  2.776226062733242e-01 -5.423755427130317e-02  2.123239221752736e-03 
-5.023755427130316e-02  1.254296251667930e+00 -5.023755427130316e-02  1.227058796857644e+00 -5.023755427130316e-02  7.614178783262694e-01 -5.023755427130316e-02  2.719789682492132e-01 -5.023755427130316e-02  2.018485572003652e-03 -5.023755427130316e-02  7.211119336002005e-01 -5.023755427130316e-02  2.774083066083000e-01 -5.023755427130316e-02  2.119233294133235e-03 
-4.623755427130316e-02  1.253210952388683e+00 -4.623755427130316e-02  1.228141936986048e+00 -4.623755427130316e-02  7.598110698727907e-01 -4.623755427130316e-02  2.721969354570207e-01 -4.623755427130316e-02  2.022499949667605e-03 -4.623755427130316e-02  7.227139642621981e-01 -4.623755427130316e-02  2.771938747371941e-01 -4.623755427130316e-02  2.115226902881049e-03 
-4.223755427130316e-02  1.252125710139541e+00 -4.223755427130316e-02  1.229225199374127e+00 -4.223755427130316e-02  7.582044103908936e-01 -4.223755427130316e-02  2.724147433812565e-01 -4.223755427130316e-02  2.026514116384764e-03 -4.223755427130316e-02  7.243162439712175e-01 -4.223755427130316e-02  2.769793095040211e-01 -4.223755427130316e-02  2.111220059406588e-03 
-3.823755427130315e-02  1.251040527937048e+00 -3.823755427130315e-02  1.230308580944001e+00 -3.823755427130315e-02  7.565979043079125e-01 -3.823755427130315e-02  2.726323930356837e-01 -3.823755427130315e-02  2.030528060997373e-03 -3.823755427130315e-02  7.259187678275378e-01 -3.823755427130315e-02  2.767646097597730e-01 -3.823755427130315e-02  2.107212775094510e-03 
-3.423755427130315e-02  1.249955408792250e+00 -3.423755427130315e-02  1.231392078608636e+00 -3.423755427130315e-02  7.549915560637994e-01 -3.423755427130315e-02  2.728498854405293e-01 -3.423755427130315e-02  2.034541772367955e-03 -3.423755427130315e-02  7.275215309489316e-01 -3.423755427130315e-02  2.765497743651755e-01 -3.423755427130315e-02  2.103205061363371e-03 
-3.023755427130315e-02  1.248870355724124e+00 -3.023755427130315e-02  1.232475689321035e+00 -3.023755427130315e-02  7.533853701198059e-01 -3.023755427130315e-02  2.730672216201313e-01 -3.023755427130315e-02  2.038555239329705e-03 -3.023755427130315e-02  7.291245285009744e-01 -3.023755427130315e-02  2.763348021816865e-01 -3.023755427130315e-02  2.099196929483579e-03 
-2.623755427130315e-02  1.247785371744637e+00 -2.623755427130315e-02  1.233559410015622e+00 -2.623755427130315e-02  7.517793509494330e-01 -2.623755427130315e-02  2.732844026057792e-01 -2.623755427130315e-02  2.042568450741786e-03 -2.623755427130315e-02  7.307277556600764e-01 -2.623755427130315e-02  2.761196920819040e-01 -2.623755427130315e-02  2.095188390794315e-03 
-2.223755427130315e-02  1.246700459867633e+00 -2.223755427130315e-02  1.234643237640191e+00 -2.223755427130315e-02  7.501735030442829e-01 -2.223755427130315e-02  2.735014294341878e-01 -2.223755427130315e-02  2.046581395456360e-03 -2.223755427130315e-02  7.323312076330488e-01 -2.223755427130315e-02  2.759044429436711e-01 -2.223755427130315e-02  2.091179456585266e-03 
-1.823755427130315e-02  1.245615623105304e+00 -1.823755427130315e-02  1.235727169140671e+00 -1.823755427130315e-02  7.485678309121511e-01 -1.823755427130315e-02  2.737183031482547e-01 -1.823755427130315e-02  2.050594062331746e-03 -1.823755427130315e-02  7.339348796472286e-01 -1.823755427130315e-02  2.756890536526898e-01 -1.823755427130315e-02  2.087170138153036e-03 
-1.423755427130315e-02  1.244530864473016e+00 -1.423755427130315e-02  1.236811201477634e+00 -1.423755427130315e-02  7.469623390803448e-01 -1.423755427130315e-02  2.739350247962852e-01 -1.423755427130315e-02  2.054606440214499e-03 -1.423755427130315e-02  7.355387669604045e-01 -1.423755427130315e-02  2.754735230994039e-01 -1.423755427130315e-02  2.083160446740072e-03 
-1.023755427130315e-02  1.243446186982931e+00 -1.023755427130315e-02  1.237895331600282e+00 -1.023755427130315e-02  7.453570320920019e-01 -1.023755427130315e-02  2.741515954332693e-01 -1.023755427130315e-02  2.058618517963047e-03 -1.023755427130315e-02  7.371428648442314e-01 -1.023755427130315e-02  2.752578501835658e-01 -1.023755427130315e-02  2.079150393630869e-03 
-6.237554271303149e-03  1.242361593658946e+00 -6.237554271303149e-03  1.238979556501399e+00 -6.237554271303149e-03  7.437519145157478e-01 -6.237554271303149e-03  2.743680161182725e-01 -6.237554271303149e-03  2.062630284392384e-03 -6.237554271303149e-03  7.387471686181826e-01 -6.237554271303149e-03  2.750420338041609e-01 -6.237554271303149e-03  2.075139989948710e-03 
-2.237554271303149e-03  1.241277087509721e+00 -2.237554271303149e-03  1.240063873112870e+00 -2.237554271303149e-03  7.421469909291527e-01 -2.237554271303149e-03  2.745842879194602e-01 -2.237554271303149e-03  2.066641728373877e-03 -2.237554271303149e-03  7.403516735839577e-01 -2.237554271303149e-03  2.748260728781974e-01 -2.237554271303149e-03  2.071129247042158e-03 
 1.762445728696851e-03  1.240192671089039e+00  1.762445728696851e-03  1.241148278907986e+00  1.762445728696851e-03  7.405422652392769e-01  1.762445728696851e-03  2.748004120024030e-01  1.762445728696851e-03  2.070652840461430e-03  1.762445728696851e-03  7.419563758066160e-01  1.762445728696851e-03  2.746099662228506e-01  1.762445728696851e-03  2.067118174257169e-03 
 5.762445728696851e-03  1.239108343776994e+00  5.762445728696851e-03  1.242232774508109e+00  5.762445728696851e-03  7.389377366806648e-01  5.762445728696851e-03  2.750163901708798e-01  5.762445728696851e-03  2.074663622947974e-03  5.762445728696851e-03  7.435612760498808e-01  5.762445728696851e-03  2.743937120334443e-01  5.762445728696851e-03  2.063106769295397e-03 
 9.762445728696851e-03  1.238024107829692e+00  9.762445728696851e-03  1.243317357627722e+00  9.762445728696851e-03  7.373334087689014e-01  9.762445728696851e-03  2.752322236612137e-01  9.762445728696851e-03  2.078674067488497e-03  9.762445728696851e-03  7.451663708198665e-01  9.762445728696851e-03  2.741773090898174e-01  9.762445728696851e-03  2.059095040610679e-03 
 1.376244572869685e-02  1.236939966285776e+00  1.376244572869685e-02  1.244402025278309e+00  1.376244572869685e-02  7.357292861815026e-01  1.376244572869685e-02  2.754479135609131e-01  1.376244572869685e-02  2.082684162843460e-03  1.376244572869685e-02  7.467716555493731e-01  1.376244572869685e-02  2.739607563193844e-01  1.376244572869685e-02  2.055082999257127e-03 
 1.776244572869685e-02  1.235855922178975e+00  1.776244572869685e-02  1.245486774440179e+00  1.776244572869685e-02  7.341253736131248e-01  1.776244572869685e-02  2.756634609653551e-01  1.776244572869685e-02  2.086693897791488e-03  1.776244572869685e-02  7.483771256702271e-01  1.776244572869685e-02  2.737440526615640e-01  1.776244572869685e-02  2.051070656404184e-03 
 2.176244572869685e-02  1.234771978541296e+00  2.176244572869685e-02  1.246571602072814e+00  2.176244572869685e-02  7.325216757779142e-01  2.176244572869685e-02  2.758788669773349e-01  2.176244572869685e-02  2.090703261117605e-03  2.176244572869685e-02  7.499827766194365e-01  2.176244572869685e-02  2.735271970658020e-01  2.176244572869685e-02  2.047058023298322e-03 
 2.576244572869685e-02  1.233688138421747e+00  2.576244572869685e-02  1.247656505184296e+00  2.576244572869685e-02  7.309181974215534e-01  2.576244572869685e-02  2.760941327038088e-01  2.576244572869685e-02  2.094712241543915e-03  2.576244572869685e-02  7.515886038822370e-01  2.576244572869685e-02  2.733101884788018e-01  2.576244572869685e-02  2.043045111006250e-03 
 2.976244572869685e-02  1.232604404869333e+00  2.976244572869685e-02  1.248741480764746e+00  2.976244572869685e-02  7.293149433109952e-01  2.976244572869685e-02  2.763092592591066e-01  2.976244572869685e-02  2.098720827792576e-03  2.976244572869685e-02  7.531946029502149e-01  2.976244572869685e-02  2.730930258565345e-01  2.976244572869685e-02  2.039031930661096e-03 
 3.376244572869685e-02  1.231520780932255e+00  3.376244572869685e-02  1.249826525781430e+00  3.376244572869685e-02  7.277119182343336e-01  3.376244572869685e-02  2.765242477652043e-01  3.376244572869685e-02  2.102729008588692e-03  3.376244572869685e-02  7.548007693179376e-01  3.376244572869685e-02  2.728757081650428e-01  3.376244572869685e-02  2.035018493480551e-03 
 3.776244572869686e-02  1.230437269671855e+00  3.776244572869686e-02  1.250911637229999e+00  3.776244572869686e-02  7.261091270098720e-01  3.776244572869686e-02  2.767390993493489e-01  3.776244572869686e-02  2.106736772608767e-03  3.776244572869686e-02  7.564070985146633e-01  3.776244572869686e-02  2.726582343709690e-01  3.776244572869686e-02  2.031004810577296e-03 
 4.176244572869686e-02  1.229353874154480e+00  4.176244572869686e-02  1.251996812101688e+00  4.176244572869686e-02  7.245065744814280e-01  4.176244572869686e-02  2.769538151456661e-01  4.176244572869686e-02  2.110744108510774e-03  4.176244572869686e-02  7.580135860835688e-01  4.176244572869686e-02  2.724406034474369e-01  4.176244572869686e-02  2.026990893080359e-03 
 4.576244572869687e-02  1.228270597451731e+00  4.576244572869687e-02  1.253082047382379e+00  4.576244572869687e-02  7.229042655188744e-01  4.576244572869687e-02  2.771683962952603e-01  4.576244572869687e-02  2.114751004933313e-03  4.576244572869687e-02  7.596202275808493e-01  4.576244572869687e-02  2.722228143741227e-01  4.576244572869687e-02  2.022976752138561e-03 
 4.976244572869687e-02  1.227187442639495e+00  4.976244572869687e-02  1.254167340047061e+00  4.976244572869687e-02  7.213022050179039e-01  4.976244572869687e-02  2.773828439465257e-01  4.976244572869687e-02  2.118757450499028e-03  4.976244572869687e-02  7.612270185719903e-01  4.976244572869687e-02  2.720048661381756e-01  4.976244572869687e-02  2.018962398941021e-03 
 5.376244572869687e-02  1.226104412802396e+00  5.376244572869687e-02  1.255252687074869e+00  5.376244572869687e-02  7.197003979032260e-01  5.376244572869687e-02  2.775971592545025e-01  5.376244572869687e-02  2.122763433798362e-03  5.376244572869687e-02  7.628339546408759e-01  5.376244572869687e-02  2.717867577313588e-01  5.376244572869687e-02  2.014947844661490e-03 
 5.776244572869688e-02  1.225021511038165e+00  5.776244572869688e-02  1.256338085463907e+00  5.776244572869688e-02  7.180988491316773e-01  5.776244572869688e-02  2.778113433802363e-01  5.776244572869688e-02  2.126768943373175e-03  5.776244572869688e-02  7.644410313987631e-01  5.776244572869688e-02  2.715684881472225e-01  5.776244572869688e-02  2.010933100403617e-03 
 6.176244572869688e-02  1.223938740443631e+00  6.176244572869688e-02  1.257423532175990e+00  6.176244572869688e-02  7.164975636838903e-01  6.176244572869688e-02  2.780253974934493e-01  6.176244572869688e-02  2.130773967768736e-03  6.176244572869688e-02  7.660482444494969e-01  6.176244572869688e-02  2.713500563911626e-01  6.176244572869688e-02  2.006918177405211e-03 
 6.576244572869688e-02  1.222856104128554e+00  6.576244572869688e-02  1.258509024187400e+00  6.576244572869688e-02  7.148965465733471e-01  6.576244572869688e-02  2.782393227702104e-01  6.576244572869688e-02  2.134778495482447e-03  6.576244572869688e-02  7.676555894209416e-01  6.576244572869688e-02  2.711314614710033e-01  6.576244572869688e-02  2.002903086850644e-03 
 6.976244572869689e-02  1.221773605212884e+00  6.976244572869689e-02  1.259594558476557e+00  6.976244572869689e-02  7.132958028450801e-01  6.976244572869689e-02  2.784531203935882e-01  6.976244572869689e-02  2.138782514974031e-03  6.976244572869689e-02  7.692630619570113e-01  6.976244572869689e-02  2.709127023991567e-01  6.976244572869689e-02  1.998887839916293e-03 
 7.376244572869689e-02  1.220691246824822e+00  7.376244572869689e-02  1.260680132014751e+00  7.376244572869689e-02  7.116953375748902e-01  7.376244572869689e-02  2.786667915541587e-01  7.376244572869689e-02  2.142786014672691e-03  7.376244572869689e-02  7.708706577116238e-01  7.376244572869689e-02  2.706937781942462e-01  7.376244572869689e-02  1.994872447804976e-03 
 7.776244572869689e-02  1.219609032098790e+00  7.776244572869689e-02  1.261765741756449e+00  7.776244572869689e-02  7.100951558685220e-01  7.776244572869689e-02  2.788803374505279e-01  7.776244572869689e-02  2.146788982984605e-03  7.776244572869689e-02  7.724783723423809e-01  7.776244572869689e-02  2.704746878828109e-01  7.776244572869689e-02  1.990856921781719e-03 
 8.176244572869690e-02  1.218526964185966e+00  8.176244572869690e-02  1.262851384677436e+00  8.176244572869690e-02  7.084952628686687e-01  8.176244572869690e-02  2.790937592876203e-01  8.176244572869690e-02  2.150791408253990e-03  8.176244572869690e-02  7.740862015341357e-01  8.176244572869690e-02  2.702554304921660e-01  8.176244572869690e-02  1.986841273032685e-03 
 8.576244572869690e-02  1.217445046239769e+00  8.576244572869690e-02  1.263937057717709e+00  8.576244572869690e-02  7.068956637463742e-01  8.576244572869690e-02  2.793070582794368e-01  8.576244572869690e-02  2.154793278816778e-03  8.576244572869690e-02  7.756941409630815e-01  8.576244572869690e-02  2.700360050608802e-01  8.576244572869690e-02  1.982825512876413e-03 
 8.976244572869690e-02  1.216363281430604e+00  8.976244572869690e-02  1.265022757835534e+00  8.976244572869690e-02  7.052963637106803e-01  8.976244572869690e-02  2.795202356465946e-01  8.976244572869690e-02  2.158794582946046e-03  8.976244572869690e-02  7.773021863302604e-01  8.976244572869690e-02  2.698164106286896e-01  8.976244572869690e-02  1.978809652563881e-03 
 9.376244572869691e-02  1.215281672935648e+00  9.376244572869691e-02  1.266108481966691e+00  9.376244572869691e-02  7.036973680027245e-01  9.376244572869691e-02  2.797332926183267e-01  9.376244572869691e-02  2.162795308889864e-03  9.376244572869691e-02  7.789103333358578e-01  9.376244572869691e-02  2.695966462439637e-01  9.376244572869691e-02  1.974793703429227e-03 
 9.776244572869691e-02  1.214200223948382e+00  9.776244572869691e-02  1.267194227058705e+00  9.776244572869691e-02  7.020986819021540e-01  9.776244572869691e-02  2.799462304309573e-01  9.776244572869691e-02  2.166795444835942e-03  9.776244572869691e-02  7.805185777003569e-01  9.776244572869691e-02  2.693767109572739e-01  9.776244572869691e-02  1.970777676763144e-03 
 1.017624457286969e-01  1.213118937672918e+00  1.017624457286969e-01  1.268279990047241e+00  1.017624457286969e-01  7.005003107240703e-01  1.017624457286969e-01  2.801590503290980e-01  1.017624457286969e-01  2.170794978932713e-03  1.017624457286969e-01  7.821269151495412e-01  1.017624457286969e-01  2.691566038256945e-01  1.017624457286969e-01  1.966761583900208e-03 
 1.057624457286969e-01  1.212037817323252e+00  1.057624457286969e-01  1.269365767851301e+00  1.057624457286969e-01  6.989022598190443e-01  1.057624457286969e-01  2.803717535659599e-01  1.057624457286969e-01  2.174793899292022e-03  1.057624457286969e-01  7.837353414112698e-01  1.057624457286969e-01  2.689363239136219e-01  1.057624457286969e-01  1.962745436236600e-03 
 1.097624457286969e-01  1.210956866130554e+00  1.097624457286969e-01  1.270451557398918e+00  1.097624457286969e-01  6.973045345781681e-01  1.097624457286969e-01  2.805843414022479e-01  1.097624457286969e-01  2.178792193962205e-03  1.097624457286969e-01  7.853438522313020e-01  1.097624457286969e-01  2.687158702879198e-01  1.097624457286969e-01  1.958729245135148e-03 
 1.137624457286969e-01  1.209876087335686e+00  1.137624457286969e-01  1.271537355596589e+00  1.137624457286969e-01  6.957071404288893e-01  1.137624457286969e-01  2.807968151076791e-01  1.137624457286969e-01  2.182789850955766e-03  1.137624457286969e-01  7.869524433539552e-01  1.137624457286969e-01  2.684952420235337e-01  1.137624457286969e-01  1.954713022038300e-03 
 1.177624457286969e-01  1.208795484195288e+00  1.177624457286969e-01  1.272623159350474e+00  1.177624457286969e-01  6.941100828393122e-01  1.177624457286969e-01  2.810091759600944e-01  1.177624457286969e-01  2.186786858226804e-03  1.177624457286969e-01  7.885611105351400e-01  1.177624457286969e-01  2.682744381994697e-01  1.177624457286969e-01  1.950696778389746e-03 
 1.217624457286969e-01  1.207715059978005e+00  1.217624457286969e-01  1.273708965549857e+00  1.217624457286969e-01  6.925133673163746e-01  1.217624457286969e-01  2.812214252463260e-01  1.217624457286969e-01  2.190783203685045e-03  1.217624457286969e-01  7.901698495318049e-01  1.217624457286969e-01  2.680534579018133e-01  1.217624457286969e-01  1.946680525695613e-03 
 1.257624457286969e-01  1.206634817969169e+00  1.257624457286969e-01  1.274794771082926e+00  1.257624457286969e-01  6.909169994092995e-01  1.257624457286969e-01  2.814335642615668e-01  1.257624457286969e-01  2.194778875178459e-03  1.257624457286969e-01  7.917786561115746e-01  1.257624457286969e-01  2.678323002207116e-01  1.257624457286969e-01  1.942664275466085e-03 
 1.297624457286969e-01  1.205554761470365e+00  1.297624457286969e-01  1.275880572832975e+00  1.297624457286969e-01  6.893209847098500e-01  1.297624457286969e-01  2.816455943096549e-01  1.297624457286969e-01  2.198773860494959e-03  1.297624457286969e-01  7.933875260501522e-01  1.297624457286969e-01  2.676109642510071e-01  1.297624457286969e-01  1.938648039229428e-03 
 1.337624457286969e-01  1.204474893796921e+00  1.337624457286969e-01  1.276966367666764e+00  1.337624457286969e-01  6.877253288513303e-01  1.337624457286969e-01  2.818575167037195e-01  1.337624457286969e-01  2.202768147371556e-03  1.337624457286969e-01  7.949964551238549e-01  1.337624457286969e-01  2.673894490943587e-01  1.337624457286969e-01  1.934631828575108e-03 
 1.377624457286969e-01  1.203395218277939e+00  1.377624457286969e-01  1.278052152432457e+00  1.377624457286969e-01  6.861300375091536e-01  1.377624457286969e-01  2.820693327663892e-01  1.377624457286969e-01  2.206761723494367e-03  1.377624457286969e-01  7.966054391081059e-01  1.377624457286969e-01  2.671677538595667e-01  1.377624457286969e-01  1.930615655161326e-03 
 1.417624457286970e-01  1.202315738267371e+00  1.417624457286970e-01  1.279137923999604e+00  1.417624457286970e-01  6.845351164083074e-01  1.417624457286970e-01  2.822810438280507e-01  1.417624457286970e-01  2.210754576457578e-03  1.417624457286970e-01  7.982144738022019e-01  1.417624457286970e-01  2.669458776549952e-01  1.417624457286970e-01  1.926599530567200e-03 
 1.457624457286970e-01  1.201236457124006e+00  1.457624457286970e-01  1.280223679180776e+00  1.457624457286970e-01  6.829405713114703e-01  1.457624457286970e-01  2.824926512305935e-01  1.457624457286970e-01  2.214746693837437e-03  1.457624457286970e-01  7.998235549801677e-01  1.457624457286970e-01  2.667238196032461e-01  1.457624457286970e-01  1.922583466582614e-03 
 1.497624457286970e-01  1.200157378236170e+00  1.497624457286970e-01  1.281309414823382e+00  1.497624457286970e-01  6.813464080349786e-01  1.497624457286970e-01  2.827041563232838e-01  1.497624457286970e-01  2.218738063101011e-03  1.497624457286970e-01  8.014326784478982e-01  1.497624457286970e-01  2.665015788238234e-01  1.497624457286970e-01  1.918567474868569e-03 
 1.537624457286970e-01  1.199078505000305e+00  1.537624457286970e-01  1.282395127725900e+00  1.537624457286970e-01  6.797526324360865e-01  1.537624457286970e-01  2.829155604667573e-01  1.537624457286970e-01  2.222728671685298e-03  1.537624457286970e-01  8.030418399906527e-01  1.537624457286970e-01  2.662791544488488e-01  1.537624457286970e-01  1.914551567267077e-03 
 1.577624457286970e-01  1.197999840839729e+00  1.577624457286970e-01  1.283480814707041e+00  1.577624457286970e-01  6.781592504252481e-01  1.577624457286970e-01  2.831268650299508e-01  1.577624457286970e-01  2.226718506927900e-03  1.577624457286970e-01  8.046510354160442e-01  1.577624457286970e-01  2.660565456099680e-01  1.577624457286970e-01  1.910535755545310e-03 
 1.617624457286970e-01  1.196921389188680e+00  1.617624457286970e-01  1.284566472542707e+00  1.617624457286970e-01  6.765662679568046e-01  1.617624457286970e-01  2.833380713931386e-01  1.617624457286970e-01  2.230707556126022e-03  1.617624457286970e-01  8.062602605144862e-01  1.617624457286970e-01  2.658337514501908e-01  1.617624457286970e-01  1.906520051628759e-03 
 1.657624457286970e-01  1.195843153505260e+00  1.657624457286970e-01  1.285652098013002e+00  1.657624457286970e-01  6.749736910376708e-01  1.657624457286970e-01  2.835491809458977e-01  1.657624457286970e-01  2.234695806488626e-03  1.657624457286970e-01  8.078695110883592e-01  1.657624457286970e-01  2.656107711149656e-01  1.657624457286970e-01  1.902504467427406e-03 
 1.697624457286970e-01  1.194765137267398e+00  1.697624457286970e-01  1.286737687884509e+00  1.697624457286970e-01  6.733815257254552e-01  1.697624457286970e-01  2.837601950880552e-01  1.697624457286970e-01  2.238683245151307e-03  1.697624457286970e-01  8.094787829407519e-01  1.697624457286970e-01  2.653876037554670e-01  1.697624457286970e-01  1.898489014901218e-03 
 1.737624457286970e-01  1.193687343970075e+00  1.737624457286970e-01  1.287823238897382e+00  1.737624457286970e-01  6.717897781273878e-01  1.737624457286970e-01  2.839711152304218e-01  1.737624457286970e-01  2.242669859186581e-03  1.737624457286970e-01  8.110880718672326e-01  1.737624457286970e-01  2.651642485310010e-01  1.737624457286970e-01  1.894473706107939e-03 
 1.777624457286970e-01  1.192609777135641e+00  1.777624457286970e-01  1.288908747802321e+00  1.777624457286970e-01  6.701984544073882e-01  1.777624457286970e-01  2.841819427932355e-01  1.777624457286970e-01  2.246655635565759e-03  1.777624457286970e-01  8.126973736787344e-01  1.777624457286970e-01  2.649407046019334e-01  1.777624457286970e-01  1.890458553066282e-03 
 1.817624457286970e-01  1.191532440298983e+00  1.817624457286970e-01  1.289994211301623e+00  1.817624457286970e-01  6.686075607775259e-01  1.817624457286970e-01  2.843926792090093e-01  1.817624457286970e-01  2.250640561213749e-03  1.817624457286970e-01  8.143066841645996e-01  1.817624457286970e-01  2.647169711408440e-01  1.817624457286970e-01  1.886443567974034e-03 
 1.857624457286970e-01  1.190455337026925e+00  1.857624457286970e-01  1.291079626120623e+00  1.857624457286970e-01  6.670171035107548e-01  1.857624457286970e-01  2.846033259193991e-01  1.857624457286970e-01  2.254624622937368e-03  1.857624457286970e-01  8.159159991369755e-01  1.857624457286970e-01  2.644930473188948e-01  1.857624457286970e-01  1.882428762943720e-03 
 1.897624457286970e-01  1.189378470898723e+00  1.897624457286970e-01  1.292164988931093e+00  1.897624457286970e-01  6.654270889294849e-01  1.897624457286970e-01  2.848138843788723e-01  1.897624457286970e-01  2.258607807497392e-03  1.897624457286970e-01  8.175253143828534e-01  1.897624457286970e-01  2.642689323203652e-01  1.897624457286970e-01  1.878414150286026e-03 
 1.937624457286970e-01  1.188301845523856e+00  1.937624457286970e-01  1.293250296416337e+00  1.937624457286970e-01  6.638375234173443e-01  1.937624457286970e-01  2.850243560518717e-01  1.937624457286970e-01  2.262590101542862e-03  1.937624457286970e-01  8.191346257045009e-01  1.937624457286970e-01  2.640446253302120e-01  1.937624457286970e-01  1.874399742268961e-03 
 1.977624457286970e-01  1.187225464533366e+00  1.977624457286970e-01  1.294335545235844e+00  1.977624457286970e-01  6.622484134145200e-01  1.977624457286970e-01  2.852347424145967e-01  1.977624457286970e-01  2.266571491643040e-03  1.977624457286970e-01  8.207439288972551e-01  1.977624457286970e-01  2.638201255407593e-01  1.977624457286970e-01  1.870385551248638e-03 
 2.017624457286970e-01  1.186149331579270e+00  2.017624457286970e-01  1.295420732020478e+00  2.017624457286970e-01  6.606597654181223e-01  2.017624457286970e-01  2.854450449553834e-01  2.017624457286970e-01  2.270551964289588e-03  2.017624457286970e-01  8.223532197463503e-01  2.017624457286970e-01  2.635954321525869e-01  2.017624457286970e-01  1.866371589687031e-03 
 2.057624457286970e-01  1.185073450342995e+00  2.057624457286970e-01  1.296505853402011e+00  2.057624457286970e-01  6.590715859881560e-01  2.057624457286970e-01  2.856552651735155e-01  2.057624457286970e-01  2.274531505865396e-03  2.057624457286970e-01  8.239624940451716e-01  2.057624457286970e-01  2.633705443688440e-01  2.057624457286970e-01  1.862357870042767e-03 
 2.097624457286970e-01  1.183997824523748e+00  2.097624457286970e-01  1.297590905966318e+00  2.097624457286970e-01  6.574838817410694e-01  2.097624457286970e-01  2.858654045815375e-01  2.097624457286970e-01  2.278510102687602e-03  2.097624457286970e-01  8.255717475659166e-01  2.097624457286970e-01  2.631454614041752e-01  2.097624457286970e-01  1.858344404944239e-03 
 2.137624457286970e-01  1.182922457856699e+00  2.137624457286970e-01  1.298675886319844e+00  2.137624457286970e-01  6.558966593618046e-01  2.137624457286970e-01  2.860754647023794e-01  2.137624457286970e-01  2.282487740940286e-03  2.137624457286970e-01  8.271809761008716e-01  2.137624457286970e-01  2.629201824719432e-01  2.137624457286970e-01  1.854331206943768e-03 
 2.177624457286970e-01  1.181847354096224e+00  2.177624457286970e-01  1.299760791023257e+00  2.177624457286970e-01  6.543099255941811e-01  2.177624457286970e-01  2.862854470725725e-01  2.177624457286970e-01  2.286464406736537e-03  2.177624457286970e-01  8.287901754208944e-01  2.177624457286970e-01  2.626947067969153e-01  2.177624457286970e-01  1.850318288762961e-03 
 2.217624457286970e-01  1.180772517021960e+00  2.217624457286970e-01  1.300845616611866e+00  2.217624457286970e-01  6.527236872454411e-01  2.217624457286970e-01  2.864953532414946e-01  2.217624457286970e-01  2.290440086095973e-03  2.217624457286970e-01  8.303993412879825e-01  2.217624457286970e-01  2.624690336113304e-01  2.217624457286970e-01  1.846305663217237e-03 
 2.257624457286970e-01  1.179697950447054e+00  2.257624457286970e-01  1.301930359624118e+00  2.257624457286970e-01  6.511379511921921e-01  2.257624457286970e-01  2.867051847702439e-01  2.257624457286970e-01  2.294414764914253e-03  2.257624457286970e-01  8.320084694729025e-01  2.257624457286970e-01  2.622431621493802e-01  2.257624457286970e-01  1.842293343110465e-03 
 2.297624457286970e-01  1.178623658210377e+00  2.297624457286970e-01  1.303015016569344e+00  2.297624457286970e-01  6.495527243763868e-01  2.297624457286970e-01  2.869149432333074e-01  2.297624457286970e-01  2.298388428991923e-03  2.297624457286970e-01  8.336175557349182e-01  2.297624457286970e-01  2.620170916533754e-01  2.297624457286970e-01  1.838281341354117e-03 
 2.337624457286970e-01  1.177549644176140e+00  2.337624457286970e-01  1.304099583923444e+00  2.337624457286970e-01  6.479680138059332e-01  2.337624457286970e-01  2.871246302189428e-01  2.337624457286970e-01  2.302361064035784e-03  2.337624457286970e-01  8.352265958189570e-01  2.337624457286970e-01  2.617908213745716e-01  2.337624457286970e-01  1.834269670983397e-03 
 2.377624457286970e-01  1.176475912239708e+00  2.377624457286970e-01  1.305184058148241e+00  2.377624457286970e-01  6.463838265591494e-01  2.377624457286970e-01  2.873342473284923e-01  2.377624457286970e-01  2.306332655637380e-03  2.377624457286970e-01  8.368355854675387e-01  2.377624457286970e-01  2.615643505694030e-01  2.377624457286970e-01  1.830258345085515e-03 
 2.417624457286970e-01  1.175402466327627e+00  2.417624457286970e-01  1.306268435688600e+00  2.417624457286970e-01  6.448001697856561e-01  2.417624457286970e-01  2.875437961767097e-01  2.417624457286970e-01  2.310303189272947e-03  2.417624457286970e-01  8.384445204188279e-01  2.417624457286970e-01  2.613376785000143e-01  2.417624457286970e-01  1.826247376810465e-03 
 2.457624457286970e-01  1.174329310396060e+00  2.457624457286970e-01  1.307352712963676e+00  2.457624457286970e-01  6.432170507062823e-01  2.457624457286970e-01  2.877532783923674e-01  2.457624457286970e-01  2.314272650309180e-03  2.457624457286970e-01  8.400533964010413e-01  2.457624457286970e-01  2.611108044359264e-01  2.457624457286970e-01  1.822236779403303e-03 
 2.497624457286970e-01  1.173256448430669e+00  2.497624457286970e-01  1.308436886363465e+00  2.497624457286970e-01  6.416344766138969e-01  2.497624457286970e-01  2.879626956186138e-01  2.497624457286970e-01  2.318241024003625e-03  2.497624457286970e-01  8.416622091301544e-01  2.497624457286970e-01  2.608837276546919e-01  2.497624457286970e-01  1.818226566216961e-03 
 2.537624457286971e-01  1.172183884452686e+00  2.537624457286971e-01  1.309520952268905e+00  2.537624457286971e-01  6.400524548780907e-01  2.537624457286971e-01  2.881720495122745e-01  2.537624457286971e-01  2.322208295482295e-03  2.537624457286971e-01  8.432709543223037e-01  2.537624457286971e-01  2.606564474379693e-01  2.537624457286971e-01  1.814216750637845e-03 
 2.577624457286971e-01  1.171111622510199e+00  2.577624457286971e-01  1.310604907015771e+00  2.577624457286971e-01  6.384709929407071e-01  2.577624457286971e-01  2.883813417457083e-01  2.577624457286971e-01  2.326174449771826e-03  2.577624457286971e-01  8.448796276711428e-01  2.577624457286971e-01  2.604289630785230e-01  2.577624457286971e-01  1.810207346219441e-03 
 2.617624457286971e-01  1.170039666689585e+00  2.617624457286971e-01  1.311688746934952e+00  2.617624457286971e-01  6.368900983238778e-01  2.617624457286971e-01  2.885905740051944e-01  2.617624457286971e-01  2.330139471757285e-03  2.617624457286971e-01  8.464882248728114e-01  2.617624457286971e-01  2.602012738723757e-01  2.617624457286971e-01  1.806198366533280e-03 
 2.657624457286971e-01  1.168968021107436e+00  2.657624457286971e-01  1.312772468318763e+00  2.657624457286971e-01  6.353097786259826e-01  2.657624457286971e-01  2.887997479926904e-01  2.657624457286971e-01  2.334103346211933e-03  2.657624457286971e-01  8.480967416048197e-01  2.657624457286971e-01  2.599733791253520e-01  2.657624457286971e-01  1.802189825293623e-03 
 2.697624457286971e-01  1.167896689915765e+00  2.697624457286971e-01  1.313856067437476e+00  2.697624457286971e-01  6.337300415258728e-01  2.697624457286971e-01  2.890088654253048e-01  2.697624457286971e-01  2.338066057778012e-03  2.697624457286971e-01  8.497051735362097e-01  2.697624457286971e-01  2.597452781498432e-01  2.697624457286971e-01  1.798181736296212e-03 
 2.737624457286971e-01  1.166825677298481e+00  2.737624457286971e-01  1.314939540522768e+00  2.737624457286971e-01  6.321508947816792e-01  2.737624457286971e-01  2.892179280362866e-01  2.737624457286971e-01  2.342027590979812e-03  2.737624457286971e-01  8.513135163171328e-01  2.737624457286971e-01  2.595169702680368e-01  2.737624457286971e-01  1.794174113479566e-03 
 2.777624457286971e-01  1.165754987485162e+00  2.777624457286971e-01  1.316022883816797e+00  2.777624457286971e-01  6.305723462403645e-01  2.777624457286971e-01  2.894269375730342e-01  2.777624457286971e-01  2.345987930172690e-03  2.777624457286971e-01  8.529217656092745e-01  2.777624457286971e-01  2.592884548022999e-01  2.777624457286971e-01  1.790166970743445e-03 
 2.817624457286971e-01  1.164684624726035e+00  2.817624457286971e-01  1.317106093473847e+00  2.817624457286971e-01  6.289944038232752e-01  2.817624457286971e-01  2.896358958018004e-01  2.817624457286971e-01  2.349947059635622e-03  2.817624457286971e-01  8.545299170244994e-01  2.817624457286971e-01  2.590597310944310e-01  2.817624457286971e-01  1.786160322312610e-03 
 2.857624457286971e-01  1.163614593323885e+00  2.857624457286971e-01  1.318189165678166e+00  2.857624457286971e-01  6.274170755469554e-01  2.857624457286971e-01  2.898448045025928e-01  2.857624457286971e-01  2.353904963453170e-03  2.857624457286971e-01  8.561379661980996e-01  2.857624457286971e-01  2.588307984825699e-01  2.857624457286971e-01  1.782154182301042e-03 
 2.897624457286971e-01  1.162544897613028e+00  2.897624457286971e-01  1.319272096560717e+00  2.897624457286971e-01  6.258403695112035e-01  2.897624457286971e-01  2.900536654732055e-01  2.897624457286971e-01  2.357861625593289e-03  2.897624457286971e-01  8.577459087368380e-01  2.897624457286971e-01  2.586016563175018e-01  2.897624457286971e-01  1.778148565019778e-03 
 2.937624457286971e-01  1.161475541960213e+00  2.937624457286971e-01  1.320354882199152e+00  2.937624457286971e-01  6.242642939007372e-01  2.937624457286971e-01  2.902624805294721e-01  2.937624457286971e-01  2.361817029903939e-03  2.937624457286971e-01  8.593537402188316e-01  2.937624457286971e-01  2.583723039626921e-01  2.937624457286971e-01  1.774143484977037e-03 
 2.977624457286971e-01  1.160406530784163e+00  2.977624457286971e-01  1.321437518688539e+00  2.977624457286971e-01  6.226888569984007e-01  2.977624457286971e-01  2.904712515023272e-01  2.977624457286971e-01  2.365771160040859e-03  2.977624457286971e-01  8.609614562374542e-01  2.977624457286971e-01  2.581427407803614e-01  2.977624457286971e-01  1.770138956616658e-03 
 3.017624457286971e-01  1.159337868532034e+00  3.017624457286971e-01  1.322520002048386e+00  3.017624457286971e-01  6.211140671717396e-01  3.017624457286971e-01  2.906799802422837e-01  3.017624457286971e-01  2.369723999554610e-03  3.017624457286971e-01  8.625690523433616e-01  3.017624457286971e-01  2.579129661497938e-01  3.017624457286971e-01  1.766134994661924e-03 
 3.057624457286971e-01  1.158269559699349e+00  3.057624457286971e-01  1.323602328294695e+00  3.057624457286971e-01  6.195399328864880e-01  3.057624457286971e-01  2.908886686164399e-01  3.057624457286971e-01  2.373675531816850e-03  3.057624457286971e-01  8.641765240892161e-01  3.057624457286971e-01  2.576829794531431e-01  3.057624457286971e-01  1.762131613849103e-03 
 3.097624457286971e-01  1.157201608817427e+00  3.097624457286971e-01  1.324684493388669e+00  3.097624457286971e-01  6.179664626999856e-01  3.097624457286971e-01  2.910973185110856e-01  3.097624457286971e-01  2.377625740066836e-03  3.097624457286971e-01  8.657838669976821e-01  3.097624457286971e-01  2.574527800855644e-01  3.097624457286971e-01  1.758128829117165e-03 
 3.137624457286971e-01  1.156134020469516e+00  3.137624457286971e-01  1.325766493294093e+00  3.137624457286971e-01  6.163936652723385e-01  3.137624457286971e-01  2.913059318293812e-01  3.137624457286971e-01  2.381574607351751e-03  3.137624457286971e-01  8.673910765969908e-01  3.137624457286971e-01  2.572223674438668e-01  3.137624457286971e-01  1.754126655395522e-03 
 3.177624457286971e-01  1.155066799271881e+00  3.177624457286971e-01  1.326848323901912e+00  3.177624457286971e-01  6.148215493559733e-01  3.177624457286971e-01  2.915145104950647e-01  3.177624457286971e-01  2.385522116596628e-03  3.177624457286971e-01  8.689981483739467e-01  3.177624457286971e-01  2.569917409414563e-01  3.177624457286971e-01  1.750125107883000e-03 
 3.217624457286971e-01  1.153999949889720e+00  3.217624457286971e-01  1.327929981086690e+00  3.217624457286971e-01  6.132501238067123e-01  3.217624457286971e-01  2.917230564501875e-01  3.217624457286971e-01  2.389468250545518e-03  3.217624457286971e-01  8.706050778089328e-01  3.217624457286971e-01  2.567608999971702e-01  3.217624457286971e-01  1.746124201839031e-03 
 3.257624457286971e-01  1.152933477034493e+00  3.257624457286971e-01  1.329011460692666e+00  3.257624457286971e-01  6.116793975833877e-01  3.257624457286971e-01  2.919315716560515e-01  3.257624457286971e-01  2.393412991771385e-03  3.257624457286971e-01  8.722118603671414e-01  3.257624457286971e-01  2.565298440380432e-01  3.257624457286971e-01  1.742123952635214e-03 
 3.297624457286971e-01  1.151867385460893e+00  3.297624457286971e-01  1.330092758518202e+00  3.297624457286971e-01  6.101093797472797e-01  3.297624457286971e-01  2.921400580942072e-01  3.297624457286971e-01  2.397356322687221e-03  3.297624457286971e-01  8.738184914888049e-01  3.297624457286971e-01  2.562985725024158e-01  3.297624457286971e-01  1.738124375812821e-03 
 3.337624457286971e-01  1.150801679967635e+00  3.337624457286971e-01  1.331173870314929e+00  3.337624457286971e-01  6.085400794639181e-01  3.337624457286971e-01  2.923485177668170e-01  3.337624457286971e-01  2.401298225543225e-03  3.337624457286971e-01  8.754249665885820e-01  3.337624457286971e-01  2.560670848401380e-01  3.337624457286971e-01  1.734125487085998e-03 
 3.377624457286971e-01  1.149736365407580e+00  3.377624457286971e-01  1.332254791821852e+00  3.377624457286971e-01  6.069715060106629e-01  3.377624457286971e-01  2.925569526954194e-01  3.377624457286971e-01  2.405238682389316e-03  3.377624457286971e-01  8.770312810766544e-01  3.377624457286971e-01  2.558353805057804e-01  3.377624457286971e-01  1.730127302215576e-03 
 3.417624457286971e-01  1.148671446680686e+00  3.417624457286971e-01  1.333335518734596e+00  3.417624457286971e-01  6.054036687737323e-01  3.417624457286971e-01  2.927653649226495e-01  3.417624457286971e-01  2.409177675101213e-03  3.417624457286971e-01  8.786374303395189e-01  3.417624457286971e-01  2.556034589647810e-01  3.417624457286971e-01  1.726129837122847e-03 
 3.457624457286971e-01  1.147606928730274e+00  3.457624457286971e-01  1.334416046687043e+00  3.457624457286971e-01  6.038365772472948e-01  3.457624457286971e-01  2.929737565133938e-01  3.457624457286971e-01  2.413115185394207e-03  3.457624457286971e-01  8.802434097285080e-01  3.457624457286971e-01  2.553713196971563e-01  3.457624457286971e-01  1.722133107957475e-03 
 3.497624457286971e-01  1.146542816556253e+00  3.497624457286971e-01  1.335496371297182e+00  3.497624457286971e-01  6.022702410430348e-01  3.497624457286971e-01  2.931821295530600e-01  3.497624457286971e-01  2.417051194774303e-03  3.497624457286971e-01  8.818492145881799e-01  3.497624457286971e-01  2.551389621883552e-01  3.497624457286971e-01  1.718137130927929e-03 
 3.537624457286971e-01  1.145479115207315e+00  3.537624457286971e-01  1.336576488133104e+00  3.537624457286971e-01  6.007046698867936e-01  3.537624457286971e-01  2.933904861494490e-01  3.537624457286971e-01  2.420985684567079e-03  3.537624457286971e-01  8.834548402351070e-01  3.537624457286971e-01  2.549063859360882e-01  3.537624457286971e-01  1.714141922427238e-03 
 3.577624457286971e-01  1.144415829783030e+00  3.577624457286971e-01  1.337656392716653e+00  3.577624457286971e-01  5.991398736213268e-01  3.577624457286971e-01  2.935988284329423e-01  3.577624457286971e-01  2.424918635909877e-03  3.577624457286971e-01  8.850602819600712e-01  3.577624457286971e-01  2.546735904496353e-01  3.577624457286971e-01  1.710147499019470e-03 
 3.617624457286971e-01  1.143352965442448e+00  3.617624457286971e-01  1.338736080551429e+00  3.617624457286971e-01  5.975758622130914e-01  3.617624457286971e-01  2.938071585555940e-01  3.617624457286971e-01  2.428850029720092e-03  3.617624457286971e-01  8.866655350453678e-01  3.617624457286971e-01  2.544405752442426e-01  3.617624457286971e-01  1.706153877336190e-03 
 3.657624457286971e-01  1.142290527388548e+00  3.657624457286971e-01  1.339815547059357e+00  3.657624457286971e-01  5.960126457442276e-01  3.657624457286971e-01  2.940154786943486e-01  3.657624457286971e-01  2.432779846752553e-03  3.657624457286971e-01  8.882705947253552e-01  3.657624457286971e-01  2.542073398539246e-01  3.657624457286971e-01  1.702161074311058e-03 
 3.697624457286972e-01  1.141228520885521e+00  3.697624457286972e-01  1.340894787641599e+00  3.697624457286972e-01  5.944502344247211e-01  3.697624457286972e-01  2.942237910486721e-01  3.697624457286972e-01  2.436708067535764e-03  3.697624457286972e-01  8.898754562241901e-01  3.697624457286972e-01  2.539738838192460e-01  3.697624457286972e-01  1.698169106954543e-03 
 3.737624457286972e-01  1.140166951255646e+00  3.737624457286972e-01  1.341973797661866e+00  3.737624457286972e-01  5.928886385920665e-01  3.737624457286972e-01  2.944320978416679e-01  3.737624457286972e-01  2.440634672383294e-03  3.737624457286972e-01  8.914801147453901e-01  3.737624457286972e-01  2.537402066907045e-01  3.737624457286972e-01  1.694177992415629e-03 
 3.777624457286972e-01  1.139105823875868e+00  3.777624457286972e-01  1.343052572428806e+00  3.777624457286972e-01  5.913278687107898e-01  3.777624457286972e-01  2.946404013212610e-01  3.777624457286972e-01  2.444559641406534e-03  3.777624457286972e-01  8.930845654608439e-01  3.777624457286972e-01  2.535063080323341e-01  3.777624457286972e-01  1.690187748046994e-03 
 3.817624457286972e-01  1.138045144179255e+00  3.817624457286972e-01  1.344131107196621e+00  3.817624457286972e-01  5.897679353749726e-01  3.817624457286972e-01  2.948487037605588e-01  3.817624457286972e-01  2.448482954509318e-03  3.817624457286972e-01  8.946888035111269e-01  3.817624457286972e-01  2.532721874216337e-01  3.817624457286972e-01  1.686198391402648e-03 
 3.857624457286972e-01  1.136984917661555e+00  3.857624457286972e-01  1.345209397184960e+00  3.857624457286972e-01  5.882088493139579e-01  3.857624457286972e-01  2.950570074573454e-01  3.857624457286972e-01  2.452404591363572e-03  3.857624457286972e-01  8.962928240177697e-01  3.857624457286972e-01  2.530378444455880e-01  3.857624457286972e-01  1.682209940164474e-03 
 3.897624457286972e-01  1.135925149876153e+00  3.897624457286972e-01  1.346287437554832e+00  3.897624457286972e-01  5.866506213909534e-01  3.897624457286972e-01  2.952653147355771e-01  3.897624457286972e-01  2.456324531428079e-03  3.897624457286972e-01  8.978966220682668e-01  3.897624457286972e-01  2.528032787055944e-01  3.897624457286972e-01  1.678222412231183e-03 
 3.937624457286972e-01  1.134865846440725e+00  3.937624457286972e-01  1.347365223428680e+00  3.937624457286972e-01  5.850932626088473e-01  3.937624457286972e-01  2.954736279448847e-01  3.937624457286972e-01  2.460242753923805e-03  3.937624457286972e-01  8.995001927284605e-01  3.937624457286972e-01  2.525684898134467e-01  3.937624457286972e-01  1.674235825644236e-03 
 3.977624457286972e-01  1.133807013030999e+00  3.977624457286972e-01  1.348442749861593e+00  3.977624457286972e-01  5.835367841081535e-01  3.977624457286972e-01  2.956819494622882e-01  3.977624457286972e-01  2.464159237856979e-03  3.977624457286972e-01  9.011035310246314e-01  3.977624457286972e-01  2.523334773972389e-01  3.977624457286972e-01  1.670250198694103e-03 
 4.017624457286972e-01  1.132748655394564e+00  4.017624457286972e-01  1.349520011888369e+00  4.017624457286972e-01  5.819811971772577e-01  4.017624457286972e-01  2.958902816905078e-01  4.017624457286972e-01  2.468073961968051e-03  4.017624457286972e-01  9.027066319726214e-01  4.017624457286972e-01  2.520982410918388e-01  4.017624457286972e-01  1.666265549746386e-03 
 4.057624457286972e-01  1.131690779335124e+00  4.057624457286972e-01  1.350597004458496e+00  4.057624457286972e-01  5.804265132446151e-01  4.057624457286972e-01  2.960986270613182e-01  4.057624457286972e-01  2.471986904789885e-03  4.057624457286972e-01  9.043094905374843e-01  4.057624457286972e-01  2.518627805522061e-01  4.057624457286972e-01  1.662281897482217e-03 
 4.097624457286972e-01  1.130633390728828e+00  4.097624457286972e-01  1.351673722492543e+00  4.097624457286972e-01  5.788727438906063e-01  4.097624457286972e-01  2.963069880334531e-01  4.097624457286972e-01  2.475898044587367e-03  4.097624457286972e-01  9.059121016683755e-01  4.097624457286972e-01  2.516270954419462e-01  4.097624457286972e-01  1.658299260689700e-03 
 4.137624457286972e-01  1.129576495513303e+00  4.137624457286972e-01  1.352750160835193e+00  4.137624457286972e-01  5.773199008427213e-01  4.137624457286972e-01  2.965153670951721e-01  4.137624457286972e-01  2.479807359398032e-03  4.137624457286972e-01  9.075144602694121e-01  4.137624457286972e-01  2.513911854429798e-01  4.137624457286972e-01  1.654317658437606e-03 
 4.177624457286972e-01  1.128520099697100e+00  4.177624457286972e-01  1.353826314285361e+00  4.177624457286972e-01  5.757679959832711e-01  4.177624457286972e-01  2.967237667633560e-01  4.177624457286972e-01  2.483714826997018e-03  4.177624457286972e-01  9.091165612182911e-01  4.177624457286972e-01  2.511550502494546e-01  4.177624457286972e-01  1.650337109964014e-03 
 4.217624457286972e-01  1.127464209365600e+00  4.217624457286972e-01  1.354902177612751e+00  4.217624457286972e-01  5.742170413549614e-01  4.217624457286972e-01  2.969321895832293e-01  4.217624457286972e-01  2.487620424875353e-03  4.217624457286972e-01  9.107183993764723e-01  4.217624457286972e-01  2.509186895643944e-01  4.217624457286972e-01  1.646357634615041e-03 
 4.257624457286972e-01  1.126408830660000e+00  4.257624457286972e-01  1.355977745472761e+00  4.257624457286972e-01  5.726670491500483e-01  4.257624457286972e-01  2.971406381326621e-01  4.257624457286972e-01  2.491524130317531e-03  4.257624457286972e-01  9.123199695364880e-01  4.257624457286972e-01  2.506821031172741e-01  4.257624457286972e-01  1.642379252159617e-03 
 4.297624457286972e-01  1.125353969809661e+00  4.297624457286972e-01  1.357053012522773e+00  4.297624457286972e-01  5.711180317321362e-01  4.297624457286972e-01  2.973491150174164e-01  4.297624457286972e-01  2.495425920281985e-03  4.297624457286972e-01  9.139212664938717e-01  4.297624457286972e-01  2.504452906401756e-01  4.297624457286972e-01  1.638401982359289e-03 
 4.337624457286972e-01  1.124299633105851e+00  4.337624457286972e-01  1.358127973317030e+00  4.337624457286972e-01  5.695700016222205e-01  4.337624457286972e-01  2.975576228763687e-01  4.337624457286972e-01  2.499325771498152e-03  4.337624457286972e-01  9.155222849820648e-01  4.337624457286972e-01  2.502082518895132e-01  4.337624457286972e-01  1.634425845357154e-03 
 4.377624457286972e-01  1.123245826921768e+00  4.377624457286972e-01  1.359202622376162e+00  4.377624457286972e-01  5.680229715130061e-01  4.377624457286972e-01  2.977661643788738e-01  4.377624457286972e-01  2.503223660392422e-03  4.377624457286972e-01  9.171230197154164e-01  4.377624457286972e-01  2.499709866317866e-01  4.377624457286972e-01  1.630450861420602e-03 
 4.417624457286972e-01  1.122192557703748e+00  4.417624457286972e-01  1.360276954147873e+00  4.417624457286972e-01  5.664769542657000e-01  4.417624457286972e-01  2.979747422270436e-01  4.417624457286972e-01  2.507119563120656e-03  4.417624457286972e-01  9.187234653648211e-01  4.417624457286972e-01  2.497334946517795e-01  4.417624457286972e-01  1.626477051086778e-03 
 4.457624457286972e-01  1.121139831972961e+00  4.457624457286972e-01  1.361350963007090e+00  4.457624457286972e-01  5.649319629132203e-01  4.457624457286972e-01  2.981833591562537e-01  4.457624457286972e-01  2.511013455561916e-03  4.457624457286972e-01  9.203236165578070e-01  4.457624457286972e-01  2.494957757526346e-01  4.457624457286972e-01  1.622504435161997e-03 
 4.497624457286972e-01  1.120087656334179e+00  4.497624457286972e-01  1.362424643282691e+00  4.497624457286972e-01  5.633880106677664e-01  4.497624457286972e-01  2.983920179344605e-01  4.497624457286972e-01  2.514905313286022e-03  4.497624457286972e-01  9.219234678950199e-01  4.497624457286972e-01  2.492578297504079e-01  4.497624457286972e-01  1.618533034622939e-03 
 4.537624457286972e-01  1.119036037473927e+00  4.537624457286972e-01  1.363497989244097e+00  4.537624457286972e-01  5.618451109219464e-01  4.537624457286972e-01  2.986007213633394e-01  4.537624457286972e-01  2.518795111560417e-03  4.537624457286972e-01  9.235230139419215e-01  4.537624457286972e-01  2.490196564769258e-01  4.537624457286972e-01  1.614562870666139e-03 
 4.577624457286972e-01  1.117984982152175e+00  4.577624457286972e-01  1.364570995063355e+00  4.577624457286972e-01  5.603032772460137e-01  4.577624457286972e-01  2.988094722805280e-01  4.577624457286972e-01  2.522682825380862e-03  4.577624457286972e-01  9.251222492053413e-01  4.577624457286972e-01  2.487812557877899e-01  4.577624457286972e-01  1.610593964848369e-03 
 4.617624457286972e-01  1.116934497222803e+00  4.617624457286972e-01  1.365643654885795e+00  4.617624457286972e-01  5.587625234026675e-01  4.617624457286972e-01  2.990182735569977e-01  4.617624457286972e-01  2.526568429395763e-03  4.617624457286972e-01  9.267211681771269e-01  4.617624457286972e-01  2.485426275477692e-01  4.617624457286972e-01  1.606626338825189e-03 
 4.657624457286972e-01  1.115884589613328e+00  4.657624457286972e-01  1.366715962746666e+00  4.657624457286972e-01  5.572228633370829e-01  4.657624457286972e-01  2.992271281013609e-01  4.657624457286972e-01  2.530451897981167e-03  4.657624457286972e-01  9.283197652826236e-01  4.657624457286972e-01  2.483037716482801e-01  4.657624457286972e-01  1.602660014659332e-03 
 4.697624457286972e-01  1.114835266347876e+00  4.697624457286972e-01  1.367787912651034e+00  4.697624457286972e-01  5.556843111933145e-01  4.697624457286972e-01  2.994360388568391e-01  4.697624457286972e-01  2.534333205155761e-03  4.697624457286972e-01  9.299180349300223e-01  4.697624457286972e-01  2.480646879908286e-01  4.697624457286972e-01  1.598695014525166e-03 
 4.737624457286972e-01  1.113786534529511e+00  4.737624457286972e-01  1.368859498500158e+00  4.737624457286972e-01  5.541468813059920e-01  4.737624457286972e-01  2.996450088051563e-01  4.737624457286972e-01  2.538212324646259e-03  4.737624457286972e-01  9.315159714648960e-01  4.737624457286972e-01  2.478253765025060e-01  4.737624457286972e-01  1.594731360981029e-03 
 4.777624457286972e-01  1.112738401356408e+00  4.777624457286972e-01  1.369930714145429e+00  4.777624457286972e-01  5.526105882126559e-01  4.777624457286972e-01  2.998540409646894e-01  4.777624457286972e-01  2.542089229827565e-03  4.777624457286972e-01  9.331135692034933e-01  4.777624457286972e-01  2.475858371248277e-01  4.777624457286972e-01  1.590769076769706e-03 
 4.817624457286973e-01  1.111690874114493e+00  4.817624457286973e-01  1.371001553353435e+00  4.817624457286973e-01  5.510754466518188e-01  4.817624457286973e-01  3.000631383926375e-01  4.817624457286973e-01  2.545963893750015e-03  4.817624457286973e-01  9.347108224111844e-01  4.817624457286973e-01  2.473460698211711e-01  4.817624457286973e-01  1.586808184947658e-03 
 4.857624457286973e-01  1.110643960181672e+00  4.857624457286973e-01  1.372072009814656e+00  4.857624457286973e-01  5.495414715681197e-01  4.857624457286973e-01  3.002723041852279e-01  4.857624457286973e-01  2.549836289123704e-03  4.857624457286973e-01  9.363077253078271e-01  4.857624457286973e-01  2.471060745750875e-01  4.857624457286973e-01  1.582848708852853e-03 
 4.897624457286973e-01  1.109597667034351e+00  4.897624457286973e-01  1.373142077160730e+00  4.897624457286973e-01  5.480086781188850e-01  4.897624457286973e-01  3.004815414775547e-01  4.897624457286973e-01  2.553706388294426e-03  4.897624457286973e-01  9.379042720784365e-01  4.897624457286973e-01  2.468658513867901e-01  4.897624457286973e-01  1.578890672040908e-03 
 4.937624457286973e-01  1.108552002236967e+00  4.937624457286973e-01  1.374211748917404e+00  4.937624457286973e-01  5.464770816704629e-01  4.937624457286973e-01  3.006908534463081e-01  4.937624457286973e-01  2.557574163282295e-03  4.937624457286973e-01  9.395004568441732e-01  4.937624457286973e-01  2.466254002832053e-01  4.937624457286973e-01  1.574934098459109e-03 
 4.977624457286973e-01  1.107506973460600e+00  4.977624457286973e-01  1.375281018567167e+00  4.977624457286973e-01  5.449466978121823e-01  4.977624457286973e-01  3.009002433075888e-01  4.977624457286973e-01  2.561439585713045e-03  4.977624457286973e-01  9.410962737009844e-01  4.977624457286973e-01  2.463847213048972e-01  4.977624457286973e-01  1.570979012214717e-03 
 5.017624457286972e-01  1.106462588466005e+00  5.017624457286972e-01  1.376349879477635e+00  5.017624457286972e-01  5.434175423488432e-01  5.017624457286972e-01  3.011097143207667e-01  5.017624457286972e-01  2.565302626880646e-03  5.017624457286972e-01  9.426917166754765e-01  5.017624457286972e-01  2.461438145213389e-01  5.017624457286972e-01  1.567025437839932e-03 
 5.057624457286972e-01  1.105418855117396e+00  5.057624457286972e-01  1.377418324945617e+00  5.057624457286972e-01  5.418896313118475e-01  5.057624457286972e-01  3.013192697871415e-01  5.057624457286972e-01  2.569163257696435e-03  5.057624457286972e-01  9.442867797521008e-01  5.057624457286972e-01  2.459026800217544e-01  5.057624457286972e-01  1.563073400128802e-03 
 5.097624457286972e-01  1.104375781386302e+00  5.097624457286972e-01  1.378486348203848e+00  5.097624457286972e-01  5.403629809643460e-01  5.097624457286972e-01  3.015289130502943e-01  5.097624457286972e-01  2.573021448674788e-03  5.097624457286972e-01  9.458814568773339e-01  5.097624457286972e-01  2.456613179138279e-01  5.097624457286972e-01  1.559122924112436e-03 
 5.137624457286972e-01  1.103333375343028e+00  5.137624457286972e-01  1.379553942380684e+00  5.137624457286972e-01  5.388376077989614e-01  5.137624457286972e-01  3.017386474985634e-01  5.137624457286972e-01  2.576877169964718e-03  5.137624457286972e-01  9.474757419348633e-01  5.137624457286972e-01  2.454197283324042e-01  5.137624457286972e-01  1.555174035207957e-03 
 5.177624457286972e-01  1.102291645166171e+00  5.177624457286972e-01  1.380621100528014e+00  5.177624457286972e-01  5.373135285464483e-01  5.177624457286972e-01  3.019484765644621e-01  5.177624457286972e-01  2.580730391314657e-03  5.177624457286972e-01  9.490696287628384e-01  5.177624457286972e-01  2.451779114337345e-01  5.177624457286972e-01  1.551226759115369e-03 
 5.217624457286972e-01  1.101250599138856e+00  5.217624457286972e-01  1.381687815598664e+00  5.217624457286972e-01  5.357907601763883e-01  5.217624457286972e-01  3.021584037263739e-01  5.217624457286972e-01  2.584581082086462e-03  5.217624457286972e-01  9.506631111399841e-01  5.217624457286972e-01  2.449358674004501e-01  5.217624457286972e-01  1.547281121901078e-03 
 5.257624457286972e-01  1.100210245655861e+00  5.257624457286972e-01  1.382754080465058e+00  5.257624457286972e-01  5.342693199044817e-01  5.257624457286972e-01  3.023684325083989e-01  5.257624457286972e-01  2.588429211228957e-03  5.257624457286972e-01  9.522561827971393e-01  5.257624457286972e-01  2.446935964377577e-01  5.257624457286972e-01  1.543337149928844e-03 
 5.297624457286972e-01  1.099170593223448e+00  5.297624457286972e-01  1.383819887910085e+00  5.297624457286972e-01  5.327492251954840e-01  5.297624457286972e-01  3.025785664814611e-01  5.297624457286972e-01  2.592274747278603e-03  5.297624457286972e-01  9.538488374116867e-01  5.297624457286972e-01  2.444510987755617e-01  5.297624457286972e-01  1.539394869893662e-03 
 5.337624457286972e-01  1.098131650462944e+00  5.337624457286972e-01  1.384885230632048e+00  5.337624457286972e-01  5.312304937684510e-01  5.337624457286972e-01  3.027888092637888e-01  5.337624457286972e-01  2.596117658346266e-03  5.337624457286972e-01  9.554410686106346e-01  5.337624457286972e-01  2.442083746675748e-01  5.337624457286972e-01  1.535454308803336e-03 
 5.377624457286972e-01  1.097093426107147e+00  5.377624457286972e-01  1.385950101222579e+00  5.377624457286972e-01  5.297131435976985e-01  5.377624457286972e-01  3.029991645226248e-01  5.377624457286972e-01  2.599957912130473e-03  5.377624457286972e-01  9.570328699571130e-01  5.377624457286972e-01  2.439654243962405e-01  5.377624457286972e-01  1.531515494060251e-03 
 5.417624457286973e-01  1.096055929006324e+00  5.417624457286973e-01  1.387014492180386e+00  5.417624457286973e-01  5.281971929195857e-01  5.417624457286973e-01  3.032096359743224e-01  5.417624457286973e-01  2.603795475895279e-03  5.417624457286973e-01  9.586242349588773e-01  5.417624457286973e-01  2.437222482699847e-01  5.417624457286973e-01  1.527578453410507e-03 
 5.457624457286973e-01  1.095019168129834e+00  5.457624457286973e-01  1.388078395908642e+00  5.457624457286973e-01  5.266826602366871e-01  5.457624457286973e-01  3.034202273851925e-01  5.457624457286973e-01  2.607630316464216e-03  5.457624457286973e-01  9.602151570667717e-01  5.457624457286973e-01  2.434788466239672e-01  5.457624457286973e-01  1.523643214953533e-03 
 5.497624457286973e-01  1.093983152572044e+00  5.497624457286973e-01  1.389141804728248e+00  5.497624457286973e-01  5.251695643245957e-01  5.497624457286973e-01  3.036309425716338e-01  5.497624457286973e-01  2.611462400198425e-03  5.497624457286973e-01  9.618056296829545e-01  5.497624457286973e-01  2.432352198174211e-01  5.497624457286973e-01  1.519709807093110e-03 
 5.537624457286973e-01  1.092947891544404e+00  5.537624457286973e-01  1.390204710839011e+00  5.537624457286973e-01  5.236579242304430e-01  5.537624457286973e-01  3.038417854026301e-01  5.537624457286973e-01  2.615291693025983e-03  5.537624457286973e-01  9.633956461371109e-01  5.537624457286973e-01  2.429913682422213e-01  5.537624457286973e-01  1.515778258680879e-03 
 5.577624457286973e-01  1.091913394383927e+00  5.577624457286973e-01  1.391267106342469e+00  5.577624457286973e-01  5.221477592813387e-01  5.577624457286973e-01  3.040527597994639e-01  5.577624457286973e-01  2.619118160410515e-03  5.577624457286973e-01  9.649851997005731e-01  5.577624457286973e-01  2.427472923181902e-01  5.577624457286973e-01  1.511848598931975e-03 
 5.617624457286973e-01  1.090879670559093e+00  5.617624457286973e-01  1.392328983254919e+00  5.617624457286973e-01  5.206390890912307e-01  5.617624457286973e-01  3.042638697358807e-01  5.617624457286973e-01  2.622941767329376e-03  5.617624457286973e-01  9.665742835943916e-01  5.617624457286973e-01  2.425029924904831e-01  5.617624457286973e-01  1.507920857376826e-03 
 5.657624457286973e-01  1.089846729663993e+00  5.657624457286973e-01  1.393390333476038e+00  5.657624457286973e-01  5.191319335608210e-01  5.657624457286973e-01  3.044751192402640e-01  5.657624457286973e-01  2.626762478295300e-03  5.657624457286973e-01  9.681628909701611e-01  5.657624457286973e-01  2.422584692365944e-01  5.657624457286973e-01  1.503995063977195e-03 
 5.697624457286973e-01  1.088814581421703e+00  5.697624457286973e-01  1.394451148792350e+00  5.697624457286973e-01  5.176263128830134e-01  5.697624457286973e-01  3.046865123962487e-01  5.697624457286973e-01  2.630580257343918e-03  5.697624457286973e-01  9.697510149122566e-01  5.697624457286973e-01  2.420137230658524e-01  5.697624457286973e-01  1.500071249113372e-03 
 5.737624457286973e-01  1.087783235688067e+00  5.737624457286973e-01  1.395511420881887e+00  5.737624457286973e-01  5.161222475486507e-01  5.737624457286973e-01  3.048980533432722e-01  5.737624457286973e-01  2.634395068019792e-03  5.737624457286973e-01  9.713386484407915e-01  5.737624457286973e-01  2.417687545186502e-01  5.737624457286973e-01  1.496149443566979e-03 
 5.777624457286973e-01  1.086752702461255e+00  5.777624457286973e-01  1.396571141340665e+00  5.777624457286973e-01  5.146197583556996e-01  5.777624457286973e-01  3.051097462761460e-01  5.777624457286973e-01  2.638206873340996e-03  5.777624457286973e-01  9.729257845279528e-01  5.777624457286973e-01  2.415235641609008e-01  5.777624457286973e-01  1.492229678422939e-03 
 5.817624457286973e-01  1.085722991870422e+00  5.817624457286973e-01  1.397630301630493e+00  5.817624457286973e-01  5.131188664060342e-01  5.817624457286973e-01  3.053215954482041e-01  5.817624457286973e-01  2.642015635841147e-03  5.817624457286973e-01  9.745124160661163e-01  5.817624457286973e-01  2.412781525956481e-01  5.817624457286973e-01  1.488311985262590e-03 
 5.857624457286973e-01  1.084694114181775e+00  5.857624457286973e-01  1.398688893092111e+00  5.857624457286973e-01  5.116195931126117e-01  5.857624457286973e-01  3.055336051714829e-01  5.857624457286973e-01  2.645821317546919e-03  5.857624457286973e-01  9.760985358760242e-01  5.857624457286973e-01  2.410325204604829e-01  5.857624457286973e-01  1.484396396115109e-03 
 5.897624457286973e-01  1.083666079810610e+00  5.897624457286973e-01  1.399746906980763e+00  5.897624457286973e-01  5.101219602102208e-01  5.897624457286973e-01  3.057457798158880e-01  5.897624457286973e-01  2.649623879933489e-03  5.897624457286973e-01  9.776841367286984e-01  5.897624457286973e-01  2.407866684200051e-01  5.897624457286973e-01  1.480482943325878e-03 
 5.937624457286973e-01  1.082638899305615e+00  5.937624457286973e-01  1.400804334397466e+00  5.937624457286973e-01  5.086259897497729e-01  5.937624457286973e-01  3.059581238131049e-01  5.937624457286973e-01  2.653423283982697e-03  5.937624457286973e-01  9.792692113034713e-01  5.937624457286973e-01  2.405405971811383e-01  5.937624457286973e-01  1.476571659810707e-03 
 5.977624457286973e-01  1.081612583373501e+00  5.977624457286973e-01  1.401861166371746e+00  5.977624457286973e-01  5.071317041165608e-01  5.977624457286973e-01  3.061706416536168e-01  5.977624457286973e-01  2.657219490091819e-03  5.977624457286973e-01  9.808537522387804e-01  5.977624457286973e-01  2.402943074752610e-01  5.977624457286973e-01  1.472662578749888e-03 
 6.017624457286973e-01  1.080587142859291e+00  6.017624457286973e-01  1.402917393777744e+00  6.017624457286973e-01  5.056391260222186e-01  6.017624457286973e-01  3.063833378913086e-01  6.017624457286973e-01  2.661012458146567e-03  6.017624457286973e-01  9.824377520809429e-01  6.017624457286973e-01  2.400478000768870e-01  6.017624457286973e-01  1.468755733898408e-03 
 6.057624457286973e-01  1.079562588759607e+00  6.057624457286973e-01  1.403973007374350e+00  6.057624457286973e-01  5.041482785162853e-01  6.057624457286973e-01  3.065962171424276e-01  6.057624457286973e-01  2.664802147471891e-03  6.057624457286973e-01  9.840212033088898e-01  6.057624457286973e-01  2.398010757951518e-01  6.057624457286973e-01  1.464851159437558e-03 
 6.097624457286973e-01  1.078538932226333e+00  6.097624457286973e-01  1.405027997808963e+00  6.097624457286973e-01  5.026591849920679e-01  6.097624457286973e-01  3.068092840861920e-01  6.097624457286973e-01  2.668588516818472e-03  6.097624457286973e-01  9.856040983365904e-01  6.097624457286973e-01  2.395541354732564e-01  6.097624457286973e-01  1.460948889960982e-03 
 6.137624457286973e-01  1.077516184562666e+00  6.137624457286973e-01  1.406082355592932e+00  6.137624457286973e-01  5.011718691880012e-01  6.137624457286973e-01  3.070225434666958e-01  6.137624457286973e-01  2.672371524377282e-03  6.137624457286973e-01  9.871864294982051e-01  6.137624457286973e-01  2.393069799941832e-01  6.137624457286973e-01  1.457048960565576e-03 
 6.177624457286973e-01  1.076494357233629e+00  6.177624457286973e-01  1.407136071131005e+00  6.177624457286973e-01  4.996863551975740e-01  6.177624457286973e-01  3.072360000923386e-01  6.177624457286973e-01  2.676151127740718e-03  6.177624457286973e-01  9.887681890662432e-01  6.177624457286973e-01  2.390596102744812e-01  6.177624457286973e-01  1.453151406742507e-03 
 6.217624457286973e-01  1.075473461853426e+00  6.217624457286973e-01  1.408189134664025e+00  6.217624457286973e-01  4.982026674655891e-01  6.217624457286973e-01  3.074496588392163e-01  6.217624457286973e-01  2.679927283949382e-03  6.217624457286973e-01  9.903493692167232e-01  6.217624457286973e-01  2.388120272772723e-01  6.217624457286973e-01  1.449256264589192e-03 
 6.257624457286973e-01  1.074453510205550e+00  6.257624457286973e-01  1.409241536334560e+00  6.257624457286973e-01  4.967208308037442e-01  6.257624457286973e-01  3.076635246488948e-01  6.257624457286973e-01  2.683699949417714e-03  6.257624457286973e-01  9.919299620694451e-01  6.257624457286973e-01  2.385642319980208e-01  6.257624457286973e-01  1.445363570566523e-03 
 6.297624457286973e-01  1.073434514235898e+00  6.297624457286973e-01  1.410293266151224e+00  6.297624457286973e-01  4.952408703902815e-01  6.297624457286973e-01  3.078776025307967e-01  6.297624457286973e-01  2.687469079959424e-03  6.297624457286973e-01  9.935099596663706e-01  6.297624457286973e-01  2.383162254727556e-01  6.297624457286973e-01  1.441473361630908e-03 
 6.337624457286973e-01  1.072416486051022e+00  6.337624457286973e-01  1.411344313972310e+00  6.337624457286973e-01  4.937628117726760e-01  6.337624457286973e-01  3.080918975637045e-01  6.337624457286973e-01  2.691234630793990e-03  6.337624457286973e-01  9.950893539618341e-01  6.337624457286973e-01  2.380680087820512e-01  6.337624457286973e-01  1.437585675294701e-03 
 6.377624457286973e-01  1.071399437925969e+00  6.377624457286973e-01  1.412394669525553e+00  6.377624457286973e-01  4.922866808759443e-01  6.377624457286973e-01  3.083064148956028e-01  6.377624457286973e-01  2.694996556517642e-03  6.377624457286973e-01  9.966681368348020e-01  6.377624457286973e-01  2.378195830469777e-01  6.377624457286973e-01  1.433700549553194e-03 
 6.417624457286973e-01  1.070383382309628e+00  6.417624457286973e-01  1.413444322418419e+00  6.417624457286973e-01  4.908125040094653e-01  6.417624457286973e-01  3.085211597439333e-01  6.417624457286973e-01  2.698754811083586e-03  6.417624457286973e-01  9.982463000953437e-01  6.417624457286973e-01  2.375709494271256e-01  6.417624457286973e-01  1.429818022846505e-03 
 6.457624457286973e-01  1.069368331819919e+00  6.457624457286973e-01  1.414493262110581e+00  6.457624457286973e-01  4.893403078678072e-01  6.457624457286973e-01  3.087361373975805e-01  6.457624457286973e-01  2.702509347819832e-03  6.457624457286973e-01  9.998238354680496e-01  6.457624457286973e-01  2.373221091271033e-01  6.457624457286973e-01  1.425938134161406e-03 
 6.497624457286973e-01  1.068354299244242e+00  6.497624457286973e-01  1.415541477906089e+00  6.497624457286973e-01  4.878701195346277e-01  6.497624457286973e-01  3.089513532179335e-01  6.497624457286973e-01  2.706260119427474e-03  6.497624457286973e-01  1.001400734587506e+00  6.497624457286973e-01  2.370730633986693e-01  6.497624457286973e-01  1.422060923060278e-03 
 6.537624457286974e-01  1.067341297550682e+00  6.537624457286974e-01  1.416588958986065e+00  6.537624457286974e-01  4.864019664928354e-01  6.537624457286974e-01  3.091668126380775e-01  6.537624457286974e-01  2.710007077939304e-03  6.537624457286974e-01  1.002976989018416e+00  6.537624457286974e-01  2.368238135337634e-01  6.537624457286974e-01  1.418186429560194e-03 
 6.577624457286974e-01  1.066329339887112e+00  6.577624457286974e-01  1.417635694396173e+00  6.577624457286974e-01  4.849358766276062e-01  6.577624457286974e-01  3.093825211640387e-01  6.577624457286974e-01  2.713750174723079e-03  6.577624457286974e-01  1.004552590248203e+00  6.577624457286974e-01  2.365743608676656e-01  6.577624457286974e-01  1.414314694179238e-03 
 6.617624457286974e-01  1.065318439577636e+00  6.617624457286974e-01  1.418681673024172e+00  6.617624457286974e-01  4.834718782278010e-01  6.617624457286974e-01  3.095984843764673e-01  6.617624457286974e-01  2.717489360494707e-03  6.617624457286974e-01  1.006127529673579e+00  6.617624457286974e-01  2.363247067844313e-01  6.617624457286974e-01  1.410445758019552e-03 
 6.657624457286974e-01  1.064308610124503e+00  6.657624457286974e-01  1.419726883598245e+00  6.657624457286974e-01  4.820099999905674e-01  6.657624457286974e-01  3.098147079313460e-01  6.657624457286974e-01  2.721224585311172e-03  6.657624457286974e-01  1.007701798599784e+00  6.657624457286974e-01  2.360748527176773e-01  6.657624457286974e-01  1.406579662773500e-03 
 6.697624457286974e-01  1.063299865222786e+00  6.697624457286974e-01  1.420771314733394e+00  6.697624457286974e-01  4.805502710332491e-01  6.697624457286974e-01  3.100311975584594e-01  6.697624457286974e-01  2.724955798516224e-03  6.697624457286974e-01  1.009275388269061e+00  6.697624457286974e-01  2.358248001404832e-01  6.697624457286974e-01  1.402716450552089e-03 
 6.737624457286974e-01  1.062292218747400e+00  6.737624457286974e-01  1.421814954874272e+00  6.737624457286974e-01  4.790927208891539e-01  6.737624457286974e-01  3.102479590646035e-01  6.737624457286974e-01  2.728682948788385e-03  6.737624457286974e-01  1.010848289826139e+00  6.737624457286974e-01  2.355745505787011e-01  6.737624457286974e-01  1.398856164096392e-03 
 6.777624457286974e-01  1.061285684759821e+00  6.777624457286974e-01  1.422857792312253e+00  6.777624457286974e-01  4.776373795146923e-01  6.777624457286974e-01  3.104649983333561e-01  6.777624457286974e-01  2.732405984116141e-03  6.777624457286974e-01  1.012420494328889e+00  6.777624457286974e-01  2.353241056075222e-01  6.777624457286974e-01  1.394998846714420e-03 
 6.817624457286974e-01  1.060280277513525e+00  6.817624457286974e-01  1.423899815197824e+00  6.817624457286974e-01  4.761842772956921e-01  6.817624457286974e-01  3.106823213250181e-01  6.817624457286974e-01  2.736124851777774e-03  6.817624457286974e-01  1.013991992756126e+00  6.817624457286974e-01  2.350734668490695e-01  6.817624457286974e-01  1.391144542235298e-03 
 6.857624457286974e-01  1.059276011452805e+00  6.857624457286974e-01  1.424941011528571e+00  6.857624457286974e-01  4.747334450497334e-01  6.857624457286974e-01  3.108999340776551e-01  6.857624457286974e-01  2.739839498345744e-03  6.857624457286974e-01  1.015562776000595e+00  6.857624457286974e-01  2.348226359755379e-01  6.857624457286974e-01  1.387293295053686e-03 
 6.897624457286974e-01  1.058272901212820e+00  6.897624457286974e-01  1.425981369142027e+00  6.897624457286974e-01  4.732849140291372e-01  6.897624457286974e-01  3.111178427078781e-01  6.897624457286974e-01  2.743549869686589e-03  6.897624457286974e-01  1.017132834864913e+00  6.897624457286974e-01  2.345716147112539e-01  6.897624457286974e-01  1.383445150156228e-03 
 6.937624457286974e-01  1.057270961622943e+00  6.937624457286974e-01  1.427020875721386e+00  6.937624457286974e-01  4.718387159256917e-01  6.937624457286974e-01  3.113360534109878e-01  6.937624457286974e-01  2.747255910948397e-03  6.937624457286974e-01  1.018702160065335e+00  6.937624457286974e-01  2.343204048318130e-01  6.937624457286974e-01  1.379600153100438e-03 
 6.977624457286974e-01  1.056270207710951e+00  6.977624457286974e-01  1.428059518804521e+00  6.977624457286974e-01  4.703948828757754e-01  6.977624457286974e-01  3.115545724609198e-01  6.977624457286974e-01  2.750957566545432e-03  6.977624457286974e-01  1.020270742237541e+00  6.977624457286974e-01  2.340690081624484e-01  6.977624457286974e-01  1.375758349981340e-03 
 7.017624457286974e-01  1.055270654698203e+00  7.017624457286974e-01  1.429097285759858e+00  7.017624457286974e-01  4.689534474600995e-01  7.017624457286974e-01  3.117734062116840e-01  7.017624457286974e-01  2.754654780175903e-03  7.017624457286974e-01  1.021838571922293e+00  7.017624457286974e-01  2.338174265839977e-01  7.017624457286974e-01  1.371919787520678e-03 
 7.057624457286974e-01  1.054272318003783e+00  7.057624457286974e-01  1.430134163796272e+00  7.057624457286974e-01  4.675144427084805e-01  7.057624457286974e-01  3.119925610971830e-01  7.057624457286974e-01  2.758347494806685e-03  7.057624457286974e-01  1.023405639571784e+00  7.057624457286974e-01  2.335656620311031e-01  7.057624457286974e-01  1.368084513030351e-03 
 7.097624457286974e-01  1.053275213253353e+00  7.097624457286974e-01  1.431170139990991e+00  7.097624457286974e-01  4.660779021071417e-01  7.097624457286974e-01  3.122120436301208e-01  7.097624457286974e-01  2.762035652640502e-03  7.097624457286974e-01  1.024971935566849e+00  7.097624457286974e-01  2.333137164862380e-01  7.097624457286974e-01  1.364252574309161e-03 
 7.137624457286974e-01  1.052279356262211e+00  7.137624457286974e-01  1.432205201221578e+00  7.137624457286974e-01  4.646438595910043e-01  7.137624457286974e-01  3.124318604053434e-01  7.137624457286974e-01  2.765719195178706e-03  7.137624457286974e-01  1.026537450176106e+00  7.137624457286974e-01  2.330615919958298e-01  7.137624457286974e-01  1.360424019894431e-03 
 7.177624457286974e-01  1.051284763056007e+00  7.177624457286974e-01  1.433239334239359e+00  7.177624457286974e-01  4.632123495574131e-01  7.177624457286974e-01  3.126520180965081e-01  7.177624457286974e-01  2.769398063144515e-03  7.177624457286974e-01  1.028102173600768e+00  7.177624457286974e-01  2.328092906538217e-01  7.177624457286974e-01  1.356598898790413e-03 
 7.217624457286974e-01  1.050291449856838e+00  7.217624457286974e-01  1.434272525613935e+00  7.217624457286974e-01  4.617834068597689e-01  7.217624457286974e-01  3.128725234587189e-01  7.217624457286974e-01  2.773072196534593e-03  7.217624457286974e-01  1.029666095941395e+00  7.217624457286974e-01  2.325568146149410e-01  7.217624457286974e-01  1.352777260673494e-03 
 7.257624457286974e-01  1.049299433095466e+00  7.257624457286974e-01  1.435304761776088e+00  7.257624457286974e-01  4.603570668159118e-01  7.257624457286974e-01  3.130933833264842e-01  7.257624457286974e-01  2.776741534573691e-03  7.257624457286974e-01  1.031229207224213e+00  7.257624457286974e-01  2.323041660852625e-01  7.257624457286974e-01  1.348959155733482e-03 
 7.297624457286974e-01  1.048308729401916e+00  7.297624457286974e-01  1.436336028980505e+00  7.297624457286974e-01  4.589333652038824e-01  7.297624457286974e-01  3.133146046153641e-01  7.297624457286974e-01  2.780406015749582e-03  7.297624457286974e-01  1.032791497378929e+00  7.297624457286974e-01  2.320513473313248e-01  7.297624457286974e-01  1.345144634811553e-03 
 7.337624457286974e-01  1.047319355609073e+00  7.337624457286974e-01  1.437366313317770e+00  7.337624457286974e-01  4.575123382648694e-01  7.337624457286974e-01  3.135361943212267e-01  7.337624457286974e-01  2.784065577799665e-03  7.337624457286974e-01  1.034352956246363e+00  7.337624457286974e-01  2.317983606778596e-01  7.337624457286974e-01  1.341333749355863e-03 
 7.377624457286974e-01  1.046331328756789e+00  7.377624457286974e-01  1.438395600729232e+00  7.377624457286974e-01  4.560940227061316e-01  7.377624457286974e-01  3.137581595192934e-01  7.377624457286974e-01  2.787720157695779e-03  7.377624457286974e-01  1.035913573587803e+00  7.377624457286974e-01  2.315452085048232e-01  7.377624457286974e-01  1.337526551366516e-03 
 7.417624457286974e-01  1.045344666087246e+00  7.417624457286974e-01  1.439423876989817e+00  7.417624457286974e-01  4.546784556986587e-01  7.417624457286974e-01  3.139805073645993e-01  7.417624457286974e-01  2.791369691661412e-03  7.417624457286974e-01  1.037473339075008e+00  7.417624457286974e-01  2.312918932518942e-01  7.417624457286974e-01  1.333723093459155e-03 
 7.457624457286974e-01  1.044359385049066e+00  7.457624457286974e-01  1.440451127724645e+00  7.457624457286974e-01  4.532656748794940e-01  7.457624457286974e-01  3.142032450907767e-01  7.457624457286974e-01  2.795014115156394e-03  7.457624457286974e-01  1.039032242300623e+00  7.457624457286974e-01  2.310384174151036e-01  7.457624457286974e-01  1.329923428803517e-03 
 7.497624457286974e-01  1.043375503290582e+00  7.497624457286974e-01  1.441477338385774e+00  7.497624457286974e-01  4.518557183475476e-01  7.497624457286974e-01  3.144263800106175e-01  7.497624457286974e-01  2.798653362901929e-03  7.497624457286974e-01  1.040590272764552e+00  7.497624457286974e-01  2.307847835527814e-01  7.497624457286974e-01  1.326127611209484e-03 
 7.537624457286974e-01  1.042393038664102e+00  7.537624457286974e-01  1.442502494271312e+00  7.537624457286974e-01  4.504486246653105e-01  7.537624457286974e-01  3.146499195145431e-01  7.537624457286974e-01  2.802287368864656e-03  7.537624457286974e-01  1.042147419885884e+00  7.537624457286974e-01  2.305309942816013e-01  7.537624457286974e-01  1.322335695056302e-03 
 7.577624457286974e-01  1.041412009228680e+00  7.577624457286974e-01  1.443526580539878e+00  7.577624457286974e-01  4.490444328593153e-01  7.577624457286974e-01  3.148738710691858e-01  7.577624457286974e-01  2.805916066246578e-03  7.577624457286974e-01  1.043703673012021e+00  7.577624457286974e-01  2.302770522736887e-01  7.577624457286974e-01  1.318547735239154e-03 
 7.617624457286974e-01  1.040432433236220e+00  7.617624457286974e-01  1.444549582163823e+00  7.617624457286974e-01  4.476431824108019e-01  7.617624457286974e-01  3.150982422187503e-01  7.617624457286974e-01  2.809539387536318e-03  7.617624457286974e-01  1.045259021390895e+00  7.617624457286974e-01  2.300229602681364e-01  7.617624457286974e-01  1.314763787342202e-03 
 7.657624457286974e-01  1.039454329144766e+00  7.657624457286974e-01  1.445571483985277e+00  7.657624457286974e-01  4.462449132612967e-01  7.657624457286974e-01  3.153230405813989e-01  7.657624457286974e-01  2.813157264460009e-03  7.657624457286974e-01  1.046813454205163e+00  7.657624457286974e-01  2.297687210583434e-01  7.657624457286974e-01  1.310983907431221e-03 
 7.697624457286975e-01  1.038477715604750e+00  7.697624457286975e-01  1.446592270672344e+00  7.697624457286975e-01  4.448496658025075e-01  7.697624457286975e-01  3.155482738502464e-01  7.697624457286975e-01  2.816769628032202e-03  7.697624457286975e-01  1.048366960546248e+00  7.697624457286975e-01  2.295143375028574e-01  7.697624457286975e-01  1.307208152215642e-03 
 7.737624457286975e-01  1.037502611469486e+00  7.737624457286975e-01  1.447611926767243e+00  7.737624457286975e-01  4.434574808793863e-01  7.737624457286975e-01  3.157739497898606e-01  7.737624457286975e-01  2.820376408516997e-03  7.737624457286975e-01  1.049919529443748e+00  7.737624457286975e-01  2.292598125145318e-01  7.737624457286975e-01  1.303436578870562e-03 
 7.777624457286975e-01  1.036529035782137e+00  7.777624457286975e-01  1.448630436647778e+00  7.777624457286975e-01  4.420683997794900e-01  7.777624457286975e-01  3.160000762367493e-01  7.777624457286975e-01  2.823977535476247e-03  7.777624457286975e-01  1.051471149842669e+00  7.777624457286975e-01  2.290051490701431e-01  7.777624457286975e-01  1.299669245179122e-03 
 7.817624457286975e-01  1.035557007777080e+00  7.817624457286975e-01  1.449647784544027e+00  7.817624457286975e-01  4.406824642299173e-01  7.817624457286975e-01  3.162266610970868e-01  7.817624457286975e-01  2.827572937764567e-03  7.817624457286975e-01  1.053021810613929e+00  7.817624457286975e-01  2.287503502069854e-01  7.817624457286975e-01  1.295906209470906e-03 
 7.857624457286975e-01  1.034586546878242e+00  7.857624457286975e-01  1.450663954545260e+00  7.857624457286975e-01  4.392997163919974e-01  7.857624457286975e-01  3.164537123447565e-01  7.857624457286975e-01  2.831162543535421e-03  7.857624457286975e-01  1.054571500558937e+00  7.857624457286975e-01  2.284954190217424e-01  7.857624457286975e-01  1.292147530596260e-03 
 7.897624457286975e-01  1.033617672695788e+00  7.897624457286975e-01  1.451678930602156e+00  7.897624457286975e-01  4.379201988544905e-01  7.897624457286975e-01  3.166812380194694e-01  7.897624457286975e-01  2.834746280253415e-03  7.897624457286975e-01  1.056120208411384e+00  7.897624457286975e-01  2.282403586704796e-01  7.897624457286975e-01  1.288393267918150e-03 
 7.937624457286975e-01  1.032650405024846e+00  7.937624457286975e-01  1.452692696538355e+00  7.937624457286975e-01  4.365439546273224e-01  7.937624457286975e-01  3.169092462242831e-01  7.937624457286975e-01  2.838324074699018e-03  7.937624457286975e-01  1.057667922844597e+00  7.937624457286975e-01  2.279851723663956e-01  7.937624457286975e-01  1.284643481269423e-03 
 7.977624457286975e-01  1.031684763831604e+00  7.977624457286975e-01  1.453705236016191e+00  7.977624457286975e-01  4.351710271277319e-01  7.977624457286975e-01  3.171377451251463e-01  7.977624457286975e-01  2.841895853019956e-03  7.977624457286975e-01  1.059214632451451e+00  7.977624457286975e-01  2.277298633885281e-01  7.977624457286975e-01  1.280898231079482e-03 
 8.017624457286975e-01  1.030720769263305e+00  8.017624457286975e-01  1.454716532593858e+00  8.017624457286975e-01  4.338014601789981e-01  8.017624457286975e-01  3.173667429459034e-01  8.017624457286975e-01  2.845461540694229e-03  8.017624457286975e-01  1.060760325779105e+00  8.017624457286975e-01  2.274744350686121e-01  8.017624457286975e-01  1.277157578163008e-03 
 8.057624457286975e-01  1.029758441634965e+00  8.057624457286975e-01  1.455726569697102e+00  8.057624457286975e-01  4.324352979956193e-01  8.057624457286975e-01  3.175962479672223e-01  8.057624457286975e-01  2.849021062579326e-03  8.057624457286975e-01  1.062304991312463e+00  8.057624457286975e-01  2.272188907983289e-01  8.057624457286975e-01  1.273421583824432e-03 
 8.097624457286975e-01  1.028797801421663e+00  8.097624457286975e-01  1.456735330613597e+00  8.097624457286975e-01  4.310725851709116e-01  8.097624457286975e-01  3.178262685242558e-01  8.097624457286975e-01  2.852574342940624e-03  8.097624457286975e-01  1.063848617471284e+00  8.097624457286975e-01  2.269632340311975e-01  8.097624457286975e-01  1.269690309878955e-03 
 8.137624457286975e-01  1.027838869265738e+00  8.137624457286975e-01  1.457742798545163e+00  8.137624457286975e-01  4.297133666720838e-01  8.137624457286975e-01  3.180568130013349e-01  8.137624457286975e-01  2.856121305424894e-03  8.137624457286975e-01  1.065391192641885e+00  8.137624457286975e-01  2.267074682704938e-01  8.137624457286975e-01  1.265963818459272e-03 
 8.177624457286975e-01  1.026881665958077e+00  8.177624457286975e-01  1.458748956564897e+00  8.177624457286975e-01  4.283576878203046e-01  8.177624457286975e-01  3.182878898310527e-01  8.177624457286975e-01  2.859661873129362e-03  8.177624457286975e-01  1.066932705151929e+00  8.177624457286975e-01  2.264515970800484e-01  8.177624457286975e-01  1.262242172174156e-03 
 8.217624457286975e-01  1.025926212434821e+00  8.217624457286975e-01  1.459753787634079e+00  8.217624457286975e-01  4.270055942785475e-01  8.217624457286975e-01  3.185195074902836e-01  8.217624457286975e-01  2.863195968614056e-03  8.217624457286975e-01  1.068473143280998e+00  8.217624457286975e-01  2.261956240806761e-01  8.217624457286975e-01  1.258525434045960e-03 
 8.257624457286975e-01  1.024972529774791e+00  8.257624457286975e-01  1.460757274623921e+00  8.257624457286975e-01  4.256571320389624e-01  8.257624457286975e-01  3.187516744957555e-01  8.257624457286975e-01  2.866723513911207e-03  8.257624457286975e-01  1.070012495274051e+00  8.257624457286975e-01  2.259395529453857e-01  8.257624457286975e-01  1.254813667430174e-03 
 8.297624457286975e-01  1.024020639192758e+00  8.297624457286975e-01  1.461759400323809e+00  8.297624457286975e-01  4.243123474072029e-01  8.297624457286975e-01  3.189843994000687e-01  8.297624457286975e-01  2.870244430550192e-03  8.297624457286975e-01  1.071550749346772e+00  8.297624457286975e-01  2.256833873978178e-01  8.297624457286975e-01  1.251106935984873e-03 
 8.337624457286975e-01  1.023070562022428e+00  8.337624457286975e-01  1.462760147413434e+00  8.337624457286975e-01  4.229712869803270e-01  8.337624457286975e-01  3.192176907892832e-01  8.337624457286975e-01  2.873758639620490e-03  8.337624457286975e-01  1.073087893669368e+00  8.337624457286975e-01  2.254271312194707e-01  8.337624457286975e-01  1.247405303773882e-03 
 8.377624457286975e-01  1.022122319721763e+00  8.377624457286975e-01  1.463759498520626e+00  8.377624457286975e-01  4.216339976359682e-01  8.377624457286975e-01  3.194515572761014e-01  8.377624457286975e-01  2.877266061751938e-03  8.377624457286975e-01  1.074623916401535e+00  8.377624457286975e-01  2.251707882360744e-01  8.377624457286975e-01  1.243708835052791e-03 
 8.417624457286975e-01  1.021175933850621e+00  8.417624457286975e-01  1.464757436177890e+00  8.417624457286975e-01  4.203005265056569e-01  8.417624457286975e-01  3.196860074977845e-01  8.417624457286975e-01  2.880766617197495e-03  8.417624457286975e-01  1.076158805666938e+00  8.417624457286975e-01  2.249143623285917e-01  8.417624457286975e-01  1.240017594429764e-03 
 8.457624457286975e-01  1.020231426073836e+00  8.457624457286975e-01  1.465753942876805e+00  8.457624457286975e-01  4.189709209609810e-01  8.457624457286975e-01  3.199210501090832e-01  8.457624457286975e-01  2.884260225821811e-03  8.457624457286975e-01  1.077692549586088e+00  8.457624457286975e-01  2.246578574203582e-01  8.457624457286975e-01  1.236331646664299e-03 
 8.497624457286975e-01  1.019288818140457e+00  8.497624457286975e-01  1.466749001035088e+00  8.497624457286975e-01  4.176452285860091e-01  8.497624457286975e-01  3.201566937791974e-01  8.497624457286975e-01  2.887746807178055e-03  8.497624457286975e-01  1.079225136257105e+00  8.497624457286975e-01  2.244012774855168e-01  8.497624457286975e-01  1.232651056789076e-03 
 8.537624457286975e-01  1.018348131880513e+00  8.537624457286975e-01  1.467742593032052e+00  8.537624457286975e-01  4.163234971582357e-01  8.537624457286975e-01  3.203929471851805e-01  8.537624457286975e-01  2.891226280519835e-03  8.537624457286975e-01  1.080756553777265e+00  8.537624457286975e-01  2.241446265407228e-01  8.537624457286975e-01  1.228975889978763e-03 
 8.577624457286975e-01  1.017409389198375e+00  8.577624457286975e-01  1.468734701233888e+00  8.577624457286975e-01  4.150057746266941e-01  8.577624457286975e-01  3.206298190056182e-01  8.577624457286975e-01  2.894698564825819e-03  8.577624457286975e-01  1.082286790258422e+00  8.577624457286975e-01  2.238879086392647e-01  8.577624457286975e-01  1.225306211456542e-03 
 8.617624457286975e-01  1.016472612045134e+00  8.617624457286975e-01  1.469725307942245e+00  8.617624457286975e-01  4.136921090780009e-01  8.617624457286975e-01  3.208673179178387e-01  8.617624457286975e-01  2.898163578901820e-03  8.617624457286975e-01  1.083815833796793e+00  8.617624457286975e-01  2.236311278840479e-01  8.617624457286975e-01  1.221642086684312e-03 
 8.657624457286975e-01  1.015537822422977e+00  8.657624457286975e-01  1.470714395465801e+00  8.657624457286975e-01  4.123825487184881e-01  8.657624457286975e-01  3.211054525888664e-01  8.657624457286975e-01  2.901621241364668e-03  8.657624457286975e-01  1.085343672515922e+00  8.657624457286975e-01  2.233742884103047e-01  8.657624457286975e-01  1.217983581097908e-03 
 8.697624457286975e-01  1.014605042370054e+00  8.697624457286975e-01  1.471701946120997e+00  8.697624457286975e-01  4.110771418449555e-01  8.697624457286975e-01  3.213442316696271e-01  8.697624457286975e-01  2.905071470698214e-03  8.697624457286975e-01  1.086870294567426e+00  8.697624457286975e-01  2.231173943856633e-01  8.697624457286975e-01  1.214330760104416e-03 
 8.737624457286975e-01  1.013674293938616e+00  8.737624457286975e-01  1.472687942209884e+00  8.737624457286975e-01  4.097759368109515e-01  8.737624457286975e-01  3.215836637900656e-01  8.737624457286975e-01  2.908514185334071e-03  8.737624457286975e-01  1.088395688118199e+00  8.737624457286975e-01  2.228604500158917e-01  8.737624457286975e-01  1.210683689164110e-03 
 8.777624457286975e-01  1.012745599186093e+00  8.777624457286975e-01  1.473672366049107e+00  8.777624457286975e-01  4.084789819989683e-01  8.777624457286975e-01  3.218237575515270e-01  8.777624457286975e-01  2.911949303684751e-03  8.777624457286975e-01  1.089919841367942e+00  8.777624457286975e-01  2.226034595379912e-01  8.777624457286975e-01  1.207042433683262e-03 
 8.817624457286976e-01  1.011818980169705e+00  8.817624457286976e-01  1.474655200014797e+00  8.817624457286976e-01  4.071863257934850e-01  8.817624457286976e-01  3.220645215181160e-01  8.817624457286976e-01  2.915376744163537e-03  8.817624457286976e-01  1.091442742576118e+00  8.817624457286976e-01  2.223464272092423e-01  8.817624457286976e-01  1.203407058848031e-03 
 8.857624457286976e-01  1.010894458918862e+00  8.857624457286976e-01  1.475636426506219e+00  8.857624457286976e-01  4.058980165414073e-01  8.857624457286976e-01  3.223059642118843e-01  8.857624457286976e-01  2.918796425286559e-03  8.857624457286976e-01  1.092964380040653e+00  8.857624457286976e-01  2.220893573164115e-01  8.857624457286976e-01  1.199777629759025e-03 
 8.897624457286976e-01  1.009972057422469e+00  8.897624457286976e-01  1.476616027967860e+00  8.897624457286976e-01  4.046141025194557e-01  8.897624457286976e-01  3.225480941049132e-01  8.897624457286976e-01  2.922208265719794e-03  8.897624457286976e-01  1.094484742111317e+00  8.897624457286976e-01  2.218322541704346e-01  8.897624457286976e-01  1.196154211349502e-03 
 8.937624457286976e-01  1.009051797626092e+00  8.937624457286976e-01  1.477593986951267e+00  8.937624457286976e-01  4.033346319057135e-01  8.937624457286976e-01  3.227909196092035e-01  8.937624457286976e-01  2.925612184289502e-03  8.937624457286976e-01  1.096003817226612e+00  8.937624457286976e-01  2.215751220910889e-01  8.937624457286976e-01  1.192536868156676e-03 
 8.977624457286976e-01  1.008133701395451e+00  8.977624457286976e-01  1.478570286052059e+00  8.977624457286976e-01  4.020596527327739e-01  8.977624457286976e-01  3.230344490726123e-01  8.977624457286976e-01  2.929008100117301e-03  8.977624457286976e-01  1.097521593876670e+00  8.977624457286976e-01  2.213179654228206e-01  8.977624457286976e-01  1.188925664554748e-03 
 9.017624457286976e-01  1.007217790518611e+00  9.017624457286976e-01  1.479544907995082e+00  9.017624457286976e-01  4.007892128601429e-01  9.017624457286976e-01  3.232786907671886e-01  9.017624457286976e-01  2.932395932612019e-03  9.017624457286976e-01  1.099038060653872e+00  9.017624457286976e-01  2.210607885134861e-01  9.017624457286976e-01  1.185320664439847e-03 
 9.057624457286976e-01  1.006304086677196e+00  9.057624457286976e-01  1.480517835605083e+00  9.057624457286976e-01  3.995233599297143e-01  9.057624457286976e-01  3.235236528830822e-01  9.057624457286976e-01  2.935775601576223e-03  9.057624457286976e-01  1.100553206235655e+00  9.057624457286976e-01  2.208035957217040e-01  9.057624457286976e-01  1.181721931338523e-03 
 9.097624457286976e-01  1.005392611428242e+00  9.097624457286976e-01  1.481489051819269e+00  9.097624457286976e-01  3.982621413260012e-01  9.097624457286976e-01  3.237693435201850e-01  9.097624457286976e-01  2.939147027273306e-03  9.097624457286976e-01  1.102067019392103e+00  9.097624457286976e-01  2.205463914137131e-01  9.097624457286976e-01  1.178129528361359e-03 
 9.137624457286976e-01  1.004483386199643e+00  9.137624457286976e-01  1.482458539753325e+00  9.137624457286976e-01  3.970056041425513e-01  9.137624457286976e-01  3.240157706769169e-01  9.137624457286976e-01  2.942510130444335e-03  9.137624457286976e-01  1.103579489025066e+00  9.137624457286976e-01  2.202891799466725e-01  9.137624457286976e-01  1.174543517958728e-03 
 9.177624457286976e-01  1.003576432255681e+00  9.177624457286976e-01  1.483426282656196e+00  9.177624457286976e-01  3.957537951322748e-01  9.177624457286976e-01  3.242629422444979e-01  9.177624457286976e-01  2.945864832435551e-03  9.177624457286976e-01  1.105090604141525e+00  9.177624457286976e-01  2.200319656799475e-01  9.177624457286976e-01  1.170963962088003e-03 
 9.217624457286976e-01  1.002671770685548e+00  9.217624457286976e-01  1.484392263953355e+00  9.217624457286976e-01  3.945067606689631e-01  9.217624457286976e-01  3.245108659966234e-01  9.217624457286976e-01  2.949211055240864e-03  9.217624457286976e-01  1.106600353879215e+00  9.217624457286976e-01  2.197747529640742e-01  9.217624457286976e-01  1.167390922053600e-03 
 9.257624457286976e-01  1.001769422388141e+00  9.257624457286976e-01  1.485356467277651e+00  9.257624457286976e-01  3.932645467061727e-01  9.257624457286976e-01  3.247595495796559e-01  9.257624457286976e-01  2.952548721557993e-03  9.257624457286976e-01  1.108108727524829e+00  9.257624457286976e-01  2.195175461327440e-01  9.257624457286976e-01  1.163824458392840e-03 
 9.297624457286976e-01  1.000869408046148e+00  9.297624457286976e-01  1.486318876460816e+00  9.297624457286976e-01  3.920271987301900e-01  9.297624457286976e-01  3.250090005047216e-01  9.297624457286976e-01  2.955877754884447e-03  9.297624457286976e-01  1.109615714508997e+00  9.297624457286976e-01  2.192603495047228e-01  9.297624457286976e-01  1.160264630907353e-03 
 9.337624457286976e-01  9.999717481041437e-01  9.337624457286976e-01  1.487279475541616e+00  9.337624457286976e-01  3.907947617145444e-01  9.337624457286976e-01  3.252592261389117e-01  9.337624457286976e-01  2.959198079598469e-03  9.337624457286976e-01  1.111121304411070e+00  9.337624457286976e-01  2.190031673815412e-01  9.337624457286976e-01  1.156711498632916e-03 
 9.377624457286976e-01  9.990764627613484e-01  9.377624457286976e-01  1.488238248830006e+00  9.377624457286976e-01  3.895672800814654e-01  9.377624457286976e-01  3.255102336935338e-01  9.377624457286976e-01  2.962509620985829e-03  9.377624457286976e-01  1.112625486996806e+00  9.377624457286976e-01  2.187460040308369e-01  9.377624457286976e-01  1.153165119602203e-03 
 9.417624457286976e-01  9.981835719409589e-01  9.417624457286976e-01  1.489195180883921e+00  9.417624457286976e-01  3.883447976512049e-01  9.417624457286976e-01  3.257620302168267e-01  9.417624457286976e-01  2.965812305353280e-03  9.417624457286976e-01  1.114128252204585e+00  9.417624457286976e-01  2.184888636918848e-01  9.417624457286976e-01  1.149625550930563e-03 
 9.457624457286976e-01  9.972930952688573e-01  9.457624457286976e-01  1.490150256521952e+00  9.457624457286976e-01  3.871273575958565e-01  9.457624457286976e-01  3.260146225848318e-01  9.457624457286976e-01  2.969106060107265e-03  9.457624457286976e-01  1.115629590152740e+00  9.457624457286976e-01  2.182317505719873e-01  9.457624457286976e-01  1.146092848769232e-03 
 9.497624457286976e-01  9.964050520621521e-01  9.497624457286976e-01  1.491103460873284e+00  9.497624457286976e-01  3.859150023978829e-01  9.497624457286976e-01  3.262680174903324e-01  9.497624457286976e-01  2.972390813796398e-03  9.497624457286976e-01  1.117129491168702e+00  9.497624457286976e-01  2.179746688332234e-01  9.497624457286976e-01  1.142567068120494e-03 
 9.537624457286976e-01  9.955194613032868e-01  9.537624457286976e-01  1.492054779373575e+00  9.537624457286976e-01  3.847077738013507e-01  9.537624457286976e-01  3.265222214346331e-01  9.537624457286976e-01  2.975666496207132e-03  9.537624457286976e-01  1.118627945786350e+00  9.537624457286976e-01  2.177176225929906e-01  9.537624457286976e-01  1.139048262853025e-03 
 9.577624457286976e-01  9.946363416174629e-01  9.577624457286976e-01  1.493004197772899e+00  9.577624457286976e-01  3.835057127648585e-01  9.577624457286976e-01  3.267772407187763e-01  9.577624457286976e-01  2.978933038447342e-03  9.577624457286976e-01  1.120124944750420e+00  9.577624457286976e-01  2.174606159214288e-01  9.577624457286976e-01  1.135536485672464e-03 
 9.617624457286976e-01  9.937557112606653e-01  9.617624457286976e-01  1.493951702183629e+00  9.617624457286976e-01  3.823088594197674e-01  9.617624457286976e-01  3.270330814327682e-01  9.617624457286976e-01  2.982190372990566e-03  9.617624457286976e-01  1.121620479044278e+00  9.617624457286976e-01  2.172036528284857e-01  9.617624457286976e-01  1.132031787944310e-03 
 9.657624457286976e-01  9.928775880911312e-01  9.657624457286976e-01  1.494897279064828e+00  9.657624457286976e-01  3.811172530205112e-01  9.657624457286976e-01  3.272897494482128e-01  9.657624457286976e-01  2.985438433781549e-03  9.657624457286976e-01  1.123114539880413e+00  9.657624457286976e-01  2.169467372672869e-01  9.657624457286976e-01  1.128534219751642e-03 
 9.697624457286976e-01  9.920019895543837e-01  9.697624457286976e-01  1.495840915257113e+00  9.697624457286976e-01  3.799309319018817e-01  9.697624457286976e-01  3.275472504084588e-01  9.697624457286976e-01  2.988677156291643e-03  9.697624457286976e-01  1.124607118720495e+00  9.697624457286976e-01  2.166898731244459e-01  9.697624457286976e-01  1.125043829766244e-03 
 9.737624457286976e-01  9.911289326622034e-01  9.737624457286976e-01  1.496782597993429e+00  9.737624457286976e-01  3.787499334337475e-01  9.737624457286976e-01  3.278055897201685e-01  9.737624457286976e-01  2.991906477596516e-03  9.737624457286976e-01  1.126098207281234e+00  9.737624457286976e-01  2.164330642165134e-01  9.737624457286976e-01  1.121560665208601e-03 
 9.777624457286976e-01  9.902584339777712e-01  9.777624457286976e-01  1.497722314931468e+00  9.777624457286976e-01  3.775742939792887e-01  9.777624457286976e-01  3.280647725439265e-01  9.777624457286976e-01  2.995126336431193e-03  9.777624457286976e-01  1.127587797552868e+00  9.777624457286976e-01  2.161763142807650e-01  9.777624457286976e-01  1.118084771728131e-03 
 9.817624457286976e-01  9.893905095845728e-01  9.817624457286976e-01  1.498660054123014e+00  9.817624457286976e-01  3.764040488460723e-01  9.817624457286976e-01  3.283248037884033e-01  9.817624457286976e-01  2.998336673304984e-03  9.817624457286976e-01  1.129075881780745e+00  9.817624457286976e-01  2.159196269823415e-01  9.817624457286976e-01  1.114616193516495e-03 
 9.857624457286976e-01  9.885251750831567e-01  9.857624457286976e-01  1.499595804086537e+00  9.857624457286976e-01  3.752392322512628e-01  9.857624457286976e-01  3.285856880993093e-01  9.857624457286976e-01  3.001537430513544e-03  9.857624457286976e-01  1.130562452507181e+00  9.857624457286976e-01  2.156630058944585e-01  9.857624457286976e-01  1.111154973039088e-03 
 9.897624457286976e-01  9.876624455641383e-01  9.897624457286976e-01  1.500529553787568e+00  9.897624457286976e-01  3.740798772762766e-01  9.897624457286976e-01  3.288474298534889e-01  9.897624457286976e-01  3.004728552238719e-03  9.897624457286976e-01  1.132047502559387e+00  9.897624457286976e-01  2.154064545025729e-01  9.897624457286976e-01  1.107701151107673e-03 
 9.937624457286977e-01  9.868023355924169e-01  9.937624457286977e-01  1.501461292658750e+00  9.937624457286977e-01  3.729260158278147e-01  9.937624457286977e-01  3.291100331512107e-01  9.937624457286977e-01  3.007909984606847e-03  9.937624457286977e-01  1.133531025060540e+00  9.937624457286977e-01  2.151499761981665e-01  9.937624457286977e-01  1.104254766806173e-03 
 9.977624457286977e-01  9.859448591941156e-01  9.977624457286977e-01  1.502391010627460e+00  9.977624457286977e-01  3.717776786012389e-01  9.977624457286977e-01  3.293735018083866e-01  9.977624457286977e-01  3.011081675737199e-03  9.977624457286977e-01  1.135013013445201e+00  9.977624457286977e-01  2.148935742704716e-01  9.977624457286977e-01  1.100815857388473e-03 
 1.001762445728698e+00  9.850900298345113e-01  1.001762445728698e+00  1.503318698105748e+00  1.001762445728698e+00  3.706348950409052e-01  1.001762445728698e+00  3.296378393511261e-01  1.001762445728698e+00  3.014243575823507e-03  1.001762445728698e+00  1.136493461452729e+00  1.001762445728698e+00  2.146372519080471e-01  1.001762445728698e+00  1.097384458315755e-03 
 1.005762445728698e+00  9.842378604083790e-01  1.005762445728698e+00  1.504244346024244e+00  1.005762445728698e+00  3.694976933076458e-01  1.005762445728698e+00  3.299030490083363e-01  1.005762445728698e+00  3.017395637169708e-03  1.005762445728698e+00  1.137972363146263e+00  1.005762445728698e+00  2.143810121887400e-01  1.005762445728698e+00  1.093960603130903e-03 
 1.009762445728698e+00  9.833883632219025e-01  1.009762445728698e+00  1.505167945829861e+00  1.009762445728698e+00  3.683661002437078e-01  1.009762445728698e+00  3.301691337066310e-01  1.009762445728698e+00  3.020537814256898e-03  1.009762445728698e+00  1.139449712910588e+00  1.009762445728698e+00  2.141248580791391e-01  1.009762445728698e+00  1.090544323467168e-03 
 1.013762445728698e+00  9.825415499821772e-01  1.013762445728698e+00  1.506089489508798e+00  1.013762445728698e+00  3.672401413427185e-01  1.013762445728698e+00  3.304360960643178e-01  1.013762445728698e+00  3.023670063782057e-03  1.013762445728698e+00  1.140925505464651e+00  1.013762445728698e+00  2.138687924272967e-01  1.013762445728698e+00  1.087135648962987e-03 
 1.017762445728698e+00  9.816974317791647e-01  1.017762445728698e+00  1.507008969576065e+00  1.017762445728698e+00  3.661198407178107e-01  1.017762445728698e+00  3.307039383876061e-01  1.017762445728698e+00  3.026792344724923e-03  1.017762445728698e+00  1.142399735854623e+00  1.017762445728698e+00  2.136128179642736e-01  1.017762445728698e+00  1.083734607300726e-03 
 1.021762445728698e+00  9.808560190827735e-01  1.021762445728698e+00  1.507926379118623e+00  1.021762445728698e+00  3.650052210783615e-01  1.021762445728698e+00  3.309726626643941e-01  1.021762445728698e+00  3.029904618358695e-03  1.021762445728698e+00  1.143872399478006e+00  1.021762445728698e+00  2.133569372914323e-01  1.021762445728698e+00  1.080341224047170e-03 
 1.025762445728698e+00  9.800173217229813e-01  1.025762445728698e+00  1.508841711768736e+00  1.025762445728698e+00  3.638963037007664e-01  1.025762445728698e+00  3.312422705622783e-01  1.025762445728698e+00  3.033006848323601e-03  1.025762445728698e+00  1.145343492067231e+00  1.025762445728698e+00  2.131011528861970e-01  1.025762445728698e+00  1.076955522752055e-03 
 1.029762445728698e+00  9.791813488889770e-01  1.029762445728698e+00  1.509754961745347e+00  1.029762445728698e+00  3.627931084097433e-01  1.029762445728698e+00  3.315127634233843e-01  1.029762445728698e+00  3.036099000630062e-03  1.029762445728698e+00  1.146813009712649e+00  1.029762445728698e+00  2.128454670897039e-01  1.029762445728698e+00  1.073577524795002e-03 
 1.033762445728698e+00  9.783481091100910e-01  1.033762445728698e+00  1.510666123820583e+00  1.033762445728698e+00  3.616956535532984e-01  1.033762445728698e+00  3.317841422637530e-01  1.033762445728698e+00  3.039181043729208e-03  1.033762445728698e+00  1.148280948842116e+00  1.033762445728698e+00  2.125898821143668e-01  1.033762445728698e+00  1.070207249509437e-03 
 1.037762445728698e+00  9.775176102602544e-01  1.037762445728698e+00  1.511575193371075e+00  1.037762445728698e+00  3.606039559903624e-01  1.037762445728698e+00  3.320564077686268e-01  1.037762445728698e+00  3.042252948496465e-03  1.037762445728698e+00  1.149747306249655e+00  1.037762445728698e+00  2.123344000287749e-01  1.037762445728698e+00  1.066844713992777e-03 
 1.041762445728698e+00  9.766898595404944e-01  1.041762445728698e+00  1.512482166339880e+00  1.041762445728698e+00  3.595180310705233e-01  1.041762445728698e+00  3.323295602931259e-01  1.041762445728698e+00  3.045314688296146e-03  1.041762445728698e+00  1.151212079072335e+00  1.041762445728698e+00  2.120790227664497e-01  1.041762445728698e+00  1.063489933247248e-03 
 1.045762445728698e+00  9.758648634840913e-01  1.045762445728698e+00  1.513387039279761e+00  1.045762445728698e+00  3.584378926260727e-01  1.045762445728698e+00  3.326035998590185e-01  1.045762445728698e+00  3.048366238962545e-03  1.045762445728698e+00  1.152675264814197e+00  1.045762445728698e+00  2.118237521127990e-01  1.045762445728698e+00  1.060142920019815e-03 
 1.049762445728698e+00  9.750426279461798e-01  1.049762445728698e+00  1.514289809331059e+00  1.049762445728698e+00  3.573635529592122e-01  1.049762445728698e+00  3.328785261555760e-01  1.049762445728698e+00  3.051407578838311e-03  1.049762445728698e+00  1.154136861332308e+00  1.049762445728698e+00  2.115685897095735e-01  1.049762445728698e+00  1.056803684884020e-03 
 1.053762445728698e+00  9.742231580990011e-01  1.053762445728698e+00  1.515190474216024e+00  1.053762445728698e+00  3.562950228339672e-01  1.053762445728698e+00  3.331543385401043e-01  1.053762445728698e+00  3.054438688792007e-03  1.053762445728698e+00  1.155596866832362e+00  1.053762445728698e+00  2.113135370549291e-01  1.053762445728698e+00  1.053472236260958e-03 
 1.057762445728698e+00  9.734064584378569e-01  1.057762445728698e+00  1.516089032268071e+00  1.057762445728698e+00  3.552323114750081e-01  1.057762445728698e+00  3.334310360370464e-01  1.057762445728698e+00  3.057459552196112e-03  1.057762445728698e+00  1.157055279884363e+00  1.057762445728698e+00  2.110585954940363e-01  1.057762445728698e+00  1.050148580311063e-03 
 1.061762445728698e+00  9.725925327763132e-01  1.061762445728698e+00  1.516985482414388e+00  1.061762445728698e+00  3.541754265639038e-01  1.061762445728698e+00  3.337086173402030e-01  1.061762445728698e+00  3.060470154944766e-03  1.061762445728698e+00  1.158512099411391e+00  1.061762445728698e+00  2.108037662222446e-01  1.061762445728698e+00  1.046832720998442e-03 
 1.065762445728698e+00  9.717813842456878e-01  1.065762445728698e+00  1.517879824169332e+00  1.065762445728698e+00  3.531243742394881e-01  1.065762445728698e+00  3.339870808148923e-01  1.065762445728698e+00  3.063470485455655e-03  1.065762445728698e+00  1.159967324684581e+00  1.065762445728698e+00  2.105490502853550e-01  1.065762445728698e+00  1.043524660115265e-03 
 1.069762445728698e+00  9.709730153038786e-01  1.069762445728698e+00  1.518772057657916e+00  1.069762445728698e+00  3.520791591044340e-01  1.069762445728698e+00  3.342664244989393e-01  1.069762445728698e+00  3.066460534637326e-03  1.069762445728698e+00  1.161420955335410e+00  1.069762445728698e+00  2.102944485717074e-01  1.069762445728698e+00  1.040224397194966e-03 
 1.073762445728698e+00  9.701674277302400e-01  1.073762445728698e+00  1.519662183580341e+00  1.073762445728698e+00  3.510397842279680e-01  1.073762445728698e+00  3.345466461074723e-01  1.073762445728698e+00  3.069440295908194e-03  1.073762445728698e+00  1.162872991334019e+00  1.073762445728698e+00  2.100399618202698e-01  1.073762445728698e+00  1.036931929643358e-03 
 1.077762445728698e+00  9.693646226346446e-01  1.077762445728698e+00  1.520550203225324e+00  1.077762445728698e+00  3.500062511568748e-01  1.077762445728698e+00  3.348277430354847e-01  1.077762445728698e+00  3.072409765163006e-03  1.077762445728698e+00  1.164323432995644e+00  1.077762445728698e+00  2.097855906154862e-01  1.077762445728698e+00  1.033647252689388e-03 
 1.081762445728698e+00  9.685646004588551e-01  1.081762445728698e+00  1.521436118448729e+00  1.081762445728698e+00  3.489785599252652e-01  1.081762445728698e+00  3.351097123628358e-01  1.081762445728698e+00  3.075368940767742e-03  1.081762445728698e+00  1.165772280967069e+00  1.081762445728698e+00  2.095313353915744e-01  1.081762445728698e+00  1.030370359464125e-03 
 1.085762445728698e+00  9.677673609948599e-01  1.085762445728698e+00  1.522319931712100e+00  1.085762445728698e+00  3.479567090735947e-01  1.085762445728698e+00  3.353925508563365e-01  1.085762445728698e+00  3.078317823491798e-03  1.085762445728698e+00  1.167219536247448e+00  1.085762445728698e+00  2.092771964204349e-01  1.085762445728698e+00  1.027101240858294e-03 
 1.089762445728698e+00  9.669729033765185e-01  1.089762445728698e+00  1.523201646013392e+00  1.089762445728698e+00  3.469406956584147e-01  1.089762445728698e+00  3.356762549783590e-01  1.089762445728698e+00  3.081256416538932e-03  1.089762445728698e+00  1.168665200147296e+00  1.089762445728698e+00  2.090231738290839e-01  1.089762445728698e+00  1.023839885778429e-03 
 1.093762445728698e+00  9.661812261024273e-01  1.093762445728698e+00  1.524081264933129e+00  1.093762445728698e+00  3.459305152771862e-01  1.093762445728698e+00  3.359608208893774e-01  1.093762445728698e+00  3.084184725462623e-03  1.093762445728698e+00  1.170109274313652e+00  1.093762445728698e+00  2.087692675854777e-01  1.093762445728698e+00  1.020586280976222e-03 
 1.097762445728698e+00  9.653923270319554e-01  1.097762445728698e+00  1.524958792572306e+00  1.097762445728698e+00  3.449261620837518e-01  1.097762445728698e+00  3.362462444570253e-01  1.097762445728698e+00  3.087102758180792e-03  1.097762445728698e+00  1.171551760693256e+00  1.097762445728698e+00  2.085154775140732e-01  1.097762445728698e+00  1.017340411278100e-03 
 1.101762445728698e+00  9.646062034149140e-01  1.101762445728698e+00  1.525834233615600e+00  1.101762445728698e+00  3.439276288195324e-01  1.101762445728698e+00  3.365325212584427e-01  1.101762445728698e+00  3.090010524866033e-03  1.101762445728698e+00  1.172992661567398e+00  1.101762445728698e+00  2.082618032769059e-01  1.101762445728698e+00  1.014102259351543e-03 
 1.105762445728698e+00  9.638228518818609e-01  1.105762445728698e+00  1.526707593238488e+00  1.105762445728698e+00  3.429349068301550e-01  1.105762445728698e+00  3.368196465918522e-01  1.105762445728698e+00  3.092908037981444e-03  1.105762445728698e+00  1.174431979497543e+00  1.105762445728698e+00  2.080082443977306e-01  1.105762445728698e+00  1.010871806048554e-03 
 1.109762445728698e+00  9.630422684739289e-01  1.109762445728698e+00  1.527578877162629e+00  1.109762445728698e+00  3.419479860999860e-01  1.109762445728698e+00  3.371076154800330e-01  1.109762445728698e+00  3.095795312170373e-03  1.109762445728698e+00  1.175869717355700e+00  1.109762445728698e+00  2.077548002452551e-01  1.109762445728698e+00  1.007649030200806e-03 
 1.113762445728698e+00  9.622644486471847e-01  1.113762445728698e+00  1.528448091609486e+00  1.113762445728698e+00  3.409668552776791e-01  1.113762445728698e+00  3.373964226799139e-01  1.113762445728698e+00  3.098672364240204e-03  1.113762445728698e+00  1.177305878296663e+00  1.113762445728698e+00  2.075014700445262e-01  1.113762445728698e+00  1.004433908791298e-03 
 1.117762445728698e+00  9.614893872859577e-01  1.117762445728698e+00  1.529315243284803e+00  1.117762445728698e+00  3.399915017068731e-01  1.117762445728698e+00  3.376860626906937e-01  1.117762445728698e+00  3.101539213113137e-03  1.117762445728698e+00  1.178740465747903e+00  1.117762445728698e+00  2.072482528798264e-01  1.117762445728698e+00  1.001226417011597e-03 
 1.121762445728698e+00  9.607170787234260e-01  1.121762445728698e+00  1.530180339387898e+00  1.121762445728698e+00  3.390219114610752e-01  1.121762445728698e+00  3.379765297607848e-01  1.121762445728698e+00  3.104395879749988e-03  1.121762445728698e+00  1.180173483413636e+00  1.121762445728698e+00  2.069951476906977e-01  1.121762445728698e+00  9.980265282276226e-04 
 1.125762445728698e+00  9.599475167595880e-01  1.125762445728698e+00  1.531043387608098e+00  1.125762445728698e+00  3.380580693786417e-01  1.125762445728698e+00  3.382678178957258e-01  1.125762445728698e+00  3.107242387083752e-03  1.125762445728698e+00  1.181604935271498e+00  1.125762445728698e+00  2.067421532715073e-01  1.125762445728698e+00  9.948342139927426e-04 
 1.129762445728698e+00  9.591806946603820e-01  1.129762445728698e+00  1.531904396045456e+00  1.129762445728698e+00  3.370999590914127e-01  1.129762445728698e+00  3.385599208706798e-01  1.129762445728698e+00  3.110078760022796e-03  1.129762445728698e+00  1.183034825526256e+00  1.129762445728698e+00  2.064892682922750e-01  1.129762445728698e+00  9.916494443410729e-04 
 1.133762445728698e+00  9.584166051970976e-01  1.133762445728698e+00  1.532763373284735e+00  1.133762445728698e+00  3.361475630702945e-01  1.133762445728698e+00  3.388528322342293e-01  1.133762445728698e+00  3.112905025305194e-03  1.133762445728698e+00  1.184463158650642e+00  1.133762445728698e+00  2.062364912766473e-01  1.133762445728698e+00  9.884721875138031e-04 
 1.137762445728698e+00  9.576552406446461e-01  1.137762445728698e+00  1.533620328308592e+00  1.137762445728698e+00  3.352008626554147e-01  1.137762445728698e+00  3.391465453216528e-01  1.137762445728698e+00  3.115721211504995e-03  1.137762445728698e+00  1.185889939334853e+00  1.137762445728698e+00  2.059838206249250e-01  1.137762445728698e+00  9.853024102802943e-04 
 1.141762445728698e+00  9.568965928121013e-01  1.141762445728698e+00  1.534475270533354e+00  1.141762445728698e+00  3.342598380997551e-01  1.141762445728698e+00  3.394410532611852e-01  1.141762445728698e+00  3.118527348919347e-03  1.141762445728698e+00  1.187315172505669e+00  1.141762445728698e+00  2.057312546027630e-01  1.141762445728698e+00  9.821400778058159e-04 
 1.145762445728698e+00  9.561406530499734e-01  1.145762445728698e+00  1.535328209753425e+00  1.145762445728698e+00  3.333244686043190e-01  1.145762445728698e+00  3.397363489856993e-01  1.145762445728698e+00  3.121323469541572e-03  1.145762445728698e+00  1.188738863293781e+00  1.145762445728698e+00  2.054787913555796e-01  1.145762445728698e+00  9.789851538571106e-04 
 1.149762445728698e+00  9.553874122771294e-01  1.149762445728698e+00  1.536179156160546e+00  1.149762445728698e+00  3.323947323614521e-01  1.149762445728698e+00  3.400324252400861e-01  1.149762445728698e+00  3.124109606961553e-03  1.149762445728698e+00  1.190161017043564e+00  1.149762445728698e+00  2.052264289019295e-01  1.149762445728698e+00  9.758376007311542e-04 
 1.153762445728698e+00  9.546368609935181e-01  1.153762445728698e+00  1.537028120307012e+00  1.153762445728698e+00  3.314706065931045e-01  1.153762445728698e+00  3.403292745919472e-01  1.153762445728698e+00  3.126885796318733e-03  1.153762445728698e+00  1.191581639291140e+00  1.153762445728698e+00  2.049741651427278e-01  1.153762445728698e+00  9.726973793913104e-04 
 1.157762445728698e+00  9.538889892972665e-01  1.157762445728698e+00  1.537875113085092e+00  1.157762445728698e+00  3.305520675911101e-01  1.157762445728698e+00  3.406268894413609e-01  1.157762445728698e+00  3.129652074238805e-03  1.157762445728698e+00  1.193000735751652e+00  1.157762445728698e+00  2.047219978659557e-01  1.157762445728698e+00  9.695644495432936e-04 
 1.161762445728698e+00  9.531437869103634e-01  1.161762445728698e+00  1.538720145739431e+00  1.161762445728698e+00  3.296390907609170e-01  1.161762445728698e+00  3.409252620286962e-01  1.161762445728698e+00  3.132408478738776e-03  1.161762445728698e+00  1.194418312325201e+00  1.161762445728698e+00  2.044699247420475e-01  1.161762445728698e+00  9.664387695894293e-04 
 1.165762445728698e+00  9.524012431886577e-01  1.165762445728698e+00  1.539563229818385e+00  1.165762445728698e+00  3.287316506594987e-01  1.165762445728698e+00  3.412243844459947e-01  1.165762445728698e+00  3.135155049189919e-03  1.165762445728698e+00  1.195834375068320e+00  1.165762445728698e+00  2.042179433366565e-01  1.165762445728698e+00  9.633202968086063e-04 
 1.169762445728698e+00  9.516613471483689e-01  1.169762445728698e+00  1.540404377189328e+00  1.169762445728698e+00  3.278297210394788e-01  1.169762445728698e+00  3.415242486445139e-01  1.169762445728698e+00  3.137891826219808e-03  1.169762445728698e+00  1.197248930201585e+00  1.169762445728698e+00  2.039660511052704e-01  1.169762445728698e+00  9.602089872996522e-04 
 1.173762445728698e+00  9.509240874768481e-01  1.173762445728698e+00  1.541243599993381e+00  1.173762445728698e+00  3.269332748873029e-01  1.173762445728698e+00  3.418248464457934e-01  1.173762445728698e+00  3.140618851672398e-03  1.173762445728698e+00  1.198661984083099e+00  1.173762445728698e+00  2.037142454051402e-01  1.173762445728698e+00  9.571047961487862e-04 
 1.177762445728698e+00  9.501894525582284e-01  1.177762445728698e+00  1.542080910658272e+00  1.177762445728698e+00  3.260422844667640e-01  1.177762445728698e+00  3.421261695491717e-01  1.177762445728698e+00  3.143336168513239e-03  1.177762445728698e+00  1.200073543214770e+00  1.177762445728698e+00  2.034625234906529e-01  1.177762445728698e+00  9.540076773820861e-04 
 1.181762445728698e+00  9.494574304802706e-01  1.181762445728698e+00  1.542916321838893e+00  1.181762445728698e+00  3.251567213553674e-01  1.181762445728698e+00  3.424282095434966e-01  1.181762445728698e+00  3.146043820804116e-03  1.181762445728698e+00  1.201483614207931e+00  1.181762445728698e+00  2.032108825294686e-01  1.181762445728698e+00  9.509175841853417e-04 
 1.185762445728698e+00  9.487280090712941e-01  1.185762445728698e+00  1.543749846475688e+00  1.185762445728698e+00  3.242765564913236e-01  1.185762445728698e+00  3.427309579116704e-01  1.185762445728698e+00  3.148741853566450e-03  1.185762445728698e+00  1.202892203815215e+00  1.185762445728698e+00  2.029593195848509e-01  1.185762445728698e+00  9.478344686880499e-04 
 1.189762445728698e+00  9.480011758950985e-01  1.189762445728698e+00  1.544581497690957e+00  1.189762445728698e+00  3.234017602048891e-01  1.189762445728698e+00  3.430344060447504e-01  1.189762445728698e+00  3.151430312800089e-03  1.189762445728698e+00  1.204299318871443e+00  1.189762445728698e+00  2.027078316446611e-01  1.189762445728698e+00  9.447582823470009e-04 
 1.193762445728698e+00  9.472769182894114e-01  1.193762445728698e+00  1.545411288855434e+00  1.193762445728698e+00  3.225323022649675e-01  1.193762445728698e+00  3.433385452456787e-01  1.193762445728698e+00  3.154109245341101e-03  1.193762445728698e+00  1.205704966330102e+00  1.193762445728698e+00  2.024564156013690e-01  1.193762445728698e+00  9.416889757000615e-04 
 1.197762445728698e+00  9.465552233650900e-01  1.197762445728698e+00  1.546239233503893e+00  1.197762445728698e+00  3.216681519110557e-01  1.197762445728698e+00  3.436433667419156e-01  1.197762445728698e+00  3.156778698864693e-03  1.197762445728698e+00  1.207109153215198e+00  1.197762445728698e+00  2.022050682756444e-01  1.197762445728698e+00  9.386264986782380e-04 
 1.201762445728698e+00  9.458360780400140e-01  1.201762445728698e+00  1.547065345386991e+00  1.201762445728698e+00  3.208092778969825e-01  1.201762445728698e+00  3.439488616896756e-01  1.201762445728698e+00  3.159438721759890e-03  1.201762445728698e+00  1.208511886649463e+00  1.201762445728698e+00  2.019537864006197e-01  1.201762445728698e+00  9.355708004139994e-04 
 1.205762445728698e+00  9.451194690409771e-01  1.205762445728698e+00  1.547889638400606e+00  1.205762445728698e+00  3.199556485226286e-01  1.205762445728698e+00  3.442550211853733e-01  1.205762445728698e+00  3.162089363122505e-03  1.205762445728698e+00  1.209913173814022e+00  1.205762445728698e+00  2.017025666416626e-01  1.205762445728698e+00  9.325218295026177e-04 
 1.209762445728698e+00  9.444053829276454e-01  1.209762445728698e+00  1.548712126602585e+00  1.209762445728698e+00  3.191072316727673e-01  1.209762445728698e+00  3.445618362715803e-01  1.209762445728698e+00  3.164730672666554e-03  1.209762445728698e+00  1.211313021956999e+00  1.209762445728698e+00  2.014514055908616e-01  1.209762445728698e+00  9.294795339402237e-04 
 1.213762445728698e+00  9.436938061073640e-01  1.213762445728698e+00  1.549532824195925e+00  1.213762445728698e+00  3.182639948519148e-01  1.213762445728698e+00  3.448692979447946e-01  1.213762445728698e+00  3.167362700669460e-03  1.213762445728698e+00  1.212711438383373e+00  1.213762445728698e+00  2.012002997712719e-01  1.213762445728698e+00  9.264438611860091e-04 
 1.217762445728698e+00  9.429847248478733e-01  1.217762445728698e+00  1.550351745505681e+00  1.217762445728698e+00  3.174259052176929e-01  1.217762445728698e+00  3.451773971633820e-01  1.217762445728698e+00  3.169985497925000e-03  1.217762445728698e+00  1.214108430441373e+00  1.217762445728698e+00  2.009492456430511e-01  1.217762445728698e+00  9.234147582476368e-04 
 1.221762445728698e+00  9.422781252975644e-01  1.221762445728698e+00  1.551168904987496e+00  1.221762445728698e+00  3.165929296159662e-01  1.221762445728698e+00  3.454861248533704e-01  1.221762445728698e+00  3.172599115668438e-03  1.221762445728698e+00  1.215504005526530e+00  1.221762445728698e+00  2.006982396003848e-01  1.221762445728698e+00  9.203921716497341e-04 
 1.225762445728698e+00  9.415739934895310e-01  1.225762445728698e+00  1.551984317174926e+00  1.225762445728698e+00  3.157650346096205e-01  1.225762445728698e+00  3.457954719177471e-01  1.225762445728698e+00  3.175203605561513e-03  1.225762445728698e+00  1.216898171051694e+00  1.225762445728698e+00  2.004472779863850e-01  1.225762445728698e+00  9.173760476286493e-04 
 1.229762445728698e+00  9.408723153715807e-01  1.229762445728698e+00  1.552797996730263e+00  1.229762445728698e+00  3.149421865152633e-01  1.229762445728698e+00  3.461054292392014e-01  1.229762445728698e+00  3.177799019581396e-03  1.229762445728698e+00  1.218290934474628e+00  1.229762445728698e+00  2.001963570776520e-01  1.229762445728698e+00  9.143663319445475e-04 
 1.233762445728698e+00  9.401730768020036e-01  1.233762445728698e+00  1.553609958364016e+00  1.233762445728698e+00  3.141243514274898e-01  1.233762445728698e+00  3.464159876906731e-01  1.233762445728698e+00  3.180385410036395e-03  1.233762445728698e+00  1.219682303252651e+00  1.233762445728698e+00  1.999454731074627e-01  1.233762445728698e+00  9.113629701792047e-04 
 1.237762445728698e+00  9.394762635759866e-01  1.237762445728698e+00  1.554420216876223e+00  1.237762445728698e+00  3.133114952525601e-01  1.237762445728698e+00  3.467271381382043e-01  1.237762445728698e+00  3.182962829468206e-03  1.237762445728698e+00  1.221072284864956e+00  1.237762445728698e+00  1.996946222531605e-01  1.237762445728698e+00  9.083659075831868e-04 
 1.241762445728698e+00  9.387818614333032e-01  1.241762445728698e+00  1.555228787126925e+00  1.241762445728698e+00  3.125035837348691e-01  1.241762445728698e+00  3.470388714478971e-01  1.241762445728698e+00  3.185531330623529e-03  1.241762445728698e+00  1.222460886795647e+00  1.241762445728698e+00  1.994438006444171e-01  1.241762445728698e+00  9.053750891850946e-04 
 1.245762445728698e+00  9.380898560656784e-01  1.245762445728698e+00  1.556035684007752e+00  1.245762445728698e+00  3.117005824824539e-01  1.245762445728698e+00  3.473511784925819e-01  1.245762445728698e+00  3.188090966426758e-03  1.245762445728698e+00  1.223848116517439e+00  1.245762445728698e+00  1.991930043712623e-01  1.245762445728698e+00  9.023904598966261e-04 
 1.249762445728698e+00  9.374002331397018e-01  1.249762445728698e+00  1.556840922476381e+00  1.249762445728698e+00  3.109024569966591e-01  1.249762445728698e+00  3.476640501543635e-01  1.249762445728698e+00  3.190641789895264e-03  1.249762445728698e+00  1.225233981510182e+00  1.249762445728698e+00  1.989422294734786e-01  1.249762445728698e+00  8.994119643851488e-04 
 1.253762445728698e+00  9.367129782964613e-01  1.253762445728698e+00  1.557644517502471e+00  1.253762445728698e+00  3.101091726932723e-01  1.253762445728698e+00  3.479774773324113e-01  1.253762445728698e+00  3.193183854140767e-03  1.253762445728698e+00  1.226618489230421e+00  1.253762445728698e+00  1.986914719563002e-01  1.253762445728698e+00  8.964395472736861e-04 
 1.257762445728698e+00  9.360280771666025e-01  1.257762445728698e+00  1.558446484076154e+00  1.257762445728698e+00  3.093206949277912e-01  1.257762445728698e+00  3.482914509466585e-01  1.257762445728698e+00  3.195717212313564e-03  1.257762445728698e+00  1.228001647115610e+00  1.257762445728698e+00  1.984407277875838e-01  1.257762445728698e+00  8.934731531094854e-04 
 1.261762445728698e+00  9.353455153863321e-01  1.261762445728698e+00  1.559246837222348e+00  1.261762445728698e+00  3.085369890200358e-01  1.261762445728698e+00  3.486059619408980e-01  1.261762445728698e+00  3.198241917543432e-03  1.261762445728698e+00  1.229383462591489e+00  1.261762445728698e+00  1.981899928932024e-01  1.261762445728698e+00  8.905127263111047e-04 
 1.265762445728698e+00  9.346652785949715e-01  1.265762445728698e+00  1.560045591945319e+00  1.265762445728698e+00  3.077580202719666e-01  1.265762445728698e+00  3.489210012900025e-01  1.265762445728698e+00  3.200758022948622e-03  1.265762445728698e+00  1.230763943041051e+00  1.265762445728698e+00  1.979392631733320e-01  1.265762445728698e+00  8.875582113734241e-04 
 1.269762445728698e+00  9.339873524538493e-01  1.269762445728698e+00  1.560842763258807e+00  1.269762445728698e+00  3.069837539914333e-01  1.269762445728698e+00  3.492365600016027e-01  1.269762445728698e+00  3.203265581565945e-03  1.269762445728698e+00  1.232143095820696e+00  1.269762445728698e+00  1.976885344931893e-01  1.269762445728698e+00  8.846095527562623e-04 
 1.273762445728698e+00  9.333117226551743e-01  1.273762445728698e+00  1.561638366179108e+00  1.273762445728698e+00  3.062141555118192e-01  1.273762445728698e+00  3.495526291198511e-01  1.273762445728698e+00  3.205764646318032e-03  1.273762445728698e+00  1.233520928255949e+00  1.273762445728698e+00  1.974378026848255e-01  1.273762445728698e+00  8.816666949099880e-04 
 1.277762445728698e+00  9.326383749182194e-01  1.277762445728698e+00  1.562432415670768e+00  1.277762445728698e+00  3.054491902068942e-01  1.277762445728698e+00  3.498691997319586e-01  1.277762445728698e+00  3.208255270027381e-03  1.277762445728698e+00  1.234897447611212e+00  1.277762445728698e+00  1.971870635632539e-01  1.277762445728698e+00  8.787295824762788e-04 
 1.281762445728698e+00  9.319672950176563e-01  1.281762445728698e+00  1.563224926719899e+00  1.281762445728698e+00  3.046888235148282e-01  1.281762445728698e+00  3.501862629665189e-01  1.281762445728698e+00  3.210737505311592e-03  1.281762445728698e+00  1.236272661129589e+00  1.281762445728698e+00  1.969363129041443e-01  1.281762445728698e+00  8.757981600170561e-04 
 1.285762445728698e+00  9.312984687691911e-01  1.285762445728698e+00  1.564015914242835e+00  1.285762445728698e+00  3.039330209481259e-01  1.285762445728698e+00  3.505038100019846e-01  1.285762445728698e+00  3.213211404636478e-03  1.285762445728698e+00  1.237646575982383e+00  1.285762445728698e+00  1.966855464711979e-01  1.285762445728698e+00  8.728723723523164e-04 
 1.289762445728698e+00  9.306318820538501e-01  1.289762445728698e+00  1.564805393147521e+00  1.289762445728698e+00  3.031817481147011e-01  1.289762445728698e+00  3.508218320653347e-01  1.289762445728698e+00  3.215677020226237e-03  1.289762445728698e+00  1.239019199302348e+00  1.289762445728698e+00  1.964347599974156e-01  1.289762445728698e+00  8.699521643330330e-04 
 1.293762445728698e+00  9.299675208155657e-01  1.293762445728698e+00  1.565593378292791e+00  1.293762445728698e+00  3.024349707299380e-01  1.293762445728698e+00  3.511403204370004e-01  1.293762445728698e+00  3.218134404072410e-03  1.293762445728698e+00  1.240390538161011e+00  1.293762445728698e+00  1.961839491972511e-01  1.293762445728698e+00  8.670374809917879e-04 
 1.297762445728698e+00  9.293053710684515e-01  1.297762445728698e+00  1.566379884487149e+00  1.297762445728698e+00  3.016926546309823e-01  1.297762445728698e+00  3.514592664531148e-01  1.297762445728698e+00  3.220583607906913e-03  1.297762445728698e+00  1.241760599567646e+00  1.297762445728698e+00  1.959331097668590e-01  1.297762445728698e+00  8.641282675473573e-04 
 1.301762445728698e+00  9.286454189044558e-01  1.301762445728698e+00  1.567164926490950e+00  1.301762445728698e+00  3.009547657903804e-01  1.301762445728698e+00  3.517786615073787e-01  1.301762445728698e+00  3.223024683173782e-03  1.301762445728698e+00  1.243129390470111e+00  1.301762445728698e+00  1.956822373832865e-01  1.301762445728698e+00  8.612244693965116e-04 
 1.305762445728698e+00  9.279876504971496e-01  1.305762445728698e+00  1.567948519005153e+00  1.305762445728698e+00  3.002212703278533e-01  1.305762445728698e+00  3.520984970536059e-01  1.305762445728698e+00  3.225457681015140e-03  1.305762445728698e+00  1.244496917748371e+00  1.305762445728698e+00  1.954313277077929e-01  1.305762445728698e+00  8.583260321557514e-04 
 1.309762445728698e+00  9.273320521123871e-01  1.309762445728698e+00  1.568730676688678e+00  1.309762445728698e+00  2.994921345233857e-01  1.309762445728698e+00  3.524187646062925e-01  1.309762445728698e+00  3.227882652231753e-03  1.309762445728698e+00  1.245863188223585e+00  1.309762445728698e+00  1.951803763804041e-01  1.309762445728698e+00  8.554329015970094e-04 
 1.313762445728698e+00  9.266786101029733e-01  1.313762445728698e+00  1.569511414114872e+00  1.313762445728698e+00  2.987673248249404e-01  1.313762445728698e+00  3.527394557449093e-01  1.313762445728698e+00  3.230299647302801e-03  1.313762445728698e+00  1.247228208634096e+00  1.313762445728698e+00  1.949293790331559e-01  1.313762445728698e+00  8.525450238087424e-04 
 1.317762445728698e+00  9.260273109206196e-01  1.317762445728698e+00  1.570290745797095e+00  1.317762445728698e+00  2.980468078606286e-01  1.317762445728698e+00  3.530605621136446e-01  1.317762445728698e+00  3.232708716341574e-03  1.317762445728698e+00  1.248591985649034e+00  1.317762445728698e+00  1.946783312821694e-01  1.317762445728698e+00  8.496623451012407e-04 
 1.321762445728698e+00  9.253781411175883e-01  1.321762445728698e+00  1.571068686175459e+00  1.321762445728698e+00  2.973305504472062e-01  1.321762445728698e+00  3.533820754234807e-01  1.321762445728698e+00  3.235109909089491e-03  1.321762445728698e+00  1.249954525860791e+00  1.321762445728698e+00  1.944272287316434e-01  1.321762445728698e+00  8.467848120557230e-04 
 1.325762445728698e+00  9.247310873551942e-01  1.325762445728698e+00  1.571845249631867e+00  1.325762445728698e+00  2.966185195999512e-01  1.325762445728698e+00  3.537039874523205e-01  1.325762445728698e+00  3.237503274884552e-03  1.325762445728698e+00  1.251315835792841e+00  1.325762445728698e+00  1.941760669691233e-01  1.325762445728698e+00  8.439123714686888e-04 
 1.329762445728698e+00  9.240861363961255e-01  1.329762445728698e+00  1.572620450443263e+00  1.329762445728698e+00  2.959106825373471e-01  1.329762445728698e+00  3.540262900489581e-01  1.329762445728698e+00  3.239888862689821e-03  1.329762445728698e+00  1.252675921874125e+00  1.329762445728698e+00  1.939248415798904e-01  1.329762445728698e+00  8.410449705248253e-04 
 1.333762445728698e+00  9.234432751226099e-01  1.333762445728698e+00  1.573394302837020e+00  1.333762445728698e+00  2.952070066925767e-01  1.333762445728698e+00  3.543489751303615e-01  1.333762445728698e+00  3.242266721026197e-03  1.333762445728698e+00  1.254034790468728e+00  1.333762445728698e+00  1.936735481297653e-01  1.333762445728698e+00  8.381825565921868e-04 
 1.337762445728698e+00  9.228024905263150e-01  1.337762445728698e+00  1.574166820937256e+00  1.337762445728698e+00  2.945074597164611e-01  1.337762445728698e+00  3.546720346858418e-01  1.337762445728698e+00  3.244636898009751e-03  1.337762445728698e+00  1.255392447846533e+00  1.337762445728698e+00  1.934221821816855e-01  1.337762445728698e+00  8.353250774207232e-04 
 1.341762445728698e+00  9.221637697170418e-01  1.341762445728698e+00  1.574938018785887e+00  1.341762445728698e+00  2.938120094852235e-01  1.341762445728698e+00  3.549954607763306e-01  1.341762445728698e+00  3.246999441319635e-03  1.341762445728698e+00  1.256748900194343e+00  1.341762445728698e+00  1.931707392891478e-01  1.341762445728698e+00  8.324724810644156e-04 
 1.345762445728698e+00  9.215270999272659e-01  1.345762445728698e+00  1.575707910348295e+00  1.345762445728698e+00  2.931206241065706e-01  1.345762445728698e+00  3.553192455345022e-01  1.345762445728698e+00  3.249354398181209e-03  1.345762445728698e+00  1.258104153618603e+00  1.345762445728698e+00  1.929192149943845e-01  1.345762445728698e+00  8.296247158603052e-04 
 1.349762445728698e+00  9.208924685100841e-01  1.349762445728698e+00  1.576476509494660e+00  1.349762445728698e+00  2.924332719234919e-01  1.349762445728698e+00  3.556433811663989e-01  1.349762445728698e+00  3.251701815373708e-03  1.349762445728698e+00  1.259458214135076e+00  1.349762445728698e+00  1.926676048341486e-01  1.349762445728698e+00  8.267817304975719e-04 
 1.353762445728698e+00  9.202598629420586e-01  1.353762445728698e+00  1.577243830001254e+00  1.353762445728698e+00  2.917499215189924e-01  1.353762445728698e+00  3.559678599516560e-01  1.353762445728698e+00  3.254041739219631e-03  1.353762445728698e+00  1.260811087669255e+00  1.353762445728698e+00  1.924159043392955e-01  1.353762445728698e+00  8.239434740127392e-04 
 1.357762445728698e+00  9.196292708278261e-01  1.357762445728698e+00  1.578009885559648e+00  1.357762445728698e+00  2.910705417208796e-01  1.357762445728698e+00  3.562926742431273e-01  1.357762445728698e+00  3.256374215567797e-03  1.357762445728698e+00  1.262162780061019e+00  1.357762445728698e+00  1.921641090318627e-01  1.357762445728698e+00  8.211098957555915e-04 
 1.361762445728698e+00  9.190006798983847e-01  1.361762445728698e+00  1.578774689762190e+00  1.361762445728698e+00  2.903951016044324e-01  1.361762445728698e+00  3.566178164679671e-01  1.361762445728698e+00  3.258699289799608e-03  1.361762445728698e+00  1.263513297056566e+00  1.361762445728698e+00  1.919122144296090e-01  1.361762445728698e+00  8.182809454429368e-04 
 1.365762445728698e+00  9.183740780174205e-01  1.365762445728698e+00  1.579538256119694e+00  1.365762445728698e+00  2.897235704968595e-01  1.365762445728698e+00  3.569432791265335e-01  1.365762445728698e+00  3.261017006805681e-03  1.365762445728698e+00  1.264862644317585e+00  1.365762445728698e+00  1.916602160404117e-01  1.365762445728698e+00  8.154565730931234e-04 
 1.369762445728698e+00  9.177494531726129e-01  1.369762445728698e+00  1.580300598021485e+00  1.369762445728698e+00  2.890559179774089e-01  1.369762445728698e+00  3.572690547949806e-01  1.369762445728698e+00  3.263327411017970e-03  1.369762445728698e+00  1.266210827399619e+00  1.369762445728698e+00  1.914081093748742e-01  1.369762445728698e+00  8.126367291739110e-04 
 1.373762445728698e+00  9.171267934896258e-01  1.373762445728698e+00  1.581061728784487e+00  1.373762445728698e+00  2.883921138831615e-01  1.373762445728698e+00  3.575951361219636e-01  1.373762445728698e+00  3.265630546358078e-03  1.373762445728698e+00  1.267557851778020e+00  1.373762445728698e+00  1.911558899307963e-01  1.373762445728698e+00  8.098213644208071e-04 
 1.377762445728698e+00  9.165060872257932e-01  1.377762445728698e+00  1.581821661624015e+00  1.377762445728698e+00  2.877321283091173e-01  1.377762445728698e+00  3.579215158303869e-01  1.377762445728698e+00  3.267926456260585e-03  1.377762445728698e+00  1.268903722832042e+00  1.377762445728698e+00  1.909035532023782e-01  1.377762445728698e+00  8.070104299451566e-04 
 1.381762445728698e+00  9.158873227689661e-01  1.381762445728698e+00  1.582580409645438e+00  1.381762445728698e+00  2.870759316093716e-01  1.381762445728698e+00  3.582481867177412e-01  1.381762445728698e+00  3.270215183677248e-03  1.381762445728698e+00  1.270248445840137e+00  1.381762445728698e+00  1.906510946828809e-01  1.381762445728698e+00  8.042038772650028e-04 
 1.385762445728698e+00  9.152704886453802e-01  1.385762445728698e+00  1.583337985871456e+00  1.385762445728698e+00  2.864234944003522e-01  1.385762445728698e+00  3.585751416540336e-01  1.385762445728698e+00  3.272496771048027e-03  1.385762445728698e+00  1.271592025994179e+00  1.385762445728698e+00  1.903985098559292e-01  1.385762445728698e+00  8.014016582041253e-04 
 1.389762445728698e+00  9.146555735110878e-01  1.389762445728698e+00  1.584094403206203e+00  1.389762445728698e+00  2.857747875595328e-01  1.389762445728698e+00  3.589023735838226e-01  1.389762445728698e+00  3.274771260332653e-03  1.389762445728698e+00  1.272934468380103e+00  1.389762445728698e+00  1.901457942069481e-01  1.389762445728698e+00  7.986037250248895e-04 
 1.393762445728698e+00  9.140425661627066e-01  1.393762445728698e+00  1.584849674474828e+00  1.393762445728698e+00  2.851297822288718e-01  1.393762445728698e+00  3.592298755232214e-01  1.393762445728698e+00  3.277038692970965e-03  1.393762445728698e+00  1.274275777998628e+00  1.393762445728698e+00  1.898929432105071e-01  1.393762445728698e+00  7.958100302817952e-04 
 1.397762445728698e+00  9.134314555279002e-01  1.397762445728698e+00  1.585603812385077e+00  1.397762445728698e+00  2.844884498128192e-01  1.397762445728698e+00  3.595576405620113e-01  1.397762445728698e+00  3.279299109918035e-03  1.397762445728698e+00  1.275615959744576e+00  1.397762445728698e+00  1.896399523425988e-01  1.397762445728698e+00  7.930205269636164e-04 
 1.401762445728698e+00  9.128222306745355e-01  1.401762445728698e+00  1.586356829561702e+00  1.401762445728698e+00  2.838507619808746e-01  1.401762445728698e+00  3.598856618608902e-01  1.401762445728698e+00  3.281552551610404e-03  1.401762445728698e+00  1.276955018424816e+00  1.401762445728698e+00  1.893868170695929e-01  1.401762445728698e+00  7.902351683661107e-04 
