-1.552796942839131e+00  1.710833280843351e+00 -1.552796942839131e+00  9.662767032495722e-01 -1.552796942839131e+00  1.368949956132153e+00 -1.552796942839131e+00  1.097158364546606e-01 -1.552796942839131e+00  3.501779476117995e-04 -1.552796942839131e+00  2.636827032424268e-01 -1.552796942839131e+00  2.816032296668635e-01 -1.552796942839131e+00  3.274309326229817e-03 
-1.548796942839131e+00  1.710163058719829e+00 -1.548796942839131e+00  9.669023231882817e-01 -1.548796942839131e+00  1.367857617327171e+00 -1.548796942839131e+00  1.100194206428002e-01 -1.548796942839131e+00  3.528165902384697e-04 -1.548796942839131e+00  2.645064285091020e-01 -1.548796942839131e+00  2.813355017691833e-01 -1.548796942839131e+00  3.271816849594395e-03 
-1.544796942839131e+00  1.709487344524678e+00 -1.544796942839131e+00  9.675339031496808e-01 -1.544796942839131e+00  1.366759219728241e+00 -1.544796942839131e+00  1.103228162471042e-01 -1.544796942839131e+00  3.554640345713336e-04 -1.544796942839131e+00  2.653412362349831e-01 -1.544796942839131e+00  2.810694996351861e-01 -1.544796942839131e+00  3.269371885016945e-03 
-1.540796942839131e+00  1.708810244517352e+00 -1.540796942839131e+00  9.681669898442488e-01 -1.540796942839131e+00  1.365659310569406e+00 -1.540796942839131e+00  1.106263419669201e-01 -1.540796942839131e+00  3.581233057434788e-04 -1.540796942839131e+00  2.661788620048864e-01 -1.540796942839131e+00  2.808037481574620e-01 -1.540796942839131e+00  3.266885543376799e-03 
-1.536796942839131e+00  1.708130378901609e+00 -1.536796942839131e+00  9.688030821727738e-01 -1.536796942839131e+00  1.364556376842883e+00 -1.536796942839131e+00  1.109298936098905e-01 -1.536796942839131e+00  3.607934386576513e-04 -1.536796942839131e+00  2.670221016043809e-01 -1.536796942839131e+00  2.805387524416457e-01 -1.536796942839131e+00  3.264387396571037e-03 
-1.532796942839131e+00  1.707447739588055e+00 -1.532796942839131e+00  9.694421907075710e-01 -1.532796942839131e+00  1.363450420518934e+00 -1.532796942839131e+00  1.112334725926749e-01 -1.532796942839131e+00  3.634744650503753e-04 -1.532796942839131e+00  2.678709849682488e-01 -1.532796942839131e+00  2.802745223843351e-01 -1.532796942839131e+00  3.261877404290898e-03 
-1.528796942839131e+00  1.706762318724798e+00 -1.528796942839131e+00  9.700843256489869e-01 -1.528796942839131e+00  1.362341443537229e+00 -1.528796942839131e+00  1.115370802062929e-01 -1.528796942839131e+00  3.661664157464717e-04 -1.528796942839131e+00  2.687255411056320e-01 -1.528796942839131e+00  2.800110677024800e-01 -1.528796942839131e+00  3.259355526303177e-03 
-1.524796942839131e+00  1.706074108713266e+00 -1.524796942839131e+00  9.707294969672065e-01 -1.524796942839131e+00  1.361229447814827e+00 -1.524796942839131e+00  1.118407176091966e-01 -1.524796942839131e+00  3.688693205734925e-04 -1.524796942839131e+00  2.695857982174720e-01 -1.524796942839131e+00  2.797483979228198e-01 -1.524796942839131e+00  3.256821723451615e-03 
-1.520796942839131e+00  1.705383102189046e+00 -1.520796942839131e+00  9.713777142486315e-01 -1.520796942839131e+00  1.360114435245369e+00 -1.520796942839131e+00  1.121443858383125e-01 -1.520796942839131e+00  3.715832084394287e-04 -1.520796942839131e+00  2.704517835835323e-01 -1.520796942839131e+00  2.794865223961168e-01 -1.520796942839131e+00  3.254275958087248e-03 
-1.516796942839131e+00  1.704689292058973e+00 -1.516796942839131e+00  9.720289867299525e-01 -1.516796942839131e+00  1.358996407718566e+00 -1.516796942839131e+00  1.124480857955642e-01 -1.516796942839131e+00  3.743081071871214e-04 -1.516796942839131e+00  2.713235235393230e-01 -1.516796942839131e+00  2.792254502736644e-01 -1.516796942839131e+00  3.251718193934495e-03 
-1.512796942839131e+00  1.703992671533239e+00 -1.512796942839131e+00  9.726833233178513e-01 -1.512796942839131e+00  1.357875367138236e+00 -1.512796942839131e+00  1.127518182368320e-01 -1.512796942839131e+00  3.770440434681155e-04 -1.512796942839131e+00  2.722010434476877e-01 -1.512796942839131e+00  2.789651904871416e-01 -1.512796942839131e+00  3.249148396013869e-03 
-1.508796942839131e+00  1.703293234112222e+00 -1.508796942839131e+00  9.733407324705674e-01 -1.508796942839131e+00  1.356751315423438e+00 -1.508796942839131e+00  1.130555837803730e-01 -1.508796942839131e+00  3.797910427944130e-04 -1.508796942839131e+00  2.730843676104037e-01 -1.508796942839131e+00  2.787057517586747e-01 -1.508796942839131e+00  3.246566531107042e-03 
-1.504796942839131e+00  1.702590973632725e+00 -1.504796942839131e+00  9.740012222605442e-01 -1.504796942839131e+00  1.355624254532053e+00 -1.504796942839131e+00  1.133593828899872e-01 -1.504796942839131e+00  3.825491293568433e-04 -1.504796942839131e+00  2.739735192586648e-01 -1.504796942839131e+00  2.784471425712730e-01 -1.504796942839131e+00  3.243972567510813e-03 
-1.500796942839131e+00  1.701885884284720e+00 -1.500796942839131e+00  9.746648003480343e-01 -1.500796942839131e+00  1.354494186473536e+00 -1.500796942839131e+00  1.136632158709970e-01 -1.500796942839131e+00  3.853183259593498e-04 -1.500796942839131e+00  2.748685205056314e-01 -1.500796942839131e+00  2.781893711589743e-01 -1.500796942839131e+00  3.241366475140861e-03 
-1.496796942839131e+00  1.701177960609009e+00 -1.496796942839131e+00  9.753314738964831e-01 -1.496796942839131e+00  1.353361113314307e+00 -1.496796942839131e+00  1.139670828743164e-01 -1.496796942839131e+00  3.880986540281511e-04 -1.496796942839131e+00  2.757693922733543e-01 -1.496796942839131e+00  2.779324455096036e-01 -1.496796942839131e+00  3.238748225863935e-03 
-1.492796942839131e+00  1.700467197538017e+00 -1.492796942839131e+00  9.760012496211485e-01 -1.492796942839131e+00  1.352225037199873e+00 -1.492796942839131e+00  1.142709838824622e-01 -1.492796942839131e+00  3.908901334515449e-04 -1.492796942839131e+00  2.766761542793421e-01 -1.492796942839131e+00  2.776763733389078e-01 -1.492796942839131e+00  3.236117793306959e-03 
-1.488796942839131e+00  1.699753590399363e+00 -1.488796942839131e+00  9.766741337246585e-01 -1.488796942839131e+00  1.351085960362699e+00 -1.488796942839131e+00  1.145749187113611e-01 -1.488796942839131e+00  3.936927825658460e-04 -1.488796942839131e+00  2.775888249737839e-01 -1.488796942839131e+00  2.774211620893836e-01 -1.488796942839131e+00  3.233475153110165e-03 
-1.484796942839131e+00  1.699037134947508e+00 -1.484796942839131e+00  9.773501319205781e-01 -1.484796942839131e+00  1.349943885141127e+00 -1.484796942839131e+00  1.148788870005281e-01 -1.484796942839131e+00  3.965066180311637e-04 -1.484796942839131e+00  2.785074215170693e-01 -1.484796942839131e+00  2.771668189104961e-01 -1.484796942839131e+00  3.230820282834461e-03 
-1.480796942839131e+00  1.698317827363149e+00 -1.480796942839131e+00  9.780292493588825e-01 -1.480796942839131e+00  1.348798813985683e+00 -1.480796942839131e+00  1.151828882167667e-01 -1.480796942839131e+00  3.993316548337145e-04 -1.480796942839131e+00  2.794319597140955e-01 -1.480796942839131e+00  2.769133506602217e-01 -1.480796942839131e+00  3.228153162254216e-03 
-1.476796942839131e+00  1.697595664286080e+00 -1.476796942839131e+00  9.787114906570391e-01 -1.476796942839131e+00  1.347650749478687e+00 -1.476796942839131e+00  1.154869216440773e-01 -1.476796942839131e+00  4.021679061568246e-04 -1.476796942839131e+00  2.803624539975246e-01 -1.476796942839131e+00  2.766607638844756e-01 -1.476796942839131e+00  3.225473773235052e-03 
-1.472796942839131e+00  1.696870642820634e+00 -1.472796942839131e+00  9.793968598483702e-01 -1.472796942839131e+00  1.346499694343047e+00 -1.472796942839131e+00  1.157909863850155e-01 -1.472796942839131e+00  4.050153833595062e-04 -1.472796942839131e+00  2.812989173748115e-01 -1.472796942839131e+00  2.764090648146157e-01 -1.472796942839131e+00  3.222782099936786e-03 
-1.468796942839131e+00  1.696142760569058e+00 -1.468796942839131e+00  9.800853604202198e-01 -1.468796942839131e+00  1.345345651462353e+00 -1.468796942839131e+00  1.160950813506697e-01 -1.468796942839131e+00  4.078740958454096e-04 -1.468796942839131e+00  2.822413614179766e-01 -1.468796942839131e+00  2.761582593465255e-01 -1.468796942839131e+00  3.220078128663441e-03 
-1.464796942839131e+00  1.695412015617871e+00 -1.464796942839131e+00  9.807769952073997e-01 -1.464796942839131e+00  1.344188623881990e+00 -1.464796942839131e+00  1.163992052699624e-01 -1.464796942839131e+00  4.107440511164178e-04 -1.464796942839131e+00  2.831897961879547e-01 -1.464796942839131e+00  2.759083530506802e-01 -1.464796942839131e+00  3.217361848281781e-03 
-1.460796942839131e+00  1.694678406577476e+00 -1.460796942839131e+00  9.814717664558956e-01 -1.460796942839131e+00  1.343028614831826e+00 -1.460796942839131e+00  1.167033566772241e-01 -1.460796942839131e+00  4.136252546170197e-04 -1.460796942839131e+00  2.841442302394778e-01 -1.460796942839131e+00  2.756593511470820e-01 -1.460796942839131e+00  3.214633249971054e-03 
-1.456796942839131e+00  1.693941932579862e+00 -1.456796942839131e+00  9.821696757580953e-01 -1.456796942839131e+00  1.341865627731923e+00 -1.456796942839131e+00  1.170075339169585e-01 -1.456796942839131e+00  4.165177097434109e-04 -1.456796942839131e+00  2.851046705680846e-01 -1.456796942839131e+00  2.754112585078015e-01 -1.456796942839131e+00  3.211892327477435e-03 
-1.452796942839131e+00  1.693202593307426e+00 -1.452796942839131e+00  9.828707240900336e-01 -1.452796942839131e+00  1.340699666210996e+00 -1.452796942839131e+00  1.173117351360239e-01 -1.452796942839131e+00  4.194214177302517e-04 -1.452796942839131e+00  2.860711226068713e-01 -1.452796942839131e+00  2.751640796390097e-01 -1.452796942839131e+00  3.209139076967672e-03 
-1.448796942839131e+00  1.692460388988494e+00 -1.448796942839131e+00  9.835749117468395e-01 -1.448796942839131e+00  1.339530734111129e+00 -1.448796942839131e+00  1.176159582893204e-01 -1.448796942839131e+00  4.223363776682615e-04 -1.448796942839131e+00  2.870435901772509e-01 -1.448796942839131e+00  2.749178186848883e-01 -1.448796942839131e+00  3.206373497282714e-03 
-1.444796942839131e+00  1.691715320417858e+00 -1.444796942839131e+00  9.842822383615116e-01 -1.444796942839131e+00  1.338358835502802e+00 -1.444796942839131e+00  1.179202011354114e-01 -1.444796942839131e+00  4.252625864235792e-04 -1.444796942839131e+00  2.880220754811472e-01 -1.444796942839131e+00  2.746724794150901e-01 -1.444796942839131e+00  3.203595589863882e-03 
-1.440796942839131e+00  1.690967388959503e+00 -1.440796942839131e+00  9.849927028713334e-01 -1.440796942839131e+00  1.337183974692459e+00 -1.440796942839131e+00  1.182244612393229e-01 -1.440796942839131e+00  4.282000386270554e-04 -1.440796942839131e+00  2.890065790704850e-01 -1.440796942839131e+00  2.744280652238451e-01 -1.440796942839131e+00  3.200805358884831e-03 
-1.436796942839131e+00  1.690216596568222e+00 -1.436796942839131e+00  9.857063035493934e-01 -1.436796942839131e+00  1.336006156238003e+00 -1.436796942839131e+00  1.185287359678320e-01 -1.436796942839131e+00  4.311487265893243e-04 -1.436796942839131e+00  2.899970998502956e-01 -1.436796942839131e+00  2.741845791166576e-01 -1.436796942839131e+00  3.198002811127695e-03 
-1.432796942839131e+00  1.689462945789401e+00 -1.432796942839131e+00  9.864230379707437e-01 -1.432796942839131e+00  1.334825384955033e+00 -1.432796942839131e+00  1.188330224934831e-01 -1.432796942839131e+00  4.341086403017363e-04 -1.432796942839131e+00  2.909936350527631e-01 -1.432796942839131e+00  2.739420237113078e-01 -1.432796942839131e+00  3.195187956116030e-03 
-1.428796942839131e+00  1.688706439761965e+00 -1.428796942839131e+00  9.871429029931458e-01 -1.428796942839131e+00  1.333641665924259e+00 -1.428796942839131e+00  1.191373177972732e-01 -1.428796942839131e+00  4.370797674246874e-04 -1.428796942839131e+00  2.919961802204418e-01 -1.428796942839131e+00  2.737004012367394e-01 -1.428796942839131e+00  3.192360806190471e-03 
-1.424796942839130e+00  1.687947082230641e+00 -1.424796942839130e+00  9.878658947731355e-01 -1.424796942839130e+00  1.332455004502829e+00 -1.424796942839130e+00  1.194416186676690e-01 -1.424796942839130e+00  4.400620932395149e-04 -1.424796942839130e+00  2.930047292091947e-01 -1.424796942839130e+00  2.734597135257971e-01 -1.424796942839130e+00  3.189521376445554e-03 
-1.420796942839130e+00  1.687184877539694e+00 -1.420796942839130e+00  9.885920087267415e-01 -1.420796942839130e+00  1.331265406327575e+00 -1.420796942839130e+00  1.197459217068686e-01 -1.420796942839130e+00  4.430556006731127e-04 -1.420796942839130e+00  2.940192741663804e-01 -1.420796942839130e+00  2.732199620200859e-01 -1.420796942839130e+00  3.186669684884085e-03 
-1.416796942839130e+00  1.686419830664442e+00 -1.416796942839130e+00  9.893212396194064e-01 -1.416796942839130e+00  1.330072877334536e+00 -1.416796942839130e+00  1.200502233222876e-01 -1.416796942839130e+00  4.460602701741102e-04 -1.416796942839130e+00  2.950398055756223e-01 -1.416796942839130e+00  2.729811477500408e-01 -1.416796942839130e+00  3.183805752063872e-03 
-1.412796942839130e+00  1.685651947175058e+00 -1.412796942839130e+00  9.900535814389562e-01 -1.412796942839130e+00  1.328877423748950e+00 -1.412796942839130e+00  1.203545197444110e-01 -1.412796942839130e+00  4.490760798550974e-04 -1.412796942839130e+00  2.960663121964255e-01 -1.412796942839130e+00  2.727432713593125e-01 -1.412796942839130e+00  3.180929601596728e-03 
-1.408796942839130e+00  1.684881233266774e+00 -1.408796942839130e+00  9.907890274919566e-01 -1.408796942839130e+00  1.327679052103949e+00 -1.408796942839130e+00  1.206588070187020e-01 -1.408796942839130e+00  4.521030053739392e-04 -1.408796942839130e+00  2.970987811172420e-01 -1.408796942839130e+00  2.725063330856271e-01 -1.408796942839130e+00  3.178041259769993e-03 
-1.404796942839130e+00  1.684107695743641e+00 -1.404796942839130e+00  9.915275703526404e-01 -1.404796942839130e+00  1.326477769238869e+00 -1.404796942839130e+00  1.209630810155198e-01 -1.404796942839130e+00  4.551410199976143e-04 -1.404796942839130e+00  2.981371977376268e-01 -1.404796942839130e+00  2.722703327720152e-01 -1.404796942839130e+00  3.175140755747130e-03 
-1.400796942839130e+00  1.683331342026760e+00 -1.400796942839130e+00  9.922692018980893e-01 -1.400796942839130e+00  1.325273582308110e+00 -1.400796942839130e+00  1.212673374304775e-01 -1.400796942839130e+00  4.581900945698671e-04 -1.400796942839130e+00  2.991815457960764e-01 -1.400796942839130e+00  2.720352698619783e-01 -1.400796942839130e+00  3.172228121429527e-03 
-1.396796942839130e+00  1.682552180145008e+00 -1.396796942839130e+00  9.930139132906213e-01 -1.396796942839130e+00  1.324066498782101e+00 -1.396796942839130e+00  1.215715717914633e-01 -1.396796942839130e+00  4.612501975476104e-04 -1.396796942839130e+00  3.002318073737112e-01 -1.396796942839130e+00  2.718011434060790e-01 -1.396796942839130e+00  3.169303391525704e-03 
-1.392796942839130e+00  1.681770218729742e+00 -1.392796942839130e+00  9.937616949785932e-01 -1.392796942839130e+00  1.322856526449786e+00 -1.392796942839130e+00  1.218757794640209e-01 -1.392796942839130e+00  4.643212950217822e-04 -1.392796942839130e+00  3.012879629095007e-01 -1.392796942839130e+00  2.715679520658531e-01 -1.392796942839130e+00  3.166366603548112e-03 
-1.388796942839130e+00  1.680985467022226e+00 -1.388796942839130e+00  9.945125367453116e-01 -1.388796942839130e+00  1.321643673426676e+00 -1.388796942839130e+00  1.221799556518031e-01 -1.388796942839130e+00  4.674033506881130e-04 -1.388796942839130e+00  3.023499912426368e-01 -1.388796942839130e+00  2.713356941094198e-01 -1.388796942839130e+00  3.163417797621141e-03 
-1.384796942839130e+00  1.680197934853711e+00 -1.384796942839130e+00  9.952664276713021e-01 -1.384796942839130e+00  1.320427948150403e+00 -1.384796942839130e+00  1.224840954073287e-01 -1.384796942839130e+00  4.704963259254169e-04 -1.384796942839130e+00  3.034178696127241e-01 -1.384796942839130e+00  2.711043674248539e-01 -1.384796942839130e+00  3.160457016629177e-03 
-1.380796942839130e+00  1.679407632647232e+00 -1.380796942839130e+00  9.960233561746177e-01 -1.380796942839130e+00  1.319209359385831e+00 -1.380796942839130e+00  1.227881936343595e-01 -1.380796942839130e+00  4.736001797884835e-04 -1.380796942839130e+00  3.044915737022382e-01 -1.380796942839130e+00  2.708739695193660e-01 -1.380796942839130e+00  3.157484306058387e-03 
-1.376796942839130e+00  1.678614571397198e+00 -1.376796942839130e+00  9.967833099808110e-01 -1.376796942839130e+00  1.317987916219860e+00 -1.376796942839130e+00  1.230922450985388e-01 -1.376796942839130e+00  4.767148690882785e-04 -1.376796942839130e+00  3.055710776446133e-01 -1.376796942839130e+00  2.706444975329009e-01 -1.376796942839130e+00  3.154499714114598e-03 
-1.372796942839130e+00  1.677818762674472e+00 -1.372796942839130e+00  9.975462761842244e-01 -1.372796942839130e+00  1.316763628067625e+00 -1.372796942839130e+00  1.233962444283129e-01 -1.372796942839130e+00  4.798403483719892e-04 -1.372796942839130e+00  3.066563540818597e-01 -1.372796942839130e+00  2.704159482351050e-01 -1.372796942839130e+00  3.151503291482624e-03 
-1.368796942839130e+00  1.677020218606988e+00 -1.368796942839130e+00  9.983122412307615e-01 -1.368796942839130e+00  1.315536504667303e+00 -1.368796942839130e+00  1.237001861249103e-01 -1.368796942839130e+00  4.829765699991317e-04 -1.368796942839130e+00  3.077473741832009e-01 -1.368796942839130e+00  2.701883180381612e-01 -1.368796942839130e+00  3.148495091393916e-03 
-1.364796942839130e+00  1.676218951878326e+00 -1.364796942839130e+00  9.990811909664103e-01 -1.364796942839130e+00  1.314306556082944e+00 -1.364796942839130e+00  1.240040645654763e-01 -1.364796942839130e+00  4.861234841471513e-04 -1.364796942839130e+00  3.088441077000199e-01 -1.364796942839130e+00  2.699616029979044e-01 -1.364796942839130e+00  3.145475169435979e-03 
-1.360796942839130e+00  1.675414975690618e+00 -1.360796942839130e+00  9.998531105670880e-01 -1.360796942839130e+00  1.313073792690510e+00 -1.360796942839130e+00  1.243078740192741e-01 -1.360796942839130e+00  4.892810389571198e-04 -1.360796942839130e+00  3.099465229595733e-01 -1.360796942839130e+00  2.697357988380477e-01 -1.360796942839130e+00  3.142443583827933e-03 
-1.356796942839130e+00  1.674608303790801e+00 -1.356796942839130e+00  1.000627984690636e+00 -1.356796942839130e+00  1.311838225193106e+00 -1.356796942839130e+00  1.246116086403086e-01 -1.356796942839130e+00  4.924491804306374e-04 -1.356796942839130e+00  3.110545869781647e-01 -1.356796942839130e+00  2.695109009332904e-01 -1.356796942839130e+00  3.139400394823516e-03 
-1.352796942839130e+00  1.673798950416770e+00 -1.352796942839130e+00  1.001405797356318e+00 -1.352796942839130e+00  1.310599864598696e+00 -1.352796942839130e+00  1.249152624893763e-01 -1.352796942839130e+00  4.956278526412836e-04 -1.352796942839130e+00  3.121682654308884e-01 -1.352796942839130e+00  2.692869043442809e-01 -1.352796942839130e+00  3.136345665184454e-03 
-1.348796942839130e+00  1.672986930308618e+00 -1.348796942839130e+00  1.002186532052330e+00 -1.348796942839130e+00  1.309358722227889e+00 -1.348796942839130e+00  1.252188295319521e-01 -1.348796942839130e+00  4.988169976904973e-04 -1.348796942839130e+00  3.132875227440209e-01 -1.348796942839130e+00  2.690638038103769e-01 -1.348796942839130e+00  3.133279459758047e-03 
-1.344796942839130e+00  1.672172258682615e+00 -1.344796942839130e+00  1.002970171717568e+00 -1.344796942839130e+00  1.308114809704097e+00 -1.344796942839130e+00  1.255223036496360e-01 -1.344796942839130e+00  5.020165558097577e-04 -1.344796942839130e+00  3.144123221215425e-01 -1.344796942839130e+00  2.688415937665125e-01 -1.344796942839130e+00  3.130201845548946e-03 
-1.340796942839130e+00  1.671354951217650e+00 -1.340796942839130e+00  1.003756698769454e+00 -1.340796942839130e+00  1.306868138949261e+00 -1.340796942839130e+00  1.258256786468523e-01 -1.340796942839130e+00  5.052264654138567e-04 -1.340796942839130e+00  3.155426255972537e-01 -1.340796942839130e+00  2.686202683519303e-01 -1.340796942839130e+00  3.127112891609814e-03 
-1.336796942839130e+00  1.670535024043851e+00 -1.336796942839130e+00  1.004546095142151e+00 -1.336796942839130e+00  1.305618722180384e+00 -1.336796942839130e+00  1.261289482566188e-01 -1.336796942839130e+00  5.084466631455714e-04 -1.336796942839130e+00  3.166783940935739e-01 -1.336796942839130e+00  2.683998214174813e-01 -1.336796942839130e+00  3.124012668891175e-03 
-1.332796942839130e+00  1.669712493709011e+00 -1.332796942839130e+00  1.005338342248808e+00 -1.332796942839130e+00  1.304366571895267e+00 -1.332796942839130e+00  1.264321061541589e-01 -1.332796942839130e+00  5.116770840075277e-04 -1.332796942839130e+00  3.178195874395819e-01 -1.332796942839130e+00  2.681802465472188e-01 -1.332796942839130e+00  3.120901250389812e-03 
-1.328796942839130e+00  1.668887377186083e+00 -1.328796942839130e+00  1.006133421090590e+00 -1.328796942839130e+00  1.303111700877549e+00 -1.328796942839130e+00  1.267351459555351e-01 -1.328796942839130e+00  5.149176613327740e-04 -1.328796942839130e+00  3.189661644698683e-01 -1.328796942839130e+00  2.679615370534355e-01 -1.328796942839130e+00  3.117778710720480e-03 
-1.324796942839130e+00  1.668059691828311e+00 -1.324796942839130e+00  1.006931312182394e+00 -1.324796942839130e+00  1.301854122176520e+00 -1.324796942839130e+00  1.270380612349671e-01 -1.324796942839130e+00  5.181683269609830e-04 -1.324796942839130e+00  3.201180830234911e-01 -1.324796942839130e+00  2.677436860054712e-01 -1.324796942839130e+00  3.114645126407656e-03 
-1.320796942839130e+00  1.667229455374747e+00 -1.320796942839130e+00  1.007731995658475e+00 -1.320796942839130e+00  1.300593849110815e+00 -1.320796942839130e+00  1.273408455238944e-01 -1.320796942839130e+00  5.214290112168248e-04 -1.320796942839130e+00  3.212753000420722e-01 -1.320796942839130e+00  2.675266862259484e-01 -1.320796942839130e+00  3.111500575470742e-03 
-1.316796942839130e+00  1.666396685919278e+00 -1.316796942839130e+00  1.008535451249767e+00 -1.316796942839130e+00  1.299330895254376e+00 -1.316796942839130e+00  1.276434923229576e-01 -1.316796942839130e+00  5.246996430315589e-04 -1.316796942839130e+00  3.224377715975631e-01 -1.316796942839130e+00  2.673105303105365e-01 -1.316796942839130e+00  3.108345137513133e-03 
-1.312796942839130e+00  1.665561401883617e+00 -1.312796942839130e+00  1.009341658275344e+00 -1.312796942839130e+00  1.298065274423998e+00 -1.312796942839130e+00  1.279459951123311e-01 -1.312796942839130e+00  5.279801500491294e-04 -1.312796942839130e+00  3.236054529275190e-01 -1.312796942839130e+00  2.670952106451118e-01 -1.312796942839130e+00  3.105178893755695e-03 
-1.308796942839130e+00  1.664723622024429e+00 -1.308796942839130e+00  1.010150595757383e+00 -1.308796942839130e+00  1.296797000683288e+00 -1.308796942839130e+00  1.282483473498443e-01 -1.308796942839130e+00  5.312704585982258e-04 -1.308796942839130e+00  3.247782985393199e-01 -1.308796942839130e+00  2.668807194008895e-01 -1.308796942839130e+00  3.102001926585335e-03 
-1.304796942839130e+00  1.663883365386782e+00 -1.304796942839130e+00  1.010962242343487e+00 -1.304796942839130e+00  1.295526088320285e+00 -1.304796942839130e+00  1.285505424879168e-01 -1.304796942839130e+00  5.345704938750107e-04 -1.304796942839130e+00  3.259562622068228e-01 -1.304796942839130e+00  2.666670485641021e-01 -1.304796942839130e+00  3.098814319860061e-03 
-1.300796942839130e+00  1.663040651307983e+00 -1.300796942839130e+00  1.011776576410464e+00 -1.300796942839130e+00  1.294252551849440e+00 -1.300796942839130e+00  1.288525739725685e-01 -1.300796942839130e+00  5.378801799281247e-04 -1.300796942839130e+00  3.271392970681912e-01 -1.300796942839130e+00  2.664541899331939e-01 -1.300796942839130e+00  3.095616158501317e-03 
-1.296796942839130e+00  1.662195499377295e+00 -1.296796942839130e+00  1.012593576008265e+00 -1.296796942839130e+00  1.292976405991793e+00 -1.296796942839130e+00  1.291544352577741e-01 -1.296796942839130e+00  5.411994398168713e-04 -1.296796942839130e+00  3.283273556336533e-01 -1.296796942839130e+00  2.662421351444157e-01 -1.296796942839130e+00  3.092407528714289e-03 
-1.292796942839130e+00  1.661347929438959e+00 -1.292796942839130e+00  1.013413218960715e+00 -1.292796942839130e+00  1.291697665676234e+00 -1.292796942839130e+00  1.294561198045142e-01 -1.292796942839130e+00  5.445281955993481e-04 -1.292796942839130e+00  3.295203898811966e-01 -1.292796942839130e+00  2.660308756694891e-01 -1.292796942839130e+00  3.089188517592201e-03 
-1.288796942839130e+00  1.660497961556401e+00 -1.288796942839130e+00  1.014235482824337e+00 -1.288796942839130e+00  1.290416346021461e+00 -1.288796942839130e+00  1.297576210932375e-01 -1.288796942839130e+00  5.478663684730386e-04 -1.288796942839130e+00  3.307183512715623e-01 -1.288796942839130e+00  2.658204028382429e-01 -1.288796942839130e+00  3.085959213278075e-03 
-1.284796942839130e+00  1.659645616000196e+00 -1.284796942839130e+00  1.015060344932696e+00 -1.284796942839130e+00  1.289132462329450e+00 -1.284796942839130e+00  1.300589326278804e-01 -1.284796942839130e+00  5.512138788220309e-04 -1.284796942839130e+00  3.319211908109395e-01 -1.284796942839130e+00  2.656107078459237e-01 -1.284796942839130e+00  3.082719704790573e-03 
-1.280796942839130e+00  1.658790913236968e+00 -1.280796942839130e+00  1.015887782443362e+00 -1.280796942839130e+00  1.287846030079301e+00 -1.280796942839130e+00  1.303600479394868e-01 -1.280796942839130e+00  5.545706462606814e-04 -1.280796942839130e+00  3.331288591147469e-01 -1.280796942839130e+00  2.654017817599191e-01 -1.280796942839130e+00  3.079470081839470e-03 
-1.276796942839130e+00  1.657933873898581e+00 -1.276796942839130e+00  1.016717772311128e+00 -1.276796942839130e+00  1.286557064911056e+00 -1.276796942839130e+00  1.306609605964678e-01 -1.276796942839130e+00  5.579365897545787e-04 -1.276796942839130e+00  3.343413064284049e-01 -1.276796942839130e+00  2.651936155390958e-01 -1.276796942839130e+00  3.076210434931058e-03 
-1.272796942839130e+00  1.657074518768157e+00 -1.272796942839130e+00  1.017550291321324e+00 -1.272796942839130e+00  1.285265582617723e+00 -1.272796942839130e+00  1.309616642089151e-01 -1.272796942839130e+00  5.613116276754230e-04 -1.272796942839130e+00  3.355584826815359e-01 -1.272796942839130e+00  2.649862000423123e-01 -1.272796942839130e+00  3.072940855237062e-03 
-1.268796942839130e+00  1.656212868771547e+00 -1.268796942839130e+00  1.018385316142171e+00 -1.268796942839130e+00  1.283971599139968e+00 -1.268796942839130e+00  1.312621524309783e-01 -1.268796942839130e+00  5.646956778346053e-04 -1.268796942839130e+00  3.367803375524967e-01 -1.268796942839130e+00  2.647795260334125e-01 -1.268796942839130e+00  3.069661434389137e-03 
-1.264796942839130e+00  1.655348944949315e+00 -1.264796942839130e+00  1.019222823302798e+00 -1.264796942839130e+00  1.282675130550830e+00 -1.264796942839130e+00  1.315624189697586e-01 -1.264796942839130e+00  5.680886575931486e-04 -1.264796942839130e+00  3.380068204890553e-01 -1.264796942839130e+00  2.645735841987433e-01 -1.264796942839130e+00  3.066372264565240e-03 
-1.260796942839130e+00  1.654482768452005e+00 -1.260796942839130e+00  1.020062789256146e+00 -1.260796942839130e+00  1.281376193052074e+00 -1.260796942839130e+00  1.318624575861829e-01 -1.260796942839130e+00  5.714904838803733e-04 -1.260796942839130e+00  3.392378807772110e-01 -1.260796942839130e+00  2.643683651496814e-01 -1.260796942839130e+00  3.063073438242515e-03 
-1.256796942839130e+00  1.653614360510937e+00 -1.256796942839130e+00  1.020905190348389e+00 -1.256796942839130e+00  1.280074802958002e+00 -1.256796942839130e+00  1.321622621040566e-01 -1.256796942839130e+00  5.749010733085230e-04 -1.256796942839130e+00  3.404734675547509e-01 -1.256796942839130e+00  2.641638594408587e-01 -1.256796942839130e+00  3.059765048317426e-03 
-1.252796942839130e+00  1.652743742430901e+00 -1.252796942839130e+00  1.021750002868000e+00 -1.252796942839130e+00  1.278770976690281e+00 -1.252796942839130e+00  1.324618264116066e-01 -1.252796942839130e+00  5.783203422015178e-04 -1.252796942839130e+00  3.417135298700158e-01 -1.252796942839130e+00  2.639600575743318e-01 -1.252796942839130e+00  3.056447187913047e-03 
-1.248796942839130e+00  1.651870935572008e+00 -1.248796942839130e+00  1.022597203051983e+00 -1.248796942839130e+00  1.277464730767131e+00 -1.248796942839130e+00  1.327611444665942e-01 -1.248796942839130e+00  5.817482066662057e-04 -1.248796942839130e+00  3.429580167147024e-01 -1.248796942839130e+00  2.637569500107046e-01 -1.248796942839130e+00  3.053119950354603e-03 
-1.244796942839130e+00  1.650995961330215e+00 -1.244796942839130e+00  1.023446767084597e+00 -1.244796942839130e+00  1.276156081791729e+00 -1.244796942839130e+00  1.330602103017580e-01 -1.244796942839130e+00  5.851845826688207e-04 -1.244796942839130e+00  3.442068770510401e-01 -1.244796942839130e+00  2.635545271810748e-01 -1.244796942839130e+00  3.049783429174444e-03 
-1.240796942839130e+00  1.650118841144480e+00 -1.240796942839130e+00  1.024298671194747e+00 -1.240796942839130e+00  1.274845046454225e+00 -1.240796942839130e+00  1.333590180213227e-01 -1.240796942839130e+00  5.886293860069292e-04 -1.240796942839130e+00  3.454600598961066e-01 -1.240796942839130e+00  2.633527794819266e-01 -1.240796942839130e+00  3.046437717729580e-03 
-1.236796942839130e+00  1.649239596448960e+00 -1.236796942839130e+00  1.025152891542369e+00 -1.236796942839130e+00  1.273531641505378e+00 -1.236796942839130e+00  1.336575618157099e-01 -1.236796942839130e+00  5.920825324971491e-04 -1.236796942839130e+00  3.467175142805660e-01 -1.236796942839130e+00  2.631516973052175e-01 -1.236796942839130e+00  3.043082909647894e-03 
-1.232796942839130e+00  1.648358248686964e+00 -1.232796942839130e+00  1.026009404336637e+00 -1.232796942839130e+00  1.272215883761921e+00 -1.232796942839130e+00  1.339558359556257e-01 -1.232796942839130e+00  5.955439379203473e-04 -1.232796942839130e+00  3.479791893430205e-01 -1.232796942839130e+00  2.629512710289059e-01 -1.232796942839130e+00  3.039719098363915e-03 
-1.228796942839130e+00  1.647474819291316e+00 -1.228796942839130e+00  1.026868185824311e+00 -1.228796942839130e+00  1.270897790094570e+00 -1.228796942839130e+00  1.342538347972765e-01 -1.228796942839130e+00  5.990135180987554e-04 -1.228796942839130e+00  3.492450343467401e-01 -1.228796942839130e+00  2.627514910289961e-01 -1.228796942839130e+00  3.036346377164484e-03 
-1.224796942839130e+00  1.646589329660651e+00 -1.224796942839130e+00  1.027729212259464e+00 -1.224796942839130e+00  1.269577377413801e+00 -1.224796942839130e+00  1.345515527888012e-01 -1.224796942839130e+00  6.024911889890633e-04 -1.224796942839130e+00  3.505149986839073e-01 -1.224796942839130e+00  2.625523476941768e-01 -1.224796942839130e+00  3.032964839307850e-03 
-1.220796942839130e+00  1.645701801169316e+00 -1.220796942839130e+00  1.028592459999555e+00 -1.220796942839130e+00  1.268254662673058e+00 -1.220796942839130e+00  1.348489844656227e-01 -1.220796942839130e+00  6.059768666435565e-04 -1.220796942839130e+00  3.517890319540906e-01 -1.220796942839130e+00  2.623538314189574e-01 -1.220796942839130e+00  3.029574577646101e-03 
-1.216796942839130e+00  1.644812255131657e+00 -1.216796942839130e+00  1.029457905423854e+00 -1.216796942839130e+00  1.266929662848156e+00 -1.216796942839130e+00  1.351461244606913e-01 -1.216796942839130e+00  6.094704673503373e-04 -1.216796942839130e+00  3.530670839356128e-01 -1.216796942839130e+00  2.621559326259749e-01 -1.216796942839130e+00  3.026175684945755e-03 
-1.212796942839130e+00  1.643920712812087e+00 -1.212796942839130e+00  1.030325525025157e+00 -1.212796942839130e+00  1.265602394940521e+00 -1.212796942839130e+00  1.354429674997065e-01 -1.212796942839130e+00  6.129719075938134e-04 -1.212796942839130e+00  3.543491046593908e-01 -1.212796942839130e+00  2.619586417590515e-01 -1.212796942839130e+00  3.022768253527417e-03 
-1.208796942839130e+00  1.643027195403728e+00 -1.208796942839130e+00  1.031195295378169e+00 -1.208796942839130e+00  1.264272875963980e+00 -1.208796942839130e+00  1.357395084065604e-01 -1.208796942839130e+00  6.164811041385685e-04 -1.208796942839130e+00  3.556350444079279e-01 -1.208796942839130e+00  2.617619492963231e-01 -1.208796942839130e+00  3.019352375390045e-03 
-1.204796942839130e+00  1.642131724015212e+00 -1.204796942839130e+00  1.032067193136311e+00 -1.204796942839130e+00  1.262941122935760e+00 -1.204796942839130e+00  1.360357421060445e-01 -1.204796942839130e+00  6.199979740811915e-04 -1.204796942839130e+00  3.569248537300982e-01 -1.204796942839130e+00  2.615658457581713e-01 -1.204796942839130e+00  3.015928142223449e-03 
-1.200796942839130e+00  1.641234319677625e+00 -1.200796942839130e+00  1.032941195104728e+00 -1.200796942839130e+00  1.261607152878083e+00 -1.200796942839130e+00  1.363316636200435e-01 -1.200796942839130e+00  6.235224348230070e-04 -1.200796942839130e+00  3.582184835009989e-01 -1.200796942839130e+00  2.613703217022617e-01 -1.200796942839130e+00  3.012495645121529e-03 
-1.196796942839130e+00  1.640335003320533e+00 -1.196796942839130e+00  1.033817278190300e+00 -1.196796942839130e+00  1.260270982803464e+00 -1.196796942839130e+00  1.366272680736711e-01 -1.196796942839130e+00  6.270544041642412e-04 -1.196796942839130e+00  3.595158849065510e-01 -1.196796942839130e+00  2.611753677383941e-01 -1.196796942839130e+00  3.009054974778719e-03 
-1.192796942839130e+00  1.639433795769873e+00 -1.192796942839130e+00  1.034695419434446e+00 -1.192796942839130e+00  1.258932629711496e+00 -1.192796942839130e+00  1.369225506943176e-01 -1.192796942839130e+00  6.305938003122614e-04 -1.192796942839130e+00  3.608170094770684e-01 -1.192796942839130e+00  2.609809745293378e-01 -1.192796942839130e+00  3.005606221360976e-03 
-1.188796942839130e+00  1.638530717732446e+00 -1.188796942839130e+00  1.035575595991008e+00 -1.188796942839130e+00  1.257592110578530e+00 -1.188796942839130e+00  1.372175068149687e-01 -1.188796942839130e+00  6.341405419425479e-04 -1.188796942839130e+00  3.621218090865448e-01 -1.188796942839130e+00  2.607871328002581e-01 -1.188796942839130e+00  3.002149474592819e-03 
-1.184796942839130e+00  1.637625789811736e+00 -1.184796942839130e+00  1.036457785224873e+00 -1.184796942839130e+00  1.256249442364057e+00 -1.184796942839130e+00  1.375121318675356e-01 -1.184796942839130e+00  6.376945481364958e-04 -1.184796942839130e+00  3.634302360246091e-01 -1.184796942839130e+00  2.605938333281581e-01 -1.184796942839130e+00  2.998684823369852e-03 
-1.180796942839130e+00  1.636719032470490e+00 -1.180796942839130e+00  1.037341964599214e+00 -1.180796942839130e+00  1.254904641988682e+00 -1.180796942839130e+00  1.378064213931021e-01 -1.180796942839130e+00  6.412557385284145e-04 -1.180796942839130e+00  3.647422429387323e-01 -1.180796942839130e+00  2.604010669652857e-01 -1.180796942839130e+00  2.995212356201727e-03 
-1.176796942839130e+00  1.635810466042040e+00 -1.176796942839130e+00  1.038228111751796e+00 -1.176796942839130e+00  1.253557726338093e+00 -1.176796942839130e+00  1.381003710366472e-01 -1.176796942839130e+00  6.448240332610452e-04 -1.176796942839130e+00  3.660577828907698e-01 -1.176796942839130e+00  2.602088246314619e-01 -1.176796942839130e+00  2.991732160912399e-03 
-1.172796942839130e+00  1.634900110721903e+00 -1.172796942839130e+00  1.039116204491719e+00 -1.172796942839130e+00  1.252208712256541e+00 -1.172796942839130e+00  1.383939765480433e-01 -1.172796942839130e+00  6.483993530185598e-04 -1.172796942839130e+00  3.673768093642030e-01 -1.172796942839130e+00  2.600170973190122e-01 -1.172796942839130e+00  2.988244324652936e-03 
-1.168796942839130e+00  1.633987986562973e+00 -1.168796942839130e+00  1.040006220808338e+00 -1.168796942839130e+00  1.250857616542234e+00 -1.168796942839130e+00  1.386872337819081e-01 -1.168796942839130e+00  6.519816190454271e-04 -1.168796942839130e+00  3.686992762780325e-01 -1.168796942839130e+00  2.598258760953879e-01 -1.168796942839130e+00  2.984748933866464e-03 
-1.164796942839130e+00  1.633074113468064e+00 -1.164796942839130e+00  1.040898138867474e+00 -1.164796942839130e+00  1.249504455941327e+00 -1.164796942839130e+00  1.389801386982796e-01 -1.164796942839130e+00  6.555707531756999e-04 -1.164796942839130e+00  3.700251379920392e-01 -1.164796942839130e+00  2.596351521075088e-01 -1.164796942839130e+00  2.981246074303111e-03 
-1.160796942839130e+00  1.632158511182961e+00 -1.160796942839130e+00  1.041791937007477e+00 -1.160796942839130e+00  1.248149247142168e+00 -1.160796942839130e+00  1.392726873631204e-01 -1.160796942839130e+00  6.591666778603390e-04 -1.160796942839130e+00  3.713543493111594e-01 -1.160796942839130e+00  2.594449165857939e-01 -1.160796942839130e+00  2.977735831035388e-03 
-1.156796942839130e+00  1.631241199302417e+00 -1.156796942839130e+00  1.042687593785207e+00 -1.156796942839130e+00  1.246792006776613e+00 -1.156796942839130e+00  1.395648759447943e-01 -1.156796942839130e+00  6.627693161435971e-04 -1.156796942839130e+00  3.726868655200138e-01 -1.156796942839130e+00  2.592551608399393e-01 -1.156796942839130e+00  2.974218288277645e-03 
-1.152796942839130e+00  1.630322197247726e+00 -1.152796942839130e+00  1.043585087906506e+00 -1.152796942839130e+00  1.245432751405908e+00 -1.152796942839130e+00  1.398567007193789e-01 -1.152796942839130e+00  6.663785917511253e-04 -1.152796942839130e+00  3.740226423452948e-01 -1.152796942839130e+00  2.590658762728333e-01 -1.152796942839130e+00  2.970693529659150e-03 
-1.148796942839130e+00  1.629401524283987e+00 -1.148796942839130e+00  1.044484398313643e+00 -1.148796942839130e+00  1.244071497528173e+00 -1.148796942839130e+00  1.401481580636740e-01 -1.148796942839130e+00  6.699944290222026e-04 -1.148796942839130e+00  3.753616360146711e-01 -1.148796942839130e+00  2.588770543691771e-01 -1.148796942839130e+00  2.967161637880651e-03 
-1.144796942839130e+00  1.628479199500693e+00 -1.144796942839130e+00  1.045385504124179e+00 -1.144796942839130e+00  1.242708261565959e+00 -1.144796942839130e+00  1.404392444595690e-01 -1.144796942839130e+00  6.736167529859209e-04 -1.144796942839130e+00  3.767038032230166e-01 -1.144796942839130e+00  2.586886867075009e-01 -1.144796942839130e+00  2.963622694954418e-03 
-1.140796942839130e+00  1.627555241817826e+00 -1.140796942839130e+00  1.046288384670392e+00 -1.140796942839130e+00  1.241343059867718e+00 -1.140796942839130e+00  1.407299564905391e-01 -1.140796942839130e+00  6.772454893372404e-04 -1.140796942839130e+00  3.780491011603963e-01 -1.140796942839130e+00  2.585007649559408e-01 -1.140796942839130e+00  2.960076782049496e-03 
-1.136796942839130e+00  1.626629669981679e+00 -1.136796942839130e+00  1.047193019496029e+00 -1.136796942839130e+00  1.239975908703727e+00 -1.136796942839130e+00  1.410202908413330e-01 -1.136796942839130e+00  6.808805644534323e-04 -1.136796942839130e+00  3.793974875130492e-01 -1.136796942839130e+00  2.583132808745595e-01 -1.136796942839130e+00  2.956523979504437e-03 
-1.132796942839130e+00  1.625702502556733e+00 -1.132796942839130e+00  1.048099388335360e+00 -1.132796942839130e+00  1.238606824259832e+00 -1.132796942839130e+00  1.413102442988606e-01 -1.132796942839130e+00  6.845219054259812e-04 -1.132796942839130e+00  3.807489204526850e-01 -1.132796942839130e+00  2.581262263202122e-01 -1.132796942839130e+00  2.952964366909500e-03 
-1.128796942839130e+00  1.624773757929763e+00 -1.128796942839130e+00  1.049007471140371e+00 -1.128796942839130e+00  1.237235822637961e+00 -1.128796942839130e+00  1.415998137493552e-01 -1.128796942839130e+00  6.881694400444068e-04 -1.128796942839130e+00  3.821033586553485e-01 -1.128796942839130e+00  2.579395932436011e-01 -1.128796942839130e+00  2.949398022999909e-03 
-1.124796942839130e+00  1.623843454311626e+00 -1.124796942839130e+00  1.049917248097112e+00 -1.124796942839130e+00  1.235862919855410e+00 -1.124796942839130e+00  1.418889961762922e-01 -1.124796942839130e+00  6.918230967892601e-04 -1.124796942839130e+00  3.834607613131417e-01 -1.124796942839130e+00  2.577533736878686e-01 -1.124796942839130e+00  2.945825025591693e-03 
-1.120796942839130e+00  1.622911609716613e+00 -1.120796942839130e+00  1.050828699549673e+00 -1.120796942839130e+00  1.234488131831760e+00 -1.120796942839130e+00  1.421777886650930e-01 -1.120796942839130e+00  6.954828049132844e-04 -1.120796942839130e+00  3.848210880874248e-01 -1.120796942839130e+00  2.575675598014502e-01 -1.120796942839130e+00  2.942245451880119e-03 
-1.116796942839130e+00  1.621978241991633e+00 -1.116796942839130e+00  1.051741806125387e+00 -1.116796942839130e+00  1.233111474403374e+00 -1.116796942839130e+00  1.424661883927855e-01 -1.116796942839130e+00  6.991484943266486e-04 -1.116796942839130e+00  3.861842991879857e-01 -1.116796942839130e+00  2.573821438192270e-01 -1.116796942839130e+00  2.938659377948135e-03 
-1.112796942839130e+00  1.621043368785478e+00 -1.112796942839130e+00  1.052656548615194e+00 -1.112796942839130e+00  1.231732963304790e+00 -1.112796942839130e+00  1.427541926357841e-01 -1.112796942839130e+00  7.028200957178157e-04 -1.112796942839130e+00  3.875503552979606e-01 -1.112796942839130e+00  2.571971180818299e-01 -1.112796942839130e+00  2.935066879236124e-03 
-1.108796942839130e+00  1.620107007564429e+00 -1.108796942839130e+00  1.053572908041278e+00 -1.108796942839130e+00  1.230352614175779e+00 -1.108796942839130e+00  1.430417987636944e-01 -1.108796942839130e+00  7.064975404921152e-04 -1.108796942839130e+00  3.889192176160734e-01 -1.108796942839130e+00  2.570124750254720e-01 -1.108796942839130e+00  2.931468030276280e-03 
-1.104796942839130e+00  1.619169175608877e+00 -1.104796942839130e+00  1.054490865646526e+00 -1.104796942839130e+00  1.228970442557964e+00 -1.104796942839130e+00  1.433290042388859e-01 -1.104796942839130e+00  7.101807607851002e-04 -1.104796942839130e+00  3.902908478494133e-01 -1.104796942839130e+00  2.568282071838647e-01 -1.104796942839130e+00  2.927862904734059e-03 
-1.100796942839130e+00  1.618229890016768e+00 -1.100796942839130e+00  1.055410402910921e+00 -1.100796942839130e+00  1.227586463895263e+00 -1.100796942839130e+00  1.436158066140402e-01 -1.100796942839130e+00  7.138696894489635e-04 -1.100796942839130e+00  3.916652082228906e-01 -1.100796942839130e+00  2.566443071857969e-01 -1.100796942839130e+00  2.924251575343733e-03 
-1.096796942839130e+00  1.617289167684860e+00 -1.096796942839130e+00  1.056331501475664e+00 -1.096796942839130e+00  1.226200693521941e+00 -1.096796942839130e+00  1.439022035362994e-01 -1.096796942839130e+00  7.175642601261770e-04 -1.096796942839130e+00  3.930422614298645e-01 -1.096796942839130e+00  2.564607677668689e-01 -1.096796942839130e+00  2.920634114206422e-03 
-1.092796942839130e+00  1.616347025336605e+00 -1.092796942839130e+00  1.057254143258010e+00 -1.092796942839130e+00  1.224813146676814e+00 -1.092796942839130e+00  1.441881927376082e-01 -1.092796942839130e+00  7.212644071399651e-04 -1.092796942839130e+00  3.944219707033693e-01 -1.092796942839130e+00  2.562775817515383e-01 -1.092796942839130e+00  2.917010592339116e-03 
-1.088796942839130e+00  1.615403479498470e+00 -1.088796942839130e+00  1.058178310353257e+00 -1.088796942839130e+00  1.223423838488592e+00 -1.088796942839130e+00  1.444737720403653e-01 -1.088796942839130e+00  7.249700655873109e-04 -1.088796942839130e+00  3.958042997521238e-01 -1.088796942839130e+00  2.560947420680247e-01 -1.088796942839130e+00  2.913381080059551e-03 
-1.084796942839130e+00  1.614458546509805e+00 -1.084796942839130e+00  1.059103985073943e+00 -1.084796942839130e+00  1.222032783980078e+00 -1.084796942839130e+00  1.447589393531540e-01 -1.084796942839130e+00  7.286811713001767e-04 -1.084796942839130e+00  3.971892127832837e-01 -1.084796942839130e+00  2.559122417418394e-01 -1.084796942839130e+00  2.909745646832251e-03 
-1.080796942839130e+00  1.613512242529583e+00 -1.080796942839130e+00  1.060031149975503e+00 -1.080796942839130e+00  1.220639998070671e+00 -1.080796942839130e+00  1.450436926674629e-01 -1.080796942839130e+00  7.323976608190739e-04 -1.080796942839130e+00  3.985766745165122e-01 -1.080796942839130e+00  2.557300738913532e-01 -1.080796942839130e+00  2.906104361167871e-03 
-1.076796942839130e+00  1.612564583525285e+00 -1.076796942839130e+00  1.060959787807611e+00 -1.076796942839130e+00  1.219245495568839e+00 -1.076796942839130e+00  1.453280300596545e-01 -1.076796942839130e+00  7.361194714366644e-04 -1.076796942839130e+00  3.999666501504680e-01 -1.076796942839130e+00  2.555482317346963e-01 -1.076796942839130e+00  2.902457290814167e-03 
-1.072796942839130e+00  1.611615585275851e+00 -1.072796942839130e+00  1.061889881522588e+00 -1.072796942839130e+00  1.217849291172550e+00 -1.072796942839130e+00  1.456119496888213e-01 -1.072796942839130e+00  7.398465411861713e-04 -1.072796942839130e+00  4.013591053653764e-01 -1.072796942839130e+00  2.553667085877662e-01 -1.072796942839130e+00  2.898804502723085e-03 
-1.068796942839130e+00  1.610665263378940e+00 -1.068796942839130e+00  1.062821414301346e+00 -1.068796942839130e+00  1.216451399472186e+00 -1.068796942839130e+00  1.458954497934368e-01 -1.068796942839130e+00  7.435788088129392e-04 -1.068796942839130e+00  4.027540063367115e-01 -1.068796942839130e+00  2.551854978594729e-01 -1.068796942839130e+00  2.895146062948779e-03 
-1.064796942839130e+00  1.609713633248196e+00 -1.064796942839130e+00  1.063754369537391e+00 -1.064796942839130e+00  1.215051834947854e+00 -1.064796942839130e+00  1.461785286909371e-01 -1.064796942839130e+00  7.473162137850587e-04 -1.064796942839130e+00  4.041513197219291e-01 -1.064796942839130e+00  2.550045930533550e-01 -1.064796942839130e+00  2.891482036710497e-03 
-1.060796942839130e+00  1.608760710110285e+00 -1.060796942839130e+00  1.064688730819054e+00 -1.060796942839130e+00  1.213650611966583e+00 -1.060796942839130e+00  1.464611847773846e-01 -1.060796942839130e+00  7.510586963050710e-04 -1.060796942839130e+00  4.055510126458306e-01 -1.060796942839130e+00  2.548239877693718e-01 -1.060796942839130e+00  2.887812488462326e-03 
-1.056796942839130e+00  1.607806509010695e+00 -1.056796942839130e+00  1.065624481947914e+00 -1.056796942839130e+00  1.212247744784530e+00 -1.056796942839130e+00  1.467434165246201e-01 -1.056796942839130e+00  7.548061972871533e-04 -1.056796942839130e+00  4.069530527090137e-01 -1.056796942839130e+00  2.546436757000921e-01 -1.056796942839130e+00  2.884137481820854e-03 
-1.052796942839130e+00  1.606851044814268e+00 -1.052796942839130e+00  1.066561606934515e+00 -1.052796942839130e+00  1.210843247546250e+00 -1.052796942839130e+00  1.470252224789751e-01 -1.052796942839130e+00  7.585586583550659e-04 -1.052796942839130e+00  4.083574079816421e-01 -1.052796942839130e+00  2.544636506303060e-01 -1.052796942839130e+00  2.880457079582021e-03 
-1.048796942839130e+00  1.605894332208297e+00 -1.048796942839130e+00  1.067500090004819e+00 -1.048796942839130e+00  1.209437134285451e+00 -1.048796942839130e+00  1.473066012592699e-01 -1.048796942839130e+00  7.623160218299461e-04 -1.048796942839130e+00  4.097640470040331e-01 -1.048796942839130e+00  2.542839064349418e-01 -1.048796942839130e+00  2.876771343695728e-03 
-1.044796942839130e+00  1.604936385692568e+00 -1.044796942839130e+00  1.068439915551230e+00 -1.044796942839130e+00  1.208029418918315e+00 -1.044796942839130e+00  1.475875515585572e-01 -1.044796942839130e+00  7.660782307694062e-04 -1.044796942839130e+00  4.111729387513954e-01 -1.044796942839130e+00  2.541044370853562e-01 -1.044796942839130e+00  2.873080335458228e-03 
-1.040796942839130e+00  1.603977219601377e+00 -1.040796942839130e+00  1.069381068217221e+00 -1.040796942839130e+00  1.206620115255167e+00 -1.040796942839130e+00  1.478680721367841e-01 -1.040796942839130e+00  7.698452288811481e-04 -1.040796942839130e+00  4.125840526845900e-01 -1.040796942839130e+00  2.539252366352685e-01 -1.040796942839130e+00  2.869384115179680e-03 
-1.036796942839130e+00  1.603016848083777e+00 -1.036796942839130e+00  1.070323532806958e+00 -1.036796942839130e+00  1.205209236988237e+00 -1.036796942839130e+00  1.481481618253633e-01 -1.036796942839130e+00  7.736169606003609e-04 -1.036796942839130e+00  4.139973586880156e-01 -1.036796942839130e+00  2.537462992332528e-01 -1.036796942839130e+00  2.865682742539228e-03 
-1.032796942839130e+00  1.602055285115779e+00 -1.032796942839130e+00  1.071267294327943e+00 -1.032796942839130e+00  1.203796797697785e+00 -1.032796942839130e+00  1.484278195226918e-01 -1.032796942839130e+00  7.773933710420500e-04 -1.032796942839130e+00  4.154128270931461e-01 -1.032796942839130e+00  2.535676191149721e-01 -1.032796942839130e+00  2.861976276417408e-03 
-1.028796942839130e+00  1.601092544507118e+00 -1.028796942839130e+00  1.072212338011219e+00 -1.028796942839130e+00  1.202382810855149e+00 -1.028796942839130e+00  1.487070441912420e-01 -1.028796942839130e+00  7.811744059742205e-04 -1.028796942839130e+00  4.168304286876685e-01 -1.028796942839130e+00  2.533891905988191e-01 -1.028796942839130e+00  2.858264774816802e-03 
-1.024796942839130e+00  1.600128639884515e+00 -1.024796942839130e+00  1.073158649232262e+00 -1.024796942839130e+00  1.200967289812284e+00 -1.024796942839130e+00  1.489858348613129e-01 -1.024796942839130e+00  7.849600118837688e-04 -1.024796942839130e+00  4.182501346602402e-01 -1.024796942839130e+00  2.532110080965386e-01 -1.024796942839130e+00  2.854548295172846e-03 
-1.020796942839130e+00  1.599163584717265e+00 -1.020796942839130e+00  1.074106213609622e+00 -1.020796942839130e+00  1.199550247815740e+00 -1.020796942839130e+00  1.492641906228764e-01 -1.020796942839130e+00  7.887501358758842e-04 -1.020796942839130e+00  4.196719166602911e-01 -1.020796942839130e+00  2.530330660969469e-01 -1.020796942839130e+00  2.850826893966252e-03 
-1.016796942839130e+00  1.598197392304779e+00 -1.016796942839130e+00  1.075055016943515e+00 -1.016796942839130e+00  1.198131697998737e+00 -1.016796942839130e+00  1.495421106281765e-01 -1.016796942839130e+00  7.925447257230923e-04 -1.016796942839130e+00  4.210957467541887e-01 -1.016796942839130e+00  2.528553591738329e-01 -1.016796942839130e+00  2.847100626964294e-03 
-1.012796942839130e+00  1.597230075765188e+00 -1.012796942839130e+00  1.076005045158151e+00 -1.012796942839130e+00  1.196711653373788e+00 -1.012796942839130e+00  1.498195940939702e-01 -1.012796942839130e+00  7.963437299098604e-04 -1.012796942839130e+00  4.225215973835601e-01 -1.012796942839130e+00  2.526778819932158e-01 -1.012796942839130e+00  2.843369549447323e-03 
-1.008796942839130e+00  1.596261648064164e+00 -1.008796942839130e+00  1.076956284413878e+00 -1.008796942839130e+00  1.195290126848725e+00 -1.008796942839130e+00  1.500966402926119e-01 -1.008796942839130e+00  8.001470975195317e-04 -1.008796942839130e+00  4.239494414339743e-01 -1.008796942839130e+00  2.525006292950200e-01 -1.008796942839130e+00  2.839633715768265e-03 
-1.004796942839130e+00  1.595292122013364e+00 -1.004796942839130e+00  1.077908721091255e+00 -1.004796942839130e+00  1.193867131225155e+00 -1.004796942839130e+00  1.503732485516644e-01 -1.004796942839130e+00  8.039547782403466e-04 -1.004796942839130e+00  4.253792522205496e-01 -1.004796942839130e+00  2.523235958940643e-01 -1.004796942839130e+00  2.835893179415181e-03 
-1.000796942839130e+00  1.594321510244267e+00 -1.000796942839130e+00  1.078862341670364e+00 -1.000796942839130e+00  1.192442679182587e+00 -1.000796942839130e+00  1.506494182603012e-01 -1.000796942839130e+00  8.077667224682608e-04 -1.000796942839130e+00  4.268110034051731e-01 -1.000796942839130e+00  2.521467766967408e-01 -1.000796942839130e+00  2.832147993485315e-03 
-9.967969428391301e-01  1.593349825242965e+00 -9.967969428391301e-01  1.079817132868322e+00 -9.967969428391301e-01  1.191016783298070e+00 -9.967969428391301e-01  1.509251488588585e-01 -9.967969428391301e-01  8.115828811702556e-04 -9.967969428391301e-01  4.282446690818806e-01 -9.967969428391301e-01  2.519701666788903e-01 -9.967969428391301e-01  2.828398210144965e-03 
-9.927969428391301e-01  1.592377079331571e+00 -9.927969428391301e-01  1.080773081550436e+00 -9.927969428391301e-01  1.189589456034767e+00 -9.927969428391301e-01  1.512004398431825e-01 -9.927969428391301e-01  8.154032059573711e-04 -9.927969428391301e-01  4.296802237147881e-01 -9.927969428391301e-01  2.517937608976808e-01 -9.927969428391301e-01  2.824643880978472e-03 
-9.887969428391301e-01  1.591403284679113e+00 -9.887969428391301e-01  1.081730174766404e+00 -9.887969428391301e-01  1.188160709747748e+00 -9.887969428391301e-01  1.514752907608536e-01 -9.887969428391301e-01  8.192276490419193e-04 -9.887969428391301e-01  4.311176421575410e-01 -9.887969428391301e-01  2.516175544847015e-01 -9.887969428391301e-01  2.820885056845968e-03 
-9.847969428391301e-01  1.590428453297680e+00 -9.847969428391301e-01  1.082688399723783e+00 -9.847969428391301e-01  1.186730556681187e+00 -9.847969428391301e-01  1.517497012114888e-01 -9.847969428391301e-01  8.230561632526057e-04 -9.847969428391301e-01  4.325568996318256e-01 -9.847969428391301e-01  2.514415426484641e-01 -9.847969428391301e-01  2.817121787987651e-03 
-9.807969428391301e-01  1.589452597055687e+00 -9.807969428391301e-01  1.083647743834232e+00 -9.807969428391301e-01  1.185299008975642e+00 -9.807969428391301e-01  1.520236708423914e-01 -9.807969428391301e-01  8.268887019824422e-04 -9.807969428391301e-01  4.339979717534981e-01 -9.807969428391301e-01  2.512657206660174e-01 -9.807969428391301e-01  2.813354123842112e-03 
-9.767969428391301e-01  1.588475727662293e+00 -9.767969428391301e-01  1.084608194637108e+00 -9.767969428391301e-01  1.183866078658397e+00 -9.767969428391301e-01  1.522971993520864e-01 -9.767969428391301e-01  8.307252192499467e-04 -9.767969428391301e-01  4.354408344784774e-01 -9.767969428391301e-01  2.510900838928960e-01 -9.767969428391301e-01  2.809582113346490e-03 
-9.727969428391301e-01  1.587497856684712e+00 -9.727969428391301e-01  1.085569739862753e+00 -9.727969428391301e-01  1.182431777653167e+00 -9.727969428391301e-01  1.525702864849131e-01 -9.727969428391301e-01  8.345656696311504e-04 -9.727969428391301e-01  4.368854641400801e-01 -9.727969428391301e-01  2.509146277521915e-01 -9.727969428391301e-01  2.805805804687787e-03 
-9.687969428391301e-01  1.586518995538551e+00 -9.687969428391301e-01  1.086532367381152e+00 -9.687969428391301e-01  1.180996117773971e+00 -9.687969428391301e-01  1.528429320329709e-01 -9.687969428391301e-01  8.384100082975205e-04 -9.687969428391301e-01  4.383318374113117e-01 -9.687969428391301e-01  2.507393477407555e-01 -9.687969428391301e-01  2.802025245504631e-03 
-9.647969428391301e-01  1.585539155502959e+00 -9.647969428391301e-01  1.087496065256413e+00 -9.647969428391301e-01  1.179559110733616e+00 -9.647969428391301e-01  1.531151358313729e-01 -9.647969428391301e-01  8.422581909564768e-04 -9.647969428391301e-01  4.397799313365924e-01 -9.647969428391301e-01  2.505642394196165e-01 -9.647969428391301e-01  2.798240482673242e-03 
-9.607969428391301e-01  1.584558347702854e+00 -9.607969428391301e-01  1.088460821660427e+00 -9.607969428391301e-01  1.178120768132815e+00 -9.607969428391301e-01  1.533868977623947e-01 -9.607969428391301e-01  8.461101739212132e-04 -9.607969428391301e-01  4.412297232710484e-01 -9.607969428391301e-01  2.503892984253911e-01 -9.607969428391301e-01  2.794451562646569e-03 
-9.567969428391301e-01  1.583576583136008e+00 -9.567969428391301e-01  1.089426624978633e+00 -9.567969428391301e-01  1.176681101475797e+00 -9.567969428391301e-01  1.536582177475718e-01 -9.567969428391301e-01  8.499659140042774e-04 -9.567969428391301e-01  4.426811909460485e-01 -9.567969428391301e-01  2.502145204530921e-01 -9.567969428391301e-01  2.790658531038827e-03 
-9.527969428391301e-01  1.582593872651557e+00 -9.527969428391301e-01  1.090393463707746e+00 -9.527969428391301e-01  1.175240122157231e+00 -9.527969428391301e-01  1.539290957528689e-01 -9.527969428391301e-01  8.538253686019985e-04 -9.527969428391301e-01  4.441343123980573e-01 -9.527969428391301e-01  2.500399012699178e-01 -9.527969428391301e-01  2.786861433027294e-03 
-9.487969428391301e-01  1.581610226969029e+00 -9.487969428391301e-01  1.091361326527131e+00 -9.487969428391301e-01  1.173797841473150e+00 -9.487969428391301e-01  1.541995317829991e-01 -9.487969428391301e-01  8.576884956197466e-04 -9.487969428391301e-01  4.455890660116901e-01 -9.487969428391301e-01  2.498654367032097e-01 -9.487969428391301e-01  2.783060313071837e-03 
-9.447969428391301e-01  1.580625656660808e+00 -9.447969428391301e-01  1.092330202213441e+00 -9.447969428391301e-01  1.172354270610214e+00 -9.447969428391301e-01  1.544695258855283e-01 -9.447969428391301e-01  8.615552535408212e-04 -9.447969428391301e-01  4.470454304596317e-01 -9.447969428391301e-01  2.496911226517193e-01 -9.447969428391301e-01  2.779255215250305e-03 
-9.407969428391301e-01  1.579640172183232e+00 -9.407969428391301e-01  1.093300079764017e+00 -9.407969428391301e-01  1.170909420663858e+00 -9.407969428391301e-01  1.547390781420525e-01 -9.407969428391301e-01  8.654256013042669e-04 -9.407969428391301e-01  4.485033847801813e-01 -9.407969428391301e-01  2.495169550658905e-01 -9.407969428391301e-01  2.775446182773813e-03 
-9.367969428391301e-01  1.578653783847770e+00 -9.367969428391301e-01  1.094270948263201e+00 -9.367969428391301e-01  1.169463302620892e+00 -9.367969428391301e-01  1.550081886753208e-01 -9.367969428391301e-01  8.692994984181064e-04 -9.367969428391301e-01  4.499629082853429e-01 -9.367969428391301e-01  2.493429299663089e-01 -9.367969428391301e-01  2.771633258511767e-03 
-9.327969428391301e-01  1.577666501845605e+00 -9.327969428391301e-01  1.095242796977831e+00 -9.327969428391301e-01  1.168015927373829e+00 -9.327969428391301e-01  1.552768576422012e-01 -9.327969428391301e-01  8.731769048627967e-04 -9.327969428391301e-01  4.514239806201122e-01 -9.327969428391301e-01  2.491690434281646e-01 -9.327969428391301e-01  2.767816484616888e-03 
-9.287969428391301e-01  1.576678336231518e+00 -9.287969428391301e-01  1.096215615278177e+00 -9.287969428391301e-01  1.166567305711031e+00 -9.287969428391301e-01  1.555450852374291e-01 -9.287969428391301e-01  8.770577811544903e-04 -9.287969428391301e-01  4.528865817065938e-01 -9.287969428391301e-01  2.489952915916060e-01 -9.287969428391301e-01  2.763995902835669e-03 
-9.247969428391301e-01  1.575689296937876e+00 -9.247969428391301e-01  1.097189392688219e+00 -9.247969428391301e-01  1.165117448324798e+00 -9.247969428391301e-01  1.558128716894288e-01 -9.247969428391301e-01  8.809420882901440e-04 -9.247969428391301e-01  4.543506917735813e-01 -9.247969428391301e-01  2.488216706529431e-01 -9.247969428391301e-01  2.760171554310934e-03 
-9.207969428391301e-01  1.574699393775582e+00 -9.207969428391301e-01  1.098164118880016e+00 -9.207969428391301e-01  1.163666365811715e+00 -9.207969428391301e-01  1.560802172595942e-01 -9.207969428391301e-01  8.848297877437169e-04 -9.207969428391301e-01  4.558162913492919e-01 -9.207969428391301e-01  2.486481768641537e-01 -9.207969428391301e-01  2.756343479603934e-03 
-9.167969428391300e-01  1.573708636431207e+00 -9.167969428391300e-01  1.099139783651798e+00 -9.167969428391300e-01  1.162214068670730e+00 -9.167969428391300e-01  1.563471222425856e-01 -9.167969428391300e-01  8.887208414774904e-04 -9.167969428391300e-01  4.572833612433396e-01 -9.167969428391300e-01  2.484748065348106e-01 -9.167969428391300e-01  2.752511718780440e-03 
-9.127969428391300e-01  1.572717034473964e+00 -9.127969428391300e-01  1.100116376948318e+00 -9.127969428391300e-01  1.160760567307124e+00 -9.127969428391300e-01  1.566135869640616e-01 -9.127969428391300e-01  8.926152119146724e-04 -9.127969428391300e-01  4.587518825567440e-01 -9.127969428391300e-01  2.483015560277699e-01 -9.127969428391300e-01  2.748676311330750e-03 
-9.087969428391300e-01  1.571724597345000e+00 -9.087969428391300e-01  1.101093888805197e+00 -9.087969428391300e-01  1.159305872025894e+00 -9.087969428391300e-01  1.568796117830225e-01 -9.087969428391300e-01  8.965128619813976e-04 -9.087969428391300e-01  4.602218366416057e-01 -9.087969428391300e-01  2.481284217661090e-01 -9.087969428391300e-01  2.744837296388316e-03 
-9.047969428391300e-01  1.570731334375003e+00 -9.047969428391300e-01  1.102072309415524e+00 -9.047969428391300e-01  1.157849993042151e+00 -9.047969428391300e-01  1.571451970868168e-01 -9.047969428391300e-01  9.004137550376627e-04 -9.047969428391300e-01  4.616932051418663e-01 -9.047969428391300e-01  2.479554002220153e-01 -9.047969428391300e-01  2.740994712468117e-03 
-9.007969428391300e-01  1.569737254782440e+00 -9.007969428391300e-01  1.103051629112955e+00 -9.007969428391300e-01  1.156392940479913e+00 -9.007969428391300e-01  1.574103432912017e-01 -9.007969428391300e-01  9.043178548841590e-04 -9.007969428391300e-01  4.631659699788143e-01 -9.007969428391300e-01  2.477824879180432e-01 -9.007969428391300e-01  2.737148597533148e-03 
-8.967969428391300e-01  1.568742367669430e+00 -8.967969428391300e-01  1.104031838344676e+00 -8.967969428391300e-01  1.154934724369477e+00 -8.967969428391300e-01  1.576750508410198e-01 -8.967969428391300e-01  9.082251257785317e-04 -8.967969428391300e-01  4.646401133298665e-01 -8.967969428391300e-01  2.476096814298620e-01 -8.967969428391300e-01  2.733298989100449e-03 
-8.927969428391300e-01  1.567746682016864e+00 -8.927969428391300e-01  1.105012927641181e+00 -8.927969428391300e-01  1.153475354644321e+00 -8.927969428391300e-01  1.579393202110552e-01 -8.927969428391300e-01  9.121355324545259e-04 -8.927969428391300e-01  4.661156176052258e-01 -8.927969428391300e-01  2.474369773894942e-01 -8.927969428391300e-01  2.729445924359972e-03 
-8.887969428391300e-01  1.566750206709693e+00 -8.887969428391300e-01  1.105994887716617e+00 -8.887969428391300e-01  1.152014841156239e+00 -8.887969428391300e-01  1.582031518991675e-01 -8.887969428391300e-01  9.160490400226505e-04 -8.887969428391300e-01  4.675924655113988e-01 -8.887969428391300e-01  2.472643724693184e-01 -8.887969428391300e-01  2.725589439780320e-03 
-8.847969428391300e-01  1.565752950512578e+00 -8.847969428391300e-01  1.106977709354476e+00 -8.847969428391300e-01  1.150553193660536e+00 -8.847969428391300e-01  1.584665464321893e-01 -8.847969428391300e-01  9.199656140658742e-04 -8.847969428391300e-01  4.690706399720899e-01 -8.847969428391300e-01  2.470918633977381e-01 -8.847969428391300e-01  2.721729571557815e-03 
-8.807969428391300e-01  1.564754922090553e+00 -8.807969428391300e-01  1.107961383488336e+00 -8.807969428391300e-01  1.149090421828410e+00 -8.807969428391300e-01  1.587295043602797e-01 -8.807969428391300e-01  9.238852205583807e-04 -8.807969428391300e-01  4.705501241788264e-01 -8.807969428391300e-01  2.469194469461161e-01 -8.807969428391300e-01  2.717866355299319e-03 
-8.767969428391300e-01  1.563756129997834e+00 -8.767969428391300e-01  1.108945901144583e+00 -8.767969428391300e-01  1.147626535240081e+00 -8.767969428391300e-01  1.589920262594541e-01 -8.767969428391300e-01  9.278078259095930e-04 -8.767969428391300e-01  4.720309015498109e-01 -8.767969428391300e-01  2.467471199360606e-01 -8.767969428391300e-01  2.713999826247193e-03 
-8.727969428391300e-01  1.562756582692425e+00 -8.727969428391300e-01  1.109931253497266e+00 -8.727969428391300e-01  1.146161543393579e+00 -8.727969428391300e-01  1.592541127275423e-01 -8.727969428391300e-01  9.317333969067657e-04 -8.727969428391300e-01  4.735129557634974e-01 -8.727969428391300e-01  2.465748792302231e-01 -8.727969428391300e-01  2.710130019063907e-03 
-8.687969428391300e-01  1.561756288514570e+00 -8.687969428391300e-01  1.110917431765949e+00 -8.687969428391300e-01  1.144695455691572e+00 -8.687969428391300e-01  1.595157643893354e-01 -8.687969428391300e-01  9.356619007996355e-04 -8.687969428391300e-01  4.749962706875714e-01 -8.687969428391300e-01  2.464027217462085e-01 -8.687969428391300e-01  2.706256968233138e-03 
-8.647969428391300e-01  1.560755255719813e+00 -8.647969428391300e-01  1.111904427350907e+00 -8.647969428391300e-01  1.143228281461402e+00 -8.647969428391300e-01  1.597769818879107e-01 -8.647969428391300e-01  9.395933051705766e-04 -8.647969428391300e-01  4.764808304662106e-01 -8.647969428391300e-01  2.462306444355921e-01 -8.647969428391300e-01  2.702380707528884e-03 
-8.607969428391300e-01  1.559753492459190e+00 -8.607969428391300e-01  1.112892231738870e+00 -8.607969428391300e-01  1.141760029942988e+00 -8.607969428391300e-01  1.600377658893560e-01 -8.607969428391300e-01  9.435275780123446e-04 -8.607969428391300e-01  4.779666194544371e-01 -8.607969428391300e-01  2.460586442967062e-01 -8.607969428391300e-01  2.698501270385607e-03 
-8.567969428391300e-01  1.558751006777247e+00 -8.567969428391300e-01  1.113880836486163e+00 -8.567969428391300e-01  1.140290710287561e+00 -8.567969428391300e-01  1.602981170829702e-01 -8.567969428391300e-01  9.474646877359551e-04 -8.567969428391300e-01  4.794536222040269e-01 -8.567969428391300e-01  2.458867183760481e-01 -8.567969428391300e-01  2.694618689964398e-03 
-8.527969428391300e-01  1.557747806633814e+00 -8.527969428391300e-01  1.114870233305269e+00 -8.527969428391300e-01  1.138820331570904e+00 -8.527969428391300e-01  1.605580361755150e-01 -8.527969428391300e-01  9.514046030850898e-04 -8.527969428391300e-01  4.809418235186050e-01 -8.527969428391300e-01  2.457148637545169e-01 -8.527969428391300e-01  2.690732998813134e-03 
-8.487969428391300e-01  1.556743899883560e+00 -8.487969428391300e-01  1.115860413968087e+00 -8.487969428391300e-01  1.137348902780847e+00 -8.487969428391300e-01  1.608175238960813e-01 -8.487969428391300e-01  9.553472932164136e-04 -8.487969428391300e-01  4.824312083863371e-01 -8.487969428391300e-01  2.455430775605972e-01 -8.487969428391300e-01  2.686844229246296e-03 
-8.447969428391300e-01  1.555739294300684e+00 -8.447969428391300e-01  1.116851370405389e+00 -8.447969428391300e-01  1.135876432832330e+00 -8.447969428391300e-01  1.610765809896612e-01 -8.447969428391300e-01  9.592927276026060e-04 -8.447969428391300e-01  4.839217620437877e-01 -8.447969428391300e-01  2.453713569547400e-01 -8.447969428391300e-01  2.682952412954446e-03 
-8.407969428391300e-01  1.554733997550839e+00 -8.407969428391300e-01  1.117843094576866e+00 -8.407969428391300e-01  1.134402930550230e+00 -8.407969428391300e-01  1.613352082239000e-01 -8.407969428391300e-01  9.632408761426143e-04 -8.407969428391300e-01  4.854134698864123e-01 -8.407969428391300e-01  2.451996991474515e-01 -8.407969428391300e-01  2.679057581514534e-03 
-8.367969428391300e-01  1.553728017220014e+00 -8.367969428391300e-01  1.118835578589345e+00 -8.367969428391300e-01  1.132928404687010e+00 -8.367969428391300e-01  1.615934063816638e-01 -8.367969428391300e-01  9.671917090482508e-04 -8.367969428391300e-01  4.869063175451039e-01 -8.367969428391300e-01  2.450281013809558e-01 -8.367969428391300e-01  2.675159765925694e-03 
-8.327969428391300e-01  1.552721360804849e+00 -8.327969428391300e-01  1.119828814647017e+00 -8.327969428391300e-01  1.131452863916809e+00 -8.327969428391300e-01  1.618511762632260e-01 -8.327969428391300e-01  9.711451968821795e-04 -8.327969428391300e-01  4.884002908504114e-01 -8.327969428391300e-01  2.448565609355439e-01 -8.327969428391300e-01  2.671258996804678e-03 
-8.287969428391300e-01  1.551714035704269e+00 -8.287969428391300e-01  1.120822795007596e+00 -8.287969428391300e-01  1.129976316830306e+00 -8.287969428391300e-01  1.621085186881069e-01 -8.287969428391300e-01  9.751013105908174e-04 -8.287969428391300e-01  4.898953758007103e-01 -8.287969428391300e-01  2.446850751350581e-01 -8.287969428391300e-01  2.667355304558000e-03 
-8.247969428391300e-01  1.550706049243519e+00 -8.247969428391300e-01  1.121817512079721e+00 -8.247969428391300e-01  1.128498771949491e+00 -8.247969428391300e-01  1.623654344889229e-01 -8.247969428391300e-01  9.790600214099087e-04 -8.247969428391300e-01  4.913915586250633e-01 -8.247969428391300e-01  2.445136413316724e-01 -8.247969428391300e-01  2.663448718999495e-03 
-8.207969428391300e-01  1.549697408650789e+00 -8.207969428391300e-01  1.122812958313859e+00 -8.207969428391300e-01  1.127020237713323e+00 -8.207969428391300e-01  1.626219245169460e-01 -8.207969428391300e-01  9.830213009563574e-04 -8.207969428391300e-01  4.928888257077408e-01 -8.207969428391300e-01  2.443422569209851e-01 -8.207969428391300e-01  2.659539269778661e-03 
-8.167969428391300e-01  1.548688121073132e+00 -8.167969428391300e-01  1.123809126264598e+00 -8.167969428391300e-01  1.125540722487537e+00 -8.167969428391300e-01  1.628779896379738e-01 -8.167969428391300e-01  9.869851211656668e-04 -8.167969428391300e-01  4.943871636276513e-01 -8.167969428391300e-01  2.441709193319839e-01 -8.167969428391300e-01  2.655626986136150e-03 
-8.127969428391300e-01  1.547678193584267e+00 -8.127969428391300e-01  1.124806008617793e+00 -8.127969428391300e-01  1.124060234569490e+00 -8.127969428391300e-01  1.631336307302461e-01 -8.127969428391300e-01  9.909514542613342e-04 -8.127969428391300e-01  4.958865591743156e-01 -8.127969428391300e-01  2.439996260221793e-01 -8.127969428391300e-01  2.651711896797013e-03 
-8.087969428391300e-01  1.546667633161363e+00 -8.087969428391300e-01  1.125803598082225e+00 -8.087969428391300e-01  1.122578782173896e+00 -8.087969428391300e-01  1.633888486899290e-01 -8.087969428391300e-01  9.949202728459984e-04 -8.087969428391300e-01  4.973869992729203e-01 -8.087969428391300e-01  2.438283744926345e-01 -8.087969428391300e-01  2.647794030396320e-03 
-8.047969428391299e-01  1.545656446712457e+00 -8.047969428391299e-01  1.126801887502646e+00 -8.047969428391299e-01  1.121096373449761e+00 -8.047969428391299e-01  1.636436444242425e-01 -8.047969428391299e-01  9.988915497938006e-04 -8.047969428391299e-01  4.988884710580033e-01 -8.047969428391299e-01  2.436571622705302e-01 -8.047969428391299e-01  2.643873415035115e-03 
-8.007969428391299e-01  1.544644641061059e+00 -8.007969428391299e-01  1.127800869785698e+00 -8.007969428391299e-01  1.119613016470943e+00 -8.007969428391299e-01  1.638980188550407e-01 -8.007969428391299e-01  1.002865258310768e-03 -8.007969428391299e-01  5.003909618215698e-01 -8.007969428391299e-01  2.434859869191946e-01 -8.007969428391299e-01  2.639950078571368e-03 
-7.967969428391299e-01  1.543632222950568e+00 -7.967969428391299e-01  1.128800537912699e+00 -7.967969428391299e-01  1.118128719238920e+00 -7.967969428391299e-01  1.641519729175676e-01 -7.967969428391299e-01  1.006841371917547e-03 -7.967969428391299e-01  5.018944590195603e-01 -7.967969428391299e-01  2.433148460354076e-01 -7.967969428391299e-01  2.636024048569799e-03 
-7.927969428391299e-01  1.542619199056308e+00 -7.927969428391299e-01  1.129800884985805e+00 -7.927969428391299e-01  1.116643489690297e+00 -7.927969428391299e-01  1.644055075573920e-01 -7.927969428391299e-01  1.010819864402126e-03 -7.927969428391299e-01  5.033989503008300e-01 -7.927969428391299e-01  2.431437372418238e-01 -7.927969428391299e-01  2.632095352120518e-03 
-7.887969428391299e-01  1.541605575968284e+00 -7.887969428391299e-01  1.130801904146153e+00 -7.887969428391299e-01  1.115157335686193e+00 -7.887969428391299e-01  1.646586237344148e-01 -7.887969428391299e-01  1.014800709887470e-03 -7.887969428391299e-01  5.049044234500649e-01 -7.887969428391299e-01  2.429726581981864e-01 -7.887969428391299e-01  2.628164016160591e-03 
-7.847969428391299e-01  1.540591360207237e+00 -7.847969428391299e-01  1.131803588637792e+00 -7.847969428391299e-01  1.113670265022248e+00 -7.847969428391299e-01  1.649113224188533e-01 -7.847969428391299e-01  1.018783882768598e-03 -7.847969428391299e-01  5.064108664288046e-01 -7.847969428391299e-01  2.428016065911726e-01 -7.847969428391299e-01  2.624230067222883e-03 
-7.807969428391299e-01  1.539576558221667e+00 -7.807969428391299e-01  1.132805931788556e+00 -7.807969428391299e-01  1.112182285426850e+00 -7.807969428391299e-01  1.651636045918179e-01 -7.807969428391299e-01  1.022769357724168e-03 -7.807969428391299e-01  5.079182673606100e-01 -7.807969428391299e-01  2.426305801364346e-01 -7.807969428391299e-01  2.620293531511193e-03 
-7.767969428391299e-01  1.538561176379325e+00 -7.767969428391299e-01  1.133808926966565e+00 -7.767969428391299e-01  1.110693404555929e+00 -7.767969428391299e-01  1.654154712472119e-01 -7.767969428391299e-01  1.026757109749937e-03 -7.767969428391299e-01  5.094266144998747e-01 -7.767969428391299e-01  2.424595765842307e-01 -7.767969428391299e-01  2.616354435071157e-03 
-7.727969428391299e-01  1.537545220992345e+00 -7.727969428391299e-01  1.134812567684387e+00 -7.727969428391299e-01  1.109203630008636e+00 -7.727969428391299e-01  1.656669233855926e-01 -7.727969428391299e-01  1.030747114060050e-03 -7.727969428391299e-01  5.109358963000916e-01 -7.727969428391299e-01  2.422885937034127e-01 -7.727969428391299e-01  2.612412803381068e-03 
-7.687969428391299e-01  1.536528698284665e+00 -7.687969428391299e-01  1.135816847450386e+00 -7.687969428391299e-01  1.107712969307181e+00 -7.687969428391299e-01  1.659179620218271e-01 -7.687969428391299e-01  1.034739346215005e-03 -7.687969428391299e-01  5.124461013118676e-01 -7.687969428391299e-01  2.421176293025007e-01 -7.687969428391299e-01  2.608468661935729e-03 
-7.647969428391299e-01  1.535511614425377e+00 -7.647969428391299e-01  1.136821759908990e+00 -7.647969428391299e-01  1.106221429917658e+00 -7.647969428391299e-01  1.661685881770165e-01 -7.647969428391299e-01  1.038733781990644e-03 -7.647969428391299e-01  5.139572182756411e-01 -7.647969428391299e-01  2.419466812084081e-01 -7.647969428391299e-01  2.604522035695626e-03 
-7.607969428391299e-01  1.534493975505479e+00 -7.607969428391299e-01  1.137827298733110e+00 -7.607969428391299e-01  1.104729019235655e+00 -7.607969428391299e-01  1.664188028839165e-01 -7.607969428391299e-01  1.042730397469470e-03 -7.607969428391299e-01  5.154692360473812e-01 -7.607969428391299e-01  2.417757472815160e-01 -7.607969428391299e-01  2.600572949509296e-03 
-7.567969428391299e-01  1.533475787560395e+00 -7.567969428391299e-01  1.138833457717272e+00 -7.567969428391299e-01  1.103235744600388e+00 -7.567969428391299e-01  1.666686071814869e-01 -7.567969428391299e-01  1.046729168952211e-03 -7.567969428391299e-01  5.169821436596757e-01 -7.567969428391299e-01  2.416048254013363e-01 -7.567969428391299e-01  2.596621427747766e-03 
-7.527969428391299e-01  1.532457056544049e+00 -7.527969428391299e-01  1.139840230658214e+00 -7.527969428391299e-01  1.101741613278613e+00 -7.527969428391299e-01  1.669180021209173e-01 -7.527969428391299e-01  1.050730073059629e-03 -7.527969428391299e-01  5.184959302394551e-01 -7.527969428391299e-01  2.414339134833485e-01 -7.527969428391299e-01  2.592667494773281e-03 
-7.487969428391299e-01  1.531437788360769e+00 -7.487969428391299e-01  1.140847611489511e+00 -7.487969428391299e-01  1.100246632484633e+00 -7.487969428391299e-01  1.671669887579926e-01 -7.487969428391299e-01  1.054733086607236e-03 -7.487969428391299e-01  5.200105850971692e-01 -7.487969428391299e-01  2.412630094585947e-01 -7.487969428391299e-01  2.588711174410690e-03 
-7.447969428391299e-01  1.530417988842941e+00 -7.447969428391299e-01  1.141855594178114e+00 -7.447969428391299e-01  1.098750809366456e+00 -7.447969428391299e-01  1.674155681582711e-01 -7.447969428391299e-01  1.058738186693030e-03 -7.447969428391299e-01  5.215260976553381e-01 -7.447969428391299e-01  2.410921112882127e-01 -7.447969428391299e-01  2.584752490353822e-03 
-7.407969428391299e-01  1.529397663758923e+00 -7.407969428391299e-01  1.142864172753761e+00 -7.407969428391299e-01  1.097254151010818e+00 -7.407969428391299e-01  1.676637413951204e-01 -7.407969428391299e-01  1.062745350666402e-03 -7.407969428391299e-01  5.230424574667668e-01 -7.407969428391299e-01  2.409212169584826e-01 -7.407969428391299e-01  2.580791466049881e-03 
-7.367969428391299e-01  1.528376818819745e+00 -7.367969428391299e-01  1.143873341333180e+00 -7.367969428391299e-01  1.095756664447499e+00 -7.367969428391299e-01  1.679115095480677e-01 -7.367969428391299e-01  1.066754556101918e-03 -7.367969428391299e-01  5.245596542293347e-01 -7.367969428391299e-01  2.407503244766548e-01 -7.367969428391299e-01  2.576828124604452e-03 
-7.327969428391299e-01  1.527355459674603e+00 -7.327969428391299e-01  1.144883094095236e+00 -7.327969428391299e-01  1.094258356646598e+00 -7.327969428391299e-01  1.681588737037704e-01 -7.327969428391299e-01  1.070765780816883e-03 -7.327969428391299e-01  5.260776777676611e-01 -7.327969428391299e-01  2.405794318739801e-01 -7.327969428391299e-01  2.572862488879026e-03 
-7.287969428391299e-01  1.526333591902901e+00 -7.287969428391299e-01  1.145893425240836e+00 -7.287969428391299e-01  1.092759234513645e+00 -7.287969428391299e-01  1.684058349577836e-01 -7.287969428391299e-01  1.074779002902658e-03 -7.287969428391299e-01  5.275965180044777e-01 -7.287969428391299e-01  2.404085372110032e-01 -7.287969428391299e-01  2.568894581648628e-03 
-7.247969428391299e-01  1.525311221042177e+00 -7.247969428391299e-01  1.146904329110672e+00 -7.247969428391299e-01  1.091259304907237e+00 -7.247969428391299e-01  1.686523944079935e-01 -7.247969428391299e-01  1.078794200615034e-03 -7.247969428391299e-01  5.291161650387479e-01 -7.247969428391299e-01  2.402376385596799e-01 -7.247969428391299e-01  2.564924425139203e-03 
-7.207969428391299e-01  1.524288352556367e+00 -7.207969428391299e-01  1.147915800040940e+00 -7.207969428391299e-01  1.089758574619232e+00 -7.207969428391299e-01  1.688985531619181e-01 -7.207969428391299e-01  1.082811352498760e-03 -7.207969428391299e-01  5.306366090466517e-01 -7.207969428391299e-01  2.400667340239867e-01 -7.207969428391299e-01  2.560952041594430e-03 
-7.167969428391299e-01  1.523264991855907e+00 -7.167969428391299e-01  1.148927832446806e+00 -7.167969428391299e-01  1.088257050387471e+00 -7.167969428391299e-01  1.691443123319676e-01 -7.167969428391299e-01  1.086830437308680e-03 -7.167969428391299e-01  5.321578403365871e-01 -7.167969428391299e-01  2.398958217270955e-01 -7.167969428391299e-01  2.556977452947800e-03 
-7.127969428391299e-01  1.522241144298970e+00 -7.127969428391299e-01  1.149940420823117e+00 -7.127969428391299e-01  1.086754738896687e+00 -7.127969428391299e-01  1.693896730351044e-01 -7.127969428391299e-01  1.090851434004854e-03 -7.127969428391299e-01  5.336798493482690e-01 -7.127969428391299e-01  2.397248998107119e-01 -7.127969428391299e-01  2.553000680819866e-03 
-7.087969428391299e-01  1.521216815185533e+00 -7.087969428391299e-01  1.150953559713747e+00 -7.087969428391299e-01  1.085251646774884e+00 -7.087969428391299e-01  1.696346363941522e-01 -7.087969428391299e-01  1.094874321775844e-03 -7.087969428391299e-01  5.352026266306146e-01 -7.087969428391299e-01  2.395539664390303e-01 -7.087969428391299e-01  2.549021746638692e-03 
-7.047969428391299e-01  1.520192009757936e+00 -7.047969428391299e-01  1.151967243709335e+00 -7.047969428391299e-01  1.083747780593809e+00 -7.047969428391299e-01  1.698792035376043e-01 -7.047969428391299e-01  1.098899080036520e-03 -7.047969428391299e-01  5.367261628388432e-01 -7.047969428391299e-01  2.393830197985272e-01 -7.047969428391299e-01  2.545040671648607e-03 
-7.007969428391299e-01  1.519166733205810e+00 -7.007969428391299e-01  1.152981467464503e+00 -7.007969428391299e-01  1.082243146872172e+00 -7.007969428391299e-01  1.701233755984376e-01 -7.007969428391299e-01  1.102925688408754e-03 -7.007969428391299e-01  5.382504487448246e-01 -7.007969428391299e-01  2.392120580949108e-01 -7.007969428391299e-01  2.541057476842731e-03 
-6.967969428391299e-01  1.518140990669285e+00 -6.967969428391299e-01  1.153996225707560e+00 -6.967969428391299e-01  1.080737752077788e+00 -6.967969428391299e-01  1.703671537133255e-01 -6.967969428391299e-01  1.106954126708723e-03 -6.967969428391299e-01  5.397754752423544e-01 -6.967969428391299e-01  2.390410795511679e-01 -6.967969428391299e-01  2.537072182924721e-03 
-6.927969428391298e-01  1.517114787228863e+00 -6.927969428391298e-01  1.155011513191549e+00 -6.927969428391298e-01  1.079231602621317e+00 -6.927969428391298e-01  1.706105390249084e-01 -6.927969428391298e-01  1.110984374986755e-03 -6.927969428391298e-01  5.413012333127143e-01 -6.927969428391298e-01  2.388700824142591e-01 -6.927969428391298e-01  2.533084810501120e-03 
-6.887969428391298e-01  1.516088127917437e+00 -6.887969428391298e-01  1.156027324742806e+00 -6.887969428391298e-01  1.077724704863967e+00 -6.887969428391298e-01  1.708535326790018e-01 -6.887969428391298e-01  1.115016413480160e-03 -6.887969428391298e-01  5.428277140563258e-01 -6.887969428391298e-01  2.386990649474807e-01 -6.887969428391298e-01  2.529095379890663e-03 
-6.847969428391298e-01  1.515061017717907e+00 -6.847969428391298e-01  1.157043655246264e+00 -6.847969428391298e-01  1.076217065116120e+00 -6.847969428391298e-01  1.710961358250976e-01 -6.847969428391298e-01  1.119050222622495e-03 -6.847969428391298e-01  5.443549086815750e-01 -6.847969428391298e-01  2.385280254321321e-01 -6.847969428391298e-01  2.525103911181900e-03 
-6.807969428391298e-01  1.514033461560631e+00 -6.807969428391298e-01  1.158060499630134e+00 -6.807969428391298e-01  1.074708689635838e+00 -6.807969428391298e-01  1.713383496169045e-01 -6.807969428391298e-01  1.123085783053609e-03 -6.807969428391298e-01  5.458828084932289e-01 -6.807969428391298e-01  2.383569621692912e-01 -6.807969428391298e-01  2.521110424293435e-03 
-6.767969428391298e-01  1.513005464326507e+00 -6.767969428391298e-01  1.159077852875212e+00 -6.767969428391298e-01  1.073199584630946e+00 -6.767969428391298e-01  1.715801752116130e-01 -6.767969428391298e-01  1.127123075607605e-03 -6.767969428391298e-01  5.474114048975527e-01 -6.767969428391298e-01  2.381858734779757e-01 -6.767969428391298e-01  2.517114938937376e-03 
-6.727969428391298e-01  1.511977030847927e+00 -6.727969428391298e-01  1.160095710015199e+00 -6.727969428391298e-01  1.071689756259756e+00 -6.727969428391298e-01  1.718216137696388e-01 -6.727969428391298e-01  1.131162081308991e-03 -6.727969428391298e-01  5.489406894013902e-01 -6.727969428391298e-01  2.380147576946306e-01 -6.727969428391298e-01  2.513117474618019e-03 
-6.687969428391298e-01  1.510948165907538e+00 -6.687969428391298e-01  1.161114066127185e+00 -6.687969428391298e-01  1.070179210630416e+00 -6.687969428391298e-01  1.720626664548738e-01 -6.687969428391298e-01  1.135202781377622e-03 -6.687969428391298e-01  5.504706536045649e-01 -6.687969428391298e-01  2.378436131740774e-01 -6.687969428391298e-01  2.509118050669285e-03 
-6.647969428391298e-01  1.509918874248479e+00 -6.647969428391298e-01  1.162132916372864e+00 -6.647969428391298e-01  1.068667953807525e+00 -6.647969428391298e-01  1.723033344323562e-01 -6.647969428391298e-01  1.139245157188479e-03 -6.647969428391298e-01  5.520012892267422e-01 -6.647969428391298e-01  2.376724382829931e-01 -6.647969428391298e-01  2.505116686092804e-03 
-6.607969428391298e-01  1.508889160556052e+00 -6.607969428391298e-01  1.163152255913927e+00 -6.607969428391298e-01  1.067155991800640e+00 -6.607969428391298e-01  1.725436188723590e-01 -6.607969428391298e-01  1.143289190343624e-03 -6.607969428391298e-01  5.535325880489191e-01 -6.607969428391298e-01  2.375012314119410e-01 -6.607969428391298e-01  2.501113399890213e-03 
-6.567969428391298e-01  1.507859029475358e+00 -6.567969428391298e-01  1.164172079986056e+00 -6.567969428391298e-01  1.065643330575593e+00 -6.567969428391298e-01  1.727835209464032e-01 -6.567969428391298e-01  1.147334862602964e-03 -6.567969428391298e-01  5.550645419625773e-01 -6.567969428391298e-01  2.373299909640391e-01 -6.567969428391298e-01  2.497108210772612e-03 
-6.527969428391298e-01  1.506828485607286e+00 -6.527969428391298e-01  1.165192383877393e+00 -6.527969428391298e-01  1.064129976052079e+00 -6.527969428391298e-01  1.730230418281400e-01 -6.527969428391298e-01  1.151382155899986e-03 -6.527969428391298e-01  5.565971429540242e-01 -6.527969428391298e-01  2.371587153577049e-01 -6.527969428391298e-01  2.493101137245011e-03 
-6.487969428391298e-01  1.505797533503900e+00 -6.487969428391298e-01  1.166213162904632e+00 -6.487969428391298e-01  1.062615934100855e+00 -6.487969428391298e-01  1.732621826943608e-01 -6.487969428391298e-01  1.155431052359929e-03 -6.487969428391298e-01  5.581303830871235e-01 -6.487969428391298e-01  2.369874030297742e-01 -6.487969428391298e-01  2.489092197700334e-03 
-6.447969428391298e-01  1.504766177680267e+00 -6.447969428391298e-01  1.167234412461486e+00 -6.447969428391298e-01  1.061101210551394e+00 -6.447969428391298e-01  1.735009447223388e-01 -6.447969428391298e-01  1.159481534253225e-03 -6.447969428391298e-01  5.596642545352115e-01 -6.447969428391298e-01  2.368160524279371e-01 -6.447969428391298e-01  2.485081410228977e-03 
-6.407969428391298e-01  1.503734422597823e+00 -6.407969428391298e-01  1.168256127941913e+00 -6.407969428391298e-01  1.059585811181434e+00 -6.407969428391298e-01  1.737393290935163e-01 -6.407969428391298e-01  1.163533584060937e-03 -6.407969428391298e-01  5.611987495279491e-01 -6.407969428391298e-01  2.366446620216758e-01 -6.407969428391298e-01  2.481068792920443e-03 
-6.367969428391298e-01  1.502702272687486e+00 -6.367969428391298e-01  1.169278304838385e+00 -6.367969428391298e-01  1.058069741731816e+00 -6.367969428391298e-01  1.739773369883563e-01 -6.367969428391298e-01  1.167587184383925e-03 -6.367969428391298e-01  5.627338604171221e-01 -6.367969428391298e-01  2.364732302873589e-01 -6.367969428391298e-01  2.477054363477262e-03 
-6.327969428391298e-01  1.501669732325922e+00 -6.327969428391298e-01  1.170300938633865e+00 -6.327969428391298e-01  1.056553007891515e+00 -6.327969428391298e-01  1.742149695915908e-01 -6.327969428391298e-01  1.171642318036061e-03 -6.327969428391298e-01  5.642695796022743e-01 -6.327969428391298e-01  2.363017557238143e-01 -6.327969428391298e-01  2.473038139639350e-03 
-6.287969428391298e-01  1.500636805855954e+00 -6.287969428391298e-01  1.171324024888468e+00 -6.287969428391298e-01  1.055035615310763e+00 -6.287969428391298e-01  1.744522280876913e-01 -6.287969428391298e-01  1.175698967964106e-03 -6.287969428391298e-01  5.658058995886804e-01 -6.287969428391298e-01  2.361302368391483e-01 -6.287969428391298e-01  2.469020138843634e-03 
-6.247969428391298e-01  1.499603497580525e+00 -6.247969428391298e-01  1.172347559209346e+00 -6.247969428391298e-01  1.053517569597348e+00 -6.247969428391298e-01  1.746891136622037e-01 -6.247969428391298e-01  1.179757117271383e-03 -6.247969428391298e-01  5.673428129659611e-01 -6.247969428391298e-01  2.359586721548193e-01 -6.247969428391298e-01  2.465000378342280e-03 
-6.207969428391298e-01  1.498569811757587e+00 -6.207969428391298e-01  1.173371537225017e+00 -6.207969428391298e-01  1.051998876313481e+00 -6.207969428391298e-01  1.749256275028600e-01 -6.207969428391298e-01  1.183816749237882e-03 -6.207969428391298e-01  5.688803123897248e-01 -6.207969428391298e-01  2.357870602090723e-01 -6.207969428391298e-01  2.460978875303544e-03 
-6.167969428391298e-01  1.497535752608306e+00 -6.167969428391298e-01  1.174395954618263e+00 -6.167969428391298e-01  1.050479540981163e+00 -6.167969428391298e-01  1.751617707977704e-01 -6.167969428391298e-01  1.187877847288023e-03 -6.167969428391298e-01  5.704183906030580e-01 -6.167969428391298e-01  2.356153995517175e-01 -6.167969428391298e-01  2.456955646682609e-03 
-6.127969428391298e-01  1.496501324312150e+00 -6.127969428391298e-01  1.175420807101265e+00 -6.127969428391298e-01  1.048959569079187e+00 -6.127969428391298e-01  1.753975447364936e-01 -6.127969428391298e-01  1.191940395009922e-03 -6.127969428391298e-01  5.719570404187365e-01 -6.127969428391298e-01  2.354436887474546e-01 -6.127969428391298e-01  2.452930709319150e-03 
-6.087969428391298e-01  1.495466531013113e+00 -6.087969428391298e-01  1.176446090439932e+00 -6.087969428391298e-01  1.047438966047245e+00 -6.087969428391298e-01  1.756329505086785e-01 -6.087969428391298e-01  1.196004376131016e-03 -6.087969428391298e-01  5.734962547349475e-01 -6.087969428391298e-01  2.352719263719280e-01 -6.087969428391298e-01  2.448904079841860e-03 
-6.047969428391298e-01  1.494431376814818e+00 -6.047969428391298e-01  1.177471800429193e+00 -6.047969428391298e-01  1.045917737282937e+00 -6.047969428391298e-01  1.758679893051268e-01 -6.047969428391298e-01  1.200069774537197e-03 -6.047969428391298e-01  5.750360265176228e-01 -6.047969428391298e-01  2.351001110150462e-01 -6.047969428391298e-01  2.444875774765448e-03 
-6.007969428391298e-01  1.493395865788453e+00 -6.007969428391298e-01  1.178497932925064e+00 -6.007969428391298e-01  1.044395888146986e+00 -6.007969428391298e-01  1.761026623160736e-01 -6.007969428391298e-01  1.204136574241732e-03 -6.007969428391298e-01  5.765763488214614e-01 -6.007969428391298e-01  2.349282412758945e-01 -6.007969428391298e-01  2.440845810364723e-03 
-5.967969428391298e-01  1.492360001959030e+00 -5.967969428391298e-01  1.179524483780931e+00 -5.967969428391298e-01  1.042873423954558e+00 -5.967969428391298e-01  1.763369707341714e-01 -5.967969428391298e-01  1.208204759439212e-03 -5.967969428391298e-01  5.781172147457487e-01 -5.967969428391298e-01  2.347563157718575e-01 -5.967969428391298e-01  2.436814202924811e-03 
-5.927969428391298e-01  1.491323789325205e+00 -5.927969428391298e-01  1.180551448932065e+00 -5.927969428391298e-01  1.041350349988110e+00 -5.927969428391298e-01  1.765709157501896e-01 -5.927969428391298e-01  1.212274314427649e-03 -5.927969428391298e-01  5.796586174910965e-01 -5.927969428391298e-01  2.345843331257642e-01 -5.927969428391298e-01  2.432780968409301e-03 
-5.887969428391298e-01  1.490287231842580e+00 -5.887969428391298e-01  1.181578824319077e+00 -5.887969428391298e-01  1.039826671486813e+00 -5.887969428391298e-01  1.768044985566445e-01 -5.887969428391298e-01  1.216345223674149e-03 -5.887969428391298e-01  5.812005503065619e-01 -5.887969428391298e-01  2.344122919769223e-01 -5.887969428391298e-01  2.428746122760708e-03 
-5.847969428391298e-01  1.489250333435232e+00 -5.847969428391298e-01  1.182606605935945e+00 -5.847969428391298e-01  1.038302393654083e+00 -5.847969428391298e-01  1.770377203453063e-01 -5.847969428391298e-01  1.220417471769568e-03 -5.847969428391298e-01  5.827430065215928e-01 -5.847969428391298e-01  2.342401909736893e-01 -5.847969428391298e-01  2.424709681712059e-03 
-5.807969428391297e-01  1.488213097992632e+00 -5.807969428391297e-01  1.183634789813510e+00 -5.807969428391297e-01  1.036777521655737e+00 -5.807969428391297e-01  1.772705823078762e-01 -5.807969428391297e-01  1.224491043440618e-03 -5.807969428391297e-01  5.842859795340345e-01 -5.807969428391297e-01  2.340680287756088e-01 -5.807969428391297e-01  2.420671660851534e-03 
-5.767969428391297e-01  1.487175529366652e+00 -5.767969428391297e-01  1.184663372003643e+00 -5.767969428391297e-01  1.035252060618201e+00 -5.767969428391297e-01  1.775030856366381e-01 -5.767969428391297e-01  1.228565923561670e-03 -5.767969428391297e-01  5.858294627986221e-01 -5.767969428391297e-01  2.338958040554711e-01 -5.767969428391297e-01  2.416632075684769e-03 
-5.727969428391297e-01  1.486137631382341e+00 -5.727969428391297e-01  1.185692348623985e+00 -5.727969428391297e-01  1.033726015635578e+00 -5.727969428391297e-01  1.777352315221550e-01 -5.727969428391297e-01  1.232642097112373e-03 -5.727969428391297e-01  5.873734498567412e-01 -5.727969428391297e-01  2.337235154923626e-01 -5.727969428391297e-01  2.412590941459089e-03 
-5.687969428391297e-01  1.485099407824555e+00 -5.687969428391297e-01  1.186721715796223e+00 -5.687969428391297e-01  1.032199391761178e+00 -5.687969428391297e-01  1.779670211561480e-01 -5.687969428391297e-01  1.236719549230193e-03 -5.687969428391297e-01  5.889179342936587e-01 -5.687969428391297e-01  2.335511617805573e-01 -5.687969428391297e-01  2.408548273405893e-03 
-5.647969428391297e-01  1.484060862444178e+00 -5.647969428391297e-01  1.187751469671042e+00 -5.647969428391297e-01  1.030672194011639e+00 -5.647969428391297e-01  1.781984557301693e-01 -5.647969428391297e-01  1.240798265185979e-03 -5.647969428391297e-01  5.904629097548407e-01 -5.647969428391297e-01  2.333787416255285e-01 -5.647969428391297e-01  2.404504086642761e-03 
-5.607969428391297e-01  1.483021998968754e+00 -5.607969428391297e-01  1.188781606472190e+00 -5.607969428391297e-01  1.029144427373936e+00 -5.607969428391297e-01  1.784295364333526e-01 -5.607969428391297e-01  1.244878230342212e-03 -5.607969428391297e-01  5.920083699753006e-01 -5.607969428391297e-01  2.332062537371000e-01 -5.607969428391297e-01  2.400458396000271e-03 
-5.567969428391297e-01  1.481982821087058e+00 -5.567969428391297e-01  1.189812122426067e+00 -5.567969428391297e-01  1.027616096795552e+00 -5.567969428391297e-01  1.786602644557200e-01 -5.567969428391297e-01  1.248959430213614e-03 -5.567969428391297e-01  5.935543087309445e-01 -5.567969428391297e-01  2.330336968396601e-01 -5.567969428391297e-01  2.396411216298612e-03 
-5.527969428391297e-01  1.480943332458534e+00 -5.527969428391297e-01  1.190843013800722e+00 -5.527969428391297e-01  1.026087207190693e+00 -5.527969428391297e-01  1.788906409861810e-01 -5.527969428391297e-01  1.253041850430024e-03 -5.527969428391297e-01  5.951007198644958e-01 -5.527969428391297e-01  2.328610696660847e-01 -5.527969428391297e-01  2.392362562194399e-03 
-5.487969428391297e-01  1.479903536708073e+00 -5.487969428391297e-01  1.191874276880356e+00 -5.487969428391297e-01  1.024557763437063e+00 -5.487969428391297e-01  1.791206672136595e-01 -5.487969428391297e-01  1.257125476756954e-03 -5.487969428391297e-01  5.966475972674683e-01 -5.487969428391297e-01  2.326883709612749e-01 -5.487969428391297e-01  2.388312448280835e-03 
-5.447969428391297e-01  1.478863437437607e+00 -5.447969428391297e-01  1.192905908013991e+00 -5.447969428391297e-01  1.023027770383473e+00 -5.447969428391297e-01  1.793503443246589e-01 -5.447969428391297e-01  1.261210295050092e-03 -5.447969428391297e-01  5.981949349127201e-01 -5.447969428391297e-01  2.325155994746311e-01 -5.447969428391297e-01  2.384260888896488e-03 
-5.407969428391297e-01  1.477823038209723e+00 -5.407969428391297e-01  1.193937903540830e+00 -5.407969428391297e-01  1.021497232839384e+00 -5.407969428391297e-01  1.795796735067396e-01 -5.407969428391297e-01  1.265296291319548e-03 -5.407969428391297e-01  5.997427268029349e-01 -5.407969428391297e-01  2.323427539709437e-01 -5.407969428391297e-01  2.380207898418561e-03 
-5.367969428391297e-01  1.476782342569061e+00 -5.367969428391297e-01  1.194970259882066e+00 -5.367969428391297e-01  1.019966155588878e+00 -5.367969428391297e-01  1.798086559440298e-01 -5.367969428391297e-01  1.269383451645923e-03 -5.367969428391297e-01  6.012909670326220e-01 -5.367969428391297e-01  2.321698332164240e-01 -5.367969428391297e-01  2.376153490902201e-03 
-5.327969428391297e-01  1.475741354017617e+00 -5.327969428391297e-01  1.196002973429917e+00 -5.327969428391297e-01  1.018434543374809e+00 -5.327969428391297e-01  1.800372928224427e-01 -5.327969428391297e-01  1.273471762277254e-03 -5.327969428391297e-01  6.028396497118418e-01 -5.327969428391297e-01  2.319968359950429e-01 -5.327969428391297e-01  2.372097680516382e-03 
-5.287969428391297e-01  1.474700076041173e+00 -5.287969428391297e-01  1.197036040661579e+00 -5.287969428391297e-01  1.016902400916038e+00 -5.287969428391297e-01  1.802655853241404e-01 -5.287969428391297e-01  1.277561209525210e-03 -5.287969428391297e-01  6.043887690433402e-01 -5.287969428391297e-01  2.318237610912496e-01 -5.287969428391297e-01  2.368040481096326e-03 
-5.247969428391297e-01  1.473658512092051e+00 -5.247969428391297e-01  1.198069458061055e+00 -5.247969428391297e-01  1.015369732896400e+00 -5.247969428391297e-01  1.804935346311839e-01 -5.247969428391297e-01  1.281651779832862e-03 -5.247969428391297e-01  6.059383192686485e-01 -5.247969428391297e-01  2.316506073014203e-01 -5.247969428391297e-01  2.363981906450520e-03 
-5.207969428391297e-01  1.472616665589416e+00 -5.207969428391297e-01  1.199103222118250e+00 -5.207969428391297e-01  1.013836543965022e+00 -5.207969428391297e-01  1.807211419254789e-01 -5.207969428391297e-01  1.285743459773437e-03 -5.207969428391297e-01  6.074882946668950e-01 -5.207969428391297e-01  2.314773734337695e-01 -5.207969428391297e-01  2.359921970364289e-03 
-5.167969428391297e-01  1.471574539929801e+00 -5.167969428391297e-01  1.200137329373156e+00 -5.167969428391297e-01  1.012302838743275e+00 -5.167969428391297e-01  1.809484083865989e-01 -5.167969428391297e-01  1.289836236009010e-03 -5.167969428391297e-01  6.090386895843967e-01 -5.167969428391297e-01  2.313040583015006e-01 -5.167969428391297e-01  2.355860686426236e-03 
-5.127969428391297e-01  1.470532138485937e+00 -5.127969428391297e-01  1.201171776408337e+00 -5.127969428391297e-01  1.010768621824149e+00 -5.127969428391297e-01  1.811753351920658e-01 -5.127969428391297e-01  1.293930095295143e-03 -5.127969428391297e-01  6.105894984289810e-01 -5.127969428391297e-01  2.311306607236961e-01 -5.127969428391297e-01  2.351798068057768e-03 
-5.087969428391297e-01  1.469489464600879e+00 -5.087969428391297e-01  1.202206559821134e+00 -5.087969428391297e-01  1.009233897768569e+00 -5.087969428391297e-01  1.814019235185929e-01 -5.087969428391297e-01  1.298025024503884e-03 -5.087969428391297e-01  6.121407156504893e-01 -5.087969428391297e-01  2.309571795292632e-01 -5.087969428391297e-01  2.347734128622253e-03 
-5.047969428391297e-01  1.468446521589646e+00 -5.047969428391297e-01  1.203241676228604e+00 -5.047969428391297e-01  1.007698671106589e+00 -5.047969428391297e-01  1.816281745417670e-01 -5.047969428391297e-01  1.302121010617362e-03 -5.047969428391297e-01  6.136923357436110e-01 -5.047969428391297e-01  2.307836135559779e-01 -5.047969428391297e-01  2.343668881405659e-03 
-5.007969428391297e-01  1.467403312741058e+00 -5.007969428391297e-01  1.204277122273652e+00 -5.007969428391297e-01  1.006162946338697e+00 -5.007969428391297e-01  1.818540894356906e-01 -5.007969428391297e-01  1.306218040720550e-03 -5.007969428391297e-01  6.152443532515505e-01 -5.007969428391297e-01  2.306099616493488e-01 -5.007969428391297e-01  2.339602339592403e-03 
-4.967969428391297e-01  1.466359841321857e+00 -4.967969428391297e-01  1.205312894641017e+00 -4.967969428391297e-01  1.004626727938639e+00 -4.967969428391297e-01  1.820796693721605e-01 -4.967969428391297e-01  1.310316101985118e-03 -4.967969428391297e-01  6.167967627764286e-01 -4.967969428391297e-01  2.304362226599997e-01 -4.967969428391297e-01  2.335534516202606e-03 
-4.927969428391297e-01  1.465316110571384e+00 -4.927969428391297e-01  1.206348990031845e+00 -4.927969428391297e-01  1.003090020350079e+00 -4.927969428391297e-01  1.823049155217961e-01 -4.927969428391297e-01  1.314415181690344e-03 -4.927969428391297e-01  6.183495589614303e-01 -4.927969428391297e-01  2.302623954472830e-01 -4.927969428391297e-01  2.331465424191985e-03 
-4.887969428391297e-01  1.464272123703557e+00 -4.887969428391297e-01  1.207385405170381e+00 -4.887969428391297e-01  1.001552827988002e+00 -4.887969428391297e-01  1.825298290536527e-01 -4.887969428391297e-01  1.318515267215257e-03 -4.887969428391297e-01  6.199027364948690e-01 -4.887969428391297e-01  2.300884788780697e-01 -4.887969428391297e-01  2.327395076425525e-03 
-4.847969428391297e-01  1.463227883911596e+00 -4.847969428391297e-01  1.208422136822825e+00 -4.847969428391297e-01  1.000015155241931e+00 -4.847969428391297e-01  1.827544111342865e-01 -4.847969428391297e-01  1.322616346020220e-03 -4.847969428391297e-01  6.214562901225846e-01 -4.847969428391297e-01  2.299144718237039e-01 -4.847969428391297e-01  2.323323485603415e-03 
-4.807969428391297e-01  1.462183394358736e+00 -4.807969428391297e-01  1.209459181754517e+00 -4.807969428391297e-01  9.984770064699851e-01 -4.807969428391297e-01  1.829786629296840e-01 -4.807969428391297e-01  1.326718405683257e-03 -4.807969428391297e-01  6.230102146182328e-01 -4.807969428391297e-01  2.297403731662575e-01 -4.807969428391297e-01  2.319250664429271e-03 
-4.767969428391297e-01  1.461138658190177e+00 -4.767969428391297e-01  1.210496536780512e+00 -4.767969428391297e-01  9.969383860068117e-01 -4.767969428391297e-01  1.832025856028449e-01 -4.767969428391297e-01  1.330821433853248e-03 -4.767969428391297e-01  6.245645048173489e-01 -4.767969428391297e-01  2.295661817907088e-01 -4.767969428391297e-01  2.315176625411413e-03 
-4.727969428391297e-01  1.460093678522010e+00 -4.727969428391297e-01  1.211534198715118e+00 -4.727969428391297e-01  9.953992981564677e-01 -4.727969428391297e-01  1.834261803160765e-01 -4.727969428391297e-01  1.334925418293331e-03 -4.727969428391297e-01  6.261191555824287e-01 -4.727969428391297e-01  2.293918965923634e-01 -4.727969428391297e-01  2.311101381061129e-03 
-4.687969428391296e-01  1.459048458455520e+00 -4.687969428391296e-01  1.212572164432785e+00 -4.687969428391296e-01  9.938597472018942e-01 -4.687969428391296e-01  1.836494482281066e-01 -4.687969428391296e-01  1.339030346824803e-03 -4.687969428391296e-01  6.276741618440626e-01 -4.687969428391296e-01  2.292175164674698e-01 -4.687969428391296e-01  2.307024943653497e-03 
-4.647969428391296e-01  1.458003001057975e+00 -4.647969428391296e-01  1.213610430781920e+00 -4.647969428391296e-01  9.923197373924857e-01 -4.647969428391296e-01  1.838723904980268e-01 -4.647969428391296e-01  1.343136207402492e-03 -4.647969428391296e-01  6.292295185416218e-01 -4.647969428391296e-01  2.290430403260530e-01 -4.647969428391296e-01  2.302947325565857e-03 
-4.607969428391296e-01  1.456957309382512e+00 -4.607969428391296e-01  1.214648994670406e+00 -4.607969428391296e-01  9.907792729572074e-01 -4.607969428391296e-01  1.840950082812753e-01 -4.607969428391296e-01  1.347242988036719e-03 -4.607969428391296e-01  6.307852206812398e-01 -4.607969428391296e-01  2.288684670788106e-01 -4.607969428391296e-01  2.298868538941989e-03 
-4.567969428391296e-01  1.455911386458079e+00 -4.567969428391296e-01  1.215687853019692e+00 -4.567969428391296e-01  9.892383580981354e-01 -4.567969428391296e-01  1.843173027317170e-01 -4.567969428391296e-01  1.351350676832771e-03 -4.567969428391296e-01  6.323412633040173e-01 -4.567969428391296e-01  2.286937956438674e-01 -4.567969428391296e-01  2.294788595872393e-03 
-4.527969428391296e-01  1.454865235296328e+00 -4.527969428391296e-01  1.216727002793191e+00 -4.527969428391296e-01  9.876969969950988e-01 -4.527969428391296e-01  1.845392750002807e-01 -4.527969428391296e-01  1.355459261963834e-03 -4.527969428391296e-01  6.338976415050057e-01 -4.527969428391296e-01  2.285190249422977e-01 -4.527969428391296e-01  2.290707508282771e-03 
-4.487969428391296e-01  1.453818858875628e+00 -4.487969428391296e-01  1.217766440924462e+00 -4.487969428391296e-01  9.861551937953381e-01 -4.487969428391296e-01  1.847609262382226e-01 -4.487969428391296e-01  1.359568731733797e-03 -4.487969428391296e-01  6.354543503837223e-01 -4.487969428391296e-01  2.283441539088329e-01 -4.487969428391296e-01  2.286625288216040e-03 
-4.447969428391296e-01  1.452772260165642e+00 -4.447969428391296e-01  1.218806164423266e+00 -4.447969428391296e-01  9.846129526296994e-01 -4.447969428391296e-01  1.849822575921905e-01 -4.447969428391296e-01  1.363679074480702e-03 -4.447969428391296e-01  6.370113851161967e-01 -4.447969428391296e-01  2.281691814756184e-01 -4.447969428391296e-01  2.282541947415865e-03 
-4.407969428391296e-01  1.451725442108946e+00 -4.407969428391296e-01  1.219846170293333e+00 -4.407969428391296e-01  9.830702776007338e-01 -4.407969428391296e-01  1.852032702079744e-01 -4.407969428391296e-01  1.367790278648957e-03 -4.407969428391296e-01  6.385687408983978e-01 -4.407969428391296e-01  2.279941065845071e-01 -4.407969428391296e-01  2.278457497649613e-03 
-4.367969428391296e-01  1.450678407629934e+00 -4.367969428391296e-01  1.220886455569640e+00 -4.367969428391296e-01  9.815271727886408e-01 -4.367969428391296e-01  1.854239652287397e-01 -4.367969428391296e-01  1.371902332754328e-03 -4.367969428391296e-01  6.401264129712918e-01 -4.367969428391296e-01  2.278189281812379e-01 -4.367969428391296e-01  2.274371950561904e-03 
-4.327969428391296e-01  1.449631159633369e+00 -4.327969428391296e-01  1.221927017310451e+00 -4.327969428391296e-01  9.799836422504477e-01 -4.327969428391296e-01  1.856443437953597e-01 -4.327969428391296e-01  1.376015225389691e-03 -4.327969428391296e-01  6.416843966150234e-01 -4.327969428391296e-01  2.276436452164785e-01 -4.327969428391296e-01  2.270285317705931e-03 
-4.287969428391296e-01  1.448583700995309e+00 -4.287969428391296e-01  1.222967852555938e+00 -4.287969428391296e-01  9.784396900141653e-01 -4.287969428391296e-01  1.858644070482614e-01 -4.287969428391296e-01  1.380128945260622e-03 -4.287969428391296e-01  6.432426871202678e-01 -4.287969428391296e-01  2.274682566519610e-01 -4.287969428391296e-01  2.266197610705910e-03 
-4.247969428391296e-01  1.447536034588522e+00 -4.247969428391296e-01  1.224008958438022e+00 -4.247969428391296e-01  9.768953200955808e-01 -4.247969428391296e-01  1.860841561223753e-01 -4.247969428391296e-01  1.384243481085582e-03 -4.247969428391296e-01  6.448012798628873e-01 -4.247969428391296e-01  2.272927614436068e-01 -4.247969428391296e-01  2.262108840825738e-03 
-4.207969428391296e-01  1.446488163252654e+00 -4.207969428391296e-01  1.225050332047866e+00 -4.207969428391296e-01  9.753505364788103e-01 -4.207969428391296e-01  1.863035921531412e-01 -4.207969428391296e-01  1.388358821713113e-03 -4.207969428391296e-01  6.463601702130359e-01 -4.207969428391296e-01  2.271171585615372e-01 -4.207969428391296e-01  2.258019019489404e-03 
-4.167969428391296e-01  1.445440089813626e+00 -4.167969428391296e-01  1.226091970519488e+00 -4.167969428391296e-01  9.738053431291359e-01 -4.167969428391296e-01  1.865227162726608e-01 -4.167969428391296e-01  1.392474956045618e-03 -4.167969428391296e-01  6.479193535919260e-01 -4.167969428391296e-01  2.269414469771892e-01 -4.167969428391296e-01  2.253928157952570e-03 
-4.127969428391296e-01  1.444391817080154e+00 -4.127969428391296e-01  1.227133871012867e+00 -4.127969428391296e-01  9.722597439908421e-01 -4.127969428391296e-01  1.867415296104367e-01 -4.127969428391296e-01  1.396591873053059e-03 -4.127969428391296e-01  6.494788254599161e-01 -4.127969428391296e-01  2.267656256657337e-01 -4.127969428391296e-01  2.249836267368951e-03 
-4.087969428391296e-01  1.443343347840476e+00 -4.087969428391296e-01  1.228176030698144e+00 -4.087969428391296e-01  9.707137429851851e-01 -4.087969428391296e-01  1.869600332940574e-01 -4.087969428391296e-01  1.400709561785813e-03 -4.087969428391296e-01  6.510385813053789e-01 -4.087969428391296e-01  2.265896936083319e-01 -4.087969428391296e-01  2.245743358852329e-03 
-4.047969428391296e-01  1.442294684861692e+00 -4.047969428391296e-01  1.229218446751199e+00 -4.047969428391296e-01  9.691673440100675e-01 -4.047969428391296e-01  1.871782284493592e-01 -4.047969428391296e-01  1.404828011377219e-03 -4.047969428391296e-01  6.525986166413154e-01 -4.047969428391296e-01  2.264136497926736e-01 -4.047969428391296e-01  2.241649443493975e-03 
-4.007969428391296e-01  1.441245830900270e+00 -4.007969428391296e-01  1.230261116398161e+00 -4.007969428391296e-01  9.676205509470648e-01 -4.007969428391296e-01  1.873961161983877e-01 -4.007969428391296e-01  1.408947211002383e-03 -4.007969428391296e-01  6.541589270354367e-01 -4.007969428391296e-01  2.262374932060217e-01 -4.007969428391296e-01  2.237554532187822e-03 
-3.967969428391296e-01  1.440196788687502e+00 -3.967969428391296e-01  1.231304036850249e+00 -3.967969428391296e-01  9.660733676519783e-01 -3.967969428391296e-01  1.876136976623105e-01 -3.967969428391296e-01  1.413067149935272e-03 -3.967969428391296e-01  6.557195080653010e-01 -3.967969428391296e-01  2.260612228450326e-01 -3.967969428391296e-01  2.233458635886311e-03 
-3.927969428391296e-01  1.439147560943181e+00 -3.927969428391296e-01  1.232347205362296e+00 -3.927969428391296e-01  9.645257979639392e-01 -3.927969428391296e-01  1.878309739587513e-01 -3.927969428391296e-01  1.417187817494974e-03 -3.927969428391296e-01  6.572803553579758e-01 -3.927969428391296e-01  2.258848377066633e-01 -3.927969428391296e-01  2.229361765370651e-03 
-3.887969428391296e-01  1.438098150365910e+00 -3.887969428391296e-01  1.233390619188777e+00 -3.887969428391296e-01  9.629778456991506e-01 -3.887969428391296e-01  1.880479462037387e-01 -3.887969428391296e-01  1.421309203083761e-03 -3.887969428391296e-01  6.588414645596646e-01 -3.887969428391296e-01  2.257083367947610e-01 -3.887969428391296e-01  2.225263931423429e-03 
-3.847969428391296e-01  1.437048559641659e+00 -3.847969428391296e-01  1.234434275619849e+00 -3.847969428391296e-01  9.614295146566366e-01 -3.847969428391296e-01  1.882646155100648e-01 -3.847969428391296e-01  1.425431296153562e-03 -3.847969428391296e-01  6.604028313600029e-01 -3.847969428391296e-01  2.255317191144028e-01 -3.847969428391296e-01  2.221165144687081e-03 
-3.807969428391296e-01  1.435998791434054e+00 -3.807969428391296e-01  1.235478171937584e+00 -3.807969428391296e-01  9.598808086119528e-01 -3.807969428391296e-01  1.884809829892243e-01 -3.807969428391296e-01  1.429554086243991e-03 -3.807969428391296e-01  6.619644514618572e-01 -3.807969428391296e-01  2.253549836784773e-01 -3.807969428391296e-01  2.217065415835853e-03 
-3.767969428391296e-01  1.434948848397955e+00 -3.767969428391296e-01  1.236522305473854e+00 -3.767969428391296e-01  9.583317313262505e-01 -3.767969428391296e-01  1.886970497487936e-01 -3.767969428391296e-01  1.433677562929087e-03 -3.767969428391296e-01  6.635263206205432e-01 -3.767969428391296e-01  2.251781294986590e-01 -3.767969428391296e-01  2.212964755348352e-03 
-3.727969428391296e-01  1.433898733164568e+00 -3.727969428391296e-01  1.237566673543962e+00 -3.727969428391296e-01  9.567822865365689e-01 -3.727969428391296e-01  1.889128168953835e-01 -3.727969428391296e-01  1.437801715875748e-03 -3.727969428391296e-01  6.650884345981868e-01 -3.727969428391296e-01  2.250011555954759e-01 -3.727969428391296e-01  2.208863173768276e-03 
-3.687969428391296e-01  1.432848448355539e+00 -3.687969428391296e-01  1.238611273506818e+00 -3.687969428391296e-01  9.552324779652573e-01 -3.687969428391296e-01  1.891282855319242e-01 -3.687969428391296e-01  1.441926534788443e-03 -3.687969428391296e-01  6.666507892045359e-01 -3.687969428391296e-01  2.248240609889285e-01 -3.687969428391296e-01  2.204760681468079e-03 
-3.647969428391296e-01  1.431797996568996e+00 -3.647969428391296e-01  1.239656102702649e+00 -3.647969428391296e-01  9.536823093108490e-01 -3.647969428391296e-01  1.893434567604243e-01 -3.647969428391296e-01  1.446052009463976e-03 -3.647969428391296e-01  6.682133802540909e-01 -3.647969428391296e-01  2.246468447079481e-01 -3.647969428391296e-01  2.200657288893545e-03 
-3.607969428391296e-01  1.430747380398639e+00 -3.607969428391296e-01  1.240701158535207e+00 -3.607969428391296e-01  9.521317842607970e-01 -3.607969428391296e-01  1.895583316782920e-01 -3.607969428391296e-01  1.450178129716478e-03 -3.607969428391296e-01  6.697762036220077e-01 -3.607969428391296e-01  2.244695057776093e-01 -3.607969428391296e-01  2.196553006241068e-03 
-3.567969428391295e-01  1.429696602415222e+00 -3.567969428391295e-01  1.241746438389344e+00 -3.567969428391295e-01  9.505809064793520e-01 -3.567969428391295e-01  1.897729113819832e-01 -3.567969428391295e-01  1.454304885450258e-03 -3.567969428391295e-01  6.713392551874627e-01 -3.567969428391295e-01  2.242920432316994e-01 -3.567969428391295e-01  2.192447843781133e-03 
-3.527969428391295e-01  1.428645665176381e+00 -3.527969428391295e-01  1.242791939672852e+00 -3.527969428391295e-01  9.490296796141560e-01 -3.527969428391295e-01  1.899871969651224e-01 -3.527969428391295e-01  1.458432266621078e-03 -3.527969428391295e-01  6.729025308619762e-01 -3.527969428391295e-01  2.241144561061566e-01 -3.527969428391295e-01  2.188341811694242e-03 
-3.487969428391295e-01  1.427594571225389e+00 -3.487969428391295e-01  1.243837659809674e+00 -3.487969428391295e-01  9.474781072955354e-01 -3.487969428391295e-01  1.902011895187879e-01 -3.487969428391295e-01  1.462560263241087e-03 -3.487969428391295e-01  6.744660265844887e-01 -3.487969428391295e-01  2.239367434399919e-01 -3.487969428391295e-01  2.184234920097437e-03 
-3.447969428391295e-01  1.426543323092249e+00 -3.447969428391295e-01  1.244883596243428e+00 -3.447969428391295e-01  9.459261931373280e-01 -3.447969428391295e-01  1.904148901313428e-01 -3.447969428391295e-01  1.466688865374586e-03 -3.447969428391295e-01  6.760297383234904e-01 -3.447969428391295e-01  2.237589042746206e-01 -3.447969428391295e-01  2.180127179030473e-03 
-3.407969428391295e-01  1.425491923290851e+00 -3.407969428391295e-01  1.245929746423751e+00 -3.407969428391295e-01  9.443739407351222e-01 -3.407969428391295e-01  1.906282998890193e-01 -3.407969428391295e-01  1.470818063149093e-03 -3.407969428391295e-01  6.775936620674210e-01 -3.407969428391295e-01  2.235809376558615e-01 -3.407969428391295e-01  2.176018598509478e-03 
-3.367969428391295e-01  1.424440374324546e+00 -3.367969428391295e-01  1.246976107829433e+00 -3.367969428391295e-01  9.428213536700409e-01 -3.367969428391295e-01  1.908414198748885e-01 -3.367969428391295e-01  1.474947846733531e-03 -3.367969428391295e-01  6.791577938402116e-01 -3.367969428391295e-01  2.234028426302349e-01 -3.367969428391295e-01  2.171909188436068e-03 
-3.327969428391295e-01  1.423388678677610e+00 -3.327969428391295e-01  1.248022677929958e+00 -3.327969428391295e-01  9.412684355032004e-01 -3.327969428391295e-01  1.910542511705400e-01 -3.327969428391295e-01  1.479078206371693e-03 -3.327969428391295e-01  6.807221296747400e-01 -3.327969428391295e-01  2.232246182508110e-01 -3.327969428391295e-01  2.167798958748439e-03 
-3.287969428391295e-01  1.422336838824972e+00 -3.287969428391295e-01  1.249069454226681e+00 -3.287969428391295e-01  9.397151897822713e-01 -3.287969428391295e-01  1.912667948542548e-01 -3.287969428391295e-01  1.483209132344122e-03 -3.287969428391295e-01  6.822866656407111e-01 -3.287969428391295e-01  2.230462635707128e-01 -3.287969428391295e-01  2.163687919259600e-03 
-3.247969428391295e-01  1.421284857227060e+00 -3.247969428391295e-01  1.250116434229286e+00 -3.247969428391295e-01  9.381616200381560e-01 -3.247969428391295e-01  1.914790520020331e-01 -3.247969428391295e-01  1.487340614988246e-03 -3.247969428391295e-01  6.838513978283065e-01 -3.247969428391295e-01  2.228677776466539e-01 -3.247969428391295e-01  2.159576079749849e-03 
-3.207969428391295e-01  1.420232736331370e+00 -3.207969428391295e-01  1.251163615461331e+00 -3.207969428391295e-01  9.366077297861464e-01 -3.207969428391295e-01  1.916910236873361e-01 -3.207969428391295e-01  1.491472644692281e-03 -3.207969428391295e-01  6.854163223517328e-01 -3.207969428391295e-01  2.226891595379684e-01 -3.207969428391295e-01  2.155463449945000e-03 
-3.167969428391295e-01  1.419180478574660e+00 -3.167969428391295e-01  1.252210995468669e+00 -3.167969428391295e-01  9.350535225274792e-01 -3.167969428391295e-01  1.919027109807097e-01 -3.167969428391295e-01  1.495605211886642e-03 -3.167969428391295e-01  6.869814353547106e-01 -3.167969428391295e-01  2.225104083051910e-01 -3.167969428391295e-01  2.151350039483321e-03 
-3.127969428391295e-01  1.418128086377576e+00 -3.127969428391295e-01  1.253258571794979e+00 -3.127969428391295e-01  9.334990017458799e-01 -3.127969428391295e-01  1.921141149508473e-01 -3.127969428391295e-01  1.499738307064965e-03 -3.127969428391295e-01  6.885467329935303e-01 -3.127969428391295e-01  2.223315230137563e-01 -3.127969428391295e-01  2.147235858011582e-03 
-3.087969428391295e-01  1.417075562149465e+00 -3.087969428391295e-01  1.254306342001484e+00 -3.087969428391295e-01  9.319441709108669e-01 -3.087969428391295e-01  1.923252366637140e-01 -3.087969428391295e-01  1.503871920765271e-03 -3.087969428391295e-01  6.901122114502674e-01 -3.087969428391295e-01  2.221525027308295e-01 -3.087969428391295e-01  2.143120915107685e-03 
-3.047969428391295e-01  1.416022908287908e+00 -3.047969428391295e-01  1.255354303663935e+00 -3.047969428391295e-01  9.303890334775262e-01 -3.047969428391295e-01  1.925360771826758e-01 -3.047969428391295e-01  1.508006043571750e-03 -3.047969428391295e-01  6.916778669304903e-01 -3.047969428391295e-01  2.219733465256663e-01 -3.047969428391295e-01  2.139005220292458e-03 
-3.007969428391295e-01  1.414970127177504e+00 -3.007969428391295e-01  1.256402454366040e+00 -3.007969428391295e-01  9.288335928858388e-01 -3.007969428391295e-01  1.927466375687745e-01 -3.007969428391295e-01  1.512140666119601e-03 -3.007969428391295e-01  6.932436956585393e-01 -3.007969428391295e-01  2.217940534705375e-01 -3.007969428391295e-01  2.134888783055488e-03 
-2.967969428391295e-01  1.413917221197556e+00 -2.967969428391295e-01  1.257450791731886e+00 -2.967969428391295e-01  9.272778525658654e-01 -2.967969428391295e-01  1.929569188793138e-01 -2.967969428391295e-01  1.516275779064808e-03 -2.967969428391295e-01  6.948096938994298e-01 -2.967969428391295e-01  2.216146226355552e-01 -2.967969428391295e-01  2.130771612727779e-03 
-2.927969428391295e-01  1.412864192702217e+00 -2.927969428391295e-01  1.258499313338591e+00 -2.927969428391295e-01  9.257218159246775e-01 -2.927969428391295e-01  1.931669221716534e-01 -2.927969428391295e-01  1.520411373162092e-03 -2.927969428391295e-01  6.963758578989730e-01 -2.927969428391295e-01  2.214350531022353e-01 -2.927969428391295e-01  2.126653718824791e-03 
-2.887969428391295e-01  1.411811044048298e+00 -2.887969428391295e-01  1.259548016835979e+00 -2.887969428391295e-01  9.241654863649282e-01 -2.887969428391295e-01  1.933766484979970e-01 -2.887969428391295e-01  1.524547439155758e-03 -2.887969428391295e-01  6.979421839652873e-01 -2.887969428391295e-01  2.212553439446752e-01 -2.887969428391295e-01  2.122535110576449e-03 
-2.847969428391295e-01  1.410757777576770e+00 -2.847969428391295e-01  1.260596899865181e+00 -2.847969428391295e-01  9.226088672726692e-01 -2.847969428391295e-01  1.935860989089301e-01 -2.847969428391295e-01  1.528683967852279e-03 -2.847969428391295e-01  6.995086684129760e-01 -2.847969428391295e-01  2.210754942421871e-01 -2.847969428391295e-01  2.118415797246826e-03 
-2.807969428391295e-01  1.409704395610541e+00 -2.807969428391295e-01  1.261645960047962e+00 -2.807969428391295e-01  9.210519620159709e-01 -2.807969428391295e-01  1.937952744538734e-01 -2.807969428391295e-01  1.532820950129088e-03 -2.807969428391295e-01  7.010753075556271e-01 -2.807969428391295e-01  2.208955030808921e-01 -2.807969428391295e-01  2.114295788176044e-03 
-2.767969428391295e-01  1.408650900469576e+00 -2.767969428391295e-01  1.262695195051291e+00 -2.767969428391295e-01  9.194947739550773e-01 -2.767969428391295e-01  1.940041761782796e-01 -2.767969428391295e-01  1.536958376875151e-03 -2.767969428391295e-01  7.026420977496866e-01 -2.767969428391295e-01  2.207153695434933e-01 -2.767969428391295e-01  2.110175092526680e-03 
-2.727969428391295e-01  1.407597294464365e+00 -2.727969428391295e-01  1.263744602558003e+00 -2.727969428391295e-01  9.179373064381775e-01 -2.727969428391295e-01  1.942128051249094e-01 -2.727969428391295e-01  1.541096239016631e-03 -2.727969428391295e-01  7.042090353742153e-01 -2.727969428391295e-01  2.205350927137738e-01 -2.727969428391295e-01  2.106053719399024e-03 
-2.687969428391295e-01  1.406543579889959e+00 -2.687969428391295e-01  1.264794180239827e+00 -2.687969428391295e-01  9.163795627975261e-01 -2.687969428391295e-01  1.944211623349892e-01 -2.687969428391295e-01  1.545234527540324e-03 -2.687969428391295e-01  7.057761168122565e-01 -2.687969428391295e-01  2.203546716807489e-01 -2.687969428391295e-01  2.101931677936971e-03 
-2.647969428391295e-01  1.405489759033619e+00 -2.647969428391295e-01  1.265843925789591e+00 -2.647969428391295e-01  9.148215463546432e-01 -2.647969428391295e-01  1.946292488468209e-01 -2.647969428391295e-01  1.549373233463627e-03 -2.647969428391295e-01  7.073433384726157e-01 -2.647969428391295e-01  2.201741055335112e-01 -2.647969428391295e-01  2.097808977201548e-03 
-2.607969428391295e-01  1.404435834168782e+00 -2.607969428391295e-01  1.266893836894060e+00 -2.607969428391295e-01  9.132632604163957e-01 -2.607969428391295e-01  1.948370656969476e-01 -2.607969428391295e-01  1.553512347858187e-03 -2.607969428391295e-01  7.089106967711222e-01 -2.607969428391295e-01  2.199933933654201e-01 -2.607969428391295e-01  2.093685626277627e-03 
-2.567969428391295e-01  1.403381807565802e+00 -2.567969428391295e-01  1.267943911279574e+00 -2.567969428391295e-01  9.117047082822511e-01 -2.567969428391295e-01  1.950446139181967e-01 -2.567969428391295e-01  1.557651861807776e-03 -2.567969428391295e-01  7.104781881615678e-01 -2.567969428391295e-01  2.198125342668083e-01 -2.567969428391295e-01  2.089561634094592e-03 
-2.527969428391295e-01  1.402327681483490e+00 -2.527969428391295e-01  1.268994146674243e+00 -2.527969428391295e-01  9.101458932387555e-01 -2.527969428391295e-01  1.952518945413019e-01 -2.527969428391295e-01  1.561791766441495e-03 -2.527969428391295e-01  7.120458091097122e-01 -2.527969428391295e-01  2.196315273308549e-01 -2.527969428391295e-01  2.085437009574925e-03 
-2.487969428391295e-01  1.401273458166052e+00 -2.487969428391295e-01  1.270044540793797e+00 -2.487969428391295e-01  9.085868185575752e-01 -2.487969428391295e-01  1.954589085955085e-01 -2.487969428391295e-01  1.565932052945780e-03 -2.487969428391295e-01  7.136135560834119e-01 -2.487969428391295e-01  2.194503716557422e-01 -2.487969428391295e-01  2.081311761689727e-03 
-2.447969428391294e-01  1.400219139852981e+00 -2.447969428391294e-01  1.271095091383496e+00 -2.447969428391294e-01  9.070274875022046e-01 -2.447969428391294e-01  1.956656571067810e-01 -2.447969428391294e-01  1.570072712525580e-03 -2.447969428391294e-01  7.151814255810512e-01 -2.447969428391294e-01  2.192690663379407e-01 -2.447969428391294e-01  2.077185899294101e-03 
-2.407969428391294e-01  1.399164728777390e+00 -2.407969428391294e-01  1.272145796209876e+00 -2.407969428391294e-01  9.054679033269594e-01 -2.407969428391294e-01  1.958721410981574e-01 -2.407969428391294e-01  1.574213736410885e-03 -2.407969428391294e-01  7.167494141256971e-01 -2.407969428391294e-01  2.190876104734198e-01 -2.407969428391294e-01  2.073059431159589e-03 
-2.367969428391294e-01  1.398110227153702e+00 -2.367969428391294e-01  1.273196653006603e+00 -2.367969428391294e-01  9.039080692688466e-01 -2.367969428391294e-01  1.960783615920693e-01 -2.367969428391294e-01  1.578355115905083e-03 -2.367969428391294e-01  7.183175182279710e-01 -2.367969428391294e-01  2.189060031661530e-01 -2.367969428391294e-01  2.068932366186899e-03 
-2.327969428391294e-01  1.397055637197337e+00 -2.327969428391294e-01  1.274247659558637e+00 -2.327969428391294e-01  9.023479885608199e-01 -2.327969428391294e-01  1.962843196067433e-01 -2.327969428391294e-01  1.582496842307652e-03 -2.327969428391294e-01  7.198857344432821e-01 -2.327969428391294e-01  2.187242435146814e-01 -2.327969428391294e-01  2.064804713075164e-03 
-2.287969428391294e-01  1.396000961110093e+00 -2.287969428391294e-01  1.275298813638168e+00 -2.287969428391294e-01  9.007876644221167e-01 -2.287969428391294e-01  1.964900161589464e-01 -2.287969428391294e-01  1.586638906971545e-03 -2.287969428391294e-01  7.214540593279450e-01 -2.287969428391294e-01  2.185423306221990e-01 -2.287969428391294e-01  2.060676480573770e-03 
-2.247969428391294e-01  1.394946201086664e+00 -2.247969428391294e-01  1.276350113031704e+00 -2.247969428391294e-01  8.992271000627059e-01 -2.247969428391294e-01  1.966954522628255e-01 -2.247969428391294e-01  1.590781301277613e-03 -2.247969428391294e-01  7.230224894574592e-01 -2.247969428391294e-01  2.183602635921673e-01 -2.247969428391294e-01  2.056547677375834e-03 
-2.207969428391294e-01  1.393891359317568e+00 -2.207969428391294e-01  1.277401555552044e+00 -2.207969428391294e-01  8.976662986853488e-01 -2.207969428391294e-01  1.969006289294159e-01 -2.207969428391294e-01  1.594924016623120e-03 -2.207969428391294e-01  7.245910214345068e-01 -2.207969428391294e-01  2.181780415263229e-01 -2.207969428391294e-01  2.052418312071236e-03 
-2.167969428391294e-01  1.392836437974982e+00 -2.167969428391294e-01  1.278453138975933e+00 -2.167969428391294e-01  8.961052634762320e-01 -2.167969428391294e-01  1.971055471692817e-01 -2.167969428391294e-01  1.599067044477330e-03 -2.167969428391294e-01  7.261596518462415e-01 -2.167969428391294e-01  2.179956635345301e-01 -2.167969428391294e-01  2.048288393391410e-03 
-2.127969428391294e-01  1.391781439230987e+00 -2.127969428391294e-01  1.279504861122142e+00 -2.127969428391294e-01  8.945439976172611e-01 -2.127969428391294e-01  1.973102079892106e-01 -2.127969428391294e-01  1.603210376309876e-03 -2.127969428391294e-01  7.277283773173756e-01 -2.127969428391294e-01  2.178131287222658e-01 -2.127969428391294e-01  2.044157929902778e-03 
-2.087969428391294e-01  1.390726365252152e+00 -2.087969428391294e-01  1.280556719827107e+00 -2.087969428391294e-01  8.929825042825371e-01 -2.087969428391294e-01  1.975146123932587e-01 -2.087969428391294e-01  1.607354003612072e-03 -2.087969428391294e-01  7.292971944933854e-01 -2.087969428391294e-01  2.176304361944078e-01 -2.087969428391294e-01  2.040026930102390e-03 
-2.047969428391294e-01  1.389671218189396e+00 -2.047969428391294e-01  1.281608712900279e+00 -2.047969428391294e-01  8.914207866316834e-01 -2.047969428391294e-01  1.977187613846413e-01 -2.047969428391294e-01  1.611497917936650e-03 -2.047969428391294e-01  7.308661000098879e-01 -2.047969428391294e-01  2.174475850622956e-01 -2.047969428391294e-01  2.035895402593260e-03 
-2.007969428391294e-01  1.388616000193880e+00 -2.007969428391294e-01  1.282660838191842e+00 -2.007969428391294e-01  8.898588478205660e-01 -2.007969428391294e-01  1.979226559628746e-01 -2.007969428391294e-01  1.615642110835404e-03 -2.007969428391294e-01  7.324350905386453e-01 -2.007969428391294e-01  2.172645744328303e-01 -2.007969428391294e-01  2.031763355818412e-03 
-1.967969428391294e-01  1.387560713404285e+00 -1.967969428391294e-01  1.283713093536988e+00 -1.967969428391294e-01  8.882966909928831e-01 -1.967969428391294e-01  1.981262971261438e-01 -1.967969428391294e-01  1.619786573909145e-03 -1.967969428391294e-01  7.340041627494099e-01 -1.967969428391294e-01  2.170814034173122e-01 -1.967969428391294e-01  2.027630798279805e-03 
-1.927969428391294e-01  1.386505359953349e+00 -1.927969428391294e-01  1.284765476783158e+00 -1.927969428391294e-01  8.867343192846475e-01 -1.927969428391294e-01  1.983296858701484e-01 -1.927969428391294e-01  1.623931298781988e-03 -1.927969428391294e-01  7.355733133283211e-01 -1.927969428391294e-01  2.168980711270040e-01 -1.927969428391294e-01  2.023497738431221e-03 
-1.887969428391294e-01  1.385449941969056e+00 -1.887969428391294e-01  1.285817985794406e+00 -1.887969428391294e-01  8.851717358250646e-01 -1.887969428391294e-01  1.985328231879371e-01 -1.887969428391294e-01  1.628076277096720e-03 -1.887969428391294e-01  7.371425389807205e-01 -1.887969428391294e-01  2.167145766723557e-01 -1.887969428391294e-01  2.019364184661253e-03 
-1.847969428391294e-01  1.384394461572375e+00 -1.847969428391294e-01  1.286870618440748e+00 -1.847969428391294e-01  8.836089437351344e-01 -1.847969428391294e-01  1.987357100703636e-01 -1.847969428391294e-01  1.632221500523731e-03 -1.847969428391294e-01  7.387118364237224e-01 -1.847969428391294e-01  2.165309191646333e-01 -1.847969428391294e-01  2.015230145335050e-03 
-1.807969428391294e-01  1.383338920876491e+00 -1.807969428391294e-01  1.287923372594005e+00 -1.807969428391294e-01  8.820459461272271e-01 -1.807969428391294e-01  1.989383475062646e-01 -1.807969428391294e-01  1.636366960763910e-03 -1.807969428391294e-01  7.402812023832261e-01 -1.807969428391294e-01  2.163470977165152e-01 -1.807969428391294e-01  2.011095628810669e-03 
-1.767969428391294e-01  1.382283321983373e+00 -1.767969428391294e-01  1.288976246112174e+00 -1.767969428391294e-01  8.804827461028770e-01 -1.767969428391294e-01  1.991407364831264e-01 -1.767969428391294e-01  1.640512649562224e-03 -1.767969428391294e-01  7.418506335831014e-01 -1.767969428391294e-01  2.161631114445483e-01 -1.767969428391294e-01  2.006960643500497e-03 
-1.727969428391294e-01  1.381227666997927e+00 -1.727969428391294e-01  1.290029236899588e+00 -1.727969428391294e-01  8.789193467623700e-01 -1.727969428391294e-01  1.993428779845696e-01 -1.727969428391294e-01  1.644658558652075e-03 -1.727969428391294e-01  7.434201267860332e-01 -1.727969428391294e-01  2.159789594593751e-01 -1.727969428391294e-01  2.002825197634889e-03 
-1.687969428391294e-01  1.380171958014879e+00 -1.687969428391294e-01  1.291082342849545e+00 -1.687969428391294e-01  8.773557511960577e-01 -1.687969428391294e-01  1.995447729927677e-01 -1.687969428391294e-01  1.648804679806863e-03 -1.687969428391294e-01  7.449896787542623e-01 -1.687969428391294e-01  2.157946408749055e-01 -1.687969428391294e-01  1.998689299487590e-03 
-1.647969428391294e-01  1.379116197122108e+00 -1.647969428391294e-01  1.292135561857845e+00 -1.647969428391294e-01  8.757919624866815e-01 -1.647969428391294e-01  1.997464224878877e-01 -1.647969428391294e-01  1.652951004826891e-03 -1.647969428391294e-01  7.465592862586596e-01 -1.647969428391294e-01  2.156101548060658e-01 -1.647969428391294e-01  1.994552957322457e-03 
-1.607969428391294e-01  1.378060386400931e+00 -1.607969428391294e-01  1.293188891823276e+00 -1.607969428391294e-01  8.742279837096617e-01 -1.607969428391294e-01  1.999478274480786e-01 -1.607969428391294e-01  1.657097525538188e-03 -1.607969428391294e-01  7.481289460789096e-01 -1.607969428391294e-01  2.154255003686597e-01 -1.607969428391294e-01  1.990416179391686e-03 
-1.567969428391294e-01  1.377004527928584e+00 -1.567969428391294e-01  1.294242330657383e+00 -1.567969428391294e-01  8.726638179348604e-01 -1.567969428391294e-01  2.001489888490754e-01 -1.567969428391294e-01  1.661244233782840e-03 -1.567969428391294e-01  7.496986550100044e-01 -1.567969428391294e-01  2.152406766777106e-01 -1.567969428391294e-01  1.986278973897324e-03 
-1.527969428391294e-01  1.375948623777124e+00 -1.527969428391294e-01  1.295295876278930e+00 -1.527969428391294e-01  8.710994682259500e-01 -1.527969428391294e-01  2.003499076644384e-01 -1.527969428391294e-01  1.665391121423245e-03 -1.527969428391294e-01  7.512684098583318e-01 -1.527969428391294e-01  2.150556828482905e-01 -1.527969428391294e-01  1.982141349013079e-03 
-1.487969428391294e-01  1.374892676011768e+00 -1.487969428391294e-01  1.296349526606104e+00 -1.487969428391294e-01  8.695349376393877e-01 -1.487969428391294e-01  2.005505848658989e-01 -1.487969428391294e-01  1.669538180348705e-03 -1.487969428391294e-01  7.528382074362097e-01 -1.487969428391294e-01  2.148705179967149e-01 -1.487969428391294e-01  1.978003312914928e-03 
-1.447969428391294e-01  1.373836686692935e+00 -1.447969428391294e-01  1.297403279564284e+00 -1.447969428391294e-01  8.679702292258923e-01 -1.447969428391294e-01  2.007510214230336e-01 -1.447969428391294e-01  1.673685402467299e-03 -1.447969428391294e-01  7.544080445670338e-01 -1.447969428391294e-01  2.146851812392173e-01 -1.447969428391294e-01  1.973864873750580e-03 
-1.407969428391294e-01  1.372780657880035e+00 -1.407969428391294e-01  1.298457133101663e+00 -1.407969428391294e-01  8.664053460330794e-01 -1.407969428391294e-01  2.009512183026395e-01 -1.407969428391294e-01  1.677832779691115e-03 -1.407969428391294e-01  7.559779180957724e-01 -1.407969428391294e-01  2.144996716893380e-01 -1.407969428391294e-01  1.969726039578174e-03 
-1.367969428391294e-01  1.371724591620749e+00 -1.367969428391294e-01  1.299511085142382e+00 -1.367969428391294e-01  8.648402910983675e-01 -1.367969428391294e-01  2.011511764706873e-01 -1.367969428391294e-01  1.681980303978274e-03 -1.367969428391294e-01  7.575478248569033e-01 -1.367969428391294e-01  2.143139884654819e-01 -1.367969428391294e-01  1.965586818550322e-03 
-1.327969428391294e-01  1.370668489961930e+00 -1.327969428391294e-01  1.300565133632542e+00 -1.327969428391294e-01  8.632750674563967e-01 -1.327969428391294e-01  2.013508968904252e-01 -1.327969428391294e-01  1.686127967290171e-03 -1.327969428391294e-01  7.591177617056066e-01 -1.327969428391294e-01  2.141281306833670e-01 -1.327969428391294e-01  1.961447218733339e-03 
-1.287969428391293e-01  1.369612354946930e+00 -1.287969428391293e-01  1.301619276527946e+00 -1.287969428391293e-01  8.617096781373290e-01 -1.287969428391293e-01  2.015503805229014e-01 -1.287969428391293e-01  1.690275761601940e-03 -1.287969428391293e-01  7.606877255092779e-01 -1.287969428391293e-01  2.139420974579495e-01 -1.287969428391293e-01  1.957307248155473e-03 
-1.247969428391293e-01  1.368556188609798e+00 -1.247969428391293e-01  1.302673511768469e+00 -1.247969428391293e-01  8.601441261630469e-01 -1.247969428391293e-01  2.017496283280369e-01 -1.247969428391293e-01  1.694423678925218e-03 -1.247969428391293e-01  7.622577131299343e-01 -1.247969428391293e-01  2.137558879075475e-01 -1.247969428391293e-01  1.953166914907528e-03 
-1.207969428391293e-01  1.367499992983338e+00 -1.207969428391293e-01  1.303727837311850e+00 -1.207969428391293e-01  8.585784145526738e-01 -1.207969428391293e-01  2.019486412632442e-01 -1.207969428391293e-01  1.698571711276578e-03 -1.207969428391293e-01  7.638277214470961e-01 -1.207969428391293e-01  2.135695011482589e-01 -1.207969428391293e-01  1.949026227010137e-03 
-1.167969428391293e-01  1.366443770097048e+00 -1.167969428391293e-01  1.304782251123998e+00 -1.167969428391293e-01  8.570125463212845e-01 -1.167969428391293e-01  2.021474202838375e-01 -1.167969428391293e-01  1.702719850685538e-03 -1.167969428391293e-01  7.653977473510256e-01 -1.167969428391293e-01  2.133829362954777e-01 -1.167969428391293e-01  1.944885192451861e-03 
-1.127969428391293e-01  1.365387521976471e+00 -1.127969428391293e-01  1.305836751175517e+00 -1.127969428391293e-01  8.554465244795655e-01 -1.127969428391293e-01  2.023459663431949e-01 -1.127969428391293e-01  1.706868089197148e-03 -1.127969428391293e-01  7.669677877402475e-01 -1.127969428391293e-01  2.131961924643958e-01 -1.127969428391293e-01  1.940743819202811e-03 
-1.087969428391293e-01  1.364331250642576e+00 -1.087969428391293e-01  1.306891335438323e+00 -1.087969428391293e-01  8.538803520335027e-01 -1.087969428391293e-01  2.025442803929158e-01 -1.087969428391293e-01  1.711016418874461e-03 -1.087969428391293e-01  7.685378395190969e-01 -1.087969428391293e-01  2.130092687704971e-01 -1.087969428391293e-01  1.936602115227942e-03 
-1.047969428391293e-01  1.363274958112390e+00 -1.047969428391293e-01  1.307946001887515e+00 -1.047969428391293e-01  8.523140319849000e-01 -1.047969428391293e-01  2.027423633827503e-01 -1.047969428391293e-01  1.715164831795963e-03 -1.047969428391293e-01  7.701078995988698e-01 -1.047969428391293e-01  2.128221643291894e-01 -1.047969428391293e-01  1.932460088479699e-03 
-1.007969428391293e-01  1.362218646394582e+00 -1.007969428391293e-01  1.309000748481810e+00 -1.007969428391293e-01  8.507475673285136e-01 -1.007969428391293e-01  2.029402162614246e-01 -1.007969428391293e-01  1.719313320072979e-03 -1.007969428391293e-01  7.716779648843881e-01 -1.007969428391293e-01  2.126348782589678e-01 -1.007969428391293e-01  1.928317746974919e-03 
-9.679694283912932e-02  1.361162317503780e+00 -9.679694283912932e-02  1.310055573223943e+00 -9.679694283912932e-02  8.491809610617795e-01 -9.679694283912932e-02  2.031378399741700e-01 -9.679694283912932e-02  1.723461875793441e-03 -9.679694283912932e-02  7.732480323149278e-01 -9.679694283912932e-02  2.124474096714097e-01 -9.679694283912932e-02  1.924175098557502e-03 
-9.279694283912931e-02  1.360105973445316e+00 -9.279694283912931e-02  1.311110474094781e+00 -9.279694283912931e-02  8.476142161746514e-01 -9.279694283912931e-02  2.033352354654510e-01 -9.279694283912931e-02  1.727610491081749e-03 -9.279694283912931e-02  7.748180988193022e-01 -9.279694283912931e-02  2.122597576819555e-01 -9.279694283912931e-02  1.920032151157256e-03 
-8.879694283912931e-02  1.359049616221110e+00 -8.879694283912931e-02  1.312165449077672e+00 -8.879694283912931e-02  8.460473356536585e-01 -8.879694283912931e-02  2.035324036779777e-01 -8.879694283912931e-02  1.731759158075750e-03 -8.879694283912931e-02  7.763881613322841e-01 -8.879694283912931e-02  2.120719214058467e-01 -8.879694283912931e-02  1.915888912694232e-03 
-8.479694283912931e-02  1.357993247834247e+00 -8.479694283912931e-02  1.313220496177280e+00 -8.479694283912931e-02  8.444803224850871e-01 -8.479694283912931e-02  2.037293455519526e-01 -8.479694283912931e-02  1.735907868908702e-03 -8.479694283912931e-02  7.779582168072776e-01 -8.479694283912931e-02  2.118838999549522e-01 -8.479694283912931e-02  1.911745391004799e-03 
-8.079694283912930e-02  1.356936870280296e+00 -8.079694283912930e-02  1.314275613381759e+00 -8.079694283912930e-02  8.429131796492387e-01 -8.079694283912930e-02  2.039260620266340e-01 -8.079694283912930e-02  1.740056615743341e-03 -8.079694283912930e-02  7.795282621904858e-01 -8.079694283912930e-02  2.116956924439554e-01 -8.079694283912930e-02  1.907601593990122e-03 
-7.679694283912930e-02  1.355880485552902e+00 -7.679694283912930e-02  1.315330798685935e+00 -7.679694283912930e-02  8.413459101242892e-01 -7.679694283912930e-02  2.041225540394076e-01 -7.679694283912930e-02  1.744205390750008e-03 -7.679694283912930e-02  7.810982944365372e-01 -7.679694283912930e-02  2.115072979864717e-01 -7.679694283912930e-02  1.903457529525209e-03 
-7.279694283912930e-02  1.354824095646018e+00 -7.279694283912930e-02  1.316386050100004e+00 -7.279694283912930e-02  8.397785168879043e-01 -7.279694283912930e-02  2.043188225254448e-01 -7.279694283912930e-02  1.748354186097813e-03 -7.279694283912930e-02  7.826683105142735e-01 -7.279694283912930e-02  2.113187156935407e-01 -7.279694283912930e-02  1.899313205424668e-03 
-6.879694283912929e-02  1.353767702546356e+00 -6.879694283912929e-02  1.317441365616790e+00 -6.879694283912929e-02  8.382110029122404e-01 -6.879694283912929e-02  2.045148684190629e-01 -6.879694283912929e-02  1.752502993984274e-03 -6.879694283912929e-02  7.842383073843806e-01 -6.879694283912929e-02  2.111299446789994e-01 -6.879694283912929e-02  1.895168629571343e-03 
-6.479694283912929e-02  1.352711308246352e+00 -6.479694283912929e-02  1.318496743266022e+00 -6.479694283912929e-02  8.366433711728019e-01 -6.479694283912929e-02  2.047106926515229e-01 -6.479694283912929e-02  1.756651806584500e-03 -6.479694283912929e-02  7.858082820361364e-01 -6.479694283912929e-02  2.109409840504113e-01 -6.479694283912929e-02  1.891023809703161e-03 
-6.079694283912929e-02  1.351654914725330e+00 -6.079694283912929e-02  1.319552181033579e+00 -6.079694283912929e-02  8.350756246358246e-01 -6.079694283912929e-02  2.049062961543437e-01 -6.079694283912929e-02  1.760800616125008e-03 -6.079694283912929e-02  7.873782314324330e-01 -6.079694283912929e-02  2.107518329224292e-01 -6.079694283912929e-02  1.886878753730199e-03 
-5.679694283912928e-02  1.350598523967034e+00 -5.679694283912928e-02  1.320607676935352e+00 -5.679694283912928e-02  8.335077662702111e-01 -5.679694283912928e-02  2.051016798563103e-01 -5.679694283912928e-02  1.764949414815030e-03 -5.679694283912928e-02  7.889481525598301e-01 -5.679694283912928e-02  2.105624904044668e-01 -5.679694283912928e-02  1.882733469444764e-03 
-5.279694283912928e-02  1.349542137956402e+00 -5.279694283912928e-02  1.321663229002745e+00 -5.279694283912928e-02  8.319397990454567e-01 -5.279694283912928e-02  2.052968446840809e-01 -5.279694283912928e-02  1.769098194859026e-03 -5.279694283912928e-02  7.905180424185745e-01 -5.279694283912928e-02  2.103729556030293e-01 -5.279694283912928e-02  1.878587964578152e-03 
-4.879694283912928e-02  1.348485758667137e+00 -4.879694283912928e-02  1.322718835229161e+00 -4.879694283912928e-02  8.303717259233644e-01 -4.879694283912928e-02  2.054917915643899e-01 -4.879694283912928e-02  1.773246948505679e-03 -4.879694283912928e-02  7.920878979861669e-01 -4.879694283912928e-02  2.101832276306005e-01 -4.879694283912928e-02  1.874442247010954e-03 
-4.479694283912927e-02  1.347429388081732e+00 -4.479694283912927e-02  1.323774493654343e+00 -4.479694283912927e-02  8.288035498716654e-01 -4.479694283912927e-02  2.056865214206283e-01 -4.479694283912927e-02  1.777395667969050e-03 -4.479694283912927e-02  7.936577162744688e-01 -4.479694283912927e-02  2.099933055914985e-01 -4.479694283912927e-02  1.870296324441729e-03 
-4.079694283912927e-02  1.346373028171947e+00 -4.079694283912927e-02  1.324830202280816e+00 -4.079694283912927e-02  8.272352738509308e-01 -4.079694283912927e-02  2.058810351762696e-01 -4.079694283912927e-02  1.781544345505430e-03 -4.079694283912927e-02  7.952274942729053e-01 -4.079694283912927e-02  2.098031885957898e-01 -4.079694283912927e-02  1.866150204715240e-03 
-3.679694283912927e-02  1.345316680916037e+00 -3.679694283912927e-02  1.325885959146210e+00 -3.679694283912927e-02  8.256669008263318e-01 -3.679694283912927e-02  2.060753337519447e-01 -3.679694283912927e-02  1.785692973345577e-03 -3.679694283912927e-02  7.967972289974026e-01 -3.679694283912927e-02  2.096128757471290e-01 -3.679694283912927e-02  1.862003895538356e-03 
-3.279694283912926e-02  1.344260348283500e+00 -3.279694283912926e-02  1.326941762257885e+00 -3.279694283912926e-02  8.240984337574107e-01 -3.279694283912926e-02  2.062694180681151e-01 -3.279694283912926e-02  1.789841543754597e-03 -3.279694283912926e-02  7.983669174459284e-01 -3.279694283912926e-02  2.094223661536600e-01 -3.279694283912926e-02  1.857857404736834e-03 
-2.879694283912926e-02  1.343204032250559e+00 -2.879694283912926e-02  1.327997609657951e+00 -2.879694283912926e-02  8.225298756086731e-01 -2.879694283912926e-02  2.064632890424668e-01 -2.879694283912926e-02  1.793990048971247e-03 -2.879694283912926e-02  7.999365566424791e-01 -2.879694283912926e-02  2.092316589170518e-01 -2.879694283912926e-02  1.853710739999952e-03 
-2.479694283912926e-02  1.342147734786129e+00 -2.479694283912926e-02  1.329053499362912e+00 -2.479694283912926e-02  8.209612293401954e-01 -2.479694283912926e-02  2.066569475923631e-01 -2.479694283912926e-02  1.798138481262921e-03 -2.479694283912926e-02  8.015061435960280e-01 -2.479694283912926e-02  2.090407531425794e-01 -2.479694283912926e-02  1.849563909117566e-03 
-2.079694283912926e-02  1.341091457858060e+00 -2.079694283912926e-02  1.330109429389513e+00 -2.079694283912926e-02  8.193924979119486e-01 -2.079694283912926e-02  2.068503946338271e-01 -2.079694283912926e-02  1.802286832901265e-03 -2.079694283912926e-02  8.030756753179455e-01 -2.079694283912926e-02  2.088496479347369e-01 -2.079694283912926e-02  1.845416919878550e-03 
-1.679694283912926e-02  1.340035203442798e+00 -1.679694283912926e-02  1.331165397794990e+00 -1.679694283912926e-02  8.178236842904442e-01 -1.679694283912926e-02  2.070436310799365e-01 -1.679694283912926e-02  1.806435096124115e-03 -1.679694283912926e-02  8.046451488491708e-01 -1.679694283912926e-02  2.086583423903883e-01 -1.679694283912926e-02  1.841269779912808e-03 
-1.279694283912926e-02  1.338978973501898e+00 -1.279694283912926e-02  1.332221402576831e+00 -1.279694283912926e-02  8.162547914329484e-01 -1.279694283912926e-02  2.072366578448909e-01 -1.279694283912926e-02  1.810583263227790e-03 -1.279694283912926e-02  8.062145611921444e-01 -1.279694283912926e-02  2.084668356156223e-01 -1.279694283912926e-02  1.837122497084846e-03 
-8.796942839129261e-03  1.337922770006452e+00 -8.796942839129261e-03  1.333277441775520e+00 -8.796942839129261e-03  8.146858223041163e-01 -8.796942839129261e-03  2.074294758398885e-01 -8.796942839129261e-03  1.814731326471204e-03 -8.796942839129261e-03  8.077839093803507e-01 -8.796942839129261e-03  2.082751267083674e-01 -8.796942839129261e-03  1.832975079090336e-03 
-4.796942839129261e-03  1.336866594929482e+00 -4.796942839129261e-03  1.334333513441606e+00 -4.796942839129261e-03  8.131167798709508e-01 -4.796942839129261e-03  2.076220859744767e-01 -4.796942839129261e-03  1.818879278105613e-03 -4.796942839129261e-03  8.093531904558650e-01 -4.796942839129261e-03  2.080832147638777e-01 -4.796942839129261e-03  1.828827533585420e-03 
-7.969428391292610e-04  1.335810450231791e+00 -7.969428391292610e-04  1.335389615575189e+00 -7.969428391292610e-04  8.115476670933379e-01 -7.969428391292610e-04  2.078144891590131e-01 -7.969428391292610e-04  1.823027110430314e-03 -7.969428391292610e-04  8.109224014282618e-01 -7.969428391292610e-04  2.078910988849418e-01 -7.969428391292610e-04  1.824679868424339e-03 
 3.203057160870739e-03  1.334754336405373e+00  3.203057160870739e-03  1.336445747713901e+00  3.203057160870739e-03  8.099784847394632e-01  3.203057160870739e-03  2.080066865699513e-01  3.203057160870739e-03  1.827174821513095e-03  3.203057160870739e-03  8.124915415480530e-01  3.203057160870739e-03  2.076987778938628e-01  3.203057160870739e-03  1.820532085422997e-03 
 7.203057160870739e-03  1.333698252365000e+00  7.203057160870739e-03  1.337501910915582e+00  7.203057160870739e-03  8.084092312436804e-01  7.203057160870739e-03  2.081986796679171e-01  7.203057160870739e-03  1.831322415616029e-03  7.203057160870739e-03  8.140606123628757e-01  7.203057160870739e-03  2.075062503328387e-01  7.203057160870739e-03  1.816384180426871e-03 
 1.120305716087074e-02  1.332642199993878e+00  1.120305716087074e-02  1.338558103329526e+00  1.120305716087074e-02  8.068399094425686e-01  1.120305716087074e-02  2.083904693714682e-01  1.120305716087074e-02  1.835469885343116e-03  1.120305716087074e-02  8.156296110610894e-01  1.120305716087074e-02  2.073135152721853e-01  1.120305716087074e-02  1.812236160704287e-03 
 1.520305716087074e-02  1.331586181256227e+00  1.520305716087074e-02  1.339614322966090e+00  1.520305716087074e-02  8.052705223033751e-01  1.520305716087074e-02  2.085820565832458e-01  1.520305716087074e-02  1.839617222980235e-03  1.520305716087074e-02  8.171985346639904e-01  1.520305716087074e-02  2.071205718056956e-01  1.520305716087074e-02  1.808088034069223e-03 
 1.920305716087074e-02  1.330530198124349e+00  1.920305716087074e-02  1.340670567867180e+00  1.920305716087074e-02  8.037010728005661e-01  1.920305716087074e-02  2.087734422035415e-01  1.920305716087074e-02  1.843764420781514e-03  1.920305716087074e-02  8.187673802153189e-01  1.920305716087074e-02  2.069274190204901e-01  1.920305716087074e-02  1.803939808211763e-03 
 2.320305716087074e-02  1.329474252565670e+00  2.320305716087074e-02  1.341726836050897e+00  2.320305716087074e-02  8.021315639071454e-01  2.320305716087074e-02  2.089646271325420e-01  2.320305716087074e-02  1.847911471020204e-03  2.320305716087074e-02  8.203361447436864e-01  2.320305716087074e-02  2.067340560064001e-01  2.320305716087074e-02  1.799791490915496e-03 
 2.720305716087074e-02  1.328418346556332e+00  2.720305716087074e-02  1.342783125568062e+00  2.720305716087074e-02  8.005619986039909e-01  2.720305716087074e-02  2.091556122680883e-01  2.720305716087074e-02  1.852058365935351e-03  2.720305716087074e-02  8.219048253007095e-01  2.720305716087074e-02  2.065404818462575e-01  2.720305716087074e-02  1.795643089835450e-03 
 3.120305716087074e-02  1.327362482068785e+00  3.120305716087074e-02  1.343839434449271e+00  3.120305716087074e-02  7.989923798715495e-01  3.120305716087074e-02  2.093463985078244e-01  3.120305716087074e-02  1.856205097780509e-03  3.120305716087074e-02  8.234734189250856e-01  3.120305716087074e-02  2.063466956248934e-01  3.120305716087074e-02  1.791494612706130e-03 
 3.520305716087074e-02  1.326306661071541e+00  3.520305716087074e-02  1.344895760703213e+00  3.520305716087074e-02  7.974227106897851e-01  3.520305716087074e-02  2.095369867492837e-01  3.520305716087074e-02  1.860351658824653e-03  3.520305716087074e-02  8.250419226413621e-01  3.520305716087074e-02  2.061526964293968e-01  3.520305716087074e-02  1.787346067348087e-03 
 3.920305716087075e-02  1.325250885540672e+00  3.920305716087075e-02  1.345952102364275e+00  3.920305716087075e-02  7.958529940460820e-01  3.920305716087075e-02  2.097273778880130e-01  3.920305716087075e-02  1.864498041307118e-03  3.920305716087075e-02  8.266103334920175e-01  3.920305716087075e-02  2.059584833408984e-01  3.920305716087075e-02  1.783197461480887e-03 
 4.320305716087075e-02  1.324195157454710e+00  4.320305716087075e-02  1.347008457470403e+00  4.320305716087075e-02  7.942832329319099e-01  4.320305716087075e-02  2.099175728184837e-01  4.320305716087075e-02  1.868644237457537e-03  4.320305716087075e-02  8.281786485223844e-01  4.320305716087075e-02  2.057640554383088e-01  4.320305716087075e-02  1.779048802810171e-03 
 4.720305716087075e-02  1.323139478787145e+00  4.720305716087075e-02  1.348064824030903e+00  4.720305716087075e-02  7.927134303378461e-01  4.720305716087075e-02  2.101075724354046e-01  4.720305716087075e-02  1.872790239525356e-03  4.720305716087075e-02  8.297468647587859e-01  4.720305716087075e-02  2.055694118038122e-01  4.720305716087075e-02  1.774900099154055e-03 
 5.120305716087076e-02  1.322083851521688e+00  5.120305716087076e-02  1.349121200089828e+00  5.120305716087076e-02  7.911435892640466e-01  5.120305716087076e-02  2.102973776312195e-01  5.120305716087076e-02  1.876936039719912e-03  5.120305716087076e-02  8.313149792512642e-01  5.120305716087076e-02  2.053745515119034e-01  5.120305716087076e-02  1.770751358194143e-03 
 5.520305716087076e-02  1.321028277638571e+00  5.520305716087076e-02  1.350177583667716e+00  5.520305716087076e-02  7.895737127110650e-01  5.520305716087076e-02  2.104869892984549e-01  5.520305716087076e-02  1.881081630264167e-03  5.520305716087076e-02  8.328829890341072e-01  5.520305716087076e-02  2.051794736393744e-01  5.520305716087076e-02  1.766602587704464e-03 
 5.920305716087076e-02  1.319972759116091e+00  5.920305716087076e-02  1.351233972767403e+00  5.920305716087076e-02  7.880038036810191e-01  5.920305716087076e-02  2.106764083295146e-01  5.920305716087076e-02  1.885227003388682e-03  5.920305716087076e-02  8.344508911296844e-01  5.920305716087076e-02  2.049841772642788e-01  5.920305716087076e-02  1.762453795528500e-03 
 6.320305716087077e-02  1.318917297942834e+00  6.320305716087077e-02  1.352290365424583e+00  6.320305716087077e-02  7.864338651860013e-01  6.320305716087077e-02  2.108656356146957e-01  6.320305716087077e-02  1.889372151283627e-03  6.320305716087077e-02  8.360186825824883e-01  6.320305716087077e-02  2.047886614571414e-01  6.320305716087077e-02  1.758304989380722e-03 
 6.720305716087077e-02  1.317861896104159e+00  6.720305716087077e-02  1.353346759650436e+00  6.720305716087077e-02  7.848639002390337e-01  6.720305716087077e-02  2.110546720445008e-01  6.720305716087077e-02  1.893517066151847e-03  6.720305716087077e-02  8.375863604202878e-01  6.720305716087077e-02  2.045929252908275e-01  6.720305716087077e-02  1.754156177071883e-03 
 7.120305716087078e-02  1.316806555591960e+00  7.120305716087078e-02  1.354403153471771e+00  7.120305716087078e-02  7.832939118608030e-01  7.120305716087078e-02  2.112435185080662e-01  7.120305716087078e-02  1.897661740170508e-03  7.120305716087078e-02  8.391539216811198e-01  7.120305716087078e-02  2.043969678335416e-01  7.120305716087078e-02  1.750007366351335e-03 
 7.520305716087078e-02  1.315751278392687e+00  7.520305716087078e-02  1.355459544880214e+00  7.520305716087078e-02  7.817239030716518e-01  7.520305716087078e-02  2.114321758952114e-01  7.520305716087078e-02  1.901806165538155e-03  7.520305716087078e-02  8.407213633789048e-01  7.520305716087078e-02  2.042007881576027e-01  7.520305716087078e-02  1.745858565106580e-03 
 7.920305716087078e-02  1.314696066505944e+00  7.920305716087078e-02  1.356515931909339e+00  7.920305716087078e-02  7.801538769043340e-01  7.920305716087078e-02  2.116206450934063e-01  7.920305716087078e-02  1.905950334401691e-03  7.920305716087078e-02  8.422886825553973e-01  7.920305716087078e-02  2.040043853259956e-01  7.920305716087078e-02  1.741709781060423e-03 
 8.320305716087079e-02  1.313640921927928e+00  8.320305716087079e-02  1.357572312564556e+00  8.320305716087079e-02  7.785838363928838e-01  8.320305716087079e-02  2.118089269905797e-01  8.320305716087079e-02  1.910094238921384e-03  8.320305716087079e-02  8.438558762327566e-01  8.320305716087079e-02  2.038077584045036e-01  8.320305716087079e-02  1.737561022046267e-03 
 8.720305716087079e-02  1.312585846656773e+00  8.720305716087079e-02  1.358628684844866e+00  8.720305716087079e-02  7.770137845763699e-01  8.720305716087079e-02  2.119970224742873e-01  8.720305716087079e-02  1.914237871249888e-03  8.720305716087079e-02  8.454229414281457e-01  8.720305716087079e-02  2.036109064578902e-01  8.720305716087079e-02  1.733412295922672e-03 
 9.120305716087079e-02  1.311530842697125e+00  9.120305716087079e-02  1.359685046761181e+00  9.120305716087079e-02  7.754437245021331e-01  9.120305716087079e-02  2.121849324310155e-01  9.120305716087079e-02  1.918381223514308e-03  9.120305716087079e-02  8.469898751659779e-01  9.120305716087079e-02  2.034138285466498e-01  9.120305716087079e-02  1.729263610501413e-03 
 9.520305716087080e-02  1.310475912050927e+00  9.520305716087080e-02  1.360741396297229e+00  9.520305716087080e-02  7.738736592196399e-01  9.520305716087080e-02  2.123726577477610e-01  9.520305716087080e-02  1.922524287852336e-03  9.520305716087080e-02  8.485566744514506e-01  9.520305716087080e-02  2.032165237337946e-01  9.520305716087080e-02  1.725114973701026e-03 
 9.920305716087080e-02  1.309421056734360e+00  9.920305716087080e-02  1.361797731479345e+00  9.920305716087080e-02  7.723035917921317e-01  9.920305716087080e-02  2.125601993092948e-01  9.920305716087080e-02  1.926667056345770e-03  9.920305716087080e-02  8.501233363175037e-01  9.920305716087080e-02  2.030189910725902e-01  9.920305716087080e-02  1.720966393272723e-03 
 1.032030571608708e-01  1.308366278755527e+00  1.032030571608708e-01  1.362854050282823e+00  1.032030571608708e-01  7.707335252815826e-01  1.032030571608708e-01  2.127475580019032e-01  1.032030571608708e-01  1.930809521108102e-03  1.032030571608708e-01  8.516898577615868e-01  1.032030571608708e-01  2.028212296229089e-01  1.032030571608708e-01  1.716817877168173e-03 
 1.072030571608708e-01  1.307311580129982e+00  1.072030571608708e-01  1.363910350695861e+00  1.072030571608708e-01  7.691634627593759e-01  1.072030571608708e-01  2.129347347108865e-01  1.072030571608708e-01  1.934951674223596e-03  1.072030571608708e-01  8.532562357886639e-01  1.072030571608708e-01  2.026232384399878e-01  1.072030571608708e-01  1.712669433288355e-03 
 1.112030571608708e-01  1.306256962879049e+00  1.112030571608708e-01  1.364966630711805e+00  1.112030571608708e-01  7.675934073053028e-01  1.112030571608708e-01  2.131217303208981e-01  1.112030571608708e-01  1.939093507753859e-03  1.112030571608708e-01  8.548224674058855e-01  1.112030571608708e-01  2.024250165757314e-01  1.112030571608708e-01  1.708521069514035e-03 
 1.152030571608708e-01  1.305202429028799e+00  1.152030571608708e-01  1.366022888324197e+00  1.152030571608708e-01  7.660233620069878e-01  1.152030571608708e-01  2.133085457161719e-01  1.152030571608708e-01  1.943235013741799e-03  1.152030571608708e-01  8.563885496191419e-01  1.152030571608708e-01  2.022265630795252e-01  1.152030571608708e-01  1.704372793725196e-03 
 1.192030571608708e-01  1.304147980607741e+00  1.192030571608708e-01  1.367079121516371e+00  1.192030571608708e-01  7.644533299584563e-01  1.192030571608708e-01  2.134951817809690e-01  1.192030571608708e-01  1.947376184220811e-03  1.192030571608708e-01  8.579544794259597e-01  1.192030571608708e-01  2.020278770000268e-01  1.192030571608708e-01  1.700224613841922e-03 
 1.232030571608708e-01  1.303093619642232e+00  1.232030571608708e-01  1.368135328241677e+00  1.232030571608708e-01  7.628833142571421e-01  1.232030571608708e-01  2.136816394003839e-01  1.232030571608708e-01  1.951517011232719e-03  1.232030571608708e-01  8.595202538021048e-01  1.232030571608708e-01  2.018289573886229e-01  1.232030571608708e-01  1.696076537902041e-03 
 1.272030571608708e-01  1.302039348174564e+00  1.272030571608708e-01  1.369191506497948e+00  1.272030571608708e-01  7.613133180163213e-01  1.272030571608708e-01  2.138679194574468e-01  1.272030571608708e-01  1.955657486756733e-03  1.272030571608708e-01  8.610858697515961e-01  1.272030571608708e-01  2.016298032862235e-01  1.272030571608708e-01  1.691928573768682e-03 
 1.312030571608708e-01  1.300985168242254e+00  1.312030571608708e-01  1.370247654240596e+00  1.312030571608708e-01  7.597433443511735e-01  1.312030571608708e-01  2.140540228365792e-01  1.312030571608708e-01  1.959797602790875e-03  1.312030571608708e-01  8.626513242481173e-01  1.312030571608708e-01  2.014304137385740e-01  1.312030571608708e-01  1.687780729471569e-03 
 1.352030571608708e-01  1.299931081889810e+00  1.352030571608708e-01  1.371303769430813e+00  1.352030571608708e-01  7.581733963869014e-01  1.352030571608708e-01  2.142399504217284e-01  1.352030571608708e-01  1.963937351305678e-03  1.352030571608708e-01  8.642166142673682e-01  1.352030571608708e-01  2.012307877876953e-01  1.352030571608708e-01  1.683633013017775e-03 
 1.392030571608708e-01  1.298877091169557e+00  1.392030571608708e-01  1.372359850038257e+00  1.392030571608708e-01  7.566034772594503e-01  1.392030571608708e-01  2.144257030962995e-01  1.392030571608708e-01  1.968076724240970e-03  1.392030571608708e-01  8.657817367887500e-01  1.392030571608708e-01  2.010309244713413e-01  1.392030571608708e-01  1.679485432381025e-03 
 1.432030571608708e-01  1.297823198137835e+00  1.432030571608708e-01  1.373415894024429e+00  1.432030571608708e-01  7.550335901130474e-01  1.432030571608708e-01  2.146112817438425e-01  1.432030571608708e-01  1.972215713520836e-03  1.432030571608708e-01  8.673466887840984e-01  1.432030571608708e-01  2.008308228259060e-01  1.432030571608708e-01  1.675337995567156e-03 
 1.472030571608708e-01  1.296769404849724e+00  1.472030571608708e-01  1.374471899320150e+00  1.472030571608708e-01  7.534637380967562e-01  1.472030571608708e-01  2.147966872489707e-01  1.472030571608708e-01  1.976354311074261e-03  1.472030571608708e-01  8.689114672024441e-01  1.472030571608708e-01  2.006304818903972e-01  1.472030571608708e-01  1.671190710702455e-03 
 1.512030571608708e-01  1.295715713374289e+00  1.512030571608708e-01  1.375527863887860e+00  1.512030571608708e-01  7.518939243750027e-01  1.512030571608708e-01  2.149819204949504e-01  1.512030571608708e-01  1.980492508775357e-03  1.512030571608708e-01  8.704760690117876e-01  1.512030571608708e-01  2.004299006952927e-01  1.512030571608708e-01  1.667043585789044e-03 
 1.552030571608708e-01  1.294662125781199e+00  1.552030571608708e-01  1.376583785665537e+00  1.552030571608708e-01  7.503241521185913e-01  1.552030571608708e-01  2.151669823659408e-01  1.552030571608708e-01  1.984630298495855e-03  1.552030571608708e-01  8.720404911613104e-01  1.552030571608708e-01  2.002290782724849e-01  1.552030571608708e-01  1.662896628925123e-03 
 1.592030571608709e-01  1.293608644146773e+00  1.592030571608709e-01  1.377639662590863e+00  1.592030571608709e-01  7.487544245089855e-01  1.592030571608709e-01  2.153518737460780e-01  1.592030571608709e-01  1.988767672081340e-03  1.592030571608709e-01  8.736047305975161e-01  1.592030571608709e-01  2.000280136509270e-01  1.592030571608709e-01  1.658749848210010e-03 
 1.632030571608709e-01  1.292555270550923e+00  1.632030571608709e-01  1.378695492587846e+00  1.632030571608709e-01  7.471847447363582e-01  1.632030571608709e-01  2.155365955200394e-01  1.632030571608709e-01  1.992904621363312e-03  1.632030571608709e-01  8.751687842551473e-01  1.632030571608709e-01  1.998267058589866e-01  1.632030571608709e-01  1.654603251796767e-03 
 1.672030571608709e-01  1.291502007081167e+00  1.672030571608709e-01  1.379751273582664e+00  1.672030571608709e-01  7.456151160024792e-01  1.672030571608709e-01  2.157211485724603e-01  1.672030571608709e-01  1.997041138143394e-03  1.672030571608709e-01  8.767326490677292e-01  1.672030571608709e-01  1.996251539215604e-01  1.672030571608709e-01  1.650456847829904e-03 
 1.712030571608709e-01  1.290448855832718e+00  1.712030571608709e-01  1.380807003503133e+00  1.712030571608709e-01  7.440455415209242e-01  1.712030571608709e-01  2.159055337879885e-01  1.712030571608709e-01  2.001177214192987e-03  1.712030571608709e-01  8.782963219671009e-01  1.712030571608709e-01  1.994233568601166e-01  1.712030571608709e-01  1.646310644447501e-03 
 1.752030571608709e-01  1.289395818904213e+00  1.752030571608709e-01  1.381862680260406e+00  1.752030571608709e-01  7.424760245143119e-01  1.752030571608709e-01  2.160897520520459e-01  1.752030571608709e-01  2.005312841270042e-03  1.752030571608709e-01  8.798597998710483e-01  1.752030571608709e-01  1.992213136959400e-01  1.752030571608709e-01  1.642164649853085e-03 
 1.792030571608709e-01  1.288342898398304e+00  1.792030571608709e-01  1.382918301750532e+00  1.792030571608709e-01  7.409065682148613e-01  1.792030571608709e-01  2.162738042507989e-01  1.792030571608709e-01  2.009448011116735e-03  1.792030571608709e-01  8.814230796842464e-01  1.792030571608709e-01  1.990190234498194e-01  1.792030571608709e-01  1.638018872309507e-03 
 1.832030571608709e-01  1.287290096430228e+00  1.832030571608709e-01  1.383973865889070e+00  1.832030571608709e-01  7.393371758703888e-01  1.832030571608709e-01  2.164576912698498e-01  1.832030571608709e-01  2.013582715425853e-03  1.832030571608709e-01  8.829861583213863e-01  1.832030571608709e-01  1.988164851357551e-01  1.832030571608709e-01  1.633873320002932e-03 
 1.872030571608709e-01  1.286237415116613e+00  1.872030571608709e-01  1.385029370564081e+00  1.872030571608709e-01  7.377678507368288e-01  1.872030571608709e-01  2.166414139961093e-01  1.872030571608709e-01  2.017716945884657e-03  1.872030571608709e-01  8.845490326755413e-01  1.872030571608709e-01  1.986136977693972e-01  1.872030571608709e-01  1.629728001227599e-03 
 1.912030571608709e-01  1.285184856585090e+00  1.912030571608709e-01  1.386084813674910e+00  1.912030571608709e-01  7.361985960849414e-01  1.912030571608709e-01  2.168249733163256e-01  1.912030571608709e-01  2.021850694137271e-03  1.912030571608709e-01  8.861116996440719e-01  1.912030571608709e-01  1.984106603609924e-01  1.912030571608709e-01  1.625582924233386e-03 
 1.952030571608709e-01  1.284132422965585e+00  1.952030571608709e-01  1.387140193095552e+00  1.952030571608709e-01  7.346294151945466e-01  1.952030571608709e-01  2.170083701185507e-01  1.952030571608709e-01  2.025983951818728e-03  1.952030571608709e-01  8.876741561039742e-01  1.952030571608709e-01  1.982073719219681e-01  1.952030571608709e-01  1.621438097369690e-03 
 1.992030571608709e-01  1.283080116395996e+00  1.992030571608709e-01  1.388195506697279e+00  1.992030571608709e-01  7.330603113585386e-01  1.992030571608709e-01  2.171916052913063e-01  1.992030571608709e-01  2.030116710532801e-03  1.992030571608709e-01  8.892363989269587e-01  1.992030571608709e-01  1.980038314608033e-01  1.992030571608709e-01  1.617293528996663e-03 
 2.032030571608709e-01  1.282027939026732e+00  2.032030571608709e-01  1.389250752366242e+00  2.032030571608709e-01  7.314912878861553e-01  2.032030571608709e-01  2.173746797229291e-01  2.032030571608709e-01  2.034248961834135e-03  2.032030571608709e-01  8.907984249911149e-01  2.032030571608709e-01  1.978000379797696e-01  2.032030571608709e-01  1.613149227416002e-03 
 2.072030571608709e-01  1.280975893009154e+00  2.072030571608709e-01  1.390305927955365e+00  2.072030571608709e-01  7.299223480952565e-01  2.072030571608709e-01  2.175575943034963e-01  2.072030571608709e-01  2.038380697273594e-03  2.072030571608709e-01  8.923602311486118e-01  2.072030571608709e-01  1.975959904836307e-01  2.072030571608709e-01  1.609005201059840e-03 
 2.112030571608709e-01  1.279923980502029e+00  2.112030571608709e-01  1.391361031309933e+00  2.112030571608709e-01  7.283534953168884e-01  2.112030571608709e-01  2.177403499238700e-01  2.112030571608709e-01  2.042511908372999e-03  2.112030571608709e-01  8.939218142427384e-01  2.112030571608709e-01  1.973916879749653e-01  2.112030571608709e-01  1.604861458390380e-03 
 2.152030571608709e-01  1.278872203677046e+00  2.152030571608709e-01  1.392416060289366e+00  2.152030571608709e-01  7.267847328992181e-01  2.152030571608709e-01  2.179229474748877e-01  2.152030571608709e-01  2.046642586603410e-03  2.152030571608709e-01  8.954831711223640e-01  2.152030571608709e-01  1.971871294501341e-01  2.152030571608709e-01  1.600718007814250e-03 
 2.192030571608709e-01  1.277820564711417e+00  2.192030571608709e-01  1.393471012735991e+00  2.192030571608709e-01  7.252160642026535e-01  2.192030571608709e-01  2.181053878486253e-01  2.192030571608709e-01  2.050772723414162e-03  2.192030571608709e-01  8.970442986209457e-01  2.192030571608709e-01  1.969823139049338e-01  2.192030571608709e-01  1.596574857805249e-03 
 2.232030571608709e-01  1.276769065787056e+00  2.232030571608709e-01  1.394525886470958e+00  2.232030571608709e-01  7.236474925994533e-01  2.232030571608709e-01  2.182876719386049e-01  2.232030571608709e-01  2.054902310236170e-03  2.232030571608709e-01  8.986051935537064e-01  2.232030571608709e-01  1.967772403353108e-01  2.232030571608709e-01  1.592432016920288e-03 
 2.272030571608709e-01  1.275717709098621e+00  2.272030571608709e-01  1.395580679326198e+00  2.272030571608709e-01  7.220790214793974e-01  2.272030571608709e-01  2.184698006385894e-01  2.272030571608709e-01  2.059031338450276e-03  2.272030571608709e-01  9.001658527388977e-01  2.272030571608709e-01  1.965719077314675e-01  2.272030571608709e-01  1.588289493673977e-03 
 2.312030571608709e-01  1.274666496849986e+00  2.312030571608709e-01  1.396635389129087e+00  2.312030571608709e-01  7.205106542475413e-01  2.312030571608709e-01  2.186517748432263e-01  2.312030571608709e-01  2.063159799401131e-03  2.312030571608709e-01  9.017262729874472e-01  2.312030571608709e-01  1.963663150806132e-01  2.312030571608709e-01  1.584147296598804e-03 
 2.352030571608709e-01  1.273615431245342e+00  2.352030571608709e-01  1.397690013665299e+00  2.352030571608709e-01  7.189423943183301e-01  2.352030571608709e-01  2.188335954495443e-01  2.352030571608709e-01  2.067287684432141e-03  2.352030571608709e-01  9.032864510780425e-01  2.352030571608709e-01  1.961604613737648e-01  2.352030571608709e-01  1.580005434391014e-03 
 2.392030571608709e-01  1.272564514507095e+00  2.392030571608709e-01  1.398744550750956e+00  2.392030571608709e-01  7.173742451279927e-01  2.392030571608709e-01  2.190152633541853e-01  2.392030571608709e-01  2.071414984815188e-03  2.392030571608709e-01  9.048463838052311e-01  2.392030571608709e-01  1.959543455924254e-01  2.392030571608709e-01  1.575863915627234e-03 
 2.432030571608709e-01  1.271513748862424e+00  2.432030571608709e-01  1.399798998176939e+00  2.432030571608709e-01  7.158062101255471e-01  2.432030571608709e-01  2.191967794556258e-01  2.432030571608709e-01  2.075541691803387e-03  2.432030571608709e-01  9.064060679421200e-01  2.432030571608709e-01  1.957479667187940e-01  2.432030571608709e-01  1.571722748983325e-03 
 2.472030571608709e-01  1.270463136546301e+00  2.472030571608709e-01  1.400853353720225e+00  2.472030571608709e-01  7.142382927750520e-01  2.472030571608709e-01  2.193781446537790e-01  2.472030571608709e-01  2.079667796619251e-03  2.472030571608709e-01  9.079655002478497e-01  2.472030571608709e-01  1.955413237336324e-01  2.472030571608709e-01  1.567581943189598e-03 
 2.512030571608709e-01  1.269412679806170e+00  2.512030571608709e-01  1.401907615162114e+00  2.512030571608709e-01  7.126704965589739e-01  2.512030571608709e-01  2.195593598493371e-01  2.512030571608709e-01  2.083793290436338e-03  2.512030571608709e-01  9.095246774796620e-01  2.512030571608709e-01  1.953344156128616e-01  2.512030571608709e-01  1.563441506959510e-03 
 2.552030571608709e-01  1.268362380892716e+00  2.552030571608709e-01  1.402961780249760e+00  2.552030571608709e-01  7.111028249720915e-01  2.552030571608709e-01  2.197404259453167e-01  2.552030571608709e-01  2.087918164415446e-03  2.552030571608709e-01  9.110835963671357e-01  2.552030571608709e-01  1.951272413346381e-01  2.552030571608709e-01  1.559301449140529e-03 
 2.592030571608709e-01  1.267312242076236e+00  2.592030571608709e-01  1.404015846761757e+00  2.592030571608709e-01  7.095352815328545e-01  2.592030571608709e-01  2.199213438445561e-01  2.592030571608709e-01  2.092042409640364e-03  2.592030571608709e-01  9.126422536558221e-01  2.592030571608709e-01  1.949197998671474e-01  2.592030571608709e-01  1.555161778456691e-03 
 2.632030571608709e-01  1.266262265630083e+00  2.632030571608709e-01  1.405069812439991e+00  2.632030571608709e-01  7.079678697722762e-01  2.632030571608709e-01  2.201021144524206e-01  2.632030571608709e-01  2.096166017182878e-03  2.632030571608709e-01  9.142006460617014e-01  2.632030571608709e-01  1.947120901812005e-01  2.632030571608709e-01  1.551022503776156e-03 
 2.672030571608709e-01  1.265212453836508e+00  2.672030571608709e-01  1.406123675012346e+00  2.672030571608709e-01  7.064005932381158e-01  2.672030571608709e-01  2.202827386759650e-01  2.672030571608709e-01  2.100288978079835e-03  2.672030571608709e-01  9.157587702862250e-01  2.672030571608709e-01  1.945041112459958e-01  2.672030571608709e-01  1.546883634022100e-03 
 2.712030571608710e-01  1.264162808992818e+00  2.712030571608710e-01  1.407177432216956e+00  2.712030571608710e-01  7.048334554992887e-01  2.712030571608710e-01  2.204632174230508e-01  2.712030571608710e-01  2.104411283308924e-03  2.712030571608710e-01  9.173166230323744e-01  2.712030571608710e-01  1.942958620245430e-01  2.712030571608710e-01  1.542745178077387e-03 
 2.752030571608710e-01  1.263113333399140e+00  2.752030571608710e-01  1.408231081751396e+00  2.752030571608710e-01  7.032664601377018e-01  2.752030571608710e-01  2.206435516043667e-01  2.752030571608710e-01  2.108532923836799e-03  2.752030571608710e-01  9.188742009707165e-01  2.752030571608710e-01  1.940873414831121e-01  2.752030571608710e-01  1.538607144984206e-03 
 2.792030571608710e-01  1.262064029377698e+00  2.792030571608710e-01  1.409284621349993e+00  2.792030571608710e-01  7.016996107616364e-01  2.792030571608710e-01  2.208237421304806e-01  2.792030571608710e-01  2.112653890543276e-03  2.792030571608710e-01  9.204315007907814e-01  2.792030571608710e-01  1.938785485767315e-01  2.792030571608710e-01  1.534469543640396e-03 
 2.832030571608710e-01  1.261014899248997e+00  2.832030571608710e-01  1.410338048686315e+00  2.832030571608710e-01  7.001329109896776e-01  2.832030571608710e-01  2.210037899156860e-01  2.832030571608710e-01  2.116774174315018e-03  2.832030571608710e-01  9.219885191360337e-01  2.832030571608710e-01  1.936694822673961e-01  2.832030571608710e-01  1.530332383182396e-03 
 2.872030571608710e-01  1.259965945354286e+00  2.872030571608710e-01  1.411391361463188e+00  2.872030571608710e-01  6.985663644662733e-01  2.872030571608710e-01  2.211836958745544e-01  2.872030571608710e-01  2.120893765957128e-03  2.872030571608710e-01  9.235452526636962e-01  2.872030571608710e-01  1.934601415071603e-01  2.872030571608710e-01  1.526195672631722e-03 
 2.912030571608710e-01  1.258917170037098e+00  2.912030571608710e-01  1.412444557337022e+00  2.912030571608710e-01  6.969999748493321e-01  2.912030571608710e-01  2.213634609249340e-01  2.912030571608710e-01  2.125012656265752e-03  2.912030571608710e-01  9.251016979942959e-01  2.912030571608710e-01  1.932505252523022e-01  2.912030571608710e-01  1.522059421192204e-03 
 2.952030571608710e-01  1.257868575663346e+00  2.952030571608710e-01  1.413497633998026e+00  2.952030571608710e-01  6.954337458241719e-01  2.952030571608710e-01  2.215430859848933e-01  2.952030571608710e-01  2.129130835949199e-03  2.952030571608710e-01  9.266578517649050e-01  2.952030571608710e-01  1.930406324481877e-01  2.952030571608710e-01  1.517923637934895e-03 
 2.992030571608710e-01  1.256820164599692e+00  2.992030571608710e-01  1.414550589081807e+00  2.992030571608710e-01  6.938676810889557e-01  2.992030571608710e-01  2.217225719762054e-01  2.992030571608710e-01  2.133248295712767e-03  2.992030571608710e-01  9.282137105702558e-01  2.992030571608710e-01  1.928304620458793e-01  2.992030571608710e-01  1.513788332145275e-03 
 3.032030571608710e-01  1.255771939227379e+00  3.032030571608710e-01  1.415603420224271e+00  3.032030571608710e-01  6.923017843643665e-01  3.032030571608710e-01  2.219019198222799e-01  3.032030571608710e-01  2.137365026204533e-03  3.032030571608710e-01  9.297692709991580e-01  3.032030571608710e-01  1.926200129917614e-01  3.032030571608710e-01  1.509653513107644e-03 
 3.072030571608710e-01  1.254723901946778e+00  3.072030571608710e-01  1.416656125078886e+00  3.072030571608710e-01  6.907360593969348e-01  3.072030571608710e-01  2.220811304475515e-01  3.072030571608710e-01  2.141481017997447e-03  3.072030571608710e-01  9.313245296458316e-01  3.072030571608710e-01  1.924092842242077e-01  3.072030571608710e-01  1.505519190037356e-03 
 3.112030571608710e-01  1.253676055160880e+00  3.112030571608710e-01  1.417708701249058e+00  3.112030571608710e-01  6.891705099479931e-01  3.112030571608710e-01  2.222602047801621e-01  3.112030571608710e-01  2.145596261654167e-03  3.112030571608710e-01  9.328794830648943e-01  3.112030571608710e-01  1.921982746863413e-01  3.112030571608710e-01  1.501385372346331e-03 
 3.152030571608710e-01  1.252628401289094e+00  3.152030571608710e-01  1.418761146342817e+00  3.152030571608710e-01  6.876051398033215e-01  3.152030571608710e-01  2.224391437499025e-01  3.152030571608710e-01  2.149710747672834e-03  3.152030571608710e-01  9.344341278075846e-01  3.152030571608710e-01  1.919869833156454e-01  3.152030571608710e-01  1.497252069428307e-03 
 3.192030571608710e-01  1.251580942766062e+00  3.192030571608710e-01  1.419813457966830e+00  3.192030571608710e-01  6.860399527725853e-01  3.192030571608710e-01  2.226179482885063e-01  3.192030571608710e-01  2.153824466491828e-03  3.192030571608710e-01  9.359884604176559e-01  3.192030571608710e-01  1.917754090450387e-01  3.192030571608710e-01  1.493119290682396e-03 
 3.232030571608710e-01  1.250533682032338e+00  3.232030571608710e-01  1.420865633687891e+00  3.232030571608710e-01  6.844749526831985e-01  3.232030571608710e-01  2.227966193312026e-01  3.232030571608710e-01  2.157937408526277e-03  3.232030571608710e-01  9.375424774057414e-01  3.232030571608710e-01  1.915635508101693e-01  3.232030571608710e-01  1.488987045664287e-03 
 3.272030571608710e-01  1.249486621545590e+00  3.272030571608710e-01  1.421917671076973e+00  3.272030571608710e-01  6.829101433882112e-01  3.272030571608710e-01  2.229751578150769e-01  3.272030571608710e-01  2.162049564124079e-03  3.272030571608710e-01  9.390961752784690e-01  3.272030571608710e-01  1.913514075409908e-01  3.272030571608710e-01  1.484855343913219e-03 
 3.312030571608710e-01  1.248439763781657e+00  3.312030571608710e-01  1.422969567712237e+00  3.312030571608710e-01  6.813455287672882e-01  3.312030571608710e-01  2.231535646790160e-01  3.312030571608710e-01  2.166160923561808e-03  3.312030571608710e-01  9.406495505403281e-01  3.312030571608710e-01  1.911389781611205e-01  3.312030571608710e-01  1.480724194940216e-03 
 3.352030571608710e-01  1.247393111217644e+00  3.352030571608710e-01  1.424021321110179e+00  3.352030571608710e-01  6.797811127153910e-01  3.352030571608710e-01  2.233318408664436e-01  3.352030571608710e-01  2.170271477111033e-03  3.352030571608710e-01  9.422025996479418e-01  3.352030571608710e-01  1.909262616009768e-01  3.352030571608710e-01  1.476593608498465e-03 
 3.392030571608710e-01  1.246346666356953e+00  3.392030571608710e-01  1.425072928824879e+00  3.392030571608710e-01  6.782168991601474e-01  3.392030571608710e-01  2.235099873215404e-01  3.392030571608710e-01  2.174381214940087e-03  3.392030571608710e-01  9.437553190757257e-01  3.392030571608710e-01  1.907132567787417e-01  3.392030571608710e-01  1.472463594193544e-03 
 3.432030571608710e-01  1.245300431707737e+00  3.432030571608710e-01  1.426124388360544e+00  3.432030571608710e-01  6.766528920473702e-01  3.432030571608710e-01  2.236880049926995e-01  3.432030571608710e-01  2.178490127198584e-03  3.432030571608710e-01  9.453077052578422e-01  3.432030571608710e-01  1.904999626170730e-01  3.432030571608710e-01  1.468334161826852e-03 
 3.472030571608710e-01  1.244254409798432e+00  3.472030571608710e-01  1.427175697232538e+00  3.472030571608710e-01  6.750890953519353e-01  3.472030571608710e-01  2.238658948302320e-01  3.472030571608710e-01  2.182598203956535e-03  3.472030571608710e-01  9.468597546285028e-01  3.472030571608710e-01  1.902863780313558e-01  3.472030571608710e-01  1.464205321155970e-03 
 3.512030571608710e-01  1.243208603166361e+00  3.512030571608710e-01  1.428226852920691e+00  3.512030571608710e-01  6.735255130702579e-01  3.512030571608710e-01  2.240436577882456e-01  3.512030571608710e-01  2.186705435249024e-03  3.512030571608710e-01  9.484114635909692e-01  3.512030571608710e-01  1.900725019386431e-01  3.512030571608710e-01  1.460077082078064e-03 
 3.552030571608710e-01  1.242163014367875e+00  3.552030571608710e-01  1.429277852908638e+00  3.552030571608710e-01  6.719621492274791e-01  3.552030571608710e-01  2.242212948231893e-01  3.552030571608710e-01  2.190811811036396e-03  3.552030571608710e-01  9.499628285434625e-01  3.552030571608710e-01  1.898583332500337e-01  3.552030571608710e-01  1.455949454475299e-03 
 3.592030571608710e-01  1.241117645973521e+00  3.592030571608710e-01  1.430328694663380e+00  3.592030571608710e-01  6.703990078744492e-01  3.592030571608710e-01  2.243988068947207e-01  3.592030571608710e-01  2.194917321223279e-03  3.592030571608710e-01  9.515138458655295e-01  3.592030571608710e-01  1.896438708745667e-01  3.592030571608710e-01  1.451822448295132e-03 
 3.632030571608710e-01  1.240072500563282e+00  3.632030571608710e-01  1.431379375615089e+00  3.632030571608710e-01  6.688360930847280e-01  3.632030571608710e-01  2.245761949665574e-01  3.632030571608710e-01  2.199021955677195e-03  3.632030571608710e-01  9.530645119046033e-01  3.632030571608710e-01  1.894291137231095e-01  3.632030571608710e-01  1.447696073629717e-03 
 3.672030571608710e-01  1.239027580740446e+00  3.672030571608710e-01  1.432429893211244e+00  3.672030571608710e-01  6.672734089643607e-01  3.672030571608710e-01  2.247534600044575e-01  3.672030571608710e-01  2.203125704174178e-03  3.672030571608710e-01  9.546148230116622e-01  3.672030571608710e-01  1.892140606978197e-01  3.672030571608710e-01  1.443570340503160e-03 
 3.712030571608710e-01  1.237982889120099e+00  3.712030571608710e-01  1.433480244869493e+00  3.712030571608710e-01  6.657109596442825e-01  3.712030571608710e-01  2.249306029781177e-01  3.712030571608710e-01  2.207228556443905e-03  3.712030571608710e-01  9.561647755099635e-01  3.712030571608710e-01  1.889987107012424e-01  3.712030571608710e-01  1.439445259056751e-03 
 3.752030571608710e-01  1.236938428332848e+00  3.752030571608710e-01  1.434530427991334e+00  3.752030571608710e-01  6.641487492831522e-01  3.752030571608710e-01  2.251076248607223e-01  3.752030571608710e-01  2.211330502155110e-03  3.752030571608710e-01  9.577143657039884e-01  3.752030571608710e-01  1.887830626336193e-01  3.752030571608710e-01  1.435320839495154e-03 
 3.792030571608710e-01  1.235894201023058e+00  3.792030571608710e-01  1.435580439953814e+00  3.792030571608710e-01  6.625867820664474e-01  3.792030571608710e-01  2.252845266293392e-01  3.792030571608710e-01  2.215431530922473e-03  3.792030571608710e-01  9.592635898738474e-01  3.792030571608710e-01  1.885671153944776e-01  3.792030571608710e-01  1.431197092119059e-03 
 3.832030571608711e-01  1.234850209857459e+00  3.832030571608711e-01  1.436630278142543e+00  3.832030571608711e-01  6.610250622126250e-01  3.832030571608711e-01  2.254613092637258e-01  3.832030571608711e-01  2.219531632272896e-03  3.832030571608711e-01  9.608124442969491e-01  3.832030571608711e-01  1.883508678761402e-01  3.832030571608711e-01  1.427074027195522e-03 
 3.872030571608711e-01  1.233806457514973e+00  3.872030571608711e-01  1.437679939909976e+00  3.872030571608711e-01  6.594635939664828e-01  3.872030571608711e-01  2.256379737480191e-01  3.872030571608711e-01  2.223630795685324e-03  3.872030571608711e-01  9.623609252203689e-01  3.872030571608711e-01  1.881343189718282e-01  3.872030571608711e-01  1.422951655121775e-03 
 3.912030571608711e-01  1.232762946690158e+00  3.912030571608711e-01  1.438729422587793e+00  3.912030571608711e-01  6.579023816018118e-01  3.912030571608711e-01  2.258145210703400e-01  3.912030571608711e-01  2.227729010577359e-03  3.912030571608711e-01  9.639090288689105e-01  3.912030571608711e-01  1.879174675732201e-01  3.912030571608711e-01  1.418829986376642e-03 
 3.952030571608711e-01  1.231719680098803e+00  3.952030571608711e-01  1.439778723507853e+00  3.952030571608711e-01  6.563414294255246e-01  3.952030571608711e-01  2.259909522220645e-01  3.952030571608711e-01  2.231826266283164e-03  3.952030571608711e-01  9.654567514587971e-01  3.952030571608711e-01  1.877003125662948e-01  3.952030571608711e-01  1.414709031438209e-03 
 3.992030571608711e-01  1.230676660472227e+00  3.992030571608711e-01  1.440827839978194e+00  3.992030571608711e-01  6.547807417740819e-01  3.992030571608711e-01  2.261672681988361e-01  3.992030571608711e-01  2.235922552075928e-03  3.992030571608711e-01  9.670040891817395e-01  3.992030571608711e-01  1.874828528359974e-01  3.992030571608711e-01  1.410588800878095e-03 
 4.032030571608711e-01  1.229633890555547e+00  4.032030571608711e-01  1.441876769274957e+00  4.032030571608711e-01  6.532203230126223e-01  4.032030571608711e-01  2.263434700009678e-01  4.032030571608711e-01  2.240017857174711e-03  4.032030571608711e-01  9.685510381995206e-01  4.032030571608711e-01  1.872650872678116e-01  4.032030571608711e-01  1.406469305393214e-03 
 4.072030571608711e-01  1.228591373119150e+00  4.072030571608711e-01  1.442925508686374e+00  4.072030571608711e-01  6.516601775431258e-01  4.072030571608711e-01  2.265195586318205e-01  4.072030571608711e-01  2.244112170699248e-03  4.072030571608711e-01  9.700975946728324e-01  4.072030571608711e-01  1.870470147390378e-01  4.072030571608711e-01  1.402350555632922e-03 
 4.112030571608711e-01  1.227549110944555e+00  4.112030571608711e-01  1.443974055455478e+00  4.112030571608711e-01  6.501003097950836e-01  4.112030571608711e-01  2.266955351001103e-01  4.112030571608711e-01  2.248205481725581e-03  4.112030571608711e-01  9.716437547234520e-01  4.112030571608711e-01  1.868286341300640e-01  4.112030571608711e-01  1.398232562424068e-03 
 4.152030571608711e-01  1.226507106835317e+00  4.152030571608711e-01  1.445022406821886e+00  4.152030571608711e-01  6.485407242332811e-01  4.152030571608711e-01  2.268714004183836e-01  4.152030571608711e-01  2.252297779243217e-03  4.152030571608711e-01  9.731895144616299e-01  4.152030571608711e-01  1.866099443160821e-01  4.152030571608711e-01  1.394115336606960e-03 
 4.192030571608711e-01  1.225465363614165e+00  4.192030571608711e-01  1.446070560009050e+00  4.192030571608711e-01  6.469814253561857e-01  4.192030571608711e-01  2.270471556035999e-01  4.192030571608711e-01  2.256389052166379e-03  4.192030571608711e-01  9.747348699775781e-01  4.192030571608711e-01  1.863909441695567e-01  4.192030571608711e-01  1.389998889085315e-03 
 4.232030571608711e-01  1.224423884121044e+00  4.232030571608711e-01  1.447118512215126e+00  4.232030571608711e-01  6.454224176949479e-01  4.232030571608711e-01  2.272228016775766e-01  4.232030571608711e-01  2.260479289341650e-03  4.232030571608711e-01  9.762798173353516e-01  4.232030571608711e-01  1.861716325620061e-01  4.232030571608711e-01  1.385883230862170e-03 
 4.272030571608711e-01  1.223382671214948e+00  4.272030571608711e-01  1.448166260618814e+00  4.272030571608711e-01  6.438637058150031e-01  4.272030571608711e-01  2.273983396668581e-01  4.272030571608711e-01  2.264568479540781e-03  4.272030571608711e-01  9.778243525765848e-01  4.272030571608711e-01  1.859520083628152e-01  4.272030571608711e-01  1.381768373017004e-03 
 4.312030571608711e-01  1.222341727778766e+00  4.312030571608711e-01  1.449213802396958e+00  4.312030571608711e-01  6.423052943197529e-01  4.312030571608711e-01  2.275737706021327e-01  4.312030571608711e-01  2.268656611441735e-03  4.312030571608711e-01  9.793684717319114e-01  4.312030571608711e-01  1.857320704356765e-01  4.312030571608711e-01  1.377654326636521e-03 
 4.352030571608711e-01  1.221301056705420e+00  4.352030571608711e-01  1.450261134668506e+00  4.352030571608711e-01  6.407471878414378e-01  4.352030571608711e-01  2.277490955204930e-01  4.352030571608711e-01  2.272743673683022e-03  4.352030571608711e-01  9.809121707840842e-01  4.352030571608711e-01  1.855118176497522e-01  4.352030571608711e-01  1.373541103034774e-03 
 4.392030571608711e-01  1.220260660920121e+00  4.392030571608711e-01  1.451308254580663e+00  4.392030571608711e-01  6.391893910567245e-01  4.392030571608711e-01  2.279243154622078e-01  4.392030571608711e-01  2.276829654776385e-03  4.392030571608711e-01  9.824554457243743e-01  4.392030571608711e-01  1.852912488624200e-01  4.392030571608711e-01  1.369428713414868e-03 
 4.432030571608711e-01  1.219220543358820e+00  4.432030571608711e-01  1.452355159222576e+00  4.432030571608711e-01  6.376319086723475e-01  4.432030571608711e-01  2.280994314741565e-01  4.432030571608711e-01  2.280914543191343e-03  4.432030571608711e-01  9.839982924958390e-01  4.432030571608711e-01  1.850703629365011e-01  4.432030571608711e-01  1.365317169207849e-03 
 4.472030571608711e-01  1.218180706983171e+00  4.472030571608711e-01  1.453401845682615e+00  4.472030571608711e-01  6.360747454357217e-01  4.472030571608711e-01  2.282744446077185e-01  4.472030571608711e-01  2.284998327296524e-03  4.472030571608711e-01  9.855407070307712e-01  4.472030571608711e-01  1.848491587287607e-01  4.472030571608711e-01  1.361206481847822e-03 
 4.512030571608711e-01  1.217141154777527e+00  4.512030571608711e-01  1.454448311035144e+00  4.512030571608711e-01  6.345179061332636e-01  4.512030571608711e-01  2.284493559193896e-01  4.512030571608711e-01  2.289080995371349e-03  4.512030571608711e-01  9.870826852418886e-01  4.512030571608711e-01  1.846276350925062e-01  4.512030571608711e-01  1.357096662823874e-03 
 4.552030571608711e-01  1.216101889741794e+00  4.552030571608711e-01  1.455494552310759e+00  4.552030571608711e-01  6.329613955859144e-01  4.552030571608711e-01  2.286241664720363e-01  4.552030571608711e-01  2.293162535634192e-03  4.552030571608711e-01  9.886242230027348e-01  4.552030571608711e-01  1.844057908835552e-01  4.552030571608711e-01  1.352987723796909e-03 
 4.592030571608711e-01  1.215062914902866e+00  4.592030571608711e-01  1.456540566539630e+00  4.592030571608711e-01  6.314052186573463e-01  4.592030571608711e-01  2.287988773333279e-01  4.592030571608711e-01  2.297242936197437e-03  4.592030571608711e-01  9.901653161759338e-01  4.592030571608711e-01  1.841836249514727e-01  4.592030571608711e-01  1.348879676429565e-03 
 4.632030571608711e-01  1.214024233309411e+00  4.632030571608711e-01  1.457586350729476e+00  4.632030571608711e-01  6.298493802508063e-01  4.632030571608711e-01  2.289734895767003e-01  4.632030571608711e-01  2.301322185087965e-03  4.632030571608711e-01  9.917059605986527e-01  4.632030571608711e-01  1.839611361439612e-01  4.632030571608711e-01  1.344772532472576e-03 
 4.672030571608711e-01  1.212985848026136e+00  4.672030571608711e-01  1.458631901841485e+00  4.672030571608711e-01  6.282938853056105e-01  4.672030571608711e-01  2.291480042823950e-01  4.672030571608711e-01  2.305400270269616e-03  4.672030571608711e-01  9.932461520667381e-01  4.672030571608711e-01  1.837383233117272e-01  4.672030571608711e-01  1.340666303859395e-03 
 4.712030571608711e-01  1.211947762147408e+00  4.712030571608711e-01  1.459677216841954e+00  4.712030571608711e-01  6.267387388068699e-01  4.712030571608711e-01  2.293224225355772e-01  4.712030571608711e-01  2.309477179589790e-03  4.712030571608711e-01  9.947858863683612e-01  4.712030571608711e-01  1.835151852979796e-01  4.712030571608711e-01  1.336561002503399e-03 
 4.752030571608711e-01  1.210909978790990e+00  4.752030571608711e-01  1.460722292676058e+00  4.752030571608711e-01  6.251839457816415e-01  4.752030571608711e-01  2.294967454274644e-01  4.752030571608711e-01  2.313552900804026e-03  4.752030571608711e-01  9.963251592667238e-01  4.752030571608711e-01  1.832917209436960e-01  4.752030571608711e-01  1.332456640400874e-03 
 4.792030571608711e-01  1.209872501092298e+00  4.792030571608711e-01  1.461767126243886e+00  4.792030571608711e-01  6.236295112954298e-01  4.792030571608711e-01  2.296709740563727e-01  4.792030571608711e-01  2.317627421598457e-03  4.792030571608711e-01  9.978639664843216e-01  4.792030571608711e-01  1.830679290924897e-01  4.792030571608711e-01  1.328353229725184e-03 
 4.832030571608711e-01  1.208835332214118e+00  4.832030571608711e-01  1.462811714436534e+00  4.832030571608711e-01  6.220754404592773e-01  4.832030571608711e-01  2.298451095264366e-01  4.832030571608711e-01  2.321700729551771e-03  4.832030571608711e-01  9.994023037263653e-01  4.832030571608711e-01  1.828438085832253e-01  4.832030571608711e-01  1.324250782684938e-03 
 4.872030571608711e-01  1.207798475346866e+00  4.872030571608711e-01  1.463856054135365e+00  4.872030571608711e-01  6.205217384303833e-01  4.872030571608711e-01  2.300191529477617e-01  4.872030571608711e-01  2.325772812134168e-03  4.872030571608711e-01  1.000940166680169e+00  4.872030571608711e-01  1.826193582501175e-01  4.872030571608711e-01  1.320149311526975e-03 
 4.912030571608711e-01  1.206761933696183e+00  4.912030571608711e-01  1.464900142162018e+00  4.912030571608711e-01  6.189684104040892e-01  4.912030571608711e-01  2.301931054384810e-01  4.912030571608711e-01  2.329843656756007e-03  4.912030571608711e-01  1.002477550982437e+00  4.912030571608711e-01  1.823945769329469e-01  4.912030571608711e-01  1.316048828732646e-03 
 4.952030571608712e-01  1.205725710503181e+00  4.952030571608712e-01  1.465943975355391e+00  4.952030571608712e-01  6.174154616281777e-01  4.952030571608712e-01  2.303669681219026e-01  4.952030571608712e-01  2.333913250688368e-03  4.952030571608712e-01  1.004014452269317e+00  4.952030571608712e-01  1.821694634612471e-01  4.952030571608712e-01  1.311949346715505e-03 
 4.992030571608712e-01  1.204689809024505e+00  4.992030571608712e-01  1.466987550492272e+00  4.992030571608712e-01  6.158628973897190e-01  4.992030571608712e-01  2.305407421297088e-01  4.992030571608712e-01  2.337981581141322e-03  4.992030571608712e-01  1.005550866124561e+00  4.992030571608712e-01  1.819440166705710e-01  4.992030571608712e-01  1.307850878132987e-03 
 5.032030571608711e-01  1.203654232552124e+00  5.032030571608711e-01  1.468030864362405e+00  5.032030571608711e-01  6.143107230290702e-01  5.032030571608711e-01  2.307144285991783e-01  5.032030571608711e-01  2.342048635186209e-03  5.032030571608711e-01  1.007086788128286e+00  5.032030571608711e-01  1.817182353870185e-01  5.032030571608711e-01  1.303753435591642e-03 
 5.072030571608711e-01  1.202618984395797e+00  5.072030571608711e-01  1.469073913698578e+00  5.072030571608711e-01  6.127589439283981e-01  5.072030571608711e-01  2.308880286760294e-01  5.072030571608711e-01  2.346114399824500e-03  5.072030571608711e-01  1.008622213811333e+00  5.072030571608711e-01  1.814921184416123e-01  5.072030571608711e-01  1.299657031921654e-03 
 5.112030571608711e-01  1.201584067894241e+00  5.112030571608711e-01  1.470116695218149e+00  5.112030571608711e-01  6.112075655197885e-01  5.112030571608711e-01  2.310615435129457e-01  5.112030571608711e-01  2.350178861943927e-03  5.112030571608711e-01  1.010157138682189e+00  5.112030571608711e-01  1.812656646617171e-01  5.112030571608711e-01  1.295561680013779e-03 
 5.152030571608711e-01  1.200549486415807e+00  5.152030571608711e-01  1.471159205623548e+00  5.152030571608711e-01  6.096565932862346e-01  5.152030571608711e-01  2.312349742696897e-01  5.152030571608711e-01  2.354242008315871e-03  5.152030571608711e-01  1.011691558227146e+00  5.152030571608711e-01  1.810388728708875e-01  5.152030571608711e-01  1.291467392817380e-03 
 5.192030571608711e-01  1.199515243349977e+00  5.192030571608711e-01  1.472201441567669e+00  5.192030571608711e-01  6.081060327563281e-01  5.192030571608711e-01  2.314083221145915e-01  5.192030571608711e-01  2.358303825628706e-03  5.192030571608711e-01  1.013225467887716e+00  5.192030571608711e-01  1.808117418960295e-01  5.192030571608711e-01  1.287374183476323e-03 
 5.232030571608711e-01  1.198481342124440e+00  5.232030571608711e-01  1.473243399717709e+00  5.232030571608711e-01  6.065558895164542e-01  5.232030571608711e-01  2.315815882222048e-01  5.232030571608711e-01  2.362364300420735e-03  5.232030571608711e-01  1.014758863101944e+00  5.232030571608711e-01  1.805842705540962e-01  5.232030571608711e-01  1.283282065078264e-03 
 5.272030571608711e-01  1.197447786180737e+00  5.272030571608711e-01  1.474285076659278e+00  5.272030571608711e-01  6.050061691946890e-01  5.272030571608711e-01  2.317547737771850e-01  5.272030571608711e-01  2.366423419175909e-03  5.272030571608711e-01  1.016291739242038e+00  5.272030571608711e-01  1.803564576720340e-01  5.272030571608711e-01  1.279191051031280e-03 
 5.312030571608711e-01  1.196414579002434e+00  5.312030571608711e-01  1.475326469002992e+00  5.312030571608711e-01  6.034568774805871e-01  5.312030571608711e-01  2.319278799702856e-01  5.312030571608711e-01  2.370481168213069e-03  5.312030571608711e-01  1.017824091683417e+00  5.312030571608711e-01  1.801283020645325e-01  5.312030571608711e-01  1.275101154645158e-03 
 5.352030571608711e-01  1.195381724094414e+00  5.352030571608711e-01  1.476367573302604e+00  5.352030571608711e-01  6.019080201115881e-01  5.352030571608711e-01  2.321009080016979e-01  5.352030571608711e-01  2.374537533767403e-03  5.352030571608711e-01  1.019355915751459e+00  5.352030571608711e-01  1.798998025510826e-01  5.352030571608711e-01  1.271012389453017e-03 
 5.392030571608711e-01  1.194349224989526e+00  5.392030571608711e-01  1.477408386078666e+00  5.392030571608711e-01  6.003596028781266e-01  5.392030571608711e-01  2.322738590802816e-01  5.392030571608711e-01  2.378592501964221e-03  5.392030571608711e-01  1.020887206736739e+00  5.392030571608711e-01  1.796709579510348e-01  5.392030571608711e-01  1.266924769118314e-03 
 5.432030571608711e-01  1.193317085253124e+00  5.432030571608711e-01  1.478448903833727e+00  5.432030571608711e-01  5.988116316272972e-01  5.432030571608711e-01  2.324467344231264e-01  5.432030571608711e-01  2.382646058801189e-03  5.432030571608711e-01  1.022417959904749e+00  5.432030571608711e-01  1.794417670803829e-01  5.432030571608711e-01  1.262838307375160e-03 
 5.472030571608711e-01  1.192285308483778e+00  5.472030571608711e-01  1.479489123052981e+00  5.472030571608711e-01  5.972641122639268e-01  5.472030571608711e-01  2.326195352556878e-01  5.472030571608711e-01  2.386698190145524e-03  5.472030571608711e-01  1.023948170496159e+00  5.472030571608711e-01  1.792122287515884e-01  5.472030571608711e-01  1.258753018025841e-03 
 5.512030571608711e-01  1.191253898307444e+00  5.512030571608711e-01  1.480529040179746e+00  5.512030571608711e-01  5.957170507471871e-01  5.512030571608711e-01  2.327922628129021e-01  5.512030571608711e-01  2.390748881756860e-03  5.512030571608711e-01  1.025477833710828e+00  5.512030571608711e-01  1.789823417787169e-01  5.512030571608711e-01  1.254668915037015e-03 
 5.552030571608711e-01  1.190222858380761e+00  5.552030571608711e-01  1.481568651625844e+00  5.552030571608711e-01  5.941704530934541e-01  5.552030571608711e-01  2.329649183389481e-01  5.552030571608711e-01  2.394798119274406e-03  5.552030571608711e-01  1.027006944714391e+00  5.552030571608711e-01  1.787521049752487e-01  5.552030571608711e-01  1.250586012499043e-03 
 5.592030571608712e-01  1.189192192390147e+00  5.592030571608712e-01  1.482607953766016e+00  5.592030571608712e-01  5.926243253763067e-01  5.592030571608712e-01  2.331375030876296e-01  5.592030571608712e-01  2.398845888220357e-03  5.592030571608712e-01  1.028535498634529e+00  5.592030571608712e-01  1.785215171552452e-01  5.592030571608712e-01  1.246504324647852e-03 
 5.632030571608712e-01  1.188161904059229e+00  5.632030571608712e-01  1.483646942964066e+00  5.632030571608712e-01  5.910786737322132e-01  5.632030571608712e-01  2.333100183215296e-01  5.632030571608712e-01  2.402892173970781e-03  5.632030571608712e-01  1.030063490577719e+00  5.632030571608712e-01  1.782905771277848e-01  5.632030571608712e-01  1.242423865762307e-03 
 5.672030571608712e-01  1.187131997140969e+00  5.672030571608712e-01  1.484685615540356e+00  5.672030571608712e-01  5.895335043558121e-01  5.672030571608712e-01  2.334824653134461e-01  5.672030571608712e-01  2.406936961786521e-03  5.672030571608712e-01  1.031590915608106e+00  5.672030571608712e-01  1.780592837038295e-01  5.672030571608712e-01  1.238344650291795e-03 
 5.712030571608712e-01  1.186102475421422e+00  5.712030571608712e-01  1.485723967783965e+00  5.712030571608712e-01  5.879888235031160e-01  5.712030571608712e-01  2.336548453461028e-01  5.712030571608712e-01  2.410980236798519e-03  5.712030571608712e-01  1.033117768755227e+00  5.712030571608712e-01  1.778276356936459e-01  5.712030571608712e-01  1.234266692808619e-03 
 5.752030571608712e-01  1.185073342720250e+00  5.752030571608712e-01  1.486761995952233e+00  5.752030571608712e-01  5.864446374925317e-01  5.752030571608712e-01  2.338271597123394e-01  5.752030571608712e-01  2.415021984005652e-03  5.752030571608712e-01  1.034644045013585e+00  5.752030571608712e-01  1.775956319068756e-01  5.752030571608712e-01  1.230190008009613e-03 
 5.792030571608712e-01  1.184044602892784e+00  5.792030571608712e-01  1.487799696276189e+00  5.792030571608712e-01  5.849009527069293e-01  5.792030571608712e-01  2.339994097150865e-01  5.792030571608712e-01  2.419062188266762e-03  5.792030571608712e-01  1.036169739346009e+00  5.792030571608712e-01  1.773632711513641e-01  5.792030571608712e-01  1.226114610694957e-03 
 5.832030571608712e-01  1.183016259824136e+00  5.832030571608712e-01  1.488837064935838e+00  5.832030571608712e-01  5.833577755903345e-01  5.832030571608712e-01  2.341715966685221e-01  5.832030571608712e-01  2.423100834323741e-03  5.832030571608712e-01  1.037694846667612e+00  5.832030571608712e-01  1.771305522384399e-01  5.832030571608712e-01  1.222040515865144e-03 
 5.872030571608712e-01  1.181988317442734e+00  5.872030571608712e-01  1.489874098108995e+00  5.872030571608712e-01  5.818151126578309e-01  5.872030571608712e-01  2.343437218963439e-01  5.872030571608712e-01  2.427137906748320e-03  5.872030571608712e-01  1.039219361877095e+00  5.872030571608712e-01  1.768974739724285e-01  5.872030571608712e-01  1.217967738529260e-03 
 5.912030571608712e-01  1.180960779703780e+00  5.912030571608712e-01  1.490910791905996e+00  5.912030571608712e-01  5.802729704850167e-01  5.912030571608712e-01  2.345157867345234e-01  5.912030571608712e-01  2.431173390007096e-03  5.912030571608712e-01  1.040743279814583e+00  5.912030571608712e-01  1.766640351646581e-01  5.912030571608712e-01  1.213896293961332e-03 
 5.952030571608712e-01  1.179933650604884e+00  5.952030571608712e-01  1.491947142426547e+00  5.952030571608712e-01  5.787313557193772e-01  5.952030571608712e-01  2.346877925292786e-01  5.952030571608712e-01  2.435207268400149e-03  5.952030571608712e-01  1.042266595298088e+00  5.952030571608712e-01  1.764302346212334e-01  5.952030571608712e-01  1.209826197477128e-03 
 5.992030571608712e-01  1.178906934176858e+00  5.992030571608712e-01  1.492983145722181e+00  5.992030571608712e-01  5.771902750747517e-01  5.992030571608712e-01  2.348597406387430e-01  5.992030571608712e-01  2.439239526097107e-03  5.992030571608712e-01  1.043789303099212e+00  5.992030571608712e-01  1.761960711511069e-01  5.992030571608712e-01  1.205757464581545e-03 
 6.032030571608712e-01  1.177880634488994e+00  6.032030571608712e-01  1.494018797813668e+00  6.032030571608712e-01  5.756497353356852e-01  6.032030571608712e-01  2.350316324324921e-01  6.032030571608712e-01  2.443270147116535e-03  6.032030571608712e-01  1.045311397954221e+00  6.032030571608712e-01  1.759615435623221e-01  6.032030571608712e-01  1.201690110900295e-03 
 6.072030571608712e-01  1.176854755646446e+00  6.072030571608712e-01  1.495054094678423e+00  6.072030571608712e-01  5.741097433564137e-01  6.072030571608712e-01  2.352034692922433e-01  6.072030571608712e-01  2.447299115336091e-03  6.072030571608712e-01  1.046832874555817e+00  6.072030571608712e-01  1.757266506647319e-01  6.072030571608712e-01  1.197624152229257e-03 
 6.112030571608712e-01  1.175829301797318e+00  6.112030571608712e-01  1.496089032274617e+00  6.112030571608712e-01  5.725703060664671e-01  6.112030571608712e-01  2.353752526111252e-01  6.112030571608712e-01  2.451326414464814e-03  6.112030571608712e-01  1.048353727568480e+00  6.112030571608712e-01  1.754913912647594e-01  6.112030571608712e-01  1.193559604439903e-03 
 6.152030571608712e-01  1.174804277125766e+00  6.152030571608712e-01  1.497123606512345e+00  6.152030571608712e-01  5.710314304667771e-01  6.152030571608712e-01  2.355469837950244e-01  6.152030571608712e-01  2.455352028070113e-03  6.152030571608712e-01  1.049873951609821e+00  6.152030571608712e-01  1.752557641716497e-01  6.152030571608712e-01  1.189496483592451e-03 
 6.192030571608712e-01  1.173779685854170e+00  6.192030571608712e-01  1.498157813259063e+00  6.192030571608712e-01  5.694931236319641e-01  6.192030571608712e-01  2.357186642625955e-01  6.192030571608712e-01  2.459375939569305e-03  6.192030571608712e-01  1.051393541253965e+00  6.192030571608712e-01  1.750197681963036e-01  6.192030571608712e-01  1.185434805914540e-03 
 6.232030571608712e-01  1.172755532243505e+00  6.232030571608712e-01  1.499191648338265e+00  6.232030571608712e-01  5.679553927114165e-01  6.232030571608712e-01  2.358902954455404e-01  6.232030571608712e-01  2.463398132228118e-03  6.232030571608712e-01  1.052912491030570e+00  6.232030571608712e-01  1.747834021515762e-01  6.232030571608712e-01  1.181374587806414e-03 
 6.272030571608712e-01  1.171731820604728e+00  6.272030571608712e-01  1.500225107569310e+00  6.272030571608712e-01  5.664182449378868e-01  6.272030571608712e-01  2.360618787872669e-01  6.272030571608712e-01  2.467418589115969e-03  6.272030571608712e-01  1.054430795450162e+00  6.272030571608712e-01  1.745466648435411e-01  6.272030571608712e-01  1.177315845684534e-03 
 6.312030571608712e-01  1.170708555279210e+00  6.312030571608712e-01  1.501258186690999e+00  6.312030571608712e-01  5.648816876150327e-01  6.312030571608712e-01  2.362334157461352e-01  6.312030571608712e-01  2.471437293182860e-03  6.312030571608712e-01  1.055948448955119e+00  6.312030571608712e-01  1.743095550882398e-01  6.312030571608712e-01  1.173258596281657e-03 
 6.352030571608712e-01  1.169685740653680e+00  6.352030571608712e-01  1.502290881414794e+00  6.352030571608712e-01  5.633457281284606e-01  6.352030571608712e-01  2.364049077935995e-01  6.352030571608712e-01  2.475454227200658e-03  6.352030571608712e-01  1.057465445953586e+00  6.352030571608712e-01  1.740720717000411e-01  6.352030571608712e-01  1.169202856437928e-03 
 6.392030571608712e-01  1.168663381163360e+00  6.392030571608712e-01  1.503323187433534e+00  6.392030571608712e-01  5.618103739487530e-01  6.392030571608712e-01  2.365763564141073e-01  6.392030571608712e-01  2.479469373750742e-03  6.392030571608712e-01  1.058981780824881e+00  6.392030571608712e-01  1.738342134896827e-01  6.392030571608712e-01  1.165148643066531e-03 
 6.432030571608712e-01  1.167641481281187e+00  6.432030571608712e-01  1.504355100377947e+00  6.432030571608712e-01  5.602756326250422e-01  6.432030571608712e-01  2.367477631070643e-01  6.432030571608712e-01  2.483482715266427e-03  6.432030571608712e-01  1.060497447891592e+00  6.432030571608712e-01  1.735959792738722e-01  6.432030571608712e-01  1.161095973324572e-03 
 6.472030571608712e-01  1.166620045520686e+00  6.472030571608712e-01  1.505386615824408e+00  6.472030571608712e-01  5.587415117878950e-01  6.472030571608712e-01  2.369191293867797e-01  6.472030571608712e-01  2.487494234021563e-03  6.472030571608712e-01  1.062012441424426e+00  6.472030571608712e-01  1.733573678736180e-01  6.472030571608712e-01  1.157044864582581e-03 
 6.512030571608712e-01  1.165599078447798e+00  6.512030571608712e-01  1.506417729336000e+00  6.512030571608712e-01  5.572080191583053e-01  6.512030571608712e-01  2.370904567811056e-01  6.512030571608712e-01  2.491503912084211e-03  6.512030571608712e-01  1.063526755668244e+00  6.512030571608712e-01  1.731183781051305e-01  6.512030571608712e-01  1.152995334263211e-03 
 6.552030571608712e-01  1.164578584670989e+00  6.552030571608712e-01  1.507448436422331e+00  6.552030571608712e-01  5.556751625419146e-01  6.552030571608712e-01  2.372617468332842e-01  6.552030571608712e-01  2.495511731355351e-03  6.552030571608712e-01  1.065040384816303e+00  6.552030571608712e-01  1.728790087887319e-01  6.552030571608712e-01  1.148947399999122e-03 
 6.592030571608712e-01  1.163558568840386e+00  6.592030571608712e-01  1.508478732533066e+00  6.592030571608712e-01  5.541429498294315e-01  6.592030571608712e-01  2.374330011024745e-01  6.592030571608712e-01  2.499517673572414e-03  6.592030571608712e-01  1.066553323006031e+00  6.592030571608712e-01  1.726392587503376e-01  6.592030571608712e-01  1.144901079658321e-03 
 6.632030571608712e-01  1.162539035657574e+00  6.632030571608712e-01  1.509508613091231e+00  6.632030571608712e-01  5.526113890042703e-01  6.632030571608712e-01  2.376042211627073e-01  6.632030571608712e-01  2.503521720270694e-03  6.632030571608712e-01  1.068065564340092e+00  6.632030571608712e-01  1.723991268140553e-01  6.632030571608712e-01  1.140856391213420e-03 
 6.672030571608712e-01  1.161519989873919e+00  6.672030571608712e-01  1.510538073483572e+00  6.672030571608712e-01  5.510804881424406e-01  6.672030571608712e-01  2.377754086035461e-01  6.672030571608712e-01  2.507523852790003e-03  6.672030571608712e-01  1.069577102880094e+00  6.672030571608712e-01  1.721586118043218e-01  6.672030571608712e-01  1.136813352779436e-03 
 6.712030571608713e-01  1.160501436281293e+00  6.712030571608713e-01  1.511567109022586e+00  6.712030571608713e-01  5.495502554072849e-01  6.712030571608713e-01  2.379465650318729e-01  6.712030571608713e-01  2.511524052311060e-03  6.712030571608713e-01  1.071087932622342e+00  6.712030571608713e-01  1.719177125544473e-01  6.712030571608713e-01  1.132771982762974e-03 
 6.752030571608713e-01  1.159483379726543e+00  6.752030571608713e-01  1.512595714996972e+00  6.752030571608713e-01  5.480206990603631e-01  6.752030571608713e-01  2.381176920701814e-01  6.752030571608713e-01  2.515522299798670e-03  6.752030571608713e-01  1.072598047529771e+00  6.752030571608713e-01  1.716764278953326e-01  6.752030571608713e-01  1.128732299664049e-03 
 6.792030571608713e-01  1.158465825104300e+00  6.792030571608713e-01  1.513623886641343e+00  6.792030571608713e-01  5.464918274576526e-01  6.792030571608713e-01  2.382887913580730e-01  6.792030571608713e-01  2.519518576029993e-03  6.792030571608713e-01  1.074107441512560e+00  6.792030571608713e-01  1.714347566622810e-01  6.792030571608713e-01  1.124694322195025e-03 
 6.832030571608713e-01  1.157448777358699e+00  6.832030571608713e-01  1.514651619139062e+00  6.832030571608713e-01  5.449636490518197e-01  6.832030571608713e-01  2.384598645524442e-01  6.832030571608713e-01  2.523512861587758e-03  6.832030571608713e-01  1.075616108429822e+00  6.832030571608713e-01  1.711926976944044e-01  6.832030571608713e-01  1.120658069269534e-03 
 6.872030571608713e-01  1.156432241484549e+00  6.872030571608713e-01  1.515678907622987e+00  6.872030571608713e-01  5.434361723941361e-01  6.872030571608713e-01  2.386309133277661e-01  6.872030571608713e-01  2.527505136855683e-03  6.872030571608713e-01  1.077124042089953e+00  6.872030571608713e-01  1.709502498344898e-01  6.872030571608713e-01  1.116623559999490e-03 
 6.912030571608713e-01  1.155416222534088e+00  6.912030571608713e-01  1.516705747196750e+00  6.912030571608713e-01  5.419094061402021e-01  6.912030571608713e-01  2.388019393755502e-01  6.912030571608713e-01  2.531495381991966e-03  6.912030571608713e-01  1.078631236263964e+00  6.912030571608713e-01  1.707074119241989e-01  6.912030571608713e-01  1.112590813611537e-03 
 6.952030571608713e-01  1.154400725605200e+00  6.952030571608713e-01  1.517732132887479e+00  6.952030571608713e-01  5.403833590431256e-01  6.952030571608713e-01  2.389729444065486e-01  6.952030571608713e-01  2.535483576975498e-03  6.952030571608713e-01  1.080137684655433e+00  6.952030571608713e-01  1.704641828148292e-01  6.952030571608713e-01  1.108559849632754e-03 
 6.992030571608713e-01  1.153385755853770e+00  6.992030571608713e-01  1.518758059687649e+00  6.992030571608713e-01  5.388580399630974e-01  6.992030571608713e-01  2.391439301494145e-01  6.992030571608713e-01  2.539469701557400e-03  6.992030571608713e-01  1.081643380926865e+00  6.992030571608713e-01  1.702205613578576e-01  6.992030571608713e-01  1.104530687726252e-03 
 7.032030571608713e-01  1.152371318488397e+00  7.032030571608713e-01  1.519783522531725e+00  7.032030571608713e-01  5.373334578650101e-01  7.032030571608713e-01  2.393148983519653e-01  7.032030571608713e-01  2.543453735281780e-03  7.032030571608713e-01  1.083148318684792e+00  7.032030571608713e-01  1.699765464102879e-01  7.032030571608713e-01  1.100503347782921e-03 
 7.072030571608713e-01  1.151357418775443e+00  7.072030571608713e-01  1.520808516310795e+00  7.072030571608713e-01  5.358096218231215e-01  7.072030571608713e-01  2.394858507809341e-01  7.072030571608713e-01  2.547435657465864e-03  7.072030571608713e-01  1.084652491488892e+00  7.072030571608713e-01  1.697321368313549e-01  7.072030571608713e-01  1.096477849863988e-03 
 7.112030571608713e-01  1.150344062033725e+00  7.112030571608713e-01  1.521833035849158e+00  7.112030571608713e-01  5.342865410187225e-01  7.112030571608713e-01  2.396567892232548e-01  7.112030571608713e-01  2.551415447220881e-03  7.112030571608713e-01  1.086155892837091e+00  7.112030571608713e-01  1.694873314879280e-01  7.112030571608713e-01  1.092454214292912e-03 
 7.152030571608713e-01  1.149331253640392e+00  7.152030571608713e-01  1.522857075921804e+00  7.152030571608713e-01  5.327642247454074e-01  7.152030571608713e-01  2.398277154857128e-01  7.152030571608713e-01  2.555393083428995e-03  7.152030571608713e-01  1.087658516176481e+00  7.152030571608713e-01  1.692421292505689e-01  7.152030571608713e-01  1.088432461586758e-03 
 7.192030571608713e-01  1.148318999033858e+00  7.192030571608713e-01  1.523880631261121e+00  7.192030571608713e-01  5.312426824123653e-01  7.192030571608713e-01  2.399986313950351e-01  7.192030571608713e-01  2.559368544731741e-03  7.192030571608713e-01  1.089160354907409e+00  7.192030571608713e-01  1.689965289920250e-01  7.192030571608713e-01  1.084412612429889e-03 
 7.232030571608713e-01  1.147307303705964e+00  7.232030571608713e-01  1.524903696523978e+00  7.232030571608713e-01  5.297219235404163e-01  7.232030571608713e-01  2.401695387995756e-01  7.232030571608713e-01  2.563341809560803e-03  7.232030571608713e-01  1.090661402362631e+00  7.232030571608713e-01  1.687505295948698e-01  7.232030571608713e-01  1.080394687803194e-03 
 7.272030571608713e-01  1.146296173212487e+00  7.272030571608713e-01  1.525926266325989e+00  7.272030571608713e-01  5.282019577704904e-01  7.272030571608713e-01  2.403404395683150e-01  7.272030571608713e-01  2.567312856096795e-03  7.272030571608713e-01  1.092161651828772e+00  7.272030571608713e-01  1.685041299436647e-01  7.272030571608713e-01  1.076378708849515e-03 
 7.312030571608713e-01  1.145285613169980e+00  7.312030571608713e-01  1.526948335225601e+00  7.312030571608713e-01  5.266827948628742e-01  7.312030571608713e-01  2.405113355918799e-01  7.312030571608713e-01  2.571281662281674e-03  7.312030571608713e-01  1.093661096536172e+00  7.312030571608713e-01  1.682573289286862e-01  7.312030571608713e-01  1.072364696936227e-03 
 7.352030571608713e-01  1.144275629253390e+00  7.352030571608713e-01  1.527969897711086e+00  7.352030571608713e-01  5.251644446970307e-01  7.352030571608713e-01  2.406822287834517e-01  7.352030571608713e-01  2.575248205827998e-03  7.352030571608713e-01  1.095159729650637e+00  7.352030571608713e-01  1.680101254490156e-01  7.352030571608713e-01  1.068352673706208e-03 
 7.392030571608713e-01  1.143266227201475e+00  7.392030571608713e-01  1.528990948215845e+00  7.392030571608713e-01  5.236469172766919e-01  7.392030571608713e-01  2.408531210785500e-01  7.392030571608713e-01  2.579212464197765e-03  7.392030571608713e-01  1.096657544282923e+00  7.392030571608713e-01  1.677625184090696e-01  7.392030571608713e-01  1.064342661017797e-03 
 7.432030571608713e-01  1.142257412822359e+00  7.432030571608713e-01  1.530011481134158e+00  7.432030571608713e-01  5.221302227351080e-01  7.432030571608713e-01  2.410240144348001e-01  7.432030571608713e-01  2.583174414580539e-03  7.432030571608713e-01  1.098154533498486e+00  7.432030571608713e-01  1.675145067149767e-01  7.432030571608713e-01  1.060334680882978e-03 
 7.472030571608713e-01  1.141249191978119e+00  7.472030571608713e-01  1.531031490760384e+00  7.472030571608713e-01  5.206143713261228e-01  7.472030571608713e-01  2.411949108347913e-01  7.472030571608713e-01  2.587134033953963e-03  7.472030571608713e-01  1.099650690279283e+00  7.472030571608713e-01  1.672660892888566e-01  7.472030571608713e-01  1.056328755706024e-03 
 7.512030571608713e-01  1.140241570605634e+00  7.512030571608713e-01  1.532050971360386e+00  7.512030571608713e-01  5.190993734397996e-01  7.512030571608713e-01  2.413658122836274e-01  7.512030571608713e-01  2.591091299001999e-03  7.512030571608713e-01  1.101146007568412e+00  7.512030571608713e-01  1.670172650522196e-01  7.512030571608713e-01  1.052324908003187e-03 
 7.552030571608713e-01  1.139234554704324e+00  7.552030571608713e-01  1.533069917121995e+00  7.552030571608713e-01  5.175852395957011e-01  7.552030571608713e-01  2.415367208113383e-01  7.552030571608713e-01  2.595046186162849e-03  7.552030571608713e-01  1.102640478238982e+00  7.552030571608713e-01  1.667680329376270e-01  7.552030571608713e-01  1.048323160597053e-03 
 7.592030571608713e-01  1.138228150343943e+00  7.592030571608713e-01  1.534088322178576e+00  7.592030571608713e-01  5.160719804497487e-01  7.592030571608713e-01  2.417076384723749e-01  7.592030571608713e-01  2.598998671598612e-03  7.592030571608713e-01  1.104134095108754e+00  7.592030571608713e-01  1.665183918832611e-01  7.592030571608713e-01  1.044323536524118e-03 
 7.632030571608713e-01  1.137222363659788e+00  7.632030571608713e-01  1.535106180586793e+00  7.632030571608713e-01  5.145596067926188e-01  7.632030571608713e-01  2.418785673469473e-01  7.632030571608713e-01  2.602948731213905e-03  7.632030571608713e-01  1.105626850926157e+00  7.632030571608713e-01  1.662683408382554e-01  7.632030571608713e-01  1.040326059122065e-03 
 7.672030571608713e-01  1.136217200860203e+00  7.672030571608713e-01  1.536123486348849e+00  7.672030571608713e-01  5.130481295564547e-01  7.672030571608713e-01  2.420495095405837e-01  7.672030571608713e-01  2.606896340626508e-03  7.672030571608713e-01  1.107118738384071e+00  7.672030571608713e-01  1.660178787575437e-01  7.672030571608713e-01  1.036330751942372e-03 
 7.712030571608713e-01  1.135212668222770e+00  7.712030571608713e-01  1.537140233393618e+00  7.712030571608713e-01  5.115375598140027e-01  7.712030571608713e-01  2.422204671853508e-01  7.712030571608713e-01  2.610841475182262e-03  7.712030571608713e-01  1.108609750107971e+00  7.712030571608713e-01  1.657670046064260e-01  7.712030571608713e-01  1.032337638824527e-03 
 7.752030571608713e-01  1.134208772098900e+00  7.752030571608713e-01  1.538156415588165e+00  7.752030571608713e-01  5.100279087834182e-01  7.752030571608713e-01  2.423914424398630e-01  7.752030571608713e-01  2.614784109937041e-03  7.752030571608713e-01  1.110099878662996e+00  7.752030571608713e-01  1.655157173579421e-01  7.752030571608713e-01  1.028346743850693e-03 
 7.792030571608713e-01  1.133205518911973e+00  7.792030571608713e-01  1.539172026725772e+00  7.792030571608713e-01  5.085191878287825e-01  7.792030571608713e-01  2.425624374902454e-01  7.792030571608713e-01  2.618724219664118e-03  7.792030571608713e-01  1.111589116546429e+00  7.792030571608713e-01  1.652640159958315e-01  7.792030571608713e-01  1.024358091392799e-03 
 7.832030571608714e-01  1.132202915157674e+00  7.832030571608714e-01  1.540187060521963e+00  7.832030571608714e-01  5.070114084621112e-01  7.832030571608714e-01  2.427334545507887e-01  7.832030571608714e-01  2.622661778852761e-03  7.832030571608714e-01  1.113077456185134e+00  7.832030571608714e-01  1.650118995156103e-01  7.832030571608714e-01  1.020371706128054e-03 
 7.872030571608714e-01  1.131200967414719e+00  7.872030571608714e-01  1.541201510647645e+00  7.872030571608714e-01  5.055045823524191e-01  7.872030571608714e-01  2.429044958630941e-01  7.872030571608714e-01  2.626596761666153e-03  7.872030571608714e-01  1.114564889956062e+00  7.872030571608714e-01  1.647593669167637e-01  7.872030571608714e-01  1.016387612908889e-03 
 7.912030571608714e-01  1.130199682331254e+00  7.912030571608714e-01  1.542215370674878e+00  7.912030571608714e-01  5.039987213184178e-01  7.912030571608714e-01  2.430755636987992e-01  7.912030571608714e-01  2.630529141994827e-03  7.912030571608714e-01  1.116051410152499e+00  7.912030571608714e-01  1.645064172158492e-01  7.912030571608714e-01  1.012405836975922e-03 
 7.952030571608714e-01  1.129199066637300e+00  7.952030571608714e-01  1.543228634115946e+00  7.952030571608714e-01  5.024938373387923e-01  7.952030571608714e-01  2.432466603584955e-01  7.952030571608714e-01  2.634458893407710e-03  7.952030571608714e-01  1.117537009008239e+00  7.952030571608714e-01  1.642530494372774e-01  7.952030571608714e-01  1.008426403804477e-03 
 7.992030571608714e-01  1.128199127142516e+00  7.992030571608714e-01  1.544241294409719e+00  7.992030571608714e-01  5.009899425526372e-01  7.992030571608714e-01  2.434177881728188e-01  7.992030571608714e-01  2.638385989161034e-03  7.992030571608714e-01  1.119021678689053e+00  7.992030571608714e-01  1.639992626167094e-01  7.992030571608714e-01  1.004449339158150e-03 
 8.032030571608714e-01  1.127199870736453e+00  8.032030571608714e-01  1.545253344916909e+00  8.032030571608714e-01  4.994870492615974e-01  8.032030571608714e-01  2.435889495031788e-01  8.032030571608714e-01  2.642310402197221e-03  8.032030571608714e-01  1.120505411289676e+00  8.032030571608714e-01  1.637450558023494e-01  8.032030571608714e-01  1.000474669107469e-03 
 8.072030571608714e-01  1.126201304389038e+00  8.072030571608714e-01  1.546264778915987e+00  8.072030571608714e-01  4.979851699322121e-01  8.072030571608714e-01  2.437601467424788e-01  8.072030571608714e-01  2.646232105143061e-03  8.072030571608714e-01  1.121988198831242e+00  8.072030571608714e-01  1.634904280560956e-01  8.072030571608714e-01  9.965024200459395e-04 
 8.112030571608714e-01  1.125203435154131e+00  8.112030571608714e-01  1.547275589610055e+00  8.112030571608714e-01  4.964843172003540e-01  8.112030571608714e-01  2.439313823153914e-01  8.112030571608714e-01  2.650151070295667e-03  8.112030571608714e-01  1.123470033265464e+00  8.112030571608714e-01  1.632353784520323e-01  8.112030571608714e-01  9.925326186629735e-04 
 8.152030571608714e-01  1.124206270174716e+00  8.152030571608714e-01  1.548285770139342e+00  8.152030571608714e-01  4.949845038768090e-01  8.152030571608714e-01  2.441026586784148e-01  8.152030571608714e-01  2.654067269602171e-03  8.152030571608714e-01  1.124950906482290e+00  8.152030571608714e-01  1.629799060735421e-01  8.152030571608714e-01  9.885652918949401e-04 
 8.192030571608714e-01  1.123209816674851e+00  8.192030571608714e-01  1.549295313546410e+00  8.192030571608714e-01  4.934857429440022e-01  8.192030571608714e-01  2.442739783218822e-01  8.192030571608714e-01  2.657980674691299e-03  8.192030571608714e-01  1.126430810288369e+00  8.192030571608714e-01  1.627240100219332e-01  8.192030571608714e-01  9.846004670616784e-04 
 8.232030571608714e-01  1.122214081964960e+00  8.232030571608714e-01  1.550304212789043e+00  8.232030571608714e-01  4.919880475617207e-01  8.232030571608714e-01  2.444453437700312e-01  8.232030571608714e-01  2.661891256852577e-03  8.232030571608714e-01  1.127909736414993e+00  8.232030571608714e-01  1.624676894135121e-01  8.232030571608714e-01  9.806381718160137e-04 
 8.272030571608714e-01  1.121219073452863e+00  8.272030571608714e-01  1.551312460772915e+00  8.272030571608714e-01  4.904914310767337e-01  8.272030571608714e-01  2.446167575802452e-01  8.272030571608714e-01  2.665798986993035e-03  8.272030571608714e-01  1.129387676538139e+00  8.272030571608714e-01  1.622109433717346e-01  8.272030571608714e-01  9.766784340153464e-04 
 8.312030571608714e-01  1.120224798623699e+00  8.312030571608714e-01  1.552320050274272e+00  8.312030571608714e-01  4.889959070115746e-01  8.312030571608714e-01  2.447882223468738e-01  8.312030571608714e-01  2.669703835715999e-03  8.312030571608714e-01  1.130864622230876e+00  8.312030571608714e-01  1.619537710463685e-01  8.312030571608714e-01  9.727212820253950e-04 
 8.352030571608714e-01  1.119231265067101e+00  8.352030571608714e-01  1.553326974029646e+00  8.352030571608714e-01  4.875014890850662e-01  8.352030571608714e-01  2.449597406981401e-01  8.352030571608714e-01  2.673605773214480e-03  8.352030571608714e-01  1.132340565018494e+00  8.352030571608714e-01  1.616961715916502e-01  8.352030571608714e-01  9.687667443677834e-04 
 8.392030571608714e-01  1.118238480453958e+00  8.392030571608714e-01  1.554333224647156e+00  8.392030571608714e-01  4.860081911990866e-01  8.392030571608714e-01  2.451313153004535e-01  8.392030571608714e-01  2.677504769362322e-03  8.392030571608714e-01  1.133815496323999e+00  8.392030571608714e-01  1.614381441883290e-01  8.392030571608714e-01  9.648148500684699e-04 
 8.432030571608714e-01  1.117246452561639e+00  8.432030571608714e-01  1.555338794689004e+00  8.432030571608714e-01  4.845160274578594e-01  8.432030571608714e-01  2.453029488556340e-01  8.432030571608714e-01  2.681400793615235e-03  8.432030571608714e-01  1.135289407518710e+00  8.432030571608714e-01  1.611796880235112e-01  8.432030571608714e-01  9.608656283336620e-04 
 8.472030571608714e-01  1.116255189256496e+00  8.472030571608714e-01  1.556343676603038e+00  8.472030571608714e-01  4.830250121586485e-01  8.472030571608714e-01  2.454746441044153e-01  8.472030571608714e-01  2.685293815079399e-03  8.472030571608714e-01  1.136762289880286e+00  8.472030571608714e-01  1.609208023077954e-01  8.472030571608714e-01  9.569191088187073e-04 
 8.512030571608714e-01  1.115264698499625e+00  8.512030571608714e-01  1.557347862736242e+00  8.512030571608714e-01  4.815351597981122e-01  8.512030571608714e-01  2.456464038265592e-01  8.512030571608714e-01  2.689183802488958e-03  8.512030571608714e-01  1.138234134601022e+00  8.512030571608714e-01  1.606614862722019e-01  8.512030571608714e-01  9.529753215750179e-04 
 8.552030571608714e-01  1.114274988360782e+00  8.552030571608714e-01  1.558351345376840e+00  8.552030571608714e-01  4.800464850841255e-01  8.552030571608714e-01  2.458182308397809e-01  8.552030571608714e-01  2.693070724151288e-03  8.552030571608714e-01  1.139704932813588e+00  8.552030571608714e-01  1.604017391579106e-01  8.552030571608714e-01  9.490342968847756e-04 
 8.592030571608714e-01  1.113286067005728e+00  8.592030571608714e-01  1.559354116702710e+00  8.592030571608714e-01  4.785590029298756e-01  8.592030571608714e-01  2.459901280025947e-01  8.592030571608714e-01  2.696954547996686e-03  8.592030571608714e-01  1.141174675559481e+00  8.592030571608714e-01  1.601415602293353e-01  8.592030571608714e-01  9.450960654634945e-04 
 8.632030571608714e-01  1.112297942699854e+00  8.632030571608714e-01  1.560356168787101e+00  8.632030571608714e-01  4.770727284589199e-01  8.632030571608714e-01  2.461620982147919e-01  8.632030571608714e-01  2.700835241564273e-03  8.632030571608714e-01  1.142643353792576e+00  8.632030571608714e-01  1.598809487729919e-01  8.632030571608714e-01  9.411606584375818e-04 
 8.672030571608714e-01  1.111310623817658e+00  8.672030571608714e-01  1.561357493624641e+00  8.672030571608714e-01  4.755876770141544e-01  8.672030571608714e-01  2.463341444170630e-01  8.672030571608714e-01  2.704712771964552e-03  8.672030571608714e-01  1.144110958395006e+00  8.672030571608714e-01  1.596199040912348e-01  8.672030571608714e-01  9.372281072422104e-04 
 8.712030571608714e-01  1.110324118835541e+00  8.712030571608714e-01  1.562358083098861e+00  8.712030571608714e-01  4.741038641557361e-01  8.712030571608714e-01  2.465062695931011e-01  8.712030571608714e-01  2.708587105907893e-03  8.712030571608714e-01  1.145577480157401e+00  8.712030571608714e-01  1.593584255106761e-01  8.712030571608714e-01  9.332984437488367e-04 
 8.752030571608714e-01  1.109338436341172e+00  8.752030571608714e-01  1.563357929007437e+00  8.752030571608714e-01  4.726213056700717e-01  8.752030571608714e-01  2.466784767692776e-01  8.752030571608714e-01  2.712458209667647e-03  8.752030571608714e-01  1.147042909794291e+00  8.752030571608714e-01  1.590965123761145e-01  8.752030571608714e-01  9.293717001661135e-04 
 8.792030571608714e-01  1.108353585028429e+00  8.792030571608714e-01  1.564357023037078e+00  8.792030571608714e-01  4.711400175692610e-01  8.792030571608714e-01  2.468507690164611e-01  8.792030571608714e-01  2.716326049100058e-03  8.792030571608714e-01  1.148507237928885e+00  8.792030571608714e-01  1.588341640571528e-01  8.792030571608714e-01  9.254479091384107e-04 
 8.832030571608714e-01  1.107369573705466e+00  8.832030571608714e-01  1.565355356784103e+00  8.832030571608714e-01  4.696600160993204e-01  8.832030571608714e-01  2.470231494499206e-01  8.832030571608714e-01  2.720190589612576e-03  8.832030571608714e-01  1.149970455105627e+00  8.832030571608714e-01  1.585713799433013e-01  8.832030571608714e-01  9.215271036651784e-04 
 8.872030571608714e-01  1.106386411286588e+00  8.872030571608714e-01  1.566352921718430e+00  8.872030571608714e-01  4.681813177376827e-01  8.872030571608714e-01  2.471956212316272e-01  8.872030571608714e-01  2.724051796195727e-03  8.872030571608714e-01  1.151432551768434e+00  8.872030571608714e-01  1.583081594534305e-01  8.872030571608714e-01  9.176093172422156e-04 
 8.912030571608714e-01  1.105404106808566e+00  8.912030571608714e-01  1.567349709232522e+00  8.912030571608714e-01  4.667039392070188e-01  8.912030571608714e-01  2.473681875689814e-01  8.912030571608714e-01  2.727909633359147e-03  8.912030571608714e-01  1.152893518290428e+00  8.912030571608714e-01  1.580445020236383e-01  8.912030571608714e-01  9.136945836694766e-04 
 8.952030571608715e-01  1.104422669420261e+00  8.952030571608715e-01  1.568345710597511e+00  8.952030571608715e-01  4.652278974713173e-01  8.952030571608715e-01  2.475408517174777e-01  8.952030571608715e-01  2.731764065172170e-03  8.952030571608715e-01  1.154353344947445e+00  8.952030571608715e-01  1.577804071187547e-01  8.952030571608715e-01  9.097829372234849e-04 
 8.992030571608715e-01  1.103442108390773e+00  8.992030571608715e-01  1.569340916983372e+00  8.992030571608715e-01  4.637532097443834e-01  8.992030571608715e-01  2.477136169806679e-01  8.992030571608715e-01  2.735615055231971e-03  8.992030571608715e-01  1.155812021930340e+00  8.992030571608715e-01  1.575158742275313e-01  8.992030571608715e-01  9.058744125779930e-04 
 9.032030571608715e-01  1.102462433103277e+00  9.032030571608715e-01  1.570335319429636e+00  9.032030571608715e-01  4.622798934888269e-01  9.032030571608715e-01  2.478864867122447e-01  9.032030571608715e-01  2.739462566687655e-03  9.032030571608715e-01  1.157269539327432e+00  9.032030571608715e-01  1.572509028705257e-01  9.032030571608715e-01  9.019690449190445e-04 
 9.072030571608715e-01  1.101483653073882e+00  9.072030571608715e-01  1.571328908902382e+00  9.072030571608715e-01  4.608079664317667e-01  9.072030571608715e-01  2.480594643144575e-01  9.072030571608715e-01  2.743306562166355e-03  9.072030571608715e-01  1.158725887158977e+00  9.072030571608715e-01  1.569854925857989e-01  9.072030571608715e-01  8.980668697211908e-04 
 9.112030571608715e-01  1.100505777930843e+00  9.112030571608715e-01  1.572321676214164e+00  9.112030571608715e-01  4.593374465542097e-01  9.112030571608715e-01  2.482325532423848e-01  9.112030571608715e-01  2.747147003854642e-03  9.112030571608715e-01  1.160181055329049e+00  9.112030571608715e-01  1.567196429499144e-01  9.112030571608715e-01  8.941679230618694e-04 
 9.152030571608715e-01  1.099528817435377e+00  9.152030571608715e-01  1.573313612087526e+00  9.152030571608715e-01  4.578683521081447e-01  9.152030571608715e-01  2.484057570020979e-01  9.152030571608715e-01  2.750983853417006e-03  9.152030571608715e-01  1.161635033663946e+00  9.152030571608715e-01  1.564533535619593e-01  9.152030571608715e-01  8.902722413720656e-04 
 9.192030571608715e-01  1.098552781475377e+00  9.192030571608715e-01  1.574304707124805e+00  9.192030571608715e-01  4.564007016156707e-01  9.192030571608715e-01  2.485790791528264e-01  9.192030571608715e-01  2.754817072020367e-03  9.192030571608715e-01  1.163087811894143e+00  9.192030571608715e-01  1.561866240517233e-01  9.192030571608715e-01  8.863798615548277e-04 
 9.232030571608715e-01  1.097577680069454e+00  9.232030571608715e-01  1.575294951813559e+00  9.232030571608715e-01  4.549345138750248e-01  9.232030571608715e-01  2.487525233076288e-01  9.232030571608715e-01  2.758646620318312e-03  9.232030571608715e-01  1.164539379657735e+00  9.232030571608715e-01  1.559194540787097e-01  9.232030571608715e-01  8.824908209640215e-04 
 9.272030571608715e-01  1.096603523362250e+00  9.272030571608715e-01  1.576284336501856e+00  9.272030571608715e-01  4.534698079609017e-01  9.272030571608715e-01  2.489260931353608e-01  9.272030571608715e-01  2.762472458469454e-03  9.272030571608715e-01  1.165989726485810e+00  9.272030571608715e-01  1.556518433390168e-01  9.272030571608715e-01  8.786051575012943e-04 
 9.312030571608715e-01  1.095630321636147e+00  9.312030571608715e-01  1.577272851429823e+00  9.312030571608715e-01  4.520066032356552e-01  9.312030571608715e-01  2.490997923602397e-01  9.312030571608715e-01  2.766294546091445e-03  9.312030571608715e-01  1.167438841821566e+00  9.312030571608715e-01  1.553837915575628e-01  9.312030571608715e-01  8.747229094922761e-04 
 9.352030571608715e-01  1.094658085312852e+00  9.352030571608715e-01  1.578260486726137e+00  9.352030571608715e-01  4.505449193538509e-01  9.352030571608715e-01  2.492736247629182e-01  9.352030571608715e-01  2.770112842254748e-03  9.352030571608715e-01  1.168886715018369e+00  9.352030571608715e-01  1.551152984894112e-01  9.352030571608715e-01  8.708441157002789e-04 
 9.392030571608715e-01  1.093686824946980e+00  9.392030571608715e-01  1.579247232377264e+00  9.392030571608715e-01  4.490847762615829e-01  9.392030571608715e-01  2.494475941827632e-01  9.392030571608715e-01  2.773927305507920e-03  9.392030571608715e-01  1.170333335321606e+00  9.392030571608715e-01  1.548463639283176e-01  9.392030571608715e-01  8.669688154471308e-04 
 9.432030571608715e-01  1.092716551234737e+00  9.432030571608715e-01  1.580233078248257e+00  9.432030571608715e-01  4.476261942058096e-01  9.432030571608715e-01  2.496217045179060e-01  9.432030571608715e-01  2.777737893843346e-03  9.432030571608715e-01  1.171778691881353e+00  9.432030571608715e-01  1.545769877017676e-01  9.432030571608715e-01  8.630970485315405e-04 
 9.472030571608715e-01  1.091747275012304e+00  9.472030571608715e-01  1.581218014068265e+00  9.472030571608715e-01  4.461691937369482e-01  9.472030571608715e-01  2.497959597268428e-01  9.472030571608715e-01  2.781544564703748e-03  9.472030571608715e-01  1.173222773743996e+00  9.472030571608715e-01  1.543071696752945e-01  9.472030571608715e-01  8.592288552859461e-04 
 9.512030571608715e-01  1.090779007263317e+00  9.512030571608715e-01  1.582202029446843e+00  9.512030571608715e-01  4.447137957174978e-01  9.512030571608715e-01  2.499703638286934e-01  9.512030571608715e-01  2.785347274952740e-03  9.512030571608715e-01  1.174665569862208e+00  9.512030571608715e-01  1.540369097486758e-01  9.512030571608715e-01  8.553642765124809e-04 
 9.552030571608715e-01  1.089811759118717e+00  9.552030571608715e-01  1.583185113864306e+00  9.552030571608715e-01  4.432600213256900e-01  9.552030571608715e-01  2.501449209046034e-01  9.552030571608715e-01  2.789145980875385e-03  9.552030571608715e-01  1.176107069089471e+00  9.552030571608715e-01  1.537662078589984e-01  9.552030571608715e-01  8.515033535209094e-04 
 9.592030571608715e-01  1.088845541852492e+00  9.592030571608715e-01  1.584167256648197e+00  9.592030571608715e-01  4.418078920564652e-01  9.592030571608715e-01  2.503196350997768e-01  9.592030571608715e-01  2.792940638194982e-03  9.592030571608715e-01  1.177547260166430e+00  9.592030571608715e-01  1.534950639874798e-01  9.592030571608715e-01  8.476461282209659e-04 
 9.632030571608715e-01  1.087880366891834e+00  9.632030571608715e-01  1.585148446998448e+00  9.632030571608715e-01  4.403574297319977e-01  9.632030571608715e-01  2.504945106233747e-01  9.632030571608715e-01  2.796731202033130e-03  9.632030571608715e-01  1.178986131736165e+00  9.632030571608715e-01  1.532234781533481e-01  9.632030571608715e-01  8.437926430236191e-04 
 9.672030571608715e-01  1.086916245819416e+00  9.672030571608715e-01  1.586128673985815e+00  9.672030571608715e-01  4.389086565070666e-01  9.672030571608715e-01  2.506695517495960e-01  9.672030571608715e-01  2.800517626900822e-03  9.672030571608715e-01  1.180423672343568e+00  9.672030571608715e-01  1.529514504148029e-01  9.672030571608715e-01  8.399429408471661e-04 
 9.712030571608715e-01  1.085953190371117e+00  9.712030571608715e-01  1.587107926534766e+00  9.712030571608715e-01  4.374615948714573e-01  9.712030571608715e-01  2.508447628194461e-01  9.712030571608715e-01  2.804299866707359e-03  9.712030571608715e-01  1.181859870425568e+00  9.712030571608715e-01  1.526789808741920e-01  9.712030571608715e-01  8.360970651844439e-04 
 9.752030571608715e-01  1.084991212438913e+00  9.752030571608715e-01  1.588086193424049e+00  9.752030571608715e-01  4.360162676558282e-01  9.752030571608715e-01  2.510201482417448e-01  9.752030571608715e-01  2.808077874748955e-03  9.752030571608715e-01  1.183294714311876e+00  9.752030571608715e-01  1.524060696784942e-01  9.752030571608715e-01  8.322550601006447e-04 
 9.792030571608715e-01  1.084030324077311e+00  9.792030571608715e-01  1.589063463298855e+00  9.792030571608715e-01  4.345726980399088e-01  9.792030571608715e-01  2.511957124936205e-01  9.792030571608715e-01  2.811851603683552e-03  9.792030571608715e-01  1.184728192232539e+00  9.792030571608715e-01  1.521327170166556e-01  9.792030571608715e-01  8.284169701854821e-04 
 9.832030571608715e-01  1.083070537498964e+00  9.832030571608715e-01  1.590039724646723e+00  9.832030571608715e-01  4.331309095536473e-01  9.832030571608715e-01  2.513714601226182e-01  9.832030571608715e-01  2.815621005548029e-03  9.832030571608715e-01  1.186160292304173e+00  9.832030571608715e-01  1.518589231267591e-01  9.832030571608715e-01  8.245828406479135e-04 
 9.872030571608715e-01  1.082111865084133e+00  9.872030571608715e-01  1.591014965819981e+00  9.872030571608715e-01  4.316909260874561e-01  9.872030571608715e-01  2.515473957467472e-01  9.872030571608715e-01  2.819386031720925e-03  9.872030571608715e-01  1.187591002543595e+00  9.872030571608715e-01  1.515846882906045e-01  9.872030571608715e-01  8.207527172279132e-04 
 9.912030571608715e-01  1.081154319377067e+00  9.912030571608715e-01  1.591989175014078e+00  9.912030571608715e-01  4.302527718939247e-01  9.912030571608715e-01  2.517235240564930e-01  9.912030571608715e-01  2.823146632936813e-03  9.912030571608715e-01  1.189020310855562e+00  9.912030571608715e-01  1.513100128402766e-01  9.912030571608715e-01  8.169266462816381e-04 
 9.952030571608715e-01  1.080197913088190e+00  9.952030571608715e-01  1.592962340265636e+00  9.952030571608715e-01  4.288164715933570e-01  9.952030571608715e-01  2.518998498159607e-01  9.952030571608715e-01  2.826902759277614e-03  9.952030571608715e-01  1.190448205032129e+00  9.952030571608715e-01  1.510348971594071e-01  9.952030571608715e-01  8.131046747890366e-04 
 9.992030571608715e-01  1.079242659103543e+00  9.992030571608715e-01  1.593934449474561e+00  9.992030571608715e-01  4.273820501840615e-01  9.992030571608715e-01  2.520763778629356e-01  9.992030571608715e-01  2.830654360135565e-03  9.992030571608715e-01  1.191874672766100e+00  9.992030571608715e-01  1.507593416778464e-01  9.992030571608715e-01  8.092868502670664e-04 
 1.003203057160871e+00  1.078288570481968e+00  1.003203057160871e+00  1.594905490385263e+00  1.003203057160871e+00  4.259495330446613e-01  1.003203057160871e+00  2.522531131107745e-01  1.003203057160871e+00  2.834401384224220e-03  1.003203057160871e+00  1.193299701640541e+00  1.003203057160871e+00  1.504833468775199e-01  1.003203057160871e+00  8.054732208434081e-04 
 1.007203057160871e+00  1.077335660452166e+00  1.007203057160871e+00  1.595875450567648e+00  1.007203057160871e+00  4.245189459363218e-01  1.007203057160871e+00  2.524300605503220e-01  1.007203057160871e+00  2.838143779590057e-03  1.007203057160871e+00  1.194723279118262e+00  1.007203057160871e+00  1.502069132984488e-01  1.007203057160871e+00  8.016638353311266e-04 
 1.011203057160871e+00  1.076383942428482e+00  1.011203057160871e+00  1.596844317460251e+00  1.011203057160871e+00  4.230903150172224e-01  1.011203057160871e+00  2.526072252490105e-01  1.011203057160871e+00  2.841881493550491e-03  1.011203057160871e+00  1.196145392567546e+00  1.011203057160871e+00  1.499300415276399e-01  1.011203057160871e+00  7.978587430593030e-04 
 1.015203057160871e+00  1.075433429995439e+00  1.015203057160871e+00  1.597812078309834e+00  1.015203057160871e+00  4.216636668366432e-01  1.015203057160871e+00  2.527846123546441e-01  1.015203057160871e+00  2.845614472754566e-03  1.015203057160871e+00  1.197566029227573e+00  1.015203057160871e+00  1.496527322165798e-01  1.015203057160871e+00  7.940579941102063e-04 
 1.019203057160871e+00  1.074484136926288e+00  1.019203057160871e+00  1.598778720223664e+00  1.019203057160871e+00  4.202390283512303e-01  1.019203057160871e+00  2.529622270940671e-01  1.019203057160871e+00  2.849342663110129e-03  1.019203057160871e+00  1.198985176239484e+00  1.019203057160871e+00  1.493749860676023e-01  1.019203057160871e+00  7.902616391140198e-04 
 1.023203057160871e+00  1.073536077175083e+00  1.023203057160871e+00  1.599744230134423e+00  1.023203057160871e+00  4.188164269239928e-01  1.023203057160871e+00  2.531400747758010e-01  1.023203057160871e+00  2.853066009814950e-03  1.023203057160871e+00  1.200402820626633e+00  1.023203057160871e+00  1.490968038444632e-01  1.023203057160871e+00  7.864697293866826e-04 
 1.027203057160871e+00  1.072589264884459e+00  1.027203057160871e+00  1.600708594816813e+00  1.027203057160871e+00  4.173958903335239e-01  1.027203057160871e+00  2.533181607903062e-01  1.027203057160871e+00  2.856784457326204e-03  1.027203057160871e+00  1.201818949304907e+00  1.027203057160871e+00  1.488181863685865e-01  1.027203057160871e+00  7.826823168645980e-04 
 1.031203057160871e+00  1.071643714383990e+00  1.031203057160871e+00  1.601671800873532e+00  1.031203057160871e+00  4.159774467770678e-01  1.031203057160871e+00  2.534964906116446e-01  1.031203057160871e+00  2.860497949366853e-03  1.031203057160871e+00  1.203233549075319e+00  1.031203057160871e+00  1.485391345238759e-01  1.031203057160871e+00  7.788994541597914e-04 
 1.035203057160871e+00  1.070699440196424e+00  1.035203057160871e+00  1.602633834747079e+00  1.035203057160871e+00  4.145611248786946e-01  1.035203057160871e+00  2.536750697979399e-01  1.035203057160871e+00  2.864206428901260e-03  1.035203057160871e+00  1.204646606631560e+00  1.035203057160871e+00  1.482596492543102e-01  1.035203057160871e+00  7.751211945134866e-04 
 1.039203057160871e+00  1.069756457031292e+00  1.039203057160871e+00  1.603594682690396e+00  1.039203057160871e+00  4.131469536892305e-01  1.039203057160871e+00  2.538539039937189e-01  1.039203057160871e+00  2.867909838160146e-03  1.039203057160871e+00  1.206058108543850e+00  1.039203057160871e+00  1.479797315731553e-01  1.039203057160871e+00  7.713475919114633e-04 
 1.043203057160871e+00  1.068814779795186e+00  1.043203057160871e+00  1.604554330792302e+00  1.043203057160871e+00  4.117349626969856e-01  1.043203057160871e+00  2.540329989297156e-01  1.043203057160871e+00  2.871608118600395e-03  1.043203057160871e+00  1.207468041274422e+00  1.043203057160871e+00  1.476993825567799e-01  1.043203057160871e+00  7.675787009841475e-04 
 1.047203057160871e+00  1.067874423596084e+00  1.047203057160871e+00  1.605512764983582e+00  1.047203057160871e+00  4.103251818345294e-01  1.047203057160871e+00  2.542123604235342e-01  1.047203057160871e+00  2.875301210887920e-03  1.047203057160871e+00  1.208876391181816e+00  1.047203057160871e+00  1.474186033438729e-01  1.047203057160871e+00  7.638145769827009e-04 
 1.051203057160871e+00  1.066935403732889e+00  1.051203057160871e+00  1.606469970994947e+00  1.051203057160871e+00  4.089176414758940e-01  1.051203057160871e+00  2.543919943825335e-01  1.051203057160871e+00  2.878989054938836e-03  1.051203057160871e+00  1.210283144497597e+00  1.051203057160871e+00  1.471373951483841e-01  1.051203057160871e+00  7.600552759441170e-04 
 1.055203057160871e+00  1.065997735709391e+00  1.055203057160871e+00  1.607425934395071e+00  1.055203057160871e+00  4.075123724494784e-01  1.055203057160871e+00  2.545719068029640e-01  1.055203057160871e+00  2.882671589864588e-03  1.055203057160871e+00  1.211688287349104e+00  1.055203057160871e+00  1.468557592497671e-01  1.055203057160871e+00  7.563008545418472e-04 
 1.059203057160871e+00  1.065061435232928e+00  1.059203057160871e+00  1.608380640578845e+00  1.059203057160871e+00  4.061094060409738e-01  1.059203057160871e+00  2.547521037713886e-01  1.059203057160871e+00  2.886348753977208e-03  1.059203057160871e+00  1.213091805753602e+00  1.059203057160871e+00  1.465736969973506e-01  1.059203057160871e+00  7.525513701319775e-04 
 1.063203057160871e+00  1.064126518207301e+00  1.063203057160871e+00  1.609334074737502e+00  1.063203057160871e+00  4.047087739925612e-01  1.063203057160871e+00  2.549325914669387e-01  1.063203057160871e+00  2.890020484817206e-03  1.063203057160871e+00  1.214493685602217e+00  1.063203057160871e+00  1.462912098199953e-01  1.063203057160871e+00  7.488068808704845e-04 
 1.067203057160871e+00  1.063193000750348e+00  1.067203057160871e+00  1.610286221908837e+00  1.067203057160871e+00  4.033105085178363e-01  1.067203057160871e+00  2.551133761597572e-01  1.067203057160871e+00  2.893686719084423e-03  1.067203057160871e+00  1.215893912689581e+00  1.067203057160871e+00  1.460082992127991e-01  1.067203057160871e+00  7.450674455160455e-04 
 1.071203057160871e+00  1.062260899184556e+00  1.071203057160871e+00  1.611237066940599e+00  1.071203057160871e+00  4.019146422992874e-01  1.071203057160871e+00  2.552944642135044e-01  1.071203057160871e+00  2.897347392675007e-03  1.071203057160871e+00  1.217292472693980e+00  1.071203057160871e+00  1.457249667487174e-01  1.071203057160871e+00  7.413331235738634e-04 
 1.075203057160872e+00  1.061330230036724e+00  1.075203057160872e+00  1.612186594483353e+00  1.075203057160872e+00  4.005212084915254e-01  1.075203057160872e+00  2.554758620864236e-01  1.075203057160872e+00  2.901002440682750e-03  1.075203057160872e+00  1.218689351174374e+00  1.075203057160872e+00  1.454412140818189e-01  1.075203057160872e+00  7.376039753235953e-04 
 1.079203057160872e+00  1.060401010047516e+00  1.079203057160872e+00  1.613134789016029e+00  1.079203057160872e+00  3.991302407306700e-01  1.079203057160872e+00  2.556575763308276e-01  1.079203057160872e+00  2.904651797361438e-03  1.079203057160872e+00  1.220084533586054e+00  1.079203057160872e+00  1.451570429410857e-01  1.079203057160872e+00  7.338800617191046e-04 
 1.083203057160872e+00  1.059473256170611e+00  1.083203057160872e+00  1.614081634837997e+00  1.083203057160872e+00  3.977417731369324e-01  1.083203057160872e+00  2.558396135941070e-01  1.083203057160872e+00  2.908295396128348e-03  1.083203057160872e+00  1.221478005277219e+00  1.083203057160872e+00  1.448724551338777e-01  1.083203057160872e+00  7.301614444195367e-04 
 1.087203057160872e+00  1.058546985568261e+00  1.087203057160872e+00  1.615027116050231e+00  1.087203057160872e+00  3.963558403147563e-01  1.087203057160872e+00  2.560219806202136e-01  1.087203057160872e+00  2.911933169581577e-03  1.087203057160872e+00  1.222869751479514e+00  1.087203057160872e+00  1.445874525526637e-01  1.087203057160872e+00  7.264481858633594e-04 
 1.091203057160872e+00  1.057622215618960e+00  1.091203057160872e+00  1.615971216575942e+00  1.091203057160872e+00  3.949724773605205e-01  1.091203057160872e+00  2.562046842492063e-01  1.091203057160872e+00  2.915565049470000e-03  1.091203057160872e+00  1.224259757320912e+00  1.091203057160872e+00  1.443020371702587e-01  1.091203057160872e+00  7.227403491872327e-04 
 1.095203057160872e+00  1.056698963915008e+00  1.095203057160872e+00  1.616913920149293e+00  1.095203057160872e+00  3.935917198635825e-01  1.095203057160872e+00  2.563877314182531e-01  1.095203057160872e+00  2.919190966702783e-03  1.095203057160872e+00  1.225648007820570e+00  1.095203057160872e+00  1.440162110444008e-01  1.095203057160872e+00  7.190379982704530e-04 
 1.099203057160872e+00  1.055777248262094e+00  1.099203057160872e+00  1.617855210311153e+00  1.099203057160872e+00  3.922136039084380e-01  1.099203057160872e+00  2.565711291622354e-01  1.099203057160872e+00  2.922810851351041e-03  1.099203057160872e+00  1.227034487887759e+00  1.099203057160872e+00  1.437299763203145e-01  1.099203057160872e+00  7.153411977515212e-04 
 1.103203057160872e+00  1.054857086683664e+00  1.103203057160872e+00  1.618795070420970e+00  1.103203057160872e+00  3.908381660796530e-01  1.103203057160872e+00  2.567548846135075e-01  1.103203057160872e+00  2.926424632630703e-03  1.103203057160872e+00  1.228419182329847e+00  1.103203057160872e+00  1.434433352285485e-01  1.103203057160872e+00  7.116500129815932e-04 
 1.107203057160872e+00  1.053938497418269e+00  1.107203057160872e+00  1.619733483646567e+00  1.107203057160872e+00  3.894654434621402e-01  1.107203057160872e+00  2.569390050026275e-01  1.107203057160872e+00  2.930032238912905e-03  1.107203057160872e+00  1.229802075847934e+00  1.107203057160872e+00  1.431562900893364e-01  1.107203057160872e+00  7.079645100645242e-04 
 1.111203057160872e+00  1.053021498920681e+00  1.111203057160872e+00  1.620670432967021e+00  1.111203057160872e+00  3.880954736435204e-01  1.111203057160872e+00  2.571234976583904e-01  1.111203057160872e+00  2.933633597719583e-03  1.111203057160872e+00  1.231183153039879e+00  1.111203057160872e+00  1.428688433131312e-01  1.111203057160872e+00  7.042847558455432e-04 
 1.115203057160872e+00  1.052106109868593e+00  1.115203057160872e+00  1.621605901193846e+00  1.115203057160872e+00  3.867282947197531e-01  1.115203057160872e+00  2.573083700068648e-01  1.115203057160872e+00  2.937228635697226e-03  1.115203057160872e+00  1.232562398413520e+00  1.115203057160872e+00  1.425809973956754e-01  1.115203057160872e+00  7.006108178281421e-04 
 1.119203057160872e+00  1.051192349144566e+00  1.119203057160872e+00  1.622539870914388e+00  1.119203057160872e+00  3.853639452848202e-01  1.119203057160872e+00  2.574936295741434e-01  1.119203057160872e+00  2.940817278687706e-03  1.119203057160872e+00  1.233939796356619e+00  1.119203057160872e+00  1.422927549363290e-01  1.119203057160872e+00  6.969427643962830e-04 
 1.123203057160872e+00  1.050280235856460e+00  1.123203057160872e+00  1.623472324558369e+00  1.123203057160872e+00  3.840024644443889e-01  1.123203057160872e+00  2.576792839829660e-01  1.123203057160872e+00  2.944399451648094e-03  1.123203057160872e+00  1.235315331175447e+00  1.123203057160872e+00  1.420041186196465e-01  1.123203057160872e+00  6.932806645531414e-04 
 1.127203057160872e+00  1.049369789325698e+00  1.127203057160872e+00  1.624403244363178e+00  1.127203057160872e+00  3.826438918088141e-01  1.127203057160872e+00  2.578653409541899e-01  1.127203057160872e+00  2.947975078696721e-03  1.127203057160872e+00  1.236688987076988e+00  1.127203057160872e+00  1.417150912272000e-01  1.127203057160872e+00  6.896245880573719e-04 
 1.131203057160872e+00  1.048461029087627e+00  1.131203057160872e+00  1.625332612378521e+00  1.131203057160872e+00  3.812882674934114e-01  1.131203057160872e+00  2.580518083062224e-01  1.131203057160872e+00  2.951544083111770e-03  1.131203057160872e+00  1.238060748173128e+00  1.131203057160872e+00  1.414256756376948e-01  1.131203057160872e+00  6.859746054048655e-04 
 1.135203057160872e+00  1.047553974888355e+00  1.135203057160872e+00  1.626260410461086e+00  1.135203057160872e+00  3.799356321161279e-01  1.135203057160872e+00  2.582386939548303e-01  1.135203057160872e+00  2.955106387343690e-03  1.135203057160872e+00  1.239430598479362e+00  1.135203057160872e+00  1.411358748301231e-01  1.135203057160872e+00  6.823307878497521e-04 
 1.139203057160872e+00  1.046648646696179e+00  1.139203057160872e+00  1.627186620316013e+00  1.139203057160872e+00  3.785860268039170e-01  1.139203057160872e+00  2.584260059104722e-01  1.139203057160872e+00  2.958661912970296e-03  1.139203057160872e+00  1.240798521939303e+00  1.139203057160872e+00  1.408456918726868e-01  1.139203057160872e+00  6.786932072414391e-04 
 1.143203057160872e+00  1.045745064677853e+00  1.143203057160872e+00  1.628111223429097e+00  1.143203057160872e+00  3.772394931766608e-01  1.143203057160872e+00  2.586137522809733e-01  1.143203057160872e+00  2.962210580790054e-03  1.143203057160872e+00  1.242164502389031e+00  1.143203057160872e+00  1.405551299449580e-01  1.143203057160872e+00  6.750619362909451e-04 
 1.147203057160872e+00  1.044843249215231e+00  1.147203057160872e+00  1.629034201126960e+00  1.147203057160872e+00  3.758960733558923e-01  1.147203057160872e+00  2.588019412676397e-01  1.147203057160872e+00  2.965752310756619e-03  1.147203057160872e+00  1.243528523591981e+00  1.147203057160872e+00  1.402641923211669e-01  1.147203057160872e+00  6.714370483345832e-04 
 1.151203057160872e+00  1.043943220900285e+00  1.151203057160872e+00  1.629955534570575e+00  1.151203057160872e+00  3.745558099594656e-01  1.151203057160872e+00  2.589905811645615e-01  1.151203057160872e+00  2.969287021998429e-03  1.151203057160872e+00  1.244890569237076e+00  1.151203057160872e+00  1.399728823736934e-01  1.151203057160872e+00  6.678186173593666e-04 
 1.155203057160872e+00  1.043045000526130e+00  1.155203057160872e+00  1.630875204737587e+00  1.155203057160872e+00  3.732187460932280e-01  1.155203057160872e+00  2.591796803583294e-01  1.155203057160872e+00  2.972814632854025e-03  1.155203057160872e+00  1.246250622930826e+00  1.155203057160872e+00  1.396812035800865e-01  1.155203057160872e+00  6.642067180724890e-04 
 1.159203057160872e+00  1.042148609082570e+00  1.159203057160872e+00  1.631793192420361e+00  1.159203057160872e+00  3.718849253449882e-01  1.159203057160872e+00  2.593692473268043e-01  1.159203057160872e+00  2.976335060889395e-03  1.159203057160872e+00  1.247608668198179e+00  1.159203057160872e+00  1.393891595253343e-01  1.159203057160872e+00  6.606014259089150e-04 
 1.163203057160872e+00  1.041254067766451e+00  1.163203057160872e+00  1.632709478271456e+00  1.163203057160872e+00  3.705543917870474e-01  1.163203057160872e+00  2.595592906352875e-01  1.163203057160872e+00  2.979848222857504e-03  1.163203057160872e+00  1.248964688509145e+00  1.163203057160872e+00  1.390967538894404e-01  1.163203057160872e+00  6.570028168528836e-04 
 1.167203057160872e+00  1.040361397962078e+00  1.167203057160872e+00  1.633624042757357e+00  1.167203057160872e+00  3.692271899595675e-01  1.167203057160872e+00  2.597498189371849e-01  1.167203057160872e+00  2.983354034775030e-03  1.167203057160872e+00  1.250318667255485e+00  1.167203057160872e+00  1.388039904633608e-01  1.167203057160872e+00  6.534109676195701e-04 
 1.171203057160872e+00  1.039470621247345e+00  1.171203057160872e+00  1.634536866193866e+00  1.171203057160872e+00  3.679033648692236e-01  1.171203057160872e+00  2.599408409703182e-01  1.171203057160872e+00  2.986852411898411e-03  1.171203057160872e+00  1.251670587771894e+00  1.171203057160872e+00  1.385108731396976e-01  1.171203057160872e+00  6.498259555160720e-04 
 1.175203057160872e+00  1.038581759386688e+00  1.175203057160872e+00  1.635447928742074e+00  1.175203057160872e+00  3.665829619790087e-01  1.175203057160872e+00  2.601323655550467e-01  1.175203057160872e+00  2.990343268751438e-03  1.175203057160872e+00  1.253020433335733e+00  1.175203057160872e+00  1.382174059155885e-01  1.175203057160872e+00  6.462478584573041e-04 
 1.179203057160872e+00  1.037694834323632e+00  1.179203057160872e+00  1.636357210404785e+00  1.179203057160872e+00  3.652660271971144e-01  1.179203057160872e+00  2.603244015921665e-01  1.179203057160872e+00  2.993826519154543e-03  1.179203057160872e+00  1.254368187167085e+00  1.179203057160872e+00  1.379235928954932e-01  1.179203057160872e+00  6.426767549799581e-04 
 1.183203057160872e+00  1.036809868178761e+00  1.183203057160872e+00  1.637264691041605e+00  1.183203057160872e+00  3.639526068683980e-01  1.183203057160872e+00  2.605169580596394e-01  1.183203057160872e+00  2.997302076232858e-03  1.183203057160872e+00  1.255713832438895e+00  1.183203057160872e+00  1.376294382881482e-01  1.183203057160872e+00  6.391127241833318e-04 
 1.187203057160872e+00  1.035926883246865e+00  1.187203057160872e+00  1.638170350382965e+00  1.187203057160872e+00  3.626427477645529e-01  1.187203057160872e+00  2.607100440091233e-01  1.187203057160872e+00  3.000769852427287e-03  1.187203057160872e+00  1.257057352286487e+00  1.187203057160872e+00  1.373349464037804e-01  1.187203057160872e+00  6.355558456741723e-04 
 1.191203057160872e+00  1.035045901980528e+00  1.191203057160872e+00  1.639074168004565e+00  1.191203057160872e+00  3.613364970651907e-01  1.191203057160872e+00  2.609036685643730e-01  1.191203057160872e+00  3.004229759559043e-03  1.191203057160872e+00  1.258398729795893e+00  1.191203057160872e+00  1.370401216638596e-01  1.191203057160872e+00  6.320061996671161e-04 
 1.195203057160872e+00  1.034166946993378e+00  1.195203057160872e+00  1.639976123364093e+00  1.195203057160872e+00  3.600339023501387e-01  1.195203057160872e+00  2.610978409161242e-01  1.195203057160872e+00  3.007681708816871e-03  1.195203057160872e+00  1.259737948025603e+00  1.195203057160872e+00  1.367449685911614e-01  1.195203057160872e+00  6.284638668404399e-04 
 1.199203057160872e+00  1.033290041051674e+00  1.199203057160872e+00  1.640876195804021e+00  1.199203057160872e+00  3.587350115837072e-01  1.199203057160872e+00  2.612925703185061e-01  1.199203057160872e+00  3.011125610790077e-03  1.199203057160872e+00  1.261074990010040e+00  1.199203057160872e+00  1.364494918104946e-01  1.199203057160872e+00  6.249289283251135e-04 
 1.203203057160872e+00  1.032415207056516e+00  1.203203057160872e+00  1.641774364527875e+00  1.203203057160872e+00  3.574398730923976e-01  1.203203057160872e+00  2.614878660866280e-01  1.203203057160872e+00  3.014561375538414e-03  1.203203057160872e+00  1.262409838749045e+00  1.203203057160872e+00  1.361536960579445e-01  1.203203057160872e+00  6.214014657979466e-04 
 1.207203057160872e+00  1.031542468051910e+00  1.207203057160872e+00  1.642670608657607e+00  1.207203057160872e+00  3.561485355573916e-01  1.207203057160872e+00  2.616837375895795e-01  1.207203057160872e+00  3.017988912560382e-03  1.207203057160872e+00  1.263742477240438e+00  1.207203057160872e+00  1.358575861641781e-01  1.207203057160872e+00  6.178815612563107e-04 
 1.211203057160872e+00  1.030671847200238e+00  1.211203057160872e+00  1.643564907193478e+00  1.211203057160872e+00  3.548610479863215e-01  1.211203057160872e+00  2.618801942483670e-01  1.211203057160872e+00  3.021408130889569e-03  1.211203057160872e+00  1.265072888460800e+00  1.211203057160872e+00  1.355611670689168e-01  1.211203057160872e+00  6.143692971757190e-04 
 1.215203057160872e+00  1.029803367787407e+00  1.215203057160872e+00  1.644457239066713e+00  1.215203057160872e+00  3.535774597020225e-01  1.215203057160872e+00  2.620772455286067e-01  1.215203057160872e+00  3.024818939074467e-03  1.215203057160872e+00  1.266401055395399e+00  1.215203057160872e+00  1.352644438056015e-01  1.215203057160872e+00  6.108647563029672e-04 
 1.219203057160872e+00  1.028937053199399e+00  1.219203057160872e+00  1.645347583107243e+00  1.219203057160872e+00  3.522978203130220e-01  1.219203057160872e+00  2.622749009375075e-01  1.219203057160872e+00  3.028221245270519e-03  1.219203057160872e+00  1.267726961023215e+00  1.219203057160872e+00  1.349674215133809e-01  1.219203057160872e+00  6.073680217828572e-04 
 1.223203057160872e+00  1.028072926923696e+00  1.223203057160872e+00  1.646235918089349e+00  1.223203057160872e+00  3.510221796979962e-01  1.223203057160872e+00  2.624731700163590e-01  1.223203057160872e+00  3.031614957234568e-03  1.223203057160872e+00  1.269050588343029e+00  1.223203057160872e+00  1.346701054238980e-01  1.223203057160872e+00  6.038791769789381e-04 
 1.227203057160872e+00  1.027211012525262e+00  1.227203057160872e+00  1.647122222702493e+00  1.227203057160872e+00  3.497505879738846e-01  1.227203057160872e+00  2.626720623368009e-01  1.227203057160872e+00  3.034999982419097e-03  1.227203057160872e+00  1.270371920360162e+00  1.227203057160872e+00  1.343725008723128e-01  1.227203057160872e+00  6.003983055880875e-04 
 1.231203057160872e+00  1.026351333648942e+00  1.231203057160872e+00  1.648006475604223e+00  1.231203057160872e+00  3.484830954788041e-01  1.231203057160872e+00  2.628715874923080e-01  1.231203057160872e+00  3.038376227962956e-03  1.231203057160872e+00  1.271690940116195e+00  1.231203057160872e+00  1.340746132815595e-01  1.231203057160872e+00  5.969254914326715e-04 
 1.235203057160872e+00  1.025493914000731e+00  1.235203057160872e+00  1.648888655411663e+00  1.235203057160872e+00  3.472197527411697e-01  1.235203057160872e+00  2.630717550927368e-01  1.235203057160872e+00  3.041743600764774e-03  1.235203057160872e+00  1.273007630686446e+00  1.235203057160872e+00  1.337764481665377e-01  1.235203057160872e+00  5.934608184940195e-04 
 1.239203057160872e+00  1.024638777325552e+00  1.239203057160872e+00  1.649768740684960e+00  1.239203057160872e+00  3.459606104457321e-01  1.239203057160872e+00  2.632725747590553e-01  1.239203057160872e+00  3.045102007570333e-03  1.239203057160872e+00  1.274321975173395e+00  1.239203057160872e+00  1.334780111410434e-01  1.239203057160872e+00  5.900043709774591e-04 
 1.243203057160872e+00  1.023785947413919e+00  1.243203057160872e+00  1.650646709999831e+00  1.243203057160872e+00  3.447057194156580e-01  1.243203057160872e+00  2.634740561128006e-01  1.243203057160872e+00  3.048451354946347e-03  1.243203057160872e+00  1.275633956746273e+00  1.243203057160872e+00  1.331793078952418e-01  1.243203057160872e+00  5.865562330272959e-04 
 1.247203057160872e+00  1.022935448070975e+00  1.247203057160872e+00  1.651522541909434e+00  1.247203057160872e+00  3.434551305711159e-01  1.247203057160872e+00  2.636762087714019e-01  1.247203057160872e+00  3.051791549402075e-03  1.247203057160872e+00  1.276943558623140e+00  1.247203057160872e+00  1.328803442095575e-01  1.247203057160872e+00  5.831164888766777e-04 
 1.251203057160872e+00  1.022087303106316e+00  1.251203057160872e+00  1.652396214971049e+00  1.251203057160872e+00  3.422088948991320e-01  1.251203057160872e+00  2.638790423396009e-01  1.251203057160872e+00  3.055122497429293e-03  1.251203057160872e+00  1.278250764086564e+00  1.251203057160872e+00  1.325811259471664e-01  1.251203057160872e+00  5.796852227427380e-04 
 1.255203057160872e+00  1.021241536327000e+00  1.255203057160872e+00  1.653267707784360e+00  1.255203057160872e+00  3.409670634241470e-01  1.255203057160872e+00  2.640825663998863e-01  1.255203057160872e+00  3.058444105529748e-03  1.255203057160872e+00  1.279555556505064e+00  1.255203057160872e+00  1.322816590424384e-01  1.255203057160872e+00  5.762625186762503e-04 
 1.259203057160872e+00  1.020398171505773e+00  1.259203057160872e+00  1.654136998958229e+00  1.259203057160872e+00  3.397296871628677e-01  1.259203057160872e+00  2.642867905067064e-01  1.259203057160872e+00  3.061756280339926e-03  1.259203057160872e+00  1.280857919317787e+00  1.259203057160872e+00  1.319819495132042e-01  1.259203057160872e+00  5.728484606921769e-04 
 1.263203057160872e+00  1.019557232378247e+00  1.263203057160872e+00  1.655004067165878e+00  1.263203057160872e+00  3.384968170950734e-01  1.263203057160872e+00  2.644917241753571e-01  1.263203057160872e+00  3.065058928642183e-03  1.263203057160872e+00  1.282157836064451e+00  1.263203057160872e+00  1.316820034434040e-01  1.263203057160872e+00  5.694431325528687e-04 
 1.267203057160872e+00  1.018718742623417e+00  1.267203057160872e+00  1.655868891152728e+00  1.267203057160872e+00  3.372685041234751e-01  1.267203057160872e+00  2.646973768732767e-01  1.267203057160872e+00  3.068351957441197e-03  1.267203057160872e+00  1.283455290390856e+00  1.267203057160872e+00  1.313818269814198e-01  1.267203057160872e+00  5.660466177373219e-04 
 1.271203057160872e+00  1.017882725840998e+00  1.271203057160872e+00  1.656731449736793e+00  1.271203057160872e+00  3.360447990306943e-01  1.271203057160872e+00  2.649037580114971e-01  1.271203057160872e+00  3.071635274053021e-03  1.271203057160872e+00  1.284750266050585e+00  1.271203057160872e+00  1.310814263408975e-01  1.271203057160872e+00  5.626589994396869e-04 
 1.275203057160872e+00  1.017049205531376e+00  1.275203057160872e+00  1.657591721819099e+00  1.275203057160872e+00  3.348257524367537e-01  1.275203057160872e+00  2.651108769352682e-01  1.275203057160872e+00  3.074908786183794e-03  1.275203057160872e+00  1.286042746911759e+00  1.275203057160872e+00  1.307808077981408e-01  1.275203057160872e+00  5.592803605281998e-04 
 1.279203057160872e+00  1.016218205088692e+00  1.279203057160872e+00  1.658449686434867e+00  1.279203057160872e+00  3.336114147631046e-01  1.279203057160872e+00  2.653187429120437e-01  1.279203057160872e+00  3.078172401956926e-03  1.279203057160872e+00  1.287332716984253e+00  1.279203057160872e+00  1.304799776755129e-01  1.279203057160872e+00  5.559107833443006e-04 
 1.283203057160872e+00  1.015389747771545e+00  1.283203057160872e+00  1.659305322740221e+00  1.283203057160872e+00  3.324018361827247e-01  1.283203057160872e+00  2.655273651229614e-01  1.283203057160872e+00  3.081426030028152e-03  1.283203057160872e+00  1.288620160414129e+00  1.283203057160872e+00  1.301789423466171e-01  1.283203057160872e+00  5.525503497548165e-04 
 1.287203057160872e+00  1.014563856685097e+00  1.287203057160872e+00  1.660158610034520e+00  1.287203057160872e+00  3.311970665758668e-01  1.287203057160872e+00  2.657367526520319e-01  1.287203057160872e+00  3.084669579655788e-03  1.287203057160872e+00  1.289905061496019e+00  1.287203057160872e+00  1.298777082292955e-01  1.287203057160872e+00  5.491991410641878e-04 
 1.291203057160872e+00  1.013740554767343e+00  1.291203057160872e+00  1.661009527796457e+00  1.291203057160872e+00  3.299971554872931e-01  1.291203057160872e+00  2.659469144742793e-01  1.291203057160872e+00  3.087902960754677e-03  1.291203057160872e+00  1.291187404692163e+00  1.291203057160872e+00  1.295762817737227e-01  1.291203057160872e+00  5.458572378727665e-04 
 1.295203057160872e+00  1.012919864753697e+00  1.295203057160872e+00  1.661858055657998e+00  1.295203057160872e+00  3.288021520702471e-01  1.295203057160872e+00  2.661578594473807e-01  1.295203057160872e+00  3.091126084035278e-03  1.295203057160872e+00  1.292467174620290e+00  1.295203057160872e+00  1.292746694718058e-01  1.295203057160872e+00  5.425247201791028e-04 
 1.299203057160872e+00  1.012101809179029e+00  1.299203057160872e+00  1.662704173489399e+00  1.299203057160872e+00  3.276121050510379e-01  1.299203057160872e+00  2.663695962964904e-01  1.299203057160872e+00  3.094338860995620e-03  1.299203057160872e+00  1.293744356096656e+00  1.299203057160872e+00  1.289728778280953e-01  1.299203057160872e+00  5.392016670461313e-04 
 1.303203057160872e+00  1.011286410332445e+00  1.303203057160872e+00  1.663547861347189e+00  1.303203057160872e+00  3.264270626659621e-01  1.303203057160872e+00  2.665821336071190e-01  1.303203057160872e+00  3.097541204098972e-03  1.303203057160872e+00  1.295018934110781e+00  1.303203057160872e+00  1.286709133779629e-01  1.303203057160872e+00  5.358881568053782e-04 
 1.307203057160872e+00  1.010473690250859e+00  1.307203057160872e+00  1.664389099536400e+00  1.307203057160872e+00  3.252470726196771e-01  1.307203057160872e+00  2.667954798110050e-01  1.307203057160872e+00  3.100733026799018e-03  1.307203057160872e+00  1.296290893856752e+00  1.307203057160872e+00  1.283687826660891e-01  1.307203057160872e+00  5.325842668126032e-04 
 1.311203057160872e+00  1.009663670694313e+00  1.311203057160872e+00  1.665227868620399e+00  1.311203057160872e+00  3.240721820326282e-01  1.311203057160872e+00  2.670096431750232e-01  1.311203057160872e+00  3.103914243636820e-03  1.311203057160872e+00  1.297560220738311e+00  1.311203057160872e+00  1.280664922429302e-01  1.311203057160872e+00  5.292900734091858e-04 
 1.315203057160872e+00  1.008856373121594e+00  1.315203057160872e+00  1.666064149432241e+00  1.315203057160872e+00  3.229024373881737e-01  1.315203057160872e+00  2.672246317899256e-01  1.315203057160872e+00  3.107084770336574e-03  1.315203057160872e+00  1.298826900374556e+00  1.315203057160872e+00  1.277640486605674e-01  1.315203057160872e+00  5.260056518775356e-04 
 1.319203057160872e+00  1.008051818670665e+00  1.319203057160872e+00  1.666897923100308e+00  1.319203057160872e+00  3.217378844820575e-01  1.319203057160872e+00  2.674404535581397e-01  1.319203057160872e+00  3.110244523882440e-03  1.319203057160872e+00  1.300090918612459e+00  1.319203057160872e+00  1.274614584633907e-01  1.319203057160872e+00  5.227310763403645e-04 
 1.323203057160872e+00  1.007250028138353e+00  1.323203057160872e+00  1.667729171072013e+00  1.323203057160872e+00  3.205785683711545e-01  1.323203057160872e+00  2.676571161816482e-01  1.323203057160872e+00  3.113393422598355e-03  1.323203057160872e+00  1.301352261538186e+00  1.323203057160872e+00  1.271587281792763e-01  1.323203057160872e+00  5.194664196676392e-04 
 1.327203057160872e+00  1.006451021952435e+00  1.327203057160872e+00  1.668557875115495e+00  1.327203057160872e+00  3.194245333178154e-01  1.327203057160872e+00  2.678746271512393e-01  1.327203057160872e+00  3.116531386257643e-03  1.327203057160872e+00  1.302610915477517e+00  1.327203057160872e+00  1.268558643184202e-01  1.327203057160872e+00  5.162117534698981e-04 
 1.331203057160872e+00  1.005654820152832e+00  1.331203057160872e+00  1.669384017347304e+00  1.331203057160872e+00  3.182758227392335e-01  1.331203057160872e+00  2.680929937341697e-01  1.331203057160872e+00  3.119658336156819e-03  1.331203057160872e+00  1.303866867008727e+00  1.331203057160872e+00  1.265528733628308e-01  1.331203057160872e+00  5.129671479895173e-04 
 1.335203057160872e+00  1.004861442372087e+00  1.335203057160872e+00  1.670207580257446e+00  1.335203057160872e+00  3.171324791564480e-01  1.335203057160872e+00  2.683122229620454e-01  1.335203057160872e+00  3.122774195192365e-03  1.335203057160872e+00  1.305120102973881e+00  1.335203057160872e+00  1.262497617565400e-01  1.335203057160872e+00  5.097326720023441e-04 
 1.339203057160872e+00  1.004070907813420e+00  1.339203057160872e+00  1.671028546726661e+00  1.339203057160872e+00  3.159945441421387e-01  1.339203057160872e+00  2.685323216192803e-01  1.339203057160872e+00  3.125878887946839e-03  1.339203057160872e+00  1.306370610486121e+00  1.339203057160872e+00  1.259465358984070e-01  1.339203057160872e+00  5.065083927498807e-04 
 1.343203057160872e+00  1.003283235223178e+00  1.343203057160872e+00  1.671846900026489e+00  1.343203057160872e+00  3.148620582657000e-01  1.343203057160872e+00  2.687532962327838e-01  1.343203057160872e+00  3.128972340797120e-03  1.343203057160872e+00  1.307618376928537e+00  1.343203057160872e+00  1.256432021409905e-01  1.343203057160872e+00  5.032943759389801e-04 
 1.347203057160872e+00  1.002498442879356e+00  1.347203057160872e+00  1.672662623864177e+00  1.347203057160872e+00  3.137350610475166e-01  1.347203057160872e+00  2.689751530589536e-01  1.347203057160872e+00  3.132054481959369e-03  1.347203057160872e+00  1.308863389974238e+00  1.347203057160872e+00  1.253397667730932e-01  1.347203057160872e+00  5.000906855654561e-04 
 1.351203057160872e+00  1.001716548562328e+00  1.351203057160872e+00  1.673475702374998e+00  1.351203057160872e+00  3.126135909040807e-01  1.351203057160872e+00  2.691978980742398e-01  1.351203057160872e+00  3.135125241604177e-03  1.351203057160872e+00  1.310105637581066e+00  1.351203057160872e+00  1.250362360211227e-01  1.351203057160872e+00  4.968973839443269e-04 
 1.355203057160872e+00  1.000937569541247e+00  1.355203057160872e+00  1.674286120157479e+00  1.355203057160872e+00  3.114976851023287e-01  1.355203057160872e+00  2.694215369631735e-01  1.355203057160872e+00  3.138184551909816e-03  1.355203057160872e+00  1.311345108006501e+00  1.355203057160872e+00  1.247326160347550e-01  1.355203057160872e+00  4.937145315714017e-04 
 1.359203057160872e+00  1.000161522553640e+00  1.359203057160872e+00  1.675093862287017e+00  1.359203057160872e+00  3.103873797110879e-01  1.359203057160872e+00  2.696460751080610e-01  1.359203057160872e+00  3.141232347142468e-03  1.359203057160872e+00  1.312581789811990e+00  1.359203057160872e+00  1.244289128802323e-01  1.359203057160872e+00  4.905421870698056e-04 
 1.363203057160872e+00  9.993884237786683e-01  1.363203057160872e+00  1.675898914309172e+00  1.363203057160872e+00  3.092827095501197e-01  1.363203057160872e+00  2.698715175803270e-01  1.363203057160872e+00  3.144268563761129e-03  1.363203057160872e+00  1.313815671857594e+00  1.363203057160872e+00  1.241251325410134e-01  1.363203057160872e+00  4.873804072163358e-04 
 1.367203057160872e+00  9.986182888345921e-01  1.367203057160872e+00  1.676701262298964e+00  1.367203057160872e+00  3.081837081532033e-01  1.367203057160872e+00  2.700978691278622e-01  1.367203057160872e+00  3.147293140427728e-03  1.367203057160872e+00  1.315046743327247e+00  1.367203057160872e+00  1.238212808940031e-01  1.367203057160872e+00  4.842292467085858e-04 
 1.371203057160872e+00  9.978511327400179e-01  1.371203057160872e+00  1.677500892814551e+00  1.371203057160872e+00  3.070904077131299e-01  1.371203057160872e+00  2.703251341697131e-01  1.371203057160872e+00  3.150306018159175e-03  1.371203057160872e+00  1.316274993704475e+00  1.371203057160872e+00  1.235173637245000e-01  1.371203057160872e+00  4.810887583468347e-04 
 1.375203057160872e+00  9.970869699210603e-01  1.375203057160872e+00  1.678297792977688e+00  1.375203057160872e+00  3.060028390524752e-01  1.375203057160872e+00  2.705533167827814e-01  1.375203057160872e+00  3.153307140299355e-03  1.375203057160872e+00  1.317500412806862e+00  1.375203057160872e+00  1.232133866942054e-01  1.375203057160872e+00  4.779589927180957e-04 
 1.379203057160872e+00  9.963258141777998e-01  1.379203057160872e+00  1.679091950435706e+00  1.379203057160872e+00  3.049210315742511e-01  1.379203057160872e+00  2.707824206968414e-01  1.379203057160872e+00  3.156296452650727e-03  1.379203057160872e+00  1.318722990765241e+00  1.379203057160872e+00  1.229093553528678e-01  1.379203057160872e+00  4.748399983454025e-04 
 1.383203057160872e+00  9.955676786762364e-01  1.383203057160872e+00  1.679883353391812e+00  1.383203057160872e+00  3.038450132277158e-01  1.383203057160872e+00  2.710124492854891e-01  1.383203057160872e+00  3.159273903506033e-03  1.383203057160872e+00  1.319942718034362e+00  1.383203057160872e+00  1.226052751245270e-01  1.383203057160872e+00  4.717318215688152e-04 
 1.387203057160872e+00  9.948125759376865e-01  1.387203057160872e+00  1.680671990624267e+00  1.387203057160872e+00  3.027748104744907e-01  1.387203057160872e+00  2.712434055583145e-01  1.387203057160872e+00  3.162239443689900e-03  1.387203057160872e+00  1.321159585398074e+00  1.387203057160872e+00  1.223011512976543e-01  1.387203057160872e+00  4.686345064701210e-04 
 1.391203057160872e+00  9.940605178202337e-01  1.391203057160872e+00  1.681457851479111e+00  1.391203057160872e+00  3.017104482524153e-01  1.391203057160872e+00  2.714752921554055e-01  1.391203057160872e+00  3.165193026631681e-03  1.391203057160872e+00  1.322373583962180e+00  1.391203057160872e+00  1.219969890250860e-01  1.391203057160872e+00  4.655480949013825e-04 
 1.395203057160872e+00  9.933115155079770e-01  1.395203057160872e+00  1.682240925880718e+00  1.395203057160872e+00  3.006519499454425e-01  1.395203057160872e+00  2.717081113412233e-01  1.395203057160872e+00  3.168134608407722e-03  1.395203057160872e+00  1.323584705155304e+00  1.395203057160872e+00  1.216927933171929e-01  1.395203057160872e+00  4.624726264434867e-04 
 1.399203057160872e+00  9.925655795113599e-01  1.399203057160872e+00  1.683021204368515e+00  1.399203057160872e+00  2.995993373612645e-01  1.399203057160872e+00  2.719418649972009e-01  1.399203057160872e+00  3.171064147739997e-03  1.399203057160872e+00  1.324792940741215e+00  1.399203057160872e+00  1.213885690249286e-01  1.399203057160872e+00  4.594081382619266e-04 
 1.403203057160872e+00  9.918227196406001e-01  1.403203057160872e+00  1.683798678054361e+00  1.403203057160872e+00  2.985526306972595e-01  1.403203057160872e+00  2.721765546204741e-01  1.403203057160872e+00  3.173981606100537e-03  1.403203057160872e+00  1.325998282795211e+00  1.403203057160872e+00  1.210843208528732e-01  1.403203057160872e+00  4.563546652742161e-04 
 1.407203057160872e+00  9.910829450166139e-01  1.407203057160872e+00  1.684573338679504e+00  1.407203057160872e+00  2.975118485279284e-01  1.407203057160872e+00  2.724121813162877e-01  1.407203057160872e+00  3.176886947668470e-03  1.407203057160872e+00  1.327200723725064e+00  1.407203057160872e+00  1.207800533343250e-01  1.407203057160872e+00  4.533122399261752e-04 
 1.411203057160872e+00  9.903462640464842e-01  1.411203057160872e+00  1.685345178568243e+00  1.411203057160872e+00  2.964770077765123e-01  1.411203057160872e+00  2.726487457982727e-01  1.411203057160872e+00  3.179780139426369e-03  1.411203057160872e+00  1.328400256245513e+00  1.411203057160872e+00  1.204757708456698e-01  1.411203057160872e+00  4.502808923738968e-04 
 1.415203057160872e+00  9.896126844325810e-01  1.415203057160872e+00  1.686114190670026e+00  1.415203057160872e+00  2.954481237061161e-01  1.415203057160872e+00  2.728862483831539e-01  1.415203057160872e+00  3.182661151124477e-03  1.415203057160872e+00  1.329596873392063e+00  1.415203057160872e+00  1.201714775868675e-01  1.415203057160872e+00  4.472606503184690e-04 
 1.419203057160872e+00  9.888822131690971e-01  1.419203057160872e+00  1.686880368561552e+00  1.419203057160872e+00  2.944252099068029e-01  1.419203057160872e+00  2.731246889888959e-01  1.419203057160872e+00  3.185529955294296e-03  1.419203057160872e+00  1.330790568516583e+00  1.419203057160872e+00  1.198671775770338e-01  1.419203057160872e+00  4.442515389976434e-04 
 1.423203057160872e+00  9.881548565239686e-01  1.423203057160872e+00  1.687643706403793e+00  1.423203057160872e+00  2.934082782778873e-01  1.423203057160872e+00  2.733640671367911e-01  1.423203057160872e+00  3.188386527319550e-03  1.423203057160872e+00  1.331981335263157e+00  1.423203057160872e+00  1.195628746675302e-01  1.423203057160872e+00  4.412535813547077e-04 
 1.427203057160872e+00  9.874306200600588e-01  1.427203057160872e+00  1.688404199001943e+00  1.427203057160872e+00  2.923973390323674e-01  1.427203057160872e+00  2.736043819467852e-01  1.427203057160872e+00  3.191230845353025e-03  1.427203057160872e+00  1.333169167588832e+00  1.427203057160872e+00  1.192585725150592e-01  1.427203057160872e+00  4.382667978029446e-04 
 1.431203057160872e+00  9.867095086199271e-01  1.431203057160872e+00  1.689161841760332e+00  1.431203057160872e+00  2.913924006856486e-01  1.431203057160872e+00  2.738456321410563e-01  1.431203057160872e+00  3.194062890376384e-03  1.431203057160872e+00  1.334354059738233e+00  1.431203057160872e+00  1.189542745954489e-01  1.431203057160872e+00  4.352912064027922e-04 
 1.435203057160872e+00  9.859915263288017e-01  1.435203057160872e+00  1.689916630682391e+00  1.435203057160872e+00  2.903934700559430e-01  1.435203057160872e+00  2.740878160450193e-01  1.435203057160872e+00  3.196882646188500e-03  1.435203057160872e+00  1.335536006237894e+00  1.435203057160872e+00  1.186499841999867e-01  1.435203057160872e+00  4.323268228619212e-04 
 1.439203057160872e+00  9.852766766085175e-01  1.439203057160872e+00  1.690668562395600e+00  1.439203057160872e+00  2.894005522724817e-01  1.439203057160872e+00  2.743309315871183e-01  1.439203057160872e+00  3.199690099350696e-03  1.439203057160872e+00  1.336715001901048e+00  1.439203057160872e+00  1.183457044218006e-01  1.439203057160872e+00  4.293736604372914e-04 
 1.443203057160872e+00  9.845649621738779e-01  1.443203057160872e+00  1.691417634123421e+00  1.443203057160872e+00  2.884136507775839e-01  1.443203057160872e+00  2.745749763031582e-01  1.443203057160872e+00  3.202485239201034e-03  1.443203057160872e+00  1.337891041809460e+00  1.443203057160872e+00  1.180414381630071e-01  1.443203057160872e+00  4.264317300453215e-04 
 1.447203057160872e+00  9.838563850339499e-01  1.447203057160872e+00  1.692163843666305e+00  1.447203057160872e+00  2.874327673336901e-01  1.447203057160872e+00  2.748199473406510e-01  1.447203057160872e+00  3.205268057849252e-03  1.447203057160872e+00  1.339064121299299e+00  1.447203057160872e+00  1.177371881384328e-01  1.447203057160872e+00  4.235010403365654e-04 
 1.451203057160872e+00  9.831509465147706e-01  1.451203057160872e+00  1.692907189435975e+00  1.451203057160872e+00  2.864579020431302e-01  1.451203057160872e+00  2.750658414597580e-01  1.451203057160872e+00  3.208038550087562e-03  1.451203057160872e+00  1.340234235969388e+00  1.451203057160872e+00  1.174329568580907e-01  1.451203057160872e+00  4.205815975610026e-04 
 1.455203057160872e+00  9.824486472530821e-01  1.455203057160872e+00  1.693647670406675e+00  1.455203057160872e+00  2.854890533562496e-01  1.455203057160872e+00  2.753126550410669e-01  1.455203057160872e+00  3.210796713415264e-03  1.455203057160872e+00  1.341401381654229e+00  1.455203057160872e+00  1.171287466426570e-01  1.455203057160872e+00  4.176734057595268e-04 
 1.459203057160872e+00  9.817494872153090e-01  1.459203057160872e+00  1.694385286130498e+00  1.459203057160872e+00  2.845262180940243e-01  1.459203057160872e+00  2.755603840891267e-01  1.459203057160872e+00  3.213542547964267e-03  1.459203057160872e+00  1.342565554424057e+00  1.459203057160872e+00  1.168245596134620e-01  1.459203057160872e+00  4.147764667037120e-04 
 1.463203057160872e+00  9.810534656986699e-01  1.463203057160872e+00  1.695120036700339e+00  1.463203057160872e+00  2.835693914643449e-01  1.463203057160872e+00  2.758090242405175e-01  1.463203057160872e+00  3.216276056494576e-03  1.463203057160872e+00  1.343726750562945e+00  1.463203057160872e+00  1.165203977034915e-01  1.463203057160872e+00  4.118907800413790e-04 
 1.467203057160872e+00  9.803605813539061e-01  1.467203057160872e+00  1.695851922767089e+00  1.467203057160872e+00  2.826185670907350e-01  1.467203057160872e+00  2.760585707683038e-01  1.467203057160872e+00  3.218997244305229e-03  1.467203057160872e+00  1.344884966569420e+00  1.467203057160872e+00  1.162162626465940e-01  1.467203057160872e+00  4.090163432289929e-04 
 1.471203057160872e+00  9.796708321976817e-01  1.471203057160872e+00  1.696580945525141e+00  1.471203057160872e+00  2.816737370381449e-01  1.471203057160872e+00  2.763090185893789e-01  1.471203057160872e+00  3.221706119185434e-03  1.471203057160872e+00  1.346040199143788e+00  1.471203057160872e+00  1.159121559794021e-01  1.471203057160872e+00  4.061531515886463e-04 
 1.475203057160872e+00  9.789842156155684e-01  1.475203057160872e+00  1.697307106669412e+00  1.475203057160872e+00  2.807348918363727e-01  1.475203057160872e+00  2.765603622745516e-01  1.475203057160872e+00  3.224402691402930e-03  1.475203057160872e+00  1.347192445163941e+00  1.475203057160872e+00  1.156080790549805e-01  1.475203057160872e+00  4.033011984767803e-04 
 1.479203057160872e+00  9.783007283886089e-01  1.479203057160872e+00  1.698030408411964e+00  1.479203057160872e+00  2.798020205163393e-01  1.479203057160872e+00  2.768125960544045e-01  1.479203057160872e+00  3.227086973599646e-03  1.479203057160872e+00  1.348341701685568e+00  1.479203057160872e+00  1.153040330323053e-01  1.479203057160872e+00  4.004604752189864e-04 
 1.483203057160872e+00  9.776203667036441e-01  1.483203057160872e+00  1.698750853452317e+00  1.483203057160872e+00  2.788751106405102e-01  1.483203057160872e+00  2.770657138291908e-01  1.483203057160872e+00  3.229758980751111e-03  1.483203057160872e+00  1.349487965923436e+00  1.483203057160872e+00  1.150000188846279e-01  1.483203057160872e+00  3.976309712265236e-04 
 1.487203057160872e+00  9.769431261704546e-01  1.487203057160872e+00  1.699468444963038e+00  1.487203057160872e+00  2.779541483381109e-01  1.487203057160872e+00  2.773197091779090e-01  1.487203057160872e+00  3.232418730099209e-03  1.487203057160872e+00  1.350631235238989e+00  1.487203057160872e+00  1.146960374017310e-01  1.487203057160872e+00  3.948126740529552e-04 
 1.491203057160872e+00  9.762690018455513e-01  1.491203057160872e+00  1.700183186590440e+00  1.491203057160872e+00  2.770391183448344e-01  1.491203057160872e+00  2.775745753664996e-01  1.491203057160872e+00  3.235066241058649e-03  1.491203057160872e+00  1.351771507133926e+00  1.491203057160872e+00  1.143920891859614e-01  1.491203057160872e+00  3.920055693913959e-04 
 1.495203057160872e+00  9.755979882367138e-01  1.495203057160872e+00  1.700895082401948e+00  1.495203057160872e+00  2.761300040351778e-01  1.495203057160872e+00  2.778303053606353e-01  1.495203057160872e+00  3.237701535199225e-03  1.495203057160872e+00  1.352908779222722e+00  1.495203057160872e+00  1.140881746704800e-01  1.495203057160872e+00  3.892096412812400e-04 
 1.499203057160872e+00  9.749300793379981e-01  1.499203057160872e+00  1.701604136912004e+00  1.499203057160872e+00  2.752267874698223e-01  1.499203057160872e+00  2.780868918324559e-01  1.499203057160872e+00  3.240324636108272e-03  1.499203057160872e+00  1.354043049236279e+00  1.499203057160872e+00  1.137842941050030e-01  1.499203057160872e+00  3.864248720063793e-04 
 1.503203057160872e+00  9.742652686359630e-01  1.503203057160872e+00  1.702310355030206e+00  1.503203057160872e+00  2.743294494310933e-01  1.503203057160872e+00  2.783443271738272e-01  1.503203057160872e+00  3.242935569366254e-03  1.503203057160872e+00  1.355174314994993e+00  1.503203057160872e+00  1.134804475739867e-01  1.503203057160872e+00  3.836512422989129e-04 
 1.507203057160872e+00  9.736035491333421e-01  1.507203057160872e+00  1.703013742054022e+00  1.507203057160872e+00  2.734379694672956e-01  1.507203057160872e+00  2.786026035062056e-01  1.507203057160872e+00  3.245534362453784e-03  1.507203057160872e+00  1.356302574399524e+00  1.507203057160872e+00  1.131766349964081e-01  1.507203057160872e+00  3.808887313677397e-04 
 1.511203057160872e+00  9.729449133726903e-01  1.511203057160872e+00  1.703714303659851e+00  1.511203057160872e+00  2.725523259378113e-01  1.511203057160872e+00  2.788617126907640e-01  1.511203057160872e+00  3.248121044658690e-03  1.511203057160872e+00  1.357427825420872e+00  1.511203057160872e+00  1.128728561262630e-01  1.511203057160872e+00  3.781373169336948e-04 
 1.515203057160872e+00  9.722893534546472e-01  1.515203057160872e+00  1.704412045879103e+00  1.515203057160872e+00  2.716724960565029e-01  1.515203057160872e+00  2.791216463398987e-01  1.515203057160872e+00  3.250695647004425e-03  1.515203057160872e+00  1.358550066084770e+00  1.515203057160872e+00  1.125691105594740e-01  1.515203057160872e+00  3.753969753234668e-04 
 1.519203057160872e+00  9.716368610563968e-01  1.519203057160872e+00  1.705106975074036e+00  1.519203057160872e+00  2.707984559358196e-01  1.519203057160872e+00  2.793823958288658e-01  1.519203057160872e+00  3.253258202177456e-03  1.519203057160872e+00  1.359669294456166e+00  1.519203057160872e+00  1.122653977410845e-01  1.519203057160872e+00  3.726676815644795e-04 
 1.523203057160872e+00  9.709874274524714e-01  1.523203057160872e+00  1.705799097919094e+00  1.523203057160872e+00  2.699301806323877e-01  1.523203057160872e+00  2.796439523070302e-01  1.523203057160872e+00  3.255808744445584e-03  1.523203057160872e+00  1.360785508626009e+00  1.523203057160872e+00  1.119617169702848e-01  1.523203057160872e+00  3.699494094582375e-04 
 1.527203057160872e+00  9.703410435404889e-01  1.527203057160872e+00  1.706488421394702e+00  1.527203057160872e+00  2.690676441950494e-01  1.527203057160872e+00  2.799063067080886e-01  1.527203057160872e+00  3.258347309556914e-03  1.527203057160872e+00  1.361898706702737e+00  1.527203057160872e+00  1.116580674001881e-01  1.527203057160872e+00  3.672421316046223e-04 
 1.531203057160872e+00  9.696976998577587e-01  1.531203057160872e+00  1.707174952757321e+00  1.531203057160872e+00  2.682108197091359e-01  1.531203057160872e+00  2.801694497623103e-01  1.531203057160872e+00  3.260873934674576e-03  1.531203057160872e+00  1.363008886795023e+00  1.531203057160872e+00  1.113544480479112e-01  1.531203057160872e+00  3.645458195195555e-04 
 1.535203057160872e+00  9.690573865965579e-01  1.535203057160872e+00  1.707858699506270e+00  1.535203057160872e+00  2.673596793403480e-01  1.535203057160872e+00  2.804333720090652e-01  1.535203057160872e+00  3.263388658316770e-03  1.535203057160872e+00  1.364116046993666e+00  1.535203057160872e+00  1.110508578063076e-01  1.535203057160872e+00  3.618604437652605e-04 
 1.539203057160872e+00  9.684200936448087e-01  1.539203057160872e+00  1.708539669415981e+00  1.539203057160872e+00  2.665141943893529e-01  1.539203057160872e+00  2.806980638036299e-01  1.539203057160872e+00  3.265891520196975e-03  1.539203057160872e+00  1.365220185377487e+00  1.539203057160872e+00  1.107472954274405e-01  1.539203057160872e+00  3.591859738236175e-04 
 1.543203057160872e+00  9.677858105773243e-01  1.543203057160872e+00  1.709217870442112e+00  1.543203057160872e+00  2.656743353253340e-01  1.543203057160872e+00  2.809635153348656e-01  1.543203057160872e+00  3.268382561258385e-03  1.543203057160872e+00  1.366321299973398e+00  1.543203057160872e+00  1.104437595609532e-01  1.543203057160872e+00  3.565223784648601e-04 
 1.547203057160872e+00  9.671545267060229e-01  1.547203057160872e+00  1.709893310779037e+00  1.547203057160872e+00  2.648400718442016e-01  1.547203057160872e+00  2.812297166296143e-01  1.547203057160872e+00  3.270861823476638e-03  1.547203057160872e+00  1.367419388771615e+00  1.547203057160872e+00  1.101402487267656e-01  1.547203057160872e+00  3.538696255217992e-04 
 1.551203057160872e+00  9.665262310790992e-01  1.551203057160872e+00  1.710565998787890e+00  1.551203057160872e+00  2.640113729050007e-01  1.551203057160872e+00  2.814966575682832e-01  1.551203057160872e+00  3.273329349863153e-03  1.551203057160872e+00  1.368514449694209e+00  1.551203057160872e+00  1.098367613443223e-01  1.551203057160872e+00  3.512276821724421e-04 
