-1.853915719974783e+00  1.765812122030640e+00 -1.853915719974783e+00  1.085553236736013e+00 -1.853915719974783e+00  1.454432401646706e+00 -1.853915719974783e+00  1.230906537818534e-01 -1.853915719974783e+00  4.876993421775702e-04 -1.853915719974783e+00  3.255645829351911e-01 -1.853915719974783e+00  2.687085861129214e-01 -1.853915719974783e+00  3.159330621821511e-03 
-1.849915719974783e+00  1.765176087924293e+00 -1.849915719974783e+00  1.086144244353413e+00 -1.849915719974783e+00  1.453366480171606e+00 -1.849915719974783e+00  1.233299589301457e-01 -1.849915719974783e+00  4.902011719999196e-04 -1.849915719974783e+00  3.265221595644734e-01 -1.849915719974783e+00  2.685416530437307e-01 -1.849915719974783e+00  3.156991535271360e-03 
-1.845915719974783e+00  1.764537458442996e+00 -1.845915719974783e+00  1.086738297531756e+00 -1.845915719974783e+00  1.452297466486329e+00 -1.845915719974783e+00  1.235688704922484e-01 -1.845915719974783e+00  4.927057977776700e-04 -1.845915719974783e+00  3.274862335196675e-01 -1.845915719974783e+00  2.683760176490582e-01 -1.845915719974783e+00  3.154676493006723e-03 
-1.841915719974783e+00  1.763898193916495e+00 -1.841915719974783e+00  1.087333096158332e+00 -1.841915719974783e+00  1.451227692046771e+00 -1.841915719974783e+00  1.238076942213750e-01 -1.841915719974783e+00  4.952166157583593e-04 -1.841915719974783e+00  3.284518936054939e-01 -1.841915719974783e+00  2.682106257333438e-01 -1.841915719974783e+00  3.152340520526843e-03 
-1.837915719974783e+00  1.763257653256266e+00 -1.837915719974783e+00  1.087929392555257e+00 -1.837915719974783e+00  1.450156390702159e+00 -1.837915719974783e+00  1.240463248740042e-01 -1.837915719974783e+00  4.977324453361563e-04 -1.837915719974783e+00  3.294207425777043e-01 -1.837915719974783e+00  2.680458221363118e-01 -1.837915719974783e+00  3.149998665781815e-03 
-1.833915719974783e+00  1.762615845818936e+00 -1.833915719974783e+00  1.088527175854740e+00 -1.833915719974783e+00  1.449083570760811e+00 -1.833915719974783e+00  1.242847599582264e-01 -1.833915719974783e+00  5.002532497272902e-04 -1.833915719974783e+00  3.303927544641094e-01 -1.833915719974783e+00  2.678816018522864e-01 -1.833915719974783e+00  3.147650971477949e-03 
-1.829915719974783e+00  1.761972781036210e+00 -1.829915719974783e+00  1.089126435148374e+00 -1.829915719974783e+00  1.448009240584442e+00 -1.829915719974783e+00  1.245229969874374e-01 -1.829915719974783e+00  5.027789918721922e-04 -1.829915719974783e+00  3.313679031264496e-01 -1.829915719974783e+00  2.677179598068496e-01 -1.829915719974783e+00  3.145297480452951e-03 
-1.825915719974783e+00  1.761328468404095e+00 -1.825915719974783e+00  1.089727159480139e+00 -1.825915719974783e+00  1.446933408580253e+00 -1.825915719974783e+00  1.247610334822382e-01 -1.825915719974783e+00  5.053096344565768e-04 -1.825915719974783e+00  3.323461622722237e-01 -1.825915719974783e+00  2.675548908643923e-01 -1.825915719974783e+00  3.142938235734782e-03 
-1.821915719974783e+00  1.760682917447931e+00 -1.821915719974783e+00  1.090329337710744e+00 -1.821915719974783e+00  1.445856083184382e+00 -1.821915719974783e+00  1.249988669830811e-01 -1.821915719974783e+00  5.078451400511653e-04 -1.821915719974783e+00  3.333275053903926e-01 -1.821915719974783e+00  2.673923898569572e-01 -1.821915719974783e+00  3.140573281071138e-03 
-1.817915719974783e+00  1.760036137773556e+00 -1.817915719974783e+00  1.090932958789683e+00 -1.817915719974783e+00  1.444777272886275e+00 -1.817915719974783e+00  1.252364950317642e-01 -1.817915719974783e+00  5.103854709107219e-04 -1.817915719974783e+00  3.343119059191308e-01 -1.817915719974783e+00  2.672304515420767e-01 -1.817915719974783e+00  3.138202659861045e-03 
-1.813915719974783e+00  1.759388139021033e+00 -1.813915719974783e+00  1.091538011567166e+00 -1.813915719974783e+00  1.443696986206376e+00 -1.813915719974783e+00  1.254739151878970e-01 -1.813915719974783e+00  5.129305891558288e-04 -1.813915719974783e+00  3.352993371517093e-01 -1.813915719974783e+00  2.670690706407536e-01 -1.813915719974783e+00  3.135826415893450e-03 
-1.809915719974783e+00  1.758738930865609e+00 -1.809915719974783e+00  1.092144484827816e+00 -1.809915719974783e+00  1.442615231696334e+00 -1.809915719974783e+00  1.257111250283274e-01 -1.809915719974783e+00  5.154804567690486e-04 -1.809915719974783e+00  3.362897722679343e-01 -1.809915719974783e+00  2.669082418365932e-01 -1.809915719974783e+00  3.133444593214877e-03 
-1.805915719974783e+00  1.758088523013189e+00 -1.805915719974783e+00  1.092752367298262e+00 -1.805915719974783e+00  1.441532017936559e+00 -1.805915719974783e+00  1.259481221485303e-01 -1.805915719974783e+00  5.180350356127949e-04 -1.805915719974783e+00  3.372831843505019e-01 -1.805915719974783e+00  2.667479597794050e-01 -1.805915719974783e+00  3.131057236099602e-03 
-1.801915719974783e+00  1.757436925226502e+00 -1.801915719974783e+00  1.093361647801115e+00 -1.801915719974783e+00  1.440447353548716e+00 -1.801915719974783e+00  1.261849041531321e-01 -1.801915719974783e+00  5.205942873264911e-04 -1.801915719974783e+00  3.382795464857301e-01 -1.801915719974783e+00  2.665882190636503e-01 -1.801915719974783e+00  3.128664388444970e-03 
-1.797915719974783e+00  1.756784147263974e+00 -1.797915719974783e+00  1.093972314991049e+00 -1.797915719974783e+00  1.439361247165735e+00 -1.797915719974783e+00  1.264214686773050e-01 -1.797915719974783e+00  5.231581735666959e-04 -1.797915719974783e+00  3.392788316230455e-01 -1.797915719974783e+00  2.664290142785406e-01 -1.797915719974783e+00  3.126266094807865e-03 
-1.793915719974783e+00  1.756130198915395e+00 -1.793915719974783e+00  1.094584357552760e+00 -1.793915719974783e+00  1.438273707448809e+00 -1.793915719974783e+00  1.266578133738485e-01 -1.793915719974783e+00  5.257266558669860e-04 -1.793915719974783e+00  3.402810127002133e-01 -1.793915719974783e+00  2.662703399786301e-01 -1.793915719974783e+00  3.123862399627229e-03 
-1.789915719974783e+00  1.755475090002336e+00 -1.789915719974783e+00  1.095197764230670e+00 -1.789915719974783e+00  1.437184743087356e+00 -1.789915719974783e+00  1.268939359128188e-01 -1.789915719974783e+00  5.282996956363745e-04 -1.789915719974783e+00  3.412860626718937e-01 -1.789915719974783e+00  2.661121906834072e-01 -1.789915719974783e+00  3.121453347107493e-03 
-1.785915719974783e+00  1.754818830339895e+00 -1.785915719974783e+00  1.095812523671298e+00 -1.785915719974783e+00  1.436094362779906e+00 -1.785915719974783e+00  1.271298339946419e-01 -1.785915719974783e+00  5.308772543094650e-04 -1.785915719974783e+00  3.422939544287318e-01 -1.785915719974783e+00  2.659545609085457e-01 -1.785915719974783e+00  3.119038981837559e-03 
-1.781915719974783e+00  1.754161429755536e+00 -1.781915719974783e+00  1.096428624539363e+00 -1.781915719974783e+00  1.435002575242935e+00 -1.781915719974783e+00  1.273655053431637e-01 -1.781915719974783e+00  5.334592932725629e-04 -1.781915719974783e+00  3.433046608749137e-01 -1.781915719974783e+00  2.657974451503677e-01 -1.781915719974783e+00  3.116619348334868e-03 
-1.777915719974783e+00  1.753502898075353e+00 -1.777915719974783e+00  1.097046055476589e+00 -1.777915719974783e+00  1.433909389203703e+00 -1.777915719974783e+00  1.276009477101018e-01 -1.777915719974783e+00  5.360457739175786e-04 -1.777915719974783e+00  3.443181549140891e-01 -1.777915719974783e+00  2.656408378969773e-01 -1.777915719974783e+00  3.114194491207142e-03 
-1.773915719974783e+00  1.752843245145196e+00 -1.773915719974783e+00  1.097664805229014e+00 -1.773915719974783e+00  1.432814813410312e+00 -1.773915719974783e+00  1.278361588673629e-01 -1.773915719974783e+00  5.386366575590214e-04 -1.773915719974783e+00  3.453344095336093e-01 -1.773915719974783e+00  2.654847336108431e-01 -1.773915719974783e+00  3.111764454652438e-03 
-1.769915719974783e+00  1.752182480784174e+00 -1.769915719974783e+00  1.098284862444786e+00 -1.769915719974783e+00  1.431718856608263e+00 -1.769915719974783e+00  1.280711366228267e-01 -1.769915719974783e+00  5.412319056167129e-04 -1.769915719974783e+00  3.463533976953057e-01 -1.769915719974783e+00  2.653291267667867e-01 -1.769915719974783e+00  3.109329283253275e-03 
-1.765915719974783e+00  1.751520614814803e+00 -1.765915719974783e+00  1.098906215843704e+00 -1.765915719974783e+00  1.430621527554925e+00 -1.765915719974783e+00  1.283058788094823e-01 -1.765915719974783e+00  5.438314794972754e-04 -1.765915719974783e+00  3.473750924437720e-01 -1.765915719974783e+00  2.651740118271730e-01 -1.765915719974783e+00  3.106889021310765e-03 
-1.761915719974783e+00  1.750857657045590e+00 -1.761915719974783e+00  1.099528854154920e+00 -1.761915719974783e+00  1.429522835010440e+00 -1.761915719974783e+00  1.285403832910773e-01 -1.761915719974783e+00  5.464353406626168e-04 -1.761915719974783e+00  3.483994668784207e-01 -1.761915719974783e+00  2.650193832560540e-01 -1.761915719974783e+00  3.104443713089274e-03 
-1.757915719974783e+00  1.750193617267595e+00 -1.757915719974783e+00  1.100152766121590e+00 -1.757915719974783e+00  1.428422787735526e+00 -1.757915719974783e+00  1.287746479628777e-01 -1.757915719974783e+00  5.490434506433663e-04 -1.757915719974783e+00  3.494264941644061e-01 -1.757915719974783e+00  2.648652355218759e-01 -1.757915719974783e+00  3.101993402798188e-03 
-1.753915719974783e+00  1.749528505256952e+00 -1.753915719974783e+00  1.100777940534348e+00 -1.753915719974783e+00  1.427321394492254e+00 -1.753915719974783e+00  1.290086707503939e-01 -1.753915719974783e+00  5.516557710290579e-04 -1.753915719974783e+00  3.504561475603273e-01 -1.753915719974783e+00  2.647115630952828e-01 -1.753915719974783e+00  3.099538134460432e-03 
-1.749915719974783e+00  1.748862330764883e+00 -1.749915719974783e+00  1.101404366202297e+00 -1.749915719974783e+00  1.426218664038551e+00 -1.749915719974783e+00  1.292424496123676e-01 -1.749915719974783e+00  5.542722635072557e-04 -1.749915719974783e+00  3.514884004086177e-01 -1.749915719974783e+00  2.645583604572017e-01 -1.749915719974783e+00  3.097077952026367e-03 
-1.745915719974783e+00  1.748195103517194e+00 -1.745915719974783e+00  1.102032031970084e+00 -1.745915719974783e+00  1.425114605127438e+00 -1.745915719974783e+00  1.294759825405062e-01 -1.745915719974783e+00  5.568928898656241e-04 -1.745915719974783e+00  3.525232261528831e-01 -1.745915719974783e+00  2.644056220991151e-01 -1.745915719974783e+00  3.094612899306827e-03 
-1.741915719974783e+00  1.747526833205695e+00 -1.741915719974783e+00  1.102660926694065e+00 -1.741915719974783e+00  1.424009226502166e+00 -1.741915719974783e+00  1.297092675619411e-01 -1.741915719974783e+00  5.595176120255474e-04 -1.741915719974783e+00  3.535605983305123e-01 -1.741915719974783e+00  2.642533425299745e-01 -1.741915719974783e+00  3.092143020066582e-03 
-1.737915719974783e+00  1.746857529508735e+00 -1.737915719974783e+00  1.103291039362347e+00 -1.737915719974783e+00  1.422902536906131e+00 -1.737915719974783e+00  1.299423027318286e-01 -1.737915719974783e+00  5.621463919615601e-04 -1.737915719974783e+00  3.546004906509987e-01 -1.737915719974783e+00  2.641015162592864e-01 -1.737915719974783e+00  3.089668357553014e-03 
-1.733915719974783e+00  1.746187202047478e+00 -1.733915719974783e+00  1.103922358895071e+00 -1.733915719974783e+00  1.421794545060170e+00 -1.733915719974783e+00  1.301750861476919e-01 -1.733915719974783e+00  5.647791918729973e-04 -1.733915719974783e+00  3.556428768828369e-01 -1.733915719974783e+00  2.639501378327633e-01 -1.733915719974783e+00  3.087188955280431e-03 
-1.729915719974783e+00  1.745515860422272e+00 -1.729915719974783e+00  1.104554874341605e+00 -1.729915719974783e+00  1.420685259680485e+00 -1.729915719974783e+00  1.304076159366478e-01 -1.729915719974783e+00  5.674159740412057e-04 -1.729915719974783e+00  3.566877309773592e-01 -1.729915719974783e+00  2.637992018024649e-01 -1.729915719974783e+00  3.084704856255593e-03 
-1.725915719974783e+00  1.744843514187013e+00 -1.725915719974783e+00  1.105188574768976e+00 -1.725915719974783e+00  1.419574689465100e+00 -1.725915719974783e+00  1.306398902635954e-01 -1.725915719974783e+00  5.700567009302074e-04 -1.725915719974783e+00  3.577350270075970e-01 -1.725915719974783e+00  2.636487027476525e-01 -1.725915719974783e+00  3.082216103415975e-03 
-1.721915719974783e+00  1.744170172850681e+00 -1.721915719974783e+00  1.105823449284456e+00 -1.721915719974783e+00  1.418462843094069e+00 -1.721915719974783e+00  1.308719073302038e-01 -1.721915719974783e+00  5.727013351806916e-04 -1.721915719974783e+00  3.587847391870337e-01 -1.721915719974783e+00  2.634986352734138e-01 -1.721915719974783e+00  3.079722739540913e-03 
-1.717915719974783e+00  1.743495845890382e+00 -1.717915719974783e+00  1.106459487115560e+00 -1.717915719974783e+00  1.417349729235641e+00 -1.717915719974783e+00  1.311036653700739e-01 -1.717915719974783e+00  5.753498395587489e-04 -1.717915719974783e+00  3.598368419229083e-01 -1.717915719974783e+00  2.633489939999006e-01 -1.717915719974783e+00  3.077224806937564e-03 
-1.713915719974783e+00  1.742820542728313e+00 -1.713915719974783e+00  1.107096677508365e+00 -1.713915719974783e+00  1.416235356533933e+00 -1.713915719974783e+00  1.313351626559729e-01 -1.713915719974783e+00  5.780021770464060e-04 -1.713915719974783e+00  3.608913097596932e-01 -1.713915719974783e+00  2.631997735810583e-01 -1.713915719974783e+00  3.074722347840175e-03 
-1.709915719974783e+00  1.742144272725473e+00 -1.709915719974783e+00  1.107735009708655e+00 -1.709915719974783e+00  1.415119733605106e+00 -1.709915719974783e+00  1.315663975013953e-01 -1.709915719974783e+00  5.806583108662677e-04 -1.709915719974783e+00  3.619481173718637e-01 -1.709915719974783e+00  2.630509687096257e-01 -1.709915719974783e+00  3.072215404484123e-03 
-1.705915719974783e+00  1.741467045221089e+00 -1.705915719974783e+00  1.108374473173001e+00 -1.705915719974783e+00  1.414002869057157e+00 -1.705915719974783e+00  1.317973682469915e-01 -1.705915719974783e+00  5.833182043266813e-04 -1.705915719974783e+00  3.630072396960340e-01 -1.705915719974783e+00  2.629025740848766e-01 -1.705915719974783e+00  3.069704018276970e-03 
-1.701915719974783e+00  1.740788869470942e+00 -1.701915719974783e+00  1.109015057269767e+00 -1.701915719974783e+00  1.412884771457578e+00 -1.701915719974783e+00  1.320280732805449e-01 -1.701915719974783e+00  5.859818210640100e-04 -1.701915719974783e+00  3.640686517535657e-01 -1.701915719974783e+00  2.627545844628267e-01 -1.701915719974783e+00  3.067188230972708e-03 
-1.697915719974783e+00  1.740109754690247e+00 -1.697915719974783e+00  1.109656751506191e+00 -1.697915719974783e+00  1.411765449354931e+00 -1.697915719974783e+00  1.322585110222454e-01 -1.697915719974783e+00  5.886491248741698e-04 -1.697915719974783e+00  3.651323287918870e-01 -1.697915719974783e+00  2.626069946211760e-01 -1.697915719974783e+00  3.064668083779892e-03 
-1.693915719974783e+00  1.739429710042468e+00 -1.693915719974783e+00  1.110299545482908e+00 -1.693915719974783e+00  1.410644911272585e+00 -1.693915719974783e+00  1.324886799279290e-01 -1.693915719974783e+00  5.913200797565514e-04 -1.693915719974783e+00  3.661982462604565e-01 -1.693915719974783e+00  2.624597993683203e-01 -1.693915719974783e+00  3.062143617540328e-03 
-1.689915719974783e+00  1.738748744630062e+00 -1.689915719974783e+00  1.110943428856790e+00 -1.689915719974783e+00  1.409523165703381e+00 -1.689915719974783e+00  1.327185784916412e-01 -1.689915719974783e+00  5.939946499504438e-04 -1.689915719974783e+00  3.672663797912619e-01 -1.689915719974783e+00  2.623129935508278e-01 -1.689915719974783e+00  3.059614872874894e-03 
-1.685915719974783e+00  1.738066867487684e+00 -1.685915719974783e+00  1.111588391315525e+00 -1.685915719974783e+00  1.408400221105533e+00 -1.685915719974783e+00  1.329482052473455e-01 -1.685915719974783e+00  5.966727999616431e-04 -1.685915719974783e+00  3.683367051860309e-01 -1.685915719974783e+00  2.621665720588768e-01 -1.685915719974783e+00  3.057081890283512e-03 
-1.681915719974783e+00  1.737384087596860e+00 -1.681915719974783e+00  1.112234422660974e+00 -1.681915719974783e+00  1.407276085909772e+00 -1.681915719974783e+00  1.331775587636274e-01 -1.681915719974783e+00  5.993544945048710e-04 -1.681915719974783e+00  3.694091984698666e-01 -1.681915719974783e+00  2.620205298141977e-01 -1.681915719974783e+00  3.054544709817634e-03 
-1.677915719974783e+00  1.736700413874945e+00 -1.677915719974783e+00  1.112881512761009e+00 -1.677915719974783e+00  1.406150768513067e+00 -1.677915719974783e+00  1.334066376468211e-01 -1.677915719974783e+00  6.020396985471039e-04 -1.677915719974783e+00  3.704838358642449e-01 -1.677915719974783e+00  2.618748617790145e-01 -1.677915719974783e+00  3.052003371269524e-03 
-1.673915719974783e+00  1.736015855181299e+00 -1.673915719974783e+00  1.113529651588718e+00 -1.673915719974783e+00  1.405024277281357e+00 -1.673915719974783e+00  1.336354405385209e-01 -1.673915719974783e+00  6.047283772833757e-04 -1.673915719974783e+00  3.715605938133236e-01 -1.673915719974783e+00  2.617295629509239e-01 -1.673915719974783e+00  3.049457914018220e-03 
-1.669915719974782e+00  1.735330420306259e+00 -1.669915719974782e+00  1.114178829173032e+00 -1.669915719974782e+00  1.403896620543268e+00 -1.669915719974782e+00  1.338639661186762e-01 -1.669915719974782e+00  6.074204961800388e-04 -1.669915719974782e+00  3.726394489556208e-01 -1.669915719974782e+00  2.615846283717986e-01 -1.669915719974782e+00  3.046908377223420e-03 
-1.665915719974782e+00  1.734644117969595e+00 -1.665915719974782e+00  1.114829035597092e+00 -1.665915719974782e+00  1.402767806588774e+00 -1.665915719974782e+00  1.340922131055907e-01 -1.665915719974782e+00  6.101160209808477e-04 -1.665915719974782e+00  3.737203781246902e-01 -1.665915719974782e+00  2.614400531289657e-01 -1.665915719974782e+00  3.044354799831948e-03 
-1.661915719974782e+00  1.733956956826210e+00 -1.661915719974782e+00  1.115480261033308e+00 -1.661915719974782e+00  1.401637843671703e+00 -1.661915719974782e+00  1.343201802535894e-01 -1.661915719974782e+00  6.128149176845450e-04 -1.661915719974782e+00  3.748033583723044e-01 -1.661915719974782e+00  2.612958323505042e-01 -1.661915719974782e+00  3.041797220440022e-03 
-1.657915719974782e+00  1.733268945478415e+00 -1.657915719974782e+00  1.116132495812356e+00 -1.657915719974782e+00  1.400506740015772e+00 -1.657915719974782e+00  1.345478663486211e-01 -1.657915719974782e+00  6.155171524967164e-04 -1.657915719974782e+00  3.758883670126806e-01 -1.657915719974782e+00  2.611519611951826e-01 -1.657915719974782e+00  3.039235677022296e-03 
-1.653915719974782e+00  1.732580092439961e+00 -1.653915719974782e+00  1.116785730242771e+00 -1.653915719974782e+00  1.399374503795072e+00 -1.653915719974782e+00  1.347752702193387e-01 -1.653915719974782e+00  6.182226919709817e-04 -1.653915719974782e+00  3.769753815120990e-01 -1.653915719974782e+00  2.610084348816695e-01 -1.653915719974782e+00  3.036670207640379e-03 
-1.649915719974782e+00  1.731890406162576e+00 -1.649915719974782e+00  1.117439954752035e+00 -1.649915719974782e+00  1.398241143147624e+00 -1.649915719974782e+00  1.350023907280891e-01 -1.649915719974782e+00  6.209315029048109e-04 -1.649915719974782e+00  3.780643795771840e-01 -1.649915719974782e+00  2.608652486668794e-01 -1.649915719974782e+00  3.034100849888765e-03 
-1.645915719974782e+00  1.731199895033650e+00 -1.645915719974782e+00  1.118095159879101e+00 -1.645915719974782e+00  1.397106666173724e+00 -1.645915719974782e+00  1.352292267712111e-01 -1.645915719974782e+00  6.236435523485928e-04 -1.645915719974782e+00  3.791553391513334e-01 -1.645915719974782e+00  2.607223978477737e-01 -1.645915719974782e+00  3.031527640924102e-03 
-1.641915719974782e+00  1.730508567363903e+00 -1.641915719974782e+00  1.118751336213905e+00 -1.641915719974782e+00  1.395971080928921e+00 -1.641915719974782e+00  1.354557772825107e-01 -1.641915719974782e+00  6.263588076540918e-04 -1.641915719974782e+00  3.802482383778621e-01 -1.641915719974782e+00  2.605798777713833e-01 -1.641915719974782e+00  3.028950617702887e-03 
-1.637915719974782e+00  1.729816431402829e+00 -1.637915719974782e+00  1.119408474480900e+00 -1.637915719974782e+00  1.394834395431812e+00 -1.637915719974782e+00  1.356820412278912e-01 -1.637915719974782e+00  6.290772364137999e-04 -1.637915719974782e+00  3.813430556526165e-01 -1.637915719974782e+00  2.604376838221588e-01 -1.637915719974782e+00  3.026369816653252e-03 
-1.633915719974782e+00  1.729123495309526e+00 -1.633915719974782e+00  1.120066565390083e+00 -1.633915719974782e+00  1.393696617647997e+00 -1.633915719974782e+00  1.359080176141452e-01 -1.633915719974782e+00  6.317988065754533e-04 -1.633915719974782e+00  3.824397695315135e-01 -1.633915719974782e+00  2.602958114456637e-01 -1.633915719974782e+00  3.023785274260166e-03 
-1.629915719974782e+00  1.728429767199166e+00 -1.629915719974782e+00  1.120725599881433e+00 -1.629915719974782e+00  1.392557755514539e+00 -1.629915719974782e+00  1.361337054737999e-01 -1.629915719974782e+00  6.345234862595542e-04 -1.629915719974782e+00  3.835383588834237e-01 -1.629915719974782e+00  2.601542561107156e-01 -1.629915719974782e+00  3.021197026105335e-03 
-1.625915719974782e+00  1.727735255088545e+00 -1.625915719974782e+00  1.121385568843073e+00 -1.625915719974782e+00  1.391417816910355e+00 -1.625915719974782e+00  1.363591038818885e-01 -1.625915719974782e+00  6.372512439732151e-04 -1.625915719974782e+00  3.846388027143354e-01 -1.625915719974782e+00  2.600130133536570e-01 -1.625915719974782e+00  3.018605107974135e-03 
-1.621915719974782e+00  1.727039966934151e+00 -1.621915719974782e+00  1.122046463311506e+00 -1.621915719974782e+00  1.390276809676209e+00 -1.621915719974782e+00  1.365842119434818e-01 -1.621915719974782e+00  6.399820484606656e-04 -1.621915719974782e+00  3.857410802924989e-01 -1.621915719974782e+00  2.598720787473298e-01 -1.621915719974782e+00  3.016009555069231e-03 
-1.617915719974782e+00  1.726343910620520e+00 -1.617915719974782e+00  1.122708274412236e+00 -1.617915719974782e+00  1.389134741608082e+00 -1.617915719974782e+00  1.368090287969410e-01 -1.617915719974782e+00  6.427158687489377e-04 -1.617915719974782e+00  3.868451711113080e-01 -1.617915719974782e+00  2.597314479105233e-01 -1.617915719974782e+00  3.013410402243687e-03 
-1.613915719974782e+00  1.725647093955293e+00 -1.613915719974782e+00  1.123370993334884e+00 -1.613915719974782e+00  1.387991620454093e+00 -1.613915719974782e+00  1.370335536150377e-01 -1.613915719974782e+00  6.454526741673317e-04 -1.613915719974782e+00  3.879510548735058e-01 -1.613915719974782e+00  2.595911165119537e-01 -1.613915719974782e+00  3.010807684098849e-03 
-1.609915719974782e+00  1.724949524683932e+00 -1.609915719974782e+00  1.124034611411196e+00 -1.609915719974782e+00  1.386847453922083e+00 -1.609915719974782e+00  1.372577855999348e-01 -1.609915719974782e+00  6.481924342895511e-04 -1.609915719974782e+00  3.890587115399373e-01 -1.609915719974782e+00  2.594510802582625e-01 -1.609915719974782e+00  3.008201434677804e-03 
-1.605915719974782e+00  1.724251210461447e+00 -1.605915719974782e+00  1.124699119966675e+00 -1.605915719974782e+00  1.385702249663918e+00 -1.605915719974782e+00  1.374817239915943e-01 -1.605915719974782e+00  6.509351190448491e-04 -1.605915719974782e+00  3.901681212358376e-01 -1.605915719974782e+00  2.593113349169980e-01 -1.605915719974782e+00  3.005591688048195e-03 
-1.601915719974782e+00  1.723552158887685e+00 -1.601915719974782e+00  1.125364510506429e+00 -1.601915719974782e+00  1.384556015294253e+00 -1.601915719974782e+00  1.377053680563673e-01 -1.601915719974782e+00  6.536806985793100e-04 -1.601915719974782e+00  3.912792643673416e-01 -1.601915719974782e+00  2.591718762878816e-01 -1.601915719974782e+00  3.002978477572303e-03 
-1.597915719974782e+00  1.722852377479702e+00 -1.597915719974782e+00  1.126030774569565e+00 -1.597915719974782e+00  1.383408758375183e+00 -1.597915719974782e+00  1.379287170951952e-01 -1.597915719974782e+00  6.564291433644149e-04 -1.597915719974782e+00  3.923921215292406e-01 -1.597915719974782e+00  2.590327002252537e-01 -1.597915719974782e+00  3.000361836478873e-03 
-1.593915719974782e+00  1.722151873674218e+00 -1.593915719974782e+00  1.126697903741345e+00 -1.593915719974782e+00  1.382260486417195e+00 -1.593915719974782e+00  1.381517704424206e-01 -1.593915719974782e+00  6.591804241874322e-04 -1.593915719974782e+00  3.935066735118283e-01 -1.593915719974782e+00  2.588938026360626e-01 -1.593915719974782e+00  2.997741797815407e-03 
-1.589915719974782e+00  1.721450654858567e+00 -1.589915719974782e+00  1.127365889816402e+00 -1.589915719974782e+00  1.381111206895718e+00 -1.589915719974782e+00  1.383745274558512e-01 -1.589915719974782e+00  6.619345120297757e-04 -1.589915719974782e+00  3.946229014034558e-01 -1.589915719974782e+00  2.587551794546773e-01 -1.589915719974782e+00  2.995118393807089e-03 
-1.585915719974782e+00  1.720748728321197e+00 -1.585915719974782e+00  1.128034724535727e+00 -1.585915719974782e+00  1.379960927223777e+00 -1.585915719974782e+00  1.385969875316435e-01 -1.585915719974782e+00  6.646913782615019e-04 -1.585915719974782e+00  3.957407864233324e-01 -1.585915719974782e+00  2.586168266831325e-01 -1.585915719974782e+00  2.992491656889809e-03 
-1.581915719974782e+00  1.720046101299774e+00 -1.581915719974782e+00  1.128704399840396e+00 -1.581915719974782e+00  1.378809654777942e+00 -1.581915719974782e+00  1.388191500891098e-01 -1.581915719974782e+00  6.674509944523163e-04 -1.581915719974782e+00  3.968603100812974e-01 -1.581915719974782e+00  2.584787403520049e-01 -1.581915719974782e+00  2.989861618713661e-03 
-1.577915719974782e+00  1.719342780943560e+00 -1.577915719974782e+00  1.129374907670623e+00 -1.577915719974782e+00  1.377657396877442e+00 -1.577915719974782e+00  1.390410145819056e-01 -1.577915719974782e+00  6.702133325193533e-04 -1.577915719974782e+00  3.979814540495262e-01 -1.577915719974782e+00  2.583409165509930e-01 -1.577915719974782e+00  2.987228310932104e-03 
-1.573915719974782e+00  1.718638774339857e+00 -1.573915719974782e+00  1.130046240104686e+00 -1.573915719974782e+00  1.376504160798333e+00 -1.573915719974782e+00  1.392625804895570e-01 -1.573915719974782e+00  6.729783646233391e-04 -1.573915719974782e+00  3.991042002496592e-01 -1.573915719974782e+00  2.582033514074047e-01 -1.573915719974782e+00  2.984591764656355e-03 
-1.569915719974782e+00  1.717934088502776e+00 -1.569915719974782e+00  1.130718389297415e+00 -1.569915719974782e+00  1.375349953767057e+00 -1.569915719974782e+00  1.394838473205440e-01 -1.569915719974782e+00  6.757460632126528e-04 -1.569915719974782e+00  4.002285308127429e-01 -1.569915719974782e+00  2.580660410953085e-01 -1.569915719974782e+00  2.981952010697046e-03 
-1.565915719974782e+00  1.717228730365696e+00 -1.565915719974782e+00  1.131391347437999e+00 -1.565915719974782e+00  1.374194782955982e+00 -1.565915719974782e+00  1.397048146142271e-01 -1.565915719974782e+00  6.785164010529723e-04 -1.565915719974782e+00  4.013544280511797e-01 -1.565915719974782e+00  2.579289818416396e-01 -1.565915719974782e+00  2.979309079729836e-03 
-1.561915719974782e+00  1.716522706803507e+00 -1.561915719974782e+00  1.132065106866462e+00 -1.561915719974782e+00  1.373038655495388e+00 -1.561915719974782e+00  1.399254819337477e-01 -1.561915719974782e+00  6.812893511399361e-04 -1.561915719974782e+00  4.024818745317784e-01 -1.561915719974782e+00  2.577921699081495e-01 -1.561915719974782e+00  2.976663001837993e-03 
-1.557915719974782e+00  1.715816024610495e+00 -1.557915719974782e+00  1.132739659953406e+00 -1.557915719974782e+00  1.371881578460981e+00 -1.557915719974782e+00  1.401458488723916e-01 -1.557915719974782e+00  6.840648867859235e-04 -1.557915719974782e+00  4.036108529979012e-01 -1.557915719974782e+00  2.576556016093658e-01 -1.557915719974782e+00  2.974013806984690e-03 
-1.553915719974782e+00  1.715108690522166e+00 -1.553915719974782e+00  1.133414999214278e+00 -1.553915719974782e+00  1.370723558885721e+00 -1.553915719974782e+00  1.403659150466648e-01 -1.553915719974782e+00  6.868429815344414e-04 -1.553915719974782e+00  4.047413464411728e-01 -1.553915719974782e+00  2.575192732948765e-01 -1.553915719974782e+00  2.971361524564305e-03 
-1.549915719974782e+00  1.714400711185576e+00 -1.549915719974782e+00  1.134091117147812e+00 -1.549915719974782e+00  1.369564603743105e+00 -1.549915719974782e+00  1.405856801048992e-01 -1.549915719974782e+00  6.896236092765459e-04 -1.549915719974782e+00  4.058733379969113e-01 -1.549915719974782e+00  2.573831813734430e-01 -1.549915719974782e+00  2.968706184036774e-03 
-1.545915719974782e+00  1.713692093201480e+00 -1.545915719974782e+00  1.134768006459300e+00 -1.545915719974782e+00  1.368404719970312e+00 -1.545915719974782e+00  1.408051437142531e-01 -1.545915719974782e+00  6.924067440853595e-04 -1.545915719974782e+00  4.070068110856393e-01 -1.545915719974782e+00  2.572473222787806e-01 -1.545915719974782e+00  2.966047814050848e-03 
-1.541915719974782e+00  1.712982843078654e+00 -1.541915719974782e+00  1.135445659812651e+00 -1.541915719974782e+00  1.367243914442601e+00 -1.541915719974782e+00  1.410243055741174e-01 -1.541915719974782e+00  6.951923603954845e-04 -1.541915719974782e+00  4.081417492530106e-01 -1.541915719974782e+00  2.571116925066741e-01 -1.541915719974782e+00  2.963386443417826e-03 
-1.537915719974782e+00  1.712272967269967e+00 -1.537915719974782e+00  1.136124070021074e+00 -1.537915719974782e+00  1.366082193993115e+00 -1.537915719974782e+00  1.412431654049774e-01 -1.537915719974782e+00  6.979804328612824e-04 -1.537915719974782e+00  4.092781362905331e-01 -1.537915719974782e+00  2.569762885856943e-01 -1.537915719974782e+00  2.960722100362616e-03 
-1.533915719974782e+00  1.711562472161785e+00 -1.533915719974782e+00  1.136803229987263e+00 -1.533915719974782e+00  1.364919565406794e+00 -1.533915719974782e+00  1.414617229513036e-01 -1.533915719974782e+00  7.007709363985347e-04 -1.533915719974782e+00  4.104159561959078e-01 -1.533915719974782e+00  2.568411070858235e-01 -1.533915719974782e+00  2.958054812758694e-03 
-1.529915719974782e+00  1.710851364059080e+00 -1.529915719974782e+00  1.137483132619790e+00 -1.529915719974782e+00  1.363756035411815e+00 -1.529915719974782e+00  1.416799779856720e-01 -1.529915719974782e+00  7.035638462428420e-04 -1.529915719974782e+00  4.115551931178248e-01 -1.529915719974782e+00  2.567061446305802e-01 -1.529915719974782e+00  2.955384608456496e-03 
-1.525915719974782e+00  1.710139649215055e+00 -1.525915719974782e+00  1.138163770989598e+00 -1.525915719974782e+00  1.362591610695961e+00 -1.525915719974782e+00  1.418979302996672e-01 -1.525915719974782e+00  7.063591378333933e-04 -1.525915719974782e+00  4.126958314550836e-01 -1.525915719974782e+00  2.565713978729782e-01 -1.525915719974782e+00  2.952711514668699e-03 
-1.521915719974782e+00  1.709427333807563e+00 -1.521915719974782e+00  1.138845138199490e+00 -1.521915719974782e+00  1.361426297893223e+00 -1.521915719974782e+00  1.421155797106040e-01 -1.521915719974782e+00  7.091567869054721e-04 -1.521915719974782e+00  4.138378557712290e-01 -1.521915719974782e+00  2.564368635147062e-01 -1.521915719974782e+00  2.950035558482941e-03 
-1.517915719974782e+00  1.708714423948806e+00 -1.517915719974782e+00  1.139527227432927e+00 -1.517915719974782e+00  1.360260103589037e+00 -1.517915719974782e+00  1.423329260583649e-01 -1.517915719974782e+00  7.119567694524188e-04 -1.517915719974782e+00  4.149812508244012e-01 -1.517915719974782e+00  2.563025382982797e-01 -1.517915719974782e+00  2.947356766669973e-03 
-1.513915719974782e+00  1.708000925685989e+00 -1.513915719974782e+00  1.140210031954180e+00 -1.513915719974782e+00  1.359093034320463e+00 -1.513915719974782e+00  1.425499692049337e-01 -1.513915719974782e+00  7.147590617230389e-04 -1.513915719974782e+00  4.161260015659493e-01 -1.513915719974782e+00  2.561684190065319e-01 -1.513915719974782e+00  2.944675165683330e-03 
-1.509915719974782e+00  1.707286845001336e+00 -1.509915719974782e+00  1.140893545104704e+00 -1.509915719974782e+00  1.357925096576017e+00 -1.509915719974782e+00  1.427667090341256e-01 -1.509915719974782e+00  7.175636402215263e-04 -1.509915719974782e+00  4.172720931365643e-01 -1.509915719974782e+00  2.560345024626450e-01 -1.509915719974782e+00  2.941990781673269e-03 
-1.505915719974782e+00  1.706572187810911e+00 -1.505915719974782e+00  1.141577760293144e+00 -1.505915719974782e+00  1.356756296794841e+00 -1.505915719974782e+00  1.429831454516698e-01 -1.505915719974782e+00  7.203704817121083e-04 -1.505915719974782e+00  4.184195108582948e-01 -1.505915719974782e+00  2.559007855311390e-01 -1.505915719974782e+00  2.939303640526302e-03 
-1.501915719974782e+00  1.705856959965072e+00 -1.501915719974782e+00  1.142262670994020e+00 -1.501915719974782e+00  1.355586641366783e+00 -1.501915719974782e+00  1.431992783848187e-01 -1.501915719974782e+00  7.231795632173052e-04 -1.501915719974782e+00  4.195682402321206e-01 -1.501915719974782e+00  2.557672651175371e-01 -1.501915719974782e+00  2.936613767870111e-03 
-1.497915719974782e+00  1.705141167257328e+00 -1.497915719974782e+00  1.142948270792143e+00 -1.497915719974782e+00  1.354416136637248e+00 -1.497915719974782e+00  1.434151077795045e-01 -1.497915719974782e+00  7.259908619830308e-04 -1.497915719974782e+00  4.207182669651803e-01 -1.497915719974782e+00  2.556339381612153e-01 -1.497915719974782e+00  2.933921188899312e-03 
-1.493915719974782e+00  1.704424815412608e+00 -1.493915719974782e+00  1.143634553315139e+00 -1.493915719974782e+00  1.353244788900422e+00 -1.493915719974782e+00  1.436306336035300e-01 -1.493915719974782e+00  7.288043555247654e-04 -1.493915719974782e+00  4.218695769255302e-01 -1.493915719974782e+00  2.555008016449497e-01 -1.493915719974782e+00  2.931225928640327e-03 
-1.489915719974782e+00  1.703707910097255e+00 -1.489915719974782e+00  1.144321512283768e+00 -1.489915719974782e+00  1.352072604404778e+00 -1.489915719974782e+00  1.438458558434102e-01 -1.489915719974782e+00  7.316200215882582e-04 -1.489915719974782e+00  4.230221561731843e-01 -1.489915719974782e+00  2.553678525868724e-01 -1.489915719974782e+00  2.928528011753830e-03 
-1.485915719974782e+00  1.702990456906449e+00 -1.485915719974782e+00  1.145009141439642e+00 -1.485915719974782e+00  1.350899589345803e+00 -1.485915719974782e+00  1.440607745077864e-01 -1.485915719974782e+00  7.344378381989156e-04 -1.485915719974782e+00  4.241759909116465e-01 -1.485915719974782e+00  2.552350880506948e-01 -1.485915719974782e+00  2.925827462818605e-03 
-1.481915719974782e+00  1.702272461382987e+00 -1.481915719974782e+00  1.145697434643530e+00 -1.481915719974782e+00  1.349725749876516e+00 -1.481915719974782e+00  1.442753896217503e-01 -1.481915719974782e+00  7.372577835880867e-04 -1.481915719974782e+00  4.253310675501127e-01 -1.481915719974782e+00  2.551025051305311e-01 -1.481915719974782e+00  2.923124305945442e-03 
-1.477915719974782e+00  1.701553929000405e+00 -1.477915719974782e+00  1.146386385779428e+00 -1.477915719974782e+00  1.348551092097756e+00 -1.477915719974782e+00  1.444897012315027e-01 -1.477915719974782e+00  7.400798362592802e-04 -1.477915719974782e+00  4.264873726396401e-01 -1.477915719974782e+00  2.549701009646242e-01 -1.477915719974782e+00  2.920418565153945e-03 
-1.473915719974782e+00  1.700834865191665e+00 -1.473915719974782e+00  1.147075988907357e+00 -1.473915719974782e+00  1.347375622074409e+00 -1.473915719974782e+00  1.447037093958701e-01 -1.473915719974782e+00  7.429039748755501e-04 -1.473915719974782e+00  4.276448929709469e-01 -1.473915719974782e+00  2.548378727121157e-01 -1.473915719974782e+00  2.917710263772389e-03 
-1.469915719974782e+00  1.700115275304128e+00 -1.469915719974782e+00  1.147766238013132e+00 -1.469915719974782e+00  1.346199345809617e+00 -1.469915719974782e+00  1.449174141990536e-01 -1.469915719974782e+00  7.457301784362857e-04 -1.469915719974782e+00  4.288036154100578e-01 -1.469915719974782e+00  2.547058175896372e-01 -1.469915719974782e+00  2.914999425420448e-03 
-1.465915719974782e+00  1.699395164645454e+00 -1.465915719974782e+00  1.148457127255362e+00 -1.465915719974782e+00  1.345022269270850e+00 -1.465915719974782e+00  1.451308157372167e-01 -1.465915719974782e+00  7.485584260970054e-04 -1.465915719974782e+00  4.299635270574733e-01 -1.465915719974782e+00  2.545739328341173e-01 -1.465915719974782e+00  2.912286073039281e-03 
-1.461915719974782e+00  1.698674538450100e+00 -1.461915719974782e+00  1.149148650778100e+00 -1.461915719974782e+00  1.343844398370673e+00 -1.461915719974782e+00  1.453439141278953e-01 -1.461915719974782e+00  7.513886973008763e-04 -1.461915719974782e+00  4.311246151246106e-01 -1.461915719974782e+00  2.544422157300018e-01 -1.461915719974782e+00  2.909570229627085e-03 
-1.457915719974782e+00  1.697953401907079e+00 -1.457915719974782e+00  1.149840802858819e+00 -1.457915719974782e+00  1.342665738982516e+00 -1.457915719974782e+00  1.455567095018516e-01 -1.457915719974782e+00  7.542209716697169e-04 -1.457915719974782e+00  4.322868670286990e-01 -1.457915719974782e+00  2.543106635867952e-01 -1.457915719974782e+00  2.906851917658142e-03 
-1.453915719974782e+00  1.697231760146116e+00 -1.453915719974782e+00  1.150533577828687e+00 -1.453915719974782e+00  1.341486296932674e+00 -1.453915719974782e+00  1.457692020068475e-01 -1.453915719974782e+00  7.570552290583375e-04 -1.453915719974782e+00  4.334502703393033e-01 -1.453915719974782e+00  2.541792737503266e-01 -1.453915719974782e+00  2.904131159395864e-03 
-1.449915719974782e+00  1.696509618231393e+00 -1.449915719974782e+00  1.151226970033860e+00 -1.449915719974782e+00  1.340306077996613e+00 -1.449915719974782e+00  1.459813918092242e-01 -1.449915719974782e+00  7.598914495791443e-04 -1.449915719974782e+00  4.346148127514351e-01 -1.449915719974782e+00  2.540480436079061e-01 -1.449915719974782e+00  2.901407977044780e-03 
-1.445915719974782e+00  1.695786981184359e+00 -1.445915719974782e+00  1.151920973956948e+00 -1.445915719974782e+00  1.339125087911989e+00 -1.445915719974782e+00  1.461932790872341e-01 -1.445915719974782e+00  7.627296135125068e-04 -1.445915719974782e+00  4.357804821634277e-01 -1.445915719974782e+00  2.539169705698467e-01 -1.445915719974782e+00  2.898682392273507e-03 
-1.441915719974782e+00  1.695063853960966e+00 -1.441915719974782e+00  1.152615584087753e+00 -1.441915719974782e+00  1.337943332365489e+00 -1.441915719974782e+00  1.464048640373282e-01 -1.441915719974782e+00  7.655697013962086e-04 -1.441915719974782e+00  4.369472665909137e-01 -1.441915719974782e+00  2.537860520880045e-01 -1.441915719974782e+00  2.895954426722428e-03 
-1.437915719974782e+00  1.694340241463236e+00 -1.437915719974782e+00  1.153310794982792e+00 -1.437915719974782e+00  1.336760816999406e+00 -1.437915719974782e+00  1.466161468706897e-01 -1.437915719974782e+00  7.684116939799945e-04 -1.437915719974782e+00  4.381151542042153e-01 -1.437915719974782e+00  2.536552856464465e-01 -1.437915719974782e+00  2.893224101769927e-03 
-1.433915719974782e+00  1.693616148546960e+00 -1.433915719974782e+00  1.154006601303817e+00 -1.433915719974782e+00  1.335577547416007e+00 -1.433915719974782e+00  1.468271278108994e-01 -1.433915719974782e+00  7.712555721953013e-04 -1.433915719974782e+00  4.392841333521126e-01 -1.433915719974782e+00  2.535246687552484e-01 -1.433915719974782e+00  2.890491438381082e-03 
-1.429915719974782e+00  1.692891580005643e+00 -1.429915719974782e+00  1.154702997725177e+00 -1.429915719974782e+00  1.334393529168223e+00 -1.429915719974782e+00  1.470378070982959e-01 -1.429915719974782e+00  7.741013172183487e-04 -1.429915719974782e+00  4.404541924996653e-01 -1.429915719974782e+00  2.533941989635990e-01 -1.429915719974782e+00  2.887756457471486e-03 
-1.425915719974782e+00  1.692166540581158e+00 -1.425915719974782e+00  1.155399978988545e+00 -1.425915719974782e+00  1.333208767765716e+00 -1.425915719974782e+00  1.472481849868050e-01 -1.425915719974782e+00  7.769489104283022e-04 -1.425915719974782e+00  4.416253202625714e-01 -1.425915719974782e+00  2.532638738512049e-01 -1.425915719974782e+00  2.885019179692372e-03 
-1.421915719974782e+00  1.691441034967248e+00 -1.421915719974782e+00  1.156097539918286e+00 -1.421915719974782e+00  1.332023268676869e+00 -1.421915719974782e+00  1.474582617428046e-01 -1.421915719974782e+00  7.797983333934623e-04 -1.421915719974782e+00  4.427975054158169e-01 -1.421915719974782e+00  2.531336910255069e-01 -1.421915719974782e+00  2.882279625370143e-03 
-1.417915719974782e+00  1.690715067800499e+00 -1.417915719974782e+00  1.156795675367588e+00 -1.417915719974782e+00  1.330837037323496e+00 -1.417915719974782e+00  1.476680376474975e-01 -1.417915719974782e+00  7.826495679067607e-04 -1.417915719974782e+00  4.439707368568672e-01 -1.417915719974782e+00  2.530036481290708e-01 -1.417915719974782e+00  2.879537814718084e-03 
-1.413915719974782e+00  1.689988643673333e+00 -1.413915719974782e+00  1.157494380286409e+00 -1.413915719974782e+00  1.329650079088339e+00 -1.413915719974782e+00  1.478775129931361e-01 -1.413915719974782e+00  7.855025959347453e-04 -1.413915719974782e+00  4.451450036488606e-01 -1.413915719974782e+00  2.528737428290870e-01 -1.413915719974782e+00  2.876793767569355e-03 
-1.409915719974782e+00  1.689261767127843e+00 -1.409915719974782e+00  1.158193649683326e+00 -1.409915719974782e+00  1.328462399311450e+00 -1.409915719974782e+00  1.480866880846001e-01 -1.409915719974782e+00  7.883573996417275e-04 -1.409915719974782e+00  4.463202949941545e-01 -1.409915719974782e+00  2.527439728224625e-01 -1.409915719974782e+00  2.874047503526983e-03 
-1.405915719974782e+00  1.688534442635556e+00 -1.405915719974782e+00  1.158893478509483e+00 -1.405915719974782e+00  1.327274003278369e+00 -1.405915719974782e+00  1.482955632448570e-01 -1.405915719974782e+00  7.912139614692837e-04 -1.405915719974782e+00  4.474966001564632e-01 -1.405915719974782e+00  2.526143358522884e-01 -1.405915719974782e+00  2.871299042419460e-03 
-1.401915719974782e+00  1.687806674652296e+00 -1.401915719974782e+00  1.159593861958696e+00 -1.401915719974782e+00  1.326084896252015e+00 -1.401915719974782e+00  1.485041387996141e-01 -1.401915719974782e+00  7.940722639208469e-04 -1.401915719974782e+00  4.486739086570602e-01 -1.401915719974782e+00  2.524848296633824e-01 -1.401915719974782e+00  2.868548403122314e-03 
-1.397915719974782e+00  1.687078467560072e+00 -1.397915719974782e+00  1.160294795141511e+00 -1.397915719974782e+00  1.324895083438831e+00 -1.397915719974782e+00  1.487124150932893e-01 -1.397915719974782e+00  7.969322897898221e-04 -1.397915719974782e+00  4.498522100587804e-01 -1.397915719974782e+00  2.523554520495126e-01 -1.397915719974782e+00  2.865795604838059e-03 
-1.393915719974782e+00  1.686349825694942e+00 -1.393915719974782e+00  1.160996273235618e+00 -1.393915719974782e+00  1.323704570004961e+00 -1.393915719974782e+00  1.489203924811495e-01 -1.393915719974782e+00  7.997940220502452e-04 -1.393915719974782e+00  4.510314940636476e-01 -1.393915719974782e+00  2.522262008308568e-01 -1.393915719974782e+00  2.863040666505485e-03 
-1.389915719974782e+00  1.685620753364386e+00 -1.389915719974782e+00  1.161698291578862e+00 -1.389915719974782e+00  1.322513361086401e+00 -1.389915719974782e+00  1.491280713244181e-01 -1.389915719974782e+00  8.026574437885054e-04 -1.389915719974782e+00  4.522117505729703e-01 -1.389915719974782e+00  2.520970738399348e-01 -1.389915719974782e+00  2.860283606434448e-03 
-1.385915719974782e+00  1.684891254805677e+00 -1.385915719974782e+00  1.162400845433825e+00 -1.385915719974782e+00  1.321321461764647e+00 -1.385915719974782e+00  1.493354520016045e-01 -1.385915719974782e+00  8.055225383668248e-04 -1.385915719974782e+00  4.533929695306573e-01 -1.385915719974782e+00  2.519680689555092e-01 -1.385915719974782e+00  2.857524443230351e-03 
-1.381915719974782e+00  1.684161334213225e+00 -1.381915719974782e+00  1.163103930136097e+00 -1.381915719974782e+00  1.320128877082635e+00 -1.381915719974782e+00  1.495425349008451e-01 -1.381915719974782e+00  8.083892893158951e-04 -1.381915719974782e+00  4.545751410196771e-01 -1.381915719974782e+00  2.518391840804219e-01 -1.381915719974782e+00  2.854763195211910e-03 
-1.377915719974782e+00  1.683430995747366e+00 -1.377915719974782e+00  1.163807541139435e+00 -1.377915719974782e+00  1.318935612049909e+00 -1.377915719974782e+00  1.497493204174004e-01 -1.377915719974782e+00  8.112576803003737e-04 -1.377915719974782e+00  4.557582552906494e-01 -1.377915719974782e+00  2.517104171345346e-01 -1.377915719974782e+00  2.851999880233727e-03 
-1.373915719974782e+00  1.682700243513677e+00 -1.373915719974782e+00  1.164511673896929e+00 -1.373915719974782e+00  1.317741671630469e+00 -1.373915719974782e+00  1.499558089591996e-01 -1.373915719974782e+00  8.141276952000618e-04 -1.373915719974782e+00  4.569423026820417e-01 -1.373915719974782e+00  2.515817660715889e-01 -1.373915719974782e+00  2.849234516153017e-03 
-1.369915719974782e+00  1.681969081577040e+00 -1.369915719974782e+00  1.165216323935677e+00 -1.369915719974782e+00  1.316547060751025e+00 -1.369915719974782e+00  1.501620009428822e-01 -1.369915719974782e+00  8.169993180546745e-04 -1.369915719974782e+00  4.581272736682331e-01 -1.369915719974782e+00  2.514532288678421e-01 -1.369915719974782e+00  2.846467120536398e-03 
-1.365915719974782e+00  1.681237513963415e+00 -1.365915719974782e+00  1.165921486862908e+00 -1.365915719974782e+00  1.315351784302028e+00 -1.365915719974782e+00  1.503678967932275e-01 -1.365915719974782e+00  8.198725330569454e-04 -1.365915719974782e+00  4.593131588623597e-01 -1.365915719974782e+00  2.513248035207114e-01 -1.365915719974782e+00  2.843697710635716e-03 
-1.361915719974782e+00  1.680505544634052e+00 -1.361915719974782e+00  1.166627158218491e+00 -1.361915719974782e+00  1.314155847122500e+00 -1.361915719974782e+00  1.505734969500342e-01 -1.361915719974782e+00  8.227473246538739e-04 -1.361915719974782e+00  4.604999489173436e-01 -1.361915719974782e+00  2.511964880697772e-01 -1.361915719974782e+00  2.840926303967382e-03 
-1.357915719974782e+00  1.679773177526553e+00 -1.357915719974782e+00  1.167333333700494e+00 -1.357915719974782e+00  1.312959254024175e+00 -1.357915719974782e+00  1.507788018568723e-01 -1.357915719974782e+00  8.256236773853520e-04 -1.357915719974782e+00  4.616876346740639e-01 -1.357915719974782e+00  2.510682805634908e-01 -1.357915719974782e+00  2.838152917426551e-03 
-1.353915719974782e+00  1.679040416536810e+00 -1.353915719974782e+00  1.168040009060784e+00 -1.353915719974782e+00  1.311762009780914e+00 -1.353915719974782e+00  1.509838119659119e-01 -1.353915719974782e+00  8.285015759552482e-04 -1.353915719974782e+00  4.628762070910472e-01 -1.353915719974782e+00  2.509401790739278e-01 -1.353915719974782e+00  2.835377567697030e-03 
-1.349915719974782e+00  1.678307265496090e+00 -1.349915719974782e+00  1.168747179973450e+00 -1.349915719974782e+00  1.310564119115139e+00 -1.349915719974782e+00  1.511885277439854e-01 -1.349915719974782e+00  8.313810053213528e-04 -1.349915719974782e+00  4.640656571559245e-01 -1.349915719974782e+00  2.508121817154548e-01 -1.349915719974782e+00  2.832600271768122e-03 
-1.345915719974782e+00  1.677573728226534e+00 -1.345915719974782e+00  1.169454842341476e+00 -1.345915719974782e+00  1.309365586730641e+00 -1.345915719974782e+00  1.513929496575421e-01 -1.345915719974782e+00  8.342619504773410e-04 -1.345915719974782e+00  4.652559760877421e-01 -1.345915719974782e+00  2.506842865997219e-01 -1.345915719974782e+00  2.829821045730188e-03 
-1.341915719974782e+00  1.676839808483522e+00 -1.341915719974782e+00  1.170162991970999e+00 -1.341915719974782e+00  1.308166417278523e+00 -1.341915719974782e+00  1.515970781880784e-01 -1.341915719974782e+00  8.371443966792156e-04 -1.341915719974782e+00  4.664471551196089e-01 -1.341915719974782e+00  2.505564918825524e-01 -1.341915719974782e+00  2.827039906053902e-03 
-1.337915719974782e+00  1.676105509988230e+00 -1.337915719974782e+00  1.170871624749938e+00 -1.337915719974782e+00  1.306966615376441e+00 -1.337915719974782e+00  1.518009138232806e-01 -1.337915719974782e+00  8.400283293173952e-04 -1.337915719974782e+00  4.676391856160946e-01 -1.337915719974782e+00  2.504287957375566e-01 -1.337915719974782e+00  2.824256868888789e-03 
-1.333915719974782e+00  1.675370836427868e+00 -1.333915719974782e+00  1.171580736645961e+00 -1.333915719974782e+00  1.305766185608793e+00 -1.333915719974782e+00  1.520044570568954e-01 -1.333915719974782e+00  8.429137339157964e-04 -1.333915719974782e+00  4.688320590707761e-01 -1.333915719974782e+00  2.503011963560100e-01 -1.333915719974782e+00  2.821471950071164e-03 
-1.329915719974782e+00  1.674635791442992e+00 -1.329915719974782e+00  1.172290323632061e+00 -1.329915719974782e+00  1.304565132519191e+00 -1.329915719974782e+00  1.522077083920346e-01 -1.329915719974782e+00  8.458005961816172e-04 -1.329915719974782e+00  4.700257670556590e-01 -1.329915719974782e+00  2.501736919572273e-01 -1.329915719974782e+00  2.818685165416425e-03 
-1.325915719974782e+00  1.673900378639346e+00 -1.325915719974782e+00  1.173000381749602e+00 -1.325915719974782e+00  1.303363460617520e+00 -1.325915719974782e+00  1.524106683379398e-01 -1.325915719974782e+00  8.486889019589275e-04 -1.325915719974782e+00  4.712203012619762e-01 -1.325915719974782e+00  2.500462807790018e-01 -1.325915719974782e+00  2.815896530471452e-03 
-1.321915719974782e+00  1.673164601583513e+00 -1.321915719974782e+00  1.173710907080538e+00 -1.321915719974782e+00  1.302161174377363e+00 -1.321915719974782e+00  1.526133374110579e-01 -1.321915719974782e+00  8.515786372455973e-04 -1.321915719974782e+00  4.724156534806232e-01 -1.321915719974782e+00  2.499189610812241e-01 -1.321915719974782e+00  2.813106060623711e-03 
-1.317915719974782e+00  1.672428463798701e+00 -1.317915719974782e+00  1.174421895720539e+00 -1.317915719974782e+00  1.300958278233515e+00 -1.317915719974782e+00  1.528157161360884e-01 -1.317915719974782e+00  8.544697882099931e-04 -1.317915719974782e+00  4.736118155831834e-01 -1.317915719974782e+00  2.497917311493658e-01 -1.317915719974782e+00  2.810313771206834e-03 
-1.313915719974782e+00  1.671691968776614e+00 -1.313915719974782e+00  1.175133343842379e+00 -1.313915719974782e+00  1.299754776589077e+00 -1.313915719974782e+00  1.530178050427584e-01 -1.313915719974782e+00  8.573623411442667e-04 -1.313915719974782e+00  4.748087795630704e-01 -1.313915719974782e+00  2.496645892848963e-01 -1.313915719974782e+00  2.807519677251584e-03 
-1.309915719974782e+00  1.670955119968507e+00 -1.309915719974782e+00  1.175845247642495e+00 -1.309915719974782e+00  1.298550673810146e+00 -1.309915719974782e+00  1.532196046681237e-01 -1.309915719974782e+00  8.602562824994954e-04 -1.309915719974782e+00  4.760065374988950e-01 -1.309915719974782e+00  2.495375338126305e-01 -1.309915719974782e+00  2.804723793695833e-03 
-1.305915719974782e+00  1.670217920782967e+00 -1.305915719974782e+00  1.176557603325384e+00 -1.305915719974782e+00  1.297345974224511e+00 -1.305915719974782e+00  1.534211155570785e-01 -1.305915719974782e+00  8.631515988944244e-04 -1.305915719974782e+00  4.772050815429937e-01 -1.305915719974782e+00  2.494105630825871e-01 -1.305915719974782e+00  2.801926135445784e-03 
-1.301915719974782e+00  1.669480374614615e+00 -1.301915719974782e+00  1.177270407261788e+00 -1.301915719974782e+00  1.296140682138839e+00 -1.301915719974782e+00  1.536223382547416e-01 -1.301915719974782e+00  8.660482770027110e-04 -1.301915719974782e+00  4.784044040259713e-01 -1.301915719974782e+00  2.492836754467319e-01 -1.301915719974782e+00  2.799126716754744e-03 
-1.297915719974782e+00  1.668742484791178e+00 -1.297915719974782e+00  1.177983655687936e+00 -1.297915719974782e+00  1.294934801807060e+00 -1.297915719974782e+00  1.538232733203076e-01 -1.297915719974782e+00  8.689463037608026e-04 -1.297915719974782e+00  4.796044972549970e-01 -1.297915719974782e+00  2.491568693020874e-01 -1.297915719974782e+00  2.796325552404301e-03 
-1.293915719974782e+00  1.668004254623226e+00 -1.293915719974782e+00  1.178697344982288e+00 -1.293915719974782e+00  1.293728337460132e+00 -1.293915719974782e+00  1.540239213139079e-01 -1.293915719974782e+00  8.718456661725763e-04 -1.293915719974782e+00  4.808053536974913e-01 -1.293915719974782e+00  2.490301430503398e-01 -1.293915719974782e+00  2.793522656617448e-03 
-1.289915719974782e+00  1.667265687392915e+00 -1.289915719974782e+00  1.179411471599238e+00 -1.289915719974782e+00  1.292521293299365e+00 -1.289915719974782e+00  1.542242827995370e-01 -1.289915719974782e+00  8.747463513536124e-04 -1.289915719974782e+00  4.820069659359794e-01 -1.289915719974782e+00  2.489034951070678e-01 -1.289915719974782e+00  2.790718043318943e-03 
-1.285915719974782e+00  1.666526786328164e+00 -1.285915719974782e+00  1.180126031920590e+00 -1.285915719974782e+00  1.291313673480968e+00 -1.285915719974782e+00  1.544243583517271e-01 -1.285915719974782e+00  8.776483466325258e-04 -1.285915719974782e+00  4.832093265678583e-01 -1.285915719974782e+00  2.487769239228289e-01 -1.285915719974782e+00  2.787911726718691e-03 
-1.281915719974782e+00  1.665787554633392e+00 -1.281915719974782e+00  1.180841022425887e+00 -1.281915719974782e+00  1.290105482134500e+00 -1.281915719974782e+00  1.546241485474610e-01 -1.281915719974782e+00  8.805516394303046e-04 -1.281915719974782e+00  4.844124283182515e-01 -1.281915719974782e+00  2.486504279581896e-01 -1.281915719974782e+00  2.785103720642652e-03 
-1.277915719974782e+00  1.665047995485239e+00 -1.277915719974782e+00  1.181556439665246e+00 -1.277915719974782e+00  1.288896723360364e+00 -1.277915719974782e+00  1.548236539672520e-01 -1.277915719974782e+00  8.834562172770794e-04 -1.277915719974782e+00  4.856162640209817e-01 -1.277915719974782e+00  2.485240056873093e-01 -1.277915719974782e+00  2.782294038639697e-03 
-1.273915719974782e+00  1.664308112009300e+00 -1.273915719974782e+00  1.182272280125321e+00 -1.273915719974782e+00  1.287687401215851e+00 -1.273915719974782e+00  1.550228752011288e-01 -1.273915719974782e+00  8.863620679035375e-04 -1.273915719974782e+00  4.868208265279504e-01 -1.273915719974782e+00  2.483976556169258e-01 -1.273915719974782e+00  2.779482694507887e-03 
-1.269915719974782e+00  1.663567907324258e+00 -1.269915719974782e+00  1.182988540475483e+00 -1.269915719974782e+00  1.286477519741722e+00 -1.269915719974782e+00  1.552218128371408e-01 -1.269915719974782e+00  8.892691790675418e-04 -1.269915719974782e+00  4.880261088730007e-01 -1.269915719974782e+00  2.482713762504967e-01 -1.269915719974782e+00  2.776669701327745e-03 
-1.265915719974782e+00  1.662827384488283e+00 -1.265915719974782e+00  1.183705217262412e+00 -1.265915719974782e+00  1.285267082929993e+00 -1.265915719974782e+00  1.554204674751909e-01 -1.265915719974782e+00  8.921775387646801e-04 -1.265915719974782e+00  4.892321040665700e-01 -1.265915719974782e+00  2.481451661319108e-01 -1.265915719974782e+00  2.773855072661572e-03 
-1.261915719974782e+00  1.662086546545095e+00 -1.261915719974782e+00  1.184422307167360e+00 -1.261915719974782e+00  1.284056094751699e+00 -1.261915719974782e+00  1.556188397150689e-01 -1.261915719974782e+00  8.950871350473342e-04 -1.261915719974782e+00  4.904388052670658e-01 -1.261915719974782e+00  2.480190238080508e-01 -1.261915719974782e+00  2.771038821543226e-03 
-1.257915719974782e+00  1.661345396507077e+00 -1.257915719974782e+00  1.185139806908219e+00 -1.257915719974782e+00  1.282844559146790e+00 -1.257915719974782e+00  1.558169301607854e-01 -1.257915719974782e+00  8.979979560910110e-04 -1.257915719974782e+00  4.916462057144541e-01 -1.257915719974782e+00  2.478929478425893e-01 -1.257915719974782e+00  2.768220960862617e-03 
-1.253915719974782e+00  1.660603937348174e+00 -1.253915719974782e+00  1.185857713196435e+00 -1.253915719974782e+00  1.281632480019871e+00 -1.253915719974782e+00  1.560147394223493e-01 -1.253915719974782e+00  9.009099902222363e-04 -1.253915719974782e+00  4.928542987005100e-01 -1.253915719974782e+00  2.477669368218734e-01 -1.253915719974782e+00  2.765401503535002e-03 
-1.249915719974782e+00  1.659862172011200e+00 -1.249915719974782e+00  1.186576022775702e+00 -1.249915719974782e+00  1.280419861244652e+00 -1.249915719974782e+00  1.562122681138375e-01 -1.249915719974782e+00  9.038232258898337e-04 -1.249915719974782e+00  4.940630775938967e-01 -1.249915719974782e+00  2.476409893490223e-01 -1.249915719974782e+00  2.762580462348999e-03 
-1.245915719974782e+00  1.659120103416985e+00 -1.245915719974782e+00  1.187294732471126e+00 -1.245915719974782e+00  1.279206706669533e+00 -1.245915719974782e+00  1.564095168510197e-01 -1.245915719974782e+00  9.067376516290076e-04 -1.245915719974782e+00  4.952725358723459e-01 -1.245915719974782e+00  2.475151040365330e-01 -1.245915719974782e+00  2.759757849773443e-03 
-1.241915719974782e+00  1.658377734447243e+00 -1.241915719974782e+00  1.188013839089598e+00 -1.241915719974782e+00  1.277993020107281e+00 -1.241915719974782e+00  1.566064862557048e-01 -1.241915719974782e+00  9.096532561286215e-04 -1.241915719974782e+00  4.964826670549995e-01 -1.241915719974782e+00  2.473892795203206e-01 -1.241915719974782e+00  2.756933678348770e-03 
-1.237915719974782e+00  1.657635067960622e+00 -1.237915719974782e+00  1.188733339508042e+00 -1.237915719974782e+00  1.276778805344799e+00 -1.237915719974782e+00  1.568031769516020e-01 -1.237915719974782e+00  9.125700281681935e-04 -1.237915719974782e+00  4.976934647608363e-01 -1.237915719974782e+00  2.472635144466996e-01 -1.237915719974782e+00  2.754107960340300e-03 
-1.233915719974782e+00  1.656892106773511e+00 -1.233915719974782e+00  1.189453230562303e+00 -1.233915719974782e+00  1.275564066131522e+00 -1.233915719974782e+00  1.569995895691673e-01 -1.233915719974782e+00  9.154879566932070e-04 -1.233915719974782e+00  4.989049226332549e-01 -1.233915719974782e+00  2.471378074880801e-01 -1.233915719974782e+00  2.751280708174763e-03 
-1.229915719974782e+00  1.656148853696911e+00 -1.229915719974782e+00  1.190173509253272e+00 -1.229915719974782e+00  1.274348806201855e+00 -1.229915719974782e+00  1.571957247362056e-01 -1.229915719974782e+00  9.184070306704035e-04 -1.229915719974782e+00  5.001170344777889e-01 -1.229915719974782e+00  2.470121573130020e-01 -1.229915719974782e+00  2.748451933630636e-03 
-1.225915719974782e+00  1.655405311493207e+00 -1.225915719974782e+00  1.190894172499699e+00 -1.225915719974782e+00  1.273133029248976e+00 -1.225915719974782e+00  1.573915830888132e-01 -1.225915719974782e+00  9.213272392574050e-04 -1.225915719974782e+00  5.013297940952731e-01 -1.225915719974782e+00  2.468865626214174e-01 -1.225915719974782e+00  2.745621648809031e-03 
-1.221915719974782e+00  1.654661482905336e+00 -1.221915719974782e+00  1.191615217300897e+00 -1.221915719974782e+00  1.271916738942595e+00 -1.221915719974782e+00  1.575871652639486e-01 -1.221915719974782e+00  9.242485716883316e-04 -1.221915719974782e+00  5.025431953904068e-01 -1.221915719974782e+00  2.467610221209874e-01 -1.221915719974782e+00  2.742789865494635e-03 
-1.217915719974782e+00  1.653917370641683e+00 -1.217915719974782e+00  1.192336640648703e+00 -1.217915719974782e+00  1.270699938919822e+00 -1.217915719974782e+00  1.577824719032181e-01 -1.217915719974782e+00  9.271710173329792e-04 -1.217915719974782e+00  5.037572323118342e-01 -1.217915719974782e+00  2.466355345394638e-01 -1.217915719974782e+00  2.739956595501516e-03 
-1.213915719974782e+00  1.653172977393754e+00 -1.213915719974782e+00  1.193058439625360e+00 -1.213915719974782e+00  1.269482632795976e+00 -1.213915719974782e+00  1.579775036483939e-01 -1.213915719974782e+00  9.300945656274890e-04 -1.213915719974782e+00  5.049718989172655e-01 -1.213915719974782e+00  2.465100986103306e-01 -1.213915719974782e+00  2.737121850288677e-03 
-1.209915719974782e+00  1.652428305816331e+00 -1.209915719974782e+00  1.193780611288599e+00 -1.209915719974782e+00  1.268264824152560e+00 -1.209915719974782e+00  1.581722611463871e-01 -1.209915719974782e+00  9.330192061522394e-04 -1.209915719974782e+00  5.061871892954446e-01 -1.209915719974782e+00  2.463847130890560e-01 -1.209915719974782e+00  2.734285641411371e-03 
-1.205915719974782e+00  1.651683358543638e+00 -1.205915719974782e+00  1.194503152760973e+00 -1.205915719974782e+00  1.267046516547145e+00 -1.205915719974782e+00  1.583667450451512e-01 -1.205915719974782e+00  9.359449285683702e-04 -1.205915719974782e+00  5.074030976255590e-01 -1.205915719974782e+00  2.462593767399744e-01 -1.205915719974782e+00  2.731447980170315e-03 
-1.201915719974782e+00  1.650938138174049e+00 -1.201915719974782e+00  1.195226061140735e+00 -1.201915719974782e+00  1.265827713504110e+00 -1.201915719974782e+00  1.585609559974965e-01 -1.201915719974782e+00  9.388717226778788e-04 -1.201915719974782e+00  5.086196181165431e-01 -1.201915719974782e+00  2.461340883488298e-01 -1.201915719974782e+00  2.728608877961622e-03 
-1.197915719974782e+00  1.650192647295045e+00 -1.197915719974782e+00  1.195949333641408e+00 -1.197915719974782e+00  1.264608418529924e+00 -1.197915719974782e+00  1.587548946548120e-01 -1.197915719974782e+00  9.417995783255258e-04 -1.197915719974782e+00  5.098367451004042e-01 -1.197915719974782e+00  2.460088467024528e-01 -1.197915719974782e+00  2.725768345728726e-03 
-1.193915719974782e+00  1.649446888451495e+00 -1.193915719974782e+00  1.196672967409207e+00 -1.193915719974782e+00  1.263388635093822e+00 -1.193915719974782e+00  1.589485616749815e-01 -1.193915719974782e+00  9.447284855234694e-04 -1.193915719974782e+00  5.110544729085421e-01 -1.193915719974782e+00  2.458836506147410e-01 -1.193915719974782e+00  2.722926394679399e-03 
-1.189915719974782e+00  1.648700864175822e+00 -1.189915719974782e+00  1.197396959692335e+00 -1.189915719974782e+00  1.262168366646303e+00 -1.189915719974782e+00  1.591419577148201e-01 -1.189915719974782e+00  9.476584343327376e-04 -1.189915719974782e+00  5.122727959851814e-01 -1.189915719974782e+00  2.457584989020716e-01 -1.189915719974782e+00  2.720083035620833e-03 
-1.185915719974782e+00  1.647954576974918e+00 -1.185915719974782e+00  1.198121307764523e+00 -1.185915719974782e+00  1.260947616611188e+00 -1.185915719974782e+00  1.593350834333358e-01 -1.185915719974782e+00  9.505894149146948e-04 -1.185915719974782e+00  5.134917088352025e-01 -1.185915719974782e+00  2.456333903940435e-01 -1.185915719974782e+00  2.717238279260025e-03 
-1.181915719974782e+00  1.647208029316841e+00 -1.181915719974782e+00  1.198846008847013e+00 -1.181915719974782e+00  1.259726388377509e+00 -1.181915719974782e+00  1.595279394949957e-01 -1.181915719974782e+00  9.535214175831813e-04 -1.181915719974782e+00  5.147112059708592e-01 -1.181915719974782e+00  2.455083239444319e-01 -1.181915719974782e+00  2.714392136510083e-03 
-1.177915719974782e+00  1.646461223663618e+00 -1.177915719974782e+00  1.199571060293119e+00 -1.177915719974782e+00  1.258504685319683e+00 -1.177915719974782e+00  1.597205265615734e-01 -1.177915719974782e+00  9.564544326757793e-04 -1.177915719974782e+00  5.159312820356476e-01 -1.177915719974782e+00  2.453832984044322e-01 -1.177915719974782e+00  2.711544617765426e-03 
-1.173915719974782e+00  1.645714162440022e+00 -1.173915719974782e+00  1.200296459408525e+00 -1.173915719974782e+00  1.257282510778410e+00 -1.173915719974782e+00  1.599128452998726e-01 -1.173915719974782e+00  9.593884506763631e-04 -1.173915719974782e+00  5.171519316824630e-01 -1.173915719974782e+00  2.452583126482331e-01 -1.173915719974782e+00  2.708695733607514e-03 
-1.169915719974782e+00  1.644966848046481e+00 -1.169915719974782e+00  1.201022203522601e+00 -1.169915719974782e+00  1.256059868068646e+00 -1.169915719974782e+00  1.601048963785045e-01 -1.169915719974782e+00  9.623234621644580e-04 -1.169915719974782e+00  5.183731496210723e-01 -1.169915719974782e+00  2.451333655625366e-01 -1.169915719974782e+00  2.705845494524797e-03 
-1.165915719974782e+00  1.644219282874678e+00 -1.165915719974782e+00  1.201748290075201e+00 -1.165915719974782e+00  1.254836760489256e+00 -1.165915719974782e+00  1.602966804640333e-01 -1.165915719974782e+00  9.652594577539170e-04 -1.165915719974782e+00  5.195949306761696e-01 -1.165915719974782e+00  2.450084560338596e-01 -1.165915719974782e+00  2.702993910571839e-03 
-1.161915719974782e+00  1.643471469274021e+00 -1.161915719974782e+00  1.202474716423794e+00 -1.161915719974782e+00  1.253613191302454e+00 -1.161915719974782e+00  1.604881982292243e-01 -1.161915719974782e+00  9.681964282246462e-04 -1.161915719974782e+00  5.208172696565131e-01 -1.161915719974782e+00  2.448835829760025e-01 -1.161915719974782e+00  2.700140992126745e-03 
-1.157915719974782e+00  1.642723409583272e+00 -1.157915719974782e+00  1.203201480021478e+00 -1.157915719974782e+00  1.252389163753305e+00 -1.157915719974782e+00  1.606794503452411e-01 -1.157915719974782e+00  9.711343643983813e-04 -1.157915719974782e+00  5.220401614745828e-01 -1.157915719974782e+00  2.447587453042586e-01 -1.157915719974782e+00  2.697286749192038e-03 
-1.153915719974782e+00  1.641975106113742e+00 -1.153915719974782e+00  1.203928578319376e+00 -1.153915719974782e+00  1.251164681059453e+00 -1.153915719974782e+00  1.608704374857658e-01 -1.153915719974782e+00  9.740732572046550e-04 -1.153915719974782e+00  5.232636010800846e-01 -1.153915719974782e+00  2.446339419492084e-01 -1.153915719974782e+00  2.694431191778012e-03 
-1.149915719974782e+00  1.641226561155247e+00 -1.149915719974782e+00  1.204656008798618e+00 -1.149915719974782e+00  1.249939746414837e+00 -1.149915719974782e+00  1.610611603255237e-01 -1.149915719974782e+00  9.770130976574124e-04 -1.149915719974782e+00  5.244875834809798e-01 -1.149915719974782e+00  2.445091718519077e-01 -1.149915719974782e+00  2.691574329777097e-03 
-1.145915719974782e+00  1.640477776980286e+00 -1.145915719974782e+00  1.205383768992280e+00 -1.145915719974782e+00  1.248714362992328e+00 -1.145915719974782e+00  1.612516195392577e-01 -1.145915719974782e+00  9.799538768386230e-04 -1.145915719974782e+00  5.257121037577991e-01 -1.145915719974782e+00  2.443844339605232e-01 -1.145915719974782e+00  2.688716172877750e-03 
-1.141915719974782e+00  1.639728755823778e+00 -1.141915719974782e+00  1.206111856367814e+00 -1.141915719974782e+00  1.247488533931285e+00 -1.141915719974782e+00  1.614418158066573e-01 -1.141915719974782e+00  9.828955859778885e-04 -1.141915719974782e+00  5.269371569835416e-01 -1.141915719974782e+00  2.442597272469982e-01 -1.141915719974782e+00  2.685856731026095e-03 
-1.137915719974782e+00  1.638979499924123e+00 -1.137915719974782e+00  1.206840268559674e+00 -1.137915719974782e+00  1.246262262362958e+00 -1.137915719974782e+00  1.616317498023397e-01 -1.137915719974782e+00  9.858382162910607e-04 -1.137915719974782e+00  5.281627383805433e-01 -1.137915719974782e+00  2.441350506734473e-01 -1.137915719974782e+00  2.682996013512466e-03 
-1.133915719974782e+00  1.638230011473036e+00 -1.133915719974782e+00  1.207569003080970e+00 -1.133915719974782e+00  1.245035551379562e+00 -1.133915719974782e+00  1.618214222080606e-01 -1.133915719974782e+00  9.887817591774095e-04 -1.133915719974782e+00  5.293888431248243e-01 -1.133915719974782e+00  2.440104032333462e-01 -1.133915719974782e+00  2.680134030103675e-03 
-1.129915719974782e+00  1.637480292655431e+00 -1.129915719974782e+00  1.208298057549413e+00 -1.129915719974782e+00  1.243808404058974e+00 -1.129915719974782e+00  1.620108337029963e-01 -1.129915719974782e+00  9.917262060628611e-04 -1.129915719974782e+00  5.306154664984839e-01 -1.129915719974782e+00  2.438857839188913e-01 -1.129915719974782e+00  2.677270790155777e-03 
-1.125915719974782e+00  1.636730345639678e+00 -1.125915719974782e+00  1.209027429629906e+00 -1.125915719974782e+00  1.242580823458795e+00 -1.125915719974782e+00  1.621999849661243e-01 -1.125915719974782e+00  9.946715484383465e-04 -1.125915719974782e+00  5.318426038503611e-01 -1.125915719974782e+00  2.437611917290420e-01 -1.125915719974782e+00  2.674406302839472e-03 
-1.121915719974782e+00  1.635980172556458e+00 -1.121915719974782e+00  1.209757116912048e+00 -1.121915719974782e+00  1.241352812603286e+00 -1.121915719974782e+00  1.623888766813189e-01 -1.121915719974782e+00  9.976177779427793e-04 -1.121915719974782e+00  5.330702505125493e-01 -1.121915719974782e+00  2.436366256869113e-01 -1.121915719974782e+00  2.671540577621194e-03 
-1.117915719974782e+00  1.635229775524388e+00 -1.117915719974782e+00  1.210487117054665e+00 -1.117915719974782e+00  1.240124374499309e+00 -1.117915719974782e+00  1.625775095311466e-01 -1.117915719974782e+00  1.000564886262489e-03 -1.117915719974782e+00  5.342984018977835e-01 -1.117915719974782e+00  2.435120848188235e-01 -1.117915719974782e+00  2.668673623695561e-03 
-1.113915719974782e+00  1.634479156652825e+00 -1.113915719974782e+00  1.211217427800263e+00 -1.113915719974782e+00  1.238895512138130e+00 -1.113915719974782e+00  1.627658841961996e-01 -1.113915719974782e+00  1.003512865120122e-03 -1.113915719974782e+00  5.355270535087906e-01 -1.113915719974782e+00  2.433875681520433e-01 -1.113915719974782e+00  2.665805449928458e-03 
-1.109915719974782e+00  1.633728318017334e+00 -1.109915719974782e+00  1.211948046833019e+00 -1.109915719974782e+00  1.237666228480263e+00 -1.109915719974782e+00  1.629540013610002e-01 -1.109915719974782e+00  1.006461706371050e-03 -1.109915719974782e+00  5.367562008415624e-01 -1.109915719974782e+00  2.432630747349831e-01 -1.109915719974782e+00  2.662936065414908e-03 
-1.105915719974782e+00  1.632977261678398e+00 -1.105915719974782e+00  1.212678971884109e+00 -1.105915719974782e+00  1.236436526467132e+00 -1.105915719974782e+00  1.631418617094868e-01 -1.105915719974782e+00  1.009411401929869e-03 -1.105915719974782e+00  5.379858394562632e-01 -1.105915719974782e+00  2.431386036218925e-01 -1.105915719974782e+00  2.660065479065345e-03 
-1.101915719974782e+00  1.632225989681239e+00 -1.101915719974782e+00  1.213410200729045e+00 -1.101915719974782e+00  1.235206409021021e+00 -1.101915719974782e+00  1.633294659250630e-01 -1.101915719974782e+00  1.012361943771098e-03 -1.101915719974782e+00  5.392159649749784e-01 -1.101915719974782e+00  2.430141538730587e-01 -1.101915719974782e+00  2.657193699616059e-03 
-1.097915719974782e+00  1.631474504042137e+00 -1.097915719974782e+00  1.214141731107824e+00 -1.097915719974782e+00  1.233975879036628e+00 -1.097915719974782e+00  1.635168146938650e-01 -1.097915719974782e+00  1.015313323982892e-03 -1.097915719974782e+00  5.404465730270969e-01 -1.097915719974782e+00  2.428897245660954e-01 -1.097915719974782e+00  2.654320735942861e-03 
-1.093915719974782e+00  1.630722806764132e+00 -1.093915719974782e+00  1.214873560812994e+00 -1.093915719974782e+00  1.232744939390886e+00 -1.093915719974782e+00  1.637039087010028e-01 -1.093915719974782e+00  1.018265534705420e-03 -1.093915719974782e+00  5.416776593085815e-01 -1.093915719974782e+00  2.427653147831191e-01 -1.093915719974782e+00  2.651446596715134e-03 
-1.089915719974782e+00  1.629970899839195e+00 -1.089915719974782e+00  1.215605687700744e+00 -1.089915719974782e+00  1.231513592944382e+00 -1.089915719974782e+00  1.638907486300507e-01 -1.089915719974782e+00  1.021218568122288e-03 -1.089915719974782e+00  5.429092195890926e-01 -1.089915719974782e+00  2.426409236089812e-01 -1.089915719974782e+00  2.648571290352333e-03 
-1.085915719974782e+00  1.629218785228334e+00 -1.085915719974782e+00  1.216338109575336e+00 -1.085915719974782e+00  1.230281842529021e+00 -1.085915719974782e+00  1.640773351677843e-01 -1.085915719974782e+00  1.024172416538695e-03 -1.085915719974782e+00  5.441412496331067e-01 -1.085915719974782e+00  2.425165501476977e-01 -1.085915719974782e+00  2.645694825477877e-03 
-1.081915719974782e+00  1.628466464883832e+00 -1.081915719974782e+00  1.217070824314805e+00 -1.081915719974782e+00  1.229049690961940e+00 -1.081915719974782e+00  1.642636689988857e-01 -1.081915719974782e+00  1.027127072294093e-03 -1.081915719974782e+00  5.453737452848063e-01 -1.081915719974782e+00  2.423921935042235e-01 -1.081915719974782e+00  2.642817210425402e-03 
-1.077915719974782e+00  1.627713940729989e+00 -1.077915719974782e+00  1.217803829759373e+00 -1.077915719974782e+00  1.227817141033554e+00 -1.077915719974782e+00  1.644497508105146e-01 -1.077915719974782e+00  1.030082527837800e-03 -1.077915719974782e+00  5.466067023919038e-01 -1.077915719974782e+00  2.422678528003192e-01 -1.077915719974782e+00  2.639938453677097e-03 
-1.073915719974782e+00  1.626961214689300e+00 -1.073915719974782e+00  1.218537123859610e+00 -1.073915719974782e+00  1.226584195523966e+00 -1.073915719974782e+00  1.646355812861130e-01 -1.073915719974782e+00  1.033038775626233e-03 -1.073915719974782e+00  5.478401169058447e-01 -1.073915719974782e+00  2.421435271531005e-01 -1.073915719974782e+00  2.637058563281752e-03 
-1.069915719974782e+00  1.626208288646063e+00 -1.069915719974782e+00  1.219270704466784e+00 -1.069915719974782e+00  1.225350857180278e+00 -1.069915719974782e+00  1.648211611140085e-01 -1.069915719974782e+00  1.035995808265768e-03 -1.069915719974782e+00  5.490739847389927e-01 -1.069915719974782e+00  2.420192157049969e-01 -1.069915719974782e+00  2.634177547678123e-03 
-1.065915719974782e+00  1.625455164481219e+00 -1.065915719974782e+00  1.220004569530732e+00 -1.065915719974782e+00  1.224117128738422e+00 -1.065915719974782e+00  1.650064909791829e-01 -1.065915719974782e+00  1.038953618375975e-03 -1.065915719974782e+00  5.503083018986507e-01 -1.065915719974782e+00  2.418949175951702e-01 -1.065915719974782e+00  2.631295414917946e-03 
-1.061915719974782e+00  1.624701844058572e+00 -1.061915719974782e+00  1.220738717019662e+00 -1.061915719974782e+00  1.222883012914619e+00 -1.061915719974782e+00  1.651915715665359e-01 -1.061915719974782e+00  1.041912198643714e-03 -1.061915719974782e+00  5.515430644321897e-01 -1.061915719974782e+00  2.417706319708728e-01 -1.061915719974782e+00  2.628412172980699e-03 
-1.057915719974782e+00  1.623948329218649e+00 -1.057915719974782e+00  1.221473144883439e+00 -1.057915719974782e+00  1.221648512401579e+00 -1.057915719974782e+00  1.653764035623243e-01 -1.057915719974782e+00  1.044871541847201e-03 -1.057915719974782e+00  5.527782684016975e-01 -1.057915719974782e+00  2.416463579925767e-01 -1.057915719974782e+00  2.625527829917951e-03 
-1.053915719974782e+00  1.623194621793838e+00 -1.053915719974782e+00  1.222207851138928e+00 -1.053915719974782e+00  1.220413629878044e+00 -1.053915719974782e+00  1.655609876506114e-01 -1.053915719974782e+00  1.047831640796599e-03 -1.053915719974782e+00  5.540139099416138e-01 -1.053915719974782e+00  2.415220948215547e-01 -1.053915719974782e+00  2.622642393518147e-03 
-1.049915719974782e+00  1.622440723589322e+00 -1.049915719974782e+00  1.222942833759461e+00 -1.049915719974782e+00  1.219178367996899e+00 -1.049915719974782e+00  1.657453245177441e-01 -1.049915719974782e+00  1.050792488408937e-03 -1.049915719974782e+00  5.552499851832037e-01 -1.049915719974782e+00  2.413978416356196e-01 -1.049915719974782e+00  2.619755871740675e-03 
-1.045915719974782e+00  1.621686636403491e+00 -1.045915719974782e+00  1.223678090790304e+00 -1.045915719974782e+00  1.217942729398020e+00 -1.045915719974782e+00  1.659294148475683e-01 -1.045915719974782e+00  1.053754077627850e-03 -1.045915719974782e+00  5.564864903327006e-01 -1.045915719974782e+00  2.412735976123794e-01 -1.045915719974782e+00  2.616868272262435e-03 
-1.041915719974782e+00  1.620932362012258e+00 -1.041915719974782e+00  1.224413620257517e+00 -1.041915719974782e+00  1.216706716698500e+00 -1.041915719974782e+00  1.661132593251068e-01 -1.041915719974782e+00  1.056716401485230e-03 -1.041915719974782e+00  5.577234216089552e-01 -1.041915719974782e+00  2.411493619421962e-01 -1.041915719974782e+00  2.613979602835753e-03 
-1.037915719974782e+00  1.620177902177069e+00 -1.037915719974782e+00  1.225149420212598e+00 -1.037915719974782e+00  1.215470332497725e+00 -1.037915719974782e+00  1.662968586346896e-01 -1.037915719974782e+00  1.059679453069775e-03 -1.037915719974782e+00  5.589607752734460e-01 -1.037915719974782e+00  2.410251338216250e-01 -1.037915719974782e+00  2.611089871113034e-03 
-1.033915719974782e+00  1.619423258652159e+00 -1.033915719974782e+00  1.225885488772529e+00 -1.033915719974782e+00  1.214233579382000e+00 -1.033915719974782e+00  1.664802134582762e-01 -1.033915719974782e+00  1.062643225498481e-03 -1.033915719974782e+00  5.601985476571895e-01 -1.033915719974782e+00  2.409009124475135e-01 -1.033915719974782e+00  2.608199084489527e-03 
-1.029915719974782e+00  1.618668433161976e+00 -1.029915719974782e+00  1.226621823989313e+00 -1.029915719974782e+00  1.212996459910409e+00 -1.029915719974782e+00  1.666633244807065e-01 -1.029915719974782e+00  1.065607712005273e-03 -1.029915719974782e+00  5.614367350715898e-01 -1.029915719974782e+00  2.407766970356286e-01 -1.029915719974782e+00  2.605307250615663e-03 
-1.025915719974782e+00  1.617913427421059e+00 -1.025915719974782e+00  1.227358423962559e+00 -1.025915719974782e+00  1.211758976627373e+00 -1.025915719974782e+00  1.668461923850820e-01 -1.025915719974782e+00  1.068572905862973e-03 -1.025915719974782e+00  5.626753338847237e-01 -1.025915719974782e+00  2.406524868043286e-01 -1.025915719974782e+00  2.602414376954896e-03 
-1.021915719974782e+00  1.617158243138617e+00 -1.021915719974782e+00  1.228095286864418e+00 -1.021915719974782e+00  1.210521132065583e+00 -1.021915719974782e+00  1.670288178517265e-01 -1.021915719974782e+00  1.071538800365343e-03 -1.021915719974782e+00  5.639143405380059e-01 -1.021915719974782e+00  2.405282809708401e-01 -1.021915719974782e+00  2.599520470685823e-03 
-1.017915719974782e+00  1.616402881993266e+00 -1.017915719974782e+00  1.228832410793605e+00 -1.017915719974782e+00  1.209282928730165e+00 -1.017915719974782e+00  1.672112015640295e-01 -1.017915719974782e+00  1.074505388926205e-03 -1.017915719974782e+00  5.651537514464366e-01 -1.017915719974782e+00  2.404040787721290e-01 -1.017915719974782e+00  2.596625539275421e-03 
-1.013915719974782e+00  1.615647345655312e+00 -1.013915719974782e+00  1.229569793901827e+00 -1.013915719974782e+00  1.208044369112753e+00 -1.013915719974782e+00  1.673933442032990e-01 -1.013915719974782e+00  1.077472664992024e-03 -1.013915719974782e+00  5.663935630843749e-01 -1.013915719974782e+00  2.402798794465798e-01 -1.013915719974782e+00  2.593729589982512e-03 
-1.009915719974782e+00  1.614891635790595e+00 -1.009915719974782e+00  1.230307434414794e+00 -1.009915719974782e+00  1.206805455693982e+00 -1.009915719974782e+00  1.675752464478958e-01 -1.009915719974782e+00  1.080440622026771e-03 -1.009915719974782e+00  5.676337719995611e-01 -1.009915719974782e+00  2.401556822308434e-01 -1.009915719974782e+00  2.590832629775385e-03 
-1.005915719974782e+00  1.614135754032933e+00 -1.005915719974782e+00  1.231045330472790e+00 -1.005915719974782e+00  1.205566190926168e+00 -1.005915719974782e+00  1.677569089795791e-01 -1.005915719974782e+00  1.083409253620128e-03 -1.005915719974782e+00  5.688743747041503e-01 -1.005915719974782e+00  2.400314863826574e-01 -1.005915719974782e+00  2.587934665957725e-03 
-1.001915719974782e+00  1.613379702015323e+00 -1.001915719974782e+00  1.231783480308547e+00 -1.001915719974782e+00  1.204326577253040e+00 -1.001915719974782e+00  1.679383324763379e-01 -1.001915719974782e+00  1.086378553364990e-03 -1.001915719974782e+00  5.701153677956223e-01 -1.001915719974782e+00  2.399072911551186e-01 -1.001915719974782e+00  2.585035705470197e-03 
-9.979157199747819e-01  1.612623481351543e+00 -9.979157199747819e-01  1.232521882140545e+00 -9.979157199747819e-01  1.203086617098185e+00 -9.979157199747819e-01  1.681195176166275e-01 -9.979157199747819e-01  1.089348514929684e-03 -9.979157199747819e-01  5.713567478837540e-01 -9.979157199747819e-01  2.397830958119211e-01 -9.979157199747819e-01  2.582135755309421e-03 
-9.939157199747819e-01  1.611867093635811e+00 -9.939157199747819e-01  1.233260534169949e+00 -9.939157199747819e-01  1.201846312864887e+00 -9.939157199747819e-01  1.683004650794469e-01 -9.939157199747819e-01  1.092319132059318e-03 -9.939157199747819e-01  5.725985115882194e-01 -9.939157199747819e-01  2.396588996276814e-01 -9.939157199747819e-01  2.579234822540006e-03 
-9.899157199747819e-01  1.611110540461278e+00 -9.899157199747819e-01  1.233999434685469e+00 -9.899157199747819e-01  1.200605666947866e+00 -9.899157199747819e-01  1.684811755401232e-01 -9.899157199747819e-01  1.095290398503186e-03 -9.899157199747819e-01  5.738406556097956e-01 -9.899157199747819e-01  2.395347018727137e-01 -9.899157199747819e-01  2.576332913882808e-03 
-9.859157199747819e-01  1.610353823394646e+00 -9.859157199747819e-01  1.234738581916667e+00 -9.859157199747819e-01  1.199364681717289e+00 -9.859157199747819e-01  1.686616496761150e-01 -9.859157199747819e-01  1.098262308114387e-03 -9.859157199747819e-01  5.750831766300343e-01 -9.859157199747819e-01  2.394105018340447e-01 -9.859157199747819e-01  2.573430036290856e-03 
-9.819157199747819e-01  1.609596944004766e+00 -9.819157199747819e-01  1.235477974197036e+00 -9.819157199747819e-01  1.198123359536917e+00 -9.819157199747819e-01  1.688418881605045e-01 -9.819157199747819e-01  1.101234854737566e-03 -9.819157199747819e-01  5.763260714222058e-01 -9.819157199747819e-01  2.392862987918024e-01 -9.819157199747819e-01  2.570526196309153e-03 
-9.779157199747819e-01  1.608839903827909e+00 -9.779157199747819e-01  1.236217609763503e+00 -9.779157199747819e-01  1.196881702742171e+00 -9.779157199747819e-01  1.690218916699085e-01 -9.779157199747819e-01  1.104208032345277e-03 -9.779157199747819e-01  5.775693367142444e-01 -9.779157199747819e-01  2.391620920479982e-01 -9.779157199747819e-01  2.567621400861810e-03 
-9.739157199747819e-01  1.608082704403563e+00 -9.739157199747819e-01  1.236957486960815e+00 -9.739157199747819e-01  1.195639713662858e+00 -9.739157199747819e-01  1.692016608763468e-01 -9.739157199747819e-01  1.107181834897373e-03 -9.739157199747819e-01  5.788129693279062e-01 -9.739157199747819e-01  2.390378808969541e-01 -9.739157199747819e-01  2.564715656449577e-03 
-9.699157199747819e-01  1.607325347253282e+00 -9.699157199747819e-01  1.237697604119099e+00 -9.699157199747819e-01  1.194397394609830e+00 -9.699157199747819e-01  1.693811964520667e-01 -9.699157199747819e-01  1.110156256424165e-03 -9.699157199747819e-01  5.800569660949556e-01 -9.699157199747819e-01  2.389136646428433e-01 -9.699157199747819e-01  2.561808969630627e-03 
-9.659157199747819e-01  1.606567833878091e+00 -9.659157199747819e-01  1.238437959537952e+00 -9.659157199747819e-01  1.193154747873380e+00 -9.659157199747819e-01  1.695604990701252e-01 -9.659157199747819e-01  1.113131291036524e-03 -9.659157199747819e-01  5.813013238460337e-01 -9.659157199747819e-01  2.387894426018812e-01 -9.659157199747819e-01  2.558901347082987e-03 
-9.619157199747819e-01  1.605810165772773e+00 -9.619157199747819e-01  1.239178551567349e+00 -9.619157199747819e-01  1.191911775732362e+00 -9.619157199747819e-01  1.697395694011646e-01 -9.619157199747819e-01  1.116106932869786e-03 -9.619157199747819e-01  5.825460394655990e-01 -9.619157199747819e-01  2.386652140905488e-01 -9.619157199747819e-01  2.555992795286876e-03 
-9.579157199747819e-01  1.605052344427534e+00 -9.579157199747819e-01  1.239919378616301e+00 -9.579157199747819e-01  1.190668480455305e+00 -9.579157199747819e-01  1.699184081130613e-01 -9.579157199747819e-01  1.119083176077210e-03 -9.579157199747819e-01  5.837911098976047e-01 -9.579157199747819e-01  2.385409784242291e-01 -9.579157199747819e-01  2.553083320490606e-03 
-9.539157199747819e-01  1.604294371303588e+00 -9.539157199747819e-01  1.240660439011550e+00 -9.539157199747819e-01  1.189424864284959e+00 -9.539157199747819e-01  1.700970158764349e-01 -9.539157199747819e-01  1.122060014925908e-03 -9.539157199747819e-01  5.850365320487499e-01 -9.539157199747819e-01  2.384167349375058e-01 -9.539157199747819e-01  2.550172929265642e-03 
-9.499157199747819e-01  1.603536247868959e+00 -9.499157199747819e-01  1.241401731202165e+00 -9.499157199747819e-01  1.188180929461098e+00 -9.499157199747819e-01  1.702753933565996e-01 -9.499157199747819e-01  1.125037443656212e-03 -9.499157199747819e-01  5.862823029279333e-01 -9.499157199747819e-01  2.382924829545219e-01 -9.499157199747819e-01  2.547261627703004e-03 
-9.459157199747819e-01  1.602777975557774e+00 -9.459157199747819e-01  1.242143253524925e+00 -9.459157199747819e-01  1.186936678194691e+00 -9.459157199747819e-01  1.704535412227206e-01 -9.459157199747819e-01  1.128015456641518e-03 -9.459157199747819e-01  5.875284194857742e-01 -9.459157199747819e-01  2.381682218227586e-01 -9.459157199747819e-01  2.544349422334692e-03 
-9.419157199747819e-01  1.602019555811401e+00 -9.419157199747819e-01  1.242885004439454e+00 -9.419157199747819e-01  1.185692112694114e+00 -9.419157199747819e-01  1.706314601385903e-01 -9.419157199747819e-01  1.130994048226725e-03 -9.419157199747819e-01  5.887748787749655e-01 -9.419157199747819e-01  2.380439508789778e-01 -9.419157199747819e-01  2.541436319210303e-03 
-9.379157199747818e-01  1.601260990048504e+00 -9.379157199747818e-01  1.243626982355367e+00 -9.379157199747818e-01  1.184447235146158e+00 -9.379157199747818e-01  1.708091507693608e-01 -9.379157199747818e-01  1.133973212845921e-03 -9.379157199747818e-01  5.900216778319591e-01 -9.379157199747818e-01  2.379196694740920e-01 -9.379157199747818e-01  2.538522324575812e-03 
-9.339157199747818e-01  1.600502279681999e+00 -9.339157199747818e-01  1.244369185728663e+00 -9.339157199747818e-01  1.183202047726864e+00 -9.339157199747818e-01  1.709866137777519e-01 -9.339157199747818e-01  1.136952944955675e-03 -9.339157199747818e-01  5.912688137425757e-01 -9.339157199747818e-01  2.377953769591400e-01 -9.339157199747818e-01  2.535607444495017e-03 
-9.299157199747818e-01  1.599743426110168e+00 -9.299157199747818e-01  1.245111613009859e+00 -9.299157199747818e-01  1.181956552595931e+00 -9.299157199747818e-01  1.711638498260523e-01 -9.299157199747818e-01  1.139933239070018e-03 -9.299157199747818e-01  5.925162836063361e-01 -9.299157199747818e-01  2.376710726926883e-01 -9.299157199747818e-01  2.532691685053240e-03 
-9.259157199747818e-01  1.598984430717617e+00 -9.259157199747818e-01  1.245854262648476e+00 -9.259157199747818e-01  1.180710751897353e+00 -9.259157199747818e-01  1.713408595759102e-01 -9.259157199747818e-01  1.142914089756604e-03 -9.259157199747818e-01  5.937640845392873e-01 -9.259157199747818e-01  2.375467560400945e-01 -9.259157199747818e-01  2.529775052339755e-03 
-9.219157199747818e-01  1.598225294888107e+00 -9.219157199747818e-01  1.246597133165802e+00 -9.219157199747818e-01  1.179464647767674e+00 -9.219157199747818e-01  1.715176436855002e-01 -9.219157199747818e-01  1.145895491586426e-03 -9.219157199747818e-01  5.950122137235163e-01 -9.219157199747818e-01  2.374224263628838e-01 -9.219157199747818e-01  2.526857552161939e-03 
-9.179157199747818e-01  1.597466019983911e+00 -9.179157199747818e-01  1.247340223035547e+00 -9.179157199747818e-01  1.178218242322862e+00 -9.179157199747818e-01  1.716942028141174e-01 -9.179157199747818e-01  1.148877439214771e-03 -9.179157199747818e-01  5.962606683253378e-01 -9.179157199747818e-01  2.372980830359254e-01 -9.179157199747818e-01  2.523939190514037e-03 
-9.139157199747818e-01  1.596706607352004e+00 -9.139157199747818e-01  1.248083530718457e+00 -9.139157199747818e-01  1.176971537662303e+00 -9.139157199747818e-01  1.718705376208087e-01 -9.139157199747818e-01  1.151859927357004e-03 -9.139157199747818e-01  5.975094455187283e-01 -9.139157199747818e-01  2.371737254423438e-01 -9.139157199747818e-01  2.521019973441236e-03 
-9.099157199747818e-01  1.595947058345840e+00 -9.099157199747818e-01  1.248827054786478e+00 -9.099157199747818e-01  1.175724535882760e+00 -9.099157199747818e-01  1.720466487595662e-01 -9.099157199747818e-01  1.154842950702990e-03 -9.099157199747818e-01  5.987585425700159e-01 -9.099157199747818e-01  2.370493529554476e-01 -9.099157199747818e-01  2.518099906551960e-03 
-9.059157199747818e-01  1.595187374294239e+00 -9.059157199747818e-01  1.249570793743223e+00 -9.059157199747818e-01  1.174477239058555e+00 -9.059157199747818e-01  1.722225368862268e-01 -9.059157199747818e-01  1.157826504039275e-03 -9.059157199747818e-01  6.000079567148938e-01 -9.059157199747818e-01  2.369249649646382e-01 -9.059157199747818e-01  2.515178995723029e-03 
-9.019157199747818e-01  1.594427556521475e+00 -9.019157199747818e-01  1.250314746138598e+00 -9.019157199747818e-01  1.173229649254448e+00 -9.019157199747818e-01  1.723982026540424e-01 -9.019157199747818e-01  1.160810582170252e-03 -9.019157199747818e-01  6.012576852365986e-01 -9.019157199747818e-01  2.368005608587255e-01 -9.019157199747818e-01  2.512257246649435e-03 
-8.979157199747818e-01  1.593667606337299e+00 -8.979157199747818e-01  1.251058910510480e+00 -8.979157199747818e-01  1.171981768519311e+00 -8.979157199747818e-01  1.725736467158909e-01 -8.979157199747818e-01  1.163795179957271e-03 -8.979157199747818e-01  6.025077254258139e-01 -8.979157199747818e-01  2.366761400342929e-01 -8.979157199747818e-01  2.509334665073426e-03 
-8.939157199747818e-01  1.592907525042657e+00 -8.939157199747818e-01  1.251803285416865e+00 -8.939157199747818e-01  1.170733598889834e+00 -8.939157199747818e-01  1.727488697230324e-01 -8.939157199747818e-01  1.166780292296270e-03 -8.939157199747818e-01  6.037580746024505e-01 -8.939157199747818e-01  2.365517018909568e-01 -8.939157199747818e-01  2.506411256658254e-03 
-8.899157199747818e-01  1.592147313928101e+00 -8.899157199747818e-01  1.252547869425841e+00 -8.899157199747818e-01  1.169485142389548e+00 -8.899157199747818e-01  1.729238723254654e-01 -8.899157199747818e-01  1.169765914123898e-03 -8.899157199747818e-01  6.050087301085780e-01 -8.899157199747818e-01  2.364272458327363e-01 -8.899157199747818e-01  2.503487027027488e-03 
-8.859157199747818e-01  1.591386974280985e+00 -8.859157199747818e-01  1.253292661156191e+00 -8.859157199747818e-01  1.168236401033503e+00 -8.859157199747818e-01  1.730986551703723e-01 -8.859157199747818e-01  1.172752040389371e-03 -8.859157199747818e-01  6.062596893360297e-01 -8.859157199747818e-01  2.363027712620811e-01 -8.859157199747818e-01  2.500561981605631e-03 
-8.819157199747818e-01  1.590626507366615e+00 -8.819157199747818e-01  1.254037659168257e+00 -8.819157199747818e-01  1.166987376816220e+00 -8.819157199747818e-01  1.732732189062557e-01 -8.819157199747818e-01  1.175738666128438e-03 -8.819157199747818e-01  6.075109496515022e-01 -8.819157199747818e-01  2.361782775956268e-01 -8.819157199747818e-01  2.497636126046719e-03 
-8.779157199747818e-01  1.589865914449074e+00 -8.779157199747818e-01  1.254782862082781e+00 -8.779157199747818e-01  1.165738071725095e+00 -8.779157199747818e-01  1.734475641783909e-01 -8.779157199747818e-01  1.178725786381585e-03 -8.779157199747818e-01  6.087625084777006e-01 -8.779157199747818e-01  2.360537642468721e-01 -8.779157199747818e-01  2.494709465767533e-03 
-8.739157199747818e-01  1.589105196778868e+00 -8.739157199747818e-01  1.255528268509260e+00 -8.739157199747818e-01  1.164488487732524e+00 -8.739157199747818e-01  1.736216916315458e-01 -8.739157199747818e-01  1.181713396242621e-03 -8.739157199747818e-01  6.100143632441093e-01 -8.739157199747818e-01  2.359292306365005e-01 -8.739157199747818e-01  2.491782006229060e-03 
-8.699157199747818e-01  1.588344355598003e+00 -8.699157199747818e-01  1.256273877074160e+00 -8.699157199747818e-01  1.163238626799207e+00 -8.699157199747818e-01  1.737956019088791e-01 -8.699157199747818e-01  1.184701490838646e-03 -8.699157199747818e-01  6.112665114061169e-01 -8.699157199747818e-01  2.358046761882063e-01 -8.699157199747818e-01  2.488853752825619e-03 
-8.659157199747818e-01  1.587583392137488e+00 -8.659157199747818e-01  1.257019686405986e+00 -8.659157199747818e-01  1.161988490872588e+00 -8.659157199747818e-01  1.739692956525006e-01 -8.659157199747818e-01  1.187690065339926e-03 -8.659157199747818e-01  6.125189504346121e-01 -8.659157199747818e-01  2.356801003307902e-01 -8.659157199747818e-01  2.485924710943525e-03 
-8.619157199747818e-01  1.586822307625481e+00 -8.619157199747818e-01  1.257765695181235e+00 -8.619157199747818e-01  1.160738081892143e+00 -8.619157199747818e-01  1.741427735017153e-01 -8.619157199747818e-01  1.190679114927868e-03 -8.619157199747818e-01  6.137716778472585e-01 -8.619157199747818e-01  2.355555024914046e-01 -8.619157199747818e-01  2.482994885780628e-03 
-8.579157199747818e-01  1.586061103271599e+00 -8.579157199747818e-01  1.258511902033491e+00 -8.579157199747818e-01  1.159487401779342e+00 -8.579157199747818e-01  1.743160360964446e-01 -8.579157199747818e-01  1.193668634856673e-03 -8.579157199747818e-01  6.150246911460753e-01 -8.579157199747818e-01  2.354308821086923e-01 -8.579157199747818e-01  2.480064282703275e-03 
-8.539157199747818e-01  1.585299780283437e+00 -8.539157199747818e-01  1.259258305647724e+00 -8.539157199747818e-01  1.158236452448308e+00 -8.539157199747818e-01  1.744890840736526e-01 -8.539157199747818e-01  1.196658620388440e-03 -8.539157199747818e-01  6.162779878818304e-01 -8.539157199747818e-01  2.353062386190095e-01 -8.539157199747818e-01  2.477132906876055e-03 
-8.499157199747818e-01  1.584538339852905e+00 -8.499157199747818e-01  1.260004904680968e+00 -8.499157199747818e-01  1.156985235797088e+00 -8.499157199747818e-01  1.746619180703192e-01 -8.499157199747818e-01  1.199649066846789e-03 -8.499157199747818e-01  6.175315655995450e-01 -8.499157199747818e-01  2.351815714678875e-01 -8.499157199747818e-01  2.474200763573221e-03 
-8.459157199747818e-01  1.583776783165669e+00 -8.459157199747818e-01  1.260751697815854e+00 -8.459157199747818e-01  1.155733753713754e+00 -8.459157199747818e-01  1.748345387214102e-01 -8.459157199747818e-01  1.202639969579833e-03 -8.459157199747818e-01  6.187854218749744e-01 -8.459157199747818e-01  2.350568801021786e-01 -8.459157199747818e-01  2.471267857968535e-03 
-8.419157199747818e-01  1.583015111406258e+00 -8.419157199747818e-01  1.261498683789291e+00 -8.419157199747818e-01  1.154482008079757e+00 -8.419157199747818e-01  1.750069466587983e-01 -8.419157199747818e-01  1.205631323940134e-03 -8.419157199747818e-01  6.200395543341022e-01 -8.419157199747818e-01  2.349321639658040e-01 -8.419157199747818e-01  2.468334195022564e-03 
-8.379157199747818e-01  1.582253325735713e+00 -8.379157199747818e-01  1.262245861263387e+00 -8.379157199747818e-01  1.153230000755570e+00 -8.379157199747818e-01  1.751791425160849e-01 -8.379157199747818e-01  1.208623125372413e-03 -8.379157199747818e-01  6.212939605645440e-01 -8.379157199747818e-01  2.348074225184852e-01 -8.379157199747818e-01  2.465399779989678e-03 
-8.339157199747818e-01  1.581491427322328e+00 -8.339157199747818e-01  1.262993229001185e+00 -8.339157199747818e-01  1.151977733600536e+00 -8.339157199747818e-01  1.753511269220021e-01 -8.339157199747818e-01  1.211615369292883e-03 -8.339157199747818e-01  6.225486382357668e-01 -8.339157199747818e-01  2.346826552100780e-01 -8.339157199747818e-01  2.462464617727791e-03 
-8.299157199747818e-01  1.580729417309255e+00 -8.299157199747818e-01  1.263740785680170e+00 -8.299157199747818e-01  1.150725208452036e+00 -8.299157199747818e-01  1.755229005073868e-01 -8.299157199747818e-01  1.214608051216455e-03 -8.299157199747818e-01  6.238035849711624e-01 -8.299157199747818e-01  2.345578615076810e-01 -8.299157199747818e-01  2.459528713430880e-03 
-8.259157199747817e-01  1.579967296840366e+00 -8.259157199747817e-01  1.264488530039920e+00 -8.259157199747817e-01  1.149472427142204e+00 -8.259157199747817e-01  1.756944638996377e-01 -8.259157199747817e-01  1.217601166655151e-03 -8.259157199747817e-01  6.250587984490484e-01 -8.259157199747817e-01  2.344330408740542e-01 -8.259157199747817e-01  2.456592072049039e-03 
-8.219157199747817e-01  1.579205067059799e+00 -8.219157199747817e-01  1.265236460878913e+00 -8.219157199747817e-01  1.148219391497691e+00 -8.219157199747817e-01  1.758658177228431e-01 -8.219157199747817e-01  1.220594711119926e-03 -8.219157199747817e-01  6.263142764003334e-01 -8.219157199747817e-01  2.343081927680058e-01 -8.219157199747817e-01  2.453654698301033e-03 
-8.179157199747817e-01  1.578442729085811e+00 -8.179157199747817e-01  1.265984576903734e+00 -8.179157199747817e-01  1.146966103322827e+00 -8.179157199747817e-01  1.760369626033792e-01 -8.179157199747817e-01  1.223588680223307e-03 -8.179157199747817e-01  6.275700165050182e-01 -8.179157199747817e-01  2.341833166663314e-01 -8.179157199747817e-01  2.450716597266550e-03 
-8.139157199747817e-01  1.577680284038036e+00 -8.139157199747817e-01  1.266732876885043e+00 -8.139157199747817e-01  1.145712564417260e+00 -8.139157199747817e-01  1.762078991640967e-01 -8.139157199747817e-01  1.226583069572390e-03 -8.139157199747817e-01  6.288260164989272e-01 -8.139157199747817e-01  2.340584120409983e-01 -8.139157199747817e-01  2.447777773773618e-03 
-8.099157199747817e-01  1.576917733028897e+00 -8.099157199747817e-01  1.267481359607357e+00 -8.099157199747817e-01  1.144458776570460e+00 -8.099157199747817e-01  1.763786280261748e-01 -8.099157199747817e-01  1.229577874802557e-03 -8.099157199747817e-01  6.300822741391467e-01 -8.099157199747817e-01  2.339334783664049e-01 -8.099157199747817e-01  2.444838232595819e-03 
-8.059157199747817e-01  1.576155077157850e+00 -8.059157199747817e-01  1.268230023835656e+00 -8.059157199747817e-01  1.143204741558037e+00 -8.059157199747817e-01  1.765491498103548e-01 -8.059157199747817e-01  1.232573091600028e-03 -8.059157199747817e-01  6.313387871809847e-01 -8.059157199747817e-01  2.338085151242028e-01 -8.059157199747817e-01  2.441897978583537e-03 
-8.019157199747817e-01  1.575392317519084e+00 -8.019157199747817e-01  1.268978868358805e+00 -8.019157199747817e-01  1.141950461146760e+00 -8.019157199747817e-01  1.767194651353192e-01 -8.019157199747817e-01  1.235568715671688e-03 -8.019157199747817e-01  6.325955534075783e-01 -8.019157199747817e-01  2.336835217968891e-01 -8.019157199747817e-01  2.438957016493249e-03 
-7.979157199747817e-01  1.574629455199816e+00 -7.979157199747817e-01  1.269727891979179e+00 -7.979157199747817e-01  1.140695937093511e+00 -7.979157199747817e-01  1.768895746180694e-01 -7.979157199747817e-01  1.238564742751788e-03 -7.979157199747817e-01  6.338525706226509e-01 -7.979157199747817e-01  2.335584978692669e-01 -7.979157199747817e-01  2.436015351028466e-03 
-7.939157199747817e-01  1.573866491278809e+00 -7.939157199747817e-01  1.270477093503612e+00 -7.939157199747817e-01  1.139441171144346e+00 -7.939157199747817e-01  1.770594788742503e-01 -7.939157199747817e-01  1.241561168607675e-03 -7.939157199747817e-01  6.351098366441572e-01 -7.939157199747817e-01  2.334334428297044e-01 -7.939157199747817e-01  2.433072986875120e-03 
-7.899157199747817e-01  1.573103426827359e+00 -7.899157199747817e-01  1.271226471748339e+00 -7.899157199747817e-01  1.138186165035202e+00 -7.899157199747817e-01  1.772291785179612e-01 -7.899157199747817e-01  1.244557989036025e-03 -7.899157199747817e-01  6.363673493075277e-01 -7.899157199747817e-01  2.333083561693581e-01 -7.899157199747817e-01  2.430129928682265e-03 
-7.859157199747817e-01  1.572340262911686e+00 -7.859157199747817e-01  1.271976025552318e+00 -7.859157199747817e-01  1.136930920493467e+00 -7.859157199747817e-01  1.773986741612617e-01 -7.859157199747817e-01  1.247555199853389e-03 -7.859157199747817e-01  6.376251064746757e-01 -7.859157199747817e-01  2.331832373801620e-01 -7.859157199747817e-01  2.427186181009694e-03 
-7.819157199747817e-01  1.571577000584309e+00 -7.819157199747817e-01  1.272725753726901e+00 -7.819157199747817e-01  1.135675439232450e+00 -7.819157199747817e-01  1.775679664160067e-01 -7.819157199747817e-01  1.250552796930089e-03 -7.819157199747817e-01  6.388831059993325e-01 -7.819157199747817e-01  2.330580859621429e-01 -7.819157199747817e-01  2.424241748525648e-03 
-7.779157199747817e-01  1.570813640889960e+00 -7.779157199747817e-01  1.273475655089391e+00 -7.779157199747817e-01  1.134419722955232e+00 -7.779157199747817e-01  1.777370558926061e-01 -7.779157199747817e-01  1.253550776166951e-03 -7.779157199747817e-01  6.401413457499279e-01 -7.779157199747817e-01  2.329329014184547e-01 -7.779157199747817e-01  2.421296635874945e-03 
-7.739157199747817e-01  1.570050184880167e+00 -7.739157199747817e-01  1.274225728546061e+00 -7.739157199747817e-01  1.133163773364194e+00 -7.739157199747817e-01  1.779059431969840e-01 -7.739157199747817e-01  1.256549133438139e-03 -7.739157199747817e-01  6.413998236664076e-01 -7.739157199747817e-01  2.328076832431517e-01 -7.739157199747817e-01  2.418350847353031e-03 
-7.699157199747817e-01  1.569286633582972e+00 -7.699157199747817e-01  1.274975972917835e+00 -7.699157199747817e-01  1.131907592141388e+00 -7.699157199747817e-01  1.780746289369495e-01 -7.699157199747817e-01  1.259547864709910e-03 -7.699157199747817e-01  6.426585376405243e-01 -7.699157199747817e-01  2.326824309466825e-01 -7.699157199747817e-01  2.415404387590531e-03 
-7.659157199747817e-01  1.568522988023701e+00 -7.659157199747817e-01  1.275726387058904e+00 -7.659157199747817e-01  1.130651180962076e+00 -7.659157199747817e-01  1.782431137178522e-01 -7.659157199747817e-01  1.262546965959254e-03 -7.659157199747817e-01  6.439174855970730e-01 -7.659157199747817e-01  2.325571440384553e-01 -7.659157199747817e-01  2.412457261087401e-03 
-7.619157199747817e-01  1.567759249228152e+00 -7.619157199747817e-01  1.276476969874496e+00 -7.619157199747817e-01  1.129394541496826e+00 -7.619157199747817e-01  1.784113981419283e-01 -7.619157199747817e-01  1.265546433161194e-03 -7.619157199747817e-01  6.451766655059632e-01 -7.619157199747817e-01  2.324318220241705e-01 -7.619157199747817e-01  2.409509472143192e-03 
-7.579157199747817e-01  1.566995418202759e+00 -7.579157199747817e-01  1.277227720206462e+00 -7.579157199747817e-01  1.128137675398678e+00 -7.579157199747817e-01  1.785794828124656e-01 -7.579157199747817e-01  1.268546262366744e-03 -7.579157199747817e-01  6.464360753035836e-01 -7.579157199747817e-01  2.323064644225592e-01 -7.579157199747817e-01  2.406561025306340e-03 
-7.539157199747817e-01  1.566231495954874e+00 -7.539157199747817e-01  1.277978636949239e+00 -7.539157199747817e-01  1.126880584316351e+00 -7.539157199747817e-01  1.787473683295795e-01 -7.539157199747817e-01  1.271546449623330e-03 -7.539157199747817e-01  6.476957129722520e-01 -7.539157199747817e-01  2.321810707483137e-01 -7.539157199747817e-01  2.403611924918745e-03 
-7.499157199747817e-01  1.565467483484096e+00 -7.499157199747817e-01  1.278729718999364e+00 -7.499157199747817e-01  1.125623269888666e+00 -7.499157199747817e-01  1.789150552920365e-01 -7.499157199747817e-01  1.274546991008746e-03 -7.499157199747817e-01  6.489555765054424e-01 -7.499157199747817e-01  2.320556405194455e-01 -7.499157199747817e-01  2.400662175314085e-03 
-7.459157199747817e-01  1.564703381787548e+00 -7.459157199747817e-01  1.279480965285332e+00 -7.459157199747817e-01  1.124365733747999e+00 -7.459157199747817e-01  1.790825442961735e-01 -7.459157199747817e-01  1.277547882610465e-03 -7.459157199747817e-01  6.502156639281633e-01 -7.459157199747817e-01  2.319301732528443e-01 -7.459157199747817e-01  2.397711780700515e-03 
-7.419157199747817e-01  1.563939191848816e+00 -7.419157199747817e-01  1.280232374703657e+00 -7.419157199747817e-01  1.123107977513137e+00 -7.419157199747817e-01  1.792498359382130e-01 -7.419157199747817e-01  1.280549120569098e-03 -7.419157199747817e-01  6.514759732529570e-01 -7.419157199747817e-01  2.318046684736297e-01 -7.419157199747817e-01  2.394760745411787e-03 
-7.379157199747817e-01  1.563174914640022e+00 -7.379157199747817e-01  1.280983946130188e+00 -7.379157199747817e-01  1.121850002790656e+00 -7.379157199747817e-01  1.794169308138370e-01 -7.379157199747817e-01  1.283550701070231e-03 -7.379157199747817e-01  6.527365024875430e-01 -7.379157199747817e-01  2.316791257134504e-01 -7.379157199747817e-01  2.391809073862850e-03 
-7.339157199747817e-01  1.562410551145930e+00 -7.339157199747817e-01  1.281735678557870e+00 -7.339157199747817e-01  1.120591811190659e+00 -7.339157199747817e-01  1.795838295132081e-01 -7.339157199747817e-01  1.286552620249747e-03 -7.339157199747817e-01  6.539972497292438e-01 -7.339157199747817e-01  2.315535444901512e-01 -7.339157199747817e-01  2.388856770008699e-03 
-7.299157199747817e-01  1.561646102324708e+00 -7.299157199747817e-01  1.282487570871173e+00 -7.299157199747817e-01  1.119333404301267e+00 -7.299157199747817e-01  1.797505326291168e-01 -7.299157199747817e-01  1.289554874347958e-03 -7.299157199747817e-01  6.552582130100675e-01 -7.299157199747817e-01  2.314279243409326e-01 -7.299157199747817e-01  2.385903838230405e-03 
-7.259157199747817e-01  1.560881569136906e+00 -7.259157199747817e-01  1.283239622011937e+00 -7.259157199747817e-01  1.118074783707520e+00 -7.259157199747817e-01  1.799170407509884e-01 -7.259157199747817e-01  1.292557459595756e-03 -7.259157199747817e-01  6.565193904104176e-01 -7.259157199747817e-01  2.313022647978918e-01 -7.259157199747817e-01  2.382950282683759e-03 
-7.219157199747817e-01  1.560116952536789e+00 -7.219157199747817e-01  1.283991830928965e+00 -7.219157199747817e-01  1.116815950985778e+00 -7.219157199747817e-01  1.800833544666968e-01 -7.219157199747817e-01  1.295560372248698e-03 -7.219157199747817e-01  6.577807800243723e-01 -7.219157199747817e-01  2.311765653953896e-01 -7.219157199747817e-01  2.379996107497103e-03 
-7.179157199747817e-01  1.559352253474722e+00 -7.179157199747817e-01  1.284744196591310e+00 -7.179157199747817e-01  1.115556907705315e+00 -7.179157199747817e-01  1.802494743620862e-01 -7.179157199747817e-01  1.298563608577596e-03 -7.179157199747817e-01  6.590423799687097e-01 -7.179157199747817e-01  2.310508256680507e-01 -7.179157199747817e-01  2.377041316719335e-03 
-7.139157199747816e-01  1.558587472890975e+00 -7.139157199747816e-01  1.285496717952273e+00 -7.139157199747816e-01  1.114297655424313e+00 -7.139157199747816e-01  1.804154010222621e-01 -7.139157199747816e-01  1.301567164892868e-03 -7.139157199747816e-01  6.603041883580800e-01 -7.139157199747816e-01  2.309250451560241e-01 -7.139157199747816e-01  2.374085914461172e-03 
-7.099157199747816e-01  1.557822611712518e+00 -7.099157199747816e-01  1.286249393930585e+00 -7.099157199747816e-01  1.113038195687810e+00 -7.099157199747816e-01  1.805811350322587e-01 -7.099157199747816e-01  1.304571037557162e-03 -7.099157199747816e-01  6.615662032919781e-01 -7.099157199747816e-01  2.307992234077286e-01 -7.099157199747816e-01  2.371129904969150e-03 
-7.059157199747816e-01  1.557057670884741e+00 -7.059157199747816e-01  1.287002223591680e+00 -7.059157199747816e-01  1.111778530048433e+00 -7.059157199747816e-01  1.807466769705417e-01 -7.059157199747816e-01  1.307575222860679e-03 -7.059157199747816e-01  6.628284229790788e-01 -7.059157199747816e-01  2.306733599530334e-01 -7.059157199747816e-01  2.368173291913600e-03 
-7.019157199747816e-01  1.556292651314588e+00 -7.019157199747816e-01  1.287755205821406e+00 -7.019157199747816e-01  1.110518660029318e+00 -7.019157199747816e-01  1.809120274206933e-01 -7.019157199747816e-01  1.310579717244618e-03 -7.019157199747816e-01  6.640908455131396e-01 -7.019157199747816e-01  2.305474543514073e-01 -7.019157199747816e-01  2.365216079670184e-03 
-6.979157199747816e-01  1.555527553926349e+00 -6.979157199747816e-01  1.288508339645144e+00 -6.979157199747816e-01  1.109258587160581e+00 -6.979157199747816e-01  1.810771869599818e-01 -6.979157199747816e-01  1.313584517082010e-03 -6.979157199747816e-01  6.653534690919709e-01 -6.979157199747816e-01  2.304215061447371e-01 -6.979157199747816e-01  2.362258272066530e-03 
-6.939157199747816e-01  1.554762379633387e+00 -6.939157199747816e-01  1.289261624065602e+00 -6.939157199747816e-01  1.107998312960876e+00 -6.939157199747816e-01  1.812421561651754e-01 -6.939157199747816e-01  1.316589618788730e-03 -6.939157199747816e-01  6.666162919059829e-01 -6.939157199747816e-01  2.302955148812442e-01 -6.939157199747816e-01  2.359299873019351e-03 
-6.899157199747816e-01  1.553997129344723e+00 -6.899157199747816e-01  1.290015058099781e+00 -6.899157199747816e-01  1.106737838941754e+00 -6.899157199747816e-01  1.814069356112087e-01 -6.899157199747816e-01  1.319595018797689e-03 -6.899157199747816e-01  6.678793121634597e-01 -6.899157199747816e-01  2.301694801099783e-01 -6.899157199747816e-01  2.356340886389212e-03 
-6.859157199747816e-01  1.553231803950769e+00 -6.859157199747816e-01  1.290768640697024e+00 -6.859157199747816e-01  1.105477166598353e+00 -6.859157199747816e-01  1.815715258741019e-01 -6.859157199747816e-01  1.322600713614852e-03 -6.859157199747816e-01  6.691425280341924e-01 -6.859157199747816e-01  2.300434013929140e-01 -6.859157199747816e-01  2.353381316302406e-03 
-6.819157199747816e-01  1.552466404348053e+00 -6.819157199747816e-01  1.291522370880154e+00 -6.819157199747816e-01  1.104216297425606e+00 -6.819157199747816e-01  1.817359275259317e-01 -6.819157199747816e-01  1.325606699722099e-03 -6.819157199747816e-01  6.704059377462853e-01 -6.819157199747816e-01  2.299172782840170e-01 -6.819157199747816e-01  2.350421166596606e-03 
-6.779157199747816e-01  1.551700931431770e+00 -6.779157199747816e-01  1.292276247702265e+00 -6.779157199747816e-01  1.102955232913413e+00 -6.779157199747816e-01  1.819001411363762e-01 -6.779157199747816e-01  1.328612973606538e-03 -6.779157199747816e-01  6.716695395563991e-01 -6.779157199747816e-01  2.297911103355892e-01 -6.779157199747816e-01  2.347460440990641e-03 
-6.739157199747816e-01  1.550935386082575e+00 -6.739157199747816e-01  1.293030270170855e+00 -6.739157199747816e-01  1.101693974538030e+00 -6.739157199747816e-01  1.820641672754046e-01 -6.739157199747816e-01  1.331619531812278e-03 -6.739157199747816e-01  6.729333316975551e-01 -6.739157199747816e-01  2.296648971094737e-01 -6.739157199747816e-01  2.344499143382410e-03 
-6.699157199747816e-01  1.550169769177618e+00 -6.699157199747816e-01  1.293784437310399e+00 -6.699157199747816e-01  1.100432523769323e+00 -6.699157199747816e-01  1.822280065110549e-01 -6.699157199747816e-01  1.334626370897230e-03 -6.699157199747816e-01  6.741973124220115e-01 -6.699157199747816e-01  2.295386381677454e-01 -6.699157199747816e-01  2.341537277603109e-03 
-6.659157199747816e-01  1.549404081586520e+00 -6.659157199747816e-01  1.294538748138971e+00 -6.659157199747816e-01  1.099170882068176e+00 -6.659157199747816e-01  1.823916594102566e-01 -6.659157199747816e-01  1.337633487448805e-03 -6.659157199747816e-01  6.754614799851125e-01 -6.659157199747816e-01  2.294123330761415e-01 -6.659157199747816e-01  2.338574847509091e-03 
-6.619157199747816e-01  1.548638324182384e+00 -6.619157199747816e-01  1.295293201730951e+00 -6.619157199747816e-01  1.097909050893730e+00 -6.619157199747816e-01  1.825551265366233e-01 -6.619157199747816e-01  1.340640878040710e-03 -6.619157199747816e-01  6.767258326882644e-01 -6.619157199747816e-01  2.292859813947097e-01 -6.619157199747816e-01  2.335611856735556e-03 
-6.579157199747816e-01  1.547872497824642e+00 -6.579157199747816e-01  1.296047797118255e+00 -6.579157199747816e-01  1.096647031692185e+00 -6.579157199747816e-01  1.827184084539315e-01 -6.579157199747816e-01  1.343648539300254e-03 -6.579157199747816e-01  6.779903688110118e-01 -6.579157199747816e-01  2.291595826924371e-01 -6.579157199747816e-01  2.332648309084540e-03 
-6.539157199747816e-01  1.547106603371997e+00 -6.539157199747816e-01  1.296802533364109e+00 -6.539157199747816e-01  1.095384825905316e+00 -6.539157199747816e-01  1.828815057235245e-01 -6.539157199747816e-01  1.346656467857629e-03 -6.539157199747816e-01  6.792550866616150e-01 -6.539157199747816e-01  2.290331365362514e-01 -6.539157199747816e-01  2.329684208235024e-03 
-6.499157199747816e-01  1.546340641671426e+00 -6.499157199747816e-01  1.297557409499667e+00 -6.499157199747816e-01  1.094122434963297e+00 -6.499157199747816e-01  1.830444189065397e-01 -6.499157199747816e-01  1.349664660389055e-03 -6.499157199747816e-01  6.805199845334305e-01 -6.499157199747816e-01  2.289066425004132e-01 -6.499157199747816e-01  2.326719557992016e-03 
-6.459157199747816e-01  1.545574613577831e+00 -6.459157199747816e-01  1.298312424636112e+00 -6.459157199747816e-01  1.092859860297620e+00 -6.459157199747816e-01  1.832071485599660e-01 -6.459157199747816e-01  1.352673113539518e-03 -6.459157199747816e-01  6.817850607818176e-01 -6.459157199747816e-01  2.287801001497989e-01 -6.459157199747816e-01  2.323754361846184e-03 
-6.419157199747816e-01  1.544808519926279e+00 -6.419157199747816e-01  1.299067577805381e+00 -6.419157199747816e-01  1.091597103322924e+00 -6.419157199747816e-01  1.833696952422453e-01 -6.419157199747816e-01  1.355681824031921e-03 -6.419157199747816e-01  6.830503137146572e-01 -6.419157199747816e-01  2.286535090635634e-01 -6.419157199747816e-01  2.320788623599428e-03 
-6.379157199747816e-01  1.544042361555267e+00 -6.379157199747816e-01  1.299822868092908e+00 -6.379157199747816e-01  1.090334165452285e+00 -6.379157199747816e-01  1.835320595086070e-01 -6.379157199747816e-01  1.358690788575655e-03 -6.379157199747816e-01  6.843157416834390e-01 -6.379157199747816e-01  2.285268688153531e-01 -6.379157199747816e-01  2.317822346843555e-03 
-6.339157199747816e-01  1.543276139299768e+00 -6.339157199747816e-01  1.300578294597373e+00 -6.339157199747816e-01  1.089071048092696e+00 -6.339157199747816e-01  1.836942419124826e-01 -6.339157199747816e-01  1.361700003893913e-03 -6.339157199747816e-01  6.855813430555344e-01 -6.339157199747816e-01  2.284001789792546e-01 -6.339157199747816e-01  2.314855535118367e-03 
-6.299157199747816e-01  1.542509853981750e+00 -6.299157199747816e-01  1.301333856376295e+00 -6.299157199747816e-01  1.087807752638868e+00 -6.299157199747816e-01  1.838562430074144e-01 -6.299157199747816e-01  1.364709466760906e-03 -6.299157199747816e-01  6.868471161767381e-01 -6.299157199747816e-01  2.282734391378726e-01 -6.299157199747816e-01  2.311888192125294e-03 
-6.259157199747816e-01  1.541743506430933e+00 -6.259157199747816e-01  1.302089552564116e+00 -6.259157199747816e-01  1.086544280486905e+00 -6.259157199747816e-01  1.840180633429199e-01 -6.259157199747816e-01  1.367719173920367e-03 -6.259157199747816e-01  6.881130594523035e-01 -6.259157199747816e-01  2.281466488646861e-01 -6.259157199747816e-01  2.308920321263652e-03 
-6.219157199747816e-01  1.540977097456310e+00 -6.219157199747816e-01  1.302845382209125e+00 -6.219157199747816e-01  1.085280633015613e+00 -6.219157199747816e-01  1.841797034701957e-01 -6.219157199747816e-01  1.370729122197444e-03 -6.219157199747816e-01  6.893791712348372e-01 -6.219157199747816e-01  2.280198077483451e-01 -6.219157199747816e-01  2.305951926271145e-03 
-6.179157199747816e-01  1.540210627877080e+00 -6.179157199747816e-01  1.303601344449906e+00 -6.179157199747816e-01  1.084016811606869e+00 -6.179157199747816e-01  1.843411639359535e-01 -6.179157199747816e-01  1.373739308377092e-03 -6.179157199747816e-01  6.906454499454273e-01 -6.179157199747816e-01  2.278929153663022e-01 -6.179157199747816e-01  2.302983010530823e-03 
-6.139157199747816e-01  1.539444098501357e+00 -6.139157199747816e-01  1.304357438393293e+00 -6.139157199747816e-01  1.082752817631665e+00 -6.139157199747816e-01  1.845024452866880e-01 -6.139157199747816e-01  1.376749729287841e-03 -6.139157199747816e-01  6.919118939897341e-01 -6.139157199747816e-01  2.277659713029961e-01 -6.139157199747816e-01  2.300013577550485e-03 
-6.099157199747816e-01  1.538677510132967e+00 -6.099157199747816e-01  1.305113663152752e+00 -6.099157199747816e-01  1.081488652454595e+00 -6.099157199747816e-01  1.846635480673285e-01 -6.099157199747816e-01  1.379760381774973e-03 -6.099157199747816e-01  6.931785017842641e-01 -6.099157199747816e-01  2.276389751440879e-01 -6.099157199747816e-01  2.297043630811810e-03 
-6.059157199747816e-01  1.537910863567104e+00 -6.059157199747816e-01  1.305870017823376e+00 -6.059157199747816e-01  1.080224317431037e+00 -6.059157199747816e-01  1.848244728221171e-01 -6.059157199747816e-01  1.382771262717665e-03 -6.059157199747816e-01  6.944452717391337e-01 -6.059157199747816e-01  2.275119264801735e-01 -6.059157199747816e-01  2.294073173868677e-03 
-6.019157199747815e-01  1.537144159598583e+00 -6.019157199747815e-01  1.306626501528507e+00 -6.019157199747815e-01  1.078959813912613e+00 -6.019157199747815e-01  1.849852200929815e-01 -6.019157199747815e-01  1.385782368996520e-03 -6.019157199747815e-01  6.957122022900086e-01 -6.019157199747815e-01  2.273848248997785e-01 -6.019157199747815e-01  2.291102210164031e-03 
-5.979157199747815e-01  1.536377399024377e+00 -5.979157199747815e-01  1.307383113434026e+00 -5.979157199747815e-01  1.077695143248899e+00 -5.979157199747815e-01  1.851457904190573e-01 -5.979157199747815e-01  1.388793697483676e-03 -5.979157199747815e-01  6.969792919078427e-01 -5.979157199747815e-01  2.272576699871720e-01 -5.979157199747815e-01  2.288130742973701e-03 
-5.939157199747815e-01  1.535610582625671e+00 -5.939157199747815e-01  1.308139852645399e+00 -5.939157199747815e-01  1.076430306775630e+00 -5.939157199747815e-01  1.853061843402455e-01 -5.939157199747815e-01  1.391805245113208e-03 -5.939157199747815e-01  6.982465390280951e-01 -5.939157199747815e-01  2.271304613377617e-01 -5.939157199747815e-01  2.285158775810862e-03 
-5.899157199747815e-01  1.534843711191097e+00 -5.899157199747815e-01  1.308896718340011e+00 -5.899157199747815e-01  1.075165305830046e+00 -5.899157199747815e-01  1.854664023926365e-01 -5.899157199747815e-01  1.394817008789927e-03 -5.899157199747815e-01  6.995139421415437e-01 -5.899157199747815e-01  2.270031985382304e-01 -5.899157199747815e-01  2.282186311906164e-03 
-5.859157199747815e-01  1.534076785486397e+00 -5.859157199747815e-01  1.309653709593711e+00 -5.859157199747815e-01  1.073900141730917e+00 -5.859157199747815e-01  1.856264451145068e-01 -5.859157199747815e-01  1.397828985508480e-03 -5.859157199747815e-01  7.007814996750755e-01 -5.859157199747815e-01  2.268758811925188e-01 -5.859157199747815e-01  2.279213354889062e-03 
-5.819157199747815e-01  1.533309806291513e+00 -5.819157199747815e-01  1.310410825592143e+00 -5.819157199747815e-01  1.072634815803041e+00 -5.819157199747815e-01  1.857863130390225e-01 -5.819157199747815e-01  1.400841172207776e-03 -5.819157199747815e-01  7.020492101367768e-01 -5.819157199747815e-01  2.267485088900984e-01 -5.819157199747815e-01  2.276239907957831e-03 
-5.779157199747815e-01  1.532542774381436e+00 -5.779157199747815e-01  1.311168065521108e+00 -5.779157199747815e-01  1.071369329364636e+00 -5.779157199747815e-01  1.859460066980305e-01 -5.779157199747815e-01  1.403853565846067e-03 -5.779157199747815e-01  7.033170720405562e-01 -5.779157199747815e-01  2.266210812223707e-01 -5.779157199747815e-01  2.273265974310071e-03 
-5.739157199747815e-01  1.531775690509725e+00 -5.739157199747815e-01  1.311925428472194e+00 -5.739157199747815e-01  1.070103683716504e+00 -5.739157199747815e-01  1.861055266253048e-01 -5.739157199747815e-01  1.406866163465779e-03 -5.739157199747815e-01  7.045850838412370e-01 -5.739157199747815e-01  2.264935977968316e-01 -5.739157199747815e-01  2.270291557513422e-03 
-5.699157199747815e-01  1.531008555446371e+00 -5.699157199747815e-01  1.312682913658449e+00 -5.699157199747815e-01  1.068837880167040e+00 -5.699157199747815e-01  1.862648733491256e-01 -5.699157199747815e-01  1.409878962044775e-03 -5.699157199747815e-01  7.058532440826546e-01 -5.699157199747815e-01  2.263660582046360e-01 -5.699157199747815e-01  2.267316660658530e-03 
-5.659157199747815e-01  1.530241369948468e+00 -5.659157199747815e-01  1.313440520246877e+00 -5.659157199747815e-01  1.067571920012913e+00 -5.659157199747815e-01  1.864240473980515e-01 -5.659157199747815e-01  1.412891958611537e-03 -5.659157199747815e-01  7.071215512825155e-01 -5.659157199747815e-01  2.262384620457322e-01 -5.659157199747815e-01  2.264341287016827e-03 
-5.619157199747815e-01  1.529474134762534e+00 -5.619157199747815e-01  1.314198247371155e+00 -5.619157199747815e-01  1.066305804540623e+00 -5.619157199747815e-01  1.865830493004678e-01 -5.619157199747815e-01  1.415905150236035e-03 -5.619157199747815e-01  7.083900039410701e-01 -5.619157199747815e-01  2.261108089269399e-01 -5.619157199747815e-01  2.261365439990634e-03 
-5.579157199747815e-01  1.528706850646192e+00 -5.579157199747815e-01  1.314956094255118e+00 -5.579157199747815e-01  1.065039535040847e+00 -5.579157199747815e-01  1.867418795803663e-01 -5.579157199747815e-01  1.418918533944617e-03 -5.579157199747815e-01  7.096586006258657e-01 -5.579157199747815e-01  2.259830984433304e-01 -5.579157199747815e-01  2.258389122628256e-03 
-5.539157199747815e-01  1.527939518337216e+00 -5.539157199747815e-01  1.315714060035864e+00 -5.539157199747815e-01  1.063773112788028e+00 -5.539157199747815e-01  1.869005387634029e-01 -5.539157199747815e-01  1.421932106841533e-03 -5.539157199747815e-01  7.109273398501786e-01 -5.539157199747815e-01  2.258553302048319e-01 -5.539157199747815e-01  2.255412338318577e-03 
-5.499157199747815e-01  1.527172138580815e+00 -5.499157199747815e-01  1.316472143919043e+00 -5.499157199747815e-01  1.062506539058424e+00 -5.499157199747815e-01  1.870590273715869e-01 -5.499157199747815e-01  1.424945866001830e-03 -5.499157199747815e-01  7.121962201796073e-01 -5.499157199747815e-01  2.257275038128126e-01 -5.499157199747815e-01  2.252435090181254e-03 
-5.459157199747815e-01  1.526404712110878e+00 -5.459157199747815e-01  1.317230345071617e+00 -5.459157199747815e-01  1.061239815117748e+00 -5.459157199747815e-01  1.872173459269489e-01 -5.459157199747815e-01  1.427959808544956e-03 -5.459157199747815e-01  7.134652401583489e-01 -5.459157199747815e-01  2.255996188762160e-01 -5.459157199747815e-01  2.249457381487912e-03 
-5.419157199747815e-01  1.525637239671049e+00 -5.419157199747815e-01  1.317988662741667e+00 -5.419157199747815e-01  1.059972942235134e+00 -5.419157199747815e-01  1.873754949474574e-01 -5.419157199747815e-01  1.430973931552038e-03 -5.419157199747815e-01  7.147343983914396e-01 -5.419157199747815e-01  2.254716749934542e-01 -5.419157199747815e-01  2.246479215191620e-03 
-5.379157199747815e-01  1.524869721986770e+00 -5.379157199747815e-01  1.318747096098715e+00 -5.379157199747815e-01  1.058705921664673e+00 -5.379157199747815e-01  1.875334749524661e-01 -5.379157199747815e-01  1.433988232175654e-03 -5.379157199747815e-01  7.160036934349958e-01 -5.379157199747815e-01  2.253436717764803e-01 -5.379157199747815e-01  2.243500594553923e-03 
-5.339157199747815e-01  1.524102159781983e+00 -5.339157199747815e-01  1.319505644328763e+00 -5.339157199747815e-01  1.057438754656489e+00 -5.339157199747815e-01  1.876912864594766e-01 -5.339157199747815e-01  1.437002707574264e-03 -5.339157199747815e-01  7.172731238614355e-01 -5.339157199747815e-01  2.252156088364258e-01 -5.339157199747815e-01  2.240521522771636e-03 
-5.299157199747815e-01  1.523334553781267e+00 -5.299157199747815e-01  1.320264306646010e+00 -5.299157199747815e-01  1.056171442458181e+00 -5.299157199747815e-01  1.878489299837389e-01 -5.299157199747815e-01  1.440017354903738e-03 -5.299157199747815e-01  7.185426882674797e-01 -5.299157199747815e-01  2.250874857817969e-01 -5.299157199747815e-01  2.237542002930898e-03 
-5.259157199747815e-01  1.522566904705493e+00 -5.259157199747815e-01  1.321023082267853e+00 -5.259157199747815e-01  1.054903986311980e+00 -5.259157199747815e-01  1.880064060391125e-01 -5.259157199747815e-01  1.443032171334550e-03 -5.259157199747815e-01  7.198123852569043e-01 -5.259157199747815e-01  2.249593022222199e-01 -5.259157199747815e-01  2.234562038105229e-03 
-5.219157199747815e-01  1.521799213271140e+00 -5.219157199747815e-01  1.321781970410702e+00 -5.219157199747815e-01  1.053636387454328e+00 -5.219157199747815e-01  1.881637151382084e-01 -5.219157199747815e-01  1.446047154054355e-03 -5.219157199747815e-01  7.210822134376134e-01 -5.219157199747815e-01  2.248310577690527e-01 -5.219157199747815e-01  2.231581631372067e-03 
-5.179157199747815e-01  1.521031480187738e+00 -5.179157199747815e-01  1.322540970275168e+00 -5.179157199747815e-01  1.052368647114205e+00 -5.179157199747815e-01  1.883208577928950e-01 -5.179157199747815e-01  1.449062300278109e-03 -5.179157199747815e-01  7.223521714114011e-01 -5.179157199747815e-01  2.247027520376051e-01 -5.179157199747815e-01  2.228600785870874e-03 
-5.139157199747815e-01  1.520263706171940e+00 -5.139157199747815e-01  1.323300081125814e+00 -5.139157199747815e-01  1.051100766522484e+00 -5.139157199747815e-01  1.884778345115972e-01 -5.139157199747815e-01  1.452077607192706e-03 -5.139157199747815e-01  7.236222578286812e-01 -5.139157199747815e-01  2.245743846350232e-01 -5.139157199747815e-01  2.225619504489942e-03 
-5.099157199747815e-01  1.519495891920414e+00 -5.099157199747815e-01  1.324059302136670e+00 -5.099157199747815e-01  1.049832746893994e+00 -5.099157199747815e-01  1.886346458045352e-01 -5.099157199747815e-01  1.455093072063573e-03 -5.099157199747815e-01  7.248924712823018e-01 -5.099157199747815e-01  2.244459551836899e-01 -5.099157199747815e-01  2.222637790473132e-03 
-5.059157199747815e-01  1.518728038144853e+00 -5.059157199747815e-01  1.324818632590079e+00 -5.059157199747815e-01  1.048564589450760e+00 -5.059157199747815e-01  1.887912921769949e-01 -5.059157199747815e-01  1.458108692097061e-03 -5.059157199747815e-01  7.261628104440891e-01 -5.059157199747815e-01  2.243174632910385e-01 -5.059157199747815e-01  2.219655646638937e-03 
-5.019157199747815e-01  1.517960145536801e+00 -5.019157199747815e-01  1.325578071676440e+00 -5.019157199747815e-01  1.047296295398700e+00 -5.019157199747815e-01  1.889477741361043e-01 -5.019157199747815e-01  1.461124464578607e-03 -5.019157199747815e-01  7.274332739272253e-01 -5.019157199747815e-01  2.241889085799162e-01 -5.019157199747815e-01  2.216673076166923e-03 
-4.979157199747815e-01  1.517192214795003e+00 -4.979157199747815e-01  1.326337618649362e+00 -4.979157199747815e-01  1.046027865945794e+00 -4.979157199747815e-01  1.891040921855950e-01 -4.979157199747815e-01  1.464140386765394e-03 -4.979157199747815e-01  7.287038603927670e-01 -4.979157199747815e-01  2.240602906650078e-01 -4.979157199747815e-01  2.213690081988409e-03 
-4.939157199747815e-01  1.516424246616781e+00 -4.939157199747815e-01  1.327097272776444e+00 -4.939157199747815e-01  1.044759302296401e+00 -4.939157199747815e-01  1.892602468274727e-01 -4.939157199747815e-01  1.467156455920140e-03 -4.939157199747815e-01  7.299745685157880e-01 -4.939157199747815e-01  2.239316091602759e-01 -4.939157199747815e-01  2.210706666979805e-03 
-4.899157199747814e-01  1.515656241686869e+00 -4.899157199747814e-01  1.327857033275420e+00 -4.899157199747814e-01  1.043490605643867e+00 -4.899157199747814e-01  1.894162385641650e-01 -4.899157199747814e-01  1.470172669354986e-03 -4.899157199747814e-01  7.312453969414530e-01 -4.899157199747814e-01  2.238028636886511e-01 -4.899157199747814e-01  2.207722834213284e-03 
-4.859157199747814e-01  1.514888200689700e+00 -4.859157199747814e-01  1.328616899383898e+00 -4.859157199747814e-01  1.042221777178703e+00 -4.859157199747814e-01  1.895720678961784e-01 -4.859157199747814e-01  1.473189024383205e-03 -4.859157199747814e-01  7.325163443328814e-01 -4.859157199747814e-01  2.236740538714143e-01 -4.859157199747814e-01  2.204738586683061e-03 
-4.819157199747814e-01  1.514120124318074e+00 -4.819157199747814e-01  1.329376870408197e+00 -4.819157199747814e-01  1.040952818094389e+00 -4.819157199747814e-01  1.897277353204671e-01 -4.819157199747814e-01  1.476205518285219e-03 -4.819157199747814e-01  7.337874094046142e-01 -4.819157199747814e-01  2.235451793207118e-01 -4.819157199747814e-01  2.201753927113415e-03 
-4.779157199747814e-01  1.513352013243392e+00 -4.779157199747814e-01  1.330136945554046e+00 -4.779157199747814e-01  1.039683729567608e+00 -4.779157199747814e-01  1.898832413361182e-01 -4.779157199747814e-01  1.479222148425457e-03 -4.779157199747814e-01  7.350585908063048e-01 -4.779157199747814e-01  2.234162396653372e-01 -4.779157199747814e-01  2.198768858623751e-03 
-4.739157199747814e-01  1.512583868146110e+00 -4.739157199747814e-01  1.330897124099289e+00 -4.739157199747814e-01  1.038414512778512e+00 -4.739157199747814e-01  1.900385864385569e-01 -4.739157199747814e-01  1.482238912132737e-03 -4.739157199747814e-01  7.363298872412614e-01 -4.739157199747814e-01  2.232872345243865e-01 -4.739157199747814e-01  2.195783384050165e-03 
-4.699157199747814e-01  1.511815689695597e+00 -4.699157199747814e-01  1.331657405279220e+00 -4.699157199747814e-01  1.037145168897377e+00 -4.699157199747814e-01  1.901937711233997e-01 -4.699157199747814e-01  1.485255806779464e-03 -4.699157199747814e-01  7.376012973876597e-01 -4.699157199747814e-01  2.231581635247255e-01 -4.699157199747814e-01  2.192797506395965e-03 
-4.659157199747814e-01  1.511047478577779e+00 -4.659157199747814e-01  1.332417788443475e+00 -4.659157199747814e-01  1.035875699102987e+00 -4.659157199747814e-01  1.903487958812107e-01 -4.659157199747814e-01  1.488272829672901e-03 -4.659157199747814e-01  7.388728200062294e-01 -4.659157199747814e-01  2.230290262769990e-01 -4.659157199747814e-01  2.189811228215303e-03 
-4.619157199747814e-01  1.510279235443010e+00 -4.619157199747814e-01  1.333178272759470e+00 -4.619157199747814e-01  1.034606104548009e+00 -4.619157199747814e-01  1.905036612074125e-01 -4.619157199747814e-01  1.491289978260073e-03 -4.619157199747814e-01  7.401444537365479e-01 -4.619157199747814e-01  2.228998224209252e-01 -4.619157199747814e-01  2.186824552778066e-03 
-4.579157199747814e-01  1.509510960973617e+00 -4.579157199747814e-01  1.333938857595881e+00 -4.579157199747814e-01  1.033336386403946e+00 -4.579157199747814e-01  1.906583675894849e-01 -4.579157199747814e-01  1.494307249862357e-03 -4.579157199747814e-01  7.414161973603262e-01 -4.579157199747814e-01  2.227705515666588e-01 -4.579157199747814e-01  2.183837482563599e-03 
-4.539157199747814e-01  1.508742655817170e+00 -4.539157199747814e-01  1.334699542143505e+00 -4.539157199747814e-01  1.032066545816757e+00 -4.539157199747814e-01  1.908129155196217e-01 -4.539157199747814e-01  1.497324641937654e-03 -4.539157199747814e-01  7.426880495410147e-01 -4.539157199747814e-01  2.226412133527526e-01 -4.539157199747814e-01  2.180850020749974e-03 
-4.499157199747814e-01  1.507974320645572e+00 -4.499157199747814e-01  1.335460325750408e+00 -4.499157199747814e-01  1.030796583946219e+00 -4.499157199747814e-01  1.909673054835606e-01 -4.499157199747814e-01  1.500342151848246e-03 -4.499157199747814e-01  7.439600090538867e-01 -4.499157199747814e-01  2.225118073948502e-01 -4.499157199747814e-01  2.177862169897544e-03 
-4.459157199747814e-01  1.507205956115222e+00 -4.459157199747814e-01  1.336221207695614e+00 -4.459157199747814e-01  1.029526501939430e+00 -4.459157199747814e-01  1.911215379681316e-01 -4.459157199747814e-01  1.503359777017313e-03 -4.459157199747814e-01  7.452320746305910e-01 -4.459157199747814e-01  2.223823333202995e-01 -4.459157199747814e-01  2.174873932837796e-03 
-4.419157199747814e-01  1.506437562875779e+00 -4.419157199747814e-01  1.336982187238548e+00 -4.419157199747814e-01  1.028256300936671e+00 -4.419157199747814e-01  1.912756134596046e-01 -4.419157199747814e-01  1.506377514894453e-03 -4.419157199747814e-01  7.465042449930543e-01 -4.419157199747814e-01  2.222527907605820e-01 -4.419157199747814e-01  2.171885312479261e-03 
-4.379157199747814e-01  1.505669141579122e+00 -4.379157199747814e-01  1.337743263669668e+00 -4.379157199747814e-01  1.026985982077391e+00 -4.379157199747814e-01  1.914295324420162e-01 -4.379157199747814e-01  1.509395362920559e-03 -4.379157199747814e-01  7.477765188882002e-01 -4.379157199747814e-01  2.221231793435216e-01 -4.379157199747814e-01  2.168896311608491e-03 
-4.339157199747814e-01  1.504900692876040e+00 -4.339157199747814e-01  1.338504436291546e+00 -4.339157199747814e-01  1.025715546498039e+00 -4.339157199747814e-01  1.915832953978054e-01 -4.339157199747814e-01  1.512413318540745e-03 -4.339157199747814e-01  7.490488950749128e-01 -4.339157199747814e-01  2.219934986961631e-01 -4.339157199747814e-01  2.165906932964525e-03 
-4.299157199747814e-01  1.504132217415192e+00 -4.299157199747814e-01  1.339265704412520e+00 -4.299157199747814e-01  1.024444995331397e+00 -4.299157199747814e-01  1.917369028080260e-01 -4.299157199747814e-01  1.515431379208507e-03 -4.299157199747814e-01  7.503213723196283e-01 -4.299157199747814e-01  2.218637484457216e-01 -4.299157199747814e-01  2.162917179263792e-03 
-4.259157199747814e-01  1.503363715837093e+00 -4.259157199747814e-01  1.340027067312496e+00 -4.259157199747814e-01  1.023174329702587e+00 -4.259157199747814e-01  1.918903551534840e-01 -4.259157199747814e-01  1.518449542409301e-03 -4.259157199747814e-01  7.515939493728112e-01 -4.259157199747814e-01  2.217339282248197e-01 -4.259157199747814e-01  2.159927053334321e-03 
-4.219157199747814e-01  1.502595188788957e+00 -4.219157199747814e-01  1.340788524326857e+00 -4.219157199747814e-01  1.021903550738999e+00 -4.219157199747814e-01  1.920436529119655e-01 -4.219157199747814e-01  1.521467805602209e-03 -4.219157199747814e-01  7.528666250265138e-01 -4.219157199747814e-01  2.216040376585650e-01 -4.219157199747814e-01  2.156936557786272e-03 
-4.179157199747814e-01  1.501826636907577e+00 -4.179157199747814e-01  1.341550074749170e+00 -4.179157199747814e-01  1.020632659558899e+00 -4.179157199747814e-01  1.921967965614620e-01 -4.179157199747814e-01  1.524486166287275e-03 -4.179157199747814e-01  7.541393980475387e-01 -4.179157199747814e-01  2.214740763794952e-01 -4.179157199747814e-01  2.153945695394058e-03 
-4.139157199747814e-01  1.501058060823642e+00 -4.139157199747814e-01  1.342311717855410e+00 -4.139157199747814e-01  1.019361657274333e+00 -4.139157199747814e-01  1.923497865793659e-01 -4.139157199747814e-01  1.527504621988486e-03 -4.139157199747814e-01  7.554122671940267e-01 -4.139157199747814e-01  2.213440440238441e-01 -4.139157199747814e-01  2.150954469001142e-03 
-4.099157199747814e-01  1.500289461178491e+00 -4.099157199747814e-01  1.343073452998711e+00 -4.099157199747814e-01  1.018090545002326e+00 -4.099157199747814e-01  1.925026234393544e-01 -4.099157199747814e-01  1.530523170187957e-03 -4.099157199747814e-01  7.566852312804545e-01 -4.099157199747814e-01  2.212139402169160e-01 -4.099157199747814e-01  2.147962881148013e-03 
-4.059157199747814e-01  1.499520838602687e+00 -4.059157199747814e-01  1.343835279487699e+00 -4.059157199747814e-01  1.016819323850619e+00 -4.059157199747814e-01  1.926553076154074e-01 -4.059157199747814e-01  1.533541808410122e-03 -4.059157199747814e-01  7.579582890940691e-01 -4.059157199747814e-01  2.210837645918085e-01 -4.059157199747814e-01  2.144970934549907e-03 
-4.019157199747814e-01  1.498752193725027e+00 -4.019157199747814e-01  1.344597196637323e+00 -4.019157199747814e-01  1.015547994923695e+00 -4.019157199747814e-01  1.928078395801346e-01 -4.019157199747814e-01  1.536560534186340e-03 -4.019157199747814e-01  7.592314394297401e-01 -4.019157199747814e-01  2.209535167815677e-01 -4.019157199747814e-01  2.141978631897265e-03 
-3.979157199747814e-01  1.497983527171815e+00 -3.979157199747814e-01  1.345359203764616e+00 -3.979157199747814e-01  1.014276559322329e+00 -3.979157199747814e-01  1.929602198049232e-01 -3.979157199747814e-01  1.539579345057748e-03 -3.979157199747814e-01  7.605046810870028e-01 -3.979157199747814e-01  2.208231964198197e-01 -3.979157199747814e-01  2.138985975872304e-03 
-3.939157199747814e-01  1.497214839566395e+00 -3.939157199747814e-01  1.346121300185659e+00 -3.939157199747814e-01  1.013005018143293e+00 -3.939157199747814e-01  1.931124487600347e-01 -3.939157199747814e-01  1.542598238577063e-03 -3.939157199747814e-01  7.617780128679391e-01 -3.939157199747814e-01  2.206928031412241e-01 -3.939157199747814e-01  2.135992969161012e-03 
-3.899157199747814e-01  1.496446131534319e+00 -3.899157199747814e-01  1.346883485244715e+00 -3.899157199747814e-01  1.011733372482837e+00 -3.899157199747814e-01  1.932645269136611e-01 -3.899157199747814e-01  1.545617212288334e-03 -3.899157199747814e-01  7.630514335971252e-01 -3.899157199747814e-01  2.205623365769442e-01 -3.899157199747814e-01  2.132999614338679e-03 
-3.859157199747814e-01  1.495677403693534e+00 -3.859157199747814e-01  1.347645758258484e+00 -3.859157199747814e-01  1.010461623430153e+00 -3.859157199747814e-01  1.934164547337571e-01 -3.859157199747814e-01  1.548636263765454e-03 -3.859157199747814e-01  7.643249420833317e-01 -3.859157199747814e-01  2.204317963632537e-01 -3.859157199747814e-01  2.130005914088871e-03 
-3.819157199747814e-01  1.494908656666979e+00 -3.819157199747814e-01  1.348408118587091e+00 -3.819157199747814e-01  1.009189772075829e+00 -3.819157199747814e-01  1.935682326857169e-01 -3.819157199747814e-01  1.551655390562710e-03 -3.819157199747814e-01  7.655985371681959e-01 -3.819157199747814e-01  2.203011821305247e-01 -3.819157199747814e-01  2.127011870924579e-03 
-3.779157199747814e-01  1.494139891065728e+00 -3.779157199747814e-01  1.349170565538604e+00 -3.779157199747814e-01  1.007917819500589e+00 -3.779157199747814e-01  1.937198612355069e-01 -3.779157199747814e-01  1.554674590280934e-03 -3.779157199747814e-01  7.668722176606677e-01 -3.779157199747814e-01  2.201704935180035e-01 -3.779157199747814e-01  2.124017487563227e-03 
-3.739157199747813e-01  1.493371107501318e+00 -3.739157199747813e-01  1.349933098438532e+00 -3.739157199747813e-01  1.006645766783568e+00 -3.739157199747813e-01  1.938713408473950e-01 -3.739157199747813e-01  1.557693860519169e-03 -3.739157199747813e-01  7.681459823846555e-01 -3.739157199747813e-01  2.200397301630338e-01 -3.739157199747813e-01  2.121022766653808e-03 
-3.699157199747813e-01  1.492602306592667e+00 -3.699157199747813e-01  1.350695716668634e+00 -3.699157199747813e-01  1.005373615006966e+00 -3.699157199747813e-01  1.940226719826872e-01 -3.699157199747813e-01  1.560713198847410e-03 -3.699157199747813e-01  7.694198302056063e-01 -3.699157199747813e-01  2.199088916949953e-01 -3.699157199747813e-01  2.118027710624341e-03 
-3.659157199747813e-01  1.491833488939879e+00 -3.659157199747813e-01  1.351458419518822e+00 -3.659157199747813e-01  1.004101365238539e+00 -3.659157199747813e-01  1.941738551045747e-01 -3.659157199747813e-01  1.563732602909564e-03 -3.659157199747813e-01  7.706937599288607e-01 -3.659157199747813e-01  2.197779777582859e-01 -3.659157199747813e-01  2.115032322263556e-03 
-3.619157199747813e-01  1.491064655163439e+00 -3.619157199747813e-01  1.352221206408234e+00 -3.619157199747813e-01  1.002829018557863e+00 -3.619157199747813e-01  1.943248906709194e-01 -3.619157199747813e-01  1.566752070269457e-03 -3.619157199747813e-01  7.719677704512902e-01 -3.619157199747813e-01  2.196469879779595e-01 -3.619157199747813e-01  2.112036603852725e-03 
-3.579157199747813e-01  1.490295805858425e+00 -3.579157199747813e-01  1.352984076626475e+00 -3.579157199747813e-01  1.001556576025695e+00 -3.579157199747813e-01  1.944757791426986e-01 -3.579157199747813e-01  1.569771598590682e-03 -3.579157199747813e-01  7.732418605837243e-01 -3.579157199747813e-01  2.195159219999246e-01 -3.579157199747813e-01  2.109040558181777e-03 
-3.539157199747813e-01  1.489526941629736e+00 -3.539157199747813e-01  1.353747029532379e+00 -3.539157199747813e-01  1.000284038707600e+00 -3.539157199747813e-01  1.946265209775304e-01 -3.539157199747813e-01  1.572791185498248e-03 -3.539157199747813e-01  7.745160291872863e-01 -3.539157199747813e-01  2.193847794600334e-01 -3.539157199747813e-01  2.106044187768813e-03 
-3.499157199747813e-01  1.488758063079914e+00 -3.499157199747813e-01  1.354510064485039e+00 -3.499157199747813e-01  9.990114076657972e-01 -3.499157199747813e-01  1.947771166319307e-01 -3.499157199747813e-01  1.575810828626428e-03 -3.499157199747813e-01  7.757902751260255e-01 -3.499157199747813e-01  2.192535599947776e-01 -3.499157199747813e-01  2.103047495130865e-03 
-3.459157199747813e-01  1.487989170814123e+00 -3.459157199747813e-01  1.355273180871629e+00 -3.459157199747813e-01  9.977386839625422e-01 -3.459157199747813e-01  1.949275665604097e-01 -3.459157199747813e-01  1.578830525599151e-03 -3.459157199747813e-01  7.770645972859647e-01 -3.459157199747813e-01  2.191222632369338e-01 -3.459157199747813e-01  2.100050482674712e-03 
-3.419157199747813e-01  1.487220265419991e+00 -3.419157199747813e-01  1.356036377993564e+00 -3.419157199747813e-01  9.964658686466261e-01 -3.419157199747813e-01  1.950778712191770e-01 -3.419157199747813e-01  1.581850274109215e-03 -3.419157199747813e-01  7.783389944969874e-01 -3.419157199747813e-01  2.189908888333069e-01 -3.419157199747813e-01  2.097053153143919e-03 
-3.379157199747813e-01  1.486451347504155e+00 -3.379157199747813e-01  1.356799655272434e+00 -3.379157199747813e-01  9.951929627778978e-01 -3.379157199747813e-01  1.952280310594618e-01 -3.379157199747813e-01  1.584870071774753e-03 -3.379157199747813e-01  7.796134656740400e-01 -3.379157199747813e-01  2.188594364125833e-01 -3.379157199747813e-01  2.094055508810113e-03 
-3.339157199747813e-01  1.485682417651210e+00 -3.339157199747813e-01  1.357563012018213e+00 -3.339157199747813e-01  9.939199673997750e-01 -3.339157199747813e-01  1.953780465350354e-01 -3.339157199747813e-01  1.587889916300465e-03 -3.339157199747813e-01  7.808880096581182e-01 -3.339157199747813e-01  2.187279056214932e-01 -3.339157199747813e-01  2.091057552383245e-03 
-3.299157199747813e-01  1.484913476458623e+00 -3.299157199747813e-01  1.358326447626090e+00 -3.299157199747813e-01  9.926468835626607e-01 -3.299157199747813e-01  1.955279180958383e-01 -3.299157199747813e-01  1.590909805340444e-03 -3.299157199747813e-01  7.821626253512346e-01 -3.299157199747813e-01  2.185962960940564e-01 -3.299157199747813e-01  2.088059286238599e-03 
-3.259157199747813e-01  1.484144524513756e+00 -3.259157199747813e-01  1.359089961446582e+00 -3.259157199747813e-01  9.913737123085713e-01 -3.259157199747813e-01  1.956776461921907e-01 -3.259157199747813e-01  1.593929736588476e-03 -3.259157199747813e-01  7.834373116272902e-01 -3.259157199747813e-01  2.184646074718604e-01 -3.259157199747813e-01  2.085060712926935e-03 
-3.219157199747813e-01  1.483375562409146e+00 -3.219157199747813e-01  1.359853552871491e+00 -3.219157199747813e-01  9.901004546814089e-01 -3.219157199747813e-01  1.958272312720193e-01 -3.219157199747813e-01  1.596949707718050e-03 -3.219157199747813e-01  7.847120673909925e-01 -3.219157199747813e-01  2.183328393905968e-01 -3.219157199747813e-01  2.082061834836815e-03 
-3.179157199747813e-01  1.482606590727692e+00 -3.179157199747813e-01  1.360617221250365e+00 -3.179157199747813e-01  9.888271117170340e-01 -3.179157199747813e-01  1.959766737835605e-01 -3.179157199747813e-01  1.599969716440421e-03 -3.179157199747813e-01  7.859868915205355e-01 -3.179157199747813e-01  2.182009914931286e-01 -3.179157199747813e-01  2.079062654522812e-03 
-3.139157199747813e-01  1.481837610054540e+00 -3.139157199747813e-01  1.361380965957091e+00 -3.139157199747813e-01  9.875536844512751e-01 -3.139157199747813e-01  1.961259741732136e-01 -3.139157199747813e-01  1.602989760458057e-03 -3.139157199747813e-01  7.872617829132266e-01 -3.139157199747813e-01  2.180690634190424e-01 -3.139157199747813e-01  2.076063174443855e-03 
-3.099157199747813e-01  1.481068620980843e+00 -3.099157199747813e-01  1.362144786411020e+00 -3.099157199747813e-01  9.862801739224730e-01 -3.099157199747813e-01  1.962751328848729e-01 -3.099157199747813e-01  1.606009837449812e-03 -3.099157199747813e-01  7.885367404999275e-01 -3.099157199747813e-01  2.179370548013055e-01 -3.099157199747813e-01  2.073063396880360e-03 
-3.059157199747813e-01  1.480299624078305e+00 -3.059157199747813e-01  1.362908681933352e+00 -3.059157199747813e-01  9.850065811544104e-01 -3.059157199747813e-01  1.964241503645529e-01 -3.059157199747813e-01  1.609029945170895e-03 -3.059157199747813e-01  7.898117631465655e-01 -3.059157199747813e-01  2.178049652887968e-01 -3.059157199747813e-01  2.070063324498191e-03 
-3.019157199747813e-01  1.479530619935035e+00 -3.019157199747813e-01  1.363672651948868e+00 -3.019157199747813e-01  9.837329071804162e-01 -3.019157199747813e-01  1.965730270539039e-01 -3.019157199747813e-01  1.612050081312127e-03 -3.019157199747813e-01  7.910868497923988e-01 -3.019157199747813e-01  2.176727945146164e-01 -3.019157199747813e-01  2.067062959556431e-03 
-2.979157199747813e-01  1.478761609124577e+00 -2.979157199747813e-01  1.364436695811328e+00 -2.979157199747813e-01  9.824591530225751e-01 -2.979157199747813e-01  1.967217633958274e-01 -2.979157199747813e-01  1.615070243621426e-03 -2.979157199747813e-01  7.923619993302802e-01 -2.979157199747813e-01  2.175405421234967e-01 -2.979157199747813e-01  2.064062304593063e-03 
-2.939157199747813e-01  1.477992592222885e+00 -2.939157199747813e-01  1.365200812899023e+00 -2.939157199747813e-01  9.811853197031724e-01 -2.939157199747813e-01  1.968703598314212e-01 -2.939157199747813e-01  1.618090429837325e-03 -2.939157199747813e-01  7.936372106721400e-01 -2.939157199747813e-01  2.174082077567764e-01 -2.939157199747813e-01  2.061061362049765e-03 
-2.899157199747813e-01  1.477223569816743e+00 -2.899157199747813e-01  1.365965002661658e+00 -2.899157199747813e-01  9.799114082503531e-01 -2.899157199747813e-01  1.970188167984700e-01 -2.899157199747813e-01  1.621110637655762e-03 -2.899157199747813e-01  7.949124827810582e-01 -2.899157199747813e-01  2.172757910449788e-01 -2.899157199747813e-01  2.058060134087711e-03 
-2.859157199747813e-01  1.476454542464842e+00 -2.859157199747813e-01  1.366729264401469e+00 -2.859157199747813e-01  9.786374196720051e-01 -2.859157199747813e-01  1.971671347384797e-01 -2.859157199747813e-01  1.624130864883010e-03 -2.859157199747813e-01  7.961878145212393e-01 -2.859157199747813e-01  2.171432916422912e-01 -2.859157199747813e-01  2.055058623447225e-03 
-2.819157199747813e-01  1.475685510753308e+00 -2.819157199747813e-01  1.367493597585213e+00 -2.819157199747813e-01  9.773633549930929e-01 -2.819157199747813e-01  1.973153140866766e-01 -2.819157199747813e-01  1.627151109217583e-03 -2.819157199747813e-01  7.974632048717837e-01 -2.819157199747813e-01  2.170107091773782e-01 -2.819157199747813e-01  2.052056832222592e-03 
-2.779157199747813e-01  1.474916475244492e+00 -2.779157199747813e-01  1.368258001556113e+00 -2.779157199747813e-01  9.760892152212614e-01 -2.779157199747813e-01  1.974633552812460e-01 -2.779157199747813e-01  1.630171368451372e-03 -2.779157199747813e-01  7.987386527292603e-01 -2.779157199747813e-01  2.168780432987818e-01 -2.779157199747813e-01  2.049054762993162e-03 
-2.739157199747813e-01  1.474147436511362e+00 -2.739157199747813e-01  1.369022475726980e+00 -2.739157199747813e-01  9.748150013699688e-01 -2.739157199747813e-01  1.976112587571488e-01 -2.739157199747813e-01  1.633191640334525e-03 -2.739157199747813e-01  8.000141570400046e-01 -2.739157199747813e-01  2.167452936444435e-01 -2.739157199747813e-01  2.046052418065000e-03 
-2.699157199747813e-01  1.473378395123606e+00 -2.699157199747813e-01  1.369787019501920e+00 -2.699157199747813e-01  9.735407144491821e-01 -2.699157199747813e-01  1.977590249486386e-01 -2.699157199747813e-01  1.636211922630092e-03 -2.699157199747813e-01  8.012897167464379e-01 -2.699157199747813e-01  2.166124598540420e-01 -2.699157199747813e-01  2.043049799778401e-03 
-2.659157199747813e-01  1.472609351646950e+00 -2.659157199747813e-01  1.370551632272322e+00 -2.659157199747813e-01  9.722663554649275e-01 -2.659157199747813e-01  1.979066542893911e-01 -2.659157199747813e-01  1.639232213116664e-03 -2.659157199747813e-01  8.025653307842969e-01 -2.659157199747813e-01  2.164795415696151e-01 -2.659157199747813e-01  2.040046910523547e-03 
-2.619157199747812e-01  1.471840306651016e+00 -2.619157199747812e-01  1.371316313460855e+00 -2.619157199747812e-01  9.709919254246048e-01 -2.619157199747812e-01  1.980541472111087e-01 -2.619157199747812e-01  1.642252509557528e-03 -2.619157199747812e-01  8.038409981127295e-01 -2.619157199747812e-01  2.163465384285860e-01 -2.619157199747812e-01  2.037043752567867e-03 
-2.579157199747812e-01  1.471071260689201e+00 -2.579157199747812e-01  1.372081062408381e+00 -2.579157199747812e-01  9.697174253234616e-01 -2.579157199747812e-01  1.982015041471304e-01 -2.579157199747812e-01  1.645272809779680e-03 -2.579157199747812e-01  8.051167176368124e-01 -2.579157199747812e-01  2.162134500816609e-01 -2.579157199747812e-01  2.034040328499958e-03 
-2.539157199747812e-01  1.470302214338695e+00 -2.539157199747812e-01  1.372845878598226e+00 -2.539157199747812e-01  9.684428561715591e-01 -2.539157199747812e-01  1.983487255252870e-01 -2.539157199747812e-01  1.648293111516643e-03 -2.539157199747812e-01  8.063924883611228e-01 -2.539157199747812e-01  2.160802761572702e-01 -2.539157199747812e-01  2.031036640349002e-03 
-2.499157199747812e-01  1.469533168150734e+00 -2.499157199747812e-01  1.373610761376987e+00 -2.499157199747812e-01  9.671682189603017e-01 -2.499157199747812e-01  1.984958117768065e-01 -2.499157199747812e-01  1.651313412603886e-03 -2.499157199747812e-01  8.076683091984905e-01 -2.499157199747812e-01  2.159470163058189e-01 -2.499157199747812e-01  2.028032690681106e-03 
-2.459157199747812e-01  1.468764122688677e+00 -2.459157199747812e-01  1.374375710167969e+00 -2.459157199747812e-01  9.658935146880933e-01 -2.459157199747812e-01  1.986427633295196e-01 -2.459157199747812e-01  1.654333710829256e-03 -2.459157199747812e-01  8.089441791161522e-01 -2.459157199747812e-01  2.158136701658239e-01 -2.459157199747812e-01  2.025028481761153e-03 
-2.419157199747812e-01  1.467995078512260e+00 -2.419157199747812e-01  1.375140724382664e+00 -2.419157199747812e-01  9.646187443497601e-01 -2.419157199747812e-01  1.987895806106846e-01 -2.419157199747812e-01  1.657354003994808e-03 -2.419157199747812e-01  8.102200970750785e-01 -2.419157199747812e-01  2.156802373779365e-01 -2.419157199747812e-01  2.022024015900396e-03 
-2.379157199747812e-01  1.467226036184426e+00 -2.379157199747812e-01  1.375905803458876e+00 -2.379157199747812e-01  9.633439089411701e-01 -2.379157199747812e-01  1.989362640457836e-01 -2.379157199747812e-01  1.660374289890011e-03 -2.379157199747812e-01  8.114960620560681e-01 -2.379157199747812e-01  2.155467175788686e-01 -2.379157199747812e-01  2.019019295306775e-03 
-2.339157199747812e-01  1.466456996258389e+00 -2.339157199747812e-01  1.376670946788044e+00 -2.339157199747812e-01  9.620690094505414e-01 -2.339157199747812e-01  1.990828140608324e-01 -2.339157199747812e-01  1.663394566342495e-03 -2.339157199747812e-01  8.127720730099394e-01 -2.339157199747812e-01  2.154131104129406e-01 -2.339157199747812e-01  2.016014322370278e-03 
-2.299157199747812e-01  1.465687959288975e+00 -2.299157199747812e-01  1.377436153778657e+00 -2.299157199747812e-01  9.607940468661048e-01 -2.299157199747812e-01  1.992292310803757e-01 -2.299157199747812e-01  1.666414831173614e-03 -2.299157199747812e-01  8.140481289009399e-01 -2.299157199747812e-01  2.152794155219894e-01 -2.299157199747812e-01  2.013009099414010e-03 
-2.259157199747812e-01  1.464918925828278e+00 -2.259157199747812e-01  1.378201423831723e+00 -2.259157199747812e-01  9.595190221731950e-01 -2.259157199747812e-01  1.993755155282661e-01 -2.259157199747812e-01  1.669435082215385e-03 -2.259157199747812e-01  8.153242286899058e-01 -2.259157199747812e-01  2.151456325492526e-01 -2.259157199747812e-01  2.010003628790374e-03 
-2.219157199747812e-01  1.464149896439558e+00 -2.219157199747812e-01  1.378966756418517e+00 -2.219157199747812e-01  9.582439363636461e-01 -2.219157199747812e-01  1.995216678252183e-01 -2.219157199747812e-01  1.672455317255997e-03 -2.219157199747812e-01  8.166003713874577e-01 -2.219157199747812e-01  2.150117611269455e-01 -2.219157199747812e-01  2.006997912575841e-03 
-2.179157199747812e-01  1.463380871667036e+00 -2.179157199747812e-01  1.379732150911122e+00 -2.179157199747812e-01  9.569687904154479e-01 -2.179157199747812e-01  1.996676883941691e-01 -2.179157199747812e-01  1.675475534158410e-03 -2.179157199747812e-01  8.178765559379777e-01 -2.179157199747812e-01  2.148778009032951e-01 -2.179157199747812e-01  2.003991953236459e-03 
-2.139157199747812e-01  1.462611852062499e+00 -2.139157199747812e-01  1.380497606731389e+00 -2.139157199747812e-01  9.556935853107005e-01 -2.139157199747812e-01  1.998135776555729e-01 -2.139157199747812e-01  1.678495730755827e-03 -2.139157199747812e-01  8.191527813215402e-01 -2.139157199747812e-01  2.147437515187548e-01 -2.139157199747812e-01  2.000985753042821e-03 
-2.099157199747812e-01  1.461842838183871e+00 -2.099157199747812e-01  1.381263123342624e+00 -2.099157199747812e-01  9.544183220346814e-01 -2.099157199747812e-01  1.999593360276742e-01 -2.099157199747812e-01  1.681515904857352e-03 -2.099157199747812e-01  8.204290465481870e-01 -2.099157199747812e-01  2.146096126072902e-01 -2.099157199747812e-01  1.997979314102674e-03 
-2.059157199747812e-01  1.461073830574758e+00 -2.059157199747812e-01  1.382028700135074e+00 -2.059157199747812e-01  9.531430015620657e-01 -2.059157199747812e-01  2.001049639301315e-01 -2.059157199747812e-01  1.684536054328359e-03 -2.059157199747812e-01  8.217053505795296e-01 -2.059157199747812e-01  2.144753838146947e-01 -2.059157199747812e-01  1.994972638810728e-03 
-2.019157199747812e-01  1.460304829782512e+00 -2.019157199747812e-01  1.382794336526760e+00 -2.019157199747812e-01  9.518676248691313e-01 -2.019157199747812e-01  2.002504617808310e-01 -2.019157199747812e-01  1.687556177019428e-03 -2.019157199747812e-01  8.229816923977317e-01 -2.019157199747812e-01  2.143410647824485e-01 -2.019157199747812e-01  1.991965729452585e-03 
-1.979157199747812e-01  1.459535836362591e+00 -1.979157199747812e-01  1.383560031987734e+00 -1.979157199747812e-01  9.505921929367291e-01 -1.979157199747812e-01  2.003958299951415e-01 -1.979157199747812e-01  1.690576270749360e-03 -1.979157199747812e-01  8.242580710220682e-01 -1.979157199747812e-01  2.142066551437958e-01 -1.979157199747812e-01  1.988958588109541e-03 
-1.939157199747812e-01  1.458766850853650e+00 -1.939157199747812e-01  1.384325785900603e+00 -1.939157199747812e-01  9.493167067334883e-01 -1.939157199747812e-01  2.005410689903060e-01 -1.939157199747812e-01  1.693596333402932e-03 -1.939157199747812e-01  8.255344854134706e-01 -1.939157199747812e-01  2.140721545461051e-01 -1.939157199747812e-01  1.985951217206291e-03 
-1.899157199747812e-01  1.457997873804865e+00 -1.899157199747812e-01  1.385091597713181e+00 -1.899157199747812e-01  9.480411672342792e-01 -1.899157199747812e-01  2.006861791806414e-01 -1.899157199747812e-01  1.696616362823540e-03 -1.899157199747812e-01  8.268109345789389e-01 -1.899157199747812e-01  2.139375626263691e-01 -1.899157199747812e-01  1.982943618911453e-03 
-1.859157199747812e-01  1.457228905758244e+00 -1.859157199747812e-01  1.385857466839446e+00 -1.859157199747812e-01  9.467655754083005e-01 -1.859157199747812e-01  2.008311609806664e-01 -1.859157199747812e-01  1.699636356882801e-03 -1.859157199747812e-01  8.280874175037605e-01 -1.859157199747812e-01  2.138028790270872e-01 -1.859157199747812e-01  1.979935795526515e-03 
-1.819157199747812e-01  1.456459947264828e+00 -1.819157199747812e-01  1.386623392749799e+00 -1.819157199747812e-01  9.454899322300351e-01 -1.819157199747812e-01  2.009760148022650e-01 -1.819157199747812e-01  1.702656313416797e-03 -1.819157199747812e-01  8.293639332132066e-01 -1.819157199747812e-01  2.136681033817403e-01 -1.819157199747812e-01  1.976927749131383e-03 
-1.779157199747812e-01  1.455690998865975e+00 -1.779157199747812e-01  1.387389374866501e+00 -1.779157199747812e-01  9.442142386666313e-01 -1.779157199747812e-01  2.011207410579816e-01 -1.779157199747812e-01  1.705676230299640e-03 -1.779157199747812e-01  8.306404807010055e-01 -1.779157199747812e-01  2.135332353315935e-01 -1.779157199747812e-01  1.973919481995021e-03 
-1.739157199747812e-01  1.454922061101157e+00 -1.739157199747812e-01  1.388155412606998e+00 -1.739157199747812e-01  9.429384956831934e-01 -1.739157199747812e-01  2.012653401596631e-01 -1.739157199747812e-01  1.708696105412860e-03 -1.739157199747812e-01  8.319170589589377e-01 -1.739157199747812e-01  2.133982745187280e-01 -1.739157199747812e-01  1.970910996405326e-03 
-1.699157199747812e-01  1.454153134509017e+00 -1.699157199747812e-01  1.388921505389683e+00 -1.699157199747812e-01  9.416627042435117e-01 -1.699157199747812e-01  2.014098125182841e-01 -1.699157199747812e-01  1.711715936641251e-03 -1.699157199747812e-01  8.331936669807589e-01 -1.699157199747812e-01  2.132632205850984e-01 -1.699157199747812e-01  1.967902294646411e-03 
-1.659157199747812e-01  1.453384219642236e+00 -1.659157199747812e-01  1.389687652716689e+00 -1.659157199747812e-01  9.403868653201356e-01 -1.659157199747812e-01  2.015541585413617e-01 -1.659157199747812e-01  1.714735721814408e-03 -1.659157199747812e-01  8.344703038187651e-01 -1.659157199747812e-01  2.131280731591494e-01 -1.659157199747812e-01  1.964893378673615e-03 
-1.619157199747812e-01  1.452615317030665e+00 -1.619157199747812e-01  1.390453853968046e+00 -1.619157199747812e-01  9.391109798694768e-01 -1.619157199747812e-01  2.016983786394076e-01 -1.619157199747812e-01  1.717755458851656e-03 -1.619157199747812e-01  8.357469684430451e-01 -1.619157199747812e-01  2.129928318890244e-01 -1.619157199747812e-01  1.961884250921683e-03 
-1.579157199747812e-01  1.451846427218054e+00 -1.579157199747812e-01  1.391220108606412e+00 -1.579157199747812e-01  9.378350488566513e-01 -1.579157199747812e-01  2.018424732195236e-01 -1.579157199747812e-01  1.720775145617661e-03 -1.579157199747812e-01  8.370236598814125e-01 -1.579157199747812e-01  2.128574964095119e-01 -1.579157199747812e-01  1.958874913500998e-03 
-1.539157199747812e-01  1.451077550742838e+00 -1.539157199747812e-01  1.391986416069718e+00 -1.539157199747812e-01  9.365590732425256e-01 -1.539157199747812e-01  2.019864426887690e-01 -1.539157199747812e-01  1.723794779998029e-03 -1.539157199747812e-01  8.383003771459967e-01 -1.539157199747812e-01  2.127220663593589e-01 -1.539157199747812e-01  1.955865368618958e-03 
-1.499157199747811e-01  1.450308688147747e+00 -1.499157199747811e-01  1.392752775824634e+00 -1.499157199747811e-01  9.352830539902167e-01 -1.499157199747811e-01  2.021302874524942e-01 -1.499157199747811e-01  1.726814359861419e-03 -1.499157199747811e-01  8.395771192697493e-01 -1.499157199747811e-01  2.125865413726097e-01 -1.499157199747811e-01  1.952855618370095e-03 
-1.459157199747811e-01  1.449539839962226e+00 -1.459157199747811e-01  1.393519187268518e+00 -1.459157199747811e-01  9.340069920532363e-01 -1.459157199747811e-01  2.022740079174112e-01 -1.459157199747811e-01  1.729833883128710e-03 -1.459157199747811e-01  8.408538852394222e-01 -1.459157199747811e-01  2.124509210944857e-01 -1.459157199747811e-01  1.949845665121187e-03 
-1.419157199747811e-01  1.448771006731004e+00 -1.419157199747811e-01  1.394285649888275e+00 -1.419157199747811e-01  9.327308883948360e-01 -1.419157199747811e-01  2.024176044866375e-01 -1.419157199747811e-01  1.732853347660723e-03 -1.419157199747811e-01  8.421306741040895e-01 -1.419157199747811e-01  2.123152051556233e-01 -1.419157199747811e-01  1.946835510887349e-03 
-1.379157199747811e-01  1.448002188980707e+00 -1.379157199747811e-01  1.395052163074375e+00 -1.379157199747811e-01  9.314547439654365e-01 -1.379157199747811e-01  2.025610775655060e-01 -1.379157199747811e-01  1.735872751389407e-03 -1.379157199747811e-01  8.434074848480579e-01 -1.379157199747811e-01  2.121793932022229e-01 -1.379157199747811e-01  1.943825158062347e-03 
-1.339157199747811e-01  1.447233387258800e+00 -1.339157199747811e-01  1.395818726337416e+00 -1.339157199747811e-01  9.301785597289999e-01 -1.339157199747811e-01  2.027044275548190e-01 -1.339157199747811e-01  1.738892092164807e-03 -1.339157199747811e-01  8.446843165387748e-01 -1.339157199747811e-01  2.120434848608844e-01 -1.339157199747811e-01  1.940814608568248e-03 
-1.299157199747811e-01  1.446464602098245e+00 -1.299157199747811e-01  1.396585339111364e+00 -1.299157199747811e-01  9.289023366391395e-01 -1.299157199747811e-01  2.028476548569920e-01 -1.299157199747811e-01  1.741911367893978e-03 -1.299157199747811e-01  8.459611681923995e-01 -1.299157199747811e-01  2.119074797705376e-01 -1.299157199747811e-01  1.937803864628010e-03 
-1.259157199747811e-01  1.445695834027658e+00 -1.259157199747811e-01  1.397352000809886e+00 -1.259157199747811e-01  9.276260756460033e-01 -1.259157199747811e-01  2.029907598742925e-01 -1.259157199747811e-01  1.744930576500994e-03 -1.259157199747811e-01  8.472380388122644e-01 -1.259157199747811e-01  2.117713775733110e-01 -1.259157199747811e-01  1.934792928544391e-03 
-1.219157199747811e-01  1.444927083584520e+00 -1.219157199747811e-01  1.398118710899664e+00 -1.219157199747811e-01  9.263497777052520e-01 -1.219157199747811e-01  2.031337430065749e-01 -1.219157199747811e-01  1.747949715875162e-03 -1.219157199747811e-01  8.485149274389249e-01 -1.219157199747811e-01  2.116351779025717e-01 -1.219157199747811e-01  1.931781802411843e-03 
-1.179157199747811e-01  1.444158351308872e+00 -1.179157199747811e-01  1.398885468865169e+00 -1.179157199747811e-01  9.250734437738004e-01 -1.179157199747811e-01  2.032766046523819e-01 -1.179157199747811e-01  1.750968783895692e-03 -1.179157199747811e-01  8.497918331260553e-01 -1.179157199747811e-01  2.114988803886342e-01 -1.179157199747811e-01  1.928770488255062e-03 
-1.139157199747811e-01  1.443389637725505e+00 -1.139157199747811e-01  1.399652274109570e+00 -1.139157199747811e-01  9.237970747977837e-01 -1.139157199747811e-01  2.034193452120233e-01 -1.139157199747811e-01  1.753987778501657e-03 -1.139157199747811e-01  8.510687548727800e-01 -1.139157199747811e-01  2.113624846749135e-01 -1.139157199747811e-01  1.925758988417928e-03 
-1.099157199747811e-01  1.442620943372289e+00 -1.099157199747811e-01  1.400419126112036e+00 -1.099157199747811e-01  9.225206717317678e-01 -1.099157199747811e-01  2.035619650827075e-01 -1.099157199747811e-01  1.757006697580821e-03 -1.099157199747811e-01  8.523456917310492e-01 -1.099157199747811e-01  2.112259903922624e-01 -1.099157199747811e-01  1.922747304945944e-03 
-1.059157199747811e-01  1.441852268780481e+00 -1.059157199747811e-01  1.401186024318042e+00 -1.059157199747811e-01  9.212442355254217e-01 -1.059157199747811e-01  2.037044646619419e-01 -1.059157199747811e-01  1.760025539046868e-03 -1.059157199747811e-01  8.536226427307168e-01 -1.059157199747811e-01  2.110893971768487e-01 -1.059157199747811e-01  1.919735440016875e-03 
-1.019157199747811e-01  1.441083614483258e+00 -1.019157199747811e-01  1.401952968186750e+00 -1.019157199747811e-01  9.199677671293309e-01 -1.019157199747811e-01  2.038468443460773e-01 -1.019157199747811e-01  1.763044300805978e-03 -1.019157199747811e-01  8.548996069118688e-01 -1.019157199747811e-01  2.109527046624119e-01 -1.019157199747811e-01  1.916723395754768e-03 
-9.791571997478110e-02  1.440314981008620e+00 -9.791571997478110e-02  1.402719957151441e+00 -9.791571997478110e-02  9.186912674902038e-01 -9.791571997478110e-02  2.039891045315355e-01 -9.791571997478110e-02  1.766062980784625e-03 -9.791571997478110e-02  8.561765832977847e-01 -9.791571997478110e-02  2.108159124867253e-01 -9.791571997478110e-02  1.913711174385294e-03 
-9.391571997478110e-02  1.439546368896653e+00 -9.391571997478110e-02  1.403486990715098e+00 -9.391571997478110e-02  9.174147375625890e-01 -9.391571997478110e-02  2.041312456118606e-01 -9.391571997478110e-02  1.769081576861830e-03 -9.391571997478110e-02  8.574535709601496e-01 -9.391571997478110e-02  2.106790202759233e-01 -9.391571997478110e-02  1.910698777860385e-03 
-8.991571997478109e-02  1.438777778673402e+00 -8.991571997478109e-02  1.404254068305392e+00 -8.991571997478109e-02  9.161381782911994e-01 -8.991571997478109e-02  2.042732679822111e-01 -8.991571997478109e-02  1.772100086971746e-03 -8.991571997478109e-02  8.587305689200624e-01 -8.991571997478109e-02  2.105420276682505e-01 -8.991571997478109e-02  1.907686208427752e-03 
-8.591571997478109e-02  1.438009210866339e+00 -8.591571997478109e-02  1.405021189360331e+00 -8.591571997478109e-02  9.148615906214024e-01 -8.591571997478109e-02  2.044151720367135e-01 -8.591571997478109e-02  1.775118509042898e-03 -8.591571997478109e-02  8.600075762064785e-01 -8.591571997478109e-02  2.104049343000289e-01 -8.591571997478109e-02  1.904673468294502e-03 
-8.191571997478109e-02  1.437240666010446e+00 -8.191571997478109e-02  1.405788353361733e+00 -8.191571997478109e-02  9.135849755033809e-01 -8.191571997478109e-02  2.045569581674401e-01 -8.191571997478109e-02  1.778136840974389e-03 -8.191571997478109e-02  8.612845918789945e-01 -8.191571997478109e-02  2.102677398001324e-01 -8.191571997478109e-02  1.901660559495680e-03 
-7.791571997478108e-02  1.436472144641874e+00 -7.791571997478108e-02  1.406555559800018e+00 -7.791571997478108e-02  9.123083338878449e-01 -7.791571997478108e-02  2.046986267655025e-01 -7.791571997478108e-02  1.781155080660640e-03 -7.791571997478108e-02  8.625616150038169e-01 -7.791571997478108e-02  2.101304437957421e-01 -7.791571997478108e-02  1.898647484032565e-03 
-7.391571997478108e-02  1.435703647278496e+00 -7.391571997478108e-02  1.407322808066388e+00 -7.391571997478108e-02  9.110316667128724e-01 -7.391571997478108e-02  2.048401782243822e-01 -7.391571997478108e-02  1.784173226067886e-03 -7.391571997478108e-02  8.638386445801948e-01 -7.391571997478108e-02  2.099930459300919e-01 -7.391571997478108e-02  1.895634244296081e-03 
-6.991571997478108e-02  1.434935174461143e+00 -6.991571997478108e-02  1.408090097680883e+00 -6.991571997478108e-02  9.097549749318891e-01 -6.991571997478108e-02  2.049816129329057e-01 -6.991571997478108e-02  1.787191275072214e-03 -6.991571997478108e-02  8.651156796959397e-01 -6.991571997478108e-02  2.098555458249195e-01 -6.991571997478108e-02  1.892620842171151e-03 
-6.591571997478107e-02  1.434166726710800e+00 -6.591571997478107e-02  1.408857428055440e+00 -6.591571997478107e-02  9.084782594846602e-01 -6.591571997478107e-02  2.051229312825535e-01 -6.591571997478107e-02  1.790209225627641e-03 -6.591571997478107e-02  8.663927193658166e-01 -6.591571997478107e-02  2.097179431194746e-01 -6.591571997478107e-02  1.889607279967321e-03 
-6.191571997478107e-02  1.433398304567504e+00 -6.191571997478107e-02  1.409624798708875e+00 -6.191571997478107e-02  9.072015213237078e-01 -6.191571997478107e-02  2.052641336608443e-01 -6.191571997478107e-02  1.793227075613326e-03 -6.191571997478107e-02  8.676697626781061e-01 -6.191571997478107e-02  2.095802374350623e-01 -6.191571997478107e-02  1.886593559574267e-03 
-5.791571997478107e-02  1.432629908552697e+00 -5.791571997478107e-02  1.410392209058561e+00 -5.791571997478107e-02  9.059247613887714e-01 -5.791571997478107e-02  2.054052204577568e-01 -5.791571997478107e-02  1.796244822981491e-03 -5.791571997478107e-02  8.689468086525552e-01 -5.791571997478107e-02  2.094424284094097e-01 -5.791571997478107e-02  1.883579683280187e-03 
-5.391571997478106e-02  1.431861539196197e+00 -5.391571997478106e-02  1.411159658569402e+00 -5.391571997478106e-02  9.046479806251483e-01 -5.391571997478106e-02  2.055461920611482e-01 -5.391571997478106e-02  1.799262465651449e-03 -5.391571997478106e-02  8.702238563419107e-01 -5.391571997478106e-02  2.093045156720656e-01 -5.391571997478106e-02  1.880565653186524e-03 
-4.991571997478106e-02  1.431093197035882e+00 -4.991571997478106e-02  1.411927146751971e+00 -4.991571997478106e-02  9.033711799834927e-01 -4.991571997478106e-02  2.056870488568251e-01 -4.991571997478106e-02  1.802280001510845e-03 -4.991571997478106e-02  8.715009048306210e-01 -4.991571997478106e-02  2.091664988446682e-01 -4.991571997478106e-02  1.877551471215394e-03 
-4.591571997478106e-02  1.430324882588327e+00 -4.591571997478106e-02  1.412694673000081e+00 -4.591571997478106e-02  9.020943603999073e-01 -4.591571997478106e-02  2.058277912335356e-01 -4.591571997478106e-02  1.805297428531008e-03 -4.591571997478106e-02  8.727779531241212e-01 -4.591571997478106e-02  2.090283775678272e-01 -4.591571997478106e-02  1.874537139747467e-03 
-4.191571997478105e-02  1.429556596392121e+00 -4.191571997478105e-02  1.413462236829930e+00 -4.191571997478105e-02  9.008175228253689e-01 -4.191571997478105e-02  2.059684195756326e-01 -4.191571997478105e-02  1.808314744596793e-03 -4.191571997478105e-02  8.740550003117691e-01 -4.191571997478105e-02  2.088901514615165e-01 -4.191571997478105e-02  1.871522660682772e-03 
-3.791571997478105e-02  1.428788338978379e+00 -3.791571997478105e-02  1.414229837717071e+00 -3.791571997478105e-02  8.995406682057375e-01 -3.791571997478105e-02  2.061089342680878e-01 -3.791571997478105e-02  1.811331947622388e-03 -3.791571997478105e-02  8.753320454557312e-01 -3.791571997478105e-02  2.087518201520481e-01 -3.791571997478105e-02  1.868508036080954e-03 
-3.391571997478104e-02  1.428020110868109e+00 -3.391571997478104e-02  1.414997475081884e+00 -3.391571997478104e-02  8.982637974799809e-01 -3.391571997478104e-02  2.062493356969417e-01 -3.391571997478104e-02  1.814349035561706e-03 -3.391571997478104e-02  8.766090875810788e-01 -3.391571997478104e-02  2.086133832745070e-01 -3.391571997478104e-02  1.865493268218331e-03 
-2.991571997478104e-02  1.427251912595354e+00 -2.991571997478104e-02  1.415765148416994e+00 -2.991571997478104e-02  8.969869115959126e-01 -2.991571997478104e-02  2.063896242454020e-01 -2.991571997478104e-02  1.817366006317444e-03 -2.991571997478104e-02  8.778861257625548e-01 -2.991571997478104e-02  2.084748404515794e-01 -2.991571997478104e-02  1.862478359087470e-03 
-2.591571997478104e-02  1.426483744687115e+00 -2.591571997478104e-02  1.416532857176449e+00 -2.591571997478104e-02  8.957100114965837e-01 -2.591571997478104e-02  2.065298002972487e-01 -2.591571997478104e-02  1.820382857819952e-03 -2.591571997478104e-02  8.791631590490712e-01 -2.591571997478104e-02  2.083361913119489e-01 -2.591571997478104e-02  1.859463310832540e-03 
-2.191571997478104e-02  1.425715607674215e+00 -2.191571997478104e-02  1.417300600835405e+00 -2.191571997478104e-02  8.944330981276820e-01 -2.191571997478104e-02  2.066698642350126e-01 -2.191571997478104e-02  1.823399587984604e-03 -2.191571997478104e-02  8.804401865043261e-01 -2.191571997478104e-02  2.081974354803555e-01 -2.191571997478104e-02  1.856448125514674e-03 
-1.791571997478104e-02  1.424947502087527e+00 -1.791571997478104e-02  1.418068378869303e+00 -1.791571997478104e-02  8.931561724349911e-01 -1.791571997478104e-02  2.068098164406188e-01 -1.791571997478104e-02  1.826416194726515e-03 -1.791571997478104e-02  8.817172071926092e-01 -1.791571997478104e-02  2.080585725810525e-01 -1.791571997478104e-02  1.853432805193992e-03 
-1.391571997478104e-02  1.424179428452766e+00 -1.391571997478104e-02  1.418836190724984e+00 -1.391571997478104e-02  8.918792353608652e-01 -1.391571997478104e-02  2.069496572962789e-01 -1.391571997478104e-02  1.829432675981093e-03 -1.391571997478104e-02  8.829942201591086e-01 -1.391571997478104e-02  2.079196022426126e-01 -1.391571997478104e-02  1.850417352042877e-03 
-9.915719974781044e-03  1.423411387306453e+00 -9.915719974781044e-03  1.419604035908415e+00 -9.915719974781044e-03  8.906022878551176e-01 -9.915719974781044e-03  2.070893871818143e-01 -9.915719974781044e-03  1.832449029641312e-03 -9.915719974781044e-03  8.842712244896098e-01 -9.915719974781044e-03  2.077805240832774e-01 -9.915719974781044e-03  1.847401768001515e-03 
-5.915719974781044e-03  1.422643379173170e+00 -5.915719974781044e-03  1.420371913859399e+00 -5.915719974781044e-03  8.893253308595687e-01 -5.915719974781044e-03  2.072290064784915e-01 -5.915719974781044e-03  1.835465253647000e-03 -5.915719974781044e-03  8.855482192251893e-01 -5.915719974781044e-03  2.076413377318632e-01 -5.915719974781044e-03  1.844386055269942e-03 
-1.915719974781044e-03  1.421875404584473e+00 -1.915719974781044e-03  1.421139824055443e+00 -1.915719974781044e-03  8.880483653209280e-01 -1.915719974781044e-03  2.073685155658556e-01 -1.915719974781044e-03  1.838481345910626e-03 -1.915719974781044e-03  8.868252034328958e-01 -1.915719974781044e-03  2.075020428104058e-01 -1.915719974781044e-03  1.841370215900129e-03 
 2.084280025218956e-03  1.421107463675888e+00  2.084280025218956e-03  1.421907766327885e+00  2.084280025218956e-03  8.867713915336277e-01  2.084280025218956e-03  2.075079148946874e-01  2.084280025218956e-03  1.841497305899975e-03  2.084280025218956e-03  8.881021768033861e-01  2.084280025218956e-03  2.073626388756873e-01  2.084280025218956e-03  1.838354250554393e-03 
 6.084280025218956e-03  1.420339554838127e+00  6.084280025218956e-03  1.422675742361441e+00  6.084280025218956e-03  8.854944068702726e-01  6.084280025218956e-03  2.076472052316924e-01  6.084280025218956e-03  1.844513139935315e-03  6.084280025218956e-03  8.893791420151209e-01  6.084280025218956e-03  2.072231251483097e-01  6.084280025218956e-03  1.835338152616275e-03 
 1.008428002521896e-02  1.419571678259390e+00  1.008428002521896e-02  1.423443751882970e+00  1.008428002521896e-02  8.842174117128707e-01  1.008428002521896e-02  2.077863870159407e-01  1.008428002521896e-02  1.847528847277566e-03  1.008428002521896e-02  8.906560986205921e-01  1.008428002521896e-02  2.070835012013744e-01  1.008428002521896e-02  1.832321923158425e-03 
 1.408428002521896e-02  1.418803834481090e+00  1.408428002521896e-02  1.424211794420942e+00  1.408428002521896e-02  8.829404070072669e-01  1.408428002521896e-02  2.079254606222125e-01  1.408428002521896e-02  1.850544425800469e-03  1.408428002521896e-02  8.919330457139247e-01  1.408428002521896e-02  2.069437666452411e-01  1.408428002521896e-02  1.829305564032647e-03 
 1.808428002521896e-02  1.418036024028209e+00  1.808428002521896e-02  1.424979869411924e+00  1.808428002521896e-02  8.816633936884254e-01  1.808428002521896e-02  2.080644264275520e-01  1.808428002521896e-02  1.853559873442283e-03  1.808428002521896e-02  8.932099823268840e-01  1.808428002521896e-02  2.068039211051428e-01  1.808428002521896e-02  1.826289077451672e-03 
 2.208428002521896e-02  1.417268247432133e+00  2.208428002521896e-02  1.425747976325894e+00  2.208428002521896e-02  8.803863726960017e-01  2.208428002521896e-02  2.082032848074602e-01  2.208428002521896e-02  1.856575188116130e-03  2.208428002521896e-02  8.944869075140840e-01  2.208428002521896e-02  2.066639642001463e-01  2.208428002521896e-02  1.823272465497010e-03 
 2.608428002521896e-02  1.416500505228353e+00  2.608428002521896e-02  1.426516114653432e+00  2.608428002521896e-02  8.791093449727915e-01  2.608428002521896e-02  2.083420361362918e-01  2.608428002521896e-02  1.859590367718977e-03  2.608428002521896e-02  8.957638203442497e-01  2.608428002521896e-02  2.065238955452733e-01  2.608428002521896e-02  1.820255730169275e-03 
 3.008428002521896e-02  1.415732797946686e+00  3.008428002521896e-02  1.427284283851949e+00  3.008428002521896e-02  8.778323114581069e-01  3.008428002521896e-02  2.084806807888998e-01  3.008428002521896e-02  1.862605410170111e-03  3.008428002521896e-02  8.970407198636382e-01  3.008428002521896e-02  2.063837147605445e-01  3.008428002521896e-02  1.817238873599342e-03 
 3.408428002521896e-02  1.414965126119319e+00  3.408428002521896e-02  1.428052483389644e+00  3.408428002521896e-02  8.765552730932639e-01  3.408428002521896e-02  2.086192191393033e-01  3.408428002521896e-02  1.865620313379501e-03  3.408428002521896e-02  8.983176051258952e-01  3.408428002521896e-02  2.062434214635708e-01  3.408428002521896e-02  1.814221897875694e-03 
 3.808428002521896e-02  1.414197490282747e+00  3.808428002521896e-02  1.428820712755994e+00  3.808428002521896e-02  8.752782308229299e-01  3.808428002521896e-02  2.087576515603773e-01  3.808428002521896e-02  1.868635075240188e-03  3.808428002521896e-02  8.995944751991765e-01  3.808428002521896e-02  2.061030152677626e-01  3.808428002521896e-02  1.811204805003264e-03 
 4.208428002521897e-02  1.413429890963419e+00  4.208428002521897e-02  1.429588971383025e+00  4.208428002521897e-02  8.740011855853744e-01  4.208428002521897e-02  2.088959784262512e-01  4.208428002521897e-02  1.871649693684657e-03  4.208428002521897e-02  9.008713291126021e-01  4.208428002521897e-02  2.059624957956191e-01  4.208428002521897e-02  1.808187597212592e-03 
 4.608428002521897e-02  1.412662328703848e+00  4.608428002521897e-02  1.430357258788071e+00  4.608428002521897e-02  8.727241383302673e-01  4.608428002521897e-02  2.090342001079818e-01  4.608428002521897e-02  1.874664166582298e-03  4.608428002521897e-02  9.021481659532623e-01  4.608428002521897e-02  2.058218626545917e-01  4.608428002521897e-02  1.805170276399224e-03 
 5.008428002521897e-02  1.411894804032864e+00  5.008428002521897e-02  1.431125574410788e+00  5.008428002521897e-02  8.714470899984483e-01  5.008428002521897e-02  2.091723169785078e-01  5.008428002521897e-02  1.877678491856306e-03  5.008428002521897e-02  9.034249847554361e-01  5.008428002521897e-02  2.056811154646255e-01  5.008428002521897e-02  1.802152844763721e-03 
 5.408428002521898e-02  1.411127317486844e+00  5.408428002521898e-02  1.431893917729286e+00  5.408428002521898e-02  8.701700415364010e-01  5.408428002521898e-02  2.093103294091302e-01  5.408428002521898e-02  1.880692667400133e-03  5.408428002521898e-02  9.047017845794876e-01  5.408428002521898e-02  2.055402538385138e-01  5.408428002521898e-02  1.799135304355680e-03 
 5.808428002521898e-02  1.410359869601864e+00  5.808428002521898e-02  1.432662288216966e+00  5.808428002521898e-02  8.688929938909408e-01  5.808428002521898e-02  2.094482377708330e-01  5.808428002521898e-02  1.883706691108465e-03  5.808428002521898e-02  9.059785644825015e-01  5.808428002521898e-02  2.053992773891787e-01  5.808428002521898e-02  1.796117657243105e-03 
 6.208428002521899e-02  1.409592460913887e+00  6.208428002521899e-02  1.433430685343436e+00  6.208428002521899e-02  8.676159480093574e-01  6.208428002521899e-02  2.095860424342621e-01  6.208428002521899e-02  1.886720560876447e-03  6.208428002521899e-02  9.072553235189034e-01  6.208428002521899e-02  2.052581857295152e-01  6.208428002521899e-02  1.793099905508969e-03 
 6.608428002521899e-02  1.408825091959760e+00  6.608428002521899e-02  1.434199108579838e+00  6.608428002521899e-02  8.663389048401204e-01  6.608428002521899e-02  2.097237437695685e-01  6.608428002521899e-02  1.889734274595706e-03  6.608428002521899e-02  9.085320607440465e-01  6.608428002521899e-02  2.051169784714732e-01  6.608428002521899e-02  1.790082051230204e-03 
 7.008428002521899e-02  1.408057763275405e+00  7.008428002521899e-02  1.434967557388756e+00  7.008428002521899e-02  8.650618653316725e-01  7.008428002521899e-02  2.098613421467235e-01  7.008428002521899e-02  1.892747830161549e-03  7.008428002521899e-02  9.098087752073363e-01  7.008428002521899e-02  2.049756552277620e-01  7.008428002521899e-02  1.787064096517293e-03 
 7.408428002521900e-02  1.407290475400503e+00  7.408428002521900e-02  1.435736031249764e+00  7.408428002521900e-02  8.637848304356416e-01  7.408428002521900e-02  2.099988379347526e-01  7.408428002521900e-02  1.895761225454474e-03  7.408428002521900e-02  9.110854659695579e-01  7.408428002521900e-02  2.048342156074970e-01  7.408428002521900e-02  1.784046043414084e-03 
 7.808428002521900e-02  1.406523228876368e+00  7.808428002521900e-02  1.436504529647526e+00  7.808428002521900e-02  8.625078011054139e-01  7.808428002521900e-02  2.101362315021034e-01  7.808428002521900e-02  1.898774458348596e-03  7.808428002521900e-02  9.123621320947704e-01  7.808428002521900e-02  2.046926592181979e-01  7.808428002521900e-02  1.781027893944354e-03 
 8.208428002521900e-02  1.405756024236660e+00  8.208428002521900e-02  1.437273052021167e+00  8.208428002521900e-02  8.612307782898260e-01  8.208428002521900e-02  2.102735232181838e-01  8.208428002521900e-02  1.901787526748080e-03  8.208428002521900e-02  9.136387726159312e-01  8.208428002521900e-02  2.045509856744260e-01  8.208428002521900e-02  1.778009650310748e-03 
 8.608428002521901e-02  1.404988862019468e+00  8.608428002521901e-02  1.438041597829868e+00  8.608428002521901e-02  8.599537629414352e-01  8.608428002521901e-02  2.104107134513824e-01  8.608428002521901e-02  1.904800428539692e-03  8.608428002521901e-02  9.149153865793992e-01  8.608428002521901e-02  2.044091945865949e-01  8.608428002521901e-02  1.774991314637157e-03 
 9.008428002521901e-02  1.404221742774783e+00  9.008428002521901e-02  1.438810166593610e+00  9.008428002521901e-02  8.586767560216282e-01  9.008428002521901e-02  2.105478025678561e-01  9.008428002521901e-02  1.907813161563458e-03  9.008428002521901e-02  9.161919730725260e-01  9.008428002521901e-02  2.042672855539689e-01  9.008428002521901e-02  1.771972888808689e-03 
 9.408428002521901e-02  1.403454667038506e+00  9.408428002521901e-02  1.439578757751179e+00  9.408428002521901e-02  8.573997584829260e-01  9.408428002521901e-02  2.106847909358139e-01  9.408428002521901e-02  1.910825723714736e-03  9.408428002521901e-02  9.174685311273229e-01  9.408428002521901e-02  2.041252581889240e-01  9.408428002521901e-02  1.768954375029262e-03 
 9.808428002521902e-02  1.402687635356290e+00  9.808428002521902e-02  1.440347370790091e+00  9.808428002521902e-02  8.561227712852642e-01  9.808428002521902e-02  2.108216789216104e-01  9.808428002521902e-02  1.913838112850573e-03  9.808428002521902e-02  9.187450598085707e-01  9.808428002521902e-02  2.039831120947318e-01  9.808428002521902e-02  1.765935775311518e-03 
 1.020842800252190e-01  1.401920648263692e+00  1.020842800252190e-01  1.441116005138251e+00  1.020842800252190e-01  8.548457953824816e-01  1.020842800252190e-01  2.109584668930157e-01  1.020842800252190e-01  1.916850326867695e-03  1.020842800252190e-01  9.200215581403247e-01  1.020842800252190e-01  2.038408468840957e-01  1.020842800252190e-01  1.762917091902116e-03 
 1.060842800252190e-01  1.401153706314135e+00  1.060842800252190e-01  1.441884660316158e+00  1.060842800252190e-01  8.535688317414253e-01  1.060842800252190e-01  2.110951552146427e-01  1.060842800252190e-01  1.919862363592642e-03  1.060842800252190e-01  9.212980252090919e-01  1.060842800252190e-01  2.036984621530458e-01  1.060842800252190e-01  1.759898326684134e-03 
 1.100842800252190e-01  1.400386810042934e+00  1.100842800252190e-01  1.442653335740824e+00  1.100842800252190e-01  8.522918813174104e-01  1.100842800252190e-01  2.112317442538527e-01  1.100842800252190e-01  1.922874220923059e-03  1.100842800252190e-01  9.225744600308756e-01  1.100842800252190e-01  2.035559575145672e-01  1.100842800252190e-01  1.756879481947033e-03 
 1.140842800252190e-01  1.399619960005176e+00  1.140842800252190e-01  1.443422030931818e+00  1.140842800252190e-01  8.510149450801222e-01  1.140842800252190e-01  2.113682343745684e-01  1.140842800252190e-01  1.925885896678965e-03  1.140842800252190e-01  9.238508616908242e-01  1.140842800252190e-01  2.034133325632068e-01  1.140842800252190e-01  1.753860559577480e-03 
 1.180842800252190e-01  1.398853156734834e+00  1.180842800252190e-01  1.444190745288769e+00  1.180842800252190e-01  8.497380239857113e-01  1.180842800252190e-01  2.115046259439706e-01  1.180842800252190e-01  1.928897388763299e-03  1.180842800252190e-01  9.251272291924201e-01  1.180842800252190e-01  2.032705869133183e-01  1.180842800252190e-01  1.750841561933229e-03 
 1.220842800252190e-01  1.398086400793916e+00  1.220842800252190e-01  1.444959478358386e+00  1.220842800252190e-01  8.484611190103780e-01  1.220842800252190e-01  2.116409193244790e-01  1.220842800252190e-01  1.931908694968834e-03  1.220842800252190e-01  9.264035616383809e-01  1.220842800252190e-01  2.031277201530916e-01  1.220842800252190e-01  1.747822490794382e-03 
 1.260842800252190e-01  1.397319692721441e+00  1.260842800252190e-01  1.445728229556901e+00  1.260842800252190e-01  8.471842311155695e-01  1.260842800252190e-01  2.117771148821022e-01  1.260842800252190e-01  1.934919813178749e-03  1.260842800252190e-01  9.276798580426000e-01  1.260842800252190e-01  2.029847318923389e-01  1.260842800252190e-01  1.744803348453426e-03 
 1.300842800252190e-01  1.396553033065125e+00  1.300842800252190e-01  1.446496998342304e+00  1.300842800252190e-01  8.459073612696218e-01  1.300842800252190e-01  2.119132129812673e-01  1.300842800252190e-01  1.937930741241937e-03  1.300842800252190e-01  9.289561174468111e-01  1.300842800252190e-01  2.028416217328309e-01  1.300842800252190e-01  1.741784137038905e-03 
 1.340842800252190e-01  1.395786422382669e+00  1.340842800252190e-01  1.447265784221027e+00  1.340842800252190e-01  8.446305104486809e-01  1.340842800252190e-01  2.120492139846350e-01  1.340842800252190e-01  1.940941476968161e-03  1.340842800252190e-01  9.302323389250732e-01  1.340842800252190e-01  2.026983892670896e-01  1.340842800252190e-01  1.738764858489079e-03 
 1.380842800252191e-01  1.395019861221454e+00  1.380842800252191e-01  1.448034586637559e+00  1.380842800252191e-01  8.433536796228532e-01  1.380842800252191e-01  2.121851182564148e-01  1.380842800252191e-01  1.943952018207693e-03  1.380842800252191e-01  9.315085215089999e-01  1.380842800252191e-01  2.025550340974523e-01  1.380842800252191e-01  1.735745514985469e-03 
 1.420842800252191e-01  1.394253350129824e+00  1.420842800252191e-01  1.448803405035612e+00  1.420842800252191e-01  8.420768697639374e-01  1.420842800252191e-01  2.123209261605370e-01  1.420842800252191e-01  1.946962362806996e-03  1.420842800252191e-01  9.327846642291704e-01  1.420842800252191e-01  2.024115558255104e-01  1.420842800252191e-01  1.732726108712631e-03 
 1.460842800252191e-01  1.393486889667609e+00  1.460842800252191e-01  1.449572238915058e+00  1.460842800252191e-01  8.408000818526393e-01  1.460842800252191e-01  2.124566380589608e-01  1.460842800252191e-01  1.949972508567461e-03  1.460842800252191e-01  9.340607661536408e-01  1.460842800252191e-01  2.022679540422224e-01  1.460842800252191e-01  1.729706641634633e-03 
 1.500842800252191e-01  1.392720480386923e+00  1.500842800252191e-01  1.450341087727513e+00  1.500842800252191e-01  8.395233168654780e-01  1.500842800252191e-01  2.125922543148027e-01  1.500842800252191e-01  1.952982453320739e-03  1.500842800252191e-01  9.353368263172354e-01  1.500842800252191e-01  2.021242283459836e-01  1.500842800252191e-01  1.726687115904964e-03 
 1.540842800252191e-01  1.391954122837265e+00  1.540842800252191e-01  1.451109950903966e+00  1.540842800252191e-01  8.382465757783020e-01  1.540842800252191e-01  2.127277752915215e-01  1.540842800252191e-01  1.955992194908804e-03  1.540842800252191e-01  9.366128437402536e-01  1.540842800252191e-01  2.019803783378580e-01  1.540842800252191e-01  1.723667533758165e-03 
 1.580842800252191e-01  1.391187817585112e+00  1.580842800252191e-01  1.451878827960920e+00  1.580842800252191e-01  8.369698595796916e-01  1.580842800252191e-01  2.128632013497542e-01  1.580842800252191e-01  1.959001731106917e-03  1.580842800252191e-01  9.378888175002408e-01  1.580842800252191e-01  2.018364036031091e-01  1.580842800252191e-01  1.720647897092903e-03 
 1.620842800252191e-01  1.390421565178651e+00  1.620842800252191e-01  1.452647718308866e+00  1.620842800252191e-01  8.356931692468956e-01  1.620842800252191e-01  2.129985328530429e-01  1.620842800252191e-01  1.962011059762160e-03  1.620842800252191e-01  9.391647466024133e-01  1.620842800252191e-01  2.016923037444831e-01  1.620842800252191e-01  1.717628208224217e-03 
 1.660842800252191e-01  1.389655366186735e+00  1.660842800252191e-01  1.453416621463346e+00  1.660842800252191e-01  8.344165057724753e-01  1.660842800252191e-01  2.131337701615419e-01  1.660842800252191e-01  1.965020178640478e-03  1.660842800252191e-01  9.404406301223784e-01  1.660842800252191e-01  2.015480783454804e-01  1.660842800252191e-01  1.714608469054559e-03 
 1.700842800252191e-01  1.388889221158655e+00  1.700842800252191e-01  1.454185536826921e+00  1.700842800252191e-01  8.331398701368364e-01  1.700842800252191e-01  2.132689136385371e-01  1.700842800252191e-01  1.968029085584647e-03  1.700842800252191e-01  9.417164670586874e-01  1.700842800252191e-01  2.014037270083144e-01  1.700842800252191e-01  1.711588681930086e-03 
 1.740842800252191e-01  1.388123130661949e+00  1.740842800252191e-01  1.454954463893730e+00  1.740842800252191e-01  8.318632633340999e-01  1.740842800252191e-01  2.134039636443446e-01  1.740842800252191e-01  1.971037778365744e-03  1.740842800252191e-01  9.429922564711242e-01  1.740842800252191e-01  2.012592493182518e-01  1.740842800252191e-01  1.708568848837270e-03 
 1.780842800252191e-01  1.387357095261712e+00  1.780842800252191e-01  1.455723402137290e+00  1.780842800252191e-01  8.305866863579801e-01  1.780842800252191e-01  2.135389205396722e-01  1.780842800252191e-01  1.974046254764457e-03  1.780842800252191e-01  9.442679974048093e-01  1.780842800252191e-01  2.011146448631486e-01  1.780842800252191e-01  1.705548971843594e-03 
 1.820842800252191e-01  1.386591115512452e+00  1.820842800252191e-01  1.456492350966363e+00  1.820842800252191e-01  8.293101401962583e-01  1.820842800252191e-01  2.136737846869407e-01  1.820842800252191e-01  1.977054512603069e-03  1.820842800252191e-01  9.455436888603780e-01  1.820842800252191e-01  2.009699132411858e-01  1.820842800252191e-01  1.702529053270876e-03 
 1.860842800252191e-01  1.385825191985270e+00  1.860842800252191e-01  1.457261309871722e+00  1.860842800252191e-01  8.280336258493710e-01  1.860842800252191e-01  2.138085564459148e-01  1.860842800252191e-01  1.980062549638681e-03  1.860842800252191e-01  9.468193298931332e-01  1.860842800252191e-01  2.008250540351842e-01  1.860842800252191e-01  1.699509095118763e-03 
 1.900842800252191e-01  1.385059325247826e+00  1.900842800252191e-01  1.458030278317775e+00  1.900842800252191e-01  8.267571443167598e-01  1.900842800252191e-01  2.139432361769491e-01  1.900842800252191e-01  1.983070363641927e-03  1.900842800252191e-01  9.480949195397882e-01  1.900842800252191e-01  2.006800668315414e-01  1.900842800252191e-01  1.696489099490521e-03 
 1.940842800252191e-01  1.384293515862254e+00  1.940842800252191e-01  1.458799255731051e+00  1.940842800252191e-01  8.254806965954575e-01  1.940842800252191e-01  2.140778242413298e-01  1.940842800252191e-01  1.986077952405097e-03  1.940842800252191e-01  9.493704568106738e-01  1.940842800252191e-01  2.005349512222635e-01  1.940842800252191e-01  1.693469068638127e-03 
 1.980842800252191e-01  1.383527764400333e+00  1.980842800252191e-01  1.459568241582132e+00  1.980842800252191e-01  8.242042836904965e-01  1.980842800252191e-01  2.142123209988529e-01  1.980842800252191e-01  1.989085313682661e-03  1.980842800252191e-01  9.506459407450626e-01  1.980842800252191e-01  2.003897067905818e-01  1.980842800252191e-01  1.690449004640568e-03 
 2.020842800252191e-01  1.382762071432025e+00  2.020842800252191e-01  1.460337235323449e+00  2.020842800252191e-01  8.229279066071002e-01  2.020842800252191e-01  2.143467268096761e-01  2.020842800252191e-01  1.992092445236150e-03  2.020842800252191e-01  9.519213703691320e-01  2.020842800252191e-01  2.002443331218490e-01  2.020842800252191e-01  1.687428909648087e-03 
 2.060842800252191e-01  1.381996437529379e+00  2.060842800252191e-01  1.461106236410267e+00  2.060842800252191e-01  8.216515663533758e-01  2.060842800252191e-01  2.144810420337107e-01  2.060842800252191e-01  1.995099344818992e-03  2.060842800252191e-01  9.531967447101126e-01  2.060842800252191e-01  2.000988297998482e-01  2.060842800252191e-01  1.684408785799815e-03 
 2.100842800252191e-01  1.381230863264364e+00  2.100842800252191e-01  1.461875244288865e+00  2.100842800252191e-01  8.203752639388618e-01  2.100842800252191e-01  2.146152670309769e-01  2.100842800252191e-01  1.998106010184865e-03  2.100842800252191e-01  9.544720627882883e-01  2.100842800252191e-01  1.999531964088598e-01  2.100842800252191e-01  1.681388635270118e-03 
 2.140842800252191e-01  1.380465349213013e+00  2.140842800252191e-01  1.462644258418687e+00  2.140842800252191e-01  8.190990003773949e-01  2.140842800252191e-01  2.147494021609553e-01  2.140842800252191e-01  2.001112439071491e-03  2.140842800252191e-01  9.557473236319307e-01  2.140842800252191e-01  1.998074325297520e-01  2.140842800252191e-01  1.678368460181714e-03 
 2.180842800252191e-01  1.379699895953472e+00  2.180842800252191e-01  1.463413278261658e+00  2.180842800252191e-01  8.178227766857945e-01  2.180842800252191e-01  2.148834477829158e-01  2.180842800252191e-01  2.004118629208312e-03  2.180842800252191e-01  9.570225262700529e-01  2.180842800252191e-01  1.996615377418405e-01  2.180842800252191e-01  1.675348262647545e-03 
 2.220842800252191e-01  1.378934504056518e+00  2.220842800252191e-01  1.464182303230995e+00  2.220842800252191e-01  8.165465938774110e-01  2.220842800252191e-01  2.150174042574431e-01  2.220842800252191e-01  2.007124578353688e-03  2.220842800252191e-01  9.582976696978724e-01  2.220842800252191e-01  1.995155116319327e-01  2.220842800252191e-01  1.672328044971810e-03 
 2.260842800252191e-01  1.378169174107982e+00  2.260842800252191e-01  1.464951332811776e+00  2.260842800252191e-01  8.152704529774983e-01  2.260842800252191e-01  2.151512719428698e-01  2.260842800252191e-01  2.010130284206895e-03  2.260842800252191e-01  9.595727529581084e-01  2.260842800252191e-01  1.993693537730070e-01  2.260842800252191e-01  1.669307809176524e-03 
 2.300842800252191e-01  1.377403906682942e+00  2.300842800252191e-01  1.465720366421813e+00  2.300842800252191e-01  8.139943550055769e-01  2.300842800252191e-01  2.152850511994109e-01  2.300842800252191e-01  2.013135744509399e-03  2.300842800252191e-01  9.608477750471286e-01  2.300842800252191e-01  1.992230637488005e-01  2.300842800252191e-01  1.666287557547850e-03 
 2.340842800252191e-01  1.376638702369995e+00  2.340842800252191e-01  1.466489403542115e+00  2.340842800252191e-01  8.127183009920774e-01  2.340842800252191e-01  2.154187423853034e-01  2.340842800252191e-01  2.016140956949578e-03  2.340842800252191e-01  9.621227350029007e-01  2.340842800252191e-01  1.990766411307029e-01  2.340842800252191e-01  1.663267292123746e-03 
 2.380842800252191e-01  1.375873561746571e+00  2.380842800252191e-01  1.467258443584087e+00  2.380842800252191e-01  8.114422919614773e-01  2.380842800252191e-01  2.155523458607606e-01  2.380842800252191e-01  2.019145919259707e-03  2.380842800252191e-01  9.633976318154417e-01  2.380842800252191e-01  1.989300855012837e-01  2.380842800252191e-01  1.660247015215520e-03 
 2.420842800252191e-01  1.375108485398570e+00  2.420842800252191e-01  1.468027485994748e+00  2.420842800252191e-01  8.101663289457628e-01  2.420842800252191e-01  2.156858619848508e-01  2.420842800252191e-01  2.022150629138742e-03  2.420842800252191e-01  9.646724644977206e-01  2.420842800252191e-01  1.987833964356274e-01  2.420842800252191e-01  1.657226728994604e-03 
 2.460842800252191e-01  1.374343473915457e+00  2.460842800252191e-01  1.468796530230270e+00  2.460842800252191e-01  8.088904129811091e-01  2.460842800252191e-01  2.158192911162958e-01  2.460842800252191e-01  2.025155084271659e-03  2.460842800252191e-01  9.659472320678015e-01  2.460842800252191e-01  1.986365735060015e-01  2.460842800252191e-01  1.654206435596477e-03 
 2.500842800252192e-01  1.373578527885544e+00  2.500842800252192e-01  1.469565575730508e+00  2.500842800252192e-01  8.076145451046797e-01  2.500842800252192e-01  2.159526336142389e-01  2.500842800252192e-01  2.028159282347970e-03  2.500842800252192e-01  9.672219335316526e-01  2.500842800252192e-01  1.984896162863757e-01  2.500842800252192e-01  1.651186137220708e-03 
 2.540842800252192e-01  1.372813647900871e+00  2.540842800252192e-01  1.470334621945028e+00  2.540842800252192e-01  8.063387263579936e-01  2.540842800252192e-01  2.160858898374798e-01  2.540842800252192e-01  2.031163221042547e-03  2.540842800252192e-01  9.684965679006661e-01  2.540842800252192e-01  1.983425243477773e-01  2.540842800252192e-01  1.648165836028679e-03 
 2.580842800252192e-01  1.372048834550831e+00  2.580842800252192e-01  1.471103668298687e+00  2.580842800252192e-01  8.050629577825927e-01  2.580842800252192e-01  2.162190601455018e-01  2.580842800252192e-01  2.034166898040641e-03  2.580842800252192e-01  9.697711341684467e-01  2.580842800252192e-01  1.981952972644238e-01  2.580842800252192e-01  1.645145534278849e-03 
 2.620842800252192e-01  1.371284088427574e+00  2.620842800252192e-01  1.471872714220543e+00  2.620842800252192e-01  8.037872404237787e-01  2.620842800252192e-01  2.163521448976283e-01  2.620842800252192e-01  2.037170311016693e-03  2.620842800252192e-01  9.710456313302798e-01  2.620842800252192e-01  1.980479346085590e-01  2.620842800252192e-01  1.642125234213140e-03 
 2.660842800252192e-01  1.370519410129992e+00  2.660842800252192e-01  1.472641759164967e+00  2.660842800252192e-01  8.025115753333623e-01  2.660842800252192e-01  2.164851444524057e-01  2.660842800252192e-01  2.040173457618658e-03  2.660842800252192e-01  9.723200583973013e-01  2.660842800252192e-01  1.979004359466592e-01  2.660842800252192e-01  1.639104937974056e-03 
 2.700842800252192e-01  1.369754800256544e+00  2.700842800252192e-01  1.473410802573055e+00  2.700842800252192e-01  8.012359635647905e-01  2.700842800252192e-01  2.166180591687569e-01  2.700842800252192e-01  2.043176335496185e-03  2.700842800252192e-01  9.735944143704989e-01  2.700842800252192e-01  1.977528008463125e-01  2.700842800252192e-01  1.636084647756230e-03 
 2.740842800252192e-01  1.368990259402566e+00  2.740842800252192e-01  1.474179843858057e+00  2.740842800252192e-01  7.999604061713276e-01  2.740842800252192e-01  2.167508894064209e-01  2.740842800252192e-01  2.046178942311193e-03  2.740842800252192e-01  9.748686982309008e-01  2.740842800252192e-01  1.976050288788333e-01  2.740842800252192e-01  1.633064365863669e-03 
 2.780842800252192e-01  1.368225788171796e+00  2.780842800252192e-01  1.474948882466943e+00  2.780842800252192e-01  7.986849042139876e-01  2.780842800252192e-01  2.168836355241428e-01  2.780842800252192e-01  2.049181275692617e-03  2.780842800252192e-01  9.761429089809655e-01  2.780842800252192e-01  1.974571196082161e-01  2.780842800252192e-01  1.630044094467899e-03 
 2.820842800252192e-01  1.367461387166619e+00  2.820842800252192e-01  1.475717917827971e+00  2.820842800252192e-01  7.974094587548773e-01  2.820842800252192e-01  2.170162978812317e-01  2.820842800252192e-01  2.052183333274657e-03  2.820842800252192e-01  9.774170456092951e-01  2.820842800252192e-01  1.973090726005219e-01  2.820842800252192e-01  1.627023835813948e-03 
 2.860842800252192e-01  1.366697056990224e+00  2.860842800252192e-01  1.476486949362048e+00  2.860842800252192e-01  7.961340708587119e-01  2.860842800252192e-01  2.171488768372382e-01  2.860842800252192e-01  2.055185112688448e-03  2.860842800252192e-01  9.786911070982525e-01  2.860842800252192e-01  1.971608874218357e-01  2.860842800252192e-01  1.624003592175708e-03 
 2.900842800252192e-01  1.365932798253766e+00  2.900842800252192e-01  1.477255976520892e+00  2.900842800252192e-01  7.948587415977527e-01  2.900842800252192e-01  2.172813727508332e-01  2.900842800252192e-01  2.058186611533742e-03  2.900842800252192e-01  9.799650924495977e-01  2.900842800252192e-01  1.970125636313853e-01  2.900842800252192e-01  1.620983365706040e-03 
 2.940842800252192e-01  1.365168611558876e+00  2.940842800252192e-01  1.478024998693409e+00  2.940842800252192e-01  7.935834720398516e-01  2.940842800252192e-01  2.174137859825865e-01  2.940842800252192e-01  2.061187827447739e-03  2.940842800252192e-01  9.812390006215282e-01  2.940842800252192e-01  1.968641007983880e-01  2.940842800252192e-01  1.617963158804496e-03 
 2.980842800252192e-01  1.364404497525219e+00  2.980842800252192e-01  1.478794015352646e+00  2.980842800252192e-01  7.923082632673760e-01  2.980842800252192e-01  2.175461168906368e-01  2.980842800252192e-01  2.064188757996829e-03  2.980842800252192e-01  9.825128306274316e-01  2.980842800252192e-01  1.967154984755590e-01  2.980842800252192e-01  1.614942973540147e-03 
 3.020842800252192e-01  1.363640456761223e+00  3.020842800252192e-01  1.479563025899364e+00  3.020842800252192e-01  7.910331163571729e-01  3.020842800252192e-01  2.176783658353186e-01  3.020842800252192e-01  2.067189400791475e-03  3.020842800252192e-01  9.837865814307241e-01  3.020842800252192e-01  1.965667562272982e-01  3.020842800252192e-01  1.611922812265959e-03 
 3.060842800252192e-01  1.362876489881448e+00  3.060842800252192e-01  1.480332029754604e+00  3.060842800252192e-01  7.897580323925160e-01  3.060842800252192e-01  2.178105331764440e-01  3.060842800252192e-01  2.070189753418137e-03  3.060842800252192e-01  9.850602520070479e-01  3.060842800252192e-01  1.964178736129947e-01  3.060842800252192e-01  1.608902677255239e-03 
 3.100842800252192e-01  1.362112597499716e+00  3.100842800252192e-01  1.481101026322831e+00  3.100842800252192e-01  7.884830124584195e-01  3.100842800252192e-01  2.179426192743962e-01  3.100842800252192e-01  2.073189813466135e-03  3.100842800252192e-01  9.863338413194851e-01  3.100842800252192e-01  1.962688501936715e-01  3.100842800252192e-01  1.605882570846390e-03 
 3.140842800252192e-01  1.361348780244908e+00  3.140842800252192e-01  1.481870015075904e+00  3.140842800252192e-01  7.872080576525139e-01  3.140842800252192e-01  2.180746244876641e-01  3.140842800252192e-01  2.076189578465608e-03  3.140842800252192e-01  9.876073483749191e-01  3.140842800252192e-01  1.961196855167557e-01  3.140842800252192e-01  1.602862495113096e-03 
 3.180842800252192e-01  1.360585038728275e+00  3.180842800252192e-01  1.482638995378866e+00  3.180842800252192e-01  7.859331690626599e-01  3.180842800252192e-01  2.182065491779964e-01  3.180842800252192e-01  2.079189046016011e-03  3.180842800252192e-01  9.888807721070285e-01  3.180842800252192e-01  1.959703791476374e-01  3.180842800252192e-01  1.599842452548562e-03 
 3.220842800252192e-01  1.359821373573873e+00  3.220842800252192e-01  1.483407966651772e+00  3.220842800252192e-01  7.846583477878517e-01  3.220842800252192e-01  2.183383937056315e-01  3.220842800252192e-01  2.082188213666427e-03  3.220842800252192e-01  9.901541114849436e-01  3.220842800252192e-01  1.958209306403406e-01  3.220842800252192e-01  1.596822445429922e-03 
 3.260842800252192e-01  1.359057785414500e+00  3.260842800252192e-01  1.484176928347756e+00  3.260842800252192e-01  7.833835949354720e-01  3.260842800252192e-01  2.184701584299614e-01  3.260842800252192e-01  2.085187078931703e-03  3.260842800252192e-01  9.914273654984600e-01  3.260842800252192e-01  1.956713395414474e-01  3.260842800252192e-01  1.593802475904376e-03 
 3.300842800252192e-01  1.358294274871600e+00  3.300842800252192e-01  1.484945879846128e+00  3.300842800252192e-01  7.821089116075359e-01  3.300842800252192e-01  2.186018437126903e-01  3.300842800252192e-01  2.088185639371168e-03  3.300842800252192e-01  9.927005330862863e-01  3.300842800252192e-01  1.955216054095301e-01  3.300842800252192e-01  1.590782546409041e-03 
 3.340842800252192e-01  1.357530842576916e+00  3.340842800252192e-01  1.485714820567238e+00  3.340842800252192e-01  7.808342989155888e-01  3.340842800252192e-01  2.187334499144632e-01  3.340842800252192e-01  2.091183892503793e-03  3.340842800252192e-01  9.939736132131087e-01  3.340842800252192e-01  1.953717277942599e-01  3.340842800252192e-01  1.587762659219861e-03 
 3.380842800252192e-01  1.356767489165408e+00  3.380842800252192e-01  1.486483749934671e+00  3.380842800252192e-01  7.795597579758706e-01  3.380842800252192e-01  2.188649773959901e-01  3.380842800252192e-01  2.094181835835879e-03  3.380842800252192e-01  9.952466048441815e-01  3.380842800252192e-01  1.952217062432562e-01  3.380842800252192e-01  1.584742816600061e-03 
 3.420842800252192e-01  1.356004215270093e+00  3.420842800252192e-01  1.487252667347589e+00  3.420842800252192e-01  7.782852899058290e-01  3.420842800252192e-01  2.189964265188687e-01  3.420842800252192e-01  2.097179466881334e-03  3.420842800252192e-01  9.965195069267649e-01  3.420842800252192e-01  1.950715403071253e-01  3.420842800252192e-01  1.581723020908757e-03 
 3.460842800252192e-01  1.355241021525698e+00  3.460842800252192e-01  1.488021572200056e+00  3.460842800252192e-01  7.770108958266451e-01  3.460842800252192e-01  2.191277976450314e-01  3.460842800252192e-01  2.100176783147388e-03  3.460842800252192e-01  9.977923184030710e-01  3.460842800252192e-01  1.949212295359340e-01  3.460842800252192e-01  1.578703274525064e-03 
 3.500842800252192e-01  1.354477908572682e+00  3.500842800252192e-01  1.488790463902070e+00  3.500842800252192e-01  7.757365768660401e-01  3.500842800252192e-01  2.192590911361322e-01  3.500842800252192e-01  2.103173782118752e-03  3.500842800252192e-01  9.990650382243293e-01  3.500842800252192e-01  1.947707734753519e-01  3.500842800252192e-01  1.575683579765539e-03 
 3.540842800252192e-01  1.353714877052460e+00  3.540842800252192e-01  1.489559341854203e+00  3.540842800252192e-01  7.744623341550338e-01  3.540842800252192e-01  2.193903073543112e-01  3.540842800252192e-01  2.106170461276380e-03  3.540842800252192e-01  1.000337665333773e+00  3.540842800252192e-01  1.946201716712685e-01  3.540842800252192e-01  1.572663938983725e-03 
 3.580842800252192e-01  1.352951927609038e+00  3.580842800252192e-01  1.490328205455897e+00  3.580842800252192e-01  7.731881688290991e-01  3.580842800252192e-01  2.195214466619546e-01  3.580842800252192e-01  2.109166818091023e-03  3.580842800252192e-01  1.001610198672162e+00  3.580842800252192e-01  1.944694236682676e-01  3.580842800252192e-01  1.569644354537577e-03 
 3.620842800252193e-01  1.352189060893506e+00  3.620842800252193e-01  1.491097054129126e+00  3.620842800252193e-01  7.719140820312881e-01  3.620842800252193e-01  2.196525094210154e-01  3.620842800252193e-01  2.112162850005657e-03  3.620842800252193e-01  1.002882637193617e+00  3.620842800252193e-01  1.943185290052654e-01  3.620842800252193e-01  1.566624828696562e-03 
 3.660842800252193e-01  1.351426277547177e+00  3.660842800252193e-01  1.491865887228990e+00  3.660842800252193e-01  7.706400749006983e-01  3.660842800252193e-01  2.197834959956535e-01  3.660842800252193e-01  2.115158554501633e-03  3.660842800252193e-01  1.004154979805720e+00  3.660842800252193e-01  1.941674872319275e-01  3.660842800252193e-01  1.563605363992757e-03 
 3.700842800252193e-01  1.350663578230416e+00  3.700842800252193e-01  1.492634704196041e+00  3.700842800252193e-01  7.693661485922955e-01  3.700842800252193e-01  2.199144067477660e-01  3.700842800252193e-01  2.118153928985455e-03  3.700842800252193e-01  1.005427225471486e+00  3.700842800252193e-01  1.940162978806582e-01  3.700842800252193e-01  1.560585962622650e-03 
 3.740842800252193e-01  1.349900963589066e+00  3.740842800252193e-01  1.493403504378477e+00  3.740842800252193e-01  7.680923042539091e-01  3.740842800252193e-01  2.200452420422304e-01  3.740842800252193e-01  2.121148970920705e-03  3.740842800252193e-01  1.006699373090305e+00  3.740842800252193e-01  1.938649604992965e-01  3.740842800252193e-01  1.557566627145396e-03 
 3.780842800252193e-01  1.349138434285520e+00  3.780842800252193e-01  1.494172287196284e+00  3.780842800252193e-01  7.668185430475973e-01  3.780842800252193e-01  2.201760022420881e-01  3.780842800252193e-01  2.124143677705932e-03  3.780842800252193e-01  1.007971421607785e+00  3.780842800252193e-01  1.937134746208826e-01  3.780842800252193e-01  1.554547359838177e-03 
 3.820842800252193e-01  1.348375990976582e+00  3.820842800252193e-01  1.494941052023982e+00  3.820842800252193e-01  7.655448661344916e-01  3.820842800252193e-01  2.203066877120051e-01  3.820842800252193e-01  2.127138046761660e-03  3.820842800252193e-01  1.009243369937260e+00  3.820842800252193e-01  1.935618397852542e-01  3.820842800252193e-01  1.551528163156781e-03 
 3.860842800252193e-01  1.347613634326522e+00  3.860842800252193e-01  1.495709798259374e+00  3.860842800252193e-01  7.642712746838016e-01  3.860842800252193e-01  2.204372988162631e-01  3.860842800252193e-01  2.130132075479094e-03  3.860842800252193e-01  1.010515217005759e+00  3.860842800252193e-01  1.934100555263477e-01  3.860842800252193e-01  1.548509039465501e-03 
 3.900842800252193e-01  1.346851364997647e+00  3.900842800252193e-01  1.496478525273619e+00  3.900842800252193e-01  7.629977698663744e-01  3.900842800252193e-01  2.205678359202364e-01  3.900842800252193e-01  2.133125761257092e-03  3.900842800252193e-01  1.011786961720597e+00  3.900842800252193e-01  1.932581213814151e-01  3.900842800252193e-01  1.545489991233245e-03 
 3.940842800252193e-01  1.346089183659321e+00  3.940842800252193e-01  1.497247232458656e+00  3.940842800252193e-01  7.617243528609347e-01  3.940842800252193e-01  2.206982993890182e-01  3.940842800252193e-01  2.136119101466874e-03  3.940842800252193e-01  1.013058603001054e+00  3.940842800252193e-01  1.931060368822385e-01  3.940842800252193e-01  1.542471020847304e-03 
 3.980842800252193e-01  1.345327090983838e+00  3.980842800252193e-01  1.498015919205058e+00  3.980842800252193e-01  7.604510248512918e-01  3.980842800252193e-01  2.208286895880748e-01  3.980842800252193e-01  2.139112093468107e-03  3.980842800252193e-01  1.014330139763546e+00  3.980842800252193e-01  1.929538015592094e-01  3.980842800252193e-01  1.539452130700351e-03 
 4.020842800252193e-01  1.344565087635116e+00  4.020842800252193e-01  1.498784584842431e+00  4.020842800252193e-01  7.591777870186116e-01  4.020842800252193e-01  2.209590068850128e-01  4.020842800252193e-01  2.142104734653343e-03  4.020842800252193e-01  1.015601570881773e+00  4.020842800252193e-01  1.928014149523958e-01  4.020842800252193e-01  1.536433323424427e-03 
 4.060842800252193e-01  1.343803174297911e+00  4.060842800252193e-01  1.499553228793027e+00  4.060842800252193e-01  7.579046405615280e-01  4.060842800252193e-01  2.210892516450831e-01  4.060842800252193e-01  2.145097022333355e-03  4.060842800252193e-01  1.016872895289346e+00  4.060842800252193e-01  1.926488765829948e-01  4.060842800252193e-01  1.533414601287724e-03 
 4.100842800252193e-01  1.343041351648335e+00  4.100842800252193e-01  1.500321850416280e+00  4.100842800252193e-01  7.566315866759303e-01  4.100842800252193e-01  2.212194242357555e-01  4.100842800252193e-01  2.148088953852808e-03  4.100842800252193e-01  1.018144111875877e+00  4.100842800252193e-01  1.924961859821978e-01  4.100842800252193e-01  1.530395966805135e-03 
 4.140842800252193e-01  1.342279620369142e+00  4.140842800252193e-01  1.501090449089053e+00  4.140842800252193e-01  7.553586265655120e-01  4.140842800252193e-01  2.213495250243760e-01  4.140842800252193e-01  2.151080526530299e-03  4.140842800252193e-01  1.019415219540571e+00  4.140842800252193e-01  1.923433426762678e-01  4.140842800252193e-01  1.527377422423089e-03 
 4.180842800252193e-01  1.341517981143984e+00  4.180842800252193e-01  1.501859024175195e+00  4.180842800252193e-01  7.540857614378635e-01  4.180842800252193e-01  2.214795543790747e-01  4.180842800252193e-01  2.154071737680902e-03  4.180842800252193e-01  1.020686217171868e+00  4.180842800252193e-01  1.921903461921918e-01  4.180842800252193e-01  1.524358970639078e-03 
 4.220842800252193e-01  1.340756434656789e+00  4.220842800252193e-01  1.502627575022135e+00  4.220842800252193e-01  7.528129925040925e-01  4.220842800252193e-01  2.216095126688775e-01  4.220842800252193e-01  2.157062584618608e-03  4.220842800252193e-01  1.021957103645159e+00  4.220842800252193e-01  1.920371960583201e-01  4.220842800252193e-01  1.521340614015089e-03 
 4.260842800252193e-01  1.339994981599842e+00  4.260842800252193e-01  1.503396101003087e+00  4.260842800252193e-01  7.515403209844113e-01  4.260842800252193e-01  2.217394002624820e-01  4.260842800252193e-01  2.160053064624559e-03  4.260842800252193e-01  1.023227877850917e+00  4.260842800252193e-01  1.918838917964635e-01  4.260842800252193e-01  1.518322355011820e-03 
 4.300842800252193e-01  1.339233622668081e+00  4.300842800252193e-01  1.504164601486780e+00  4.300842800252193e-01  7.502677481042719e-01  4.300842800252193e-01  2.218692175291597e-01  4.300842800252193e-01  2.163043174969548e-03  4.300842800252193e-01  1.024498538674468e+00  4.300842800252193e-01  1.917304329275253e-01  4.300842800252193e-01  1.515304196107540e-03 
 4.340842800252193e-01  1.338472358559196e+00  4.340842800252193e-01  1.504933075837970e+00  4.340842800252193e-01  7.489952750944699e-01  4.340842800252193e-01  2.219989648387551e-01  4.340842800252193e-01  2.166032912913468e-03  4.340842800252193e-01  1.025769084996314e+00  4.340842800252193e-01  1.915768189713981e-01  4.340842800252193e-01  1.512286139796155e-03 
 4.380842800252193e-01  1.337711189971411e+00  4.380842800252193e-01  1.505701523405293e+00  4.380842800252193e-01  7.477229031896784e-01  4.380842800252193e-01  2.221286425620523e-01  4.380842800252193e-01  2.169022275714188e-03  4.380842800252193e-01  1.027039515683997e+00  4.380842800252193e-01  1.914230494492323e-01  4.380842800252193e-01  1.509268188634800e-03 
 4.420842800252193e-01  1.336950117604430e+00  4.420842800252193e-01  1.506469943526265e+00  4.420842800252193e-01  7.464506336291320e-01  4.420842800252193e-01  2.222582510706450e-01  4.420842800252193e-01  2.172011260623724e-03  4.420842800252193e-01  1.028309829595432e+00  4.420842800252193e-01  1.912691238824995e-01  4.420842800252193e-01  1.506250345224276e-03 
 4.460842800252193e-01  1.336189142167723e+00  4.460842800252193e-01  1.507238335570383e+00  4.460842800252193e-01  7.451784676623667e-01  4.460842800252193e-01  2.223877907356872e-01  4.460842800252193e-01  2.174999864855759e-03  4.460842800252193e-01  1.029580025607596e+00  4.460842800252193e-01  1.911150417848728e-01  4.460842800252193e-01  1.503232612039822e-03 
 4.500842800252193e-01  1.335428264367371e+00  4.500842800252193e-01  1.508006698869954e+00  4.500842800252193e-01  7.439064065402390e-01  4.500842800252193e-01  2.225172619299325e-01  4.500842800252193e-01  2.177988085637266e-03  4.500842800252193e-01  1.030850102570404e+00  4.500842800252193e-01  1.909608026752171e-01  4.500842800252193e-01  1.500214991702645e-03 
 4.540842800252193e-01  1.334667484923399e+00  4.540842800252193e-01  1.508775032810626e+00  4.540842800252193e-01  7.426344515268669e-01  4.540842800252193e-01  2.226466650250992e-01  4.540842800252193e-01  2.180975920140492e-03  4.540842800252193e-01  1.032120059366993e+00  4.540842800252193e-01  1.908064060605219e-01  4.540842800252193e-01  1.497197486624466e-03 
 4.580842800252193e-01  1.333906804537586e+00  4.580842800252193e-01  1.509543336662773e+00  4.580842800252193e-01  7.413626038775781e-01  4.580842800252193e-01  2.227760003968205e-01  4.580842800252193e-01  2.183963365609304e-03  4.580842800252193e-01  1.033389894801402e+00  4.580842800252193e-01  1.906518514677080e-01  4.580842800252193e-01  1.494180099669712e-03 
 4.620842800252193e-01  1.333146223942532e+00  4.620842800252193e-01  1.510311609837890e+00  4.620842800252193e-01  7.400908648726500e-01  4.620842800252193e-01  2.229052684171509e-01  4.620842800252193e-01  2.186950419166512e-03  4.620842800252193e-01  1.034659607769287e+00  4.620842800252193e-01  1.904971383952026e-01  4.620842800252193e-01  1.491162833148550e-03 
 4.660842800252193e-01  1.332385743853720e+00  4.660842800252193e-01  1.511079851637613e+00  4.660842800252193e-01  7.388192357844412e-01  4.660842800252193e-01  2.230344694619332e-01  4.660842800252193e-01  2.189937078002220e-03  4.660842800252193e-01  1.035929197090767e+00  4.660842800252193e-01  1.903422663603342e-01  4.660842800252193e-01  1.488145689802565e-03 
 4.700842800252193e-01  1.331625364995481e+00  4.700842800252193e-01  1.511848061389329e+00  4.700842800252193e-01  7.375477178952706e-01  4.700842800252193e-01  2.231636039068367e-01  4.700842800252193e-01  2.192923339271712e-03  4.700842800252193e-01  1.037198661600706e+00  4.700842800252193e-01  1.901872348737105e-01  4.700842800252193e-01  1.485128672272235e-03 
 4.740842800252194e-01  1.330865088100098e+00  4.740842800252194e-01  1.512616238441275e+00  4.740842800252194e-01  7.362763124968501e-01  4.740842800252194e-01  2.232926721275246e-01  4.740842800252194e-01  2.195909200099080e-03  4.740842800252194e-01  1.038468000145402e+00  4.740842800252194e-01  1.900320434400986e-01  4.740842800252194e-01  1.482111783116071e-03 
 4.780842800252194e-01  1.330104913900419e+00  4.780842800252194e-01  1.513384382123491e+00  4.780842800252194e-01  7.350050208852634e-01  4.780842800252194e-01  2.234216745008016e-01  4.780842800252194e-01  2.198894657606167e-03  4.780842800252194e-01  1.039737211556577e+00  4.780842800252194e-01  1.898766915658198e-01  4.780842800252194e-01  1.479095024964098e-03 
 4.820842800252194e-01  1.329344843128603e+00  4.820842800252194e-01  1.514152491741326e+00  4.820842800252194e-01  7.337338443601554e-01  4.820842800252194e-01  2.235506114048290e-01  4.820842800252194e-01  2.201879708917554e-03  4.820842800252194e-01  1.041006294647046e+00  4.820842800252194e-01  1.897211787599848e-01  4.820842800252194e-01  1.476078400543212e-03 
 4.860842800252194e-01  1.328584876532021e+00  4.860842800252194e-01  1.514920566657883e+00  4.860842800252194e-01  7.324627842357071e-01  4.860842800252194e-01  2.236794832167200e-01  4.860842800252194e-01  2.204864351098074e-03  4.860842800252194e-01  1.042275248265498e+00  4.860842800252194e-01  1.895655045187887e-01  4.860842800252194e-01  1.473061912353510e-03 
 4.900842800252194e-01  1.327825014844367e+00  4.900842800252194e-01  1.515688606143335e+00  4.900842800252194e-01  7.311918418208395e-01  4.900842800252194e-01  2.238082903169690e-01  4.900842800252194e-01  2.207848581266264e-03  4.900842800252194e-01  1.043544071196313e+00  4.900842800252194e-01  1.894096683541971e-01  4.900842800252194e-01  1.470045563260027e-03 
 4.940842800252194e-01  1.327065258818094e+00  4.940842800252194e-01  1.516456609543701e+00  4.940842800252194e-01  7.299210184415467e-01  4.940842800252194e-01  2.239370330845283e-01  4.940842800252194e-01  2.210832396466975e-03  4.940842800252194e-01  1.044812762271698e+00  4.940842800252194e-01  1.892536697617727e-01  4.940842800252194e-01  1.467029355829885e-03 
 4.980842800252194e-01  1.326305609199073e+00  4.980842800252194e-01  1.517224576148498e+00  4.980842800252194e-01  7.286503154235522e-01  4.980842800252194e-01  2.240657119006945e-01  4.980842800252194e-01  2.213815793770934e-03  4.980842800252194e-01  1.046081320283731e+00  4.980842800252194e-01  1.890975082459031e-01  4.980842800252194e-01  1.464013292852106e-03 
 5.020842800252193e-01  1.325546066748663e+00  5.020842800252193e-01  1.517992505305418e+00  5.020842800252193e-01  7.273797341075040e-01  5.020842800252193e-01  2.241943271457718e-01  5.020842800252193e-01  2.216798770188020e-03  5.020842800252193e-01  1.047349744060485e+00  5.020842800252193e-01  1.889411832978747e-01  5.020842800252193e-01  1.460997376887218e-03 
 5.060842800252193e-01  1.324786632215705e+00  5.060842800252193e-01  1.518760396274430e+00  5.060842800252193e-01  7.261092758298118e-01  5.060842800252193e-01  2.243228792033563e-01  5.060842800252193e-01  2.219781322777309e-03  5.060842800252193e-01  1.048618032369140e+00  5.060842800252193e-01  1.887846944237792e-01  5.060842800252193e-01  1.457981610840218e-03 
 5.100842800252193e-01  1.324027306370390e+00  5.100842800252193e-01  1.519528248403532e+00  5.100842800252193e-01  7.248389419459491e-01  5.100842800252193e-01  2.244513684552083e-01  5.100842800252193e-01  2.222763448513979e-03  5.100842800252193e-01  1.049886184032624e+00  5.100842800252193e-01  1.886280411108398e-01  5.100842800252193e-01  1.454965997270380e-03 
 5.140842800252193e-01  1.323268089975819e+00  5.140842800252193e-01  1.520296060980687e+00  5.140842800252193e-01  7.235687338109840e-01  5.140842800252193e-01  2.245797952856028e-01  5.140842800252193e-01  2.225745144401085e-03  5.140842800252193e-01  1.051154197831297e+00  5.140842800252193e-01  1.884712228557671e-01  5.140842800252193e-01  1.451950538972703e-03 
 5.180842800252193e-01  1.322508983798111e+00  5.180842800252193e-01  1.521063833286269e+00  5.180842800252193e-01  7.222986527865733e-01  5.180842800252193e-01  2.247081600798148e-01  5.180842800252193e-01  2.228726407429831e-03  5.180842800252193e-01  1.052422072537761e+00  5.180842800252193e-01  1.883142391547167e-01  5.180842800252193e-01  1.448935238772005e-03 
 5.220842800252193e-01  1.321749988610494e+00  5.220842800252193e-01  1.521831564613788e+00  5.220842800252193e-01  7.210287002438278e-01  5.220842800252193e-01  2.248364632235227e-01  5.220842800252193e-01  2.231707234563492e-03  5.220842800252193e-01  1.053689806930565e+00  5.220842800252193e-01  1.881570894992821e-01  5.220842800252193e-01  1.445920099441467e-03 
 5.260842800252193e-01  1.320991105195560e+00  5.260842800252193e-01  1.522599254281406e+00  5.260842800252193e-01  7.197588775649271e-01  5.260842800252193e-01  2.249647051024950e-01  5.260842800252193e-01  2.234687622728561e-03  5.260842800252193e-01  1.054957399801792e+00  5.260842800252193e-01  1.879997733742378e-01  5.260842800252193e-01  1.442905123657390e-03 
 5.300842800252193e-01  1.320232334331886e+00  5.300842800252193e-01  1.523366901562299e+00  5.300842800252193e-01  7.184891861339773e-01  5.300842800252193e-01  2.250928861046418e-01  5.300842800252193e-01  2.237667568867321e-03  5.300842800252193e-01  1.056224849910875e+00  5.300842800252193e-01  1.878422902709599e-01  5.300842800252193e-01  1.439890314272803e-03 
 5.340842800252193e-01  1.319473676802143e+00  5.340842800252193e-01  1.524134505726481e+00  5.340842800252193e-01  7.172196273426426e-01  5.340842800252193e-01  2.252210066188099e-01  5.340842800252193e-01  2.240647069905936e-03  5.340842800252193e-01  1.057492156012308e+00  5.340842800252193e-01  1.876846396793622e-01  5.340842800252193e-01  1.436875674153089e-03 
 5.380842800252194e-01  1.318715133401587e+00  5.380842800252194e-01  1.524902066084378e+00  5.380842800252194e-01  7.159502025960440e-01  5.380842800252194e-01  2.253490670335256e-01  5.380842800252194e-01  2.243626122721180e-03  5.380842800252194e-01  1.058759316884463e+00  5.380842800252194e-01  1.875268210794384e-01  5.380842800252194e-01  1.433861206004846e-03 
 5.420842800252194e-01  1.317956704915018e+00  5.420842800252194e-01  1.525669581867401e+00  5.420842800252194e-01  7.146809132969819e-01  5.420842800252194e-01  2.254770677405061e-01  5.420842800252194e-01  2.246604724230890e-03  5.420842800252194e-01  1.060026331250477e+00  5.420842800252194e-01  1.873688339643742e-01  5.420842800252194e-01  1.430846912845030e-03 
 5.460842800252194e-01  1.317198392146103e+00  5.460842800252194e-01  1.526437052379318e+00  5.460842800252194e-01  7.134117608661457e-01  5.460842800252194e-01  2.256050091302504e-01  5.460842800252194e-01  2.249582871278800e-03  5.460842800252194e-01  1.061293197878449e+00  5.460842800252194e-01  1.872106778112117e-01  5.460842800252194e-01  1.427832797406364e-03 
 5.500842800252194e-01  1.316440195899174e+00  5.500842800252194e-01  1.527204476901792e+00  5.500842800252194e-01  7.121427467296718e-01  5.500842800252194e-01  2.257328915948194e-01  5.500842800252194e-01  2.252560560706021e-03  5.500842800252194e-01  1.062559915518863e+00  5.500842800252194e-01  1.870523520991220e-01  5.500842800252194e-01  1.424818862508365e-03 
 5.540842800252194e-01  1.315682116974851e+00  5.540842800252194e-01  1.527971854671558e+00  5.540842800252194e-01  7.108738723161950e-01  5.540842800252194e-01  2.258607155285221e-01  5.540842800252194e-01  2.255537789368263e-03  5.540842800252194e-01  1.063826482889474e+00  5.540842800252194e-01  1.868938563138594e-01  5.540842800252194e-01  1.421805111146980e-03 
 5.580842800252194e-01  1.314924156184740e+00  5.580842800252194e-01  1.528739184956180e+00  5.580842800252194e-01  7.096051390670101e-01  5.580842800252194e-01  2.259884813257222e-01  5.580842800252194e-01  2.258514554078056e-03  5.580842800252194e-01  1.065092898725406e+00  5.580842800252194e-01  1.867351899330230e-01  5.580842800252194e-01  1.418791546197025e-03 
 5.620842800252194e-01  1.314166314350276e+00  5.620842800252194e-01  1.529506467047441e+00  5.620842800252194e-01  7.083365484353422e-01  5.620842800252194e-01  2.261161893810457e-01  5.620842800252194e-01  2.261490851609388e-03  5.620842800252194e-01  1.066359161774722e+00  5.620842800252194e-01  1.865763524272937e-01  5.620842800252194e-01  1.415778170438193e-03 
 5.660842800252194e-01  1.313408592280263e+00  5.660842800252194e-01  1.530273700145486e+00  5.660842800252194e-01  7.070681018709790e-01  5.660842800252194e-01  2.262438400927875e-01  5.660842800252194e-01  2.264466678785774e-03  5.660842800252194e-01  1.067625270721812e+00  5.660842800252194e-01  1.864173432830371e-01  5.660842800252194e-01  1.412764987010037e-03 
 5.700842800252194e-01  1.312650990805116e+00  5.700842800252194e-01  1.531040883535011e+00  5.700842800252194e-01  7.057998008438623e-01  5.700842800252194e-01  2.263714338577855e-01  5.700842800252194e-01  2.267442032345919e-03  5.700842800252194e-01  1.068891224303840e+00  5.700842800252194e-01  1.862581619679073e-01  5.700842800252194e-01  1.409751998720009e-03 
 5.740842800252194e-01  1.311893510751062e+00  5.740842800252194e-01  1.531808016451954e+00  5.740842800252194e-01  7.045316468264251e-01  5.740842800252194e-01  2.264989710753319e-01  5.740842800252194e-01  2.270416909044969e-03  5.740842800252194e-01  1.070157021222581e+00  5.740842800252194e-01  1.860988079568553e-01  5.740842800252194e-01  1.406739208567047e-03 
 5.780842800252194e-01  1.311136152951788e+00  5.780842800252194e-01  1.532575098143212e+00  5.780842800252194e-01  7.032636413016671e-01  5.780842800252194e-01  2.266264521454475e-01  5.780842800252194e-01  2.273391305608713e-03  5.780842800252194e-01  1.071422660183869e+00  5.780842800252194e-01  1.859392807204484e-01  5.780842800252194e-01  1.403726619506976e-03 
 5.820842800252194e-01  1.310378918246017e+00  5.820842800252194e-01  1.533342127853860e+00  5.820842800252194e-01  7.019957857615516e-01  5.820842800252194e-01  2.267538774692795e-01  5.820842800252194e-01  2.276365218743253e-03  5.820842800252194e-01  1.072688139889114e+00  5.820842800252194e-01  1.857795797273526e-01  5.820842800252194e-01  1.400714234502779e-03 
 5.860842800252194e-01  1.309621807475763e+00  5.860842800252194e-01  1.534109104817875e+00  5.860842800252194e-01  7.007280817058763e-01  5.860842800252194e-01  2.268812474493885e-01  5.860842800252194e-01  2.279338645141696e-03  5.860842800252194e-01  1.073953459029148e+00  5.860842800252194e-01  1.856197044461403e-01  5.860842800252194e-01  1.397702056560973e-03 
 5.900842800252194e-01  1.308864821483486e+00  5.900842800252194e-01  1.534876028243277e+00  5.900842800252194e-01  6.994605306403888e-01  5.900842800252194e-01  2.270085624902068e-01  5.900842800252194e-01  2.282311581495426e-03  5.900842800252194e-01  1.075218616274408e+00  5.900842800252194e-01  1.854596543482136e-01  5.900842800252194e-01  1.394690088790003e-03 
 5.940842800252194e-01  1.308107961125303e+00  5.940842800252194e-01  1.535642897379551e+00  5.940842800252194e-01  6.981931340859308e-01  5.940842800252194e-01  2.271358229960857e-01  5.940842800252194e-01  2.285284024442194e-03  5.940842800252194e-01  1.076483610319369e+00  5.940842800252194e-01  1.852994288945174e-01  5.940842800252194e-01  1.391678334135423e-03 
 5.980842800252194e-01  1.307351227257605e+00  5.980842800252194e-01  1.536409711448710e+00  5.980842800252194e-01  6.969258935693152e-01  5.980842800252194e-01  2.272630293733325e-01  5.980842800252194e-01  2.288255970618650e-03  5.980842800252194e-01  1.077748439837038e+00  5.980842800252194e-01  1.851390275490859e-01  5.980842800252194e-01  1.388666795650679e-03 
 6.020842800252194e-01  1.306594620737905e+00  6.020842800252194e-01  1.537176469649349e+00  6.020842800252194e-01  6.956588106239798e-01  6.020842800252194e-01  2.273901820301153e-01  6.020842800252194e-01  2.291227416657053e-03  6.020842800252194e-01  1.079013103481617e+00  6.020842800252194e-01  1.849784497782546e-01  6.020842800252194e-01  1.385655476481093e-03 
 6.060842800252194e-01  1.305838142436739e+00  6.060842800252194e-01  1.537943171217228e+00  6.060842800252194e-01  6.943918867982394e-01  6.060842800252194e-01  2.275172813747099e-01  6.060842800252194e-01  2.294198359138545e-03  6.060842800252194e-01  1.080277599928394e+00  6.060842800252194e-01  1.848176950386746e-01  6.060842800252194e-01  1.382644379626031e-03 
 6.100842800252194e-01  1.305081793218941e+00  6.100842800252194e-01  1.538709815329184e+00  6.100842800252194e-01  6.931251236424867e-01  6.100842800252194e-01  2.276443278183337e-01  6.100842800252194e-01  2.297168794666596e-03  6.100842800252194e-01  1.081541927810396e+00  6.100842800252194e-01  1.846567627963035e-01  6.100842800252194e-01  1.379633508316268e-03 
 6.140842800252194e-01  1.304325573968540e+00  6.140842800252194e-01  1.539476401230064e+00  6.140842800252194e-01  6.918585227263809e-01  6.140842800252194e-01  2.277713217714534e-01  6.140842800252194e-01  2.300138719769365e-03  6.140842800252194e-01  1.082806085801976e+00  6.140842800252194e-01  1.844956525012499e-01  6.140842800252194e-01  1.376622865515392e-03 
 6.180842800252194e-01  1.303569485566422e+00  6.180842800252194e-01  1.540242928118267e+00  6.180842800252194e-01  6.905920856235648e-01  6.180842800252194e-01  2.278982636471587e-01  6.180842800252194e-01  2.303108130987298e-03  6.180842800252194e-01  1.084070072543383e+00  6.180842800252194e-01  1.843343636104292e-01  6.180842800252194e-01  1.373612454369382e-03 
 6.220842800252194e-01  1.302813528893150e+00  6.220842800252194e-01  1.541009395159745e+00  6.220842800252194e-01  6.893258139136934e-01  6.220842800252194e-01  2.280251538607714e-01  6.220842800252194e-01  2.306077024862156e-03  6.220842800252194e-01  1.085333886649975e+00  6.220842800252194e-01  1.841728955848173e-01  6.220842800252194e-01  1.370602278151649e-03 
 6.260842800252194e-01  1.302057704842247e+00  6.260842800252194e-01  1.541775801555655e+00  6.260842800252194e-01  6.880597091916202e-01  6.260842800252194e-01  2.281519928278910e-01  6.260842800252194e-01  2.309045397884742e-03  6.260842800252194e-01  1.086597526756724e+00  6.260842800252194e-01  1.840112478759832e-01  6.260842800252194e-01  1.367592339997289e-03 
 6.300842800252194e-01  1.301302014312776e+00  6.300842800252194e-01  1.542542146503999e+00  6.300842800252194e-01  6.867937730623855e-01  6.300842800252194e-01  2.282787809655404e-01  6.300842800252194e-01  2.312013246524143e-03  6.300842800252194e-01  1.087860991492907e+00  6.300842800252194e-01  1.838494199336822e-01  6.300842800252194e-01  1.364582643053741e-03 
 6.340842800252194e-01  1.300546458205238e+00  6.340842800252194e-01  1.543308429178331e+00  6.340842800252194e-01  6.855280071384803e-01  6.340842800252194e-01  2.284055186928105e-01  6.340842800252194e-01  2.314980567243822e-03  6.340842800252194e-01  1.089124279468090e+00  6.340842800252194e-01  1.836874112100952e-01  6.340842800252194e-01  1.361573190564422e-03 
 6.380842800252194e-01  1.299791037426876e+00  6.380842800252194e-01  1.544074648754669e+00  6.380842800252194e-01  6.842624130435636e-01  6.380842800252194e-01  2.285322064300996e-01  6.380842800252194e-01  2.317947356480688e-03  6.380842800252194e-01  1.090387389289786e+00  6.380842800252194e-01  1.835252211544580e-01  6.380842800252194e-01  1.358563985763078e-03 
 6.420842800252194e-01  1.299035752890878e+00  6.420842800252194e-01  1.544840804406830e+00  6.420842800252194e-01  6.829969924120015e-01  6.420842800252194e-01  2.286588445992712e-01  6.420842800252194e-01  2.320913610648382e-03  6.420842800252194e-01  1.091650319560363e+00  6.420842800252194e-01  1.833628492139678e-01  6.420842800252194e-01  1.355555031892024e-03 
 6.460842800252194e-01  1.298280605520642e+00  6.460842800252194e-01  1.545606895327873e+00  6.460842800252194e-01  6.817317468918673e-01  6.460842800252194e-01  2.287854336230503e-01  6.460842800252194e-01  2.323879326120406e-03  6.460842800252194e-01  1.092913068891076e+00  6.460842800252194e-01  1.832002948294650e-01  6.460842800252194e-01  1.352546332117967e-03 
 6.500842800252195e-01  1.297525596230192e+00  6.500842800252195e-01  1.546372920630166e+00  6.500842800252195e-01  6.804666781315903e-01  6.500842800252195e-01  2.289119739279752e-01  6.500842800252195e-01  2.326844499307075e-03  6.500842800252195e-01  1.094175635836420e+00  6.500842800252195e-01  1.830375574554713e-01  6.500842800252195e-01  1.349537889924503e-03 
 6.540842800252195e-01  1.296770725959891e+00  6.540842800252195e-01  1.547138879526613e+00  6.540842800252195e-01  6.792017878045514e-01  6.540842800252195e-01  2.290384659391161e-01  6.540842800252195e-01  2.329809126515260e-03  6.540842800252195e-01  1.095438019013091e+00  6.540842800252195e-01  1.828746365238065e-01  6.540842800252195e-01  1.346529708400365e-03 
 6.580842800252195e-01  1.296015995633824e+00  6.580842800252195e-01  1.547904771113606e+00  6.580842800252195e-01  6.779370775799149e-01  6.580842800252195e-01  2.291649100864560e-01  6.580842800252195e-01  2.332773204115809e-03  6.580842800252195e-01  1.096700216957469e+00  6.580842800252195e-01  1.827115314871663e-01  6.580842800252195e-01  1.343521791091764e-03 
 6.620842800252195e-01  1.295261406201274e+00  6.620842800252195e-01  1.548670594581453e+00  6.620842800252195e-01  6.766725491511807e-01  6.620842800252195e-01  2.292913067987504e-01  6.620842800252195e-01  2.335736728380517e-03  6.620842800252195e-01  1.097962228263683e+00  6.620842800252195e-01  1.825482417768061e-01  6.620842800252195e-01  1.340514141176113e-03 
 6.660842800252195e-01  1.294506958606344e+00  6.660842800252195e-01  1.549436349059693e+00  6.660842800252195e-01  6.754082042154274e-01  6.660842800252195e-01  2.294176565080905e-01  6.660842800252195e-01  2.338699695601619e-03  6.660842800252195e-01  1.099224051482079e+00  6.660842800252195e-01  1.823847668336402e-01  6.660842800252195e-01  1.337506762069399e-03 
 6.700842800252195e-01  1.293752653803059e+00  6.700842800252195e-01  1.550202033693369e+00  6.700842800252195e-01  6.741440444837605e-01  6.700842800252195e-01  2.295439596476885e-01  6.700842800252195e-01  2.341662102032335e-03  6.700842800252195e-01  1.100485685169220e+00  6.700842800252195e-01  1.822211060928753e-01  6.700842800252195e-01  1.334499657126691e-03 
 6.740842800252195e-01  1.292998492749032e+00  6.740842800252195e-01  1.550967647610528e+00  6.740842800252195e-01  6.728800716770530e-01  6.740842800252195e-01  2.296702166528581e-01  6.740842800252195e-01  2.344623943911785e-03  6.740842800252195e-01  1.101747127866544e+00  6.740842800252195e-01  1.820572589905523e-01  6.740842800252195e-01  1.331492829769795e-03 
 6.780842800252195e-01  1.292244476405828e+00  6.780842800252195e-01  1.551733189923715e+00  6.780842800252195e-01  6.716162875262957e-01  6.780842800252195e-01  2.297964279609995e-01  6.780842800252195e-01  2.347585217463595e-03  6.780842800252195e-01  1.103008378101319e+00  6.780842800252195e-01  1.818932249632431e-01  6.780842800252195e-01  1.328486283481330e-03 
 6.820842800252195e-01  1.291490605747208e+00  6.820842800252195e-01  1.552498659771394e+00  6.820842800252195e-01  6.703526937783314e-01  6.820842800252195e-01  2.299225940104123e-01  6.820842800252195e-01  2.350545918863456e-03  6.820842800252195e-01  1.104269434413733e+00  6.820842800252195e-01  1.817290034396381e-01  6.820842800252195e-01  1.325480021642091e-03 
 6.860842800252195e-01  1.290736881747898e+00  6.860842800252195e-01  1.553264056260515e+00  6.860842800252195e-01  6.690892921882564e-01  6.860842800252195e-01  2.300487152420048e-01  6.860842800252195e-01  2.353506044283340e-03  6.860842800252195e-01  1.105530295319243e+00  6.860842800252195e-01  1.815645938521703e-01  6.860842800252195e-01  1.322474047756588e-03 
 6.900842800252195e-01  1.289983305392076e+00  6.900842800252195e-01  1.554029378509213e+00  6.900842800252195e-01  6.678260845253292e-01  6.900842800252195e-01  2.301747920980693e-01  6.900842800252195e-01  2.356465589858003e-03  6.900842800252195e-01  1.106790959336499e+00  6.900842800252195e-01  1.813999956283433e-01  6.900842800252195e-01  1.319468365285421e-03 
 6.940842800252195e-01  1.289229877668134e+00  6.940842800252195e-01  1.554794625619870e+00  6.940842800252195e-01  6.665630725694736e-01  6.940842800252195e-01  2.303008250231038e-01  6.940842800252195e-01  2.359424551705731e-03  6.940842800252195e-01  1.108051424969673e+00  6.940842800252195e-01  1.812352081961814e-01  6.940842800252195e-01  1.316462977750925e-03 
 6.980842800252195e-01  1.288476599571213e+00  6.980842800252195e-01  1.555559796691533e+00  6.980842800252195e-01  6.653002581131126e-01  6.980842800252195e-01  2.304268144634737e-01  6.980842800252195e-01  2.362382925918280e-03  6.980842800252195e-01  1.109311690716560e+00  6.980842800252195e-01  1.810702309817031e-01  6.980842800252195e-01  1.313457888688600e-03 
 7.020842800252195e-01  1.287723472099075e+00  7.020842800252195e-01  1.556324890798682e+00  7.020842800252195e-01  6.640376429584400e-01  7.020842800252195e-01  2.305527608680620e-01  7.020842800252195e-01  2.365340708577074e-03  7.020842800252195e-01  1.110571755054652e+00  7.020842800252195e-01  1.809050634132361e-01  7.020842800252195e-01  1.310453101730294e-03 
 7.060842800252195e-01  1.286970496269594e+00  7.060842800252195e-01  1.557089907078964e+00  7.060842800252195e-01  6.627752289295175e-01  7.060842800252195e-01  2.306786646857300e-01  7.060842800252195e-01  2.368297895684610e-03  7.060842800252195e-01  1.111831616498440e+00  7.060842800252195e-01  1.807397049034665e-01  7.060842800252195e-01  1.307448620259784e-03 
 7.100842800252195e-01  1.286217673089391e+00  7.100842800252195e-01  1.557854844574747e+00  7.100842800252195e-01  6.615130178508508e-01  7.100842800252195e-01  2.308045263699904e-01  7.100842800252195e-01  2.371254483287526e-03  7.100842800252195e-01  1.113091273495842e+00  7.100842800252195e-01  1.805741548818251e-01  7.100842800252195e-01  1.304444448035008e-03 
 7.140842800252195e-01  1.285465003582168e+00  7.140842800252195e-01  1.558619702375391e+00  7.140842800252195e-01  6.602510115669387e-01  7.140842800252195e-01  2.309303463748662e-01  7.140842800252195e-01  2.374210467365449e-03  7.140842800252195e-01  1.114350724521126e+00  7.140842800252195e-01  1.804084127653749e-01  7.140842800252195e-01  1.301440588629284e-03 
 7.180842800252195e-01  1.284712488771765e+00  7.180842800252195e-01  1.559384479531613e+00  7.180842800252195e-01  6.589892119307434e-01  7.180842800252195e-01  2.310561251574313e-01  7.180842800252195e-01  2.377165843897352e-03  7.180842800252195e-01  1.115609968018940e+00  7.180842800252195e-01  1.802424779763384e-01  7.180842800252195e-01  1.298437045767666e-03 
 7.220842800252195e-01  1.283960129700824e+00  7.220842800252195e-01  1.560149175148879e+00  7.220842800252195e-01  6.577276208166153e-01  7.220842800252195e-01  2.311818631751067e-01  7.220842800252195e-01  2.380120608788486e-03  7.220842800252195e-01  1.116869002465224e+00  7.220842800252195e-01  1.800763499228930e-01  7.220842800252195e-01  1.295433822960152e-03 
 7.260842800252195e-01  1.283207927401251e+00  7.260842800252195e-01  1.560913788238386e+00  7.260842800252195e-01  6.564662401001150e-01  7.260842800252195e-01  2.313075608900560e-01  7.260842800252195e-01  2.383074757986194e-03  7.260842800252195e-01  1.118127826269951e+00  7.260842800252195e-01  1.799100280298047e-01  7.260842800252195e-01  1.292430924086908e-03 
 7.300842800252195e-01  1.282455882932645e+00  7.300842800252195e-01  1.561678317909800e+00  7.300842800252195e-01  6.552050716844994e-01  7.300842800252195e-01  2.314332187635666e-01  7.300842800252195e-01  2.386028287329077e-03  7.300842800252195e-01  1.119386437902795e+00  7.300842800252195e-01  1.797435116987335e-01  7.300842800252195e-01  1.289428352641357e-03 
 7.340842800252195e-01  1.281703997337414e+00  7.340842800252195e-01  1.562442763145496e+00  7.340842800252195e-01  6.539441174700242e-01  7.340842800252195e-01  2.315588372627090e-01  7.340842800252195e-01  2.388981192723238e-03  7.340842800252195e-01  1.120644835745903e+00  7.340842800252195e-01  1.795768003547609e-01  7.340842800252195e-01  1.286426112616779e-03 
 7.380842800252195e-01  1.280952271684291e+00  7.380842800252195e-01  1.563207123018332e+00  7.380842800252195e-01  6.526833793839313e-01  7.380842800252195e-01  2.316844168539718e-01  7.380842800252195e-01  2.391933469971427e-03  7.380842800252195e-01  1.121903018235818e+00  7.380842800252195e-01  1.794098934014477e-01  7.380842800252195e-01  1.283424207651095e-03 
 7.420842800252195e-01  1.280200707045138e+00  7.420842800252195e-01  1.563971396574909e+00  7.420842800252195e-01  6.514228593646199e-01  7.420842800252195e-01  2.318099580067252e-01  7.420842800252195e-01  2.394885114864088e-03  7.420842800252195e-01  1.123160983787320e+00  7.420842800252195e-01  1.792427902448867e-01  7.420842800252195e-01  1.280422641485234e-03 
 7.460842800252195e-01  1.279449304491072e+00  7.460842800252195e-01  1.564735582815770e+00  7.460842800252195e-01  6.501625593591180e-01  7.460842800252195e-01  2.319354611938369e-01  7.460842800252195e-01  2.397836123194576e-03  7.460842800252195e-01  1.124418730780546e+00  7.460842800252195e-01  1.790754902978380e-01  7.460842800252195e-01  1.277421418041038e-03 
 7.500842800252195e-01  1.278698065106695e+00  7.500842800252195e-01  1.565499680766143e+00  7.500842800252195e-01  6.489024813329594e-01  7.500842800252195e-01  2.320609268896252e-01  7.500842800252195e-01  2.400786490703283e-03  7.500842800252195e-01  1.125676257606999e+00  7.500842800252195e-01  1.789079929650514e-01  7.500842800252195e-01  1.274420541143311e-03 
 7.540842800252195e-01  1.277946989986936e+00  7.540842800252195e-01  1.566263689459644e+00  7.540842800252195e-01  6.476426272681231e-01  7.540842800252195e-01  2.321863555703751e-01  7.540842800252195e-01  2.403736213090087e-03  7.540842800252195e-01  1.126933562658878e+00  7.540842800252195e-01  1.787402976466036e-01  7.540842800252195e-01  1.271420014583879e-03 
 7.580842800252195e-01  1.277196080225686e+00  7.580842800252195e-01  1.567027607880975e+00  7.580842800252195e-01  6.463829991553731e-01  7.580842800252195e-01  2.323117477160539e-01  7.580842800252195e-01  2.406685286058887e-03  7.580842800252195e-01  1.128190644291782e+00  7.580842800252195e-01  1.785724037498166e-01  7.580842800252195e-01  1.268419842346664e-03 
 7.620842800252196e-01  1.276445336932374e+00  7.620842800252196e-01  1.567791435048292e+00  7.620842800252196e-01  6.451235990057267e-01  7.620842800252196e-01  2.324371038079280e-01  7.620842800252196e-01  2.409633705252609e-03  7.620842800252196e-01  1.129447500878234e+00  7.620842800252196e-01  1.784043106720961e-01  7.620842800252196e-01  1.265420028284133e-03 
 7.660842800252196e-01  1.275694761213324e+00  7.660842800252196e-01  1.568555169919725e+00  7.660842800252196e-01  6.438644288378056e-01  7.660842800252196e-01  2.325624243313486e-01  7.660842800252196e-01  2.412581466326340e-03  7.660842800252196e-01  1.130704130746877e+00  7.660842800252196e-01  1.782360178204138e-01  7.660842800252196e-01  1.262420576484437e-03 
 7.700842800252196e-01  1.274944354202518e+00  7.700842800252196e-01  1.569318811546138e+00  7.700842800252196e-01  6.426054906990541e-01  7.700842800252196e-01  2.326877097712881e-01  7.700842800252196e-01  2.415528564826550e-03  7.700842800252196e-01  1.131960532281680e+00  7.700842800252196e-01  1.780675245793707e-01  7.700842800252196e-01  1.259421490671497e-03 
 7.740842800252196e-01  1.274194117014420e+00  7.740842800252196e-01  1.570082358835615e+00  7.740842800252196e-01  6.413467866334982e-01  7.740842800252196e-01  2.328129606193142e-01  7.740842800252196e-01  2.418474996376362e-03  7.740842800252196e-01  1.133216703768931e+00  7.740842800252196e-01  1.778988303604458e-01  7.740842800252196e-01  1.256422775129963e-03 
 7.780842800252196e-01  1.273444050794896e+00  7.780842800252196e-01  1.570845810806595e+00  7.780842800252196e-01  6.400883187168095e-01  7.780842800252196e-01  2.329381773661721e-01  7.780842800252196e-01  2.421420756475595e-03  7.780842800252196e-01  1.134472643561576e+00  7.780842800252196e-01  1.777299345489965e-01  7.780842800252196e-01  1.253424433710989e-03 
 7.820842800252196e-01  1.272694156689561e+00  7.820842800252196e-01  1.571609166429706e+00  7.820842800252196e-01  6.388300890347149e-01  7.820842800252196e-01  2.330633605064789e-01  7.820842800252196e-01  2.424365840625025e-03  7.820842800252196e-01  1.135728349976469e+00  7.820842800252196e-01  1.775608365373530e-01  7.820842800252196e-01  1.250426470453520e-03 
 7.860842800252196e-01  1.271944435844386e+00  7.860842800252196e-01  1.572372424630403e+00  7.860842800252196e-01  6.375720996835469e-01  7.860842800252196e-01  2.331885105386892e-01  7.860842800252196e-01  2.427310244324054e-03  7.860842800252196e-01  1.136983821296093e+00  7.860842800252196e-01  1.773915357243017e-01  7.860842800252196e-01  1.247428889573782e-03 
 7.900842800252196e-01  1.271194889422024e+00  7.900842800252196e-01  1.573135584369532e+00  7.900842800252196e-01  6.363143527815661e-01  7.900842800252196e-01  2.333136279627541e-01  7.900842800252196e-01  2.430253963006536e-03  7.900842800252196e-01  1.138239055820770e+00  7.900842800252196e-01  1.772220314981382e-01  7.900842800252196e-01  1.244431695149067e-03 
 7.940842800252196e-01  1.270445518594107e+00  7.940842800252196e-01  1.573898644604520e+00  7.940842800252196e-01  6.350568504638276e-01  7.940842800252196e-01  2.334387132813079e-01  7.940842800252196e-01  2.433196992071103e-03  7.940842800252196e-01  1.139494051843422e+00  7.940842800252196e-01  1.770523232447795e-01  7.940842800252196e-01  1.241434891269970e-03 
 7.980842800252196e-01  1.269696324536482e+00  7.980842800252196e-01  1.574661604265206e+00  7.980842800252196e-01  6.337995948790263e-01  7.980842800252196e-01  2.335637670004197e-01  7.980842800252196e-01  2.436139326899793e-03  7.980842800252196e-01  1.140748807633877e+00  7.980842800252196e-01  1.768824103528628e-01  7.980842800252196e-01  1.238438482135388e-03 
 8.020842800252196e-01  1.268947308435960e+00  8.020842800252196e-01  1.575424462286757e+00  8.020842800252196e-01  6.325425881942818e-01  8.020842800252196e-01  2.336887896286625e-01  8.020842800252196e-01  2.439080962831619e-03  8.020842800252196e-01  1.142003321460168e+00  8.020842800252196e-01  1.767122922067905e-01  8.020842800252196e-01  1.235442471923330e-03 
 8.060842800252196e-01  1.268198471483658e+00  8.060842800252196e-01  1.576187217576206e+00  8.060842800252196e-01  6.312858325907026e-01  8.060842800252196e-01  2.338137816781441e-01  8.060842800252196e-01  2.442021895188668e-03  8.060842800252196e-01  1.143257591566811e+00  8.060842800252196e-01  1.765419681937895e-01  8.060842800252196e-01  1.232446864922173e-03 
 8.100842800252196e-01  1.267449814880318e+00  8.100842800252196e-01  1.576949869038130e+00  8.100842800252196e-01  6.300293302671778e-01  8.100842800252196e-01  2.339387436637860e-01  8.100842800252196e-01  2.444962119255210e-03  8.100842800252196e-01  1.144511616191402e+00  8.100842800252196e-01  1.763714376984749e-01  8.100842800252196e-01  1.229451665429891e-03 
 8.140842800252196e-01  1.266701339843093e+00  8.140842800252196e-01  1.577712415607836e+00  8.140842800252196e-01  6.287730834451708e-01  8.140842800252196e-01  2.340636761023925e-01  8.140842800252196e-01  2.447901630251088e-03  8.140842800252196e-01  1.145765393586018e+00  8.140842800252196e-01  1.762007000957680e-01  8.140842800252196e-01  1.226456877623816e-03 
 8.180842800252196e-01  1.265953047590909e+00  8.180842800252196e-01  1.578474856178129e+00  8.180842800252196e-01  6.275170943588307e-01  8.180842800252196e-01  2.341885795148490e-01  8.180842800252196e-01  2.450840423389175e-03  8.180842800252196e-01  1.147018921969803e+00  8.180842800252196e-01  1.760297547664244e-01  8.180842800252196e-01  1.223462505848057e-03 
 8.220842800252196e-01  1.265204939346178e+00  8.220842800252196e-01  1.579237189607504e+00  8.220842800252196e-01  6.262613652563142e-01  8.220842800252196e-01  2.343134544259303e-01  8.220842800252196e-01  2.453778493868654e-03  8.220842800252196e-01  1.148272199534270e+00  8.220842800252196e-01  1.758586010953314e-01  8.220842800252196e-01  1.220468554581456e-03 
 8.260842800252196e-01  1.264457016352649e+00  8.260842800252196e-01  1.579999414807549e+00  8.260842800252196e-01  6.250058984121686e-01  8.260842800252196e-01  2.344383013617559e-01  8.260842800252196e-01  2.456715836804903e-03  8.260842800252196e-01  1.149525224499709e+00  8.260842800252196e-01  1.756872384528468e-01  8.260842800252196e-01  1.217475028094323e-03 
 8.300842800252196e-01  1.263709279856355e+00  8.300842800252196e-01  1.580761530648340e+00  8.300842800252196e-01  6.237506961144279e-01  8.300842800252196e-01  2.345631208526344e-01  8.300842800252196e-01  2.459652447304333e-03  8.300842800252196e-01  1.150777995054013e+00  8.300842800252196e-01  1.755156662149438e-01  8.300842800252196e-01  1.214481930819919e-03 
 8.340842800252196e-01  1.262961731108498e+00  8.340842800252196e-01  1.581523535972188e+00  8.340842800252196e-01  6.224957606667425e-01  8.340842800252196e-01  2.346879134327041e-01  8.340842800252196e-01  2.462588320453068e-03  8.340842800252196e-01  1.152030509361559e+00  8.340842800252196e-01  1.753438837603050e-01  8.340842800252196e-01  1.211489267300541e-03 
 8.380842800252196e-01  1.262214371378677e+00  8.380842800252196e-01  1.582285429658090e+00  8.380842800252196e-01  6.212410943975998e-01  8.380842800252196e-01  2.348126796380662e-01  8.380842800252196e-01  2.465523451264941e-03  8.380842800252196e-01  1.153282765604723e+00  8.380842800252196e-01  1.751718904564927e-01  8.380842800252196e-01  1.208497041934316e-03 
 8.420842800252196e-01  1.261467201940857e+00  8.420842800252196e-01  1.583047210552075e+00  8.420842800252196e-01  6.199866996508676e-01  8.420842800252196e-01  2.349374200088996e-01  8.420842800252196e-01  2.468457834736703e-03  8.420842800252196e-01  1.154534761938905e+00  8.420842800252196e-01  1.749996856748497e-01  8.420842800252196e-01  1.205505259248842e-03 
 8.460842800252196e-01  1.260720224078128e+00  8.460842800252196e-01  1.583808877490048e+00  8.460842800252196e-01  6.187325787892183e-01  8.460842800252196e-01  2.350621350888274e-01  8.460842800252196e-01  2.471391465829208e-03  8.460842800252196e-01  1.155786496507220e+00  8.460842800252196e-01  1.748272687856001e-01  8.460842800252196e-01  1.202513923811406e-03 
 8.500842800252196e-01  1.259973439085084e+00  8.500842800252196e-01  1.584570429308802e+00  8.500842800252196e-01  6.174787341959111e-01  8.500842800252196e-01  2.351868254246408e-01  8.500842800252196e-01  2.474324339458169e-03  8.500842800252196e-01  1.157037967447553e+00  8.500842800252196e-01  1.746546391554649e-01  8.500842800252196e-01  1.199523040185786e-03 
 8.540842800252196e-01  1.259226848259942e+00  8.540842800252196e-01  1.585331864806733e+00  8.540842800252196e-01  6.162251682695761e-01  8.540842800252196e-01  2.353114915675111e-01  8.540842800252196e-01  2.477256450525045e-03  8.540842800252196e-01  1.158289172867216e+00  8.540842800252196e-01  1.744817961561186e-01  8.540842800252196e-01  1.196532613086485e-03 
 8.580842800252196e-01  1.258480452920231e+00  8.580842800252196e-01  1.586093182820226e+00  8.580842800252196e-01  6.149718834351137e-01  8.580842800252196e-01  2.354361340707757e-01  8.580842800252196e-01  2.480187793855460e-03  8.580842800252196e-01  1.159540110892080e+00  8.580842800252196e-01  1.743087391476971e-01  8.580842800252196e-01  1.193542647078809e-03 
 8.620842800252196e-01  1.257734254388458e+00  8.620842800252196e-01  1.586854382152548e+00  8.620842800252196e-01  6.137188821340545e-01  8.620842800252196e-01  2.355607534920937e-01  8.620842800252196e-01  2.483118364255497e-03  8.620842800252196e-01  1.160790779620742e+00  8.620842800252196e-01  1.741354674941133e-01  8.620842800252196e-01  1.190553146858026e-03 
 8.660842800252196e-01  1.256988253993366e+00  8.660842800252196e-01  1.587615461579636e+00  8.660842800252196e-01  6.124661668255909e-01  8.660842800252196e-01  2.356853503933320e-01  8.660842800252196e-01  2.486048156506735e-03  8.660842800252196e-01  1.162041177128238e+00  8.660842800252196e-01  1.739619805618312e-01  8.660842800252196e-01  1.187564117226727e-03 
 8.700842800252196e-01  1.256242453084758e+00  8.700842800252196e-01  1.588376419921726e+00  8.700842800252196e-01  6.112137399968995e-01  8.700842800252196e-01  2.358099253384811e-01  8.700842800252196e-01  2.488977165308052e-03  8.700842800252196e-01  1.163291301512028e+00  8.700842800252196e-01  1.737882777043108e-01  8.700842800252196e-01  1.184575562813502e-03 
 8.740842800252197e-01  1.255496853008804e+00  8.740842800252197e-01  1.589137255922064e+00  8.740842800252197e-01  6.099616041464219e-01  8.740842800252197e-01  2.359344788973167e-01  8.740842800252197e-01  2.491905385372562e-03  8.740842800252197e-01  1.164541150814004e+00  8.740842800252197e-01  1.736143582883095e-01  8.740842800252197e-01  1.181587488549222e-03 
 8.780842800252197e-01  1.254751455131595e+00  8.780842800252197e-01  1.589897968361340e+00  8.780842800252197e-01  6.087097618001625e-01  8.780842800252197e-01  2.360590116420517e-01  8.780842800252197e-01  2.494832811335217e-03  8.780842800252197e-01  1.165790723093977e+00  8.780842800252197e-01  1.734402216690323e-01  8.780842800252197e-01  1.178599899217676e-03 
 8.820842800252197e-01  1.254006260826321e+00  8.820842800252197e-01  1.590658555994366e+00  8.820842800252197e-01  6.074582155030913e-01  8.820842800252197e-01  2.361835241492692e-01  8.820842800252197e-01  2.497759437802997e-03  8.820842800252197e-01  1.167040016388942e+00  8.820842800252197e-01  1.732658672038674e-01  8.820842800252197e-01  1.175612799704255e-03 
 8.860842800252197e-01  1.253261271477353e+00  8.860842800252197e-01  1.591419017569274e+00  8.860842800252197e-01  6.062069678221340e-01  8.860842800252197e-01  2.363080169994100e-01  8.860842800252197e-01  2.500685259339038e-03  8.860842800252197e-01  1.168289028725367e+00  8.860842800252197e-01  1.730912942481994e-01  8.860842800252197e-01  1.172626194920493e-03 
 8.900842800252197e-01  1.252516488481322e+00  8.900842800252197e-01  1.592179351832124e+00  8.900842800252197e-01  6.049560213470900e-01  8.900842800252197e-01  2.364324907766889e-01  8.900842800252197e-01  2.503610270458305e-03  8.900842800252197e-01  1.169537758122096e+00  8.900842800252197e-01  1.729165021543877e-01  8.900842800252197e-01  1.169640089786094e-03 
 8.940842800252197e-01  1.251771913237791e+00  8.940842800252197e-01  1.592939557480691e+00  8.940842800252197e-01  6.037053786844478e-01  8.940842800252197e-01  2.365569460705273e-01  8.940842800252197e-01  2.506534465664263e-03  8.940842800252197e-01  1.170786202560675e+00  8.940842800252197e-01  1.727414902818700e-01  8.940842800252197e-01  1.166654489410251e-03 
 8.980842800252197e-01  1.251027547175677e+00  8.980842800252197e-01  1.593699633292440e+00  8.980842800252197e-01  6.024550424756460e-01  8.980842800252197e-01  2.366813834717956e-01  8.980842800252197e-01  2.509457839345027e-03  8.980842800252197e-01  1.172034360067315e+00  8.980842800252197e-01  1.725662579691051e-01  8.980842800252197e-01  1.163669398589241e-03 
 9.020842800252197e-01  1.250283391711537e+00  9.020842800252197e-01  1.594459577920769e+00  9.020842800252197e-01  6.012050153687436e-01  9.020842800252197e-01  2.368058035789501e-01  9.020842800252197e-01  2.512380385937354e-03  9.020842800252197e-01  1.173282228582306e+00  9.020842800252197e-01  1.723908045782384e-01  9.020842800252197e-01  1.160684822606482e-03 
 9.060842800252197e-01  1.249539448286616e+00  9.060842800252197e-01  1.595219390074580e+00  9.060842800252197e-01  5.999553000439599e-01  9.060842800252197e-01  2.369302069927330e-01  9.060842800252197e-01  2.515302099780974e-03  9.060842800252197e-01  1.174529806075000e+00  9.060842800252197e-01  1.722151294557112e-01  9.060842800252197e-01  1.157700766527403e-03 
 9.100842800252197e-01  1.248795718358712e+00  9.100842800252197e-01  1.595979068477724e+00  9.100842800252197e-01  5.987058992083085e-01  9.100842800252197e-01  2.370545943174413e-01  9.100842800252197e-01  2.518222975150649e-03  9.100842800252197e-01  1.175777090517740e+00  9.100842800252197e-01  1.720392319410835e-01  9.100842800252197e-01  1.154717235358654e-03 
 9.140842800252197e-01  1.248052203380428e+00  9.140842800252197e-01  1.596738611762919e+00  9.140842800252197e-01  5.974568155809357e-01  9.140842800252197e-01  2.371789661641554e-01  9.140842800252197e-01  2.521143006341488e-03  9.140842800252197e-01  1.177024079817976e+00  9.140842800252197e-01  1.718631113904369e-01  9.140842800252197e-01  1.151734234464787e-03 
 9.180842800252197e-01  1.247308904826638e+00  9.180842800252197e-01  1.597498018604127e+00  9.180842800252197e-01  5.962080519121095e-01  9.180842800252197e-01  2.373033231468489e-01  9.180842800252197e-01  2.524062187561195e-03  9.180842800252197e-01  1.178270771902897e+00  9.180842800252197e-01  1.716867671471807e-01  9.180842800252197e-01  1.148751769048274e-03 
 9.220842800252197e-01  1.246565824189252e+00  9.220842800252197e-01  1.598257287690312e+00  9.220842800252197e-01  5.949596109798527e-01  9.220842800252197e-01  2.374276658832316e-01  9.220842800252197e-01  2.526980512950551e-03  9.220842800252197e-01  1.179517164702549e+00  9.220842800252197e-01  1.715101985477777e-01  9.220842800252197e-01  1.145769844252686e-03 
 9.260842800252197e-01  1.245822962955496e+00  9.260842800252197e-01  1.599016417619742e+00  9.260842800252197e-01  5.937114955753011e-01  9.260842800252197e-01  2.375519949979781e-01  9.260842800252197e-01  2.529897976668690e-03  9.260842800252197e-01  1.180763256082294e+00  9.260842800252197e-01  1.713334049451621e-01  9.260842800252197e-01  1.142788465577730e-03 
 9.300842800252197e-01  1.245080322643502e+00  9.300842800252197e-01  1.599775407071044e+00  9.300842800252197e-01  5.924637085272659e-01  9.300842800252197e-01  2.376763111176684e-01  9.300842800252197e-01  2.532814572753417e-03  9.300842800252197e-01  1.182009043951981e+00  9.300842800252197e-01  1.711563856708089e-01  9.300842800252197e-01  1.139807638207452e-03 
 9.340842800252197e-01  1.244337904766674e+00  9.340842800252197e-01  1.600534254630364e+00  9.340842800252197e-01  5.912162526780885e-01  9.340842800252197e-01  2.378006148760322e-01  9.340842800252197e-01  2.535730295261097e-03  9.340842800252197e-01  1.183254526155581e+00  9.340842800252197e-01  1.709791400730785e-01  9.340842800252197e-01  1.136827367689058e-03 
 9.380842800252197e-01  1.243595710864760e+00  9.380842800252197e-01  1.601292958940592e+00  9.380842800252197e-01  5.899691309051102e-01  9.380842800252197e-01  2.379249069095436e-01  9.380842800252197e-01  2.538645138144631e-03  9.380842800252197e-01  1.184499700566332e+00  9.380842800252197e-01  1.708016674840446e-01  9.380842800252197e-01  1.133847659346909e-03 
 9.420842800252197e-01  1.242853742477326e+00  9.420842800252197e-01  1.602051518572525e+00  9.420842800252197e-01  5.887223461027591e-01  9.420842800252197e-01  2.380491878613512e-01  9.420842800252197e-01  2.541559095357618e-03  9.420842800252197e-01  1.185744565004539e+00  9.420842800252197e-01  1.706239672481582e-01  9.420842800252197e-01  1.130868518788401e-03 
 9.460842800252197e-01  1.242112001165032e+00  9.460842800252197e-01  1.602809932126616e+00  9.460842800252197e-01  5.874759011973396e-01  9.460842800252197e-01  2.381734583782928e-01  9.460842800252197e-01  2.544472160770817e-03  9.460842800252197e-01  1.186989117302383e+00  9.460842800252197e-01  1.704460386995658e-01  9.460842800252197e-01  1.127889951504442e-03 
 9.500842800252197e-01  1.241370488501138e+00  9.500842800252197e-01  1.603568198191204e+00  9.500842800252197e-01  5.862297991414469e-01  9.500842800252197e-01  2.382977191122216e-01  9.500842800252197e-01  2.547384328205520e-03  9.500842800252197e-01  1.188233355277236e+00  9.500842800252197e-01  1.702678811713919e-01  9.500842800252197e-01  1.124911963033488e-03 
 9.540842800252197e-01  1.240629206071288e+00  9.540842800252197e-01  1.604326315340513e+00  9.540842800252197e-01  5.849840429140769e-01  9.540842800252197e-01  2.384219707201318e-01  9.540842800252197e-01  2.550295591434387e-03  9.540842800252197e-01  1.189477276730323e+00  9.540842800252197e-01  1.700894939961757e-01  9.540842800252197e-01  1.121934558969368e-03 
 9.580842800252197e-01  1.239888155463151e+00  9.580842800252197e-01  1.605084282084208e+00  9.580842800252197e-01  5.837386355137728e-01  9.580842800252197e-01  2.385462138657516e-01  9.580842800252197e-01  2.553205944222111e-03  9.580842800252197e-01  1.190720879414629e+00  9.580842800252197e-01  1.699108765172158e-01  9.580842800252197e-01  1.118957745159438e-03 
 9.620842800252197e-01  1.239147338294654e+00  9.620842800252197e-01  1.605842097002017e+00  9.620842800252197e-01  5.824935799781712e-01  9.620842800252197e-01  2.386704492155656e-01  9.620842800252197e-01  2.556115380214544e-03  9.620842800252197e-01  1.191964161120440e+00  9.620842800252197e-01  1.697320280583145e-01  9.620842800252197e-01  1.115981527175811e-03 
 9.660842800252197e-01  1.238406756187576e+00  9.660842800252197e-01  1.606599758616034e+00  9.660842800252197e-01  5.812488793662168e-01  9.660842800252197e-01  2.387946774427278e-01  9.660842800252197e-01  2.559023893042411e-03  9.660842800252197e-01  1.193207119594082e+00  9.660842800252197e-01  1.695529479524464e-01  9.660842800252197e-01  1.113005910816972e-03 
 9.700842800252197e-01  1.237666410778115e+00  9.700842800252197e-01  1.607357265440603e+00  9.700842800252197e-01  5.800045367656265e-01  9.700842800252197e-01  2.389188992256404e-01  9.700842800252197e-01  2.561931476279823e-03  9.700842800252197e-01  1.194449752569603e+00  9.700842800252197e-01  1.693736355305460e-01  9.700842800252197e-01  1.110030901911755e-03 
 9.740842800252197e-01  1.236926303716658e+00  9.740842800252197e-01  1.608114615980252e+00  9.740842800252197e-01  5.787605552929934e-01  9.740842800252197e-01  2.390431152480876e-01  9.740842800252197e-01  2.564838123445170e-03  9.740842800252197e-01  1.195692057767396e+00  9.740842800252197e-01  1.691940901219616e-01  9.740842800252197e-01  1.107056506327516e-03 
 9.780842800252197e-01  1.236186436667215e+00  9.780842800252197e-01  1.608871808726119e+00  9.780842800252197e-01  5.775169380936709e-01  9.780842800252197e-01  2.391673261994241e-01  9.780842800252197e-01  2.567743828003342e-03  9.780842800252197e-01  1.196934032891882e+00  9.780842800252197e-01  1.690143110552499e-01  9.780842800252197e-01  1.104082729984189e-03 
 9.820842800252197e-01  1.235446811309052e+00  9.820842800252197e-01  1.609628842162733e+00  9.820842800252197e-01  5.762736883431347e-01  9.820842800252197e-01  2.392915327744436e-01  9.820842800252197e-01  2.570648583359251e-03  9.820842800252197e-01  1.198175675635743e+00  9.820842800252197e-01  1.688342976566245e-01  9.820842800252197e-01  1.101109578827575e-03 
 9.860842800252198e-01  1.234707429331920e+00  9.860842800252198e-01  1.610385714744352e+00  9.860842800252198e-01  5.750308092440234e-01  9.860842800252198e-01  2.394157356741806e-01  9.860842800252198e-01  2.573552382876731e-03  9.860842800252198e-01  1.199416983664894e+00  9.860842800252198e-01  1.686540492553230e-01  9.860842800252198e-01  1.098137058922384e-03 
 9.900842800252198e-01  1.233968292443850e+00  9.900842800252198e-01  1.611142424931203e+00  9.900842800252198e-01  5.737883040317080e-01  9.900842800252198e-01  2.395399356048897e-01  9.900842800252198e-01  2.576455219847743e-03  9.900842800252198e-01  1.200657954641373e+00  9.900842800252198e-01  1.684735651753649e-01  9.900842800252198e-01  1.095165176309783e-03 
 9.940842800252198e-01  1.233229402363557e+00  9.940842800252198e-01  1.611898971152266e+00  9.940842800252198e-01  5.725461759694068e-01  9.940842800252198e-01  2.396641332792584e-01  9.940842800252198e-01  2.579357087522360e-03  9.940842800252198e-01  1.201898586199728e+00  9.940842800252198e-01  1.682928447440070e-01  9.940842800252198e-01  1.092193937153663e-03 
 9.980842800252198e-01  1.232490760832611e+00  9.980842800252198e-01  1.612655351862264e+00  9.980842800252198e-01  5.713044283567592e-01  9.980842800252198e-01  2.397883294147600e-01  9.980842800252198e-01  2.582257979060808e-03  9.980842800252198e-01  1.203138875983015e+00  9.980842800252198e-01  1.681118872787360e-01  9.980842800252198e-01  1.089223347516776e-03 
 1.002084280025220e+00  1.231752369599688e+00  1.002084280025220e+00  1.613411565465624e+00  1.002084280025220e+00  5.700630645193789e-01  1.002084280025220e+00  2.399125247360445e-01  1.002084280025220e+00  2.585157887595490e-03  1.002084280025220e+00  1.204378821594633e+00  1.002084280025220e+00  1.679306921045973e-01  1.002084280025220e+00  1.086253413659330e-03 
 1.006084280025220e+00  1.231014230425677e+00  1.006084280025220e+00  1.614167610339978e+00  1.006084280025220e+00  5.688220878126241e-01  1.006084280025220e+00  2.400367199743138e-01  1.006084280025220e+00  2.588056806210779e-03  1.006084280025220e+00  1.205618420613183e+00  1.006084280025220e+00  1.677492585488724e-01  1.006084280025220e+00  1.083284141946803e-03 
 1.010084280025220e+00  1.230276345092132e+00  1.010084280025220e+00  1.614923484875156e+00  1.010084280025220e+00  5.675815016276659e-01  1.010084280025220e+00  2.401609158662262e-01  1.010084280025220e+00  2.590954727909940e-03  1.010084280025220e+00  1.206857670617033e+00  1.010084280025220e+00  1.675675859321246e-01  1.010084280025220e+00  1.080315538696657e-03 
 1.014084280025220e+00  1.229538715401243e+00  1.014084280025220e+00  1.615679187471982e+00  1.014084280025220e+00  5.663413093917621e-01  1.014084280025220e+00  2.402851131540194e-01  1.014084280025220e+00  2.593851645615164e-03  1.014084280025220e+00  1.208096569183453e+00  1.014084280025220e+00  1.673856735684288e-01  1.014084280025220e+00  1.077347610183201e-03 
 1.018084280025220e+00  1.228801343156197e+00  1.018084280025220e+00  1.616434716448109e+00  1.018084280025220e+00  5.651015145551829e-01  1.018084280025220e+00  2.404093125884613e-01  1.018084280025220e+00  2.596747552244746e-03  1.018084280025220e+00  1.209335113829179e+00  1.018084280025220e+00  1.672035207870178e-01  1.018084280025220e+00  1.074380363007320e-03 
 1.022084280025220e+00  1.228064230192657e+00  1.022084280025220e+00  1.617190070186176e+00  1.022084280025220e+00  5.638621206129663e-01  1.022084280025220e+00  2.405335149244405e-01  1.022084280025220e+00  2.599642440589407e-03  1.022084280025220e+00  1.210573302103787e+00  1.022084280025220e+00  1.670211268981961e-01  1.022084280025220e+00  1.071413803514652e-03 
 1.026084280025220e+00  1.227327378343531e+00  1.026084280025220e+00  1.617945246965879e+00  1.026084280025220e+00  5.626231310812435e-01  1.026084280025220e+00  2.406577209261657e-01  1.026084280025220e+00  2.602536303450726e-03  1.026084280025220e+00  1.211811131483801e+00  1.026084280025220e+00  1.668384912320252e-01  1.026084280025220e+00  1.068447938455109e-03 
 1.030084280025220e+00  1.226590789478621e+00  1.030084280025220e+00  1.618700245150474e+00  1.030084280025220e+00  5.613845495245574e-01  1.030084280025220e+00  2.407819313615839e-01  1.030084280025220e+00  2.605429133485341e-03  1.030084280025220e+00  1.213048599490116e+00  1.030084280025220e+00  1.666556130952717e-01  1.030084280025220e+00  1.065482774250401e-03 
 1.034084280025220e+00  1.225854465467973e+00  1.034084280025220e+00  1.619455063012331e+00  1.034084280025220e+00  5.601463795312345e-01  1.034084280025220e+00  2.409061470077883e-01  1.034084280025220e+00  2.608320923348978e-03  1.034084280025220e+00  1.214285703578081e+00  1.034084280025220e+00  1.664724918116975e-01  1.034084280025220e+00  1.062518317679108e-03 
 1.038084280025220e+00  1.225118408201806e+00  1.038084280025220e+00  1.620209698826137e+00  1.038084280025220e+00  5.589086247272812e-01  1.038084280025220e+00  2.410303686482789e-01  1.038084280025220e+00  2.611211665618107e-03  1.038084280025220e+00  1.215522441196156e+00  1.038084280025220e+00  1.662891267005355e-01  1.038084280025220e+00  1.059554575510719e-03 
 1.042084280025220e+00  1.224382619594869e+00  1.042084280025220e+00  1.620964150888122e+00  1.042084280025220e+00  5.576712887796971e-01  1.042084280025220e+00  2.411545970724716e-01  1.042084280025220e+00  2.614101352772883e-03  1.042084280025220e+00  1.216758809797898e+00  1.042084280025220e+00  1.661055170719732e-01  1.042084280025220e+00  1.056591554430129e-03 
 1.046084280025220e+00  1.223647101566918e+00  1.046084280025220e+00  1.621718417422979e+00  1.046084280025220e+00  5.564343753835155e-01  1.046084280025220e+00  2.412788330786406e-01  1.046084280025220e+00  2.616989977273774e-03  1.046084280025220e+00  1.217994806783399e+00  1.046084280025220e+00  1.659216622487795e-01  1.046084280025220e+00  1.053629261403043e-03 
 1.050084280025220e+00  1.222911856064895e+00  1.050084280025220e+00  1.622472496687127e+00  1.050084280025220e+00  5.551978882772537e-01  1.050084280025220e+00  2.414030774708682e-01  1.050084280025220e+00  2.619877531474495e-03  1.050084280025220e+00  1.219230429564131e+00  1.050084280025220e+00  1.657375615422935e-01  1.050084280025220e+00  1.050667703270671e-03 
 1.054084280025220e+00  1.222176885044710e+00  1.054084280025220e+00  1.623226386881841e+00  1.054084280025220e+00  5.539618312308696e-01  1.054084280025220e+00  2.415273310618025e-01  1.054084280025220e+00  2.622764007693520e-03  1.054084280025220e+00  1.220465675508324e+00  1.054084280025220e+00  1.655532142726456e-01  1.054084280025220e+00  1.047706887090661e-03 
 1.058084280025220e+00  1.221442190487312e+00  1.058084280025220e+00  1.623980086227548e+00  1.058084280025220e+00  5.527262080570493e-01  1.058084280025220e+00  2.416515946704914e-01  1.058084280025220e+00  2.625649398151022e-03  1.058084280025220e+00  1.221700541987536e+00  1.058084280025220e+00  1.653686197514216e-01  1.058084280025220e+00  1.044746819845480e-03 
 1.062084280025220e+00  1.220707774387406e+00  1.062084280025220e+00  1.624733592909655e+00  1.062084280025220e+00  5.514910226039035e-01  1.062084280025220e+00  2.417758691241470e-01  1.062084280025220e+00  2.628533695013132e-03  1.062084280025220e+00  1.222935026342613e+00  1.062084280025220e+00  1.651837772943046e-01  1.062084280025220e+00  1.041787508655074e-03 
 1.066084280025220e+00  1.219973638757374e+00  1.066084280025220e+00  1.625486905095713e+00  1.066084280025220e+00  5.502562787579977e-01  1.066084280025220e+00  2.419001552577288e-01  1.066084280025220e+00  2.631416890376534e-03  1.066084280025220e+00  1.224169125894405e+00  1.066084280025220e+00  1.649986862170740e-01  1.066084280025220e+00  1.038828960709504e-03 
 1.070084280025220e+00  1.219239785632471e+00  1.070084280025220e+00  1.626240020958505e+00  1.070084280025220e+00  5.490219804482652e-01  1.070084280025220e+00  2.420244539133462e-01  1.070084280025220e+00  2.634298976248104e-03  1.070084280025220e+00  1.225402837958148e+00  1.070084280025220e+00  1.648133458301634e-01  1.070084280025220e+00  1.035871183178258e-03 
 1.074084280025220e+00  1.218506217058178e+00  1.074084280025220e+00  1.626992938615631e+00  1.074084280025220e+00  5.477881316377944e-01  1.074084280025220e+00  2.421487659422288e-01  1.074084280025220e+00  2.637179944594577e-03  1.074084280025220e+00  1.226636159805611e+00  1.074084280025220e+00  1.646277554528748e-01  1.074084280025220e+00  1.032914183447537e-03 
 1.078084280025220e+00  1.217772935102867e+00  1.078084280025220e+00  1.627745656187416e+00  1.078084280025220e+00  5.465547363328215e-01  1.078084280025220e+00  2.422730922030560e-01  1.078084280025220e+00  2.640059787292771e-03  1.078084280025220e+00  1.227869088701276e+00  1.078084280025220e+00  1.644419143997600e-01  1.078084280025220e+00  1.029957968892809e-03 
 1.082084280025220e+00  1.217039941855557e+00  1.082084280025220e+00  1.628498171785217e+00  1.082084280025220e+00  5.453217985816013e-01  1.082084280025220e+00  2.423974335624380e-01  1.082084280025220e+00  2.642938496138367e-03  1.082084280025220e+00  1.229101621894943e+00  1.082084280025220e+00  1.642558219833482e-01  1.082084280025220e+00  1.027002546924738e-03 
 1.086084280025220e+00  1.216307239423319e+00  1.086084280025220e+00  1.629250483497833e+00  1.086084280025220e+00  5.440893224730501e-01  1.086084280025220e+00  2.425217908954478e-01  1.086084280025220e+00  2.645816062856244e-03  1.086084280025220e+00  1.230333756613185e+00  1.086084280025220e+00  1.640694775173526e-01  1.086084280025220e+00  1.024047925042578e-03 
 1.090084280025220e+00  1.215574829932403e+00  1.090084280025220e+00  1.630002589395579e+00  1.090084280025220e+00  5.428573121379053e-01  1.090084280025220e+00  2.426461650856181e-01  1.090084280025220e+00  2.648692479095883e-03  1.090084280025220e+00  1.231565490061828e+00  1.090084280025220e+00  1.638828803157087e-01  1.090084280025220e+00  1.021094110818120e-03 
 1.094084280025220e+00  1.214842715529762e+00  1.094084280025220e+00  1.630754487535911e+00  1.094084280025220e+00  5.416257717501938e-01  1.094084280025220e+00  2.427705570248856e-01  1.094084280025220e+00  2.651567736425488e-03  1.094084280025220e+00  1.232796819429412e+00  1.094084280025220e+00  1.636960296912410e-01  1.094084280025220e+00  1.018141111873692e-03 
 1.098084280025220e+00  1.214110898377160e+00  1.098084280025220e+00  1.631506175934767e+00  1.098084280025220e+00  5.403947055236360e-01  1.098084280025220e+00  2.428949676146048e-01  1.098084280025220e+00  2.654441826355085e-03  1.098084280025220e+00  1.234027741869270e+00  1.098084280025220e+00  1.635089249624818e-01  1.098084280025220e+00  1.015188935994612e-03 
 1.102084280025220e+00  1.213379380659252e+00  1.102084280025220e+00  1.632257652602726e+00  1.102084280025220e+00  5.391641177175742e-01  1.102084280025220e+00  2.430193977645552e-01  1.102084280025220e+00  2.657314740304829e-03  1.102084280025220e+00  1.235258254522017e+00  1.102084280025220e+00  1.633215654450866e-01  1.102084280025220e+00  1.012237590987288e-03 
 1.106084280025220e+00  1.212648164587908e+00  1.106084280025220e+00  1.633008915563681e+00  1.106084280025220e+00  5.379340126403209e-01  1.106084280025220e+00  2.431438483924903e-01  1.106084280025220e+00  2.660186469587959e-03  1.106084280025220e+00  1.236488354527076e+00  1.106084280025220e+00  1.631339504473306e-01  1.106084280025220e+00  1.009287084605755e-03 
 1.110084280025220e+00  1.211917252382297e+00  1.110084280025220e+00  1.633759962760887e+00  1.110084280025220e+00  5.367043946361073e-01  1.110084280025220e+00  2.432683204271718e-01  1.110084280025220e+00  2.663057005489048e-03  1.110084280025220e+00  1.237718038964181e+00  1.110084280025220e+00  1.629460792925791e-01  1.110084280025220e+00  1.006337424920786e-03 
 1.114084280025220e+00  1.211186646294615e+00  1.114084280025220e+00  1.634510792174998e+00  1.114084280025220e+00  5.354752681029759e-01  1.114084280025220e+00  2.433928148048527e-01  1.114084280025220e+00  2.665926339162974e-03  1.114084280025220e+00  1.238947304926726e+00  1.114084280025220e+00  1.627579512910600e-01  1.114084280025220e+00  1.003388619856225e-03 
 1.118084280025220e+00  1.210456348593462e+00  1.118084280025220e+00  1.635261401745457e+00  1.118084280025220e+00  5.342466374819606e-01  1.118084280025220e+00  2.435173324718421e-01  1.118084280025220e+00  2.668794461700187e-03  1.118084280025220e+00  1.240176149472830e+00  1.118084280025220e+00  1.625695657586670e-01  1.118084280025220e+00  1.000440677497774e-03 
 1.122084280025220e+00  1.209726361564053e+00  1.122084280025220e+00  1.636011789370022e+00  1.122084280025220e+00  5.330185072576999e-01  1.122084280025220e+00  2.436418743846574e-01  1.122084280025220e+00  2.671661364125891e-03  1.122084280025220e+00  1.241404569625014e+00  1.122084280025220e+00  1.623809220171225e-01  1.122084280025220e+00  9.974936060948474e-04 
 1.126084280025220e+00  1.208996687523614e+00  1.126084280025220e+00  1.636761952974514e+00  1.126084280025220e+00  5.317908819693392e-01  1.126084280025220e+00  2.437664415079988e-01  1.126084280025220e+00  2.674527037339579e-03  1.126084280025220e+00  1.242632562413419e+00  1.126084280025220e+00  1.621920193771822e-01  1.126084280025220e+00  9.945474137866071e-04 
 1.130084280025220e+00  1.208267328804747e+00  1.130084280025220e+00  1.637511890434380e+00  1.130084280025220e+00  5.305637661997372e-01  1.130084280025220e+00  2.438910348173240e-01  1.130084280025220e+00  2.677391472180331e-03  1.130084280025220e+00  1.243860124827072e+00  1.130084280025220e+00  1.620028571575166e-01  1.130084280025220e+00  9.916021089100590e-04 
 1.134084280025220e+00  1.207538287756967e+00  1.134084280025220e+00  1.638261599580332e+00  1.134084280025220e+00  5.293371645769918e-01  1.134084280025220e+00  2.440156552988194e-01  1.134084280025220e+00  2.680254659420804e-03  1.134084280025220e+00  1.245087253817377e+00  1.134084280025220e+00  1.618134346834133e-01  1.134084280025220e+00  9.886576999779172e-04 
 1.138084280025220e+00  1.206809566761987e+00  1.138084280025220e+00  1.639011078267253e+00  1.138084280025220e+00  5.281110817853029e-01  1.138084280025220e+00  2.441403039474003e-01  1.138084280025220e+00  2.683116589707252e-03  1.138084280025220e+00  1.246313946340728e+00  1.138084280025220e+00  1.616237512701038e-01  1.138084280025220e+00  9.857141954079281e-04 
 1.142084280025220e+00  1.206081168223056e+00  1.142084280025220e+00  1.639760324323407e+00  1.142084280025220e+00  5.268855225582247e-01  1.142084280025220e+00  2.442649817684342e-01  1.142084280025220e+00  2.685977253601268e-03  1.142084280025220e+00  1.247540199326966e+00  1.142084280025220e+00  1.614338062350281e-01  1.142084280025220e+00  9.827716037223860e-04 
 1.146084280025220e+00  1.205353094560917e+00  1.146084280025220e+00  1.640509335530271e+00  1.146084280025220e+00  5.256604916764709e-01  1.146084280025220e+00  2.443896897785270e-01  1.146084280025220e+00  2.688836641595847e-03  1.146084280025220e+00  1.248766009666872e+00  1.146084280025220e+00  1.612435989027681e-01  1.146084280025220e+00  9.798299336273310e-04 
 1.150084280025220e+00  1.204625348226725e+00  1.150084280025220e+00  1.641258109680379e+00  1.150084280025220e+00  5.244359939771551e-01  1.150084280025220e+00  2.445144290038646e-01  1.150084280025220e+00  2.691694744064443e-03  1.150084280025220e+00  1.249991374247873e+00  1.150084280025220e+00  1.610531285909929e-01  1.150084280025220e+00  9.768891937853969e-04 
 1.154084280025220e+00  1.203897931686112e+00  1.154084280025220e+00  1.642006644502398e+00  1.154084280025220e+00  5.232120343435477e-01  1.154084280025220e+00  2.446392004827115e-01  1.154084280025220e+00  2.694551551323712e-03  1.154084280025220e+00  1.251216289907697e+00  1.154084280025220e+00  1.608623946287150e-01  1.154084280025220e+00  9.739493931100174e-04 
 1.158084280025220e+00  1.203170847439555e+00  1.158084280025220e+00  1.642754937753003e+00  1.158084280025220e+00  5.219886177193815e-01  1.158084280025220e+00  2.447640052626933e-01  1.158084280025220e+00  2.697407053553431e-03  1.158084280025220e+00  1.252440753491032e+00  1.158084280025220e+00  1.606713963338887e-01  1.158084280025220e+00  9.710105404046505e-04 
 1.162084280025220e+00  1.202444098001742e+00  1.162084280025220e+00  1.643502987120451e+00  1.162084280025220e+00  5.207657490954549e-01  1.162084280025220e+00  2.448888444039737e-01  1.162084280025220e+00  2.700261240877602e-03  1.162084280025220e+00  1.253664761789983e+00  1.162084280025220e+00  1.604801330369718e-01  1.162084280025220e+00  9.680726447414481e-04 
 1.166084280025220e+00  1.201717685916041e+00  1.166084280025220e+00  1.644250790289399e+00  1.166084280025220e+00  5.195434335199522e-01  1.166084280025220e+00  2.450137189773912e-01  1.166084280025220e+00  2.703114103307581e-03  1.166084280025220e+00  1.254888311583990e+00  1.166084280025220e+00  1.602886040651051e-01  1.166084280025220e+00  9.651357152067109e-04 
 1.170084280025220e+00  1.200991613755821e+00  1.170084280025220e+00  1.644998344944930e+00  1.170084280025220e+00  5.183216760999071e-01  1.170084280025220e+00  2.451386300644874e-01  1.170084280025220e+00  2.705965630736849e-03  1.170084280025220e+00  1.256111399642218e+00  1.170084280025220e+00  1.600968087410879e-01  1.170084280025220e+00  9.621997608850665e-04 
 1.174084280025220e+00  1.200265884111842e+00  1.174084280025220e+00  1.645745648713286e+00  1.174084280025220e+00  5.171004819932564e-01  1.174084280025220e+00  2.452635787595444e-01  1.174084280025220e+00  2.708815812990664e-03  1.174084280025220e+00  1.257334022687025e+00  1.174084280025220e+00  1.599047463979661e-01  1.174084280025220e+00  9.592647910922443e-04 
 1.178084280025220e+00  1.199540499605618e+00  1.178084280025220e+00  1.646492699221101e+00  1.178084280025220e+00  5.158798564184387e-01  1.178084280025220e+00  2.453885661678878e-01  1.178084280025220e+00  2.711664639773446e-03  1.178084280025220e+00  1.258556177430352e+00  1.178084280025220e+00  1.597124163644809e-01  1.178084280025220e+00  9.563308151424420e-04 
 1.182084280025220e+00  1.198815462882308e+00  1.182084280025220e+00  1.647239494061145e+00  1.182084280025220e+00  5.146598046501890e-01  1.182084280025220e+00  2.455135934071403e-01  1.182084280025220e+00  2.714512100696780e-03  1.182084280025220e+00  1.259777860552606e+00  1.182084280025220e+00  1.595198179735141e-01  1.182084280025220e+00  9.533978424828599e-04 
 1.186084280025220e+00  1.198090776610205e+00  1.186084280025220e+00  1.647986030788180e+00  1.186084280025220e+00  5.134403320197974e-01  1.186084280025220e+00  2.456386616075264e-01  1.186084280025220e+00  2.717358185281407e-03  1.186084280025220e+00  1.260999068700069e+00  1.186084280025220e+00  1.593269505631561e-01  1.186084280025220e+00  9.504658827099934e-04 
 1.190084280025220e+00  1.197366443492230e+00  1.190084280025220e+00  1.648732306969432e+00  1.190084280025220e+00  5.122214439234707e-01  1.190084280025220e+00  2.457637719104581e-01  1.190084280025220e+00  2.720202882912034e-03  1.190084280025220e+00  1.262219798515811e+00  1.190084280025220e+00  1.591338134642042e-01  1.190084280025220e+00  9.475349453713668e-04 
 1.194084280025220e+00  1.196642466247055e+00  1.194084280025220e+00  1.649478320096910e+00  1.194084280025220e+00  5.110031458102162e-01  1.194084280025220e+00  2.458889254714889e-01  1.194084280025220e+00  2.723046182911539e-03  1.194084280025220e+00  1.263440046585872e+00  1.194084280025220e+00  1.589404060219380e-01  1.194084280025220e+00  9.446050403099700e-04 
 1.198084280025220e+00  1.195918847633995e+00  1.198084280025220e+00  1.650224067698496e+00  1.198084280025220e+00  5.097854431992631e-01  1.198084280025220e+00  2.460141234569798e-01  1.198084280025220e+00  2.725888074443164e-03  1.198084280025220e+00  1.264659809507268e+00  1.198084280025220e+00  1.587467275685290e-01  1.198084280025220e+00  9.416761772278810e-04 
 1.202084280025220e+00  1.195195590432013e+00  1.202084280025220e+00  1.650969547240724e+00  1.202084280025220e+00  5.085683416665414e-01  1.202084280025220e+00  2.461393670473654e-01  1.202084280025220e+00  2.728728546593000e-03  1.202084280025220e+00  1.265879083828378e+00  1.202084280025220e+00  1.585527774472288e-01  1.202084280025220e+00  9.387483660681578e-04 
 1.206084280025220e+00  1.194472697444855e+00  1.206084280025220e+00  1.651714756150179e+00  1.206084280025220e+00  5.073518468487929e-01  1.206084280025220e+00  2.462646574366668e-01  1.206084280025220e+00  2.731567588349793e-03  1.206084280025220e+00  1.267097866062043e+00  1.206084280025220e+00  1.583585550071108e-01  1.206084280025220e+00  9.358216169307747e-04 
 1.210084280025220e+00  1.193750171509423e+00  1.210084280025220e+00  1.652459691849508e+00  1.210084280025220e+00  5.061359644498873e-01  1.210084280025220e+00  2.463899958315456e-01  1.210084280025220e+00  2.734405188572101e-03  1.210084280025220e+00  1.268316152707521e+00  1.210084280025220e+00  1.581640595940881e-01  1.210084280025220e+00  9.328959399311527e-04 
 1.214084280025220e+00  1.193028015494655e+00  1.214084280025220e+00  1.653204351750130e+00  1.214084280025220e+00  5.049207002407210e-01  1.214084280025220e+00  2.465153834517228e-01  1.214084280025220e+00  2.737241335992633e-03  1.214084280025220e+00  1.269533940245940e+00  1.214084280025220e+00  1.579692905527216e-01  1.214084280025220e+00  9.299713452288905e-04 
 1.218084280025220e+00  1.192306232295558e+00  1.218084280025220e+00  1.653948733223346e+00  1.218084280025220e+00  5.037060600558833e-01  1.218084280025220e+00  2.466408215311008e-01  1.218084280025220e+00  2.740076019241739e-03  1.218084280025220e+00  1.270751225122600e+00  1.218084280025220e+00  1.577742472334795e-01  1.218084280025220e+00  9.270478431411171e-04 
 1.222084280025220e+00  1.191584824831509e+00  1.222084280025220e+00  1.654692833590644e+00  1.222084280025220e+00  5.024920497932173e-01  1.222084280025220e+00  2.467663113182755e-01  1.222084280025220e+00  2.742909226854054e-03  1.222084280025220e+00  1.271968003741053e+00  1.222084280025220e+00  1.575789289952451e-01  1.222084280025220e+00  9.241254441806500e-04 
 1.226084280025220e+00  1.190863796055424e+00  1.226084280025220e+00  1.655436650162986e+00  1.226084280025220e+00  5.012786754206887e-01  1.226084280025220e+00  2.468918540754905e-01  1.226084280025220e+00  2.745740947232494e-03  1.226084280025220e+00  1.273184272487009e+00  1.226084280025220e+00  1.573833351954634e-01  1.226084280025220e+00  9.212041589016793e-04 
 1.230084280025220e+00  1.190143148951376e+00  1.230084280025220e+00  1.656180180227906e+00  1.230084280025220e+00  5.000659429754939e-01  1.230084280025220e+00  2.470174510792536e-01  1.230084280025220e+00  2.748571168657592e-03  1.230084280025220e+00  1.274400027720396e+00  1.230084280025220e+00  1.571874651933932e-01  1.230084280025220e+00  9.182839979503952e-04 
 1.234084280025220e+00  1.189422886537769e+00  1.234084280025220e+00  1.656923421061631e+00  1.234084280025220e+00  4.988538585669249e-01  1.234084280025220e+00  2.471431036201639e-01  1.234084280025220e+00  2.751399879275082e-03  1.234084280025220e+00  1.275615265782666e+00  1.234084280025220e+00  1.569913183470554e-01  1.234084280025220e+00  9.153649720174722e-04 
 1.238084280025220e+00  1.188703011859102e+00  1.238084280025220e+00  1.657666369889762e+00  1.238084280025220e+00  4.976424283715704e-01  1.238084280025220e+00  2.472688130043766e-01  1.238084280025220e+00  2.754227067128200e-03  1.238084280025220e+00  1.276829982972840e+00  1.238084280025220e+00  1.567948940232163e-01  1.238084280025220e+00  9.124470919924212e-04 
 1.242084280025220e+00  1.187983527986696e+00  1.242084280025220e+00  1.658409023888734e+00  1.242084280025220e+00  4.964316586345568e-01  1.242084280025220e+00  2.473945805537925e-01  1.242084280025220e+00  2.757052720154865e-03  1.242084280025220e+00  1.278044175548399e+00  1.242084280025220e+00  1.565981915971016e-01  1.242084280025220e+00  9.095303689578792e-04 
 1.246084280025220e+00  1.187264438036002e+00  1.246084280025220e+00  1.659151380260823e+00  1.246084280025220e+00  4.952215556819365e-01  1.246084280025220e+00  2.475204076038542e-01  1.246084280025220e+00  2.759876826119629e-03  1.246084280025220e+00  1.279257839770732e+00  1.246084280025220e+00  1.564012104333331e-01  1.246084280025220e+00  9.066148138950333e-04 
 1.250084280025220e+00  1.186545745146552e+00  1.250084280025220e+00  1.659893436142267e+00  1.250084280025220e+00  4.940121259079895e-01  1.250084280025220e+00  2.476462955067350e-01  1.250084280025220e+00  2.762699372692505e-03  1.250084280025220e+00  1.280470971849324e+00  1.250084280025220e+00  1.562039499093289e-01  1.250084280025220e+00  9.037004380444936e-04 
 1.254084280025220e+00  1.185827452490903e+00  1.254084280025220e+00  1.660635188640856e+00  1.254084280025220e+00  4.928033757820303e-01  1.254084280025220e+00  2.477722456303506e-01  1.254084280025220e+00  2.765520347413825e-03  1.254084280025220e+00  1.281683567964548e+00  1.254084280025220e+00  1.560064094057896e-01  1.254084280025220e+00  9.007872527585732e-04 
 1.258084280025220e+00  1.185109563271633e+00  1.258084280025220e+00  1.661376634820497e+00  1.258084280025220e+00  4.915953118471831e-01  1.258084280025220e+00  2.478982593590996e-01  1.258084280025220e+00  2.768339737705988e-03  1.258084280025220e+00  1.282895624258279e+00  1.258084280025220e+00  1.558085883107023e-01  1.258084280025220e+00  8.978752695620325e-04 
 1.262084280025220e+00  1.184392080738041e+00  1.262084280025220e+00  1.662117771773102e+00  1.262084280025220e+00  4.903879407323882e-01  1.262084280025220e+00  2.480243380917680e-01  1.262084280025220e+00  2.771157530807922e-03  1.262084280025220e+00  1.284107136877293e+00  1.262084280025220e+00  1.556104860009174e-01  1.262084280025220e+00  8.949644998696756e-04 
 1.266084280025220e+00  1.183675008157963e+00  1.266084280025220e+00  1.662858596490598e+00  1.266084280025220e+00  4.891812691343426e-01  1.266084280025220e+00  2.481504832459054e-01  1.266084280025220e+00  2.773973713885734e-03  1.266084280025220e+00  1.285318101895854e+00  1.266084280025220e+00  1.554121018750272e-01  1.266084280025220e+00  8.920549554889939e-04 
 1.270084280025220e+00  1.182958348844583e+00  1.270084280025220e+00  1.663599105982112e+00  1.270084280025220e+00  4.879753038362904e-01  1.270084280025220e+00  2.482766962542835e-01  1.270084280025220e+00  2.776788273927452e-03  1.270084280025220e+00  1.286528515386491e+00  1.270084280025220e+00  1.552134353233249e-01  1.270084280025220e+00  8.891466481600285e-04 
 1.274084280025220e+00  1.182242106141868e+00  1.274084280025220e+00  1.664339297206560e+00  1.274084280025220e+00  4.867700516991275e-01  1.274084280025220e+00  2.484029785673194e-01  1.274084280025220e+00  2.779601197800193e-03  1.274084280025220e+00  1.287738373379221e+00  1.274084280025220e+00  1.550144857451617e-01  1.274084280025220e+00  8.862395898200320e-04 
 1.278084280025220e+00  1.181526283425071e+00  1.278084280025220e+00  1.665079167072502e+00  1.278084280025220e+00  4.855655196625991e-01  1.278084280025220e+00  2.485293316533332e-01  1.278084280025220e+00  2.782412472248223e-03  1.278084280025220e+00  1.288947671861474e+00  1.278084280025220e+00  1.548152525490788e-01  1.278084280025220e+00  8.833337926040883e-04 
 1.282084280025220e+00  1.180810884112671e+00  1.282084280025220e+00  1.665818712488722e+00  1.282084280025220e+00  4.843617147541679e-01  1.282084280025220e+00  2.486557569971622e-01  1.282084280025220e+00  2.785222083846029e-03  1.282084280025220e+00  1.290156406808508e+00  1.282084280025220e+00  1.546157351397593e-01  1.282084280025220e+00  8.804292686464419e-04 
 1.286084280025220e+00  1.180095911654139e+00  1.286084280025220e+00  1.666557930307262e+00  1.286084280025220e+00  4.831586440817157e-01  1.286084280025220e+00  2.487822561022646e-01  1.286084280025220e+00  2.788030019046404e-03  1.286084280025220e+00  1.291364574149065e+00  1.286084280025220e+00  1.544159329328225e-01  1.286084280025220e+00  8.775260303042638e-04 
 1.290084280025220e+00  1.179381369542841e+00  1.290084280025220e+00  1.667296817378152e+00  1.290084280025220e+00  4.819563148430871e-01  1.290084280025220e+00  2.489088304891999e-01  1.290084280025220e+00  2.790836264129708e-03  1.290084280025220e+00  1.292572169798234e+00  1.290084280025220e+00  1.542158453406590e-01  1.290084280025220e+00  8.746240899426701e-04 
 1.294084280025220e+00  1.178667261299775e+00  1.294084280025220e+00  1.668035370474911e+00  1.294084280025220e+00  4.807547343161154e-01  1.294084280025220e+00  2.490354816983306e-01  1.294084280025220e+00  2.793640805267833e-03  1.294084280025220e+00  1.293779189612678e+00  1.294084280025220e+00  1.540154717918693e-01  1.294084280025220e+00  8.717234602273370e-04 
 1.298084280025220e+00  1.177953590489587e+00  1.298084280025220e+00  1.668773586362572e+00  1.298084280025220e+00  4.795539098702778e-01  1.298084280025220e+00  2.491622112878610e-01  1.298084280025220e+00  2.796443628461229e-03  1.298084280025220e+00  1.294985629431440e+00  1.298084280025220e+00  1.538148117136157e-01  1.298084280025220e+00  8.688241538572961e-04 
 1.302084280025220e+00  1.177240360715019e+00  1.302084280025220e+00  1.669511461770679e+00  1.302084280025220e+00  4.783538489639209e-01  1.302084280025220e+00  2.492890208349984e-01  1.302084280025220e+00  2.799244719560688e-03  1.302084280025220e+00  1.296191485059695e+00  1.302084280025220e+00  1.536138645386984e-01  1.302084280025220e+00  8.659261836710641e-04 
 1.306084280025220e+00  1.176527575615288e+00  1.306084280025220e+00  1.670248993383333e+00  1.306084280025220e+00  4.771545591441435e-01  1.306084280025220e+00  2.494159119365553e-01  1.306084280025220e+00  2.802044064273845e-03  1.306084280025220e+00  1.297396752262758e+00  1.306084280025220e+00  1.534126297082284e-01  1.306084280025220e+00  8.630295626856730e-04 
 1.310084280025220e+00  1.175815238872116e+00  1.310084280025220e+00  1.670986177863117e+00  1.310084280025220e+00  4.759560480517917e-01  1.310084280025220e+00  2.495428862084428e-01  1.310084280025220e+00  2.804841648141299e-03  1.310084280025220e+00  1.298601426780374e+00  1.310084280025220e+00  1.532111066654120e-01  1.310084280025220e+00  8.601343040027183e-04 
 1.314084280025220e+00  1.175103354208727e+00  1.314084280025220e+00  1.671723011843771e+00  1.314084280025220e+00  4.747583234217784e-01  1.314084280025220e+00  2.496699452861956e-01  1.314084280025220e+00  2.807637456540743e-03  1.314084280025220e+00  1.299805504322274e+00  1.314084280025220e+00  1.530092948575137e-01  1.314084280025220e+00  8.572404208371934e-04 
 1.318084280025220e+00  1.174391925377674e+00  1.318084280025220e+00  1.672459491874278e+00  1.318084280025220e+00  4.735613930759704e-01  1.318084280025220e+00  2.497970908271084e-01  1.318084280025220e+00  2.810431474734631e-03  1.318084280025220e+00  1.301008980534800e+00  1.318084280025220e+00  1.528071937506776e-01  1.318084280025220e+00  8.543479267369705e-04 
 1.322084280025220e+00  1.173680956188588e+00  1.322084280025220e+00  1.673195614537395e+00  1.322084280025220e+00  4.723652649427110e-01  1.322084280025220e+00  2.499243245066104e-01  1.322084280025220e+00  2.813223687761313e-03  1.322084280025220e+00  1.302211851071597e+00  1.322084280025220e+00  1.526048027987233e-01  1.322084280025220e+00  8.514568351174171e-04 
 1.326084280025220e+00  1.172970450478257e+00  1.326084280025220e+00  1.673931376316125e+00  1.326084280025220e+00  4.711699470378952e-01  1.326084280025220e+00  2.500516480229806e-01  1.326084280025220e+00  2.816014080552359e-03  1.326084280025220e+00  1.303414111513943e+00  1.326084280025220e+00  1.524021214784704e-01  1.326084280025220e+00  8.485671597856996e-04 
 1.330084280025220e+00  1.172260412134147e+00  1.330084280025220e+00  1.674666773693369e+00  1.330084280025220e+00  4.699754474817136e-01  1.330084280025220e+00  2.501790630943471e-01  1.330084280025220e+00  2.818802637840481e-03  1.330084280025220e+00  1.304615757430140e+00  1.330084280025220e+00  1.521991492634682e-01  1.330084280025220e+00  8.456789145494989e-04 
 1.334084280025220e+00  1.171550845080216e+00  1.334084280025220e+00  1.675401803087440e+00  1.334084280025220e+00  4.687817744902476e-01  1.334084280025220e+00  2.503065714611339e-01  1.334084280025220e+00  2.821589344214944e-03  1.334084280025220e+00  1.305816784337085e+00  1.334084280025220e+00  1.519958856411550e-01  1.334084280025220e+00  8.427921134702110e-04 
 1.338084280025220e+00  1.170841753293129e+00  1.338084280025220e+00  1.676136460919456e+00  1.338084280025220e+00  4.675889363873468e-01  1.338084280025220e+00  2.504341748841227e-01  1.338084280025220e+00  2.824374184058083e-03  1.338084280025220e+00  1.307017187740303e+00  1.338084280025220e+00  1.517923300950027e-01  1.338084280025220e+00  8.399067705983201e-04 
 1.342084280025220e+00  1.170133140782826e+00  1.342084280025220e+00  1.676870743525993e+00  1.342084280025220e+00  4.663969415927910e-01  1.342084280025220e+00  2.505618751476787e-01  1.342084280025220e+00  2.827157141621504e-03  1.342084280025220e+00  1.308216963082049e+00  1.342084280025220e+00  1.515884821278614e-01  1.342084280025220e+00  8.370229003164214e-04 
 1.346084280025220e+00  1.169425011610763e+00  1.346084280025220e+00  1.677604647235409e+00  1.346084280025220e+00  4.652057986355338e-01  1.346084280025220e+00  2.506896740575243e-01  1.346084280025220e+00  2.829938200954515e-03  1.346084280025220e+00  1.309416105786600e+00  1.346084280025220e+00  1.513843412416877e-01  1.346084280025220e+00  8.341405170394501e-04 
 1.350084280025220e+00  1.168717369874150e+00  1.350084280025220e+00  1.678338168296309e+00  1.350084280025220e+00  4.640155161443542e-01  1.350084280025220e+00  2.508175734434478e-01  1.350084280025220e+00  2.832717345966017e-03  1.350084280025220e+00  1.310614611217847e+00  1.350084280025220e+00  1.511799069567729e-01  1.350084280025220e+00  8.312596354957050e-04 
 1.354084280025220e+00  1.168010219727746e+00  1.354084280025220e+00  1.679071302969020e+00  1.354084280025220e+00  4.628261028634656e-01  1.354084280025220e+00  2.509455751565673e-01  1.354084280025220e+00  2.835494560338880e-03  1.354084280025220e+00  1.311812474733442e+00  1.354084280025220e+00  1.509751787872923e-01  1.354084280025220e+00  8.283802703674836e-04 
 1.358084280025220e+00  1.167303565365614e+00  1.358084280025220e+00  1.679804047443509e+00  1.358084280025220e+00  4.616375676415567e-01  1.358084280025220e+00  2.510736810724114e-01  1.358084280025220e+00  2.838269827601641e-03  1.358084280025220e+00  1.313009691636185e+00  1.358084280025220e+00  1.507701562634065e-01  1.358084280025220e+00  8.255024366135603e-04 
 1.362084280025220e+00  1.166597411030357e+00  1.362084280025220e+00  1.680536397876099e+00  1.362084280025220e+00  4.604499194390999e-01  1.362084280025220e+00  2.512018930900158e-01  1.362084280025220e+00  2.841043131092145e-03  1.362084280025220e+00  1.314206257195748e+00  1.362084280025220e+00  1.505648389214957e-01  1.362084280025220e+00  8.226261493248842e-04 
 1.366084280025220e+00  1.165891761005242e+00  1.366084280025220e+00  1.681268350352432e+00  1.366084280025220e+00  4.592631673243013e-01  1.366084280025220e+00  2.513302131335149e-01  1.366084280025220e+00  2.843814453988613e-03  1.366084280025220e+00  1.315402166626823e+00  1.366084280025220e+00  1.503592263142730e-01  1.366084280025220e+00  8.197514238701315e-04 
 1.370084280025220e+00  1.165186619630479e+00  1.370084280025220e+00  1.681999900954622e+00  1.370084280025220e+00  4.580773204851142e-01  1.370084280025220e+00  2.514586431502190e-01  1.370084280025220e+00  2.846583779245561e-03  1.370084280025220e+00  1.316597415128741e+00  1.370084280025220e+00  1.501533179927208e-01  1.370084280025220e+00  8.168782756319483e-04 
 1.374084280025220e+00  1.164481991292442e+00  1.374084280025220e+00  1.682731045711266e+00  1.374084280025220e+00  4.568923882232906e-01  1.374084280025220e+00  2.515871851126389e-01  1.374084280025220e+00  2.849351089636267e-03  1.374084280025220e+00  1.317791997855933e+00  1.374084280025220e+00  1.499471135196804e-01  1.374084280025220e+00  8.140067202032406e-04 
 1.378084280025220e+00  1.163777880423321e+00  1.378084280025220e+00  1.683461780592966e+00  1.378084280025220e+00  4.557083799553959e-01  1.378084280025220e+00  2.517158410189924e-01  1.378084280025220e+00  2.852116367754013e-03  1.378084280025220e+00  1.318985909915364e+00  1.378084280025220e+00  1.497406124712052e-01  1.378084280025220e+00  8.111367734048027e-04 
 1.382084280025220e+00  1.163074291505887e+00  1.382084280025220e+00  1.684192101529512e+00  1.382084280025220e+00  4.545253052172143e-01  1.382084280025220e+00  2.518446128929805e-01  1.382084280025220e+00  2.854879595993510e-03  1.382084280025220e+00  1.320179146376637e+00  1.382084280025220e+00  1.495338144320077e-01  1.382084280025220e+00  8.082684512178123e-04 
 1.386084280025220e+00  1.162371229074836e+00  1.386084280025220e+00  1.684922004412293e+00  1.386084280025220e+00  4.533431736658983e-01  1.386084280025220e+00  2.519735027840532e-01  1.386084280025220e+00  2.857640756545433e-03  1.386084280025220e+00  1.321371702273412e+00  1.386084280025220e+00  1.493267189948982e-01  1.386084280025220e+00  8.054017697743840e-04 
 1.390084280025220e+00  1.161668697718698e+00  1.390084280025220e+00  1.685651485099162e+00  1.390084280025220e+00  4.521619950825038e-01  1.390084280025220e+00  2.521025127676111e-01  1.390084280025220e+00  2.860399831389133e-03  1.390084280025220e+00  1.322563572606242e+00  1.390084280025220e+00  1.491193257595408e-01  1.390084280025220e+00  8.025367453384594e-04 
 1.394084280025220e+00  1.160966702074195e+00  1.394084280025220e+00  1.686380539386857e+00  1.394084280025220e+00  4.509817793695599e-01  1.394084280025220e+00  2.522316449463045e-01  1.394084280025220e+00  2.863156802314635e-03  1.394084280025220e+00  1.323754752326415e+00  1.394084280025220e+00  1.489116343401155e-01  1.394084280025220e+00  7.996733944141067e-04 
 1.398084280025220e+00  1.160265246827855e+00  1.398084280025220e+00  1.687109163014647e+00  1.398084280025220e+00  4.498025365534490e-01  1.398084280025220e+00  2.523609014502836e-01  1.398084280025220e+00  2.865911650916410e-03  1.398084280025220e+00  1.324945236338157e+00  1.398084280025220e+00  1.487036443644761e-01  1.398084280025220e+00  7.968117337312279e-04 
 1.402084280025220e+00  1.159564336722803e+00  1.402084280025220e+00  1.687837351689906e+00  1.402084280025220e+00  4.486242767902145e-01  1.402084280025220e+00  2.524902844366961e-01  1.402084280025220e+00  2.868664358566617e-03  1.402084280025220e+00  1.326135019513595e+00  1.402084280025220e+00  1.484953554672373e-01  1.402084280025220e+00  7.939517801450973e-04 
 1.406084280025220e+00  1.158863976556420e+00  1.406084280025220e+00  1.688565101074660e+00  1.406084280025220e+00  4.474470103653477e-01  1.406084280025220e+00  2.526197960905208e-01  1.406084280025220e+00  2.871414906424326e-03  1.406084280025220e+00  1.327324096684889e+00  1.406084280025220e+00  1.482867672935788e-01  1.406084280025220e+00  7.910935506892330e-04 
 1.410084280025220e+00  1.158164171179112e+00  1.410084280025220e+00  1.689292406776868e+00  1.410084280025220e+00  4.462707476943407e-01  1.410084280025220e+00  2.527494386252465e-01  1.410084280025220e+00  2.874163275440381e-03  1.410084280025220e+00  1.328512462639190e+00  1.410084280025220e+00  1.480778795017824e-01  1.410084280025220e+00  7.882370626096136e-04 
 1.414084280025220e+00  1.157464925497167e+00  1.414084280025220e+00  1.690019264359041e+00  1.414084280025220e+00  4.450954993259248e-01  1.414084280025220e+00  2.528792142829583e-01  1.414084280025220e+00  2.876909446346175e-03  1.414084280025220e+00  1.329700112123675e+00  1.414084280025220e+00  1.478686917609836e-01  1.414084280025220e+00  7.853823333308204e-04 
 1.418084280025220e+00  1.156766244467475e+00  1.418084280025220e+00  1.690745669312482e+00  1.418084280025220e+00  4.439212759399963e-01  1.418084280025220e+00  2.530091253356152e-01  1.418084280025220e+00  2.879653399674310e-03  1.418084280025220e+00  1.330887039830623e+00  1.418084280025220e+00  1.476592037584736e-01  1.418084280025220e+00  7.825293805572542e-04 
 1.422084280025220e+00  1.156068133115093e+00  1.422084280025220e+00  1.691471617128094e+00  1.422084280025220e+00  4.427480883605538e-01  1.422084280025220e+00  2.531391740829903e-01  1.422084280025220e+00  2.882395115689735e-03  1.422084280025220e+00  1.332073240438586e+00  1.422084280025220e+00  1.474494151801348e-01  1.422084280025220e+00  7.796782219950191e-04 
 1.426084280025220e+00  1.155370596509475e+00  1.426084280025220e+00  1.692197103192194e+00  1.426084280025220e+00  4.415759475414884e-01  1.426084280025220e+00  2.532693628566687e-01  1.426084280025220e+00  2.885134574483003e-03  1.426084280025220e+00  1.333258708551908e+00  1.426084280025220e+00  1.472393257395769e-01  1.426084280025220e+00  7.768288757610638e-04 
 1.430084280025220e+00  1.154673639782158e+00  1.430084280025220e+00  1.692922122857837e+00  1.430084280025220e+00  4.404048645796355e-01  1.430084280025220e+00  2.533996940179754e-01  1.430084280025220e+00  2.887871755900876e-03  1.430084280025220e+00  1.334443438742219e+00  1.430084280025220e+00  1.470289351584582e-01  1.430084280025220e+00  7.739813601031861e-04 
 1.434084280025220e+00  1.153977268132125e+00  1.434084280025220e+00  1.693646671463726e+00  1.434084280025220e+00  4.392348507197220e-01  1.434084280025220e+00  2.535301699577062e-01  1.434084280025220e+00  2.890606639525207e-03  1.434084280025220e+00  1.335627425559348e+00  1.434084280025220e+00  1.468182431612537e-01  1.434084280025220e+00  7.711356933255959e-04 
 1.438084280025220e+00  1.153281486801915e+00  1.438084280025220e+00  1.694370744229936e+00  1.438084280025220e+00  4.380659173401419e-01  1.438084280025220e+00  2.536607931001675e-01  1.438084280025220e+00  2.893339204766791e-03  1.438084280025220e+00  1.336810663471048e+00  1.438084280025220e+00  1.466072495046730e-01  1.438084280025220e+00  7.682918941986384e-04 
 1.442084280025220e+00  1.152586301106490e+00  1.442084280025220e+00  1.695094336375916e+00  1.442084280025220e+00  4.368980759733609e-01  1.442084280025220e+00  2.537915658994616e-01  1.442084280025220e+00  2.896069430752014e-03  1.442084280025220e+00  1.337993146931325e+00  1.442084280025220e+00  1.463959539447090e-01  1.442084280025220e+00  7.654499814952252e-04 
 1.446084280025220e+00  1.151891716414631e+00  1.446084280025220e+00  1.695817443038548e+00  1.446084280025220e+00  4.357313382951895e-01  1.446084280025220e+00  2.539224908427549e-01  1.446084280025220e+00  2.898797296395859e-03  1.446084280025220e+00  1.339174870333114e+00  1.446084280025220e+00  1.461843562598142e-01  1.446084280025220e+00  7.626099743126476e-04 
 1.450084280025220e+00  1.151197738161895e+00  1.450084280025220e+00  1.696540059322856e+00  1.450084280025220e+00  4.345657161347608e-01  1.450084280025220e+00  2.540535704489084e-01  1.450084280025220e+00  2.901522780351099e-03  1.450084280025220e+00  1.340355828037623e+00  1.450084280025220e+00  1.459724562367914e-01  1.450084280025220e+00  7.597718918735427e-04 
 1.454084280025220e+00  1.150504371841955e+00  1.454084280025220e+00  1.697262180262145e+00  1.454084280025220e+00  4.334012214703499e-01  1.454084280025220e+00  2.541848072702896e-01  1.454084280025220e+00  2.904245861042252e-03  1.454084280025220e+00  1.341536014351418e+00  1.454084280025220e+00  1.457602536822087e-01  1.454084280025220e+00  7.569357536823133e-04 
 1.458084280025220e+00  1.149811623011842e+00  1.458084280025220e+00  1.697983800836266e+00  1.458084280025220e+00  4.322378664343245e-01  1.458084280025220e+00  2.543162038925413e-01  1.458084280025220e+00  2.906966516644993e-03  1.458084280025220e+00  1.342715423537028e+00  1.458084280025220e+00  1.455477484174342e-01  1.458084280025220e+00  7.541015794534973e-04 
 1.462084280025220e+00  1.149119497292499e+00  1.462084280025220e+00  1.698704915970223e+00  1.462084280025220e+00  4.310756633150123e-01  1.462084280025220e+00  2.544477629350431e-01  1.462084280025220e+00  2.909684725084002e-03  1.462084280025220e+00  1.343894049812231e+00  1.462084280025220e+00  1.453349402792005e-01  1.462084280025220e+00  7.512693891171495e-04 
 1.466084280025220e+00  1.148428000374914e+00  1.466084280025220e+00  1.699425520556102e+00  1.466084280025220e+00  4.299146245622389e-01  1.466084280025220e+00  2.545794870505482e-01  1.466084280025220e+00  2.912400464008891e-03  1.466084280025220e+00  1.345071887362670e+00  1.466084280025220e+00  1.451218291135199e-01  1.466084280025220e+00  7.484392027328093e-04 
 1.470084280025220e+00  1.147737138002675e+00  1.470084280025220e+00  1.700145609376610e+00  1.470084280025220e+00  4.287547627774679e-01  1.470084280025220e+00  2.547113789283080e-01  1.470084280025220e+00  2.915113710862659e-03  1.470084280025220e+00  1.346248930298157e+00  1.470084280025220e+00  1.449084147977088e-01  1.470084280025220e+00  7.456110407897407e-04 
 1.474084280025220e+00  1.147046915993089e+00  1.474084280025220e+00  1.700865177189547e+00  1.474084280025220e+00  4.275960907291387e-01  1.474084280025220e+00  2.548434412914973e-01  1.474084280025220e+00  2.917824442798797e-03  1.474084280025220e+00  1.347425172701173e+00  1.474084280025220e+00  1.446946972164824e-01  1.474084280025220e+00  7.427849238751832e-04 
 1.478084280025220e+00  1.146357340238892e+00  1.478084280025220e+00  1.701584218730979e+00  1.478084280025220e+00  4.264386213552948e-01  1.478084280025220e+00  2.549756768975026e-01  1.478084280025220e+00  2.920532636674591e-03  1.478084280025220e+00  1.348600608628657e+00  1.478084280025220e+00  1.444806762611366e-01  1.478084280025220e+00  7.399608726619221e-04 
 1.482084280025220e+00  1.145668416677270e+00  1.482084280025220e+00  1.702302728582952e+00  1.482084280025220e+00  4.252823677449880e-01  1.482084280025220e+00  2.551080885430646e-01  1.482084280025220e+00  2.923238269172712e-03  1.482084280025220e+00  1.349775232036652e+00  1.482084280025220e+00  1.442663518677988e-01  1.482084280025220e+00  7.371389084277820e-04 
 1.486084280025220e+00  1.144980151336043e+00  1.486084280025220e+00  1.703020701361579e+00  1.486084280025220e+00  4.241273431698855e-01  1.486084280025220e+00  2.552406790579745e-01  1.486084280025220e+00  2.925941316619904e-03  1.486084280025220e+00  1.350949036887712e+00  1.486084280025220e+00  1.440517239635557e-01  1.486084280025220e+00  7.343190523170119e-04 
 1.490084280025220e+00  1.144292550302891e+00  1.490084280025220e+00  1.703738131585672e+00  1.490084280025220e+00  4.229735610658133e-01  1.490084280025220e+00  2.553734513101857e-01  1.490084280025220e+00  2.928641755107831e-03  1.490084280025220e+00  1.352122017076074e+00  1.490084280025220e+00  1.438367925044312e-01  1.490084280025220e+00  7.315013258561272e-04 
 1.494084280025220e+00  1.143605619731106e+00  1.494084280025220e+00  1.704455013696921e+00  1.494084280025220e+00  4.218210350380627e-01  1.494084280025220e+00  2.555064082055064e-01  1.494084280025220e+00  2.931339560470457e-03  1.494084280025220e+00  1.353294166439358e+00  1.494084280025220e+00  1.436215574698707e-01  1.494084280025220e+00  7.286857508747613e-04 
 1.498084280025220e+00  1.142919365848492e+00  1.498084280025220e+00  1.705171342093292e+00  1.498084280025220e+00  4.206697788687404e-01  1.498084280025220e+00  2.556395526868209e-01  1.498084280025220e+00  2.934034708249110e-03  1.498084280025220e+00  1.354465478777664e+00  1.498084280025220e+00  1.434060188532867e-01  1.498084280025220e+00  7.258723493744093e-04 
 1.502084280025220e+00  1.142233794954007e+00  1.502084280025220e+00  1.705887111111229e+00  1.502084280025220e+00  4.195198065161475e-01  1.502084280025220e+00  2.557728877351276e-01  1.502084280025220e+00  2.936727173705684e-03  1.502084280025220e+00  1.355635947843577e+00  1.502084280025220e+00  1.431901766674265e-01  1.502084280025220e+00  7.230611435983672e-04 
 1.506084280025220e+00  1.141548913418232e+00  1.506084280025220e+00  1.706602315024267e+00  1.506084280025220e+00  4.183711321166542e-01  1.506084280025220e+00  2.559064163700078e-01  1.506084280025220e+00  2.939416931820800e-03  1.506084280025220e+00  1.356805567341521e+00  1.506084280025220e+00  1.429740309450133e-01  1.506084280025220e+00  7.202521560372315e-04 
 1.510084280025220e+00  1.140864727682392e+00  1.510084280025220e+00  1.707316948035247e+00  1.510084280025220e+00  4.172237699856183e-01  1.510084280025220e+00  2.560401416503059e-01  1.510084280025220e+00  2.942103957297592e-03  1.510084280025220e+00  1.357974330923505e+00  1.510084280025220e+00  1.427575817412619e-01  1.510084280025220e+00  7.174454094593843e-04 
 1.514084280025220e+00  1.140181244265990e+00  1.514084280025220e+00  1.708031004304298e+00  1.514084280025220e+00  4.160777346238922e-01  1.514084280025220e+00  2.561740666735193e-01  1.514084280025220e+00  2.944788224531817e-03  1.514084280025220e+00  1.359142232205071e+00  1.514084280025220e+00  1.425408291259334e-01  1.514084280025220e+00  7.146409268011773e-04 
 1.518084280025220e+00  1.139498469752134e+00  1.518084280025220e+00  1.708744477885069e+00  1.518084280025220e+00  4.149330407098795e-01  1.518084280025220e+00  2.563081945785190e-01  1.518084280025220e+00  2.947469707669416e-03  1.518084280025220e+00  1.360309264729498e+00  1.518084280025220e+00  1.423237732022893e-01  1.518084280025220e+00  7.118387314173112e-04 
 1.522084280025220e+00  1.138816410811209e+00  1.522084280025220e+00  1.709457362818326e+00  1.522084280025220e+00  4.137897031163832e-01  1.522084280025220e+00  2.564425285425258e-01  1.522084280025220e+00  2.950148380513579e-03  1.522084280025220e+00  1.361475422020709e+00  1.522084280025220e+00  1.421064140798672e-01  1.522084280025220e+00  7.090388467133213e-04 
 1.526084280025220e+00  1.138135074180217e+00  1.526084280025220e+00  1.710169653044015e+00  1.526084280025220e+00  4.126477368987903e-01  1.526084280025220e+00  2.565770717847147e-01  1.526084280025220e+00  2.952824216605799e-03  1.526084280025220e+00  1.362640697533906e+00  1.526084280025220e+00  1.418887519005786e-01  1.526084280025220e+00  7.062412964908561e-04 
 1.530084280025220e+00  1.137454466675919e+00  1.530084280025220e+00  1.710881342451514e+00  1.530084280025220e+00  4.115071573050816e-01  1.530084280025220e+00  2.567118275647582e-01  1.530084280025220e+00  2.955497189174441e-03  1.530084280025220e+00  1.363805084684039e+00  1.530084280025220e+00  1.416707868241988e-01  1.530084280025220e+00  7.034461047503997e-04 
 1.534084280025220e+00  1.136774595185999e+00  1.534084280025220e+00  1.711592424840475e+00  1.534084280025220e+00  4.103679797716498e-01  1.534084280025220e+00  2.568467991846439e-01  1.534084280025220e+00  2.958167271169234e-03  1.534084280025220e+00  1.364968576824031e+00  1.534084280025220e+00  1.414525190402231e-01  1.534084280025220e+00  7.006532958449842e-04 
 1.538084280025220e+00  1.136095466685533e+00  1.538084280025220e+00  1.712302893984458e+00  1.538084280025220e+00  4.092302199353967e-01  1.538084280025220e+00  2.569819899866940e-01  1.538084280025220e+00  2.960834435196763e-03  1.538084280025220e+00  1.366131167280595e+00  1.538084280025220e+00  1.412339487492741e-01  1.538084280025220e+00  6.978628942303874e-04 
 1.542084280025220e+00  1.135417088217876e+00  1.542084280025220e+00  1.713012743550240e+00  1.542084280025220e+00  4.080938936229055e-01  1.542084280025220e+00  2.571174033569144e-01  1.542084280025220e+00  2.963498653595402e-03  1.542084280025220e+00  1.367292849309280e+00  1.542084280025220e+00  1.410150761873340e-01  1.542084280025220e+00  6.950749247819061e-04 
 1.546084280025220e+00  1.134739466912835e+00  1.546084280025220e+00  1.713721967168320e+00  1.546084280025220e+00  4.069590168635974e-01  1.546084280025220e+00  2.572530427227304e-01  1.546084280025220e+00  2.966159898364028e-03  1.546084280025220e+00  1.368453616134089e+00  1.546084280025220e+00  1.407959016050749e-01  1.546084280025220e+00  6.922894125175816e-04 
 1.550084280025220e+00  1.134062609972945e+00  1.550084280025220e+00  1.714430558374327e+00  1.550084280025220e+00  4.058256058823423e-01  1.550084280025220e+00  2.573889115555097e-01  1.550084280025220e+00  2.968818141215879e-03  1.550084280025220e+00  1.369613460914992e+00  1.550084280025220e+00  1.405764252856184e-01  1.550084280025220e+00  6.895063828281873e-04 
 1.554084280025220e+00  1.133386524683115e+00  1.554084280025220e+00  1.715138510645236e+00  1.554084280025220e+00  4.046936771070637e-01  1.554084280025220e+00  2.575250133695546e-01  1.554084280025220e+00  2.971473353540702e-03  1.554084280025220e+00  1.370772376768365e+00  1.554084280025220e+00  1.403566475340482e-01  1.554084280025220e+00  6.867258613351385e-04 
 1.558084280025220e+00  1.132711218414183e+00  1.558084280025220e+00  1.715845817410694e+00  1.558084280025220e+00  4.035632471723957e-01  1.558084280025220e+00  2.576613517219872e-01  1.558084280025220e+00  2.974125506390741e-03  1.558084280025220e+00  1.371930356773444e+00  1.558084280025220e+00  1.401365686742614e-01  1.558084280025220e+00  6.839478738458945e-04 
 1.562084280025220e+00  1.132036698603818e+00  1.562084280025220e+00  1.716552471973382e+00  1.562084280025220e+00  4.024343329088249e-01  1.562084280025220e+00  2.577979302160607e-01  1.562084280025220e+00  2.976774570555804e-03  1.562084280025220e+00  1.373087393928420e+00  1.562084280025220e+00  1.399161890732756e-01  1.562084280025220e+00  6.811724466667938e-04 
 1.566084280025220e+00  1.131362972790198e+00  1.566084280025220e+00  1.717258467641977e+00  1.566084280025220e+00  4.013069513655331e-01  1.566084280025220e+00  2.579347524964510e-01  1.566084280025220e+00  2.979420516430962e-03  1.566084280025220e+00  1.374243481224369e+00  1.566084280025220e+00  1.396955091014798e-01  1.566084280025220e+00  6.783996060808467e-04 
 1.570084280025220e+00  1.130690048573842e+00  1.570084280025220e+00  1.717963797575109e+00  1.570084280025220e+00  4.001811197873112e-01  1.570084280025220e+00  2.580718222554276e-01  1.570084280025220e+00  2.982063314166432e-03  1.570084280025220e+00  1.375398611559125e+00  1.570084280025220e+00  1.394745291800683e-01  1.570084280025220e+00  6.756293789605937e-04 
 1.574084280025220e+00  1.130017933655486e+00  1.574084280025220e+00  1.718668454931130e+00  1.574084280025220e+00  3.990568556399680e-01  1.574084280025220e+00  2.582091432274620e-01  1.574084280025220e+00  2.984702933518829e-03  1.574084280025220e+00  1.376552777820353e+00  1.574084280025220e+00  1.392532497360759e-01  1.574084280025220e+00  6.728617921798482e-04 
 1.578084280025220e+00  1.129346635811035e+00  1.578084280025220e+00  1.719372432765085e+00  1.578084280025220e+00  3.979341765955644e-01  1.578084280025220e+00  2.583467191933759e-01  1.578084280025220e+00  2.987339343949623e-03  1.578084280025220e+00  1.377705972828869e+00  1.578084280025220e+00  1.390316712338998e-01  1.578084280025220e+00  6.700968730184036e-04 
 1.582084280025220e+00  1.128676162897192e+00  1.582084280025220e+00  1.720075724049498e+00  1.582084280025220e+00  3.968131005371582e-01  1.582084280025220e+00  2.584845539798054e-01  1.582084280025220e+00  2.989972514602906e-03  1.582084280025220e+00  1.378858189350477e+00  1.582084280025220e+00  1.388097941694049e-01  1.582084280025220e+00  6.673346490803764e-04 
 1.586084280025220e+00  1.128006522858816e+00  1.586084280025220e+00  1.720778321701621e+00  1.586084280025220e+00  3.956936455645991e-01  1.586084280025220e+00  2.586226514583737e-01  1.586084280025220e+00  2.992602414276568e-03  1.586084280025220e+00  1.380009420111233e+00  1.586084280025220e+00  1.385876190619631e-01  1.586084280025220e+00  6.645751481871731e-04 
 1.590084280025220e+00  1.127337723722167e+00  1.590084280025220e+00  1.721480218554635e+00  1.590084280025220e+00  3.945758299912845e-01  1.590084280025220e+00  2.587610155469940e-01  1.590084280025220e+00  2.995229011448805e-03  1.590084280025220e+00  1.381159657781916e+00  1.590084280025220e+00  1.383651464636024e-01  1.590084280025220e+00  6.618183984906099e-04 
 1.594084280025220e+00  1.126669773601786e+00  1.594084280025220e+00  1.722181407383303e+00  1.594084280025220e+00  3.934596723495168e-01  1.594084280025220e+00  2.588996502090603e-01  1.594084280025220e+00  2.997852274251114e-03  1.594084280025220e+00  1.382308894992398e+00  1.594084280025220e+00  1.381423769515184e-01  1.594084280025220e+00  6.590644283721957e-04 
 1.598084280025220e+00  1.126002680698648e+00  1.598084280025220e+00  1.722881880895168e+00  1.598084280025220e+00  3.923451913902665e-01  1.598084280025220e+00  2.590385594539421e-01  1.598084280025220e+00  3.000472170475528e-03  1.598084280025220e+00  1.383457124327097e+00  1.598084280025220e+00  1.379193111311070e-01  1.598084280025220e+00  6.563132664776277e-04 
 1.602084280025220e+00  1.125336453295307e+00  1.602084280025220e+00  1.723581631709862e+00  1.602084280025220e+00  3.912324060809650e-01  1.602084280025220e+00  2.591777473379176e-01  1.602084280025220e+00  3.003088667593712e-03  1.602084280025220e+00  1.384604338314016e+00  1.602084280025220e+00  1.376959496427316e-01  1.602084280025220e+00  6.535649417981118e-04 
 1.606084280025220e+00  1.124671099757769e+00  1.606084280025220e+00  1.724280652365461e+00  1.606084280025220e+00  3.901213356074938e-01  1.606084280025220e+00  2.593172179640416e-01  1.606084280025220e+00  3.005701732749545e-03  1.606084280025220e+00  1.385750529428597e+00  1.606084280025220e+00  1.374722931601951e-01  1.606084280025220e+00  6.508194836454203e-04 
 1.610084280025220e+00  1.124006628540174e+00  1.610084280025220e+00  1.724978935336207e+00  1.610084280025220e+00  3.890119993778731e-01  1.610084280025220e+00  2.594569754815471e-01  1.610084280025220e+00  3.008311332740843e-03  1.610084280025220e+00  1.386895690103719e+00  1.610084280025220e+00  1.372483423856474e-01  1.610084280025220e+00  6.480769215822332e-04 
 1.614084280025220e+00  1.123343048191197e+00  1.614084280025220e+00  1.725676473056770e+00  1.614084280025220e+00  3.879044170269125e-01  1.614084280025220e+00  2.595970240849336e-01  1.614084280025220e+00  3.010917433994070e-03  1.614084280025220e+00  1.388039812743147e+00  1.614084280025220e+00  1.370240980423855e-01  1.614084280025220e+00  6.453372853269013e-04 
 1.618084280025220e+00  1.122680367332891e+00  1.618084280025220e+00  1.726373257838438e+00  1.618084280025220e+00  3.867986084034524e-01  1.618084280025220e+00  2.597373680172850e-01  1.618084280025220e+00  3.013520002647551e-03  1.618084280025220e+00  1.389182889676426e+00  1.618084280025220e+00  1.367995609013282e-01  1.618084280025220e+00  6.426006050825814e-04 
 1.622084280025220e+00  1.122018594678418e+00  1.622084280025220e+00  1.727069281938678e+00  1.622084280025220e+00  3.856945935819971e-01  1.622084280025220e+00  2.598780115675388e-01  1.622084280025220e+00  3.016119004481806e-03  1.622084280025220e+00  1.390324913197027e+00  1.622084280025220e+00  1.365747317598189e-01  1.622084280025220e+00  6.398669112640411e-04 
 1.626084280025220e+00  1.121357739028721e+00  1.626084280025220e+00  1.727764537548020e+00  1.626084280025220e+00  3.845923928609932e-01  1.626084280025220e+00  2.600189590709630e-01  1.626084280025220e+00  3.018714404932594e-03  1.626084280025220e+00  1.391465875555574e+00  1.626084280025220e+00  1.363496114460902e-01  1.626084280025220e+00  6.371362345491861e-04 
 1.630084280025220e+00  1.120697809270367e+00  1.630084280025220e+00  1.728459016781857e+00  1.630084280025220e+00  3.834920267617312e-01  1.630084280025220e+00  2.601602149094107e-01  1.630084280025220e+00  3.021306169099413e-03  1.630084280025220e+00  1.392605768955785e+00  1.630084280025220e+00  1.361242008222454e-01  1.630084280025220e+00  6.344086059112779e-04 
 1.634084280025220e+00  1.120038814374741e+00  1.634084280025220e+00  1.729152711677646e+00  1.634084280025220e+00  3.823935160280184e-01  1.634084280025220e+00  2.603017835113213e-01  1.634084280025220e+00  3.023894261748626e-03  1.634084280025220e+00  1.393744585553389e+00  1.634084280025220e+00  1.358985007855751e-01  1.634084280025220e+00  6.316840566298746e-04 
 1.638084280025220e+00  1.119380763401772e+00  1.638084280025220e+00  1.729845614210392e+00  1.638084280025220e+00  3.812968816285580e-01  1.638084280025220e+00  2.604436693509675e-01  1.638084280025220e+00  3.026478647298892e-03  1.638084280025220e+00  1.394882317464842e+00  1.638084280025220e+00  1.356725122641143e-01  1.638084280025220e+00  6.289626182300808e-04 
 1.642084280025220e+00  1.118723665495919e+00  1.642084280025220e+00  1.730537716277984e+00  1.642084280025220e+00  3.802021447543592e-01  1.642084280025220e+00  2.605858769488523e-01  1.642084280025220e+00  3.029059289836840e-03  1.642084280025220e+00  1.396018956759860e+00  1.642084280025220e+00  1.354462362216931e-01  1.642084280025220e+00  6.262443225401037e-04 
 1.646084280025220e+00  1.118067529886492e+00  1.646084280025220e+00  1.731229009703815e+00  1.646084280025220e+00  3.791093268187751e-01  1.646084280025220e+00  2.607284108713860e-01  1.646084280025220e+00  3.031636153115933e-03  1.646084280025220e+00  1.397154495463259e+00  1.646084280025220e+00  1.352196736575659e-01  1.646084280025220e+00  6.235292016809584e-04 
 1.650084280025220e+00  1.117412365890285e+00  1.650084280025220e+00  1.731919486248833e+00  1.650084280025220e+00  3.780184494587867e-01  1.650084280025220e+00  2.608712757301352e-01  1.650084280025220e+00  3.034209200545990e-03  1.650084280025220e+00  1.398288925561827e+00  1.650084280025220e+00  1.349928256030338e-01  1.650084280025220e+00  6.208172880191954e-04 
 1.654084280025220e+00  1.116758182902007e+00  1.654084280025220e+00  1.732609137576299e+00  1.654084280025220e+00  3.769295345286240e-01  1.654084280025220e+00  2.610144761829346e-01  1.654084280025220e+00  3.036778395230866e-03  1.654084280025220e+00  1.399422238985981e+00  1.654084280025220e+00  1.347656931331235e-01  1.654084280025220e+00  6.181086143052377e-04 
 1.658084280025220e+00  1.116104990413354e+00  1.658084280025220e+00  1.733297955328254e+00  1.658084280025220e+00  3.758426041109895e-01  1.658084280025220e+00  2.611580169304354e-01  1.658084280025220e+00  3.039343699893490e-03  1.658084280025220e+00  1.400554427650921e+00  1.658084280025220e+00  1.345382773426502e-01  1.658084280025220e+00  6.154032133731076e-04 
 1.662084280025220e+00  1.115452797984539e+00  1.662084280025220e+00  1.733985931017896e+00  1.662084280025220e+00  3.747576804986340e-01  1.662084280025220e+00  2.613019027200664e-01  1.662084280025220e+00  3.041905076987724e-03  1.662084280025220e+00  1.401685483399851e+00  1.662084280025220e+00  1.343105793810644e-01  1.662084280025220e+00  6.127011185630988e-04 
 1.666084280025220e+00  1.114801615273437e+00  1.666084280025220e+00  1.734673056145511e+00  1.666084280025220e+00  3.736747862115261e-01  1.666084280025220e+00  2.614461383408605e-01  1.666084280025220e+00  3.044462488583893e-03  1.666084280025220e+00  1.402815398066014e+00  1.666084280025220e+00  1.340826004158123e-01  1.666084280025220e+00  6.100023632664644e-04 
 1.670084280025220e+00  1.114151452010002e+00  1.670084280025220e+00  1.735359322103095e+00  1.670084280025220e+00  3.725939439799111e-01  1.670084280025220e+00  2.615907286268326e-01  1.670084280025220e+00  3.047015896469202e-03  1.670084280025220e+00  1.403944163422570e+00  1.670084280025220e+00  1.338543416633844e-01  1.670084280025220e+00  6.073069813000075e-04 
 1.674084280025220e+00  1.113502318011007e+00  1.674084280025220e+00  1.736044720235242e+00  1.674084280025220e+00  3.715151767521984e-01  1.674084280025220e+00  2.617356784539315e-01  1.674084280025220e+00  3.049565262089903e-03  1.674084280025220e+00  1.405071771215333e+00  1.674084280025220e+00  1.336258043702407e-01  1.674084280025220e+00  6.046150066669572e-04 
 1.678084280025220e+00  1.112854223169608e+00  1.678084280025220e+00  1.736729241803176e+00  1.678084280025220e+00  3.704385076870780e-01  1.678084280025220e+00  2.618809927408925e-01  1.678084280025220e+00  3.052110546592309e-03  1.678084280025220e+00  1.406198213144260e+00  1.678084280025220e+00  1.333969898248823e-01  1.678084280025220e+00  6.019264736982124e-04 
 1.682084280025220e+00  1.112207177469882e+00  1.682084280025220e+00  1.737412878045451e+00  1.682084280025220e+00  3.693639601608526e-01  1.682084280025220e+00  2.620266764460448e-01  1.682084280025220e+00  3.054651710765601e-03  1.682084280025220e+00  1.407323480895856e+00  1.682084280025220e+00  1.331678993386506e-01  1.682084280025220e+00  5.992414168139607e-04 
 1.686084280025220e+00  1.111561190956252e+00  1.686084280025220e+00  1.738095620065903e+00  1.686084280025220e+00  3.682915577468296e-01  1.686084280025220e+00  2.621727345712216e-01  1.686084280025220e+00  3.057188715161971e-03  1.686084280025220e+00  1.408447566084832e+00  1.686084280025220e+00  1.329385342825969e-01  1.686084280025220e+00  5.965598709637621e-04 
 1.690084280025220e+00  1.110916273769898e+00  1.690084280025220e+00  1.738777458978709e+00  1.690084280025220e+00  3.672213242356723e-01  1.690084280025220e+00  2.623191721549195e-01  1.690084280025220e+00  3.059721519953614e-03  1.690084280025220e+00  1.409570460330709e+00  1.690084280025220e+00  1.327088960408046e-01  1.690084280025220e+00  5.938818710567624e-04 
 1.694084280025220e+00  1.110272436112590e+00  1.694084280025220e+00  1.739458385776328e+00  1.694084280025220e+00  3.661532836109873e-01  1.694084280025220e+00  2.624659942769410e-01  1.694084280025220e+00  3.062250085074823e-03  1.694084280025220e+00  1.410692155189147e+00  1.694084280025220e+00  1.324789860538922e-01  1.694084280025220e+00  5.912074524804506e-04 
 1.698084280025220e+00  1.109629688268450e+00  1.698084280025220e+00  1.740138391419251e+00  1.698084280025220e+00  3.650874600602286e-01  1.698084280025220e+00  2.626132060536996e-01  1.698084280025220e+00  3.064774370136381e-03  1.698084280025220e+00  1.411812642199439e+00  1.698084280025220e+00  1.322488057902384e-01  1.698084280025220e+00  5.885366507480868e-04 
 1.702084280025220e+00  1.108988040594275e+00  1.702084280025220e+00  1.740817466806179e+00  1.702084280025220e+00  3.640238779660970e-01  1.702084280025220e+00  2.627608126384629e-01  1.702084280025220e+00  3.067294334463706e-03  1.702084280025220e+00  1.412931912869408e+00  1.702084280025220e+00  1.320183567561896e-01  1.702084280025220e+00  5.858695016158695e-04 
 1.706084280025220e+00  1.108347503520913e+00  1.706084280025220e+00  1.741495602787020e+00  1.706084280025220e+00  3.629625619044832e-01  1.706084280025220e+00  2.629088192197217e-01  1.706084280025220e+00  3.069809937091385e-03  1.706084280025220e+00  1.414049958682675e+00  1.706084280025220e+00  1.317876404922690e-01  1.706084280025220e+00  5.832060410318747e-04 
 1.710084280025220e+00  1.107708087546734e+00  1.710084280025220e+00  1.742172790146128e+00  1.710084280025220e+00  3.619035366373409e-01  1.710084280025220e+00  2.630572310207419e-01  1.710084280025220e+00  3.072321136788813e-03  1.710084280025220e+00  1.415166771090491e+00  1.710084280025220e+00  1.315566585791892e-01  1.710084280025220e+00  5.805463052019006e-04 
 1.714084280025220e+00  1.107069803231456e+00  1.714084280025220e+00  1.742849019587899e+00  1.714084280025220e+00  3.608468271055785e-01  1.714084280025220e+00  2.632060532989651e-01  1.714084280025220e+00  3.074827892084462e-03  1.714084280025220e+00  1.416282341504894e+00  1.714084280025220e+00  1.313254126431753e-01  1.714084280025220e+00  5.778903306460124e-04 
 1.718084280025220e+00  1.106432661213478e+00  1.718084280025220e+00  1.743524281811561e+00  1.718084280025220e+00  3.597924584359155e-01  1.718084280025220e+00  2.633552913414990e-01  1.718084280025220e+00  3.077330161197796e-03  1.718084280025220e+00  1.417396661337851e+00  1.718084280025220e+00  1.310939043316517e-01  1.718084280025220e+00  5.752381539048148e-04 
 1.722084280025220e+00  1.105796672182848e+00  1.722084280025220e+00  1.744198567418990e+00  1.722084280025220e+00  3.587404559205983e-01  1.722084280025220e+00  2.635049504676813e-01  1.722084280025220e+00  3.079827902145399e-03  1.722084280025220e+00  1.418509721954242e+00  1.722084280025220e+00  1.308621353443295e-01  1.722084280025220e+00  5.725898119015261e-04 
 1.726084280025220e+00  1.105161846904488e+00  1.726084280025220e+00  1.744871867012629e+00  1.726084280025220e+00  3.576908450272694e-01  1.726084280025220e+00  2.636550360233944e-01  1.726084280025220e+00  3.082321072649879e-03  1.726084280025220e+00  1.419621514722775e+00  1.726084280025220e+00  1.306301074011023e-01  1.726084280025220e+00  5.699453415573714e-04 
 1.730084280025220e+00  1.104528196192512e+00  1.730084280025220e+00  1.745544171109921e+00  1.730084280025220e+00  3.566436513789923e-01  1.730084280025220e+00  2.638055533832041e-01  1.730084280025220e+00  3.084809630240581e-03  1.730084280025220e+00  1.420732030972568e+00  1.730084280025220e+00  1.303978222710625e-01  1.730084280025220e+00  5.673047801276774e-04 
 1.734084280025220e+00  1.103895730916868e+00  1.734084280025220e+00  1.746215470180079e+00  1.734084280025220e+00  3.555989007535476e-01  1.734084280025220e+00  2.639565079471461e-01  1.734084280025220e+00  3.087293532227604e-03  1.734084280025220e+00  1.421841262012636e+00  1.734084280025220e+00  1.301652817607740e-01  1.734084280025220e+00  5.646681650574003e-04 
 1.738084280025220e+00  1.103264462015240e+00  1.738084280025220e+00  1.746885754700862e+00  1.738084280025220e+00  3.545566190855282e-01  1.738084280025220e+00  2.641079051365072e-01  1.738084280025220e+00  3.089772735654979e-03  1.738084280025220e+00  1.422949199161319e+00  1.738084280025220e+00  1.299324876956125e-01  1.738084280025220e+00  5.620355337582236e-04 
 1.742084280025220e+00  1.102634400461210e+00  1.742084280025220e+00  1.747555015052172e+00  1.742084280025220e+00  3.535168324418944e-01  1.742084280025220e+00  2.642597503966653e-01  1.742084280025220e+00  3.092247197425856e-03  1.742084280025220e+00  1.424055833692571e+00  1.742084280025220e+00  1.296994419560380e-01  1.742084280025220e+00  5.594069240263577e-04 
 1.746084280025220e+00  1.102005557280341e+00  1.746084280025220e+00  1.748223241590108e+00  1.746084280025220e+00  3.524795670260104e-01  1.746084280025220e+00  2.644120491919567e-01  1.746084280025220e+00  3.094716874239124e-03  1.746084280025220e+00  1.425161156874311e+00  1.746084280025220e+00  1.294661464532044e-01  1.746084280025220e+00  5.567823737517776e-04 
 1.750084280025220e+00  1.101377943554111e+00  1.750084280025220e+00  1.748890424675476e+00  1.750084280025220e+00  3.514448491740118e-01  1.750084280025220e+00  2.645648070023980e-01  1.750084280025220e+00  3.097181722574128e-03  1.750084280025220e+00  1.426265159983263e+00  1.750084280025220e+00  1.292326031196642e-01  1.750084280025220e+00  5.541619208061911e-04 
 1.754084280025220e+00  1.100751570392714e+00  1.754084280025220e+00  1.749556554587394e+00  1.754084280025220e+00  3.504127053323198e-01  1.754084280025220e+00  2.647180293254290e-01  1.754084280025220e+00  3.099641698797462e-03  1.754084280025220e+00  1.427367834261770e+00  1.754084280025220e+00  1.289988139391499e-01  1.754084280025220e+00  5.515456033823912e-04 
 1.758084280025220e+00  1.100126448956691e+00  1.758084280025220e+00  1.750221621619239e+00  1.758084280025220e+00  3.493831620639405e-01  1.758084280025220e+00  2.648717216694642e-01  1.758084280025220e+00  3.102096759077919e-03  1.758084280025220e+00  1.428469170966794e+00  1.758084280025220e+00  1.287647809144271e-01  1.758084280025220e+00  5.489334596173994e-04 
 1.762084280025220e+00  1.099502590430254e+00  1.762084280025220e+00  1.750885615995851e+00  1.762084280025220e+00  3.483562460257056e-01  1.762084280025220e+00  2.650258895553192e-01  1.762084280025220e+00  3.104546859491403e-03  1.762084280025220e+00  1.429569161328716e+00  1.762084280025220e+00  1.285305060959660e-01  1.762084280025220e+00  5.463255279176563e-04 
 1.766084280025220e+00  1.098880006038561e+00  1.766084280025220e+00  1.751548527954276e+00  1.766084280025220e+00  3.473319839712816e-01  1.766084280025220e+00  2.651805385102148e-01  1.766084280025220e+00  3.106991955952955e-03  1.766084280025220e+00  1.430667796592451e+00  1.766084280025220e+00  1.282959915548031e-01  1.766084280025220e+00  5.437218466419028e-04 
 1.770084280025220e+00  1.098258707030668e+00  1.770084280025220e+00  1.752210347698262e+00  1.770084280025220e+00  3.463104027334961e-01  1.770084280025220e+00  2.653356740673556e-01  1.770084280025220e+00  3.109432004283801e-03  1.770084280025220e+00  1.431765067995068e+00  1.770084280025220e+00  1.280612393985191e-01  1.770084280025220e+00  5.411224542798721e-04 
 1.774084280025220e+00  1.097638704681515e+00  1.774084280025220e+00  1.752871065423658e+00  1.774084280025220e+00  3.452915292175912e-01  1.774084280025220e+00  2.654913017622144e-01  1.774084280025220e+00  3.111866960203454e-03  1.774084280025220e+00  1.432860966778990e+00  1.774084280025220e+00  1.278262517629505e-01  1.774084280025220e+00  5.385273893525998e-04 
 1.778084280025220e+00  1.097020010280775e+00  1.778084280025220e+00  1.753530671296164e+00  1.778084280025220e+00  3.442753903864270e-01  1.778084280025220e+00  2.656474271308896e-01  1.778084280025220e+00  3.114296779373639e-03  1.778084280025220e+00  1.433955484181419e+00  1.778084280025220e+00  1.275910308202838e-01  1.778084280025220e+00  5.359366904997118e-04 
 1.782084280025220e+00  1.096402635142416e+00  1.782084280025220e+00  1.754189155506054e+00  1.782084280025220e+00  3.432620132574955e-01  1.782084280025220e+00  2.658040557048486e-01  1.782084280025220e+00  3.116721417360645e-03  1.782084280025220e+00  1.435048611461963e+00  1.782084280025220e+00  1.273555787605181e-01  1.782084280025220e+00  5.333503962645954e-04 
 1.786084280025220e+00  1.095786590587513e+00  1.786084280025220e+00  1.754846508224948e+00  1.786084280025220e+00  3.422514248838748e-01  1.786084280025220e+00  2.659611930100378e-01  1.786084280025220e+00  3.119140829702779e-03  1.786084280025220e+00  1.436140339881582e+00  1.786084280025220e+00  1.271198978067767e-01  1.786084280025220e+00  5.307685452640921e-04 
 1.790084280025220e+00  1.095171887933815e+00  1.790084280025220e+00  1.755502719588651e+00  1.790084280025220e+00  3.412436523389164e-01  1.790084280025220e+00  2.661188445647571e-01  1.790084280025220e+00  3.121554971951510e-03  1.790084280025220e+00  1.437230660694682e+00  1.790084280025220e+00  1.268839902217645e-01  1.790084280025220e+00  5.281911762559609e-04 
 1.794084280025220e+00  1.094558538517601e+00  1.794084280025220e+00  1.756157779798417e+00  1.794084280025220e+00  3.402387227193526e-01  1.794084280025220e+00  2.662770158719208e-01  1.794084280025220e+00  3.123963799585482e-03  1.794084280025220e+00  1.438319565199436e+00  1.794084280025220e+00  1.266478582727796e-01  1.794084280025220e+00  5.256183277411186e-04 
 1.798084280025220e+00  1.093946553658453e+00  1.798084280025220e+00  1.756811679014278e+00  1.798084280025220e+00  3.392366631148117e-01  1.798084280025220e+00  2.664357124208681e-01  1.798084280025220e+00  3.126367268148937e-03  1.798084280025220e+00  1.439407044685625e+00  1.798084280025220e+00  1.264115042692943e-01  1.798084280025220e+00  5.230500383826455e-04 
 1.802084280025220e+00  1.093335944676788e+00  1.802084280025220e+00  1.757464407441723e+00  1.802084280025220e+00  3.382375006077336e-01  1.802084280025220e+00  2.665949396801014e-01  1.802084280025220e+00  3.128765333182774e-03  1.802084280025220e+00  1.440493090477622e+00  1.802084280025220e+00  1.261749305329456e-01  1.802084280025220e+00  5.204863466652604e-04 
 1.806084280025220e+00  1.092726722876019e+00  1.806084280025220e+00  1.758115955289922e+00  1.806084280025220e+00  3.372412622523793e-01  1.806084280025220e+00  2.667547030959179e-01  1.806084280025220e+00  3.131157950294778e-03  1.806084280025220e+00  1.441577693914224e+00  1.806084280025220e+00  1.259381394124755e-01  1.806084280025220e+00  5.179272910594737e-04 
 1.810084280025220e+00  1.092118899538042e+00  1.810084280025220e+00  1.758766312779340e+00  1.810084280025220e+00  3.362479750612950e-01  1.810084280025220e+00  2.669150080886555e-01  1.810084280025220e+00  3.133545075177147e-03  1.810084280025220e+00  1.442660846352786e+00  1.810084280025220e+00  1.257011332813910e-01  1.810084280025220e+00  5.153729099916424e-04 
 1.814084280025220e+00  1.091512485923590e+00  1.814084280025220e+00  1.759415470167434e+00  1.814084280025220e+00  3.352576659942351e-01  1.814084280025220e+00  2.670758600479896e-01  1.814084280025220e+00  3.135926663605236e-03  1.814084280025220e+00  1.443742539182032e+00  1.814084280025220e+00  1.254639145291568e-01  1.814084280025220e+00  5.128232417430751e-04 
 1.818084280025220e+00  1.090907493264382e+00  1.818084280025220e+00  1.760063417745175e+00  1.818084280025220e+00  3.342703619420496e-01  1.818084280025220e+00  2.672372643295171e-01  1.818084280025220e+00  3.138302671468338e-03  1.818084280025220e+00  1.444822763820609e+00  1.818084280025220e+00  1.252264855626380e-01  1.818084280025220e+00  5.102783244636480e-04 
 1.822084280025220e+00  1.090303932754479e+00  1.822084280025220e+00  1.760710145831273e+00  1.822084280025220e+00  3.332860897098090e-01  1.822084280025220e+00  2.673992262513814e-01  1.822084280025220e+00  3.140673054803653e-03  1.822084280025220e+00  1.445901511714553e+00  1.822084280025220e+00  1.249888488083968e-01  1.822084280025220e+00  5.077381961945242e-04 
 1.826084280025220e+00  1.089701815549866e+00  1.826084280025220e+00  1.761355644796793e+00  1.826084280025220e+00  3.323048760043913e-01  1.826084280025220e+00  2.675617510893645e-01  1.826084280025220e+00  3.143037769797904e-03  1.826084280025220e+00  1.446978774349393e+00  1.826084280025220e+00  1.247510067041145e-01  1.826084280025220e+00  5.052028947714234e-04 
 1.830084280025220e+00  1.089101152753365e+00  1.830084280025220e+00  1.761999905037194e+00  1.830084280025220e+00  3.313267474133648e-01  1.830084280025220e+00  2.677248440744326e-01  1.830084280025220e+00  3.145396772846594e-03  1.830084280025220e+00  1.448054543236915e+00  1.830084280025220e+00  1.245129617087933e-01  1.830084280025220e+00  5.026724579345209e-04 
 1.834084280025220e+00  1.088501955422753e+00  1.834084280025220e+00  1.762642917028550e+00  1.834084280025220e+00  3.303517303968608e-01  1.834084280025220e+00  2.678885103861509e-01  1.834084280025220e+00  3.147750020522143e-03  1.834084280025220e+00  1.449128809942271e+00  1.834084280025220e+00  1.242747162827434e-01  1.834084280025220e+00  5.001469231075291e-04 
 1.838084280025220e+00  1.087904234545747e+00  1.838084280025220e+00  1.763284671264998e+00  1.838084280025220e+00  3.293798512603419e-01  1.838084280025220e+00  2.680527551517891e-01  1.838084280025220e+00  3.150097469672173e-03  1.838084280025220e+00  1.450201566054216e+00  1.838084280025220e+00  1.240362729102162e-01  1.838084280025220e+00  4.976263276434489e-04 
 1.842084280025220e+00  1.087308001055523e+00  1.842084280025220e+00  1.763925158342201e+00  1.842084280025220e+00  3.284111361501176e-01  1.842084280025220e+00  2.682175834382585e-01  1.842084280025220e+00  3.152439077358387e-03  1.842084280025220e+00  1.451272803224993e+00  1.842084280025220e+00  1.237976340694333e-01  1.842084280025220e+00  4.951107084967510e-04 
 1.846084280025220e+00  1.086713265804157e+00  1.846084280025220e+00  1.764564368890174e+00  1.846084280025220e+00  3.274456110248292e-01  1.846084280025220e+00  2.683830002513556e-01  1.846084280025220e+00  3.154774800961116e-03  1.846084280025220e+00  1.452342513138420e+00  1.846084280025220e+00  1.235588022569137e-01  1.846084280025220e+00  4.926001024871596e-04 
 1.850084280025220e+00  1.086120039570391e+00  1.850084280025220e+00  1.765202293629603e+00  1.850084280025220e+00  3.264833016461132e-01  1.850084280025220e+00  2.685490105289079e-01  1.850084280025220e+00  3.157104598148616e-03  1.850084280025220e+00  1.453410687536651e+00  1.850084280025220e+00  1.233197799671607e-01  1.850084280025220e+00  4.900945460785246e-04 
