-1.552796942839131e+00  1.654274014096619e+00 -1.552796942839131e+00  9.622076230351500e-01 -1.552796942839131e+00  1.311878683808880e+00 -1.552796942839131e+00  1.643021323086514e-01 -1.552796942839131e+00  5.390171786286640e-04 -1.552796942839131e+00  2.863220951398849e-01 -1.552796942839131e+00  3.485324118668039e-01 -1.552796942839131e+00  3.098882534968012e-03 
-1.548796942839131e+00  1.653620406768706e+00 -1.548796942839131e+00  9.627792127597339e-01 -1.548796942839131e+00  1.310714284348525e+00 -1.548796942839131e+00  1.645749803568132e-01 -1.548796942839131e+00  5.414378434768833e-04 -1.548796942839131e+00  2.869572929765476e-01 -1.548796942839131e+00  3.482320531533223e-01 -1.548796942839131e+00  3.096748227263616e-03 
-1.544796942839131e+00  1.652963867804030e+00 -1.544796942839131e+00  9.633544336877273e-01 -1.544796942839131e+00  1.309546851125385e+00 -1.544796942839131e+00  1.648476817494400e-01 -1.544796942839131e+00  5.438633349942283e-04 -1.544796942839131e+00  2.875994633486397e-01 -1.544796942839131e+00  3.479325859512382e-01 -1.544796942839131e+00  3.094640654433963e-03 
-1.540796942839131e+00  1.652306582156176e+00 -1.540796942839131e+00  9.639305769643348e-01 -1.540796942839131e+00  1.308378656706451e+00 -1.540796942839131e+00  1.651203284381842e-01 -1.540796942839131e+00  5.462946009515509e-04 -1.540796942839131e+00  2.882434158602923e-01 -1.540796942839131e+00  3.476331334486970e-01 -1.540796942839131e+00  3.092509577339940e-03 
-1.536796942839131e+00  1.651647808884774e+00 -1.536796942839131e+00  9.645085585340525e-01 -1.536796942839131e+00  1.307208940719313e+00 -1.536796942839131e+00  1.653928943424231e-01 -1.536796942839131e+00  5.487313689333209e-04 -1.536796942839131e+00  2.888909156102506e-01 -1.536796942839131e+00  3.473339966526649e-01 -1.536796942839131e+00  3.090371700348128e-03 
-1.532796942839131e+00  1.650987539056967e+00 -1.532796942839131e+00  9.650883883567138e-01 -1.532796942839131e+00  1.306037701543822e+00 -1.532796942839131e+00  1.656653828882932e-01 -1.532796942839131e+00  5.511736719803858e-04 -1.532796942839131e+00  2.895419887475690e-01 -1.532796942839131e+00  3.470351820490531e-01 -1.532796942839131e+00  3.088226986964191e-03 
-1.528796942839131e+00  1.650325763633511e+00 -1.528796942839131e+00  9.656700763883057e-01 -1.528796942839131e+00  1.304864937456215e+00 -1.528796942839131e+00  1.659377975103868e-01 -1.528796942839131e+00  5.536215435281515e-04 -1.528796942839131e+00  2.901966615262389e-01 -1.528796942839131e+00  3.467366961919193e-01 -1.528796942839131e+00  3.086075400312606e-03 
-1.524796942839131e+00  1.649662473519430e+00 -1.524796942839131e+00  9.662536327379095e-01 -1.524796942839131e+00  1.303690646651355e+00 -1.524796942839131e+00  1.662101416313609e-01 -1.524796942839131e+00  5.560750172181388e-04 -1.524796942839131e+00  2.908549603777492e-01 -1.524796942839131e+00  3.464385456738797e-01 -1.524796942839131e+00  3.083916903001207e-03 
-1.520796942839131e+00  1.648997659528081e+00 -1.520796942839131e+00  9.668390675725806e-01 -1.520796942839131e+00  1.302514827227490e+00 -1.520796942839131e+00  1.664824186762522e-01 -1.520796942839131e+00  5.585341270310366e-04 -1.520796942839131e+00  2.915169118766571e-01 -1.520796942839131e+00  3.461407371478373e-01 -1.520796942839131e+00  3.081751457423418e-03 
-1.516796942839131e+00  1.648331312384032e+00 -1.516796942839131e+00  9.674263911165690e-01 -1.516796942839131e+00  1.301337477187822e+00 -1.516796942839131e+00  1.667546320712338e-01 -1.516796942839131e+00  5.609989072760103e-04 -1.516796942839131e+00  2.921825427354527e-01 -1.516796942839131e+00  3.458432773257016e-01 -1.516796942839131e+00  3.079579025761115e-03 
-1.512796942839131e+00  1.647663422755945e+00 -1.512796942839131e+00  9.680156137200875e-01 -1.512796942839131e+00  1.300158594455353e+00 -1.512796942839131e+00  1.670267852305810e-01 -1.512796942839131e+00  5.634693924690760e-04 -1.512796942839131e+00  2.928518798190911e-01 -1.512796942839131e+00  3.455461729593262e-01 -1.512796942839131e+00  3.077399569730203e-03 
-1.508796942839131e+00  1.646993981225708e+00 -1.508796942839131e+00  9.686067457790706e-01 -1.508796942839131e+00  1.298978176859713e+00 -1.508796942839131e+00  1.672988815688728e-01 -1.508796942839131e+00  5.659456174473009e-04 -1.508796942839131e+00  2.935249501167732e-01 -1.508796942839131e+00  3.452494308592179e-01 -1.508796942839131e+00  3.075213050877534e-03 
-1.504796942839131e+00  1.646322978304608e+00 -1.504796942839131e+00  9.691997977638118e-01 -1.504796942839131e+00  1.297796222144674e+00 -1.504796942839131e+00  1.675709244945803e-01 -1.504796942839131e+00  5.684276173089915e-04 -1.504796942839131e+00  2.942017807442199e-01 -1.504796942839131e+00  3.449530578853686e-01 -1.504796942839131e+00  3.073019430474871e-03 
-1.500796942839131e+00  1.645650404433379e+00 -1.500796942839131e+00  9.697947802095207e-01 -1.500796942839131e+00  1.296612727968573e+00 -1.500796942839131e+00  1.678429174100436e-01 -1.500796942839131e+00  5.709154274134527e-04 -1.500796942839131e+00  2.948823989346919e-01 -1.500796942839131e+00  3.446570609476280e-01 -1.500796942839131e+00  3.070818669553882e-03 
-1.496796942839131e+00  1.644976249995335e+00 -1.496796942839131e+00  9.703917037368565e-01 -1.496796942839131e+00  1.295427691910599e+00 -1.496796942839131e+00  1.681148637063601e-01 -1.496796942839131e+00  5.734090833324579e-04 -1.496796942839131e+00  2.955668320383990e-01 -1.496796942839131e+00  3.443614469983318e-01 -1.496796942839131e+00  3.068610728830157e-03 
-1.492796942839131e+00  1.644300505307051e+00 -1.492796942839131e+00  9.709905790192475e-01 -1.492796942839131e+00  1.294241111467090e+00 -1.492796942839131e+00  1.683867667670764e-01 -1.492796942839131e+00  5.759086208847324e-04 -1.492796942839131e+00  2.962551075058978e-01 -1.492796942839131e+00  3.440662230382167e-01 -1.492796942839131e+00  3.066395568824107e-03 
-1.488796942839131e+00  1.643623160624181e+00 -1.488796942839131e+00  9.715914167849254e-01 -1.488796942839131e+00  1.293052984054571e+00 -1.488796942839131e+00  1.686586299659440e-01 -1.488796942839131e+00  5.784140761143821e-04 -1.488796942839131e+00  2.969472528811088e-01 -1.488796942839131e+00  3.437713961133652e-01 -1.488796942839131e+00  3.064173149853433e-03 
-1.484796942839131e+00  1.642944206149541e+00 -1.484796942839131e+00  9.721942278237059e-01 -1.484796942839131e+00  1.291863307013841e+00 -1.484796942839131e+00  1.689304566638450e-01 -1.484796942839131e+00  5.809254852610383e-04 -1.484796942839131e+00  2.976432957953536e-01 -1.484796942839131e+00  3.434769733107877e-01 -1.484796942839131e+00  3.061943432008032e-03 
-1.480796942839131e+00  1.642263632028126e+00 -1.480796942839131e+00  9.727990229621429e-01 -1.480796942839131e+00  1.290672077608214e+00 -1.480796942839131e+00  1.692022502107950e-01 -1.480796942839131e+00  5.834428847782400e-04 -1.480796942839131e+00  2.983432639514539e-01 -1.480796942839131e+00  3.431829617617708e-01 -1.480796942839131e+00  3.059706375241948e-03 
-1.476796942839131e+00  1.641581428359752e+00 -1.476796942839131e+00  9.734058130796033e-01 -1.476796942839131e+00  1.289479293029700e+00 -1.476796942839131e+00  1.694740139411422e-01 -1.476796942839131e+00  5.859663112867245e-04 -1.476796942839131e+00  2.990471851195777e-01 -1.476796942839131e+00  3.428893686347396e-01 -1.476796942839131e+00  3.057461939313826e-03 
-1.472796942839131e+00  1.640897585210434e+00 -1.472796942839131e+00  9.740146091207287e-01 -1.472796942839131e+00  1.288284950404699e+00 -1.472796942839131e+00  1.697457511693194e-01 -1.472796942839131e+00  5.884958015323297e-04 -1.472796942839131e+00  2.997550871317013e-01 -1.472796942839131e+00  3.425962011288875e-01 -1.472796942839131e+00  3.055210083740894e-03 
-1.468796942839131e+00  1.640212092589192e+00 -1.468796942839131e+00  9.746254220250584e-01 -1.468796942839131e+00  1.287089046784008e+00 -1.468796942839131e+00  1.700174651988877e-01 -1.468796942839131e+00  5.910313924717283e-04 -1.468796942839131e+00  3.004669978501884e-01 -1.468796942839131e+00  3.423034664882668e-01 -1.468796942839131e+00  3.052950768059266e-03 
-1.464796942839131e+00  1.639524940481338e+00 -1.464796942839131e+00  9.752382627897433e-01 -1.464796942839131e+00  1.285891579158469e+00 -1.464796942839131e+00  1.702891593098930e-01 -1.464796942839131e+00  5.935731211493821e-04 -1.464796942839131e+00  3.011829451764130e-01 -1.464796942839131e+00  3.420111719824156e-01 -1.464796942839131e+00  3.050683951591943e-03 
-1.460796942839131e+00  1.638836118845166e+00 -1.460796942839131e+00  9.758531424448240e-01 -1.460796942839131e+00  1.284692544458082e+00 -1.460796942839131e+00  1.705608367603379e-01 -1.460796942839131e+00  5.961210247097379e-04 -1.460796942839131e+00  3.019029570323080e-01 -1.460796942839131e+00  3.417193249086433e-01 -1.460796942839131e+00  3.048409593540270e-03 
-1.456796942839131e+00  1.638145617605520e+00 -1.456796942839131e+00  9.764700720198681e-01 -1.456796942839131e+00  1.283491939549632e+00 -1.456796942839131e+00  1.708325007888209e-01 -1.456796942839131e+00  5.986751404210109e-04 -1.456796942839131e+00  3.026270613384066e-01 -1.456796942839131e+00  3.414279325961859e-01 -1.456796942839131e+00  3.046127653107344e-03 
-1.452796942839131e+00  1.637453426670138e+00 -1.452796942839131e+00  9.770890625641298e-01 -1.452796942839131e+00  1.282289761244781e+00 -1.452796942839131e+00  1.711041546085110e-01 -1.452796942839131e+00  6.012355056147706e-04 -1.452796942839131e+00  3.033552860079535e-01 -1.452796942839131e+00  3.411370023968278e-01 -1.452796942839131e+00  3.043838089423446e-03 
-1.448796942839131e+00  1.636759535936476e+00 -1.448796942839131e+00  9.777101251432321e-01 -1.448796942839131e+00  1.281086006303836e+00 -1.448796942839131e+00  1.713758014048024e-01 -1.448796942839131e+00  6.038021576606577e-04 -1.448796942839131e+00  3.040876589332739e-01 -1.448796942839131e+00  3.408465416811595e-01 -1.448796942839131e+00  3.041540861558309e-03 
-1.444796942839131e+00  1.636063935288650e+00 -1.444796942839131e+00  9.783332708111162e-01 -1.444796942839131e+00  1.279880671435006e+00 -1.444796942839131e+00  1.716474443367368e-01 -1.444796942839131e+00  6.063751339777060e-04 -1.444796942839131e+00  3.048242079636533e-01 -1.444796942839131e+00  3.405565578407015e-01 -1.444796942839131e+00  3.039235928624868e-03 
-1.440796942839131e+00  1.635366614617550e+00 -1.440796942839131e+00  9.789585106368207e-01 -1.440796942839131e+00  1.278673753304369e+00 -1.440796942839131e+00  1.719190865296887e-01 -1.440796942839131e+00  6.089544719599561e-04 -1.440796942839131e+00  3.055649609001008e-01 -1.440796942839131e+00  3.402670582762553e-01 -1.440796942839131e+00  3.036923249680241e-03 
-1.436796942839131e+00  1.634667563803777e+00 -1.436796942839131e+00  9.795858556408090e-01 -1.436796942839131e+00  1.277465248528675e+00 -1.436796942839131e+00  1.721907310821058e-01 -1.436796942839131e+00  6.115402090395434e-04 -1.436796942839131e+00  3.063099454605306e-01 -1.436796942839131e+00  3.399780504082927e-01 -1.436796942839131e+00  3.034602783961185e-03 
-1.432796942839131e+00  1.633966772750001e+00 -1.432796942839131e+00  9.802153168493636e-01 -1.432796942839131e+00  1.276255153691056e+00 -1.432796942839131e+00  1.724623810536590e-01 -1.432796942839131e+00  6.141323825670445e-04 -1.432796942839131e+00  3.070591892822607e-01 -1.432796942839131e+00  3.396895416580473e-01 -1.432796942839131e+00  3.032274490682959e-03 
-1.428796942839131e+00  1.633264231375345e+00 -1.428796942839131e+00  9.808469052566927e-01 -1.428796942839131e+00  1.275043465339214e+00 -1.428796942839131e+00  1.727340394677380e-01 -1.428796942839131e+00  6.167310298321976e-04 -1.428796942839131e+00  3.078127198943263e-01 -1.428796942839131e+00  3.394015394510782e-01 -1.428796942839131e+00  3.029938329179448e-03 
-1.424796942839130e+00  1.632559929622123e+00 -1.424796942839130e+00  9.814806318156717e-01 -1.424796942839130e+00  1.273830179989329e+00 -1.424796942839130e+00  1.730057093093204e-01 -1.424796942839130e+00  6.193361880390375e-04 -1.424796942839130e+00  3.085705646983052e-01 -1.424796942839130e+00  3.391140512135242e-01 -1.424796942839130e+00  3.027594258937429e-03 
-1.420796942839130e+00  1.631853857462848e+00 -1.420796942839130e+00  9.821165074283793e-01 -1.420796942839130e+00  1.272615294130132e+00 -1.420796942839130e+00  1.732773935227651e-01 -1.420796942839130e+00  6.219478942799306e-04 -1.420796942839130e+00  3.093327509484711e-01 -1.420796942839130e+00  3.388270843681575e-01 -1.420796942839130e+00  3.025242239631551e-03 
-1.416796942839130e+00  1.631146004919022e+00 -1.416796942839130e+00  9.827545429643331e-01 -1.416796942839130e+00  1.271398804232557e+00 -1.416796942839130e+00  1.735490950052761e-01 -1.416796942839130e+00  6.245661854660800e-04 -1.416796942839130e+00  3.100993057406271e-01 -1.416796942839130e+00  3.385406463234673e-01 -1.416796942839130e+00  3.022882231056927e-03 
-1.412796942839130e+00  1.630436362050173e+00 -1.412796942839130e+00  9.833947492053744e-01 -1.412796942839130e+00  1.270180706745474e+00 -1.412796942839130e+00  1.738208166114648e-01 -1.412796942839130e+00  6.271910983680853e-04 -1.412796942839130e+00  3.108702559759672e-01 -1.412796942839130e+00  3.382547444803443e-01 -1.412796942839130e+00  3.020514193332976e-03 
-1.408796942839130e+00  1.629724918980949e+00 -1.408796942839130e+00  9.840371368823602e-01 -1.408796942839130e+00  1.268960998109314e+00 -1.408796942839130e+00  1.740925611438095e-01 -1.408796942839130e+00  6.298226695156998e-04 -1.408796942839130e+00  3.116456283549307e-01 -1.408796942839130e+00  3.379693862161937e-01 -1.408796942839130e+00  3.018138086767651e-03 
-1.404796942839130e+00  1.629011665886861e+00 -1.404796942839130e+00  9.846817166098223e-01 -1.404796942839130e+00  1.267739674750273e+00 -1.404796942839130e+00  1.743643313584747e-01 -1.404796942839130e+00  6.324609352506297e-04 -1.404796942839130e+00  3.124254493362468e-01 -1.404796942839130e+00  3.376845788935632e-01 -1.404796942839130e+00  3.015753872099248e-03 
-1.400796942839130e+00  1.628296593029993e+00 -1.400796942839130e+00  9.853284989421931e-01 -1.400796942839130e+00  1.266516733098135e+00 -1.400796942839130e+00  1.746361299527013e-01 -1.400796942839130e+00  6.351059315943540e-04 -1.400796942839130e+00  3.132097451364879e-01 -1.400796942839130e+00  3.374003298390956e-01 -1.400796942839130e+00  3.013361510288308e-03 
-1.396796942839130e+00  1.627579690750725e+00 -1.396796942839130e+00  9.859774943212870e-01 -1.396796942839130e+00  1.265292169583376e+00 -1.396796942839130e+00  1.749079595684964e-01 -1.396796942839130e+00  6.377576942788221e-04 -1.396796942839130e+00  3.139985416923380e-01 -1.396796942839130e+00  3.371166463485804e-01 -1.396796942839130e+00  3.010960962711959e-03 
-1.392796942839130e+00  1.626860949485593e+00 -1.392796942839130e+00  9.866287130871207e-01 -1.392796942839130e+00  1.264065980646657e+00 -1.392796942839130e+00  1.751798227867180e-01 -1.392796942839130e+00  6.404162586803110e-04 -1.392796942839130e+00  3.147918646438346e-01 -1.392796942839130e+00  3.368335356764676e-01 -1.392796942839130e+00  3.008552191123847e-03 
-1.388796942839130e+00  1.626140359761654e+00 -1.388796942839130e+00  9.872821654298148e-01 -1.388796942839130e+00  1.262838162737193e+00 -1.388796942839130e+00  1.754517221298136e-01 -1.388796942839130e+00  6.430816598403342e-04 -1.388796942839130e+00  3.155897392967895e-01 -1.388796942839130e+00  3.365510050393128e-01 -1.388796942839130e+00  3.006135157832090e-03 
-1.384796942839130e+00  1.625417912217782e+00 -1.384796942839130e+00  9.879378614072242e-01 -1.384796942839130e+00  1.261608712323963e+00 -1.384796942839130e+00  1.757236600547347e-01 -1.384796942839130e+00  6.457539323868532e-04 -1.384796942839130e+00  3.163921906073789e-01 -1.384796942839130e+00  3.362690616032176e-01 -1.384796942839130e+00  3.003709825634015e-03 
-1.380796942839130e+00  1.624693597628089e+00 -1.380796942839130e+00  9.885958109674891e-01 -1.380796942839130e+00  1.260377625908057e+00 -1.380796942839130e+00  1.759956389451874e-01 -1.380796942839130e+00  6.484331104476359e-04 -1.380796942839130e+00  3.171992431684286e-01 -1.380796942839130e+00  3.359877124699906e-01 -1.380796942839130e+00  3.001276157732760e-03 
-1.376796942839130e+00  1.623967406886926e+00 -1.376796942839130e+00  9.892560238752873e-01 -1.376796942839130e+00  1.259144900016672e+00 -1.376796942839130e+00  1.762676611178848e-01 -1.376796942839130e+00  6.511192277057111e-04 -1.376796942839130e+00  3.180109211613878e-01 -1.376796942839130e+00  3.357069646860878e-01 -1.376796942839130e+00  2.998834118010107e-03 
-1.372796942839130e+00  1.623239331024524e+00 -1.372796942839130e+00  9.899185097132530e-01 -1.372796942839130e+00  1.257910531211757e+00 -1.372796942839130e+00  1.765397288176712e-01 -1.372796942839130e+00  6.538123173415647e-04 -1.372796942839130e+00  3.188272483340706e-01 -1.372796942839130e+00  3.354268252333668e-01 -1.372796942839130e+00  2.996383671021160e-03 
-1.368796942839130e+00  1.622509361231525e+00 -1.368796942839130e+00  9.905832779054160e-01 -1.368796942839130e+00  1.256674516103039e+00 -1.368796942839130e+00  1.768118442095147e-01 -1.368796942839130e+00  6.565124119423714e-04 -1.368796942839130e+00  3.196482479861772e-01 -1.368796942839130e+00  3.351473010145134e-01 -1.368796942839130e+00  2.993924781907688e-03 
-1.364796942839130e+00  1.621777488853150e+00 -1.364796942839130e+00  9.912503376640066e-01 -1.364796942839130e+00  1.255436851346477e+00 -1.364796942839130e+00  1.770840093815173e-01 -1.364796942839130e+00  6.592195435235612e-04 -1.364796942839130e+00  3.204739429271519e-01 -1.364796942839130e+00  3.348683988564974e-01 -1.364796942839130e+00  2.991457416594883e-03 
-1.360796942839130e+00  1.621043705411493e+00 -1.360796942839130e+00  9.919196980062367e-01 -1.360796942839130e+00  1.254197533656297e+00 -1.360796942839130e+00  1.773562263378221e-01 -1.360796942839130e+00  6.619337434463810e-04 -1.360796942839130e+00  3.213043554587903e-01 -1.360796942839130e+00  3.345901254972957e-01 -1.360796942839130e+00  2.988981541729267e-03 
-1.356796942839130e+00  1.620308002623138e+00 -1.356796942839130e+00  9.925913677592617e-01 -1.356796942839130e+00  1.252956559814885e+00 -1.356796942839130e+00  1.776284969932911e-01 -1.356796942839130e+00  6.646550423527175e-04 -1.356796942839130e+00  3.221395073536838e-01 -1.356796942839130e+00  3.343124875753674e-01 -1.356796942839130e+00  2.986497124660371e-03 
-1.352796942839130e+00  1.619570372372257e+00 -1.352796942839130e+00  9.932653554518919e-01 -1.352796942839130e+00  1.251713926661045e+00 -1.352796942839130e+00  1.779008231841218e-01 -1.352796942839130e+00  6.673834702645630e-04 -1.352796942839130e+00  3.229794197918332e-01 -1.352796942839130e+00  3.340354916455802e-01 -1.352796942839130e+00  2.984004133841282e-03 
-1.348796942839130e+00  1.618830806771136e+00 -1.348796942839130e+00  9.939416694273514e-01 -1.348796942839130e+00  1.250469631120787e+00 -1.348796942839130e+00  1.781732066472569e-01 -1.348796942839130e+00  6.701190563601973e-04 -1.348796942839130e+00  3.238241133781041e-01 -1.348796942839130e+00  3.337591441431275e-01 -1.348796942839130e+00  2.981502538411509e-03 
-1.344796942839130e+00  1.618089298143234e+00 -1.344796942839130e+00  9.946203177598077e-01 -1.344796942839130e+00  1.249223670200535e+00 -1.344796942839130e+00  1.784456490275513e-01 -1.344796942839130e+00  6.728618290368490e-04 -1.344796942839130e+00  3.246736080878495e-01 -1.344796942839130e+00  3.334834513935020e-01 -1.344796942839130e+00  2.978992308505781e-03 
-1.340796942839130e+00  1.617345839038835e+00 -1.340796942839130e+00  9.953013082532739e-01 -1.340796942839130e+00  1.247976040996191e+00 -1.340796942839130e+00  1.787181518733092e-01 -1.340796942839130e+00  6.756118158527531e-04 -1.340796942839130e+00  3.255279232425885e-01 -1.340796942839130e+00  3.332084196030426e-01 -1.340796942839130e+00  2.976473415258088e-03 
-1.336796942839130e+00  1.616600422241135e+00 -1.336796942839130e+00  9.959846484160354e-01 -1.336796942839130e+00  1.246726740697572e+00 -1.336796942839130e+00  1.789907166352737e-01 -1.336796942839130e+00  6.783690435046582e-04 -1.336796942839130e+00  3.263870774766110e-01 -1.336796942839130e+00  3.329340548551757e-01 -1.336796942839130e+00  2.973945830896299e-03 
-1.332796942839130e+00  1.615853040792893e+00 -1.332796942839130e+00  9.966703454880133e-01 -1.332796942839130e+00  1.245475766602975e+00 -1.332796942839130e+00  1.792633446583966e-01 -1.332796942839130e+00  6.811335377292547e-04 -1.332796942839130e+00  3.272510887236915e-01 -1.332796942839130e+00  3.326603630943697e-01 -1.332796942839130e+00  2.971409528640906e-03 
-1.328796942839130e+00  1.615103687989973e+00 -1.328796942839130e+00  9.973584063833599e-01 -1.328796942839130e+00  1.244223116117551e+00 -1.328796942839130e+00  1.795360371853527e-01 -1.328796942839130e+00  6.839053233270493e-04 -1.328796942839130e+00  3.281199741720090e-01 -1.328796942839130e+00  3.323873501297966e-01 -1.328796942839130e+00  2.968864482917380e-03 
-1.324796942839130e+00  1.614352357405419e+00 -1.324796942839130e+00  9.980488377117603e-01 -1.324796942839130e+00  1.242968786766685e+00 -1.324796942839130e+00  1.798087953493225e-01 -1.324796942839130e+00  6.866844240733403e-04 -1.324796942839130e+00  3.289937502490524e-01 -1.324796942839130e+00  3.321150216207859e-01 -1.324796942839130e+00  2.966310669277366e-03 
-1.320796942839130e+00  1.613599042894099e+00 -1.320796942839130e+00  9.987416457502472e-01 -1.320796942839130e+00  1.241712776199888e+00 -1.320796942839130e+00  1.800816201736617e-01 -1.320796942839130e+00  6.894708627009859e-04 -1.320796942839130e+00  3.298724325880802e-01 -1.320796942839130e+00  3.318433830738227e-01 -1.320796942839130e+00  2.963748064502962e-03 
-1.316796942839130e+00  1.612843738601638e+00 -1.316796942839130e+00  9.994368364263913e-01 -1.316796942839130e+00  1.240455082196804e+00 -1.316796942839130e+00  1.803545125700998e-01 -1.316796942839130e+00  6.922646608674074e-04 -1.316796942839130e+00  3.307560359991696e-01 -1.316796942839130e+00  3.315724398369794e-01 -1.316796942839130e+00  2.961176646668888e-03 
-1.312796942839130e+00  1.612086438984275e+00 -1.312796942839130e+00  1.000134415330677e+00 -1.312796942839130e+00  1.239195702678669e+00 -1.312796942839130e+00  1.806274733331655e-01 -1.312796942839130e+00  6.950658390811491e-04 -1.312796942839130e+00  3.316445744520788e-01 -1.312796942839130e+00  3.313021970878039e-01 -1.312796942839130e+00  2.958596395096652e-03 
-1.308796942839130e+00  1.611327138800292e+00 -1.308796942839130e+00  1.000834387655450e+00 -1.308796942839130e+00  1.237934635705709e+00 -1.308796942839130e+00  1.809005031445531e-01 -1.308796942839130e+00  6.978744167335175e-04 -1.308796942839130e+00  3.325380610309825e-01 -1.308796942839130e+00  3.310326598381512e-01 -1.308796942839130e+00  2.956007290580494e-03 
-1.304796942839130e+00  1.610565833140718e+00 -1.304796942839130e+00  1.001536758237224e+00 -1.304796942839130e+00  1.236671879494031e+00 -1.304796942839130e+00  1.811736025638566e-01 -1.304796942839130e+00  7.006904119850874e-04 -1.304796942839130e+00  3.334365079300922e-01 -1.304796942839130e+00  3.307638329155625e-01 -1.304796942839130e+00  2.953409315230781e-03 
-1.300796942839130e+00  1.609802517439828e+00 -1.300796942839130e+00  1.002241531547613e+00 -1.300796942839130e+00  1.235407432422595e+00 -1.300796942839130e+00  1.814467720264049e-01 -1.300796942839130e+00  7.035138417268124e-04 -1.300796942839130e+00  3.343399264301583e-01 -1.300796942839130e+00  3.304957209566738e-01 -1.300796942839130e+00  2.950802452507589e-03 
-1.296796942839130e+00  1.609037187456294e+00 -1.296796942839130e+00  1.002948711607819e+00 -1.296796942839130e+00  1.234141293025479e+00 -1.296796942839130e+00  1.817200118512439e-01 -1.296796942839130e+00  7.063447216497574e-04 -1.296796942839130e+00  3.352483268450370e-01 -1.296796942839130e+00  3.302283284181122e-01 -1.296796942839130e+00  2.948186687537066e-03 
-1.292796942839130e+00  1.608269839311278e+00 -1.292796942839130e+00  1.003658302054068e+00 -1.292796942839130e+00  1.232873460012605e+00 -1.292796942839130e+00  1.819933222294547e-01 -1.292796942839130e+00  7.091830661042211e-04 -1.292796942839130e+00  3.361617185288971e-01 -1.292796942839130e+00  3.299616595534102e-01 -1.292796942839130e+00  2.945562006869260e-03 
-1.288796942839130e+00  1.607500469500986e+00 -1.288796942839130e+00  1.004370306137834e+00 -1.288796942839130e+00  1.231603932277797e+00 -1.288796942839130e+00  1.822667032213921e-01 -1.288796942839130e+00  7.120288880532632e-04 -1.288796942839130e+00  3.370801098588428e-01 -1.288796942839130e+00  3.296957184051258e-01 -1.288796942839130e+00  2.942928398477406e-03 
-1.284796942839130e+00  1.606729074866995e+00 -1.284796942839130e+00  1.005084726615022e+00 -1.284796942839130e+00  1.230332708885616e+00 -1.284796942839130e+00  1.825401547684042e-01 -1.284796942839130e+00  7.148821991824758e-04 -1.284796942839130e+00  3.380035081732937e-01 -1.284796942839130e+00  3.294305088221546e-01 -1.284796942839130e+00  2.940285852167798e-03 
-1.280796942839130e+00  1.605955652649484e+00 -1.280796942839130e+00  1.005801565856848e+00 -1.280796942839130e+00  1.229059789099817e+00 -1.280796942839130e+00  1.828136766761267e-01 -1.280796942839130e+00  7.177430097031103e-04 -1.280796942839130e+00  3.389319198008494e-01 -1.280796942839130e+00  3.291660344275379e-01 -1.280796942839130e+00  2.937634359169605e-03 
-1.276796942839130e+00  1.605180200467569e+00 -1.276796942839130e+00  1.006520825768896e+00 -1.276796942839130e+00  1.227785172375244e+00 -1.276796942839130e+00  1.830872686228109e-01 -1.276796942839130e+00  7.206113284247841e-04 -1.276796942839130e+00  3.398653500127262e-01 -1.276796942839130e+00  3.289022986297659e-01 -1.276796942839130e+00  2.934973912434321e-03 
-1.272796942839130e+00  1.604402716332588e+00 -1.272796942839130e+00  1.007242507799359e+00 -1.272796942839130e+00  1.226508858366246e+00 -1.272796942839130e+00  1.833609301563632e-01 -1.272796942839130e+00  7.234871627063424e-04 -1.272796942839130e+00  3.408038030122542e-01 -1.272796942839130e+00  3.286393046144082e-01 -1.272796942839130e+00  2.932304506605290e-03 
-1.268796942839130e+00  1.603623198657181e+00 -1.268796942839130e+00  1.007966612938237e+00 -1.268796942839130e+00  1.225230846933015e+00 -1.268796942839130e+00  1.836346606928580e-01 -1.268796942839130e+00  7.263705184222890e-04 -1.268796942839130e+00  3.417472819219496e-01 -1.268796942839130e+00  3.283770553382143e-01 -1.268796942839130e+00  2.929626138020606e-03 
-1.264796942839130e+00  1.602841646263262e+00 -1.264796942839130e+00  1.008693141715589e+00 -1.264796942839130e+00  1.223951138147378e+00 -1.264796942839130e+00  1.839084595154492e-01 -1.264796942839130e+00  7.292613999332894e-04 -1.264796942839130e+00  3.426957887714726e-01 -1.264796942839130e+00  3.281155535238870e-01 -1.264796942839130e+00  2.926938804719679e-03 
-1.260796942839130e+00  1.602058058379276e+00 -1.260796942839130e+00  1.009422094172942e+00 -1.260796942839130e+00  1.222669732293137e+00 -1.260796942839130e+00  1.841823257769171e-01 -1.260796942839130e+00  7.321598100963135e-04 -1.260796942839130e+00  3.436493244755676e-01 -1.260796942839130e+00  3.278548016612240e-01 -1.260796942839130e+00  2.924242506548881e-03 
-1.256796942839130e+00  1.601272434664413e+00 -1.256796942839130e+00  1.010153469909984e+00 -1.256796942839130e+00  1.221386629880112e+00 -1.256796942839130e+00  1.844562584931235e-01 -1.256796942839130e+00  7.350657501750823e-04 -1.256796942839130e+00  3.446078888448406e-01 -1.256796942839130e+00  3.275948019921393e-01 -1.256796942839130e+00  2.921537244988919e-03 
-1.252796942839130e+00  1.600484775178487e+00 -1.252796942839130e+00  1.010887267985834e+00 -1.252796942839130e+00  1.220101831630540e+00 -1.252796942839130e+00  1.847302565547858e-01 -1.252796942839130e+00  7.379792199514638e-04 -1.252796942839130e+00  3.455714805366680e-01 -1.252796942839130e+00  3.273355565281780e-01 -1.252796942839130e+00  2.918823023519989e-03 
-1.248796942839130e+00  1.599695080418147e+00 -1.248796942839130e+00  1.011623487003035e+00 -1.248796942839130e+00  1.218815338499204e+00 -1.248796942839130e+00  1.850043187169012e-01 -1.248796942839130e+00  7.409002175915376e-04 -1.248796942839130e+00  3.465400970843501e-01 -1.248796942839130e+00  3.270770670283234e-01 -1.248796942839130e+00  2.916099847311078e-03 
-1.244796942839130e+00  1.598903351309847e+00 -1.244796942839130e+00  1.012362125076547e+00 -1.244796942839130e+00  1.217527151671569e+00 -1.244796942839130e+00  1.852784436027610e-01 -1.244796942839130e+00  7.438287396716210e-04 -1.244796942839130e+00  3.475137348793458e-01 -1.244796942839130e+00  3.268193350026766e-01 -1.244796942839130e+00  2.913367723334725e-03 
-1.240796942839130e+00  1.598109589209944e+00 -1.240796942839130e+00  1.013103179824369e+00 -1.240796942839130e+00  1.216237272565503e+00 -1.240796942839130e+00  1.855526297055354e-01 -1.240796942839130e+00  7.467647811778733e-04 -1.240796942839130e+00  3.484923891639067e-01 -1.240796942839130e+00  3.265623617118557e-01 -1.240796942839130e+00  2.910626660401602e-03 
-1.236796942839130e+00  1.597313795902654e+00 -1.236796942839130e+00  1.013846648354695e+00 -1.236796942839130e+00  1.214945702831883e+00 -1.236796942839130e+00  1.858268753905581e-01 -1.236796942839130e+00  7.497083355138629e-04 -1.236796942839130e+00  3.494760540235061e-01 -1.236796942839130e+00  3.263061481676773e-01 -1.236796942839130e+00  2.907876669208130e-03 
-1.232796942839130e+00  1.596515973620324e+00 -1.232796942839130e+00  1.014592527317400e+00 -1.232796942839130e+00  1.213652444366627e+00 -1.232796942839130e+00  1.861011788901892e-01 -1.232796942839130e+00  7.526593944255905e-04 -1.232796942839130e+00  3.504647224086219e-01 -1.232796942839130e+00  3.260506951204599e-01 -1.232796942839130e+00  2.905117762145956e-03 
-1.228796942839130e+00  1.595716125005777e+00 -1.228796942839130e+00  1.015340812797705e+00 -1.228796942839130e+00  1.212357499292954e+00 -1.228796942839130e+00  1.863755383179063e-01 -1.228796942839130e+00  7.556179481407762e-04 -1.228796942839130e+00  3.514583860894526e-01 -1.228796942839130e+00  3.257960030810202e-01 -1.228796942839130e+00  2.902349953695364e-03 
-1.224796942839130e+00  1.594914253166990e+00 -1.224796942839130e+00  1.016091500468562e+00 -1.224796942839130e+00  1.211060869991080e+00 -1.224796942839130e+00  1.866499516517510e-01 -1.224796942839130e+00  7.585839851666086e-04 -1.224796942839130e+00  3.524570357246464e-01 -1.224796942839130e+00  3.255420722873555e-01 -1.224796942839130e+00  2.899573259861463e-03 
-1.220796942839130e+00  1.594110361623579e+00 -1.220796942839130e+00  1.016844585445207e+00 -1.220796942839130e+00  1.209762559072221e+00 -1.220796942839130e+00  1.869244167536096e-01 -1.220796942839130e+00  7.615574924876673e-04 -1.220796942839130e+00  3.534606608015961e-01 -1.220796942839130e+00  3.252889027361339e-01 -1.220796942839130e+00  2.896787698712399e-03 
-1.216796942839130e+00  1.593304454331265e+00 -1.216796942839130e+00  1.017600062358808e+00 -1.216796942839130e+00  1.208462569392692e+00 -1.216796942839130e+00  1.871989313626367e-01 -1.216796942839130e+00  7.645384554754608e-04 -1.216796942839130e+00  3.544692496737123e-01 -1.216796942839130e+00  3.250364941674796e-01 -1.216796942839130e+00  2.893993290106733e-03 
-1.212796942839130e+00  1.592496535691278e+00 -1.212796942839130e+00  1.018357925391787e+00 -1.212796942839130e+00  1.207160904060272e+00 -1.212796942839130e+00  1.874734930937029e-01 -1.212796942839130e+00  7.675268578536118e-04 -1.212796942839130e+00  3.554827895828927e-01 -1.212796942839130e+00  3.247848460587361e-01 -1.212796942839130e+00  2.891190055562919e-03 
-1.208796942839130e+00  1.591686610514486e+00 -1.208796942839130e+00  1.019118168187976e+00 -1.208796942839130e+00  1.205857566417076e+00 -1.208796942839130e+00  1.877480994506647e-01 -1.208796942839130e+00  7.705226818305505e-04 -1.208796942839130e+00  3.565012666275743e-01 -1.208796942839130e+00  3.245339576454272e-01 -1.208796942839130e+00  2.888378018591580e-03 
-1.204796942839130e+00  1.590874684048913e+00 -1.204796942839130e+00  1.019880783943730e+00 -1.204796942839130e+00  1.204552560055207e+00 -1.204796942839130e+00  1.880227478187914e-01 -1.204796942839130e+00  7.735259079977335e-04 -1.204796942839130e+00  3.575246658126072e-01 -1.204796942839130e+00  3.242838279041701e-01 -1.204796942839130e+00  2.885557204358459e-03 
-1.200796942839130e+00  1.590060761957215e+00 -1.200796942839130e+00  1.020645765360628e+00 -1.200796942839130e+00  1.203245888806434e+00 -1.200796942839130e+00  1.882974354735763e-01 -1.200796942839130e+00  7.765365154129733e-04 -1.200796942839130e+00  3.585529710388172e-01 -1.200796942839130e+00  3.240344555656180e-01 -1.200796942839130e+00  2.882727639859472e-03 
-1.196796942839130e+00  1.589244850321669e+00 -1.196796942839130e+00  1.021413104678278e+00 -1.196796942839130e+00  1.201937556746082e+00 -1.196796942839130e+00  1.885721595804955e-01 -1.196796942839130e+00  7.795544815819099e-04 -1.196796942839130e+00  3.595861651296552e-01 -1.196796942839130e+00  3.237858391108953e-01 -1.196796942839130e+00  2.879889353799275e-03 
-1.192796942839130e+00  1.588426955634331e+00 -1.192796942839130e+00  1.022182793667522e+00 -1.192796942839130e+00  1.200627568189202e+00 -1.192796942839130e+00  1.888469171995913e-01 -1.192796942839130e+00  7.825797824945386e-04 -1.192796942839130e+00  3.606242298413669e-01 -1.192796942839130e+00  3.235379767769404e-01 -1.192796942839130e+00  2.877042376616405e-03 
-1.188796942839130e+00  1.587607084793115e+00 -1.188796942839130e+00  1.022954823642821e+00 -1.188796942839130e+00  1.199315927689726e+00 -1.188796942839130e+00  1.891217052880616e-01 -1.188796942839130e+00  7.856123926395773e-04 -1.188796942839130e+00  3.616671458829636e-01 -1.188796942839130e+00  3.232908665582958e-01 -1.188796942839130e+00  2.874186740437517e-03 
-1.184796942839130e+00  1.586785245092666e+00 -1.184796942839130e+00  1.023729185461979e+00 -1.184796942839130e+00  1.198002640036886e+00 -1.184796942839130e+00  1.893965207045130e-01 -1.184796942839130e+00  7.886522850383246e-04 -1.184796942839130e+00  3.627148929316147e-01 -1.184796942839130e+00  3.230445062120283e-01 -1.184796942839130e+00  2.871322479078389e-03 
-1.180796942839130e+00  1.585961444221499e+00 -1.180796942839130e+00  1.024505869545973e+00 -1.180796942839130e+00  1.196687710254835e+00 -1.180796942839130e+00  1.896713602111350e-01 -1.180796942839130e+00  7.916994312552180e-04 -1.180796942839130e+00  3.637674496583509e-01 -1.180796942839130e+00  3.227988932589059e-01 -1.180796942839130e+00  2.868449627970541e-03 
-1.176796942839130e+00  1.585135690257130e+00 -1.176796942839130e+00  1.025284865895401e+00 -1.176796942839130e+00  1.195371143601176e+00 -1.176796942839130e+00  1.899462204764875e-01 -1.176796942839130e+00  7.947538014157977e-04 -1.176796942839130e+00  3.648247937533782e-01 -1.176796942839130e+00  3.225540249857572e-01 -1.176796942839130e+00  2.865568224100416e-03 
-1.172796942839130e+00  1.584307991643509e+00 -1.172796942839130e+00  1.026066164057453e+00 -1.172796942839130e+00  1.194052945556147e+00 -1.172796942839130e+00  1.902210980839240e-01 -1.172796942839130e+00  7.978153642902313e-04 -1.172796942839130e+00  3.658869019293709e-01 -1.172796942839130e+00  3.223098984585087e-01 -1.172796942839130e+00  2.862678306131583e-03 
-1.168796942839130e+00  1.583478357205963e+00 -1.168796942839130e+00  1.026849753203535e+00 -1.168796942839130e+00  1.192733121831432e+00 -1.168796942839130e+00  1.904959895279203e-01 -1.168796942839130e+00  8.008840872380229e-04 -1.168796942839130e+00  3.669537499770914e-01 -1.168796942839130e+00  3.220665105126586e-01 -1.168796942839130e+00  2.859779914117554e-03 
-1.164796942839130e+00  1.582646796121828e+00 -1.164796942839130e+00  1.027635622080176e+00 -1.164796942839130e+00  1.191411678355647e+00 -1.164796942839130e+00  1.907708912245720e-01 -1.164796942839130e+00  8.039599363166578e-04 -1.164796942839130e+00  3.680253127629884e-01 -1.164796942839130e+00  3.218238577704154e-01 -1.164796942839130e+00  2.856873089683429e-03 
-1.160796942839130e+00  1.581813317914210e+00 -1.160796942839130e+00  1.028423759028427e+00 -1.160796942839130e+00  1.190088621271881e+00 -1.160796942839130e+00  1.910457995145916e-01 -1.160796942839130e+00  8.070428763046262e-04 -1.160796942839130e+00  3.691015642592838e-01 -1.160796942839130e+00  3.215819366439381e-01 -1.160796942839130e+00  2.853957875954104e-03 
-1.156796942839130e+00  1.580977932457986e+00 -1.156796942839130e+00  1.029214152041081e+00 -1.156796942839130e+00  1.188763956941694e+00 -1.156796942839130e+00  1.913207106623984e-01 -1.156796942839130e+00  8.101328706792903e-04 -1.156796942839130e+00  3.701824775928855e-01 -1.156796942839130e+00  3.213407433312034e-01 -1.156796942839130e+00  2.851034317342634e-03 
-1.152796942839130e+00  1.580140649951618e+00 -1.152796942839130e+00  1.030006788721045e+00 -1.152796942839130e+00  1.187437691930971e+00 -1.152796942839130e+00  1.915956208660241e-01 -1.152796942839130e+00  8.132298817211006e-04 -1.152796942839130e+00  3.712680250483362e-01 -1.152796942839130e+00  3.211002738324827e-01 -1.152796942839130e+00  2.848102459704219e-03 
-1.148796942839130e+00  1.579301480915092e+00 -1.148796942839130e+00  1.030801656317554e+00 -1.148796942839130e+00  1.186109833009530e+00 -1.148796942839130e+00  1.918705262586436e-01 -1.148796942839130e+00  8.163338705212410e-04 -1.148796942839130e+00  3.723581781080203e-01 -1.148796942839130e+00  3.208605239510908e-01 -1.148796942839130e+00  2.845162350202227e-03 
-1.144796942839130e+00  1.578460436182632e+00 -1.144796942839130e+00  1.031598741748441e+00 -1.144796942839130e+00  1.184780387147898e+00 -1.144796942839130e+00  1.921454229117299e-01 -1.144796942839130e+00  8.194447970085450e-04 -1.144796942839130e+00  3.734529074864841e-01 -1.144796942839130e+00  3.206214892972906e-01 -1.144796942839130e+00  2.842214037225883e-03 
-1.140796942839130e+00  1.577617526883341e+00 -1.140796942839130e+00  1.032398031587612e+00 -1.140796942839130e+00  1.183449361507649e+00 -1.140796942839130e+00  1.924203068419596e-01 -1.140796942839130e+00  8.225626200211576e-04 -1.140796942839130e+00  3.745521831485323e-01 -1.140796942839130e+00  3.203831652994899e-01 -1.140796942839130e+00  2.839257570436495e-03 
-1.136796942839130e+00  1.576772764428703e+00 -1.136796942839130e+00  1.033199512073552e+00 -1.136796942839130e+00  1.182116763435261e+00 -1.136796942839130e+00  1.926951740158678e-01 -1.136796942839130e+00  8.256872973526857e-04 -1.136796942839130e+00  3.756559743376215e-01 -1.136796942839130e+00  3.201455472113168e-01 -1.136796942839130e+00  2.836293000736081e-03 
-1.132796942839130e+00  1.575926160523159e+00 -1.132796942839130e+00  1.034003169187696e+00 -1.132796942839130e+00  1.180782600468252e+00 -1.132796942839130e+00  1.929700203472381e-01 -1.132796942839130e+00  8.288187857131695e-04 -1.132796942839130e+00  3.767642496385102e-01 -1.132796942839130e+00  3.199086301047925e-01 -1.132796942839130e+00  2.833320379977429e-03 
-1.128796942839130e+00  1.575077727119643e+00 -1.128796942839130e+00  1.034808988569123e+00 -1.128796942839130e+00  1.179446880311909e+00 -1.128796942839130e+00  1.932448417116780e-01 -1.128796942839130e+00  8.319570408934528e-04 -1.128796942839130e+00  3.778769769609849e-01 -1.128796942839130e+00  3.196724088967069e-01 -1.128796942839130e+00  2.830339761279705e-03 
-1.124796942839130e+00  1.574227476436262e+00 -1.124796942839130e+00  1.035616955612391e+00 -1.124796942839130e+00  1.178109610848557e+00 -1.124796942839130e+00  1.935196339419861e-01 -1.124796942839130e+00  8.351020177035813e-04 -1.124796942839130e+00  3.789941236124363e-01 -1.124796942839130e+00  3.194368783381397e-01 -1.124796942839130e+00  2.827351198666479e-03 
-1.120796942839130e+00  1.573375420932632e+00 -1.120796942839130e+00  1.036427055445300e+00 -1.120796942839130e+00  1.176770800125252e+00 -1.120796942839130e+00  1.937943928360906e-01 -1.120796942839130e+00  8.382536700602344e-04 -1.120796942839130e+00  3.801156563124317e-01 -1.120796942839130e+00  3.192020330283180e-01 -1.120796942839130e+00  2.824354747148042e-03 
-1.116796942839130e+00  1.572521573288233e+00 -1.116796942839130e+00  1.037239272912386e+00 -1.116796942839130e+00  1.175430456342456e+00 -1.116796942839130e+00  1.940691141642682e-01 -1.116796942839130e+00  8.414119510668839e-04 -1.116796942839130e+00  3.812415412097924e-01 -1.116796942839130e+00  3.189678674272922e-01 -1.116796942839130e+00  2.821350462782442e-03 
-1.112796942839130e+00  1.571665946412139e+00 -1.112796942839130e+00  1.038053592653563e+00 -1.112796942839130e+00  1.174088587859466e+00 -1.112796942839130e+00  1.943437936665534e-01 -1.112796942839130e+00  8.445768129777223e-04 -1.112796942839130e+00  3.823717439464958e-01 -1.112796942839130e+00  3.187343758496605e-01 -1.112796942839130e+00  2.818338402384578e-03 
-1.108796942839130e+00  1.570808553419759e+00 -1.108796942839130e+00  1.038869999083222e+00 -1.108796942839130e+00  1.172745203182131e+00 -1.108796942839130e+00  1.946184270603671e-01 -1.108796942839130e+00  8.477482072837578e-04 -1.108796942839130e+00  3.835062296727227e-01 -1.108796942839130e+00  3.185015524782470e-01 -1.108796942839130e+00  2.815318623603564e-03 
-1.104796942839130e+00  1.569949407610499e+00 -1.104796942839130e+00  1.039688476371493e+00 -1.104796942839130e+00  1.171400310950957e+00 -1.104796942839130e+00  1.948930100477419e-01 -1.104796942839130e+00  8.509260847953575e-04 -1.104796942839130e+00  3.846449630625327e-01 -1.104796942839130e+00  3.182693913772391e-01 -1.104796942839130e+00  2.812291184991974e-03 
-1.100796942839130e+00  1.569088522487053e+00 -1.100796942839130e+00  1.040509008552627e+00 -1.100796942839130e+00  1.170053919951568e+00 -1.100796942839130e+00  1.951675383096878e-01 -1.100796942839130e+00  8.541103955709909e-04 -1.100796942839130e+00  3.857879083926374e-01 -1.100796942839130e+00  3.180378864801517e-01 -1.100796942839130e+00  2.809256145604996e-03 
-1.096796942839130e+00  1.568225911708691e+00 -1.096796942839130e+00  1.041331579431371e+00 -1.096796942839130e+00  1.168706039089596e+00 -1.096796942839130e+00  1.954420075208331e-01 -1.096796942839130e+00  8.573010890899720e-04 -1.096796942839130e+00  3.869350295205275e-01 -1.096796942839130e+00  3.178070316177579e-01 -1.096796942839130e+00  2.806213565346702e-03 
-1.092796942839130e+00  1.567361589096558e+00 -1.092796942839130e+00  1.042156172647870e+00 -1.092796942839130e+00  1.167356677393500e+00 -1.092796942839130e+00  1.957164133479698e-01 -1.092796942839130e+00  8.604981142327899e-04 -1.092796942839130e+00  3.880862899411008e-01 -1.092796942839130e+00  3.175768205145434e-01 -1.092796942839130e+00  2.803163504730030e-03 
-1.088796942839130e+00  1.566495568620792e+00 -1.088796942839130e+00  1.042982771686598e+00 -1.088796942839130e+00  1.166005844007559e+00 -1.088796942839130e+00  1.959907514541787e-01 -1.088796942839130e+00  8.637014193288903e-04 -1.088796942839130e+00  3.892416528152364e-01 -1.088796942839130e+00  3.173472467961855e-01 -1.088796942839130e+00  2.800106024843707e-03 
-1.084796942839130e+00  1.565627864395852e+00 -1.084796942839130e+00  1.043811359910119e+00 -1.084796942839130e+00  1.164653548189260e+00 -1.084796942839130e+00  1.962650175003749e-01 -1.084796942839130e+00  8.669109521738125e-04 -1.084796942839130e+00  3.904010810105409e-01 -1.084796942839130e+00  3.171183039920765e-01 -1.084796942839130e+00  2.797041187227398e-03 
-1.080796942839130e+00  1.564758490656579e+00 -1.080796942839130e+00  1.044641920532634e+00 -1.080796942839130e+00  1.163299799296198e+00 -1.080796942839130e+00  1.965392071526993e-01 -1.080796942839130e+00  8.701266601178624e-04 -1.080796942839130e+00  3.915645371113323e-01 -1.080796942839130e+00  3.168899855495206e-01 -1.080796942839130e+00  2.793969053969553e-03 
-1.076796942839130e+00  1.563887461749793e+00 -1.076796942839130e+00  1.045474436640547e+00 -1.076796942839130e+00  1.161944606781353e+00 -1.076796942839130e+00  1.968133160850873e-01 -1.076796942839130e+00  8.733484900971010e-04 -1.076796942839130e+00  3.927319834517752e-01 -1.076796942839130e+00  3.166622848385534e-01 -1.076796942839130e+00  2.790889687631300e-03 
-1.072796942839130e+00  1.563014792136622e+00 -1.072796942839130e+00  1.046308891246044e+00 -1.072796942839130e+00  1.160587980194127e+00 -1.072796942839130e+00  1.970873399785711e-01 -1.072796942839130e+00  8.765763886247870e-04 -1.072796942839130e+00  3.939033821655549e-01 -1.072796942839130e+00  3.164351951502434e-01 -1.072796942839130e+00  2.787803151048304e-03 
-1.068796942839130e+00  1.562140496364509e+00 -1.068796942839130e+00  1.047145267245175e+00 -1.068796942839130e+00  1.159229929164910e+00 -1.068796942839130e+00  1.973612745297193e-01 -1.068796942839130e+00  8.798103018948869e-04 -1.068796942839130e+00  3.950786951864372e-01 -1.068796942839130e+00  3.162087097134227e-01 -1.068796942839130e+00  2.784709507485813e-03 
-1.064796942839130e+00  1.561264589068196e+00 -1.064796942839130e+00  1.047983547465446e+00 -1.064796942839130e+00  1.157870463405319e+00 -1.064796942839130e+00  1.976351154502533e-01 -1.064796942839130e+00  8.830501757784520e-04 -1.064796942839130e+00  3.962578842939006e-01 -1.064796942839130e+00  3.159828216938251e-01 -1.064796942839130e+00  2.781608820462577e-03 
-1.060796942839130e+00  1.560387084943091e+00 -1.060796942839130e+00  1.048823714625760e+00 -1.060796942839130e+00  1.156509592693379e+00 -1.060796942839130e+00  1.979088584749469e-01 -1.060796942839130e+00  8.862959559221118e-04 -1.060796942839130e+00  3.974409111133055e-01 -1.060796942839130e+00  3.157575242100299e-01 -1.060796942839130e+00  2.778501153899111e-03 
-1.056796942839130e+00  1.559507998772874e+00 -1.056796942839130e+00  1.049665751466087e+00 -1.056796942839130e+00  1.155147326888234e+00 -1.056796942839130e+00  1.981824993531860e-01 -1.056796942839130e+00  8.895475876459860e-04 -1.056796942839130e+00  3.986277372029265e-01 -1.056796942839130e+00  3.155328103164494e-01 -1.056796942839130e+00  2.775386571637939e-03 
-1.052796942839130e+00  1.558627345365969e+00 -1.052796942839130e+00  1.050509640588937e+00 -1.052796942839130e+00  1.153783675895103e+00 -1.052796942839130e+00  1.984560338678558e-01 -1.052796942839130e+00  8.928050161786470e-04 -1.052796942839130e+00  3.998183239918411e-01 -1.052796942839130e+00  3.153086730417126e-01 -1.052796942839130e+00  2.772265138030066e-03 
-1.048796942839130e+00  1.557745139595776e+00 -1.048796942839130e+00  1.051355364626786e+00 -1.048796942839130e+00  1.152418649686855e+00 -1.048796942839130e+00  1.987294578230505e-01 -1.048796942839130e+00  8.960681865083024e-04 -1.048796942839130e+00  4.010126328854265e-01 -1.048796942839130e+00  3.150851053640198e-01 -1.048796942839130e+00  2.769136917315666e-03 
-1.044796942839130e+00  1.556861396358785e+00 -1.044796942839130e+00  1.052202906149276e+00 -1.044796942839130e+00  1.151052258280672e+00 -1.044796942839130e+00  1.990027670563667e-01 -1.044796942839130e+00  8.993370435377598e-04 -1.044796942839130e+00  4.022106252357875e-01 -1.044796942839130e+00  3.148621002363841e-01 -1.044796942839130e+00  2.766001973967311e-03 
-1.040796942839130e+00  1.555976130590319e+00 -1.040796942839130e+00  1.053052247751473e+00 -1.040796942839130e+00  1.149684511746230e+00 -1.040796942839130e+00  1.992759574339261e-01 -1.040796942839130e+00  9.026115320261522e-04 -1.040796942839130e+00  4.034122624054518e-01 -1.040796942839130e+00  3.146396505768910e-01 -1.040796942839130e+00  2.762860372363544e-03 
-1.036796942839130e+00  1.555089357225638e+00 -1.036796942839130e+00  1.053903371967340e+00 -1.036796942839130e+00  1.148315420183896e+00 -1.036796942839130e+00  1.995490248616414e-01 -1.036796942839130e+00  9.058915967328282e-04 -1.036796942839130e+00  4.046175057393762e-01 -1.036796942839130e+00  3.144177492921756e-01 -1.036796942839130e+00  2.759712177108904e-03 
-1.032796942839130e+00  1.554201091222577e+00 -1.032796942839130e+00  1.054756261377884e+00 -1.032796942839130e+00  1.146944993736646e+00 -1.032796942839130e+00  1.998219652781550e-01 -1.032796942839130e+00  9.091771823336357e-04 -1.032796942839130e+00  4.058263166379679e-01 -1.032796942839130e+00  3.141963892634869e-01 -1.032796942839130e+00  2.756557452633937e-03 
-1.028796942839130e+00  1.553311347533812e+00 -1.028796942839130e+00  1.055610898557544e+00 -1.028796942839130e+00  1.145573242574325e+00 -1.028796942839130e+00  2.000947746627071e-01 -1.028796942839130e+00  9.124682335234441e-04 -1.028796942839130e+00  4.070386565449523e-01 -1.028796942839130e+00  3.139755633634055e-01 -1.028796942839130e+00  2.753396263393470e-03 
-1.024796942839130e+00  1.552420141101990e+00 -1.024796942839130e+00  1.056467266092009e+00 -1.024796942839130e+00  1.144200176890429e+00 -1.024796942839130e+00  2.003674490361858e-01 -1.024796942839130e+00  9.157646950342483e-04 -1.024796942839130e+00  4.082544869718783e-01 -1.024796942839130e+00  3.137552644586797e-01 -1.024796942839130e+00  2.750228673800717e-03 
-1.020796942839130e+00  1.551527486866872e+00 -1.020796942839130e+00  1.057325346633862e+00 -1.020796942839130e+00  1.142825806905492e+00 -1.020796942839130e+00  2.006399844586224e-01 -1.020796942839130e+00  9.190665116086564e-04 -1.020796942839130e+00  4.094737695421337e-01 -1.020796942839130e+00  3.135354854057131e-01 -1.020796942839130e+00  2.747054748021485e-03 
-1.016796942839130e+00  1.550633399736719e+00 -1.016796942839130e+00  1.058185122841594e+00 -1.016796942839130e+00  1.141450142850762e+00 -1.016796942839130e+00  2.009123770371981e-01 -1.016796942839130e+00  9.223736281058002e-04 -1.016796942839130e+00  4.106964659727050e-01 -1.016796942839130e+00  3.133162190678935e-01 -1.016796942839130e+00  2.743874550199695e-03 
-1.012796942839130e+00  1.549737894597757e+00 -1.012796942839130e+00  1.059046577440122e+00 -1.012796942839130e+00  1.140073194972836e+00 -1.012796942839130e+00  2.011846229230090e-01 -1.012796942839130e+00  9.256859894662802e-04 -1.012796942839130e+00  4.119225381195130e-01 -1.012796942839130e+00  3.130974583096970e-01 -1.012796942839130e+00  2.740688144233589e-03 
-1.008796942839130e+00  1.548840986288539e+00 -1.008796942839130e+00  1.059909693166554e+00 -1.008796942839130e+00  1.138694973518896e+00 -1.008796942839130e+00  2.014567183181087e-01 -1.008796942839130e+00  9.290035408070082e-04 -1.008796942839130e+00  4.131519479612573e-01 -1.008796942839130e+00  3.128791960122099e-01 -1.008796942839130e+00  2.737495593976318e-03 
-1.004796942839130e+00  1.547942689624132e+00 -1.004796942839130e+00  1.060774452876150e+00 -1.004796942839130e+00  1.137315488749500e+00 -1.004796942839130e+00  2.017286594679648e-01 -1.004796942839130e+00  9.323262273317576e-04 -1.004796942839130e+00  4.143846576679350e-01 -1.004796942839130e+00  3.126614250582807e-01 -1.004796942839130e+00  2.734296962843978e-03 
-1.000796942839130e+00  1.547043019359140e+00 -1.000796942839130e+00  1.061640839448676e+00 -1.000796942839130e+00  1.135934750917497e+00 -1.000796942839130e+00  2.020004426717575e-01 -1.000796942839130e+00  9.356539944679107e-04 -1.000796942839130e+00  4.156206295623947e-01 -1.000796942839130e+00  3.124441383549806e-01 -1.000796942839130e+00  2.731092314162049e-03 
-9.967969428391301e-01  1.546141990203522e+00 -9.967969428391301e-01  1.062508835864885e+00 -9.967969428391301e-01  1.134552770276181e+00 -9.967969428391301e-01  2.022720642772593e-01 -9.967969428391301e-01  9.389867878079745e-04 -9.967969428391301e-01  4.168598261720463e-01 -9.967969428391301e-01  3.122273288238714e-01 -9.967969428391301e-01  2.727881710882464e-03 
-9.927969428391301e-01  1.545239616796533e+00 -9.927969428391301e-01  1.063378425145432e+00 -9.927969428391301e-01  1.133169557064192e+00 -9.927969428391301e-01  2.025435206878748e-01 -9.927969428391301e-01  9.423245532059515e-04 -9.927969428391301e-01  4.181022102063444e-01 -9.927969428391301e-01  3.120109894168301e-01 -9.927969428391301e-01  2.724665215809551e-03 
-9.887969428391301e-01  1.544335913732920e+00 -9.887969428391301e-01  1.064249590459295e+00 -9.887969428391301e-01  1.131785121519449e+00 -9.887969428391301e-01  2.028148083545208e-01 -9.887969428391301e-01  9.456672366804413e-04 -9.887969428391301e-01  4.193477446247926e-01 -9.887969428391301e-01  3.117951130999889e-01 -9.887969428391301e-01  2.721442891199038e-03 
-9.847969428391301e-01  1.543430895513973e+00 -9.847969428391301e-01  1.065122314984939e+00 -9.847969428391301e-01  1.130399473851294e+00 -9.847969428391301e-01  2.030859237892341e-01 -9.847969428391301e-01  9.490147845957340e-04 -9.847969428391301e-01  4.205963925712501e-01 -9.847969428391301e-01  3.115796928835800e-01 -9.847969428391301e-01  2.718214799271525e-03 
-9.807969428391301e-01  1.542524576593016e+00 -9.807969428391301e-01  1.065996582080154e+00 -9.807969428391301e-01  1.129012624265161e+00 -9.807969428391301e-01  2.033568635514783e-01 -9.807969428391301e-01  9.523671434934826e-04 -9.807969428391301e-01  4.218481174741338e-01 -9.807969428391301e-01  3.113647217940628e-01 -9.807969428391301e-01  2.714981001584360e-03 
-9.767969428391301e-01  1.541616971324095e+00 -9.767969428391301e-01  1.066872375132539e+00 -9.767969428391301e-01  1.127624582933360e+00 -9.767969428391301e-01  2.036276242623677e-01 -9.767969428391301e-01  9.557242602825457e-04 -9.767969428391301e-01  4.231028829736247e-01 -9.767969428391301e-01  3.111501929054666e-01 -9.767969428391301e-01  2.711741559584594e-03 
-9.727969428391301e-01  1.540708093996218e+00 -9.727969428391301e-01  1.067749677690550e+00 -9.727969428391301e-01  1.126235360013517e+00 -9.727969428391301e-01  2.038982025942428e-01 -9.727969428391301e-01  9.590860821123243e-04 -9.727969428391301e-01  4.243606530001185e-01 -9.727969428391301e-01  3.109360993183974e-01 -9.727969428391301e-01  2.708496534124290e-03 
-9.687969428391301e-01  1.539797958801659e+00 -9.687969428391301e-01  1.068628473376107e+00 -9.687969428391301e-01  1.124844965630243e+00 -9.687969428391301e-01  2.041685952791893e-01 -9.687969428391301e-01  9.624525564899942e-04 -9.687969428391301e-01  4.256213917338052e-01 -9.687969428391301e-01  3.107224341793845e-01 -9.687969428391301e-01  2.705245985783803e-03 
-9.647969428391301e-01  1.538886579848825e+00 -9.647969428391301e-01  1.069508745943060e+00 -9.647969428391301e-01  1.123453409881666e+00 -9.647969428391301e-01  2.044387991047610e-01 -9.647969428391301e-01  9.658236312329393e-04 -9.647969428391301e-01  4.268850636428972e-01 -9.647969428391301e-01  3.105091906729955e-01 -9.647969428391301e-01  2.701989974655480e-03 
-9.607969428391301e-01  1.537973971143394e+00 -9.607969428391301e-01  1.070390479229663e+00 -9.607969428391301e-01  1.122060702828235e+00 -9.607969428391301e-01  2.047088109187643e-01 -9.607969428391301e-01  9.691992545384713e-04 -9.607969428391301e-01  4.281516334636712e-01 -9.607969428391301e-01  3.102963620333612e-01 -9.607969428391301e-01  2.698728560519455e-03 
-9.567969428391301e-01  1.537060146614590e+00 -9.567969428391301e-01  1.071273657260155e+00 -9.567969428391301e-01  1.120666854506791e+00 -9.567969428391301e-01  2.049786276211928e-01 -9.567969428391301e-01  9.725793748866843e-04 -9.567969428391301e-01  4.294210662615854e-01 -9.567969428391301e-01  3.100839415280416e-01 -9.567969428391301e-01  2.695461802467973e-03 
-9.527969428391301e-01  1.536145120072336e+00 -9.527969428391301e-01  1.072158264115110e+00 -9.527969428391301e-01  1.119271874905919e+00 -9.527969428391301e-01  2.052482461758064e-01 -9.527969428391301e-01  9.759639411989105e-04 -9.527969428391301e-01  4.306933273653606e-01 -9.527969428391301e-01  3.098719224842886e-01 -9.527969428391301e-01  2.692189759384835e-03 
-9.487969428391301e-01  1.535228905234018e+00 -9.487969428391301e-01  1.073044284032709e+00 -9.487969428391301e-01  1.117875773980304e+00 -9.487969428391301e-01  2.055176636019213e-01 -9.487969428391301e-01  9.793529027387630e-04 -9.487969428391301e-01  4.319683824270708e-01 -9.487969428391301e-01  3.096602982726328e-01 -9.487969428391301e-01  2.688912489570959e-03 
-9.447969428391301e-01  1.534311515710463e+00 -9.447969428391301e-01  1.073931701373203e+00 -9.447969428391301e-01  1.116478561642231e+00 -9.447969428391301e-01  2.057868769777832e-01 -9.447969428391301e-01  9.827462091639529e-04 -9.447969428391301e-01  4.332461974068829e-01 -9.447969428391301e-01  3.094490623154741e-01 -9.447969428391301e-01  2.685630050875651e-03 
-9.407969428391301e-01  1.533392965010596e+00 -9.407969428391301e-01  1.074820500644949e+00 -9.407969428391301e-01  1.115080247763569e+00 -9.407969428391301e-01  2.060558834386506e-01 -9.407969428391301e-01  9.861438105090937e-04 -9.407969428391301e-01  4.345267385912450e-01 -9.407969428391301e-01  3.092382080842177e-01 -9.407969428391301e-01  2.682342500600467e-03 
-9.367969428391301e-01  1.532473266529423e+00 -9.367969428391301e-01  1.075710666473451e+00 -9.367969428391301e-01  1.113680842168388e+00 -9.367969428391301e-01  2.063246801795770e-01 -9.367969428391301e-01  9.895456572301508e-04 -9.367969428391301e-01  4.358099725792048e-01 -9.367969428391301e-01  3.090277291066815e-01 -9.367969428391301e-01  2.679049895613618e-03 
-9.327969428391301e-01  1.531552433554276e+00 -9.327969428391301e-01  1.076602183631079e+00 -9.327969428391301e-01  1.112280354635849e+00 -9.327969428391301e-01  2.065932644530435e-01 -9.327969428391301e-01  9.929517001813334e-04 -9.327969428391301e-01  4.370958663018758e-01 -9.327969428391301e-01  3.088176189632514e-01 -9.327969428391301e-01  2.675752292240082e-03 
-9.287969428391301e-01  1.530630479252072e+00 -9.287969428391301e-01  1.077495037001907e+00 -9.287969428391301e-01  1.110878794892401e+00 -9.287969428391301e-01  2.068616335719215e-01 -9.287969428391301e-01  9.963618906621858e-04 -9.287969428391301e-01  4.383843870056263e-01 -9.287969428391301e-01  3.086078712947412e-01 -9.287969428391301e-01  2.672449746391657e-03 
-9.247969428391301e-01  1.529707416686153e+00 -9.247969428391301e-01  1.078389211645626e+00 -9.247969428391301e-01  1.109476172620674e+00 -9.247969428391301e-01  2.071297849041631e-01 -9.247969428391301e-01  9.997761803554090e-04 -9.247969428391301e-01  4.396755022898952e-01 -9.247969428391301e-01  3.083984797920586e-01 -9.247969428391301e-01  2.669142313330556e-03 
-9.207969428391301e-01  1.528783258797489e+00 -9.207969428391301e-01  1.079284692740482e+00 -9.207969428391301e-01  1.108072497448257e+00 -9.207969428391301e-01  2.073977158774474e-01 -9.207969428391301e-01  1.003194521396233e-03 -9.207969428391301e-01  4.409691800775457e-01 -9.207969428391301e-01  3.081894382077811e-01 -9.207969428391301e-01  2.665830047880478e-03 
-9.167969428391300e-01  1.527858018411811e+00 -9.167969428391300e-01  1.080181465612960e+00 -9.167969428391300e-01  1.106667778951143e+00 -9.167969428391300e-01  2.076654239765952e-01 -9.167969428391300e-01  1.006616866346173e-03 -9.167969428391300e-01  4.422653886330509e-01 -9.167969428391300e-01  3.079807403518017e-01 -9.167969428391300e-01  2.662513004316806e-03 
-9.127969428391300e-01  1.526931708239748e+00 -9.127969428391300e-01  1.081079515743207e+00 -9.127969428391300e-01  1.105262026653205e+00 -9.127969428391300e-01  2.079329067429335e-01 -9.127969428391300e-01  1.010043168192436e-03 -9.127969428391300e-01  4.435640965669746e-01 -9.127969428391300e-01  3.077723800912828e-01 -9.127969428391300e-01  2.659191236346551e-03 
-9.087969428391300e-01  1.526004340864600e+00 -9.087969428391300e-01  1.081978828727802e+00 -9.087969428391300e-01  1.103855250018701e+00 -9.087969428391300e-01  2.082001617770943e-01 -9.087969428391300e-01  1.013473380393183e-03 -9.087969428391300e-01  4.448652728162555e-01 -9.087969428391300e-01  3.075643513582128e-01 -9.087969428391300e-01  2.655864797246035e-03 
-9.047969428391300e-01  1.525075928761801e+00 -9.047969428391300e-01  1.082879390349636e+00 -9.047969428391300e-01  1.102447458462715e+00 -9.047969428391300e-01  2.084671867330333e-01 -9.047969428391300e-01  1.016907456805526e-03 -9.047969428391300e-01  4.461688866842012e-01 -9.047969428391300e-01  3.073566481374589e-01 -9.047969428391300e-01  2.652533739602469e-03 
-9.007969428391300e-01  1.524146484270099e+00 -9.007969428391300e-01  1.083781186482744e+00 -9.007969428391300e-01  1.101038661334261e+00 -9.007969428391300e-01  2.087339793254123e-01 -9.007969428391300e-01  1.020345351792121e-03 -9.007969428391300e-01  4.474749077877219e-01 -9.007969428391300e-01  3.071492644845754e-01 -9.007969428391300e-01  2.649198115665911e-03 
-8.967969428391300e-01  1.523216019626241e+00 -8.967969428391300e-01  1.084684203213201e+00 -8.967969428391300e-01  1.099628867935399e+00 -8.967969428391300e-01  2.090005373194485e-01 -8.967969428391300e-01  1.023787020092911e-03 -8.967969428391300e-01  4.487833061255672e-01 -8.967969428391300e-01  3.069421945044581e-01 -8.967969428391300e-01  2.645857976902130e-03 
-8.927969428391300e-01  1.522284546928244e+00 -8.927969428391300e-01  1.085588426715534e+00 -8.927969428391300e-01  1.098218087499835e+00 -8.927969428391300e-01  2.092668585404580e-01 -8.927969428391300e-01  1.027232416960929e-03 -8.927969428391300e-01  4.500940520090069e-01 -8.927969428391300e-01  3.067354323740550e-01 -8.927969428391300e-01  2.642513374449699e-03 
-8.887969428391300e-01  1.521352078162072e+00 -8.887969428391300e-01  1.086493843345440e+00 -8.887969428391300e-01  1.096806329207538e+00 -8.887969428391300e-01  2.095329408659429e-01 -8.887969428391300e-01  1.030681498063669e-03 -8.887969428391300e-01  4.514071161138868e-01 -8.887969428391300e-01  3.065289723259493e-01 -8.887969428391300e-01  2.639164358777092e-03 
-8.847969428391300e-01  1.520418625185652e+00 -8.847969428391300e-01  1.087400439585888e+00 -8.847969428391300e-01  1.095393602175115e+00 -8.847969428391300e-01  2.097987822294147e-01 -8.847969428391300e-01  1.034134219542158e-03 -8.847969428391300e-01  4.527224694499670e-01 -8.847969428391300e-01  3.063228086582914e-01 -8.847969428391300e-01  2.635810979881989e-03 
-8.807969428391300e-01  1.519484199741626e+00 -8.807969428391300e-01  1.088308202091432e+00 -8.807969428391300e-01  1.093979915462552e+00 -8.807969428391300e-01  2.100643806163502e-01 -8.807969428391300e-01  1.037590537963866e-03 -8.807969428391300e-01  4.540400833854855e-01 -8.807969428391300e-01  3.061169357269725e-01 -8.807969428391300e-01  2.632453287127441e-03 
-8.767969428391300e-01  1.518548813437854e+00 -8.767969428391300e-01  1.089217117621069e+00 -8.767969428391300e-01  1.092565278061593e+00 -8.767969428391300e-01  2.103297340689521e-01 -8.767969428391300e-01  1.041050410394741e-03 -8.767969428391300e-01  4.553599296084627e-01 -8.767969428391300e-01  3.059113479577423e-01 -8.767969428391300e-01  2.629091329490138e-03 
-8.727969428391300e-01  1.517612477774400e+00 -8.727969428391300e-01  1.090127173130848e+00 -8.727969428391300e-01  1.091149698910620e+00 -8.727969428391300e-01  2.105948406782504e-01 -8.727969428391300e-01  1.044513794299422e-03 -8.727969428391300e-01  4.566819801783353e-01 -8.727969428391300e-01  3.057060398295758e-01 -8.727969428391300e-01  2.625725155217937e-03 
-8.687969428391300e-01  1.516675204119329e+00 -8.687969428391300e-01  1.091038355689542e+00 -8.687969428391300e-01  1.089733186880360e+00 -8.687969428391300e-01  2.108596985901533e-01 -8.687969428391300e-01  1.047980647630783e-03 -8.687969428391300e-01  4.580062074771541e-01 -8.687969428391300e-01  3.055010058897240e-01 -8.687969428391300e-01  2.622354812141740e-03 
-8.647969428391300e-01  1.515737003719393e+00 -8.647969428391300e-01  1.091950652514373e+00 -8.647969428391300e-01  1.088315750779486e+00 -8.647969428391300e-01  2.111243060020001e-01 -8.647969428391300e-01  1.051450928790389e-03 -8.647969428391300e-01  4.593325842286635e-01 -8.647969428391300e-01  3.052962407471481e-01 -8.647969428391300e-01  2.618980347543290e-03 
-8.607969428391300e-01  1.514797887704923e+00 -8.607969428391300e-01  1.092864050986341e+00 -8.607969428391300e-01  1.086897399356953e+00 -8.607969428391300e-01  2.113886611607149e-01 -8.607969428391300e-01  1.054924596610405e-03 -8.607969428391300e-01  4.606610835057601e-01 -8.607969428391300e-01  3.050917390695830e-01 -8.607969428391300e-01  2.615601808098639e-03 
-8.567969428391300e-01  1.513857867073340e+00 -8.567969428391300e-01  1.093778538591167e+00 -8.567969428391300e-01  1.085478141292095e+00 -8.567969428391300e-01  2.116527623667382e-01 -8.567969428391300e-01  1.058401610414584e-03 -8.567969428391300e-01  4.619916786953950e-01 -8.567969428391300e-01  3.048874955938168e-01 -8.567969428391300e-01  2.612219240096427e-03 
-8.527969428391300e-01  1.512916952719846e+00 -8.527969428391300e-01  1.094694103023672e+00 -8.527969428391300e-01  1.084057985211742e+00 -8.527969428391300e-01  2.119166079652381e-01 -8.527969428391300e-01  1.061881929904721e-03 -8.527969428391300e-01  4.633243435565925e-01 -8.527969428391300e-01  3.046835051067303e-01 -8.527969428391300e-01  2.608832689051860e-03 
-8.487969428391300e-01  1.511975155400565e+00 -8.487969428391300e-01  1.095610732057186e+00 -8.487969428391300e-01  1.082636939668660e+00 -8.487969428391300e-01  2.121801963555364e-01 -8.487969428391300e-01  1.065365515297052e-03 -8.487969428391300e-01  4.646590521442185e-01 -8.487969428391300e-01  3.044797624682392e-01 -8.487969428391300e-01  2.605442200189789e-03 
-8.447969428391300e-01  1.511032485761207e+00 -8.447969428391300e-01  1.096528413640328e+00 -8.447969428391300e-01  1.081215013157546e+00 -8.447969428391300e-01  2.124435259828878e-01 -8.447969428391300e-01  1.068852327216154e-03 -8.447969428391300e-01  4.659957788624862e-01 -8.447969428391300e-01  3.042762625935953e-01 -8.447969428391300e-01  2.602047818086645e-03 
-8.407969428391300e-01  1.510088954327256e+00 -8.407969428391300e-01  1.097447135859960e+00 -8.407969428391300e-01  1.079792214108973e+00 -8.407969428391300e-01  2.127065953406373e-01 -8.407969428391300e-01  1.072342326731325e-03 -8.407969428391300e-01  4.673344984419279e-01 -8.407969428391300e-01  3.040730004595369e-01 -8.407969428391300e-01  2.598649586807561e-03 
-8.367969428391300e-01  1.509144571501559e+00 -8.367969428391300e-01  1.098366886929306e+00 -8.367969428391300e-01  1.078368550887595e+00 -8.367969428391300e-01  2.129694029703698e-01 -8.367969428391300e-01  1.075835475365408e-03 -8.367969428391300e-01  4.686751859305994e-01 -8.367969428391300e-01  3.038699711058890e-01 -8.367969428391300e-01  2.595247549950242e-03 
-8.327969428391300e-01  1.508199347579078e+00 -8.327969428391300e-01  1.099287655236070e+00 -8.327969428391300e-01  1.076944031800213e+00 -8.327969428391300e-01  2.132319474575036e-01 -8.327969428391300e-01  1.079331735040291e-03 -8.327969428391300e-01  4.700178167196988e-01 -8.327969428391300e-01  3.036671696264608e-01 -8.327969428391300e-01  2.591841750467017e-03 
-8.287969428391300e-01  1.507253292720482e+00 -8.287969428391300e-01  1.100209429246236e+00 -8.287969428391300e-01  1.075518665080193e+00 -8.287969428391300e-01  2.134942274378521e-01 -8.287969428391300e-01  1.082831068174564e-03 -8.287969428391300e-01  4.713623664861015e-01 -8.287969428391300e-01  3.034645911855637e-01 -8.287969428391300e-01  2.588432231020714e-03 
-8.247969428391300e-01  1.506306416988838e+00 -8.247969428391300e-01  1.101132197628626e+00 -8.247969428391300e-01  1.074092458908193e+00 -8.247969428391300e-01  2.137562415874031e-01 -8.247969428391300e-01  1.086333437547820e-03 -8.247969428391300e-01  4.727088112618703e-01 -8.247969428391300e-01  3.032622309952597e-01 -8.247969428391300e-01  2.585019033523810e-03 
-8.207969428391300e-01  1.505358730320069e+00 -8.207969428391300e-01  1.102055949147227e+00 -8.207969428391300e-01  1.072665421394775e+00 -8.207969428391300e-01  2.140179886297151e-01 -8.207969428391300e-01  1.089838806409880e-03 -8.207969428391300e-01  4.740571273700044e-01 -8.207969428391300e-01  3.030600843338437e-01 -8.207969428391300e-01  2.581602199536840e-03 
-8.167969428391300e-01  1.504410242538460e+00 -8.167969428391300e-01  1.102980672711257e+00 -8.167969428391300e-01  1.071237560588976e+00 -8.167969428391300e-01  2.142794673313565e-01 -8.167969428391300e-01  1.093347138423512e-03 -8.167969428391300e-01  4.754072914509568e-01 -8.167969428391300e-01  3.028581465362753e-01 -8.167969428391300e-01  2.578181770083136e-03 
-8.127969428391300e-01  1.503460963354282e+00 -8.127969428391300e-01  1.103906357362426e+00 -8.127969428391300e-01  1.069808884476567e+00 -8.127969428391300e-01  2.145406765020934e-01 -8.127969428391300e-01  1.096858397673151e-03 -8.127969428391300e-01  4.767592804529440e-01 -8.127969428391300e-01  3.026564129957353e-01 -8.127969428391300e-01  2.574757785695960e-03 
-8.087969428391300e-01  1.502510902367586e+00 -8.087969428391300e-01  1.104832992283557e+00 -8.087969428391300e-01  1.068379400981905e+00 -8.087969428391300e-01  2.148016149934642e-01 -8.087969428391300e-01  1.100372548650918e-03 -8.087969428391300e-01  4.781130716345157e-01 -8.087969428391300e-01  3.024548791613761e-01 -8.087969428391300e-01  2.571330286386588e-03 
-8.047969428391299e-01  1.501560069066600e+00 -8.047969428391299e-01  1.105760566788371e+00 -8.047969428391299e-01  1.066949117966666e+00 -8.047969428391299e-01  2.150622816987785e-01 -8.047969428391299e-01  1.103889556262501e-03 -8.047969428391299e-01  4.794686425562215e-01 -8.047969428391299e-01  3.022535405393869e-01 -8.047969428391299e-01  2.567899311682170e-03 
-8.007969428391299e-01  1.500608472819444e+00 -8.007969428391299e-01  1.106689070287238e+00 -8.007969428391299e-01  1.065518043224718e+00 -8.007969428391299e-01  2.153226755548715e-01 -8.007969428391299e-01  1.107409385857846e-03 -8.007969428391299e-01  4.808259710582345e-01 -8.007969428391299e-01  3.020523926982724e-01 -8.007969428391299e-01  2.564464900752325e-03 
-7.967969428391299e-01  1.499656122903147e+00 -7.967969428391299e-01  1.107618492384713e+00 -7.967969428391299e-01  1.064086184498582e+00 -7.967969428391299e-01  2.155827955340902e-01 -7.967969428391299e-01  1.110932003123802e-03 -7.967969428391299e-01  4.821850353144306e-01 -7.967969428391299e-01  3.018514312508330e-01 -7.967969428391299e-01  2.561027092048420e-03 
-7.927969428391299e-01  1.498703028469954e+00 -7.927969428391299e-01  1.108548822755482e+00 -7.927969428391299e-01  1.062653549459633e+00 -7.927969428391299e-01  2.158426406527212e-01 -7.927969428391299e-01  1.114457374208741e-03 -7.927969428391299e-01  4.835458137578665e-01 -7.927969428391299e-01  3.016506518752851e-01 -7.927969428391299e-01  2.557585923762433e-03 
-7.887969428391299e-01  1.497749198569348e+00 -7.887969428391299e-01  1.109480051216991e+00 -7.887969428391299e-01  1.061220145720526e+00 -7.887969428391299e-01  2.161022099648292e-01 -7.887969428391299e-01  1.117985465641124e-03 -7.887969428391299e-01  4.849082851203360e-01 -7.887969428391299e-01  3.014500503016060e-01 -7.887969428391299e-01  2.554141433558249e-03 
-7.847969428391299e-01  1.496794642148962e+00 -7.847969428391299e-01  1.110412167727434e+00 -7.847969428391299e-01  1.059785980835448e+00 -7.847969428391299e-01  2.163615025616435e-01 -7.847969428391299e-01  1.121516244326122e-03 -7.847969428391299e-01  4.862724284286724e-01 -7.847969428391299e-01  3.012496223110727e-01 -7.847969428391299e-01  2.550693658579196e-03 
-7.807969428391299e-01  1.495839368045750e+00 -7.807969428391299e-01  1.111345162349256e+00 -7.807969428391299e-01  1.058351062294699e+00 -7.807969428391299e-01  2.166205175734784e-01 -7.807969428391299e-01  1.125049677578256e-03 -7.807969428391299e-01  4.876382229808925e-01 -7.807969428391299e-01  3.010493637418543e-01 -7.807969428391299e-01  2.547242635582971e-03 
-7.767969428391299e-01  1.494883384992397e+00 -7.767969428391299e-01  1.112279025266384e+00 -7.767969428391299e-01  1.056915397528135e+00 -7.767969428391299e-01  2.168792541676905e-01 -7.767969428391299e-01  1.128585733097702e-03 -7.767969428391299e-01  4.890056483535867e-01 -7.767969428391299e-01  3.008492704851199e-01 -7.767969428391299e-01  2.543788400877907e-03 
-7.727969428391299e-01  1.493926701621711e+00 -7.727969428391299e-01  1.113213746794475e+00 -7.727969428391299e-01  1.055478993907443e+00 -7.727969428391299e-01  2.171377115471810e-01 -7.727969428391299e-01  1.132124378954052e-03 -7.727969428391299e-01  4.903746844053027e-01 -7.727969428391299e-01  3.006493384823780e-01 -7.727969428391299e-01  2.540330990285102e-03 
-7.687969428391299e-01  1.492969326461559e+00 -7.687969428391299e-01  1.114149317357432e+00 -7.687969428391299e-01  1.054041858742946e+00 -7.687969428391299e-01  2.173958889513491e-01 -7.687969428391299e-01  1.135665583605016e-03 -7.687969428391299e-01  4.917453112601929e-01 -7.687969428391299e-01  3.004495637287455e-01 -7.687969428391299e-01  2.536870439225276e-03 
-7.647969428391299e-01  1.492011267947410e+00 -7.647969428391299e-01  1.115085727526546e+00 -7.647969428391299e-01  1.052603999290635e+00 -7.647969428391299e-01  2.176537856525124e-01 -7.647969428391299e-01  1.139209315850075e-03 -7.647969428391299e-01  4.931175093282956e-01 -7.647969428391299e-01  3.002499422651875e-01 -7.647969428391299e-01  2.533406782573956e-03 
-7.607969428391299e-01  1.491052534402127e+00 -7.607969428391299e-01  1.116022967942982e+00 -7.607969428391299e-01  1.051165422740161e+00 -7.607969428391299e-01  2.179114009607686e-01 -7.607969428391299e-01  1.142755544905189e-03 -7.607969428391299e-01  4.944912592575178e-01 -7.607969428391299e-01  3.000504701912794e-01 -7.607969428391299e-01  2.529940054948241e-03 
-7.567969428391299e-01  1.490093134057616e+00 -7.567969428391299e-01  1.116961029389290e+00 -7.567969428391299e-01  1.049726136227205e+00 -7.567969428391299e-01  2.181687342180806e-01 -7.567969428391299e-01  1.146304240322721e-03 -7.567969428391299e-01  4.958665419728626e-01 -7.567969428391299e-01  2.998511436517406e-01 -7.567969428391299e-01  2.526470290442239e-03 
-7.527969428391299e-01  1.489133075049109e+00 -7.527969428391299e-01  1.117899902763496e+00 -7.527969428391299e-01  1.048286146829907e+00 -7.527969428391299e-01  2.184257847994324e-01 -7.527969428391299e-01  1.149855372012616e-03 -7.527969428391299e-01  4.972433386586490e-01 -7.527969428391299e-01  2.996519588401159e-01 -7.527969428391299e-01  2.522997522722955e-03 
-7.487969428391299e-01  1.488172365413967e+00 -7.487969428391299e-01  1.118839579069219e+00 -7.487969428391299e-01  1.046845461567961e+00 -7.487969428391299e-01  2.186825521128097e-01 -7.487969428391299e-01  1.153408910246798e-03 -7.487969428391299e-01  4.986216307500972e-01 -7.487969428391299e-01  2.994529119996231e-01 -7.487969428391299e-01  2.519521785066809e-03 
-7.447969428391299e-01  1.487211013094925e+00 -7.447969428391299e-01  1.119780049421636e+00 -7.447969428391299e-01  1.045404087404267e+00 -7.447969428391299e-01  2.189390355980557e-01 -7.447969428391299e-01  1.156964825647178e-03 -7.447969428391299e-01  5.000013999341957e-01 -7.447969428391299e-01  2.992539994212171e-01 -7.447969428391299e-01  2.516043110337549e-03 
-7.407969428391299e-01  1.486249025941146e+00 -7.407969428391299e-01  1.120721305045649e+00 -7.407969428391299e-01  1.043962031245354e+00 -7.407969428391299e-01  2.191952347262936e-01 -7.407969428391299e-01  1.160523089181737e-03 -7.407969428391299e-01  5.013826281460432e-01 -7.407969428391299e-01  2.990552174430313e-01 -7.407969428391299e-01  2.512561530993127e-03 
-7.367969428391299e-01  1.485286411706165e+00 -7.367969428391299e-01  1.121663337262892e+00 -7.367969428391299e-01  1.042519299939970e+00 -7.367969428391299e-01  2.194511490001516e-01 -7.367969428391299e-01  1.164083672172192e-03 -7.367969428391299e-01  5.027652975585927e-01 -7.367969428391299e-01  2.988565624517647e-01 -7.367969428391299e-01  2.509077079133650e-03 
-7.327969428391299e-01  1.484323178060185e+00 -7.327969428391299e-01  1.122606137530174e+00 -7.327969428391299e-01  1.041075900286069e+00 -7.327969428391299e-01  2.197067779503399e-01 -7.327969428391299e-01  1.167646546248441e-03 -7.327969428391299e-01  5.041493906027308e-01 -7.327969428391299e-01  2.986580308750599e-01 -7.327969428391299e-01  2.505589786359238e-03 
-7.287969428391299e-01  1.483359332577478e+00 -7.287969428391299e-01  1.123549697388785e+00 -7.287969428391299e-01  1.039631839023263e+00 -7.287969428391299e-01  2.199621211385699e-01 -7.287969428391299e-01  1.171211683395201e-03 -7.287969428391299e-01  5.055348899348657e-01 -7.287969428391299e-01  2.984596191895144e-01 -7.287969428391299e-01  2.502099683957564e-03 
-7.247969428391299e-01  1.482394882738241e+00 -7.247969428391299e-01  1.124494008465406e+00 -7.247969428391299e-01  1.038187122833713e+00 -7.247969428391299e-01  2.202171781567883e-01 -7.247969428391299e-01  1.174779055945126e-03 -7.247969428391299e-01  5.069217784348705e-01 -7.247969428391299e-01  2.982613239196329e-01 -7.247969428391299e-01  2.498606802900386e-03 
-7.207969428391299e-01  1.481429835941856e+00 -7.207969428391299e-01  1.125439062514243e+00 -7.207969428391299e-01  1.036741758349718e+00 -7.207969428391299e-01  2.204719486235522e-01 -7.207969428391299e-01  1.178348636529815e-03 -7.207969428391299e-01  5.083100392284325e-01 -7.207969428391299e-01  2.980631416295736e-01 -7.207969428391299e-01  2.495111173687824e-03 
-7.167969428391299e-01  1.480464199503931e+00 -7.167969428391299e-01  1.126384851400952e+00 -7.167969428391299e-01  1.035295752151822e+00 -7.167969428391299e-01  2.207264321845147e-01 -7.167969428391299e-01  1.181920398090662e-03 -7.167969428391299e-01  5.096996556750958e-01 -7.167969428391299e-01  2.978650689250925e-01 -7.167969428391299e-01  2.491612826407713e-03 
-7.127969428391299e-01  1.479497980648894e+00 -7.127969428391299e-01  1.127331367070328e+00 -7.127969428391299e-01  1.033849110764306e+00 -7.127969428391299e-01  2.209806285140321e-01 -7.127969428391299e-01  1.185494313906353e-03 -7.127969428391299e-01  5.110906113466716e-01 -7.127969428391299e-01  2.976671024583407e-01 -7.127969428391299e-01  2.488111790855200e-03 
-7.087969428391299e-01  1.478531186514762e+00 -7.087969428391299e-01  1.128278601558065e+00 -7.087969428391299e-01  1.032401840657816e+00 -7.087969428391299e-01  2.212345373136944e-01 -7.087969428391299e-01  1.189070357575155e-03 -7.087969428391299e-01  5.124828900316942e-01 -7.087969428391299e-01  2.974692389249385e-01 -7.087969428391299e-01  2.484608096489187e-03 
-7.047969428391299e-01  1.477563824162747e+00 -7.047969428391299e-01  1.129226547019853e+00 -7.047969428391299e-01  1.030953948254861e+00 -7.047969428391299e-01  2.214881583096666e-01 -7.047969428391299e-01  1.192648502979382e-03 -7.047969428391299e-01  5.138764757502261e-01 -7.047969428391299e-01  2.972714750580259e-01 -7.047969428391299e-01  2.481101772324752e-03 
-7.007969428391299e-01  1.476595900568614e+00 -7.007969428391299e-01  1.130175195694805e+00 -7.007969428391299e-01  1.029505439924591e+00 -7.007969428391299e-01  2.217414912546190e-01 -7.007969428391299e-01  1.196228724317428e-03 -7.007969428391299e-01  5.152713527297826e-01 -7.007969428391299e-01  2.970738076338141e-01 -7.007969428391299e-01  2.477592847068353e-03 
-6.967969428391299e-01  1.475627422623888e+00 -6.967969428391299e-01  1.131124539904375e+00 -6.967969428391299e-01  1.028056321983361e+00 -6.967969428391299e-01  2.219945359271732e-01 -6.967969428391299e-01  1.199810996099232e-03 -6.967969428391299e-01  5.166675054022756e-01 -6.967969428391299e-01  2.968762334709337e-01 -6.967969428391299e-01  2.474081349121927e-03 
-6.927969428391298e-01  1.474658397141184e+00 -6.927969428391298e-01  1.132074572066270e+00 -6.927969428391298e-01  1.026606600697724e+00 -6.927969428391298e-01  2.222472921303391e-01 -6.927969428391298e-01  1.203395293126621e-03 -6.927969428391298e-01  5.180649184098866e-01 -6.927969428391298e-01  2.966787494271586e-01 -6.927969428391298e-01  2.470567306531369e-03 
-6.887969428391298e-01  1.473688830864488e+00 -6.887969428391298e-01  1.133025284726338e+00 -6.887969428391298e-01  1.025156282290369e+00 -6.887969428391298e-01  2.224997596887319e-01 -6.887969428391298e-01  1.206981590455213e-03 -6.887969428391298e-01  5.194635766217007e-01 -6.887969428391298e-01  2.964813523929993e-01 -6.887969428391298e-01  2.467050746868594e-03 
-6.847969428391298e-01  1.472718730445047e+00 -6.847969428391298e-01  1.133976670466037e+00 -6.847969428391298e-01  1.023705372925791e+00 -6.847969428391298e-01  2.227519384543475e-01 -6.847969428391298e-01  1.210569863483657e-03 -6.847969428391298e-01  5.208634650763820e-01 -6.847969428391298e-01  2.962840393070677e-01 -6.847969428391298e-01  2.463531697573790e-03 
-6.807969428391298e-01  1.471748102467488e+00 -6.807969428391298e-01  1.134928721991712e+00 -6.807969428391298e-01  1.022253878725559e+00 -6.807969428391298e-01  2.230038282998523e-01 -6.807969428391298e-01  1.214160087857026e-03 -6.807969428391298e-01  5.222645690329641e-01 -6.807969428391298e-01  2.960868071396442e-01 -6.807969428391298e-01  2.460010185625246e-03 
-6.767969428391298e-01  1.470776953433902e+00 -6.767969428391298e-01  1.135881432071748e+00 -6.767969428391298e-01  1.020801805758827e+00 -6.767969428391298e-01  2.232554291223158e-01 -6.767969428391298e-01  1.217752239525621e-03 -6.767969428391298e-01  5.236668739311781e-01 -6.767969428391298e-01  2.958896529028593e-01 -6.767969428391298e-01  2.456486237771712e-03 
-6.727969428391298e-01  1.469805289782016e+00 -6.727969428391298e-01  1.136834793597369e+00 -6.727969428391298e-01  1.019349160052930e+00 -6.727969428391298e-01  2.235067408385150e-01 -6.727969428391298e-01  1.221346294677828e-03 -6.727969428391298e-01  5.250703654254396e-01 -6.727969428391298e-01  2.956925736392654e-01 -6.727969428391298e-01  2.452959880307609e-03 
-6.687969428391298e-01  1.468833117866403e+00 -6.687969428391298e-01  1.137788799509315e+00 -6.687969428391298e-01  1.017895947582215e+00 -6.687969428391298e-01  2.237577633893722e-01 -6.687969428391298e-01  1.224942229809586e-03 -6.687969428391298e-01  5.264750293389523e-01 -6.687969428391298e-01  2.954955664338652e-01 -6.687969428391298e-01  2.449431139344215e-03 
-6.647969428391298e-01  1.467860443971892e+00 -6.647969428391298e-01  1.138743442841434e+00 -6.647969428391298e-01  1.016442174275836e+00 -6.647969428391298e-01  2.240084967364439e-01 -6.647969428391298e-01  1.228540021674784e-03 -6.647969428391298e-01  5.278808516874816e-01 -6.647969428391298e-01  2.952986284057036e-01 -6.647969428391298e-01  2.445900040648399e-03 
-6.607969428391298e-01  1.466887274314240e+00 -6.607969428391298e-01  1.139698716718216e+00 -6.607969428391298e-01  1.014987846018065e+00 -6.607969428391298e-01  2.242589408615703e-01 -6.607969428391298e-01  1.232139647282808e-03 -6.607969428391298e-01  5.292878186757467e-01 -6.607969428391298e-01  2.951017567075264e-01 -6.607969428391298e-01  2.442366609651743e-03 
-6.567969428391298e-01  1.465913615035338e+00 -6.567969428391298e-01  1.140654614332302e+00 -6.567969428391298e-01  1.013532968645378e+00 -6.567969428391298e-01  2.245090957678603e-01 -6.567969428391298e-01  1.235741083916210e-03 -6.567969428391298e-01  5.306959166818603e-01 -6.567969428391298e-01  2.949049485289453e-01 -6.567969428391298e-01  2.438830871533776e-03 
-6.527969428391298e-01  1.464939472209390e+00 -6.527969428391298e-01  1.141611128962081e+00 -6.527969428391298e-01  1.012077547950009e+00 -6.527969428391298e-01  2.247589614779960e-01 -6.527969428391298e-01  1.239344309107921e-03 -6.527969428391298e-01  5.321051322657349e-01 -6.527969428391298e-01  2.947082010926037e-01 -6.527969428391298e-01  2.435292851156852e-03 
-6.487969428391298e-01  1.463964851846915e+00 -6.487969428391298e-01  1.142568253981495e+00 -6.487969428391298e-01  1.010621589682246e+00 -6.487969428391298e-01  2.250085380330778e-01 -6.487969428391298e-01  1.242949300626393e-03 -6.487969428391298e-01  5.335154521728890e-01 -6.487969428391298e-01  2.945115116517122e-01 -6.487969428391298e-01  2.431752573029839e-03 
-6.447969428391298e-01  1.462989759887223e+00 -6.447969428391298e-01  1.143525982827763e+00 -6.447969428391298e-01  1.009165099545905e+00 -6.447969428391298e-01  2.252578254942941e-01 -6.447969428391298e-01  1.246556036503484e-03 -6.447969428391298e-01  5.349268633130986e-01 -6.447969428391298e-01  2.943148774949562e-01 -6.447969428391298e-01  2.428210061427635e-03 
-6.407969428391298e-01  1.462014202197852e+00 -6.407969428391298e-01  1.144484308994530e+00 -6.407969428391298e-01  1.007708083197915e+00 -6.407969428391298e-01  2.255068239428773e-01 -6.407969428391298e-01  1.250164495036504e-03 -6.407969428391298e-01  5.363393527542635e-01 -6.407969428391298e-01  2.941182959469554e-01 -6.407969428391298e-01  2.424665340416372e-03 
-6.367969428391298e-01  1.461038184588384e+00 -6.367969428391298e-01  1.145443226077608e+00 -6.367969428391298e-01  1.006250546256437e+00 -6.367969428391298e-01  2.257555334765755e-01 -6.367969428391298e-01  1.253774654737101e-03 -6.367969428391298e-01  5.377529077477927e-01 -6.367969428391298e-01  2.939217643595497e-01 -6.367969428391298e-01  2.421118433684262e-03 
-6.327969428391298e-01  1.460061712805560e+00 -6.327969428391298e-01  1.146402727752599e+00 -6.327969428391298e-01  1.004792494297911e+00 -6.327969428391298e-01  2.260039542106914e-01 -6.327969428391298e-01  1.257386494349367e-03 -6.327969428391298e-01  5.391675157132907e-01 -6.327969428391298e-01  2.937252801149991e-01 -6.327969428391298e-01  2.417569364624429e-03 
-6.287969428391298e-01  1.459084792523802e+00 -6.287969428391298e-01  1.147362807735492e+00 -6.287969428391298e-01  1.003333932851362e+00 -6.287969428391298e-01  2.262520862802178e-01 -6.287969428391298e-01  1.260999992884891e-03 -6.287969428391298e-01  5.405831642129577e-01 -6.287969428391298e-01  2.935288406321663e-01 -6.287969428391298e-01  2.414018156480613e-03 
-6.247969428391298e-01  1.458107429362036e+00 -6.247969428391298e-01  1.148323459839771e+00 -6.247969428391298e-01  1.001874867408342e+00 -6.247969428391298e-01  2.264999298356051e-01 -6.247969428391298e-01  1.264615129560468e-03 -6.247969428391298e-01  5.419998409839488e-01 -6.247969428391298e-01  2.933324433558382e-01 -6.247969428391298e-01  2.410464832135886e-03 
-6.207969428391298e-01  1.457129628875595e+00 -6.207969428391298e-01  1.149284677942233e+00 -6.207969428391298e-01  1.000415303418055e+00 -6.207969428391298e-01  2.267474850445826e-01 -6.207969428391298e-01  1.268231883828176e-03 -6.207969428391298e-01  5.434175339159972e-01 -6.207969428391298e-01  2.931360857620178e-01 -6.207969428391298e-01  2.406909414239170e-03 
-6.167969428391298e-01  1.456151396559676e+00 -6.167969428391298e-01  1.150246455991278e+00 -6.167969428391298e-01  9.989552462893698e-01 -6.167969428391298e-01  2.269947520911709e-01 -6.167969428391298e-01  1.271850235362448e-03 -6.167969428391298e-01  5.448362310545339e-01 -6.167969428391298e-01  2.929397653557980e-01 -6.167969428391298e-01  2.403351925174532e-03 
-6.127969428391298e-01  1.455172737851835e+00 -6.127969428391298e-01  1.151208788011620e+00 -6.127969428391298e-01  9.974947013922579e-01 -6.127969428391298e-01  2.272417311749485e-01 -6.127969428391298e-01  1.275470164050951e-03 -6.127969428391298e-01  5.462559206017099e-01 -6.127969428391298e-01  2.927434796698704e-01 -6.127969428391298e-01  2.399792387043756e-03 
-6.087969428391298e-01  1.454193658126026e+00 -6.087969428391298e-01  1.152171668078153e+00 -6.087969428391298e-01  9.960336740541997e-01 -6.087969428391298e-01  2.274884225123433e-01 -6.087969428391298e-01  1.279091650016569e-03 -6.087969428391298e-01  5.476765908988785e-01 -6.087969428391298e-01  2.925472262684373e-01 -6.087969428391298e-01  2.396230821763025e-03 
-6.047969428391298e-01  1.453214162698604e+00 -6.047969428391298e-01  1.153135090333680e+00 -6.047969428391298e-01  9.945721695637244e-01 -6.047969428391298e-01  2.277348263350558e-01 -6.047969428391298e-01  1.282714673595254e-03 -6.047969428391298e-01  5.490982304354903e-01 -6.047969428391298e-01  2.923510027434625e-01 -6.047969428391298e-01  2.392667250997324e-03 
-6.007969428391298e-01  1.452234256837457e+00 -6.007969428391298e-01  1.154099049018213e+00 -6.007969428391298e-01  9.931101931758008e-01 -6.007969428391298e-01  2.279809428877481e-01 -6.007969428391298e-01  1.286339215302197e-03 -6.007969428391298e-01  5.505208278649991e-01 -6.007969428391298e-01  2.921548067089086e-01 -6.007969428391298e-01  2.389101696052111e-03 
-5.967969428391298e-01  1.451253945739505e+00 -5.967969428391298e-01  1.155063538382189e+00 -5.967969428391298e-01  9.916477500984191e-01 -5.967969428391298e-01  2.282267724332978e-01 -5.967969428391298e-01  1.289965255915083e-03 -5.967969428391298e-01  5.519443719508889e-01 -5.967969428391298e-01  2.919586358152804e-01 -5.967969428391298e-01  2.385534178194207e-03 
-5.927969428391298e-01  1.450273234560822e+00 -5.927969428391298e-01  1.156028552793046e+00 -5.927969428391298e-01  9.901848455104864e-01 -5.927969428391298e-01  2.284723152454776e-01 -5.927969428391298e-01  1.293592776362655e-03 -5.927969428391298e-01  5.533688516291910e-01 -5.927969428391298e-01  2.917624877303679e-01 -5.927969428391298e-01  2.381964718257731e-03 
-5.887969428391298e-01  1.449292128393645e+00 -5.887969428391298e-01  1.156994086646656e+00 -5.887969428391298e-01  9.887214845481191e-01 -5.887969428391298e-01  2.287175716143294e-01 -5.887969428391298e-01  1.297221757809809e-03 -5.887969428391298e-01  5.547942559534531e-01 -5.887969428391298e-01  2.915663601541228e-01 -5.887969428391298e-01  2.378393336971629e-03 
-5.847969428391298e-01  1.448310632277040e+00 -5.847969428391298e-01  1.157960134402507e+00 -5.847969428391298e-01  9.872576723109627e-01 -5.847969428391298e-01  2.289625418434947e-01 -5.847969428391298e-01  1.300852181618053e-03 -5.847969428391298e-01  5.562205741142956e-01 -5.847969428391298e-01  2.913702508118976e-01 -5.847969428391298e-01  2.374820054829481e-03 
-5.807969428391297e-01  1.447328751204847e+00 -5.807969428391297e-01  1.158926690609085e+00 -5.807969428391297e-01  9.857934138669209e-01 -5.807969428391297e-01  2.292072262482283e-01 -5.807969428391297e-01  1.304484029316210e-03 -5.807969428391297e-01  5.576477954531491e-01 -5.807969428391297e-01  2.911741574494155e-01 -5.807969428391297e-01  2.371244891995743e-03 
-5.767969428391297e-01  1.446346490111210e+00 -5.767969428391297e-01  1.159893749846630e+00 -5.767969428391297e-01  9.843287142435004e-01 -5.767969428391297e-01  2.294516251587182e-01 -5.767969428391297e-01  1.308117282653887e-03 -5.767969428391297e-01  5.590759094261122e-01 -5.767969428391297e-01  2.909780778421936e-01 -5.767969428391297e-01  2.367667868517370e-03 
-5.727969428391297e-01  1.445363853881104e+00 -5.727969428391297e-01  1.160861306762112e+00 -5.727969428391297e-01  9.828635784340742e-01 -5.727969428391297e-01  2.296957389174817e-01 -5.727969428391297e-01  1.311751923562520e-03 -5.727969428391297e-01  5.605049056235019e-01 -5.727969428391297e-01  2.907820097888502e-01 -5.727969428391297e-01  2.364089004194510e-03 
-5.687969428391297e-01  1.444380847351511e+00 -5.687969428391297e-01  1.161829356069740e+00 -5.687969428391297e-01  9.813980113985843e-01 -5.687969428391297e-01  2.299395678789936e-01 -5.687969428391297e-01  1.315387934151108e-03 -5.687969428391297e-01  5.619347737686480e-01 -5.687969428391297e-01  2.905859511104429e-01 -5.687969428391297e-01  2.360508318578598e-03 
-5.647969428391297e-01  1.443397475300193e+00 -5.647969428391297e-01  1.162797892505871e+00 -5.647969428391297e-01  9.799320180568063e-01 -5.647969428391297e-01  2.301831124122224e-01 -5.647969428391297e-01  1.319025296747642e-03 -5.647969428391297e-01  5.633655036891145e-01 -5.647969428391297e-01  2.903898996578066e-01 -5.647969428391297e-01  2.356925831139160e-03 
-5.607969428391297e-01  1.442413742468943e+00 -5.607969428391297e-01  1.163766910911027e+00 -5.607969428391297e-01  9.784656033022554e-01 -5.607969428391297e-01  2.304263728950656e-01 -5.607969428391297e-01  1.322663993813176e-03 -5.607969428391297e-01  5.647970853648081e-01 -5.607969428391297e-01  2.901938532966359e-01 -5.607969428391297e-01  2.353341560960412e-03 
-5.567969428391297e-01  1.441429653546361e+00 -5.567969428391297e-01  1.164736406162730e+00 -5.567969428391297e-01  9.769987719918813e-01 -5.567969428391297e-01  2.306693497183102e-01 -5.567969428391297e-01  1.326304008005500e-03 -5.567969428391297e-01  5.662295088859199e-01 -5.567969428391297e-01  2.899978099187037e-01 -5.567969428391297e-01  2.349755526989713e-03 
-5.527969428391297e-01  1.440445213166410e+00 -5.527969428391297e-01  1.165706373166688e+00 -5.527969428391297e-01  9.755315289451906e-01 -5.527969428391297e-01  2.309120432858707e-01 -5.527969428391297e-01  1.329945322184468e-03 -5.527969428391297e-01  5.676627644461327e-01 -5.527969428391297e-01  2.898017674428762e-01 -5.527969428391297e-01  2.346167748070191e-03 
-5.487969428391297e-01  1.439460425928212e+00 -5.487969428391297e-01  1.166676806926161e+00 -5.487969428391297e-01  9.740638789561069e-01 -5.487969428391297e-01  2.311544540100664e-01 -5.487969428391297e-01  1.333587919338833e-03 -5.487969428391297e-01  5.690968423832043e-01 -5.487969428391297e-01  2.896057238024245e-01 -5.487969428391297e-01  2.342578242684098e-03 
-5.447969428391297e-01  1.438475296376063e+00 -5.447969428391297e-01  1.167647702464794e+00 -5.447969428391297e-01  9.725958267810026e-01 -5.447969428391297e-01  2.313965823162143e-01 -5.447969428391297e-01  1.337231782660117e-03 -5.447969428391297e-01  5.705317331308550e-01 -5.447969428391297e-01  2.894096769580336e-01 -5.447969428391297e-01  2.338987029238305e-03 
-5.407969428391297e-01  1.437489829014479e+00 -5.407969428391297e-01  1.168619054878748e+00 -5.407969428391297e-01  9.711273771477122e-01 -5.407969428391297e-01  2.316384286390273e-01 -5.407969428391297e-01  1.340876895486966e-03 -5.407969428391297e-01  5.719674272489870e-01 -5.407969428391297e-01  2.892136248881534e-01 -5.407969428391297e-01  2.335394125871498e-03 
-5.367969428391297e-01  1.436504028295279e+00 -5.367969428391297e-01  1.169590859285544e+00 -5.367969428391297e-01  9.696585347478119e-01 -5.367969428391297e-01  2.318799934255471e-01 -5.367969428391297e-01  1.344523241352962e-03 -5.367969428391297e-01  5.734039153913212e-01 -5.367969428391297e-01  2.890175655974631e-01 -5.367969428391297e-01  2.331799550643286e-03 
-5.327969428391297e-01  1.435517898638605e+00 -5.327969428391297e-01  1.170563110898441e+00 -5.327969428391297e-01  9.681893042492099e-01 -5.327969428391297e-01  2.321212771301717e-01 -5.327969428391297e-01  1.348170803908800e-03 -5.327969428391297e-01  5.748411883491900e-01 -5.327969428391297e-01  2.888214971033323e-01 -5.327969428391297e-01  2.328203321259195e-03 
-5.287969428391297e-01  1.434531444410106e+00 -5.287969428391297e-01  1.171535804938811e+00 -5.287969428391297e-01  9.667196902824955e-01 -5.287969428391297e-01  2.323622802198910e-01 -5.287969428391297e-01  1.351819567006788e-03 -5.287969428391297e-01  5.762792369970895e-01 -5.287969428391297e-01  2.886254174507056e-01 -5.287969428391297e-01  2.324605455394736e-03 
-5.247969428391297e-01  1.433544669936094e+00 -5.247969428391297e-01  1.172508936688864e+00 -5.247969428391297e-01  9.652496974500276e-01 -5.247969428391297e-01  2.326030031706838e-01 -5.247969428391297e-01  1.355469514644694e-03 -5.247969428391297e-01  5.777180523233770e-01 -5.247969428391297e-01  2.884293247023718e-01 -5.247969428391297e-01  2.321005970500389e-03 
-5.207969428391297e-01  1.432557579504459e+00 -5.207969428391297e-01  1.173482501491910e+00 -5.207969428391297e-01  9.637793303265136e-01 -5.207969428391297e-01  2.328434464672443e-01 -5.207969428391297e-01  1.359120630962395e-03 -5.207969428391297e-01  5.791576254291942e-01 -5.207969428391297e-01  2.882332169384446e-01 -5.207969428391297e-01  2.317404883800634e-03 
-5.167969428391297e-01  1.431570177360953e+00 -5.167969428391297e-01  1.174456494735433e+00 -5.167969428391297e-01  9.623085934567857e-01 -5.167969428391297e-01  2.330836106037770e-01 -5.167969428391297e-01  1.362772900255642e-03 -5.167969428391297e-01  5.805979475169603e-01 -5.167969428391297e-01  2.880370922588663e-01 -5.167969428391297e-01  2.313802212356535e-03 
-5.127969428391297e-01  1.430582467703161e+00 -5.127969428391297e-01  1.175430911825621e+00 -5.127969428391297e-01  9.608374913522025e-01 -5.127969428391297e-01  2.333234960853139e-01 -5.127969428391297e-01  1.366426306998325e-03 -5.127969428391297e-01  5.820390098736554e-01 -5.127969428391297e-01  2.878409487874306e-01 -5.127969428391297e-01  2.310197973160002e-03 
-5.087969428391297e-01  1.429594454700845e+00 -5.087969428391297e-01  1.176405748259718e+00 -5.087969428391297e-01  9.593660285028933e-01 -5.087969428391297e-01  2.335631034229660e-01 -5.087969428391297e-01  1.370080835767251e-03 -5.087969428391297e-01  5.834808039136282e-01 -5.087969428391297e-01  2.876447846586159e-01 -5.087969428391297e-01  2.306592182866128e-03 
-5.047969428391297e-01  1.428606142473920e+00 -5.047969428391297e-01  1.177380999541308e+00 -5.047969428391297e-01  9.578942093645477e-01 -5.047969428391297e-01  2.338024331389326e-01 -5.047969428391297e-01  1.373736471323595e-03 -5.047969428391297e-01  5.849233211259099e-01 -5.047969428391297e-01  2.874485980320323e-01 -5.047969428391297e-01  2.302984858106575e-03 
-5.007969428391297e-01  1.427617535110764e+00 -5.007969428391297e-01  1.178356661245311e+00 -5.007969428391297e-01  9.564220383694413e-01 -5.007969428391297e-01  2.340414857622323e-01 -5.007969428391297e-01  1.377393198545169e-03 -5.007969428391297e-01  5.863665531125744e-01 -5.007969428391297e-01  2.872523870805571e-01 -5.007969428391297e-01  2.299376015249107e-03 
-4.967969428391297e-01  1.426628636655395e+00 -4.967969428391297e-01  1.179332728967408e+00 -4.967969428391297e-01  9.549495199187549e-01 -4.967969428391297e-01  2.342802618315888e-01 -4.967969428391297e-01  1.381051002473871e-03 -4.967969428391297e-01  5.878104915568639e-01 -4.967969428391297e-01  2.870561499988034e-01 -4.967969428391297e-01  2.295765670584728e-03 
-4.927969428391297e-01  1.425639451115825e+00 -4.927969428391297e-01  1.180309198352114e+00 -4.927969428391297e-01  9.534766583876253e-01 -4.927969428391297e-01  2.345187618934593e-01 -4.927969428391297e-01  1.384709868284781e-03 -4.927969428391297e-01  5.892551282391194e-01 -4.927969428391297e-01  2.868598849977582e-01 -4.927969428391297e-01  2.292153840223775e-03 
-4.887969428391297e-01  1.424649982469507e+00 -4.887969428391297e-01  1.181286065110270e+00 -4.887969428391297e-01  9.520034581284612e-01 -4.887969428391297e-01  2.347569865007401e-01 -4.887969428391297e-01  1.388369781265979e-03 -4.887969428391297e-01  5.907004550463790e-01 -4.887969428391297e-01  2.866635903012870e-01 -4.887969428391297e-01  2.288540540031302e-03 
-4.847969428391297e-01  1.423660234648670e+00 -4.847969428391297e-01  1.182263324961636e+00 -4.847969428391297e-01  9.505299234621363e-01 -4.847969428391297e-01  2.349949362160670e-01 -4.847969428391297e-01  1.392030726872850e-03 -4.847969428391297e-01  5.921464639363085e-01 -4.847969428391297e-01  2.864672641558310e-01 -4.847969428391297e-01  2.284925785839339e-03 
-4.807969428391297e-01  1.422670211551817e+00 -4.807969428391297e-01  1.183240973674908e+00 -4.807969428391297e-01  9.490560586849499e-01 -4.807969428391297e-01  2.352326116091340e-01 -4.807969428391297e-01  1.395692690685483e-03 -4.807969428391297e-01  5.935931469605222e-01 -4.807969428391297e-01  2.862709048229616e-01 -4.807969428391297e-01  2.281309593298912e-03 
-4.767969428391297e-01  1.421679917048971e+00 -4.767969428391297e-01  1.184219007084426e+00 -4.767969428391297e-01  9.475818680718280e-01 -4.767969428391297e-01  2.354700132554657e-01 -4.767969428391297e-01  1.399355658389345e-03 -4.767969428391297e-01  5.950404962737419e-01 -4.767969428391297e-01  2.860745105760344e-01 -4.767969428391297e-01  2.277691977818243e-03 
-4.727969428391297e-01  1.420689354968994e+00 -4.727969428391297e-01  1.185197421040408e+00 -4.727969428391297e-01  9.461073558687136e-01 -4.727969428391297e-01  2.357071417392503e-01 -4.727969428391297e-01  1.403019615822129e-03 -4.727969428391297e-01  5.964885041024246e-01 -4.727969428391297e-01  2.858780797085727e-01 -4.727969428391297e-01  2.274072954746810e-03 
-4.687969428391296e-01  1.419698529105450e+00 -4.687969428391296e-01  1.186176211428040e+00 -4.687969428391296e-01  9.446325262961321e-01 -4.687969428391296e-01  2.359439976519603e-01 -4.687969428391296e-01  1.406684548952066e-03 -4.687969428391296e-01  5.979371627553960e-01 -4.687969428391296e-01  2.856816105305240e-01 -4.687969428391296e-01  2.270452539304794e-03 
-4.647969428391296e-01  1.418707443217473e+00 -4.647969428391296e-01  1.187155374168065e+00 -4.647969428391296e-01  9.431573835497594e-01 -4.647969428391296e-01  2.361805815921161e-01 -4.647969428391296e-01  1.410350443874784e-03 -4.647969428391296e-01  5.993864646232105e-01 -4.647969428391296e-01  2.854851013677759e-01 -4.647969428391296e-01  2.266830746580799e-03 
-4.607969428391296e-01  1.417716101041094e+00 -4.607969428391296e-01  1.188134905256367e+00 -4.607969428391296e-01  9.416819318072991e-01 -4.607969428391296e-01  2.364168941626857e-01 -4.607969428391296e-01  1.414017286771296e-03 -4.607969428391296e-01  6.008364022013460e-01 -4.607969428391296e-01  2.852885505547973e-01 -4.607969428391296e-01  2.263207591385535e-03 
-4.567969428391296e-01  1.416724506269147e+00 -4.567969428391296e-01  1.189114800686656e+00 -4.567969428391296e-01  9.402061752163977e-01 -4.567969428391296e-01  2.366529359755928e-01 -4.567969428391296e-01  1.417685063982460e-03 -4.567969428391296e-01  6.022869680420631e-01 -4.567969428391296e-01  2.850919564479228e-01 -4.567969428391296e-01  2.259583088537727e-03 
-4.527969428391296e-01  1.415732662567855e+00 -4.527969428391296e-01  1.190095056509692e+00 -4.527969428391296e-01  9.387301179046932e-01 -4.527969428391296e-01  2.368887076479271e-01 -4.527969428391296e-01  1.421353761947490e-03 -4.527969428391296e-01  6.037381547896072e-01 -4.527969428391296e-01  2.848953174145346e-01 -4.527969428391296e-01  2.255957252645077e-03 
-4.487969428391296e-01  1.414740573567096e+00 -4.487969428391296e-01  1.191075668794543e+00 -4.487969428391296e-01  9.372537639739877e-01 -4.487969428391296e-01  2.371242098041101e-01 -4.487969428391296e-01  1.425023367240087e-03 -4.487969428391296e-01  6.051899551556327e-01 -4.487969428391296e-01  2.846986318395592e-01 -4.487969428391296e-01  2.252330098247609e-03 
-4.447969428391296e-01  1.413748242873060e+00 -4.447969428391296e-01  1.192056633673325e+00 -4.447969428391296e-01  9.357771175079392e-01 -4.447969428391296e-01  2.373594430730143e-01 -4.447969428391296e-01  1.428693866521541e-03 -4.447969428391296e-01  6.066423619456218e-01 -4.447969428391296e-01  2.845018981172017e-01 -4.447969428391296e-01  2.248701639652079e-03 
-4.407969428391296e-01  1.412755674049155e+00 -4.407969428391296e-01  1.193037947267644e+00 -4.407969428391296e-01  9.343001825605619e-01 -4.407969428391296e-01  2.375944080922132e-01 -4.407969428391296e-01  1.432365246611371e-03 -4.407969428391296e-01  6.080953680130441e-01 -4.407969428391296e-01  2.843051146636244e-01 -4.407969428391296e-01  2.245071891204182e-03 
-4.367969428391296e-01  1.411762870647312e+00 -4.367969428391296e-01  1.194019605802789e+00 -4.367969428391296e-01  9.328229631752172e-01 -4.367969428391296e-01  2.378291055009465e-01 -4.367969428391296e-01  1.436037494371591e-03 -4.367969428391296e-01  6.095489663282773e-01 -4.367969428391296e-01  2.841082798963916e-01 -4.367969428391296e-01  2.241440866866027e-03 
-4.327969428391296e-01  1.410769836169269e+00 -4.327969428391296e-01  1.195001605461268e+00 -4.327969428391296e-01  9.313454633612289e-01 -4.327969428391296e-01  2.380635359487449e-01 -4.327969428391296e-01  1.439710596849798e-03 -4.327969428391296e-01  6.110031498881991e-01 -4.327969428391296e-01  2.839113922600789e-01 -4.327969428391296e-01  2.237808580758063e-03 
-4.287969428391296e-01  1.409776574104822e+00 -4.287969428391296e-01  1.195983942522951e+00 -4.287969428391296e-01  9.298676871170938e-01 -4.287969428391296e-01  2.382977000868638e-01 -4.287969428391296e-01  1.443384541137823e-03 -4.287969428391296e-01  6.124579118010430e-01 -4.287969428391296e-01  2.837144502011164e-01 -4.287969428391296e-01  2.234175046640528e-03 
-4.247969428391296e-01  1.408783087902206e+00 -4.247969428391296e-01  1.196966613252397e+00 -4.247969428391296e-01  9.283896384125907e-01 -4.247969428391296e-01  2.385315985748617e-01 -4.247969428391296e-01  1.447059314481187e-03 -4.247969428391296e-01  6.139132452166287e-01 -4.247969428391296e-01  2.835174521874388e-01 -4.247969428391296e-01  2.230540278330304e-03 
-4.207969428391296e-01  1.407789380986139e+00 -4.207969428391296e-01  1.197949613963962e+00 -4.207969428391296e-01  9.269113211997705e-01 -4.207969428391296e-01  2.387652320765536e-01 -4.207969428391296e-01  1.450734904212390e-03 -4.207969428391296e-01  6.153691433653924e-01 -4.207969428391296e-01  2.833203966966331e-01 -4.207969428391296e-01  2.226904289460132e-03 
-4.167969428391296e-01  1.406795456760309e+00 -4.167969428391296e-01  1.198932941028764e+00 -4.167969428391296e-01  9.254327394145103e-01 -4.167969428391296e-01  2.389986012594466e-01 -4.167969428391296e-01  1.454411297741744e-03 -4.167969428391296e-01  6.168255995618392e-01 -4.167969428391296e-01  2.831232822143789e-01 -4.167969428391296e-01  2.223267093452745e-03 
-4.127969428391296e-01  1.405801318594268e+00 -4.127969428391296e-01  1.199916590823678e+00 -4.127969428391296e-01  9.239538969686365e-01 -4.127969428391296e-01  2.392317067976253e-01 -4.127969428391296e-01  1.458088482605801e-03 -4.127969428391296e-01  6.182826071725338e-01 -4.127969428391296e-01  2.829261072431989e-01 -4.127969428391296e-01  2.219628703709604e-03 
-4.087969428391296e-01  1.404806969825632e+00 -4.087969428391296e-01  1.200900559737387e+00 -4.087969428391296e-01  9.224747977513028e-01 -4.087969428391296e-01  2.394645493712357e-01 -4.087969428391296e-01  1.461766446459221e-03 -4.087969428391296e-01  6.197401596190102e-01 -4.087969428391296e-01  2.827288703010933e-01 -4.087969428391296e-01  2.215989133588498e-03 
-4.047969428391296e-01  1.403812413779412e+00 -4.047969428391296e-01  1.201884844240345e+00 -4.047969428391296e-01  9.209954456407791e-01 -4.047969428391296e-01  2.396971296621985e-01 -4.047969428391296e-01  1.465445177003331e-03 -4.047969428391296e-01  6.211982504198601e-01 -4.047969428391296e-01  2.825315699088060e-01 -4.047969428391296e-01  2.212348396144739e-03 
-4.007969428391296e-01  1.402817653737501e+00 -4.007969428391296e-01  1.202869440768870e+00 -4.007969428391296e-01  9.195158444859931e-01 -4.007969428391296e-01  2.399294483609280e-01 -4.007969428391296e-01  1.469124662098905e-03 -4.007969428391296e-01  6.226568731189779e-01 -4.007969428391296e-01  2.823342046101408e-01 -4.007969428391296e-01  2.208706504559915e-03 
-3.967969428391296e-01  1.401822692974332e+00 -3.967969428391296e-01  1.203854345856145e+00 -3.967969428391296e-01  9.180359981282320e-01 -3.967969428391296e-01  2.401615061584512e-01 -3.967969428391296e-01  1.472804889634320e-03 -3.967969428391296e-01  6.241160213650885e-01 -3.967969428391296e-01  2.821367729483746e-01 -3.967969428391296e-01  2.205063471657317e-03 
-3.927969428391296e-01  1.400827534730037e+00 -3.927969428391296e-01  1.204839556030019e+00 -3.927969428391296e-01  9.165559103849148e-01 -3.927969428391296e-01  2.403933037523156e-01 -3.927969428391296e-01  1.476485847624831e-03 -3.927969428391296e-01  6.255756888483890e-01 -3.927969428391296e-01  2.819392734841542e-01 -3.927969428391296e-01  2.201419310279974e-03 
-3.887969428391296e-01  1.399832182214296e+00 -3.887969428391296e-01  1.205825067825286e+00 -3.887969428391296e-01  9.150755850519816e-01 -3.887969428391296e-01  2.406248418457134e-01 -3.887969428391296e-01  1.480167524198304e-03 -3.887969428391296e-01  6.270358693073438e-01 -3.887969428391296e-01  2.817417047930457e-01 -3.887969428391296e-01  2.197774033245206e-03 
-3.847969428391296e-01  1.398836638620757e+00 -3.847969428391296e-01  1.206810877835627e+00 -3.847969428391296e-01  9.135950259127187e-01 -3.847969428391296e-01  2.408561211443083e-01 -3.847969428391296e-01  1.483849907541933e-03 -3.847969428391296e-01  6.284965565598297e-01 -3.847969428391296e-01  2.815440654560092e-01 -3.847969428391296e-01  2.194127653152565e-03 
-3.807969428391296e-01  1.397840907120618e+00 -3.807969428391296e-01  1.207796982687689e+00 -3.807969428391296e-01  9.121142367339234e-01 -3.807969428391296e-01  2.410871423576378e-01 -3.807969428391296e-01  1.487532985925930e-03 -3.807969428391296e-01  6.299577444865645e-01 -3.807969428391296e-01  2.813463540637364e-01 -3.807969428391296e-01  2.190480182479623e-03 
-3.767969428391296e-01  1.396844990853614e+00 -3.767969428391296e-01  1.208783379005395e+00 -3.767969428391296e-01  9.106332212604958e-01 -3.767969428391296e-01  2.413179062010732e-01 -3.767969428391296e-01  1.491216747736891e-03 -3.767969428391296e-01  6.314194270085138e-01 -3.767969428391296e-01  2.811485692227612e-01 -3.767969428391296e-01  2.186831633714029e-03 
-3.727969428391296e-01  1.395848892940265e+00 -3.727969428391296e-01  1.209770063453911e+00 -3.727969428391296e-01  9.091519832229382e-01 -3.727969428391296e-01  2.415484133931293e-01 -3.727969428391296e-01  1.494901181432496e-03 -3.727969428391296e-01  6.328815981132000e-01 -3.727969428391296e-01  2.809507095473568e-01 -3.727969428391296e-01  2.183182019190895e-03 
-3.687969428391296e-01  1.394852616485749e+00 -3.687969428391296e-01  1.210757032752197e+00 -3.687969428391296e-01  9.076705263397866e-01 -3.687969428391296e-01  2.417786646546188e-01 -3.687969428391296e-01  1.498586275527126e-03 -3.687969428391296e-01  6.343442518617555e-01 -3.687969428391296e-01  2.807527736570293e-01 -3.687969428391296e-01  2.179531351046375e-03 
-3.647969428391296e-01  1.393856164555894e+00 -3.647969428391296e-01  1.211744283581431e+00 -3.647969428391296e-01  9.061888543030728e-01 -3.647969428391296e-01  2.420086607138764e-01 -3.647969428391296e-01  1.502272018680756e-03 -3.647969428391296e-01  6.358073823320507e-01 -3.647969428391296e-01  2.805547601926311e-01 -3.647969428391296e-01  2.175879641556294e-03 
-3.607969428391296e-01  1.392859540213571e+00 -3.607969428391296e-01  1.212731812719183e+00 -3.607969428391296e-01  9.047069708005337e-01 -3.607969428391296e-01  2.422384022988294e-01 -3.607969428391296e-01  1.505958399564278e-03 -3.607969428391296e-01  6.372709837004398e-01 -3.607969428391296e-01  2.803566677921330e-01 -3.607969428391296e-01  2.172226902640045e-03 
-3.567969428391295e-01  1.391862746486799e+00 -3.567969428391295e-01  1.213719616918415e+00 -3.567969428391295e-01  9.032248794962745e-01 -3.567969428391295e-01  2.424678901439326e-01 -3.567969428391295e-01  1.509645406977496e-03 -3.567969428391295e-01  6.387350501668304e-01 -3.567969428391295e-01  2.801584951120117e-01 -3.567969428391295e-01  2.168573146307977e-03 
-3.527969428391295e-01  1.390865786382669e+00 -3.527969428391295e-01  1.214707692957731e+00 -3.527969428391295e-01  9.017425840393017e-01 -3.527969428391295e-01  2.426971249871337e-01 -3.527969428391295e-01  1.513333029797624e-03 -3.527969428391295e-01  6.401995759849197e-01 -3.527969428391295e-01  2.799602408180309e-01 -3.527969428391295e-01  2.164918384475581e-03 
-3.487969428391295e-01  1.389868662899601e+00 -3.487969428391295e-01  1.215696037685465e+00 -3.487969428391295e-01  9.002600880710736e-01 -3.487969428391295e-01  2.429261075672220e-01 -3.487969428391295e-01  1.517021256933942e-03 -3.487969428391295e-01  6.416645554886872e-01 -3.487969428391295e-01  2.797619035770986e-01 -3.487969428391295e-01  2.161262628800477e-03 
-3.447969428391295e-01  1.388871379003056e+00 -3.447969428391295e-01  1.216684647927140e+00 -3.447969428391295e-01  8.987773952107698e-01 -3.447969428391295e-01  2.431548386290874e-01 -3.447969428391295e-01  1.520710077417643e-03 -3.447969428391295e-01  6.431299830349321e-01 -3.447969428391295e-01  2.795634820736151e-01 -3.447969428391295e-01  2.157605891024638e-03 
-3.407969428391295e-01  1.387873937637849e+00 -3.407969428391295e-01  1.217673520529706e+00 -3.407969428391295e-01  8.972945090628701e-01 -3.407969428391295e-01  2.433833189210473e-01 -3.407969428391295e-01  1.524399480356300e-03 -3.407969428391295e-01  6.445958530298610e-01 -3.407969428391295e-01  2.793649750013258e-01 -3.407969428391295e-01  2.153948182810752e-03 
-3.367969428391295e-01  1.386876341742157e+00 -3.367969428391295e-01  1.218662652412398e+00 -3.367969428391295e-01  8.958114332257567e-01 -3.367969428391295e-01  2.436115491918331e-01 -3.367969428391295e-01  1.528089454881998e-03 -3.367969428391295e-01  6.460621599597846e-01 -3.367969428391295e-01  2.791663810539582e-01 -3.367969428391295e-01  2.150289515554163e-03 
-3.327969428391295e-01  1.385878594220702e+00 -3.327969428391295e-01  1.219652040464615e+00 -3.327969428391295e-01  8.943281712754543e-01 -3.327969428391295e-01  2.438395301963737e-01 -3.327969428391295e-01  1.531779990250594e-03 -3.327969428391295e-01  6.475288983277688e-01 -3.327969428391295e-01  2.789676989433361e-01 -3.327969428391295e-01  2.146629900760600e-03 
-3.287969428391295e-01  1.384880697967981e+00 -3.287969428391295e-01  1.220641681631232e+00 -3.287969428391295e-01  8.928447267798594e-01 -3.287969428391295e-01  2.440672626907966e-01 -3.287969428391295e-01  1.535471075755790e-03 -3.287969428391295e-01  6.489960627055243e-01 -3.287969428391295e-01  2.787689273838362e-01 -3.287969428391295e-01  2.142969349730526e-03 
-3.247969428391295e-01  1.383882655851663e+00 -3.247969428391295e-01  1.221631572848828e+00 -3.247969428391295e-01  8.913611032886972e-01 -3.247969428391295e-01  2.442947474359942e-01 -3.247969428391295e-01  1.539162700790464e-03 -3.247969428391295e-01  6.504636476936387e-01 -3.247969428391295e-01  2.785700651036411e-01 -3.247969428391295e-01  2.139307873795133e-03 
-3.207969428391295e-01  1.382884470726535e+00 -3.207969428391295e-01  1.222621711096294e+00 -3.207969428391295e-01  8.898773043420959e-01 -3.207969428391295e-01  2.445219851946399e-01 -3.207969428391295e-01  1.542854854795161e-03 -3.207969428391295e-01  6.519316479521668e-01 -3.207969428391295e-01  2.783711108354245e-01 -3.207969428391295e-01  2.135645484129116e-03 
-3.167969428391295e-01  1.381886145432586e+00 -3.167969428391295e-01  1.223612093386059e+00 -3.167969428391295e-01  8.883933334695068e-01 -3.167969428391295e-01  2.447489767316106e-01 -3.167969428391295e-01  1.546547527265186e-03 -3.167969428391295e-01  6.534000581947019e-01 -3.167969428391295e-01  2.781720633177121e-01 -3.167969428391295e-01  2.131982191783116e-03 
-3.127969428391295e-01  1.380887682782039e+00 -3.127969428391295e-01  1.224602716713910e+00 -3.127969428391295e-01  8.869091941818685e-01 -3.127969428391295e-01  2.449757228167610e-01 -3.127969428391295e-01  1.550240707798509e-03 -3.127969428391295e-01  6.548688731569705e-01 -3.127969428391295e-01  2.779729213037216e-01 -3.127969428391295e-01  2.128318007869286e-03 
-3.087969428391295e-01  1.379889085578345e+00 -3.087969428391295e-01  1.225593578128715e+00 -3.087969428391295e-01  8.854248899832677e-01 -3.087969428391295e-01  2.452022242208751e-01 -3.087969428391295e-01  1.553934386025600e-03 -3.087969428391295e-01  6.563380876392315e-01 -3.087969428391295e-01  2.777736835485967e-01 -3.087969428391295e-01  2.124652943303483e-03 
-3.047969428391295e-01  1.378890356600124e+00 -3.047969428391295e-01  1.226584674670559e+00 -3.047969428391295e-01  8.839404243612312e-01 -3.047969428391295e-01  2.454284817190964e-01 -3.047969428391295e-01  1.557628551668689e-03 -3.047969428391295e-01  6.578076964676836e-01 -3.047969428391295e-01  2.775743488203650e-01 -3.047969428391295e-01  2.120987009034049e-03 
-3.007969428391295e-01  1.377891498619866e+00 -3.007969428391295e-01  1.227576003439389e+00 -3.007969428391295e-01  8.824558007982130e-01 -3.007969428391295e-01  2.456544960869621e-01 -3.007969428391295e-01  1.561323194472760e-03 -3.007969428391295e-01  6.592776945362318e-01 -3.007969428391295e-01  2.773749158873467e-01 -3.007969428391295e-01  2.117320215787892e-03 
-2.967969428391295e-01  1.376892514386476e+00 -2.967969428391295e-01  1.228567561528104e+00 -2.967969428391295e-01  8.809710227610276e-01 -2.967969428391295e-01  2.458802681041248e-01 -2.967969428391295e-01  1.565018304269989e-03 -2.967969428391295e-01  6.607480767647923e-01 -2.967969428391295e-01  2.771753835300431e-01 -2.967969428391295e-01  2.113652574317965e-03 
-2.927969428391295e-01  1.375893406631123e+00 -2.927969428391295e-01  1.229559346042980e+00 -2.927969428391295e-01  8.794860937045013e-01 -2.927969428391295e-01  2.461057985531157e-01 -2.927969428391295e-01  1.568713870958157e-03 -2.927969428391295e-01  6.622188381114024e-01 -2.927969428391295e-01  2.769757505372683e-01 -2.927969428391295e-01  2.109984095327804e-03 
-2.887969428391295e-01  1.374894178069569e+00 -2.887969428391295e-01  1.230551354110915e+00 -2.887969428391295e-01  8.780010170729711e-01 -2.887969428391295e-01  2.463310882188652e-01 -2.887969428391295e-01  1.572409884492076e-03 -2.887969428391295e-01  6.636899735761819e-01 -2.887969428391295e-01  2.767760157046480e-01 -2.887969428391295e-01  2.106314789444602e-03 
-2.847969428391295e-01  1.373894831405829e+00 -2.847969428391295e-01  1.231543582891787e+00 -2.847969428391295e-01  8.765157963026178e-01 -2.847969428391295e-01  2.465561378879355e-01 -2.847969428391295e-01  1.576106334869925e-03 -2.847969428391295e-01  6.651614782084959e-01 -2.847969428391295e-01  2.765761778321970e-01 -2.847969428391295e-01  2.102644667173622e-03 
-2.807969428391295e-01  1.372895369325593e+00 -2.807969428391295e-01  1.232536029552209e+00 -2.807969428391295e-01  8.750304348175215e-01 -2.807969428391295e-01  2.467809483499362e-01 -2.807969428391295e-01  1.579803212157751e-03 -2.807969428391295e-01  6.666333470903117e-01 -2.807969428391295e-01  2.763762357288865e-01 -2.807969428391295e-01  2.098973738995150e-03 
-2.767969428391295e-01  1.371895794500996e+00 -2.767969428391295e-01  1.233528691282133e+00 -2.767969428391295e-01  8.735449360326709e-01 -2.767969428391295e-01  2.470055203965218e-01 -2.767969428391295e-01  1.583500506471668e-03 -2.767969428391295e-01  6.681055753459932e-01 -2.767969428391295e-01  2.761761882094627e-01 -2.767969428391295e-01  2.095302015303212e-03 
-2.727969428391295e-01  1.370896109585365e+00 -2.727969428391295e-01  1.234521565273701e+00 -2.727969428391295e-01  8.720593033508350e-01 -2.727969428391295e-01  2.472298548225192e-01 -2.727969428391295e-01  1.587198207997420e-03 -2.727969428391295e-01  6.695781581288036e-01 -2.727969428391295e-01  2.759760340981058e-01 -2.727969428391295e-01  2.091629506483689e-03 
-2.687969428391295e-01  1.369896317227894e+00 -2.687969428391295e-01  1.235514648774887e+00 -2.687969428391295e-01  8.705735401716233e-01 -2.687969428391295e-01  2.474539524228501e-01 -2.687969428391295e-01  1.590896306935972e-03 -2.687969428391295e-01  6.710510906535380e-01 -2.687969428391295e-01  2.757757722185126e-01 -2.687969428391295e-01  2.087956222715965e-03 
-2.647969428391295e-01  1.368896420051628e+00 -2.647969428391295e-01  1.236507939005570e+00 -2.647969428391295e-01  8.690876498781145e-01 -2.647969428391295e-01  2.476778139971874e-01 -2.647969428391295e-01  1.594594793585081e-03 -2.647969428391295e-01  6.725243681443527e-01 -2.647969428391295e-01  2.755754014089749e-01 -2.647969428391295e-01  2.084282174283321e-03 
-2.607969428391295e-01  1.367896420669655e+00 -2.607969428391295e-01  1.237501433216908e+00 -2.607969428391295e-01  8.676016358468419e-01 -2.607969428391295e-01  2.479014403465549e-01 -2.607969428391295e-01  1.598293658279270e-03 -2.607969428391295e-01  6.739979858709445e-01 -2.607969428391295e-01  2.753749205114276e-01 -2.607969428391295e-01  2.080607371353376e-03 
-2.567969428391295e-01  1.366896321684594e+00 -2.567969428391295e-01  1.238495128688117e+00 -2.567969428391295e-01  8.661155014475770e-01 -2.567969428391295e-01  2.481248322734649e-01 -2.567969428391295e-01  1.601992891391811e-03 -2.567969428391295e-01  6.754719391461376e-01 -2.567969428391295e-01  2.751743283718568e-01 -2.567969428391295e-01  2.076931823989924e-03 
-2.527969428391295e-01  1.365896125683100e+00 -2.527969428391295e-01  1.239489022704424e+00 -2.527969428391295e-01  8.646292500400643e-01 -2.527969428391295e-01  2.483479905830870e-01 -2.527969428391295e-01  1.605692483355035e-03 -2.527969428391295e-01  6.769462233118868e-01 -2.527969428391295e-01  2.749736238441564e-01 -2.527969428391295e-01  2.073255542234579e-03 
-2.487969428391295e-01  1.364895835241057e+00 -2.487969428391295e-01  1.240483112575367e+00 -2.487969428391295e-01  8.631428849772734e-01 -2.487969428391295e-01  2.485709160821810e-01 -2.487969428391295e-01  1.609392424641092e-03 -2.487969428391295e-01  6.784208337501487e-01 -2.487969428391295e-01  2.747728057866257e-01 -2.487969428391295e-01  2.069578536038998e-03 
-2.447969428391294e-01  1.363895452914903e+00 -2.447969428391294e-01  1.241477395600859e+00 -2.447969428391294e-01  8.616564096001973e-01 -2.447969428391294e-01  2.487936095809272e-01 -2.447969428391294e-01  1.613092705794079e-03 -2.447969428391294e-01  6.798957658615562e-01 -2.447969428391294e-01  2.745718730680086e-01 -2.447969428391294e-01  2.065900815390413e-03 
-2.407969428391294e-01  1.362894981253250e+00 -2.407969428391294e-01  1.242471869113547e+00 -2.407969428391294e-01  8.601698272450541e-01 -2.407969428391294e-01  2.490160718905215e-01 -2.407969428391294e-01  1.616793317387035e-03 -2.407969428391294e-01  6.813710150911423e-01 -2.407969428391294e-01  2.743708245596128e-01 -2.407969428391294e-01  2.062222390155055e-03 
-2.367969428391294e-01  1.361894422797347e+00 -2.367969428391294e-01  1.243466530479223e+00 -2.367969428391294e-01  8.586831412436640e-01 -2.367969428391294e-01  2.492383038231050e-01 -2.367969428391294e-01  1.620494250020207e-03 -2.367969428391294e-01  6.828465769282085e-01 -2.367969428391294e-01  2.741696591350599e-01 -2.367969428391294e-01  2.058543270076459e-03 
-2.327969428391294e-01  1.360893780068805e+00 -2.327969428391294e-01  1.244461377049560e+00 -2.327969428391294e-01  8.571963549160310e-01 -2.327969428391294e-01  2.494603061943446e-01 -2.327969428391294e-01  1.624195494366507e-03 -2.327969428391294e-01  6.843224468767920e-01 -2.327969428391294e-01  2.739683756787856e-01 -2.327969428391294e-01  2.054863464950471e-03 
-2.287969428391294e-01  1.359893055575565e+00 -2.287969428391294e-01  1.245456406183302e+00 -2.287969428391294e-01  8.557094715740861e-01 -2.287969428391294e-01  2.496820798222061e-01 -2.287969428391294e-01  1.627897041149409e-03 -2.287969428391294e-01  6.857986204683584e-01 -2.287969428391294e-01  2.737669730820206e-01 -2.287969428391294e-01  2.051182984546724e-03 
-2.247969428391294e-01  1.358892251823454e+00 -2.247969428391294e-01  1.246451615288237e+00 -2.247969428391294e-01  8.542224945288790e-01 -2.247969428391294e-01  2.499036255245843e-01 -2.247969428391294e-01  1.631598881100196e-03 -2.247969428391294e-01  6.872750932873154e-01 -2.247969428391294e-01  2.735654502349525e-01 -2.247969428391294e-01  2.047501838453482e-03 
-2.207969428391294e-01  1.357891371303289e+00 -2.207969428391294e-01  1.247447001771711e+00 -2.207969428391294e-01  8.527354270827564e-01 -2.207969428391294e-01  2.501249441220071e-01 -2.207969428391294e-01  1.635301005005687e-03 -2.207969428391294e-01  6.887518609401311e-01 -2.207969428391294e-01  2.733638060356371e-01 -2.207969428391294e-01  2.043820036260619e-03 
-2.167969428391294e-01  1.356890416489394e+00 -2.167969428391294e-01  1.248442563033826e+00 -2.167969428391294e-01  8.512482725285664e-01 -2.167969428391294e-01  2.503460364379597e-01 -2.167969428391294e-01  1.639003403713684e-03 -2.167969428391294e-01  6.902289190507650e-01 -2.167969428391294e-01  2.731620393911188e-01 -2.167969428391294e-01  2.040137587584811e-03 
-2.127969428391294e-01  1.355889389851704e+00 -2.127969428391294e-01  1.249438296511634e+00 -2.127969428391294e-01  8.497610341571645e-01 -2.127969428391294e-01  2.505669032964102e-01 -2.127969428391294e-01  1.642706068088246e-03 -2.127969428391294e-01  6.917062632875857e-01 -2.127969428391294e-01  2.729601492091751e-01 -2.127969428391294e-01  2.036454501906057e-03 
-2.087969428391294e-01  1.354888293845333e+00 -2.087969428391294e-01  1.250434199638837e+00 -2.087969428391294e-01  8.482737152511256e-01 -2.087969428391294e-01  2.507875455239897e-01 -2.087969428391294e-01  1.646408989048214e-03 -2.087969428391294e-01  6.931838893381570e-01 -2.087969428391294e-01  2.727581344055801e-01 -2.087969428391294e-01  2.032770788716776e-03 
-2.047969428391294e-01  1.353887130920944e+00 -2.047969428391294e-01  1.251430269883445e+00 -2.047969428391294e-01  8.467863190912090e-01 -2.047969428391294e-01  2.510079639478864e-01 -2.047969428391294e-01  1.650112157528938e-03 -2.047969428391294e-01  6.946617929321262e-01 -2.047969428391294e-01  2.725559938970383e-01 -2.047969428391294e-01  2.029086457382433e-03 
-2.007969428391294e-01  1.352885903511382e+00 -2.007969428391294e-01  1.252426504696599e+00 -2.007969428391294e-01  8.452988489482510e-01 -2.007969428391294e-01  2.512281593986215e-01 -2.007969428391294e-01  1.653815564531644e-03 -2.007969428391294e-01  6.961399698093030e-01 -2.007969428391294e-01  2.723537266104727e-01 -2.007969428391294e-01  2.025401517330921e-03 
-1.967969428391294e-01  1.351884614044393e+00 -1.967969428391294e-01  1.253422901558964e+00 -1.967969428391294e-01  8.438113080910749e-01 -1.967969428391294e-01  2.514481327074625e-01 -1.967969428391294e-01  1.657519201076444e-03 -1.967969428391294e-01  6.976184157479601e-01 -1.967969428391294e-01  2.721513314743535e-01 -1.967969428391294e-01  2.021715977880954e-03 
-1.927969428391294e-01  1.350883264942593e+00 -1.927969428391294e-01  1.254419457979548e+00 -1.927969428391294e-01  8.423236997865823e-01 -1.927969428391294e-01  2.516678847064636e-01 -1.927969428391294e-01  1.661223058202399e-03 -1.927969428391294e-01  6.990971265637704e-01 -1.927969428391294e-01  2.719488074187664e-01 -1.927969428391294e-01  2.018029848246347e-03 
-1.887969428391294e-01  1.349881858605672e+00 -1.887969428391294e-01  1.255416171427857e+00 -1.887969428391294e-01  8.408360272889215e-01 -1.887969428391294e-01  2.518874162321403e-01 -1.887969428391294e-01  1.664927127033359e-03 -1.887969428391294e-01  7.005760980676101e-01 -1.887969428391294e-01  2.717461533878175e-01 -1.887969428391294e-01  2.014343137787079e-03 
-1.847969428391294e-01  1.348880397436438e+00 -1.847969428391294e-01  1.256413039430324e+00 -1.847969428391294e-01  8.393482938555962e-01 -1.847969428391294e-01  2.521067281201676e-01 -1.847969428391294e-01  1.668631398681702e-03 -1.847969428391294e-01  7.020553261247529e-01 -1.847969428391294e-01  2.715433683217020e-01 -1.847969428391294e-01  2.010655855652530e-03 
-1.807969428391294e-01  1.347878883827347e+00 -1.807969428391294e-01  1.257410059518801e+00 -1.807969428391294e-01  8.378605027392941e-01 -1.807969428391294e-01  2.523258212081676e-01 -1.807969428391294e-01  1.672335864298024e-03 -1.807969428391294e-01  7.035348066227731e-01 -1.807969428391294e-01  2.713404511660829e-01 -1.807969428391294e-01  2.006968010972068e-03 
-1.767969428391294e-01  1.346877320161029e+00 -1.767969428391294e-01  1.258407229231324e+00 -1.767969428391294e-01  8.363726571883171e-01 -1.767969428391294e-01  2.525446963356396e-01 -1.767969428391294e-01  1.676040515069315e-03 -1.767969428391294e-01  7.050145354716917e-01 -1.767969428391294e-01  2.711374008718272e-01 -1.767969428391294e-01  2.003279612852169e-03 
-1.727969428391294e-01  1.345875708802413e+00 -1.727969428391294e-01  1.259404546081565e+00 -1.727969428391294e-01  8.348847604418519e-01 -1.727969428391294e-01  2.527633543455894e-01 -1.727969428391294e-01  1.679745342248014e-03 -1.727969428391294e-01  7.064945085848138e-01 -1.727969428391294e-01  2.709342164005540e-01 -1.727969428391294e-01  1.999590670489414e-03 
-1.687969428391294e-01  1.344874052124777e+00 -1.687969428391294e-01  1.260402007655349e+00 -1.687969428391294e-01  8.333968157460880e-01 -1.687969428391294e-01  2.529817960792581e-01 -1.687969428391294e-01  1.683450337055693e-03 -1.687969428391294e-01  7.079747219380234e-01 -1.687969428391294e-01  2.707308967066271e-01 -1.687969428391294e-01  1.995901192813530e-03 
-1.647969428391294e-01  1.343872352480522e+00 -1.647969428391294e-01  1.261399611500020e+00 -1.647969428391294e-01  8.319088263363642e-01 -1.647969428391294e-01  2.532000223821090e-01 -1.647969428391294e-01  1.687155490791119e-03 -1.647969428391294e-01  7.094551715011653e-01 -1.647969428391294e-01  2.705274407575390e-01 -1.647969428391294e-01  1.992211188896563e-03 
-1.607969428391294e-01  1.342870612219220e+00 -1.607969428391294e-01  1.262397355191028e+00 -1.607969428391294e-01  8.304207954483749e-01 -1.607969428391294e-01  2.534180341001880e-01 -1.607969428391294e-01  1.690860794763555e-03 -1.607969428391294e-01  7.109358532788751e-01 -1.607969428391294e-01  2.703238475214527e-01 -1.607969428391294e-01  1.988520667706597e-03 
-1.567969428391294e-01  1.341868833686658e+00 -1.567969428391294e-01  1.263395236327262e+00 -1.567969428391294e-01  8.289327263176961e-01 -1.567969428391294e-01  2.536358320803586e-01 -1.567969428391294e-01  1.694566240296253e-03 -1.567969428391294e-01  7.124167633074070e-01 -1.567969428391294e-01  2.701201159679384e-01 -1.567969428391294e-01  1.984829638125019e-03 
-1.527969428391294e-01  1.340867019211324e+00 -1.527969428391294e-01  1.264393252479356e+00 -1.527969428391294e-01  8.274446221715875e-01 -1.527969428391294e-01  2.538534171730742e-01 -1.527969428391294e-01  1.698271818776438e-03 -1.527969428391294e-01  7.138978976224162e-01 -1.527969428391294e-01  2.699162450774810e-01 -1.527969428391294e-01  1.981138109137738e-03 
-1.487969428391294e-01  1.339865171125528e+00 -1.487969428391294e-01  1.265391401267773e+00 -1.487969428391294e-01  8.259564862420947e-01 -1.487969428391294e-01  2.540707902281377e-01 -1.487969428391294e-01  1.701977521577216e-03 -1.487969428391294e-01  7.153792523069098e-01 -1.487969428391294e-01  2.697122338268363e-01 -1.487969428391294e-01  1.977446089546343e-03 
-1.447969428391294e-01  1.338863291748606e+00 -1.447969428391294e-01  1.266389680298855e+00 -1.447969428391294e-01  8.244683217558374e-01 -1.447969428391294e-01  2.542879520981409e-01 -1.447969428391294e-01  1.705683340119676e-03 -1.447969428391294e-01  7.168608234514691e-01 -1.447969428391294e-01  2.695080812008233e-01 -1.447969428391294e-01  1.973753588204643e-03 
-1.407969428391294e-01  1.337861383392633e+00 -1.407969428391294e-01  1.267388087185158e+00 -1.407969428391294e-01  8.229801319376360e-01 -1.407969428391294e-01  2.545049036373414e-01 -1.407969428391294e-01  1.709389265851745e-03 -1.407969428391294e-01  7.183426071665346e-01 -1.407969428391294e-01  2.693037861884369e-01 -1.407969428391294e-01  1.970060613943511e-03 
-1.367969428391294e-01  1.336859448367639e+00 -1.367969428391294e-01  1.268386619563933e+00 -1.367969428391294e-01  8.214919200138419e-01 -1.367969428391294e-01  2.547216457006561e-01 -1.367969428391294e-01  1.713095290228966e-03 -1.367969428391294e-01  7.198245995935494e-01 -1.367969428391294e-01  2.690993477792820e-01 -1.367969428391294e-01  1.966367175502402e-03 
-1.327969428391294e-01  1.335857488971983e+00 -1.327969428391294e-01  1.269385275060122e+00 -1.327969428391294e-01  8.200036892065310e-01 -1.327969428391294e-01  2.549381791456332e-01 -1.327969428391294e-01  1.716801404749981e-03 -1.327969428391294e-01  7.213067968818405e-01 -1.327969428391294e-01  2.688947649703846e-01 -1.327969428391294e-01  1.962673281666356e-03 
-1.287969428391293e-01  1.334855507502352e+00 -1.287969428391293e-01  1.270384051322717e+00 -1.287969428391293e-01  8.185154427397774e-01 -1.287969428391293e-01  2.551545048304862e-01 -1.287969428391293e-01  1.720507600919682e-03 -1.287969428391293e-01  7.227891952108130e-01 -1.287969428391293e-01  2.686900367592905e-01 -1.287969428391293e-01  1.958978941131451e-03 
-1.247969428391293e-01  1.333853506247703e+00 -1.247969428391293e-01  1.271382946001100e+00 -1.247969428391293e-01  8.170271838360414e-01 -1.247969428391293e-01  2.553706236153468e-01 -1.247969428391293e-01  1.724213870271481e-03 -1.247969428391293e-01  7.242717907750673e-01 -1.247969428391293e-01  2.684851621483844e-01 -1.247969428391293e-01  1.955284162592291e-03 
-1.207969428391293e-01  1.332851487491091e+00 -1.207969428391293e-01  1.272381956750852e+00 -1.207969428391293e-01  8.155389157174240e-01 -1.207969428391293e-01  2.555865363619466e-01 -1.207969428391293e-01  1.727920204360712e-03 -1.207969428391293e-01  7.257545797877467e-01 -1.207969428391293e-01  2.682801401437047e-01 -1.207969428391293e-01  1.951588954720579e-03 
-1.167969428391293e-01  1.331849453517994e+00 -1.167969428391293e-01  1.273381081264008e+00 -1.167969428391293e-01  8.140506416109122e-01 -1.167969428391293e-01  2.558022439319843e-01 -1.167969428391293e-01  1.731626594733674e-03 -1.167969428391293e-01  7.272375584989631e-01 -1.167969428391293e-01  2.680749697491614e-01 -1.167969428391293e-01  1.947893326053168e-03 
-1.127969428391293e-01  1.330847406590882e+00 -1.127969428391293e-01  1.274380317172680e+00 -1.127969428391293e-01  8.125623647328437e-01 -1.127969428391293e-01  2.560177471922646e-01 -1.127969428391293e-01  1.735333033021781e-03 -1.127969428391293e-01  7.287207231360168e-01 -1.127969428391293e-01  2.678696499845314e-01 -1.127969428391293e-01  1.944197285348557e-03 
-1.087969428391293e-01  1.329845348985601e+00 -1.087969428391293e-01  1.275379662184441e+00 -1.087969428391293e-01  8.110740883114359e-01 -1.087969428391293e-01  2.562330470074594e-01 -1.087969428391293e-01  1.739039510807019e-03 -1.087969428391293e-01  7.302040699867798e-01 -1.087969428391293e-01  2.676641798599417e-01 -1.087969428391293e-01  1.940500841086140e-03 
-1.047969428391293e-01  1.328843282964003e+00 -1.047969428391293e-01  1.276379113978816e+00 -1.047969428391293e-01  8.095858155700574e-01 -1.047969428391293e-01  2.564481442456248e-01 -1.047969428391293e-01  1.742746019723062e-03 -1.047969428391293e-01  7.316875953355135e-01 -1.047969428391293e-01  2.674585583952090e-01 -1.047969428391293e-01  1.936804001849031e-03 
-1.007969428391293e-01  1.327841210787073e+00 -1.007969428391293e-01  1.277378670255425e+00 -1.007969428391293e-01  8.080975497354463e-01 -1.007969428391293e-01  2.566630397756260e-01 -1.007969428391293e-01  1.746452551406837e-03 -1.007969428391293e-01  7.331712954923723e-01 -1.007969428391293e-01  2.672527846106997e-01 -1.007969428391293e-01  1.933106776146038e-03 
-9.679694283912932e-02  1.326839134705554e+00 -9.679694283912932e-02  1.278378328697920e+00 -9.679694283912932e-02  8.066092940320548e-01 -9.679694283912932e-02  2.568777344690504e-01 -9.679694283912932e-02  1.750159097533168e-03 -9.679694283912932e-02  7.346551667708809e-01 -9.679694283912932e-02  2.670468575340300e-01 -9.679694283912932e-02  1.929409172545033e-03 
-9.279694283912931e-02  1.325837056974340e+00 -9.279694283912931e-02  1.279378087026936e+00 -9.279694283912931e-02  8.051210516910531e-01 -9.279694283912931e-02  2.570922291973848e-01 -9.279694283912931e-02  1.753865649761476e-03 -9.279694283912931e-02  7.361392055204217e-01 -9.279694283912931e-02  2.668407761899873e-01 -9.279694283912931e-02  1.925711199477073e-03 
-8.879694283912931e-02  1.324834979837878e+00 -8.879694283912931e-02  1.280377942944432e+00 -8.879694283912931e-02  8.036328259414640e-01 -8.879694283912931e-02  2.573065248349732e-01 -8.879694283912931e-02  1.757572199789878e-03 -8.879694283912931e-02  7.376234080916118e-01 -8.879694283912931e-02  2.666345396109387e-01 -8.879694283912931e-02  1.922012865442298e-03 
-8.479694283912931e-02  1.323832905537629e+00 -8.479694283912931e-02  1.281377894160659e+00 -8.479694283912931e-02  8.021446200148920e-01 -8.479694283912931e-02  2.575206222575724e-01 -8.479694283912931e-02  1.761278739327481e-03 -8.479694283912931e-02  7.391077708527440e-01 -8.479694283912931e-02  2.664281468316579e-01 -8.479694283912931e-02  1.918314178910187e-03 
-8.079694283912930e-02  1.322830836315936e+00 -8.079694283912930e-02  1.282377938407717e+00 -8.079694283912930e-02  8.006564371480468e-01 -8.079694283912930e-02  2.577345223416400e-01 -8.079694283912930e-02  1.764985260080165e-03 -8.079694283912930e-02  7.405922901979309e-01 -8.079694283912930e-02  2.662215968866652e-01 -8.079694283912930e-02  1.914615148269425e-03 
-7.679694283912930e-02  1.321828774409014e+00 -7.679694283912930e-02  1.283378073412297e+00 -7.679694283912930e-02  7.991682805785476e-01 -7.679694283912930e-02  2.579482259657734e-01 -7.679694283912930e-02  1.768691753776487e-03 -7.679694283912930e-02  7.420769625300492e-01 -7.679694283912930e-02  2.660148888152917e-01 -7.679694283912930e-02  1.910915781928651e-03 
-7.279694283912930e-02  1.320826722046897e+00 -7.279694283912930e-02  1.284378296894599e+00 -7.279694283912930e-02  7.976801535450408e-01 -7.279694283912930e-02  2.581617340107648e-01 -7.279694283912930e-02  1.772398212167840e-03 -7.279694283912930e-02  7.435617842598478e-01 -7.279694283912930e-02  2.658080216618111e-01 -7.279694283912930e-02  1.907216088320559e-03 
-6.879694283912929e-02  1.319824681466552e+00 -6.879694283912929e-02  1.285378606616455e+00 -6.879694283912929e-02  7.961920592954073e-01 -6.879694283912929e-02  2.583750473570607e-01 -6.879694283912929e-02  1.776104626979951e-03 -6.879694283912929e-02  7.450467518354649e-01 -6.879694283912929e-02  2.656009944662177e-01 -6.879694283912929e-02  1.903516075723824e-03 
-6.479694283912929e-02  1.318822654886812e+00 -6.479694283912929e-02  1.286379000286461e+00 -6.479694283912929e-02  7.947040010714614e-01 -6.479694283912929e-02  2.585881668897691e-01 -6.479694283912929e-02  1.779810990005709e-03 -6.479694283912929e-02  7.465318616836052e-01 -6.479694283912929e-02  2.653938062821557e-01 -6.479694283912929e-02  1.899815752614056e-03 
-6.079694283912929e-02  1.317820644537597e+00 -6.079694283912929e-02  1.287379475668592e+00 -6.079694283912929e-02  7.932159821271001e-01 -6.079694283912929e-02  2.588010934929339e-01 -6.079694283912929e-02  1.783517292996903e-03 -6.079694283912929e-02  7.480171102764321e-01 -6.079694283912929e-02  2.651864561562051e-01 -6.079694283912929e-02  1.896115127261991e-03 
-5.679694283912928e-02  1.316818652639484e+00 -5.679694283912928e-02  1.288380030504650e+00 -5.679694283912928e-02  7.917280057158477e-01 -5.679694283912928e-02  2.590138280536249e-01 -5.679694283912928e-02  1.787223527739902e-03 -5.679694283912928e-02  7.495024940834505e-01 -5.679694283912928e-02  2.649789431425373e-01 -5.679694283912928e-02  1.892414208020429e-03 
-5.279694283912928e-02  1.315816681416642e+00 -5.279694283912928e-02  1.289380662561752e+00 -5.279694283912928e-02  7.902400750989812e-01 -5.279694283912928e-02  2.592263714594432e-01 -5.279694283912928e-02  1.790929686007831e-03 -5.279694283912928e-02  7.509880096006281e-01 -5.279694283912928e-02  2.647712662937946e-01 -5.279694283912928e-02  1.888713003148493e-03 
-4.879694283912928e-02  1.314814733080583e+00 -4.879694283912928e-02  1.290381369570653e+00 -4.879694283912928e-02  7.887521935356517e-01 -4.879694283912928e-02  2.594387246017648e-01 -4.879694283912928e-02  1.794635759620585e-03 -4.879694283912928e-02  7.524736533121097e-01 -4.879694283912928e-02  2.645634246727731e-01 -4.879694283912928e-02  1.885011521039828e-03 
-4.479694283912927e-02  1.313812809856235e+00 -4.479694283912927e-02  1.291382149322326e+00 -4.479694283912927e-02  7.872643642991097e-01 -4.479694283912927e-02  2.596508883706788e-01 -4.479694283912927e-02  1.798341740348451e-03 -4.479694283912927e-02  7.539594217496590e-01 -4.479694283912927e-02  2.643554173339125e-01 -4.479694283912927e-02  1.881309769865324e-03 
-4.079694283912927e-02  1.312810913952874e+00 -4.079694283912927e-02  1.292382999558291e+00 -4.079694283912927e-02  7.857765906589267e-01 -4.079694283912927e-02  2.598628636607472e-01 -4.079694283912927e-02  1.802047620019623e-03 -4.079694283912927e-02  7.554453114247269e-01 -4.079694283912927e-02  2.641472433441583e-01 -4.079694283912927e-02  1.877607757978793e-03 
-3.679694283912927e-02  1.311809047585606e+00 -3.679694283912927e-02  1.293383918050025e+00 -3.679694283912927e-02  7.842888758943958e-01 -3.679694283912927e-02  2.600746513668444e-01 -3.679694283912927e-02  1.805753390440710e-03 -3.679694283912927e-02  7.569313188773050e-01 -3.679694283912927e-02  2.639389017677189e-01 -3.679694283912927e-02  1.873905493623256e-03 
-3.279694283912926e-02  1.310807212967698e+00 -3.279694283912926e-02  1.294384902569452e+00 -3.279694283912926e-02  7.828012232899513e-01 -3.279694283912926e-02  2.602862523857217e-01 -3.279694283912926e-02  1.809459043425131e-03 -3.279694283912926e-02  7.584174406575029e-01 -3.279694283912926e-02  2.637303916716238e-01 -3.279694283912926e-02  1.870202985040064e-03 
-2.879694283912926e-02  1.309805412311616e+00 -2.879694283912926e-02  1.295385950891713e+00 -2.879694283912926e-02  7.813136361359654e-01 -2.879694283912926e-02  2.604976676158610e-01 -2.879694283912926e-02  1.813164570789270e-03 -2.879694283912926e-02  7.599036733270664e-01 -2.879694283912926e-02  2.635217121251200e-01 -2.879694283912926e-02  1.866500240458681e-03 
-2.479694283912926e-02  1.308803647826898e+00 -2.479694283912926e-02  1.296387060786468e+00 -2.479694283912926e-02  7.798261177275847e-01 -2.479694283912926e-02  2.607088979579479e-01 -2.479694283912926e-02  1.816869964360347e-03 -2.479694283912926e-02  7.613900134538247e-01 -2.479694283912926e-02  2.633128622012676e-01 -2.479694283912926e-02  1.862797268128823e-03 
-2.079694283912926e-02  1.307801921726612e+00 -2.079694283912926e-02  1.297388230041038e+00 -2.079694283912926e-02  7.783386713688734e-01 -2.079694283912926e-02  2.609199443136719e-01 -2.079694283912926e-02  1.820575215952513e-03 -2.079694283912926e-02  7.628764576257850e-01 -2.079694283912926e-02  2.631038409724255e-01 -2.079694283912926e-02  1.859094076234917e-03 
-1.679694283912926e-02  1.306800236215393e+00 -1.679694283912926e-02  1.298389456414729e+00 -1.679694283912926e-02  7.768513003655918e-01 -1.679694283912926e-02  2.611308075881152e-01 -1.679694283912926e-02  1.824280317411113e-03 -1.679694283912926e-02  7.643630024227479e-01 -1.679694283912926e-02  2.628946475189565e-01 -1.679694283912926e-02  1.855390673064968e-03 
-1.279694283912926e-02  1.305798593507215e+00 -1.279694283912926e-02  1.299390737704444e+00 -1.279694283912926e-02  7.753640080363200e-01 -1.279694283912926e-02  2.613414886863565e-01 -1.279694283912926e-02  1.827985260546953e-03 -1.279694283912926e-02  7.658496444566490e-01 -1.279694283912926e-02  2.626852809165410e-01 -1.279694283912926e-02  1.851687066767948e-03 
-8.796942839129261e-03  1.304796995811171e+00 -8.796942839129261e-03  1.300392071690515e+00 -8.796942839129261e-03  7.738767977038491e-01 -8.796942839129261e-03  2.615519885162995e-01 -8.796942839129261e-03  1.831690037188907e-03 -8.796942839129261e-03  7.673363803379162e-01 -8.796942839129261e-03  2.624757402465239e-01 -8.796942839129261e-03  1.847983265554132e-03 
-4.796942839129261e-03  1.303795445338440e+00 -4.796942839129261e-03  1.301393456161915e+00 -4.796942839129261e-03  7.723896726996305e-01 -4.796942839129261e-03  2.617623079873789e-01 -4.796942839129261e-03  1.835394639158090e-03 -4.796942839129261e-03  7.688232066908635e-01 -4.796942839129261e-03  2.622660245909901e-01 -4.796942839129261e-03  1.844279277601782e-03 
-7.969428391292610e-04  1.302793944296003e+00 -7.969428391292610e-04  1.302394888891728e+00 -7.969428391292610e-04  7.709026363600809e-01 -7.969428391292610e-04  2.619724480118454e-01 -7.969428391292610e-04  1.839099058291202e-03 -7.969428391292610e-04  7.703101201383800e-01 -7.969428391292610e-04  2.620561330374381e-01 -7.969428391292610e-04  1.840575111147989e-03 
 3.203057160870739e-03  1.301792492823176e+00  3.203057160870739e-03  1.303396369754907e+00  3.203057160870739e-03  7.694156889528943e-01  3.203057160870739e-03  2.621824099374599e-01  3.203057160870739e-03  1.842803294072915e-03  3.203057160870739e-03  7.717971204093282e-01  3.203057160870739e-03  2.618460642350212e-01  3.203057160870739e-03  1.836870766655268e-03 
 7.203057160870739e-03  1.300791088857719e+00  7.203057160870739e-03  1.304397900786946e+00  7.203057160870739e-03  7.679288274924776e-01  7.203057160870739e-03  2.623921955736269e-01  7.203057160870739e-03  1.846507354131182e-03  7.203057160870739e-03  7.732842104781663e-01  7.203057160870739e-03  2.616358163794038e-01  7.203057160870739e-03  1.833166236594624e-03 
 1.120305716087074e-02  1.299789734492443e+00  1.120305716087074e-02  1.305399479933726e+00  1.120305716087074e-02  7.664420551584331e-01  1.120305716087074e-02  2.626018058599673e-01  1.120305716087074e-02  1.850211230724975e-03  1.120305716087074e-02  7.747713872112221e-01  1.120305716087074e-02  2.614253885258581e-01  1.120305716087074e-02  1.829461528563931e-03 
 1.520305716087074e-02  1.298788431937812e+00  1.520305716087074e-02  1.306401104968054e+00  1.520305716087074e-02  7.649553753227359e-01  1.520305716087074e-02  2.628112417135621e-01  1.520305716087074e-02  1.853914915678089e-03  1.520305716087074e-02  7.762586472641688e-01  1.520305716087074e-02  2.612147797672643e-01  1.520305716087074e-02  1.825756650801311e-03 
 1.920305716087074e-02  1.297787183412054e+00  1.920305716087074e-02  1.307402773686634e+00  1.920305716087074e-02  7.634687913706376e-01  1.920305716087074e-02  2.630205040523728e-01  1.920305716087074e-02  1.857618400785574e-03  1.920305716087074e-02  7.777459873148732e-01  1.920305716087074e-02  2.610039891938295e-01  1.920305716087074e-02  1.822051611456446e-03 
 2.320305716087074e-02  1.296785991132830e+00  2.320305716087074e-02  1.308404483877919e+00  2.320305716087074e-02  7.619823066957006e-01  2.320305716087074e-02  2.632295937969249e-01  2.320305716087074e-02  1.861321677844628e-03  2.320305716087074e-02  7.792334040433991e-01  2.320305716087074e-02  2.607930158992640e-01  2.320305716087074e-02  1.818346418709568e-03 
 2.720305716087074e-02  1.295784857321768e+00  2.720305716087074e-02  1.309406233338209e+00  2.720305716087074e-02  7.604959247027765e-01  2.720305716087074e-02  2.634385118694971e-01  2.720305716087074e-02  1.865024738637720e-03  2.720305716087074e-02  7.807208941417665e-01  2.720305716087074e-02  2.605818589775839e-01  2.720305716087074e-02  1.814641080711845e-03 
 3.120305716087074e-02  1.294783784197548e+00  3.120305716087074e-02  1.310408019844878e+00  3.120305716087074e-02  7.590096488039172e-01  3.120305716087074e-02  2.636472591955262e-01  3.120305716087074e-02  1.868727574958257e-03  3.120305716087074e-02  7.822084542972830e-01  3.120305716087074e-02  2.603705175282739e-01  3.120305716087074e-02  1.810935605684508e-03 
 3.520305716087074e-02  1.293782773987059e+00  3.520305716087074e-02  1.311409841197109e+00  3.520305716087074e-02  7.575234824254452e-01  3.520305716087074e-02  2.638558367015316e-01  3.520305716087074e-02  1.872430178569256e-03  3.520305716087074e-02  7.836960812175162e-01  3.520305716087074e-02  2.601589906482801e-01  3.520305716087074e-02  1.807230001768060e-03 
 3.920305716087075e-02  1.292781828914662e+00  3.920305716087075e-02  1.312411695174895e+00  3.920305716087075e-02  7.560374290015123e-01  3.920305716087075e-02  2.640642453172535e-01  3.920305716087075e-02  1.876132541243134e-03  3.920305716087075e-02  7.851837716048378e-01  3.920305716087075e-02  2.599472774399511e-01  3.920305716087075e-02  1.803524277174020e-03 
 4.320305716087075e-02  1.291780951211966e+00  4.320305716087075e-02  1.313413579574553e+00  4.320305716087075e-02  7.545514919803215e-01  4.320305716087075e-02  2.642724859738463e-01  4.320305716087075e-02  1.879834654725449e-03  4.320305716087075e-02  7.866715221781855e-01  4.320305716087075e-02  2.597353770040426e-01  4.320305716087075e-02  1.799818440053523e-03 
 4.720305716087075e-02  1.290780143109727e+00  4.720305716087075e-02  1.314415492177641e+00  4.720305716087075e-02  7.530656748193170e-01  4.720305716087075e-02  2.644805596055086e-01  4.720305716087075e-02  1.883536510764920e-03  4.720305716087075e-02  7.881593296537203e-01  4.720305716087075e-02  2.595232884457339e-01  4.720305716087075e-02  1.796112498612282e-03 
 5.120305716087076e-02  1.289779406843694e+00  5.120305716087076e-02  1.315417430771773e+00  5.120305716087076e-02  7.515799809889854e-01  5.120305716087076e-02  2.646884671484399e-01  5.120305716087076e-02  1.887238101091830e-03  5.120305716087076e-02  7.896471907575323e-01  5.120305716087076e-02  2.593110108705001e-01  5.120305716087076e-02  1.792406461033623e-03 
 5.520305716087076e-02  1.288778744652809e+00  5.520305716087076e-02  1.316419393142990e+00  5.520305716087076e-02  7.500944139719404e-01  5.520305716087076e-02  2.648962095412587e-01  5.520305716087076e-02  1.890939417424621e-03  5.520305716087076e-02  7.911351022207753e-01  5.520305716087076e-02  2.590985433855484e-01  5.520305716087076e-02  1.788700335506695e-03 
 5.920305716087076e-02  1.287778158778434e+00  5.920305716087076e-02  1.317421377071933e+00  5.920305716087076e-02  7.486089772626345e-01  5.920305716087076e-02  2.651037877252293e-01  5.920305716087076e-02  1.894640451472787e-03  5.920305716087076e-02  7.926230607771521e-01  5.920305716087076e-02  2.588858851005108e-01  5.920305716087076e-02  1.784994130240590e-03 
 6.320305716087077e-02  1.286777651464389e+00  6.320305716087077e-02  1.318423380333069e+00  6.320305716087077e-02  7.471236743675942e-01  6.320305716087077e-02  2.653112026443327e-01  6.320305716087077e-02  1.898341194936749e-03  6.320305716087077e-02  7.941110631622984e-01  6.320305716087077e-02  2.586730351275489e-01  6.320305716087077e-02  1.781287853467248e-03 
 6.720305716087077e-02  1.285777224959939e+00  6.720305716087077e-02  1.319425400704878e+00  6.720305716087077e-02  7.456385088074579e-01  6.720305716087077e-02  2.655184552447745e-01  6.720305716087077e-02  1.902041639496763e-03  6.720305716087077e-02  7.955991061199208e-01  6.720305716087077e-02  2.584599925792974e-01  6.720305716087077e-02  1.777581513403820e-03 
 7.120305716087078e-02  1.284776881522948e+00  7.120305716087078e-02  1.320427435980605e+00  7.120305716087078e-02  7.441534841191318e-01  7.120305716087078e-02  2.657255464744703e-01  7.120305716087078e-02  1.905741776801300e-03  7.120305716087078e-02  7.970871864082749e-01  7.120305716087078e-02  2.582467565666768e-01  7.120305716087078e-02  1.773875118212769e-03 
 7.520305716087078e-02  1.283776623404793e+00  7.520305716087078e-02  1.321429483911235e+00  7.520305716087078e-02  7.426686038466753e-01  7.520305716087078e-02  2.659324772859920e-01  7.520305716087078e-02  1.909441598522805e-03  7.520305716087078e-02  7.985753007648660e-01  7.520305716087078e-02  2.580333262100915e-01  7.520305716087078e-02  1.770168676212908e-03 
 7.920305716087078e-02  1.282776452871012e+00  7.920305716087078e-02  1.322431542281297e+00  7.920305716087078e-02  7.411838715542692e-01  7.920305716087078e-02  2.661392486327281e-01  7.920305716087078e-02  1.913141096281362e-03  7.920305716087078e-02  8.000634459530428e-01  7.920305716087078e-02  2.578197006244291e-01  7.920305716087078e-02  1.766462195598977e-03 
 8.320305716087079e-02  1.281776372186735e+00  8.320305716087079e-02  1.323433608853755e+00  8.320305716087079e-02  7.396992908174254e-01  8.320305716087079e-02  2.663458614717347e-01  8.320305716087079e-02  1.916840261698568e-03  8.320305716087079e-02  8.015516187278837e-01  8.320305716087079e-02  2.576058789298770e-01  8.320305716087079e-02  1.762755684645456e-03 
 8.720305716087079e-02  1.280776383624319e+00  8.720305716087079e-02  1.324435681397446e+00  8.720305716087079e-02  7.382148652279187e-01  8.720305716087079e-02  2.665523167623699e-01  8.720305716087079e-02  1.920539086369247e-03  8.720305716087079e-02  8.030398158529711e-01  8.720305716087079e-02  2.573918602464579e-01  8.720305716087079e-02  1.759049151605120e-03 
 9.120305716087079e-02  1.279776489461719e+00  9.120305716087079e-02  1.325437757680045e+00  9.120305716087079e-02  7.367305983930008e-01  9.120305716087079e-02  2.667586154666935e-01  9.120305716087079e-02  1.924237561867580e-03  9.120305716087079e-02  8.045280340959207e-01  9.120305716087079e-02  2.571776436953627e-01  9.120305716087079e-02  1.755342604735052e-03 
 9.520305716087080e-02  1.278776691976226e+00  9.520305716087080e-02  1.326439835443824e+00  9.520305716087080e-02  7.352464939317390e-01  9.520305716087080e-02  2.669647585507324e-01  9.520305716087080e-02  1.927935679770144e-03  9.520305716087080e-02  8.060162702132985e-01  9.520305716087080e-02  2.569632284037185e-01  9.520305716087080e-02  1.751636052386291e-03 
 9.920305716087080e-02  1.277776993458055e+00  9.920305716087080e-02  1.327441912455191e+00  9.920305716087080e-02  7.337625554836603e-01  9.920305716087080e-02  2.671707469820041e-01  9.920305716087080e-02  1.931633431605749e-03  9.920305716087080e-02  8.075045209810249e-01  9.920305716087080e-02  2.567486134947060e-01  9.920305716087080e-02  1.747929502820596e-03 
 1.032030571608708e-01  1.276777396196369e+00  1.032030571608708e-01  1.328443986451808e+00  1.032030571608708e-01  7.322787867003143e-01  1.032030571608708e-01  2.673765817322442e-01  1.032030571608708e-01  1.935330808907081e-03  1.032030571608708e-01  8.089927831616541e-01  1.032030571608708e-01  2.565337980980149e-01  1.032030571608708e-01  1.744222964406038e-03 
 1.072030571608708e-01  1.275777902495452e+00  1.072030571608708e-01  1.329446055201656e+00  1.072030571608708e-01  7.307951912555106e-01  1.072030571608708e-01  2.675822637744492e-01  1.072030571608708e-01  1.939027803150915e-03  1.072030571608708e-01  8.104810535406228e-01  1.072030571608708e-01  2.563187813380464e-01  1.072030571608708e-01  1.740516445398566e-03 
 1.112030571608708e-01  1.274778514655950e+00  1.112030571608708e-01  1.330448116432358e+00  1.112030571608708e-01  7.293117728339609e-01  1.112030571608708e-01  2.677877940865010e-01  1.112030571608708e-01  1.942724405827452e-03  1.112030571608708e-01  8.119693288825875e-01  1.112030571608708e-01  2.561035623479375e-01  1.112030571608708e-01  1.736809954203385e-03 
 1.152030571608708e-01  1.273779234988962e+00  1.152030571608708e-01  1.331450167882581e+00  1.152030571608708e-01  7.278285351402092e-01  1.152030571608708e-01  2.679931736486071e-01  1.152030571608708e-01  1.946420608388245e-03  1.152030571608708e-01  8.134576059629642e-01  1.152030571608708e-01  2.558881402592843e-01  1.152030571608708e-01  1.733103499184892e-03 
 1.192030571608708e-01  1.272780065813155e+00  1.192030571608708e-01  1.332452207290273e+00  1.192030571608708e-01  7.263454818970998e-01  1.192030571608708e-01  2.681984034439390e-01  1.192030571608708e-01  1.950116402256863e-03  1.192030571608708e-01  8.149458815605395e-01  1.192030571608708e-01  2.556725142044289e-01  1.192030571608708e-01  1.729397088710106e-03 
 1.232030571608708e-01  1.271781009451041e+00  1.232030571608708e-01  1.333454232377874e+00  1.232030571608708e-01  7.248626168437116e-01  1.232030571608708e-01  2.684034844594269e-01  1.232030571608708e-01  1.953811778842643e-03  1.232030571608708e-01  8.164341524482472e-01  1.232030571608708e-01  2.554566833193762e-01  1.232030571608708e-01  1.725690731203406e-03 
 1.272030571608708e-01  1.270782068238657e+00  1.272030571608708e-01  1.334456240887235e+00  1.272030571608708e-01  7.233799437415824e-01  1.272030571608708e-01  2.686084176840398e-01  1.272030571608708e-01  1.957506729504876e-03  1.272030571608708e-01  8.179224154145427e-01  1.272030571608708e-01  2.552406467367561e-01  1.272030571608708e-01  1.721984435017391e-03 
 1.312030571608708e-01  1.269783244508002e+00  1.312030571608708e-01  1.335458230513421e+00  1.312030571608708e-01  7.218974663641099e-01  1.312030571608708e-01  2.688132041121798e-01  1.312030571608708e-01  1.961201245617820e-03  1.312030571608708e-01  8.194106672225163e-01  1.312030571608708e-01  2.550244035990484e-01  1.312030571608708e-01  1.718278208677689e-03 
 1.352030571608708e-01  1.268784540605858e+00  1.352030571608708e-01  1.336460198973530e+00  1.352030571608708e-01  7.204151885084317e-01  1.352030571608708e-01  2.690178447402501e-01  1.352030571608708e-01  1.964895318501043e-03  1.352030571608708e-01  8.208989046521437e-01  1.352030571608708e-01  2.548079530447520e-01  1.352030571608708e-01  1.714572060628479e-03 
 1.392030571608708e-01  1.267785958888474e+00  1.392030571608708e-01  1.337462143985958e+00  1.392030571608708e-01  7.189331139923881e-01  1.392030571608708e-01  2.692223405677568e-01  1.392030571608708e-01  1.968588939439104e-03  1.392030571608708e-01  8.223871244873968e-01  1.392030571608708e-01  2.545912942124788e-01  1.392030571608708e-01  1.710865999309095e-03 
 1.432030571608708e-01  1.266787501714361e+00  1.432030571608708e-01  1.338464063242606e+00  1.432030571608708e-01  7.174512466503346e-01  1.432030571608708e-01  2.694266925987566e-01  1.432030571608708e-01  1.972282099708175e-03  1.432030571608708e-01  8.238753234990147e-01  1.432030571608708e-01  2.543744262465132e-01  1.432030571608708e-01  1.707160033256873e-03 
 1.472030571608708e-01  1.265789171456932e+00  1.472030571608708e-01  1.339465954454781e+00  1.472030571608708e-01  7.159695903412160e-01  1.472030571608708e-01  2.696309018395993e-01  1.472030571608708e-01  1.975974790529310e-03  1.472030571608708e-01  8.253634984726284e-01  1.472030571608708e-01  2.541573482875291e-01  1.472030571608708e-01  1.703454170937404e-03 
 1.512030571608708e-01  1.264790970487334e+00  1.512030571608708e-01  1.340467815288435e+00  1.512030571608708e-01  7.144881489382096e-01  1.512030571608708e-01  2.698349693022387e-01  1.512030571608708e-01  1.979667003131948e-03  1.512030571608708e-01  8.268516461688039e-01  1.512030571608708e-01  2.539400594856073e-01  1.512030571608708e-01  1.699748420984016e-03 
 1.552030571608708e-01  1.263792901191794e+00  1.552030571608708e-01  1.341469643427467e+00  1.552030571608708e-01  7.130069263397353e-01  1.552030571608708e-01  2.700388960011016e-01  1.552030571608708e-01  1.983358728689770e-03  1.552030571608708e-01  8.283397633618629e-01  1.552030571608708e-01  2.537225589874337e-01  1.552030571608708e-01  1.696042791963633e-03 
 1.592030571608709e-01  1.262794965967926e+00  1.592030571608709e-01  1.342471436558953e+00  1.592030571608709e-01  7.115259264674216e-01  1.592030571608709e-01  2.702426829538861e-01  1.592030571608709e-01  1.987049958334304e-03  1.592030571608709e-01  8.298278468306800e-01  1.592030571608709e-01  2.535048459392257e-01  1.592030571608709e-01  1.692337292431473e-03 
 1.632030571608709e-01  1.261797167221347e+00  1.632030571608709e-01  1.343473192359534e+00  1.632030571608709e-01  7.100451532643079e-01  1.632030571608709e-01  2.704463311823050e-01  1.632030571608709e-01  1.990740683167508e-03  1.632030571608709e-01  8.313158933501933e-01  1.632030571608709e-01  2.532869194894403e-01  1.632030571608709e-01  1.688631930981331e-03 
 1.672030571608709e-01  1.260799507358295e+00  1.672030571608709e-01  1.344474908466964e+00  1.672030571608709e-01  7.085646106905533e-01  1.672030571608709e-01  2.706498417135663e-01  1.672030571608709e-01  1.994430894289016e-03  1.672030571608709e-01  8.328038996737924e-01  1.672030571608709e-01  2.530687787945219e-01  1.672030571608709e-01  1.684926716350828e-03 
 1.712030571608709e-01  1.259801988803088e+00  1.712030571608709e-01  1.345476582543790e+00  1.712030571608709e-01  7.070843027345205e-01  1.712030571608709e-01  2.708532155772395e-01  1.712030571608709e-01  1.998120582731606e-03  1.712030571608709e-01  8.342918625723721e-01  1.712030571608709e-01  2.528504230059552e-01  1.712030571608709e-01  1.681221657185892e-03 
 1.752030571608709e-01  1.258804613990458e+00  1.752030571608709e-01  1.346478212247786e+00  1.752030571608709e-01  7.056042334083095e-01  1.752030571608709e-01  2.710564538067985e-01  1.752030571608709e-01  2.001809739489522e-03  1.752030571608709e-01  8.357797788160224e-01  1.752030571608709e-01  2.526318512762062e-01  1.752030571608709e-01  1.677516762150092e-03 
 1.792030571608709e-01  1.257807385357964e+00  1.792030571608709e-01  1.347479795202751e+00  1.792030571608709e-01  7.041244067433791e-01  1.792030571608709e-01  2.712595574411437e-01  1.792030571608709e-01  2.005498355546557e-03  1.792030571608709e-01  8.372676451559803e-01  1.792030571608709e-01  2.524130627646417e-01  1.792030571608709e-01  1.673812040032684e-03 
 1.832030571608709e-01  1.256810305357758e+00  1.832030571608709e-01  1.348481329041112e+00  1.832030571608709e-01  7.026448267981007e-01  1.832030571608709e-01  2.714625275225384e-01  1.832030571608709e-01  2.009186421832541e-03  1.832030571608709e-01  8.387554583507062e-01  1.832030571608709e-01  2.521940566288266e-01  1.832030571608709e-01  1.670107499590996e-03 
 1.872030571608709e-01  1.255813376452788e+00  1.872030571608709e-01  1.349482811388526e+00  1.872030571608709e-01  7.011654976557221e-01  1.872030571608709e-01  2.716653650974293e-01  1.872030571608709e-01  2.012873929237341e-03  1.872030571608709e-01  8.402432151563012e-01  1.872030571608709e-01  2.519748320276193e-01  1.872030571608709e-01  1.666403149607419e-03 
 1.912030571608709e-01  1.254816601116886e+00  1.912030571608709e-01  1.350484239863226e+00  1.912030571608709e-01  6.996864234247212e-01  1.912030571608709e-01  2.718680712165565e-01  1.912030571608709e-01  2.016560868610579e-03  1.912030571608709e-01  8.417309123259943e-01  1.912030571608709e-01  2.517553881212662e-01  1.912030571608709e-01  1.662698998891765e-03 
 1.952030571608709e-01  1.253819981829241e+00  1.952030571608709e-01  1.351485612054420e+00  1.952030571608709e-01  6.982076082357010e-01  1.952030571608709e-01  2.720706469360957e-01  1.952030571608709e-01  2.020247230782087e-03  1.952030571608709e-01  8.432185465967833e-01  1.952030571608709e-01  2.515357240758008e-01  1.952030571608709e-01  1.658995056361264e-03 
 1.992030571608709e-01  1.252823521088620e+00  1.992030571608709e-01  1.352486925573712e+00  1.992030571608709e-01  6.967290562504928e-01  1.992030571608709e-01  2.722730933151527e-01  1.992030571608709e-01  2.023933006509230e-03  1.992030571608709e-01  8.447061147208904e-01  1.992030571608709e-01  2.513158390524768e-01  1.992030571608709e-01  1.655291330850228e-03 
 2.032030571608709e-01  1.251827221400976e+00  2.032030571608709e-01  1.353488178008130e+00  2.032030571608709e-01  6.952507716548114e-01  2.032030571608709e-01  2.724754114181849e-01  2.032030571608709e-01  2.027618186522840e-03  2.032030571608709e-01  8.461936134368200e-01  2.032030571608709e-01  2.510957322173573e-01  2.032030571608709e-01  1.651587831283943e-03 
 2.072030571608709e-01  1.250831085279797e+00  2.072030571608709e-01  1.354489366920297e+00  2.072030571608709e-01  6.937727586588057e-01  2.072030571608709e-01  2.726776023150582e-01  2.072030571608709e-01  2.031302761525859e-03  2.072030571608709e-01  8.476810394693579e-01  2.072030571608709e-01  2.508754027412624e-01  2.072030571608709e-01  1.647884566677917e-03 
 2.112030571608709e-01  1.249835115257224e+00  2.112030571608709e-01  1.355490489888279e+00  2.112030571608709e-01  6.922950215042397e-01  2.112030571608709e-01  2.728796670791297e-01  2.112030571608709e-01  2.034986722152223e-03  2.112030571608709e-01  8.491683895539333e-01  2.112030571608709e-01  2.506548497915523e-01  2.112030571608709e-01  1.644181545990565e-03 
 2.152030571608709e-01  1.248839313869904e+00  2.152030571608709e-01  1.356491544452158e+00  2.152030571608709e-01  6.908175644561065e-01  2.152030571608709e-01  2.730816067899864e-01  2.152030571608709e-01  2.038670059019224e-03  2.152030571608709e-01  8.506556604037206e-01  2.152030571608709e-01  2.504340725430864e-01  2.152030571608709e-01  1.640478778320808e-03 
 2.192030571608709e-01  1.247843683679110e+00  2.192030571608709e-01  1.357492528187194e+00  2.192030571608709e-01  6.893403918153624e-01  2.192030571608709e-01  2.732834225298765e-01  2.192030571608709e-01  2.042352762653041e-03  2.192030571608709e-01  8.521428487544248e-01  2.192030571608709e-01  2.502130701631169e-01  2.192030571608709e-01  1.636776272637400e-03 
 2.232030571608709e-01  1.246848227244546e+00  2.232030571608709e-01  1.358493438605776e+00  2.232030571608709e-01  6.878635079031296e-01  2.232030571608709e-01  2.734851153886635e-01  2.232030571608709e-01  2.046034823585680e-03  2.232030571608709e-01  8.536299513040367e-01  2.232030571608709e-01  2.499918418314822e-01  2.232030571608709e-01  1.633074038141683e-03 
 2.272030571608709e-01  1.245852947147599e+00  2.272030571608709e-01  1.359494273242166e+00  2.272030571608709e-01  6.863869170753668e-01  2.272030571608709e-01  2.736866864596880e-01  2.272030571608709e-01  2.049716232268934e-03  2.272030571608709e-01  8.551169647647087e-01  2.272030571608709e-01  2.497703867230993e-01  2.272030571608709e-01  1.629372083954101e-03 
 2.312030571608709e-01  1.244857845981520e+00  2.312030571608709e-01  1.360495029614942e+00  2.312030571608709e-01  6.849106237171855e-01  2.312030571608709e-01  2.738881368417134e-01  2.312030571608709e-01  2.053396979110705e-03  2.312030571608709e-01  8.566038858396244e-01  2.312030571608709e-01  2.495487040156804e-01  2.312030571608709e-01  1.625670419253083e-03 
 2.352030571608709e-01  1.243862926351771e+00  2.352030571608709e-01  1.361495705227083e+00  2.352030571608709e-01  6.834346322434087e-01  2.352030571608709e-01  2.740894676390048e-01  2.352030571608709e-01  2.057077054473744e-03  2.352030571608709e-01  8.580907112229381e-01  2.352030571608709e-01  2.493267928896974e-01  2.352030571608709e-01  1.621969053274783e-03 
 2.392030571608709e-01  1.242868190875854e+00  2.392030571608709e-01  1.362496297564043e+00  2.392030571608709e-01  6.819589470988301e-01  2.392030571608709e-01  2.742906799615019e-01  2.392030571608709e-01  2.060756448676256e-03  2.392030571608709e-01  8.595774375985232e-01  2.392030571608709e-01  2.491046525287602e-01  2.392030571608709e-01  1.618267995320145e-03 
 2.432030571608709e-01  1.241873642190621e+00  2.432030571608709e-01  1.363496804119469e+00  2.432030571608709e-01  6.804835727631018e-01  2.432030571608709e-01  2.744917749236281e-01  2.432030571608709e-01  2.064435151964877e-03  2.432030571608709e-01  8.610640616556169e-01  2.432030571608709e-01  2.488822821142502e-01  2.432030571608709e-01  1.614567254659852e-03 
 2.472030571608709e-01  1.240879282939499e+00  2.472030571608709e-01  1.364497222346794e+00  2.472030571608709e-01  6.790085137432187e-01  2.472030571608709e-01  2.746927536467764e-01  2.472030571608709e-01  2.068113154561917e-03  2.472030571608709e-01  8.625505800590592e-01  2.472030571608709e-01  2.486596808353559e-01  2.472030571608709e-01  1.610866840713264e-03 
 2.512030571608709e-01  1.239885115785698e+00  2.512030571608709e-01  1.365497549706660e+00  2.512030571608709e-01  6.775337745820514e-01  2.512030571608709e-01  2.748936172570432e-01  2.512030571608709e-01  2.071790446616519e-03  2.512030571608709e-01  8.640369894782709e-01  2.512030571608709e-01  2.484368478791961e-01  2.512030571608709e-01  1.607166762873167e-03 
 2.552030571608709e-01  1.238891143408372e+00  2.552030571608709e-01  1.366497783651430e+00  2.552030571608709e-01  6.760593598563630e-01  2.552030571608709e-01  2.750943668860863e-01  2.552030571608709e-01  2.075467018218841e-03  2.552030571608709e-01  8.655232865776572e-01  2.552030571608709e-01  2.482137824340002e-01  2.552030571608709e-01  1.603467030562892e-03 
 2.592030571608709e-01  1.237897368494982e+00  2.592030571608709e-01  1.367497921595722e+00  2.592030571608709e-01  6.745852741724936e-01  2.592030571608709e-01  2.752950036726714e-01  2.592030571608709e-01  2.079142859428347e-03  2.592030571608709e-01  8.670094679984638e-01  2.592030571608709e-01  2.479904836952526e-01  2.592030571608709e-01  1.599767653345408e-03 
 2.632030571608709e-01  1.236903793759196e+00  2.632030571608709e-01  1.368497960981095e+00  2.632030571608709e-01  6.731115221777924e-01  2.632030571608709e-01  2.754955287595650e-01  2.632030571608709e-01  2.082817960207528e-03  2.632030571608709e-01  8.684955303983111e-01  2.632030571608709e-01  2.477669508521507e-01  2.632030571608709e-01  1.596068640684060e-03 
 2.672030571608709e-01  1.235910421921140e+00  2.672030571608709e-01  1.369497899201820e+00  2.672030571608709e-01  6.716381085488436e-01  2.672030571608709e-01  2.756959432972941e-01  2.672030571608709e-01  2.086492310494975e-03  2.672030571608709e-01  8.699814704056307e-01  2.672030571608709e-01  2.475431831031008e-01  2.672030571608709e-01  1.592370002217043e-03 
 2.712030571608710e-01  1.234917255715601e+00  2.712030571608710e-01  1.370497733633822e+00  2.712030571608710e-01  6.701650379969520e-01  2.712030571608710e-01  2.758962484428147e-01  2.712030571608710e-01  2.090165900175115e-03  2.712030571608710e-01  8.714672846373182e-01  2.712030571608710e-01  2.473191796496744e-01  2.712030571608710e-01  1.588671747650493e-03 
 2.752030571608710e-01  1.233924297905806e+00  2.752030571608710e-01  1.371497461683985e+00  2.752030571608710e-01  6.686923152770270e-01  2.752030571608710e-01  2.760964453571668e-01  2.752030571608710e-01  2.093838719027110e-03  2.752030571608710e-01  8.729529697288008e-01  2.752030571608710e-01  2.470949396862084e-01  2.752030571608710e-01  1.584973886575956e-03 
 2.792030571608710e-01  1.232931551257758e+00  2.792030571608710e-01  1.372497080694313e+00  2.792030571608710e-01  6.672199451722076e-01  2.792030571608710e-01  2.762965352103122e-01  2.792030571608710e-01  2.097510756819884e-03  2.792030571608710e-01  8.744385222753035e-01  2.792030571608710e-01  2.468704624199297e-01  2.792030571608710e-01  1.581276428825000e-03 
 2.832030571608710e-01  1.231939018560582e+00  2.832030571608710e-01  1.373496588015378e+00  2.832030571608710e-01  6.657479325068277e-01  2.832030571608710e-01  2.764965191776046e-01  2.832030571608710e-01  2.101182003236866e-03  2.832030571608710e-01  8.759239388767112e-01  2.832030571608710e-01  2.466457470555065e-01  2.832030571608710e-01  1.577579384197500e-03 
 2.872030571608710e-01  1.230946702622238e+00  2.872030571608710e-01  1.374495980989147e+00  2.872030571608710e-01  6.642762821442044e-01  2.872030571608710e-01  2.766963984407378e-01  2.872030571608710e-01  2.104852447891736e-03  2.872030571608710e-01  8.774092161269488e-01  2.872030571608710e-01  2.464207927986265e-01  2.872030571608710e-01  1.573882762525113e-03 
 2.912030571608710e-01  1.229954606264775e+00  2.912030571608710e-01  1.375495256930024e+00  2.912030571608710e-01  6.628049989841657e-01  2.912030571608710e-01  2.768961741887888e-01  2.912030571608710e-01  2.108522080346144e-03  2.912030571608710e-01  8.788943506023317e-01  2.912030571608710e-01  2.461955988599916e-01  2.912030571608710e-01  1.570186573741530e-03 
 2.952030571608710e-01  1.228962732331795e+00  2.952030571608710e-01  1.376494413150849e+00  2.952030571608710e-01  6.613340879680989e-01  2.952030571608710e-01  2.770958476170367e-01  2.952030571608710e-01  2.112190890081988e-03  2.952030571608710e-01  8.803793388773455e-01  2.952030571608710e-01  2.459701644498025e-01  2.952030571608710e-01  1.566490827786160e-03 
 2.992030571608710e-01  1.227971083681538e+00  2.992030571608710e-01  1.377493446936030e+00  2.992030571608710e-01  6.598635540751427e-01  2.992030571608710e-01  2.772954199283976e-01  2.992030571608710e-01  2.115858866527010e-03  2.992030571608710e-01  8.818641775081568e-01  2.992030571608710e-01  2.457444887834321e-01  2.992030571608710e-01  1.562795534703598e-03 
 3.032030571608710e-01  1.226979663189807e+00  3.032030571608710e-01  1.378492355550801e+00  3.032030571608710e-01  6.583934023244638e-01  3.032030571608710e-01  2.774948923330753e-01  3.032030571608710e-01  2.119525999043980e-03  3.032030571608710e-01  8.833488630381798e-01  3.032030571608710e-01  2.455185710794617e-01  3.032030571608710e-01  1.559100704609357e-03 
 3.072030571608710e-01  1.225988473757416e+00  3.072030571608710e-01  1.379491136266986e+00  3.072030571608710e-01  6.569236377803050e-01  3.072030571608710e-01  2.776942660474057e-01  3.072030571608710e-01  2.123192276903197e-03  3.072030571608710e-01  8.848333920137328e-01  3.072030571608710e-01  2.452924105541917e-01  3.072030571608710e-01  1.555406347594566e-03 
 3.112030571608710e-01  1.224997518296002e+00  3.112030571608710e-01  1.380489786309492e+00  3.112030571608710e-01  6.554542655437429e-01  3.112030571608710e-01  2.778935422966046e-01  3.112030571608710e-01  2.126857689334887e-03  3.112030571608710e-01  8.863177609512743e-01  3.112030571608710e-01  2.450660064330001e-01  3.112030571608710e-01  1.551712473923939e-03 
 3.152030571608710e-01  1.224006799741394e+00  3.152030571608710e-01  1.381488302903743e+00  3.152030571608710e-01  6.539852907613979e-01  3.152030571608710e-01  2.780927223125464e-01  3.152030571608710e-01  2.130522225479817e-03  3.152030571608710e-01  8.878019663662911e-01  3.152030571608710e-01  2.448393579402491e-01  3.152030571608710e-01  1.548019093860194e-03 
 3.192030571608710e-01  1.223016321053636e+00  3.192030571608710e-01  1.382486683274178e+00  3.192030571608710e-01  6.525167186259456e-01  3.192030571608710e-01  2.782918073339566e-01  3.192030571608710e-01  2.134185874389186e-03  3.192030571608710e-01  8.892860047722833e-01  3.192030571608710e-01  2.446124642995777e-01  3.192030571608710e-01  1.544326217669772e-03 
 3.232030571608710e-01  1.222026085201831e+00  3.232030571608710e-01  1.383484924587148e+00  3.232030571608710e-01  6.510485543672918e-01  3.232030571608710e-01  2.784907986093408e-01  3.232030571608710e-01  2.137848625080660e-03  3.232030571608710e-01  8.907698726458455e-01  3.232030571608710e-01  2.443853247460835e-01  3.232030571608710e-01  1.540633855833918e-03 
 3.272030571608710e-01  1.221036095186510e+00  3.272030571608710e-01  1.384483024031270e+00  3.272030571608710e-01  6.495808032668567e-01  3.272030571608710e-01  2.786896973931543e-01  3.272030571608710e-01  2.141510466455681e-03  3.272030571608710e-01  8.922535664756179e-01  3.272030571608710e-01  2.441579385091575e-01  3.272030571608710e-01  1.536942018751545e-03 
 3.312030571608710e-01  1.220046354022666e+00  3.312030571608710e-01  1.385480978753607e+00  3.312030571608710e-01  6.481134706476462e-01  3.312030571608710e-01  2.788885049490632e-01  3.312030571608710e-01  2.145171387362200e-03  3.312030571608710e-01  8.937370827232615e-01  3.312030571608710e-01  2.439303048261110e-01  3.312030571608710e-01  1.533250716975241e-03 
 3.352030571608710e-01  1.219056864746172e+00  3.352030571608710e-01  1.386478785881584e+00  3.352030571608710e-01  6.466465618787399e-01  3.352030571608710e-01  2.790872225489933e-01  3.352030571608710e-01  2.148831376570920e-03  3.352030571608710e-01  8.952204178367689e-01  3.352030571608710e-01  2.437024229374998e-01  3.352030571608710e-01  1.529559961130278e-03 
 3.392030571608710e-01  1.218067630421394e+00  3.392030571608710e-01  1.387476442549195e+00  3.392030571608710e-01  6.451800823805024e-01  3.392030571608710e-01  2.792858514719729e-01  3.392030571608710e-01  2.152490422747142e-03  3.392030571608710e-01  8.967035682663419e-01  3.392030571608710e-01  2.434742920814732e-01  3.392030571608710e-01  1.525869761817588e-03 
 3.432030571608710e-01  1.217078654122959e+00  3.432030571608710e-01  1.388473945828475e+00  3.432030571608710e-01  6.437140376139272e-01  3.432030571608710e-01  2.794843930076258e-01  3.432030571608710e-01  2.156148514518254e-03  3.432030571608710e-01  8.981865304225584e-01  3.432030571608710e-01  2.432459115085054e-01  3.432030571608710e-01  1.522180129867280e-03 
 3.472030571608710e-01  1.216089938962132e+00  3.472030571608710e-01  1.389471292824428e+00  3.472030571608710e-01  6.422484330973955e-01  3.472030571608710e-01  2.796828484516455e-01  3.472030571608710e-01  2.159805640376093e-03  3.472030571608710e-01  8.996693007341434e-01  3.472030571608710e-01  2.430172804609680e-01  3.472030571608710e-01  1.518491075987548e-03 
 3.512030571608710e-01  1.215101488064233e+00  3.512030571608710e-01  1.390468480590604e+00  3.512030571608710e-01  6.407832743933762e-01  3.512030571608710e-01  2.798812191100747e-01  3.512030571608710e-01  2.163461788760506e-03  3.512030571608710e-01  9.011518755964435e-01  3.512030571608710e-01  2.427883981912921e-01  3.512030571608710e-01  1.514802611076859e-03 
 3.552030571608710e-01  1.214113304574452e+00  3.552030571608710e-01  1.391465506148627e+00  3.552030571608710e-01  6.393185671125573e-01  3.552030571608710e-01  2.800795062984839e-01  3.552030571608710e-01  2.167116948037871e-03  3.552030571608710e-01  9.026342513832691e-01  3.552030571608710e-01  2.425592639577928e-01  3.552030571608710e-01  1.511114746151796e-03 
 3.592030571608710e-01  1.213125391671347e+00  3.592030571608710e-01  1.392462366535773e+00  3.592030571608710e-01  6.378543169227365e-01  3.592030571608710e-01  2.802777113397759e-01  3.592030571608710e-01  2.170771106451122e-03  3.592030571608710e-01  9.041164244757874e-01  3.592030571608710e-01  2.423298770143691e-01  3.592030571608710e-01  1.507427492171039e-03 
 3.632030571608710e-01  1.212137752548890e+00  3.632030571608710e-01  1.393459058737585e+00  3.632030571608710e-01  6.363905295383777e-01  3.632030571608710e-01  2.804758355676383e-01  3.632030571608710e-01  2.174424252186159e-03  3.632030571608710e-01  9.055983912214224e-01  3.632030571608710e-01  2.421002366250805e-01  3.632030571608710e-01  1.503740860284639e-03 
 3.672030571608710e-01  1.211150390428529e+00  3.672030571608710e-01  1.394455579730017e+00  3.672030571608710e-01  6.349272107286211e-01  3.672030571608710e-01  2.806738803246167e-01  3.672030571608710e-01  2.178076373327292e-03  3.672030571608710e-01  9.070801479594314e-01  3.672030571608710e-01  2.418703420550307e-01  3.672030571608710e-01  1.500054861678086e-03 
 3.712030571608710e-01  1.210163308557257e+00  3.712030571608710e-01  1.395451926470616e+00  3.712030571608710e-01  6.334643663167164e-01  3.712030571608710e-01  2.808718469626988e-01  3.712030571608710e-01  2.181727457864339e-03  3.712030571608710e-01  9.085616910154843e-01  3.712030571608710e-01  2.416401925722735e-01  3.712030571608710e-01  1.496369507604963e-03 
 3.752030571608710e-01  1.209176510207591e+00  3.752030571608710e-01  1.396448095896514e+00  3.752030571608710e-01  6.320020021806316e-01  3.752030571608710e-01  2.810697368435598e-01  3.752030571608710e-01  2.185377493692674e-03  3.752030571608710e-01  9.100430167003510e-01  3.752030571608710e-01  2.414097874482491e-01  3.752030571608710e-01  1.492684809394372e-03 
 3.792030571608710e-01  1.208189998677072e+00  3.792030571608710e-01  1.397444084920723e+00  3.792030571608710e-01  6.305401242533673e-01  3.792030571608710e-01  2.812675513389005e-01  3.792030571608710e-01  2.189026468615129e-03  3.792030571608710e-01  9.115241213075864e-01  3.792030571608710e-01  2.411791259585935e-01  3.792030571608710e-01  1.489000778464593e-03 
 3.832030571608711e-01  1.207203777286745e+00  3.832030571608711e-01  1.398439890424654e+00  3.832030571608711e-01  6.290787385226873e-01  3.832030571608711e-01  2.814652918309675e-01  3.832030571608711e-01  2.192674370347620e-03  3.832030571608711e-01  9.130050011089230e-01  3.832030571608711e-01  2.409482073847877e-01  3.832030571608711e-01  1.485317426350850e-03 
 3.872030571608711e-01  1.206217849383978e+00  3.872030571608711e-01  1.399435509266498e+00  3.872030571608711e-01  6.276178510334923e-01  3.872030571608711e-01  2.816629597123021e-01  3.872030571608711e-01  2.196321186508663e-03  3.872030571608711e-01  9.144856523592935e-01  3.872030571608711e-01  2.407170310123389e-01  3.872030571608711e-01  1.481634764674226e-03 
 3.912030571608711e-01  1.205232218347343e+00  3.912030571608711e-01  1.400430938296950e+00  3.912030571608711e-01  6.261574678914839e-01  3.912030571608711e-01  2.818605563851306e-01  3.912030571608711e-01  2.199966904601375e-03  3.912030571608711e-01  9.159660713063206e-01  3.912030571608711e-01  2.404855961273377e-01  3.912030571608711e-01  1.477952805083482e-03 
 3.952030571608711e-01  1.204246887582303e+00  3.952030571608711e-01  1.401426174341522e+00  3.952030571608711e-01  6.246975952611949e-01  3.952030571608711e-01  2.820580832623955e-01  3.952030571608711e-01  2.203611512029398e-03  3.952030571608711e-01  9.174462541794967e-01  3.952030571608711e-01  2.402539020203346e-01  3.952030571608711e-01  1.474271559320617e-03 
 3.992030571608711e-01  1.203261860516723e+00  3.992030571608711e-01  1.402421214182171e+00  3.992030571608711e-01  6.232382393639188e-01  3.992030571608711e-01  2.822555417688220e-01  3.992030571608711e-01  2.207254996113517e-03  3.992030571608711e-01  9.189261971789759e-01  3.992030571608711e-01  2.400219479903867e-01  3.992030571608711e-01  1.470591039288672e-03 
 4.032030571608711e-01  1.202277140611625e+00  4.032030571608711e-01  1.403416054594353e+00  4.032030571608711e-01  6.217794064850204e-01  4.032030571608711e-01  2.824529333392731e-01  4.032030571608711e-01  2.210897344051881e-03  4.032030571608711e-01  9.204058964979984e-01  4.032030571608711e-01  2.397897333369377e-01  4.032030571608711e-01  1.466911256914720e-03 
 4.072030571608711e-01  1.201292731354943e+00  4.072030571608711e-01  1.404410692322265e+00  4.072030571608711e-01  6.203211029707978e-01  4.072030571608711e-01  2.826502594201363e-01  4.072030571608711e-01  2.214538542943067e-03  4.072030571608711e-01  9.218853483078100e-01  4.072030571608711e-01  2.395572573652664e-01  4.072030571608711e-01  1.463232224241481e-03 
 4.112030571608711e-01  1.200308636264521e+00  4.112030571608711e-01  1.405405124087609e+00  4.112030571608711e-01  6.188633352310647e-01  4.112030571608711e-01  2.828475214690717e-01  4.112030571608711e-01  2.218178579775055e-03  4.112030571608711e-01  9.233645487629091e-01  4.112030571608711e-01  2.393245193845737e-01  4.112030571608711e-01  1.459553953394893e-03 
 4.152030571608711e-01  1.199324858883031e+00  4.152030571608711e-01  1.406399346568888e+00  4.152030571608711e-01  6.174061097367627e-01  4.152030571608711e-01  2.830447209561980e-01  4.152030571608711e-01  2.221817441443963e-03  4.152030571608711e-01  9.248434939884363e-01  4.152030571608711e-01  2.390915187125721e-01  4.152030571608711e-01  1.455876456660638e-03 
 4.192030571608711e-01  1.198341402792114e+00  4.192030571608711e-01  1.407393356450733e+00  4.192030571608711e-01  6.159494330293742e-01  4.192030571608711e-01  2.832418593618697e-01  4.192030571608711e-01  2.225455114701785e-03  4.192030571608711e-01  9.263221801100255e-01  4.192030571608711e-01  2.388582546645988e-01  4.192030571608711e-01  1.452199746301762e-03 
 4.232030571608711e-01  1.197358271594096e+00  4.232030571608711e-01  1.408387150355207e+00  4.232030571608711e-01  6.144933117104799e-01  4.232030571608711e-01  2.834389381802184e-01  4.232030571608711e-01  2.229091586223992e-03  4.232030571608711e-01  9.278006032121004e-01  4.232030571608711e-01  2.386247265688300e-01  4.232030571608711e-01  1.448523834812716e-03 
 4.272030571608711e-01  1.196375468933308e+00  4.272030571608711e-01  1.409380724916970e+00  4.272030571608711e-01  6.130377524556022e-01  4.272030571608711e-01  2.836359589156657e-01  4.272030571608711e-01  2.232726842530688e-03  4.272030571608711e-01  9.292787593833649e-01  4.272030571608711e-01  2.383909337496462e-01  4.272030571608711e-01  1.444848734641371e-03 
 4.312030571608711e-01  1.195392998475215e+00  4.312030571608711e-01  1.410374076705251e+00  4.312030571608711e-01  6.115827620022052e-01  4.312030571608711e-01  2.838329230869318e-01  4.312030571608711e-01  2.236360870063798e-03  4.312030571608711e-01  9.307566446694784e-01  4.312030571608711e-01  2.381568755449621e-01  4.312030571608711e-01  1.441174458477602e-03 
 4.352030571608711e-01  1.194410863925069e+00  4.352030571608711e-01  1.411367202289298e+00  4.352030571608711e-01  6.101283471619109e-01  4.352030571608711e-01  2.840298322240346e-01  4.352030571608711e-01  2.239993655118108e-03  4.352030571608711e-01  9.322342551126435e-01  4.352030571608711e-01  2.379225512917139e-01  4.352030571608711e-01  1.437501019011209e-03 
 4.392030571608711e-01  1.193429069015122e+00  4.392030571608711e-01  1.412360098189505e+00  4.392030571608711e-01  6.086745148135013e-01  4.392030571608711e-01  2.842266878708685e-01  4.392030571608711e-01  2.243625183888500e-03  4.392030571608711e-01  9.337115867219525e-01  4.392030571608711e-01  2.376879603367537e-01  4.392030571608711e-01  1.433828429112718e-03 
 4.432030571608711e-01  1.192447617512209e+00  4.432030571608711e-01  1.413352760902693e+00  4.432030571608711e-01  6.072212719083708e-01  4.432030571608711e-01  2.844234915841812e-01  4.432030571608711e-01  2.247255442441956e-03  4.432030571608711e-01  9.351886354886563e-01  4.432030571608711e-01  2.374531020312493e-01  4.432030571608711e-01  1.430156701739801e-03 
 4.472030571608711e-01  1.191466513221862e+00  4.472030571608711e-01  1.414345186914515e+00  4.472030571608711e-01  6.057686254739038e-01  4.472030571608711e-01  2.846202449331668e-01  4.472030571608711e-01  2.250884416702306e-03  4.472030571608711e-01  9.366653973935994e-01  4.472030571608711e-01  2.372179757279242e-01  4.472030571608711e-01  1.426485849891484e-03 
 4.512030571608711e-01  1.190485759976691e+00  4.512030571608711e-01  1.415337372654915e+00  4.512030571608711e-01  6.043165826072082e-01  4.512030571608711e-01  2.848169495018557e-01  4.512030571608711e-01  2.254512092493256e-03  4.512030571608711e-01  9.381418683802292e-01  4.512030571608711e-01  2.369825807910468e-01  4.512030571608711e-01  1.422815886772800e-03 
 4.552030571608711e-01  1.189505361646659e+00  4.552030571608711e-01  1.416329314532892e+00  4.552030571608711e-01  6.028651504822825e-01  4.552030571608711e-01  2.850136068876259e-01  4.552030571608711e-01  2.258138455500319e-03  4.552030571608711e-01  9.396180443755831e-01  4.552030571608711e-01  2.367469165886928e-01  4.552030571608711e-01  1.419146825666296e-03 
 4.592030571608711e-01  1.188525322139774e+00  4.592030571608711e-01  1.417321008936540e+00  4.592030571608711e-01  6.014143363513249e-01  4.592030571608711e-01  2.852102187014235e-01  4.592030571608711e-01  2.261763491268297e-03  4.592030571608711e-01  9.410939212902504e-01  4.592030571608711e-01  2.365109824927467e-01  4.592030571608711e-01  1.415478679931805e-03 
 4.632030571608711e-01  1.187545645394902e+00  4.632030571608711e-01  1.418312452204356e+00  4.632030571608711e-01  5.999641475412372e-01  4.632030571608711e-01  2.854067865693767e-01  4.632030571608711e-01  2.265387185227832e-03  4.632030571608711e-01  9.425694950009956e-01  4.632030571608711e-01  2.362747778853890e-01  4.632030571608711e-01  1.411811463112631e-03 
 4.672030571608711e-01  1.186566335391928e+00  4.672030571608711e-01  1.419303640659540e+00  4.672030571608711e-01  5.985145914607500e-01  4.672030571608711e-01  2.856033121313545e-01  4.672030571608711e-01  2.269009522657876e-03  4.672030571608711e-01  9.440447613714326e-01  4.672030571608711e-01  2.360383021514119e-01  4.672030571608711e-01  1.408145188808626e-03 
 4.712030571608711e-01  1.185587396143587e+00  4.712030571608711e-01  1.420294570577727e+00  4.712030571608711e-01  5.970656755963840e-01  4.712030571608711e-01  2.857997970427636e-01  4.712030571608711e-01  2.272630488715863e-03  4.712030571608711e-01  9.455197162324901e-01  4.712030571608711e-01  2.358015546855282e-01  4.712030571608711e-01  1.404479870795610e-03 
 4.752030571608711e-01  1.184608831708571e+00  4.752030571608711e-01  1.421285238231798e+00  4.752030571608711e-01  5.956174075213742e-01  4.752030571608711e-01  2.859962429725969e-01  4.752030571608711e-01  2.276250068389210e-03  4.752030571608711e-01  9.469943554094278e-01  4.752030571608711e-01  2.355645348822799e-01  4.752030571608711e-01  1.400815522859582e-03 
 4.792030571608711e-01  1.183630646168685e+00  4.792030571608711e-01  1.422275639806468e+00  4.792030571608711e-01  5.941697948827199e-01  4.792030571608711e-01  2.861926516078366e-01  4.792030571608711e-01  2.279868246579884e-03  4.792030571608711e-01  9.484686746702357e-01  4.792030571608711e-01  2.353272421554043e-01  4.792030571608711e-01  1.397152159112611e-03 
 4.832030571608711e-01  1.182652843661775e+00  4.832030571608711e-01  1.423265771514748e+00  4.832030571608711e-01  5.927228454222427e-01  4.832030571608711e-01  2.863890246480153e-01  4.832030571608711e-01  2.283485007982512e-03  4.832030571608711e-01  9.499426697958828e-01  4.832030571608711e-01  2.350896759115048e-01  4.832030571608711e-01  1.393489793562151e-03 
 4.872030571608711e-01  1.181675428352030e+00  4.872030571608711e-01  1.424255629487648e+00  4.872030571608711e-01  5.912765669594741e-01  4.872030571608711e-01  2.865853638108393e-01  4.872030571608711e-01  2.287100337194350e-03  4.872030571608711e-01  9.514163365137258e-01  4.872030571608711e-01  2.348518355750862e-01  4.872030571608711e-01  1.389828440518902e-03 
 4.912030571608711e-01  1.180698404450383e+00  4.912030571608711e-01  1.425245209845137e+00  4.912030571608711e-01  5.898309674051203e-01  4.912030571608711e-01  2.867816708289736e-01  4.912030571608711e-01  2.290714218639696e-03  4.912030571608711e-01  9.528896705402864e-01  4.912030571608711e-01  2.346137205725091e-01  4.912030571608711e-01  1.386168114334457e-03 
 4.952030571608712e-01  1.179721776208246e+00  4.952030571608712e-01  1.426234508670662e+00  4.952030571608712e-01  5.883860547582634e-01  4.952030571608712e-01  2.869779474515439e-01  4.952030571608712e-01  2.294326636593145e-03  4.952030571608712e-01  9.543626675658285e-01  4.952030571608712e-01  2.343753303378059e-01  4.952030571608712e-01  1.382508829495445e-03 
 4.992030571608712e-01  1.178745547914940e+00  4.992030571608712e-01  1.427223521998895e+00  4.992030571608712e-01  5.869418371058626e-01  4.992030571608712e-01  2.871741954449871e-01  4.992030571608712e-01  2.297937575189082e-03  4.992030571608712e-01  9.558353232469644e-01  4.992030571608712e-01  2.341366643155391e-01  4.992030571608712e-01  1.378850600668951e-03 
 5.032030571608711e-01  1.177769723904525e+00  5.032030571608711e-01  1.428212245837530e+00  5.032030571608711e-01  5.854983226279729e-01  5.032030571608711e-01  2.873704165922530e-01  5.032030571608711e-01  2.301547018396359e-03  5.032030571608711e-01  9.573076332197413e-01  5.032030571608711e-01  2.338977219558718e-01  5.032030571608711e-01  1.375193442621778e-03 
 5.072030571608711e-01  1.176794308553270e+00  5.072030571608711e-01  1.429200676155026e+00  5.072030571608711e-01  5.840555195973047e-01  5.072030571608711e-01  2.875666126936668e-01  5.072030571608711e-01  2.305154950027785e-03  5.072030571608711e-01  9.587795930922347e-01  5.072030571608711e-01  2.336585027174220e-01  5.072030571608711e-01  1.371537370265899e-03 
 5.112030571608711e-01  1.175819306281813e+00  5.112030571608711e-01  1.430188808885461e+00  5.112030571608711e-01  5.826134363816319e-01  5.112030571608711e-01  2.877627855669649e-01  5.112030571608711e-01  2.308761353731987e-03  5.112030571608711e-01  9.602511984474376e-01  5.112030571608711e-01  2.334190060661992e-01  5.112030571608711e-01  1.367882398640447e-03 
 5.152030571608711e-01  1.174844721551158e+00  5.152030571608711e-01  1.431176639910944e+00  5.152030571608711e-01  5.811720814424925e-01  5.152030571608711e-01  2.879589370484264e-01  5.152030571608711e-01  2.312366213008307e-03  5.152030571608711e-01  9.617224448326532e-01  5.152030571608711e-01  2.331792314797037e-01  5.152030571608711e-01  1.364228542976761e-03 
 5.192030571608711e-01  1.173870558872689e+00  5.192030571608711e-01  1.432164165094606e+00  5.192030571608711e-01  5.797314633424259e-01  5.192030571608711e-01  2.881550689915456e-01  5.192030571608711e-01  2.315969511169725e-03  5.192030571608711e-01  9.631933277793134e-01  5.192030571608711e-01  2.329391784393993e-01  5.192030571608711e-01  1.360575818576359e-03 
 5.232030571608711e-01  1.172896822796197e+00  5.232030571608711e-01  1.433151380234243e+00  5.232030571608711e-01  5.782915907388545e-01  5.232030571608711e-01  2.883511832695774e-01  5.232030571608711e-01  2.319571231387183e-03  5.232030571608711e-01  9.646638427750805e-01  5.232030571608711e-01  2.326988464414477e-01  5.232030571608711e-01  1.356924240982446e-03 
 5.272030571608711e-01  1.171923517927365e+00  5.272030571608711e-01  1.434138281122152e+00  5.272030571608711e-01  5.768524723958945e-01  5.272030571608711e-01  2.885472817729121e-01  5.272030571608711e-01  2.323171356624861e-03  5.272030571608711e-01  9.661339852997967e-01  5.272030571608711e-01  2.324582349829685e-01  5.272030571608711e-01  1.353273825758534e-03 
 5.312030571608711e-01  1.170950648908955e+00  5.312030571608711e-01  1.435124863473988e+00  5.312030571608711e-01  5.754141171741338e-01  5.312030571608711e-01  2.887433664128340e-01  5.312030571608711e-01  2.326769869709812e-03  5.312030571608711e-01  9.676037507826980e-01  5.312030571608711e-01  2.322173435785305e-01  5.312030571608711e-01  1.349624588751639e-03 
 5.352030571608711e-01  1.169978220437963e+00  5.352030571608711e-01  1.436111122987292e+00  5.352030571608711e-01  5.739765340422789e-01  5.352030571608711e-01  2.889394391189708e-01  5.352030571608711e-01  2.330366753268466e-03  5.352030571608711e-01  9.690731346375796e-01  5.352030571608711e-01  2.319761717466952e-01  5.352030571608711e-01  1.345976545875763e-03 
 5.392030571608711e-01  1.169006237256612e+00  5.392030571608711e-01  1.437097055305633e+00  5.392030571608711e-01  5.725397320729297e-01  5.392030571608711e-01  2.891355018413463e-01  5.392030571608711e-01  2.333961989759976e-03  5.392030571608711e-01  9.705421322412281e-01  5.392030571608711e-01  2.317347190183787e-01  5.392030571608711e-01  1.342329713244520e-03 
 5.432030571608711e-01  1.168034704156242e+00  5.432030571608711e-01  1.438082656029226e+00  5.432030571608711e-01  5.711037204462155e-01  5.432030571608711e-01  2.893315565501705e-01  5.432030571608711e-01  2.337555561461810e-03  5.432030571608711e-01  9.720107389397898e-01  5.432030571608711e-01  2.314929849344752e-01  5.432030571608711e-01  1.338684107131901e-03 
 5.472030571608711e-01  1.167063625983295e+00  5.472030571608711e-01  1.439067920732976e+00  5.472030571608711e-01  5.696685084546981e-01  5.472030571608711e-01  2.895276052352768e-01  5.472030571608711e-01  2.341147450447606e-03  5.472030571608711e-01  9.734789500595777e-01  5.472030571608711e-01  2.312509690417163e-01  5.472030571608711e-01  1.335039743905476e-03 
 5.512030571608711e-01  1.166093007625386e+00  5.512030571608711e-01  1.440052844912863e+00  5.512030571608711e-01  5.682341054962613e-01  5.512030571608711e-01  2.897236499090584e-01  5.512030571608711e-01  2.344737638638765e-03  5.512030571608711e-01  9.749467608749182e-01  5.512030571608711e-01  2.310086709052469e-01  5.512030571608711e-01  1.331396640224783e-03 
 5.552030571608711e-01  1.165122854029693e+00  5.552030571608711e-01  1.441037424048450e+00  5.552030571608711e-01  5.668005210865764e-01  5.552030571608711e-01  2.899196926037386e-01  5.552030571608711e-01  2.348326107736302e-03  5.552030571608711e-01  9.764141666456130e-01  5.552030571608711e-01  2.307660900941336e-01  5.552030571608711e-01  1.327754812810040e-03 
 5.592030571608712e-01  1.164153170195332e+00  5.592030571608712e-01  1.442021653571828e+00  5.592030571608712e-01  5.653677648558343e-01  5.592030571608712e-01  2.901157353732211e-01  5.592030571608712e-01  2.351912839249162e-03  5.592030571608712e-01  9.778811625983065e-01  5.592030571608712e-01  2.305232261886742e-01  5.592030571608712e-01  1.324114278557068e-03 
 5.632030571608712e-01  1.163183961170601e+00  5.632030571608712e-01  1.443005528854110e+00  5.632030571608712e-01  5.639358465484650e-01  5.632030571608712e-01  2.903117802940844e-01  5.632030571608712e-01  2.355497814504356e-03  5.632030571608712e-01  9.793477439184166e-01  5.632030571608712e-01  2.302800787836556e-01  5.632030571608712e-01  1.320475054587210e-03 
 5.672030571608712e-01  1.162215232062347e+00  5.672030571608712e-01  1.443989045235228e+00  5.672030571608712e-01  5.625047760302085e-01  5.672030571608712e-01  2.905078294644687e-01  5.672030571608712e-01  2.359081014612362e-03  5.672030571608712e-01  9.808139057679551e-01  5.672030571608712e-01  2.300366474814602e-01  5.672030571608712e-01  1.316837158137160e-03 
 5.712030571608712e-01  1.161246988025831e+00  5.712030571608712e-01  1.444972197983924e+00  5.712030571608712e-01  5.610745632834023e-01  5.712030571608712e-01  2.907038850063775e-01  5.712030571608712e-01  2.362662420504515e-03  5.712030571608712e-01  9.822796432616021e-01  5.712030571608712e-01  2.297929319015506e-01  5.712030571608712e-01  1.313200606706913e-03 
 5.752030571608712e-01  1.160279234280064e+00  5.752030571608712e-01  1.445954982348694e+00  5.752030571608712e-01  5.596452184177121e-01  5.752030571608712e-01  2.908999490635371e-01  5.752030571608712e-01  2.366242012876415e-03  5.752030571608712e-01  9.837449514971756e-01  5.752030571608712e-01  2.295489316685801e-01  5.752030571608712e-01  1.309565417871313e-03 
 5.792030571608712e-01  1.159311976093166e+00  5.792030571608712e-01  1.446937393501609e+00  5.792030571608712e-01  5.582167516627480e-01  5.792030571608712e-01  2.910960238045072e-01  5.792030571608712e-01  2.369819772241977e-03  5.792030571608712e-01  9.852098255220444e-01  5.792030571608712e-01  2.293046464257197e-01  5.792030571608712e-01  1.305931609487923e-03 
 5.832030571608712e-01  1.158345218798736e+00  5.832030571608712e-01  1.447919426592835e+00  5.832030571608712e-01  5.567891733794595e-01  5.832030571608712e-01  2.912921114203712e-01  5.832030571608712e-01  2.373395678872940e-03  5.832030571608712e-01  9.866742603657268e-01  5.832030571608712e-01  2.290600758218932e-01  5.832030571608712e-01  1.302299199495323e-03 
 5.872030571608712e-01  1.157378967781431e+00  5.872030571608712e-01  1.448901076695104e+00  5.872030571608712e-01  5.553624940529397e-01  5.872030571608712e-01  2.914882141278265e-01  5.872030571608712e-01  2.376969712852144e-03  5.872030571608712e-01  9.881382510067200e-01  5.872030571608712e-01  2.288152195249938e-01  5.872030571608712e-01  1.298668206118448e-03 
 5.912030571608712e-01  1.156413228491205e+00  5.912030571608712e-01  1.449882338850554e+00  5.912030571608712e-01  5.539367243025782e-01  5.912030571608712e-01  2.916843341672697e-01  5.912030571608712e-01  2.380541854020979e-03  5.912030571608712e-01  9.896017924004925e-01  5.912030571608712e-01  2.285700772109140e-01  5.912030571608712e-01  1.295038647695444e-03 
 5.952030571608712e-01  1.155448006432571e+00  5.952030571608712e-01  1.450863208028219e+00  5.952030571608712e-01  5.525118748771407e-01  5.952030571608712e-01  2.918804738052514e-01  5.952030571608712e-01  2.384112082018938e-03  5.952030571608712e-01  9.910648794541248e-01  5.952030571608712e-01  2.283246485737254e-01  5.952030571608712e-01  1.291410542834812e-03 
 5.992030571608712e-01  1.154483307174003e+00  5.992030571608712e-01  1.451843679153427e+00  5.992030571608712e-01  5.510879566620515e-01  5.992030571608712e-01  2.920766353334306e-01  5.992030571608712e-01  2.387680376249016e-03  5.992030571608712e-01  9.925275070438756e-01  5.992030571608712e-01  2.280789333188225e-01  5.992030571608712e-01  1.287783910306711e-03 
 6.032030571608712e-01  1.153519136351556e+00  6.032030571608712e-01  1.452823747116474e+00  6.032030571608712e-01  5.496649806831921e-01  6.032030571608712e-01  2.922728210685364e-01  6.032030571608712e-01  2.391246715864166e-03  6.032030571608712e-01  9.939896700203565e-01  6.032030571608712e-01  2.278329311609421e-01  6.032030571608712e-01  1.284158769010868e-03 
 6.072030571608712e-01  1.152555499655196e+00  6.072030571608712e-01  1.453803406719568e+00  6.072030571608712e-01  5.482429581003027e-01  6.072030571608712e-01  2.924690333553711e-01  6.072030571608712e-01  2.394811079817979e-03  6.072030571608712e-01  9.954513631769453e-01  6.072030571608712e-01  2.275866418369402e-01  6.072030571608712e-01  1.280535138172839e-03 
 6.112030571608712e-01  1.151592402843583e+00  6.112030571608712e-01  1.454782652725229e+00  6.112030571608712e-01  5.468219002175817e-01  6.112030571608712e-01  2.926652745648422e-01  6.112030571608712e-01  2.398373446809926e-03  6.112030571608712e-01  9.969125812786599e-01  6.112030571608712e-01  2.273400650943738e-01  6.112030571608712e-01  1.276913037164954e-03 
 6.152030571608712e-01  1.150629851738526e+00  6.152030571608712e-01  1.455761479832033e+00  6.152030571608712e-01  5.454018184820426e-01  6.152030571608712e-01  2.928615470955577e-01  6.152030571608712e-01  2.401933795305922e-03  6.152030571608712e-01  9.983733190477343e-01  6.152030571608712e-01  2.270932006974176e-01  6.152030571608712e-01  1.273292485596050e-03 
 6.192030571608712e-01  1.149667852235365e+00  6.192030571608712e-01  1.456739882707184e+00  6.192030571608712e-01  5.439827244914727e-01  6.192030571608712e-01  2.930578533726497e-01  6.192030571608712e-01  2.405492103499869e-03  6.192030571608712e-01  9.998335711830330e-01  6.192030571608712e-01  2.268460484191717e-01  6.192030571608712e-01  1.269673503191020e-03 
 6.232030571608712e-01  1.148706410285302e+00  6.232030571608712e-01  1.457717855919014e+00  6.232030571608712e-01  5.425646299855880e-01  6.232030571608712e-01  2.932541958515066e-01  6.232030571608712e-01  2.409048349379075e-03  6.232030571608712e-01  1.001293332319943e+00  6.232030571608712e-01  2.265986080579987e-01  6.232030571608712e-01  1.266056110040403e-03 
 6.272030571608712e-01  1.147745531914909e+00  6.272030571608712e-01  1.458695394001880e+00  6.272030571608712e-01  5.411475468595252e-01  6.272030571608712e-01  2.934505770150188e-01  6.272030571608712e-01  2.412602510652056e-03  6.272030571608712e-01  1.002752597069005e+00  6.272030571608712e-01  2.263508794220833e-01  6.272030571608712e-01  1.262440326360454e-03 
 6.312030571608712e-01  1.146785223220077e+00  6.312030571608712e-01  1.459672491429945e+00  6.312030571608712e-01  5.397314871620223e-01  6.312030571608712e-01  2.936469993752979e-01  6.312030571608712e-01  2.416154564770927e-03  6.312030571608712e-01  1.004211360000365e+00  6.312030571608712e-01  2.261028623358501e-01  6.312030571608712e-01  1.258826172590018e-03 
 6.352030571608712e-01  1.145825490364188e+00  6.352030571608712e-01  1.460649142605969e+00  6.352030571608712e-01  5.383164630961592e-01  6.352030571608712e-01  2.938434654746703e-01  6.352030571608712e-01  2.419704488938145e-03  6.352030571608712e-01  1.005669615637174e+00  6.352030571608712e-01  2.258545566428258e-01  6.352030571608712e-01  1.255213669432058e-03 
 6.392030571608712e-01  1.144866339581868e+00  6.392030571608712e-01  1.461625341869889e+00  6.392030571608712e-01  5.369024870234684e-01  6.392030571608712e-01  2.940399778857010e-01  6.392030571608712e-01  2.423252260092650e-03  6.392030571608712e-01  1.007127358460731e+00  6.392030571608712e-01  2.256059622037224e-01  6.392030571608712e-01  1.251602837821903e-03 
 6.432030571608712e-01  1.143907777185336e+00  6.432030571608712e-01  1.462601083516486e+00  6.432030571608712e-01  5.354895714696503e-01  6.432030571608712e-01  2.942365392107791e-01  6.432030571608712e-01  2.426797854886404e-03  6.432030571608712e-01  1.008584582921017e+00  6.432030571608712e-01  2.253570788922934e-01  6.432030571608712e-01  1.247993698861892e-03 
 6.472030571608712e-01  1.142949809556234e+00  6.472030571608712e-01  1.463576361761538e+00  6.472030571608712e-01  5.340777291215736e-01  6.472030571608712e-01  2.944331520842402e-01  6.472030571608712e-01  2.430341249714538e-03  6.472030571608712e-01  1.010041283416673e+00  6.472030571608712e-01  2.251079066036913e-01  6.472030571608712e-01  1.244386273946554e-03 
 6.512030571608712e-01  1.141992443148350e+00  6.512030571608712e-01  1.464551170746493e+00  6.512030571608712e-01  5.326669728308853e-01  6.512030571608712e-01  2.946298191726049e-01  6.512030571608712e-01  2.433882420705376e-03  6.512030571608712e-01  1.011497454297853e+00  6.512030571608712e-01  2.248584452535189e-01  6.512030571608712e-01  1.240780584745350e-03 
 6.552030571608712e-01  1.141035684499125e+00  6.552030571608712e-01  1.465525504574330e+00  6.552030571608712e-01  5.312573156228517e-01  6.552030571608712e-01  2.948265431732814e-01  6.552030571608712e-01  2.437421343677781e-03  6.552030571608712e-01  1.012953089887530e+00  6.552030571608712e-01  2.246086947692474e-01  6.552030571608712e-01  1.237176653070037e-03 
 6.592030571608712e-01  1.140079540217095e+00  6.592030571608712e-01  1.466499357259816e+00  6.592030571608712e-01  5.298487706908663e-01  6.592030571608712e-01  2.950233268174907e-01  6.592030571608712e-01  2.440957994187667e-03  6.592030571608712e-01  1.014408184452087e+00  6.592030571608712e-01  2.243586551024995e-01  6.592030571608712e-01  1.233574501058605e-03 
 6.632030571608712e-01  1.139124016988887e+00  6.632030571608712e-01  1.467472722749362e+00  6.632030571608712e-01  5.284413514026497e-01  6.632030571608712e-01  2.952201728697788e-01  6.632030571608712e-01  2.444492347502059e-03  6.632030571608712e-01  1.015862732213183e+00  6.632030571608712e-01  2.241083262244011e-01  6.632030571608712e-01  1.229974151101909e-03 
 6.672030571608712e-01  1.138169121584700e+00  6.672030571608712e-01  1.468445594935024e+00  6.672030571608712e-01  5.270350713056131e-01  6.672030571608712e-01  2.954170841278059e-01  6.672030571608712e-01  2.448024378578933e-03  6.672030571608712e-01  1.017316727356082e+00  6.672030571608712e-01  2.238577081223100e-01  6.672030571608712e-01  1.226375625791790e-03 
 6.712030571608713e-01  1.137214860849016e+00  6.712030571608713e-01  1.469417967616589e+00  6.712030571608713e-01  5.256299441233759e-01  6.712030571608713e-01  2.956140634247204e-01  6.712030571608713e-01  2.451554062101429e-03  6.712030571608713e-01  1.018770164007345e+00  6.712030571608713e-01  2.236068008093054e-01  6.712030571608713e-01  1.222778948061417e-03 
 6.752030571608713e-01  1.136261241717066e+00  6.752030571608713e-01  1.470389834554327e+00  6.752030571608713e-01  5.242259837677252e-01  6.752030571608713e-01  2.958111136270478e-01  6.752030571608713e-01  2.455081372417067e-03  6.752030571608713e-01  1.020223036266072e+00  6.752030571608713e-01  2.233556043114047e-01  6.752030571608713e-01  1.219184140990074e-03 
 6.792030571608713e-01  1.135308271202816e+00  6.792030571608713e-01  1.471361189421203e+00  6.792030571608713e-01  5.228232043335850e-01  6.792030571608713e-01  2.960082376375598e-01  6.792030571608713e-01  2.458606283582112e-03  6.792030571608713e-01  1.021675338175759e+00  6.792030571608713e-01  2.231041186794939e-01  6.792030571608713e-01  1.215591227979981e-03 
 6.832030571608713e-01  1.134355956398480e+00  6.832030571608713e-01  1.472332025795786e+00  6.832030571608713e-01  5.214216201009059e-01  6.832030571608713e-01  2.962054383961407e-01  6.832030571608713e-01  2.462128769363405e-03  6.832030571608713e-01  1.023127063720237e+00  6.832030571608713e-01  2.228523439913092e-01  6.832030571608713e-01  1.212000232782477e-03 
 6.872030571608713e-01  1.133404304491394e+00  6.872030571608713e-01  1.473302337216294e+00  6.872030571608713e-01  5.200212455469260e-01  6.872030571608713e-01  2.964027188776255e-01  6.872030571608713e-01  2.465648803175958e-03  6.872030571608713e-01  1.024578206855654e+00  6.872030571608713e-01  2.226002803382817e-01  6.872030571608713e-01  1.208411179298146e-03 
 6.912030571608713e-01  1.132453322750166e+00  6.912030571608713e-01  1.474272117126240e+00  6.912030571608713e-01  5.186220953401410e-01  6.912030571608713e-01  2.966000820950180e-01  6.912030571608713e-01  2.469166358134150e-03  6.912030571608713e-01  1.026028761478515e+00  6.912030571608713e-01  2.223479278391707e-01  6.912030571608713e-01  1.204824091777875e-03 
 6.952030571608713e-01  1.131503018534488e+00  6.952030571608713e-01  1.475241358903349e+00  6.952030571608713e-01  5.172241843484026e-01  6.952030571608713e-01  2.967975310985800e-01  6.952030571608713e-01  2.472681407015462e-03  6.952030571608713e-01  1.027478721442840e+00  6.952030571608713e-01  2.220952866331168e-01  6.952030571608713e-01  1.201238994715854e-03 
 6.992030571608713e-01  1.130553399290940e+00  6.992030571608713e-01  1.476210055839228e+00  6.992030571608713e-01  5.158275276387071e-01  6.992030571608713e-01  2.969950689773774e-01  6.992030571608713e-01  2.476193922275979e-03  6.992030571608713e-01  1.028928080548318e+00  6.992030571608713e-01  2.218423568849025e-01  6.992030571608713e-01  1.197655912924788e-03 
 7.032030571608713e-01  1.129604472558933e+00  7.032030571608713e-01  1.477178201154553e+00  7.032030571608713e-01  5.144321404830333e-01  7.032030571608713e-01  2.971926988590615e-01  7.032030571608713e-01  2.479703876028429e-03  7.032030571608713e-01  1.030376832549347e+00  7.032030571608713e-01  2.215891387813974e-01  7.032030571608713e-01  1.194074871479737e-03 
 7.072030571608713e-01  1.128656245965131e+00  7.072030571608713e-01  1.478145787973683e+00  7.072030571608713e-01  5.130380383573730e-01  7.072030571608713e-01  2.973904239116720e-01  7.072030571608713e-01  2.483211240062795e-03  7.072030571608713e-01  1.031824971140257e+00  7.072030571608713e-01  2.213356325381203e-01  7.072030571608713e-01  1.190495895811995e-03 
 7.112030571608713e-01  1.127708727237437e+00  7.112030571608713e-01  1.479112809368222e+00  7.112030571608713e-01  5.116452369523744e-01  7.112030571608713e-01  2.975882473420243e-01  7.112030571608713e-01  2.486715985794597e-03  7.112030571608713e-01  1.033272489981034e+00  7.112030571608713e-01  2.210818383885872e-01  7.112030571608713e-01  1.186919011548027e-03 
 7.152030571608713e-01  1.126761924191446e+00  7.152030571608713e-01  1.480079258303309e+00  7.152030571608713e-01  5.102537521677070e-01  7.152030571608713e-01  2.977861723989207e-01  7.152030571608713e-01  2.490218084314974e-03  7.152030571608713e-01  1.034719382665891e+00  7.152030571608713e-01  2.208277565979675e-01  7.152030571608713e-01  1.183344244707991e-03 
 7.192030571608713e-01  1.125815844744193e+00  7.192030571608713e-01  1.481045127680245e+00  7.192030571608713e-01  5.088636001226138e-01  7.192030571608713e-01  2.979842023715942e-01  7.192030571608713e-01  2.493717506339873e-03  7.192030571608713e-01  1.036165642748462e+00  7.192030571608713e-01  2.205733874526630e-01  7.192030571608713e-01  1.179771621548211e-03 
 7.232030571608713e-01  1.124870496907936e+00  7.232030571608713e-01  1.482010410308651e+00  7.232030571608713e-01  5.074747971546515e-01  7.232030571608713e-01  2.981823405916482e-01  7.232030571608713e-01  2.497214222233028e-03  7.232030571608713e-01  1.037611263725589e+00  7.232030571608713e-01  2.203187312675257e-01  7.232030571608713e-01  1.176201168664089e-03 
 7.272030571608713e-01  1.123925888787022e+00  7.272030571608713e-01  1.482975098889559e+00  7.272030571608713e-01  5.060873598203115e-01  7.272030571608713e-01  2.983805904344659e-01  7.272030571608713e-01  2.500708202017523e-03  7.272030571608713e-01  1.039056239027586e+00  7.272030571608713e-01  2.200637883904027e-01  7.272030571608713e-01  1.172632913052670e-03 
 7.312030571608713e-01  1.122982028599468e+00  7.312030571608713e-01  1.483939186085112e+00  7.312030571608713e-01  5.047013049102456e-01  7.312030571608713e-01  2.985789553162949e-01  7.312030571608713e-01  2.504199415296016e-03  7.312030571608713e-01  1.040500562059251e+00  7.312030571608713e-01  2.198085591848066e-01  7.312030571608713e-01  1.169066881854794e-03 
 7.352030571608713e-01  1.122038924656528e+00  7.352030571608713e-01  1.484902664440904e+00  7.352030571608713e-01  5.033166494396734e-01  7.352030571608713e-01  2.987774386986956e-01  7.352030571608713e-01  2.507687831326276e-03  7.352030571608713e-01  1.041944226154511e+00  7.352030571608713e-01  2.195530440497663e-01  7.352030571608713e-01  1.165503102642441e-03 
 7.392030571608713e-01  1.121096585368815e+00  7.392030571608713e-01  1.485865526401333e+00  7.392030571608713e-01  5.019334106545482e-01  7.392030571608713e-01  2.989760440883434e-01  7.392030571608713e-01  2.511173418998569e-03  7.392030571608713e-01  1.043387224585609e+00  7.392030571608713e-01  2.192972434162585e-01  7.392030571608713e-01  1.161941603361809e-03 
 7.432030571608713e-01  1.120155019262541e+00  7.432030571608713e-01  1.486827764360472e+00  7.432030571608713e-01  5.005516060436495e-01  7.432030571608713e-01  2.991747750350575e-01  7.432030571608713e-01  2.514656146775573e-03  7.432030571608713e-01  1.044829550593060e+00  7.432030571608713e-01  2.190411577345739e-01  7.432030571608713e-01  1.158382412145269e-03 
 7.472030571608713e-01  1.119214234954824e+00  7.472030571608713e-01  1.487789370569494e+00  7.472030571608713e-01  4.991712533265891e-01  7.472030571608713e-01  2.993736351370140e-01  7.472030571608713e-01  2.518135982783717e-03  7.472030571608713e-01  1.046271197331673e+00  7.472030571608713e-01  2.187847874981104e-01  7.472030571608713e-01  1.154825557653719e-03 
 7.512030571608713e-01  1.118274241187058e+00  7.512030571608713e-01  1.488750337247318e+00  7.512030571608713e-01  4.977923704760249e-01  7.512030571608713e-01  2.995726280357719e-01  7.512030571608713e-01  2.521612894689738e-03  7.512030571608713e-01  1.047712157935435e+00  7.512030571608713e-01  2.185281332155197e-01  7.512030571608713e-01  1.151271068667351e-03 
 7.552030571608713e-01  1.117335046794736e+00  7.552030571608713e-01  1.489710656468850e+00  7.552030571608713e-01  4.964149757024976e-01  7.552030571608713e-01  2.997717574224549e-01  7.552030571608713e-01  2.525086849812333e-03  7.552030571608713e-01  1.049152425452406e+00  7.552030571608713e-01  2.182711954394645e-01  7.552030571608713e-01  1.147718974498990e-03 
 7.592030571608713e-01  1.116396660731084e+00  7.592030571608713e-01  1.490670320241578e+00  7.592030571608713e-01  4.950390874709175e-01  7.592030571608713e-01  2.999710270344892e-01  7.592030571608713e-01  2.528557815034701e-03  7.592030571608713e-01  1.050591992889668e+00  7.592030571608713e-01  2.180139747474057e-01  7.592030571608713e-01  1.144169304710846e-03 
 7.632030571608713e-01  1.115459092058879e+00  7.632030571608713e-01  1.491629320470775e+00  7.632030571608713e-01  4.936647244983623e-01  7.632030571608713e-01  3.001704406579247e-01  7.632030571608713e-01  2.532025756834829e-03  7.632030571608713e-01  1.052030853193227e+00  7.632030571608713e-01  2.177564717507830e-01  7.632030571608713e-01  1.140622089243177e-03 
 7.672030571608713e-01  1.114522349950659e+00  7.672030571608713e-01  1.492587648954018e+00  7.672030571608713e-01  4.922919057568267e-01  7.672030571608713e-01  3.003700021282870e-01  7.672030571608713e-01  2.535490641284745e-03  7.672030571608713e-01  1.053468999245028e+00  7.672030571608713e-01  2.174986870967593e-01  7.672030571608713e-01  1.137077358434549e-03 
 7.712030571608713e-01  1.113586443701953e+00  7.712030571608713e-01  1.493545297421335e+00  7.712030571608713e-01  4.909206504835942e-01  7.712030571608713e-01  3.005697153291315e-01  7.712030571608713e-01  2.538952434001500e-03  7.712030571608713e-01  1.054906423886598e+00  7.712030571608713e-01  2.172406214582163e-01  7.712030571608713e-01  1.133535142873379e-03 
 7.752030571608713e-01  1.112651382712208e+00  7.752030571608713e-01  1.494502257462383e+00  7.752030571608713e-01  4.895509781726989e-01  7.752030571608713e-01  3.007695841962841e-01  7.752030571608713e-01  2.542411100217807e-03  7.752030571608713e-01  1.056343119876856e+00  7.752030571608713e-01  2.169822755528293e-01  7.752030571608713e-01  1.129995473667276e-03 
 7.792030571608713e-01  1.111717176508739e+00  7.792030571608713e-01  1.495458520603948e+00  7.792030571608713e-01  4.881829085915778e-01  7.792030571608713e-01  3.009696127145017e-01  7.792030571608713e-01  2.545866604693375e-03  7.792030571608713e-01  1.057779079937477e+00  7.792030571608713e-01  2.167236501234386e-01  7.792030571608713e-01  1.126458382156366e-03 
 7.832030571608714e-01  1.110783834730143e+00  7.832030571608714e-01  1.496414078246022e+00  7.832030571608714e-01  4.868164617739927e-01  7.832030571608714e-01  3.011698049212699e-01  7.832030571608714e-01  2.549318911776315e-03  7.832030571608714e-01  1.059214296715948e+00  7.832030571608714e-01  2.164647459548851e-01  7.832030571608714e-01  1.122923900149763e-03 
 7.872030571608714e-01  1.109851367136062e+00  7.872030571608714e-01  1.497368921689684e+00  7.872030571608714e-01  4.854516580283889e-01  7.872030571608714e-01  3.013701649059526e-01  7.872030571608714e-01  2.552767985367045e-03  7.872030571608714e-01  1.060648762802060e+00  7.872030571608714e-01  2.162055638671754e-01  7.872030571608714e-01  1.119392059822383e-03 
 7.912030571608714e-01  1.108919783615659e+00  7.912030571608714e-01  1.498323042160626e+00  7.912030571608714e-01  4.840885179454427e-01  7.912030571608714e-01  3.015706968091557e-01  7.912030571608714e-01  2.556213788886837e-03  7.912030571608714e-01  1.062082470741811e+00  7.912030571608714e-01  2.159461047097099e-01  7.912030571608714e-01  1.115862893628026e-03 
 7.952030571608714e-01  1.107989094167205e+00  7.952030571608714e-01  1.499276430732086e+00  7.952030571608714e-01  4.827270623887890e-01  7.952030571608714e-01  3.017714048271829e-01  7.952030571608714e-01  2.559656285353419e-03  7.952030571608714e-01  1.063515412992956e+00  7.952030571608714e-01  2.156863693816799e-01  7.952030571608714e-01  1.112336434584309e-03 
 7.992030571608714e-01  1.107059308923836e+00  7.992030571608714e-01  1.500229078408599e+00  7.992030571608714e-01  4.813673125126343e-01  7.992030571608714e-01  3.019722932083394e-01  7.992030571608714e-01  2.563095437285672e-03  7.992030571608714e-01  1.064947581973898e+00  7.992030571608714e-01  2.154263588106714e-01  7.992030571608714e-01  1.108812715962994e-03 
 8.032030571608714e-01  1.106130438139413e+00  8.032030571608714e-01  1.501180976070845e+00  8.032030571608714e-01  4.800092897561151e-01  8.032030571608714e-01  3.021733662562576e-01  8.032030571608714e-01  2.566531206755918e-03  8.032030571608714e-01  1.066378970031975e+00  8.032030571608714e-01  2.151660739673947e-01  8.032030571608714e-01  1.105291771493926e-03 
 8.072030571608714e-01  1.105202492199032e+00  8.072030571608714e-01  1.502132114506454e+00  8.072030571608714e-01  4.786530158519887e-01  8.072030571608714e-01  3.023746283288654e-01  8.072030571608714e-01  2.569963555351099e-03  8.072030571608714e-01  1.067809569461624e+00  8.072030571608714e-01  2.149055158580319e-01  8.072030571608714e-01  1.101773635251103e-03 
 8.112030571608714e-01  1.104275481607559e+00  8.112030571608714e-01  1.503082484364402e+00  8.112030571608714e-01  4.772985128225221e-01  8.112030571608714e-01  3.025760838412173e-01  8.112030571608714e-01  2.573392444215078e-03  8.112030571608714e-01  1.069239372478288e+00  8.112030571608714e-01  2.146446855365851e-01  8.112030571608714e-01  1.098258341821346e-03 
 8.152030571608714e-01  1.103349417011145e+00  8.152030571608714e-01  1.504032076224185e+00  8.152030571608714e-01  4.759458029945048e-01  8.152030571608714e-01  3.027777372624862e-01  8.152030571608714e-01  2.576817833969179e-03  8.152030571608714e-01  1.070668371258758e+00  8.152030571608714e-01  2.143835840871318e-01  8.152030571608714e-01  1.094745926048479e-03 
 8.192030571608714e-01  1.102424309173936e+00  8.192030571608714e-01  1.504980880509354e+00  8.192030571608714e-01  4.745949089882487e-01  8.192030571608714e-01  3.029795931208553e-01  8.192030571608714e-01  2.580239684798238e-03  8.192030571608714e-01  1.072096557891505e+00  8.192030571608714e-01  2.141222126469559e-01  8.192030571608714e-01  1.091236423353095e-03 
 8.232030571608714e-01  1.101500169004158e+00  8.232030571608714e-01  1.505928887572645e+00  8.232030571608714e-01  4.732458537351563e-01  8.232030571608714e-01  3.031816559996610e-01  8.232030571608714e-01  2.583657956354212e-03  8.232030571608714e-01  1.073523924426210e+00  8.232030571608714e-01  2.138605723845619e-01  8.232030571608714e-01  1.087729869417705e-03 
 8.272030571608714e-01  1.100577007534433e+00  8.272030571608714e-01  1.506876087622465e+00  8.272030571608714e-01  4.718986604687458e-01  8.272030571608714e-01  3.033839305416081e-01  8.272030571608714e-01  2.587072607828869e-03  8.272030571608714e-01  1.074950462831651e+00  8.272030571608714e-01  2.135986645194809e-01  8.272030571608714e-01  1.084226300458636e-03 
 8.312030571608714e-01  1.099654835939655e+00  8.312030571608714e-01  1.507822470779684e+00  8.312030571608714e-01  4.705533527373758e-01  8.312030571608714e-01  3.035864214463186e-01  8.312030571608714e-01  2.590483597887776e-03  8.312030571608714e-01  1.076376165028833e+00  8.312030571608714e-01  2.133364903077025e-01  8.312030571608714e-01  1.080725753016012e-03 
 8.352030571608714e-01  1.098733665520548e+00  8.352030571608714e-01  1.508768027015661e+00  8.352030571608714e-01  4.692099543970765e-01  8.352030571608714e-01  3.037891334739312e-01  8.352030571608714e-01  2.593890884731052e-03  8.352030571608714e-01  1.077801022855633e+00  8.352030571608714e-01  2.130740510585366e-01  8.352030571608714e-01  1.077228264182906e-03 
 8.392030571608714e-01  1.097813507723802e+00  8.392030571608714e-01  1.509712746217176e+00  8.392030571608714e-01  4.678684896254425e-01  8.392030571608714e-01  3.039920714421894e-01  8.392030571608714e-01  2.597294426018925e-03  8.392030571608714e-01  1.079225028104571e+00  8.392030571608714e-01  2.128113481178422e-01  8.392030571608714e-01  1.073733871365235e-03 
 8.432030571608714e-01  1.096894374132104e+00  8.432030571608714e-01  1.510656618147264e+00  8.432030571608714e-01  4.665289829180850e-01  8.432030571608714e-01  3.041952402288361e-01  8.432030571608714e-01  2.600694178908562e-03  8.432030571608714e-01  1.080648172500642e+00  8.432030571608714e-01  2.125483828788632e-01  8.432030571608714e-01  1.070242612426598e-03 
 8.472030571608714e-01  1.095976276464597e+00  8.472030571608714e-01  1.511599632442365e+00  8.472030571608714e-01  4.651914590910623e-01  8.472030571608714e-01  3.043986447721312e-01  8.472030571608714e-01  2.604090100052409e-03  8.472030571608714e-01  1.082070447700063e+00  8.472030571608714e-01  2.122851567834784e-01  8.472030571608714e-01  1.066754525698839e-03 
 8.512030571608714e-01  1.095059226583643e+00  8.512030571608714e-01  1.512541778631447e+00  8.512030571608714e-01  4.638559432868287e-01  8.512030571608714e-01  3.046022900702105e-01  8.512030571608714e-01  2.607482145573174e-03  8.512030571608714e-01  1.083491845301684e+00  8.512030571608714e-01  2.120216713175629e-01  8.512030571608714e-01  1.063269649911267e-03 
 8.552030571608714e-01  1.094143236487523e+00  8.552030571608714e-01  1.513483046106831e+00  8.552030571608714e-01  4.625224609720441e-01  8.552030571608714e-01  3.048061811829084e-01  8.552030571608714e-01  2.610870271090816e-03  8.552030571608714e-01  1.084912356830638e+00  8.552030571608714e-01  2.117579280192893e-01  8.552030571608714e-01  1.059788024298658e-03 
 8.592030571608714e-01  1.093228318319817e+00  8.592030571608714e-01  1.514423424152771e+00  8.592030571608714e-01  4.611910379448616e-01  8.592030571608714e-01  3.050103232305713e-01  8.592030571608714e-01  2.614254431687861e-03  8.592030571608714e-01  1.086331973755183e+00  8.592030571608714e-01  2.114939284719540e-01  8.592030571608714e-01  1.056309688495416e-03 
 8.632030571608714e-01  1.092314484370684e+00  8.632030571608714e-01  1.515362901946433e+00  8.632030571608714e-01  4.598617003374489e-01  8.632030571608714e-01  3.052147213942630e-01  8.632030571608714e-01  2.617634581904611e-03  8.632030571608714e-01  1.087750687487654e+00  8.632030571608714e-01  2.112296743041860e-01  8.632030571608714e-01  1.052834682532072e-03 
 8.672030571608714e-01  1.091401747064724e+00  8.672030571608714e-01  1.516301468512764e+00  8.672030571608714e-01  4.585344746107824e-01  8.672030571608714e-01  3.054193809183312e-01  8.672030571608714e-01  2.621010675784157e-03  8.672030571608714e-01  1.089168489359076e+00  8.672030571608714e-01  2.109651672026150e-01  8.672030571608714e-01  1.049363047002147e-03 
 8.712030571608714e-01  1.090490118983427e+00  8.712030571608714e-01  1.517239112798981e+00  8.712030571608714e-01  4.572093875690295e-01  8.712030571608714e-01  3.056243071067331e-01  8.712030571608714e-01  2.624382666789205e-03  8.712030571608714e-01  1.090585370662243e+00  8.712030571608714e-01  2.107004088922823e-01  8.712030571608714e-01  1.045894822786671e-03 
 8.752030571608714e-01  1.089579612837847e+00  8.752030571608714e-01  1.518175823577890e+00  8.752030571608714e-01  4.558864663454880e-01  8.752030571608714e-01  3.058295053282167e-01  8.752030571608714e-01  2.627750507903279e-03  8.752030571608714e-01  1.092001322596879e+00  8.752030571608714e-01  2.104354011632897e-01  8.752030571608714e-01  1.042430051411734e-03 
 8.792030571608714e-01  1.088670241495580e+00  8.792030571608714e-01  1.519111589538525e+00  8.792030571608714e-01  4.545657384192675e-01  8.792030571608714e-01  3.060349810117240e-01  8.792030571608714e-01  2.631114151530872e-03  8.792030571608714e-01  1.093416336321940e+00  8.792030571608714e-01  2.101701458468078e-01  8.792030571608714e-01  1.038968774713274e-03 
 8.832030571608714e-01  1.087762017968981e+00  8.832030571608714e-01  1.520046399243738e+00  8.832030571608714e-01  4.532472316098015e-01  8.832030571608714e-01  3.062407396486706e-01  8.832030571608714e-01  2.634473549540969e-03  8.832030571608714e-01  1.094830402931832e+00  8.832030571608714e-01  2.099046448270642e-01  8.832030571608714e-01  1.035511034993932e-03 
 8.872030571608714e-01  1.086854955413167e+00  8.872030571608714e-01  1.520980241121779e+00  8.872030571608714e-01  4.519309740767903e-01  8.872030571608714e-01  3.064467867934155e-01  8.872030571608714e-01  2.637828653274573e-03  8.872030571608714e-01  1.096243513452104e+00  8.872030571608714e-01  2.096389000441954e-01  8.872030571608714e-01  1.032056875054213e-03 
 8.912030571608714e-01  1.085949067131451e+00  8.912030571608714e-01  1.521913103484081e+00  8.912030571608714e-01  4.506169943241829e-01  8.912030571608714e-01  3.066531280623257e-01  8.912030571608714e-01  2.641179413524489e-03  8.912030571608714e-01  1.097655658850112e+00  8.912030571608714e-01  2.093729134899515e-01  8.912030571608714e-01  1.028606338126655e-03 
 8.952030571608715e-01  1.085044366571795e+00  8.952030571608715e-01  1.522844974512299e+00  8.952030571608715e-01  4.493053211989229e-01  8.952030571608715e-01  3.068597691343815e-01  8.952030571608715e-01  2.644525780548499e-03  8.952030571608715e-01  1.099066830028133e+00  8.952030571608715e-01  2.091066872117915e-01  8.952030571608715e-01  1.025159467923813e-03 
 8.992030571608715e-01  1.084140867334151e+00  8.992030571608715e-01  1.523775842283454e+00  8.992030571608715e-01  4.479959838956429e-01  8.992030571608715e-01  3.070667157497476e-01  8.992030571608715e-01  2.647867704042183e-03  8.992030571608715e-01  1.100477017838189e+00  8.992030571608715e-01  2.088402233065465e-01  8.992030571608715e-01  1.021716308545251e-03 
 9.032030571608715e-01  1.083238583160330e+00  9.032030571608715e-01  1.524705694735457e+00  9.032030571608715e-01  4.466890119513288e-01  9.032030571608715e-01  3.072739737114095e-01  9.032030571608715e-01  2.651205133176415e-03  9.032030571608715e-01  1.101886213062965e+00  9.032030571608715e-01  2.085735239304320e-01  9.032030571608715e-01  1.018276904605053e-03 
 9.072030571608715e-01  1.082337527940711e+00  9.072030571608715e-01  1.525634519691032e+00  9.072030571608715e-01  4.453844352492721e-01  9.072030571608715e-01  3.074815488836893e-01  9.072030571608715e-01  2.654538016572524e-03  9.072030571608715e-01  1.103294406429947e+00  9.072030571608715e-01  2.083065912930566e-01  9.072030571608715e-01  1.014841301143291e-03 
 9.112030571608715e-01  1.081437715711753e+00  9.112030571608715e-01  1.526562304850521e+00  9.112030571608715e-01  4.440822840176318e-01  9.112030571608715e-01  3.076894471923340e-01  9.112030571608715e-01  2.657866302311525e-03  9.112030571608715e-01  1.104701588607887e+00  9.112030571608715e-01  2.080394276599754e-01  9.112030571608715e-01  1.011409543652745e-03 
 9.152030571608715e-01  1.080539160652975e+00  9.152030571608715e-01  1.527489037783565e+00  9.152030571608715e-01  4.427825888274777e-01  9.152030571608715e-01  3.078976746246032e-01  9.152030571608715e-01  2.661189937945259e-03  9.152030571608715e-01  1.106107750202641e+00  9.152030571608715e-01  2.077720353555732e-01  9.152030571608715e-01  1.007981678109587e-03 
 9.192030571608715e-01  1.079641877097020e+00  9.192030571608715e-01  1.528414705966198e+00  9.192030571608715e-01  4.414853805979170e-01  9.192030571608715e-01  3.081062372268901e-01  9.192030571608715e-01  2.664508870459170e-03  9.192030571608715e-01  1.107512881778741e+00  9.192030571608715e-01  2.075044167533731e-01  9.192030571608715e-01  1.004557750836200e-03 
 9.232030571608715e-01  1.078745879514944e+00  9.232030571608715e-01  1.529339296733557e+00  9.232030571608715e-01  4.401906905871064e-01  9.232030571608715e-01  3.083151411067273e-01  9.232030571608715e-01  2.667823046326770e-03  9.232030571608715e-01  1.108916973833176e+00  9.232030571608715e-01  2.072365742897152e-01  9.232030571608715e-01  1.001137808676100e-03 
 9.272030571608715e-01  1.077851182518529e+00  9.272030571608715e-01  1.530262797291822e+00  9.272030571608715e-01  4.388985503925406e-01  9.272030571608715e-01  3.085243924315988e-01  9.272030571608715e-01  2.671132411501014e-03  9.272030571608715e-01  1.110320016802770e+00  9.272030571608715e-01  2.069685104610813e-01  9.272030571608715e-01  9.977218989497677e-04 
 9.312030571608715e-01  1.076957800874292e+00  9.312030571608715e-01  1.531185194770726e+00  9.312030571608715e-01  4.376089919575573e-01  9.312030571608715e-01  3.087339974255109e-01  9.312030571608715e-01  2.674436911362510e-03  9.312030571608715e-01  1.111722001094419e+00  9.312030571608715e-01  2.067002278100396e-01  9.312030571608715e-01  9.943100692604244e-04 
 9.352030571608715e-01  1.076065749475956e+00  9.352030571608715e-01  1.532106476134611e+00  9.352030571608715e-01  4.363220475544196e-01  9.352030571608715e-01  3.089439623729947e-01  9.352030571608715e-01  2.677736490821371e-03  9.352030571608715e-01  1.113122917035454e+00  9.352030571608715e-01  2.064317289506487e-01  9.352030571608715e-01  9.909023678230345e-04 
 9.392030571608715e-01  1.075175043365787e+00  9.392030571608715e-01  1.533026628261579e+00  9.392030571608715e-01  4.350377497942960e-01  9.392030571608715e-01  3.091542936140966e-01  9.392030571608715e-01  2.681031094238241e-03  9.392030571608715e-01  1.114522754918932e+00  9.392030571608715e-01  2.061630165469772e-01  9.392030571608715e-01  9.874988431714958e-04 
 9.432030571608715e-01  1.074285697725276e+00  9.432030571608715e-01  1.533945637918414e+00  9.432030571608715e-01  4.337561316198530e-01  9.432030571608715e-01  3.093649975448146e-01  9.432030571608715e-01  2.684320665458807e-03  9.432030571608715e-01  1.115921504990080e+00  9.432030571608715e-01  2.058940933206857e-01  9.432030571608715e-01  9.840995442514564e-04 
 9.472030571608715e-01  1.073397727870846e+00  9.472030571608715e-01  1.534863491753743e+00  9.472030571608715e-01  4.324772263003251e-01  9.472030571608715e-01  3.095760806164883e-01  9.472030571608715e-01  2.687605147829671e-03  9.472030571608715e-01  1.117319157443055e+00  9.472030571608715e-01  2.056249620535544e-01  9.472030571608715e-01  9.807045204455701e-04 
 9.512030571608715e-01  1.072511149250252e+00  9.512030571608715e-01  1.535780176294208e+00  9.512030571608715e-01  4.312010674266363e-01  9.512030571608715e-01  3.097875493349232e-01  9.512030571608715e-01  2.690884484211618e-03  9.512030571608715e-01  1.118715702419429e+00  9.512030571608715e-01  2.053556255891966e-01  9.512030571608715e-01  9.773138215877089e-04 
 9.552030571608715e-01  1.071625977448307e+00  9.552030571608715e-01  1.536695677973506e+00  9.552030571608715e-01  4.299276889112893e-01  9.552030571608715e-01  3.099994102576626e-01  9.552030571608715e-01  2.694158616958523e-03  9.552030571608715e-01  1.120111130025156e+00  9.552030571608715e-01  2.050860868254727e-01  9.552030571608715e-01  9.739274978554335e-04 
 9.592030571608715e-01  1.070742228182055e+00  9.592030571608715e-01  1.537609983126422e+00  9.592030571608715e-01  4.286571249820302e-01  9.592030571608715e-01  3.102116699930310e-01  9.592030571608715e-01  2.697427487935110e-03  9.592030571608715e-01  1.121505430327818e+00  9.592030571608715e-01  2.048163487167598e-01  9.592030571608715e-01  9.705455997921950e-04 
 9.632030571608715e-01  1.069859917288970e+00  9.632030571608715e-01  1.538523077959803e+00  9.632030571608715e-01  4.273894101713248e-01  9.632030571608715e-01  3.104243352003113e-01  9.632030571608715e-01  2.700691038560683e-03  9.632030571608715e-01  1.122898593340983e+00  9.632030571608715e-01  2.045464142827910e-01  9.632030571608715e-01  9.671681784146369e-04 
 9.672030571608715e-01  1.068979060741190e+00  9.672030571608715e-01  1.539434948613526e+00  9.672030571608715e-01  4.261245793197064e-01  9.672030571608715e-01  3.106374125849684e-01  9.672030571608715e-01  2.703949209756407e-03  9.672030571608715e-01  1.124290609059046e+00  9.672030571608715e-01  2.042762865919629e-01  9.672030571608715e-01  9.637952849870884e-04 
 9.712030571608715e-01  1.068099674623129e+00  9.712030571608715e-01  1.540345581097682e+00  9.712030571608715e-01  4.248626675586041e-01  9.712030571608715e-01  3.108509089004455e-01  9.712030571608715e-01  2.707201942028200e-03  9.712030571608715e-01  1.125681467422659e+00  9.712030571608715e-01  2.040059687797802e-01  9.712030571608715e-01  9.604269712538907e-04 
 9.752030571608715e-01  1.067221775141547e+00  9.752030571608715e-01  1.541254961341274e+00  9.752030571608715e-01  4.236037103105307e-01  9.752030571608715e-01  3.110648309438054e-01  9.752030571608715e-01  2.710449175429404e-03  9.752030571608715e-01  1.127071158346661e+00  9.752030571608715e-01  2.037354640356247e-01  9.752030571608715e-01  9.570632892593299e-04 
 9.792030571608715e-01  1.066345378621386e+00  9.792030571608715e-01  1.542163075193651e+00  9.792030571608715e-01  4.223477432809861e-01  9.792030571608715e-01  3.112791855538141e-01  9.792030571608715e-01  2.713690849576220e-03  9.792030571608715e-01  1.128459671721508e+00  9.792030571608715e-01  2.034647756028959e-01  9.792030571608715e-01  9.537042913422685e-04 
 9.832030571608715e-01  1.065470501497256e+00  9.832030571608715e-01  1.543069908412290e+00  9.832030571608715e-01  4.210948024475403e-01  9.832030571608715e-01  3.114939796096430e-01  9.832030571608715e-01  2.716926903679208e-03  9.832030571608715e-01  1.129846997407072e+00  9.832030571608715e-01  2.031939067830884e-01  9.832030571608715e-01  9.503500301813782e-04 
 9.872030571608715e-01  1.064597160303706e+00  9.872030571608715e-01  1.543975446647583e+00  9.872030571608715e-01  4.198449240477929e-01  9.872030571608715e-01  3.117092200296169e-01  9.872030571608715e-01  2.720157276579284e-03  9.872030571608715e-01  1.131233125224842e+00  9.872030571608715e-01  2.029228609407776e-01  9.872030571608715e-01  9.470005588513944e-04 
 9.912030571608715e-01  1.063725371684770e+00  9.912030571608715e-01  1.544879675494390e+00  9.912030571608715e-01  4.185981445772713e-01  9.912030571608715e-01  3.119249137661835e-01  9.912030571608715e-01  2.723381906712372e-03  9.912030571608715e-01  1.132618044987316e+00  9.912030571608715e-01  2.026516414893894e-01  9.912030571608715e-01  9.436559306324314e-04 
 9.952030571608715e-01  1.062855152382663e+00  9.952030571608715e-01  1.545782580473998e+00  9.952030571608715e-01  4.173545007754935e-01  9.952030571608715e-01  3.121410678045507e-01  9.952030571608715e-01  2.726600732151239e-03  9.952030571608715e-01  1.134001746488564e+00  9.952030571608715e-01  2.023802518969263e-01  9.952030571608715e-01  9.403161990767151e-04 
 9.992030571608715e-01  1.061986519229388e+00  9.992030571608715e-01  1.546684147027151e+00  9.992030571608715e-01  4.161140296131013e-01  9.992030571608715e-01  3.123576891605829e-01  9.992030571608715e-01  2.729813690636550e-03  9.992030571608715e-01  1.135384219500997e+00  9.992030571608715e-01  2.021086956885496e-01  9.992030571608715e-01  9.369814180343860e-04 
 1.003203057160871e+00  1.061119489147446e+00  1.003203057160871e+00  1.547584360539346e+00  1.003203057160871e+00  4.148767682833562e-01  1.003203057160871e+00  3.125747848767917e-01  1.003203057160871e+00  2.733020719574226e-03  1.003203057160871e+00  1.136765453790078e+00  1.003203057160871e+00  2.018369764398171e-01  1.003203057160871e+00  9.336516415598840e-04 
 1.007203057160871e+00  1.060254079133854e+00  1.007203057160871e+00  1.548483206310897e+00  1.007203057160871e+00  4.136427541840977e-01  1.007203057160871e+00  3.127923620212328e-01  1.007203057160871e+00  2.736221756094566e-03  1.007203057160871e+00  1.138145439098341e+00  1.007203057160871e+00  2.015650977859193e-01  1.007203057160871e+00  9.303269240227164e-04 
 1.011203057160871e+00  1.059390306267071e+00  1.011203057160871e+00  1.549380669605900e+00  1.011203057160871e+00  4.124120249114385e-01  1.011203057160871e+00  3.130104276818968e-01  1.011203057160871e+00  2.739416737026605e-03  1.011203057160871e+00  1.139524165173206e+00  1.011203057160871e+00  2.012930634080011e-01  1.011203057160871e+00  9.270073199263313e-04 
 1.015203057160871e+00  1.058528187698009e+00  1.015203057160871e+00  1.550276735648619e+00  1.015203057160871e+00  4.111846182443053e-01  1.015203057160871e+00  3.132289889638551e-01  1.015203057160871e+00  2.742605598931426e-03  1.015203057160871e+00  1.140901621765543e+00  1.015203057160871e+00  2.010208770346857e-01  1.015203057160871e+00  9.236928839215082e-04 
 1.019203057160871e+00  1.057667740634780e+00  1.019203057160871e+00  1.551171389600202e+00  1.019203057160871e+00  4.099605721250814e-01  1.019203057160871e+00  3.134480529873626e-01  1.019203057160871e+00  2.745788278158473e-03  1.019203057160871e+00  1.142277798617423e+00  1.019203057160871e+00  2.007485424493749e-01  1.019203057160871e+00  9.203836708924168e-04 
 1.023203057160871e+00  1.056808982342110e+00  1.023203057160871e+00  1.552064616586276e+00  1.023203057160871e+00  4.087399246474890e-01  1.023203057160871e+00  3.136676268829844e-01  1.023203057160871e+00  2.748964710847863e-03  1.023203057160871e+00  1.143652685477998e+00  1.023203057160871e+00  2.004760634827089e-01  1.023203057160871e+00  9.170797358546507e-04 
 1.027203057160871e+00  1.055951930134834e+00  1.027203057160871e+00  1.552956401706088e+00  1.027203057160871e+00  4.075227140406573e-01  1.027203057160871e+00  3.138877177875976e-01  1.027203057160871e+00  2.752134832954271e-03  1.027203057160871e+00  1.145026272109147e+00  1.027203057160871e+00  2.002034440103385e-01  1.027203057160871e+00  9.137811339213099e-04 
 1.031203057160871e+00  1.055096601372292e+00  1.031203057160871e+00  1.553846730046052e+00  1.031203057160871e+00  4.063089786530866e-01  1.031203057160871e+00  3.141083328399933e-01  1.031203057160871e+00  2.755298580267857e-03  1.031203057160871e+00  1.146398548293503e+00  1.031203057160871e+00  1.999306879493817e-01  1.031203057160871e+00  9.104879202529596e-04 
 1.035203057160871e+00  1.054243013442566e+00  1.035203057160871e+00  1.554735586660348e+00  1.035203057160871e+00  4.050987569305869e-01  1.035203057160871e+00  3.143294791781684e-01  1.035203057160871e+00  2.758455888472395e-03  1.035203057160871e+00  1.147769503824339e+00  1.035203057160871e+00  1.996577992645679e-01  1.035203057160871e+00  9.072001501293698e-04 
 1.039203057160871e+00  1.053391183758406e+00  1.039203057160871e+00  1.555622956592627e+00  1.039203057160871e+00  4.038920873998104e-01  1.039203057160871e+00  3.145511639341823e-01  1.039203057160871e+00  2.761606693160457e-03  1.039203057160871e+00  1.149139128518102e+00  1.039203057160871e+00  1.993847819622774e-01  1.039203057160871e+00  9.039178788692517e-04 
 1.043203057160871e+00  1.052541129748951e+00  1.043203057160871e+00  1.556508824884792e+00  1.043203057160871e+00  4.026890086488993e-01  1.043203057160871e+00  3.147733942295683e-01  1.043203057160871e+00  2.764750929863940e-03  1.043203057160871e+00  1.150507412219776e+00  1.043203057160871e+00  1.991116400883368e-01  1.043203057160871e+00  9.006411617977411e-04 
 1.047203057160871e+00  1.051692868856203e+00  1.047203057160871e+00  1.557393176603350e+00  1.047203057160871e+00  4.014895593099961e-01  1.047203057160871e+00  3.149961771696129e-01  1.047203057160871e+00  2.767888534067223e-03  1.047203057160871e+00  1.151874344817857e+00  1.047203057160871e+00  1.988383777205544e-01  1.047203057160871e+00  8.973700541489603e-04 
 1.051203057160871e+00  1.050846418510627e+00  1.051203057160871e+00  1.558275996796792e+00  1.051203057160871e+00  4.002937780302084e-01  1.051203057160871e+00  3.152195198413854e-01  1.051203057160871e+00  2.771019441297318e-03  1.051203057160871e+00  1.153239916221497e+00  1.051203057160871e+00  1.985649989817317e-01  1.051203057160871e+00  8.941046112236456e-04 
 1.055203057160871e+00  1.050001796136984e+00  1.055203057160871e+00  1.559157270556263e+00  1.055203057160871e+00  3.991017034577610e-01  1.055203057160871e+00  3.154434293057751e-01  1.055203057160871e+00  2.774143587102369e-03  1.055203057160871e+00  1.154604116394246e+00  1.055203057160871e+00  1.982915080219567e-01  1.055203057160871e+00  8.908448881647543e-04 
 1.059203057160871e+00  1.049159019138885e+00  1.059203057160871e+00  1.560036983006035e+00  1.059203057160871e+00  3.979133742163757e-01  1.059203057160871e+00  3.156679125933623e-01  1.059203057160871e+00  2.777260907108735e-03  1.059203057160871e+00  1.155966935349288e+00  1.059203057160871e+00  1.980179090216959e-01  1.059203057160871e+00  8.875909399926823e-04 
 1.063203057160871e+00  1.048318104886421e+00  1.063203057160871e+00  1.560915119305641e+00  1.063203057160871e+00  3.967288288806829e-01  1.063203057160871e+00  3.158929766994883e-01  1.063203057160871e+00  2.780371337066723e-03  1.063203057160871e+00  1.157328363151028e+00  1.063203057160871e+00  1.977442061914235e-01  1.063203057160871e+00  8.843428215973700e-04 
 1.067203057160871e+00  1.047479070704182e+00  1.067203057160871e+00  1.561791664654607e+00  1.067203057160871e+00  3.955481059512423e-01  1.067203057160871e+00  3.161186285790490e-01  1.067203057160871e+00  2.783474812895017e-03  1.067203057160871e+00  1.158688389918135e+00  1.067203057160871e+00  1.974704037704650e-01  1.067203057160871e+00  8.811005877208495e-04 
 1.071203057160871e+00  1.046641933869290e+00  1.071203057160871e+00  1.562666604332469e+00  1.071203057160871e+00  3.943712438341065e-01  1.071203057160871e+00  3.163448751391336e-01  1.071203057160871e+00  2.786571270687829e-03  1.071203057160871e+00  1.160047005845738e+00  1.071203057160871e+00  1.971965060151638e-01  1.071203057160871e+00  8.778642928091656e-04 
 1.075203057160872e+00  1.045806711588667e+00  1.075203057160872e+00  1.563539923669825e+00  1.075203057160872e+00  3.931982808091207e-01  1.075203057160872e+00  3.165717232354810e-01  1.075203057160872e+00  2.789660646799041e-03  1.075203057160872e+00  1.161404201190003e+00  1.075203057160872e+00  1.969225172077539e-01  1.075203057160872e+00  8.746339911194793e-04 
 1.079203057160872e+00  1.044973420998123e+00  1.079203057160872e+00  1.564411608094364e+00  1.079203057160872e+00  3.920292550088748e-01  1.079203057160872e+00  3.167991796645215e-01  1.079203057160872e+00  2.792742877845569e-03  1.079203057160872e+00  1.162759966293528e+00  1.079203057160872e+00  1.966484416426157e-01  1.079203057160872e+00  8.714097365498007e-04 
 1.083203057160872e+00  1.044142079134956e+00  1.083203057160872e+00  1.565281643088792e+00  1.083203057160872e+00  3.908642043835755e-01  1.083203057160872e+00  3.170272511603799e-01  1.083203057160872e+00  2.795817900808706e-03  1.083203057160872e+00  1.164114291562787e+00  1.083203057160872e+00  1.963742836391175e-01  1.083203057160872e+00  8.681915827946486e-04 
 1.087203057160872e+00  1.043312702951718e+00  1.087203057160872e+00  1.566150014288351e+00  1.087203057160872e+00  3.897031666863654e-01  1.087203057160872e+00  3.172559443836943e-01  1.087203057160872e+00  2.798885652983230e-03  1.087203057160872e+00  1.165467167521329e+00  1.087203057160872e+00  1.961000475121110e-01  1.087203057160872e+00  8.649795829842918e-04 
 1.091203057160872e+00  1.042485309272674e+00  1.091203057160872e+00  1.567016707386766e+00  1.091203057160872e+00  3.885461794290018e-01  1.091203057160872e+00  3.174852659214377e-01  1.091203057160872e+00  2.801946072138423e-03  1.091203057160872e+00  1.166818584758992e+00  1.091203057160872e+00  1.958257376005015e-01  1.091203057160872e+00  8.617737900326953e-04 
 1.095203057160872e+00  1.041659914805016e+00  1.095203057160872e+00  1.567881708227141e+00  1.095203057160872e+00  3.873932798649057e-01  1.095203057160872e+00  3.177152222759186e-01  1.095203057160872e+00  2.804999096476598e-03  1.095203057160872e+00  1.168168533981381e+00  1.095203057160872e+00  1.955513582396209e-01  1.095203057160872e+00  8.585742563012298e-04 
 1.099203057160872e+00  1.040836536119666e+00  1.099203057160872e+00  1.568745002791652e+00  1.099203057160872e+00  3.862445049562926e-01  1.099203057160872e+00  3.179458198595713e-01  1.099203057160872e+00  2.808044664704120e-03  1.099203057160872e+00  1.169517006004400e+00  1.099203057160872e+00  1.952769137642604e-01  1.099203057160872e+00  8.553810336369080e-04 
 1.103203057160872e+00  1.040015189629985e+00  1.103203057160872e+00  1.569606577185001e+00  1.103203057160872e+00  3.850998913399383e-01  1.103203057160872e+00  3.181770649900569e-01  1.103203057160872e+00  2.811082716110132e-03  1.103203057160872e+00  1.170863991745444e+00  1.103203057160872e+00  1.950024085136451e-01  1.103203057160872e+00  8.521941734334695e-04 
 1.107203057160872e+00  1.039195891590330e+00  1.107203057160872e+00  1.570466417685167e+00  1.107203057160872e+00  3.839594753025327e-01  1.107203057160872e+00  3.184089638813574e-01  1.107203057160872e+00  2.814113190571964e-03  1.107203057160872e+00  1.172209482250885e+00  1.107203057160872e+00  1.947278468157614e-01  1.107203057160872e+00  8.490137264437424e-04 
 1.111203057160872e+00  1.038378658076728e+00  1.111203057160872e+00  1.571324510734905e+00  1.111203057160872e+00  3.828232927467303e-01  1.111203057160872e+00  3.186415226382933e-01  1.111203057160872e+00  2.817136028626514e-03  1.111203057160872e+00  1.173553468691495e+00  1.111203057160872e+00  1.944532329897511e-01  1.111203057160872e+00  8.458397428110523e-04 
 1.115203057160872e+00  1.037563504967343e+00  1.115203057160872e+00  1.572180842932926e+00  1.115203057160872e+00  3.816913791568775e-01  1.115203057160872e+00  3.188747472510370e-01  1.115203057160872e+00  2.820151171542553e-03  1.115203057160872e+00  1.174895942357728e+00  1.115203057160872e+00  1.941785713484361e-01  1.115203057160872e+00  8.426722721018518e-04 
 1.119203057160872e+00  1.036750447948312e+00  1.119203057160872e+00  1.573035401110713e+00  1.119203057160872e+00  3.805637695770843e-01  1.119203057160872e+00  3.191086435845325e-01  1.119203057160872e+00  2.823158561299173e-03  1.119203057160872e+00  1.176236894700947e+00  1.119203057160872e+00  1.939038661743217e-01  1.119203057160872e+00  8.395113630216053e-04 
 1.123203057160872e+00  1.035939502478159e+00  1.123203057160872e+00  1.573888172270566e+00  1.123203057160872e+00  3.794404985685640e-01  1.123203057160872e+00  3.193432173761092e-01  1.123203057160872e+00  2.826158140717332e-03  1.123203057160872e+00  1.177576317300018e+00  1.123203057160872e+00  1.936291217383969e-01  1.123203057160872e+00  8.363570636439141e-04 
 1.127203057160872e+00  1.035130683783265e+00  1.127203057160872e+00  1.574739143628101e+00  1.127203057160872e+00  3.783216001822706e-01  1.127203057160872e+00  3.195784742269320e-01  1.127203057160872e+00  2.829149853476672e-03  1.127203057160872e+00  1.178914201884035e+00  1.127203057160872e+00  1.933543422866579e-01  1.127203057160872e+00  8.332094212533650e-04 
 1.131203057160872e+00  1.034324006849429e+00  1.131203057160872e+00  1.575588302641643e+00  1.131203057160872e+00  3.772071079294652e-01  1.131203057160872e+00  3.198144195942207e-01  1.131203057160872e+00  2.832133644146720e-03  1.131203057160872e+00  1.180250540347816e+00  1.131203057160872e+00  1.930795320305298e-01  1.131203057160872e+00  8.300684822367787e-04 
 1.135203057160872e+00  1.033519486400479e+00  1.135203057160872e+00  1.576435636997987e+00  1.135203057160872e+00  3.760970547459225e-01  1.135203057160872e+00  3.200510587861023e-01  1.135203057160872e+00  2.835109458266011e-03  1.135203057160872e+00  1.181585324744037e+00  1.135203057160872e+00  1.928046951508137e-01  1.135203057160872e+00  8.269342921358820e-04 
 1.139203057160872e+00  1.032717136888015e+00  1.139203057160872e+00  1.577281134635458e+00  1.139203057160872e+00  3.749914729616424e-01  1.139203057160872e+00  3.202883969542947e-01  1.139203057160872e+00  2.838077242379969e-03  1.139203057160872e+00  1.182918547295264e+00  1.139203057160872e+00  1.925298357899900e-01  1.139203057160872e+00  8.238068955620379e-04 
 1.143203057160872e+00  1.031916972476535e+00  1.143203057160872e+00  1.578124783750900e+00  1.143203057160872e+00  3.738903942684149e-01  1.143203057160872e+00  3.205264390878099e-01  1.143203057160872e+00  2.841036944096035e-03  1.143203057160872e+00  1.184250200397336e+00  1.143203057160872e+00  1.922549580494616e-01  1.143203057160872e+00  8.206863361703690e-04 
 1.147203057160872e+00  1.031119007029588e+00  1.147203057160872e+00  1.578966572809821e+00  1.147203057160872e+00  3.727938496880446e-01  1.147203057160872e+00  3.207651900065516e-01  1.147203057160872e+00  2.843988512134772e-03  1.147203057160872e+00  1.185580276624363e+00  1.147203057160872e+00  1.919800659857667e-01  1.147203057160872e+00  8.175726566222385e-04 
 1.151203057160872e+00  1.030323254100334e+00  1.151203057160872e+00  1.579806490570344e+00  1.151203057160872e+00  3.717018695429534e-01  1.151203057160872e+00  3.210046543541623e-01  1.151203057160872e+00  2.846931896364826e-03  1.151203057160872e+00  1.186908768741031e+00  1.151203057160872e+00  1.917051636023768e-01  1.151203057160872e+00  8.144658984966429e-04 
 1.155203057160872e+00  1.029529726914696e+00  1.155203057160872e+00  1.580644526081850e+00  1.155203057160872e+00  3.706144834234745e-01  1.155203057160872e+00  3.212448365925310e-01  1.155203057160872e+00  2.849867047865304e-03  1.155203057160872e+00  1.188235669701335e+00  1.155203057160872e+00  1.914302548493990e-01  1.155203057160872e+00  8.113661022952786e-04 
 1.159203057160872e+00  1.028738438359681e+00  1.159203057160872e+00  1.581480668699601e+00  1.159203057160872e+00  3.695317201580430e-01  1.159203057160872e+00  3.214857409954383e-01  1.159203057160872e+00  2.852793918968870e-03  1.159203057160872e+00  1.189560972655800e+00  1.159203057160872e+00  1.911553436181930e-01  1.159203057160872e+00  8.082733073884109e-04 
 1.163203057160872e+00  1.027949400969650e+00  1.163203057160872e+00  1.582314908091720e+00  1.163203057160872e+00  3.684536077828245e-01  1.163203057160872e+00  3.217273716428383e-01  1.163203057160872e+00  2.855712463312579e-03  1.163203057160872e+00  1.190884670954553e+00  1.163203057160872e+00  1.908804337383536e-01  1.163203057160872e+00  8.051875519890734e-04 
 1.167203057160872e+00  1.027162626917610e+00  1.167203057160872e+00  1.583147234261389e+00  1.167203057160872e+00  3.673801735142253e-01  1.167203057160872e+00  3.219697324143527e-01  1.167203057160872e+00  2.858622635870111e-03  1.167203057160872e+00  1.192206758158399e+00  1.167203057160872e+00  1.906055289697945e-01  1.167203057160872e+00  8.021088730709538e-04 
 1.171203057160872e+00  1.026378127993644e+00  1.171203057160872e+00  1.583977637524817e+00  1.171203057160872e+00  3.663114437159285e-01  1.171203057160872e+00  3.222128269856707e-01  1.171203057160872e+00  2.861524393031520e-03  1.171203057160872e+00  1.193527228026466e+00  1.171203057160872e+00  1.903306330088609e-01  1.171203057160872e+00  7.990373064498996e-04 
 1.175203057160872e+00  1.025595915613165e+00  1.175203057160872e+00  1.584806108587128e+00  1.175203057160872e+00  3.652474438805807e-01  1.175203057160872e+00  3.224566588191037e-01  1.175203057160872e+00  2.864417692572719e-03  1.175203057160872e+00  1.194846074555453e+00  1.175203057160872e+00  1.900557494631590e-01  1.175203057160872e+00  7.959728865031937e-04 
 1.179203057160872e+00  1.024816000781324e+00  1.179203057160872e+00  1.585632638470159e+00  1.179203057160872e+00  3.641881985916048e-01  1.179203057160872e+00  3.227012311634950e-01  1.179203057160872e+00  2.867302493787115e-03  1.179203057160872e+00  1.196163291940715e+00  1.179203057160872e+00  1.897808818735886e-01  1.179203057160872e+00  7.929156464366749e-04 
 1.183203057160872e+00  1.024038394100239e+00  1.183203057160872e+00  1.586457218581217e+00  1.183203057160872e+00  3.631337315058890e-01  1.183203057160872e+00  3.229465470456390e-01  1.183203057160872e+00  2.870178757458880e-03  1.183203057160872e+00  1.197478874611601e+00  1.183203057160872e+00  1.895060336913121e-01  1.183203057160872e+00  7.898656180303344e-04 
 1.187203057160872e+00  1.023263105750351e+00  1.187203057160872e+00  1.587279840693644e+00  1.187203057160872e+00  3.620840653251893e-01  1.187203057160872e+00  3.231926092674139e-01  1.187203057160872e+00  2.873046445931932e-03  1.187203057160872e+00  1.198792817220271e+00  1.187203057160872e+00  1.892312082828631e-01  1.187203057160872e+00  7.868228317102865e-04 
 1.191203057160872e+00  1.022490145486002e+00  1.191203057160872e+00  1.588100496972420e+00  1.191203057160872e+00  3.610392217750653e-01  1.191203057160872e+00  3.234394204003533e-01  1.191203057160872e+00  2.875905523126256e-03  1.191203057160872e+00  1.200105114654119e+00  1.191203057160872e+00  1.889564089207568e-01  1.191203057160872e+00  7.837873164540107e-04 
 1.195203057160872e+00  1.021719522617379e+00  1.195203057160872e+00  1.588919179952189e+00  1.195203057160872e+00  3.599992215785170e-01  1.195203057160872e+00  3.236869827834786e-01  1.195203057160872e+00  2.878755954604719e-03  1.195203057160872e+00  1.201415762023232e+00  1.195203057160872e+00  1.886816387893945e-01  1.195203057160872e+00  7.807590998716380e-04 
 1.199203057160872e+00  1.020951246010005e+00  1.199203057160872e+00  1.589735882571200e+00  1.199203057160872e+00  3.589640844387213e-01  1.199203057160872e+00  3.239352985179021e-01  1.199203057160872e+00  2.881597707574910e-03  1.199203057160872e+00  1.202724754677061e+00  1.199203057160872e+00  1.884069009728936e-01  1.199203057160872e+00  7.777382080804444e-04 
 1.203203057160872e+00  1.020185324082700e+00  1.203203057160872e+00  1.590550598197808e+00  1.203203057160872e+00  3.579338290220742e-01  1.203203057160872e+00  3.241843694621873e-01  1.203203057160872e+00  2.884430750896762e-03  1.203203057160872e+00  1.204032088217060e+00  1.203203057160872e+00  1.881321984451638e-01  1.203203057160872e+00  7.747246656067933e-04 
 1.207203057160872e+00  1.019421764778314e+00  1.207203057160872e+00  1.591363320563196e+00  1.207203057160872e+00  3.569084729300493e-01  1.207203057160872e+00  3.244341972339180e-01  1.207203057160872e+00  2.887255055190720e-03  1.207203057160872e+00  1.205337758460405e+00  1.207203057160872e+00  1.878575340904596e-01  1.207203057160872e+00  7.717184956349825e-04 
 1.211203057160872e+00  1.018660575580649e+00  1.211203057160872e+00  1.592174043845687e+00  1.211203057160872e+00  3.558880326932353e-01  1.211203057160872e+00  3.246847832020364e-01  1.211203057160872e+00  2.890070592775198e-03  1.211203057160872e+00  1.206641761482703e+00  1.211203057160872e+00  1.875829106746360e-01  1.211203057160872e+00  7.687197196954314e-04 
 1.215203057160872e+00  1.017901763498305e+00  1.215203057160872e+00  1.592982762641652e+00  1.215203057160872e+00  3.548725237515301e-01  1.215203057160872e+00  3.249361284866490e-01  1.215203057160872e+00  2.892877337726333e-03  1.215203057160872e+00  1.207944093601493e+00  1.215203057160872e+00  1.873083308531830e-01  1.215203057160872e+00  7.657283577722452e-04 
 1.219203057160872e+00  1.017145335051498e+00  1.219203057160872e+00  1.593789471943508e+00  1.219203057160872e+00  3.538619604371136e-01  1.219203057160872e+00  3.251882339587494e-01  1.219203057160872e+00  2.895675265926716e-03  1.219203057160872e+00  1.209244751363541e+00  1.219203057160872e+00  1.870337971770517e-01  1.219203057160872e+00  7.627444283845951e-04 
 1.223203057160872e+00  1.016391296286245e+00  1.223203057160872e+00  1.594594167205836e+00  1.223203057160872e+00  3.528563559708908e-01  1.223203057160872e+00  3.254411002346461e-01  1.223203057160872e+00  2.898464355012925e-03  1.223203057160872e+00  1.210543731577720e+00  1.223203057160872e+00  1.867593120695359e-01  1.223203057160872e+00  7.597679483421994e-04 
 1.227203057160872e+00  1.015639652752175e+00  1.227203057160872e+00  1.595396844287277e+00  1.227203057160872e+00  3.518557224440978e-01  1.227203057160872e+00  3.256947276786780e-01  1.227203057160872e+00  2.901244584457641e-03  1.227203057160872e+00  1.211841031283488e+00  1.227203057160872e+00  1.864848778438511e-01  1.227203057160872e+00  7.567989329602052e-04 
 1.231203057160872e+00  1.014890409509643e+00  1.231203057160872e+00  1.596197499486873e+00  1.231203057160872e+00  3.508600708143091e-01  1.231203057160872e+00  3.259491164002331e-01  1.231203057160872e+00  2.904015935543263e-03  1.231203057160872e+00  1.213136647768253e+00  1.231203057160872e+00  1.862104966897044e-01  1.231203057160872e+00  7.538373959247696e-04 
 1.235203057160872e+00  1.014143571129215e+00  1.235203057160872e+00  1.596996129551738e+00  1.235203057160872e+00  3.498694108994217e-01  1.235203057160872e+00  3.262042662529389e-01  1.235203057160872e+00  2.906778391363903e-03  1.235203057160872e+00  1.214430578569774e+00  1.235203057160872e+00  1.859361706691970e-01  1.235203057160872e+00  7.508833492647236e-04 
 1.239203057160872e+00  1.013399141677039e+00  1.239203057160872e+00  1.597792731634752e+00  1.239203057160872e+00  3.488837513669173e-01  1.239203057160872e+00  3.264601768374608e-01  1.239203057160872e+00  2.909531936879415e-03  1.239203057160872e+00  1.215722821452871e+00  1.239203057160872e+00  1.856619017292876e-01  1.239203057160872e+00  7.479368035080129e-04 
 1.243203057160872e+00  1.012657124732546e+00  1.243203057160872e+00  1.598587303356391e+00  1.243203057160872e+00  3.479030997386595e-01  1.243203057160872e+00  3.267168474978880e-01  1.243203057160872e+00  2.912276558849958e-03  1.243203057160872e+00  1.217013374439652e+00  1.243203057160872e+00  1.853876916797261e-01  1.243203057160872e+00  7.449977674530000e-04 
 1.247203057160872e+00  1.011917523368502e+00  1.247203057160872e+00  1.599379842738283e+00  1.247203057160872e+00  3.469274623807566e-01  1.247203057160872e+00  3.269742773268177e-01  1.247203057160872e+00  2.915012245909790e-03  1.247203057160872e+00  1.218302235773804e+00  1.247203057160872e+00  1.851135422135502e-01  1.247203057160872e+00  7.420662484142854e-04 
 1.251203057160872e+00  1.011180340168908e+00  1.251203057160872e+00  1.600170348259288e+00  1.251203057160872e+00  3.459568445112553e-01  1.251203057160872e+00  3.272324651628001e-01  1.251203057160872e+00  2.917738988501035e-03  1.251203057160872e+00  1.219589403947737e+00  1.251203057160872e+00  1.848394548868248e-01  1.251203057160872e+00  7.391422520152067e-04 
 1.255203057160872e+00  1.010445577222431e+00  1.255203057160872e+00  1.600958818827129e+00  1.255203057160872e+00  3.449912501986836e-01  1.255203057160872e+00  3.274914095936354e-01  1.255203057160872e+00  2.920456778897990e-03  1.255203057160872e+00  1.220874877686376e+00  1.255203057160872e+00  1.845654311264665e-01  1.255203057160872e+00  7.362257822928146e-04 
 1.259203057160872e+00  1.009713236124067e+00  1.259203057160872e+00  1.601745253774183e+00  1.259203057160872e+00  3.440306823655828e-01  1.259203057160872e+00  3.277511089584402e-01  1.259203057160872e+00  2.923165611200985e-03  1.259203057160872e+00  1.222158655943363e+00  1.259203057160872e+00  1.842914722300478e-01  1.259203057160872e+00  7.333168417134276e-04 
 1.263203057160872e+00  1.008983317980807e+00  1.263203057160872e+00  1.602529652863466e+00  1.263203057160872e+00  3.430751427951546e-01  1.263203057160872e+00  3.280115613493707e-01  1.263203057160872e+00  2.925865481315410e-03  1.263203057160872e+00  1.223440737902420e+00  1.263203057160872e+00  1.840175793621675e-01  1.263203057160872e+00  7.304154311504946e-04 
 1.267203057160872e+00  1.008255823411763e+00  1.267203057160872e+00  1.603312016273261e+00  1.267203057160872e+00  3.421246321369287e-01  1.267203057160872e+00  3.282727646150880e-01  1.267203057160872e+00  2.928556386951256e-03  1.267203057160872e+00  1.224721122967819e+00  1.267203057160872e+00  1.837437535580005e-01  1.267203057160872e+00  7.275215499414695e-04 
 1.271203057160872e+00  1.007530752554791e+00  1.271203057160872e+00  1.604092344600153e+00  1.271203057160872e+00  3.411791499165708e-01  1.271203057160872e+00  3.285347163633075e-01  1.271203057160872e+00  2.931238327598621e-03  1.271203057160872e+00  1.225999810764231e+00  1.271203057160872e+00  1.834699957206609e-01  1.271203057160872e+00  7.246351958765687e-04 
 1.275203057160872e+00  1.006808105078351e+00  1.275203057160872e+00  1.604870638876820e+00  1.275203057160872e+00  3.402386945491147e-01  1.275203057160872e+00  3.287974139626803e-01  1.275203057160872e+00  2.933911304483814e-03  1.275203057160872e+00  1.227276801143972e+00  1.275203057160872e+00  1.831963066135203e-01  1.275203057160872e+00  7.217563651329610e-04 
 1.279203057160872e+00  1.006087880173602e+00  1.279203057160872e+00  1.605646900521150e+00  1.279203057160872e+00  3.393032633453282e-01  1.279203057160872e+00  3.290608545495294e-01  1.279203057160872e+00  2.936575320598626e-03  1.279203057160872e+00  1.228552094159486e+00  1.279203057160872e+00  1.829226868758204e-01  1.279203057160872e+00  7.188850524629943e-04 
 1.283203057160872e+00  1.005370076570072e+00  1.283203057160872e+00  1.606421131361015e+00  1.283203057160872e+00  3.383728525291023e-01  1.283203057160872e+00  3.293250350298398e-01  1.283203057160872e+00  2.939230380642392e-03  1.283203057160872e+00  1.229825690074162e+00  1.283203057160872e+00  1.826491370126767e-01  1.283203057160872e+00  7.160212511025483e-04 
 1.287203057160872e+00  1.004654692539257e+00  1.287203057160872e+00  1.607193333616473e+00  1.287203057160872e+00  3.374474572510571e-01  1.287203057160872e+00  3.295899520843539e-01  1.287203057160872e+00  2.941876491008603e-03  1.287203057160872e+00  1.231097589351590e+00  1.287203057160872e+00  1.823756573995218e-01  1.287203057160872e+00  7.131649528368762e-04 
 1.291203057160872e+00  1.003941725905292e+00  1.291203057160872e+00  1.607963509902722e+00  1.291203057160872e+00  3.365270716061980e-01  1.291203057160872e+00  3.298556021725195e-01  1.291203057160872e+00  2.944513659745502e-03  1.291203057160872e+00  1.232367792655293e+00  1.291203057160872e+00  1.821022482794968e-01  1.291203057160872e+00  7.103161479896736e-04 
 1.295203057160872e+00  1.003231174053643e+00  1.295203057160872e+00  1.608731663224365e+00  1.295203057160872e+00  3.356116886518373e-01  1.295203057160872e+00  3.301219815372705e-01  1.295203057160872e+00  2.947141896523905e-03  1.295203057160872e+00  1.233636300844062e+00  1.295203057160872e+00  1.818289097638014e-01  1.295203057160872e+00  7.074748254443109e-04 
 1.299203057160872e+00  1.002523033932376e+00  1.299203057160872e+00  1.609497796942724e+00  1.299203057160872e+00  3.347013004236132e-01  1.299203057160872e+00  3.303890862118557e-01  1.299203057160872e+00  2.949761212632492e-03  1.299203057160872e+00  1.234903114953809e+00  1.299203057160872e+00  1.815556418413449e-01  1.299203057160872e+00  7.046409727646887e-04 
 1.303203057160872e+00  1.001817302067392e+00  1.303203057160872e+00  1.610261914787261e+00  1.303203057160872e+00  3.337958979581378e-01  1.303203057160872e+00  3.306569120238884e-01  1.303203057160872e+00  2.952371620921517e-03  1.303203057160872e+00  1.236168236201582e+00  1.303203057160872e+00  1.812824443733045e-01  1.303203057160872e+00  7.018145761530214e-04 
 1.307203057160872e+00  1.001113974578219e+00  1.307203057160872e+00  1.611024020867129e+00  1.307203057160872e+00  3.328954713167187e-01  1.307203057160872e+00  3.309254545995676e-01  1.307203057160872e+00  2.954973135744327e-03  1.307203057160872e+00  1.237431665989565e+00  1.307203057160872e+00  1.810093170875675e-01  1.307203057160872e+00  6.989956204071488e-04 
 1.311203057160872e+00  1.000413047168842e+00  1.311203057160872e+00  1.611784119598036e+00  1.311203057160872e+00  3.320000096000658e-01  1.311203057160872e+00  3.311947093738631e-01  1.311203057160872e+00  2.957565772991290e-03  1.311203057160872e+00  1.238693405866844e+00  1.311203057160872e+00  1.807362596025009e-01  1.311203057160872e+00  6.961840891909833e-04 
 1.315203057160872e+00  9.997145151648773e-01  1.315203057160872e+00  1.612542215780894e+00  1.315203057160872e+00  3.311095009821607e-01  1.315203057160872e+00  3.314646715904641e-01  1.315203057160872e+00  2.960149549952355e-03  1.315203057160872e+00  1.239953457566918e+00  1.315203057160872e+00  1.804632713982446e-01  1.315203057160872e+00  6.933799647436624e-04 
 1.319203057160872e+00  9.990183734995993e-01  1.319203057160872e+00  1.613298314509843e+00  1.319203057160872e+00  3.302239327246356e-01  1.319203057160872e+00  3.317353363135827e-01  1.319203057160872e+00  2.962724485368655e-03  1.319203057160872e+00  1.241211822960188e+00  1.319203057160872e+00  1.801903518471274e-01  1.319203057160872e+00  6.905832282197316e-04 
 1.323203057160872e+00  9.983246167381522e-01  1.323203057160872e+00  1.614052421205100e+00  1.323203057160872e+00  3.293432912069056e-01  1.323203057160872e+00  3.320066984313026e-01  1.323203057160872e+00  2.965290599342998e-03  1.323203057160872e+00  1.242468504068659e+00  1.323203057160872e+00  1.799175002008686e-01  1.323203057160872e+00  6.877938595676079e-04 
 1.327203057160872e+00  9.976332390902420e-01  1.327203057160872e+00  1.614804541606492e+00  1.327203057160872e+00  3.284675619522983e-01  1.327203057160872e+00  3.322787526617249e-01  1.327203057160872e+00  2.967847913292912e-03  1.327203057160872e+00  1.243723503061041e+00  1.327203057160872e+00  1.796447155913926e-01  1.327203057160872e+00  6.850118375535772e-04 
 1.331203057160872e+00  9.969442344146261e-01  1.331203057160872e+00  1.615554681738913e+00  1.331203057160872e+00  3.275967296515810e-01  1.331203057160872e+00  3.325514935611618e-01  1.331203057160872e+00  2.970396449934023e-03  1.331203057160872e+00  1.244976822233999e+00  1.331203057160872e+00  1.793719970415202e-01  1.331203057160872e+00  6.822371398894879e-04 
 1.335203057160872e+00  9.962575962397852e-01  1.335203057160872e+00  1.616302847930315e+00  1.335203057160872e+00  3.267307781931623e-01  1.335203057160872e+00  3.328249155287554e-01  1.335203057160872e+00  2.972936233203632e-03  1.335203057160872e+00  1.246228464019429e+00  1.335203057160872e+00  1.790993434573182e-01  1.335203057160872e+00  6.794697431662571e-04 
 1.339203057160872e+00  9.955733177648003e-01  1.339203057160872e+00  1.617049046763464e+00  1.339203057160872e+00  3.258696906861368e-01  1.339203057160872e+00  3.330990128157629e-01  1.339203057160872e+00  2.975467288257440e-03  1.339203057160872e+00  1.247478430959081e+00  1.339203057160872e+00  1.788267536437363e-01  1.339203057160872e+00  6.767096230322886e-04 
 1.343203057160872e+00  9.948913918827235e-01  1.343203057160872e+00  1.617793285101543e+00  1.343203057160872e+00  3.250134494922167e-01  1.343203057160872e+00  3.333737795297348e-01  1.343203057160872e+00  2.977989641383091e-03  1.343203057160872e+00  1.248726725715607e+00  1.343203057160872e+00  1.785542262943335e-01  1.343203057160872e+00  6.739567540988129e-04 
 1.347203057160872e+00  9.942118111878574e-01  1.347203057160872e+00  1.618535570059989e+00  1.347203057160872e+00  3.241620362517967e-01  1.347203057160872e+00  3.336492096424659e-01  1.347203057160872e+00  2.980503319973277e-03  1.347203057160872e+00  1.249973351057154e+00  1.347203057160872e+00  1.782817599999337e-01  1.347203057160872e+00  6.712111100439846e-04 
 1.351203057160872e+00  9.935345679892874e-01  1.351203057160872e+00  1.619275908998693e+00  1.351203057160872e+00  3.233154319125850e-01  1.351203057160872e+00  3.339252969965369e-01  1.351203057160872e+00  2.983008352475664e-03  1.351203057160872e+00  1.251218309852026e+00  1.351203057160872e+00  1.780093532501834e-01  1.351203057160872e+00  6.684726636418159e-04 
 1.355203057160872e+00  9.928596543172811e-01  1.355203057160872e+00  1.620014309490591e+00  1.355203057160872e+00  3.224736167557429e-01  1.355203057160872e+00  3.342020353135290e-01  1.355203057160872e+00  2.985504768369227e-03  1.355203057160872e+00  1.252461605051876e+00  1.355203057160872e+00  1.777370044435472e-01  1.355203057160872e+00  6.657413868783092e-04 
 1.359203057160872e+00  9.921870619521300e-01  1.359203057160872e+00  1.620750779363980e+00  1.359203057160872e+00  3.216365704303787e-01  1.359203057160872e+00  3.344794181969780e-01  1.359203057160872e+00  2.987992598057572e-03  1.359203057160872e+00  1.253703239710870e+00  1.359203057160872e+00  1.774647118710975e-01  1.359203057160872e+00  6.630172507949482e-04 
 1.363203057160872e+00  9.915167824154710e-01  1.363203057160872e+00  1.621485326621392e+00  1.363203057160872e+00  3.208042719741934e-01  1.363203057160872e+00  3.347574391440700e-01  1.363203057160872e+00  2.990471872901049e-03  1.363203057160872e+00  1.254943216944732e+00  1.363203057160872e+00  1.771924737443155e-01  1.363203057160872e+00  6.603002257887629e-04 
 1.367203057160872e+00  9.908488070044693e-01  1.367203057160872e+00  1.622217959499765e+00  1.367203057160872e+00  3.199766998498677e-01  1.367203057160872e+00  3.350360915472299e-01  1.367203057160872e+00  2.992942625090258e-03  1.367203057160872e+00  1.256181539958613e+00  1.367203057160872e+00  1.769202881725404e-01  1.367203057160872e+00  6.575902813897929e-04 
 1.371203057160872e+00  9.901831267837954e-01  1.371203057160872e+00  1.622948686392047e+00  1.371203057160872e+00  3.191538319658744e-01  1.371203057160872e+00  3.353153687055552e-01  1.371203057160872e+00  2.995404887675815e-03  1.371203057160872e+00  1.257418212007666e+00  1.371203057160872e+00  1.766481531899962e-01  1.371203057160872e+00  6.548873865510325e-04 
 1.375203057160872e+00  9.895197326118017e-01  1.375203057160872e+00  1.623677515881594e+00  1.375203057160872e+00  3.183356457096634e-01  1.375203057160872e+00  3.355952638280953e-01  1.375203057160872e+00  2.997858694471446e-03  1.375203057160872e+00  1.258653236412423e+00  1.375203057160872e+00  1.763760667424978e-01  1.375203057160872e+00  6.521915095212212e-04 
 1.379203057160872e+00  9.888586151507410e-01  1.379203057160872e+00  1.624404456724653e+00  1.379203057160872e+00  3.175221179747506e-01  1.379203057160872e+00  3.358757700407794e-01  1.379203057160872e+00  3.000304080016248e-03  1.379203057160872e+00  1.259886616548976e+00  1.379203057160872e+00  1.761040266927526e-01  1.379203057160872e+00  6.495026179096068e-04 
 1.383203057160872e+00  9.881997648757658e-01  1.383203057160872e+00  1.625129517829496e+00  1.383203057160872e+00  3.167132251872021e-01  1.383203057160872e+00  3.361568803934935e-01  1.383203057160872e+00  3.002741079541350e-03  1.383203057160872e+00  1.261118355837641e+00  1.383203057160872e+00  1.758320308269682e-01  1.383203057160872e+00  6.468206787631954e-04 
 1.387203057160872e+00  9.875431720820661e-01  1.387203057160872e+00  1.625852708230117e+00  1.387203057160872e+00  3.159089433311877e-01  1.387203057160872e+00  3.364385878674763e-01  1.387203057160872e+00  3.005169728943547e-03  1.387203057160872e+00  1.262348457729124e+00  1.387203057160872e+00  1.755600768635246e-01  1.387203057160872e+00  6.441456586639429e-04 
 1.391203057160872e+00  9.868888269129081e-01  1.391203057160872e+00  1.626574037129077e+00  1.391203057160872e+00  3.151092479815677e-01  1.391203057160872e+00  3.367208853775599e-01  1.391203057160872e+00  3.007590064681599e-03  1.391203057160872e+00  1.263576925723853e+00  1.391203057160872e+00  1.752881624365806e-01  1.391203057160872e+00  6.414775235703831e-04 
 1.395203057160872e+00  9.862367193532389e-01  1.395203057160872e+00  1.627293513828619e+00  1.395203057160872e+00  3.143141143239586e-01  1.395203057160872e+00  3.370037657824435e-01  1.395203057160872e+00  3.010002123799835e-03  1.395203057160872e+00  1.264803763337784e+00  1.395203057160872e+00  1.750162851202667e-01  1.395203057160872e+00  6.388162390723190e-04 
 1.399203057160872e+00  9.855868392499907e-01  1.399203057160872e+00  1.628011147749913e+00  1.399203057160872e+00  3.135235171838382e-01  1.399203057160872e+00  3.372872218884191e-01  1.399203057160872e+00  3.012405943853109e-03  1.399203057160872e+00  1.266028974110525e+00  1.399203057160872e+00  1.747444424209622e-01  1.399203057160872e+00  6.361617703197549e-04 
 1.403203057160872e+00  9.849391763224897e-01  1.403203057160872e+00  1.628726948421002e+00  1.403203057160872e+00  3.127374310517033e-01  1.403203057160872e+00  3.375712464552541e-01  1.403203057160872e+00  3.014801562868263e-03  1.403203057160872e+00  1.267252561598454e+00  1.403203057160872e+00  1.744726317809396e-01  1.403203057160872e+00  6.335140820673736e-04 
 1.407203057160872e+00  9.842937201759465e-01  1.407203057160872e+00  1.629440925475701e+00  1.407203057160872e+00  3.119558301088282e-01  1.407203057160872e+00  3.378558322011233e-01  1.407203057160872e+00  3.017189019294238e-03  1.407203057160872e+00  1.268474529373104e+00  1.407203057160872e+00  1.742008505780498e-01  1.407203057160872e+00  6.308731386786934e-04 
 1.411203057160872e+00  9.836504603031438e-01  1.411203057160872e+00  1.630153088615251e+00  1.411203057160872e+00  3.111786882485148e-01  1.411203057160872e+00  3.381409718101749e-01  1.411203057160872e+00  3.019568351995840e-03  1.411203057160872e+00  1.269694881001932e+00  1.411203057160872e+00  1.739290961391399e-01  1.411203057160872e+00  6.282389042678323e-04 
 1.415203057160872e+00  9.830093861069221e-01  1.415203057160872e+00  1.630863447638728e+00  1.415203057160872e+00  3.104059791039294e-01  1.415203057160872e+00  3.384266579348524e-01  1.415203057160872e+00  3.021939600170532e-03  1.415203057160872e+00  1.270913620061717e+00  1.415203057160872e+00  1.736573657282451e-01  1.415203057160872e+00  6.256113425871305e-04 
 1.419203057160872e+00  9.823704868956883e-01  1.419203057160872e+00  1.631572012386820e+00  1.419203057160872e+00  3.096376760662570e-01  1.419203057160872e+00  3.387128832045122e-01  1.419203057160872e+00  3.024302803365102e-03  1.419203057160872e+00  1.272130750111018e+00  1.419203057160872e+00  1.733856565667267e-01  1.419203057160872e+00  6.229904172349909e-04 
 1.423203057160872e+00  9.817337519079287e-01  1.423203057160872e+00  1.632278792781139e+00  1.423203057160872e+00  3.088737523121107e-01  1.423203057160872e+00  3.389996402267800e-01  1.423203057160872e+00  3.026658001384974e-03  1.423203057160872e+00  1.273346274707799e+00  1.423203057160872e+00  1.731139658182018e-01  1.423203057160872e+00  6.203760915105852e-04 
 1.427203057160872e+00  9.810991703132550e-01  1.427203057160872e+00  1.632983798788459e+00  1.427203057160872e+00  3.081141808224559e-01  1.427203057160872e+00  3.392869215943536e-01  1.427203057160872e+00  3.029005234290276e-03  1.427203057160872e+00  1.274560197391625e+00  1.427203057160872e+00  1.728422906012214e-01  1.427203057160872e+00  6.177683285460251e-04 
 1.431203057160872e+00  9.804667312230109e-01  1.431203057160872e+00  1.633687040417208e+00  1.431203057160872e+00  3.073589344042117e-01  1.431203057160872e+00  3.395747198892517e-01  1.431203057160872e+00  3.031344542356725e-03  1.431203057160872e+00  1.275772521681183e+00  1.431203057160872e+00  1.725706279901036e-01  1.431203057160872e+00  6.151670913194349e-04 
 1.435203057160872e+00  9.798364237031825e-01  1.435203057160872e+00  1.634388527722663e+00  1.435203057160872e+00  3.066079857119924e-01  1.435203057160872e+00  3.398630276862469e-01  1.435203057160872e+00  3.033675966027772e-03  1.435203057160872e+00  1.276983251075808e+00  1.435203057160872e+00  1.722989750125032e-01  1.435203057160872e+00  6.125723426356858e-04 
 1.439203057160872e+00  9.792082367699505e-01  1.439203057160872e+00  1.635088270757162e+00  1.439203057160872e+00  3.058613072635987e-01  1.439203057160872e+00  3.401518375603041e-01  1.439203057160872e+00  3.035999545931092e-03  1.439203057160872e+00  1.278192389031467e+00  1.439203057160872e+00  1.720273286676131e-01  1.439203057160872e+00  6.099840453105766e-04 
 1.443203057160872e+00  9.785821594195451e-01  1.443203057160872e+00  1.635786279632699e+00  1.443203057160872e+00  3.051188714661072e-01  1.443203057160872e+00  3.404411420853712e-01  1.443203057160872e+00  3.038315322768180e-03  1.443203057160872e+00  1.279399938989104e+00  1.443203057160872e+00  1.717556859023046e-01  1.443203057160872e+00  6.074021619392683e-04 
 1.447203057160872e+00  9.779581806179137e-01  1.447203057160872e+00  1.636482564454575e+00  1.447203057160872e+00  3.043806506282554e-01  1.447203057160872e+00  3.407309338427662e-01  1.447203057160872e+00  3.040623337352524e-03  1.447203057160872e+00  1.280605904342980e+00  1.447203057160872e+00  1.714840436356052e-01  1.447203057160872e+00  6.048266551417456e-04 
 1.451203057160872e+00  9.773362893115404e-01  1.451203057160872e+00  1.637177135324890e+00  1.451203057160872e+00  3.036466169791664e-01  1.451203057160872e+00  3.410212054241481e-01  1.451203057160872e+00  3.042923630569600e-03  1.451203057160872e+00  1.281810288441626e+00  1.451203057160872e+00  1.712123987571045e-01  1.451203057160872e+00  6.022574875498826e-04 
 1.455203057160872e+00  9.767164744449599e-01  1.455203057160872e+00  1.637870002368815e+00  1.455203057160872e+00  3.029167426885615e-01  1.455203057160872e+00  3.413119494325788e-01  1.455203057160872e+00  3.045216243312109e-03  1.455203057160872e+00  1.283013094599251e+00  1.455203057160872e+00  1.709407481166942e-01  1.455203057160872e+00  5.996946217102834e-04 
 1.459203057160872e+00  9.760987249583439e-01  1.459203057160872e+00  1.638561175697700e+00  1.459203057160872e+00  3.021909998799972e-01  1.459203057160872e+00  3.416031584882535e-01  1.459203057160872e+00  3.047501216488885e-03  1.459203057160872e+00  1.284214326077978e+00  1.459203057160872e+00  1.706690885381757e-01  1.459203057160872e+00  5.971380202206781e-04 
 1.463203057160872e+00  9.754830297927793e-01  1.463203057160872e+00  1.639250665398285e+00  1.463203057160872e+00  3.014693606460280e-01  1.463203057160872e+00  3.418948252321078e-01  1.463203057160872e+00  3.049778591005359e-03  1.463203057160872e+00  1.285413986082276e+00  1.463203057160872e+00  1.703974168231388e-01  1.463203057160872e+00  5.945876457699522e-04 
 1.467203057160872e+00  9.748693779054323e-01  1.467203057160872e+00  1.639938481555097e+00  1.467203057160872e+00  3.007517970658670e-01  1.467203057160872e+00  3.421869423267371e-01  1.467203057160872e+00  3.052048407707518e-03  1.467203057160872e+00  1.286612077768580e+00  1.467203057160872e+00  1.701257297421817e-01  1.467203057160872e+00  5.920434610551611e-04 
 1.471203057160872e+00  9.742577582724642e-01  1.471203057160872e+00  1.640624634234332e+00  1.471203057160872e+00  3.000382812185939e-01  1.471203057160872e+00  3.424795024601071e-01  1.471203057160872e+00  3.054310707371076e-03  1.471203057160872e+00  1.287808604237247e+00  1.471203057160872e+00  1.698540240407910e-01  1.471203057160872e+00  5.895054288412754e-04 
 1.475203057160872e+00  9.736481598871407e-01  1.475203057160872e+00  1.641309133453628e+00  1.475203057160872e+00  2.993287851943580e-01  1.475203057160872e+00  3.427724983502520e-01  1.475203057160872e+00  3.056565530708475e-03  1.475203057160872e+00  1.289003568518176e+00  1.475203057160872e+00  1.695822964507115e-01  1.475203057160872e+00  5.869735120729011e-04 
 1.479203057160872e+00  9.730405717767887e-01  1.479203057160872e+00  1.641991989213600e+00  1.479203057160872e+00  2.986232811108532e-01  1.479203057160872e+00  3.430659227450484e-01  1.479203057160872e+00  3.058812918306160e-03  1.479203057160872e+00  1.290196973584621e+00  1.479203057160872e+00  1.693105436777048e-01  1.479203057160872e+00  5.844476737576740e-04 
 1.483203057160872e+00  9.724349830016604e-01  1.483203057160872e+00  1.642673211472182e+00  1.483203057160872e+00  2.979217411236355e-01  1.483203057160872e+00  3.433597684262831e-01  1.483203057160872e+00  3.061052910628817e-03  1.483203057160872e+00  1.291388822340933e+00  1.483203057160872e+00  1.690387624112119e-01  1.483203057160872e+00  5.819278770611749e-04 
 1.487203057160872e+00  9.718313826629044e-01  1.487203057160872e+00  1.643352810149528e+00  1.487203057160872e+00  2.972241374387151e-01  1.487203057160872e+00  3.436540282112278e-01  1.487203057160872e+00  3.063285547989839e-03  1.487203057160872e+00  1.292579117624246e+00  1.487203057160872e+00  1.687669493223238e-01  1.487203057160872e+00  5.794140852887735e-04 
 1.491203057160872e+00  9.712297599027914e-01  1.491203057160872e+00  1.644030795108994e+00  1.491203057160872e+00  2.965304423222795e-01  1.491203057160872e+00  3.439486949559570e-01  1.491203057160872e+00  3.065510870550528e-03  1.491203057160872e+00  1.293767862195369e+00  1.491203057160872e+00  1.684951010710148e-01  1.491203057160872e+00  5.769062619560033e-04 
 1.495203057160872e+00  9.706301039178441e-01  1.495203057160872e+00  1.644707176180531e+00  1.495203057160872e+00  2.958406281137725e-01  1.495203057160872e+00  3.442437615552142e-01  1.495203057160872e+00  3.067728918271501e-03  1.495203057160872e+00  1.294955058748809e+00  1.495203057160872e+00  1.682232142969708e-01  1.495203057160872e+00  5.744043707020135e-04 
 1.499203057160872e+00  9.700324039539067e-01  1.499203057160872e+00  1.645381963127291e+00  1.499203057160872e+00  2.951546672330669e-01  1.499203057160872e+00  3.445392209466244e-01  1.499203057160872e+00  3.069939730930951e-03  1.499203057160872e+00  1.296140709897258e+00  1.499203057160872e+00  1.679512856324435e-01  1.499203057160872e+00  5.719083754131029e-04 
 1.503203057160872e+00  9.694366493110793e-01  1.503203057160872e+00  1.646055165644834e+00  1.503203057160872e+00  2.944725321901271e-01  1.503203057160872e+00  3.448350661122425e-01  1.503203057160872e+00  3.072143348106378e-03  1.503203057160872e+00  1.297324818170823e+00  1.503203057160872e+00  1.676793117025431e-01  1.503203057160872e+00  5.694182402256531e-04 
 1.507203057160872e+00  9.688428293592120e-01  1.507203057160872e+00  1.646726793394857e+00  1.507203057160872e+00  2.937941955972683e-01  1.507203057160872e+00  3.451312900772404e-01  1.507203057160872e+00  3.074339809117305e-03  1.507203057160872e+00  1.298507386031603e+00  1.507203057160872e+00  1.674072891119942e-01  1.507203057160872e+00  5.669339294013604e-04 
 1.511203057160872e+00  9.682509335280370e-01  1.511203057160872e+00  1.647396855959018e+00  1.511203057160872e+00  2.931196301734895e-01  1.511203057160872e+00  3.454278859148194e-01  1.511203057160872e+00  3.076529153061738e-03  1.511203057160872e+00  1.299688415852610e+00  1.511203057160872e+00  1.671352144631119e-01  1.511203057160872e+00  5.644554074980527e-04 
 1.515203057160872e+00  9.676609513126251e-01  1.515203057160872e+00  1.648065362842501e+00  1.515203057160872e+00  2.924488087529228e-01  1.515203057160872e+00  3.457248467470870e-01  1.515203057160872e+00  3.078711418796009e-03  1.515203057160872e+00  1.300867909919007e+00  1.515203057160872e+00  1.668630843544434e-01  1.515203057160872e+00  5.619826393565004e-04 
 1.519203057160872e+00  9.670728722835780e-01  1.519203057160872e+00  1.648732323493527e+00  1.519203057160872e+00  2.917817042941572e-01  1.519203057160872e+00  3.460221657445665e-01  1.519203057160872e+00  3.080886644897089e-03  1.519203057160872e+00  1.302045870436315e+00  1.519203057160872e+00  1.665908953730803e-01  1.519203057160872e+00  5.595155900282233e-04 
 1.523203057160872e+00  9.664866860871305e-01  1.523203057160872e+00  1.649397747291452e+00  1.523203057160872e+00  2.911182898862308e-01  1.523203057160872e+00  3.463198361280870e-01  1.523203057160872e+00  3.083054869662160e-03  1.523203057160872e+00  1.303222299524698e+00  1.523203057160872e+00  1.663186440993068e-01  1.523203057160872e+00  5.570542248195519e-04 
 1.527203057160872e+00  9.659023824409269e-01  1.527203057160872e+00  1.650061643522103e+00  1.527203057160872e+00  2.904585387530235e-01  1.527203057160872e+00  3.466178511716401e-01  1.527203057160872e+00  3.085216131124298e-03  1.527203057160872e+00  1.304397199207735e+00  1.527203057160872e+00  1.660463271163895e-01  1.527203057160872e+00  5.545985093828620e-04 
 1.531203057160872e+00  9.653199511482244e-01  1.531203057160872e+00  1.650724021412275e+00  1.531203057160872e+00  2.898024242624917e-01  1.531203057160872e+00  3.469162042003898e-01  1.531203057160872e+00  3.087370466999880e-03  1.531203057160872e+00  1.305570571427185e+00  1.531203057160872e+00  1.657739409969390e-01  1.531203057160872e+00  5.521484095889029e-04 
 1.535203057160872e+00  9.647393820888992e-01  1.535203057160872e+00  1.651384890091356e+00  1.535203057160872e+00  2.891499199289688e-01  1.535203057160872e+00  3.472148885944527e-01  1.535203057160872e+00  3.089517914721922e-03  1.535203057160872e+00  1.306742418025801e+00  1.535203057160872e+00  1.655014823181851e-01  1.535203057160872e+00  5.497038916688497e-04 
 1.539203057160872e+00  9.641606652316148e-01  1.539203057160872e+00  1.652044258620838e+00  1.539203057160872e+00  2.885009994210498e-01  1.539203057160872e+00  3.475138977871458e-01  1.539203057160872e+00  3.091658511394993e-03  1.539203057160872e+00  1.307912740759858e+00  1.539203057160872e+00  1.652289476502855e-01  1.539203057160872e+00  5.472649221050752e-04 
 1.543203057160872e+00  9.635837906292413e-01  1.543203057160872e+00  1.652702135971316e+00  1.543203057160872e+00  2.878556365644594e-01  1.543203057160872e+00  3.478132252673710e-01  1.543203057160872e+00  3.093792293812199e-03  1.543203057160872e+00  1.309081541288749e+00  1.543203057160872e+00  1.649563335655419e-01  1.543203057160872e+00  5.448314677162443e-04 
 1.547203057160872e+00  9.630087484230332e-01  1.547203057160872e+00  1.653358531027936e+00  1.547203057160872e+00  2.872138053470232e-01  1.547203057160872e+00  3.481128645796532e-01  1.547203057160872e+00  3.095919298439735e-03  1.547203057160872e+00  1.310248821177022e+00  1.547203057160872e+00  1.646836366363083e-01  1.547203057160872e+00  5.424034956371652e-04 
 1.551203057160872e+00  9.624355288470388e-01  1.551203057160872e+00  1.654013452597105e+00  1.551203057160872e+00  2.865754799233765e-01  1.551203057160872e+00  3.484128093239807e-01  1.551203057160872e+00  3.098039561400548e-03  1.551203057160872e+00  1.311414581896909e+00  1.551203057160872e+00  1.644108534323552e-01  1.551203057160872e+00  5.399809732939829e-04 
