-1.853915719974783e+00  1.630899280260871e+00 -1.853915719974783e+00  9.316810058618822e-01 -1.853915719974783e+00  1.339661971775862e+00 -1.853915719974783e+00  2.026921340776761e-01 -1.853915719974783e+00  9.583731266226069e-04 -1.853915719974783e+00  3.133204368857996e-01 -1.853915719974783e+00  3.631022421072070e-01 -1.853915719974783e+00  3.544694485193274e-03 
-1.849915719974783e+00  1.630266216528103e+00 -1.849915719974783e+00  9.321712711475617e-01 -1.849915719974783e+00  1.338595330688400e+00 -1.849915719974783e+00  2.028809445994234e-01 -1.849915719974783e+00  9.607158783137057e-04 -1.849915719974783e+00  3.138683030074357e-01 -1.849915719974783e+00  3.628693213754854e-01 -1.849915719974783e+00  3.542866873085864e-03 
-1.845915719974783e+00  1.629632221523190e+00 -1.845915719974783e+00  9.326642138255778e-01 -1.845915719974783e+00  1.337527681055247e+00 -1.845915719974783e+00  2.030695927413507e-01 -1.845915719974783e+00  9.630599305515183e-04 -1.845915719974783e+00  3.144210289391967e-01 -1.845915719974783e+00  3.626369884422329e-01 -1.845915719974783e+00  3.541057723116732e-03 
-1.841915719974783e+00  1.628997925690474e+00 -1.841915719974783e+00  9.331577871451530e-01 -1.841915719974783e+00  1.336459740696182e+00 -1.841915719974783e+00  2.032581441002329e-01 -1.841915719974783e+00  9.654061894700446e-04 -1.841915719974783e+00  3.149749772549265e-01 -1.841915719974783e+00  3.624046989287272e-01 -1.841915719974783e+00  3.539232061214375e-03 
-1.837915719974783e+00  1.628363032744081e+00 -1.837915719974783e+00  9.336526177825242e-01 -1.837915719974783e+00  1.335391220766611e+00 -1.837915719974783e+00  2.034466005589519e-01 -1.837915719974783e+00  9.677546561140455e-04 -1.837915719974783e+00  3.155313603234171e-01 -1.837915719974783e+00  3.621726536682724e-01 -1.837915719974783e+00  3.537401748484084e-03 
-1.833915719974783e+00  1.627727535572945e+00 -1.833915719974783e+00  9.341487113347841e-01 -1.833915719974783e+00  1.334322117965270e+00 -1.833915719974783e+00  2.036349644000080e-01 -1.833915719974783e+00  9.701053567929397e-04 -1.833915719974783e+00  3.160901923453523e-01 -1.833915719974783e+00  3.619408560053360e-01 -1.833915719974783e+00  3.535566764425897e-03 
-1.829915719974783e+00  1.627091427048290e+00 -1.829915719974783e+00  9.346460733980221e-01 -1.829915719974783e+00  1.333252428967383e+00 -1.829915719974783e+00  2.038232378979963e-01 -1.829915719974783e+00  9.724583178818233e-04 -1.829915719974783e+00  3.166514875418954e-01 -1.829915719974783e+00  3.617093093028222e-01 -1.829915719974783e+00  3.533727088314337e-03 
-1.825915719974783e+00  1.626454700029027e+00 -1.825915719974783e+00  9.351447096019558e-01 -1.825915719974783e+00  1.332182150427808e+00 -1.825915719974783e+00  2.040114233181261e-01 -1.825915719974783e+00  9.748135658013248e-04 -1.825915719974783e+00  3.172152601809705e-01 -1.825915719974783e+00  3.614780169393025e-01 -1.825915719974783e+00  3.531882699325843e-03 
-1.821915719974783e+00  1.625817347372262e+00 -1.821915719974783e+00  9.356446256273310e-01 -1.821915719974783e+00  1.331111278987162e+00 -1.821915719974783e+00  2.041995229133242e-01 -1.821915719974783e+00  9.771711269787433e-04 -1.821915719974783e+00  3.177815245782417e-01 -1.821915719974783e+00  3.612469823034450e-01 -1.821915719974783e+00  3.530033576448080e-03 
-1.817915719974783e+00  1.625179361904916e+00 -1.817915719974783e+00  9.361458271364991e-01 -1.817915719974783e+00  1.330039811255772e+00 -1.817915719974783e+00  2.043875389323058e-01 -1.817915719974783e+00  9.795310279530288e-04 -1.817915719974783e+00  3.183502950730156e-01 -1.817915719974783e+00  3.610162088095132e-01 -1.817915719974783e+00  3.528179698736751e-03 
-1.813915719974783e+00  1.624540736458286e+00 -1.813915719974783e+00  9.366483198483059e-01 -1.813915719974783e+00  1.328967743833482e+00 -1.813915719974783e+00  2.045754736098891e-01 -1.813915719974783e+00  9.818932952469078e-04 -1.813915719974783e+00  3.189215860485246e-01 -1.813915719974783e+00  3.607856998787676e-01 -1.813915719974783e+00  3.526321045038632e-03 
-1.809915719974783e+00  1.623901463846184e+00 -1.809915719974783e+00  9.371521094832329e-01 -1.809915719974783e+00  1.327895073297317e+00 -1.809915719974783e+00  2.047633291732283e-01 -1.809915719974783e+00  9.842579554478089e-04 -1.809915719974783e+00  3.194954119119962e-01 -1.809915719974783e+00  3.605554589514209e-01 -1.809915719974783e+00  3.524457594194405e-03 
-1.805915719974783e+00  1.623261536878431e+00 -1.805915719974783e+00  9.376572017895207e-01 -1.805915719974783e+00  1.326821796209299e+00 -1.805915719974783e+00  2.049511078380791e-01 -1.805915719974783e+00  9.866250351578650e-04 -1.805915719974783e+00  3.200717870996848e-01 -1.805915719974783e+00  3.603254894794601e-01 -1.805915719974783e+00  3.522589324942117e-03 
-1.801915719974783e+00  1.622620948349569e+00 -1.801915719974783e+00  9.381636025120712e-01 -1.801915719974783e+00  1.325747909110128e+00 -1.801915719974783e+00  2.051388118120400e-01 -1.801915719974783e+00  9.889945610357519e-04 -1.801915719974783e+00  3.206507260638668e-01 -1.801915719974783e+00  3.600957949328604e-01 -1.801915719974783e+00  3.520716216032105e-03 
-1.797915719974783e+00  1.621979691062922e+00 -1.797915719974783e+00  9.386713174428098e-01 -1.797915719974783e+00  1.324673408533048e+00 -1.797915719974783e+00  2.053264432878816e-01 -1.797915719974783e+00  9.913665597076331e-04 -1.797915719974783e+00  3.212322432853976e-01 -1.797915719974783e+00  3.598663787866651e-01 -1.797915719974783e+00  3.518838246040839e-03 
-1.793915719974783e+00  1.621337757804090e+00 -1.793915719974783e+00  9.391803523538778e-01 -1.793915719974783e+00  1.323598290988822e+00 -1.793915719974783e+00  2.055140044510423e-01 -1.793915719974783e+00  9.937410578652181e-04 -1.793915719974783e+00  3.218163532490768e-01 -1.793915719974783e+00  3.596372445354452e-01 -1.793915719974783e+00  3.516955393617917e-03 
-1.789915719974783e+00  1.620695141371479e+00 -1.789915719974783e+00  9.396907130626629e-01 -1.789915719974783e+00  1.322522552983329e+00 -1.789915719974783e+00  2.057014974711769e-01 -1.789915719974783e+00  9.961180821528642e-04 -1.789915719974783e+00  3.224030704607094e-01 -1.789915719974783e+00  3.594083956768691e-01 -1.789915719974783e+00  3.515067637245600e-03 
-1.785915719974783e+00  1.620051834549253e+00 -1.785915719974783e+00  9.402024053631268e-01 -1.785915719974783e+00  1.321446191002203e+00 -1.785915719974783e+00  2.058889245097765e-01 -1.785915719974783e+00  9.984976592675222e-04 -1.785915719974783e+00  3.229924094214049e-01 -1.785915719974783e+00  3.591798357264513e-01 -1.785915719974783e+00  3.513174955492794e-03 
-1.781915719974783e+00  1.619407830134676e+00 -1.781915719974783e+00  9.407154350832024e-01 -1.781915719974783e+00  1.320369201526625e+00 -1.781915719974783e+00  2.060762877126432e-01 -1.781915719974783e+00  1.000879815857746e-03 -1.781915719974783e+00  3.235843846420766e-01 -1.781915719974783e+00  3.589515682028347e-01 -1.781915719974783e+00  3.511277326802749e-03 
-1.777915719974783e+00  1.618763120920368e+00 -1.777915719974783e+00  9.412298080371650e-01 -1.777915719974783e+00  1.319291581023294e+00 -1.777915719974783e+00  2.062635892149061e-01 -1.777915719974783e+00  1.003264578589213e-03 -1.777915719974783e+00  3.241790106240668e-01 -1.777915719974783e+00  3.587235966374892e-01 -1.777915719974783e+00  3.509374729669259e-03 
-1.773915719974783e+00  1.618117699711311e+00 -1.773915719974783e+00  9.417455300586589e-01 -1.773915719974783e+00  1.318213325954298e+00 -1.773915719974783e+00  2.064508311363903e-01 -1.773915719974783e+00  1.005651974081886e-03 -1.773915719974783e+00  3.247763018656461e-01 -1.773915719974783e+00  3.584959245655931e-01 -1.773915719974783e+00  3.507467142514409e-03 
-1.769915719974783e+00  1.617471559308248e+00 -1.769915719974783e+00  9.422626069550503e-01 -1.769915719974783e+00  1.317134432767736e+00 -1.769915719974783e+00  2.066380155863048e-01 -1.769915719974783e+00  1.008042028971356e-03 -1.769915719974783e+00  3.253762728427781e-01 -1.769915719974783e+00  3.582685555351129e-01 -1.769915719974783e+00  3.505554543857559e-03 
-1.765915719974783e+00  1.616824692536135e+00 -1.765915719974783e+00  9.427810445670128e-01 -1.765915719974783e+00  1.316054897914178e+00 -1.765915719974783e+00  2.068251446554631e-01 -1.765915719974783e+00  1.010434769803663e-03 -1.765915719974783e+00  3.259789380241765e-01 -1.765915719974783e+00  3.580414930914515e-01 -1.765915719974783e+00  3.503636912094812e-03 
-1.761915719974783e+00  1.616177092221954e+00 -1.761915719974783e+00  9.433008487092752e-01 -1.761915719974783e+00  1.314974717834074e+00 -1.761915719974783e+00  2.070122204225225e-01 -1.761915719974783e+00  1.012830223117334e-03 -1.761915719974783e+00  3.265843118472421e-01 -1.761915719974783e+00  3.578147407895533e-01 -1.761915719974783e+00  3.501714225718279e-03 
-1.757915719974783e+00  1.615528751210266e+00 -1.757915719974783e+00  9.438220251995215e-01 -1.757915719974783e+00  1.313893888966827e+00 -1.757915719974783e+00  2.071992449497824e-01 -1.757915719974783e+00  1.015228415385838e-03 -1.757915719974783e+00  3.271924087228013e-01 -1.757915719974783e+00  3.575883021855494e-01 -1.757915719974783e+00  3.499786463209097e-03 
-1.753915719974783e+00  1.614879662354945e+00 -1.753915719974783e+00  9.443445798311543e-01 -1.753915719974783e+00  1.312812407746181e+00 -1.753915719974783e+00  2.073862202855706e-01 -1.753915719974783e+00  1.017629373048220e-03 -1.753915719974783e+00  3.278032430211246e-01 -1.753915719974783e+00  3.573621808413079e-01 -1.753915719974783e+00  3.497853603138268e-03 
-1.749915719974783e+00  1.614229818530356e+00 -1.749915719974783e+00  9.448685183915959e-01 -1.749915719974783e+00  1.311730270606795e+00 -1.749915719974783e+00  2.075731484612622e-01 -1.749915719974783e+00  1.020033122467655e-03 -1.749915719974783e+00  3.284168290729383e-01 -1.749915719974783e+00  3.571363803184274e-01 -1.749915719974783e+00  3.495915624098871e-03 
-1.745915719974783e+00  1.613579212640851e+00 -1.745915719974783e+00  9.453938466766375e-01 -1.745915719974783e+00  1.310647473989865e+00 -1.745915719974783e+00  2.077600314887988e-01 -1.745915719974783e+00  1.022439689896420e-03 -1.745915719974783e+00  3.290331811691517e-01 -1.745915719974783e+00  3.569109041731350e-01 -1.745915719974783e+00  3.493972504653050e-03 
-1.741915719974783e+00  1.612927837592577e+00 -1.741915719974783e+00  9.459205704149566e-01 -1.741915719974783e+00  1.309564014327036e+00 -1.741915719974783e+00  2.079468713685305e-01 -1.741915719974783e+00  1.024849101580128e-03 -1.741915719974783e+00  3.296523135299635e-01 -1.741915719974783e+00  3.566857559716712e-01 -1.741915719974783e+00  3.492024223611191e-03 
-1.737915719974783e+00  1.612275686341107e+00 -1.737915719974783e+00  9.464486953725278e-01 -1.737915719974783e+00  1.308479888067994e+00 -1.737915719974783e+00  2.081336700762781e-01 -1.737915719974783e+00  1.027261383581540e-03 -1.737915719974783e+00  3.302742403347675e-01 -1.737915719974783e+00  3.564609392644438e-01 -1.737915719974783e+00  3.490070759645721e-03 
-1.733915719974783e+00  1.611622751851241e+00 -1.733915719974783e+00  9.469782272480458e-01 -1.733915719974783e+00  1.307395091657459e+00 -1.733915719974783e+00  2.083204295744695e-01 -1.733915719974783e+00  1.029676561929287e-03 -1.733915719974783e+00  3.308989756809895e-01 -1.733915719974783e+00  3.562364576079332e-01 -1.733915719974783e+00  3.488112091677906e-03 
-1.729915719974783e+00  1.610969027124847e+00 -1.729915719974783e+00  9.475091717299357e-01 -1.729915719974783e+00  1.306309621551389e+00 -1.729915719974783e+00  2.085071518046401e-01 -1.729915719974783e+00  1.032094662514843e-03 -1.729915719974783e+00  3.315265335977050e-01 -1.729915719974783e+00  3.560123145495953e-01 -1.729915719974783e+00  3.486148198667053e-03 
-1.725915719974783e+00  1.610314505202141e+00 -1.725915719974783e+00  9.480415344900578e-01 -1.725915719974783e+00  1.305223474217893e+00 -1.725915719974783e+00  2.086938386872316e-01 -1.725915719974783e+00  1.034515711087850e-03 -1.725915719974783e+00  3.321569280376849e-01 -1.725915719974783e+00  3.557885136272042e-01 -1.725915719974783e+00  3.484179059633692e-03 
-1.721915719974783e+00  1.609659179138550e+00 -1.721915719974783e+00  9.485753211184965e-01 -1.721915719974783e+00  1.304136646124016e+00 -1.721915719974783e+00  2.088804921280137e-01 -1.721915719974783e+00  1.036939733341642e-03 -1.721915719974783e+00  3.327901728487057e-01 -1.721915719974783e+00  3.555650583814682e-01 -1.721915719974783e+00  3.482204653900825e-03 
-1.717915719974783e+00  1.609003042055719e+00 -1.717915719974783e+00  9.491105372359344e-01 -1.717915719974783e+00  1.303049133765391e+00 -1.717915719974783e+00  2.090671140043482e-01 -1.717915719974783e+00  1.039366754724586e-03 -1.717915719974783e+00  3.334262818064239e-01 -1.717915719974783e+00  3.553419523283186e-01 -1.717915719974783e+00  3.480224960678326e-03 
-1.713915719974783e+00  1.608346087094546e+00 -1.713915719974783e+00  9.496471883707966e-01 -1.713915719974783e+00  1.301960933639252e+00 -1.713915719974783e+00  2.092537061781079e-01 -1.713915719974783e+00  1.041796800613870e-03 -1.713915719974783e+00  3.340652685653294e-01 -1.713915719974783e+00  3.551191989844771e-01 -1.713915719974783e+00  3.478239959517284e-03 
-1.709915719974783e+00  1.607688307452458e+00 -1.709915719974783e+00  9.501852800384674e-01 -1.709915719974783e+00  1.300872042266167e+00 -1.709915719974783e+00  2.094402704856882e-01 -1.709915719974783e+00  1.044229896177484e-03 -1.709915719974783e+00  3.347071466799650e-01 -1.709915719974783e+00  3.548968018471845e-01 -1.709915719974783e+00  3.476249630017011e-03 
-1.705915719974783e+00  1.607029696364495e+00 -1.705915719974783e+00  9.507248176850450e-01 -1.705915719974783e+00  1.299782456179268e+00 -1.705915719974783e+00  2.096268087432996e-01 -1.705915719974783e+00  1.046666066444338e-03 -1.705915719974783e+00  3.353519295786266e-01 -1.705915719974783e+00  3.546747644045281e-01 -1.705915719974783e+00  3.474253952033113e-03 
-1.701915719974783e+00  1.606370247123121e+00 -1.701915719974783e+00  9.512658067244057e-01 -1.701915719974783e+00  1.298692171935893e+00 -1.701915719974783e+00  2.098133227417554e-01 -1.701915719974783e+00  1.049105336230896e-03 -1.701915719974783e+00  3.359996305697985e-01 -1.701915719974783e+00  3.544530901246525e-01 -1.701915719974783e+00  3.472252905540387e-03 
-1.697915719974783e+00  1.605709953065414e+00 -1.697915719974783e+00  9.518082524961508e-01 -1.697915719974783e+00  1.297601186110346e+00 -1.697915719974783e+00  2.099998142500918e-01 -1.697915719974783e+00  1.051547730188554e-03 -1.697915719974783e+00  3.366502628204388e-01 -1.697915719974783e+00  3.542317824627393e-01 -1.697915719974783e+00  3.470246470788365e-03 
-1.693915719974783e+00  1.605048807601109e+00 -1.693915719974783e+00  9.523521603225015e-01 -1.693915719974783e+00  1.296509495310356e+00 -1.693915719974783e+00  2.101862850081816e-01 -1.693915719974783e+00  1.053993272699977e-03 -1.693915719974783e+00  3.373038393694934e-01 -1.693915719974783e+00  3.540108448457350e-01 -1.693915719974783e+00  3.468234628090852e-03 
-1.689915719974783e+00  1.604386804171645e+00 -1.689915719974783e+00  9.528975353972161e-01 -1.689915719974783e+00  1.295417096153477e+00 -1.689915719974783e+00  2.103727367379211e-01 -1.689915719974783e+00  1.056441988030499e-03 -1.689915719974783e+00  3.379603730810036e-01 -1.689915719974783e+00  3.537902806946455e-01 -1.689915719974783e+00  3.466217358236834e-03 
-1.685915719974783e+00  1.603723936306395e+00 -1.685915719974783e+00  9.534443829109062e-01 -1.685915719974783e+00  1.294323985299925e+00 -1.685915719974783e+00  2.105591711282784e-01 -1.685915719974783e+00  1.058893900120182e-03 -1.685915719974783e+00  3.386198766821551e-01 -1.685915719974783e+00  3.535700933938994e-01 -1.685915719974783e+00  3.464194642026923e-03 
-1.681915719974783e+00  1.603060197589372e+00 -1.681915719974783e+00  9.539927079581948e-01 -1.681915719974783e+00  1.293230159433455e+00 -1.681915719974783e+00  2.107455898444345e-01 -1.681915719974783e+00  1.061349032706990e-03 -1.681915719974783e+00  3.392823627226956e-01 -1.681915719974783e+00  3.533502863094666e-01 -1.681915719974783e+00  3.462166460616800e-03 
-1.677915719974783e+00  1.602395581676902e+00 -1.677915719974783e+00  9.545425155689566e-01 -1.677915719974783e+00  1.292135615271798e+00 -1.677915719974783e+00  2.109319945232142e-01 -1.677915719974783e+00  1.063807409261341e-03 -1.677915719974783e+00  3.399478435789897e-01 -1.677915719974783e+00  3.531308627791950e-01 -1.677915719974783e+00  3.460132795401610e-03 
-1.673915719974783e+00  1.601730082287885e+00 -1.673915719974783e+00  9.550938106722392e-01 -1.673915719974783e+00  1.291040349561212e+00 -1.673915719974783e+00  2.111183867758829e-01 -1.673915719974783e+00  1.066269053022192e-03 -1.673915719974783e+00  3.406163314334920e-01 -1.673915719974783e+00  3.529118261181026e-01 -1.673915719974783e+00  3.458093628149470e-03 
-1.669915719974782e+00  1.601063693226535e+00 -1.669915719974782e+00  9.556465981399306e-01 -1.669915719974782e+00  1.289944359089901e+00 -1.669915719974782e+00  2.113047681822585e-01 -1.669915719974782e+00  1.068733986912925e-03 -1.669915719974782e+00  3.412878382834214e-01 -1.669915719974782e+00  3.526931796059424e-01 -1.669915719974782e+00  3.456048940839918e-03 
-1.665915719974782e+00  1.600396408376071e+00 -1.665915719974782e+00  9.562008827590106e-01 -1.665915719974782e+00  1.288847640684556e+00 -1.665915719974782e+00  2.114911402926035e-01 -1.665915719974782e+00  1.071202233564651e-03 -1.665915719974782e+00  3.419623759232323e-01 -1.665915719974782e+00  3.524749264905997e-01 -1.665915719974782e+00  3.453998715766553e-03 
-1.661915719974782e+00  1.599728221692599e+00 -1.661915719974782e+00  9.567566692039288e-01 -1.661915719974782e+00  1.287750191206996e+00 -1.661915719974782e+00  2.116775046294535e-01 -1.661915719974782e+00  1.073673815338844e-03 -1.661915719974782e+00  3.426399559268408e-01 -1.661915719974782e+00  3.522570699913747e-01 -1.661915719974782e+00  3.451942935639200e-03 
-1.657915719974782e+00  1.599059127230173e+00 -1.657915719974782e+00  9.573139620859876e-01 -1.657915719974782e+00  1.286652007568979e+00 -1.657915719974782e+00  2.118638626811580e-01 -1.657915719974782e+00  1.076148754234704e-03 -1.657915719974782e+00  3.433205896585498e-01 -1.657915719974782e+00  3.520396132852792e-01 -1.657915719974782e+00  3.449881583401269e-03 
-1.653915719974782e+00  1.598389119125241e+00 -1.653915719974782e+00  9.578727659023105e-01 -1.653915719974782e+00  1.285553086723353e+00 -1.653915719974782e+00  2.120502159062294e-01 -1.653915719974782e+00  1.078627071946577e-03 -1.653915719974782e+00  3.440042882465345e-01 -1.653915719974782e+00  3.518225595154464e-01 -1.653915719974782e+00  3.447814642418504e-03 
-1.649915719974782e+00  1.597718191603397e+00 -1.649915719974782e+00  9.584330850397390e-01 -1.649915719974782e+00  1.284453425668204e+00 -1.649915719974782e+00  2.122365657317669e-01 -1.649915719974782e+00  1.081108789839079e-03 -1.649915719974782e+00  3.446910625766695e-01 -1.649915719974782e+00  3.516059117873993e-01 -1.649915719974782e+00  3.445742096464560e-03 
-1.645915719974782e+00  1.597046338995895e+00 -1.645915719974782e+00  9.589949238033276e-01 -1.645915719974782e+00  1.283353021456716e+00 -1.645915719974782e+00  2.124229135493061e-01 -1.645915719974782e+00  1.083593928885994e-03 -1.645915719974782e+00  3.453809232958367e-01 -1.645915719974782e+00  3.513896731599529e-01 -1.645915719974782e+00  3.443663929615605e-03 
-1.641915719974782e+00  1.596373555723383e+00 -1.641915719974782e+00  9.595582863629597e-01 -1.641915719974782e+00  1.282251871187893e+00 -1.641915719974782e+00  2.126092607193510e-01 -1.641915719974782e+00  1.086082509730387e-03 -1.641915719974782e+00  3.460738807841726e-01 -1.641915719974782e+00  3.511738466540294e-01 -1.641915719974782e+00  3.441580126447802e-03 
-1.637915719974782e+00  1.595699836312346e+00 -1.637915719974782e+00  9.601231767815921e-01 -1.637915719974782e+00  1.281149972016385e+00 -1.637915719974782e+00  2.127956085672569e-01 -1.637915719974782e+00  1.088574552623817e-03 -1.637915719974782e+00  3.467699451582504e-01 -1.637915719974782e+00  3.509584352435987e-01 -1.637915719974782e+00  3.439490671932835e-03 
-1.633915719974782e+00  1.595025175399397e+00 -1.633915719974782e+00  9.606895990133000e-01 -1.633915719974782e+00  1.280047321155235e+00 -1.633915719974782e+00  2.129819583823440e-01 -1.633915719974782e+00  1.091070077410508e-03 -1.633915719974782e+00  3.474691262629439e-01 -1.633915719974782e+00  3.507434418532516e-01 -1.633915719974782e+00  3.437395551445068e-03 
-1.629915719974782e+00  1.594349567731665e+00 -1.629915719974782e+00  9.612575568916611e-01 -1.629915719974782e+00  1.278943915876329e+00 -1.629915719974782e+00  2.131683114180395e-01 -1.629915719974782e+00  1.093569103525833e-03 -1.629915719974782e+00  3.481714336596005e-01 -1.629915719974782e+00  3.505288693578790e-01 -1.629915719974782e+00  3.435294750804637e-03 
-1.625915719974782e+00  1.593673008157227e+00 -1.625915719974782e+00  9.618270540926788e-01 -1.625915719974782e+00  1.277839753505029e+00 -1.625915719974782e+00  2.133546688946376e-01 -1.625915719974782e+00  1.096071650031760e-03 -1.625915719974782e+00  3.488768766042324e-01 -1.625915719974782e+00  3.503147205878275e-01 -1.625915719974782e+00  3.433188256414467e-03 
-1.621915719974782e+00  1.592995491660511e+00 -1.621915719974782e+00  9.623980942116809e-01 -1.621915719974782e+00  1.276734831441137e+00 -1.621915719974782e+00  2.135410319902500e-01 -1.621915719974782e+00  1.098577735485895e-03 -1.621915719974782e+00  3.495854640701250e-01 -1.621915719974782e+00  3.501009983094346e-01 -1.621915719974782e+00  3.431076054975951e-03 
-1.617915719974782e+00  1.592317013324791e+00 -1.617915719974782e+00  9.629706806558542e-01 -1.617915719974782e+00  1.275629147137164e+00 -1.617915719974782e+00  2.137274018509092e-01 -1.617915719974782e+00  1.101087378080170e-03 -1.617915719974782e+00  3.502972046987478e-01 -1.617915719974782e+00  3.498877052454222e-01 -1.617915719974782e+00  3.428958133886339e-03 
-1.613915719974782e+00  1.591637568373452e+00 -1.613915719974782e+00  9.635448167364238e-01 -1.613915719974782e+00  1.274522698122748e+00 -1.613915719974782e+00  2.139137795800097e-01 -1.613915719974782e+00  1.103600595488278e-03 -1.613915719974782e+00  3.510121068286448e-01 -1.613915719974782e+00  3.496748440522193e-01 -1.613915719974782e+00  3.426834480897858e-03 
-1.609915719974782e+00  1.590957152146096e+00 -1.609915719974782e+00  9.641205055956529e-01 -1.609915719974782e+00  1.273415481990891e+00 -1.609915719974782e+00  2.141001662448334e-01 -1.609915719974782e+00  1.106117404953964e-03 -1.609915719974782e+00  3.517301784598039e-01 -1.609915719974782e+00  3.494624173329164e-01 -1.609915719974782e+00  3.424705084387679e-03 
-1.605915719974782e+00  1.590275760119146e+00 -1.605915719974782e+00  9.646977502471759e-01 -1.605915719974782e+00  1.272307496410295e+00 -1.605915719974782e+00  2.142865628714345e-01 -1.605915719974782e+00  1.108637823214914e-03 -1.605915719974782e+00  3.524514272626383e-01 -1.605915719974782e+00  3.492504276258682e-01 -1.605915719974782e+00  3.422569933208797e-03 
-1.601915719974782e+00  1.589593387902253e+00 -1.601915719974782e+00  9.652765535549597e-01 -1.601915719974782e+00  1.271198739123494e+00 -1.601915719974782e+00  2.144729704458554e-01 -1.601915719974782e+00  1.111161866515946e-03 -1.601915719974782e+00  3.531758605629540e-01 -1.601915719974782e+00  3.490388774065252e-01 -1.601915719974782e+00  3.420429016767756e-03 
-1.597915719974782e+00  1.588910031226432e+00 -1.597915719974782e+00  9.658569181909584e-01 -1.597915719974782e+00  1.270089207940127e+00 -1.597915719974782e+00  2.146593899174891e-01 -1.597915719974782e+00  1.113689550652962e-03 -1.597915719974782e+00  3.539034853183065e-01 -1.597915719974782e+00  3.488277690937925e-01 -1.597915719974782e+00  3.418282325181357e-03 
-1.593915719974782e+00  1.588225685986158e+00 -1.593915719974782e+00  9.664388467317087e-01 -1.593915719974782e+00  1.268978900761935e+00 -1.593915719974782e+00  2.148458221884094e-01 -1.593915719974782e+00  1.116220890817230e-03 -1.593915719974782e+00  3.546343081502633e-01 -1.593915719974782e+00  3.486171050268548e-01 -1.593915719974782e+00  3.416129848919343e-03 
-1.589915719974782e+00  1.587540348196178e+00 -1.589915719974782e+00  9.670223415359926e-01 -1.589915719974782e+00  1.267867815557617e+00 -1.589915719974782e+00  2.150322681248887e-01 -1.589915719974782e+00  1.118755901755100e-03 -1.589915719974782e+00  3.553683352889980e-01 -1.589915719974782e+00  3.484068874886658e-01 -1.589915719974782e+00  3.413971579256888e-03 
-1.585915719974782e+00  1.586854014028664e+00 -1.585915719974782e+00  9.676074048294553e-01 -1.585915719974782e+00  1.266755950384934e+00 -1.585915719974782e+00  2.152187285480342e-01 -1.585915719974782e+00  1.121294597630616e-03 -1.585915719974782e+00  3.561055726011969e-01 -1.585915719974782e+00  3.481971186854619e-01 -1.585915719974782e+00  3.411807507961633e-03 
-1.581915719974782e+00  1.586166679806397e+00 -1.581915719974782e+00  9.681940386765227e-01 -1.581915719974782e+00  1.265643303386957e+00 -1.581915719974782e+00  2.154052042358613e-01 -1.581915719974782e+00  1.123836992050690e-03 -1.581915719974782e+00  3.568460255729290e-01 -1.581915719974782e+00  3.479878007503261e-01 -1.581915719974782e+00  3.409637627397512e-03 
-1.577915719974782e+00  1.585478341988416e+00 -1.577915719974782e+00  9.687822449325429e-01 -1.577915719974782e+00  1.264529872783868e+00 -1.577915719974782e+00  2.155916959272978e-01 -1.577915719974782e+00  1.126383098118233e-03 -1.577915719974782e+00  3.575896992843248e-01 -1.577915719974782e+00  3.477789357509126e-01 -1.577915719974782e+00  3.407461930701888e-03 
-1.573915719974782e+00  1.584788997199673e+00 -1.573915719974782e+00  9.693720253107665e-01 -1.573915719974782e+00  1.263415656890684e+00 -1.573915719974782e+00  2.157782043148112e-01 -1.573915719974782e+00  1.128932928322394e-03 -1.573915719974782e+00  3.583365984314271e-01 -1.573915719974782e+00  3.475705256730153e-01 -1.573915719974782e+00  3.405280411537635e-03 
-1.569915719974782e+00  1.584098642222084e+00 -1.569915719974782e+00  9.699633813495313e-01 -1.569915719974782e+00  1.262300654112247e+00 -1.569915719974782e+00  2.159647300470398e-01 -1.569915719974782e+00  1.131486494571748e-03 -1.569915719974782e+00  3.590867273076194e-01 -1.569915719974782e+00  3.473625724253080e-01 -1.569915719974782e+00  3.403093064214653e-03 
-1.565915719974782e+00  1.583407273987552e+00 -1.565915719974782e+00  9.705563143846099e-01 -1.565915719974782e+00  1.261184862939361e+00 -1.565915719974782e+00  2.161512737308871e-01 -1.565915719974782e+00  1.134043808220045e-03 -1.565915719974782e+00  3.598400897871132e-01 -1.565915719974782e+00  3.471550778429950e-01 -1.565915719974782e+00  3.400899883792120e-03 
-1.561915719974782e+00  1.582714889593731e+00 -1.561915719974782e+00  9.711508255814351e-01 -1.561915719974782e+00  1.260068281958354e+00 -1.561915719974782e+00  2.163378359277684e-01 -1.561915719974782e+00  1.136604880007910e-03 -1.561915719974782e+00  3.605966893334832e-01 -1.561915719974782e+00  3.469480436789985e-01 -1.561915719974782e+00  3.398700865959226e-03 
-1.557915719974782e+00  1.582021486298947e+00 -1.557915719974782e+00  9.717469159133569e-01 -1.557915719974782e+00  1.258950909848330e+00 -1.557915719974782e+00  2.165244171552306e-01 -1.557915719974782e+00  1.139169720081643e-03 -1.557915719974782e+00  3.613565289861485e-01 -1.557915719974782e+00  3.467414716065594e-01 -1.557915719974782e+00  3.396496007115696e-03 
-1.553915719974782e+00  1.581327061533156e+00 -1.553915719974782e+00  9.723445861824869e-01 -1.553915719974782e+00  1.257832745387910e+00 -1.553915719974782e+00  2.167110178844522e-01 -1.553915719974782e+00  1.141738337952647e-03 -1.553915719974782e+00  3.621196113648982e-01 -1.553915719974782e+00  3.465353632130350e-01 -1.553915719974782e+00  3.394285304294622e-03 
-1.549915719974782e+00  1.580631612888149e+00 -1.549915719974782e+00  9.729438369862902e-01 -1.549915719974782e+00  1.256713787449702e+00 -1.549915719974782e+00  2.168976385430755e-01 -1.549915719974782e+00  1.144310742533741e-03 -1.549915719974782e+00  3.628859386519411e-01 -1.549915719974782e+00  3.463297200050897e-01 -1.549915719974782e+00  3.392068755286048e-03 
-1.545915719974782e+00  1.579935138126954e+00 -1.545915719974782e+00  9.735446687352814e-01 -1.545915719974782e+00  1.255594035006110e+00 -1.545915719974782e+00  2.170842795131058e-01 -1.545915719974782e+00  1.146886942104305e-03 -1.545915719974782e+00  3.636555125956726e-01 -1.545915719974782e+00  3.461245434033482e-01 -1.545915719974782e+00  3.389846358571563e-03 
-1.541915719974782e+00  1.579237635177943e+00 -1.541915719974782e+00  9.741470816307752e-01 -1.541915719974782e+00  1.254473487126110e+00 -1.541915719974782e+00  2.172709411327357e-01 -1.541915719974782e+00  1.149466944332098e-03 -1.541915719974782e+00  3.644283344978735e-01 -1.541915719974782e+00  3.459198347454291e-01 -1.541915719974782e+00  3.387618113406495e-03 
-1.537915719974782e+00  1.578539102150158e+00 -1.537915719974782e+00  9.747510756995645e-01 -1.537915719974782e+00  1.253352142984571e+00 -1.537915719974782e+00  2.174576236927516e-01 -1.537915719974782e+00  1.152050756216579e-03 -1.537915719974782e+00  3.652044052254132e-01 -1.537915719974782e+00  3.457155952773411e-01 -1.537915719974782e+00  3.385384019691757e-03 
-1.533915719974782e+00  1.577839537322612e+00 -1.533915719974782e+00  9.753566507600032e-01 -1.533915719974782e+00  1.252230001856188e+00 -1.533915719974782e+00  2.176443274395853e-01 -1.533915719974782e+00  1.154638384128484e-03 -1.533915719974782e+00  3.659837251931222e-01 -1.533915719974782e+00  3.455118261591439e-01 -1.533915719974782e+00  3.383144078099241e-03 
-1.529915719974782e+00  1.577138939147707e+00 -1.529915719974782e+00  9.759638064260056e-01 -1.529915719974782e+00  1.251107063117749e+00 -1.529915719974782e+00  2.178310525747577e-01 -1.529915719974782e+00  1.157229833797179e-03 -1.529915719974782e+00  3.667662943630217e-01 -1.529915719974782e+00  3.453085284628826e-01 -1.529915719974782e+00  3.380898290057020e-03 
-1.525915719974782e+00  1.576437306263164e+00 -1.525915719974782e+00  9.765725421347243e-01 -1.525915719974782e+00  1.249983326255470e+00 -1.525915719974782e+00  2.180177992521708e-01 -1.525915719974782e+00  1.159825110266527e-03 -1.525915719974782e+00  3.675521122542245e-01 -1.525915719974782e+00  3.451057031658190e-01 -1.525915719974782e+00  3.378646657646978e-03 
-1.521915719974782e+00  1.575734637473138e+00 -1.521915719974782e+00  9.771828570919902e-01 -1.521915719974782e+00  1.248858790854045e+00 -1.521915719974782e+00  2.182045675832203e-01 -1.521915719974782e+00  1.162424217964746e-03 -1.521915719974782e+00  3.683411779176273e-01 -1.521915719974782e+00  3.449033511606058e-01 -1.521915719974782e+00  3.376389183806658e-03 
-1.517915719974782e+00  1.575030931761240e+00 -1.517915719974782e+00  9.777947503039570e-01 -1.517915719974782e+00  1.247733456604618e+00 -1.517915719974782e+00  2.183913576338042e-01 -1.517915719974782e+00  1.165027160656223e-03 -1.517915719974782e+00  3.691334899480878e-01 -1.517915719974782e+00  3.447014732479181e-01 -1.517915719974782e+00  3.374125872212157e-03 
-1.513915719974782e+00  1.574326188300005e+00 -1.513915719974782e+00  9.784082206001987e-01 -1.513915719974782e+00  1.246607323310650e+00 -1.513915719974782e+00  2.185781694222573e-01 -1.513915719974782e+00  1.167633941406546e-03 -1.513915719974782e+00  3.699290464935381e-01 -1.513915719974782e+00  3.445000701310353e-01 -1.513915719974782e+00  3.371856727192736e-03 
-1.509915719974782e+00  1.573620406427344e+00 -1.509915719974782e+00  9.790232665678652e-01 -1.509915719974782e+00  1.245480390874195e+00 -1.509915719974782e+00  2.187650029256140e-01 -1.509915719974782e+00  1.170244562669542e-03 -1.509915719974782e+00  3.707278452254534e-01 -1.509915719974782e+00  3.442991424285903e-01 -1.509915719974782e+00  3.369581753974317e-03 
-1.505915719974782e+00  1.572913585679681e+00 -1.505915719974782e+00  9.796398866403319e-01 -1.505915719974782e+00  1.244352659315809e+00 -1.505915719974782e+00  2.189518580715664e-01 -1.505915719974782e+00  1.172859026164735e-03 -1.505915719974782e+00  3.715298833773839e-01 -1.505915719974782e+00  3.440986906561032e-01 -1.505915719974782e+00  3.367300958351652e-03 
-1.501915719974782e+00  1.572205725752501e+00 -1.501915719974782e+00  9.802580789889883e-01 -1.501915719974782e+00  1.243224128751376e+00 -1.501915719974782e+00  2.191387347487229e-01 -1.501915719974782e+00  1.175477333023296e-03 -1.501915719974782e+00  3.723351576972761e-01 -1.501915719974782e+00  3.438987152474978e-01 -1.501915719974782e+00  3.365014347088519e-03 
-1.497915719974782e+00  1.571496826539374e+00 -1.497915719974782e+00  9.808778416294988e-01 -1.497915719974782e+00  1.242094799415516e+00 -1.497915719974782e+00  2.193256327970940e-01 -1.497915719974782e+00  1.178099483643660e-03 -1.497915719974782e+00  3.731436644946788e-01 -1.497915719974782e+00  3.436992165333943e-01 -1.497915719974782e+00  3.362721927524723e-03 
-1.493915719974782e+00  1.570786888105148e+00 -1.493915719974782e+00  9.814991723491187e-01 -1.493915719974782e+00  1.240964671645900e+00 -1.493915719974782e+00  2.195125520151493e-01 -1.493915719974782e+00  1.180725477790684e-03 -1.493915719974782e+00  3.739553996092788e-01 -1.493915719974782e+00  3.435001947556570e-01 -1.493915719974782e+00  3.360423707844892e-03 
-1.489915719974782e+00  1.570075910696327e+00 -1.489915719974782e+00  9.821220687361500e-01 -1.489915719974782e+00  1.239833745889649e+00 -1.489915719974782e+00  2.196994921575214e-01 -1.489915719974782e+00  1.183355314557329e-03 -1.489915719974782e+00  3.747703584249279e-01 -1.489915719974782e+00  3.433016500614624e-01 -1.489915719974782e+00  3.358119696969591e-03 
-1.485915719974782e+00  1.569363894737824e+00 -1.485915719974782e+00  9.827465281728144e-01 -1.485915719974782e+00  1.238702022701632e+00 -1.485915719974782e+00  2.198864529361188e-01 -1.485915719974782e+00  1.185988992376553e-03 -1.485915719974782e+00  3.755885358678112e-01 -1.485915719974782e+00  3.431035825048658e-01 -1.485915719974782e+00  3.355809904581631e-03 
-1.481915719974782e+00  1.568650840832343e+00 -1.481915719974782e+00  9.833725478358535e-01 -1.481915719974782e+00  1.237569502744324e+00 -1.481915719974782e+00  2.200734340205896e-01 -1.481915719974782e+00  1.188626509023686e-03 -1.481915719974782e+00  3.764099264083709e-01 -1.481915719974782e+00  3.429059920469336e-01 -1.481915719974782e+00  3.353494341123854e-03 
-1.477915719974782e+00  1.567936749768173e+00 -1.477915719974782e+00  9.840001247212423e-01 -1.477915719974782e+00  1.236436186792672e+00 -1.477915719974782e+00  2.202604350366765e-01 -1.477915719974782e+00  1.191267861587573e-03 -1.477915719974782e+00  3.772345240745235e-01 -1.477915719974782e+00  3.427088785512230e-01 -1.477915719974782e+00  3.351173017707767e-03 
-1.473915719974782e+00  1.567221622500934e+00 -1.473915719974782e+00  9.846292555971894e-01 -1.473915719974782e+00  1.235302075723442e+00 -1.473915719974782e+00  2.204474555710709e-01 -1.473915719974782e+00  1.193913046538101e-03 -1.473915719974782e+00  3.780623224327392e-01 -1.473915719974782e+00  3.425122417936379e-01 -1.473915719974782e+00  3.348845946287326e-03 
-1.469915719974782e+00  1.566505460176532e+00 -1.469915719974782e+00  9.852599370723514e-01 -1.469915719974782e+00  1.234167170529112e+00 -1.469915719974782e+00  2.206344951659860e-01 -1.469915719974782e+00  1.196562059641268e-03 -1.469915719974782e+00  3.788933146217007e-01 -1.469915719974782e+00  3.423160814495307e-01 -1.469915719974782e+00  3.346513139406663e-03 
-1.465915719974782e+00  1.565788264098839e+00 -1.465915719974782e+00  9.858921655104995e-01 -1.465915719974782e+00  1.233031472298815e+00 -1.465915719974782e+00  2.208215533274951e-01 -1.465915719974782e+00  1.199214896078781e-03 -1.465915719974782e+00  3.797274933164162e-01 -1.465915719974782e+00  3.421203971113549e-01 -1.465915719974782e+00  3.344174610515701e-03 
-1.461915719974782e+00  1.565070035753505e+00 -1.461915719974782e+00  9.865259371024713e-01 -1.461915719974782e+00  1.231894982232737e+00 -1.461915719974782e+00  2.210086295198833e-01 -1.461915719974782e+00  1.201871550359886e-03 -1.461915719974782e+00  3.805648507642955e-01 -1.461915719974782e+00  3.419251882752876e-01 -1.461915719974782e+00  3.341830373704033e-03 
-1.457915719974782e+00  1.564350776806612e+00 -1.457915719974782e+00  9.871612478688330e-01 -1.457915719974782e+00  1.230757701641539e+00 -1.457915719974782e+00  2.211957231662866e-01 -1.457915719974782e+00  1.204532016326481e-03 -1.457915719974782e+00  3.814053787901638e-01 -1.457915719974782e+00  3.417304543417488e-01 -1.457915719974782e+00  3.339480443691029e-03 
-1.453915719974782e+00  1.563630489083220e+00 -1.453915719974782e+00  9.877980936061693e-01 -1.453915719974782e+00  1.229619631933725e+00 -1.453915719974782e+00  2.213828336542772e-01 -1.453915719974782e+00  1.207196287232321e-03 -1.453915719974782e+00  3.822490687754220e-01 -1.453915719974782e+00  3.415361946270634e-01 -1.453915719974782e+00  3.337124836024577e-03 
-1.449915719974782e+00  1.562909174581857e+00 -1.449915719974782e+00  9.884364699351161e-01 -1.449915719974782e+00  1.228480774624503e+00 -1.449915719974782e+00  2.215699603325502e-01 -1.449915719974782e+00  1.209864355689551e-03 -1.449915719974782e+00  3.830959116843442e-01 -1.449915719974782e+00  3.413424083552302e-01 -1.449915719974782e+00  3.334763566903372e-03 
-1.445915719974782e+00  1.562186835464523e+00 -1.445915719974782e+00  9.890763722799225e-01 -1.445915719974782e+00  1.227341131329991e+00 -1.445915719974782e+00  2.217571025136606e-01 -1.445915719974782e+00  1.212536213705611e-03 -1.445915719974782e+00  3.839458980590956e-01 -1.445915719974782e+00  3.411490946632513e-01 -1.445915719974782e+00  3.332396653252501e-03 
-1.441915719974782e+00  1.561463474067748e+00 -1.441915719974782e+00  9.897177959083810e-01 -1.441915719974782e+00  1.226200703774014e+00 -1.441915719974782e+00  2.219442594715605e-01 -1.441915719974782e+00  1.215211852642327e-03 -1.441915719974782e+00  3.847990180431219e-01 -1.441915719974782e+00  3.409562525947857e-01 -1.441915719974782e+00  3.330024112575766e-03 
-1.437915719974782e+00  1.560739092878502e+00 -1.437915719974782e+00  9.903607358722004e-01 -1.437915719974782e+00  1.225059493773877e+00 -1.437915719974782e+00  2.221314304477976e-01 -1.437915719974782e+00  1.217891263305056e-03 -1.437915719974782e+00  3.856552613583039e-01 -1.437915719974782e+00  3.407638811132975e-01 -1.437915719974782e+00  3.327645963176238e-03 
-1.433915719974782e+00  1.560013694551068e+00 -1.433915719974782e+00  9.910051870644208e-01 -1.433915719974782e+00  1.223917503250629e+00 -1.433915719974782e+00  2.223186146476065e-01 -1.433915719974782e+00  1.220574435880263e-03 -1.433915719974782e+00  3.865146173370375e-01 -1.433915719974782e+00  3.405719790925057e-01 -1.433915719974782e+00  3.325262223943878e-03 
-1.429915719974782e+00  1.559287281900941e+00 -1.429915719974782e+00  9.916511442121437e-01 -1.429915719974782e+00  1.222774734225583e+00 -1.429915719974782e+00  2.225058112416642e-01 -1.429915719974782e+00  1.223261359958070e-03 -1.429915719974782e+00  3.873770749244321e-01 -1.429915719974782e+00  3.403805453195576e-01 -1.429915719974782e+00  3.322872914382442e-03 
-1.425915719974782e+00  1.558559857892665e+00 -1.425915719974782e+00  9.922986018521147e-01 -1.425915719974782e+00  1.221631188813195e+00 -1.425915719974782e+00  2.226930193693159e-01 -1.425915719974782e+00  1.225952024577269e-03 -1.425915719974782e+00  3.882426226724778e-01 -1.425915719974782e+00  3.401895785015624e-01 -1.425915719974782e+00  3.320478054699772e-03 
-1.421915719974782e+00  1.557831425647247e+00 -1.421915719974782e+00  9.929475543627821e-01 -1.421915719974782e+00  1.220486869225660e+00 -1.421915719974782e+00  2.228802381369883e-01 -1.421915719974782e+00  1.228646418197881e-03 -1.421915719974782e+00  3.891112487611257e-01 -1.421915719974782e+00  3.399990772612996e-01 -1.421915719974782e+00  3.318077665689258e-03 
-1.417915719974782e+00  1.557101988435572e+00 -1.417915719974782e+00  9.935979959567761e-01 -1.417915719974782e+00  1.219341777769116e+00 -1.417915719974782e+00  2.230674666200331e-01 -1.417915719974782e+00  1.231344528725499e-03 -1.417915719974782e+00  3.899829410008938e-01 -1.417915719974782e+00  3.398090401406662e-01 -1.417915719974782e+00  3.315671768757591e-03 
-1.413915719974782e+00  1.556371549671738e+00 -1.413915719974782e+00  9.942499206733271e-01 -1.413915719974782e+00  1.218195916839793e+00 -1.413915719974782e+00  2.232547038645785e-01 -1.413915719974782e+00  1.234046343535980e-03 -1.413915719974782e+00  3.908576868355381e-01 -1.413915719974782e+00  3.396194656041910e-01 -1.413915719974782e+00  3.313260385952858e-03 
-1.409915719974782e+00  1.555640112918088e+00 -1.409915719974782e+00  9.949033224050440e-01 -1.409915719974782e+00  1.217049288927180e+00 -1.409915719974782e+00  2.234419488865165e-01 -1.409915719974782e+00  1.236751849456832e-03 -1.409915719974782e+00  3.917354733613594e-01 -1.409915719974782e+00  3.394303520360415e-01 -1.409915719974782e+00  3.310843539865506e-03 
-1.405915719974782e+00  1.554907681877189e+00 -1.405915719974782e+00  9.955581948871592e-01 -1.405915719974782e+00  1.215901896609331e+00 -1.405915719974782e+00  2.236292006736662e-01 -1.405915719974782e+00  1.239461032796810e-03 -1.405915719974782e+00  3.926162873287582e-01 -1.405915719974782e+00  3.392416977443017e-01 -1.405915719974782e+00  3.308421253668069e-03 
-1.401915719974782e+00  1.554174260397113e+00 -1.401915719974782e+00  9.962145317258955e-01 -1.401915719974782e+00  1.214753742556183e+00 -1.401915719974782e+00  2.238164581847034e-01 -1.401915719974782e+00  1.242173879326496e-03 -1.401915719974782e+00  3.935001151627613e-01 -1.401915719974782e+00  3.390535009578563e-01 -1.401915719974782e+00  3.305993551010274e-03 
-1.397915719974782e+00  1.553439852443873e+00 -1.397915719974782e+00  9.968723263312438e-01 -1.397915719974782e+00  1.213604829513114e+00 -1.397915719974782e+00  2.240037203560470e-01 -1.397915719974782e+00  1.244890374380146e-03 -1.397915719974782e+00  3.943869429374759e-01 -1.397915719974782e+00  3.388657598415004e-01 -1.397915719974782e+00  3.303560456267704e-03 
-1.393915719974782e+00  1.552704462130804e+00 -1.393915719974782e+00  9.975315720161906e-01 -1.393915719974782e+00  1.212455160318713e+00 -1.393915719974782e+00  2.241909860949158e-01 -1.393915719974782e+00  1.247610502747103e-03 -1.393915719974782e+00  3.952767564311649e-01 -1.393915719974782e+00  3.386784724794742e-01 -1.393915719974782e+00  3.301121994174711e-03 
-1.389915719974782e+00  1.551968093694390e+00 -1.389915719974782e+00  9.981922619399977e-01 -1.389915719974782e+00  1.211304737890367e+00 -1.389915719974782e+00  2.243782542853792e-01 -1.389915719974782e+00  1.250334248761129e-03 -1.389915719974782e+00  3.961695411060514e-01 -1.389915719974782e+00  3.384916368886966e-01 -1.389915719974782e+00  3.298678190034277e-03 
-1.385915719974782e+00  1.551230751494700e+00 -1.385915719974782e+00  9.988543891233665e-01 -1.385915719974782e+00  1.210153565224630e+00 -1.385915719974782e+00  2.245655237884256e-01 -1.385915719974782e+00  1.253061596298858e-03 -1.385915719974782e+00  3.970652821229326e-01 -1.385915719974782e+00  3.383052510183682e-01 -1.385915719974782e+00  3.296229069661900e-03 
-1.381915719974782e+00  1.550492440019164e+00 -1.381915719974782e+00  9.995179464740290e-01 -1.381915719974782e+00  1.209001645399592e+00 -1.381915719974782e+00  2.247527934412207e-01 -1.381915719974782e+00  1.255792528765795e-03 -1.381915719974782e+00  3.979639643611362e-01 -1.381915719974782e+00  3.381193127476910e-01 -1.381915719974782e+00  3.293774659290958e-03 
-1.377915719974782e+00  1.549753163861233e+00 -1.377915719974782e+00  1.000182926738066e+00 -1.377915719974782e+00  1.207848981562135e+00 -1.377915719974782e+00  2.249400620624177e-01 -1.377915719974782e+00  1.258527029175244e-03 -1.377915719974782e+00  3.988655724020657e-01 -1.377915719974782e+00  3.379338198975876e-01 -1.377915719974782e+00  3.291314985752703e-03 
-1.373915719974782e+00  1.549012927744471e+00 -1.373915719974782e+00  1.000849322586021e+00 -1.373915719974782e+00  1.206695576942525e+00 -1.373915719974782e+00  2.251273284465080e-01 -1.373915719974782e+00  1.261265080059238e-03 -1.373915719974782e+00  3.997700905790977e-01 -1.373915719974782e+00  3.377487702171409e-01 -1.373915719974782e+00  3.288850076157834e-03 
-1.369915719974782e+00  1.548271736489893e+00 -1.369915719974782e+00  1.001517126530902e+00 -1.369915719974782e+00  1.205541434834825e+00 -1.369915719974782e+00  2.253145913718348e-01 -1.369915719974782e+00  1.264006663589291e-03 -1.369915719974782e+00  4.006775029447880e-01 -1.369915719974782e+00  3.375641614016063e-01 -1.369915719974782e+00  3.286379958199726e-03 
-1.365915719974782e+00  1.547529595038402e+00 -1.365915719974782e+00  1.002186331009956e+00 -1.365915719974782e+00  1.204386558610492e+00 -1.365915719974782e+00  2.255018495953399e-01 -1.365915719974782e+00  1.266751761493462e-03 -1.365915719974782e+00  4.015877933188976e-01 -1.365915719974782e+00  3.373799910797712e-01 -1.365915719974782e+00  3.283904659852007e-03 
-1.361915719974782e+00  1.546786508421270e+00 -1.361915719974782e+00  1.002856928311697e+00 -1.361915719974782e+00  1.203230951700663e+00 -1.361915719974782e+00  2.256891018597873e-01 -1.361915719974782e+00  1.269500355165516e-03 -1.361915719974782e+00  4.025009452598790e-01 -1.361915719974782e+00  3.371962568302526e-01 -1.361915719974782e+00  3.281424209638449e-03 
-1.357915719974782e+00  1.546042481778920e+00 -1.357915719974782e+00  1.003528910647240e+00 -1.357915719974782e+00  1.202074617607534e+00 -1.357915719974782e+00  2.258763468893786e-01 -1.357915719974782e+00  1.272252425595415e-03 -1.357915719974782e+00  4.034169421079579e-01 -1.357915719974782e+00  3.370129561708891e-01 -1.357915719974782e+00  3.278938636369072e-03 
-1.353915719974782e+00  1.545297520350411e+00 -1.353915719974782e+00  1.004202270134364e+00 -1.353915719974782e+00  1.200917559898095e+00 -1.353915719974782e+00  2.260635833924078e-01 -1.353915719974782e+00  1.275007953408311e-03 -1.353915719974782e+00  4.043357669849820e-01 -1.353915719974782e+00  3.368300865644464e-01 -1.353915719974782e+00  3.276447969199182e-03 
-1.349915719974782e+00  1.544551629460543e+00 -1.349915719974782e+00  1.004876998773934e+00 -1.349915719974782e+00  1.199759782196396e+00 -1.349915719974782e+00  2.262508100644505e-01 -1.349915719974782e+00  1.277766918912127e-03 -1.349915719974782e+00  4.052574027902617e-01 -1.349915719974782e+00  3.366476454256875e-01 -1.349915719974782e+00  3.273952237716529e-03 
-1.345915719974782e+00  1.543804814527624e+00 -1.345915719974782e+00  1.005553088488691e+00 -1.345915719974782e+00  1.198601288188295e+00 -1.345915719974782e+00  2.264380255866155e-01 -1.345915719974782e+00  1.280529302068904e-03 -1.345915719974782e+00  4.061818322276319e-01 -1.345915719974782e+00  3.364656301168981e-01 -1.345915719974782e+00  3.271451471797782e-03 
-1.341915719974782e+00  1.543057081050887e+00 -1.341915719974782e+00  1.006230531100657e+00 -1.341915719974782e+00  1.197442081613894e+00 -1.341915719974782e+00  2.266252286286473e-01 -1.341915719974782e+00  1.283295082541326e-03 -1.341915719974782e+00  4.071090378017319e-01 -1.341915719974782e+00  3.362840379547812e-01 -1.341915719974782e+00  3.268945701692219e-03 
-1.337915719974782e+00  1.542308434620992e+00 -1.337915719974782e+00  1.006909318378412e+00 -1.337915719974782e+00  1.196282166273939e+00 -1.337915719974782e+00  2.268124178465202e-01 -1.337915719974782e+00  1.286064239653870e-03 -1.337915719974782e+00  4.080390018494605e-01 -1.337915719974782e+00  3.361028662044651e-01 -1.337915719974782e+00  3.266434957846753e-03 
-1.333915719974782e+00  1.541558880895042e+00 -1.333915719974782e+00  1.007589441976588e+00 -1.333915719974782e+00  1.195121546014749e+00 -1.333915719974782e+00  2.269995918884683e-01 -1.333915719974782e+00  1.288836752485215e-03 -1.333915719974782e+00  4.089717065169391e-01 -1.333915719974782e+00  3.359221120933312e-01 -1.333915719974782e+00  3.263919271129833e-03 
-1.329915719974782e+00  1.540808425618697e+00 -1.329915719974782e+00  1.008270893518441e+00 -1.329915719974782e+00  1.193960224741616e+00 -1.329915719974782e+00  2.271867493898117e-01 -1.329915719974782e+00  1.291612599786450e-03 -1.329915719974782e+00  4.099071338088462e-01 -1.329915719974782e+00  3.357417727985543e-01 -1.329915719974782e+00  3.261398672525846e-03 
-1.325915719974782e+00  1.540057074595267e+00 -1.325915719974782e+00  1.008953664516963e+00 -1.325915719974782e+00  1.192798206400149e+00 -1.325915719974782e+00  2.273738889803666e-01 -1.325915719974782e+00  1.294391760095378e-03 -1.325915719974782e+00  4.108452655557870e-01 -1.325915719974782e+00  3.355618454642350e-01 -1.325915719974782e+00  3.258873193427169e-03 
-1.321915719974782e+00  1.539304833705709e+00 -1.321915719974782e+00  1.009637746451020e+00 -1.321915719974782e+00  1.191635494988386e+00 -1.321915719974782e+00  2.275610092797722e-01 -1.321915719974782e+00  1.297174211662624e-03 -1.321915719974782e+00  4.117860834603863e-01 -1.321915719974782e+00  3.353823271901291e-01 -1.321915719974782e+00  3.256342865352318e-03 
-1.317915719974782e+00  1.538551708885645e+00 -1.317915719974782e+00  1.010323130710035e+00 -1.317915719974782e+00  1.190472094542899e+00 -1.317915719974782e+00  2.277481089029848e-01 -1.317915719974782e+00  1.299959932536483e-03 -1.317915719974782e+00  4.127295690763255e-01 -1.317915719974782e+00  3.352032150443808e-01 -1.317915719974782e+00  3.253807720150667e-03 
-1.313915719974782e+00  1.537797706143065e+00 -1.313915719974782e+00  1.011009808663276e+00 -1.313915719974782e+00  1.189308009149541e+00 -1.313915719974782e+00  2.279351864561604e-01 -1.313915719974782e+00  1.302748900497646e-03 -1.313915719974782e+00  4.136757038510399e-01 -1.313915719974782e+00  3.350245060535313e-01 -1.313915719974782e+00  3.251267789746153e-03 
-1.309915719974782e+00  1.537042831531883e+00 -1.309915719974782e+00  1.011697771593391e+00 -1.309915719974782e+00  1.188143242927420e+00 -1.309915719974782e+00  2.281222405429368e-01 -1.309915719974782e+00  1.305541093156827e-03 -1.309915719974782e+00  4.146244690986964e-01 -1.309915719974782e+00  3.348461972171843e-01 -1.309915719974782e+00  3.248723106383111e-03 
-1.305915719974782e+00  1.536287091168500e+00 -1.305915719974782e+00  1.012387010761965e+00 -1.305915719974782e+00  1.186977800038954e+00 -1.305915719974782e+00  2.283092697605774e-01 -1.305915719974782e+00  1.308336487893633e-03 -1.305915719974782e+00  4.155758460409054e-01 -1.305915719974782e+00  3.346682854986705e-01 -1.305915719974782e+00  3.246173702383765e-03 
-1.301915719974782e+00  1.535530491208823e+00 -1.301915719974782e+00  1.013077517352999e+00 -1.301915719974782e+00  1.185811684675933e+00 -1.301915719974782e+00  2.284962727054117e-01 -1.301915719974782e+00  1.311135061941483e-03 -1.301915719974782e+00  4.165298157844314e-01 -1.301915719974782e+00  3.344907678377987e-01 -1.301915719974782e+00  3.243619610357329e-03 
-1.297915719974782e+00  1.534773037872117e+00 -1.297915719974782e+00  1.013769282561169e+00 -1.297915719974782e+00  1.184644901073978e+00 -1.297915719974782e+00  2.286832479672658e-01 -1.297915719974782e+00  1.313936792299436e-03 -1.297915719974782e+00  4.174863593736706e-01 -1.297915719974782e+00  3.343136411374245e-01 -1.297915719974782e+00  3.241060862873506e-03 
-1.293915719974782e+00  1.534014737403492e+00 -1.293915719974782e+00  1.014462297489474e+00 -1.293915719974782e+00  1.183477453489786e+00 -1.293915719974782e+00  2.288701941382924e-01 -1.293915719974782e+00  1.316741655870879e-03 -1.293915719974782e+00  4.184454577442349e-01 -1.293915719974782e+00  3.341369022843530e-01 -1.293915719974782e+00  3.238497492841145e-03 
-1.289915719974782e+00  1.533255596096923e+00 -1.289915719974782e+00  1.015156553234524e+00 -1.289915719974782e+00  1.182309346215084e+00 -1.289915719974782e+00  2.290571098075895e-01 -1.289915719974782e+00  1.319549629378475e-03 -1.289915719974782e+00  4.194070917737241e-01 -1.289915719974782e+00  3.339605481363866e-01 -1.289915719974782e+00  3.235929533192687e-03 
-1.285915719974782e+00  1.532495620291380e+00 -1.285915719974782e+00  1.015852040888479e+00 -1.285915719974782e+00  1.181140583574261e+00 -1.285915719974782e+00  2.292439935621308e-01 -1.285915719974782e+00  1.322360689378406e-03 -1.285915719974782e+00  4.203712422892950e-01 -1.285915719974782e+00  3.337845755244018e-01 -1.285915719974782e+00  3.233357016877044e-03 
-1.281915719974782e+00  1.531734816340815e+00 -1.281915719974782e+00  1.016548751458526e+00 -1.281915719974782e+00  1.179971169906130e+00 -1.281915719974782e+00  2.294308439937850e-01 -1.281915719974782e+00  1.325174812371385e-03 -1.281915719974782e+00  4.213378900317961e-01 -1.281915719974782e+00  3.336089812690838e-01 -1.281915719974782e+00  3.230779977157443e-03 
-1.277915719974782e+00  1.530973190651703e+00 -1.277915719974782e+00  1.017246675997705e+00 -1.277915719974782e+00  1.178801109586710e+00 -1.277915719974782e+00  2.296176596905574e-01 -1.277915719974782e+00  1.327991974663864e-03 -1.277915719974782e+00  4.223070157304024e-01 -1.277915719974782e+00  3.334337621598274e-01 -1.277915719974782e+00  3.228198447127505e-03 
-1.273915719974782e+00  1.530210749643075e+00 -1.273915719974782e+00  1.017945805492489e+00 -1.273915719974782e+00  1.177630407004918e+00 -1.273915719974782e+00  2.298044392459122e-01 -1.273915719974782e+00  1.330812152515782e-03 -1.273915719974782e+00  4.232786000497082e-01 -1.273915719974782e+00  3.332589149770699e-01 -1.273915719974782e+00  3.225612460127058e-03 
-1.269915719974782e+00  1.529447499763430e+00 -1.269915719974782e+00  1.018646130928580e+00 -1.269915719974782e+00  1.176459066572808e+00 -1.269915719974782e+00  2.299911812548222e-01 -1.269915719974782e+00  1.333635322078073e-03 -1.269915719974782e+00  4.242526236300896e-01 -1.269915719974782e+00  3.330844364827417e-01 -1.269915719974782e+00  3.223022049498784e-03 
-1.265915719974782e+00  1.528683447482521e+00 -1.265915719974782e+00  1.019347643277557e+00 -1.265915719974782e+00  1.175287092720557e+00 -1.265915719974782e+00  2.301778843156694e-01 -1.265915719974782e+00  1.336461459423003e-03 -1.265915719974782e+00  4.252290670864242e-01 -1.265915719974782e+00  3.329103234248056e-01 -1.265915719974782e+00  3.220427248637634e-03 
-1.261915719974782e+00  1.527918599300610e+00 -1.261915719974782e+00  1.020050333538400e+00 -1.261915719974782e+00  1.174114489902065e+00 -1.261915719974782e+00  2.303645470280905e-01 -1.261915719974782e+00  1.339290540509987e-03 -1.261915719974782e+00  4.262079110356949e-01 -1.261915719974782e+00  3.327365725320154e-01 -1.261915719974782e+00  3.217828090837155e-03 
-1.257915719974782e+00  1.527152961711719e+00 -1.257915719974782e+00  1.020754192632914e+00 -1.257915719974782e+00  1.172941262572542e+00 -1.257915719974782e+00  2.305511680014741e-01 -1.257915719974782e+00  1.342122541321466e-03 -1.257915719974782e+00  4.271891360469738e-01 -1.257915719974782e+00  3.325631805344821e-01 -1.257915719974782e+00  3.215224609676423e-03 
-1.253915719974782e+00  1.526386541249259e+00 -1.253915719974782e+00  1.021459211562277e+00 -1.253915719974782e+00  1.171767415216253e+00 -1.253915719974782e+00  2.307377458443662e-01 -1.253915719974782e+00  1.344957437694178e-03 -1.253915719974782e+00  4.281727227297635e-01 -1.253915719974782e+00  3.323901441379882e-01 -1.253915719974782e+00  3.212616838440836e-03 
-1.249915719974782e+00  1.525619344442401e+00 -1.249915719974782e+00  1.022165381279730e+00 -1.249915719974782e+00  1.170592952319910e+00 -1.249915719974782e+00  2.309242791745470e-01 -1.249915719974782e+00  1.347795205480490e-03 -1.249915719974782e+00  4.291586516715650e-01 -1.249915719974782e+00  3.322174600484579e-01 -1.249915719974782e+00  3.210004810593181e-03 
-1.245915719974782e+00  1.524851377828817e+00 -1.245915719974782e+00  1.022872692742046e+00 -1.245915719974782e+00  1.169417878380385e+00 -1.245915719974782e+00  2.311107666160431e-01 -1.245915719974782e+00  1.350635820501310e-03 -1.245915719974782e+00  4.301469034701275e-01 -1.245915719974782e+00  3.320451249647496e-01 -1.245915719974782e+00  3.207388559583154e-03 
-1.241915719974782e+00  1.524082647960535e+00 -1.241915719974782e+00  1.023581136939182e+00 -1.241915719974782e+00  1.168242197908231e+00 -1.241915719974782e+00  2.312972067977464e-01 -1.241915719974782e+00  1.353479258524406e-03 -1.241915719974782e+00  4.311374587541976e-01 -1.241915719974782e+00  3.318731355753115e-01 -1.241915719974782e+00  3.204768118737691e-03 
-1.237915719974782e+00  1.523313161387809e+00 -1.237915719974782e+00  1.024290704853216e+00 -1.237915719974782e+00  1.167065915417804e+00 -1.237915719974782e+00  2.314835983570968e-01 -1.237915719974782e+00  1.356325495324097e-03 -1.237915719974782e+00  4.321302981662622e-01 -1.237915719974782e+00  3.317014885672072e-01 -1.237915719974782e+00  3.202143521412897e-03 
-1.233915719974782e+00  1.522542924660514e+00 -1.233915719974782e+00  1.025001387472880e+00 -1.233915719974782e+00  1.165889035428058e+00 -1.233915719974782e+00  2.316699399397096e-01 -1.233915719974782e+00  1.359174506676048e-03 -1.233915719974782e+00  4.331254023748148e-01 -1.233915719974782e+00  3.315301806253000e-01 -1.233915719974782e+00  3.199514800940256e-03 
-1.229915719974782e+00  1.521771944337984e+00 -1.229915719974782e+00  1.025713175835232e+00 -1.229915719974782e+00  1.164711562468502e+00 -1.229915719974782e+00  2.318562301970777e-01 -1.229915719974782e+00  1.362026268320921e-03 -1.229915719974782e+00  4.341227521011896e-01 -1.229915719974782e+00  3.313592084266757e-01 -1.229915719974782e+00  3.196881990472477e-03 
-1.225915719974782e+00  1.521000226966421e+00 -1.225915719974782e+00  1.026426060962653e+00 -1.225915719974782e+00  1.163533501065350e+00 -1.225915719974782e+00  2.320424677917076e-01 -1.225915719974782e+00  1.364880756047922e-03 -1.225915719974782e+00  4.351223280899184e-01 -1.225915719974782e+00  3.311885686533056e-01 -1.225915719974782e+00  3.194245123216613e-03 
-1.221915719974782e+00  1.520227779090715e+00 -1.221915719974782e+00  1.027140033910051e+00 -1.221915719974782e+00  1.162354855748690e+00 -1.221915719974782e+00  2.322286513943531e-01 -1.221915719974782e+00  1.367737945651073e-03 -1.221915719974782e+00  4.361241111381980e-01 -1.221915719974782e+00  3.310182579853887e-01 -1.221915719974782e+00  3.191604232259357e-03 
-1.217915719974782e+00  1.519454607247970e+00 -1.217915719974782e+00  1.027855085753151e+00 -1.217915719974782e+00  1.161175631048466e+00 -1.217915719974782e+00  2.324147796854434e-01 -1.217915719974782e+00  1.370597812953164e-03 -1.217915719974782e+00  4.371280820935511e-01 -1.217915719974782e+00  3.308482731049435e-01 -1.217915719974782e+00  3.188959350610385e-03 
-1.213915719974782e+00  1.518680717968985e+00 -1.213915719974782e+00  1.028571207602015e+00 -1.213915719974782e+00  1.159995831495329e+00 -1.213915719974782e+00  2.326008513546916e-01 -1.213915719974782e+00  1.373460333800298e-03 -1.213915719974782e+00  4.381342218649653e-01 -1.213915719974782e+00  3.306786106949567e-01 -1.213915719974782e+00  3.186310511152427e-03 
-1.209915719974782e+00  1.517906117763587e+00 -1.209915719974782e+00  1.029288390561872e+00 -1.209915719974782e+00  1.158815461611604e+00 -1.209915719974782e+00  2.327868651043741e-01 -1.209915719974782e+00  1.376325484116078e-03 -1.209915719974782e+00  4.391425114052381e-01 -1.209915719974782e+00  3.305092674476107e-01 -1.209915719974782e+00  3.183657746786059e-03 
-1.205915719974782e+00  1.517130813144734e+00 -1.205915719974782e+00  1.030006625819643e+00 -1.205915719974782e+00  1.157634525925970e+00 -1.205915719974782e+00  2.329728196437791e-01 -1.205915719974782e+00  1.379193239812544e-03 -1.205915719974782e+00  4.401529317615573e-01 -1.205915719974782e+00  3.303402400506850e-01 -1.205915719974782e+00  3.181001090109673e-03 
-1.201915719974782e+00  1.516354810598922e+00 -1.201915719974782e+00  1.030725904555536e+00 -1.201915719974782e+00  1.156453028955305e+00 -1.201915719974782e+00  2.331587136958820e-01 -1.201915719974782e+00  1.382063576899557e-03 -1.201915719974782e+00  4.411654640307818e-01 -1.201915719974782e+00  3.301715252042141e-01 -1.201915719974782e+00  3.178340573746513e-03 
-1.197915719974782e+00  1.515578116596741e+00 -1.197915719974782e+00  1.031446217984947e+00 -1.197915719974782e+00  1.155270975211071e+00 -1.197915719974782e+00  2.333445459948680e-01 -1.197915719974782e+00  1.384936471445780e-03 -1.197915719974782e+00  4.421800893854427e-01 -1.197915719974782e+00  3.300031196145086e-01 -1.197915719974782e+00  3.175676230189657e-03 
-1.193915719974782e+00  1.514800737591232e+00 -1.193915719974782e+00  1.032167557360333e+00 -1.193915719974782e+00  1.154088369198238e+00 -1.193915719974782e+00  2.335303152864397e-01 -1.193915719974782e+00  1.387811899584779e-03 -1.193915719974782e+00  4.431967890778599e-01 -1.193915719974782e+00  3.298350199950796e-01 -1.193915719974782e+00  3.173008091795119e-03 
-1.189915719974782e+00  1.514022680025257e+00 -1.189915719974782e+00  1.032889914002612e+00 -1.189915719974782e+00  1.152905215419746e+00 -1.189915719974782e+00  2.337160203260751e-01 -1.189915719974782e+00  1.390689837487723e-03 -1.189915719974782e+00  4.442155444603679e-01 -1.189915719974782e+00  3.296672230624415e-01 -1.189915719974782e+00  3.170336190665654e-03 
-1.185915719974782e+00  1.513243950307118e+00 -1.185915719974782e+00  1.033613279227762e+00 -1.185915719974782e+00  1.151721518361498e+00 -1.185915719974782e+00  2.339016598844799e-01 -1.185915719974782e+00  1.393570261453601e-03 -1.185915719974782e+00  4.452363369478772e-01 -1.185915719974782e+00  3.294997255498788e-01 -1.185915719974782e+00  3.167660558922303e-03 
-1.181915719974782e+00  1.512464554827529e+00 -1.181915719974782e+00  1.034337644409054e+00 -1.181915719974782e+00  1.150537282502692e+00 -1.181915719974782e+00  2.340872327436621e-01 -1.181915719974782e+00  1.396453147846411e-03 -1.181915719974782e+00  4.462591480546729e-01 -1.181915719974782e+00  3.293325241978368e-01 -1.181915719974782e+00  3.164981228474197e-03 
-1.177915719974782e+00  1.511684499958250e+00 -1.177915719974782e+00  1.035063000978834e+00 -1.177915719974782e+00  1.149352512314906e+00 -1.177915719974782e+00  2.342727376971712e-01 -1.177915719974782e+00  1.399338473100237e-03 -1.177915719974782e+00  4.472839593980567e-01 -1.177915719974782e+00  3.291656157546878e-01 -1.177915719974782e+00  3.162298231011938e-03 
-1.173915719974782e+00  1.510903792036586e+00 -1.173915719974782e+00  1.035789340383262e+00 -1.173915719974782e+00  1.148167212252549e+00 -1.173915719974782e+00  2.344581735535170e-01 -1.173915719974782e+00  1.402226213776580e-03 -1.173915719974782e+00  4.483107526758048e-01 -1.173915719974782e+00  3.289989969854838e-01 -1.173915719974782e+00  3.159611598175056e-03 
-1.169915719974782e+00  1.510122437375655e+00 -1.169915719974782e+00  1.036516654121880e+00 -1.169915719974782e+00  1.146981386759061e+00 -1.169915719974782e+00  2.346435391337667e-01 -1.169915719974782e+00  1.405116346526363e-03 -1.169915719974782e+00  4.493395096902855e-01 -1.169915719974782e+00  3.288326646661378e-01 -1.169915719974782e+00  3.156921361405627e-03 
-1.165915719974782e+00  1.509340442265950e+00 -1.165915719974782e+00  1.037244933758244e+00 -1.165915719974782e+00  1.145795040267823e+00 -1.165915719974782e+00  2.348288332711203e-01 -1.165915719974782e+00  1.408008848084200e-03 -1.165915719974782e+00  4.503702123565895e-01 -1.165915719974782e+00  3.286666155825369e-01 -1.165915719974782e+00  3.154227551908895e-03 
-1.161915719974782e+00  1.508557812964197e+00 -1.161915719974782e+00  1.037974170888162e+00 -1.161915719974782e+00  1.144608177195241e+00 -1.161915719974782e+00  2.350140548133305e-01 -1.161915719974782e+00  1.410903695309554e-03 -1.161915719974782e+00  4.514028426870341e-01 -1.161915719974782e+00  3.285008465368415e-01 -1.161915719974782e+00  3.151530200770873e-03 
-1.157915719974782e+00  1.507774555693070e+00 -1.157915719974782e+00  1.038704357143543e+00 -1.157915719974782e+00  1.143420801940499e+00 -1.157915719974782e+00  2.351992026226770e-01 -1.157915719974782e+00  1.413800865187809e-03 -1.157915719974782e+00  4.524373827951963e-01 -1.157915719974782e+00  3.283353543476428e-01 -1.157915719974782e+00  3.148829338944031e-03 
-1.153915719974782e+00  1.506990676655172e+00 -1.153915719974782e+00  1.039435484243744e+00 -1.153915719974782e+00  1.142232918894075e+00 -1.153915719974782e+00  2.353842755727493e-01 -1.153915719974782e+00  1.416700334778546e-03 -1.153915719974782e+00  4.534738149263468e-01 -1.153915719974782e+00  3.281701358420311e-01 -1.153915719974782e+00  3.146124997057322e-03 
-1.149915719974782e+00  1.506206182006821e+00 -1.149915719974782e+00  1.040167543912418e+00 -1.149915719974782e+00  1.141044532421577e+00 -1.149915719974782e+00  2.355692725542362e-01 -1.149915719974782e+00  1.419602081312585e-03 -1.149915719974782e+00  4.545121214129086e-01 -1.149915719974782e+00  3.280051878704718e-01 -1.149915719974782e+00  3.143417205723890e-03 
-1.145915719974782e+00  1.505421077885139e+00 -1.145915719974782e+00  1.040900527972347e+00 -1.145915719974782e+00  1.139855646880297e+00 -1.145915719974782e+00  2.357541924687672e-01 -1.145915719974782e+00  1.422506082091623e-03 -1.145915719974782e+00  4.555522847289456e-01 -1.145915719974782e+00  3.278405072914254e-01 -1.145915719974782e+00  3.140705995190188e-03 
-1.141915719974782e+00  1.504635370379972e+00 -1.141915719974782e+00  1.041634428255351e+00 -1.141915719974782e+00  1.138666266601906e+00 -1.141915719974782e+00  2.359390342351119e-01 -1.141915719974782e+00  1.425412314592298e-03 -1.141915719974782e+00  4.565942874414082e-01 -1.141915719974782e+00  3.276760909872828e-01 -1.141915719974782e+00  3.137991395669178e-03 
-1.137915719974782e+00  1.503849065555171e+00 -1.137915719974782e+00  1.042369236677372e+00 -1.137915719974782e+00  1.137476395905445e+00 -1.137915719974782e+00  2.361237967843271e-01 -1.137915719974782e+00  1.428320756387274e-03 -1.137915719974782e+00  4.576381122535238e-01 -1.137915719974782e+00  3.275119358522945e-01 -1.137915719974782e+00  3.135273437062761e-03 
-1.133915719974782e+00  1.503062169438415e+00 -1.133915719974782e+00  1.043104945207883e+00 -1.133915719974782e+00  1.136286039091013e+00 -1.133915719974782e+00  2.363084790619530e-01 -1.133915719974782e+00  1.431231385183086e-03 -1.133915719974782e+00  4.586837419890560e-01 -1.133915719974782e+00  3.273480387983492e-01 -1.133915719974782e+00  3.132552149074765e-03 
-1.129915719974782e+00  1.502274688008776e+00 -1.129915719974782e+00  1.043841545831217e+00 -1.129915719974782e+00  1.135095200432037e+00 -1.129915719974782e+00  2.364930800306716e-01 -1.129915719974782e+00  1.434144178865930e-03 -1.129915719974782e+00  4.597311595717768e-01 -1.129915719974782e+00  3.271843967620412e-01 -1.129915719974782e+00  3.129827561354071e-03 
-1.125915719974782e+00  1.501486627223519e+00 -1.125915719974782e+00  1.044579030640090e+00 -1.125915719974782e+00  1.133903884191686e+00 -1.125915719974782e+00  2.366775986642691e-01 -1.125915719974782e+00  1.437059115402715e-03 -1.125915719974782e+00  4.607803480791534e-01 -1.125915719974782e+00  3.270210066894441e-01 -1.125915719974782e+00  3.127099703148691e-03 
-1.121915719974782e+00  1.500697992994998e+00 -1.121915719974782e+00  1.045317391760521e+00 -1.121915719974782e+00  1.132712094608598e+00 -1.121915719974782e+00  2.368620339526760e-01 -1.121915719974782e+00  1.439976172926407e-03 -1.121915719974782e+00  4.618312907012456e-01 -1.121915719974782e+00  3.268578655492563e-01 -1.121915719974782e+00  3.124368603583435e-03 
-1.117915719974782e+00  1.499908791196930e+00 -1.117915719974782e+00  1.046056621375691e+00 -1.117915719974782e+00  1.131519835900658e+00 -1.117915719974782e+00  2.370463849004806e-01 -1.117915719974782e+00  1.442895329712853e-03 -1.117915719974782e+00  4.628839707550551e-01 -1.117915719974782e+00  3.266949703292390e-01 -1.117915719974782e+00  3.121634291571661e-03 
-1.113915719974782e+00  1.499119027660391e+00 -1.113915719974782e+00  1.046796711714925e+00 -1.113915719974782e+00  1.130327112262471e+00 -1.113915719974782e+00  2.372306505277228e-01 -1.113915719974782e+00  1.445816564195606e-03 -1.113915719974782e+00  4.639383716791869e-01 -1.113915719974782e+00  3.265323180384911e-01 -1.113915719974782e+00  3.118896795856053e-03 
-1.109915719974782e+00  1.498328708186761e+00 -1.109915719974782e+00  1.047537655099899e+00 -1.109915719974782e+00  1.129133927873258e+00 -1.109915719974782e+00  2.374148298669422e-01 -1.109915719974782e+00  1.448739854918035e-03 -1.109915719974782e+00  4.649944770607839e-01 -1.109915719974782e+00  3.263699057001109e-01 -1.109915719974782e+00  3.116156144837741e-03 
-1.105915719974782e+00  1.497537838527922e+00 -1.105915719974782e+00  1.048279443879554e+00 -1.105915719974782e+00  1.127940286884598e+00 -1.105915719974782e+00  2.375989219674631e-01 -1.105915719974782e+00  1.451665180606577e-03 -1.105915719974782e+00  4.660522705994500e-01 -1.105915719974782e+00  3.262077303624659e-01 -1.105915719974782e+00  3.113412366816950e-03 
-1.101915719974782e+00  1.496746424395606e+00 -1.101915719974782e+00  1.049022070463796e+00 -1.101915719974782e+00  1.126746193426110e+00 -1.101915719974782e+00  2.377829258932312e-01 -1.101915719974782e+00  1.454592520136125e-03 -1.101915719974782e+00  4.671117361269322e-01 -1.101915719974782e+00  3.260457890938838e-01 -1.101915719974782e+00  3.110665489868443e-03 
-1.097915719974782e+00  1.495954471466109e+00 -1.097915719974782e+00  1.049765527341421e+00 -1.097915719974782e+00  1.125551651608292e+00 -1.097915719974782e+00  2.379668407216899e-01 -1.097915719974782e+00  1.457521852512650e-03 -1.097915719974782e+00  4.681728576178963e-01 -1.097915719974782e+00  3.258840789799753e-01 -1.097915719974782e+00  3.107915541775155e-03 
-1.093915719974782e+00  1.495161985370878e+00 -1.093915719974782e+00  1.050509807049617e+00 -1.093915719974782e+00  1.124356665516657e+00 -1.093915719974782e+00  2.381506655457600e-01 -1.093915719974782e+00  1.460453156907968e-03 -1.093915719974782e+00  4.692356191731347e-01 -1.093915719974782e+00  3.257225971290166e-01 -1.093915719974782e+00  3.105162550141030e-03 
-1.089915719974782e+00  1.494368971697523e+00 -1.089915719974782e+00  1.051254902178862e+00 -1.089915719974782e+00  1.123161239212280e+00 -1.089915719974782e+00  2.383343994735214e-01 -1.089915719974782e+00  1.463386412656005e-03 -1.089915719974782e+00  4.703000050227557e-01 -1.089915719974782e+00  3.255613406713838e-01 -1.089915719974782e+00  3.102406542372933e-03 
-1.085915719974782e+00  1.493575435995373e+00 -1.085915719974782e+00  1.052000805393289e+00 -1.085915719974782e+00  1.121965376735174e+00 -1.085915719974782e+00  2.385180416269067e-01 -1.085915719974782e+00  1.466321599232318e-03 -1.085915719974782e+00  4.713659995381555e-01 -1.085915719974782e+00  3.254003067563938e-01 -1.085915719974782e+00  3.099647545605233e-03 
-1.081915719974782e+00  1.492781383766439e+00 -1.081915719974782e+00  1.052747509400852e+00 -1.081915719974782e+00  1.120769082098627e+00 -1.081915719974782e+00  2.387015911435825e-01 -1.081915719974782e+00  1.469258696287355e-03 -1.081915719974782e+00  4.724335872153206e-01 -1.081915719974782e+00  3.252394925574790e-01 -1.081915719974782e+00  3.096885586810223e-03 
-1.077915719974782e+00  1.491986820476716e+00 -1.077915719974782e+00  1.053495006993167e+00 -1.077915719974782e+00  1.119572359296124e+00 -1.077915719974782e+00  2.388850471743947e-01 -1.077915719974782e+00  1.472197683604863e-03 -1.077915719974782e+00  4.735027526978285e-01 -1.077915719974782e+00  3.250788952657550e-01 -1.077915719974782e+00  3.094120692650809e-03 
-1.073915719974782e+00  1.491191751544904e+00 -1.073915719974782e+00  1.054243291007649e+00 -1.073915719974782e+00  1.118375212294326e+00 -1.073915719974782e+00  2.390684088857388e-01 -1.073915719974782e+00  1.475138541143450e-03 -1.073915719974782e+00  4.745734807554103e-01 -1.073915719974782e+00  3.249185120964691e-01 -1.073915719974782e+00  3.091352889620394e-03 
-1.069915719974782e+00  1.490396182343931e+00 -1.069915719974782e+00  1.054992354333473e+00 -1.069915719974782e+00  1.117177645033936e+00 -1.069915719974782e+00  2.392516754591332e-01 -1.069915719974782e+00  1.478081249031004e-03 -1.069915719974782e+00  4.756457562874538e-01 -1.069915719974782e+00  3.247583402881468e-01 -1.069915719974782e+00  3.088582204020986e-03 
-1.065915719974782e+00  1.489600118211073e+00 -1.065915719974782e+00  1.055742189947069e+00 -1.065915719974782e+00  1.115979661435887e+00 -1.065915719974782e+00  2.394348460889268e-01 -1.065915719974782e+00  1.481025787527271e-03 -1.065915719974782e+00  4.767195643434550e-01 -1.065915719974782e+00  3.245983770968364e-01 -1.065915719974782e+00  3.085808661831849e-03 
-1.061915719974782e+00  1.488803564432633e+00 -1.061915719974782e+00  1.056492790859775e+00 -1.061915719974782e+00  1.114781265391815e+00 -1.061915719974782e+00  2.396179199855453e-01 -1.061915719974782e+00  1.483972137080505e-03 -1.061915719974782e+00  4.777948900930145e-01 -1.061915719974782e+00  3.244386198048736e-01 -1.061915719974782e+00  3.083032288903091e-03 
-1.057915719974782e+00  1.488006526256026e+00 -1.057915719974782e+00  1.057244150159982e+00 -1.057915719974782e+00  1.113582460771472e+00 -1.057915719974782e+00  2.398008963727707e-01 -1.057915719974782e+00  1.486920278282777e-03 -1.057915719974782e+00  4.788717188500102e-01 -1.057915719974782e+00  3.242790657139904e-01 -1.057915719974782e+00  3.080253110799866e-03 
-1.053915719974782e+00  1.487209008884498e+00 -1.053915719974782e+00  1.057996260995089e+00 -1.053915719974782e+00  1.112383251419393e+00 -1.053915719974782e+00  2.399837744888051e-01 -1.053915719974782e+00  1.489870191889532e-03 -1.053915719974782e+00  4.799500360621766e-01 -1.053915719974782e+00  3.241197121483614e-01 -1.053915719974782e+00  3.077471152869006e-03 
-1.049915719974782e+00  1.486411017474226e+00 -1.049915719974782e+00  1.058749116561617e+00 -1.049915719974782e+00  1.111183641153045e+00 -1.049915719974782e+00  2.401665535868054e-01 -1.049915719974782e+00  1.492821858830256e-03 -1.049915719974782e+00  4.810298273052802e-01 -1.049915719974782e+00  3.239605564562771e-01 -1.049915719974782e+00  3.074686440275694e-03 
-1.045915719974782e+00  1.485612557140782e+00 -1.045915719974782e+00  1.059502710127691e+00 -1.045915719974782e+00  1.109983633766763e+00 -1.045915719974782e+00  2.403492329333982e-01 -1.045915719974782e+00  1.495775260184648e-03 -1.045915719974782e+00  4.821110782959209e-01 -1.045915719974782e+00  3.238015960064609e-01 -1.045915719974782e+00  3.071898997920222e-03 
-1.041915719974782e+00  1.484813632959787e+00 -1.041915719974782e+00  1.060257035035283e+00 -1.041915719974782e+00  1.108783233032103e+00 -1.041915719974782e+00  2.405318118084516e-01 -1.041915719974782e+00  1.498730377180113e-03 -1.041915719974782e+00  4.831937748926698e-01 -1.041915719974782e+00  3.236428281877208e-01 -1.041915719974782e+00  3.069108850429762e-03 
-1.037915719974782e+00  1.484014249957022e+00 -1.037915719974782e+00  1.061012084665693e+00 -1.037915719974782e+00  1.107582442691655e+00 -1.037915719974782e+00  2.407142895071283e-01 -1.037915719974782e+00  1.501687191228399e-03 -1.037915719974782e+00  4.842779030758834e-01 -1.037915719974782e+00  3.234842504146223e-01 -1.037915719974782e+00  3.066316022286004e-03 
-1.033915719974782e+00  1.483214413110685e+00 -1.033915719974782e+00  1.061767852446948e+00 -1.033915719974782e+00  1.106381266460398e+00 -1.033915719974782e+00  2.408966653393072e-01 -1.033915719974782e+00  1.504645683917253e-03 -1.033915719974782e+00  4.853634489516510e-01 -1.033915719974782e+00  3.233258601262383e-01 -1.033915719974782e+00  3.063520537797784e-03 
-1.029915719974782e+00  1.482414127367423e+00 -1.029915719974782e+00  1.062524331909633e+00 -1.029915719974782e+00  1.105179708035546e+00 -1.029915719974782e+00  2.410789386260403e-01 -1.029915719974782e+00  1.507605836951080e-03 -1.029915719974782e+00  4.864503987838572e-01 -1.029915719974782e+00  3.231676547769543e-01 -1.029915719974782e+00  3.060722420894644e-03 
-1.025915719974782e+00  1.481613397623465e+00 -1.025915719974782e+00  1.063281516620480e+00 -1.025915719974782e+00  1.103977771084831e+00 -1.025915719974782e+00  2.412611087035408e-01 -1.025915719974782e+00  1.510567632220751e-03 -1.025915719974782e+00  4.875387389553858e-01 -1.025915719974782e+00  3.230096318473236e-01 -1.025915719974782e+00  3.057921695372363e-03 
-1.021915719974782e+00  1.480812228733933e+00 -1.021915719974782e+00  1.064039400214418e+00 -1.021915719974782e+00  1.102775459252207e+00 -1.021915719974782e+00  2.414431749210928e-01 -1.021915719974782e+00  1.513531051769195e-03 -1.021915719974782e+00  4.886284559863135e-01 -1.021915719974782e+00  3.228517888387479e-01 -1.021915719974782e+00  3.055118384774488e-03 
-1.017915719974782e+00  1.480010625500632e+00 -1.017915719974782e+00  1.064797976351245e+00 -1.017915719974782e+00  1.101572776150233e+00 -1.017915719974782e+00  2.416251366435825e-01 -1.017915719974782e+00  1.516496077836459e-03 -1.017915719974782e+00  4.897195365082985e-01 -1.017915719974782e+00  3.226941232804942e-01 -1.017915719974782e+00  3.052312512552601e-03 
-1.013915719974782e+00  1.479208592699462e+00 -1.013915719974782e+00  1.065557238811014e+00 -1.013915719974782e+00  1.100369725376999e+00 -1.013915719974782e+00  2.418069932455449e-01 -1.013915719974782e+00  1.519462692758474e-03 -1.013915719974782e+00  4.908119673196563e-01 -1.013915719974782e+00  3.225366327139980e-01 -1.013915719974782e+00  3.049504101713438e-03 
-1.009915719974782e+00  1.478406135048388e+00 -1.009915719974782e+00  1.066317181380983e+00 -1.009915719974782e+00  1.099166310496238e+00 -1.009915719974782e+00  2.419887441179441e-01 -1.009915719974782e+00  1.522430879085397e-03 -1.009915719974782e+00  4.919057353191121e-01 -1.009915719974782e+00  3.223793147112656e-01 -1.009915719974782e+00  3.046693175237114e-03 
-1.005915719974782e+00  1.477603257228952e+00 -1.005915719974782e+00  1.067077797930290e+00 -1.005915719974782e+00  1.097962535050597e+00 -1.005915719974782e+00  2.421703886634849e-01 -1.005915719974782e+00  1.525400619502104e-03 -1.005915719974782e+00  4.930008275487830e-01 -1.005915719974782e+00  3.222221668625505e-01 -1.005915719974782e+00  3.043879755800876e-03 
-1.001915719974782e+00  1.476799963883265e+00 -1.001915719974782e+00  1.067839082398688e+00 -1.001915719974782e+00  1.096758402559725e+00 -1.001915719974782e+00  2.423519262971777e-01 -1.001915719974782e+00  1.528371896839263e-03 -1.001915719974782e+00  4.940972311871503e-01 -1.001915719974782e+00  3.220651867780844e-01 -1.001915719974782e+00  3.041063865820775e-03 
-9.979157199747819e-01  1.475996259600313e+00 -9.979157199747819e-01  1.068601028747181e+00 -9.979157199747819e-01  1.095553916511738e+00 -9.979157199747819e-01  2.425333564491876e-01 -9.979157199747819e-01  1.531344694124064e-03 -9.979157199747819e-01  4.951949335196740e-01 -9.979157199747819e-01  3.219083720960003e-01 -9.979157199747819e-01  3.038245527634240e-03 
-9.939157199747819e-01  1.475192148933558e+00 -9.939157199747819e-01  1.069363631019169e+00 -9.939157199747819e-01  1.094349080374080e+00 -9.939157199747819e-01  2.427146785609923e-01 -9.939157199747819e-01  1.534318994515060e-03 -9.939157199747819e-01  4.962939219739575e-01 -9.939157199747819e-01  3.217517204722199e-01 -9.939157199747819e-01  3.035424763273946e-03 
-9.899157199747819e-01  1.474387636397524e+00 -9.899157199747819e-01  1.070126883327499e+00 -9.899157199747819e-01  1.093143897591355e+00 -9.899157199747819e-01  2.428958920860412e-01 -9.899157199747819e-01  1.537294781314810e-03 -9.899157199747819e-01  4.973941841116486e-01 -9.899157199747819e-01  3.215952295824284e-01 -9.899157199747819e-01  3.032601594515701e-03 
-9.859157199747819e-01  1.473582726459489e+00 -9.859157199747819e-01  1.070890779823851e+00 -9.859157199747819e-01  1.091938371580141e+00 -9.859157199747819e-01  2.430769964914460e-01 -9.859157199747819e-01  1.540272038000609e-03 -9.859157199747819e-01  4.984957076099155e-01 -9.859157199747819e-01  3.214388971269041e-01 -9.859157199747819e-01  3.029776042991655e-03 
-9.819157199747819e-01  1.472777423543418e+00 -9.819157199747819e-01  1.071655314711553e+00 -9.819157199747819e-01  1.090732505731370e+00 -9.819157199747819e-01  2.432579912570644e-01 -9.819157199747819e-01  1.543250748209934e-03 -9.819157199747819e-01  4.995984802683208e-01 -9.819157199747819e-01  3.212827208282645e-01 -9.819157199747819e-01  3.026948130142922e-03 
-9.779157199747819e-01  1.471971732036601e+00 -9.779157199747819e-01  1.072420482267959e+00 -9.779157199747819e-01  1.089526303414409e+00 -9.779157199747819e-01  2.434388758740181e-01 -9.779157199747819e-01  1.546230895715914e-03 -9.779157199747819e-01  5.007024900213296e-01 -9.779157199747819e-01  3.211266984276629e-01 -9.779157199747819e-01  3.024117877136811e-03 
-9.739157199747819e-01  1.471165656281660e+00 -9.739157199747819e-01  1.073186276814801e+00 -9.739157199747819e-01  1.088319767972052e+00 -9.739157199747819e-01  2.436196498463147e-01 -9.739157199747819e-01  1.549212464456861e-03 -9.739157199747819e-01  5.018077249202825e-01 -9.739157199747819e-01  3.209708276894319e-01 -9.739157199747819e-01  3.021285304976486e-03 
-9.699157199747819e-01  1.470359200581559e+00 -9.699157199747819e-01  1.073952692734760e+00 -9.699157199747819e-01  1.087112902723590e+00 -9.699157199747819e-01  2.438003126897121e-01 -9.699157199747819e-01  1.552195438517759e-03 -9.699157199747819e-01  5.029141731424592e-01 -9.699157199747819e-01  3.208151063982065e-01 -9.699157199747819e-01  3.018450434439651e-03 
-9.659157199747819e-01  1.469552369197953e+00 -9.659157199747819e-01  1.074719724464244e+00 -9.659157199747819e-01  1.085905710963749e+00 -9.659157199747819e-01  2.439808639319984e-01 -9.659157199747819e-01  1.555179802136398e-03 -9.659157199747819e-01  5.040218229861755e-01 -9.659157199747819e-01  3.206595323599117e-01 -9.659157199747819e-01  3.015613286105299e-03 
-9.619157199747819e-01  1.468745166352285e+00 -9.619157199747819e-01  1.075487366496031e+00 -9.619157199747819e-01  1.084698195963315e+00 -9.619157199747819e-01  2.441613031126841e-01 -9.619157199747819e-01  1.558165539699238e-03 -9.619157199747819e-01  5.051306628716546e-01 -9.619157199747819e-01  3.205041034011379e-01 -9.619157199747819e-01  3.012773880343926e-03 
-9.579157199747819e-01  1.467937596224210e+00 -9.579157199747819e-01  1.076255613372136e+00 -9.579157199747819e-01  1.083490360968130e+00 -9.579157199747819e-01  2.443416297832687e-01 -9.579157199747819e-01  1.561152635747328e-03 -9.579157199747819e-01  5.062406813361264e-01 -9.579157199747819e-01  3.203488173700963e-01 -9.579157199747819e-01  3.009932237343857e-03 
-9.539157199747819e-01  1.467129662954167e+00 -9.539157199747819e-01  1.077024459691650e+00 -9.539157199747819e-01  1.082282209200643e+00 -9.539157199747819e-01  2.445218435066269e-01 -9.539157199747819e-01  1.564141074966756e-03 -9.539157199747819e-01  5.073518670377539e-01 -9.539157199747819e-01  3.201936721351463e-01 -9.539157199747819e-01  3.007088377082369e-03 
-9.499157199747819e-01  1.466321370643939e+00 -9.499157199747819e-01  1.077793900111320e+00 -9.499157199747819e-01  1.081073743860219e+00 -9.499157199747819e-01  2.447019438568186e-01 -9.499157199747819e-01  1.567130842186514e-03 -9.499157199747819e-01  5.084642087552650e-01 -9.499157199747819e-01  3.200386655844927e-01 -9.499157199747819e-01  3.004242319323431e-03 
-9.459157199747819e-01  1.465512723357760e+00 -9.459157199747819e-01  1.078563929348005e+00 -9.459157199747819e-01  1.079864968123797e+00 -9.459157199747819e-01  2.448819304187993e-01 -9.459157199747819e-01  1.570121922374549e-03 -9.459157199747819e-01  5.095776953887029e-01 -9.459157199747819e-01  3.198837956255794e-01 -9.459157199747819e-01  3.001394083608688e-03 
-9.419157199747819e-01  1.464703725110963e+00 -9.419157199747819e-01  1.079334542136503e+00 -9.419157199747819e-01  1.078655885138784e+00 -9.419157199747819e-01  2.450618027907265e-01 -9.419157199747819e-01  1.573114300679617e-03 -9.419157199747819e-01  5.106923159337221e-01 -9.419157199747819e-01  3.197290601916804e-01 -9.419157199747819e-01  2.998543689413409e-03 
-9.379157199747818e-01  1.463894379893172e+00 -9.379157199747818e-01  1.080105733311195e+00 -9.379157199747818e-01  1.077446498037448e+00 -9.379157199747818e-01  2.452415605790301e-01 -9.379157199747818e-01  1.576107962345560e-03 -9.379157199747818e-01  5.118080595291954e-01 -9.379157199747818e-01  3.195744572284950e-01 -9.379157199747818e-01  2.995691155844543e-03 
-9.339157199747818e-01  1.463084691646914e+00 -9.339157199747818e-01  1.080877497727767e+00 -9.339157199747818e-01  1.076236809923581e+00 -9.339157199747818e-01  2.454212034028352e-01 -9.339157199747818e-01  1.579102892790403e-03 -9.339157199747818e-01  5.129249154101182e-01 -9.339157199747818e-01  3.194199847065640e-01 -9.339157199747818e-01  2.992836501930207e-03 
-9.299157199747818e-01  1.462274664279306e+00 -9.299157199747818e-01  1.081649830303584e+00 -9.299157199747818e-01  1.075026823879731e+00 -9.299157199747818e-01  2.456007308914459e-01 -9.299157199747818e-01  1.582099077563131e-03 -9.299157199747818e-01  5.140428729307861e-01 -9.299157199747818e-01  3.192656406145245e-01 -9.299157199747818e-01  2.989979746470418e-03 
-9.259157199747818e-01  1.461464301658131e+00 -9.259157199747818e-01  1.082422726001989e+00 -9.259157199747818e-01  1.073816542964734e+00 -9.259157199747818e-01  2.457801426851073e-01 -9.259157199747818e-01  1.585096502358245e-03 -9.259157199747818e-01  5.151619215547155e-01 -9.259157199747818e-01  3.191114229614094e-01 -9.259157199747818e-01  2.987120908095055e-03 
-9.219157199747818e-01  1.460653607614682e+00 -9.219157199747818e-01  1.083196179841024e+00 -9.219157199747818e-01  1.072605970215441e+00 -9.219157199747818e-01  2.459594384343422e-01 -9.219157199747818e-01  1.588095153005136e-03 -9.219157199747818e-01  5.162820508590893e-01 -9.219157199747818e-01  3.189573297750153e-01 -9.219157199747818e-01  2.984260005231766e-03 
-9.179157199747818e-01  1.459842585943005e+00 -9.179157199747818e-01  1.083970186888992e+00 -9.179157199747818e-01  1.071395108646216e+00 -9.179157199747818e-01  2.461386178000525e-01 -9.179157199747818e-01  1.591095015470958e-03 -9.179157199747818e-01  5.174032505313433e-01 -9.179157199747818e-01  3.188033591023778e-01 -9.179157199747818e-01  2.981397056122227e-03 
-9.139157199747818e-01  1.459031240402461e+00 -9.139157199747818e-01  1.084744742272082e+00 -9.139157199747818e-01  1.070183961250520e+00 -9.139157199747818e-01  2.463176804529301e-01 -9.139157199747818e-01  1.594096075851217e-03 -9.139157199747818e-01  5.185255103729702e-01 -9.139157199747818e-01  3.186495090083095e-01 -9.139157199747818e-01  2.978532078794003e-03 
-9.099157199747818e-01  1.458219574711620e+00 -9.099157199747818e-01  1.085519841150798e+00 -9.099157199747818e-01  1.068972530997050e+00 -9.099157199747818e-01  2.464966260746572e-01 -9.099157199747818e-01  1.597098320392180e-03 -9.099157199747818e-01  5.196488202847034e-01 -9.099157199747818e-01  3.184957775789553e-01 -9.099157199747818e-01  2.975665091147764e-03 
-9.059157199747818e-01  1.457407592552305e+00 -9.059157199747818e-01  1.086295478732751e+00 -9.059157199747818e-01  1.067760820832247e+00 -9.059157199747818e-01  2.466754543570150e-01 -9.059157199747818e-01  1.600101735476112e-03 -9.059157199747818e-01  5.207731702733640e-01 -9.059157199747818e-01  3.183421629194886e-01 -9.059157199747818e-01  2.972796110909914e-03 
-9.019157199747818e-01  1.456595297570318e+00 -9.019157199747818e-01  1.087071650273671e+00 -9.019157199747818e-01  1.066548833680709e+00 -9.019157199747818e-01  2.468541650016650e-01 -9.019157199747818e-01  1.603106307618422e-03 -9.019157199747818e-01  5.218985504516891e-01 -9.019157199747818e-01  3.181886631537066e-01 -9.019157199747818e-01  2.969925155628866e-03 
-8.979157199747818e-01  1.455782693387907e+00 -8.979157199747818e-01  1.087848351120889e+00 -8.979157199747818e-01  1.065336572452940e+00 -8.979157199747818e-01  2.470327577175203e-01 -8.979157199747818e-01  1.606112023421685e-03 -8.979157199747818e-01  5.230249510635495e-01 -8.979157199747818e-01  3.180352764168116e-01 -8.979157199747818e-01  2.967052242514243e-03 
-8.939157199747818e-01  1.454969783571090e+00 -8.939157199747818e-01  1.088625576593382e+00 -8.939157199747818e-01  1.064124040024959e+00 -8.939157199747818e-01  2.472112322274512e-01 -8.939157199747818e-01  1.609118869696418e-03 -8.939157199747818e-01  5.241523624115463e-01 -8.939157199747818e-01  3.178820008744212e-01 -8.939157199747818e-01  2.964177388880505e-03 
-8.899157199747818e-01  1.454156571667597e+00 -8.899157199747818e-01  1.089403322117432e+00 -8.899157199747818e-01  1.062911239261912e+00 -8.899157199747818e-01  2.473895882603757e-01 -8.899157199747818e-01  1.612126833320777e-03 -8.899157199747818e-01  5.252807749372610e-01 -8.899157199747818e-01  3.177288347005475e-01 -8.899157199747818e-01  2.961300611645232e-03 
-8.859157199747818e-01  1.453343061180359e+00 -8.859157199747818e-01  1.090181583128875e+00 -8.859157199747818e-01  1.061698173001535e+00 -8.859157199747818e-01  2.475678255566884e-01 -8.859157199747818e-01  1.615135901338594e-03 -8.859157199747818e-01  5.264101791620829e-01 -8.859157199747818e-01  3.175757760930384e-01 -8.859157199747818e-01  2.958421927690672e-03 
-8.819157199747818e-01  1.452529255586557e+00 -8.819157199747818e-01  1.090960355140603e+00 -8.819157199747818e-01  1.060484844065992e+00 -8.819157199747818e-01  2.477459438642750e-01 -8.819157199747818e-01  1.618146060888957e-03 -8.819157199747818e-01  5.275405657268128e-01 -8.819157199747818e-01  3.174228232625050e-01 -8.819157199747818e-01  2.955541353614035e-03 
-8.779157199747818e-01  1.451715158325257e+00 -8.779157199747818e-01  1.091739633695879e+00 -8.779157199747818e-01  1.059271255254155e+00 -8.779157199747818e-01  2.479239429410101e-01 -8.779157199747818e-01  1.621157299251897e-03 -8.779157199747818e-01  5.286719253629721e-01 -8.779157199747818e-01  3.172699744395600e-01 -8.779157199747818e-01  2.952658905900184e-03 
-8.739157199747818e-01  1.450900772801044e+00 -8.739157199747818e-01  1.092519414379873e+00 -8.739157199747818e-01  1.058057409343831e+00 -8.739157199747818e-01  2.481018225539560e-01 -8.739157199747818e-01  1.624169603834997e-03 -8.739157199747818e-01  5.298042488989294e-01 -8.739157199747818e-01  3.171172278727222e-01 -8.739157199747818e-01  2.949774600879013e-03 
-8.699157199747818e-01  1.450086102382429e+00 -8.699157199747818e-01  1.093299692812191e+00 -8.699157199747818e-01  1.056843309090758e+00 -8.699157199747818e-01  2.482795824796354e-01 -8.699157199747818e-01  1.627182962179246e-03 -8.699157199747818e-01  5.309375272546489e-01 -8.699157199747818e-01  3.169645818293618e-01 -8.699157199747818e-01  2.946888454753003e-03 
-8.659157199747818e-01  1.449271150412873e+00 -8.659157199747818e-01  1.094080464685237e+00 -8.659157199747818e-01  1.055628957235458e+00 -8.659157199747818e-01  2.484572225017180e-01 -8.659157199747818e-01  1.630197361918262e-03 -8.659157199747818e-01  5.320717514639617e-01 -8.659157199747818e-01  3.168120345893152e-01 -8.659157199747818e-01  2.944000483455370e-03 
-8.619157199747818e-01  1.448455920196861e+00 -8.619157199747818e-01  1.094861725711873e+00 -8.619157199747818e-01  1.054414356494521e+00 -8.619157199747818e-01  2.486347424138336e-01 -8.619157199747818e-01  1.633212790829833e-03 -8.619157199747818e-01  5.332069126423987e-01 -8.619157199747818e-01  3.166595844530177e-01 -8.619157199747818e-01  2.941110702843698e-03 
-8.579157199747818e-01  1.447640415011739e+00 -8.579157199747818e-01  1.095643471666822e+00 -8.579157199747818e-01  1.053199509567985e+00 -8.579157199747818e-01  2.488121420170937e-01 -8.579157199747818e-01  1.636229236792125e-03 -8.579157199747818e-01  5.343430020113034e-01 -8.579157199747818e-01  3.165072297346280e-01 -8.579157199747818e-01  2.938219128546665e-03 
-8.539157199747818e-01  1.446824638094465e+00 -8.539157199747818e-01  1.096425698336703e+00 -8.539157199747818e-01  1.051984419131025e+00 -8.539157199747818e-01  2.489894211227549e-01 -8.539157199747818e-01  1.639246687832648e-03 -8.539157199747818e-01  5.354800108670367e-01 -8.539157199747818e-01  3.163549687697788e-01 -8.539157199747818e-01  2.935325776149073e-03 
-8.499157199747818e-01  1.446008592656723e+00 -8.499157199747818e-01  1.097208401573388e+00 -8.499157199747818e-01  1.050769087843392e+00 -8.499157199747818e-01  2.491665795490816e-01 -8.499157199747818e-01  1.642265132072420e-03 -8.499157199747818e-01  5.366179306123138e-01 -8.499157199747818e-01  3.162027999067927e-01 -8.499157199747818e-01  2.932430660994264e-03 
-8.459157199747818e-01  1.445192281879732e+00 -8.459157199747818e-01  1.097991577273471e+00 -8.459157199747818e-01  1.049553518346140e+00 -8.459157199747818e-01  2.493436171223612e-01 -8.459157199747818e-01  1.645284557745124e-03 -8.459157199747818e-01  5.377567527431376e-01 -8.459157199747818e-01  3.160507215097276e-01 -8.459157199747818e-01  2.929533798260196e-03 
-8.419157199747818e-01  1.444375708912766e+00 -8.419157199747818e-01  1.098775221371208e+00 -8.419157199747818e-01  1.048337713260687e+00 -8.419157199747818e-01  2.495205336771613e-01 -8.419157199747818e-01  1.648304953202563e-03 -8.419157199747818e-01  5.388964688437968e-01 -8.419157199747818e-01  3.158987319592579e-01 -8.419157199747818e-01  2.926635202985509e-03 
-8.379157199747818e-01  1.443558876873050e+00 -8.379157199747818e-01  1.099559329836364e+00 -8.379157199747818e-01  1.047121675188739e+00 -8.379157199747818e-01  2.496973290563080e-01 -8.379157199747818e-01  1.651326306915108e-03 -8.379157199747818e-01  5.400370705848393e-01 -8.379157199747818e-01  3.157468296527761e-01 -8.379157199747818e-01  2.923734890077517e-03 
-8.339157199747818e-01  1.442741788849651e+00 -8.339157199747818e-01  1.100343898686816e+00 -8.339157199747818e-01  1.045905406714696e+00 -8.339157199747818e-01  2.498740031100465e-01 -8.339157199747818e-01  1.654348607457249e-03 -8.339157199747818e-01  5.411785497299315e-01 -8.339157199747818e-01  3.155950130021358e-01 -8.339157199747818e-01  2.920832874265540e-03 
-8.299157199747818e-01  1.441924447893768e+00 -8.299157199747818e-01  1.101128923951319e+00 -8.299157199747818e-01  1.044688910399572e+00 -8.299157199747818e-01  2.500505556979726e-01 -8.299157199747818e-01  1.657371843543551e-03 -8.299157199747818e-01  5.423208981126539e-01 -8.299157199747818e-01  3.154432804393554e-01 -8.299157199747818e-01  2.917929170238717e-03 
-8.259157199747817e-01  1.441106857040932e+00 -8.259157199747817e-01  1.101914401749282e+00 -8.259157199747817e-01  1.043472188794851e+00 -8.259157199747817e-01  2.502269866844790e-01 -8.259157199747817e-01  1.660396003946481e-03 -8.259157199747817e-01  5.434641076839647e-01 -8.259157199747817e-01  3.152916304036474e-01 -8.259157199747817e-01  2.915023792350821e-03 
-8.219157199747817e-01  1.440289019283898e+00 -8.219157199747817e-01  1.102700328189574e+00 -8.219157199747817e-01  1.042255244425540e+00 -8.219157199747817e-01  2.504032959442213e-01 -8.219157199747817e-01  1.663421077596763e-03 -8.219157199747817e-01  5.446081704503544e-01 -8.219157199747817e-01  3.151400613573248e-01 -8.219157199747817e-01  2.912116754994636e-03 
-8.179157199747817e-01  1.439470937597950e+00 -8.179157199747817e-01  1.103486699461889e+00 -8.179157199747817e-01  1.041038079805960e+00 -8.179157199747817e-01  2.505794833569430e-01 -8.179157199747817e-01  1.666447053489731e-03 -8.179157199747817e-01  5.457530785283536e-01 -8.179157199747817e-01  3.149885717709909e-01 -8.179157199747817e-01  2.909208072263970e-03 
-8.139157199747817e-01  1.438652614920731e+00 -8.139157199747817e-01  1.104273511760965e+00 -8.139157199747817e-01  1.039820697427132e+00 -8.139157199747817e-01  2.507555488115203e-01 -8.139157199747817e-01  1.669473920759910e-03 -8.139157199747817e-01  5.468988240980002e-01 -8.139157199747817e-01  3.148371601353855e-01 -8.139157199747817e-01  2.906297758233971e-03 
-8.099157199747817e-01  1.437834054165635e+00 -8.099157199747817e-01  1.105060761334194e+00 -8.099157199747817e-01  1.038603099765134e+00 -8.099157199747817e-01  2.509314922032122e-01 -8.099157199747817e-01  1.672501668631514e-03 -8.099157199747817e-01  5.480453994309440e-01 -8.099157199747817e-01  3.146858249535615e-01 -8.099157199747817e-01  2.903385826785040e-03 
-8.059157199747817e-01  1.437015258219255e+00 -8.059157199747817e-01  1.105848444470587e+00 -8.059157199747817e-01  1.037385289279493e+00 -8.059157199747817e-01  2.511073134341403e-01 -8.059157199747817e-01  1.675530286427875e-03 -8.059157199747817e-01  5.491927968830769e-01 -8.059157199747817e-01  3.145345647424119e-01 -8.059157199747817e-01  2.900472291643657e-03 
-8.019157199747817e-01  1.436196229936957e+00 -8.019157199747817e-01  1.106636557482979e+00 -8.019157199747817e-01  1.036167268410409e+00 -8.019157199747817e-01  2.512830124141443e-01 -8.019157199747817e-01  1.678559763587837e-03 -8.019157199747817e-01  5.503410088830610e-01 -8.019157199747817e-01  3.143833780352678e-01 -8.019157199747817e-01  2.897557166448130e-03 
-7.979157199747817e-01  1.435376972146960e+00 -7.979157199747817e-01  1.107425096721303e+00 -7.979157199747817e-01  1.034949039581288e+00 -7.979157199747817e-01  2.514585890599192e-01 -7.979157199747817e-01  1.681590089650655e-03 -7.979157199747817e-01  5.514900279396798e-01 -7.979157199747817e-01  3.142322633795585e-01 -7.979157199747817e-01  2.894640464699592e-03 
-7.939157199747817e-01  1.434557487656436e+00 -7.939157199747817e-01  1.108214058593631e+00 -7.939157199747817e-01  1.033730605202559e+00 -7.939157199747817e-01  2.516340432937511e-01 -7.939157199747817e-01  1.684621254233385e-03 -7.939157199747817e-01  5.526398466539431e-01 -7.939157199747817e-01  3.140812193332295e-01 -7.939157199747817e-01  2.891722199684070e-03 
-7.899157199747817e-01  1.433737779238732e+00 -7.899157199747817e-01  1.109003439517436e+00 -7.899157199747817e-01  1.032511967663666e+00 -7.899157199747817e-01  2.518093750460555e-01 -7.899157199747817e-01  1.687653247078209e-03 -7.899157199747817e-01  5.537904576888359e-01 -7.899157199747817e-01  3.139302444722774e-01 -7.899157199747817e-01  2.888802384652890e-03 
-7.859157199747817e-01  1.432917849645388e+00 -7.859157199747817e-01  1.109793235962351e+00 -7.859157199747817e-01  1.031293129340569e+00 -7.859157199747817e-01  2.519845842529230e-01 -7.859157199747817e-01  1.690686058007958e-03 -7.859157199747817e-01  5.549418537946024e-01 -7.859157199747817e-01  3.137793373837156e-01 -7.859157199747817e-01  2.885881032664404e-03 
-7.819157199747817e-01  1.432097701598080e+00 -7.819157199747817e-01  1.110583444418821e+00 -7.819157199747817e-01  1.030074092590712e+00 -7.819157199747817e-01  2.521596708577058e-01 -7.819157199747817e-01  1.693719676955939e-03 -7.819157199747817e-01  5.560940277890478e-01 -7.819157199747817e-01  3.136284966703392e-01 -7.819157199747817e-01  2.882958156699978e-03 
-7.779157199747817e-01  1.431277337795593e+00 -7.779157199747817e-01  1.111374061422412e+00 -7.779157199747817e-01  1.028854859757356e+00 -7.779157199747817e-01  2.523346348095793e-01 -7.779157199747817e-01  1.696754093940072e-03 -7.779157199747817e-01  5.572469725716623e-01 -7.779157199747817e-01  3.134777209466366e-01 -7.779157199747817e-01  2.880033769574098e-03 
-7.739157199747817e-01  1.430456760908940e+00 -7.739157199747817e-01  1.112165083534242e+00 -7.739157199747817e-01  1.027635433166540e+00 -7.739157199747817e-01  2.525094760644927e-01 -7.739157199747817e-01  1.699789299081029e-03 -7.739157199747817e-01  5.584006811110660e-01 -7.739157199747817e-01  3.133270088416809e-01 -7.739157199747817e-01  2.877107884006735e-03 
-7.699157199747817e-01  1.429635973586835e+00 -7.699157199747817e-01  1.112956507359595e+00 -7.699157199747817e-01  1.026415815130484e+00 -7.699157199747817e-01  2.526841945840396e-01 -7.699157199747817e-01  1.702825282581958e-03 -7.699157199747817e-01  5.595551464557000e-01 -7.699157199747817e-01  3.131763589959515e-01 -7.699157199747817e-01  2.874180512554481e-03 
-7.659157199747817e-01  1.428814978453667e+00 -7.659157199747817e-01  1.113748329539034e+00 -7.659157199747817e-01  1.025196007946325e+00 -7.659157199747817e-01  2.528587903358309e-01 -7.659157199747817e-01  1.705862034735952e-03 -7.659157199747817e-01  5.607103617277946e-01 -7.659157199747817e-01  3.130257700625322e-01 -7.659157199747817e-01  2.871251667643460e-03 
-7.619157199747817e-01  1.427993778101407e+00 -7.619157199747817e-01  1.114540546716864e+00 -7.619157199747817e-01  1.023976013891025e+00 -7.619157199747817e-01  2.530332632950789e-01 -7.619157199747817e-01  1.708899545956001e-03 -7.619157199747817e-01  5.618663201034996e-01 -7.619157199747817e-01  3.128752407119049e-01 -7.619157199747817e-01  2.868321361685937e-03 
-7.579157199747817e-01  1.427172375111212e+00 -7.579157199747817e-01  1.115333155619759e+00 -7.579157199747817e-01  1.022755835234927e+00 -7.579157199747817e-01  2.532076134402580e-01 -7.579157199747817e-01  1.711937806695110e-03 -7.579157199747817e-01  5.630230148602033e-01 -7.579157199747817e-01  3.127247696192451e-01 -7.579157199747817e-01  2.865389606789500e-03 
-7.539157199747817e-01  1.426350772025655e+00 -7.539157199747817e-01  1.116126152952221e+00 -7.539157199747817e-01  1.021535474224322e+00 -7.539157199747817e-01  2.533818407586088e-01 -7.539157199747817e-01  1.714976807548971e-03 -7.539157199747817e-01  5.641804393121687e-01 -7.539157199747817e-01  3.125743554808192e-01 -7.539157199747817e-01  2.862456415143756e-03 
-7.499157199747817e-01  1.425528971373804e+00 -7.499157199747817e-01  1.116919535488266e+00 -7.499157199747817e-01  1.020314933097173e+00 -7.499157199747817e-01  2.535559452411133e-01 -7.499157199747817e-01  1.718016539163220e-03 -7.499157199747817e-01  5.653385868658400e-01 -7.499157199747817e-01  3.124239969992116e-01 -7.499157199747817e-01  2.859521798681220e-03 
-7.459157199747817e-01  1.424706975656006e+00 -7.459157199747817e-01  1.117713300013464e+00 -7.459157199747817e-01  1.019094214073582e+00 -7.459157199747817e-01  2.537299268854969e-01 -7.459157199747817e-01  1.721056992289763e-03 -7.459157199747817e-01  5.664974509838827e-01 -7.459157199747817e-01  3.122736928923190e-01 -7.459157199747817e-01  2.856585769291612e-03 
-7.419157199747817e-01  1.423884787352645e+00 -7.419157199747817e-01  1.118507443356016e+00 -7.419157199747817e-01  1.017873319361261e+00 -7.419157199747817e-01  2.539037856944547e-01 -7.419157199747817e-01  1.724098157754283e-03 -7.419157199747817e-01  5.676570252035523e-01 -7.419157199747817e-01  3.121234418882152e-01 -7.419157199747817e-01  2.853648338706995e-03 
-7.379157199747817e-01  1.423062408921908e+00 -7.379157199747817e-01  1.119301962377051e+00 -7.379157199747817e-01  1.016652251154143e+00 -7.379157199747817e-01  2.540775216760717e-01 -7.379157199747817e-01  1.727140026464569e-03 -7.379157199747817e-01  5.688173031301862e-01 -7.379157199747817e-01  3.119732427264862e-01 -7.379157199747817e-01  2.850709518537657e-03 
-7.339157199747817e-01  1.422239842797001e+00 -7.339157199747817e-01  1.120096853958880e+00 -7.339157199747817e-01  1.015431011630623e+00 -7.339157199747817e-01  2.542511348443496e-01 -7.339157199747817e-01  1.730182589420848e-03 -7.339157199747817e-01  5.699782784294369e-01 -7.339157199747817e-01  3.118230941598927e-01 -7.339157199747817e-01  2.847769320315496e-03 
-7.299157199747817e-01  1.421417091385965e+00 -7.299157199747817e-01  1.120892115002835e+00 -7.299157199747817e-01  1.014209602953436e+00 -7.299157199747817e-01  2.544246252192075e-01 -7.299157199747817e-01  1.733225837716357e-03 -7.299157199747817e-01  5.711399448253569e-01 -7.299157199747817e-01  3.116729949545136e-01 -7.299157199747817e-01  2.844827755502078e-03 
-7.259157199747817e-01  1.420594157082703e+00 -7.259157199747817e-01  1.121687742469007e+00 -7.259157199747817e-01  1.012988027276594e+00 -7.259157199747817e-01  2.545979928242831e-01 -7.259157199747817e-01  1.736269762496667e-03 -7.259157199747817e-01  5.723022961241486e-01 -7.259157199747817e-01  3.115229438832419e-01 -7.259157199747817e-01  2.841884835341618e-03 
-7.219157199747817e-01  1.419771042252361e+00 -7.219157199747817e-01  1.122483733320435e+00 -7.219157199747817e-01  1.011766286736191e+00 -7.219157199747817e-01  2.547712376897933e-01 -7.219157199747817e-01  1.739314355013686e-03 -7.219157199747817e-01  5.734653261794425e-01 -7.219157199747817e-01  3.113729397344462e-01 -7.219157199747817e-01  2.838940571067430e-03 
-7.179157199747817e-01  1.418947749240355e+00 -7.179157199747817e-01  1.123280084555287e+00 -7.179157199747817e-01  1.010544383456073e+00 -7.179157199747817e-01  2.549443598507263e-01 -7.179157199747817e-01  1.742359606592309e-03 -7.179157199747817e-01  5.746290289114308e-01 -7.179157199747817e-01  3.112229813066703e-01 -7.179157199747817e-01  2.835994973782909e-03 
-7.139157199747816e-01  1.418124280377209e+00 -7.139157199747816e-01  1.124076793223742e+00 -7.139157199747816e-01  1.009322319550884e+00 -7.139157199747816e-01  2.551173593458665e-01 -7.139157199747816e-01  1.745405508612511e-03 -7.139157199747816e-01  5.757933983166782e-01 -7.139157199747816e-01  3.110730674057622e-01 -7.139157199747816e-01  2.833048054399030e-03 
-7.099157199747816e-01  1.417300637959800e+00 -7.099157199747816e-01  1.124873856356388e+00 -7.099157199747816e-01  1.008100097114272e+00 -7.099157199747816e-01  2.552902362214611e-01 -7.099157199747816e-01  1.748452052578684e-03 -7.099157199747816e-01  5.769584284236651e-01 -7.099157199747816e-01  3.109231968560458e-01 -7.099157199747816e-01  2.830099823899264e-03 
-7.059157199747816e-01  1.416476824278257e+00 -7.059157199747816e-01  1.125671271063721e+00 -7.059157199747816e-01  1.006877718235804e+00 -7.059157199747816e-01  2.554629905259075e-01 -7.059157199747816e-01  1.751499230020213e-03 -7.059157199747816e-01  5.781241133532776e-01 -7.059157199747816e-01  3.107733684843463e-01 -7.059157199747816e-01  2.827150292971495e-03 
-7.019157199747816e-01  1.415652841590227e+00 -7.019157199747816e-01  1.126469034438299e+00 -7.019157199747816e-01  1.005655184984780e+00 -7.019157199747816e-01  2.556356223147858e-01 -7.019157199747816e-01  1.754547032586596e-03 -7.019157199747816e-01  5.792904472582294e-01 -7.019157199747816e-01  3.106235811353293e-01 -7.019157199747816e-01  2.824199472369986e-03 
-6.979157199747816e-01  1.414828692142905e+00 -6.979157199747816e-01  1.127267143636054e+00 -6.979157199747816e-01  1.004432499424091e+00 -6.979157199747816e-01  2.558081316465129e-01 -6.979157199747816e-01  1.757595451965993e-03 -6.979157199747816e-01  5.804574243724494e-01 -6.979157199747816e-01  3.104738336584126e-01 -6.979157199747816e-01  2.821247372614518e-03 
-6.939157199747816e-01  1.414004378155300e+00 -6.939157199747816e-01  1.128065595808611e+00 -6.939157199747816e-01  1.003209663599073e+00 -6.939157199747816e-01  2.559805185857993e-01 -6.939157199747816e-01  1.760644479950838e-03 -6.939157199747816e-01  5.816250389690082e-01 -6.939157199747816e-01  3.103241249183289e-01 -6.939157199747816e-01  2.818294004240898e-03 
-6.899157199747816e-01  1.413179901831357e+00 -6.899157199747816e-01  1.128864388151081e+00 -6.899157199747816e-01  1.001986679545749e+00 -6.899157199747816e-01  2.561527832010520e-01 -6.899157199747816e-01  1.763694108389230e-03 -6.899157199747816e-01  5.827932853889340e-01 -6.899157199747816e-01  3.101744537873565e-01 -6.899157199747816e-01  2.815339377624015e-03 
-6.859157199747816e-01  1.412355265360146e+00 -6.859157199747816e-01  1.129663517901598e+00 -6.859157199747816e-01  1.000763549290957e+00 -6.859157199747816e-01  2.563249255643248e-01 -6.859157199747816e-01  1.766744329184305e-03 -6.859157199747816e-01  5.839621580404547e-01 -6.859157199747816e-01  3.100248191452209e-01 -6.859157199747816e-01  2.812383502979658e-03 
-6.819157199747816e-01  1.411530470903108e+00 -6.819157199747816e-01  1.130462982292257e+00 -6.819157199747816e-01  9.995402748443367e-01 -6.819157199747816e-01  2.564969457537911e-01 -6.819157199747816e-01  1.769795134341427e-03 -6.819157199747816e-01  5.851316513683171e-01 -6.819157199747816e-01  3.098752198866961e-01 -6.819157199747816e-01  2.809426390545923e-03 
-6.779157199747816e-01  1.410705520603758e+00 -6.779157199747816e-01  1.131262778584190e+00 -6.779157199747816e-01  9.983168582044201e-01 -6.779157199747816e-01  2.566688438518177e-01 -6.779157199747816e-01  1.772846515932178e-03 -6.779157199747816e-01  5.863017598748422e-01 -6.779157199747816e-01  3.097256549158704e-01 -6.779157199747816e-01  2.806468050453524e-03 
-6.739157199747816e-01  1.409880416593003e+00 -6.739157199747816e-01  1.132062904086367e+00 -6.739157199747816e-01  9.970933013619988e-01 -6.739157199747816e-01  2.568406199439209e-01 -6.739157199747816e-01  1.775898466074852e-03 -6.739157199747816e-01  5.874724781310218e-01 -6.739157199747816e-01  3.095761231429912e-01 -6.739157199747816e-01  2.803508492656227e-03 
-6.699157199747816e-01  1.409055160977429e+00 -6.699157199747816e-01  1.132863356110408e+00 -6.699157199747816e-01  9.958696062927450e-01 -6.699157199747816e-01  2.570122741210231e-01 -6.699157199747816e-01  1.778950976977639e-03 -6.699157199747816e-01  5.886438007482159e-01 -6.699157199747816e-01  3.094266234914611e-01 -6.699157199747816e-01  2.800547727097994e-03 
-6.659157199747816e-01  1.408229755846941e+00 -6.659157199747816e-01  1.133664131998096e+00 -6.659157199747816e-01  9.946457749620262e-01 -6.659157199747816e-01  2.571838064779508e-01 -6.659157199747816e-01  1.782004040910480e-03 -6.659157199747816e-01  5.898157223945988e-01 -6.659157199747816e-01  3.092771548933071e-01 -6.659157199747816e-01  2.797585763611215e-03 
-6.619157199747816e-01  1.407404203275615e+00 -6.619157199747816e-01  1.134465229123366e+00 -6.619157199747816e-01  9.934218093254492e-01 -6.619157199747816e-01  2.573552171132464e-01 -6.619157199747816e-01  1.785057650201804e-03 -6.619157199747816e-01  5.909882377959341e-01 -6.619157199747816e-01  3.091277162886980e-01 -6.619157199747816e-01  2.794622611909349e-03 
-6.579157199747816e-01  1.406578505319732e+00 -6.579157199747816e-01  1.135266644883762e+00 -6.579157199747816e-01  9.921977113276248e-01 -6.579157199747816e-01  2.575265061295390e-01 -6.579157199747816e-01  1.788111797245891e-03 -6.579157199747816e-01  5.921613417298233e-01 -6.579157199747816e-01  3.089783066271341e-01 -6.579157199747816e-01  2.791658281618528e-03 
-6.539157199747816e-01  1.405752664015304e+00 -6.539157199747816e-01  1.136068376690041e+00 -6.539157199747816e-01  9.909734829006146e-01 -6.539157199747816e-01  2.576976736340023e-01 -6.539157199747816e-01  1.791166474511965e-03 -6.539157199747816e-01  5.933350290188534e-01 -6.539157199747816e-01  3.088289248689369e-01 -6.539157199747816e-01  2.788692782316046e-03 
-6.499157199747816e-01  1.404926681381635e+00 -6.499157199747816e-01  1.136870421978255e+00 -6.499157199747816e-01  9.897491259661823e-01 -6.499157199747816e-01  2.578687197376507e-01 -6.499157199747816e-01  1.794221674531077e-03 -6.499157199747816e-01  5.945092945375585e-01 -6.499157199747816e-01  3.086795699831667e-01 -6.499157199747816e-01  2.785726123485574e-03 
-6.459157199747816e-01  1.404100559422903e+00 -6.459157199747816e-01  1.137672778214721e+00 -6.459157199747816e-01  9.885246424367901e-01 -6.459157199747816e-01  2.580396445550142e-01 -6.459157199747816e-01  1.797277389890211e-03 -6.459157199747816e-01  5.956841332150634e-01 -6.459157199747816e-01  3.085302409466802e-01 -6.459157199747816e-01  2.782758314498887e-03 
-6.419157199747816e-01  1.403274300123907e+00 -6.419157199747816e-01  1.138475442878892e+00 -6.419157199747816e-01  9.873000342129288e-01 -6.419157199747816e-01  2.582104482049434e-01 -6.419157199747816e-01  1.800333613247982e-03 -6.419157199747816e-01  5.968595400240558e-01 -6.419157199747816e-01  3.083809367466873e-01 -6.419157199747816e-01  2.779789364679142e-03 
-6.379157199747816e-01  1.402447905456653e+00 -6.379157199747816e-01  1.139278413486957e+00 -6.379157199747816e-01  9.860753031872773e-01 -6.379157199747816e-01  2.583811308093296e-01 -6.379157199747816e-01  1.803390337310395e-03 -6.379157199747816e-01  5.980355099949123e-01 -6.379157199747816e-01  3.082316563768545e-01 -6.379157199747816e-01  2.776819283213626e-03 
-6.339157199747816e-01  1.401621377375381e+00 -6.339157199747816e-01  1.140081687572105e+00 -6.339157199747816e-01  9.848504512415726e-01 -6.339157199747816e-01  2.585516924940420e-01 -6.339157199747816e-01  1.806447554849100e-03 -6.339157199747816e-01  5.992120382030961e-01 -6.339157199747816e-01  3.080823988402818e-01 -6.339157199747816e-01  2.773848079226769e-03 
-6.299157199747816e-01  1.400794717812527e+00 -6.299157199747816e-01  1.140885262668080e+00 -6.299157199747816e-01  9.836254802440664e-01 -6.299157199747816e-01  2.587221333896959e-01 -6.299157199747816e-01  1.809505258716439e-03 -6.299157199747816e-01  6.003891197585296e-01 -6.299157199747816e-01  3.079331631519569e-01 -6.299157199747816e-01  2.770875761840895e-03 
-6.259157199747816e-01  1.399967928692372e+00 -6.259157199747816e-01  1.141689136359796e+00 -6.259157199747816e-01  9.824003920581459e-01 -6.259157199747816e-01  2.588924536290051e-01 -6.259157199747816e-01  1.812563441794895e-03 -6.259157199747816e-01  6.015667498364808e-01 -6.259157199747816e-01  3.077839483305806e-01 -6.259157199747816e-01  2.767902339989092e-03 
-6.219157199747816e-01  1.399141011916995e+00 -6.219157199747816e-01  1.142493306229042e+00 -6.219157199747816e-01  9.811751885334770e-01 -6.219157199747816e-01  2.590626533494737e-01 -6.219157199747816e-01  1.815622097049052e-03 -6.219157199747816e-01  6.027449236435650e-01 -6.219157199747816e-01  3.076347534070298e-01 -6.219157199747816e-01  2.764927822616012e-03 
-6.179157199747816e-01  1.398313969379519e+00 -6.179157199747816e-01  1.143297769903606e+00 -6.179157199747816e-01  9.799498715143720e-01 -6.179157199747816e-01  2.592327326908366e-01 -6.179157199747816e-01  1.818681217476645e-03 -6.179157199747816e-01  6.039236364477177e-01 -6.179157199747816e-01  3.074855774164171e-01 -6.179157199747816e-01  2.761952218496125e-03 
-6.139157199747816e-01  1.397486802956164e+00 -6.139157199747816e-01  1.144102525026213e+00 -6.139157199747816e-01  9.787244428347808e-01 -6.139157199747816e-01  2.594026917965755e-01 -6.139157199747816e-01  1.821740796137930e-03 -6.139157199747816e-01  6.051028835585830e-01 -6.139157199747816e-01  3.073364194028766e-01 -6.139157199747816e-01  2.758975536348709e-03 
-6.099157199747816e-01  1.396659514501029e+00 -6.099157199747816e-01  1.144907569233657e+00 -6.099157199747816e-01  9.774989043150091e-01 -6.099157199747816e-01  2.595725308149013e-01 -6.099157199747816e-01  1.824800826174950e-03 -6.099157199747816e-01  6.062826603141644e-01 -6.099157199747816e-01  3.071872784227304e-01 -6.099157199747816e-01  2.755997784914933e-03 
-6.059157199747816e-01  1.395832105862833e+00 -6.059157199747816e-01  1.145712900219165e+00 -6.059157199747816e-01  9.762732577722927e-01 -6.059157199747816e-01  2.597422498955368e-01 -6.059157199747816e-01  1.827861300749669e-03 -6.059157199747816e-01  6.074629621190623e-01 -6.059157199747816e-01  3.070381535344536e-01 -6.059157199747816e-01  2.753018972727261e-03 
-6.019157199747815e-01  1.395004578871193e+00 -6.019157199747815e-01  1.146518515679557e+00 -6.019157199747815e-01  9.750475050121423e-01 -6.019157199747815e-01  2.599118491923318e-01 -6.019157199747815e-01  1.830922213094683e-03 -6.019157199747815e-01  6.086437844113495e-01 -6.019157199747815e-01  3.068890438069168e-01 -6.019157199747815e-01  2.750039108304826e-03 
-5.979157199747815e-01  1.394176935337746e+00 -5.979157199747815e-01  1.147324413318304e+00 -5.979157199747815e-01  9.738216478290689e-01 -5.979157199747815e-01  2.600813288630381e-01 -5.979157199747815e-01  1.833983556509129e-03 -5.979157199747815e-01  6.098251226640726e-01 -5.979157199747815e-01  3.067399483187675e-01 -5.979157199747815e-01  2.747058200142189e-03 
-5.939157199747815e-01  1.393349177061914e+00 -5.939157199747815e-01  1.148130590866531e+00 -5.939157199747815e-01  9.725956880102202e-01 -5.939157199747815e-01  2.602506890681897e-01 -5.939157199747815e-01  1.837045324337273e-03 -5.939157199747815e-01  6.110069723978787e-01 -5.939157199747815e-01  3.065908661549587e-01 -5.939157199747815e-01  2.744076256631617e-03 
-5.899157199747815e-01  1.392521305838924e+00 -5.899157199747815e-01  1.148937046112417e+00 -5.899157199747815e-01  9.713696273404663e-01 -5.899157199747815e-01  2.604199299695710e-01 -5.899157199747815e-01  1.840107509938941e-03 -5.899157199747815e-01  6.121893291988955e-01 -5.899157199747815e-01  3.064417964019459e-01 -5.899157199747815e-01  2.741093285954345e-03 
-5.859157199747815e-01  1.391693323431732e+00 -5.859157199747815e-01  1.149743776793780e+00 -5.859157199747815e-01  9.701434675846738e-01 -5.859157199747815e-01  2.605890517355547e-01 -5.859157199747815e-01  1.843170106793259e-03 -5.859157199747815e-01  6.133721886517124e-01 -5.859157199747815e-01  3.062927381646094e-01 -5.859157199747815e-01  2.738109296477880e-03 
-5.819157199747815e-01  1.390865231606832e+00 -5.819157199747815e-01  1.150550780732923e+00 -5.819157199747815e-01  9.689172105103395e-01 -5.819157199747815e-01  2.607580545342715e-01 -5.819157199747815e-01  1.846233108366346e-03 -5.819157199747815e-01  6.145555464226805e-01 -5.819157199747815e-01  3.061436905447129e-01 -5.819157199747815e-01  2.735124296257238e-03 
-5.779157199747815e-01  1.390037032101983e+00 -5.779157199747815e-01  1.151358055713198e+00 -5.779157199747815e-01  9.676908578672070e-01 -5.779157199747815e-01  2.609269385397405e-01 -5.779157199747815e-01  1.849296508230538e-03 -5.779157199747815e-01  6.157393981829433e-01 -5.779157199747815e-01  3.059946526603745e-01 -5.779157199747815e-01  2.732138293491519e-03 
-5.739157199747815e-01  1.389208726657266e+00 -5.739157199747815e-01  1.152165599596156e+00 -5.739157199747815e-01  9.664644114069010e-01 -5.739157199747815e-01  2.610957039259556e-01 -5.739157199747815e-01  1.852360299949608e-03 -5.739157199747815e-01  6.169237396808082e-01 -5.739157199747815e-01  3.058456236273329e-01 -5.739157199747815e-01  2.729151296090541e-03 
-5.699157199747815e-01  1.388380316985070e+00 -5.699157199747815e-01  1.152973410206376e+00 -5.699157199747815e-01  9.652378728639812e-01 -5.699157199747815e-01  2.612643508725803e-01 -5.699157199747815e-01  1.855424477189742e-03 -5.699157199747815e-01  6.181085666698685e-01 -5.699157199747815e-01  3.056966025771147e-01 -5.699157199747815e-01  2.726163312100885e-03 
-5.659157199747815e-01  1.387551804790851e+00 -5.659157199747815e-01  1.153781485409588e+00 -5.659157199747815e-01  9.640112439690638e-01 -5.659157199747815e-01  2.614328795609954e-01 -5.659157199747815e-01  1.858489033642806e-03 -5.659157199747815e-01  6.192938749571786e-01 -5.659157199747815e-01  3.055475886445026e-01 -5.659157199747815e-01  2.723174349416960e-03 
-5.619157199747815e-01  1.386723191772193e+00 -5.619157199747815e-01  1.154589823108269e+00 -5.619157199747815e-01  9.627845264482368e-01 -5.619157199747815e-01  2.616012901744672e-01 -5.619157199747815e-01  1.861553963029706e-03 -5.619157199747815e-01  6.204796604001828e-01 -5.619157199747815e-01  3.053985809681070e-01 -5.619157199747815e-01  2.720184415797214e-03 
-5.579157199747815e-01  1.385894479604668e+00 -5.579157199747815e-01  1.155398421186798e+00 -5.579157199747815e-01  9.615577220141545e-01 -5.579157199747815e-01  2.617695829008263e-01 -5.579157199747815e-01  1.864619259152843e-03 -5.579157199747815e-01  6.216659188722827e-01 -5.579157199747815e-01  3.052495786989617e-01 -5.579157199747815e-01  2.717193519067049e-03 
-5.539157199747815e-01  1.385065669959093e+00 -5.539157199747815e-01  1.156207277576350e+00 -5.539157199747815e-01  9.603308323769318e-01 -5.539157199747815e-01  2.619377579291841e-01 -5.539157199747815e-01  1.867684915832148e-03 -5.539157199747815e-01  6.228526463028418e-01 -5.539157199747815e-01  3.051005809900901e-01 -5.539157199747815e-01  2.714201666878766e-03 
-5.499157199747815e-01  1.384236764490499e+00 -5.499157199747815e-01  1.157016390212030e+00 -5.499157199747815e-01  9.591038592372061e-01 -5.499157199747815e-01  2.621058154520172e-01 -5.499157199747815e-01  1.870750926945961e-03 -5.499157199747815e-01  6.240398386502120e-01 -5.499157199747815e-01  3.049515870031993e-01 -5.499157199747815e-01  2.711208866870143e-03 
-5.459157199747815e-01  1.383407764837505e+00 -5.459157199747815e-01  1.157825757029639e+00 -5.459157199747815e-01  9.578768042857417e-01 -5.459157199747815e-01  2.622737556652764e-01 -5.459157199747815e-01  1.873817286433339e-03 -5.459157199747815e-01  6.252274918993669e-01 -5.459157199747815e-01  3.048025959090799e-01 -5.459157199747815e-01  2.708215126676386e-03 
-5.419157199747815e-01  1.382578672633985e+00 -5.419157199747815e-01  1.158635376009167e+00 -5.419157199747815e-01  9.566496692108234e-01 -5.419157199747815e-01  2.624415787661745e-01 -5.419157199747815e-01  1.876883988250872e-03 -5.419157199747815e-01  6.264156020886603e-01 -5.419157199747815e-01  3.046536068805717e-01 -5.419157199747815e-01  2.705220453769214e-03 
-5.379157199747815e-01  1.381749489498568e+00 -5.379157199747815e-01  1.159445245134055e+00 -5.379157199747815e-01  9.554224556916318e-01 -5.379157199747815e-01  2.626092849551633e-01 -5.379157199747815e-01  1.879951026411520e-03 -5.379157199747815e-01  6.276041652841527e-01 -5.379157199747815e-01  3.045046190989307e-01 -5.379157199747815e-01  2.702224855607648e-03 
-5.339157199747815e-01  1.380920217037774e+00 -5.339157199747815e-01  1.160255362402308e+00 -5.339157199747815e-01  9.541951654002399e-01 -5.339157199747815e-01  2.627768744353378e-01 -5.339157199747815e-01  1.883018394973074e-03 -5.339157199747815e-01  6.287931775862083e-01 -5.339157199747815e-01  3.043556317519457e-01 -5.339157199747815e-01  2.699228339596782e-03 
-5.299157199747815e-01  1.380090856848310e+00 -5.299157199747815e-01  1.161065725834358e+00 -5.299157199747815e-01  9.529678000030735e-01 -5.299157199747815e-01  2.629443474119929e-01 -5.299157199747815e-01  1.886086088029572e-03 -5.299157199747815e-01  6.299826351340858e-01 -5.299157199747815e-01  3.042066440325773e-01 -5.299157199747815e-01  2.696230913058777e-03 
-5.259157199747815e-01  1.379261410515928e+00 -5.259157199747815e-01  1.161876333467925e+00 -5.259157199747815e-01  9.517403611602149e-01 -5.259157199747815e-01  2.631117040928380e-01 -5.259157199747815e-01  1.889154099715599e-03 -5.259157199747815e-01  6.311725341024340e-01 -5.259157199747815e-01  3.040576551396648e-01 -5.259157199747815e-01  2.693232583251833e-03 
-5.219157199747815e-01  1.378431879613489e+00 -5.219157199747815e-01  1.162687183349922e+00 -5.219157199747815e-01  9.505128505241822e-01 -5.219157199747815e-01  2.632789446883527e-01 -5.219157199747815e-01  1.892222424213423e-03 -5.219157199747815e-01  6.323628706959424e-01 -5.219157199747815e-01  3.039086642791082e-01 -5.219157199747815e-01  2.690233357400185e-03 
-5.179157199747815e-01  1.377602265701620e+00 -5.179157199747815e-01  1.163498273537965e+00 -5.179157199747815e-01  9.492852697403684e-01 -5.179157199747815e-01  2.634460694116567e-01 -5.179157199747815e-01  1.895291055750543e-03 -5.179157199747815e-01  6.335536411499745e-01 -5.179157199747815e-01  3.037596706635174e-01 -5.179157199747815e-01  2.687233242688428e-03 
-5.139157199747815e-01  1.376772570333331e+00 -5.139157199747815e-01  1.164309602117415e+00 -5.139157199747815e-01  9.480576204499693e-01 -5.139157199747815e-01  2.636130784776408e-01 -5.139157199747815e-01  1.898359988582654e-03 -5.139157199747815e-01  6.347448417409175e-01 -5.139157199747815e-01  3.036106735093958e-01 -5.139157199747815e-01  2.684232246198581e-03 
-5.099157199747815e-01  1.375942795046723e+00 -5.099157199747815e-01  1.165121167172585e+00 -5.099157199747815e-01  9.468299042853923e-01 -5.099157199747815e-01  2.637799721043270e-01 -5.099157199747815e-01  1.901429217020566e-03 -5.099157199747815e-01  6.359364687679128e-01 -5.099157199747815e-01  3.034616720416187e-01 -5.099157199747815e-01  2.681230375016492e-03 
-5.059157199747815e-01  1.375112941375648e+00 -5.059157199747815e-01  1.165932966826898e+00 -5.059157199747815e-01  9.456021228770062e-01 -5.059157199747815e-01  2.639467505108710e-01 -5.059157199747815e-01  1.904498735390826e-03 -5.059157199747815e-01  6.371285185776401e-01 -5.059157199747815e-01  3.033126654869353e-01 -5.059157199747815e-01  2.678227636083385e-03 
-5.019157199747815e-01  1.374283010834227e+00 -5.019157199747815e-01  1.166744999182701e+00 -5.019157199747815e-01  9.443742778433806e-01 -5.019157199747815e-01  2.641134139204507e-01 -5.019157199747815e-01  1.907568538092947e-03 -5.019157199747815e-01  6.383209875264646e-01 -5.019157199747815e-01  3.031636530834531e-01 -5.019157199747815e-01  2.675224036418417e-03 
-4.979157199747815e-01  1.373453004936779e+00 -4.979157199747815e-01  1.167557262396918e+00 -4.979157199747815e-01  9.431463708038879e-01 -4.979157199747815e-01  2.642799625565406e-01 -4.979157199747815e-01  1.910638619525718e-03 -4.979157199747815e-01  6.395138720273845e-01 -4.979157199747815e-01  3.030146340684850e-01 -4.979157199747815e-01  2.672219582838889e-03 
-4.939157199747815e-01  1.372622925180944e+00 -4.939157199747815e-01  1.168369754615683e+00 -4.939157199747815e-01  9.419184033680617e-01 -4.939157199747815e-01  2.644463966460606e-01 -4.939157199747815e-01  1.913708974149642e-03 -4.939157199747815e-01  6.407071685089534e-01 -4.939157199747815e-01  3.028656076888640e-01 -4.939157199747815e-01  2.669214282201997e-03 
-4.899157199747814e-01  1.371792773056538e+00 -4.899157199747814e-01  1.169182474007459e+00 -4.899157199747814e-01  9.406903771412014e-01 -4.899157199747814e-01  2.646127164177159e-01 -4.899157199747814e-01  1.916779596454110e-03 -4.899157199747814e-01  6.419008734356731e-01 -4.899157199747814e-01  3.027165731955684e-01 -4.899157199747814e-01  2.666208141282358e-03 
-4.859157199747814e-01  1.370962550040512e+00 -4.859157199747814e-01  1.169995418743026e+00 -4.859157199747814e-01  9.394622937212086e-01 -4.859157199747814e-01  2.647789221029360e-01 -4.859157199747814e-01  1.919850480976109e-03 -4.859157199747814e-01  6.430949832952332e-01 -4.859157199747814e-01  3.025675298468155e-01 -4.859157199747814e-01  2.663201166846017e-03 
-4.819157199747814e-01  1.370132257604306e+00 -4.819157199747814e-01  1.170808587022979e+00 -4.819157199747814e-01  9.382341547032548e-01 -4.819157199747814e-01  2.649450139345044e-01 -4.819157199747814e-01  1.922921622273056e-03 -4.819157199747814e-01  6.442894946154304e-01 -4.819157199747814e-01  3.024184769035796e-01 -4.819157199747814e-01  2.660193365548728e-03 
-4.779157199747814e-01  1.369301897208521e+00 -4.779157199747814e-01  1.171621977056501e+00 -4.779157199747814e-01  9.370059616764259e-01 -4.779157199747814e-01  2.651109921475449e-01 -4.779157199747814e-01  1.925993014942409e-03 -4.779157199747814e-01  6.454844039506343e-01 -4.779157199747814e-01  3.022694136328825e-01 -4.779157199747814e-01  2.657184744014482e-03 
-4.739157199747814e-01  1.368471470300329e+00 -4.739157199747814e-01  1.172435587050810e+00 -4.739157199747814e-01  9.357777162221017e-01 -4.739157199747814e-01  2.652768569800001e-01 -4.739157199747814e-01  1.929064653631314e-03 -4.739157199747814e-01  6.466797078749353e-01 -4.739157199747814e-01  3.021203393093874e-01 -4.739157199747814e-01  2.654175308874548e-03 
-4.699157199747814e-01  1.367640978325810e+00 -4.699157199747814e-01  1.173249415257716e+00 -4.699157199747814e-01  9.345494199217803e-01 -4.699157199747814e-01  2.654426086703399e-01 -4.699157199747814e-01  1.932136532990947e-03 -4.699157199747814e-01  6.478754030110012e-01 -4.699157199747814e-01  3.019712532078723e-01 -4.699157199747814e-01  2.651165066595240e-03 
-4.659157199747814e-01  1.366810422711926e+00 -4.659157199747814e-01  1.174063459903896e+00 -4.659157199747814e-01  9.333210743456923e-01 -4.659157199747814e-01  2.656082474609029e-01 -4.659157199747814e-01  1.935208647743201e-03 -4.659157199747814e-01  6.490714859862217e-01 -4.659157199747814e-01  3.018221546142723e-01 -4.659157199747814e-01  2.648154023735855e-03 
-4.619157199747814e-01  1.365979804886100e+00 -4.619157199747814e-01  1.174877719265152e+00 -4.619157199747814e-01  9.320926810652058e-01 -4.619157199747814e-01  2.657737735942685e-01 -4.619157199747814e-01  1.938280992608295e-03 -4.619157199747814e-01  6.502679534789031e-01 -4.619157199747814e-01  3.016730428137318e-01 -4.619157199747814e-01  2.645142186673969e-03 
-4.579157199747814e-01  1.365149126258691e+00 -4.579157199747814e-01  1.175692191598608e+00 -4.579157199747814e-01  9.308642416417532e-01 -4.579157199747814e-01  2.659391873164952e-01 -4.579157199747814e-01  1.941353562369510e-03 -4.579157199747814e-01  6.514648021756105e-01 -4.579157199747814e-01  3.015239171013440e-01 -4.579157199747814e-01  2.642129561856230e-03 
-4.539157199747814e-01  1.364318388238707e+00 -4.539157199747814e-01  1.176506875202381e+00 -4.539157199747814e-01  9.296357576367966e-01 -4.539157199747814e-01  2.661044888742166e-01 -4.539157199747814e-01  1.944426351815135e-03 -4.539157199747814e-01  6.526620288082651e-01 -4.539157199747814e-01  3.013747767725318e-01 -4.539157199747814e-01  2.639116155577694e-03 
-4.499157199747814e-01  1.363487592219701e+00 -4.499157199747814e-01  1.177321768360660e+00 -4.499157199747814e-01  9.284072306029250e-01 -4.499157199747814e-01  2.662696785172475e-01 -4.499157199747814e-01  1.947499355790652e-03 -4.499157199747814e-01  6.538596301195270e-01 -4.499157199747814e-01  3.012256211317382e-01 -4.499157199747814e-01  2.636101974184935e-03 
-4.459157199747814e-01  1.362656739594347e+00 -4.459157199747814e-01  1.178136869399065e+00 -4.459157199747814e-01  9.271786620930893e-01 -4.459157199747814e-01  2.664347564958917e-01 -4.459157199747814e-01  1.950572569144789e-03 -4.459157199747814e-01  6.550576028972245e-01 -4.459157199747814e-01  3.010764494834871e-01 -4.459157199747814e-01  2.633087023871228e-03 
-4.419157199747814e-01  1.361825831736252e+00 -4.419157199747814e-01  1.178952176614236e+00 -4.419157199747814e-01  9.259500536491183e-01 -4.419157199747814e-01  2.665997230642929e-01 -4.419157199747814e-01  1.953645986796770e-03 -4.419157199747814e-01  6.562559439300203e-01 -4.419157199747814e-01  3.009272611435644e-01 -4.419157199747814e-01  2.630071310937088e-03 
-4.379157199747814e-01  1.360994870023814e+00 -4.379157199747814e-01  1.179767688364702e+00 -4.379157199747814e-01  9.247214068168328e-01 -4.379157199747814e-01  2.667645784760411e-01 -4.379157199747814e-01  1.956719603648115e-03 -4.379157199747814e-01  6.574546500641018e-01 -4.379157199747814e-01  3.007780554243966e-01 -4.379157199747814e-01  2.627054841454118e-03 
-4.339157199747814e-01  1.360163855815939e+00 -4.339157199747814e-01  1.180583402977051e+00 -4.339157199747814e-01  9.234927231306997e-01 -4.339157199747814e-01  2.669293229886445e-01 -4.339157199747814e-01  1.959793414672450e-03 -4.339157199747814e-01  6.586537181441838e-01 -4.339157199747814e-01  3.006288316499787e-01 -4.339157199747814e-01  2.624037621612017e-03 
-4.299157199747814e-01  1.359332790468872e+00 -4.299157199747814e-01  1.181399318809886e+00 -4.299157199747814e-01  9.222640041245087e-01 -4.299157199747814e-01  2.670939568604284e-01 -4.299157199747814e-01  1.962867414853216e-03 -4.299157199747814e-01  6.598531450533347e-01 -4.299157199747814e-01  3.004795891455640e-01 -4.299157199747814e-01  2.621019657482102e-03 
-4.259157199747814e-01  1.358501675334184e+00 -4.259157199747814e-01  1.182215434245646e+00 -4.259157199747814e-01  9.210352513301098e-01 -4.259157199747814e-01  2.672584803509124e-01 -4.259157199747814e-01  1.965941599191164e-03 -4.259157199747814e-01  6.610529277076640e-01 -4.259157199747814e-01  3.003303272388855e-01 -4.259157199747814e-01  2.618000955047524e-03 
-4.219157199747814e-01  1.357670511744923e+00 -4.219157199747814e-01  1.183031747636495e+00 -4.219157199747814e-01  9.198064662686747e-01 -4.219157199747814e-01  2.674228937233498e-01 -4.219157199747814e-01  1.969015962755579e-03 -4.219157199747814e-01  6.622530630221491e-01 -4.219157199747814e-01  3.001810452687481e-01 -4.219157199747814e-01  2.614981520403398e-03 
-4.179157199747814e-01  1.356839301038596e+00 -4.179157199747814e-01  1.183848257392294e+00 -4.179157199747814e-01  9.185776504652623e-01 -4.179157199747814e-01  2.675871972405089e-01 -4.179157199747814e-01  1.972090500599179e-03 -4.179157199747814e-01  6.634535479656025e-01 -4.179157199747814e-01  3.000317425708559e-01 -4.179157199747814e-01  2.611961359431448e-03 
-4.139157199747814e-01  1.356008044538481e+00 -4.139157199747814e-01  1.184664961908074e+00 -4.139157199747814e-01  9.173488054370142e-01 -4.139157199747814e-01  2.677513911681093e-01 -4.139157199747814e-01  1.975165207827391e-03 -4.139157199747814e-01  6.646543795149729e-01 -4.139157199747814e-01  2.998824184893554e-01 -4.139157199747814e-01  2.608940478068245e-03 
-4.099157199747814e-01  1.355176743562489e+00 -4.099157199747814e-01  1.185481859597477e+00 -4.099157199747814e-01  9.161199326987808e-01 -4.099157199747814e-01  2.679154757731907e-01 -4.099157199747814e-01  1.978240079565448e-03 -4.099157199747814e-01  6.658555546761058e-01 -4.099157199747814e-01  2.997330723713987e-01 -4.099157199747814e-01  2.605918882181481e-03 
-4.059157199747814e-01  1.354345399417371e+00 -4.059157199747814e-01  1.186298948869874e+00 -4.059157199747814e-01  9.148910337594758e-01 -4.059157199747814e-01  2.680794513251784e-01 -4.059157199747814e-01  1.981315110979877e-03 -4.059157199747814e-01  6.670570704691806e-01 -4.059157199747814e-01  2.995837035707437e-01 -4.059157199747814e-01  2.602896577654728e-03 
-4.019157199747814e-01  1.353514013409997e+00 -4.019157199747814e-01  1.187116228173320e+00 -4.019157199747814e-01  9.136621101292473e-01 -4.019157199747814e-01  2.682433180938226e-01 -4.019157199747814e-01  1.984390297236761e-03 -4.019157199747814e-01  6.682589239554714e-01 -4.019157199747814e-01  2.994343114407799e-01 -4.019157199747814e-01  2.599873570228390e-03 
-3.979157199747814e-01  1.352682586835405e+00 -3.979157199747814e-01  1.187933695947812e+00 -3.979157199747814e-01  9.124331633119218e-01 -3.979157199747814e-01  2.684070763513838e-01 -3.979157199747814e-01  1.987465633545944e-03 -3.979157199747814e-01  6.694611122077980e-01 -3.979157199747814e-01  2.992848953419621e-01 -3.979157199747814e-01  2.596849865672738e-03 
-3.939157199747814e-01  1.351851120981657e+00 -3.939157199747814e-01  1.188751350643506e+00 -3.939157199747814e-01  9.112041948081067e-01 -3.939157199747814e-01  2.685707263717482e-01 -3.939157199747814e-01  1.990541115143074e-03 -3.939157199747814e-01  6.706636323217717e-01 -3.939157199747814e-01  2.991354546388090e-01 -3.939157199747814e-01  2.593825469720421e-03 
-3.899157199747814e-01  1.351019617130078e+00 -3.899157199747814e-01  1.189569190721019e+00 -3.899157199747814e-01  9.099752061153672e-01 -3.899157199747814e-01  2.687342684303852e-01 -3.899157199747814e-01  1.993616737288728e-03 -3.899157199747814e-01  6.718664814157838e-01 -3.899157199747814e-01  2.989859886997882e-01 -3.899157199747814e-01  2.590800388065415e-03 
-3.859157199747814e-01  1.350188076556809e+00 -3.859157199747814e-01  1.190387214656951e+00 -3.859157199747814e-01  9.087461987292262e-01 -3.859157199747814e-01  2.688977028040677e-01 -3.859157199747814e-01  1.996692495262646e-03 -3.859157199747814e-01  6.730696566342809e-01 -3.859157199747814e-01  2.988364968963554e-01 -3.859157199747814e-01  2.587774626342572e-03 
-3.819157199747814e-01  1.349356500531398e+00 -3.819157199747814e-01  1.191205420937766e+00 -3.819157199747814e-01  9.075171741423006e-01 -3.819157199747814e-01  2.690610297711311e-01 -3.819157199747814e-01  1.999768384368933e-03 -3.819157199747814e-01  6.742731551437317e-01 -3.819157199747814e-01  2.986869786038674e-01 -3.819157199747814e-01  2.584748190150272e-03 
-3.779157199747814e-01  1.348524890312146e+00 -3.779157199747814e-01  1.192023808041354e+00 -3.779157199747814e-01  9.062881338413745e-01 -3.779157199747814e-01  2.692242496123247e-01 -3.779157199747814e-01  2.002844399953355e-03 -3.779157199747814e-01  6.754769741208517e-01 -3.779157199747814e-01  2.985374332044781e-01 -3.779157199747814e-01  2.581721085118568e-03 
-3.739157199747813e-01  1.347693247161607e+00 -3.739157199747813e-01  1.192842374496364e+00 -3.739157199747813e-01  9.050590793172371e-01 -3.739157199747813e-01  2.693873626079938e-01 -3.739157199747813e-01  2.005920537345878e-03 -3.739157199747813e-01  6.766811107897074e-01 -3.739157199747813e-01  2.983878600775306e-01 -3.739157199747813e-01  2.578693316689835e-03 
-3.699157199747813e-01  1.346861572322301e+00 -3.699157199747813e-01  1.193661118787799e+00 -3.699157199747813e-01  9.038300120493314e-01 -3.699157199747813e-01  2.695503690424975e-01 -3.699157199747813e-01  2.008996791950617e-03 -3.699157199747813e-01  6.778855623621930e-01 -3.699157199747813e-01  2.982382586146710e-01 -3.699157199747813e-01  2.575664890467810e-03 
-3.659157199747813e-01  1.346029867042998e+00 -3.659157199747813e-01  1.194480039458005e+00 -3.659157199747813e-01  9.026009335224223e-01 -3.659157199747813e-01  2.697132691994402e-01 -3.659157199747813e-01  2.012073159148547e-03 -3.659157199747813e-01  6.790903261013354e-01 -3.659157199747813e-01  2.980886282035373e-01 -3.659157199747813e-01  2.572635811844172e-03 
-3.619157199747813e-01  1.345198132559188e+00 -3.619157199747813e-01  1.195299135030811e+00 -3.619157199747813e-01  9.013718452142461e-01 -3.619157199747813e-01  2.698760633652181e-01 -3.619157199747813e-01  2.015149634369769e-03 -3.619157199747813e-01  6.802953992734212e-01 -3.619157199747813e-01  2.979389682399005e-01 -3.619157199747813e-01  2.569606086279081e-03 
-3.579157199747813e-01  1.344366370101207e+00 -3.579157199747813e-01  1.196118404042252e+00 -3.579157199747813e-01  9.001427486006854e-01 -3.579157199747813e-01  2.700387518275485e-01 -3.579157199747813e-01  2.018226213063455e-03 -3.579157199747813e-01  6.815007791671353e-01 -3.579157199747813e-01  2.977892781226560e-01 -3.579157199747813e-01  2.566575719187564e-03 
-3.539157199747813e-01  1.343534580894861e+00 -3.539157199747813e-01  1.196937845042533e+00 -3.539157199747813e-01  8.989136451561932e-01 -3.539157199747813e-01  2.702013348753614e-01 -3.539157199747813e-01  2.021302890695500e-03 -3.539157199747813e-01  6.827064630946222e-01 -3.539157199747813e-01  2.976395572534407e-01 -3.539157199747813e-01  2.563544715932197e-03 
-3.499157199747813e-01  1.342702766157822e+00 -3.499157199747813e-01  1.197757456581549e+00 -3.499157199747813e-01  8.976845363515302e-01 -3.499157199747813e-01  2.703638127994578e-01 -3.499157199747813e-01  2.024379662761945e-03 -3.499157199747813e-01  6.839124483822082e-01 -3.499157199747813e-01  2.974898050389063e-01 -3.499157199747813e-01  2.560513081876739e-03 
-3.459157199747813e-01  1.341870927105786e+00 -3.459157199747813e-01  1.198577237232298e+00 -3.459157199747813e-01  8.964554236576915e-01 -3.459157199747813e-01  2.705261858913973e-01 -3.459157199747813e-01  2.027456524766077e-03 -3.459157199747813e-01  6.851187323849580e-01 -3.459157199747813e-01  2.973400208868799e-01 -3.459157199747813e-01  2.557480822299473e-03 
-3.419157199747813e-01  1.341039064948816e+00 -3.419157199747813e-01  1.199397185576065e+00 -3.419157199747813e-01  8.952263085436198e-01 -3.419157199747813e-01  2.706884544441691e-01 -3.419157199747813e-01  2.030533472232065e-03 -3.419157199747813e-01  6.863253124771896e-01 -3.419157199747813e-01  2.971902042086911e-01 -3.419157199747813e-01  2.554447942448049e-03 
-3.379157199747813e-01  1.340207180887458e+00 -3.379157199747813e-01  1.200217300187017e+00 -3.379157199747813e-01  8.939971924737622e-01 -3.379157199747813e-01  2.708506187528900e-01 -3.379157199747813e-01  2.033610500719229e-03 -3.379157199747813e-01  6.875321860426113e-01 -3.379157199747813e-01  2.970403544215954e-01 -3.379157199747813e-01  2.551414447596399e-03 
-3.339157199747813e-01  1.339375276120440e+00 -3.339157199747813e-01  1.201037579661488e+00 -3.339157199747813e-01  8.927680769129831e-01 -3.339157199747813e-01  2.710126791134297e-01 -3.339157199747813e-01  2.036687605793680e-03 -3.339157199747813e-01  6.887393504925929e-01 -3.339157199747813e-01  2.968904709439945e-01 -3.339157199747813e-01  2.548380342936553e-03 
-3.299157199747813e-01  1.338543351839651e+00 -3.299157199747813e-01  1.201858022597977e+00 -3.299157199747813e-01  8.915389633234034e-01 -3.299157199747813e-01  2.711746358233128e-01 -3.299157199747813e-01  2.039764783046775e-03 -3.299157199747813e-01  6.899468032534026e-01 -3.299157199747813e-01  2.967405531985976e-01 -3.299157199747813e-01  2.545345633652437e-03 
-3.259157199747813e-01  1.337711409231139e+00 -3.259157199747813e-01  1.202678627600591e+00 -3.259157199747813e-01  8.903098531650586e-01 -3.259157199747813e-01  2.713364891815476e-01 -3.259157199747813e-01  2.042842028091482e-03 -3.259157199747813e-01  6.911545417682238e-01 -3.259157199747813e-01  2.965906006118123e-01 -3.259157199747813e-01  2.542310324907279e-03 
-3.219157199747813e-01  1.336879449478200e+00 -3.219157199747813e-01  1.203499393290539e+00 -3.219157199747813e-01  8.890807478978908e-01 -3.219157199747813e-01  2.714982394880774e-01 -3.219157199747813e-01  2.045919336550962e-03 -3.219157199747813e-01  6.923625635042402e-01 -3.219157199747813e-01  2.964406126118280e-01 -3.219157199747813e-01  2.539274421801044e-03 
-3.179157199747813e-01  1.336047473756016e+00 -3.179157199747813e-01  1.204320318284840e+00 -3.179157199747813e-01  8.878516489783657e-01 -3.179157199747813e-01  2.716598870447473e-01 -3.179157199747813e-01  2.048996704078377e-03 -3.179157199747813e-01  6.935708659390577e-01 -3.179157199747813e-01  2.962905886320006e-01 -3.179157199747813e-01  2.536237929449203e-03 
-3.139157199747813e-01  1.335215483237242e+00 -3.139157199747813e-01  1.205141401217481e+00 -3.139157199747813e-01  8.866225578630538e-01 -3.139157199747813e-01  2.718214321543083e-01 -3.139157199747813e-01  2.052074126336248e-03 -3.139157199747813e-01  6.947794465738859e-01 -3.139157199747813e-01  2.961405281073747e-01 -3.139157199747813e-01  2.533200852904456e-03 
-3.099157199747813e-01  1.334383479091149e+00 -3.099157199747813e-01  1.205962640735662e+00 -3.099157199747813e-01  8.853934760081054e-01 -3.099157199747813e-01  2.719828751205784e-01 -3.099157199747813e-01  2.055151598999615e-03 -3.099157199747813e-01  6.959883029310234e-01 -3.099157199747813e-01  2.959904304752320e-01 -3.099157199747813e-01  2.530163197170624e-03 
-3.059157199747813e-01  1.333551462480336e+00 -3.059157199747813e-01  1.206784035486631e+00 -3.059157199747813e-01  8.841644048671979e-01 -3.059157199747813e-01  2.721442162490356e-01 -3.059157199747813e-01  2.058229117768161e-03 -3.059157199747813e-01  6.971974325454097e-01 -3.059157199747813e-01  2.958402951771689e-01 -3.059157199747813e-01  2.527124967251354e-03 
-3.019157199747813e-01  1.332719434556852e+00 -3.019157199747813e-01  1.207605584102108e+00 -3.019157199747813e-01  8.829353458891024e-01 -3.019157199747813e-01  2.723054558475186e-01 -3.019157199747813e-01  2.061306678380634e-03 -3.019157199747813e-01  6.984068329546571e-01 -3.019157199747813e-01  2.956901216615681e-01 -3.019157199747813e-01  2.524086168207741e-03 
-2.979157199747813e-01  1.331887396479312e+00 -2.979157199747813e-01  1.208427285264180e+00 -2.979157199747813e-01  8.817063005285677e-01 -2.979157199747813e-01  2.724665942231718e-01 -2.979157199747813e-01  2.064384276551463e-03 -2.979157199747813e-01  6.996165017404457e-01 -2.979157199747813e-01  2.955399093728682e-01 -2.979157199747813e-01  2.521046804914581e-03 
-2.939157199747813e-01  1.331055349396863e+00 -2.939157199747813e-01  1.209249137642749e+00 -2.939157199747813e-01  8.804772702361827e-01 -2.939157199747813e-01  2.726276316853224e-01 -2.939157199747813e-01  2.067461908030141e-03 -2.939157199747813e-01  7.008264364889384e-01 -2.939157199747813e-01  2.953896577616404e-01 -2.939157199747813e-01  2.518006882291677e-03 
-2.899157199747813e-01  1.330223294451118e+00 -2.899157199747813e-01  1.210071139902560e+00 -2.899157199747813e-01  8.792482564596277e-01 -2.899157199747813e-01  2.727885685451336e-01 -2.899157199747813e-01  2.070539568593969e-03 -2.899157199747813e-01  7.020366347950843e-01 -2.899157199747813e-01  2.952393662834086e-01 -2.899157199747813e-01  2.514966405278031e-03 
-2.859157199747813e-01  1.329391232786203e+00 -2.859157199747813e-01  1.210893290741619e+00 -2.859157199747813e-01  8.780192606500760e-01 -2.859157199747813e-01  2.729494051138273e-01 -2.859157199747813e-01  2.073617254010994e-03 -2.859157199747813e-01  7.032470942866834e-01 -2.859157199747813e-01  2.950890343923551e-01 -2.859157199747813e-01  2.511925378689489e-03 
-2.819157199747813e-01  1.328559165534879e+00 -2.819157199747813e-01  1.211715588837133e+00 -2.819157199747813e-01  8.767902842534243e-01 -2.819157199747813e-01  2.731101417051608e-01 -2.819157199747813e-01  2.076694960091311e-03 -2.819157199747813e-01  7.044578125901763e-01 -2.819157199747813e-01  2.949386615500496e-01 -2.819157199747813e-01  2.508883807418921e-03 
-2.779157199747813e-01  1.327727093828114e+00 -2.779157199747813e-01  1.212538032881945e+00 -2.779157199747813e-01  8.755613287163906e-01 -2.779157199747813e-01  2.732707786337270e-01 -2.779157199747813e-01  2.079772682651595e-03 -2.779157199747813e-01  7.056687873534614e-01 -2.779157199747813e-01  2.947882472194814e-01 -2.779157199747813e-01  2.505841696301301e-03 
-2.739157199747813e-01  1.326895018796483e+00 -2.739157199747813e-01  1.213360621589747e+00 -2.739157199747813e-01  8.743323954874326e-01 -2.739157199747813e-01  2.734313162147187e-01 -2.739157199747813e-01  2.082850417510016e-03 -2.739157199747813e-01  7.068800162490763e-01 -2.739157199747813e-01  2.946377908641635e-01 -2.739157199747813e-01  2.502799050094536e-03 
-2.699157199747813e-01  1.326062941563689e+00 -2.699157199747813e-01  1.214183353669349e+00 -2.699157199747813e-01  8.731034860126721e-01 -2.699157199747813e-01  2.735917547650859e-01 -2.699157199747813e-01  2.085928160510152e-03 -2.699157199747813e-01  7.080914969578121e-01 -2.699157199747813e-01  2.944872919522593e-01 -2.699157199747813e-01  2.499755873574558e-03 
-2.659157199747813e-01  1.325230863249421e+00 -2.659157199747813e-01  1.215006227835494e+00 -2.659157199747813e-01  8.718746017377308e-01 -2.659157199747813e-01  2.737520946030355e-01 -2.659157199747813e-01  2.089005907510427e-03 -2.659157199747813e-01  7.093032271754126e-01 -2.659157199747813e-01  2.943367499547800e-01 -2.659157199747813e-01  2.496712171495355e-03 
-2.619157199747812e-01  1.324398784970260e+00 -2.619157199747812e-01  1.215829242811771e+00 -2.619157199747812e-01  8.706457441083455e-01 -2.619157199747812e-01  2.739123360478792e-01 -2.619157199747812e-01  2.092083654380761e-03 -2.619157199747812e-01  7.105152046142774e-01 -2.619157199747812e-01  2.941861643450627e-01 -2.619157199747812e-01  2.493667948578198e-03 
-2.579157199747812e-01  1.323566707840031e+00 -2.579157199747812e-01  1.216652397331703e+00 -2.579157199747812e-01  8.694169145706112e-01 -2.579157199747812e-01  2.740724794199790e-01 -2.579157199747812e-01  2.095161397001263e-03 -2.579157199747812e-01  7.117274270040252e-01 -2.579157199747812e-01  2.940355345985436e-01 -2.579157199747812e-01  2.490623209507631e-03 
-2.539157199747812e-01  1.322734632966716e+00 -2.539157199747812e-01  1.217475690126287e+00 -2.539157199747812e-01  8.681881145690677e-01 -2.539157199747812e-01  2.742325250413042e-01 -2.539157199747812e-01  2.098239131273675e-03 -2.539157199747812e-01  7.129398920834966e-01 -2.539157199747812e-01  2.938848601947407e-01 -2.539157199747812e-01  2.487577958977511e-03 
-2.499157199747812e-01  1.321902561455116e+00 -2.499157199747812e-01  1.218299119933935e+00 -2.499157199747812e-01  8.669593455484033e-01 -2.499157199747812e-01  2.743924732349651e-01 -2.499157199747812e-01  2.101316853111471e-03 -2.499157199747812e-01  7.141525976069087e-01 -2.499157199747812e-01  2.937341406155898e-01 -2.499157199747812e-01  2.484532201654313e-03 
-2.459157199747812e-01  1.321070494409331e+00 -2.459157199747812e-01  1.219122685509602e+00 -2.459157199747812e-01  8.657306089550769e-01 -2.459157199747812e-01  2.745523243247870e-01 -2.459157199747812e-01  2.104394558430744e-03 -2.459157199747812e-01  7.153655413494896e-01 -2.459157199747812e-01  2.935833753439073e-01 -2.459157199747812e-01  2.481485942143256e-03 
-2.419157199747812e-01  1.320238432928642e+00 -2.419157199747812e-01  1.219946385608563e+00 -2.419157199747812e-01  8.645019062347260e-01 -2.419157199747812e-01  2.747120786360458e-01 -2.419157199747812e-01  2.107472243165388e-03 -2.419157199747812e-01  7.165787210971152e-01 -2.419157199747812e-01  2.934325638659921e-01 -2.419157199747812e-01  2.478439185048434e-03 
-2.379157199747812e-01  1.319406378105868e+00 -2.379157199747812e-01  1.220770218979403e+00 -2.379157199747812e-01  8.632732388311646e-01 -2.379157199747812e-01  2.748717364957677e-01 -2.379157199747812e-01  2.110549903273248e-03 -2.379157199747812e-01  7.177921346417609e-01 -2.379157199747812e-01  2.932817056727233e-01 -2.379157199747812e-01  2.475391934998656e-03 
-2.339157199747812e-01  1.318574331036061e+00 -2.339157199747812e-01  1.221594184397545e+00 -2.339157199747812e-01  8.620446081919253e-01 -2.339157199747812e-01  2.750312982312019e-01 -2.339157199747812e-01  2.113627534703855e-03 -2.339157199747812e-01  7.190057798025514e-01 -2.339157199747812e-01  2.931308002540478e-01 -2.339157199747812e-01  2.472344196523477e-03 
-2.299157199747812e-01  1.317742292808382e+00 -2.299157199747812e-01  1.222418280633264e+00 -2.299157199747812e-01  8.608160157631446e-01 -2.299157199747812e-01  2.751907641712650e-01 -2.299157199747812e-01  2.116705133428535e-03 -2.299157199747812e-01  7.202196544054483e-01 -2.299157199747812e-01  2.929798471041516e-01 -2.299157199747812e-01  2.469295974171475e-03 
-2.259157199747812e-01  1.316910264507453e+00 -2.259157199747812e-01  1.223242506456503e+00 -2.259157199747812e-01  8.595874629904480e-01 -2.259157199747812e-01  2.753501346463131e-01 -2.259157199747812e-01  2.119782695435444e-03 -2.259157199747812e-01  7.214337562861727e-01 -2.259157199747812e-01  2.928288457206372e-01 -2.259157199747812e-01  2.466247272492482e-03 
-2.219157199747812e-01  1.316078247220844e+00 -2.219157199747812e-01  1.224066860665552e+00 -2.219157199747812e-01  8.583589513237426e-01 -2.219157199747812e-01  2.755094099868321e-01 -2.219157199747812e-01  2.122860216701803e-03 -2.219157199747812e-01  7.226480833082037e-01 -2.219157199747812e-01  2.926777955997888e-01 -2.219157199747812e-01  2.463198095931455e-03 
-2.179157199747812e-01  1.315246242021182e+00 -2.179157199747812e-01  1.224891342017175e+00 -2.179157199747812e-01  8.571304822058867e-01 -2.179157199747812e-01  2.756685905265936e-01 -2.179157199747812e-01  2.125937693260104e-03 -2.179157199747812e-01  7.238626333185139e-01 -2.179157199747812e-01  2.925266962479584e-01 -2.179157199747812e-01  2.460148449086963e-03 
-2.139157199747812e-01  1.314414249996346e+00 -2.139157199747812e-01  1.225715949343569e+00 -2.139157199747812e-01  8.559020570919010e-01 -2.139157199747812e-01  2.758276765973605e-01 -2.139157199747812e-01  2.129015121086425e-03 -2.139157199747812e-01  7.250774042213782e-01 -2.139157199747812e-01  2.923755471623908e-01 -2.139157199747812e-01  2.457098336278549e-03 
-2.099157199747812e-01  1.313582272213440e+00 -2.099157199747812e-01  1.226540681411922e+00 -2.099157199747812e-01  8.546736774261268e-01 -2.099157199747812e-01  2.759866685352249e-01 -2.099157199747812e-01  2.132092496233706e-03 -2.099157199747812e-01  7.262923938894955e-01 -2.099157199747812e-01  2.922243478541620e-01 -2.099157199747812e-01  2.454047762066231e-03 
-2.059157199747812e-01  1.312750309749763e+00 -2.059157199747812e-01  1.227365537044377e+00 -2.059157199747812e-01  8.534453446619177e-01 -2.059157199747812e-01  2.761455666751813e-01 -2.059157199747812e-01  2.135169814717156e-03 -2.059157199747812e-01  7.275076002396972e-01 -2.059157199747812e-01  2.920730978285025e-01 -2.059157199747812e-01  2.450996730806707e-03 
-2.019157199747812e-01  1.311918363669517e+00 -2.019157199747812e-01  1.228190515027222e+00 -2.019157199747812e-01  8.522170602469008e-01 -2.019157199747812e-01  2.763043713552221e-01 -2.019157199747812e-01  2.138247072600432e-03 -2.019157199747812e-01  7.287230211754461e-01 -2.019157199747812e-01  2.919217965996340e-01 -2.019157199747812e-01  2.447945246989394e-03 
-1.979157199747812e-01  1.311086435047412e+00 -1.979157199747812e-01  1.229015614202134e+00 -1.979157199747812e-01  8.509888256379863e-01 -1.979157199747812e-01  2.764630829122148e-01 -1.979157199747812e-01  2.141324265908335e-03 -1.979157199747812e-01  7.299386546444109e-01 -1.979157199747812e-01  2.917704436757685e-01 -1.979157199747812e-01  2.444893314898733e-03 
-1.939157199747812e-01  1.310254524944899e+00 -1.939157199747812e-01  1.229840833373456e+00 -1.939157199747812e-01  8.497606422863215e-01 -1.939157199747812e-01  2.766217016860741e-01 -1.939157199747812e-01  2.144401390714702e-03 -1.939157199747812e-01  7.311544985797314e-01 -1.939157199747812e-01  2.916190385742735e-01 -1.939157199747812e-01  2.441840938957316e-03 
-1.899157199747812e-01  1.309422634422116e+00 -1.899157199747812e-01  1.230666171354326e+00 -1.899157199747812e-01  8.485325116449044e-01 -1.899157199747812e-01  2.767802280176792e-01 -1.899157199747812e-01  2.147478443098211e-03 -1.899157199747812e-01  7.323705509290783e-01 -1.899157199747812e-01  2.914675808140739e-01 -1.899157199747812e-01  2.438788123555184e-03 
-1.859157199747812e-01  1.308590764544727e+00 -1.859157199747812e-01  1.231491626992766e+00 -1.859157199747812e-01  8.473044351729766e-01 -1.859157199747812e-01  2.769386622476946e-01 -1.859157199747812e-01  2.150555419117125e-03 -1.859157199747812e-01  7.335868096710614e-01 -1.859157199747812e-01  2.913160699113246e-01 -1.859157199747812e-01  2.435734872953364e-03 
-1.819157199747812e-01  1.307758916368140e+00 -1.819157199747812e-01  1.232317199110052e+00 -1.819157199747812e-01  8.460764143260182e-01 -1.819157199747812e-01  2.770970047193374e-01 -1.819157199747812e-01  2.153632314867647e-03 -1.819157199747812e-01  7.348032727761404e-01 -1.819157199747812e-01  2.911645053894912e-01 -1.819157199747812e-01  2.432681191511785e-03 
-1.779157199747812e-01  1.306927090947713e+00 -1.779157199747812e-01  1.233142886539962e+00 -1.779157199747812e-01  8.448484505622889e-01 -1.779157199747812e-01  2.772552557766038e-01 -1.779157199747812e-01  2.156709126446116e-03 -1.779157199747812e-01  7.360199382313406e-01 -1.779157199747812e-01  2.910128867728708e-01 -1.779157199747812e-01  2.429627083544131e-03 
-1.739157199747812e-01  1.306095289338361e+00 -1.739157199747812e-01  1.233968688126970e+00 -1.739157199747812e-01  8.436205453425996e-01 -1.739157199747812e-01  2.774134157643549e-01 -1.739157199747812e-01  2.159785849950569e-03 -1.739157199747812e-01  7.372368040390300e-01 -1.739157199747812e-01  2.908612135868505e-01 -1.739157199747812e-01  2.426572553324573e-03 
-1.699157199747812e-01  1.305263512593186e+00 -1.699157199747812e-01  1.234794602720408e+00 -1.699157199747812e-01  8.423927001294884e-01 -1.699157199747812e-01  2.775714850285656e-01 -1.699157199747812e-01  2.162862481485719e-03 -1.699157199747812e-01  7.384538682131098e-01 -1.699157199747812e-01  2.907094853588253e-01 -1.699157199747812e-01  2.423517605109265e-03 
-1.659157199747812e-01  1.304431761761460e+00 -1.659157199747812e-01  1.235620629166366e+00 -1.659157199747812e-01  8.411649163859722e-01 -1.659157199747812e-01  2.777294639166863e-01 -1.659157199747812e-01  2.165939017170433e-03 -1.659157199747812e-01  7.396711287738025e-01 -1.659157199747812e-01  2.905577016194996e-01 -1.659157199747812e-01  2.420462243166357e-03 
-1.619157199747812e-01  1.303600037892662e+00 -1.619157199747812e-01  1.236446766323035e+00 -1.619157199747812e-01  8.399371955781572e-01 -1.619157199747812e-01  2.778873527769569e-01 -1.619157199747812e-01  2.169015453122836e-03 -1.619157199747812e-01  7.408885837572612e-01 -1.619157199747812e-01  2.904058619003236e-01 -1.619157199747812e-01  2.417406471719257e-03 
-1.579157199747812e-01  1.302768342032208e+00 -1.579157199747812e-01  1.237273013043624e+00 -1.579157199747812e-01  8.387095391725621e-01 -1.579157199747812e-01  2.780451519591602e-01 -1.579157199747812e-01  2.172091785476108e-03 -1.579157199747812e-01  7.421062312046564e-01 -1.579157199747812e-01  2.902539657362736e-01 -1.579157199747812e-01  2.414350295009781e-03 
-1.539157199747812e-01  1.301936675226742e+00 -1.539157199747812e-01  1.238099368196705e+00 -1.539157199747812e-01  8.374819486395145e-01 -1.539157199747812e-01  2.782028618137124e-01 -1.539157199747812e-01  2.175168010358811e-03 -1.539157199747812e-01  7.433240691749718e-01 -1.539157199747812e-01  2.901020126624635e-01 -1.539157199747812e-01  2.411293717222963e-03 
-1.499157199747811e-01  1.301105038517771e+00 -1.499157199747811e-01  1.238925830641075e+00 -1.499157199747811e-01  8.362544254491557e-01 -1.499157199747811e-01  2.783604826927863e-01 -1.499157199747811e-01  2.178244123918558e-03 -1.499157199747811e-01  7.445420957289867e-01 -1.499157199747811e-01  2.899500022182531e-01 -1.499157199747811e-01  2.408236742579928e-03 
-1.459157199747811e-01  1.300273432949326e+00 -1.459157199747811e-01  1.239752399255119e+00 -1.459157199747811e-01  8.350269710763399e-01 -1.459157199747811e-01  2.785180149489930e-01 -1.459157199747811e-01  2.181320122293643e-03 -1.459157199747811e-01  7.457603089477804e-01 -1.459157199747811e-01  2.897979339423727e-01 -1.459157199747811e-01  2.405179375229396e-03 
-1.419157199747811e-01  1.299441859558715e+00 -1.419157199747811e-01  1.240579072900549e+00 -1.419157199747811e-01  8.337995869948083e-01 -1.419157199747811e-01  2.786754589369968e-01 -1.419157199747811e-01  2.184396001647168e-03 -1.419157199747811e-01  7.469787069096774e-01 -1.419157199747811e-01  2.896458073788735e-01 -1.419157199747811e-01  2.402121619381726e-03 
-1.379157199747811e-01  1.298610319387616e+00 -1.379157199747811e-01  1.241405850465188e+00 -1.379157199747811e-01  8.325722746842685e-01 -1.379157199747811e-01  2.788328150116109e-01 -1.379157199747811e-01  2.187471758126126e-03 -1.379157199747811e-01  7.481972877172529e-01 -1.379157199747811e-01  2.894936220700310e-01 -1.379157199747811e-01  2.399063479150738e-03 
-1.339157199747811e-01  1.297778813474576e+00 -1.339157199747811e-01  1.242232730833487e+00 -1.339157199747811e-01  8.313450356256783e-01 -1.339157199747811e-01  2.789900835291090e-01 -1.339157199747811e-01  2.190547387889080e-03 -1.339157199747811e-01  7.494160494785713e-01 -1.339157199747811e-01  2.893413775611763e-01 -1.339157199747811e-01  2.396004958662679e-03 
-1.299157199747811e-01  1.296947342854269e+00 -1.299157199747811e-01  1.243059712883201e+00 -1.299157199747811e-01  8.301178713008115e-01 -1.299157199747811e-01  2.791472648473626e-01 -1.299157199747811e-01  2.193622887108872e-03 -1.299157199747811e-01  7.506349903049980e-01 -1.299157199747811e-01  2.891890734012204e-01 -1.299157199747811e-01  2.392946062068604e-03 
-1.259157199747811e-01  1.296115908563841e+00 -1.259157199747811e-01  1.243886795509739e+00 -1.259157199747811e-01  8.288907831963355e-01 -1.259157199747811e-01  2.793043593247682e-01 -1.259157199747811e-01  2.196698251949279e-03 -1.259157199747811e-01  7.518541083265237e-01 -1.259157199747811e-01  2.890367091385901e-01 -1.259157199747811e-01  2.389886793454223e-03 
-1.219157199747811e-01  1.295284511637083e+00 -1.219157199747811e-01  1.244713977603257e+00 -1.219157199747811e-01  8.276637728001482e-01 -1.219157199747811e-01  2.794613673212580e-01 -1.219157199747811e-01  2.199773478586430e-03 -1.219157199747811e-01  7.530734016771817e-01 -1.219157199747811e-01  2.888842843249905e-01 -1.219157199747811e-01  2.386827156924723e-03 
-1.179157199747811e-01  1.294453153106235e+00 -1.179157199747811e-01  1.245541258055156e+00 -1.179157199747811e-01  8.264368416025687e-01 -1.179157199747811e-01  2.796182891980097e-01 -1.179157199747811e-01  2.202848563202212e-03 -1.179157199747811e-01  7.542928684990693e-01 -1.179157199747811e-01  2.887317985142947e-01 -1.179157199747811e-01  2.383767156580647e-03 
-1.139157199747811e-01  1.293621834003870e+00 -1.139157199747811e-01  1.246368635765185e+00 -1.139157199747811e-01  8.252099910975763e-01 -1.139157199747811e-01  2.797751253171326e-01 -1.139157199747811e-01  2.205923501977261e-03 -1.139157199747811e-01  7.555125069467721e-01 -1.139157199747811e-01  2.885792512613405e-01 -1.139157199747811e-01  2.380706796491697e-03 
-1.099157199747811e-01  1.292790555361977e+00 -1.099157199747811e-01  1.247196109637533e+00 -1.099157199747811e-01  8.239832227822759e-01 -1.099157199747811e-01  2.799318760418429e-01 -1.099157199747811e-01  2.208998291094388e-03 -1.099157199747811e-01  7.567323151847953e-01 -1.099157199747811e-01  2.884266421225412e-01 -1.099157199747811e-01  2.377646080711115e-03 
-1.059157199747811e-01  1.291959318210625e+00 -1.059157199747811e-01  1.248023678575220e+00 -1.059157199747811e-01  8.227565381560902e-01 -1.059157199747811e-01  2.800885417367101e-01 -1.059157199747811e-01  2.212072926743534e-03 -1.059157199747811e-01  7.579522913839396e-01 -1.059157199747811e-01  2.882739706567899e-01 -1.059157199747811e-01  2.374585013296487e-03 
-1.019157199747811e-01  1.291128123578733e+00 -1.019157199747811e-01  1.248851341482757e+00 -1.019157199747811e-01  8.215299387212929e-01 -1.019157199747811e-01  2.802451227675348e-01 -1.019157199747811e-01  2.215147405118825e-03 -1.019157199747811e-01  7.591724337228916e-01 -1.019157199747811e-01  2.881212364249880e-01 -1.019157199747811e-01  2.371523598299891e-03 
-9.791571997478110e-02  1.290296972498665e+00 -9.791571997478110e-02  1.249679097283795e+00 -9.791571997478110e-02  8.203034259859752e-01 -9.791571997478110e-02  2.804016195005814e-01 -9.791571997478110e-02  2.218221722401726e-03 -9.791571997478110e-02  7.603927403993407e-01 -9.791571997478110e-02  2.879684389870804e-01 -9.791571997478110e-02  2.368461839702582e-03 
-9.391571997478110e-02  1.289465865996733e+00 -9.391571997478110e-02  1.250506944883682e+00 -9.391571997478110e-02  8.190770014580581e-01 -9.391571997478110e-02  2.805580323042192e-01 -9.391571997478110e-02  2.221295874796005e-03 -9.391571997478110e-02  7.616132096061649e-01 -9.391571997478110e-02  2.878155779082514e-01 -9.391571997478110e-02  2.365399741553550e-03 
-8.991571997478109e-02  1.288634805100436e+00 -8.991571997478109e-02  1.251334883197366e+00 -8.991571997478109e-02  8.178506666499388e-01 -8.991571997478109e-02  2.807143615476994e-01 -8.991571997478109e-02  2.224369858501106e-03 -8.991571997478109e-02  7.628338395490364e-01 -8.991571997478109e-02  2.876626527542565e-01 -8.991571997478109e-02  2.362337307866241e-03 
-8.591571997478109e-02  1.287803790836940e+00 -8.591571997478109e-02  1.252162911143100e+00 -8.591571997478109e-02  8.166244230775679e-01 -8.591571997478109e-02  2.808706076014303e-01 -8.591571997478109e-02  2.227443669717688e-03 -8.591571997478109e-02  7.640546284423536e-01 -8.591571997478109e-02  2.875096630924432e-01 -8.591571997478109e-02  2.359274542641907e-03 
-8.191571997478109e-02  1.286972824237449e+00 -8.191571997478109e-02  1.252991027659276e+00 -8.191571997478109e-02  8.153982722632747e-01 -8.191571997478109e-02  2.810267708362440e-01 -8.191571997478109e-02  2.230517304631436e-03 -8.191571997478109e-02  7.652755745198387e-01 -8.191571997478109e-02  2.873566084889131e-01 -8.191571997478109e-02  2.356211449807289e-03 
-7.791571997478108e-02  1.286141906324013e+00 -7.791571997478108e-02  1.253819231652485e+00 -7.791571997478108e-02  8.141722157274369e-01 -7.791571997478108e-02  2.811828516256761e-01 -7.791571997478108e-02  2.233590759461934e-03 -7.791571997478108e-02  7.664966760015330e-01 -7.791571997478108e-02  2.872034885171494e-01 -7.791571997478108e-02  2.353148033406759e-03 
-7.391571997478108e-02  1.285311038122876e+00 -7.391571997478108e-02  1.254647522049284e+00 -7.391571997478108e-02  8.129462549970050e-01 -7.391571997478108e-02  2.813388503436933e-01 -7.391571997478108e-02  2.236664030413255e-03 -7.391571997478108e-02  7.677179311265406e-01 -7.391571997478108e-02  2.870503027493692e-01 -7.391571997478108e-02  2.350084297410852e-03 
-6.991571997478108e-02  1.284480220664707e+00 -6.991571997478108e-02  1.255475897796840e+00 -6.991571997478108e-02  8.117203916056988e-01 -6.991571997478108e-02  2.814947673646727e-01 -6.991571997478108e-02  2.239737113673080e-03 -6.991571997478108e-02  7.689393381533578e-01 -6.991571997478108e-02  2.868970507563743e-01 -6.991571997478108e-02  2.347020245713842e-03 
-6.591571997478107e-02  1.283649454972650e+00 -6.591571997478107e-02  1.256304357815878e+00 -6.591571997478107e-02  8.104946270864642e-01 -6.591571997478107e-02  2.816506030654638e-01 -6.591571997478107e-02  2.242810005456944e-03 -6.591571997478107e-02  7.701608953299840e-01 -6.591571997478107e-02  2.867437321153836e-01 -6.591571997478107e-02  2.343955882307837e-03 
-6.191571997478107e-02  1.282818742072839e+00 -6.191571997478107e-02  1.257132901041407e+00 -6.191571997478107e-02  8.092689629782026e-01 -6.191571997478107e-02  2.818063578236054e-01 -6.191571997478107e-02  2.245882701969290e-03 -6.191571997478107e-02  7.713826009196501e-01 -6.191571997478107e-02  2.865903464032063e-01 -6.191571997478107e-02  2.340891211132069e-03 
-5.791571997478107e-02  1.281988082994630e+00 -5.791571997478107e-02  1.257961526423336e+00 -5.791571997478107e-02  8.080434008259720e-01 -5.791571997478107e-02  2.819620320173094e-01 -5.791571997478107e-02  2.248955199402700e-03 -5.791571997478107e-02  7.726044532011526e-01 -5.791571997478107e-02  2.864368931961110e-01 -5.791571997478107e-02  2.337826236070723e-03 
-5.391571997478106e-02  1.281157478757522e+00 -5.391571997478106e-02  1.258790232875043e+00 -5.391571997478106e-02  8.068179421727231e-01 -5.391571997478106e-02  2.821176260277037e-01 -5.391571997478106e-02  2.252027493986164e-03 -5.391571997478106e-02  7.738264504361620e-01 -5.391571997478106e-02  2.862833720783998e-01 -5.391571997478106e-02  2.334760961143061e-03 
-4.991571997478106e-02  1.280326930394288e+00 -4.991571997478106e-02  1.259619019363296e+00 -4.991571997478106e-02  8.055925885740487e-01 -4.991571997478106e-02  2.822731402349107e-01 -4.991571997478106e-02  2.255099581899598e-03 -4.991571997478106e-02  7.750485909261797e-01 -4.991571997478106e-02  2.861297826273386e-01 -4.991571997478106e-02  2.331695390170843e-03 
-4.591571997478106e-02  1.279496438925175e+00 -4.591571997478106e-02  1.260447884807290e+00 -4.591571997478106e-02  8.043673415818430e-01 -4.591571997478106e-02  2.824285750224597e-01 -4.591571997478106e-02  2.258171459369241e-03 -4.591571997478106e-02  7.762708729484353e-01 -4.591571997478106e-02  2.859761244300325e-01 -4.591571997478106e-02  2.328629527151844e-03 
-4.191571997478105e-02  1.278666005384582e+00 -4.191571997478105e-02  1.261276828182442e+00 -4.191571997478105e-02  8.031422027612994e-01 -4.191571997478105e-02  2.825839307727650e-01 -4.191571997478105e-02  2.261243122568998e-03 -4.191571997478105e-02  7.774932948216535e-01 -4.191571997478105e-02  2.858223970660140e-01 -4.191571997478105e-02  2.325563375875867e-03 
-3.791571997478105e-02  1.277835630792466e+00 -3.791571997478105e-02  1.262105848408357e+00 -3.791571997478105e-02  8.019171736728077e-01 -3.791571997478105e-02  2.827392078720081e-01 -3.791571997478105e-02  2.264314567726175e-03 -3.791571997478105e-02  7.787158548349201e-01 -3.791571997478105e-02  2.856686001259933e-01 -3.791571997478105e-02  2.322496940339130e-03 
-3.391571997478104e-02  1.277005316179304e+00 -3.391571997478104e-02  1.262934944446030e+00 -3.391571997478104e-02  8.006922558878500e-01 -3.391571997478104e-02  2.828944067059121e-01 -3.391571997478104e-02  2.267385791029171e-03 -3.391571997478104e-02  7.799385513092756e-01 -3.391571997478104e-02  2.855147331955407e-01 -3.391571997478104e-02  2.319430224384792e-03 
-2.991571997478104e-02  1.276175062575008e+00 -2.991571997478104e-02  1.263764115254233e+00 -2.991571997478104e-02  7.994674509820261e-01 -2.991571997478104e-02  2.830495276616469e-01 -2.991571997478104e-02  2.270456788668490e-03 -2.991571997478104e-02  7.811613825699815e-01 -2.991571997478104e-02  2.853607958623689e-01 -2.991571997478104e-02  2.316363231864207e-03 
-2.591571997478104e-02  1.275344871003479e+00 -2.591571997478104e-02  1.264593359767864e+00 -2.591571997478104e-02  7.982427605316431e-01 -2.591571997478104e-02  2.832045711287708e-01 -2.591571997478104e-02  2.273527556856855e-03 -2.591571997478104e-02  7.823843469327173e-01 -2.591571997478104e-02  2.852067877199529e-01 -2.591571997478104e-02  2.313295966717032e-03 
-2.191571997478104e-02  1.274514742497048e+00 -2.191571997478104e-02  1.265422676954019e+00 -2.191571997478104e-02  7.970181861229391e-01 -2.191571997478104e-02  2.833595374967995e-01 -2.191571997478104e-02  2.276598091775803e-03 -2.191571997478104e-02  7.836074427390931e-01 -2.191571997478104e-02  2.850527083580870e-01 -2.191571997478104e-02  2.310228432763887e-03 
-1.791571997478104e-02  1.273684678087200e+00 -1.791571997478104e-02  1.266252065775497e+00 -1.791571997478104e-02  7.957937293462485e-01 -1.791571997478104e-02  2.835144271568037e-01 -1.791571997478104e-02  2.279668389610037e-03 -1.791571997478104e-02  7.848306683334242e-01 -1.791571997478104e-02  2.848985573689828e-01 -1.791571997478104e-02  2.307160633841183e-03 
-1.391571997478104e-02  1.272854678798847e+00 -1.391571997478104e-02  1.267081525168041e+00 -1.391571997478104e-02  7.945693917924295e-01 -1.391571997478104e-02  2.836692405023923e-01 -1.391571997478104e-02  2.282738446568499e-03 -1.391571997478104e-02  7.860540220482372e-01 -1.391571997478104e-02  2.847443343510924e-01 -1.391571997478104e-02  2.304092573885510e-03 
-9.915719974781044e-03  1.272024745665792e+00 -9.915719974781044e-03  1.267911054100403e+00 -9.915719974781044e-03  7.933451750627298e-01 -9.915719974781044e-03  2.838239779271193e-01 -9.915719974781044e-03  2.285808258827318e-03 -9.915719974781044e-03  7.872775022423086e-01 -9.915719974781044e-03  2.845900388989677e-01 -9.915719974781044e-03  2.301024256711300e-03 
-5.915719974781044e-03  1.271194879723244e+00 -5.915719974781044e-03  1.268740651544822e+00 -5.915719974781044e-03  7.921210807640937e-01 -5.915719974781044e-03  2.839786398257705e-01 -5.915719974781044e-03  2.288877822557390e-03 -5.915719974781044e-03  7.885011072818733e-01 -5.915719974781044e-03  2.844356706082034e-01 -5.915719974781044e-03  2.297955686120092e-03 
-1.915719974781044e-03  1.270365081998189e+00 -1.915719974781044e-03  1.269570316439071e+00 -1.915719974781044e-03  7.908971105031117e-01 -1.915719974781044e-03  2.841332265960109e-01 -1.915719974781044e-03  2.291947133960025e-03 -1.915719974781044e-03  7.897248355164865e-01 -1.915719974781044e-03  2.842812290818212e-01 -1.915719974781044e-03  2.294886866040942e-03 
 2.084280025218956e-03  1.269535353013172e+00  2.084280025218956e-03  1.270400048292723e+00  2.084280025218956e-03  7.896732651352613e-01  2.084280025218956e-03  2.842877387311814e-01  2.084280025218956e-03  2.295016191102390e-03  2.084280025218956e-03  7.909486860996726e-01  2.084280025218956e-03  2.841267138188592e-01  2.084280025218956e-03  2.291817798287866e-03 
 6.084280025218956e-03  1.268705690932010e+00  6.084280025218956e-03  1.271229848904272e+00  6.084280025218956e-03  7.884495420538910e-01  6.084280025218956e-03  2.844421771647418e-01  6.084280025218956e-03  2.298085000776310e-03  6.084280025218956e-03  7.921726616144331e-01  6.084280025218956e-03  2.839721238922594e-01  6.084280025218956e-03  2.288748476208467e-03 
 1.008428002521896e-02  1.267876096359953e+00  1.008428002521896e-02  1.272059717702079e+00  1.008428002521896e-02  7.872259422462221e-01  1.008428002521896e-02  2.845965423769324e-01  1.008428002521896e-02  2.301153560743029e-03  1.008428002521896e-02  7.933967611066868e-01  1.008428002521896e-02  2.838174588184270e-01  1.008428002521896e-02  2.285678901917176e-03 
 1.408428002521896e-02  1.267046570331902e+00  1.408428002521896e-02  1.272889653638873e+00  1.408428002521896e-02  7.860024673455803e-01  1.408428002521896e-02  2.847508347694081e-01  1.408428002521896e-02  2.304221867174590e-03  1.408428002521896e-02  7.946209829571800e-01  1.408428002521896e-02  2.836627182031875e-01  1.408428002521896e-02  2.282609079287697e-03 
 1.808428002521896e-02  1.266217113891012e+00  1.808428002521896e-02  1.273719655695422e+00  1.808428002521896e-02  7.847791189957189e-01  1.808428002521896e-02  2.849050547440465e-01  1.808428002521896e-02  2.307289916212496e-03  1.808428002521896e-02  7.958453255693096e-01  1.808428002521896e-02  2.835079016491155e-01  1.808428002521896e-02  2.279539012090041e-03 
 2.208428002521896e-02  1.265387728076538e+00  2.208428002521896e-02  1.274549722832833e+00  2.208428002521896e-02  7.835558988431597e-01  2.208428002521896e-02  2.850592027050178e-01  2.208428002521896e-02  2.310357704012674e-03  2.208428002521896e-02  7.970697873387995e-01  2.208428002521896e-02  2.833530087635791e-01  2.208428002521896e-02  2.276468704166937e-03 
 2.608428002521896e-02  1.264558413930007e+00  2.608428002521896e-02  1.275379854016197e+00  2.608428002521896e-02  7.823328085411865e-01  2.608428002521896e-02  2.852132790577692e-01  2.608428002521896e-02  2.313425226722680e-03  2.608428002521896e-02  7.982943666686468e-01  2.608428002521896e-02  2.831980391547220e-01  2.608428002521896e-02  2.273398159346366e-03 
 3.008428002521896e-02  1.263729172495892e+00  3.008428002521896e-02  1.276210048216970e+00  3.008428002521896e-02  7.811098497503187e-01  3.008428002521896e-02  2.853672842089308e-01  3.008428002521896e-02  2.316492480479115e-03  3.008428002521896e-02  7.995190619705770e-01  3.008428002521896e-02  2.830429924310383e-01  3.008428002521896e-02  2.270327381432782e-03 
 3.408428002521896e-02  1.262900004823711e+00  3.408428002521896e-02  1.277040304420838e+00  3.408428002521896e-02  7.798870241397220e-01  3.408428002521896e-02  2.855212185659917e-01  3.408428002521896e-02  2.319559461399970e-03  3.408428002521896e-02  8.007438716699833e-01  3.408428002521896e-02  2.828878682000133e-01  3.408428002521896e-02  2.267256374177996e-03 
 3.808428002521896e-02  1.262070911955127e+00  3.808428002521896e-02  1.277870621576969e+00  3.808428002521896e-02  7.786643333790775e-01  3.808428002521896e-02  2.856750825394878e-01  3.808428002521896e-02  2.322626165632271e-03  3.808428002521896e-02  8.019687941736562e-01  3.808428002521896e-02  2.827326660767171e-01  3.808428002521896e-02  2.264185141468891e-03 
 4.208428002521897e-02  1.261241894942110e+00  4.208428002521897e-02  1.278700998668588e+00  4.208428002521897e-02  7.774417791501749e-01  4.208428002521897e-02  2.858288765399745e-01  4.208428002521897e-02  2.325692589284913e-03  4.208428002521897e-02  8.031938279145258e-01  4.208428002521897e-02  2.825773856718086e-01  4.208428002521897e-02  2.261113687066380e-03 
 4.608428002521897e-02  1.260412954839300e+00  4.608428002521897e-02  1.279531434682914e+00  4.608428002521897e-02  7.762193631421319e-01  4.608428002521897e-02  2.859826009793366e-01  4.608428002521897e-02  2.328758728456942e-03  4.608428002521897e-02  8.044189713325285e-01  4.608428002521897e-02  2.824220265966106e-01  4.608428002521897e-02  2.258042014716616e-03 
 5.008428002521897e-02  1.259584092690474e+00  5.008428002521897e-02  1.280361928557829e+00  5.008428002521897e-02  7.749970870428755e-01  5.008428002521897e-02  2.861362562730788e-01  5.008428002521897e-02  2.331824579287547e-03  5.008428002521897e-02  8.056442228406959e-01  5.008428002521897e-02  2.822665884721691e-01  5.008428002521897e-02  2.254970128348221e-03 
 5.408428002521898e-02  1.258755309560038e+00  5.408428002521898e-02  1.281192479304642e+00  5.408428002521898e-02  7.737749525591855e-01  5.408428002521898e-02  2.862898428350723e-01  5.408428002521898e-02  2.334890137839646e-03  5.408428002521898e-02  8.068695809030348e-01  5.408428002521898e-02  2.821110709083463e-01  5.408428002521898e-02  2.251898031618255e-03 
 5.808428002521898e-02  1.257926606498918e+00  5.808428002521898e-02  1.282023085874478e+00  5.808428002521898e-02  7.725529613951256e-01  5.808428002521898e-02  2.864433610832959e-01  5.808428002521898e-02  2.337955400225986e-03  5.808428002521898e-02  8.080950439496539e-01  5.808428002521898e-02  2.819554735265394e-01  5.808428002521898e-02  2.248825728406333e-03 
 6.208428002521899e-02  1.257097984566385e+00  6.208428002521899e-02  1.282853747243250e+00  6.208428002521899e-02  7.713311152659630e-01  6.208428002521899e-02  2.865968114362040e-01  6.208428002521899e-02  2.341020362528473e-03  6.208428002521899e-02  8.093206104306589e-01  6.208428002521899e-02  2.817997959452013e-01  6.208428002521899e-02  2.245753222500440e-03 
 6.608428002521899e-02  1.256269444823792e+00  6.608428002521899e-02  1.283684462386756e+00  6.608428002521899e-02  7.701094158942523e-01  6.608428002521899e-02  2.867501943138029e-01  6.608428002521899e-02  2.344085020821316e-03  6.608428002521899e-02  8.105462788002850e-01  6.608428002521899e-02  2.816440377840576e-01  6.608428002521899e-02  2.242680517688949e-03 
 7.008428002521899e-02  1.255440988332955e+00  7.008428002521899e-02  1.284515230274060e+00  7.008428002521899e-02  7.688878650088907e-01  7.008428002521899e-02  2.869035101379445e-01  7.008428002521899e-02  2.347149371176984e-03  7.008428002521899e-02  8.117720475126469e-01  7.008428002521899e-02  2.814881986652216e-01  7.008428002521899e-02  2.239607617785174e-03 
 7.408428002521900e-02  1.254612616163316e+00  7.408428002521900e-02  1.285346049895176e+00  7.408428002521900e-02  7.676664643497262e-01  7.408428002521900e-02  2.870567593311588e-01  7.408428002521900e-02  2.350213409639758e-03  7.408428002521900e-02  8.129979150392675e-01  7.408428002521900e-02  2.813322782084440e-01  7.408428002521900e-02  2.236534526524882e-03 
 7.808428002521900e-02  1.253784329379202e+00  7.808428002521900e-02  1.286176920210904e+00  7.808428002521900e-02  7.664452156595485e-01  7.808428002521900e-02  2.872099423188059e-01  7.808428002521900e-02  2.353277132272820e-03  7.808428002521900e-02  8.142238798371774e-01  7.808428002521900e-02  2.811762760396713e-01  7.808428002521900e-02  2.233461247751983e-03 
 8.208428002521900e-02  1.252956129051751e+00  8.208428002521900e-02  1.287007840199013e+00  8.208428002521900e-02  7.652241206917283e-01  8.208428002521900e-02  2.873630595271139e-01  8.208428002521900e-02  2.356340535114201e-03  8.208428002521900e-02  8.154499403781794e-01  8.208428002521900e-02  2.810201917831310e-01  8.208428002521900e-02  2.230387785247545e-03 
 8.608428002521901e-02  1.252128016250967e+00  8.608428002521901e-02  1.287838808823033e+00  8.608428002521901e-02  7.640031812052506e-01  8.608428002521901e-02  2.875161113845272e-01  8.608428002521901e-02  2.359403614206065e-03  8.608428002521901e-02  8.166760951289975e-01  8.608428002521901e-02  2.808640250666571e-01  8.608428002521901e-02  2.227314142845334e-03 
 9.008428002521901e-02  1.251299992058272e+00  9.008428002521901e-02  1.288669825080764e+00  9.008428002521901e-02  7.627823989727454e-01  9.008428002521901e-02  2.876690983196483e-01  9.008428002521901e-02  2.362466365548420e-03  9.008428002521901e-02  8.179023425820201e-01  9.008428002521901e-02  2.807077755133608e-01  9.008428002521901e-02  2.224240324252343e-03 
 9.408428002521901e-02  1.250472057543272e+00  9.408428002521901e-02  1.289500887913243e+00  9.408428002521901e-02  7.615617757658362e-01  9.408428002521901e-02  2.878220207651283e-01  9.408428002521901e-02  2.365528785184885e-03  9.408428002521901e-02  8.191286811974571e-01  9.408428002521901e-02  2.805514427572158e-01  9.408428002521901e-02  2.221166333385568e-03 
 9.808428002521902e-02  1.249644213793198e+00  9.808428002521902e-02  1.290331996319437e+00  9.808428002521902e-02  7.603413133738800e-01  9.808428002521902e-02  2.879748791528004e-01  9.808428002521902e-02  2.368590869093985e-03  9.808428002521902e-02  8.203551094761076e-01  9.808428002521902e-02  2.803950264233787e-01  9.808428002521902e-02  2.218092173947671e-03 
 1.020842800252190e-01  1.248816461887198e+00  1.020842800252190e-01  1.291163149255386e+00  1.020842800252190e-01  7.591210135877414e-01  1.020842800252190e-01  2.881276739179801e-01  1.020842800252190e-01  2.371652613284060e-03  1.020842800252190e-01  8.215816258952808e-01  1.020842800252190e-01  2.802385261454684e-01  1.020842800252190e-01  2.215017849800115e-03 
 1.060842800252190e-01  1.247988802913228e+00  1.060842800252190e-01  1.291994345699892e+00  1.060842800252190e-01  7.579008782105843e-01  1.060842800252190e-01  2.882804054966883e-01  1.060842800252190e-01  2.374714013730910e-03  1.060842800252190e-01  8.228082289504607e-01  1.060842800252190e-01  2.800819415542830e-01  1.060842800252190e-01  2.211943364720194e-03 
 1.100842800252190e-01  1.247161237958103e+00  1.100842800252190e-01  1.292825584615248e+00  1.100842800252190e-01  7.566809090516420e-01  1.100842800252190e-01  2.884330743273342e-01  1.100842800252190e-01  2.377775066414579e-03  1.100842800252190e-01  8.240349171303165e-01  1.100842800252190e-01  2.799252722845233e-01  1.100842800252190e-01  2.208868722546245e-03 
 1.140842800252190e-01  1.246333768118546e+00  1.140842800252190e-01  1.293656864990166e+00  1.140842800252190e-01  7.554611079332972e-01  1.140842800252190e-01  2.885856808489058e-01  1.140842800252190e-01  2.380835767278405e-03  1.140842800252190e-01  8.252616889439199e-01  1.140842800252190e-01  2.797685179673979e-01  1.140842800252190e-01  2.205793927018880e-03 
 1.180842800252190e-01  1.245506394483961e+00  1.180842800252190e-01  1.294488185771956e+00  1.180842800252190e-01  7.542414766802447e-01  1.180842800252190e-01  2.887382255038641e-01  1.180842800252190e-01  2.383896112292837e-03  1.180842800252190e-01  8.264885428776342e-01  1.180842800252190e-01  2.796116782422741e-01  1.180842800252190e-01  2.202718982031863e-03 
 1.220842800252190e-01  1.244679118154386e+00  1.220842800252190e-01  1.295319545936395e+00  1.220842800252190e-01  7.530220171309545e-01  1.220842800252190e-01  2.888907087351898e-01  1.220842800252190e-01  2.386956097388975e-03  1.220842800252190e-01  8.277154774394369e-01  1.220842800252190e-01  2.794547527446432e-01  1.220842800252190e-01  2.199643891373650e-03 
 1.260842800252190e-01  1.243851940233169e+00  1.260842800252190e-01  1.296150944458782e+00  1.260842800252190e-01  7.518027311331075e-01  1.260842800252190e-01  2.890431309876326e-01  1.260842800252190e-01  2.390015718485701e-03  1.260842800252190e-01  8.289424911404902e-01  1.260842800252190e-01  2.792977411110797e-01  1.260842800252190e-01  2.196568658834473e-03 
 1.300842800252190e-01  1.243024861825074e+00  1.300842800252190e-01  1.296982380306112e+00  1.300842800252190e-01  7.505836205424780e-01  1.300842800252190e-01  2.891954927080519e-01  1.300842800252190e-01  2.393074971496604e-03  1.300842800252190e-01  8.301695824901346e-01  1.300842800252190e-01  2.791406429805788e-01  1.300842800252190e-01  2.193493288235298e-03 
 1.340842800252190e-01  1.242197884034805e+00  1.340842800252190e-01  1.297813852430942e+00  1.340842800252190e-01  7.493646872220916e-01  1.340842800252190e-01  2.893477943456967e-01  1.340842800252190e-01  2.396133852335575e-03  1.340842800252190e-01  8.313967499919475e-01  1.340842800252190e-01  2.789834579956039e-01  1.340842800252190e-01  2.190417783450461e-03 
 1.380842800252191e-01  1.241371007975903e+00  1.380842800252191e-01  1.298645359805900e+00  1.380842800252191e-01  7.481459330479310e-01  1.380842800252191e-01  2.895000363507584e-01  1.380842800252191e-01  2.399192356883739e-03  1.380842800252191e-01  8.326239921656097e-01  1.380842800252191e-01  2.788261857961152e-01  1.380842800252191e-01  2.187342148280076e-03 
 1.420842800252191e-01  1.240544234764818e+00  1.420842800252191e-01  1.299476901399988e+00  1.420842800252191e-01  7.469273599052813e-01  1.420842800252191e-01  2.896522191753893e-01  1.420842800252191e-01  2.402250481011514e-03  1.420842800252191e-01  8.338513075318147e-01  1.420842800252191e-01  2.786688260236413e-01  1.420842800252191e-01  2.184266386537671e-03 
 1.460842800252191e-01  1.239717565519332e+00  1.460842800252191e-01  1.300308476172151e+00  1.460842800252191e-01  7.457089696878110e-01  1.460842800252191e-01  2.898043432739923e-01  1.460842800252191e-01  2.405308220584364e-03  1.460842800252191e-01  8.350786946081561e-01  1.460842800252191e-01  2.785113783223804e-01  1.460842800252191e-01  2.181190502073954e-03 
 1.500842800252191e-01  1.238891001357356e+00  1.500842800252191e-01  1.301140083066259e+00  1.500842800252191e-01  7.444907642969020e-01  1.500842800252191e-01  2.899564091034529e-01  1.500842800252191e-01  2.408365571467297e-03  1.500842800252191e-01  8.363061519058805e-01  1.500842800252191e-01  2.783538423400638e-01  1.500842800252191e-01  2.178114498795441e-03 
 1.540842800252191e-01  1.238064543411332e+00  1.540842800252191e-01  1.301971721066843e+00  1.540842800252191e-01  7.432727456508490e-01  1.540842800252191e-01  2.901084171207924e-01  1.540842800252191e-01  2.411422529471553e-03  1.540842800252191e-01  8.375336779652500e-01  1.540842800252191e-01  2.781962177182788e-01  1.540842800252191e-01  2.175038380458170e-03 
 1.580842800252191e-01  1.237238192808968e+00  1.580842800252191e-01  1.302803389123582e+00  1.580842800252191e-01  7.420549156727660e-01  1.580842800252191e-01  2.902603677863843e-01  1.580842800252191e-01  2.414479090425886e-03  1.580842800252191e-01  8.387612713075463e-01  1.580842800252191e-01  2.780385041055409e-01  1.580842800252191e-01  2.171962150947172e-03 
 1.620842800252191e-01  1.236411950680936e+00  1.620842800252191e-01  1.303635086181017e+00  1.620842800252191e-01  7.408372762955371e-01  1.620842800252191e-01  2.904122615627150e-01  1.620842800252191e-01  2.417535250148089e-03  1.620842800252191e-01  8.399889304539030e-01  1.620842800252191e-01  2.778807011521370e-01  1.620842800252191e-01  2.168885814166449e-03 
 1.660842800252191e-01  1.235585818170065e+00  1.660842800252191e-01  1.304466811213944e+00  1.660842800252191e-01  7.396198294677403e-01  1.660842800252191e-01  2.905640989129036e-01  1.660842800252191e-01  2.420591004410988e-03  1.660842800252191e-01  8.412166539477305e-01  1.660842800252191e-01  2.777228085039614e-01  1.660842800252191e-01  2.165809373908070e-03 
 1.700842800252191e-01  1.234759796412617e+00  1.700842800252191e-01  1.305298563154011e+00  1.700842800252191e-01  7.384025771418774e-01  1.700842800252191e-01  2.907158803038233e-01  1.700842800252191e-01  2.423646349011727e-03  1.700842800252191e-01  8.424444403080769e-01  1.700842800252191e-01  2.775648258152541e-01  1.700842800252191e-01  2.162732834123744e-03 
 1.740842800252191e-01  1.233933886557086e+00  1.740842800252191e-01  1.306130340962731e+00  1.740842800252191e-01  7.371855212863774e-01  1.740842800252191e-01  2.908676062030360e-01  1.740842800252191e-01  2.426701279702162e-03  1.740842800252191e-01  8.436722880759390e-01  1.740842800252191e-01  2.774067527359020e-01  1.740842800252191e-01  2.159656198654697e-03 
 1.780842800252191e-01  1.233108089757679e+00  1.780842800252191e-01  1.306962143605647e+00  1.780842800252191e-01  7.359686638815555e-01  1.780842800252191e-01  2.910192770799043e-01  1.780842800252191e-01  2.429755792213025e-03  1.780842800252191e-01  8.449001957978289e-01  1.780842800252191e-01  2.772485889159059e-01  1.780842800252191e-01  2.156579471327224e-03 
 1.820842800252191e-01  1.232282407161446e+00  1.820842800252191e-01  1.307793970001657e+00  1.820842800252191e-01  7.347520069115724e-01  1.820842800252191e-01  2.911708934077457e-01  1.820842800252191e-01  2.432809882301530e-03  1.820842800252191e-01  8.461281619935548e-01  1.820842800252191e-01  2.770903340142022e-01  1.820842800252191e-01  2.153502656140194e-03 
 1.860842800252191e-01  1.231456839931139e+00  1.860842800252191e-01  1.308625819111857e+00  1.860842800252191e-01  7.335355523789987e-01  1.860842800252191e-01  2.913224556601059e-01  1.860842800252191e-01  2.435863545666838e-03  1.860842800252191e-01  8.473561852125889e-01  1.860842800252191e-01  2.769319876831757e-01  1.860842800252191e-01  2.150425756936373e-03 
 1.900842800252191e-01  1.230631389231931e+00  1.900842800252191e-01  1.309457689887428e+00  1.900842800252191e-01  7.323193022964989e-01  1.900842800252191e-01  2.914739643129809e-01  1.900842800252191e-01  2.438916777999096e-03  1.900842800252191e-01  8.485842640009473e-01  1.900842800252191e-01  2.767735495777182e-01  1.900842800252191e-01  2.147348777595189e-03 
 1.940842800252191e-01  1.229806056226817e+00  1.940842800252191e-01  1.310289581251090e+00  1.940842800252191e-01  7.311032586840372e-01  1.940842800252191e-01  2.916254198456101e-01  1.940842800252191e-01  2.441969574996570e-03  1.940842800252191e-01  8.498123968893736e-01  1.940842800252191e-01  2.766150193584648e-01  1.940842800252191e-01  2.144271722101375e-03 
 1.980842800252191e-01  1.228980842091441e+00  1.980842800252191e-01  1.311121492154713e+00  1.980842800252191e-01  7.298874235783430e-01  1.980842800252191e-01  2.917768227380765e-01  1.980842800252191e-01  2.445021932310690e-03  1.980842800252191e-01  8.510405824298822e-01  1.980842800252191e-01  2.764563966817221e-01  1.980842800252191e-01  2.141194594331826e-03 
 2.020842800252191e-01  1.228155748003706e+00  2.020842800252191e-01  1.311953421538361e+00  2.020842800252191e-01  7.286717990264566e-01  2.020842800252191e-01  2.919281734730525e-01  2.020842800252191e-01  2.448073845584556e-03  2.020842800252191e-01  8.522688191697102e-01  2.020842800252191e-01  2.762976812066028e-01  2.020842800252191e-01  2.138117398207069e-03 
 2.060842800252191e-01  1.227330775143937e+00  2.060842800252191e-01  1.312785368330457e+00  2.060842800252191e-01  7.274563870859185e-01  2.060842800252191e-01  2.920794725358112e-01  2.060842800252191e-01  2.451125310452297e-03  2.060842800252191e-01  8.534971056513965e-01  2.060842800252191e-01  2.761388725949956e-01  2.060842800252191e-01  2.135040137690750e-03 
 2.100842800252191e-01  1.226505924698306e+00  2.100842800252191e-01  1.313617331460747e+00  2.100842800252191e-01  7.262411898270599e-01  2.100842800252191e-01  2.922307204137030e-01  2.100842800252191e-01  2.454176322526439e-03  2.100842800252191e-01  8.547254404209707e-01  2.100842800252191e-01  2.759799705092846e-01  2.100842800252191e-01  2.131962816741580e-03 
 2.140842800252191e-01  1.225681197858514e+00  2.140842800252191e-01  1.314449309858770e+00  2.140842800252191e-01  7.250262093328903e-01  2.140842800252191e-01  2.923819175962447e-01  2.140842800252191e-01  2.457226877399006e-03  2.140842800252191e-01  8.559538220269435e-01  2.140842800252191e-01  2.758209746126049e-01  2.140842800252191e-01  2.128885439319069e-03 
 2.180842800252191e-01  1.224856595826521e+00  2.180842800252191e-01  1.315281302471747e+00  2.180842800252191e-01  7.238114477022054e-01  2.180842800252191e-01  2.925330645743917e-01  2.180842800252191e-01  2.460276970624151e-03  2.180842800252191e-01  8.571822490316336e-01  2.180842800252191e-01  2.756618845656887e-01  2.180842800252191e-01  2.125808009317286e-03 
 2.220842800252191e-01  1.224032119796421e+00  2.220842800252191e-01  1.316113308193473e+00  2.220842800252191e-01  7.225969070382349e-01  2.220842800252191e-01  2.926841618435366e-01  2.220842800252191e-01  2.463326597785030e-03  2.220842800252191e-01  8.584107199659814e-01  2.220842800252191e-01  2.755027000393357e-01  2.220842800252191e-01  2.122730530827936e-03 
 2.260842800252191e-01  1.223207770981924e+00  2.260842800252191e-01  1.316945325971272e+00  2.260842800252191e-01  7.213825894661215e-01  2.260842800252191e-01  2.928352098990599e-01  2.260842800252191e-01  2.466375754392321e-03  2.260842800252191e-01  8.596392333974244e-01  2.260842800252191e-01  2.753434206956305e-01  2.260842800252191e-01  2.119653007744738e-03 
 2.300842800252191e-01  1.222383550593169e+00  2.300842800252191e-01  1.317777354714886e+00  2.300842800252191e-01  7.201684971183830e-01  2.300842800252191e-01  2.929862092401614e-01  2.300842800252191e-01  2.469424435969885e-03  2.300842800252191e-01  8.608677878720117e-01  2.300842800252191e-01  2.751840462039251e-01  2.300842800252191e-01  2.116575444100393e-03 
 2.340842800252191e-01  1.221559459846882e+00  2.340842800252191e-01  1.318609393335844e+00  2.340842800252191e-01  7.189546321414417e-01  2.340842800252191e-01  2.931371603682395e-01  2.340842800252191e-01  2.472472638017212e-03  2.340842800252191e-01  8.620963819393689e-01  2.340842800252191e-01  2.750245762339212e-01  2.340842800252191e-01  2.113497843921017e-03 
 2.380842800252191e-01  1.220735499967926e+00  2.380842800252191e-01  1.319441440753004e+00  2.380842800252191e-01  7.177409966967133e-01  2.380842800252191e-01  2.932880637866813e-01  2.380842800252191e-01  2.475520356003670e-03  2.380842800252191e-01  8.633250141561761e-01  2.380842800252191e-01  2.748650104546788e-01  2.380842800252191e-01  2.110420211205596e-03 
 2.420842800252191e-01  1.219911672184526e+00  2.420842800252191e-01  1.320273495873557e+00  2.420842800252191e-01  7.165275929577140e-01  2.420842800252191e-01  2.934389200016874e-01  2.420842800252191e-01  2.478567585386252e-03  2.420842800252191e-01  8.645536830740846e-01  2.420842800252191e-01  2.747053485379504e-01  2.420842800252191e-01  2.107342549996292e-03 
 2.460842800252191e-01  1.219087977733606e+00  2.460842800252191e-01  1.321105557613361e+00  2.460842800252191e-01  7.153144231135384e-01  2.460842800252191e-01  2.935897295214411e-01  2.460842800252191e-01  2.481614321589715e-03  2.460842800252191e-01  8.657823872525806e-01  2.460842800252191e-01  2.745455901545894e-01  2.460842800252191e-01  2.104264864303209e-03 
 2.500842800252192e-01  1.218264417853663e+00  2.500842800252192e-01  1.321937624868652e+00  2.500842800252192e-01  7.141014893644915e-01  2.500842800252192e-01  2.937404928573171e-01  2.500842800252192e-01  2.484660560033050e-03  2.500842800252192e-01  8.670111252410038e-01  2.500842800252192e-01  2.743857349795251e-01  2.500842800252192e-01  2.101187158208988e-03 
 2.540842800252192e-01  1.217440993791387e+00  2.540842800252192e-01  1.322769696541596e+00  2.540842800252192e-01  7.128887939263733e-01  2.540842800252192e-01  2.938912105228436e-01  2.540842800252192e-01  2.487706296104892e-03  2.540842800252192e-01  8.682398955947296e-01  2.540842800252192e-01  2.742257826872542e-01  2.540842800252192e-01  2.098109435774410e-03 
 2.580842800252192e-01  1.216617706800324e+00  2.580842800252192e-01  1.323601771534439e+00  2.580842800252192e-01  7.116763390297676e-01  2.580842800252192e-01  2.940418830339677e-01  2.580842800252192e-01  2.490751525168553e-03  2.580842800252192e-01  8.694686968714201e-01  2.580842800252192e-01  2.740657329528526e-01  2.580842800252192e-01  2.095031701059881e-03 
 2.620842800252192e-01  1.215794558137268e+00  2.620842800252192e-01  1.324433848735069e+00  2.620842800252192e-01  7.104641269178773e-01  2.620842800252192e-01  2.941925109096873e-01  2.620842800252192e-01  2.493796242575313e-03  2.620842800252192e-01  8.706975276218363e-01  2.620842800252192e-01  2.739055854545281e-01  2.620842800252192e-01  2.091953958178968e-03 
 2.660842800252192e-01  1.214971549067863e+00  2.660842800252192e-01  1.325265927038470e+00  2.660842800252192e-01  7.092521598501966e-01  2.660842800252192e-01  2.943430946711857e-01  2.660842800252192e-01  2.496840443643736e-03  2.660842800252192e-01  8.719263864034148e-01  2.660842800252192e-01  2.737453398698110e-01  2.660842800252192e-01  2.088876211218975e-03 
 2.700842800252192e-01  1.214148680862423e+00  2.700842800252192e-01  1.326098005329849e+00  2.700842800252192e-01  7.080404400999860e-01  2.700842800252192e-01  2.944936348425565e-01  2.700842800252192e-01  2.499884123675088e-03  2.700842800252192e-01  8.731552717695347e-01  2.700842800252192e-01  2.735849958785341e-01  2.700842800252192e-01  2.085798464303359e-03 
 2.740842800252192e-01  1.213325954800015e+00  2.740842800252192e-01  1.326930082500139e+00  2.740842800252192e-01  7.068289699569866e-01  2.740842800252192e-01  2.946441319501896e-01  2.740842800252192e-01  2.502927277938277e-03  2.740842800252192e-01  8.743841822793166e-01  2.740842800252192e-01  2.734245531600752e-01  2.740842800252192e-01  2.082720721534404e-03 
 2.780842800252192e-01  1.212503372159970e+00  2.780842800252192e-01  1.327762157412506e+00  2.780842800252192e-01  7.056177517221820e-01  2.780842800252192e-01  2.947945865241952e-01  2.780842800252192e-01  2.505969901701205e-03  2.780842800252192e-01  8.756131164763450e-01  2.780842800252192e-01  2.732640113992945e-01  2.780842800252192e-01  2.079642987117127e-03 
 2.820842800252192e-01  1.211680934234800e+00  2.820842800252192e-01  1.328594228952127e+00  2.820842800252192e-01  7.044067877160933e-01  2.820842800252192e-01  2.949449990963571e-01  2.820842800252192e-01  2.509011990183079e-03  2.820842800252192e-01  8.768420729202216e-01  2.820842800252192e-01  2.731033702776883e-01  2.820842800252192e-01  2.076565265175075e-03 
 2.860842800252192e-01  1.210858642322068e+00  2.860842800252192e-01  1.329426295994089e+00  2.860842800252192e-01  7.031960802737680e-01  2.860842800252192e-01  2.950953702014988e-01  2.860842800252192e-01  2.512053538584369e-03  2.860842800252192e-01  8.780710501661619e-01  2.860842800252192e-01  2.729426294790805e-01  2.860842800252192e-01  2.073487559869166e-03 
 2.900842800252192e-01  1.210036497722210e+00  2.900842800252192e-01  1.330258357394441e+00  2.900842800252192e-01  7.019856317435462e-01  2.900842800252192e-01  2.952457003778873e-01  2.900842800252192e-01  2.515094542094923e-03  2.900842800252192e-01  8.793000467592968e-01  2.900842800252192e-01  2.727817886912089e-01  2.900842800252192e-01  2.070409875430721e-03 
 2.940842800252192e-01  1.209214501750420e+00  2.940842800252192e-01  1.331090412035984e+00  2.940842800252192e-01  7.007754444946925e-01  2.940842800252192e-01  2.953959901653561e-01  2.940842800252192e-01  2.518134995850027e-03  2.940842800252192e-01  8.805290612636842e-01  2.940842800252192e-01  2.726208475975669e-01  2.940842800252192e-01  2.067332215992081e-03 
 2.980842800252192e-01  1.208392655718965e+00  2.980842800252192e-01  1.331922458758828e+00  2.980842800252192e-01  6.995655209063787e-01  2.980842800252192e-01  2.955462401082236e-01  2.980842800252192e-01  2.521174894995784e-03  2.980842800252192e-01  8.817580922182293e-01  2.980842800252192e-01  2.724598058897642e-01  2.980842800252192e-01  2.064254585843539e-03 
 3.020842800252192e-01  1.207570960954587e+00  3.020842800252192e-01  1.332754496427883e+00  3.020842800252192e-01  6.983558633787998e-01  3.020842800252192e-01  2.956964507525208e-01  3.020842800252192e-01  2.524214234624745e-03  3.020842800252192e-01  8.829871381794685e-01  3.020842800252192e-01  2.722986632554958e-01  3.020842800252192e-01  2.061176989183636e-03 
 3.060842800252192e-01  1.206749418789607e+00  3.060842800252192e-01  1.333586523897514e+00  3.060842800252192e-01  6.971464743276977e-01  3.060842800252192e-01  2.958466226474876e-01  3.060842800252192e-01  2.527253009808828e-03  3.060842800252192e-01  8.842161976991232e-01  3.060842800252192e-01  2.721374193848281e-01  3.060842800252192e-01  2.058099430249896e-03 
 3.100842800252192e-01  1.205928030562861e+00  3.100842800252192e-01  1.334418540014784e+00  3.100842800252192e-01  6.959373561850991e-01  3.100842800252192e-01  2.959967563454732e-01  3.100842800252192e-01  2.530291215595850e-03  3.100842800252192e-01  8.854452693261201e-01  3.100842800252192e-01  2.719760739696203e-01  3.100842800252192e-01  2.055021913306893e-03 
 3.140842800252192e-01  1.205106797617371e+00  3.140842800252192e-01  1.335250543609804e+00  3.140842800252192e-01  6.947285113979939e-01  3.140842800252192e-01  2.961468524023668e-01  3.140842800252192e-01  2.533328847018172e-03  3.140842800252192e-01  8.866743516004484e-01  3.140842800252192e-01  2.718146267052431e-01  3.140842800252192e-01  2.051944442681866e-03 
 3.180842800252192e-01  1.204285721308563e+00  3.180842800252192e-01  1.336082533527392e+00  3.180842800252192e-01  6.935199424336572e-01  3.180842800252192e-01  2.962969113763187e-01  3.180842800252192e-01  2.536365899062256e-03  3.180842800252192e-01  8.879034430732081e-01  3.180842800252192e-01  2.716530772849132e-01  3.180842800252192e-01  2.048867022647693e-03 
 3.220842800252192e-01  1.203464802995359e+00  3.220842800252192e-01  1.336914508591685e+00  3.220842800252192e-01  6.923116517741835e-01  3.220842800252192e-01  2.964469338292376e-01  3.220842800252192e-01  2.539402366701598e-03  3.220842800252192e-01  8.891325422841452e-01  3.220842800252192e-01  2.714914254060148e-01  3.220842800252192e-01  2.045789657553723e-03 
 3.260842800252192e-01  1.202644044052924e+00  3.260842800252192e-01  1.337746467655386e+00  3.260842800252192e-01  6.911036419246698e-01  3.260842800252192e-01  2.965969203247862e-01  3.260842800252192e-01  2.542438244849683e-03  3.260842800252192e-01  8.903616477928428e-01  3.260842800252192e-01  2.713296707612686e-01  3.260842800252192e-01  2.042712351643635e-03 
 3.300842800252192e-01  1.201823445850788e+00  3.300842800252192e-01  1.338578409513970e+00  3.300842800252192e-01  6.898959153995813e-01  3.300842800252192e-01  2.967468714319712e-01  3.300842800252192e-01  2.545473528440766e-03  3.300842800252192e-01  8.915907581242944e-01  3.300842800252192e-01  2.711678130541103e-01  3.300842800252192e-01  2.039635109372804e-03 
 3.340842800252192e-01  1.201003009775123e+00  3.340842800252192e-01  1.339410332991935e+00  3.340842800252192e-01  6.886884747369418e-01  3.340842800252192e-01  2.968967877216016e-01  3.340842800252192e-01  2.548508212347614e-03  3.340842800252192e-01  8.928198718235740e-01  3.340842800252192e-01  2.710058519832195e-01  3.340842800252192e-01  2.036557935089247e-03 
 3.380842800252192e-01  1.200182737220699e+00  3.380842800252192e-01  1.340242236910946e+00  3.380842800252192e-01  6.874813224934203e-01  3.380842800252192e-01  2.970466697676433e-01  3.380842800252192e-01  2.551542291411138e-03  3.380842800252192e-01  8.940489874356039e-01  3.380842800252192e-01  2.708437872482193e-01  3.380842800252192e-01  2.033480833151445e-03 
 3.420842800252192e-01  1.199362629588259e+00  3.420842800252192e-01  1.341074120079129e+00  3.420842800252192e-01  6.862744612428329e-01  3.420842800252192e-01  2.971965181477036e-01  3.420842800252192e-01  2.554575760450184e-03  3.420842800252192e-01  8.952781034983411e-01  3.420842800252192e-01  2.706816185515983e-01  3.420842800252192e-01  2.030403807967997e-03 
 3.460842800252192e-01  1.198542688283424e+00  3.460842800252192e-01  1.341905981286092e+00  3.460842800252192e-01  6.850678935756214e-01  3.460842800252192e-01  2.973463334432653e-01  3.460842800252192e-01  2.557608614265544e-03  3.460842800252192e-01  8.965072185395917e-01  3.460842800252192e-01  2.705193455996056e-01  3.460842800252192e-01  2.027326864015954e-03 
 3.500842800252192e-01  1.197722914724657e+00  3.500842800252192e-01  1.342737819333585e+00  3.500842800252192e-01  6.838616221040198e-01  3.500842800252192e-01  2.974961162384598e-01  3.500842800252192e-01  2.560640847610505e-03  3.500842800252192e-01  8.977363310964313e-01  3.500842800252192e-01  2.703569680967295e-01  3.500842800252192e-01  2.024250005727484e-03 
 3.540842800252192e-01  1.196903310337736e+00  3.540842800252192e-01  1.343569633013340e+00  3.540842800252192e-01  6.826556494587435e-01  3.540842800252192e-01  2.976458671210215e-01  3.540842800252192e-01  2.563672455211320e-03  3.540842800252192e-01  8.989654397011173e-01  3.540842800252192e-01  2.701944857496762e-01  3.540842800252192e-01  2.021173237571787e-03 
 3.580842800252192e-01  1.196083876559922e+00  3.580842800252192e-01  1.344401421122745e+00  3.580842800252192e-01  6.814499782917743e-01  3.580842800252192e-01  2.977955866816747e-01  3.580842800252192e-01  2.566703431751739e-03  3.580842800252192e-01  9.001945428910153e-01  3.580842800252192e-01  2.700318982645391e-01  3.580842800252192e-01  2.018096563997157e-03 
 3.620842800252193e-01  1.195264614830720e+00  3.620842800252193e-01  1.345233182428235e+00  3.620842800252193e-01  6.802446112707220e-01  3.620842800252193e-01  2.979452755156854e-01  3.620842800252193e-01  2.569733771907232e-03  3.620842800252193e-01  9.014236391853501e-01  3.620842800252193e-01  2.698692053534041e-01  3.620842800252193e-01  2.015019989566373e-03 
 3.660842800252193e-01  1.194445526603162e+00  3.660842800252193e-01  1.346064915708810e+00  3.660842800252193e-01  6.790395510860864e-01  3.660842800252193e-01  2.980949342211042e-01  3.660842800252193e-01  2.572763470303217e-03  3.660842800252193e-01  9.026527271127781e-01  3.660842800252193e-01  2.697064067264897e-01  3.660842800252193e-01  2.011943518795749e-03 
 3.700842800252193e-01  1.193626613336351e+00  3.700842800252193e-01  1.346896619726244e+00  3.700842800252193e-01  6.778348004467406e-01  3.700842800252193e-01  2.982445634000337e-01  3.700842800252193e-01  2.575792521542689e-03  3.700842800252193e-01  9.038818051924723e-01  3.700842800252193e-01  2.695435020975229e-01  3.700842800252193e-01  2.008867156265294e-03 
 3.740842800252193e-01  1.192807876503225e+00  3.740842800252193e-01  1.347728293254899e+00  3.740842800252193e-01  6.766303620849906e-01  3.740842800252193e-01  2.983941636574368e-01  3.740842800252193e-01  2.578820920177401e-03  3.740842800252193e-01  9.051108719530006e-01  3.740842800252193e-01  2.693804911783407e-01  3.740842800252193e-01  2.005790906508459e-03 
 3.780842800252193e-01  1.191989317582029e+00  3.780842800252193e-01  1.348559935047853e+00  3.780842800252193e-01  6.754262387513896e-01  3.780842800252193e-01  2.985437356025833e-01  3.780842800252193e-01  2.581848660739594e-03  3.780842800252193e-01  9.063399259108288e-01  3.780842800252193e-01  2.692173736850187e-01  3.780842800252193e-01  2.002714774137449e-03 
 3.820842800252193e-01  1.191170938058243e+00  3.820842800252193e-01  1.349391543843746e+00  3.820842800252193e-01  6.742224332161272e-01  3.820842800252193e-01  2.986932798487925e-01  3.820842800252193e-01  2.584875737734594e-03  3.820842800252193e-01  9.075689655746320e-01  3.820842800252193e-01  2.690541493366326e-01  3.820842800252193e-01  1.999638763817835e-03 
 3.860842800252193e-01  1.190352739434525e+00  3.860842800252193e-01  1.350223118405011e+00  3.860842800252193e-01  6.730189482754595e-01  3.860842800252193e-01  2.988427970119134e-01  3.860842800252193e-01  2.587902145604315e-03  3.860842800252193e-01  9.087979894695102e-01  3.860842800252193e-01  2.688908178483154e-01  3.860842800252193e-01  1.996562880127199e-03 
 3.900842800252193e-01  1.189534723214041e+00  3.900842800252193e-01  1.351054657452314e+00  3.900842800252193e-01  6.718157867414238e-01  3.900842800252193e-01  2.989922877130648e-01  3.900842800252193e-01  2.590927878788745e-03  3.900842800252193e-01  9.100269960954057e-01  3.900842800252193e-01  2.687273789431561e-01  3.900842800252193e-01  1.993487127797616e-03 
 3.940842800252193e-01  1.188716890916883e+00  3.940842800252193e-01  1.351886159727839e+00  3.940842800252193e-01  6.706129514523299e-01  3.940842800252193e-01  2.991417525760652e-01  3.940842800252193e-01  2.593952931665250e-03  3.940842800252193e-01  9.112559839671918e-01  3.940842800252193e-01  2.685638323407016e-01  3.940842800252193e-01  1.990411511481569e-03 
 3.980842800252193e-01  1.187899244071549e+00  3.980842800252193e-01  1.352717623961493e+00  3.980842800252193e-01  6.694104452676066e-01  3.980842800252193e-01  2.992911922288735e-01  3.980842800252193e-01  2.596977298580132e-03  3.980842800252193e-01  9.124849515932268e-01  3.980842800252193e-01  2.684001777630897e-01  3.980842800252193e-01  1.987336035876931e-03 
 4.020842800252193e-01  1.187081784210647e+00  4.020842800252193e-01  1.353549048853619e+00  4.020842800252193e-01  6.682082710652858e-01  4.020842800252193e-01  2.994406073043462e-01  4.020842800252193e-01  2.600000973864477e-03  4.020842800252193e-01  9.137138974643847e-01  4.020842800252193e-01  2.682364149382057e-01  4.020842800252193e-01  1.984260705790951e-03 
 4.060842800252193e-01  1.186264512881750e+00  4.060842800252193e-01  1.354380433116527e+00  4.060842800252193e-01  6.670064317490213e-01  4.060842800252193e-01  2.995899984385668e-01  4.060842800252193e-01  2.603023951794011e-03  4.060842800252193e-01  9.149428200803451e-01  4.060842800252193e-01  2.680725435921140e-01  4.060842800252193e-01  1.981185525986591e-03 
 4.100842800252193e-01  1.185447431645148e+00  4.100842800252193e-01  1.355211775465200e+00  4.100842800252193e-01  6.658049302468642e-01  4.100842800252193e-01  2.997393662712760e-01  4.100842800252193e-01  2.606046226597421e-03  4.100842800252193e-01  9.161717179436791e-01  4.100842800252193e-01  2.679085634507410e-01  4.100842800252193e-01  1.978110501216949e-03 
 4.140842800252193e-01  1.184630542068546e+00  4.140842800252193e-01  1.356043074595888e+00  4.140842800252193e-01  6.646037695081419e-01  4.140842800252193e-01  2.998887114468004e-01  4.140842800252193e-01  2.609067792476011e-03  4.140842800252193e-01  9.174005895462675e-01  4.140842800252193e-01  2.677444742437808e-01  4.140842800252193e-01  1.975035636304415e-03 
 4.180842800252193e-01  1.183813845728868e+00  4.180842800252193e-01  1.356874329192627e+00  4.180842800252193e-01  6.634029525047832e-01  4.180842800252193e-01  3.000380346138296e-01  4.180842800252193e-01  2.612088643596911e-03  4.180842800252193e-01  9.186294333734037e-01  4.180842800252193e-01  2.675802757035046e-01  4.180842800252193e-01  1.971960936116514e-03 
 4.220842800252193e-01  1.182997344215905e+00  4.220842800252193e-01  1.357705537940624e+00  4.220842800252193e-01  6.622024822338179e-01  4.220842800252193e-01  3.001873364249104e-01  4.220842800252193e-01  2.615108774079703e-03  4.220842800252193e-01  9.198582479122613e-01  4.220842800252193e-01  2.674159675623170e-01  4.220842800252193e-01  1.968886405516491e-03 
 4.260842800252193e-01  1.182181039129820e+00  4.260842800252193e-01  1.358536699515944e+00  4.260842800252193e-01  6.610023617160184e-01  4.260842800252193e-01  3.003366175369208e-01  4.260842800252193e-01  2.618128178005605e-03  4.260842800252193e-01  9.210870316453332e-01  4.260842800252193e-01  2.672515495546336e-01  4.260842800252193e-01  1.965812049401361e-03 
 4.300842800252193e-01  1.181364932080415e+00  4.300842800252193e-01  1.359367812582039e+00  4.300842800252193e-01  6.598025939956379e-01  4.300842800252193e-01  3.004858786112642e-01  4.300842800252193e-01  2.621146849420175e-03  4.300842800252193e-01  9.223157830482070e-01  4.300842800252193e-01  2.670870214175232e-01  4.300842800252193e-01  1.962737872714834e-03 
 4.340842800252193e-01  1.180549024689518e+00  4.340842800252193e-01  1.360198875798210e+00  4.340842800252193e-01  6.586031821421399e-01  4.340842800252193e-01  3.006351203135622e-01  4.340842800252193e-01  2.624164782324477e-03  4.340842800252193e-01  9.235445005949137e-01  4.340842800252193e-01  2.669223828891514e-01  4.340842800252193e-01  1.959663880415935e-03 
 4.380842800252193e-01  1.179733318591083e+00  4.380842800252193e-01  1.361029887819412e+00  4.380842800252193e-01  6.574041292504549e-01  4.380842800252193e-01  3.007843433137196e-01  4.380842800252193e-01  2.627181970674749e-03  4.380842800252193e-01  9.247731827577782e-01  4.380842800252193e-01  2.667576337088163e-01  4.380842800252193e-01  1.956590077479788e-03 
 4.420842800252193e-01  1.178917815429843e+00  4.420842800252193e-01  1.361860847290350e+00  4.420842800252193e-01  6.562054384403645e-01  4.420842800252193e-01  3.009335482862178e-01  4.420842800252193e-01  2.630198408387326e-03  4.420842800252193e-01  9.260018280036570e-01  4.420842800252193e-01  2.665927736180308e-01  4.420842800252193e-01  1.953516468919432e-03 
 4.460842800252193e-01  1.178102516863025e+00  4.460842800252193e-01  1.362691752851300e+00  4.460842800252193e-01  6.550071128577967e-01  4.460842800252193e-01  3.010827359099206e-01  4.460842800252193e-01  2.633214089332352e-03  4.460842800252193e-01  9.272304347976059e-01  4.460842800252193e-01  2.664278023594493e-01  4.460842800252193e-01  1.950443059764257e-03 
 4.500842800252193e-01  1.177287424555602e+00  4.500842800252193e-01  1.363522603119004e+00  4.500842800252193e-01  6.538091556720657e-01  4.500842800252193e-01  3.012319068689168e-01  4.500842800252193e-01  2.636229007351313e-03  4.500842800252193e-01  9.284590015907677e-01  4.500842800252193e-01  2.662627196803906e-01  4.500842800252193e-01  1.947369855130720e-03 
 4.540842800252193e-01  1.176472540188801e+00  4.540842800252193e-01  1.364353396719087e+00  4.540842800252193e-01  6.526115700814459e-01  4.540842800252193e-01  3.013810618512380e-01  4.540842800252193e-01  2.639243156225577e-03  4.540842800252193e-01  9.296875268408673e-01  4.540842800252193e-01  2.660975253268684e-01  4.540842800252193e-01  1.944296860102447e-03 
 4.580842800252193e-01  1.175657865457112e+00  4.580842800252193e-01  1.365184132273636e+00  4.580842800252193e-01  6.514143593115069e-01  4.580842800252193e-01  3.015302015494242e-01  4.580842800252193e-01  2.642256529687440e-03  4.580842800252193e-01  9.309160090043372e-01  4.580842800252193e-01  2.659322190458667e-01  4.580842800252193e-01  1.941224079776090e-03 
 4.620842800252193e-01  1.174843402057747e+00  4.620842800252193e-01  1.366014808359377e+00  4.620842800252193e-01  6.502175266087574e-01  4.620842800252193e-01  3.016793266622922e-01  4.620842800252193e-01  2.645269121459171e-03  4.620842800252193e-01  9.321444465098179e-01  4.620842800252193e-01  2.657668005930746e-01  4.620842800252193e-01  1.938151519416146e-03 
 4.660842800252193e-01  1.174029151713109e+00  4.660842800252193e-01  1.366845423594551e+00  4.660842800252193e-01  6.490210752549481e-01  4.660842800252193e-01  3.018284378914267e-01  4.660842800252193e-01  2.648280925169787e-03  4.660842800252193e-01  9.333728378131279e-01  4.660842800252193e-01  2.656012697168373e-01  4.660842800252193e-01  1.935079184133504e-03 
 4.700842800252193e-01  1.173215116150504e+00  4.700842800252193e-01  1.367675976559015e+00  4.700842800252193e-01  6.478250085546052e-01  4.700842800252193e-01  3.019775359445140e-01  4.700842800252193e-01  2.651291934430238e-03  4.700842800252193e-01  9.346011813466787e-01  4.700842800252193e-01  2.654356261729152e-01  4.700842800252193e-01  1.932007079181048e-03 
 4.740842800252194e-01  1.172401297108748e+00  4.740842800252194e-01  1.368506465819234e+00  4.740842800252194e-01  6.466293298394110e-01  4.740842800252194e-01  3.021266215343709e-01  4.740842800252194e-01  2.654302142808874e-03  4.740842800252194e-01  9.358294755352734e-01  4.740842800252194e-01  2.652698697198775e-01  4.740842800252194e-01  1.928935209861210e-03 
 4.780842800252194e-01  1.171587696344610e+00  4.780842800252194e-01  1.369336889952687e+00  4.780842800252194e-01  6.454340424724803e-01  4.780842800252194e-01  3.022756953780048e-01  4.780842800252194e-01  2.657311543807633e-03  4.780842800252194e-01  9.370577188115231e-01  4.780842800252194e-01  2.651040001145769e-01  4.780842800252194e-01  1.925863581435652e-03 
 4.820842800252194e-01  1.170774315624661e+00  4.820842800252194e-01  1.370167247515231e+00  4.820842800252194e-01  6.442391498435071e-01  4.820842800252194e-01  3.024247581980055e-01  4.820842800252194e-01  2.660320130892206e-03  4.820842800252194e-01  9.382859095951948e-01  4.820842800252194e-01  2.649380171181971e-01  4.820842800252194e-01  1.922792199246045e-03 
 4.860842800252194e-01  1.169961156729527e+00  4.860842800252194e-01  1.370997537056881e+00  4.860842800252194e-01  6.430446553716753e-01  4.860842800252194e-01  3.025738107219581e-01  4.860842800252194e-01  2.663327897476299e-03  4.860842800252194e-01  9.395140463031606e-01  4.860842800252194e-01  2.647719204933302e-01  4.860842800252194e-01  1.919721068655635e-03 
 4.900842800252194e-01  1.169148221450761e+00  4.900842800252194e-01  1.371827757108918e+00  4.900842800252194e-01  6.418505625039660e-01  4.900842800252194e-01  3.027228536830334e-01  4.900842800252194e-01  2.666334836933193e-03  4.900842800252194e-01  9.407421273412285e-01  4.900842800252194e-01  2.646057100063766e-01  4.900842800252194e-01  1.916650195096978e-03 
 4.940842800252194e-01  1.168335511599119e+00  4.940842800252194e-01  1.372657906215204e+00  4.940842800252194e-01  6.406568747205760e-01  4.940842800252194e-01  3.028718878187608e-01  4.940842800252194e-01  2.669340942565145e-03  4.940842800252194e-01  9.419701511239447e-01  4.940842800252194e-01  2.644393854217221e-01  4.940842800252194e-01  1.913579583956097e-03 
 4.980842800252194e-01  1.167523028994731e+00  4.980842800252194e-01  1.373487982893094e+00  4.980842800252194e-01  6.394635955290482e-01  4.980842800252194e-01  3.030209138726918e-01  4.980842800252194e-01  2.672346207639728e-03  4.980842800252194e-01  9.431981160498334e-01  4.980842800252194e-01  2.642729465090066e-01  4.980842800252194e-01  1.910509240717038e-03 
 5.020842800252193e-01  1.166710775468934e+00  5.020842800252193e-01  1.374317985639846e+00  5.020842800252193e-01  6.382707284656738e-01  5.020842800252193e-01  3.031699325942027e-01  5.020842800252193e-01  2.675350625383087e-03  5.020842800252193e-01  9.444260205054489e-01  5.020842800252193e-01  2.641063930419484e-01  5.020842800252193e-01  1.907439170938198e-03 
 5.060842800252193e-01  1.165898752875626e+00  5.060842800252193e-01  1.375147912975861e+00  5.060842800252193e-01  6.370782771028582e-01  5.060842800252193e-01  3.033189447367814e-01  5.060842800252193e-01  2.678354188937885e-03  5.060842800252193e-01  9.456538628927033e-01  5.060842800252193e-01  2.639397247902793e-01  5.060842800252193e-01  1.904369380092398e-03 
 5.100842800252193e-01  1.165086963073070e+00  5.100842800252193e-01  1.375977763373017e+00  5.100842800252193e-01  6.358862450380294e-01  5.100842800252193e-01  3.034679510610260e-01  5.100842800252193e-01  2.681356891430647e-03  5.100842800252193e-01  9.468816415835184e-01  5.100842800252193e-01  2.637729415331131e-01  5.100842800252193e-01  1.901299873831869e-03 
 5.140842800252193e-01  1.164275407941239e+00  5.140842800252193e-01  1.376807535321413e+00  5.140842800252193e-01  6.346946359047407e-01  5.140842800252193e-01  3.036169523319810e-01  5.140842800252193e-01  2.684358725907622e-03  5.140842800252193e-01  9.481093549620270e-01  5.140842800252193e-01  2.636060430464989e-01  5.140842800252193e-01  1.898230657741501e-03 
 5.180842800252193e-01  1.163464089372637e+00  5.180842800252193e-01  1.377637227292659e+00  5.180842800252193e-01  6.335034533672222e-01  5.180842800252193e-01  3.037659493207002e-01  5.180842800252193e-01  2.687359685368678e-03  5.180842800252193e-01  9.493370014013375e-01  5.180842800252193e-01  2.634390291102731e-01  5.180842800252193e-01  1.895161737474553e-03 
 5.220842800252193e-01  1.162653009270706e+00  5.220842800252193e-01  1.378466837732853e+00  5.220842800252193e-01  6.323127011196706e-01  5.220842800252193e-01  3.039149428046015e-01  5.220842800252193e-01  2.690359762773248e-03  5.220842800252193e-01  9.505645792590807e-01  5.220842800252193e-01  2.632718995093850e-01  5.220842800252193e-01  1.892093118778620e-03 
 5.260842800252193e-01  1.161842169562372e+00  5.260842800252193e-01  1.379296365110562e+00  5.260842800252193e-01  6.311223828943585e-01  5.260842800252193e-01  3.040639335655738e-01  5.260842800252193e-01  2.693358950993873e-03  5.260842800252193e-01  9.517920869077279e-01  5.260842800252193e-01  2.631046540249157e-01  5.260842800252193e-01  1.889024807318244e-03 
 5.300842800252193e-01  1.161031572179354e+00  5.300842800252193e-01  1.380125807843047e+00  5.300842800252193e-01  6.299325024502763e-01  5.300842800252193e-01  3.042129223930569e-01  5.300842800252193e-01  2.696357242885396e-03  5.300842800252193e-01  9.530195226879352e-01  5.300842800252193e-01  2.629372924479059e-01  5.300842800252193e-01  1.885956808947689e-03 
 5.340842800252193e-01  1.160221219076963e+00  5.340842800252193e-01  1.380955164368612e+00  5.340842800252193e-01  6.287430635851420e-01  5.340842800252193e-01  3.043619100811542e-01  5.340842800252193e-01  2.699354631215370e-03  5.340842800252193e-01  9.542468849542651e-01  5.340842800252193e-01  2.627698145657959e-01  5.340842800252193e-01  1.882889129443390e-03 
 5.380842800252194e-01  1.159411112220255e+00  5.380842800252194e-01  1.381784433091799e+00  5.380842800252194e-01  6.275540701270683e-01  5.380842800252194e-01  3.045108974309455e-01  5.380842800252194e-01  2.702351108715310e-03  5.380842800252194e-01  9.554741720405292e-01  5.380842800252194e-01  2.626022201727171e-01  5.380842800252194e-01  1.879821774706680e-03 
 5.420842800252194e-01  1.158601253596008e+00  5.420842800252194e-01  1.382613612429001e+00  5.420842800252194e-01  6.263655259423309e-01  5.420842800252194e-01  3.046598852486893e-01  5.420842800252194e-01  2.705346668036409e-03  5.420842800252194e-01  9.567013822885991e-01  5.420842800252194e-01  2.624345090609242e-01  5.420842800252194e-01  1.876754750595036e-03 
 5.460842800252194e-01  1.157791645200902e+00  5.460842800252194e-01  1.383442700761525e+00  5.460842800252194e-01  6.251774349283138e-01  5.460842800252194e-01  3.048088743478124e-01  5.460842800252194e-01  2.708341301793205e-03  5.460842800252194e-01  9.579285140187362e-01  5.460842800252194e-01  2.622666810296304e-01  5.460842800252194e-01  1.873688063095740e-03 
 5.500842800252194e-01  1.156982289052935e+00  5.500842800252194e-01  1.384271696479162e+00  5.500842800252194e-01  6.239898010209213e-01  5.500842800252194e-01  3.049578655472071e-01  5.500842800252194e-01  2.711335002521393e-03  5.500842800252194e-01  9.591555655571015e-01  5.500842800252194e-01  2.620987358768103e-01  5.500842800252194e-01  1.870621718164629e-03 
 5.540842800252194e-01  1.156173187183713e+00  5.540842800252194e-01  1.385100597949061e+00  5.540842800252194e-01  6.228026281900984e-01  5.540842800252194e-01  3.051068596725680e-01  5.540842800252194e-01  2.714327762706313e-03  5.540842800252194e-01  9.603825352160786e-01  5.540842800252194e-01  2.619306734050722e-01  5.540842800252194e-01  1.867555721841372e-03 
 5.580842800252194e-01  1.155364341640327e+00  5.580842800252194e-01  1.385929403522133e+00  5.580842800252194e-01  6.216159204413210e-01  5.580842800252194e-01  3.052558575562119e-01  5.580842800252194e-01  2.717319574776071e-03  5.580842800252194e-01  9.616094212983080e-01  5.580842800252194e-01  2.617624934204573e-01  5.580842800252194e-01  1.864490080225618e-03 
 5.620842800252194e-01  1.154555754487235e+00  5.620842800252194e-01  1.386758111539442e+00  5.620842800252194e-01  6.204296818170829e-01  5.620842800252194e-01  3.054048600368893e-01  5.620842800252194e-01  2.720310431094497e-03  5.620842800252194e-01  9.628362221007134e-01  5.620842800252194e-01  2.615941957312474e-01  5.620842800252194e-01  1.861424799453502e-03 
 5.660842800252194e-01  1.153747427810725e+00  5.660842800252194e-01  1.387586720348421e+00  5.660842800252194e-01  6.192439164000063e-01  5.660842800252194e-01  3.055538679591961e-01  5.660842800252194e-01  2.723300323944697e-03  5.660842800252194e-01  9.640629359247181e-01  5.660842800252194e-01  2.614257801448910e-01  5.660842800252194e-01  1.858359885637539e-03 
 5.700842800252194e-01  1.152939363705445e+00  5.700842800252194e-01  1.388415228249556e+00  5.700842800252194e-01  6.180586283047904e-01  5.700842800252194e-01  3.057028821758312e-01  5.700842800252194e-01  2.726289245578840e-03  5.700842800252194e-01  9.652895610425739e-01  5.700842800252194e-01  2.612572464781105e-01  5.700842800252194e-01  1.855295345063928e-03 
 5.740842800252194e-01  1.152131564293972e+00  5.740842800252194e-01  1.389243633571506e+00  5.740842800252194e-01  6.168738216907167e-01  5.740842800252194e-01  3.058519035446087e-01  5.740842800252194e-01  2.729277188145812e-03  5.740842800252194e-01  9.665160957447794e-01  5.740842800252194e-01  2.610885945426789e-01  5.740842800252194e-01  1.852231183914664e-03 
 5.780842800252194e-01  1.151324031704316e+00  5.780842800252194e-01  1.390071934582451e+00  5.780842800252194e-01  6.156895007480073e-01  5.780842800252194e-01  3.060009329321515e-01  5.780842800252194e-01  2.732264143774380e-03  5.780842800252194e-01  9.677425382840927e-01  5.780842800252194e-01  2.609198241622353e-01  5.780842800252194e-01  1.849167408595416e-03 
 5.820842800252194e-01  1.150516768094626e+00  5.820842800252194e-01  1.390900129585209e+00  5.820842800252194e-01  6.145056697135246e-01  5.820842800252194e-01  3.061499712100906e-01  5.820842800252194e-01  2.735250104481825e-03  5.820842800252194e-01  9.689688869355714e-01  5.820842800252194e-01  2.607509351542469e-01  5.820842800252194e-01  1.846104025383758e-03 
 5.860842800252194e-01  1.149709775632850e+00  5.860842800252194e-01  1.391728216837058e+00  5.860842800252194e-01  6.133223328584778e-01  5.860842800252194e-01  3.062990192584228e-01  5.860842800252194e-01  2.738235062249209e-03  5.860842800252194e-01  9.701951399459440e-01  5.860842800252194e-01  2.605819273452366e-01  5.860842800252194e-01  1.843041040725660e-03 
 5.900842800252194e-01  1.148903056506897e+00  5.900842800252194e-01  1.392556194588180e+00  5.900842800252194e-01  6.121394944950950e-01  5.900842800252194e-01  3.064480779640201e-01  5.900842800252194e-01  2.741219008983751e-03  5.900842800252194e-01  9.714212955578670e-01  5.900842800252194e-01  2.604128005634994e-01  5.900842800252194e-01  1.839978461093393e-03 
 5.940842800252194e-01  1.148096612928505e+00  5.940842800252194e-01  1.393384061095562e+00  5.940842800252194e-01  6.109571589793815e-01  5.940842800252194e-01  3.065971482201446e-01  5.940842800252194e-01  2.744201936504511e-03  5.940842800252194e-01  9.726473520186848e-01  5.940842800252194e-01  2.602435546364498e-01  5.940842800252194e-01  1.836916292934016e-03 
 5.980842800252194e-01  1.147290447119820e+00  5.980842800252194e-01  1.394211814569807e+00  5.980842800252194e-01  6.097753307031484e-01  5.980842800252194e-01  3.067462309287098e-01  5.980842800252194e-01  2.747183836592073e-03  5.980842800252194e-01  9.738733075468573e-01  5.980842800252194e-01  2.600741894007718e-01  5.980842800252194e-01  1.833854542866177e-03 
 6.020842800252194e-01  1.146484561327859e+00  6.020842800252194e-01  1.395039453230109e+00  6.020842800252194e-01  6.085940141033668e-01  6.020842800252194e-01  3.068953269981151e-01  6.020842800252194e-01  2.750164700935029e-03  6.020842800252194e-01  9.750991603666301e-01  6.020842800252194e-01  2.599047046919504e-01  6.020842800252194e-01  1.830793217476715e-03 
 6.060842800252194e-01  1.145678957814728e+00  6.060842800252194e-01  1.395866975265227e+00  6.060842800252194e-01  6.074132136564609e-01  6.060842800252194e-01  3.070444373449288e-01  6.060842800252194e-01  2.753144521166124e-03  6.060842800252194e-01  9.763249086834164e-01  6.060842800252194e-01  2.597351003517291e-01  6.060842800252194e-01  1.827732323465079e-03 
 6.100842800252194e-01  1.144873638871311e+00  6.100842800252194e-01  1.396694378885513e+00  6.100842800252194e-01  6.062329338871782e-01  6.100842800252194e-01  3.071935628918555e-01  6.100842800252194e-01  2.756123288811724e-03  6.100842800252194e-01  9.775505507165865e-01  6.100842800252194e-01  2.595653762181674e-01  6.100842800252194e-01  1.824671867450800e-03 
 6.140842800252194e-01  1.144068606792700e+00  6.140842800252194e-01  1.397521662226185e+00  6.140842800252194e-01  6.050531793537436e-01  6.140842800252194e-01  3.073427045717648e-01  6.140842800252194e-01  2.759100995382550e-03  6.140842800252194e-01  9.787760846384654e-01  6.140842800252194e-01  2.593955321441676e-01  6.140842800252194e-01  1.821611856331343e-03 
 6.180842800252194e-01  1.143263863910159e+00  6.180842800252194e-01  1.398348823470479e+00  6.180842800252194e-01  6.038739546680566e-01  6.180842800252194e-01  3.074918633227618e-01  6.180842800252194e-01  2.762077632255588e-03  6.180842800252194e-01  9.800015086519881e-01  6.180842800252194e-01  2.592255679739070e-01  6.180842800252194e-01  1.818552296826578e-03 
 6.220842800252194e-01  1.142459412566073e+00  6.220842800252194e-01  1.399175860751092e+00  6.220842800252194e-01  6.026952644805571e-01  6.220842800252194e-01  3.076410400922991e-01  6.220842800252194e-01  2.765053190766670e-03  6.220842800252194e-01  9.812268209285276e-01  6.220842800252194e-01  2.590554835617208e-01  6.220842800252194e-01  1.815493195843249e-03 
 6.260842800252194e-01  1.141655255121517e+00  6.260842800252194e-01  1.400002772178351e+00  6.260842800252194e-01  6.015171134853194e-01  6.260842800252194e-01  3.077902358361173e-01  6.260842800252194e-01  2.768027662182478e-03  6.260842800252194e-01  9.824520196256703e-01  6.260842800252194e-01  2.588852787667364e-01  6.260842800252194e-01  1.812434560370900e-03 
 6.300842800252194e-01  1.140851393967387e+00  6.300842800252194e-01  1.400829555882269e+00  6.300842800252194e-01  6.003395064273432e-01  6.300842800252194e-01  3.079394515166220e-01  6.300842800252194e-01  2.771001037659426e-03  6.300842800252194e-01  9.836771029137005e-01  6.300842800252194e-01  2.587149534447928e-01  6.300842800252194e-01  1.809376397326212e-03 
 6.340842800252194e-01  1.140047831506805e+00  6.340842800252194e-01  1.401656209943017e+00  6.340842800252194e-01  5.991624480920711e-01  6.340842800252194e-01  3.080886881058189e-01  6.340842800252194e-01  2.773973308308658e-03  6.340842800252194e-01  9.849020689317733e-01  6.340842800252194e-01  2.585445074618212e-01  6.340842800252194e-01  1.806318713810263e-03 
 6.380842800252194e-01  1.139244570168478e+00  6.380842800252194e-01  1.402482732441483e+00  6.380842800252194e-01  5.979859433140725e-01  6.380842800252194e-01  3.082379465833431e-01  6.380842800252194e-01  2.776944465146729e-03  6.380842800252194e-01  9.861269158197761e-01  6.380842800252194e-01  2.583739406841345e-01  6.380842800252194e-01  1.803261516921424e-03 
 6.420842800252194e-01  1.138441612402913e+00  6.420842800252194e-01  1.403309121443369e+00  6.420842800252194e-01  5.968099969751107e-01  6.420842800252194e-01  3.083872279372059e-01  6.420842800252194e-01  2.779914499109538e-03  6.420842800252194e-01  9.873516417082890e-01  6.420842800252194e-01  2.582032529814998e-01  6.420842800252194e-01  1.800204813814265e-03 
 6.460842800252194e-01  1.137638960681866e+00  6.460842800252194e-01  1.404135374995829e+00  6.460842800252194e-01  5.956346140042375e-01  6.460842800252194e-01  3.085365331640310e-01  6.460842800252194e-01  2.782883401054388e-03  6.460842800252194e-01  9.885762447164657e-01  6.460842800252194e-01  2.580324442278009e-01  6.460842800252194e-01  1.797148611711969e-03 
 6.500842800252195e-01  1.136836617497436e+00  6.500842800252195e-01  1.404961491122537e+00  6.500842800252195e-01  5.944597993776563e-01  6.500842800252195e-01  3.086858632693525e-01  6.500842800252195e-01  2.785851161763336e-03  6.500842800252195e-01  9.898007229489185e-01  6.500842800252195e-01  2.578615143020062e-01  6.500842800252195e-01  1.794092917924524e-03 
 6.540842800252195e-01  1.136034585365791e+00  6.540842800252195e-01  1.405787467836956e+00  6.540842800252195e-01  5.932855581214636e-01  6.540842800252195e-01  3.088352192671749e-01  6.540842800252195e-01  2.788817771929397e-03  6.540842800252195e-01  9.910250745040728e-01  6.540842800252195e-01  2.576904630856244e-01  6.540842800252195e-01  1.791037739799720e-03 
 6.580842800252195e-01  1.135232866827964e+00  6.580842800252195e-01  1.406613303144126e+00  6.580842800252195e-01  5.921118953125754e-01  6.580842800252195e-01  3.089846021800050e-01  6.580842800252195e-01  2.791783222153644e-03  6.580842800252195e-01  9.922492974752790e-01  6.580842800252195e-01  2.575192904623657e-01  6.580842800252195e-01  1.787983084716488e-03 
 6.620842800252195e-01  1.134431464444172e+00  6.620842800252195e-01  1.407438995017161e+00  6.620842800252195e-01  5.909388160756733e-01  6.620842800252195e-01  3.091340130399063e-01  6.620842800252195e-01  2.794747502966179e-03  6.620842800252195e-01  9.934733899360074e-01  6.620842800252195e-01  2.573479963227084e-01  6.620842800252195e-01  1.784928960171824e-03 
 6.660842800252195e-01  1.133630380798606e+00  6.660842800252195e-01  1.408264541414677e+00  6.660842800252195e-01  5.897663255866039e-01  6.660842800252195e-01  3.092834528879015e-01  6.660842800252195e-01  2.797710604808409e-03  6.660842800252195e-01  9.946973499508243e-01  6.660842800252195e-01  2.571765805605469e-01  6.660842800252195e-01  1.781875373716369e-03 
 6.700842800252195e-01  1.132829618501404e+00  6.700842800252195e-01  1.409089940286921e+00  6.700842800252195e-01  5.885944290740606e-01  6.700842800252195e-01  3.094329227738191e-01  6.700842800252195e-01  2.800672518025799e-03  6.700842800252195e-01  9.959211755792388e-01  6.700842800252195e-01  2.570050430720126e-01  6.700842800252195e-01  1.778822332931717e-03 
 6.740842800252195e-01  1.132029180182301e+00  6.740842800252195e-01  1.409915189549797e+00  6.740842800252195e-01  5.874231318161265e-01  6.740842800252195e-01  3.095824237574621e-01  6.740842800252195e-01  2.803633232891289e-03  6.740842800252195e-01  9.971448648593436e-01  6.740842800252195e-01  2.568333837605361e-01  6.740842800252195e-01  1.775769845526444e-03 
 6.780842800252195e-01  1.131229068501740e+00  6.780842800252195e-01  1.410740287126718e+00  6.780842800252195e-01  5.862524391475963e-01  6.780842800252195e-01  3.097319569070131e-01  6.780842800252195e-01  2.806592739564270e-03  6.780842800252195e-01  9.983684158341644e-01  6.780842800252195e-01  2.566616025287303e-01  6.780842800252195e-01  1.772717919181425e-03 
 6.820842800252195e-01  1.130429286140491e+00  6.820842800252195e-01  1.411565230906705e+00  6.820842800252195e-01  5.850823564540454e-01  6.820842800252195e-01  3.098815233008441e-01  6.820842800252195e-01  2.809551028128918e-03  6.820842800252195e-01  9.995918265252677e-01  6.820842800252195e-01  2.564896992865492e-01  6.820842800252195e-01  1.769666561704649e-03 
 6.860842800252195e-01  1.129629835800787e+00  6.860842800252195e-01  1.412390018747511e+00  6.860842800252195e-01  5.839128891730232e-01  6.860842800252195e-01  3.100311240275074e-01  6.860842800252195e-01  2.812508088590040e-03  6.860842800252195e-01  1.000815094934740e+00  6.860842800252195e-01  2.563176739507211e-01  6.860842800252195e-01  1.766615781019837e-03 
 6.900842800252195e-01  1.128830720217047e+00  6.900842800252195e-01  1.413214648515807e+00  6.900842800252195e-01  5.827440428011277e-01  6.900842800252195e-01  3.101807601842038e-01  6.900842800252195e-01  2.815463910833379e-03  6.900842800252195e-01  1.002038219070460e+00  6.900842800252195e-01  2.561455264369173e-01  6.900842800252195e-01  1.763565585017661e-03 
 6.940842800252195e-01  1.128031942145087e+00  6.940842800252195e-01  1.414039118043750e+00  6.940842800252195e-01  5.815758228878729e-01  6.940842800252195e-01  3.103304328786655e-01  6.940842800252195e-01  2.818418484665529e-03  6.940842800252195e-01  1.003261196918773e+00  6.940842800252195e-01  2.559732566682472e-01  6.940842800252195e-01  1.760515981716499e-03 
 6.980842800252195e-01  1.127233504366119e+00  6.980842800252195e-01  1.414863425143076e+00  6.980842800252195e-01  5.804082350386314e-01  6.980842800252195e-01  3.104801432286982e-01  6.980842800252195e-01  2.821371799799189e-03  6.980842800252195e-01  1.004484026453351e+00  6.980842800252195e-01  2.558008645725284e-01  6.980842800252195e-01  1.757466979210188e-03 
 7.020842800252195e-01  1.126435409686597e+00  7.020842800252195e-01  1.415687567603112e+00  7.020842800252195e-01  5.792412849150569e-01  7.020842800252195e-01  3.106298923623785e-01  7.020842800252195e-01  2.824323845853632e-03  7.020842800252195e-01  1.005706705633947e+00  7.020842800252195e-01  2.556283500827038e-01  7.020842800252195e-01  1.754418585675509e-03 
 7.060842800252195e-01  1.125637660946159e+00  7.060842800252195e-01  1.416511543219926e+00  7.060842800252195e-01  5.780749782404673e-01  7.060842800252195e-01  3.107796814169745e-01  7.060842800252195e-01  2.827274612325404e-03  7.060842800252195e-01  1.006929232424718e+00  7.060842800252195e-01  2.554557131311405e-01  7.060842800252195e-01  1.751370809264307e-03 
 7.100842800252195e-01  1.124840261001875e+00  7.100842800252195e-01  1.417335349733758e+00  7.100842800252195e-01  5.769093207906859e-01  7.100842800252195e-01  3.109295115416250e-01  7.100842800252195e-01  2.830224088646630e-03  7.100842800252195e-01  1.008151604754873e+00  7.100842800252195e-01  2.552829536619152e-01  7.100842800252195e-01  1.748323658334858e-03 
 7.140842800252195e-01  1.124043212741339e+00  7.140842800252195e-01  1.418158984878367e+00  7.140842800252195e-01  5.757443184026085e-01  7.140842800252195e-01  3.110793838954407e-01  7.140842800252195e-01  2.833172264136435e-03  7.140842800252195e-01  1.009373820549719e+00  7.140842800252195e-01  2.551100716211721e-01  7.140842800252195e-01  1.745277141269457e-03 
 7.180842800252195e-01  1.123246519081627e+00  7.180842800252195e-01  1.418982446375273e+00  7.180842800252195e-01  5.745799769740890e-01  7.180842800252195e-01  3.112292996478585e-01  7.180842800252195e-01  2.836119128004961e-03  7.180842800252195e-01  1.010595877727021e+00  7.180842800252195e-01  2.549370669582614e-01  7.180842800252195e-01  1.742231266495651e-03 
 7.220842800252195e-01  1.122450182968747e+00  7.220842800252195e-01  1.419805731930117e+00  7.220842800252195e-01  5.734163024641301e-01  7.220842800252195e-01  3.113792599789122e-01  7.220842800252195e-01  2.839064669355327e-03  7.220842800252195e-01  1.011817774194714e+00  7.220842800252195e-01  2.547639396264704e-01  7.220842800252195e-01  1.739186042499708e-03 
 7.260842800252195e-01  1.121654207368536e+00  7.260842800252195e-01  1.420628839195839e+00  7.260842800252195e-01  5.722533008878548e-01  7.260842800252195e-01  3.115292660808636e-01  7.260842800252195e-01  2.842008877217286e-03  7.260842800252195e-01  1.013039507827775e+00  7.260842800252195e-01  2.545906895903105e-01  7.260842800252195e-01  1.736141477962840e-03 
 7.300842800252195e-01  1.120858595284728e+00  7.300842800252195e-01  1.421451765841051e+00  7.300842800252195e-01  5.710909783281155e-01  7.300842800252195e-01  3.116793191555272e-01  7.300842800252195e-01  2.844951740480429e-03  7.300842800252195e-01  1.014261076511174e+00  7.300842800252195e-01  2.544173168120641e-01  7.300842800252195e-01  1.733097581508257e-03 
 7.340842800252195e-01  1.120063349746018e+00  7.340842800252195e-01  1.422274509498251e+00  7.340842800252195e-01  5.699293409281347e-01  7.340842800252195e-01  3.118294204165133e-01  7.340842800252195e-01  2.847893247942003e-03  7.340842800252195e-01  1.015482478107344e+00  7.340842800252195e-01  2.542438212620136e-01  7.340842800252195e-01  1.730054361892770e-03 
 7.380842800252195e-01  1.119268473805033e+00  7.380842800252195e-01  1.423097067758278e+00  7.380842800252195e-01  5.687683948914276e-01  7.380842800252195e-01  3.119795710895878e-01  7.380842800252195e-01  2.850833388310768e-03  7.380842800252195e-01  1.016703710452699e+00  7.380842800252195e-01  2.540702029195768e-01  7.380842800252195e-01  1.727011828027233e-03 
 7.420842800252195e-01  1.118473970554699e+00  7.420842800252195e-01  1.423919438232040e+00  7.420842800252195e-01  5.676081464923838e-01  7.420842800252195e-01  3.121297724102664e-01  7.420842800252195e-01  2.853772150146377e-03  7.420842800252195e-01  1.017924771396404e+00  7.420842800252195e-01  2.538964617611240e-01  7.420842800252195e-01  1.723969988748308e-03 
 7.460842800252195e-01  1.117679843107161e+00  7.460842800252195e-01  1.424741618467147e+00  7.460842800252195e-01  5.664486020639510e-01  7.460842800252195e-01  3.122800256273622e-01  7.460842800252195e-01  2.856709521937445e-03  7.460842800252195e-01  1.019145658748028e+00  7.460842800252195e-01  2.537225977764942e-01  7.460842800252195e-01  1.720928853126757e-03 
 7.500842800252195e-01  1.116886094611083e+00  7.500842800252195e-01  1.425563606013270e+00  7.500842800252195e-01  5.652897680087899e-01  7.500842800252195e-01  3.124303320004362e-01  7.500842800252195e-01  2.859645492037483e-03  7.500842800252195e-01  1.020366370318580e+00  7.500842800252195e-01  2.535486109560874e-01  7.500842800252195e-01  1.717888430225718e-03 
 7.540842800252195e-01  1.116092728244613e+00  7.540842800252195e-01  1.426385398393171e+00  7.540842800252195e-01  5.641316507955508e-01  7.540842800252195e-01  3.125806928011161e-01  7.540842800252195e-01  2.862580048690918e-03  7.540842800252195e-01  1.021586903902323e+00  7.540842800252195e-01  2.533745012966228e-01  7.540842800252195e-01  1.714848729207836e-03 
 7.580842800252195e-01  1.115299747212343e+00  7.580842800252195e-01  1.427206993089232e+00  7.580842800252195e-01  5.629742569576244e-01  7.580842800252195e-01  3.127311093137845e-01  7.580842800252195e-01  2.865513180044407e-03  7.580842800252195e-01  1.022807257268332e+00  7.580842800252195e-01  2.532002688038545e-01  7.580842800252195e-01  1.711809759385146e-03 
 7.620842800252196e-01  1.114507154760023e+00  7.620842800252196e-01  1.428028387598712e+00  7.620842800252196e-01  5.618175931027073e-01  7.620842800252196e-01  3.128815828334461e-01  7.620842800252196e-01  2.868444874092346e-03  7.620842800252196e-01  1.024027428195160e+00  7.620842800252196e-01  2.530259134816046e-01  7.620842800252196e-01  1.708771530014589e-03 
 7.660842800252196e-01  1.113714954154105e+00  7.660842800252196e-01  1.428849579352642e+00  7.660842800252196e-01  5.606616659009355e-01  7.660842800252196e-01  3.130321146691853e-01  7.660842800252196e-01  2.871375118752585e-03  7.660842800252196e-01  1.025247414419965e+00  7.660842800252196e-01  2.528514353479319e-01  7.660842800252196e-01  1.705734050598108e-03 
 7.700842800252196e-01  1.112923148700228e+00  7.700842800252196e-01  1.429670565785878e+00  7.700842800252196e-01  5.595064820967592e-01  7.700842800252196e-01  3.131827061414372e-01  7.700842800252196e-01  2.874303901797983e-03  7.700842800252196e-01  1.026467213682459e+00  7.700842800252196e-01  2.526768344212176e-01  7.700842800252196e-01  1.702697330623498e-03 
 7.740842800252196e-01  1.112131741732355e+00  7.740842800252196e-01  1.430491344293017e+00  7.740842800252196e-01  5.583520485029444e-01  7.740842800252196e-01  3.133333585839259e-01  7.740842800252196e-01  2.877231210896654e-03  7.740842800252196e-01  1.027686823697258e+00  7.740842800252196e-01  2.525021107289755e-01  7.740842800252196e-01  1.699661379727428e-03 
 7.780842800252196e-01  1.111340736617682e+00  7.780842800252196e-01  1.431311912245688e+00  7.780842800252196e-01  5.571983720041843e-01  7.780842800252196e-01  3.134840733430993e-01  7.780842800252196e-01  2.880157033593793e-03  7.780842800252196e-01  1.028906242164738e+00  7.780842800252196e-01  2.523272643044419e-01  7.780842800252196e-01  1.696626207631525e-03 
 7.820842800252196e-01  1.110550136762137e+00  7.820842800252196e-01  1.432132267012134e+00  7.820842800252196e-01  5.560454595610815e-01  7.820842800252196e-01  3.136348517774675e-01  7.820842800252196e-01  2.883081357291335e-03  7.820842800252196e-01  1.030125466783316e+00  7.820842800252196e-01  2.521522951826818e-01  7.820842800252196e-01  1.693591824069940e-03 
 7.860842800252196e-01  1.109759945598011e+00  7.860842800252196e-01  1.432952405907244e+00  7.860842800252196e-01  5.548933182032461e-01  7.860842800252196e-01  3.137856952597863e-01  7.860842800252196e-01  2.886004169293685e-03  7.860842800252196e-01  1.031344495218127e+00  7.860842800252196e-01  2.519772034106166e-01  7.860842800252196e-01  1.690558238974151e-03 
 7.900842800252196e-01  1.108970166597644e+00  7.900842800252196e-01  1.433772326243940e+00  7.900842800252196e-01  5.537419550382694e-01  7.900842800252196e-01  3.139366051751005e-01  7.900842800252196e-01  2.888925456757109e-03  7.900842800252196e-01  1.032563325133245e+00  7.900842800252196e-01  2.518019890367720e-01  7.900842800252196e-01  1.687525462282903e-03 
 7.940842800252196e-01  1.108180803260534e+00  7.940842800252196e-01  1.434592025281188e+00  7.940842800252196e-01  5.525913772445301e-01  7.940842800252196e-01  3.140875829230143e-01  7.940842800252196e-01  2.891845206737436e-03  7.940842800252196e-01  1.033781954159110e+00  7.940842800252196e-01  2.516266521217344e-01  7.940842800252196e-01  1.684493504134528e-03 
 7.980842800252196e-01  1.107391859125376e+00  7.980842800252196e-01  1.435411500268839e+00  7.980842800252196e-01  5.514415920791780e-01  7.980842800252196e-01  3.142386299159995e-01  7.980842800252196e-01  2.894763406145514e-03  7.980842800252196e-01  1.035000379920638e+00  7.980842800252196e-01  2.514511927291916e-01  7.980842800252196e-01  1.681462374701029e-03 
 8.020842800252196e-01  1.106603337770610e+00  8.020842800252196e-01  1.436230748447866e+00  8.020842800252196e-01  5.502926068791031e-01  8.020842800252196e-01  3.143897475795299e-01  8.020842800252196e-01  2.897680041745166e-03  8.020842800252196e-01  1.036218600037367e+00  8.020842800252196e-01  2.512756109259026e-01  8.020842800252196e-01  1.678432084187270e-03 
 8.060842800252196e-01  1.105815242800155e+00  8.060842800252196e-01  1.437049766993145e+00  8.060842800252196e-01  5.491444290529612e-01  8.060842800252196e-01  3.145409373545781e-01  8.060842800252196e-01  2.900595100205953e-03  8.060842800252196e-01  1.037436612087632e+00  8.060842800252196e-01  2.510999067932506e-01  8.060842800252196e-01  1.675402643042575e-03 
 8.100842800252196e-01  1.105027577863870e+00  8.100842800252196e-01  1.437868553090746e+00  8.100842800252196e-01  5.479970660942504e-01  8.100842800252196e-01  3.146922006945880e-01  8.100842800252196e-01  2.903508568027569e-03  8.100842800252196e-01  1.038654413656984e+00  8.100842800252196e-01  2.509240804117186e-01  8.100842800252196e-01  1.672374061674851e-03 
 8.140842800252196e-01  1.104240346640051e+00  8.140842800252196e-01  1.438687103868282e+00  8.140842800252196e-01  5.468505255713806e-01  8.140842800252196e-01  3.148435390684869e-01  8.140842800252196e-01  2.906420431604456e-03  8.140842800252196e-01  1.039872002294572e+00  8.140842800252196e-01  2.507481318749596e-01  8.140842800252196e-01  1.669346350708216e-03 
 8.180842800252196e-01  1.103453552850033e+00  8.180842800252196e-01  1.439505416449429e+00  8.180842800252196e-01  5.457048151371979e-01  8.180842800252196e-01  3.149949539585933e-01  8.180842800252196e-01  2.909330677171909e-03  8.180842800252196e-01  1.041089375547310e+00  8.180842800252196e-01  2.505720612788400e-01  8.180842800252196e-01  1.666319520781339e-03 
 8.220842800252196e-01  1.102667200248057e+00  8.220842800252196e-01  1.440323487912704e+00  8.220842800252196e-01  5.445599425235479e-01  8.220842800252196e-01  3.151464468624616e-01  8.220842800252196e-01  2.912239290843487e-03  8.220842800252196e-01  1.042306530934064e+00  8.220842800252196e-01  2.503958687297971e-01  8.220842800252196e-01  1.663293582699936e-03 
 8.260842800252196e-01  1.101881292630916e+00  8.260842800252196e-01  1.441141315326908e+00  8.260842800252196e-01  5.434159155478016e-01  8.260842800252196e-01  3.152980192915794e-01  8.260842800252196e-01  2.915146258575353e-03  8.260842800252196e-01  1.043523465967862e+00  8.260842800252196e-01  2.502195543377123e-01  8.260842800252196e-01  1.660268547305626e-03 
 8.300842800252196e-01  1.101095833828445e+00  8.300842800252196e-01  1.441958895712176e+00  8.300842800252196e-01  5.422727421077999e-01  8.300842800252196e-01  3.154496727731160e-01  8.300842800252196e-01  2.918051566201439e-03  8.300842800252196e-01  1.044740178131517e+00  8.300842800252196e-01  2.500431182238349e-01  8.300842800252196e-01  1.657244425620045e-03 
 8.340842800252196e-01  1.100310827712045e+00  8.340842800252196e-01  1.442776226071091e+00  8.340842800252196e-01  5.411304301877236e-01  8.340842800252196e-01  3.156014088488051e-01  8.340842800252196e-01  2.920955199401989e-03  8.340842800252196e-01  1.045956664897129e+00  8.340842800252196e-01  2.498665605145209e-01  8.340842800252196e-01  1.654221228729723e-03 
 8.380842800252196e-01  1.099526278189170e+00  8.380842800252196e-01  1.443593303365181e+00  8.380842800252196e-01  5.399889878554663e-01  8.380842800252196e-01  3.157532290760546e-01  8.380842800252196e-01  2.923857143723810e-03  8.380842800252196e-01  1.047172923711375e+00  8.380842800252196e-01  2.496898813460435e-01  8.380842800252196e-01  1.651198967873032e-03 
 8.420842800252196e-01  1.098742189213564e+00  8.420842800252196e-01  1.444410124552617e+00  8.420842800252196e-01  5.388484232695282e-01  8.420842800252196e-01  3.159051350265575e-01  8.420842800252196e-01  2.926757384542542e-03  8.420842800252196e-01  1.048388952019117e+00  8.420842800252196e-01  2.495130808569703e-01  8.420842800252196e-01  1.648177654300776e-03 
 8.460842800252196e-01  1.097958564772870e+00  8.460842800252196e-01  1.445226686538156e+00  8.460842800252196e-01  5.377087446722637e-01  8.460842800252196e-01  3.160571282885076e-01  8.460842800252196e-01  2.929655907108452e-03  8.460842800252196e-01  1.049604747232104e+00  8.460842800252196e-01  2.493361591983802e-01  8.460842800252196e-01  1.645157299461293e-03 
 8.500842800252196e-01  1.097175408894146e+00  8.500842800252196e-01  1.446042986192369e+00  8.500842800252196e-01  5.365699603939348e-01  8.500842800252196e-01  3.162092104659579e-01  8.500842800252196e-01  2.932552696525955e-03  8.500842800252196e-01  1.050820306741018e+00  8.500842800252196e-01  2.491591165300093e-01  8.500842800252196e-01  1.642137914929370e-03 
 8.540842800252196e-01  1.096392725651918e+00  8.540842800252196e-01  1.446859020380826e+00  8.540842800252196e-01  5.354320788582926e-01  8.540842800252196e-01  3.163613831777810e-01  8.540842800252196e-01  2.935447737723930e-03  8.540842800252196e-01  1.052035627933731e+00  8.540842800252196e-01  2.489819530143358e-01  8.540842800252196e-01  1.639119512298291e-03 
 8.580842800252196e-01  1.095610519155560e+00  8.580842800252196e-01  1.447674785913133e+00  8.580842800252196e-01  5.342951085757099e-01  8.580842800252196e-01  3.165136480599245e-01  8.580842800252196e-01  2.938341015502345e-03  8.580842800252196e-01  1.053250708163468e+00  8.580842800252196e-01  2.488046688270174e-01  8.580842800252196e-01  1.636102103368288e-03 
 8.620842800252196e-01  1.094828793558659e+00  8.620842800252196e-01  1.448490279576993e+00  8.620842800252196e-01  5.331590581495599e-01  8.620842800252196e-01  3.166660067641610e-01  8.620842800252196e-01  2.941232514497648e-03  8.620842800252196e-01  1.054465544770111e+00  8.620842800252196e-01  2.486272641499941e-01  8.620842800252196e-01  1.633085700020635e-03 
 8.660842800252196e-01  1.094047553057428e+00  8.660842800252196e-01  1.449305498130156e+00  8.660842800252196e-01  5.320239362760001e-01  8.660842800252196e-01  3.168184609585839e-01  8.660842800252196e-01  2.944122219188587e-03  8.660842800252196e-01  1.055680135075192e+00  8.660842800252196e-01  2.484497391731719e-01  8.660842800252196e-01  1.630070314247387e-03 
 8.700842800252196e-01  1.093266801892143e+00  8.700842800252196e-01  1.450120438303638e+00  8.700842800252196e-01  5.308897517455857e-01  8.700842800252196e-01  3.169710123276254e-01  8.700842800252196e-01  2.947010113890960e-03  8.700842800252196e-01  1.056894476383916e+00  8.700842800252196e-01  2.482720940938047e-01  8.700842800252196e-01  1.627055958139448e-03 
 8.740842800252197e-01  1.092486544343116e+00  8.740842800252197e-01  1.450935096784161e+00  8.740842800252197e-01  5.297565134415969e-01  8.740842800252197e-01  3.171236625729439e-01  8.740842800252197e-01  2.949896182772449e-03  8.740842800252197e-01  1.058108565974217e+00  8.740842800252197e-01  2.480943291201482e-01  8.740842800252197e-01  1.624042643951563e-03 
 8.780842800252197e-01  1.091706784735039e+00  8.780842800252197e-01  1.451749470228828e+00  8.780842800252197e-01  5.286242303434031e-01  8.780842800252197e-01  3.172764134129784e-01  8.780842800252197e-01  2.952780409836612e-03  8.780842800252197e-01  1.059322401105942e+00  8.780842800252197e-01  2.479164444684999e-01  8.780842800252197e-01  1.621030384048011e-03 
 8.820842800252197e-01  1.090927527439590e+00  8.820842800252197e-01  1.452563555273009e+00  8.820842800252197e-01  5.274929115287820e-01  8.820842800252197e-01  3.174292665827745e-01  8.820842800252197e-01  2.955662778913195e-03  8.820842800252197e-01  1.060535979025796e+00  8.820842800252197e-01  2.477384403616221e-01  8.820842800252197e-01  1.618019190873444e-03 
 8.860842800252197e-01  1.090148776868842e+00  8.860842800252197e-01  1.453377348502713e+00  8.860842800252197e-01  5.263625661707214e-01  8.860842800252197e-01  3.175822238352886e-01  8.860842800252197e-01  2.958543273682499e-03  8.860842800252197e-01  1.061749296950115e+00  8.860842800252197e-01  2.475603170344761e-01  8.860842800252197e-01  1.615009077055097e-03 
 8.900842800252197e-01  1.089370537481238e+00  8.900842800252197e-01  1.454190846475643e+00  8.900842800252197e-01  5.252332035417715e-01  8.900842800252197e-01  3.177352869406779e-01  8.900842800252197e-01  2.961421877653352e-03  8.900842800252197e-01  1.062962352078036e+00  8.900842800252197e-01  2.473820747299444e-01  8.900842800252197e-01  1.612000055324875e-03 
 8.940842800252197e-01  1.088592813780551e+00  8.940842800252197e-01  1.455004045714892e+00  8.940842800252197e-01  5.241048330141789e-01  8.940842800252197e-01  3.178884576867135e-01  8.940842800252197e-01  2.964298574166901e-03  8.940842800252197e-01  1.064175141587587e+00  8.940842800252197e-01  2.472037137001781e-01  8.940842800252197e-01  1.608992138542680e-03 
 8.980842800252197e-01  1.087815610321783e+00  8.980842800252197e-01  1.455816942729777e+00  8.980842800252197e-01  5.229774640641761e-01  8.980842800252197e-01  3.180417378780804e-01  8.980842800252197e-01  2.967173346374803e-03  8.980842800252197e-01  1.065387662648693e+00  8.980842800252197e-01  2.470252342023411e-01  8.980842800252197e-01  1.605985339619358e-03 
 9.020842800252197e-01  1.087038931694904e+00  9.020842800252197e-01  1.456629533950613e+00  9.020842800252197e-01  5.218511062630282e-01  9.020842800252197e-01  3.181951293392322e-01  9.020842800252197e-01  2.970046177299347e-03  9.020842800252197e-01  1.066599912382534e+00  9.020842800252197e-01  2.468466365121509e-01  9.020842800252197e-01  1.602979671757975e-03 
 9.060842800252197e-01  1.086262782549675e+00  9.060842800252197e-01  1.457441815822722e+00  9.060842800252197e-01  5.207257692926389e-01  9.060842800252197e-01  3.183486339106547e-01  9.060842800252197e-01  2.972917049741705e-03  9.060842800252197e-01  1.067811887920192e+00  9.060842800252197e-01  2.466679209044874e-01  9.060842800252197e-01  1.599975148106064e-03 
 9.100842800252197e-01  1.085487167574335e+00  9.100842800252197e-01  1.458253784721794e+00  9.100842800252197e-01  5.196014629335823e-01  9.100842800252197e-01  3.185022534525310e-01  9.100842800252197e-01  2.975785946360711e-03  9.100842800252197e-01  1.069023586349898e+00  9.100842800252197e-01  2.464890876709626e-01  9.100842800252197e-01  1.596971782068695e-03 
 9.140842800252197e-01  1.084712091508303e+00  9.140842800252197e-01  1.459065437000825e+00  9.140842800252197e-01  5.184781970734537e-01  9.140842800252197e-01  3.186559898429466e-01  9.140842800252197e-01  2.978652849625874e-03  9.140842800252197e-01  1.070235004746327e+00  9.140842800252197e-01  2.463101371102605e-01  9.140842800252197e-01  1.593969587134855e-03 
 9.180842800252197e-01  1.083937559137356e+00  9.180842800252197e-01  1.459876768969457e+00  9.180842800252197e-01  5.173559817047634e-01  9.180842800252197e-01  3.188098449789055e-01  9.180842800252197e-01  2.981517741835223e-03  9.180842800252197e-01  1.071446140157750e+00  9.180842800252197e-01  2.461310695324792e-01  9.180842800252197e-01  1.590968576953919e-03 
 9.220842800252197e-01  1.083163575296947e+00  9.220842800252197e-01  1.460687776904493e+00  9.220842800252197e-01  5.162348269276814e-01  9.220842800252197e-01  3.189638207760434e-01  9.220842800252197e-01  2.984380605103094e-03  9.220842800252197e-01  1.072656989612611e+00  9.220842800252197e-01  2.459518852570041e-01  9.220842800252197e-01  1.587968765296660e-03 
 9.260842800252197e-01  1.082390144875326e+00  9.260842800252197e-01  1.461498457060007e+00  9.260842800252197e-01  5.151147429526549e-01  9.260842800252197e-01  3.191179191683605e-01  9.260842800252197e-01  2.987241421348491e-03  9.260842800252197e-01  1.073867550125855e+00  9.260842800252197e-01  2.457725846104557e-01  9.260842800252197e-01  1.584970166017941e-03 
 9.300842800252197e-01  1.081617272803405e+00  9.300842800252197e-01  1.462308805625948e+00  9.300842800252197e-01  5.139957400951454e-01  9.300842800252197e-01  3.192721421100937e-01  9.300842800252197e-01  2.990100172332613e-03  9.300842800252197e-01  1.075077818673170e+00  9.300842800252197e-01  2.455931679353753e-01  9.300842800252197e-01  1.581972793209778e-03 
 9.340842800252197e-01  1.080844964070494e+00  9.340842800252197e-01  1.463118818786897e+00  9.340842800252197e-01  5.128778287857455e-01  9.340842800252197e-01  3.194264915734205e-01  9.340842800252197e-01  2.992956839600673e-03  9.340842800252197e-01  1.076287792227621e+00  9.340842800252197e-01  2.454136355780354e-01  9.340842800252197e-01  1.578976660984047e-03 
 9.380842800252197e-01  1.080073223708400e+00  9.380842800252197e-01  1.463928492658419e+00  9.380842800252197e-01  5.117610195614876e-01  9.380842800252197e-01  3.195809695512550e-01  9.380842800252197e-01  2.995811404540691e-03  9.380842800252197e-01  1.077497467720042e+00  9.380842800252197e-01  2.452339879017832e-01  9.380842800252197e-01  1.575981783707866e-03 
 9.420842800252197e-01  1.079302056803897e+00  9.420842800252197e-01  1.464737823333349e+00  9.420842800252197e-01  5.106453230740079e-01  9.420842800252197e-01  3.197355780554699e-01  9.420842800252197e-01  2.998663848337355e-03  9.420842800252197e-01  1.078706842067883e+00  9.420842800252197e-01  2.450542252774422e-01  9.420842800252197e-01  1.572988175832417e-03 
 9.460842800252197e-01  1.078531468496998e+00  9.460842800252197e-01  1.465546806872864e+00  9.460842800252197e-01  5.095307500892660e-01  9.460842800252197e-01  3.198903191174067e-01  9.460842800252197e-01  3.001514151978456e-03  9.460842800252197e-01  1.079915912169696e+00  9.460842800252197e-01  2.448743480852293e-01  9.460842800252197e-01  1.569995851925977e-03 
 9.500842800252197e-01  1.077761463975917e+00  9.500842800252197e-01  1.466355439285110e+00  9.500842800252197e-01  5.084173114853023e-01  9.500842800252197e-01  3.200451947889137e-01  9.500842800252197e-01  3.004362296273473e-03  9.500842800252197e-01  1.081124674891857e+00  9.500842800252197e-01  2.446943567193013e-01  9.500842800252197e-01  1.567004826752964e-03 
 9.540842800252197e-01  1.076992048483352e+00  9.540842800252197e-01  1.467163716547302e+00  9.540842800252197e-01  5.073050182567096e-01  9.540842800252197e-01  3.202002071415574e-01  9.540842800252197e-01  3.007208261830367e-03  9.540842800252197e-01  1.082333127082358e+00  9.540842800252197e-01  2.445142515831858e-01  9.540842800252197e-01  1.564015115192134e-03 
 9.580842800252197e-01  1.076223227313240e+00  9.580842800252197e-01  1.467971634591308e+00  9.580842800252197e-01  5.061938815134348e-01  9.580842800252197e-01  3.203553582673666e-01  9.580842800252197e-01  3.010052029067558e-03  9.580842800252197e-01  1.083541265561883e+00  9.580842800252197e-01  2.443340330928803e-01  9.580842800252197e-01  1.561026732290048e-03 
 9.620842800252197e-01  1.075455005817494e+00  9.620842800252197e-01  1.468779189327660e+00  9.620842800252197e-01  5.050839124854950e-01  9.620842800252197e-01  3.205106502779607e-01  9.620842800252197e-01  3.012893578189040e-03  9.620842800252197e-01  1.084749087138758e+00  9.620842800252197e-01  2.441537016718543e-01  9.620842800252197e-01  1.558039693172072e-03 
 9.660842800252197e-01  1.074687389396366e+00  9.660842800252197e-01  1.469586376606251e+00  9.660842800252197e-01  5.039751225179994e-01  9.660842800252197e-01  3.206660853063201e-01  9.660842800252197e-01  3.015732889220012e-03  9.660842800252197e-01  1.085956588584563e+00  9.660842800252197e-01  2.439732577593998e-01  9.660842800252197e-01  1.555054013187919e-03 
 9.700842800252197e-01  1.073920383506908e+00  9.700842800252197e-01  1.470393192247257e+00  9.700842800252197e-01  5.028675230768600e-01  9.700842800252197e-01  3.208216655056267e-01  9.700842800252197e-01  3.018569941975534e-03  9.700842800252197e-01  1.087163766653396e+00  9.700842800252197e-01  2.437927018041844e-01  9.700842800252197e-01  1.552069707797166e-03 
 9.740842800252197e-01  1.073153993658360e+00  9.740842800252197e-01  1.471199632021282e+00  9.740842800252197e-01  5.017611257467656e-01  9.740842800252197e-01  3.209773930502167e-01  9.740842800252197e-01  3.021404716077686e-03  9.740842800252197e-01  1.088370618069570e+00  9.740842800252197e-01  2.436120342685117e-01  9.740842800252197e-01  1.549086792642745e-03 
 9.780842800252197e-01  1.072388225417633e+00  9.780842800252197e-01  1.472005691668711e+00  9.780842800252197e-01  5.006559422351166e-01  9.780842800252197e-01  3.211332701348869e-01  9.780842800252197e-01  3.024237190935190e-03  9.780842800252197e-01  1.089577139539676e+00  9.780842800252197e-01  2.434312556243046e-01  9.780842800252197e-01  1.546105283479364e-03 
 9.820842800252197e-01  1.071623084407030e+00  9.820842800252197e-01  1.472811366889168e+00  9.820842800252197e-01  4.995519843713423e-01  9.820842800252197e-01  3.212892989754623e-01  9.820842800252197e-01  3.027067345751912e-03  9.820842800252197e-01  1.090783327746077e+00  9.820842800252197e-01  2.432503663553939e-01  9.820842800252197e-01  1.543125196212427e-03 
 9.860842800252198e-01  1.070858576302557e+00  9.860842800252198e-01  1.473616653332994e+00  9.860842800252198e-01  4.984492641065918e-01  9.860842800252198e-01  3.214454818092546e-01  9.860842800252198e-01  3.029895159533044e-03  9.860842800252198e-01  1.091989179341654e+00  9.860842800252198e-01  2.430693669594059e-01  9.860842800252198e-01  1.540146546929654e-03 
 9.900842800252198e-01  1.070094706837896e+00  9.900842800252198e-01  1.474421546615071e+00  9.900842800252198e-01  4.973477935167120e-01  9.900842800252198e-01  3.216018208946012e-01  9.900842800252198e-01  3.032720611070463e-03  9.900842800252198e-01  1.093194690958439e+00  9.900842800252198e-01  2.428882579449049e-01  9.900842800252198e-01  1.537169351849915e-03 
 9.940842800252198e-01  1.069331481803562e+00  9.940842800252198e-01  1.475226042309655e+00  9.940842800252198e-01  4.962475848023987e-01  9.940842800252198e-01  3.217583185111774e-01  9.940842800252198e-01  3.035543678945827e-03  9.940842800252198e-01  1.094399859204444e+00  9.940842800252198e-01  2.427070398325554e-01  9.940842800252198e-01  1.534193627342267e-03 
 9.980842800252198e-01  1.068568907044740e+00  9.980842800252198e-01  1.476030135940453e+00  9.980842800252198e-01  4.951486502885516e-01  9.980842800252198e-01  3.219149769605162e-01  9.980842800252198e-01  3.038364341538576e-03  9.980842800252198e-01  1.095604680657560e+00  9.980842800252198e-01  2.425257131573158e-01  9.980842800252198e-01  1.531219389962781e-03 
 1.002084280025220e+00  1.067806988464401e+00  1.002084280025220e+00  1.476833822991081e+00  1.002084280025220e+00  4.940510024267105e-01  1.002084280025220e+00  3.220717985656631e-01  1.002084280025220e+00  3.041182577014404e-03  1.002084280025220e+00  1.096809151872076e+00  1.002084280025220e+00  2.423442784662905e-01  1.002084280025220e+00  1.528246656415767e-03 
 1.006084280025220e+00  1.067045732029997e+00  1.006084280025220e+00  1.477637098929344e+00  1.006084280025220e+00  4.929546537995494e-01  1.006084280025220e+00  3.222287856702379e-01  1.006084280025220e+00  3.043998363300489e-03  1.006084280025220e+00  1.098013269393796e+00  1.006084280025220e+00  2.421627363136187e-01  1.006084280025220e+00  1.525275443464024e-03 
 1.010084280025220e+00  1.066285143754081e+00  1.010084280025220e+00  1.478439959130784e+00  1.010084280025220e+00  4.918596171101351e-01  1.010084280025220e+00  3.223859406417398e-01  1.010084280025220e+00  3.046811678157214e-03  1.010084280025220e+00  1.099217029712669e+00  1.010084280025220e+00  2.419810872768668e-01  1.010084280025220e+00  1.522305768211569e-03 
 1.014084280025220e+00  1.065525229720347e+00  1.014084280025220e+00  1.479242398977972e+00  1.014084280025220e+00  4.907659051976788e-01  1.014084280025220e+00  3.225432658674359e-01  1.014084280025220e+00  3.049622499081800e-03  1.014084280025220e+00  1.100420429324401e+00  1.014084280025220e+00  2.417993319359113e-01  1.014084280025220e+00  1.519337647736411e-03 
 1.018084280025220e+00  1.064765996060205e+00  1.018084280025220e+00  1.480044413768543e+00  1.018084280025220e+00  4.896735310243971e-01  1.018084280025220e+00  3.227007637583125e-01  1.018084280025220e+00  3.052430803394959e-03  1.018084280025220e+00  1.101623464673511e+00  1.018084280025220e+00  2.416174708926690e-01  1.018084280025220e+00  1.516371099430720e-03 
 1.022084280025220e+00  1.064007448974324e+00  1.022084280025220e+00  1.480845998797185e+00  1.022084280025220e+00  4.885825076885808e-01  1.022084280025220e+00  3.228584367456746e-01  1.022084280025220e+00  3.055236568161274e-03  1.022084280025220e+00  1.102826132204162e+00  1.022084280025220e+00  2.414355047536319e-01  1.022084280025220e+00  1.513406140697515e-03 
 1.026084280025220e+00  1.063249594712227e+00  1.026084280025220e+00  1.481647149275469e+00  1.026084280025220e+00  4.874928484131890e-01  1.026084280025220e+00  3.230162872845855e-01  1.026084280025220e+00  3.058039770264562e-03  1.026084280025220e+00  1.104028428310572e+00  1.026084280025220e+00  2.412534341471254e-01  1.026084280025220e+00  1.510442789247242e-03 
 1.030084280025220e+00  1.062492439593840e+00  1.030084280025220e+00  1.482447860414148e+00  1.030084280025220e+00  4.864045665588494e-01  1.030084280025220e+00  3.231743178504422e-01  1.030084280025220e+00  3.060840386328275e-03  1.030084280025220e+00  1.105230349388025e+00  1.030084280025220e+00  2.410712597057350e-01  1.030084280025220e+00  1.507481062793370e-03 
 1.034084280025220e+00  1.061735989986274e+00  1.034084280025220e+00  1.483248127332068e+00  1.034084280025220e+00  4.853176756107882e-01  1.034084280025220e+00  3.233325309428590e-01  1.034084280025220e+00  3.063638392801318e-03  1.034084280025220e+00  1.106431891776518e+00  1.034084280025220e+00  2.408889820859534e-01  1.034084280025220e+00  1.504520979389258e-03 
 1.038084280025220e+00  1.060980252329314e+00  1.038084280025220e+00  1.484047945154057e+00  1.038084280025220e+00  4.842321891940361e-01  1.038084280025220e+00  3.234909290815654e-01  1.038084280025220e+00  3.066433765863759e-03  1.038084280025220e+00  1.107633051821428e+00  1.038084280025220e+00  2.407066019472176e-01  1.038084280025220e+00  1.501562557066171e-03 
 1.042084280025220e+00  1.060225233113717e+00  1.042084280025220e+00  1.484847308925774e+00  1.042084280025220e+00  4.831481210612020e-01  1.042084280025220e+00  3.236495148100256e-01  1.042084280025220e+00  3.069226481507167e-03  1.042084280025220e+00  1.108833825820849e+00  1.042084280025220e+00  2.405241199703108e-01  1.042084280025220e+00  1.498605814148135e-03 
 1.046084280025220e+00  1.059470938894120e+00  1.046084280025220e+00  1.485646213663040e+00  1.046084280025220e+00  4.820654851003024e-01  1.046084280025220e+00  3.238082906933684e-01  1.046084280025220e+00  3.072016515486817e-03  1.046084280025220e+00  1.110034210056180e+00  1.046084280025220e+00  2.403415368468312e-01  1.046084280025220e+00  1.495650769069542e-03 
 1.050084280025220e+00  1.058717376284761e+00  1.050084280025220e+00  1.486444654334548e+00  1.050084280025220e+00  4.809842953325844e-01  1.050084280025220e+00  3.239672593191223e-01  1.050084280025220e+00  3.074803843337513e-03  1.050084280025220e+00  1.111234200781489e+00  1.050084280025220e+00  2.401588532830023e-01  1.050084280025220e+00  1.492697440439093e-03 
 1.054084280025220e+00  1.057964551963193e+00  1.054084280025220e+00  1.487242625875544e+00  1.054084280025220e+00  4.799045659149410e-01  1.054084280025220e+00  3.241264232966261e-01  1.054084280025220e+00  3.077588440359882e-03  1.054084280025220e+00  1.112433794232022e+00  1.054084280025220e+00  2.399760699967951e-01  1.054084280025220e+00  1.489745846989160e-03 
 1.058084280025220e+00  1.057212472662994e+00  1.058084280025220e+00  1.488040123159239e+00  1.058084280025220e+00  4.788263111359353e-01  1.058084280025220e+00  3.242857852582307e-01  1.058084280025220e+00  3.080370281647305e-03  1.058084280025220e+00  1.113632986606586e+00  1.058084280025220e+00  2.397931877242066e-01  1.058084280025220e+00  1.486796007681554e-03 
 1.062084280025220e+00  1.056461145182038e+00  1.062084280025220e+00  1.488837141028333e+00  1.062084280025220e+00  4.777495454207675e-01  1.062084280025220e+00  3.244453478579294e-01  1.062084280025220e+00  3.083149342055367e-03  1.062084280025220e+00  1.114831774087110e+00  1.062084280025220e+00  2.396102072125220e-01  1.062084280025220e+00  1.483847941590920e-03 
 1.066084280025220e+00  1.055710576378068e+00  1.066084280025220e+00  1.489633674277712e+00  1.066084280025220e+00  4.766742833288771e-01  1.066084280025220e+00  3.246051137720548e-01  1.066084280025220e+00  3.085925596218166e-03  1.066084280025220e+00  1.116030152827987e+00  1.066084280025220e+00  2.394271292241486e-01  1.066084280025220e+00  1.480901667968738e-03 
 1.070084280025220e+00  1.054960773171657e+00  1.070084280025220e+00  1.490429717665729e+00  1.070084280025220e+00  4.756005395557443e-01  1.070084280025220e+00  3.247650856987505e-01  1.070084280025220e+00  3.088699018537454e-03  1.070084280025220e+00  1.117228118963120e+00  1.070084280025220e+00  2.392439545342537e-01  1.070084280025220e+00  1.477957206201609e-03 
 1.074084280025220e+00  1.054211742539632e+00  1.074084280025220e+00  1.491225265888739e+00  1.074084280025220e+00  4.745283289291894e-01  1.074084280025220e+00  3.249252663589892e-01  1.074084280025220e+00  3.091469583206831e-03  1.074084280025220e+00  1.118425668590250e+00  1.074084280025220e+00  2.390606839363948e-01  1.074084280025220e+00  1.475014575905405e-03 
 1.078084280025220e+00  1.053463491526234e+00  1.078084280025220e+00  1.492020313624500e+00  1.078084280025220e+00  4.734576664157950e-01  1.078084280025220e+00  3.250856584946517e-01  1.078084280025220e+00  3.094237264170630e-03  1.078084280025220e+00  1.119622797797823e+00  1.078084280025220e+00  2.388773182331597e-01  1.078084280025220e+00  1.472073796764795e-03 
 1.082084280025220e+00  1.052716027230417e+00  1.082084280025220e+00  1.492814855483171e+00  1.082084280025220e+00  4.723885671135816e-01  1.082084280025220e+00  3.252462648705229e-01  1.082084280025220e+00  3.097002035170738e-03  1.082084280025220e+00  1.120819502634789e+00  1.082084280025220e+00  2.386938582469331e-01  1.082084280025220e+00  1.469134888714410e-03 
 1.086084280025220e+00  1.051969356819781e+00  1.086084280025220e+00  1.493608886061855e+00  1.086084280025220e+00  4.713210462599092e-01  1.086084280025220e+00  3.254070882718645e-01  1.086084280025220e+00  3.099763869695169e-03  1.086084280025220e+00  1.122015779144341e+00  1.086084280025220e+00  2.385103048080849e-01  1.086084280025220e+00  1.466197871737204e-03 
 1.090084280025220e+00  1.051223487511952e+00  1.090084280025220e+00  1.494402399872838e+00  1.090084280025220e+00  4.702551192206935e-01  1.090084280025220e+00  3.255681315073615e-01  1.090084280025220e+00  3.102522741046871e-03  1.090084280025220e+00  1.123211623319694e+00  1.090084280025220e+00  2.383266587707434e-01  1.090084280025220e+00  1.463262766129803e-03 
 1.094084280025220e+00  1.050478426596350e+00  1.094084280025220e+00  1.495195391428900e+00  1.094084280025220e+00  4.691908015026459e-01  1.094084280025220e+00  3.257293974053443e-01  1.094084280025220e+00  3.105278622263279e-03  1.094084280025220e+00  1.124407031156778e+00  1.094084280025220e+00  2.381429209942242e-01  1.094084280025220e+00  1.460329592186971e-03 
 1.098084280025220e+00  1.049734181415824e+00  1.098084280025220e+00  1.495987855172927e+00  1.098084280025220e+00  4.681281087425373e-01  1.098084280025220e+00  3.258908888166512e-01  1.098084280025220e+00  3.108031486184142e-03  1.098084280025220e+00  1.125601998610895e+00  1.098084280025220e+00  2.379590923585309e-01  1.098084280025220e+00  1.457398370462023e-03 
 1.102084280025220e+00  1.048990759373795e+00  1.102084280025220e+00  1.496779785506667e+00  1.102084280025220e+00  4.670670567109687e-01  1.102084280025220e+00  3.260526086132342e-01  1.102084280025220e+00  3.110781305425183e-03  1.102084280025220e+00  1.126796521614514e+00  1.102084280025220e+00  2.377751737581528e-01  1.102084280025220e+00  1.454469121660355e-03 
 1.106084280025220e+00  1.048248167938020e+00  1.106084280025220e+00  1.497571176806691e+00  1.106084280025220e+00  4.660076613141338e-01  1.106084280025220e+00  3.262145596872956e-01  1.106084280025220e+00  3.113528052364191e-03  1.106084280025220e+00  1.127990596087176e+00  1.106084280025220e+00  2.375911660986434e-01  1.106084280025220e+00  1.451541866580491e-03 
 1.110084280025220e+00  1.047506414633489e+00  1.110084280025220e+00  1.498362023398207e+00  1.110084280025220e+00  4.649499385893330e-01  1.110084280025220e+00  3.263767449522102e-01  1.110084280025220e+00  3.116271699167223e-03  1.110084280025220e+00  1.129184217919420e+00  1.110084280025220e+00  2.374070703024645e-01  1.110084280025220e+00  1.448616626210904e-03 
 1.114084280025220e+00  1.046765507043637e+00  1.114084280025220e+00  1.499152319561525e+00  1.114084280025220e+00  4.638939047051590e-01  1.114084280025220e+00  3.265391673420387e-01  1.114084280025220e+00  3.119012217784139e-03  1.114084280025220e+00  1.130377382976840e+00  1.114084280025220e+00  2.372228873076646e-01  1.114084280025220e+00  1.445693421706140e-03 
 1.118084280025220e+00  1.046025452812165e+00  1.118084280025220e+00  1.499942059540834e+00  1.118084280025220e+00  4.628395759619565e-01  1.118084280025220e+00  3.267018298109115e-01  1.118084280025220e+00  3.121749579941927e-03  1.118084280025220e+00  1.131570087105557e+00  1.118084280025220e+00  2.370386180660329e-01  1.118084280025220e+00  1.442772274354290e-03 
 1.122084280025220e+00  1.045286259643091e+00  1.122084280025220e+00  1.500731237546607e+00  1.122084280025220e+00  4.617869687911834e-01  1.122084280025220e+00  3.268647353326757e-01  1.122084280025220e+00  3.124483757144439e-03  1.122084280025220e+00  1.132762326133764e+00  1.122084280025220e+00  2.368542635426562e-01  1.122084280025220e+00  1.439853205568136e-03 
 1.126084280025220e+00  1.044547935292694e+00  1.126084280025220e+00  1.501519847726512e+00  1.126084280025220e+00  4.607360997501415e-01  1.126084280025220e+00  3.270278869018780e-01  1.126084280025220e+00  3.127214720702241e-03  1.126084280025220e+00  1.133954095853903e+00  1.126084280025220e+00  2.366698247224506e-01  1.126084280025220e+00  1.436936236992772e-03 
 1.130084280025220e+00  1.043810487582375e+00  1.130084280025220e+00  1.502307884217910e+00  1.130084280025220e+00  4.596869855284268e-01  1.130084280025220e+00  3.271912875312062e-01  1.130084280025220e+00  3.129942441685011e-03  1.130084280025220e+00  1.135145392055027e+00  1.130084280025220e+00  2.364853025986289e-01  1.130084280025220e+00  1.434021390311330e-03 
 1.134084280025220e+00  1.043073924385231e+00  1.134084280025220e+00  1.503095341098407e+00  1.134084280025220e+00  4.586396429394636e-01  1.134084280025220e+00  3.273549402533106e-01  1.134084280025220e+00  3.132666890971195e-03  1.134084280025220e+00  1.136336210492456e+00  1.134084280025220e+00  2.363006981837487e-01  1.134084280025220e+00  1.431108687428003e-03 
 1.138084280025220e+00  1.042338253635672e+00  1.138084280025220e+00  1.503882212426198e+00  1.138084280025220e+00  4.575940889249558e-01  1.138084280025220e+00  3.275188481187271e-01  1.138084280025220e+00  3.135388039212477e-03  1.138084280025220e+00  1.137526546912654e+00  1.138084280025220e+00  2.361160125008504e-01  1.138084280025220e+00  1.428198150318714e-03 
 1.142084280025220e+00  1.041603483318650e+00  1.142084280025220e+00  1.504668492201524e+00  1.142084280025220e+00  4.565503405477640e-01  1.142084280025220e+00  3.276830141971936e-01  1.142084280025220e+00  3.138105856873583e-03  1.142084280025220e+00  1.138716397029609e+00  1.142084280025220e+00  2.359312465921131e-01  1.142084280025220e+00  1.425289801173740e-03 
 1.146084280025220e+00  1.040869621477586e+00  1.146084280025220e+00  1.505454174400837e+00  1.146084280025220e+00  4.555084149952097e-01  1.146084280025220e+00  3.278474415757857e-01  1.146084280025220e+00  3.140820314202959e-03  1.146084280025220e+00  1.139905756545904e+00  1.146084280025220e+00  2.357464015113518e-01  1.146084280025220e+00  1.422383662271314e-03 
 1.150084280025220e+00  1.040136676209702e+00  1.150084280025220e+00  1.506239252962477e+00  1.150084280025220e+00  4.544683295752214e-01  1.150084280025220e+00  3.280121333591395e-01  1.150084280025220e+00  3.143531381250069e-03  1.150084280025220e+00  1.141094621143981e+00  1.150084280025220e+00  2.355614783272917e-01  1.150084280025220e+00  1.419479756030623e-03 
 1.154084280025220e+00  1.039404655666157e+00  1.154084280025220e+00  1.507023721791149e+00  1.154084280025220e+00  4.534301017150660e-01  1.154084280025220e+00  3.281770926688287e-01  1.154084280025220e+00  3.146239027864844e-03  1.154084280025220e+00  1.142282986488967e+00  1.154084280025220e+00  2.353764781226571e-01  1.154084280025220e+00  1.416578104995235e-03 
 1.158084280025220e+00  1.038673568049433e+00  1.158084280025220e+00  1.507807574752160e+00  1.158084280025220e+00  4.523937489584492e-01  1.158084280025220e+00  3.283423226431731e-01  1.158084280025220e+00  3.148943223707416e-03  1.158084280025220e+00  1.143470848225203e+00  1.158084280025220e+00  2.351914019955513e-01  1.158084280025220e+00  1.413678731854403e-03 
 1.162084280025220e+00  1.037943421615717e+00  1.162084280025220e+00  1.508590805685067e+00  1.162084280025220e+00  4.513592889653194e-01  1.162084280025220e+00  3.285078264361573e-01  1.162084280025220e+00  3.151643938239233e-03  1.162084280025220e+00  1.144658201984698e+00  1.162084280025220e+00  2.350062510564930e-01  1.162084280025220e+00  1.410781659392620e-03 
 1.166084280025220e+00  1.037214224670306e+00  1.166084280025220e+00  1.509373408390900e+00  1.166084280025220e+00  4.503267395076569e-01  1.166084280025220e+00  3.286736072175006e-01  1.166084280025220e+00  3.154341140740110e-03  1.166084280025220e+00  1.145845043379355e+00  1.166084280025220e+00  2.348210264313621e-01  1.166084280025220e+00  1.407886910536844e-03 
 1.170084280025220e+00  1.036485985567689e+00  1.170084280025220e+00  1.510155376637457e+00  1.170084280025220e+00  4.492961184677787e-01  1.170084280025220e+00  3.288396681718910e-01  1.170084280025220e+00  3.157034800307893e-03  1.170084280025220e+00  1.147031368004294e+00  1.170084280025220e+00  2.346357292603038e-01  1.170084280025220e+00  1.404994508336919e-03 
 1.174084280025220e+00  1.035758712712889e+00  1.174084280025220e+00  1.510936704170137e+00  1.174084280025220e+00  4.482674438372214e-01  1.174084280025220e+00  3.290060124979651e-01  1.174084280025220e+00  3.159724885853531e-03  1.174084280025220e+00  1.148217171444571e+00  1.174084280025220e+00  2.344503606953826e-01  1.174084280025220e+00  1.402104475925522e-03 
 1.178084280025220e+00  1.035032414557627e+00  1.178084280025220e+00  1.511717384702657e+00  1.178084280025220e+00  4.472407337126491e-01  1.178084280025220e+00  3.291726434081260e-01  1.178084280025220e+00  3.162411366115252e-03  1.178084280025220e+00  1.149402449269547e+00  1.178084280025220e+00  2.342649219027459e-01  1.178084280025220e+00  1.399216836552489e-03 
 1.182084280025220e+00  1.034307099598377e+00  1.182084280025220e+00  1.512497411915786e+00  1.182084280025220e+00  4.462160062926874e-01  1.182084280025220e+00  3.293395641279977e-01  1.182084280025220e+00  3.165094209665681e-03  1.182084280025220e+00  1.150587197032192e+00  1.182084280025220e+00  2.340794140629991e-01  1.182084280025220e+00  1.396331613589501e-03 
 1.186084280025220e+00  1.033582776376360e+00  1.186084280025220e+00  1.513276779463540e+00  1.186084280025220e+00  4.451932798757229e-01  1.186084280025220e+00  3.295067778955143e-01  1.186084280025220e+00  3.167773384912023e-03  1.186084280025220e+00  1.151771410272949e+00  1.186084280025220e+00  2.338938383698945e-01  1.186084280025220e+00  1.393448830507152e-03 
 1.190084280025220e+00  1.032859453480263e+00  1.190084280025220e+00  1.514055480990768e+00  1.190084280025220e+00  4.441725728590751e-01  1.190084280025220e+00  3.296742879594812e-01  1.190084280025220e+00  3.170448860085833e-03  1.190084280025220e+00  1.152955084530576e+00  1.190084280025220e+00  2.337081960264350e-01  1.190084280025220e+00  1.390568510809913e-03 
 1.194084280025220e+00  1.032137139533420e+00  1.194084280025220e+00  1.514833510090199e+00  1.194084280025220e+00  4.431539037294869e-01  1.194084280025220e+00  3.298420975807714e-01  1.194084280025220e+00  3.173120603290569e-03  1.194084280025220e+00  1.154138215315909e+00  1.194084280025220e+00  2.335224882546627e-01  1.194084280025220e+00  1.387690678195041e-03 
 1.198084280025220e+00  1.031415843205458e+00  1.198084280025220e+00  1.515610860355309e+00  1.198084280025220e+00  4.421372910669682e-01  1.198084280025220e+00  3.300102100292705e-01  1.198084280025220e+00  3.175788582458421e-03  1.198084280025220e+00  1.155320798144305e+00  1.198084280025220e+00  2.333367162837830e-01  1.198084280025220e+00  1.384815356356964e-03 
 1.202084280025220e+00  1.030695573202417e+00  1.202084280025220e+00  1.516387525349748e+00  1.202084280025220e+00  4.411227535366555e-01  1.202084280025220e+00  3.301786285844729e-01  1.202084280025220e+00  3.178452765386908e-03  1.202084280025220e+00  1.156502828516988e+00  1.202084280025220e+00  2.331508813571532e-01  1.202084280025220e+00  1.381942569100408e-03 
 1.206084280025220e+00  1.029976338267597e+00  1.206084280025220e+00  1.517163498618679e+00  1.206084280025220e+00  4.401103098864514e-01  1.206084280025220e+00  3.303473565341901e-01  1.206084280025220e+00  3.181113119735725e-03  1.206084280025220e+00  1.157684301928061e+00  1.206084280025220e+00  2.329649847297941e-01  1.206084280025220e+00  1.379072340298485e-03 
 1.210084280025220e+00  1.029258147178634e+00  1.210084280025220e+00  1.517938773686131e+00  1.210084280025220e+00  4.390999789424601e-01  1.210084280025220e+00  3.305163971738587e-01  1.210084280025220e+00  3.183769613037578e-03  1.210084280025220e+00  1.158865213862951e+00  1.210084280025220e+00  2.327790276690596e-01  1.210084280025220e+00  1.376204693902411e-03 
 1.214084280025220e+00  1.028541008747011e+00  1.214084280025220e+00  1.518713344061856e+00  1.214084280025220e+00  4.380917796056241e-01  1.214084280025220e+00  3.306857538053796e-01  1.214084280025220e+00  3.186422212699936e-03  1.214084280025220e+00  1.160045559802674e+00  1.214084280025220e+00  2.325930114531517e-01  1.214084280025220e+00  1.373339653916200e-03 
 1.218084280025220e+00  1.027824931815463e+00  1.218084280025220e+00  1.519487203240681e+00  1.218084280025220e+00  4.370857308470667e-01  1.218084280025220e+00  3.308554297362758e-01  1.218084280025220e+00  3.189070886014714e-03  1.218084280025220e+00  1.161225335223495e+00  1.218084280025220e+00  2.324069373713344e-01  1.218084280025220e+00  1.370477244399034e-03 
 1.222084280025220e+00  1.027109925257853e+00  1.222084280025220e+00  1.520260344711557e+00  1.222084280025220e+00  4.360818517046446e-01  1.222084280025220e+00  3.310254282783678e-01  1.222084280025220e+00  3.191715600158680e-03  1.222084280025220e+00  1.162404535602524e+00  1.222084280025220e+00  2.322208067219319e-01  1.222084280025220e+00  1.367617489431804e-03 
 1.226084280025220e+00  1.026395997969632e+00  1.226084280025220e+00  1.521032761930660e+00  1.226084280025220e+00  4.350801612742552e-01  1.226084280025220e+00  3.311957527480359e-01  1.226084280025220e+00  3.194356322228728e-03  1.226084280025220e+00  1.163583156401350e+00  1.226084280025220e+00  2.320346208185400e-01  1.226084280025220e+00  1.364760413216602e-03 
 1.230084280025220e+00  1.025683158879998e+00  1.230084280025220e+00  1.521804448379061e+00  1.230084280025220e+00  4.340806787127628e-01  1.230084280025220e+00  3.313664064626654e-01  1.230084280025220e+00  3.196993019196962e-03  1.230084280025220e+00  1.164761193101320e+00  1.230084280025220e+00  2.318483809769022e-01  1.230084280025220e+00  1.361906039863390e-03 
 1.234084280025220e+00  1.024971416931377e+00  1.234084280025220e+00  1.522575397493808e+00  1.234084280025220e+00  4.330834232230860e-01  1.234084280025220e+00  3.315373927427162e-01  1.234084280025220e+00  3.199625657986522e-03  1.234084280025220e+00  1.165938641161517e+00  1.234084280025220e+00  2.316620885307371e-01  1.234084280025220e+00  1.359054393644977e-03 
 1.238084280025220e+00  1.024260781095634e+00  1.238084280025220e+00  1.523345602742246e+00  1.238084280025220e+00  4.320884140590041e-01  1.238084280025220e+00  3.317087149073566e-01  1.238084280025220e+00  3.202254205411667e-03  1.238084280025220e+00  1.167115496064189e+00  1.238084280025220e+00  2.314757448147682e-01  1.238084280025220e+00  1.356205498722037e-03 
 1.242084280025220e+00  1.023551260355699e+00  1.242084280025220e+00  1.524115057562176e+00  1.242084280025220e+00  4.310956705111483e-01  1.242084280025220e+00  3.318803762760668e-01  1.242084280025220e+00  3.204878628245748e-03  1.242084280025220e+00  1.168291753278283e+00  1.242084280025220e+00  2.312893511784960e-01  1.242084280025220e+00  1.353359379364512e-03 
 1.246084280025220e+00  1.022842863711092e+00  1.246084280025220e+00  1.524883755395325e+00  1.246084280025220e+00  4.301052119057368e-01  1.246084280025220e+00  3.320523801660279e-01  1.246084280025220e+00  3.207498893200752e-03  1.246084280025220e+00  1.169467408279924e+00  1.246084280025220e+00  2.311029089785764e-01  1.246084280025220e+00  1.350516059827769e-03 
 1.250084280025220e+00  1.022135600178512e+00  1.250084280025220e+00  1.525651689702335e+00  1.250084280025220e+00  4.291170576004817e-01  1.250084280025220e+00  3.322247298903104e-01  1.250084280025220e+00  3.210114966925061e-03  1.250084280025220e+00  1.170642456561602e+00  1.250084280025220e+00  2.309164195754053e-01  1.250084280025220e+00  1.347675564297215e-03 
 1.254084280025220e+00  1.021429478779687e+00  1.254084280025220e+00  1.526418853928069e+00  1.254084280025220e+00  4.281312269735319e-01  1.254084280025220e+00  3.323974287582558e-01  1.254084280025220e+00  3.212726816048547e-03  1.254084280025220e+00  1.171816893611078e+00  1.254084280025220e+00  2.307298843411486e-01  1.254084280025220e+00  1.344837917016574e-03 
 1.258084280025220e+00  1.020724508546728e+00  1.258084280025220e+00  1.527185241535934e+00  1.258084280025220e+00  4.271477394216466e-01  1.258084280025220e+00  3.325704800727258e-01  1.258084280025220e+00  3.215334407162614e-03  1.258084280025220e+00  1.172990714932344e+00  1.258084280025220e+00  2.305433046518745e-01  1.258084280025220e+00  1.342003142160953e-03 
 1.262084280025220e+00  1.020020698512241e+00  1.262084280025220e+00  1.527950845982895e+00  1.262084280025220e+00  4.261666143500705e-01  1.262084280025220e+00  3.327438871299881e-01  1.262084280025220e+00  3.217937706856844e-03  1.262084280025220e+00  1.174163916030460e+00  1.262084280025220e+00  2.303566818933583e-01  1.262084280025220e+00  1.339171263929245e-03 
 1.266084280025220e+00  1.019318057716577e+00  1.266084280025220e+00  1.528715660762000e+00  1.266084280025220e+00  4.251878711713952e-01  1.266084280025220e+00  3.329176532165283e-01  1.266084280025220e+00  3.220536681692205e-03  1.266084280025220e+00  1.175336492437480e+00  1.266084280025220e+00  2.301700174512782e-01  1.266084280025220e+00  1.336342306386857e-03 
 1.270084280025220e+00  1.018616595192172e+00  1.270084280025220e+00  1.529479679355615e+00  1.270084280025220e+00  4.242115292920837e-01  1.270084280025220e+00  3.330917816098531e-01  1.270084280025220e+00  3.223131298258909e-03  1.270084280025220e+00  1.176508439684036e+00  1.270084280025220e+00  2.299833127220654e-01  1.270084280025220e+00  1.333516293638669e-03 
 1.274084280025220e+00  1.017916319972460e+00  1.274084280025220e+00  1.530242895285308e+00  1.274084280025220e+00  4.232376081119145e-01  1.274084280025220e+00  3.332662755749040e-01  1.274084280025220e+00  3.225721523143468e-03  1.274084280025220e+00  1.177679753329729e+00  1.274084280025220e+00  2.297965691013695e-01  1.274084280025220e+00  1.330693249644546e-03 
 1.278084280025220e+00  1.017217241075115e+00  1.278084280025220e+00  1.531005302061486e+00  1.278084280025220e+00  4.222661270096658e-01  1.278084280025220e+00  3.334411383649705e-01  1.278084280025220e+00  3.228307322990740e-03  1.278084280025220e+00  1.178850428932535e+00  1.278084280025220e+00  2.296097879957688e-01  1.278084280025220e+00  1.327873198405581e-03 
 1.282084280025220e+00  1.016519367515770e+00  1.282084280025220e+00  1.531766893252925e+00  1.282084280025220e+00  4.212971053447748e-01  1.282084280025220e+00  3.336163732171408e-01  1.282084280025220e+00  3.230888664453061e-03  1.282084280025220e+00  1.180020462091119e+00  1.282084280025220e+00  2.294229708066264e-01  1.282084280025220e+00  1.325056163706956e-03 
 1.286084280025220e+00  1.015822708290724e+00  1.286084280025220e+00  1.532527662435144e+00  1.286084280025220e+00  4.203305624424765e-01  1.286084280025220e+00  3.337919833532192e-01  1.286084280025220e+00  3.233465514254337e-03  1.286084280025220e+00  1.181189848413474e+00  1.286084280025220e+00  2.292361189420971e-01  1.286084280025220e+00  1.322242169308868e-03 
 1.290084280025220e+00  1.015127272376566e+00  1.290084280025220e+00  1.533287603205371e+00  1.290084280025220e+00  4.193665175877521e-01  1.290084280025220e+00  3.339679719775931e-01  1.290084280025220e+00  3.236037839191360e-03  1.290084280025220e+00  1.182358583526055e+00  1.290084280025220e+00  2.290492338136668e-01  1.290084280025220e+00  1.319431238891200e-03 
 1.294084280025220e+00  1.014433068731511e+00  1.294084280025220e+00  1.534046709204719e+00  1.294084280025220e+00  4.184049900200071e-01  1.294084280025220e+00  3.341443422747416e-01  1.294084280025220e+00  3.238605606128877e-03  1.294084280025220e+00  1.183526663087275e+00  1.294084280025220e+00  2.288623168309732e-01  1.294084280025220e+00  1.316623395971473e-03 
 1.298084280025220e+00  1.013740106286253e+00  1.298084280025220e+00  1.534804974099462e+00  1.298084280025220e+00  4.174459989221313e-01  1.298084280025220e+00  3.343210974085761e-01  1.298084280025220e+00  3.241168782033442e-03  1.298084280025220e+00  1.184694082776151e+00  1.298084280025220e+00  2.286753694061722e-01  1.298084280025220e+00  1.313818663974093e-03 
 1.302084280025220e+00  1.013048393945982e+00  1.302084280025220e+00  1.535562391606635e+00  1.302084280025220e+00  4.164895634152609e-01  1.302084280025220e+00  3.344982405197408e-01  1.302084280025220e+00  3.243727333965937e-03  1.302084280025220e+00  1.185860838307867e+00  1.302084280025220e+00  2.284883929479386e-01  1.302084280025220e+00  1.311017066135702e-03 
 1.306084280025220e+00  1.012357940577272e+00  1.306084280025220e+00  1.536318955460442e+00  1.306084280025220e+00  4.155357025455442e-01  1.306084280025220e+00  3.346757747255859e-01  1.306084280025220e+00  3.246281229130094e-03  1.306084280025220e+00  1.187026925413403e+00  1.306084280025220e+00  2.283013888693262e-01  1.306084280025220e+00  1.308218625629400e-03 
 1.310084280025220e+00  1.011668755018542e+00  1.310084280025220e+00  1.537074659471637e+00  1.310084280025220e+00  4.145844352830171e-01  1.310084280025220e+00  3.348537031158661e-01  1.310084280025220e+00  3.248830434833774e-03  1.310084280025220e+00  1.188192339875573e+00  1.310084280025220e+00  2.281143585738132e-01  1.310084280025220e+00  1.305423365345102e-03 
 1.314084280025220e+00  1.010980846058602e+00  1.314084280025220e+00  1.537829497461816e+00  1.314084280025220e+00  4.136357805038323e-01  1.314084280025220e+00  3.350320287541471e-01  1.314084280025220e+00  3.251374918568321e-03  1.314084280025220e+00  1.189357077489170e+00  1.314084280025220e+00  2.279273034707101e-01  1.314084280025220e+00  1.302631308132593e-03 
 1.318084280025220e+00  1.010294222450157e+00  1.318084280025220e+00  1.538583463335378e+00  1.318084280025220e+00  4.126897569904530e-01  1.318084280025220e+00  3.352107546728766e-01  1.318084280025220e+00  3.253914647958666e-03  1.318084280025220e+00  1.190521134104619e+00  1.318084280025220e+00  2.277402249582107e-01  1.318084280025220e+00  1.299842476535346e-03 
 1.322084280025220e+00  1.009608892890925e+00  1.322084280025220e+00  1.539336551024482e+00  1.322084280025220e+00  4.117463834150189e-01  1.322084280025220e+00  3.353898838742671e-01  1.322084280025220e+00  3.256449590833089e-03  1.322084280025220e+00  1.191684505594597e+00  1.322084280025220e+00  2.275531244363106e-01  1.322084280025220e+00  1.297056892994144e-03 
 1.326084280025220e+00  1.008924866029409e+00  1.326084280025220e+00  1.540088754531221e+00  1.326084280025220e+00  4.108056783353252e-01  1.326084280025220e+00  3.355694193266958e-01  1.326084280025220e+00  3.258979715201958e-03  1.326084280025220e+00  1.192847187879593e+00  1.326084280025220e+00  2.273660032968285e-01  1.326084280025220e+00  1.294274579691026e-03 
 1.330084280025220e+00  1.008242150459532e+00  1.330084280025220e+00  1.540840067926150e+00  1.330084280025220e+00  4.098676601849499e-01  1.330084280025220e+00  3.357493639630815e-01  1.330084280025220e+00  3.261504989277471e-03  1.330084280025220e+00  1.194009176927004e+00  1.330084280025220e+00  2.271788629236917e-01  1.330084280025220e+00  1.291495558554792e-03 
 1.334084280025220e+00  1.007560754711369e+00  1.334084280025220e+00  1.541590485331902e+00  1.334084280025220e+00  4.089323472613203e-01  1.334084280025220e+00  3.359297206799580e-01  1.334084280025220e+00  3.264025381508007e-03  1.334084280025220e+00  1.195170468741189e+00  1.334084280025220e+00  2.269917046967576e-01  1.334084280025220e+00  1.288719851321589e-03 
 1.338084280025220e+00  1.006880687249323e+00  1.338084280025220e+00  1.542340000936077e+00  1.338084280025220e+00  4.079997577175103e-01  1.338084280025220e+00  3.361104923351720e-01  1.338084280025220e+00  3.266540860584878e-03  1.338084280025220e+00  1.196331059371273e+00  1.338084280025220e+00  2.268045299887109e-01  1.338084280025220e+00  1.285947479487212e-03 
 1.342084280025220e+00  1.006201956471609e+00  1.342084280025220e+00  1.543088609009514e+00  1.342084280025220e+00  4.070699095546119e-01  1.342084280025220e+00  3.362916817453123e-01  1.342084280025220e+00  3.269051395444210e-03  1.342084280025220e+00  1.197490944922171e+00  1.342084280025220e+00  2.266173401606599e-01  1.342084280025220e+00  1.283178464239555e-03 
 1.346084280025220e+00  1.005524570701240e+00  1.346084280025220e+00  1.543836303891454e+00  1.346084280025220e+00  4.061428206097167e-01  1.346084280025220e+00  3.364732916846809e-01  1.346084280025220e+00  3.271556955300274e-03  1.346084280025220e+00  1.198650121545578e+00  1.346084280025220e+00  2.264301365655771e-01  1.346084280025220e+00  1.280412826513439e-03 
 1.350084280025220e+00  1.004848538181418e+00  1.350084280025220e+00  1.544583079991940e+00  1.350084280025220e+00  4.052185085460979e-01  1.350084280025220e+00  3.366553248834495e-01  1.350084280025220e+00  3.274057509662571e-03  1.350084280025220e+00  1.199808585441410e+00  1.350084280025220e+00  2.262429205476632e-01  1.350084280025220e+00  1.277650586981804e-03 
 1.354084280025220e+00  1.004173867079253e+00  1.354084280025220e+00  1.545328931827336e+00  1.354084280025220e+00  4.042969908475246e-01  1.354084280025220e+00  3.368377840242660e-01  1.354084280025220e+00  3.276553028322026e-03  1.354084280025220e+00  1.200966332879204e+00  1.354084280025220e+00  2.260556934337911e-01  1.354084280025220e+00  1.274891765924283e-03 
 1.358084280025220e+00  1.003500565467628e+00  1.358084280025220e+00  1.546073853969699e+00  1.358084280025220e+00  4.033782848015353e-01  1.358084280025220e+00  3.370206717428881e-01  1.358084280025220e+00  3.279043481418151e-03  1.358084280025220e+00  1.202123360167515e+00  1.358084280025220e+00  2.258684565454817e-01  1.358084280025220e+00  1.272136383414454e-03 
 1.362084280025220e+00  1.002828641334440e+00  1.362084280025220e+00  1.546817841104242e+00  1.362084280025220e+00  4.024624074964506e-01  1.362084280025220e+00  3.372039906237577e-01  1.362084280025220e+00  3.281528839404756e-03  1.362084280025220e+00  1.203279663688561e+00  1.362084280025220e+00  2.256812111850992e-01  1.362084280025220e+00  1.269384459107361e-03 
 1.366084280025220e+00  1.002158102568706e+00  1.366084280025220e+00  1.547560887995457e+00  1.366084280025220e+00  4.015493758067424e-01  1.366084280025220e+00  3.373877431998564e-01  1.366084280025220e+00  3.284009073101433e-03  1.366084280025220e+00  1.204435239877718e+00  1.366084280025220e+00  2.254939586438255e-01  1.366084280025220e+00  1.266636012364723e-03 
 1.370084280025220e+00  1.001488956961551e+00  1.370084280025220e+00  1.548302989512130e+00  1.370084280025220e+00  4.006392063858651e-01  1.370084280025220e+00  3.375719319498072e-01  1.370084280025220e+00  3.286484153689830e-03  1.370084280025220e+00  1.205590085238561e+00  1.370084280025220e+00  2.253067001955706e-01  1.370084280025220e+00  1.263891062162484e-03 
 1.374084280025220e+00  1.000821212196747e+00  1.374084280025220e+00  1.549044140610996e+00  1.374084280025220e+00  3.997319156538580e-01  1.374084280025220e+00  3.377565592969311e-01  1.374084280025220e+00  3.288954052748706e-03  1.374084280025220e+00  1.206744196332949e+00  1.374084280025220e+00  2.251194371007723e-01  1.374084280025220e+00  1.261149627151283e-03 
 1.378084280025220e+00  1.000154875854053e+00  1.378084280025220e+00  1.549784336370775e+00  1.378084280025220e+00  3.988275197913209e-01  1.378084280025220e+00  3.379416276059274e-01  1.378084280025220e+00  3.291418742241536e-03  1.378084280025220e+00  1.207897569801469e+00  1.378084280025220e+00  2.249321705980905e-01  1.378084280025220e+00  1.258411725530449e-03 
 1.382084280025220e+00  9.994899553993576e-01  1.382084280025220e+00  1.550523571974352e+00  1.382084280025220e+00  3.979260347268764e-01  1.382084280025220e+00  3.381271391820304e-01  1.382084280025220e+00  3.293878194552999e-03  1.382084280025220e+00  1.209050202352623e+00  1.382084280025220e+00  2.247449019085496e-01  1.382084280025220e+00  1.255677375114039e-03 
 1.386084280025220e+00  9.988264581768161e-01  1.386084280025220e+00  1.551261842698306e+00  1.386084280025220e+00  3.970274761256504e-01  1.386084280025220e+00  3.383130962698295e-01  1.386084280025220e+00  3.296332382518034e-03  1.386084280025220e+00  1.210202090756441e+00  1.386084280025220e+00  2.245576322379303e-01  1.386084280025220e+00  1.252946593369513e-03 
 1.390084280025220e+00  9.981643914129618e-01  1.390084280025220e+00  1.551999143949924e+00  1.390084280025220e+00  3.961318593837226e-01  1.390084280025220e+00  3.384995010498630e-01  1.390084280025220e+00  3.298781279406663e-03  1.390084280025220e+00  1.211353231866702e+00  1.390084280025220e+00  2.243703627677034e-01  1.390084280025220e+00  1.250219397280813e-03 
 1.394084280025220e+00  9.975037622087608e-01  1.394084280025220e+00  1.552735471256206e+00  1.394084280025220e+00  3.952391996166698e-01  1.394084280025220e+00  3.386863556375009e-01  1.394084280025220e+00  3.301224858953355e-03  1.394084280025220e+00  1.212503622614204e+00  1.394084280025220e+00  2.241830946575147e-01  1.394084280025220e+00  1.247495803389070e-03 
 1.398084280025220e+00  9.968445775316405e-01  1.398084280025220e+00  1.553470820252608e+00  1.398084280025220e+00  3.943495116481881e-01  1.398084280025220e+00  3.388736620818784e-01  1.398084280025220e+00  3.303663095386517e-03  1.398084280025220e+00  1.213653259999911e+00  1.398084280025220e+00  2.239958290477496e-01  1.398084280025220e+00  1.244775827834203e-03 
 1.402084280025220e+00  9.961868442194266e-01  1.402084280025220e+00  1.554205186718676e+00  1.402084280025220e+00  3.934628100046270e-01  1.402084280025220e+00  3.390614223626159e-01  1.402084280025220e+00  3.306095963413950e-03  1.402084280025220e+00  1.214802141116274e+00  1.402084280025220e+00  2.238085670507393e-01  1.402084280025220e+00  1.242059486223130e-03 
 1.406084280025220e+00  9.955305689668934e-01  1.406084280025220e+00  1.554938566544530e+00  1.406084280025220e+00  3.925791089011210e-01  1.406084280025220e+00  3.392496383898731e-01  1.406084280025220e+00  3.308523438272566e-03  1.406084280025220e+00  1.215950263126978e+00  1.406084280025220e+00  2.236213097587044e-01  1.406084280025220e+00  1.239346793753766e-03 
 1.410084280025220e+00  9.948757583290453e-01  1.410084280025220e+00  1.555670955763346e+00  1.410084280025220e+00  3.916984222359888e-01  1.410084280025220e+00  3.394383120012838e-01  1.410084280025220e+00  3.310945495716290e-03  1.410084280025220e+00  1.217097623286353e+00  1.410084280025220e+00  2.234340582356940e-01  1.410084280025220e+00  1.236637765094814e-03 
 1.414084280025220e+00  9.942224187121864e-01  1.414084280025220e+00  1.556402350535082e+00  1.414084280025220e+00  3.908207635793167e-01  1.414084280025220e+00  3.396274449612584e-01  1.414084280025220e+00  3.313362112049045e-03  1.414084280025220e+00  1.218244218929480e+00  1.414084280025220e+00  2.232468135213506e-01  1.414084280025220e+00  1.233932414446028e-03 
 1.418084280025220e+00  9.935705563735682e-01  1.418084280025220e+00  1.557132747163683e+00  1.418084280025220e+00  3.899461461658288e-01  1.418084280025220e+00  3.398170389587165e-01  1.418084280025220e+00  3.315773264126099e-03  1.418084280025220e+00  1.219390047482396e+00  1.418084280025220e+00  2.230595766265291e-01  1.418084280025220e+00  1.231230755474548e-03 
 1.422084280025220e+00  9.929201774164900e-01  1.422084280025220e+00  1.557862142096152e+00  1.422084280025220e+00  3.890745828856995e-01  1.422084280025220e+00  3.400070956057449e-01  1.422084280025220e+00  3.318178929372144e-03  1.422084280025220e+00  1.220535106461411e+00  1.422084280025220e+00  2.228723485333099e-01  1.422084280025220e+00  1.228532801318284e-03 
 1.426084280025220e+00  9.922712877845172e-01  1.426084280025220e+00  1.558590531917310e+00  1.426084280025220e+00  3.882060862751189e-01  1.426084280025220e+00  3.401976164364966e-01  1.426084280025220e+00  3.320579085802736e-03  1.426084280025220e+00  1.221679393469824e+00  1.426084280025220e+00  2.226851301960781e-01  1.426084280025220e+00  1.225838564605402e-03 
 1.430084280025220e+00  9.916238932615100e-01  1.430084280025220e+00  1.559317913367421e+00  1.430084280025220e+00  3.873406685098032e-01  1.430084280025220e+00  3.403886029050419e-01  1.430084280025220e+00  3.322973712024154e-03  1.430084280025220e+00  1.222822906208355e+00  1.430084280025220e+00  2.224979225369948e-01  1.430084280025220e+00  1.223148057389042e-03 
 1.434084280025220e+00  9.909779994651723e-01  1.434084280025220e+00  1.560044283333402e+00  1.434084280025220e+00  3.864783413955878e-01  1.434084280025220e+00  3.405800563845456e-01  1.434084280025220e+00  3.325362787257239e-03  1.434084280025220e+00  1.223965642469730e+00  1.434084280025220e+00  2.223107264479243e-01  1.434084280025220e+00  1.220461291179879e-03 
 1.438084280025220e+00  9.903336118449672e-01  1.438084280025220e+00  1.560769638856765e+00  1.438084280025220e+00  3.856191163613160e-01  1.438084280025220e+00  3.407719781656799e-01  1.438084280025220e+00  3.327746291345174e-03  1.438084280025220e+00  1.225107600143283e+00  1.438084280025220e+00  2.221235427882591e-01  1.438084280025220e+00  1.217778276916722e-03 
 1.442084280025220e+00  9.896907356752830e-01  1.442084280025220e+00  1.561493977122383e+00  1.442084280025220e+00  3.847630044496749e-01  1.442084280025220e+00  3.409643694560451e-01  1.442084280025220e+00  3.330124204778669e-03  1.442084280025220e+00  1.226248777208086e+00  1.442084280025220e+00  2.219363723874499e-01  1.442084280025220e+00  1.215099025008083e-03 
 1.446084280025220e+00  9.890493760603096e-01  1.446084280025220e+00  1.562217295492780e+00  1.446084280025220e+00  3.839100163137813e-01  1.446084280025220e+00  3.411572313774082e-01  1.446084280025220e+00  3.332496508678046e-03  1.446084280025220e+00  1.227389171753304e+00  1.446084280025220e+00  2.217492160363384e-01  1.446084280025220e+00  1.212423545205346e-03 
 1.450084280025220e+00  9.884095379215203e-01  1.450084280025220e+00  1.562939591472997e+00  1.450084280025220e+00  3.830601622058071e-01  1.450084280025220e+00  3.413505649664032e-01  1.450084280025220e+00  3.334863184839393e-03  1.450084280025220e+00  1.228528781957000e+00  1.450084280025220e+00  2.215620744955466e-01  1.450084280025220e+00  1.209751846732702e-03 
 1.454084280025220e+00  9.877712260049836e-01  1.454084280025220e+00  1.563660862753408e+00  1.454084280025220e+00  3.822134519751501e-01  1.454084280025220e+00  3.415443711714825e-01  1.454084280025220e+00  3.337224215707655e-03  1.454084280025220e+00  1.229667606111586e+00  1.454084280025220e+00  2.213749484846773e-01  1.454084280025220e+00  1.207083938128778e-03 
 1.458084280025220e+00  9.871344448662039e-01  1.458084280025220e+00  1.564381107162453e+00  1.458084280025220e+00  3.813698950563656e-01  1.458084280025220e+00  3.417386508543389e-01  1.458084280025220e+00  3.339579584432626e-03  1.458084280025220e+00  1.230805642595362e+00  1.458084280025220e+00  2.211878386937187e-01  1.458084280025220e+00  1.204419827421514e-03 
 1.462084280025220e+00  9.864991988790409e-01  1.462084280025220e+00  1.565100322714563e+00  1.462084280025220e+00  3.805295004685834e-01  1.462084280025220e+00  3.419334047867381e-01  1.462084280025220e+00  3.341929274835982e-03  1.462084280025220e+00  1.231942889901002e+00  1.462084280025220e+00  2.210007457709500e-01  1.462084280025220e+00  1.201759521950848e-03 
 1.466084280025220e+00  9.858654922273253e-01  1.466084280025220e+00  1.565818507588360e+00  1.466084280025220e+00  3.796922768071402e-01  1.466084280025220e+00  3.421286336508327e-01  1.466084280025220e+00  3.344273271442278e-03  1.466084280025220e+00  1.233079346622325e+00  1.466084280025220e+00  2.208136703280531e-01  1.466084280025220e+00  1.199103028449374e-03 
 1.470084280025220e+00  9.852333289044989e-01  1.470084280025220e+00  1.566535660136003e+00  1.470084280025220e+00  3.788582322392227e-01  1.470084280025220e+00  3.423243380380226e-01  1.470084280025220e+00  3.346611559480323e-03  1.470084280025220e+00  1.234215011459680e+00  1.470084280025220e+00  2.206266129375240e-01  1.470084280025220e+00  1.196450353007739e-03 
 1.474084280025220e+00  9.846027127082250e-01  1.474084280025220e+00  1.567251778871753e+00  1.474084280025220e+00  3.780273744975072e-01  1.474084280025220e+00  3.425205184489106e-01  1.474084280025220e+00  3.348944124903052e-03  1.474084280025220e+00  1.235349883212936e+00  1.474084280025220e+00  2.204395741352431e-01  1.474084280025220e+00  1.193801501117021e-03 
 1.478084280025220e+00  9.839736472430268e-01  1.478084280025220e+00  1.567966862491711e+00  1.478084280025220e+00  3.771997108777574e-01  1.478084280025220e+00  3.427171752917998e-01  1.478084280025220e+00  3.351270954377818e-03  1.478084280025220e+00  1.236483960793055e+00  1.478084280025220e+00  2.202525544152847e-01  1.478084280025220e+00  1.191156477595607e-03 
 1.482084280025220e+00  9.833461359166938e-01  1.482084280025220e+00  1.568680909867705e+00  1.482084280025220e+00  3.763752482338867e-01  1.482084280025220e+00  3.429143088825301e-01  1.482084280025220e+00  3.353592035299673e-03  1.482084280025220e+00  1.237617243218232e+00  1.482084280025220e+00  2.200655542311507e-01  1.482084280025220e+00  1.188515286611904e-03 
 1.486084280025220e+00  9.827201819375143e-01  1.486084280025220e+00  1.569393920043862e+00  1.486084280025220e+00  3.755539929737176e-01  1.486084280025220e+00  3.431119194442748e-01  1.486084280025220e+00  3.355907355801567e-03  1.486084280025220e+00  1.238749729611645e+00  1.486084280025220e+00  2.198785739963324e-01  1.486084280025220e+00  1.185877931696972e-03 
 1.490084280025220e+00  9.820957883163990e-01  1.490084280025220e+00  1.570105892251533e+00  1.490084280025220e+00  3.747359510572802e-01  1.490084280025220e+00  3.433100071064891e-01  1.490084280025220e+00  3.358216904746559e-03  1.490084280025220e+00  1.239881419210130e+00  1.490084280025220e+00  2.196916140802891e-01  1.490084280025220e+00  1.183244415689302e-03 
 1.494084280025220e+00  9.814729578599233e-01  1.494084280025220e+00  1.570816825887302e+00  1.494084280025220e+00  3.739211279913279e-01  1.494084280025220e+00  3.435085719057890e-01  1.494084280025220e+00  3.360520671753498e-03  1.494084280025220e+00  1.241012311350864e+00  1.494084280025220e+00  2.195046748136474e-01  1.494084280025220e+00  1.180614740816215e-03 
 1.498084280025220e+00  9.808516931740582e-01  1.498084280025220e+00  1.571526720532647e+00  1.498084280025220e+00  3.731095288290266e-01  1.498084280025220e+00  3.437076137848256e-01  1.498084280025220e+00  3.362818647183238e-03  1.498084280025220e+00  1.242142405482852e+00  1.498084280025220e+00  2.193177564829851e-01  1.498084280025220e+00  1.177988908621074e-03 
 1.502084280025220e+00  9.802319966627538e-01  1.502084280025220e+00  1.572235575952051e+00  1.502084280025220e+00  3.723011581676345e-01  1.502084280025220e+00  3.439071325923093e-01  1.502084280025220e+00  3.365110822143877e-03  1.502084280025220e+00  1.243271701165573e+00  1.502084280025220e+00  2.191308593309969e-01  1.502084280025220e+00  1.175366919970328e-03 
 1.506084280025220e+00  9.796138705243662e-01  1.506084280025220e+00  1.572943392081773e+00  1.506084280025220e+00  3.714960201455838e-01  1.506084280025220e+00  3.441071280835985e-01  1.506084280025220e+00  3.367397188504021e-03  1.506084280025220e+00  1.244400198062070e+00  1.506084280025220e+00  2.189439835590019e-01  1.506084280025220e+00  1.172748775094987e-03 
 1.510084280025220e+00  9.789973167552124e-01  1.510084280025220e+00  1.573650169046005e+00  1.510084280025220e+00  3.706941184430740e-01  1.510084280025220e+00  3.443075999199782e-01  1.510084280025220e+00  3.369677738879535e-03  1.510084280025220e+00  1.245527895948326e+00  1.510084280025220e+00  2.187571293225817e-01  1.510084280025220e+00  1.170134473530921e-03 
 1.514084280025220e+00  9.783823371468264e-01  1.514084280025220e+00  1.574355907146899e+00  1.514084280025220e+00  3.698954562802020e-01  1.514084280025220e+00  3.445085476693376e-01  1.514084280025220e+00  3.371952466643782e-03  1.514084280025220e+00  1.246654794707097e+00  1.514084280025220e+00  2.185702967337708e-01  1.514084280025220e+00  1.167524014155727e-03 
 1.518084280025220e+00  9.777689332857773e-01  1.518084280025220e+00  1.575060606864071e+00  1.518084280025220e+00  3.691000364165941e-01  1.518084280025220e+00  3.447099708064576e-01  1.518084280025220e+00  3.374221365928253e-03  1.518084280025220e+00  1.247780894327380e+00  1.518084280025220e+00  2.183834858608687e-01  1.518084280025220e+00  1.164917395190528e-03 
 1.522084280025220e+00  9.771571065550988e-01  1.522084280025220e+00  1.575764268859392e+00  1.522084280025220e+00  3.683078611520828e-01  1.522084280025220e+00  3.449118687130991e-01  1.522084280025220e+00  3.376484431617292e-03  1.522084280025220e+00  1.248906194907015e+00  1.522084280025220e+00  2.181966967269201e-01  1.522084280025220e+00  1.162314614182283e-03 
 1.526084280025220e+00  9.765468581355434e-01  1.526084280025220e+00  1.576466893980393e+00  1.526084280025220e+00  3.675189323276343e-01  1.526084280025220e+00  3.451142406782515e-01  1.526084280025220e+00  3.378741659343457e-03  1.526084280025220e+00  1.250030696654461e+00  1.526084280025220e+00  2.180099293085321e-01  1.526084280025220e+00  1.159715667991220e-03 
 1.530084280025220e+00  9.759381889996871e-01  1.530084280025220e+00  1.577168483233744e+00  1.530084280025220e+00  3.667332513235392e-01  1.530084280025220e+00  3.453170858999606e-01  1.530084280025220e+00  3.380993045509311e-03  1.530084280025220e+00  1.251154399872814e+00  1.530084280025220e+00  2.178231835422701e-01  1.530084280025220e+00  1.157120552888874e-03 
 1.534084280025220e+00  9.753310999262217e-01  1.534084280025220e+00  1.577869037839190e+00  1.534084280025220e+00  3.659508190666824e-01  1.534084280025220e+00  3.455204034831688e-01  1.534084280025220e+00  3.383238587234573e-03  1.534084280025220e+00  1.252277304991545e+00  1.534084280025220e+00  2.176364593106721e-01  1.534084280025220e+00  1.154529264358620e-03 
 1.538084280025220e+00  9.747255914819504e-01  1.538084280025220e+00  1.578568559152615e+00  1.538084280025220e+00  3.651716360241857e-01  1.538084280025220e+00  3.457241924442673e-01  1.538084280025220e+00  3.385478282422736e-03  1.538084280025220e+00  1.253399412520642e+00  1.538084280025220e+00  2.174497564614431e-01  1.538084280025220e+00  1.151941797380268e-03 
 1.542084280025220e+00  9.741216640404681e-01  1.542084280025220e+00  1.579267048735624e+00  1.542084280025220e+00  3.643957022132258e-01  1.542084280025220e+00  3.459284517082717e-01  1.542084280025220e+00  3.387712129691897e-03  1.542084280025220e+00  1.254520723091589e+00  1.542084280025220e+00  2.172630747894748e-01  1.542084280025220e+00  1.149358146172628e-03 
 1.546084280025220e+00  9.735193177737953e-01  1.546084280025220e+00  1.579964508315686e+00  1.546084280025220e+00  3.636230171995212e-01  1.546084280025220e+00  3.461331801116496e-01  1.546084280025220e+00  3.389940128405796e-03  1.546084280025220e+00  1.255641237433506e+00  1.546084280025220e+00  2.170764140466468e-01  1.546084280025220e+00  1.146778304340997e-03 
 1.550084280025220e+00  9.729185526568864e-01  1.550084280025220e+00  1.580660939797043e+00  1.550084280025220e+00  3.628535801016760e-01  1.550084280025220e+00  3.463383764026240e-01  1.550084280025220e+00  3.392162278657067e-03  1.550084280025220e+00  1.256760956379341e+00  1.550084280025220e+00  2.168897739387320e-01  1.550084280025220e+00  1.144202264836766e-03 
 1.554084280025220e+00  9.723193684661483e-01  1.554084280025220e+00  1.581356345246564e+00  1.554084280025220e+00  3.620873895933074e-01  1.554084280025220e+00  3.465440392428272e-01  1.554084280025220e+00  3.394378581272736e-03  1.554084280025220e+00  1.257879880857258e+00  1.554084280025220e+00  2.167031541286937e-01  1.554084280025220e+00  1.141630020009788e-03 
 1.558084280025220e+00  9.717217647874878e-01  1.558084280025220e+00  1.582050726917396e+00  1.558084280025220e+00  3.613244439095070e-01  1.558084280025220e+00  3.467501672070924e-01  1.558084280025220e+00  3.396589037784504e-03  1.558084280025220e+00  1.258998011904361e+00  1.558084280025220e+00  2.165165542303195e-01  1.558084280025220e+00  1.139061561520832e-03 
 1.562084280025220e+00  9.711257410114017e-01  1.562084280025220e+00  1.582744087219360e+00  1.562084280025220e+00  3.605647408481250e-01  1.562084280025220e+00  3.469567587860327e-01  1.562084280025220e+00  3.398793650446833e-03  1.562084280025220e+00  1.260115350648931e+00  1.562084280025220e+00  2.163299738154749e-01  1.562084280025220e+00  1.136496880451152e-03 
 1.566084280025220e+00  9.705312963402364e-01  1.566084280025220e+00  1.583436428737749e+00  1.566084280025220e+00  3.598082777764976e-01  1.566084280025220e+00  3.471638123862046e-01  1.566084280025220e+00  3.400992422210137e-03  1.566084280025220e+00  1.261231898321282e+00  1.566084280025220e+00  2.161434124089746e-01  1.566084280025220e+00  1.133935967232898e-03 
 1.570084280025220e+00  9.699384297859228e-01  1.570084280025220e+00  1.584127754212795e+00  1.570084280025220e+00  3.590550516344586e-01  1.570084280025220e+00  3.473713263323477e-01  1.570084280025220e+00  3.403185356729155e-03  1.570084280025220e+00  1.262347656241374e+00  1.570084280025220e+00  2.159568694935393e-01  1.570084280025220e+00  1.131378811725142e-03 
 1.574084280025220e+00  9.693471401779181e-01  1.574084280025220e+00  1.584818066559800e+00  1.574084280025220e+00  3.583050589418878e-01  1.574084280025220e+00  3.475792988675974e-01  1.574084280025220e+00  3.405372458333560e-03  1.574084280025220e+00  1.263462625830434e+00  1.574084280025220e+00  2.157703445043058e-01  1.574084280025220e+00  1.128825403139299e-03 
 1.578084280025220e+00  9.687574261607257e-01  1.578084280025220e+00  1.585507368846288e+00  1.578084280025220e+00  3.575582958021946e-01  1.578084280025220e+00  3.477877281559604e-01  1.578084280025220e+00  3.407553732037162e-03  1.578084280025220e+00  1.264576808597217e+00  1.578084280025220e+00  2.155838368343942e-01  1.578084280025220e+00  1.126275730123751e-03 
 1.582084280025220e+00  9.681692862000104e-01  1.582084280025220e+00  1.586195664303207e+00  1.582084280025220e+00  3.568147579096292e-01  1.582084280025220e+00  3.479966122830850e-01  1.582084280025220e+00  3.409729183515264e-03  1.582084280025220e+00  1.265690206144361e+00  1.582084280025220e+00  2.153973458317170e-01  1.582084280025220e+00  1.123729780722365e-03 
 1.586084280025220e+00  9.675827185837611e-01  1.586084280025220e+00  1.586882956315596e+00  1.586084280025220e+00  3.560744405547882e-01  1.586084280025220e+00  3.482059492581508e-01  1.586084280025220e+00  3.411898819100361e-03  1.586084280025220e+00  1.266802820162613e+00  1.586084280025220e+00  2.152108708010745e-01  1.586084280025220e+00  1.121187542409000e-03 
 1.590084280025220e+00  9.669977214242986e-01  1.590084280025220e+00  1.587569248415905e+00  1.590084280025220e+00  3.553373386307161e-01  1.590084280025220e+00  3.484157370156648e-01  1.590084280025220e+00  3.414062645774731e-03  1.590084280025220e+00  1.267914652426654e+00  1.590084280025220e+00  2.150244110055863e-01  1.590084280025220e+00  1.118649002112252e-03 
 1.594084280025220e+00  9.664142926671316e-01  1.594084280025220e+00  1.588254544304446e+00  1.594084280025220e+00  3.546034466420216e-01  1.594084280025220e+00  3.486259734158834e-01  1.594084280025220e+00  3.416220671137672e-03  1.594084280025220e+00  1.269025704806868e+00  1.594084280025220e+00  2.148379656610910e-01  1.594084280025220e+00  1.116114146139759e-03 
 1.598084280025220e+00  9.658324300847017e-01  1.598084280025220e+00  1.588938847808191e+00  1.598084280025220e+00  3.538727587080500e-01  1.598084280025220e+00  3.488366562484965e-01  1.598084280025220e+00  3.418372903428613e-03  1.598084280025220e+00  1.270135979244847e+00  1.598084280025220e+00  2.146515339465228e-01  1.598084280025220e+00  1.113582960330660e-03 
 1.602084280025220e+00  9.652521312881996e-01  1.602084280025220e+00  1.589622162912171e+00  1.602084280025220e+00  3.531452685736124e-01  1.602084280025220e+00  3.490477832325608e-01  1.602084280025220e+00  3.420519351483444e-03  1.602084280025220e+00  1.271245477771607e+00  1.602084280025220e+00  2.144651149954834e-01  1.602084280025220e+00  1.111055429939426e-03 
 1.606084280025220e+00  9.646733937265373e-01  1.606084280025220e+00  1.590304493738305e+00  1.606084280025220e+00  3.524209696146871e-01  1.606084280025220e+00  3.492593520192095e-01  1.606084280025220e+00  3.422660024738310e-03  1.606084280025220e+00  1.272354202494884e+00  1.606084280025220e+00  2.142787079014396e-01  1.606084280025220e+00  1.108531539714148e-03 
 1.610084280025220e+00  9.640962146935912e-01  1.610084280025220e+00  1.590985844557413e+00  1.610084280025220e+00  3.516998548476229e-01  1.610084280025220e+00  3.494713601926579e-01  1.610084280025220e+00  3.424794933202791e-03  1.610084280025220e+00  1.273462155605942e+00  1.610084280025220e+00  2.140923117143120e-01  1.610084280025220e+00  1.106011273852153e-03 
 1.614084280025220e+00  9.635205913246671e-01  1.614084280025220e+00  1.591666219756929e+00  1.614084280025220e+00  3.509819169342148e-01  1.614084280025220e+00  3.496838052735683e-01  1.614084280025220e+00  3.426924087473005e-03  1.614084280025220e+00  1.274569339360354e+00  1.614084280025220e+00  2.139059254486037e-01  1.614084280025220e+00  1.103494616119363e-03 
 1.618084280025220e+00  9.629465206117694e-01  1.618084280025220e+00  1.592345623884684e+00  1.618084280025220e+00  3.502671481944032e-01  1.618084280025220e+00  3.498966847184338e-01  1.618084280025220e+00  3.429047498675164e-03  1.618084280025220e+00  1.275675756103470e+00  1.618084280025220e+00  2.137195480717012e-01  1.618084280025220e+00  1.100981549688412e-03 
 1.622084280025220e+00  9.623739993936941e-01  1.622084280025220e+00  1.593024061590082e+00  1.622084280025220e+00  3.495555406091218e-01  1.622084280025220e+00  3.501099959243954e-01  1.622084280025220e+00  3.431165178502092e-03  1.622084280025220e+00  1.276781408235634e+00  1.622084280025220e+00  2.135331785189578e-01  1.622084280025220e+00  1.098472057356193e-03 
 1.626084280025220e+00  9.618030243698623e-01  1.626084280025220e+00  1.593701537661300e+00  1.626084280025220e+00  3.488470858326789e-01  1.626084280025220e+00  3.503237362290120e-01  1.626084280025220e+00  3.433277139162219e-03  1.626084280025220e+00  1.277886298233786e+00  1.626084280025220e+00  2.133468156837108e-01  1.626084280025220e+00  1.095966121406281e-03 
 1.630084280025220e+00  9.612335921031309e-01  1.630084280025220e+00  1.594378057017417e+00  1.630084280025220e+00  3.481417752008650e-01  1.630084280025220e+00  3.505379029124164e-01  1.630084280025220e+00  3.435383393369074e-03  1.630084280025220e+00  1.278990428646574e+00  1.630084280025220e+00  2.131604584190544e-01  1.630084280025220e+00  1.093463723637993e-03 
 1.634084280025220e+00  9.606656990195193e-01  1.634084280025220e+00  1.595053624687964e+00  1.634084280025220e+00  3.474395997379716e-01  1.634084280025220e+00  3.507524932001708e-01  1.634084280025220e+00  3.437483954342332e-03  1.634084280025220e+00  1.280093802082153e+00  1.634084280025220e+00  2.129741055429486e-01  1.634084280025220e+00  1.090964845442136e-03 
 1.638084280025220e+00  9.600993414141618e-01  1.638084280025220e+00  1.595728245817338e+00  1.638084280025220e+00  3.467405501663463e-01  1.638084280025220e+00  3.509675042648033e-01  1.638084280025220e+00  3.439578835785811e-03  1.638084280025220e+00  1.281196421210518e+00  1.638084280025220e+00  2.127877558368032e-01  1.638084280025220e+00  1.088469467784554e-03 
 1.642084280025220e+00  9.595345154585934e-01  1.642084280025220e+00  1.596401925674543e+00  1.642084280025220e+00  3.460446169165006e-01  1.642084280025220e+00  3.511829332270652e-01  1.642084280025220e+00  3.441668051860465e-03  1.642084280025220e+00  1.282298288768984e+00  1.642084280025220e+00  2.126014080426620e-01  1.642084280025220e+00  1.085977571170201e-03 
 1.646084280025220e+00  9.589712171956922e-01  1.646084280025220e+00  1.597074669612555e+00  1.646084280025220e+00  3.453517901325435e-01  1.646084280025220e+00  3.513987771598897e-01  1.646084280025220e+00  3.443751617203198e-03  1.646084280025220e+00  1.283399407538171e+00  1.646084280025220e+00  2.124150608736621e-01  1.646084280025220e+00  1.083489135793366e-03 
 1.650084280025220e+00  9.584094425590707e-01  1.650084280025220e+00  1.597746483127109e+00  1.650084280025220e+00  3.446620596870428e-01  1.650084280025220e+00  3.516150330870313e-01  1.650084280025220e+00  3.445829546855008e-03  1.650084280025220e+00  1.284499780376161e+00  1.650084280025220e+00  2.122287129982820e-01  1.650084280025220e+00  1.081004141320296e-03 
 1.654084280025220e+00  9.578491873609469e-01  1.654084280025220e+00  1.598417371787091e+00  1.654084280025220e+00  3.439754151838343e-01  1.654084280025220e+00  3.518316979885818e-01  1.654084280025220e+00  3.447901856305961e-03  1.654084280025220e+00  1.285599410177567e+00  1.654084280025220e+00  2.120423630584760e-01  1.654084280025220e+00  1.078522567146623e-03 
 1.658084280025220e+00  9.572904473070905e-01  1.658084280025220e+00  1.599087341275066e+00  1.658084280025220e+00  3.432918459712301e-01  1.658084280025220e+00  3.520487688005776e-01  1.658084280025220e+00  3.449968561439830e-03  1.658084280025220e+00  1.286698299897004e+00  1.658084280025220e+00  2.118560096587368e-01  1.658084280025220e+00  1.076044392247467e-03 
 1.662084280025220e+00  9.567332179966813e-01  1.662084280025220e+00  1.599756397366344e+00  1.662084280025220e+00  3.426113411494622e-01  1.662084280025220e+00  3.522662424178997e-01  1.662084280025220e+00  3.452029678534673e-03  1.662084280025220e+00  1.287796452536628e+00  1.662084280025220e+00  2.116696513714010e-01  1.662084280025220e+00  1.073569595254880e-03 
 1.666084280025220e+00  9.561774949261520e-01  1.666084280025220e+00  1.600424545924358e+00  1.666084280025220e+00  3.419338895796653e-01  1.666084280025220e+00  3.524841156962920e-01  1.666084280025220e+00  3.454085224248578e-03  1.666084280025220e+00  1.288893871143234e+00  1.666084280025220e+00  2.114832867376556e-01  1.666084280025220e+00  1.071098154474910e-03 
 1.670084280025220e+00  9.556232734953547e-01  1.670084280025220e+00  1.601091792905542e+00  1.670084280025220e+00  3.412594798937046e-01  1.670084280025220e+00  3.527023854538603e-01  1.670084280025220e+00  3.456135215596884e-03  1.670084280025220e+00  1.289990558810882e+00  1.670084280025220e+00  2.112969142660259e-01  1.670084280025220e+00  1.068630047869613e-03 
 1.674084280025220e+00  9.550705490096285e-01  1.674084280025220e+00  1.601758144347448e+00  1.674084280025220e+00  3.405881005024574e-01  1.674084280025220e+00  3.529210484734530e-01  1.674084280025220e+00  3.458179669944502e-03  1.674084280025220e+00  1.291086518673753e+00  1.674084280025220e+00  2.111105324353198e-01  1.674084280025220e+00  1.066165253100940e-03 
 1.678084280025220e+00  9.545193166884050e-01  1.678084280025220e+00  1.602423606383773e+00  1.678084280025220e+00  3.399197396064804e-01  1.678084280025220e+00  3.531401015035793e-01  1.678084280025220e+00  3.460218604974146e-03  1.678084280025220e+00  1.292181753914694e+00  1.678084280025220e+00  2.109241396904082e-01  1.678084280025220e+00  1.063703747475211e-03 
 1.682084280025220e+00  9.539695716607871e-01  1.682084280025220e+00  1.603088185206245e+00  1.682084280025220e+00  3.392543852018273e-01  1.682084280025220e+00  3.533595412621856e-01  1.682084280025220e+00  3.462252038702608e-03  1.682084280025220e+00  1.293276267742813e+00  1.682084280025220e+00  2.107377344521932e-01  1.682084280025220e+00  1.061245508084061e-03 
 1.686084280025220e+00  9.534213089786759e-01  1.686084280025220e+00  1.603751887098396e+00  1.686084280025220e+00  3.385920250922916e-01  1.686084280025220e+00  3.535793644365204e-01  1.686084280025220e+00  3.464279989432230e-03  1.686084280025220e+00  1.294370063412945e+00  1.686084280025220e+00  2.105513151083933e-01  1.686084280025220e+00  1.058790511679558e-03 
 1.690084280025220e+00  9.528745236142856e-01  1.690084280025220e+00  1.604414718405581e+00  1.690084280025220e+00  3.379326468958409e-01  1.690084280025220e+00  3.537995676864322e-01  1.690084280025220e+00  3.466302475760135e-03  1.690084280025220e+00  1.295463144207996e+00  1.690084280025220e+00  2.103648800213566e-01  1.690084280025220e+00  1.056338734785007e-03 
 1.694084280025220e+00  9.523292104670880e-01  1.694084280025220e+00  1.605076685543909e+00  1.694084280025220e+00  3.372762380544471e-01  1.694084280025220e+00  3.540201476455382e-01  1.694084280025220e+00  3.468319516552497e-03  1.694084280025220e+00  1.296555513443947e+00  1.694084280025220e+00  2.101784275254963e-01  1.694084280025220e+00  1.053890153662056e-03 
 1.698084280025220e+00  9.517853643696536e-01  1.698084280025220e+00  1.605737795004723e+00  1.698084280025220e+00  3.366227858434149e-01  1.698084280025220e+00  3.542411009226021e-01  1.698084280025220e+00  3.470331130922949e-03  1.698084280025220e+00  1.297647174472257e+00  1.698084280025220e+00  2.099919559258819e-01  1.698084280025220e+00  1.051444744293967e-03 
 1.702084280025220e+00  9.512429800843686e-01  1.702084280025220e+00  1.606398053322044e+00  1.702084280025220e+00  3.359722773773449e-01  1.702084280025220e+00  3.544624241049122e-01  1.702084280025220e+00  3.472337338244729e-03  1.702084280025220e+00  1.298738130660767e+00  1.702084280025220e+00  2.098054635068271e-01  1.702084280025220e+00  1.049002482506194e-03 
 1.706084280025220e+00  9.507020523183476e-01  1.706084280025220e+00  1.607057467114753e+00  1.706084280025220e+00  3.353246996225584e-01  1.706084280025220e+00  3.546841137575496e-01  1.706084280025220e+00  3.474338158095509e-03  1.706084280025220e+00  1.299828385417992e+00  1.706084280025220e+00  2.096189485203499e-01  1.706084280025220e+00  1.046563343810234e-03 
 1.710084280025220e+00  9.501625757125630e-01  1.710084280025220e+00  1.607716043023511e+00  1.710084280025220e+00  3.346800394001660e-01  1.710084280025220e+00  3.549061664283905e-01  1.710084280025220e+00  3.476333610297621e-03  1.710084280025220e+00  1.300917942156348e+00  1.710084280025220e+00  2.094324092030126e-01  1.710084280025220e+00  1.044127303637020e-03 
 1.714084280025220e+00  9.496245448634371e-01  1.714084280025220e+00  1.608373787780679e+00  1.714084280025220e+00  3.340382834006407e-01  1.714084280025220e+00  3.551285786457786e-01  1.714084280025220e+00  3.478323714838197e-03  1.714084280025220e+00  1.302006804332501e+00  1.714084280025220e+00  2.092458437568810e-01  1.714084280025220e+00  1.041694337078244e-03 
 1.718084280025220e+00  9.490879543095793e-01  1.718084280025220e+00  1.609030708138206e+00  1.718084280025220e+00  3.333994181858532e-01  1.718084280025220e+00  3.553513469239795e-01  1.718084280025220e+00  3.480308491918160e-03  1.718084280025220e+00  1.303094975405401e+00  1.718084280025220e+00  2.090592503688472e-01  1.718084280025220e+00  1.039264419153181e-03 
 1.722084280025220e+00  9.485527985460824e-01  1.722084280025220e+00  1.609686810908258e+00  1.722084280025220e+00  3.327634302008037e-01  1.722084280025220e+00  3.555744677623953e-01  1.722084280025220e+00  3.482287961899466e-03  1.722084280025220e+00  1.304182458859640e+00  1.722084280025220e+00  2.088726271994878e-01  1.722084280025220e+00  1.036837524658292e-03 
 1.726084280025220e+00  9.480190720227930e-01  1.726084280025220e+00  1.610342102938772e+00  1.726084280025220e+00  3.321303057795384e-01  1.726084280025220e+00  3.557979376483293e-01  1.726084280025220e+00  3.484262145311360e-03  1.726084280025220e+00  1.305269258191127e+00  1.726084280025220e+00  2.086859723895369e-01  1.726084280025220e+00  1.034413628257720e-03 
 1.730084280025220e+00  9.474867691538201e-01  1.730084280025220e+00  1.610996591135415e+00  1.730084280025220e+00  3.315000311548895e-01  1.730084280025220e+00  3.560217530571673e-01  1.730084280025220e+00  3.486231062815324e-03  1.730084280025220e+00  1.306355376919614e+00  1.730084280025220e+00  2.084992840537684e-01  1.730084280025220e+00  1.031992704402050e-03 
 1.734084280025220e+00  9.469558843108677e-01  1.734084280025220e+00  1.611650282417481e+00  1.734084280025220e+00  3.308725924624590e-01  1.734084280025220e+00  3.562459104561650e-01  1.734084280025220e+00  3.488194735229687e-03  1.734084280025220e+00  1.307440818563035e+00  1.734084280025220e+00  2.083125602928510e-01  1.734084280025220e+00  1.029574727491466e-03 
 1.738084280025220e+00  9.464264118378600e-01  1.738084280025220e+00  1.612303183761448e+00  1.738084280025220e+00  3.302479757518536e-01  1.738084280025220e+00  3.564704063033562e-01  1.738084280025220e+00  3.490153183475500e-03  1.738084280025220e+00  1.308525586662506e+00  1.738084280025220e+00  2.081257991813519e-01  1.738084280025220e+00  1.027159671714593e-03 
 1.742084280025220e+00  9.458983460453771e-01  1.742084280025220e+00  1.612955302162228e+00  1.742084280025220e+00  3.296261669907992e-01  1.742084280025220e+00  3.566952370509877e-01  1.742084280025220e+00  3.492106428597182e-03  1.742084280025220e+00  1.309609684759788e+00  1.742084280025220e+00  2.079389987781586e-01  1.742084280025220e+00  1.024747511191831e-03 
 1.746084280025220e+00  9.453716812196556e-01  1.746084280025220e+00  1.613606644654290e+00  1.746084280025220e+00  3.290071520741327e-01  1.746084280025220e+00  3.569203991455893e-01  1.746084280025220e+00  3.494054491729193e-03  1.746084280025220e+00  1.310693116409304e+00  1.746084280025220e+00  2.077521571205910e-01  1.746084280025220e+00  1.022338219897286e-03 
 1.750084280025220e+00  9.448464116206102e-01  1.750084280025220e+00  1.614257218288456e+00  1.750084280025220e+00  3.283909168288929e-01  1.750084280025220e+00  3.571458890304852e-01  1.750084280025220e+00  3.495997394103318e-03  1.750084280025220e+00  1.311775885164623e+00  1.750084280025220e+00  2.075652722306151e-01  1.750084280025220e+00  1.019931771744520e-03 
 1.754084280025220e+00  9.443225314910794e-01  1.754084280025220e+00  1.614907030154794e+00  1.754084280025220e+00  3.277774470230949e-01  1.754084280025220e+00  3.573717031456897e-01  1.754084280025220e+00  3.497935157014548e-03  1.754084280025220e+00  1.312857994591472e+00  1.754084280025220e+00  2.073783421084531e-01  1.754084280025220e+00  1.017528140501925e-03 
 1.758084280025220e+00  9.438000350525387e-01  1.758084280025220e+00  1.615556087350595e+00  1.758084280025220e+00  3.271667283697587e-01  1.758084280025220e+00  3.575978379308364e-01  1.758084280025220e+00  3.499867801836877e-03  1.758084280025220e+00  1.313939448249154e+00  1.758084280025220e+00  2.071913647412442e-01  1.758084280025220e+00  1.015127299911150e-03 
 1.762084280025220e+00  9.432789165157482e-01  1.762084280025220e+00  1.616204397009914e+00  1.762084280025220e+00  3.265587465358381e-01  1.762084280025220e+00  3.578242898246315e-01  1.762084280025220e+00  3.501795349983925e-03  1.762084280025220e+00  1.315020249707398e+00  1.762084280025220e+00  2.070043380948188e-01  1.762084280025220e+00  1.012729223577861e-03 
 1.766084280025220e+00  9.427591700740996e-01  1.766084280025220e+00  1.616851966262574e+00  1.766084280025220e+00  3.259534871451970e-01  1.766084280025220e+00  3.580510552682191e-01  1.766084280025220e+00  3.503717822933575e-03  1.766084280025220e+00  1.316100402522624e+00  1.766084280025220e+00  2.068172601248653e-01  1.766084280025220e+00  1.010333885123340e-03 
 1.770084280025220e+00  9.422407899186308e-01  1.770084280025220e+00  1.617498802282441e+00  1.770084280025220e+00  3.253509357886604e-01  1.770084280025220e+00  3.582781307035058e-01  1.770084280025220e+00  3.505635242172392e-03  1.770084280025220e+00  1.317179910265554e+00  1.770084280025220e+00  2.066301287635174e-01  1.770084280025220e+00  1.007941258005917e-03 
 1.774084280025220e+00  9.417237702278158e-01  1.774084280025220e+00  1.618144912232497e+00  1.774084280025220e+00  3.247510780255383e-01  1.774084280025220e+00  3.585055125772353e-01  1.774084280025220e+00  3.507547629233429e-03  1.774084280025220e+00  1.318258776489501e+00  1.774084280025220e+00  2.064429419344042e-01  1.774084280025220e+00  1.005551315724232e-03 
 1.778084280025220e+00  9.412081051777993e-01  1.778084280025220e+00  1.618790303294434e+00  1.778084280025220e+00  3.241538993917766e-01  1.778084280025220e+00  3.587331973402961e-01  1.778084280025220e+00  3.509455005658361e-03  1.778084280025220e+00  1.319337004747231e+00  1.778084280025220e+00  2.062556975443807e-01  1.778084280025220e+00  1.003164031707634e-03 
 1.782084280025220e+00  9.406937889441164e-01  1.782084280025220e+00  1.619434982663461e+00  1.782084280025220e+00  3.235593854051351e-01  1.782084280025220e+00  3.589611814489312e-01  1.782084280025220e+00  3.511357392991087e-03  1.782084280025220e+00  1.320414598587838e+00  1.782084280025220e+00  2.060683934848635e-01  1.782084280025220e+00  1.000779379335501e-03 
 1.786084280025220e+00  9.401808157006842e-01  1.786084280025220e+00  1.620078957532389e+00  1.786084280025220e+00  3.229675215693334e-01  1.786084280025220e+00  3.591894613665267e-01  1.786084280025220e+00  3.513254812781545e-03  1.786084280025220e+00  1.321491561547480e+00  1.786084280025220e+00  2.058810276361443e-01  1.786084280025220e+00  9.983973319960325e-04 
 1.790084280025220e+00  9.396691796284106e-01  1.790084280025220e+00  1.620722235115660e+00  1.790084280025220e+00  3.223782933811695e-01  1.790084280025220e+00  3.594180335631088e-01  1.790084280025220e+00  3.515147286553747e-03  1.790084280025220e+00  1.322567897163010e+00  1.790084280025220e+00  2.056935978606296e-01  1.790084280025220e+00  9.960178629974286e-04 
 1.794084280025220e+00  9.391588749093657e-01  1.794084280025220e+00  1.621364822614348e+00  1.794084280025220e+00  3.217916863328234e-01  1.794084280025220e+00  3.596468945181440e-01  1.794084280025220e+00  3.517034835827472e-03  1.794084280025220e+00  1.323643608951795e+00  1.794084280025220e+00  2.055061020124745e-01  1.794084280025220e+00  9.936409456973176e-04 
 1.798084280025220e+00  9.386498957359297e-01  1.798084280025220e+00  1.622006727243151e+00  1.798084280025220e+00  3.212076859188400e-01  1.798084280025220e+00  3.598760407197966e-01  1.798084280025220e+00  3.518917482084306e-03  1.798084280025220e+00  1.324718700427034e+00  1.798084280025220e+00  2.053185379299893e-01  1.798084280025220e+00  9.912665534028942e-04 
 1.802084280025220e+00  9.381422363065608e-01  1.802084280025220e+00  1.622647956202705e+00  1.802084280025220e+00  3.206262776386820e-01  1.802084280025220e+00  3.601054686672484e-01  1.802084280025220e+00  3.520795246783399e-03  1.802084280025220e+00  1.325793175081799e+00  1.802084280025220e+00  2.051309034432778e-01  1.802084280025220e+00  9.888946594733879e-04 
 1.806084280025220e+00  9.376358908352120e-01  1.806084280025220e+00  1.623288516708487e+00  1.806084280025220e+00  3.200474470034804e-01  1.806084280025220e+00  3.603351748697829e-01  1.806084280025220e+00  3.522668151326575e-03  1.806084280025220e+00  1.326867036405417e+00  1.806084280025220e+00  2.049431963660838e-01  1.806084280025220e+00  9.865252372130940e-04 
 1.810084280025220e+00  9.371308535460128e-01  1.810084280025220e+00  1.623928415959400e+00  1.810084280025220e+00  3.194711795379631e-01  1.810084280025220e+00  3.605651558492505e-01  1.810084280025220e+00  3.524536217077974e-03  1.810084280025220e+00  1.327940287865395e+00  1.810084280025220e+00  2.047554145044910e-01  1.810084280025220e+00  9.841582599876047e-04 
 1.814084280025220e+00  9.366271186802690e-01  1.814084280025220e+00  1.624567661157412e+00  1.814084280025220e+00  3.188974607861577e-01  1.814084280025220e+00  3.607954081396109e-01  1.814084280025220e+00  3.526399465338277e-03  1.814084280025220e+00  1.329012932918509e+00  1.814084280025220e+00  2.045675556513568e-01  1.814084280025220e+00  9.817937011511720e-04 
 1.818084280025220e+00  9.361246804930231e-01  1.818084280025220e+00  1.625206259484647e+00  1.818084280025220e+00  3.183262763136496e-01  1.818084280025220e+00  3.610259282888604e-01  1.818084280025220e+00  3.528257917357304e-03  1.818084280025220e+00  1.330084974997616e+00  1.818084280025220e+00  2.043796175926638e-01  1.818084280025220e+00  9.794315341314314e-04 
 1.822084280025220e+00  9.356235332645646e-01  1.822084280025220e+00  1.625844218142245e+00  1.822084280025220e+00  3.177576117143908e-01  1.822084280025220e+00  3.612567128574026e-01  1.822084280025220e+00  3.530111594291506e-03  1.822084280025220e+00  1.331156417533673e+00  1.822084280025220e+00  2.041915980965275e-01  1.822084280025220e+00  9.770717322856654e-04 
 1.826084280025220e+00  9.351236712875041e-01  1.826084280025220e+00  1.626481544289148e+00  1.826084280025220e+00  3.171914526097546e-01  1.826084280025220e+00  3.614877584221121e-01  1.826084280025220e+00  3.531960517251755e-03  1.826084280025220e+00  1.332227263920731e+00  1.826084280025220e+00  2.040034949303423e-01  1.826084280025220e+00  9.747142691272452e-04 
 1.830084280025220e+00  9.346250888819544e-01  1.830084280025220e+00  1.627118245096797e+00  1.830084280025220e+00  3.166277846561999e-01  1.830084280025220e+00  3.617190615737406e-01  1.830084280025220e+00  3.533804707247197e-03  1.830084280025220e+00  1.333297517546981e+00  1.830084280025220e+00  2.038153058453233e-01  1.830084280025220e+00  9.723591181232792e-04 
 1.834084280025220e+00  9.341277803899288e-01  1.834084280025220e+00  1.627754327718577e+00  1.834084280025220e+00  3.160665935463551e-01  1.834084280025220e+00  3.619506189191594e-01  1.834084280025220e+00  3.535644185205969e-03  1.834084280025220e+00  1.334367181777222e+00  1.834084280025220e+00  2.036270285850412e-01  1.834084280025220e+00  9.700062528076734e-04 
 1.838084280025220e+00  9.336317401758297e-01  1.838084280025220e+00  1.628389799284894e+00  1.838084280025220e+00  3.155078650118733e-01  1.838084280025220e+00  3.621824270821338e-01  1.838084280025220e+00  3.537478971973397e-03  1.838084280025220e+00  1.335436259949952e+00  1.838084280025220e+00  2.034386608867632e-01  1.838084280025220e+00  9.676556467992994e-04 
 1.842084280025220e+00  9.331369626334244e-01  1.842084280025220e+00  1.629024666924939e+00  1.842084280025220e+00  3.149515848281487e-01  1.842084280025220e+00  3.624144827025077e-01  1.842084280025220e+00  3.539309088286201e-03  1.842084280025220e+00  1.336504755389625e+00  1.842084280025220e+00  2.032502004752346e-01  1.842084280025220e+00  9.653072737215228e-04 
 1.846084280025220e+00  9.326434421838381e-01  1.846084280025220e+00  1.629658937752072e+00  1.846084280025220e+00  3.143977388161401e-01  1.846084280025220e+00  3.626467824374695e-01  1.846084280025220e+00  3.541134554779882e-03  1.846084280025220e+00  1.337572671398215e+00  1.846084280025220e+00  2.030616450667464e-01  1.846084280025220e+00  9.629611072562790e-04 
 1.850084280025220e+00  9.321511732723406e-01  1.850084280025220e+00  1.630292618844376e+00  1.850084280025220e+00  3.138463128437624e-01  1.850084280025220e+00  3.628793229630708e-01  1.850084280025220e+00  3.542955392000659e-03  1.850084280025220e+00  1.338640011244071e+00  1.850084280025220e+00  2.028729923746099e-01  1.850084280025220e+00  9.606171212159634e-04 
