idx,w_in,l_in,nf_in,i_bias,rs,cs,rl,cl,vcm_in,tt_ok,tt_pass,tt_first_fail,peaking_db,f_pk_hz,nyquist_boost_db,g_dc_db,g_nyq_db,g_pk_db,g_top_db,vn_in_vrms,gm,gmbs,gds,vth,vds,vdsat,id_a,v_src_dc,v_out_dc,power_w,c0_pass,c1_pass,c2_pass,c0_first_fail,c1_first_fail,c2_first_fail
0,9.18310562368228e-05,6.276139298967698e-07,8.0,0.002831463972715917,331.10088851157,6.011856853786967e-13,51.63449961086831,1.5e-13,1.1011659077106828,1,0,S3_f_peak,10.12782,19952620000.0,6.265593999999998,-15.32491,-9.059316,-5.19709,-5.193178,0.0003783262,0.009884364,0.001980484,6.875573e-05,0.6419339,1.524668,0.2170395,0.001415732,0.2022295,1.726897,0.005096635150888651,0,0,0,S3_f_peak,S3_f_peak,S3_f_peak
1,9.167595933112839e-05,1.640162891698249e-07,1.0,0.004789671078643074,214.08963198085246,4.457062614329831e-12,257.4343055041198,1.5e-13,1.3640673094013156,1,1,,9.902816,1513561000.0,9.473396000000001,3.584014,13.05741,13.48683,1.100034,0.0001111289,0.02651829,0.003362808,0.0008783336,0.7615309,0.7463181,0.09784918,0.002394836,0.4371691,1.183487,0.008621407941557534,1,1,1,,,
2,6.629227598634181e-05,1.602675265059444e-07,5.0,0.006382831769777844,176.15015626192184,4.297854429920567e-13,82.03462881832822,1.5e-13,1.569214105434461,1,0,S3_f_peak,5.8720245,8317638000.0,2.880689,-5.238384,-2.357695,0.6336405,-1.820431,0.0002069441,0.02326099,0.002656823,0.00120528,0.7922641,0.9514548,0.1350587,0.003191416,0.5867386,1.538193,0.01148909718560012,0,0,0,S3_f_peak,S3_f_peak,S3_f_peak
3,7.120035124456118e-05,2.1309669054738046e-07,6.0,0.0007590767351158074,67.3809086188725,2.9926810559577017e-13,691.2107150667389,1.5e-13,1.5913508818249777,1,0,S3_peaking,-0.00020000000000131024,10000000.0,-5.824699000000001,10.42815,4.603451,10.42795,-9.227724,0.0002394109,0.006779303,0.0009386213,0.0002076529,0.7922827,0.7984355,0.08481625,0.0003795391,0.7392235,1.537659,0.0013663381232084533,0,0,0,S3_peaking,S3_peaking,S3_peaking
4,7.060515598848952e-05,2.291089661906443e-07,5.0,0.0012004400097767782,60.43393687901677,5.576946376821351e-12,256.96983346784,1.5e-13,1.469219019300779,1,0,S3_peaking,1.4740130000000002,1096478000.0,0.6081139999999996,4.697108,5.305222,6.171121,-6.377753,0.0002010867,0.009312101,0.001387748,0.0002440181,0.7612553,1.032122,0.09972824,0.00060022,0.6136393,1.645762,0.002160792017598201,0,0,0,S3_peaking,S3_peaking,S3_peaking
5,7.052855621822443e-05,8.217531884462141e-07,7.0,0.0012571897174440438,823.3503575731548,2.6442483697304585e-12,208.4663889440932,1.5e-13,1.197222614321657,1,0,S3_f_peak,10.2322091,1202264000.0,9.9038171,-10.39494,-0.4911229,-0.1627309,-2.935733,0.0003091098,0.005138456,0.001000309,2.911073e-05,0.6586684,1.350917,0.2043526,0.0006285949,0.318042,1.668959,0.002262941491399279,1,0,0,,S3_f_peak,S3_f_peak
6,6.805969200761823e-05,8.652262250042184e-07,1.0,0.003138808992295475,101.74985397131894,4.934233934314887e-12,57.855911759474914,1.5e-13,1.47720060905306,1,0,S3_f_peak,7.03002,19952620000.0,3.058839,-11.00422,-7.945381,-3.9742,-3.969191,0.0003149861,0.006961047,0.001346359,6.458732e-05,0.6572737,1.281992,0.3053727,0.001569406,0.4272086,1.709201,0.005649856186131855,0,0,0,S3_f_peak,S3_f_peak,S3_f_peak
7,9.965292507770505e-05,1.763886436061906e-07,7.0,0.0014847502025878757,376.3672859161584,1.7993431940434757e-13,189.72813206761623,1.5e-13,1.249520200107036,1,0,S3_f_peak,2.0112610000000006,4570882000.0,1.4467510000000003,-4.112587,-2.665836,-2.101326,-6.987656,0.0003002651,0.01237203,0.001721404,0.0003085023,0.7625067,1.227366,0.07449094,0.0007423755,0.4317833,1.65915,0.002672550364658176,0,0,0,S3_peaking,S3_f_peak,S3_f_peak
8,5.8203333175704485e-05,3.674978514269172e-07,6.0,0.003519620005440367,384.55524049053787,2.4778330934102228e-12,445.32403967122667,1.5e-13,1.569462777044793,1,0,S3_f_peak,7.65962,1047129000.0,6.043836000000001,2.069749,8.113585,9.729369,-5.117676,0.0001935054,0.01030827,0.001728648,0.0004749717,0.7393773,0.470727,0.2189696,0.001759813,0.5455873,1.016314,0.006335316009792661,0,0,0,S3_f_peak,S3_f_peak,S3_f_peak
9,3.146747048822347e-05,6.967387973963831e-07,5.0,0.00502578796490389,58.73274651560964,5.990644493791836e-13,514.0282353179902,1.5e-13,1.5251333427982026,1,0,S3_peaking,-4.000000000026205e-05,10000000.0,-1.6824169999999996,-3.149403,-4.83182,-3.149443,-8.774698,0.0004026781,0.003901364,0.0009520498,0.003200874,0.6281779,0.4157974,0.5218987,0.002512894,0.09250419,0.5083015,0.009046418336827003,0,0,0,headroom,S3_peaking,headroom
10,7.825503612949135e-05,2.448126611173838e-07,4.0,0.0015404903984737428,603.5427383995149,1.4857786424459355e-13,322.3811420484838,1.5e-13,1.1630331986972486,1,0,S3_peaking,1.557919,3311311000.0,1.435048,-3.015495,-1.580447,-1.457576,-7.494217,0.0003441712,0.01119932,0.001890522,0.0002543216,0.7040072,1.206361,0.1049547,0.0007702452,0.3453254,1.551686,0.002772882717252737,0,0,0,S3_peaking,S3_peaking,S3_peaking
11,8.5390789330634e-05,2.3353284849882438e-07,8.0,0.0022704931176640193,216.09149241685932,1.0084566327604373e-12,72.05012380376442,1.5e-13,1.1575550805186505,1,0,S3_f_peak,7.488176,5011872000.0,6.697246,-8.86336,-2.166114,-1.375184,-4.855238,0.0002317451,0.0145582,0.002559952,0.0003357734,0.7117017,1.399062,0.1183662,0.001135249,0.3191412,1.718204,0.004086887611795235,0,0,0,S3_f_peak,S3_f_peak,S3_f_peak
12,7.212242661012938e-05,5.825350893142671e-07,5.0,0.0007385927891655117,941.9324956745714,3.599850449974844e-12,137.07688926593312,1.5e-13,1.1564947724628605,1,1,,10.870713,1380384000.0,10.782484,-15.05048,-4.267996,-4.179767,-5.6467,0.0003468123,0.004697793,0.0008787819,2.724773e-05,0.6724112,1.395996,0.1336829,0.0003692964,0.3533811,1.749377,0.0013294670204979213,0,1,1,S3_f_peak,,
13,7.81253926300958e-05,2.050378617903345e-07,6.0,0.0007830262311287532,374.24484404681124,3.2139725879505284e-12,76.95094916164587,1.5e-13,1.3376647395492505,1,1,,7.775970999999999,1995262000.0,7.7586949999999995,-13.49157,-5.732875,-5.715599,-9.332035,0.0002932352,0.007088828,0.001053477,0.0002080432,0.7522278,1.23627,0.07718312,0.0003915168,0.5336026,1.769872,0.0014094472160317557,1,1,1,,,
14,3.582511684225358e-05,8.773162783509752e-07,8.0,0.0007132687222896428,74.03144566670964,4.474798913248808e-12,440.36805887899004,1.5e-13,1.3824477824324308,1,0,S3_nyq_boost,0.2216534,524807500.0,-2.0588577,0.1515857,-1.907272,0.3732391,-7.364512,0.0003962453,0.002592187,0.0004718686,1.748839e-05,0.6969536,1.200248,0.2240716,0.0003566344,0.4427013,1.64295,0.0012838837001213571,0,0,0,S3_nyq_boost,S3_nyq_boost,S3_nyq_boost
15,2.9598597157684416e-05,2.9984299470704897e-07,6.0,0.0032911356582220833,187.8382063751242,8.437853492645982e-12,371.3802664926492,1.5e-13,1.3952651333726438,1,0,S3_f_peak,4.605898,660693400.0,2.597318,3.183956,5.781274,7.789854,-8.049862,0.0002207009,0.007534685,0.001397278,0.0002163498,0.7219022,0.8743297,0.2478125,0.001645568,0.3145389,1.188869,0.00592404418479975,0,0,0,S3_f_peak,S3_f_peak,S3_f_peak
16,7.006193998920992e-05,3.6132294960320203e-07,2.0,0.007041183770690392,498.16250069090387,4.673770501458587e-13,286.8431187799516,1.5e-13,1.274830752740623,1,0,S3_f_peak,6.857495,3162278000.0,6.714287000000001,-2.827337,3.88695,4.030158,-4.087512,0.0002429849,0.01407193,0.00272354,0.0007575047,0.6580632,0.5668576,0.238917,0.003520592,0.2232848,0.7901424,0.012674130787242706,0,0,0,S3_f_peak,S3_f_peak,S3_f_peak
17,5.660972247739436e-05,9.420815747041944e-07,2.0,0.000985216679463285,128.9219074953443,2.021281637783835e-13,776.8870097553353,1.5e-13,1.5091230328254441,1,0,S3_peaking,-0.00027600000000038705,10000000.0,-6.373935400000001,6.931471,0.5575356,6.931195,-5.983421,0.0003458173,0.003746876,0.000675641,3.027276e-05,0.6899082,0.8377736,0.2180134,0.0004926083,0.5795254,1.417299,0.001773390023033913,0,0,0,S3_peaking,S3_peaking,S3_peaking
18,8.512489345628323e-05,6.888193491288267e-07,4.0,0.0005931000493044392,851.9570645803491,4.214047645099357e-12,416.7737949127703,1.5e-13,1.501665040577592,1,0,S3_f_peak,8.998084,549540900.0,6.558353,-5.043947,1.514406,3.954137,-3.228328,0.0003009103,0.004131192,0.0007003356,2.359635e-05,0.7191755,1.009923,0.1278127,0.0002965503,0.6664827,1.676406,0.0010675800887479906,0,0,0,S3_f_peak,S3_f_peak,S3_f_peak
19,7.845847321974052e-05,2.962508649032339e-07,7.0,0.0026610505664424453,443.91255297918053,6.177405841670321e-13,155.62008826085207,1.5e-13,1.1295612947165907,1,0,S3_f_peak,9.357225,3630781000.0,8.877922,-6.898299,1.979623,2.458926,-4.380359,0.0002461579,0.01339705,0.002489919,0.0002295793,0.6884544,1.323874,0.1473171,0.001330527,0.2690683,1.592942,0.004789891019596402,0,0,0,S3_f_peak,S3_f_peak,S3_f_peak
20,4.103867153045058e-05,4.444667492355676e-07,6.0,0.0008390058815733559,305.61363194229955,2.021845645765111e-12,127.36326478094551,1.5e-13,1.1090791816701069,1,1,,4.491784999999999,1819701000.0,4.416243999999999,-10.29394,-5.877696,-5.802155,-10.37955,0.0003870048,0.004297685,0.0008113637,3.494423e-05,0.6845059,1.483627,0.1548126,0.0004195035,0.2629431,1.74657,0.0015102105868320405,1,1,1,,,
21,4.269846180346341e-05,8.856324941829404e-07,7.0,0.0013389069493997124,311.98302715619724,4.246138976651251e-12,106.91308448353782,1.5e-13,1.3533846529045328,1,0,S3_f_peak,6.131310999999999,19952620000.0,4.641729999999999,-12.47055,-7.82882,-6.339239,-6.338053,0.0004143519,0.00381287,0.0007155677,2.602577e-05,0.6774716,1.365949,0.2750087,0.0006694535,0.3624779,1.728427,0.0024100325089194824,0,0,0,S3_f_peak,S3_f_peak,S3_f_peak
22,7.567284525104444e-05,7.692684850250463e-07,7.0,0.0010482894108882453,866.9023443604302,5.898882881543004e-12,138.0089203058466,1.5e-13,1.1290713487214774,1,0,S3_f_peak,11.199611999999998,19952620000.0,11.024391999999999,-14.33476,-3.310368,-3.135148,-3.134708,0.0003170791,0.005061714,0.0009947677,2.63068e-05,0.6536612,1.436921,0.1762756,0.0005241447,0.290741,1.727662,0.0018869209395988415,0,1,0,S3_f_peak,,S3_f_peak
23,3.732347416461283e-05,7.750672675351681e-07,7.0,0.0010141232103755356,70.35823815262863,5.063836757552822e-12,257.1477653153094,1.5e-13,1.334271390846216,1,0,S3_nyq_boost,0.6189119999999999,912010800.0,-0.18329800000000018,-2.536956,-2.720254,-1.918044,-7.702621,0.0003746077,0.003325397,0.0006160638,2.230698e-05,0.6869071,1.29285,0.2393407,0.0005070616,0.3767605,1.66961,0.001825421778675964,0,0,0,S3_nyq_boost,S3_nyq_boost,S3_nyq_boost
24,5.3630162689712505e-05,3.550258432776962e-07,6.0,0.004406200451156913,64.21414654881946,8.594572620475088e-13,98.7630071467773,1.5e-13,1.4053307945212095,1,0,S3_peaking,0.9178569999999999,4168694000.0,0.6814209999999998,-2.215537,-1.534116,-1.29768,-5.678875,0.0002242297,0.01147126,0.002048804,0.0002141548,0.708357,1.205431,0.2331764,0.0022031,0.3769845,1.582415,0.007931160812082444,0,0,0,S3_peaking,S3_peaking,S3_peaking
25,7.232997518585782e-05,7.519325282293383e-07,2.0,0.0005719498701989411,737.1878340079719,3.5762056642758665e-13,112.5045292528053,1.5e-13,1.1225819295827635,1,0,S3_f_peak,10.185921,19952620000.0,6.084504000000001,-16.04416,-9.959656,-5.858239,-5.856175,0.0005964564,0.003690564,0.0007174699,1.721694e-05,0.6474572,1.42877,0.1356875,0.0002859753,0.3390558,1.767826,0.001029509766358094,0,0,0,S3_f_peak,S3_f_peak,S3_f_peak
26,9.458680612495713e-05,7.41067469273259e-07,4.0,0.0013408024618497625,163.773700462193,6.537196554579015e-13,160.2372400970466,1.5e-13,1.2058206858929388,1,0,S3_peaking,1.6947160000000001,3981072000.0,1.533887,-3.88357,-2.349683,-2.188854,-2.765937,0.0003214808,0.006594952,0.001265422,3.660262e-05,0.6569855,1.329166,0.172102,0.0006704028,0.3634095,1.692576,0.0024134444313295726,0,0,0,S3_f_peak,S3_peaking,S3_peaking
27,2.6020188778714864e-05,3.586342153746912e-07,6.0,0.0012526839583834372,165.2433403890062,7.404449314327453e-13,480.9101259917099,1.5e-13,1.5812358523896728,1,0,S3_nyq_boost,0.038610000000000255,602559600.0,-1.6978939999999998,3.262625,1.564731,3.301235,-11.78449,0.0003177337,0.004449911,0.0007417607,7.265353e-05,0.7622491,0.9183014,0.2034817,0.0006263433,0.5804844,1.498786,0.002254831125090187,0,0,0,S3_nyq_boost,S3_nyq_boost,S3_nyq_boost
28,9.825643812644748e-05,3.728028756313171e-07,5.0,0.006503667338655535,136.43903804422888,1.7627748231735387e-12,70.93410966183563,1.5e-13,1.1482757345262589,1,0,S3_f_peak,6.7271019999999995,4365158000.0,6.2678062,-5.702056,0.5657502,1.025046,-2.231012,0.0001814176,0.0188613,0.003655822,0.000310498,0.6529156,1.367538,0.2085776,0.003251834,0.2017937,1.569332,0.011706601209579963,0,0,0,S3_f_peak,S3_f_peak,S3_f_peak
29,8.023149664144841e-05,2.722748427840665e-07,3.0,0.0008973052406628241,85.98911619554283,1.6893330589505072e-12,65.16958698220043,1.5e-13,1.1577730096200418,1,0,S3_f_peak,2.1149050000000003,4168694000.0,1.9443190000000001,-9.000588,-7.056269,-6.885683,-8.703442,0.000304382,0.007602144,0.001287653,0.0001313563,0.6990951,1.396184,0.08996,0.0004486608,0.3745761,1.77076,0.0016151494331930834,0,0,0,S3_f_peak,S3_f_peak,S3_f_peak
30,7.898597269683665e-05,3.793687212308229e-07,5.0,0.0020256392210309666,366.72645691536883,8.560978985613149e-13,54.085133839274135,1.5e-13,1.2236029564569517,1,0,S3_f_peak,9.127911,6309573000.0,8.336869,-15.30726,-6.970391,-6.179349,-7.038283,0.0003255519,0.01043343,0.001874632,0.0001285366,0.6883172,1.37978,0.149949,0.00101282,0.3654401,1.74522,0.00364615059785574,0,0,0,S3_f_peak,S3_f_peak,S3_f_peak
31,8.684428825996468e-05,1.553585038772228e-07,2.0,0.005154903312561028,813.7349624285704,4.105298101023108e-12,141.94123314391283,1.5e-13,1.187909749162619,1,0,S3_peaking,21.2718,2089296000.0,21.22213,-11.14917,10.07296,10.12263,1.384307,0.0001229345,0.02816863,0.003667143,0.0008779972,0.7484171,1.144639,0.09379031,0.002577452,0.2895132,1.434153,0.00927882596260985,0,0,0,S3_peaking,S3_peaking,S3_peaking
32,4.168234558666981e-05,9.971866139879962e-07,3.0,0.0009049360899937846,54.85874265095154,4.129251971966355e-12,591.4621682406713,1.5e-13,1.5545047012874007,1,0,S3_peaking,-2.799999999991698e-05,10000000.0,-3.7125792,3.951103,0.2385238,3.951075,-5.170841,0.0003477601,0.002956992,0.00052739,2.289158e-05,0.6979562,0.951285,0.2507523,0.0004524681,0.5810973,1.532382,0.0016288849619888123,0,0,0,S3_peaking,S3_peaking,S3_peaking
33,7.895269289710703e-05,3.5352983888977535e-07,4.0,0.0045856542892765625,784.2428956008014,2.509351584059459e-13,230.67303584717294,1.5e-13,1.385313971697041,1,0,S3_f_peak,8.492693,4365158000.0,7.4440226523,-7.444527,-0.0005043477,1.048166,-4.701254,0.0003191037,0.0146235,0.002560274,0.0003374856,0.7008207,0.8537138,0.1966973,0.002292827,0.4173928,1.271107,0.008254177720697814,0,0,0,S3_f_peak,S3_f_peak,S3_f_peak
34,4.212606324390985e-05,4.204089324148819e-07,2.0,0.0012821542022054722,134.44331969997086,4.506947290914273e-12,149.20285286774322,1.5e-13,1.5516923153205904,1,0,S3_peaking,2.768565,1318257000.0,2.512827,-4.774744,-2.261917,-2.006179,-9.060505,0.0002977727,0.005633263,0.0009230695,7.233777e-05,0.7292413,1.08181,0.1712186,0.0006410772,0.6225394,1.704349,0.00230787756396985,0,1,0,S3_peaking,,S3_peaking
35,3.6922000528220246e-05,2.397431698666497e-07,3.0,0.0014476064194592977,63.78135541727438,1.9766303949638082e-13,399.4123220292024,1.5e-13,1.3088356634830394,1,0,S3_peaking,-6.299999999992423e-05,10000000.0,-2.8176109999999994,6.934055,4.116444,6.933992,-9.305769,0.0002434443,0.007599524,0.001264276,0.0001935914,0.7292732,1.095802,0.1379141,0.0007238034,0.415102,1.510904,0.002605691555026736,0,0,0,S3_peaking,S3_peaking,S3_peaking
36,6.724078902131641e-05,1.945372034990245e-07,8.0,0.006911536500383472,57.35313425340465,7.113834236866355e-13,175.76592655581442,1.5e-13,1.5632291243801153,1,0,S3_nyq_boost,0.010137999999999536,1318257000.0,-0.03409100000000009,5.719236,5.685145,5.729374,-1.282371,0.0001524856,0.02107214,0.003132588,0.001091525,0.7798903,0.6684983,0.1829113,0.003455768,0.5240954,1.192594,0.01244076570069025,0,0,0,S3_peaking,S3_peaking,S3_nyq_boost
37,6.437032623364426e-05,1.643470251822824e-07,2.0,0.001346757492829479,197.15426937257408,1.3336761843358153e-12,112.94196011992638,1.5e-13,1.5954766587658291,1,0,S3_f_peak,5.43543691,3019952000.0,5.36972236,-5.344813,0.02490936,0.09062391,-6.464958,0.000213428,0.01073622,0.001215367,0.0003094681,0.7995227,1.004869,0.07390309,0.0006733788,0.7190786,1.723947,0.002424163487093062,0,0,0,S3_f_peak,S3_f_peak,S3_f_peak
38,4.7025010852707396e-05,2.9232280133762485e-07,3.0,0.0015554828375188181,72.64022877956211,1.4374621571865347e-13,498.70935750823486,1.5e-13,1.2755249033124945,1,0,S3_peaking,-0.00010400000000032605,10000000.0,-3.9797400000000005,8.931601,4.951861,8.931497,-9.086875,0.000237553,0.008010976,0.001380705,0.0001637871,0.7090433,1.015944,0.1434473,0.0007777414,0.3961893,1.412133,0.002799869107533873,0,0,0,S3_peaking,S3_peaking,S3_peaking
39,9.301573807631957e-05,3.8577075912933287e-07,7.0,0.004825166524025428,564.6063094571389,5.73760863361391e-12,236.46852848229415,1.5e-13,1.3275694665665057,1,0,S3_peaking,14.765526,1047129000.0,13.873238,-4.712726,9.160512,10.0528,-1.812603,0.0001561587,0.01582169,0.002852034,0.0003206211,0.6942317,0.8586407,0.2029445,0.002412585,0.3708593,1.2295,0.008685299743245771,0,0,0,S3_f_peak,S3_peaking,S3_peaking
40,8.50623416239004e-05,2.428473344463467e-07,4.0,0.0007641550091352164,68.14095558090442,9.008909872765077e-13,76.51147720731548,1.5e-13,1.4850602752922957,1,0,S3_peaking,0.7883120000000003,4365158000.0,0.5896400000000002,-7.566944,-6.977304,-6.778632,-8.986492,0.0003121291,0.007079138,0.001040694,0.0001601591,0.7585763,1.107388,0.0814043,0.0003820775,0.6633785,1.770767,0.0013754790164433896,0,0,0,S3_peaking,S3_peaking,S3_peaking
41,8.702491580749555e-05,8.443994262943679e-07,2.0,0.0008612075423734799,778.8990257087173,3.828906573377501e-12,374.45641809951604,1.5e-13,1.3793754367704913,1,0,S3_f_peak,9.223134,660693400.0,7.454059,-5.123138,2.330921,4.099996,-1.370317,0.0002837505,0.004737355,0.0008618276,2.550345e-05,0.6811346,1.105472,0.1602287,0.0004306039,0.5332854,1.638758,0.0015501735762722638,0,0,0,S3_f_peak,S3_f_peak,S3_f_peak
42,7.737768076295359e-05,1.8216901013238416e-07,5.0,0.004092827696677954,706.6981974217857,9.445325037967354e-12,60.012141864033076,1.5e-13,1.4255265764535858,1,0,S3_peaking,19.453400000000002,1905461000.0,19.433845,-17.66026,1.773585,1.79314,-2.092755,0.0001465018,0.02160488,0.002940271,0.0005787484,0.766894,1.175446,0.1192611,0.002046414,0.5017441,1.67719,0.007367089854020318,0,0,0,S3_peaking,S3_peaking,S3_peaking
43,2.1300778013044285e-05,6.323309691665139e-07,3.0,0.0015539293399535583,75.50743911159235,1.2571051020685437e-12,89.17150603930435,1.5e-13,1.2551727659664536,1,0,S3_peaking,0.5915500000000016,3311311000.0,0.5551000000000013,-12.00073,-11.44563,-11.40918,-13.18194,0.0005283251,0.00324053,0.0006382674,3.174077e-05,0.652416,1.545279,0.3192007,0.0007769647,0.1854371,1.730717,0.002797072811916405,0,0,0,S3_peaking,S3_peaking,S3_peaking
44,4.467034672546979e-05,1.724972118010734e-07,5.0,0.0005945054146059655,155.74351524003924,9.894649900915358e-13,69.86889187360066,1.5e-13,1.4267476139302935,1,0,S3_f_peak,2.411299999999999,3801894000.0,2.2600800000000003,-12.53952,-10.27944,-10.12822,-13.23533,0.00041401,0.00490557,0.0006177376,0.0001477813,0.7976385,1.180344,0.07545638,0.000297257,0.5988876,1.779231,0.0010701097462907378,0,0,0,S3_peaking,S3_f_peak,S3_f_peak
45,9.472328290402975e-05,5.281432308570192e-07,7.0,0.001012278081608839,55.03949632460208,1.8287683330129947e-12,384.88207720656317,1.5e-13,1.1248981125399184,1,0,S3_peaking,-3.6999999999842714e-05,10000000.0,-2.2955319999999997,6.233095,3.937563,6.233058,-3.989799,0.000250037,0.006568896,0.001226929,4.611429e-05,0.6724193,1.278811,0.1293709,0.00050614,0.326384,1.605195,0.0018221005468959102,0,0,0,S3_peaking,S3_peaking,S3_peaking
46,2.3349004984418497e-05,1.8347136730377555e-07,7.0,0.0008295653617524421,245.85352193242474,2.871034784777607e-13,76.72158767297474,1.5e-13,1.165245594794376,1,0,S3_f_peak,2.5780600000000007,5754399000.0,1.636940000000001,-13.50167,-11.86473,-10.92361,-14.12552,0.0005052663,0.004677183,0.0007780378,0.0001381132,0.7732644,1.469563,0.1101308,0.0004147827,0.2986121,1.768175,0.0014932176511543958,0,0,0,S3_f_peak,S3_f_peak,S3_f_peak
47,4.097759102775472e-05,3.607485953948735e-07,8.0,0.0036032456629188406,585.2376178208785,6.256088949484159e-13,498.32341729694804,1.5e-13,1.1321059695974935,1,1,,6.2910729,1737801000.0,5.7976569,0.1883961,5.986053,6.479469,-7.010037,0.0002492788,0.008671758,0.001759234,0.0002229303,0.6651641,0.7881009,0.2520139,0.001801623,0.1141082,0.9022092,0.006485842193253913,1,1,1,,,
48,8.292901465871117e-05,6.426266024602329e-07,2.0,0.0006154164531765462,204.0211879086124,1.8153742636413766e-13,510.340869874209,1.5e-13,1.4538832634939292,1,0,S3_peaking,-0.00012699999999998823,10000000.0,-4.0258338,3.1997,-0.8261338,3.199573,-6.474702,0.000370534,0.004349005,0.0007446944,2.60343e-05,0.7086158,1.015465,0.1250374,0.0003077115,0.6274986,1.642964,0.0011077496157177833,0,0,0,S3_peaking,S3_peaking,S3_peaking
49,3.5009496129924446e-05,8.184896954321037e-07,2.0,0.007552264333100001,60.747317321476245,1.526515092941047e-13,136.1323045657086,1.5e-13,1.223287248900709,1,0,S3_peaking,-5.999999999950489e-06,10000000.0,-0.38386999999999993,-3.362761,-3.746631,-3.362767,-8.576527,0.0003531457,0.00631754,0.001778178,0.0001244233,0.5063109,1.525377,0.5547319,0.003776132,-0.239431,1.285946,0.013594075799580002,0,0,0,S3_peaking,S3_peaking,S3_peaking
50,5.044031686818489e-05,2.898370149726499e-07,6.0,0.0020620119008268566,151.66168669293197,4.542762399114878e-12,376.108181588581,1.5e-13,1.4190131359789104,1,0,S3_f_peak,3.917136,912010800.0,2.1518549999999994,5.249215,7.40107,9.166351,-6.283306,0.0002018588,0.009250986,0.001572439,0.0001781572,0.7465464,0.9276775,0.1630047,0.001031007,0.4845528,1.41223,0.003711621421488342,0,0,0,S3_f_peak,S3_f_peak,S3_f_peak
51,7.084142420594376e-05,1.9109689120398862e-07,6.0,0.0026875825027068236,555.5009023442603,9.54242804290765e-13,481.907381814919,1.5e-13,1.1117420807538883,1,1,,9.134749,1819701000.0,8.801389,1.372861,10.17425,10.50761,-2.929051,0.0001788193,0.01587715,0.002633119,0.0005153656,0.7216974,0.9025755,0.1169904,0.001343792,0.2498416,1.152417,0.004837648504872283,1,1,1,,,
52,6.462071705362312e-05,3.009568755746078e-07,2.0,0.0068881152578049104,206.00651531008518,1.5921095427236081e-12,93.30632667697674,1.5e-13,1.4896400236180718,1,0,S3_f_peak,7.751917000000001,3630781000.0,7.549368,-6.235521,1.313847,1.516396,-3.593,0.000193206,0.01536769,0.002615491,0.0004448437,0.7068878,1.045073,0.2110736,0.003444058,0.4335749,1.478648,0.012398607464048838,0,0,0,S3_f_peak,S3_f_peak,S3_f_peak
53,2.877698782845288e-05,2.137098621953836e-07,5.0,0.006650087140176138,56.62395845629149,1.1223583160675723e-12,118.48380316742383,1.5e-13,1.422648770436144,1,0,S3_peaking,0.8307179,3467369000.0,0.7178827999999999,-0.9752889,-0.2574061,-0.144571,-6.170062,0.000218486,0.01084393,0.002000586,0.0005031028,0.720389,1.160445,0.2565353,0.003325044,0.245591,1.406036,0.011970156852317048,0,0,0,S3_peaking,S3_peaking,S3_peaking
54,7.397058824047716e-05,2.4321496354556293e-07,4.0,0.006904311668475228,125.87900152890747,4.057198876798945e-12,150.26633013550602,1.5e-13,1.5310732492313601,1,1,,6.346807,2089296000.0,6.297153000000001,1.066641,7.363794,7.413448,-1.249009,0.0001409047,0.01957784,0.003087435,0.0008226451,0.7401239,0.7742597,0.1828041,0.003452156,0.5069976,1.281257,0.01242776100325541,1,1,1,,,
55,3.414748963188572e-05,7.445751696963673e-07,6.0,0.0006355368164439938,149.47177506508507,8.968690493209007e-13,284.38233767907354,1.5e-13,1.5407270304288176,1,0,S3_nyq_boost,0.23987200000000009,1148154000.0,-0.3063609999999999,-4.373789,-4.68015,-4.133917,-9.277011,0.0004576242,0.002626378,0.0004462019,1.718399e-05,0.7312825,1.110158,0.2032249,0.0003177684,0.5994747,1.709632,0.0011439662695991888,0,0,0,S3_nyq_boost,S3_nyq_boost,S3_nyq_boost
56,6.17184999363184e-05,3.013325294812008e-07,4.0,0.003000150847498695,386.3384785713025,1.1253771780159924e-12,447.2812456145108,1.5e-13,1.442649903783812,1,1,,6.512471,1584893000.0,5.832768,2.629063,8.461831,9.141534,-4.746646,0.0001972113,0.01169577,0.001947177,0.0003586152,0.7289036,0.6360592,0.1714933,0.001500075,0.4929852,1.129044,0.005400271525497651,1,1,1,,,
57,5.6481081086548246e-05,8.012388078678853e-07,3.0,0.0006204498294031326,560.4453075205022,6.886592883433443e-12,383.22382285340296,1.5e-13,1.577176860252301,1,0,S3_f_peak,6.016116,457088200.0,3.9827875000000006,-4.382323,-0.3995355,1.633793,-4.81096,0.0003422682,0.003300365,0.0005606045,2.001641e-05,0.7200257,0.9899935,0.166451,0.0003102254,0.6911209,1.681114,0.0011168096929256386,0,0,0,S3_f_peak,S3_f_peak,S3_f_peak
58,4.551276290249784e-05,5.582349220246253e-07,8.0,0.0010689738800691675,59.53100028615247,7.667572421395983e-12,54.12668912062946,1.5e-13,1.125323379219378,1,0,S3_f_peak,3.1367200000000004,19952620000.0,1.2921399999999998,-13.51656,-12.22442,-10.37984,-10.37666,0.0004469584,0.004532405,0.0008636986,2.791969e-05,0.6749535,1.525042,0.1867656,0.0005344869,0.2460271,1.771069,0.0019241529841245014,0,0,0,S3_f_peak,S3_f_peak,S3_f_peak
59,3.0160141409890778e-05,8.558647877142568e-07,8.0,0.004467219348474604,66.13376221832301,3.686901627457541e-12,267.42664081425954,1.5e-13,1.1072121104514472,1,0,S3_nyq_boost,0.7349152999999999,1096478000.0,-0.038921399999999995,0.7200917,0.6811703,1.455007,-7.307341,0.0003377785,0.005025902,0.001369785,8.53253e-05,0.5465582,1.405371,0.5019528,0.00223361,-0.202697,1.202673,0.008040994827254287,0,0,0,S3_nyq_boost,S3_peaking,S3_nyq_boost
60,9.843226260594583e-05,7.020713514076613e-07,3.0,0.0005003208692128253,73.5482389435874,1.8471546482776283e-12,710.085411748818,1.5e-13,1.1428160695471739,1,0,S3_peaking,-0.00021300000000046282,10000000.0,-5.2386740000000005,7.366513,2.127839,7.3663,-2.500569,0.0002973313,0.00389609,0.0007398272,1.904078e-05,0.6599796,1.239249,0.1114418,0.0002501614,0.3831144,1.622364,0.0009005775645830855,0,0,0,S3_peaking,S3_peaking,S3_peaking
61,4.082074435318032e-05,9.637689106094051e-07,7.0,0.0061575233952940595,74.82212848046619,1.8087858260289173e-13,342.669317477716,1.5e-13,1.4238030213069366,1,0,S3_peaking,-4.500000000007276e-05,10000000.0,-2.1103059,3.033777,0.9234711,3.033732,-6.851308,0.0003157175,0.006029472,0.001498479,0.0004614593,0.589193,0.7483029,0.5768661,0.003078762,-0.0033001,0.7450028,0.011083542111529307,0,0,0,S3_peaking,S3_peaking,S3_peaking
62,5.510495652797374e-05,2.718247105465122e-07,6.0,0.0005465541738978054,341.31314680897833,2.9026757250822954e-12,554.2175022621408,1.5e-13,1.299673073606005,1,0,S3_f_peak,4.276105,660693400.0,0.6668609999999999,2.218376,2.885237,6.494481,-10.35308,0.0002887135,0.004586734,0.0007816804,7.305425e-05,0.745867,1.163189,0.09385272,0.0002732771,0.4853561,1.648545,0.0009837975130160498,0,0,0,S3_nyq_boost,S3_f_peak,S3_f_peak
63,3.8927521906295404e-05,7.937273383492994e-07,4.0,0.00261947688831904,109.0629910793981,3.3029004159158595e-12,84.40925438585542,1.5e-13,1.4429378511518198,1,0,S3_f_peak,2.4657280000000004,19952620000.0,2.1964170000000003,-10.00754,-7.811123,-7.541812,-7.541504,0.0003742441,0.004981191,0.0009587184,4.928941e-05,0.6624096,1.364508,0.3536295,0.001309738,0.3249382,1.689446,0.004715058398974272,0,0,0,S3_f_peak,S3_f_peak,S3_f_peak
64,7.200161359249492e-05,9.482647208810313e-07,4.0,0.0010062361575528054,119.2843413541328,2.3743680593565063e-12,160.0065825266172,1.5e-13,1.1061036598716638,1,0,S3_f_peak,3.41729,19952620000.0,2.067457,-5.513503,-3.446046,-2.096213,-2.095275,0.0003418343,0.004367095,0.0008904868,2.129208e-05,0.6302815,1.456169,0.1949107,0.0005031184,0.263327,1.719496,0.0018112250835950498,0,0,0,S3_f_peak,S3_f_peak,S3_f_peak
65,4.0566310016982115e-05,7.816270841577726e-07,7.0,0.0032970807961582057,180.41950324091945,4.85574998318144e-13,228.11491973145573,1.5e-13,1.1187268435570612,1,0,S3_peaking,0.6745939999999999,2187762000.0,0.650414,-2.063323,-1.412909,-1.388729,-6.87505,0.0003416835,0.005684232,0.00126244,5.551401e-05,0.6015052,1.418869,0.3763499,0.00164854,0.005074282,1.423943,0.00593474543308477,0,0,0,S3_peaking,S3_peaking,S3_peaking
66,2.5577126056318378e-05,8.770768299294464e-07,3.0,0.0018834441340145381,445.90604797187007,8.228266750472266e-13,61.190495542043564,1.5e-13,1.262321820643944,1,0,S3_f_peak,7.958700000000002,19952620000.0,4.894000000000002,-19.54229,-14.64829,-11.58359,-11.57957,0.0006533584,0.003246466,0.0006853581,2.776765e-05,0.6198094,1.607508,0.3877892,0.0009417221,0.1348672,1.742375,0.003390199441226169,0,0,0,S3_f_peak,S3_f_peak,S3_f_peak
67,5.418053057861213e-05,5.635679375990593e-07,8.0,0.0026800135923321093,819.2190583746543,1.50274445796784e-13,50.36578528506271,1.5e-13,1.3876052510044947,1,0,S3_f_peak,11.10779,19952620000.0,5.39967,-21.80977,-16.4101,-10.70198,-10.69905,0.0007567737,0.007526718,0.001350119,7.170919e-05,0.6991734,1.354645,0.2561667,0.001340007,0.3778647,1.732509,0.004824024466197797,0,0,0,S3_f_peak,S3_f_peak,S3_f_peak
68,2.9391399217852586e-05,3.580049461145472e-07,3.0,0.0019735044979488393,98.65684611479217,5.648010834951538e-12,508.3450110712269,1.5e-13,1.514553337019799,1,0,S3_nyq_boost,1.4362190000000004,630957300.0,-1.5622739999999995,6.281369,4.719095,7.717588,-9.771125,0.0002530598,0.005708503,0.0009732635,0.0001406445,0.7296107,0.8031032,0.2193529,0.0009867522,0.4952862,1.298389,0.003552308096307911,0,0,0,S3_nyq_boost,S3_nyq_boost,S3_nyq_boost
69,9.793658926843971e-05,5.596259161128248e-07,1.0,0.0007756600310060685,117.83473245493731,6.894950392980264e-13,52.594867436767025,1.5e-13,1.5725107409026229,1,0,S3_f_peak,6.908981999999999,19952620000.0,1.31949,-13.33959,-12.0201,-6.430608,-6.424687,0.0004352974,0.005711592,0.000928273,3.710123e-05,0.7287311,1.048125,0.1188971,0.0003878301,0.7314768,1.779602,0.0013961880558109234,0,0,0,S3_f_peak,S3_f_peak,S3_f_peak
70,4.3333465405918035e-05,8.911779058971259e-07,2.0,0.001020410922030286,61.51976127181741,9.69260522119608e-12,428.8800507841945,1.5e-13,1.1673197920640788,1,0,S3_nyq_boost,0.5443069999999999,501187200.0,-1.9138036,2.181867,0.2680634,2.726174,-5.564549,0.0003364578,0.003405171,0.0006942351,2.154222e-05,0.6299896,1.317649,0.2347924,0.0005102055,0.2635335,1.581182,0.0018367396596545146,0,0,0,S3_nyq_boost,S3_nyq_boost,S3_nyq_boost
71,7.583880248689547e-05,8.403288874633032e-07,2.0,0.0016640925032673495,231.71025896510523,3.4871070029464763e-12,479.01339696953096,1.5e-13,1.381523501000885,1,0,S3_f_peak,3.6853079999999996,724436000.0,0.9714360000000002,3.740618,4.712054,7.425926,-1.890508,0.0002530247,0.005923839,0.001114422,4.920828e-05,0.6674551,0.9433698,0.2226757,0.0008320463,0.4580689,1.401439,0.002995366505881229,0,0,0,S3_f_peak,S3_f_peak,S3_f_peak
72,9.595630979321264e-05,2.40590516126408e-07,8.0,0.002519605391409839,250.24143857626996,2.6562142784368733e-12,379.97242724397995,1.5e-13,1.147523446468931,1,1,,7.423544,1318257000.0,6.318564,4.663506,10.98207,12.08705,-2.570709,0.000160084,0.01596608,0.002821683,0.0003872199,0.7104505,1.016789,0.1204858,0.001259803,0.3045203,1.32131,0.00453528970453771,0,1,1,S3_f_peak,,
73,4.3924020283456306e-05,6.347763049509378e-07,7.0,0.000519823709414436,994.7037071222389,9.741703125710336e-13,441.8135745188399,1.5e-13,1.288560381658081,1,0,S3_f_peak,6.7844692,912010800.0,4.8396550000000005,-6.54265,-1.702995,0.2418192,-8.662078,0.000417594,0.002888824,0.0005198045,1.651586e-05,0.706278,1.24872,0.1531334,0.0002599119,0.4364469,1.685167,0.0009356826769459849,0,0,0,S3_f_peak,S3_f_peak,S3_f_peak
74,2.6190813234647028e-05,3.1312168373803384e-07,7.0,0.0005600565185316042,168.5797859379823,2.8935655960335024e-13,158.27652826337408,1.5e-13,1.2109483626727666,1,0,S3_peaking,0.05818099999999937,1737801000.0,0.022739999999998872,-8.299135,-8.276395,-8.240954,-14.65078,0.0005003144,0.003239904,0.0006049058,3.770582e-05,0.7256575,1.406185,0.1377362,0.0002800283,0.3494927,1.755678,0.0010081017333568875,0,0,0,S3_nyq_boost,S3_peaking,S3_peaking
75,3.118362749287678e-05,2.1689462937528987e-07,8.0,0.003723393091749679,52.81164333422359,4.263929558731944e-12,115.14545290243419,1.5e-13,1.2065583978065486,1,0,S3_peaking,1.7787873,2187762000.0,1.763541,-1.43697,0.326571,0.3418173,-6.689225,0.0002166513,0.009994298,0.001933188,0.0003028077,0.7138282,1.393105,0.2069801,0.001861697,0.1925283,1.585633,0.006702107565149422,0,0,0,S3_peaking,S3_peaking,S3_peaking
76,5.4430439089103434e-05,3.7426671540132725e-07,5.0,0.0006916947550021044,218.69090719500113,2.466242399487117e-12,230.96002031389986,1.5e-13,1.3731102314321904,1,0,S3_f_peak,3.3058747,1202264000.0,2.6521483999999997,-3.347526,-0.6953776,-0.0416513,-9.162145,0.0003136687,0.004813436,0.0008152033,5.575482e-05,0.7300483,1.183964,0.1176959,0.0003458474,0.5361588,1.720123,0.001245050559003788,0,1,0,S3_peaking,,S3_f_peak
77,8.901250528166709e-05,8.784372696505208e-07,4.0,0.0042896288541073805,553.8374775191922,4.4139012902655404e-13,483.1884835756712,1.5e-13,1.3519394824705377,1,0,S3_peaking,2.6070710999999998,1659587000.0,2.2623821,-0.1281621,2.13422,2.478909,-2.128952,0.000323155,0.008729679,0.001772042,0.000490273,0.6370197,0.4686886,0.3255125,0.002144814,0.2949618,0.7636504,0.007721331937393285,0,1,0,S3_peaking,,S3_peaking
78,2.2661293123366964e-05,4.6695547243126654e-07,4.0,0.0053779313582405,991.8029974902759,3.0198417991944806e-13,444.79280623398046,1.5e-13,1.3993932743941746,1,1,,5.718852699999999,2187762000.0,5.6600538,-6.427896,-0.7678422,-0.7090433,-10.97893,0.0004044247,0.005335083,0.00118034,0.0007896942,0.6303786,0.595547,0.4449812,0.002688966,0.008420389,0.6039674,0.0096802764448329,1,1,1,,,
79,4.918237857266672e-05,9.096905686937828e-07,7.0,0.0023430462284628095,78.74800442466228,7.269112237128051e-12,158.716422340419,1.5e-13,1.1326294779023862,1,0,S3_peaking,1.6234220000000001,1318257000.0,1.4727540000000001,-3.652247,-2.179493,-2.028825,-4.253302,0.0003052768,0.005195243,0.001102411,3.832238e-05,0.6187549,1.504553,0.3308215,0.001171523,0.1095067,1.614059,0.004217483211233057,0,0,0,S3_peaking,S3_peaking,S3_peaking
80,5.3130710671607664e-05,3.3980064643984205e-07,3.0,0.0009459213037479275,623.1367761960527,1.182468948086971e-13,77.92824311796839,1.5e-13,1.4045089080848696,1,0,S3_f_peak,5.499880000000001,9549926000.0,2.5973200000000016,-16.66945,-14.07213,-11.16957,-11.88644,0.000653357,0.006144652,0.001011335,8.665572e-05,0.7262479,1.21224,0.1237292,0.0004729609,0.550903,1.763143,0.0017026583467462694,0,0,0,S3_f_peak,S3_f_peak,S3_f_peak
81,8.978699195838862e-05,2.4835252580986067e-07,7.0,0.0006821339150097016,84.33923713446481,1.3267980183567776e-12,70.493721020879,1.5e-13,1.2260384410847673,1,0,S3_peaking,1.5592949999999997,4365158000.0,1.3619120000000002,-9.400908,-8.038996,-7.841613,-9.277447,0.0003389126,0.006387841,0.001069958,0.0001295027,0.7292987,1.331511,0.08007203,0.000341067,0.4444451,1.775957,0.001227841047017463,0,0,0,S3_f_peak,S3_peaking,S3_peaking
82,8.2359112362874e-05,4.0495203561786687e-07,2.0,0.001827699302627933,75.1959273158115,1.371472253834124e-13,110.04956173552858,1.5e-13,1.3697918068515986,1,0,S3_peaking,-5.000000000254801e-06,10000000.0,-0.3116990000000004,-2.478013,-2.789712,-2.478018,-7.448852,0.0002586666,0.009910869,0.001684923,0.0001001826,0.7037453,1.199302,0.1452332,0.0009138498,0.5001289,1.699431,0.0032898587447302797,0,0,0,S3_peaking,S3_peaking,S3_peaking
83,9.63706023974555e-05,1.5085401724616807e-07,7.0,0.0016034151810827297,280.0473150282709,1.0225605262090615e-13,243.25617690085747,1.5e-13,1.4455514967116567,1,0,S3_peaking,-2.3099999999998122e-05,10000000.0,-1.1256217000000002,-0.1301453,-1.255767,-0.1301684,-8.153561,0.0002704487,0.01332812,0.001343045,0.000617768,0.7996579,0.9744096,0.06653958,0.00080171,0.63057,1.60498,0.0028861473259489136,0,0,0,S3_peaking,S3_peaking,S3_peaking
84,2.869841971280424e-05,3.648808841445e-07,2.0,0.002337643675116773,84.95032128702192,1.927045758962172e-12,648.8637534756126,1.5e-13,1.5472387784644017,1,0,S3_peaking,-4.999999999810711e-06,10000000.0,-3.276943,7.905698,4.628755,7.905693,-9.966571,0.0002586052,0.005593636,0.0009596572,0.000263769,0.7192045,0.5529823,0.2355152,0.001168822,0.4886116,1.041594,0.004207758615210192,0,0,0,S3_peaking,S3_nyq_boost,S3_peaking
85,4.183362244989859e-05,4.6511819290837807e-07,5.0,0.005083769508679936,52.25726711598416,1.27361456625675e-12,313.2581135698342,1.5e-13,1.3043011901647792,1,0,S3_peaking,-1.8000000000739647e-05,10000000.0,-1.205858,5.946704,4.740846,5.946686,-6.375047,0.0002242298,0.008612132,0.00169402,0.0002685709,0.6557763,0.8422189,0.3240081,0.002541885,0.1615151,1.003734,0.009150785115623885,0,0,0,S3_peaking,S3_peaking,S3_peaking
86,8.955705412984149e-05,3.008580217490086e-07,7.0,0.0014165407117607853,981.0824560069635,5.713847741152016e-13,147.1677126895248,1.5e-13,1.4532571332576778,1,0,S3_f_peak,13.4718821,3311311000.0,13.25879327,-13.2872,-0.02840673,0.1846821,-5.975755,0.0003137831,0.01005855,0.001617006,0.0001680913,0.7477396,1.097524,0.1135444,0.0007082757,0.5982413,1.695765,0.0025497732811694137,0,0,0,S3_f_peak,S3_f_peak,S3_f_peak
87,6.970451283551334e-05,4.6746294065873133e-07,2.0,0.0040146426405762575,62.69318489838133,1.1224592890304777e-13,90.48772846579978,1.5e-13,1.2229448397847194,1,0,S3_peaking,-2.9999999999752447e-06,10000000.0,-0.20289199999999985,-3.083912,-3.286804,-3.083915,-7.351926,0.0002463212,0.01109326,0.002142141,0.0001375125,0.6518461,1.357966,0.2259882,0.002007321,0.2603944,1.618361,0.007226356753037263,0,0,0,S3_peaking,S3_peaking,S3_peaking
88,5.623492836101701e-05,8.492426507149586e-07,3.0,0.0012117276308220909,854.2746245241074,1.2472643191068395e-12,101.44094794706736,1.5e-13,1.30515900785743,1,0,S3_f_peak,12.100821,19952620000.0,9.697627999999998,-17.26645,-7.568822,-5.165629,-5.163852,0.0004356878,0.004379297,0.0008387812,2.6708e-05,0.6610099,1.3456,0.2223575,0.0006058638,0.3929404,1.73854,0.0021811097354797635,0,0,0,S3_f_peak,S3_f_peak,S3_f_peak
89,3.1613246507840735e-05,3.1199780020839287e-07,4.0,0.00557317071072653,799.3916640478974,2.943191094220268e-13,270.0945823491029,1.5e-13,1.5108331262265744,1,0,S3_f_peak,7.9401247,3311311000.0,7.6264794,-7.228667,0.3978124,0.7114577,-7.759618,0.0003271188,0.008771672,0.001598482,0.0004486783,0.7102591,0.7370241,0.2933083,0.002786585,0.3103343,1.047358,0.010031707279307755,0,0,0,S3_f_peak,S3_f_peak,S3_f_peak
90,3.459719387887588e-05,8.210691493835174e-07,2.0,0.006469720384604114,263.55943903286374,2.2313152641444285e-12,314.7135982369202,1.5e-13,1.474245739212018,1,0,S3_f_peak,4.087251,1148154000.0,3.220266,-1.625882,1.594384,2.461369,-6.549317,0.000322126,0.00559655,0.001372179,0.0004603711,0.5745205,0.7788826,0.5459379,0.00323486,0.003062925,0.7819455,0.011645496692287406,0,0,0,S3_f_peak,S3_f_peak,S3_f_peak
91,5.147062455781143e-05,6.223993106169604e-07,4.0,0.0037494275491191673,214.18458509383882,1.0767857900658263e-12,262.021361689026,1.5e-13,1.1891102322516411,1,1,,3.2602960999999997,1905461000.0,3.0773691,-0.1149891,2.96238,3.145307,-5.491712,0.0002615767,0.007615891,0.001581056,0.0001007753,0.62594,1.168549,0.3073045,0.001874714,0.1402356,1.308785,0.006748969588414502,0,1,1,S3_peaking,,
92,9.429299910567402e-05,4.156582935219701e-07,3.0,0.0017528212287369557,242.37620912620307,3.2410402755447303e-13,267.0111884322123,1.5e-13,1.4700614543666346,1,0,S3_peaking,0.5739454,2187762000.0,0.5574663999999999,0.7782786,1.335745,1.352224,-5.33844,0.0002735425,0.0101418,0.001670212,0.0001143984,0.7216897,0.970251,0.1402641,0.0008764107,0.5957375,1.565989,0.0031550782117265204,0,0,0,S3_peaking,S3_peaking,S3_peaking
93,9.034910653503227e-05,6.633150967836039e-07,4.0,0.006585435610143979,653.7890505296482,7.02133506995002e-13,63.85976173256838,1.5e-13,1.5803390620955957,1,0,S3_f_peak,13.947068999999999,19952620000.0,12.283209,-17.37061,-5.087401,-3.423541,-3.423044,0.0003401492,0.01265598,0.002336612,0.0001794185,0.6815059,1.128713,0.3194923,0.003292718,0.4610148,1.589728,0.011853784098259164,0,0,0,S3_f_peak,S3_f_peak,S3_f_peak
94,6.230615166075627e-05,7.625955138995586e-07,6.0,0.004516981851537138,424.20596709061005,2.7811154720541387e-13,72.89666704649292,1.5e-13,1.3269956630174433,1,0,S3_f_peak,7.902395,19952620000.0,4.318817000000001,-14.28213,-9.963313,-6.379735,-6.378213,0.0004654108,0.008362108,0.001689318,8.409651e-05,0.6396327,1.415218,0.3522758,0.002258491,0.2201451,1.635363,0.008130567332766849,0,0,0,S3_f_peak,S3_f_peak,S3_f_peak
95,5.869778146185921e-05,5.180290153836171e-07,4.0,0.003137206385859343,993.5030221980976,9.963312302965527e-13,87.47271569359842,1.5e-13,1.5278366198391797,1,0,S3_f_peak,14.454956000000001,3467369000.0,14.342835000000001,-18.15098,-3.808145,-3.696024,-6.301577,0.0003331878,0.008604029,0.001497089,0.0001119957,0.7070428,1.154526,0.2439907,0.001568604,0.5082644,1.66279,0.005646971494546818,0,0,0,S3_f_peak,S3_f_peak,S3_f_peak
96,5.899712328181457e-05,1.771773390889348e-07,7.0,0.0023920581399418483,905.2190190897091,2.4231364236516363e-13,69.54053686265979,1.5e-13,1.241356012231184,1,0,S3_f_peak,14.376270000000002,8709636000.0,9.941765,-18.80459,-8.862825,-4.42832,-6.509211,0.0004755012,0.01379537,0.002063674,0.0003474236,0.762046,1.355819,0.1135606,0.001196034,0.3610079,1.716827,0.004305704651895327,0,0,0,S3_f_peak,S3_f_peak,S3_f_peak
97,2.326680102515463e-05,3.5439487638637645e-07,2.0,0.0011370191735154123,92.12676240484107,1.383288379026002e-12,185.6526273148584,1.5e-13,1.5019533732069152,1,0,S3_peaking,0.595161,1737801000.0,0.4523449999999998,-4.144634,-3.692289,-3.549473,-12.61989,0.0003627373,0.004140828,0.0006931404,6.984313e-05,0.7308929,1.157474,0.1889732,0.0005685101,0.5369806,1.694455,0.002046634512327742,0,0,0,S3_peaking,S3_peaking,S3_peaking
98,5.424471143126212e-05,6.090781766727189e-07,5.0,0.0029337424653733263,93.95640516221304,3.427573828547668e-13,424.73053646903895,1.5e-13,1.468139735902083,1,0,S3_peaking,-7.800000000024454e-05,10000000.0,-3.080747,6.399199,3.318452,6.399121,-6.461967,0.000260563,0.007201472,0.001306408,0.0001365858,0.6911388,0.7517729,0.2775295,0.001466873,0.4252021,1.176975,0.0052807364376719875,0,0,0,S3_peaking,S3_peaking,S3_peaking
99,5.2693274227193394e-05,2.2168073847490055e-07,4.0,0.00758251583613969,660.4941336407002,1.9310137950052784e-13,89.45765447888702,1.5e-13,1.1907503460505662,1,0,S3_f_peak,11.325144,9549926000.0,6.224817,-14.33488,-8.110063,-3.009736,-4.90656,0.0004195403,0.0171876,0.003183237,0.0006694938,0.6795673,1.291248,0.1990825,0.003791258,0.1695941,1.460842,0.013648528505051443,0,0,0,S3_f_peak,S3_f_peak,S3_f_peak
100,8.01132562071283e-05,9.313263735986463e-07,7.0,0.001135097475472561,253.81511626177135,3.9890993697660325e-12,123.70937361580663,1.5e-13,1.441989132336417,1,0,S3_f_peak,7.650679,19952620000.0,4.960065,-9.149018,-4.188953,-1.498339,-1.496729,0.0003246356,0.004911872,0.0008827773,2.73165e-05,0.6958955,1.190747,0.200982,0.0005675507,0.5390421,1.729789,0.00204317545585061,0,0,0,S3_f_peak,S3_f_peak,S3_f_peak
101,3.47321048732462e-05,4.609396329981514e-07,1.0,0.003163557657846994,162.13487979767606,2.5232430085518413e-12,491.0898040043576,1.5e-13,1.2271253351403366,1,0,S3_nyq_boost,2.1742050000000006,912010800.0,-0.07265199999999972,5.070803,4.998151,7.245008,-8.429108,0.0002562946,0.006196991,0.001255265,0.0001631296,0.6352119,0.8472298,0.2689406,0.001581779,0.1759747,1.023205,0.005694403784124589,0,0,0,S3_nyq_boost,S3_f_peak,S3_f_peak
102,4.566789579065334e-05,6.906117314372561e-07,1.0,0.0008233512986803439,61.085479387753026,1.843621529004969e-13,100.99829721418719,1.5e-13,1.4424605349551247,1,0,S3_peaking,0.2627109999999995,12589250000.0,0.04719099999999976,-9.653774,-9.606583,-9.391063,-9.415421,0.0004597206,0.003702997,0.000659554,2.44741e-05,0.6907558,1.20948,0.1830158,0.0004116757,0.548941,1.758421,0.001482032337624619,0,0,0,S3_f_peak,S3_peaking,S3_peaking
103,7.559740502675106e-05,3.943988582969308e-07,2.0,0.0007475723149923183,70.84888843980968,1.6843949028394671e-12,268.11274965787106,1.5e-13,1.2681472891798835,1,0,S3_nyq_boost,0.15526700000000004,1047129000.0,-0.57717,1.854786,1.277616,2.010053,-6.984277,0.000276564,0.005804976,0.0009974305,5.31909e-05,0.6990652,1.232549,0.1062667,0.0003737903,0.4672336,1.699782,0.001345630166986173,0,0,0,S3_nyq_boost,S3_nyq_boost,S3_nyq_boost
104,6.007986801437998e-05,7.920936159713554e-07,2.0,0.002816186913019791,138.83230109062444,1.5626600187660637e-12,58.439762194790546,1.5e-13,1.457632633948501,1,0,S3_f_peak,6.429074,19952620000.0,3.047834999999999,-12.14715,-9.099315,-5.718076,-5.713832,0.0003614831,0.00654544,0.001249635,6.041513e-05,0.663528,1.298366,0.2941054,0.001408094,0.4193456,1.717711,0.005069136443435623,0,0,0,S3_f_peak,S3_f_peak,S3_f_peak
105,7.29589533642282e-05,4.72674121308215e-07,3.0,0.000660529858367127,188.121180599479,1.4944541535660424e-13,534.8399581164315,1.5e-13,1.463433633562945,1,0,S3_peaking,-0.000140000000000029,10000000.0,-4.53445712,4.444551,-0.08990612,4.444411,-8.64463,0.000342663,0.004867931,0.00080325,4.347378e-05,0.7254887,0.9920117,0.1156541,0.0003302651,0.6313494,1.623361,0.0011889537450608288,0,0,0,S3_peaking,S3_peaking,S3_peaking
106,9.651640640885843e-05,4.65955202269699e-07,8.0,0.0005979583550009939,94.65380067604193,2.2138663237189994e-12,98.60874182144099,1.5e-13,1.2821292498874266,1,0,S3_f_peak,2.562754,19952620000.0,1.643052,-8.469923,-6.826871,-5.907169,-5.906402,0.0003589932,0.004885025,0.0008499969,3.999454e-05,0.7116314,1.275991,0.1000318,0.0002989817,0.4945267,1.770518,0.001076325039001789,0,0,0,S3_f_peak,S3_f_peak,S3_f_peak
107,5.2609901537741335e-05,6.31679812448421e-07,7.0,0.001784429107278108,124.009803400949,1.6689992346846695e-13,708.5089605622843,1.5e-13,1.229428646340839,1,0,S3_peaking,-0.00022799999999989495,10000000.0,-6.176458,8.871748,2.69529,8.87152,-8.074892,0.0002935197,0.005790385,0.001101197,6.486106e-05,0.6718063,0.8841908,0.2352552,0.0008922146,0.2836672,1.167858,0.0032119723931005946,0,0,0,S3_peaking,S3_peaking,S3_peaking
108,4.656662590163664e-05,3.904378449889791e-07,7.0,0.004642946887119774,126.28983602672092,2.494158759732863e-13,176.009602040965,1.5e-13,1.4114740482889518,1,0,S3_peaking,-4.900000000002125e-06,10000000.0,-0.3084213,-0.1087219,-0.4171432,-0.1087268,-7.013166,0.000256623,0.01011517,0.001836956,0.0002010232,0.7035215,1.066428,0.2729022,0.002321473,0.3249701,1.391398,0.008357304396815594,0,0,0,S3_peaking,S3_peaking,S3_peaking
109,4.423263361208828e-05,2.3072571871816036e-07,7.0,0.0009828347035350227,734.6030376178039,1.5038613422558648e-13,170.19984623505795,1.5e-13,1.4754580633387793,1,0,S3_f_peak,5.293931999999999,4786301000.0,4.052293,-10.8059,-6.753607,-5.511968,-10.82467,0.0004735305,0.006521816,0.001043189,0.0001354374,0.7864869,1.133746,0.1181588,0.0004914175,0.5826152,1.716361,0.001769102466363041,0,0,0,S3_f_peak,S3_f_peak,S3_f_peak
110,2.5688812710597234e-05,1.8771223325176906e-07,7.0,0.0006988938219123162,173.26235104145903,1.509768445742803e-13,792.5536984188838,1.5e-13,1.542578872872954,1,0,S3_peaking,-0.00022900000000003473,10000000.0,-6.1439036,6.963248,0.8193444,6.963019,-13.48635,0.0003246782,0.004399967,0.0006141536,0.000147756,0.8196058,0.8921401,0.1118819,0.0003494469,0.6309044,1.523045,0.0012580088794421692,0,0,0,S3_peaking,S3_peaking,S3_peaking
111,9.00016098878906e-05,3.194374287610269e-07,3.0,0.0057592043623254105,249.3572514908766,3.5043749876323933e-12,82.51785034895252,1.5e-13,1.4199218226937707,1,0,S3_f_peak,10.612337,2630268000.0,10.608637,-7.868016,2.740621,2.744321,-2.157585,0.0001640406,0.01848374,0.003130148,0.0003798086,0.7067528,1.11225,0.1851177,0.002879602,0.4501314,1.562381,0.010366567852185739,1,0,0,,S3_f_peak,S3_f_peak
112,8.843167648674914e-05,2.000789966463278e-07,8.0,0.00103212346256397,720.4762610891162,5.364270306869714e-12,484.66250670154864,1.5e-13,1.1501539960876306,1,0,S3_f_peak,12.008244000000001,602559600.0,8.797967,-1.187824,7.610143,10.82042,-6.571848,0.0001930463,0.008937099,0.001451602,0.0002664216,0.7305988,1.188745,0.08064885,0.0005160617,0.3611384,1.549883,0.001857822232615146,0,0,0,S3_f_peak,S3_f_peak,S3_f_peak
113,8.98797533757142e-05,3.106926580693871e-07,1.0,0.0013095672561143968,260.88289205896785,2.842866564900022e-13,83.8238642102271,1.5e-13,1.3445165408834414,1,0,S3_f_peak,3.959079,6918310000.0,2.264622,-9.660798,-7.396176,-5.701719,-7.45789,0.0003509514,0.009842051,0.001582908,8.706043e-05,0.7188336,1.231732,0.1046319,0.0006547853,0.5133813,1.745113,0.0023572210610059144,0,0,0,S3_f_peak,S3_f_peak,S3_f_peak
114,5.220447165476139e-05,3.3408031282254126e-07,1.0,0.0008353854315216802,653.2876066206227,6.010965538605374e-12,325.9908308297731,1.5e-13,1.5800071870493886,1,0,S3_f_peak,9.583969,602559600.0,7.641263,-4.640303,3.00096,4.943666,-8.732047,0.0002607175,0.005807091,0.0008842989,6.895925e-05,0.7479046,0.9550009,0.1160872,0.0004176933,0.7088351,1.663836,0.0015036937767390244,0,0,0,S3_f_peak,S3_f_peak,S3_f_peak
115,9.834564493493772e-05,5.976000782145965e-07,4.0,0.0017957907056131528,74.95003237333896,1.2400958616290117e-12,94.6523732198993,1.5e-13,1.4974850233723935,1,0,S3_f_peak,1.536639,5754399000.0,1.1921820000000003,-4.596153,-3.403971,-3.059514,-3.374591,0.0002679289,0.008636137,0.001479657,6.426585e-05,0.7110271,1.114655,0.1716483,0.0008978954,0.6003573,1.715012,0.003232423270103675,0,0,0,S3_f_peak,S3_f_peak,S3_f_peak
116,4.903823162006566e-05,9.834720249671688e-07,7.0,0.005421217042147597,504.3586490440723,1.0994996566116992e-12,431.6891101739897,1.5e-13,1.521819613571005,1,0,saturation,2.978747,1445440000.0,2.785888,-5.593208,-2.80732,-2.614461,-4.210706,0.0003657955,0.005116907,0.001179655,0.002365741,0.6272376,0.4722879,0.5420936,0.002710609,0.1575719,0.6298598,0.009758190675865674,0,1,0,S3_f_peak,,saturation
117,7.617986793276234e-05,8.261619701916615e-07,2.0,0.0008482143001282229,415.5900765939195,1.1126482617639921e-12,324.67648688102895,1.5e-13,1.5657557331026928,1,1,,4.1845872,1318257000.0,3.5868371000000003,-3.25605,0.3307871,0.9285372,-2.934923,0.0003361823,0.004433475,0.0007623893,2.710359e-05,0.7104824,0.9798089,0.1681356,0.0004241093,0.6824935,1.662302,0.0015267857402308013,1,1,1,,,
118,2.902710937491323e-05,5.866739187495172e-07,2.0,0.005888431438163422,131.38936048407604,1.0980336062085987e-12,57.16282222156967,1.5e-13,1.1181819356395806,1,0,S3_f_peak,2.908773,5495409000.0,2.50399,-12.6939,-10.18991,-9.785127,-10.7312,0.0004138309,0.006170886,0.001571719,9.747176e-05,0.5441148,1.816361,0.4303605,0.002944216,-0.184674,1.631687,0.01059917658869416,0,0,0,S3_f_peak,S3_f_peak,S3_f_peak
119,5.449619120154574e-05,8.823311552535441e-07,1.0,0.007248676737218506,72.59931146267694,1.274100988993096e-13,304.1319136063924,1.5e-13,1.157333505251262,1,0,S3_peaking,-4.000000000026205e-05,10000000.0,-1.9075820000000006,4.112898,2.205316,4.112858,-6.253162,0.0002812866,0.007742704,0.001994049,0.00033238,0.5249954,0.8293352,0.4720134,0.003624338,-0.131612,0.697723,0.01304761812699331,0,0,0,S3_peaking,S3_peaking,S3_peaking
120,4.2860733172808455e-05,2.5294875759759677e-07,6.0,0.0009412062442939777,61.6419779860545,1.329519956862515e-13,622.6948473857317,1.5e-13,1.397971406312819,1,0,S3_peaking,-0.00016300000000057935,10000000.0,-5.252129,9.382337,4.130208,9.382174,-10.81868,0.0002640242,0.006061057,0.001019942,9.674028e-05,0.7732426,0.9976943,0.1234568,0.0004706031,0.5092636,1.506958,0.0016941712397291599,0,0,0,S3_peaking,S3_peaking,S3_peaking
121,4.9789996769345306e-05,2.2931705679295244e-07,6.0,0.003412775734159987,232.38097370045986,8.79400889516298e-12,618.0305344588221,1.5e-13,1.5267402175863567,1,0,S3_f_peak,4.324316,602559600.0,2.6789760000000005,4.520415,7.199391,8.844731,-5.768348,0.0001790534,0.01067477,0.001733852,0.002014384,0.7756378,0.2419031,0.1858397,0.001706388,0.5034971,0.7454002,0.006142996321487976,0,0,0,S3_f_peak,S3_f_peak,S3_f_peak
122,7.610862851161467e-05,9.273951226832778e-07,1.0,0.0013960160138243556,315.7021884627892,5.262316967651462e-13,329.7664129121225,1.5e-13,1.1044163559564009,1,0,S3_peaking,1.6492982,1819701000.0,1.4594045,-1.298162,0.1612425,0.3511362,-2.712769,0.0003544,0.005277036,0.001096603,2.992569e-05,0.6154143,1.327592,0.2123976,0.000698008,0.2422279,1.569819,0.0025128288248838404,0,0,0,S3_peaking,S3_peaking,S3_peaking
123,8.393229067918993e-05,5.46466363950008e-07,3.0,0.005032961060391403,208.2124563839434,1.3287010916469498e-12,103.15828675682351,1.5e-13,1.499425635411936,1,0,S3_f_peak,6.3186653,3467369000.0,6.151203440000001,-6.078413,0.07279044,0.2402523,-3.136031,0.0002268102,0.01221646,0.002205885,0.0001729011,0.6877337,1.078131,0.2592688,0.002516483,0.4622728,1.540404,0.009059329908704524,0,0,0,S3_f_peak,S3_f_peak,S3_f_peak
124,6.390354654015779e-05,1.7596394120544262e-07,5.0,0.002129362214068018,356.59022168729064,2.266164231375054e-12,275.3732345730442,1.5e-13,1.5315438318392236,1,1,,9.3444728,1584893000.0,8.8604708,-0.3603188,8.500152,8.984154,-3.856911,0.0001672666,0.0137504,0.001726064,0.0004133855,0.7944256,0.8816735,0.1039978,0.001064697,0.6251418,1.506815,0.003832851985322433,1,1,1,,,
125,9.700080961919626e-05,7.441603382980016e-07,3.0,0.0008714265941764614,221.14394030335873,9.909609551774147e-13,172.08521880509122,1.5e-13,1.151601678391811,1,0,S3_f_peak,3.0726340000000003,3981072000.0,2.9648030000000003,-5.402173,-2.43737,-2.329539,-2.434548,0.0003384049,0.005340956,0.001030141,2.611755e-05,0.6519555,1.370465,0.1425069,0.0004357161,0.3545538,1.725019,0.0015685678695176305,0,0,0,S3_f_peak,S3_f_peak,S3_f_peak
126,3.366385543716268e-05,7.850965369404374e-07,6.0,0.000551623253717279,471.8087735455199,3.881806586115819e-13,169.80085920216578,1.5e-13,1.3173280245353396,1,0,S3_f_peak,2.8285230000000006,3981072000.0,2.686031999999999,-12.35159,-9.665558,-9.523067,-9.877453,0.0006259199,0.002367123,0.0004338411,1.351774e-05,0.6946162,1.333567,0.1950732,0.0002758117,0.4195996,1.753167,0.000992921856691102,0,0,0,S3_f_peak,S3_f_peak,S3_f_peak
127,9.728967261091747e-05,3.412236452431609e-07,5.0,0.000522077319811046,98.881693351573,1.0816547308013622e-12,391.3439453534337,1.5e-13,1.3758348132450497,1,0,S3_peaking,-2.199999999996649e-05,10000000.0,-2.096674,3.379025,1.282351,3.379003,-7.076433,0.000288867,0.004954173,0.0008080572,6.592094e-05,0.7323046,1.107724,0.08230784,0.0002610434,0.5901197,1.697844,0.0009397391756598829,0,0,0,S3_peaking,S3_peaking,S3_peaking
128,8.474111429915762e-05,1.8275141923324207e-07,2.0,0.002739607700304262,132.54081387387413,3.5724707212945245e-12,90.2553728502402,1.5e-13,1.2259905060828786,1,0,S3_f_peak,6.82846,2630268000.0,6.8232669999999995,-3.369745,3.453522,3.458715,-2.451143,0.0001508358,0.01851536,0.002649676,0.0003864922,0.7388583,1.311139,0.09010599,0.001369804,0.3652267,1.676366,0.004931293860547671,1,0,0,,S3_f_peak,S3_f_peak
129,3.021024538194811e-05,2.1659773148475812e-07,3.0,0.0011521772873350053,331.6525211501953,3.3780913591341425e-12,266.10673534266465,1.5e-13,1.2300220149565175,1,0,S3_f_peak,6.268733,1047129000.0,5.329076000000001,-2.650831,2.678245,3.617902,-9.598172,0.000257902,0.006443455,0.001086834,0.0001802523,0.7244951,1.289605,0.1293254,0.0005760892,0.3570926,1.646698,0.0020739191172030095,0,0,0,S3_f_peak,S3_f_peak,S3_f_peak
130,2.4590374050330108e-05,8.860057083738398e-07,5.0,0.001103574247452579,699.4225116729526,6.478039318882137e-12,782.6268472107149,1.5e-13,1.1945336286587858,1,0,S3_nyq_boost,5.7574264,288403200.0,-0.1751066,-0.5109944,-0.686101,5.246432,-9.694439,0.0003950337,0.002507509,0.0005159439,2.177809e-05,0.6355076,1.203871,0.3143686,0.0005517871,0.1642853,1.368157,0.0019864336454146424,0,0,0,S3_nyq_boost,S3_f_peak,S3_nyq_boost
131,4.859107746867104e-05,4.103369586798319e-07,7.0,0.002328358025768607,174.37279765827654,1.1802832034449498e-13,311.7714566438822,1.5e-13,1.4209442261524008,1,0,S3_peaking,-4.099999999995774e-05,10000000.0,-1.9583048,2.428197,0.4698922,2.428156,-9.359151,0.0002907015,0.007840648,0.001368096,0.0001139172,0.7243918,0.9949702,0.2116091,0.00116418,0.442072,1.437042,0.004191044446383492,0,0,0,S3_peaking,S3_peaking,S3_peaking
132,7.298245565363845e-05,7.095981051555504e-07,2.0,0.001070990919171794,297.1883885764746,2.408277880857965e-12,69.79915958572786,1.5e-13,1.4817287584814567,1,0,S3_f_peak,9.241275000000002,19952620000.0,5.554245,-14.36809,-8.813845,-5.126815,-5.123112,0.0003842851,0.005290665,0.0009256702,3.30704e-05,0.7003752,1.164684,0.1718968,0.0005354955,0.5979392,1.762623,0.0019277836545092291,0,0,0,S3_f_peak,S3_f_peak,S3_f_peak
133,2.2638036758066747e-05,1.7346414357051326e-07,7.0,0.0037669747986598867,299.3785721608241,3.6253657636612335e-13,146.3385031178876,1.5e-13,1.1968777622163251,1,0,S3_f_peak,4.540281,4570882000.0,3.6208839999999998,-6.295076,-2.674192,-1.754795,-7.880587,0.0003015201,0.008839881,0.001533188,0.0003964432,0.7565461,1.371668,0.1913406,0.001883487,0.1527023,1.52437,0.006780554637587796,0,0,0,S3_f_peak,S3_f_peak,S3_f_peak
134,8.141220071515268e-05,3.3902142747954094e-07,5.0,0.003797453414339708,187.0847285299963,5.234831426068223e-12,272.1240599465619,1.5e-13,1.5605078029111195,1,0,S3_f_peak,6.757973999999999,1096478000.0,5.788402,3.186505,8.974907,9.944479,-2.848805,0.0001609439,0.01421408,0.002308688,0.0003681536,0.7384684,0.6903901,0.1808586,0.001898729,0.5929207,1.283311,0.006835416145811474,0,0,0,S3_f_peak,S3_f_peak,S3_f_peak
135,3.4653892708447856e-05,4.0117269869533843e-07,4.0,0.007089201277225296,798.227880537451,2.5555339396555086e-12,86.39654894512225,1.5e-13,1.559735662333257,1,0,S3_peaking,14.039083999999999,2187762000.0,14.030280000000001,-16.82648,-2.7962,-2.787396,-7.52954,0.0002714458,0.008995061,0.001697236,0.0002593292,0.6820172,1.22418,0.3556587,0.003544601,0.2695792,1.493759,0.012760562299005533,0,0,0,S3_peaking,S3_peaking,S3_peaking
136,6.675564743676481e-05,4.319097839200547e-07,4.0,0.004112309629715427,178.02807423355353,8.055042737566306e-12,281.3773062550019,1.5e-13,1.1315012696979287,1,0,S3_f_peak,6.101539000000001,831763800.0,4.7628770000000005,2.914078,7.676955,9.015617,-3.843099,0.0001815004,0.01134845,0.002251064,0.000196026,0.6446457,1.046174,0.2266227,0.002056155,0.1752704,1.221445,0.007402157333487769,0,0,0,S3_f_peak,S3_f_peak,S3_f_peak
137,3.321398106971408e-05,4.0258053318538287e-07,4.0,0.0010574505021969441,665.9915451576743,5.668311177499981e-12,57.01901931815303,1.5e-13,1.188167708933724,1,1,,8.948970000000001,1737801000.0,8.938550000000001,-20.67255,-11.734,-11.72358,-12.90158,0.0004454566,0.004604391,0.0008563552,4.856476e-05,0.6892231,1.468115,0.1732916,0.0005287253,0.3017374,1.769852,0.0019034109039544995,1,1,1,,,
138,2.268906269424212e-05,5.007402481941272e-07,6.0,0.0009133991673557668,728.1612308578575,3.1999770560835113e-12,264.0964450779498,1.5e-13,1.5415515631274932,1,0,S3_f_peak,6.818223000000001,724436000.0,5.657102,-9.204335,-3.547233,-2.386112,-13.08431,0.0004113514,0.003025951,0.0005096146,3.003907e-05,0.7416947,1.141901,0.2291548,0.0004566996,0.5374859,1.679387,0.0016441185012403803,0,0,0,S3_f_peak,S3_f_peak,S3_f_peak
139,5.052781231864818e-05,2.0978732862920016e-07,3.0,0.0010329032905596802,657.5419082262142,7.247297204442821e-13,210.48316566799272,1.5e-13,1.33022619442176,1,1,,9.437258,2398833000.0,9.429898,-7.883254,1.546644,1.554004,-8.322119,0.0002775699,0.0077949,0.001170793,0.0002197694,0.7399508,1.201036,0.09640547,0.0005164518,0.4902596,1.691295,0.0018592259230074243,1,0,1,,S3_f_peak,
140,8.349718043923906e-05,1.9214749720924036e-07,3.0,0.0013993015354545025,71.25682535712889,4.840339813101135e-13,99.10294573103118,1.5e-13,1.3027263360570736,1,0,S3_peaking,0.19967800000000002,3630781000.0,0.15816699999999972,-2.425251,-2.267084,-2.225573,-6.567369,0.0002243289,0.01148907,0.001631412,0.0002810787,0.7466948,1.255836,0.07918472,0.000699652,0.474826,1.730662,0.0025187427638181047,0,0,0,S3_peaking,S3_peaking,S3_peaking
141,8.286596660828033e-05,2.8717044265914475e-07,4.0,0.00528142171596397,178.19854353110586,1.0750011682010441e-12,201.76419190501915,1.5e-13,1.5580374448599634,1,0,S3_f_peak,5.0716540000000006,2884032000.0,4.996243,1.510881,6.507124,6.582535,-2.112877,0.0001707709,0.01768802,0.002814511,0.0005922367,0.7394218,0.6992248,0.1791216,0.002640711,0.5679743,1.267199,0.009506559088735147,0,0,0,S3_f_peak,S3_f_peak,S3_f_peak
142,5.883981998755592e-05,7.202502605878037e-07,6.0,0.0009608307826486876,352.62163143724075,3.442623193171408e-13,389.5393074647091,1.5e-13,1.197916248777453,1,0,S3_nyq_boost,0.4891388,1380384000.0,-0.05981499999999995,-1.075337,-1.135152,-0.5861982,-6.381728,0.0003950964,0.004395219,0.0008397285,2.608956e-05,0.6683321,1.277538,0.1837432,0.0004804163,0.3353209,1.612859,0.0017294954087676377,0,0,0,S3_nyq_boost,S3_peaking,S3_nyq_boost
143,2.212309659754735e-05,5.547949339972278e-07,8.0,0.0017354202829595845,63.61192757604304,7.811760355120828e-12,63.58220098251897,1.5e-13,1.2343660709319395,1,0,S3_peaking,1.0596899999999998,2089296000.0,1.0565700000000007,-13.7864,-12.72983,-12.72671,-13.80064,0.0005086097,0.003678659,0.00073509,3.553548e-05,0.662114,1.585983,0.3136044,0.0008677102,0.1588453,1.744829,0.003123756509327252,0,0,0,S3_f_peak,S3_peaking,S3_peaking
144,6.525309145936297e-05,7.271115973261766e-07,7.0,0.004599008197008283,489.0871911235927,1.2480858720114661e-13,91.34850783658543,1.5e-13,1.1560852850749987,1,0,S3_f_peak,5.246837,19952620000.0,1.9324600000000007,-13.07334,-11.14088,-7.826503,-7.825979,0.0005410604,0.008952696,0.001906861,8.401594e-05,0.6152626,1.497729,0.3364278,0.002299504,0.092214,1.589943,0.00827821475461491,0,0,0,S3_f_peak,S3_f_peak,S3_f_peak
145,8.916635820381143e-05,9.165692206788641e-07,2.0,0.0031224498543555306,113.4699477761137,2.093507596112291e-12,96.30260477296297,1.5e-13,1.2806130211112898,1,0,S3_f_peak,5.2693316,19952620000.0,3.03866,-6.091744,-3.053084,-0.8224124,-0.8204703,0.0002710118,0.008014403,0.001628592,6.013447e-05,0.6312628,1.34779,0.2799724,0.001561225,0.3018598,1.64965,0.005620409737839955,0,0,0,S3_f_peak,S3_f_peak,S3_f_peak
146,4.875187063050491e-05,1.5466922641563752e-07,1.0,0.0030939556423390567,50.659880077278984,1.2927195826600415e-13,532.4715230021635,1.5e-13,1.1528742497627933,1,0,S3_peaking,-0.0001000000000015433,10000000.0,-3.6393960000000014,13.28095,9.641554,13.28085,-5.13277,0.0001567663,0.01572531,0.002074788,0.0006525725,0.7420457,0.7376084,0.1007326,0.001546978,0.23867,0.9762784,0.005569120156210302,0,0,0,S3_peaking,S3_peaking,S3_peaking
147,9.43967152925433e-05,1.9549682623040656e-07,2.0,0.0010104064373066813,483.6754426713143,1.934800014774064e-13,236.66289695295006,1.5e-13,1.3093634298321184,1,0,S3_f_peak,2.4490740000000004,3630781000.0,2.1752650000000004,-4.455173,-2.279908,-2.006099,-8.222305,0.0003257939,0.009195455,0.001299092,0.0002019372,0.7496451,1.180862,0.06854485,0.0005052034,0.4995749,1.680437,0.0018187315871520263,0,0,0,S3_peaking,S3_f_peak,S3_f_peak
148,3.100452996078664e-05,4.910423844004584e-07,5.0,0.0006777190973136141,244.83890589260565,8.97707426836381e-12,123.94483708365769,1.5e-13,1.1601693500301566,1,0,S3_f_peak,3.2127860000000013,870963600.0,2.997885,-11.39394,-8.396055,-8.181154,-12.15399,0.0004596687,0.003192016,0.0005904509,2.39481e-05,0.6886692,1.46587,0.1689609,0.0003388597,0.2921289,1.757999,0.0012198943751645054,0,0,0,S3_f_peak,S3_f_peak,S3_f_peak
149,6.104918333617943e-05,2.438958370837672e-07,3.0,0.0026991436057843586,501.1579736408172,2.6228309044675115e-13,378.1066092880971,1.5e-13,1.172139400850037,1,0,S3_f_peak,3.1017386,3162278000.0,2.9958275999999997,-0.1885296,2.807298,2.913209,-5.215311,0.0002620953,0.01322342,0.002277271,0.0003585567,0.6967763,0.9979508,0.1389714,0.001349572,0.2917672,1.289718,0.004858458490411846,0,0,0,S3_peaking,S3_f_peak,S3_f_peak
150,2.453981702113456e-05,6.075656258322748e-07,4.0,0.004962207007676838,139.39616078856295,6.480504181483402e-13,310.11888192800785,1.5e-13,1.575077613493462,1,0,S3_nyq_boost,0.12939470000000003,1202264000.0,-0.33343887,0.3858069,0.05236803,0.5152016,-9.90693,0.00033456,0.005129923,0.001075283,0.0002350555,0.6501992,0.8749138,0.4887995,0.002481104,0.1556492,1.030563,0.008931972613818309,0,0,0,S3_nyq_boost,S3_nyq_boost,S3_nyq_boost
151,7.63668773364504e-05,1.720001879672723e-07,5.0,0.0006766304567308271,427.6503973636779,1.7274453852337546e-12,118.69528505163436,1.5e-13,1.324422125489994,1,1,,7.338349,1995262000.0,7.28891,-10.76398,-3.47507,-3.425631,-9.82046,0.0002863273,0.00628006,0.0008115948,0.0001731277,0.7768724,1.231289,0.06212929,0.0003383152,0.5285546,1.759843,0.001217934822115489,1,1,1,,,
152,4.7579193113297725e-05,6.374730017703275e-07,6.0,0.0006715564031295684,382.6170740950967,7.7321864708447e-13,60.258816893474304,1.5e-13,1.3431250628924183,1,0,S3_f_peak,8.60139,19952620000.0,4.34149,-18.61278,-14.27129,-10.01139,-10.00654,0.0006178353,0.003486965,0.0006198468,2.137471e-05,0.7075726,1.306284,0.1639722,0.0003357782,0.4734822,1.779766,0.0012088015256332232,0,0,0,S3_f_peak,S3_f_peak,S3_f_peak
153,6.351809151676697e-05,3.7890252705705597e-07,1.0,0.0034668938669925476,262.7553082764838,8.889128078384064e-13,56.16840464390119,1.5e-13,1.4049097629455851,1,0,S3_f_peak,7.527651,5754399000.0,6.686324,-12.827,-6.140676,-5.299349,-6.889378,0.0002923815,0.01119909,0.001945495,0.0001463487,0.6953879,1.258795,0.191978,0.001733448,0.4438401,1.702635,0.006240408960586586,0,0,0,S3_f_peak,S3_f_peak,S3_f_peak
154,2.6292405349579428e-05,1.974128917841218e-07,2.0,0.0031030666966670897,60.371902216912424,5.849748061226657e-12,255.9161709099393,1.5e-13,1.317092127450062,1,0,S3_peaking,1.513426,1148154000.0,0.8185450000000003,4.047134,4.865679,5.56056,-7.143247,0.0002045498,0.008810897,0.001426889,0.0003704155,0.7230029,1.087152,0.1730159,0.001551533,0.3157855,1.402937,0.005585520054000761,0,0,0,S3_peaking,S3_peaking,S3_peaking
155,9.901260633515604e-05,2.1522724415356547e-07,5.0,0.002538089996341669,52.31678957005436,2.1676772144483192e-12,190.25045685503656,1.5e-13,1.5495669790218618,1,0,S3_peaking,1.1692489999999998,2187762000.0,1.147576,6.162387,7.309963,7.331636,-2.269996,0.0001519623,0.01742469,0.002433641,0.000513971,0.7680437,0.8977715,0.1071931,0.001269045,0.6607921,1.558564,0.004568561993415004,0,0,0,S3_peaking,S3_peaking,S3_peaking
156,3.083491579950878e-05,2.930884276620023e-07,6.0,0.0008329607526525762,514.3630800433975,4.37246254147413e-13,620.3758940643551,1.5e-13,1.21121402508344,1,0,S3_peaking,1.9731370000000001,1258925000.0,0.6177600000000001,1.207279,1.825039,3.180416,-11.97398,0.0003398967,0.004506505,0.0008432939,6.501953e-05,0.7255171,1.205187,0.1428844,0.0004164804,0.3364385,1.541625,0.0014993293547746372,0,0,0,S3_nyq_boost,S3_peaking,S3_peaking
157,6.112222059715045e-05,2.81090532909451e-07,6.0,0.002249563754652912,713.9469381969831,1.5413465882198463e-13,53.93852557914155,1.5e-13,1.5399437821301594,1,0,S3_f_peak,10.530675999999998,12022640000.0,5.153609999999999,-19.54292,-14.38931,-9.012244,-9.578127,0.000610987,0.01109322,0.001764853,0.0002112047,0.7611073,1.130843,0.1508717,0.001124783,0.608488,1.739331,0.004049214758375242,0,0,0,S3_f_peak,S3_f_peak,S3_f_peak
158,2.7180167999964676e-05,1.7995668174368287e-07,7.0,0.0006911186898612413,454.48240488357794,2.0757770426422282e-12,360.480204047199,1.5e-13,1.4101966546615023,1,0,S3_f_peak,5.704078,954992600.0,4.1251359999999995,-2.747147,1.377989,2.956931,-12.38561,0.0002973221,0.004562285,0.0006430694,0.0001251952,0.8072916,1.149074,0.1010778,0.0003455594,0.5263584,1.675433,0.0012440136417502343,0,0,0,S3_f_peak,S3_f_peak,S3_f_peak
159,3.7422145222010315e-05,2.5207577751254355e-07,7.0,0.0011740008134480653,289.32218828574065,2.5826890382337775e-12,416.07192156115,1.5e-13,1.3944895770883667,1,0,S3_f_peak,4.9292560000000005,954992600.0,2.9794,1.87885,4.85825,6.808106,-9.284906,0.000252037,0.006419116,0.001105926,0.0001118843,0.7704139,1.078726,0.1409656,0.0005870004,0.4770398,1.555766,0.0021132014642065177,0,0,0,S3_f_peak,S3_f_peak,S3_f_peak
160,9.684348853763136e-05,4.19707201543845e-07,4.0,0.002364708921120788,164.52744056398225,2.1465633821386624e-12,247.7119491216055,1.5e-13,1.5777964498109665,1,1,,4.371929999999999,1659587000.0,3.9730009999999996,2.504967,6.477968,6.876897,-3.215585,0.0001930525,0.01168974,0.001885037,0.0001621653,0.735582,0.8435741,0.1582924,0.001182355,0.6635426,1.507117,0.0042564760580174185,1,1,1,,,
161,3.197398130261011e-05,7.171764320333736e-07,7.0,0.002246567885503763,741.4630087411911,1.2497329901167577e-12,65.31672977876384,1.5e-13,1.1100648277040317,1,0,S3_f_peak,9.973449999999998,19952620000.0,9.09058,-20.35177,-11.26119,-10.37832,-10.37706,0.0005009593,0.004421386,0.0009496661,3.523623e-05,0.6181774,1.683407,0.3346758,0.001123284,0.04322049,1.726627,0.004043822193906773,0,0,0,S3_f_peak,S3_f_peak,S3_f_peak
162,7.308616182889879e-05,2.9666874190516345e-07,3.0,0.0011722109503581508,568.4002424497756,6.132294249250592e-12,72.12966052849232,1.5e-13,1.2882458676468178,1,1,,11.514673,1584893000.0,11.47089,-15.97705,-4.50616,-4.462377,-7.650955,0.0002622404,0.008544176,0.001415453,0.000136066,0.7125895,1.293684,0.1081575,0.0005861091,0.4640395,1.757724,0.0021099797106446717,1,0,1,,S3_peaking,
163,3.398342665049546e-05,4.127801060973207e-07,8.0,0.0006831294229726943,306.7197586554709,3.388655013458192e-12,199.93176765242717,1.5e-13,1.3897523247190913,1,0,S3_f_peak,3.9207479999999997,1000000000.0,3.318327,-7.290761,-3.972434,-3.370013,-11.75256,0.0003871065,0.003578132,0.0006216731,3.395176e-05,0.7387667,1.234218,0.1544966,0.0003415647,0.4974924,1.73171,0.0012296329613508497,0,0,0,S3_f_peak,S3_f_peak,S3_f_peak
164,7.620959439649813e-05,3.808462317579481e-07,3.0,0.002694684776197836,161.31909376528927,1.7133886659612736e-13,53.48687222487488,1.5e-13,1.559215355521946,1,0,S3_f_peak,1.9821460000000002,14454400000.0,0.35819000000000045,-10.66341,-10.30522,-8.681264,-8.775274,0.0003544763,0.01150383,0.001862556,0.0001645146,0.7309016,1.105122,0.1694059,0.001347343,0.6228124,1.727935,0.004850432597156105,0,0,0,S3_f_peak,S3_f_peak,S3_f_peak
165,9.341179003910567e-05,2.470390962242775e-07,3.0,0.005098235703619967,212.84341532240762,1.0669745258258973e-12,371.10521700707557,1.5e-13,1.5033917402134094,1,1,,3.682646,2187762000.0,3.637243999999999,4.74643,8.383674,8.429076,-1.883177,0.0001607508,0.01916768,0.002945969,0.001602398,0.7433487,0.3196718,0.1553234,0.002549118,0.5343373,0.8540091,0.009176824266515941,0,1,1,S3_peaking,,
166,4.0675732300816414e-05,1.6641267553558664e-07,8.0,0.005836916199517498,922.3294765051534,1.9215908253330278e-13,73.54383805482287,1.5e-13,1.2310432168929173,1,0,S3_f_peak,14.732731,10471290000.0,8.724704999999998,-18.41312,-9.688415,-3.680389,-5.201614,0.0005004561,0.01640514,0.002525213,0.0005960952,0.7386688,1.361841,0.1810178,0.002918458,0.2235231,1.585364,0.010506449159131497,0,0,0,S3_f_peak,S3_f_peak,S3_f_peak
167,4.953034617125228e-05,5.09633308150913e-07,6.0,0.003974081848636875,600.946583552057,2.287303847586916e-12,245.47766668121204,1.5e-13,1.1884474801003515,1,1,,11.009747,1318257000.0,10.385533,-5.894122,4.491411,5.115625,-5.627433,0.0002304948,0.008643594,0.001707056,0.0001324728,0.6489615,1.167814,0.2882646,0.001987041,0.1444114,1.312226,0.0071533473275463754,0,1,1,S3_f_peak,,
168,4.446846017282515e-05,2.1889346643868405e-07,6.0,0.0017891574617102985,94.1570456469706,3.136580867223132e-13,130.07529236714672,1.5e-13,1.3689826205917504,1,0,S3_peaking,0.0,10000000.0,-0.06275900000000023,-2.097101,-2.15986,-2.097101,-7.873524,0.0002634476,0.009413465,0.001556164,0.0002393081,0.7585108,1.225008,0.139584,0.0008945803,0.4586296,1.683637,0.003220483431078537,0,0,0,S3_peaking,S3_nyq_boost,S3_peaking
169,9.272082662786333e-05,7.341023488343999e-07,7.0,0.001016671673211416,265.08554938426414,3.8918793245872334e-12,183.46613161993977,1.5e-13,1.5343782843755402,1,1,,4.8942223,1380384000.0,4.7239973,-5.222696,-0.4986987,-0.3284737,-2.042636,0.0002833619,0.005625186,0.0009560717,3.36381e-05,0.7226497,1.050457,0.1596177,0.0005083359,0.656281,1.706738,0.001830009011780549,1,1,1,,,
170,6.267591948451672e-05,3.4782612026836854e-07,4.0,0.0011625155613109908,157.43240738473736,6.6435776608761864e-12,53.790670919592124,1.5e-13,1.401168711180552,1,1,,4.3497710000000005,2398833000.0,4.3494720000000004,-12.64004,-8.290568,-8.290269,-9.304631,0.0003126802,0.007303476,0.001212253,0.0001003105,0.7258916,1.225227,0.1278372,0.000581258,0.5435063,1.768734,0.0020925280103597835,0,1,1,S3_f_peak,,
171,3.4101492696366626e-05,3.402857819699154e-07,6.0,0.0006366303225474458,170.56885045323253,1.5187025295243058e-12,195.37751399900588,1.5e-13,1.5074641191576206,1,0,S3_peaking,1.80743,1584893000.0,1.5520420000000001,-5.431731,-3.879689,-3.624301,-12.26146,0.0003827096,0.003811327,0.0006335538,4.487478e-05,0.7675615,1.123521,0.1347474,0.0003183153,0.6142872,1.737808,0.0011459345805854024,0,0,0,S3_peaking,S3_peaking,S3_peaking
172,4.3375349151057144e-05,2.9493809502862685e-07,6.0,0.0011431752617471,463.7533586392412,8.985119469990587e-13,120.22699319812335,1.5e-13,1.1678860140513534,1,0,S3_f_peak,7.575891,2754229000.0,7.556877,-11.20874,-3.651863,-3.632849,-9.702552,0.0003372201,0.006364215,0.001193222,8.082898e-05,0.7141027,1.422275,0.1389302,0.0005715876,0.3090046,1.731279,0.00205771547114478,0,0,0,S3_f_peak,S3_f_peak,S3_f_peak
173,7.786028521457502e-05,1.5763107905400088e-07,2.0,0.0019500294719051337,122.24465667988665,3.055385251339898e-12,72.94671244838767,1.5e-13,1.3163496875592666,1,0,S3_f_peak,5.4884446,3019952000.0,5.4547434,-5.637228,-0.1824846,-0.1487834,-4.690382,0.0001742751,0.01484251,0.001815868,0.0004006708,0.7704442,1.262746,0.07045377,0.0009750197,0.4661294,1.728875,0.0035100530494292406,0,0,0,S3_f_peak,S3_f_peak,S3_f_peak
174,5.6112553350727226e-05,3.513462914163232e-07,6.0,0.0013590191909154357,118.70652071706598,2.03353770321069e-13,512.9324549639857,1.5e-13,1.4483907616702707,1,0,S3_peaking,-0.00011700000000036681,10000000.0,-4.162598,7.521661,3.359063,7.521544,-8.75026,0.0002641841,0.007257343,0.001217745,0.0001098094,0.7419676,0.9000647,0.147674,0.0006795102,0.5513928,1.451457,0.0024462345436477846,0,0,0,S3_peaking,S3_peaking,S3_peaking
175,6.946075212237851e-05,2.0246022564079035e-07,6.0,0.0006498485563646145,201.50944477236052,1.4745004781305554e-12,83.88341501690059,1.5e-13,1.3554492515545244,1,0,S3_f_peak,3.882302000000001,2884032000.0,3.862064000000001,-10.76312,-6.901056,-6.880818,-10.50096,0.0003389946,0.005934818,0.000875678,0.0001769265,0.7591173,1.2217,0.07596989,0.0003249318,0.5510439,1.772744,0.001169727401456306,0,0,0,S3_f_peak,S3_f_peak,S3_f_peak
176,8.183742159450835e-05,3.6797264301376787e-07,7.0,0.007324202875342006,120.77744241710784,7.236198428847172e-13,178.1666629057142,1.5e-13,1.4934755016530963,1,0,S3_peaking,2.029998,3467369000.0,1.824059,2.189343,4.013402,4.219341,-2.552773,0.000185937,0.01684258,0.00295974,0.0005716709,0.71097,0.7198549,0.2456607,0.003662101,0.4276807,1.147536,0.01318356517561561,0,0,0,S3_peaking,S3_f_peak,S3_peaking
177,9.481887563826445e-05,2.1930354736221862e-07,4.0,0.005370683667867183,433.0381793168369,2.0704358599260181e-13,365.8405839096897,1.5e-13,1.3364653074764594,1,0,S3_peaking,0.6948291000000001,3019952000.0,0.6633511,0.8955269,1.558878,1.590356,-3.352341,0.0002469003,0.0222279,0.003501164,0.001312591,0.7300527,0.4216418,0.1445854,0.002685342,0.3959512,0.817593,0.00966723060216093,0,0,0,S3_peaking,S3_peaking,S3_peaking
178,3.232671380906381e-05,6.399532854758841e-07,5.0,0.005687719150543192,629.3774436022534,7.99554993260953e-13,368.69478462445795,1.5e-13,1.2637210549589113,1,1,,7.350975999999999,1659587000.0,6.842314,-3.886392,2.955922,3.464584,-7.789146,0.000312312,0.006385468,0.001499207,0.000295014,0.5942703,0.8139717,0.469601,0.00284386,-0.0624879,0.7514838,0.010237894470977747,1,1,1,,,
179,5.4381477157525887e-05,2.3213121370264788e-07,4.0,0.0007559086698026883,323.0794197476475,7.747283219998865e-13,120.65639953725801,1.5e-13,1.5463842512253967,1,0,S3_f_peak,5.191127000000001,3019952000.0,5.127070000000001,-9.317106,-4.190036,-4.125979,-9.977614,0.0003338497,0.00622652,0.0009047829,0.0001562982,0.7737297,1.06303,0.09441602,0.0003779544,0.6913672,1.754397,0.001360635605644839,0,0,0,S3_f_peak,S3_f_peak,S3_f_peak
180,8.934867193818893e-05,7.770254241632293e-07,6.0,0.0009706236265971856,288.48367837357017,2.6358242622768023e-13,106.37874884745874,1.5e-13,1.562708540836992,1,0,S3_f_peak,5.711885,19952620000.0,1.6263930000000002,-10.59338,-8.966987,-4.881495,-4.879347,0.0004758506,0.005262364,0.0008923725,3.050454e-05,0.7226622,1.068786,0.1635138,0.0004853119,0.679587,1.748373,0.0017471225278749341,0,0,0,S3_f_peak,S3_f_peak,S3_f_peak
181,9.882066580890457e-05,5.668550860508824e-07,5.0,0.0014037378312934522,456.2359024061093,1.2441054259839564e-12,103.91169861308042,1.5e-13,1.14621946051653,1,0,S3_f_peak,8.773806,3630781000.0,8.683885,-11.70594,-3.022055,-2.932134,-3.750786,0.0003057079,0.007900592,0.001493177,4.962801e-05,0.6629771,1.401184,0.1485439,0.0007018695,0.3258819,1.727066,0.002526728096328214,0,0,0,S3_f_peak,S3_f_peak,S3_f_peak
182,9.976404626568054e-05,2.3722110631219873e-07,2.0,0.0009447291876718485,95.38850048985329,6.982649572630677e-13,130.28969116910739,1.5e-13,1.2522760159539843,1,0,S3_peaking,0.7139149999999999,3019952000.0,0.6740049999999997,-2.493835,-1.81983,-1.77992,-7.09739,0.0002516303,0.008661712,0.001344825,0.0001494281,0.7244955,1.278448,0.07650654,0.0004723646,0.4600068,1.738455,0.0017005125378093274,0,0,0,S3_peaking,S3_peaking,S3_peaking
183,5.165736251269068e-05,5.435568060376236e-07,2.0,0.003205445299383582,104.79570485360402,7.0517938306257426e-12,149.6224225208392,1.5e-13,1.45140995085835,1,1,,3.0030256,1258925000.0,2.7134104,-2.316261,0.3971494,0.6867646,-5.92306,0.0002414959,0.007658207,0.001406108,0.0001043179,0.679915,1.143483,0.2614843,0.001602723,0.4167141,1.560197,0.005769801538890448,0,1,1,S3_peaking,,
184,5.754262593290608e-05,1.8227032423916845e-07,3.0,0.000777238366014318,494.0045399839736,1.2620427333114715e-12,66.95940652473551,1.5e-13,1.5093467684318638,1,0,S3_f_peak,8.655795000000001,3162278000.0,8.610026000000001,-16.24724,-7.637214,-7.591445,-10.80101,0.0003461473,0.00673493,0.0008538626,0.0001692346,0.7870934,1.11208,0.07393266,0.0003886304,0.6618983,1.773978,0.0013990290588257724,0,0,0,S3_f_peak,S3_f_peak,S3_f_peak
185,8.37519692284391e-05,1.6744892864945752e-07,8.0,0.0007463120773129957,834.8617399535672,1.2535632868038444e-13,128.98546525091945,1.5e-13,1.5949734547912535,1,0,S3_f_peak,5.825029000000001,6025596000.0,3.92211,-13.77265,-9.85054,-7.947621,-11.03904,0.000540479,0.006835874,0.0007535359,0.0002505179,0.8172623,0.9787874,0.06552435,0.0003731561,0.7730809,1.751868,0.0013433617391633923,0,0,0,S3_f_peak,S3_f_peak,S3_f_peak
186,4.819581439102762e-05,4.0754562347195874e-07,2.0,0.0007212288249107829,293.8492483889631,3.494669407601112e-12,332.0752353062342,1.5e-13,1.3254208697026728,1,0,S3_f_peak,4.3462060000000005,794328200.0,2.652399,-1.431533,1.220866,2.914673,-9.254469,0.0003035286,0.004662306,0.0007988749,4.85719e-05,0.7047185,1.191165,0.1271946,0.0003606144,0.4890838,1.680248,0.0012982118848394093,0,0,0,S3_f_peak,S3_f_peak,S3_f_peak
187,2.362483557997674e-05,8.469597137517607e-07,7.0,0.0033371887100477836,546.7543636589297,9.050674911893731e-13,185.1867230213191,1.5e-13,1.5410037874648583,1,1,,5.815397,1905461000.0,5.724479,-10.2989,-4.574421,-4.483503,-9.881862,0.0004467362,0.003769587,0.000802187,7.630531e-05,0.6443101,1.32444,0.5007469,0.001668594,0.1665582,1.490998,0.00600693967808601,1,1,1,,,
188,2.368001481855814e-05,1.7406112763057968e-07,6.0,0.007766174159371997,326.016553961254,2.0285734663819202e-13,59.42992515470333,1.5e-13,1.2472178812647763,1,0,S3_f_peak,6.466346,10471290000.0,2.52562,-14.00123,-11.47561,-7.534884,-8.818079,0.0004275961,0.01065273,0.002013464,0.0004851841,0.7161861,1.5271,0.2445868,0.003883087,0.04212216,1.569222,0.013979113486869595,0,0,0,S3_f_peak,S3_f_peak,S3_f_peak
189,7.436594294965759e-05,3.6665173665191125e-07,1.0,0.0038494748768551847,77.93177528586294,1.352700940507476e-12,124.2753243777042,1.5e-13,1.3466382422748109,1,0,S3_peaking,2.0021207800000003,3311311000.0,1.88104078,0.01096022,1.892001,2.013081,-3.964579,0.0001966631,0.01313412,0.002304759,0.0001751556,0.6894231,1.158151,0.183984,0.001924739,0.402651,1.560802,0.006929054778339333,0,0,0,S3_peaking,S3_f_peak,S3_peaking
190,6.117267012330246e-05,2.792143047825797e-07,4.0,0.0021868284713472547,738.6730546670373,1.8868177380740966e-12,141.19976724578515,1.5e-13,1.437985357048638,1,0,S3_peaking,14.152986,2089296000.0,14.108471000000002,-11.48075,2.627721,2.672236,-5.409716,0.0002224673,0.0111335,0.001796815,0.0002346868,0.7357682,1.113572,0.1437021,0.001093415,0.5320377,1.64561,0.003936291248425059,0,0,0,S3_peaking,S3_peaking,S3_peaking
191,5.848142414324617e-05,2.0090854929280594e-07,1.0,0.0032375972659975357,273.1153905050229,5.567062643544994e-13,449.2080381930142,1.5e-13,1.361157741429923,1,0,S3_peaking,2.2544750000000002,2187762000.0,2.2113500000000004,5.341968,7.553318,7.596443,-3.510062,0.0001871868,0.0150465,0.002181101,0.0005148386,0.7387369,0.6441308,0.123844,0.001618799,0.4286918,1.072823,0.005827675078795565,0,0,0,S3_peaking,S3_peaking,S3_peaking
192,8.111028765407462e-05,7.862334424003681e-07,7.0,0.0006284692155489211,271.7490877930058,1.406043716710995e-13,78.47684000296552,1.5e-13,1.1273528937299504,1,0,S3_f_peak,6.978172000000001,19952620000.0,0.8867000000000012,-14.53349,-13.64679,-7.555318,-7.550973,0.0006227148,0.003921405,0.0007606279,1.806477e-05,0.6602124,1.441821,0.1405962,0.0003142346,0.3335186,1.775339,0.0011312445879880582,0,0,0,S3_f_peak,S3_f_peak,S3_f_peak
193,8.219289566482433e-05,3.6894232572056684e-07,8.0,0.004703184253057236,380.41280613835954,1.018656233026092e-12,193.01287288428924,1.5e-13,1.1305679179318995,1,0,S3_f_peak,9.561271999999999,2754229000.0,9.528541,-3.825508,5.703033,5.735764,-2.843762,0.0002009242,0.01510463,0.002938288,0.0002526075,0.6651486,1.149616,0.2050234,0.002351592,0.1964965,1.346112,0.008465731655503024,0,0,0,S3_f_peak,S3_f_peak,S3_f_peak
194,6.420933078180842e-05,2.3111610089267832e-07,8.0,0.0019859120050500943,641.5853409129055,3.14245597475642e-13,642.852666257595,1.5e-13,1.5932297818589578,1,0,S3_peaking,2.5683519999999995,1905461000.0,2.426949,2.344269,4.771218,4.912621,-6.101534,0.000254198,0.01122942,0.001703978,0.0003760498,0.7990193,0.507185,0.135334,0.0009929657,0.6544906,1.161676,0.0035746416090901697,0,0,0,S3_peaking,S3_peaking,S3_peaking
195,4.655845695322439e-05,1.8121937119948497e-07,6.0,0.0009789194099325941,739.2193263110954,3.1750928909548846e-12,67.33362949521445,1.5e-13,1.1559705575777115,1,1,,11.935202,1995262000.0,11.920451,-18.70317,-6.782719,-6.767968,-10.54956,0.0003132099,0.007064079,0.001121686,0.0001636943,0.7548065,1.43933,0.0917135,0.0004894597,0.3277114,1.767042,0.0017620549378786696,1,0,0,,S3_peaking,S3_peaking
196,4.627240651222684e-05,6.233360679911005e-07,7.0,0.006258760139829519,253.4098615557761,1.1887084444747013e-13,81.42778601682268,1.5e-13,1.1749112845783474,1,0,S3_f_peak,1.4309970000000014,9549926000.0,0.38455000000000084,-10.41829,-10.03374,-8.987293,-9.465737,0.0004347887,0.008873355,0.001970944,0.0001128575,0.6038159,1.574428,0.4057914,0.00312938,-0.0292472,1.545181,0.011265768251693134,0,0,0,S3_f_peak,S3_f_peak,S3_f_peak
197,8.325854968050529e-05,6.301114649072617e-07,1.0,0.0017820963834720726,119.1222009076166,2.4718953018733253e-13,653.0141054945859,1.5e-13,1.4295182857832696,1,0,S3_peaking,-0.00021700000000102193,10000000.0,-5.864022,9.79687,3.932848,9.796653,-5.176951,0.0002650399,0.007538677,0.001346784,9.031025e-05,0.687297,0.6925768,0.1879752,0.0008910482,0.5255562,1.218133,0.0032077734902497307,0,0,0,S3_peaking,S3_peaking,S3_peaking
198,4.0503147486934844e-05,6.70888969237239e-07,5.0,0.0011896319173354299,175.19629738562028,3.4540823158954907e-12,103.32447817736154,1.5e-13,1.1120693635677674,1,0,S3_peaking,2.870975999999999,2290868000.0,2.869281999999999,-10.58284,-7.713558,-7.711864,-8.517245,0.0004069781,0.004113492,0.0008192079,2.726626e-05,0.6491141,1.534226,0.2243839,0.000594816,0.2043143,1.73854,0.0021413374512037737,0,1,0,S3_f_peak,,S3_peaking
199,8.228017983549908e-05,1.9707673619106245e-07,7.0,0.0019808606213035105,88.79335773100814,6.9238400884807625e-12,155.42345435090425,1.5e-13,1.2759822611740774,1,1,,4.037508000000001,1445440000.0,3.765741,1.684929,5.45067,5.722437,-3.808863,0.0001642105,0.01410595,0.002157286,0.0004192188,0.7427485,1.214859,0.1006183,0.0009904303,0.4312046,1.646063,0.0035655491183463187,1,1,1,,,
200,4.017386541528354e-05,3.4623863864781545e-07,4.0,0.005542190838211666,291.63641918238034,2.681036009520375e-13,124.5835908621223,1.5e-13,1.332935015639761,1,0,S3_f_peak,3.971734,5754399000.0,2.5434349999999997,-7.021109,-4.477674,-3.049375,-7.30435,0.0003219718,0.01008347,0.001929965,0.0002493272,0.6738311,1.232872,0.2735821,0.002771096,0.2218953,1.454767,0.009975943508781,0,0,0,S3_f_peak,S3_f_peak,S3_f_peak
201,8.364299212820194e-05,2.3328112469492042e-07,3.0,0.0038756473834917512,69.3698927433618,6.031668039819204e-13,133.9773309188541,1.5e-13,1.5907154454912846,1,0,S3_peaking,0.3636050000000002,3467369000.0,0.2985760000000002,2.747795,3.046371,3.1114,-2.495564,0.000170427,0.01882455,0.00270103,0.0005423485,0.7590664,0.8901681,0.1353092,0.001937824,0.6502074,1.540376,0.006976165290285152,0,0,0,S3_peaking,S3_peaking,S3_peaking
202,8.544540524846072e-05,7.262087715348069e-07,6.0,0.0032319277336454555,108.77136287487659,9.02980834016866e-13,53.66602785168924,1.5e-13,1.205020259865619,1,0,S3_f_peak,5.934879,19952620000.0,1.998149999999999,-10.28108,-8.28293,-4.346201,-4.341678,0.000318259,0.009157309,0.001834663,6.778216e-05,0.6411968,1.463627,0.2566863,0.001615964,0.2496494,1.713277,0.00581746992056182,0,0,0,S3_f_peak,S3_f_peak,S3_f_peak
203,3.3414457768759126e-05,7.717865827736998e-07,4.0,0.0007096367783116165,104.11016124817371,6.462138940855551e-13,251.23437655506305,1.5e-13,1.2374104268102089,1,0,S3_peaking,-9.000000000369823e-06,10000000.0,-0.6722229999999998,-4.684628,-5.356851,-4.684637,-9.300557,0.0004633527,0.002724735,0.0005201127,1.646105e-05,0.6700613,1.37629,0.2141339,0.0003548184,0.3345675,1.710857,0.0012773462009609098,0,0,0,S3_peaking,S3_peaking,S3_peaking
204,3.954260926980974e-05,2.084180032833931e-07,3.0,0.004838899858184723,808.6858160950636,6.231323867324599e-12,430.5000101260299,1.5e-13,1.4882198597446112,1,0,S3_f_peak,12.383413,724436000.0,11.128755,-4.014275,7.11448,8.369138,-5.485915,0.0001779811,0.01097002,0.001762626,0.001619833,0.7474458,0.3470952,0.1940218,0.00241945,0.4113316,0.7584268,0.0087100197447325,0,0,0,S3_f_peak,S3_f_peak,S3_f_peak
205,3.4214673110741266e-05,1.929657896778485e-07,7.0,0.0032282043787222312,69.66746590511389,4.410000404249792e-12,81.53426910443142,1.5e-13,1.229636201560388,1,0,S3_peaking,2.8619149999999998,2511886000.0,2.8616539999999997,-4.342579,-1.480925,-1.480664,-6.455729,0.0002140398,0.01117702,0.001963746,0.0003839076,0.7257282,1.400032,0.1714309,0.001614102,0.2683632,1.668395,0.0058107678817000165,0,0,0,S3_peaking,S3_f_peak,S3_peaking
206,9.177117823164568e-05,3.8864251447481806e-07,5.0,0.0006312515850347571,459.89386583262086,1.3955871705663068e-12,254.66326692238192,1.5e-13,1.2894428969914171,1,1,,6.180823999999999,1380384000.0,5.5539922,-5.121356,0.4326362,1.059468,-6.46306,0.000301075,0.005411231,0.0009246716,5.797327e-05,0.7119397,1.21656,0.09443493,0.0003156258,0.5030611,1.719621,0.0011362528530625628,1,1,1,,,
207,6.444153711099961e-05,3.3551755442173257e-07,4.0,0.005773030332660713,311.7415944548855,2.1195236846530272e-12,363.0786984468498,1.5e-13,1.2308643308190599,1,1,,7.533859999999999,1445440000.0,6.826435999999999,2.010716,8.837152,9.544576,-3.580528,0.000176277,0.01344066,0.002586804,0.0007194766,0.6681737,0.5373553,0.2273193,0.002886515,0.2146125,0.7519678,0.010391454598789285,1,1,1,,,
208,4.5884634834764804e-05,3.0366395072980744e-07,8.0,0.0011911173093727215,285.9247072234668,9.98355660497598e-12,67.68256975176399,1.5e-13,1.390332703272807,1,1,,6.358906,1318257000.0,6.305426000000001,-13.59712,-7.291694,-7.238214,-10.26919,0.0003179236,0.0065216,0.001131553,8.597472e-05,0.7524034,1.266579,0.1429611,0.0005955604,0.4931119,1.759691,0.0021440111568708986,1,1,1,,,
209,9.354886672793936e-05,6.787396328854294e-07,3.0,0.006699931243504824,199.04466164950827,4.597173184499552e-13,80.38127362682584,1.5e-13,1.5442742550270105,1,0,S3_f_peak,4.764392,10000000000.0,2.8475989999999998,-7.881762,-5.034163,-3.11737,-3.264298,0.0002946293,0.01277426,0.00240623,0.0001865608,0.671491,1.099173,0.3192463,0.003349966,0.4315525,1.530725,0.012059876238308684,0,0,0,S3_f_peak,S3_f_peak,S3_f_peak
210,3.855599775679306e-05,2.210462399076484e-07,4.0,0.0017209090274624007,716.0883899845023,7.904891722755916e-12,148.0344056746545,1.5e-13,1.583290998818792,1,0,S3_f_peak,12.917893000000001,912010800.0,12.524222000000002,-11.25298,1.271242,1.664913,-7.493628,0.000224749,0.008675088,0.001281094,0.0002554512,0.7793102,1.032464,0.1421639,0.000860455,0.6401592,1.672623,0.003097636249432321,0,0,0,S3_f_peak,S3_f_peak,S3_f_peak
211,2.1382616877812174e-05,4.7353495028074853e-07,5.0,0.0018101490714417345,94.53353382342205,9.573860331249503e-12,81.75773259412945,1.5e-13,1.292507847063015,1,0,S3_peaking,1.6719229999999996,1318257000.0,1.6037510000000008,-11.52739,-9.923639,-9.855467,-13.30714,0.0004377879,0.003991614,0.0007568815,4.598309e-05,0.6785615,1.503299,0.2931679,0.0009050745,0.2227028,1.726002,0.0032582683285951224,0,0,0,S3_peaking,S3_peaking,S3_peaking
212,9.694723051286602e-05,4.795893444292064e-07,4.0,0.005611302301540224,816.1745859126664,8.84533143974112e-12,170.64108141279047,1.5e-13,1.380471248205161,1,0,S3_peaking,17.699251,954992600.0,17.122974,-10.30782,6.815154,7.391431,-1.448702,0.0001615535,0.01499774,0.002748,0.0002619677,0.6789852,0.9389246,0.2360875,0.002805654,0.3823161,1.321241,0.010100344142772402,0,0,0,S3_f_peak,S3_peaking,S3_peaking
213,7.059742012043363e-05,5.221313515138793e-07,3.0,0.004302810214122274,838.1358103773455,1.885097818714983e-13,75.77415206326609,1.5e-13,1.3577107591788455,1,0,S3_f_peak,11.062076000000001,10000000000.0,7.12242,-17.92961,-10.80719,-6.867534,-7.297812,0.000556015,0.01073092,0.002012358,0.0001338771,0.6687845,1.28953,0.2519734,0.002151405,0.3474491,1.636979,0.007745058385420094,0,0,0,S3_f_peak,S3_f_peak,S3_f_peak
214,6.0626300116247675e-05,5.957789864670963e-07,4.0,0.0019380829333194036,195.5826109455326,1.0936641026051356e-12,195.7540218490278,1.5e-13,1.1380435611876467,1,1,,3.0262574,2187762000.0,2.9894115,-2.672737,0.3166745,0.3535204,-5.545841,0.0002852248,0.006808533,0.001344497,5.337917e-05,0.6460976,1.373884,0.2125927,0.0009690415,0.2364208,1.610305,0.0034885492799749266,0,1,1,S3_peaking,,
215,9.076628936852666e-05,3.978598989285474e-07,8.0,0.002157729401428952,647.2333991410019,1.7165866181748757e-12,467.82985398904117,1.5e-13,1.536825252601496,1,0,S3_f_peak,10.712657799999999,1148154000.0,8.8937598,-0.2658978,8.627862,10.44676,-3.890142,0.0002015589,0.01086051,0.001779727,0.000187432,0.7441565,0.671578,0.1571365,0.001078865,0.6236969,1.295275,0.0038839129225721135,0,0,0,S3_f_peak,S3_f_peak,S3_f_peak
216,5.942915372130397e-05,1.6872098798561167e-07,7.0,0.0026315153517789394,392.9228332968068,2.497867030100645e-12,56.864800198034686,1.5e-13,1.3813625712848394,1,0,S3_f_peak,12.048672,3311311000.0,11.993884,-14.44506,-2.451176,-2.396388,-5.593688,0.0002124202,0.0144281,0.001873846,0.000495423,0.7839242,1.236088,0.1126324,0.001315764,0.4890914,1.725179,0.004736727633202091,0,0,0,S3_f_peak,S3_f_peak,S3_f_peak
217,9.319111038517977e-05,1.606751127280067e-07,1.0,0.0007665988886345951,128.08283492882273,1.3042050898268843e-12,75.80435953331822,1.5e-13,1.406705538612174,1,0,S3_f_peak,2.748667000000001,3630781000.0,2.621386000000001,-8.965851,-6.344465,-6.217184,-9.528745,0.0002857283,0.007277339,0.0008830093,0.0001864472,0.78384,1.178164,0.05286558,0.0003833011,0.5927802,1.770944,0.0013798779995422713,0,0,0,S3_peaking,S3_f_peak,S3_f_peak
218,3.715315548719354e-05,4.960657808009934e-07,4.0,0.004988164594091366,122.42279284902077,2.5619613669425454e-13,477.51230845002146,1.5e-13,1.5138681870630974,1,0,S3_peaking,-5.4799999999910476e-05,10000000.0,-2.3056077999999998,-0.6062532,-2.911861,-0.606308,-9.750327,0.0003454464,0.005812106,0.001152421,0.002876571,0.6705311,0.356993,0.3735003,0.002494082,0.252052,0.609045,0.008978696269364459,0,0,0,S3_peaking,S3_peaking,S3_peaking
219,5.173111361789025e-05,9.623191571251519e-07,7.0,0.0014785331852331433,260.96864893373305,2.6497984769151794e-12,347.50190638156306,1.5e-13,1.2744672865905577,1,0,S3_f_peak,3.3378759999999996,912010800.0,2.0587834,-1.075689,0.9830944,2.262187,-3.729138,0.0003150418,0.004270933,0.0008319995,2.925096e-05,0.6591296,1.239516,0.2775854,0.0007392666,0.3035876,1.543103,0.0026613597334196578,0,0,0,S3_f_peak,S3_f_peak,S3_f_peak
220,2.0289743810300016e-05,1.7056304607290232e-07,5.0,0.00311299529941651,257.80932829908096,6.935460223559813e-13,232.19314001822664,1.5e-13,1.4303908527385363,1,0,S3_f_peak,3.798391,2630268000.0,3.795776,-1.967349,1.828427,1.831042,-8.306119,0.0002556371,0.007843581,0.001146457,0.000347069,0.7771161,1.073077,0.1918077,0.001556498,0.3655149,1.438592,0.005603391538949718,1,0,0,,S3_f_peak,S3_f_peak
221,6.951895832455961e-05,1.5782097079671762e-07,1.0,0.0007142034351735688,733.829331059014,3.839799542707151e-12,90.53968292872702,1.5e-13,1.4620093215379126,1,1,,11.171132999999998,1445440000.0,11.077841999999999,-16.03993,-4.962088,-4.868797,-10.11025,0.0002767205,0.006583262,0.0007675478,0.000178249,0.7906874,1.134693,0.05523914,0.0003571077,0.6329749,1.767668,0.0012855661833124238,1,1,1,,,
222,2.5187292439314763e-05,4.452702398924723e-07,5.0,0.0015741905288141512,194.73998736411843,3.9969630413935985e-13,81.14911639347437,1.5e-13,1.5781885028596085,1,0,S3_f_peak,1.9007300000000011,5011872000.0,1.3868500000000008,-12.64713,-11.26028,-10.7464,-13.11911,0.0004964421,0.004310842,0.0007267082,5.531299e-05,0.7393184,1.209232,0.2511872,0.0007870955,0.526896,1.736128,0.002833542951865472,0,0,0,S3_f_peak,S3_f_peak,S3_f_peak
223,6.691388725944262e-05,1.7787035167170204e-07,2.0,0.004436873655793581,465.0804312917697,6.7429664163093164e-12,118.07384162138612,1.5e-13,1.5143968111038384,1,0,S3_peaking,15.472808,1584893000.0,15.349132999999998,-8.681434,6.667699,6.791374,-1.008231,0.0001342913,0.02070329,0.002664286,0.0005955888,0.7727053,0.9810471,0.1180007,0.002218437,0.5570136,1.538061,0.007986372580428445,0,0,0,S3_peaking,S3_peaking,S3_peaking
224,5.909564682544943e-05,4.538978480158413e-07,4.0,0.004695137830439758,177.16450878087264,1.5929938304264757e-12,232.87078888705443,1.5e-13,1.2933176373719224,1,1,,4.232498,1995262000.0,4.093001,1.037788,5.130789,5.270286,-4.622672,0.0002093277,0.01057192,0.002024096,0.0002142035,0.6627628,0.9942322,0.260587,0.002347569,0.2590876,1.25332,0.008451248094791565,1,1,1,,,
225,8.245791137811284e-05,2.261448745174203e-07,4.0,0.0067858590674094955,94.8164999916493,1.254191875440889e-12,71.39546376399473,1.5e-13,1.2223650765158123,1,0,S3_f_peak,5.1961770000000005,5754399000.0,3.928825,-3.093883,0.834942,2.102294,-1.314244,0.0001633655,0.02339084,0.003966918,0.0007366747,0.6951699,1.275435,0.1598047,0.00339293,0.2823242,1.557759,0.012214546321337092,0,0,0,S3_f_peak,S3_f_peak,S3_f_peak
226,7.99134981502462e-05,1.8930136200065367e-07,7.0,0.0014525901935429485,157.07774197277962,1.3483986968910989e-12,64.84542118940266,1.5e-13,1.119860605845329,1,0,S3_f_peak,5.182829000000001,4365158000.0,4.827903000000001,-9.032044,-4.204141,-3.849215,-7.044832,0.0002443019,0.01130382,0.001802172,0.0003079855,0.7279468,1.437499,0.0862304,0.0007262951,0.3154014,1.7529,0.0026146623483773073,0,0,0,S3_f_peak,S3_f_peak,S3_f_peak
227,3.149293192984459e-05,1.5431359721896025e-07,4.0,0.0008498394558497615,523.9638017301893,2.9339229165507406e-13,85.8134851512123,1.5e-13,1.2476441377984937,1,0,S3_f_peak,6.437911,5248075000.0,5.282920000000001,-15.10683,-9.82391,-8.668919,-12.56453,0.0004747714,0.005532952,0.0006270261,0.0002565059,0.7817244,1.323819,0.08087917,0.0004249197,0.4397162,1.763536,0.0015297110205295707,0,0,0,S3_f_peak,S3_f_peak,S3_f_peak
228,8.238133197844809e-05,6.21635275262684e-07,8.0,0.0007254558967301026,56.75456626693895,2.514168952162543e-12,333.8096176294725,1.5e-13,1.2142649696621142,1,0,S3_nyq_boost,0.01730900000000002,478630100.0,-1.4040669999999997,2.576173,1.172106,2.593482,-4.154486,0.0002944427,0.004706016,0.000865362,2.657869e-05,0.6873839,1.274321,0.1324125,0.0003627307,0.4045968,1.678917,0.0013058206141141847,0,0,0,S3_nyq_boost,S3_nyq_boost,S3_nyq_boost
229,8.159189224737836e-05,2.710967855834507e-07,3.0,0.00324843999423392,203.16252991825246,5.814968798116466e-12,145.69614395259234,1.5e-13,1.3219656022702204,1,1,,8.495938,1513561000.0,8.268871,-2.120328,6.148543,6.37561,-2.622527,0.0001580923,0.01600444,0.002630972,0.0003378236,0.7116379,1.134438,0.1407007,0.001624222,0.4289196,1.563357,0.005847191989621056,1,1,1,,,
230,3.522936554851936e-05,1.769381604413461e-07,7.0,0.007072976685772641,269.45362520616493,3.1361310518820844e-12,285.0605002594501,1.5e-13,1.1246527673712634,1,1,,8.0330793,1445440000.0,7.5336303000000004,0.8406047,8.374235,8.873684,-3.643895,0.0001677534,0.01372026,0.00272828,0.0007963986,0.7015089,0.7544772,0.2149817,0.003536488,0.03740964,0.7918869,0.012731358034390754,1,1,1,,,
231,3.946799303701126e-05,2.13565611974152e-07,2.0,0.0027248010606153636,83.80286904020969,6.601037514151038e-12,573.8814833955024,1.5e-13,1.13781275851939,1,0,S3_nyq_boost,1.9436699999999991,724436000.0,-0.8629870000000004,10.7431,9.880113,12.68677,-5.478836,0.0001781809,0.01069794,0.001834574,0.0004175484,0.6964655,0.7985738,0.1481511,0.001362401,0.2195697,1.018144,0.004904641909107655,0,0,0,S3_nyq_boost,S3_nyq_boost,S3_nyq_boost
232,2.331989130722483e-05,2.30453784979737e-07,1.0,0.001268206492148216,747.99458281743,2.04018155054535e-12,58.2109302156621,1.5e-13,1.2489876900751782,1,0,S3_f_peak,10.803994,2511886000.0,10.803889,-20.52732,-9.723431,-9.723326,-12.76557,0.0003967456,0.005810692,0.0009498706,0.0001517877,0.7039975,1.411152,0.138953,0.0006341032,0.3519354,1.763087,0.002282771685866789,1,0,0,,S3_f_peak,S3_f_peak
233,4.807720182825771e-05,2.0961872540375962e-07,6.0,0.0011658930606352987,210.38691621651043,1.1645618963536868e-12,649.3525275376154,1.5e-13,1.250917567148948,1,0,S3_nyq_boost,1.3851370000000003,1000000000.0,-0.656498,7.542413,6.885915,8.92755,-8.026365,0.0002297639,0.007801423,0.001310608,0.0002217613,0.747338,1.025753,0.1127446,0.0005829465,0.3957089,1.421462,0.002098607509143538,0,0,0,S3_nyq_boost,S3_nyq_boost,S3_nyq_boost
234,5.504207882297291e-05,3.250272193476143e-07,8.0,0.0005008907782284627,203.6609019406918,1.7429366044241675e-13,561.9118093611895,1.5e-13,1.35046481482695,1,0,S3_peaking,-0.00014100000000016877,10000000.0,-4.524195,3.413303,-1.110892,3.413162,-11.50494,0.0003675122,0.003959259,0.0006844874,4.360281e-05,0.7532494,1.132436,0.1004845,0.0002504481,0.5268356,1.659272,0.0009016034008112329,0,0,0,S3_peaking,S3_peaking,S3_peaking
235,4.6868836149445546e-05,4.6137401594053883e-07,5.0,0.003276514924905419,317.96193252222696,4.333020273168521e-13,434.833299298624,1.5e-13,1.5964670751551888,1,0,S3_peaking,1.234213,1737801000.0,0.95783,2.213817,3.171647,3.44803,-7.223863,0.0002724552,0.007810261,0.001330825,0.0003011243,0.7250526,0.5669359,0.2639991,0.001638257,0.5206952,1.087631,0.0058977268648297545,0,0,0,S3_peaking,S3_peaking,S3_peaking
236,4.826961427381394e-05,1.6928020169947163e-07,3.0,0.0065922013619896065,73.28491337188413,7.790134370241731e-13,211.1619762979979,1.5e-13,1.1956251337021482,1,0,S3_peaking,0.317469,2511886000.0,0.31728000000000023,5.620918,5.938198,5.938387,-2.096392,0.0001601778,0.01786632,0.002760801,0.0008851465,0.7289923,0.9101054,0.1553396,0.003296101,0.1938835,1.103989,0.011865962451581292,0,0,0,S3_peaking,S3_peaking,S3_peaking
237,4.7192522087164535e-05,3.4662294576368073e-07,5.0,0.0015851699085706803,717.3621599162119,2.690104400617589e-12,88.16360546368036,1.5e-13,1.3756332932959328,1,1,,11.843456,1995262000.0,11.816364,-16.12164,-4.305276,-4.278184,-8.682364,0.0002978797,0.007288232,0.001260519,0.0001016188,0.7246617,1.263726,0.1633388,0.000792586,0.4663969,1.730123,0.0028533058354272244,1,0,1,,S3_peaking,
238,8.583573975820556e-05,1.8289635712393767e-07,5.0,0.005126437570728608,198.0547462435736,2.4618500996013227e-13,72.37137113525266,1.5e-13,1.4224077523148653,1,0,S3_f_peak,5.087738,10964780000.0,1.5107469999999994,-6.732428,-5.221681,-1.64469,-2.863999,0.0002458893,0.02520944,0.003454944,0.000711391,0.7628799,1.126278,0.123737,0.002563219,0.4882178,1.614496,0.009227587627311495,0,0,0,S3_f_peak,S3_f_peak,S3_f_peak
239,8.162400185971777e-05,4.121015496509697e-07,1.0,0.002119854781516548,134.8932195476867,2.4227413070246332e-12,658.2348210885156,1.5e-13,1.3558247018080398,1,0,S3_nyq_boost,1.5331100000000006,831763800.0,-1.6382759999999994,10.86234,9.224064,12.39545,-4.222184,0.0001953663,0.01020298,0.001760474,0.0001600695,0.6959859,0.6333036,0.1577726,0.001059928,0.4690153,1.102319,0.0038157386067297866,0,0,0,S3_nyq_boost,S3_nyq_boost,S3_nyq_boost
240,9.045969692454552e-05,4.871544279853091e-07,1.0,0.005198690440493724,123.43169905371825,1.5834190961741847e-12,347.1301991644703,1.5e-13,1.1982705159849323,1,0,S3_peaking,2.021827000000001,1584893000.0,1.5082639999999996,6.811324,8.319588,8.833151,-2.327258,0.00018407,0.01344165,0.002667694,0.0003321431,0.6400101,0.6700894,0.2335028,0.002599345,0.2275994,0.8976888,0.009357642792888704,0,0,0,S3_peaking,S3_peaking,S3_peaking
241,6.277322329423689e-05,8.993059990412057e-07,5.0,0.0005252533524856713,105.46579860639123,2.9624352817926575e-12,420.3481915792547,1.5e-13,1.107271855553362,1,0,S3_nyq_boost,0.45401919999999996,724436000.0,-1.0499564000000001,0.4505578,-0.5993986,0.904577,-3.471093,0.0003556106,0.002996273,0.0005947912,1.3591e-05,0.6476738,1.383388,0.1550061,0.0002626272,0.3062163,1.689604,0.0009454560344742084,0,0,0,S3_nyq_boost,S3_nyq_boost,S3_nyq_boost
242,6.584819242861355e-05,5.055733479361841e-07,5.0,0.0030067599330688833,74.34212890987898,1.8254035991749165e-13,92.04030288331572,1.5e-13,1.5151020015250602,1,0,S3_peaking,-2.9999999995311555e-06,10000000.0,-0.1603639999999995,-4.421261,-4.581625,-4.421264,-7.466401,0.0002765655,0.009265276,0.001594571,0.0001165232,0.7125661,1.139649,0.2267547,0.00150338,0.5219793,1.661628,0.00541216787952399,0,0,0,S3_peaking,S3_peaking,S3_peaking
243,9.369012290325797e-05,8.205973123077867e-07,7.0,0.0006926523210657272,787.8950153902631,4.1212266086173496e-13,241.06785394904114,1.5e-13,1.528230948454603,1,0,S3_f_peak,6.160684999999999,3981072000.0,6.029594999999999,-9.193786,-3.164191,-3.033101,-3.125661,0.0004506444,0.004341782,0.0007399283,2.288099e-05,0.721888,1.042227,0.1445179,0.0003463269,0.6742853,1.716512,0.001246774177918309,0,0,0,S3_f_peak,S3_f_peak,S3_f_peak
244,9.161814256043186e-05,5.240439079151844e-07,4.0,0.0011249996082007129,72.15589462298097,4.625616309466478e-12,370.0003613294095,1.5e-13,1.1030151155464212,1,0,S3_nyq_boost,0.99179,831763800.0,-0.9740200000000003,5.881964,4.907944,6.873754,-3.821564,0.0002358997,0.007032455,0.001329446,4.981193e-05,0.6600427,1.28824,0.134243,0.0005625,0.3036328,1.591873,0.002024999294761283,0,0,0,S3_nyq_boost,S3_nyq_boost,S3_nyq_boost
245,9.22711840375459e-05,7.435578221233125e-07,4.0,0.0007261647243506634,229.871466900182,4.566740889510282e-13,238.51214887444763,1.5e-13,1.2036145408606151,1,0,S3_peaking,0.8010980000000001,2398833000.0,0.8004290000000003,-3.377304,-2.576875,-2.576206,-3.594546,0.0003786745,0.004683372,0.000883145,2.293107e-05,0.6656165,1.308463,0.1363606,0.0003630824,0.4049371,1.7134,0.0013070965038311942,0,0,0,S3_peaking,S3_peaking,S3_peaking
246,6.014391819726473e-05,4.928924747905622e-07,4.0,0.001939965133150029,50.94269632594359,7.865386219110267e-12,719.3086431361891,1.5e-13,1.1722991761448114,1,0,S3_nyq_boost,0.3633299999999995,436515800.0,-4.694701,12.24187,7.547169,12.6052,-5.634538,0.0002195204,0.007422432,0.001408104,0.0001065378,0.6632923,0.8269986,0.1939125,0.0009699827,0.2752846,1.102283,0.0034919372396700525,0,0,0,S3_nyq_boost,S3_nyq_boost,S3_nyq_boost
247,9.441214734347655e-05,2.119173546875574e-07,2.0,0.0038123223236689496,247.8670532741803,5.731686227324759e-13,534.2790478630288,1.5e-13,1.408925293708867,1,0,S3_peaking,0.6953800000000001,1737801000.0,0.525817,6.946004,7.471821,7.641384,-2.367381,0.0001751538,0.01928626,0.002805224,0.001357561,0.7447572,0.2965366,0.1239104,0.001906161,0.4850414,0.781578,0.00686218018260411,0,0,0,S3_peaking,S3_peaking,S3_peaking
248,7.422367280779357e-05,4.45193206898717e-07,3.0,0.001348176514035565,574.1334337285565,8.380892261263546e-13,140.6033280389664,1.5e-13,1.2244101925279065,1,0,S3_f_peak,9.203069000000001,2754229000.0,9.185559000000001,-10.54362,-1.358061,-1.340551,-6.135799,0.0003107077,0.007654419,0.001377117,7.104745e-05,0.6815917,1.318473,0.1426458,0.0006740883,0.3867464,1.70522,0.002426717725264017,0,0,0,S3_f_peak,S3_f_peak,S3_f_peak
249,7.028164952229501e-05,3.9478563594519226e-07,4.0,0.0008099133473995326,348.521231926689,6.749596094456141e-12,55.23451938101467,1.5e-13,1.576676858449128,1,0,S3_f_peak,7.433910000000001,19952620000.0,6.730328000000002,-16.64833,-9.918002,-9.21442,-9.213121,0.0003656394,0.005841438,0.0009206337,6.697957e-05,0.750507,1.058086,0.1158462,0.0004049567,0.7195466,1.777632,0.0014578440253191587,0,0,0,S3_f_peak,S3_f_peak,S3_f_peak
250,3.8998063980906166e-05,3.9529085981993e-07,7.0,0.0021791312315030445,379.699894687937,1.116315038820617e-13,681.5413726236121,1.5e-13,1.4930042873739666,1,0,S3_peaking,-0.00018099999999954264,10000000.0,-4.8490583,4.653867,-0.1951913,4.653686,-10.59844,0.0003408303,0.006586536,0.001137853,0.0001841879,0.7359776,0.5812586,0.2269022,0.001089567,0.4761574,1.057416,0.0039224362167054804,0,0,0,S3_peaking,S3_peaking,S3_peaking
251,6.397655377051623e-05,9.075738871414369e-07,4.0,0.0026170242152494345,659.0657690847826,4.2557186118724155e-12,445.9788466773083,1.5e-13,1.200277743665034,1,0,S3_f_peak,9.709038,630957300.0,7.01064,-2.113529,4.897111,7.595509,-2.188309,0.0002509245,0.006159888,0.001290075,6.380344e-05,0.6198179,1.014479,0.3033069,0.001308512,0.2019526,1.216431,0.004710643587448982,0,0,0,S3_f_peak,S3_f_peak,S3_f_peak
252,9.376267590425053e-05,5.538547675600632e-07,3.0,0.003299993483547502,259.18360693813725,2.336744127466064e-13,247.571893762969,1.5e-13,1.4553117795055963,1,0,S3_peaking,0.11998397,1819701000.0,0.07052797000000001,0.03351973,0.1040477,0.1535037,-4.749615,0.0002928502,0.01119792,0.001986388,0.0001406115,0.6935346,0.8907369,0.2128325,0.001649997,0.5007702,1.391507,0.005939988270385504,0,0,0,S3_nyq_boost,S3_peaking,S3_peaking
253,7.911662068269402e-05,3.485929233022418e-07,4.0,0.0015191860586345593,485.2655781539942,2.6676324434642414e-12,77.24475149513518,1.5e-13,1.1846167012365276,1,1,,10.923250999999999,2398833000.0,10.922958999999999,-14.18386,-3.260901,-3.260609,-6.384171,0.0002603627,0.009483738,0.001687887,0.0001230391,0.6874607,1.381578,0.1269891,0.0007595933,0.3597459,1.741324,0.0027345349055422066,1,0,1,,S3_f_peak,
254,8.74720962702917e-05,2.430325369448265e-07,8.0,0.006002549851139842,159.7818799798967,2.1799563534781762e-13,203.08048230667004,1.5e-13,1.498005958734039,1,0,S3_peaking,-7.000000000090267e-06,10000000.0,-0.38406300000000027,2.636578,2.252515,2.636571,-3.308773,0.0002041028,0.02141285,0.003440716,0.0007933308,0.7561056,0.6831452,0.1751932,0.003001275,0.5073544,1.1905,0.010804589732051716,0,0,0,S3_peaking,S3_peaking,S3_peaking
255,4.4330123183349315e-05,4.2775952495199286e-07,2.0,0.007155475361730653,707.9562061355697,5.63883637572986e-13,152.83008796366735,1.5e-13,1.1987247623739201,1,0,S3_f_peak,11.3749944,3467369000.0,11.048468987,-11.05218,-0.003711013,0.3228144,-6.273698,0.000310719,0.009858293,0.0021434,0.0002557457,0.6081037,1.223239,0.314372,0.003577738,0.02997485,1.253214,0.012879855651115175,0,0,0,S3_f_peak,S3_f_peak,S3_f_peak
256,9.559080668186905e-05,1.9055364903046105e-07,4.0,0.004820859511789279,74.64020555564387,1.0250527410144216e-12,105.35207645148623,1.5e-13,1.5776648473690587,1,0,S3_f_peak,2.8974310000000005,5011872000.0,2.03005,1.739823,3.769873,4.637254,-0.2955431,0.0001455772,0.02526776,0.003308823,0.0007872971,0.77557,0.9094144,0.1194685,0.00241043,0.6366418,1.546056,0.008677547121220703,0,0,0,S3_f_peak,S3_f_peak,S3_f_peak
257,9.804999474176897e-05,3.409607359043104e-07,5.0,0.0007275507279614457,101.68895900581023,7.1063700554616686e-12,157.25629658327645,1.5e-13,1.538952722842797,1,0,S3_peaking,2.4009578,1096478000.0,2.0071909,-2.824849,-0.8176581,-0.4238912,-6.319585,0.0002616814,0.006405462,0.0009942141,8.753935e-05,0.7537676,1.028097,0.09200661,0.0003637808,0.7146968,1.742794,0.0013095913103306023,0,0,0,S3_peaking,S3_peaking,S3_peaking
258,3.745632027767077e-05,9.46409125453061e-07,3.0,0.0007626655466798295,51.27592351123247,5.559826965680241e-12,198.21240604696544,1.5e-13,1.2155442767223148,1,0,S3_peaking,0.42275500000000044,1445440000.0,0.34607600000000005,-6.192274,-5.846198,-5.769519,-6.624166,0.0004415421,0.0026856,0.0005327278,1.505498e-05,0.6469128,1.414116,0.2318105,0.0003813328,0.3102989,1.724415,0.001372797984023693,0,0,0,S3_f_peak,S3_peaking,S3_peaking
259,3.98418499719881e-05,8.307965946453968e-07,4.0,0.0035439676816346644,100.79790409794066,3.819089511769827e-12,505.26847235902346,1.5e-13,1.2656941616624244,1,0,S3_nyq_boost,1.0237819999999997,724436000.0,-1.6875739999999997,5.743651,4.056077,6.767433,-5.734152,0.000276978,0.005393481,0.001173829,0.0001363039,0.6078773,0.8106517,0.408605,0.001771984,0.09402074,0.9046724,0.006379141826942396,0,0,0,S3_nyq_boost,S3_nyq_boost,S3_nyq_boost
260,2.0738053595190278e-05,8.922596871176896e-07,7.0,0.005272384395171052,98.41624266337526,7.303048081706754e-12,59.886763938053534,1.5e-13,1.3405132197431295,1,0,S3_f_peak,2.7732399999999995,19952620000.0,1.9513800000000003,-14.65612,-12.70474,-11.88288,-11.88137,0.0005632595,0.003904909,0.001273201,8.348592e-05,0.5346882,1.90116,0.6447584,0.002636192,-0.259035,1.642125,0.009490291911307893,0,0,0,S3_f_peak,S3_f_peak,S3_f_peak
261,3.69013626865115e-05,3.911307539870214e-07,3.0,0.0010671998916298208,197.20080113797366,1.6802426944729894e-12,50.24235409017511,1.5e-13,1.3448402044030574,1,0,S3_f_peak,3.7063000000000006,4786301000.0,3.6021900000000002,-15.99066,-12.38847,-12.28436,-12.82138,0.0004574729,0.005023852,0.000875658,6.173464e-05,0.7090421,1.320803,0.1622872,0.0005336,0.4523871,1.773191,0.0019209598049336775,0,0,0,S3_f_peak,S3_f_peak,S3_f_peak
262,9.365598263515589e-05,6.29026814337742e-07,5.0,0.007443767801824934,307.2240969043333,3.038030489193717e-12,57.826664691598104,1.5e-13,1.2046397056782419,1,0,S3_f_peak,10.718798,5248075000.0,10.592376,-13.02713,-2.434754,-2.308332,-2.481117,0.0002188905,0.01413369,0.002974063,0.0001610472,0.6185811,1.445157,0.3141924,0.003721884,0.1396173,1.584775,0.013398782043284882,0,0,0,S3_f_peak,S3_f_peak,S3_f_peak
263,9.236163487107508e-05,1.9011195183792828e-07,3.0,0.003587893346822121,773.7173452853557,4.723928923364277e-12,163.06060630580876,1.5e-13,1.3351468864341922,1,0,S3_peaking,19.280256,1584893000.0,19.043965,-9.756078,9.287887,9.524178,-0.5174226,0.0001349111,0.02189724,0.003096853,0.0005674643,0.745862,1.060863,0.1049444,0.001793947,0.4466151,1.507478,0.006458208024279818,0,0,0,S3_peaking,S3_peaking,S3_peaking
264,3.284402556894057e-05,2.443845402702423e-07,2.0,0.0015908829863091165,75.39271272133527,7.842315347393422e-12,107.36988361292964,1.5e-13,1.238272958878647,1,0,S3_peaking,2.24489,1445440000.0,2.1258989999999995,-4.552947,-2.427048,-2.308057,-8.99594,0.0002592797,0.007480586,0.001270198,0.000184428,0.7044764,1.368515,0.1443598,0.0007954415,0.3460772,1.714592,0.0028635893753564097,0,0,0,S3_peaking,S3_peaking,S3_peaking
265,6.046981599106567e-05,2.2506599962768687e-07,7.0,0.004491891135687602,219.8249728511234,4.033831118170692e-12,69.95569031959474,1.5e-13,1.393450611064491,1,0,S3_f_peak,9.4244633,2754229000.0,9.4210112,-8.853486,0.5675252,0.5709773,-3.686699,0.0001771123,0.01652986,0.002749796,0.000475347,0.7438528,1.219343,0.1728697,0.002245946,0.4235398,1.642883,0.008085404044237684,0,0,0,S3_f_peak,S3_f_peak,S3_f_peak
266,6.616537116124413e-05,4.119249261606921e-07,5.0,0.0014835812383377958,750.4286582539347,1.5183524317304543e-13,332.9852824564097,1.5e-13,1.4147048637414277,1,0,S3_peaking,2.4174240000000005,3019952000.0,2.348714,-4.781576,-2.432862,-2.364152,-8.390165,0.0004096726,0.007711946,0.001309183,9.643602e-05,0.7208147,1.024306,0.1529139,0.0007417907,0.528689,1.552995,0.0026704462290080325,0,0,0,S3_peaking,S3_f_peak,S3_peaking
267,7.809978972691647e-05,3.1482512294889587e-07,6.0,0.004313900467762969,104.29126600819585,4.9037778601994386e-12,95.54593478744322,1.5e-13,1.5247976098839124,1,1,,5.172669000000001,2187762000.0,5.162660000000001,-2.556052,2.606608,2.616617,-3.140599,0.0001687516,0.01553094,0.00254714,0.0003315152,0.7372351,1.041868,0.1834767,0.002156956,0.552044,1.593912,0.007765020841973344,1,1,1,,,
268,7.625440552281317e-05,2.6534771813019697e-07,1.0,0.002456898551852116,581.1429580929997,1.076358916022873e-13,160.86598990351425,1.5e-13,1.4522322237067393,1,0,S3_f_peak,3.3386009999999997,6918310000.0,1.7026629999999994,-8.204464,-6.501801,-4.865863,-7.540689,0.0004070276,0.0138315,0.00210711,0.0002011228,0.7355892,1.046793,0.1248446,0.00122845,0.5555908,1.602384,0.004422417393333809,0,0,0,S3_f_peak,S3_f_peak,S3_f_peak
269,4.319889427821901e-05,3.372129161481053e-07,4.0,0.0008026172314549914,176.99075212174557,7.42911387203989e-12,624.9366079495178,1.5e-13,1.135382302563462,1,0,S3_nyq_boost,2.8446439999999997,457088200.0,-1.770868,5.978257,4.207389,8.822901,-9.902002,0.0002742298,0.005012313,0.0009251,6.78753e-05,0.6920151,1.236058,0.1272952,0.0004013088,0.3131494,1.549207,0.0014447110166189846,0,0,0,S3_nyq_boost,S3_nyq_boost,S3_nyq_boost
270,4.397367354677263e-05,4.4575716007064997e-07,3.0,0.0019522045637151023,86.94386221121579,2.16846206004894e-12,119.51639771352822,1.5e-13,1.2678907601396698,1,0,S3_peaking,1.725069,2398833000.0,1.722293,-4.653397,-2.931104,-2.928328,-8.216228,0.0002879613,0.006633806,0.001222887,8.091831e-05,0.6777546,1.349954,0.2043749,0.0009761025,0.3333846,1.683339,0.0035139682146871844,0,0,0,S3_peaking,S3_peaking,S3_peaking
271,8.50952081303472e-05,1.698976719030282e-07,6.0,0.0012414672314260216,954.3268192341055,4.929626590416729e-12,699.1903879191735,1.5e-13,1.4041850727896146,1,0,S3_f_peak,13.8107533,549540900.0,9.4184973,0.3461967,9.764694,14.15695,-5.799774,0.0001675241,0.010508,0.001323564,0.0003548212,0.7867507,0.8001866,0.07590157,0.0006207345,0.5658024,1.365989,0.002234641016566839,0,0,0,S3_f_peak,S3_f_peak,S3_f_peak
272,5.9033709094586436e-05,5.081843992312389e-07,4.0,0.0011571390098065785,624.4945777966482,6.841534584034809e-12,340.94829580665686,1.5e-13,1.1032820394736826,1,0,S3_f_peak,9.538125,549540900.0,7.423984,-4.130247,3.293737,5.407878,-6.500765,0.000262751,0.005829614,0.001109945,4.862367e-05,0.6599915,1.335754,0.1595523,0.0005785695,0.2669815,1.602736,0.0020828502176518412,0,0,0,S3_f_peak,S3_f_peak,S3_f_peak
273,7.150182395645132e-05,3.9746000341210527e-07,1.0,0.0015967735832381046,334.61129635643965,6.0981960105712755e-12,167.83247878936479,1.5e-13,1.3524573837604263,1,0,S3_f_peak,8.256906,1047129000.0,7.763197999999999,-5.414026,2.349172,2.84288,-5.522887,0.0002222837,0.00875387,0.0014897,7.918201e-05,0.7006968,1.180398,0.1428906,0.000798387,0.4856065,1.666005,0.0028741924498285882,0,0,0,S3_f_peak,S3_f_peak,S3_f_peak
274,5.68551574462281e-05,2.8652210422695275e-07,5.0,0.006954370058306052,62.61252591831952,4.0124881523661513e-13,166.4066629626221,1.5e-13,1.577372208970508,1,0,S3_peaking,-7.999999999785956e-06,10000000.0,-0.4454259999999999,3.370376,2.92495,3.370368,-4.314831,0.0001882233,0.01474931,0.002478105,0.0006358197,0.7353577,0.74854,0.2349598,0.003477186,0.4728333,1.221373,0.012517866104950894,0,0,0,S3_peaking,S3_peaking,S3_peaking
275,5.445850301279121e-05,4.918629118179663e-07,2.0,0.0029668899915200725,434.3748852527663,4.4270157703491785e-12,245.74281378224154,1.5e-13,1.5370729457765084,1,0,S3_f_peak,9.003363,954992600.0,8.055441,-3.926596,4.128845,5.076767,-5.690908,0.0002237234,0.008108019,0.001409327,0.0001392422,0.7034975,0.9136921,0.2349719,0.001483446,0.521762,1.435454,0.005340401984736131,0,0,0,S3_f_peak,S3_f_peak,S3_f_peak
276,3.916311673103839e-05,1.626280421437415e-07,4.0,0.0005546086971520927,743.5133087766429,2.1745138215132746e-12,608.677988412663,1.5e-13,1.4178039068724018,1,0,S3_f_peak,7.5125051,660693400.0,3.9101791,-0.8903441,3.019835,6.622161,-12.21714,0.000265229,0.004534071,0.0005262456,0.0001801366,0.7979558,1.029546,0.07213576,0.0002773072,0.6016648,1.631211,0.000998295654873767,0,0,0,S3_f_peak,S3_f_peak,S3_f_peak
277,8.94140508856133e-05,5.329325901825219e-07,4.0,0.0015168284043515553,51.92777668375869,7.587408530840459e-13,244.46840649187638,1.5e-13,1.4037035000266411,1,0,S3_peaking,-2.4999999999941735e-05,10000000.0,-1.27006,3.846658,2.576598,3.846633,-4.239525,0.0002409403,0.008044475,0.001392473,6.631068e-05,0.7042946,1.082315,0.1561335,0.0007584142,0.5322766,1.614592,0.0027302911278327996,0,0,0,S3_peaking,S3_peaking,S3_peaking
278,8.352642096116717e-05,3.8535030030962476e-07,5.0,0.001707201173063309,175.43989697151153,1.1288464404233404e-12,338.3185358024243,1.5e-13,1.5462037044902683,1,0,S3_peaking,2.2419700000000002,1584893000.0,1.7511079999999994,4.068741,5.819849,6.310711,-4.914778,0.0002202273,0.009638291,0.001550535,0.0001402051,0.7417577,0.8582178,0.14244,0.0008536008,0.6529933,1.511211,0.003072962111513956,0,0,0,S3_peaking,S3_peaking,S3_peaking
279,2.7265637397134053e-05,1.8664624523819046e-07,5.0,0.0014088567058597426,820.2512171445859,3.670979176492416e-12,204.84392592988257,1.5e-13,1.368598078933493,1,0,S3_f_peak,12.228052,1047129000.0,11.625816,-9.799854,1.825962,2.428198,-9.062544,0.0002516623,0.007065591,0.001085881,0.0002117915,0.767393,1.211537,0.1367168,0.0007044288,0.4441652,1.655702,0.002535942070547537,0,0,0,S3_f_peak,S3_f_peak,S3_f_peak
280,3.488369799283307e-05,1.8960593261330122e-07,4.0,0.0032560620151735626,616.6601872451744,2.2092242701653238e-12,254.3257693853128,1.5e-13,1.3700799996556003,1,0,S3_peaking,12.304375,1513561000.0,11.862925,-5.287019,6.575906,7.017356,-5.272228,0.0001946458,0.01121535,0.001761479,0.0004296079,0.7530573,1.001716,0.1678194,0.001628031,0.3842341,1.38595,0.005860911627312413,1,0,0,,S3_peaking,S3_peaking
281,6.626597671104253e-05,6.10078553512436e-07,6.0,0.0006195838778837981,259.7262084756084,4.929069750209757e-13,762.1843619194309,1.5e-13,1.3619009581020631,1,0,S3_peaking,-0.00015400000000020952,10000000.0,-4.5676989,5.366506,0.7988071,5.366352,-6.512315,0.0003550861,0.003959744,0.0006938427,2.547317e-05,0.7099636,1.037509,0.1356223,0.0003097972,0.5263723,1.563881,0.0011152509801908366,0,0,0,S3_peaking,S3_peaking,S3_peaking
282,9.188391675053635e-05,6.983096992885118e-07,4.0,0.0027555633250710095,637.7595907302294,7.669425695056184e-13,584.241389092797,1.5e-13,1.3146358065723587,1,1,,6.261317,1318257000.0,4.8681220000000005,1.231426,6.099548,7.492743,-2.321993,0.0002609478,0.008904736,0.001699824,0.0001475719,0.6620923,0.6199248,0.2314403,0.001377782,0.3751181,0.9950429,0.004960013985127817,0,1,1,S3_f_peak,,
283,4.458112065500375e-05,4.7040764086857803e-07,7.0,0.006603565496986702,50.81144958105821,2.82220588145296e-12,94.01922746165245,1.5e-13,1.200825333414929,1,0,S3_peaking,1.5589639999999998,3019952000.0,1.5347019999999998,-2.865175,-1.330473,-1.306211,-5.913082,0.0002292276,0.01019306,0.002113728,0.0001688822,0.6318691,1.461084,0.3531358,0.003301783,0.02848446,1.489568,0.011886417894576064,0,0,0,S3_peaking,S3_peaking,S3_peaking
284,8.320247385435496e-05,2.758063795466344e-07,6.0,0.003044612066948495,257.7752065637064,7.514564983352747e-13,432.8279013541389,1.5e-13,1.1398698686851008,1,1,,3.167922,1995262000.0,3.0176989999999995,5.431446,8.449145,8.599368,-3.263421,0.0001900018,0.01516809,0.002764423,0.0003590569,0.6924827,0.8712753,0.1454583,0.001522306,0.2698282,1.141103,0.005480301720507291,0,1,1,S3_peaking,,
285,7.462567666159043e-05,6.773662638043376e-07,6.0,0.0017791058420559838,600.7634107121105,3.936565489373984e-13,70.25079562443632,1.5e-13,1.5809470676735011,1,0,S3_f_peak,10.938409,19952620000.0,7.221958000000001,-17.05177,-9.829812,-6.113361,-6.110611,0.0004879953,0.006850311,0.001165147,5.285298e-05,0.7220103,1.108419,0.2096075,0.0008895529,0.6290894,1.737508,0.003202390515700771,0,0,0,S3_f_peak,S3_f_peak,S3_f_peak
286,8.724398833828675e-05,5.715533625902709e-07,5.0,0.003500533139862426,719.30038542621,1.2183564246707382e-13,141.50715602035098,1.5e-13,1.3930161381995723,1,0,S3_f_peak,5.309639,7244360000.0,3.1638210000000004,-11.34652,-8.182699,-6.036881,-6.936539,0.0005139482,0.01086181,0.001979139,0.0001142778,0.6844431,1.126737,0.2295848,0.001750267,0.4255874,1.552325,0.0063009596517523666,0,0,0,S3_f_peak,S3_f_peak,S3_f_peak
287,7.351763808894315e-05,9.047249208027176e-07,8.0,0.005452307205713772,136.93514906551835,1.9639298909538838e-12,313.6720916207779,1.5e-13,1.3208484430700052,1,0,S3_peaking,2.298245,1380384000.0,1.647929,3.751743,5.399672,6.049988,-1.127011,0.0002283523,0.008933544,0.001873316,0.0002078201,0.6240019,0.7774862,0.4022448,0.002726154,0.1673955,0.9448817,0.009814152970284791,0,0,0,S3_peaking,S3_peaking,S3_peaking
288,7.517127618146653e-05,4.182920958542877e-07,8.0,0.0009306177628118712,83.50564252019925,4.112258865923169e-13,57.53665683780083,1.5e-13,1.396171825520558,1,0,S3_f_peak,2.0526110000000006,19952620000.0,0.2682500000000001,-11.30057,-11.03232,-9.247959,-9.246005,0.0004016095,0.006190165,0.001049462,5.970824e-05,0.7326427,1.221809,0.1238964,0.0004653089,0.5514187,1.773228,0.0016751119730613682,0,0,0,S3_f_peak,S3_f_peak,S3_f_peak
289,2.808483487651971e-05,9.339440999565874e-07,6.0,0.0024717982176233823,171.55139226588136,8.38762928598263e-12,53.31392902963835,1.5e-13,1.5127397945075174,1,0,S3_f_peak,6.558010000000001,19952620000.0,2.914910000000001,-17.02766,-14.11275,-10.46965,-10.46414,0.0005416197,0.003645563,0.0007267254,3.834664e-05,0.6573969,1.466058,0.4369849,0.001235899,0.2680511,1.734109,0.004449236791722089,0,0,0,S3_f_peak,S3_f_peak,S3_f_peak
290,3.528820394155751e-05,4.0065285460244144e-07,3.0,0.0038895663411752024,908.4946699807135,2.653818138970414e-13,362.7202901883396,1.5e-13,1.4663904837748443,1,0,S3_f_peak,6.5450691,2754229000.0,6.5221422,-5.750708,0.7714342,0.7943611,-8.697624,0.0003465973,0.007364732,0.001345225,0.0002726521,0.6915918,0.7445354,0.2793181,0.001944783,0.3500523,1.094588,0.007001219414115365,1,0,0,,S3_f_peak,S3_f_peak
291,7.818987547790872e-05,4.2390918579675693e-07,3.0,0.0073045316807607225,558.098719317024,2.5812366498499722e-12,89.08135180779327,1.5e-13,1.4528673422728526,1,0,S3_peaking,14.661908,2630268000.0,14.659417999999999,-13.14106,1.518358,1.520848,-3.040942,0.0001996048,0.01499156,0.002739993,0.0003130283,0.6817567,1.09687,0.2586668,0.003652266,0.3777814,1.474651,0.013148157025369301,0,0,0,S3_peaking,S3_peaking,S3_peaking
292,8.032037896890383e-05,3.188602532581047e-07,5.0,0.0028591219846534773,157.50500802940647,1.515449810396315e-13,587.8567132890455,1.5e-13,1.1468030326748644,1,0,S3_peaking,-0.00016999999999889326,10000000.0,-5.016985999999999,10.03066,5.013674,10.03049,-6.511811,0.0002255408,0.01316388,0.002428519,0.0003158645,0.6819369,0.6882652,0.1566102,0.001429561,0.2713578,0.959623,0.005146419572376259,0,0,0,S3_peaking,S3_peaking,S3_peaking
293,7.87536795759324e-05,3.3349856662301603e-07,3.0,0.004229833631109816,92.38455874016127,1.8719543240757418e-13,162.71718934533834,1.5e-13,1.1244113376957758,1,0,S3_peaking,-1.09999999997612e-05,10000000.0,-0.62984,2.314952,1.685112,2.314941,-5.411535,0.0002090789,0.01513032,0.002852795,0.000264458,0.6600461,1.236559,0.1780724,0.002114918,0.2193061,1.455866,0.007613700535997669,0,0,0,S3_peaking,S3_peaking,S3_peaking
294,5.6786029383791754e-05,5.425415509309029e-07,8.0,0.0005745575233334243,976.9114928560192,5.396667982239189e-13,192.07831053568557,1.5e-13,1.1598813155712386,1,1,,7.8691450000000005,2187762000.0,7.850937000000001,-12.98961,-5.138673,-5.120465,-8.361615,0.0004713545,0.003646043,0.000670547,2.352308e-05,0.6939744,1.396928,0.1306828,0.0002872788,0.3478913,1.74482,0.0010342035420001637,1,1,1,,,
295,2.124954034372296e-05,5.312133604061822e-07,4.0,0.0023733034008898628,266.47160252925084,1.4075922475030402e-13,730.0021301337408,1.5e-13,1.534716555109574,1,0,S3_peaking,-0.00018800000000052108,10000000.0,-5.292325,4.049368,-1.242957,4.04918,-13.10986,0.0003861717,0.003901128,0.0007122662,0.0001992577,0.6968966,0.6000383,0.3584864,0.001186652,0.3337035,0.9337417,0.004271946121601753,0,0,0,S3_peaking,S3_peaking,S3_peaking
296,4.0846533885849174e-05,5.359966025181091e-07,8.0,0.0007115961431870682,368.87379526422035,5.490396369301684e-12,245.91469322602595,1.5e-13,1.1751968919051021,1,0,S3_f_peak,4.665723,691831000.0,3.6272629999999997,-6.236673,-2.60941,-1.57095,-9.541324,0.0003682881,0.003532214,0.0006531204,2.118413e-05,0.6927843,1.397158,0.1635308,0.0003557987,0.3153443,1.712502,0.0012808730577367228,0,0,0,S3_f_peak,S3_f_peak,S3_f_peak
297,2.5440319058861884e-05,1.535916921721794e-07,5.0,0.00346275493288259,339.24186754776116,6.433332694122382e-13,217.25511234554253,1.5e-13,1.3989822138522017,1,0,S3_f_peak,6.00987,3019952000.0,5.908646,-3.065687,2.842959,2.944183,-6.165665,0.0002341321,0.01031803,0.001225765,0.0006006373,0.7715344,1.031672,0.1719054,0.001731377,0.3921775,1.423849,0.006232958879188662,0,0,0,S3_f_peak,S3_f_peak,S3_f_peak
298,2.1066428432078007e-05,1.7390659859958254e-07,1.0,0.0018670315422003318,141.94978450492118,1.2085760194604983e-13,177.76680800226333,1.5e-13,1.2099711140796816,1,0,S3_peaking,-1.0000000000065512e-05,10000000.0,-0.5821340000000002,-1.934258,-2.516392,-1.934268,-10.26002,0.0002974762,0.00748443,0.001092495,0.0002153223,0.7343391,1.36111,0.1281235,0.0009335158,0.2729393,1.634049,0.0033606567759605975,0,0,0,S3_peaking,S3_peaking,S3_peaking
299,7.672136787005792e-05,2.1562487651727828e-07,2.0,0.0005180578283668337,950.9542802249993,3.1123196248125935e-12,576.9205142150935,1.5e-13,1.2198502387169983,1,0,S3_f_peak,10.196902,549540900.0,6.062456,-2.487025,3.575431,7.709877,-9.616712,0.0002504417,0.005085692,0.0007750005,0.0001146746,0.7294485,1.203607,0.06582343,0.0002590291,0.446953,1.65056,0.0009325040910603007,0,0,0,S3_f_peak,S3_f_peak,S3_f_peak
300,3.0280385224714752e-05,4.379298223368951e-07,3.0,0.0010605267423001018,241.62332980388578,1.5864618759509206e-12,168.94205290635534,1.5e-13,1.352135500471248,1,1,,3.236029,1737801000.0,3.07498,-7.141279,-4.066299,-3.90525,-11.40225,0.0003721899,0.004184981,0.000739511,4.774636e-05,0.7054357,1.283282,0.1883422,0.0005302634,0.4271337,1.710416,0.0019089481361401833,0,1,1,S3_peaking,,
301,2.7057169449716437e-05,7.228489694057597e-07,5.0,0.000569846347636087,276.6798973927874,3.2270311508032445e-13,317.1792937167561,1.5e-13,1.3485269588319635,1,0,S3_nyq_boost,0.01766700000000032,691831000.0,-0.6562409999999996,-5.745528,-6.401769,-5.727861,-11.66285,0.0005482981,0.00223042,0.0004043152,1.380052e-05,0.6996205,1.284518,0.207678,0.0002849232,0.4251099,1.709628,0.0010257234257449565,0,0,0,S3_nyq_boost,S3_nyq_boost,S3_nyq_boost
302,3.7890612001747096e-05,3.6056218255902975e-07,6.0,0.0007619228557553613,398.09935585065125,1.523668060640972e-13,51.3579417754942,1.5e-13,1.5821702983771018,1,0,S3_f_peak,4.2214800000000015,19952620000.0,1.5625800000000005,-19.13819,-17.57561,-14.91671,-14.91641,0.0007467874,0.004330495,0.0007025757,4.850846e-05,0.7737421,1.107868,0.1420695,0.0003809615,0.6725665,1.780435,0.0013714611403596504,0,0,0,S3_f_peak,S3_f_peak,S3_f_peak
303,6.986841449110319e-05,3.710108200450583e-07,6.0,0.0010962547152735334,217.57740349555695,1.3524199270952107e-13,86.71046679920937,1.5e-13,1.2811405747459028,1,0,S3_peaking,0.6534639999999996,7244360000.0,0.23551999999999929,-9.907755,-9.672235,-9.254291,-10.02544,0.0004256495,0.007081987,0.001238089,8.307319e-05,0.7114401,1.305608,0.1254087,0.0005481274,0.4468634,1.752471,0.00197325848749236,0,0,0,S3_peaking,S3_peaking,S3_peaking
304,6.202617753361992e-05,9.664559728892676e-07,1.0,0.007094154201139088,539.6389803741465,1.9588028380990004e-13,191.22001898563974,1.5e-13,1.1742861704771341,1,0,S3_f_peak,3.8278350000000003,4786301000.0,3.1022560000000006,-7.758052,-4.655796,-3.930217,-5.145334,0.000474835,0.008223135,0.002055075,0.0001474828,0.5347073,1.204412,0.4668443,0.003547077,-0.0826838,1.121728,0.012769477562050359,0,0,0,S3_f_peak,S3_f_peak,S3_f_peak
305,3.3115865648706536e-05,8.5737864590491e-07,7.0,0.001523757131498208,321.9355944660478,3.756306629247277e-12,148.74799417138993,1.5e-13,1.5883866807090257,1,1,,4.128029,1318257000.0,4.017901999999999,-10.17545,-6.157548,-6.047421,-7.934883,0.0004131935,0.003474919,0.0006136059,3.16462e-05,0.7075993,1.191035,0.3190976,0.0007618786,0.4956373,1.686672,0.0027427628366967745,1,1,1,,,
306,5.0693788738788025e-05,5.734654118990132e-07,6.0,0.0025093833101011084,300.44009580268073,9.249125525021878e-13,53.10565964551263,1.5e-13,1.5337641082826141,1,0,S3_f_peak,6.93642,19952620000.0,5.726982,-15.67357,-9.946588,-8.73715,-8.735949,0.0003952332,0.006926506,0.001197577,7.323121e-05,0.7157977,1.22925,0.2581439,0.001254692,0.5041191,1.733369,0.004516889958181995,0,0,0,S3_f_peak,S3_f_peak,S3_f_peak
307,6.999456149653122e-05,4.250528176260201e-07,3.0,0.0021211925427578513,414.6977458622275,4.53292399217489e-12,105.41181781073215,1.5e-13,1.4197391643764234,1,1,,9.9106499,1584893000.0,9.8142362,-10.51362,-0.6993838,-0.6029701,-5.483562,0.0002329965,0.009332725,0.001595468,0.0001110417,0.7075112,1.177461,0.1704958,0.001060596,0.5107394,1.6882,0.0038181465769641324,1,1,1,,,
308,4.4513022362304464e-05,2.086668741477066e-07,7.0,0.0025324678706528047,249.05305132111496,1.2561494936524464e-13,601.7236379801485,1.5e-13,1.554759905791501,1,0,S3_peaking,-0.00013199999999979894,10000000.0,-4.220654,6.814919,2.594265,6.814787,-8.077064,0.0002613126,0.01060436,0.001637612,0.0005331163,0.7944516,0.470899,0.1626746,0.001266234,0.5671781,1.038077,0.004558442167175048,0,0,0,S3_peaking,S3_peaking,S3_peaking
309,9.911933533071492e-05,2.583145453235335e-07,1.0,0.004143169133480806,66.5439524085476,3.321992854716819e-13,252.03475120349347,1.5e-13,1.3715752756995632,1,0,S3_peaking,-3.0999999999892225e-05,10000000.0,-1.5206849999999994,8.610627,7.089942,8.610596,-2.76302,0.0001606687,0.02003547,0.003139738,0.0003600969,0.7227357,0.8170963,0.1342981,0.002071585,0.4607924,1.277889,0.007457704440265451,0,0,0,S3_peaking,S3_peaking,S3_peaking
310,7.457516129004054e-05,2.114637240313506e-07,2.0,0.007995834962986564,234.53360147020953,6.460909667506869e-12,296.67067095899705,1.5e-13,1.593778049162605,1,0,saturation,3.6636109999999995,1445440000.0,3.617984,-8.186245,-4.568261,-4.522634,-7.509058,0.0002226509,0.01223689,0.00192723,0.01607939,0.7433913,0.1543709,0.1851707,0.003997918,0.4595642,0.6139351,0.014392502933375816,0,0,0,saturation,S6_power,saturation
311,9.33416125087255e-05,7.278566943202846e-07,6.0,0.004944647978687574,673.5788182748707,3.4007006889290618e-12,218.1296417665234,1.5e-13,1.3118713846830037,1,0,S3_peaking,13.614329000000001,1258925000.0,13.020567,-7.211165,5.809402,6.403164,-0.6733198,0.0002012361,0.01117357,0.002218885,0.0001456106,0.6460887,0.9806487,0.2984924,0.002472324,0.2800641,1.260713,0.008900366361637633,0,0,0,S3_f_peak,S3_peaking,S3_peaking
312,9.765283177281136e-05,2.781588365144758e-07,6.0,0.003938306907610382,960.343430852638,6.276007259244158e-13,632.7601531878137,1.5e-13,1.4751908348034386,1,0,S3_nyq_boost,3.5729489999999995,19952620000.0,-0.9232800000000001,-12.76332,-13.6866,-9.190371,-9.186113,0.0005902693,0.008490401,0.001460344,0.01579109,0.7332762,0.09449977,0.1930563,0.001969154,0.4594984,0.5539982,0.007088952433698687,0,0,0,headroom,saturation,headroom
313,8.269297841267411e-05,6.241516099101403e-07,3.0,0.001853230465448129,93.41002164224228,6.518717237091644e-12,340.48482684063833,1.5e-13,1.341186022681901,1,0,S3_f_peak,2.173903,794328200.0,0.34265800000000013,5.191109,5.533767,7.365012,-2.911949,0.0002215532,0.007761076,0.001420442,6.417046e-05,0.6788694,1.038964,0.189915,0.0009266152,0.4455373,1.484502,0.003335814837806632,0,0,0,S3_nyq_boost,S3_f_peak,S3_f_peak
314,9.993241686759156e-05,2.1079077916812806e-07,4.0,0.002849428378534728,261.94728399518743,6.29638892351851e-13,77.39992229750706,1.5e-13,1.2454119328177018,1,0,S3_f_peak,8.7935035,6309573000.0,6.726991000000001,-8.615353,-1.888362,0.1781505,-3.172605,0.0002271106,0.01915764,0.002949711,0.0004915521,0.7212162,1.291569,0.1035666,0.001424718,0.3981569,1.689726,0.005128971081362511,0,0,0,S3_f_peak,S3_f_peak,S3_f_peak
315,3.2140116823170455e-05,3.307656889753533e-07,2.0,0.001865162483721726,104.51879474146264,9.437023648033558e-12,51.32951490087549,1.5e-13,1.5123809494174443,1,0,S3_peaking,2.7785680000000017,1905461000.0,2.768645000000001,-12.66289,-9.894245,-9.884322,-11.87313,0.0003477555,0.006343004,0.00104929,0.0001221856,0.726452,1.215083,0.188756,0.0009325826,0.5370481,1.752131,0.003357292470699107,0,1,0,S3_peaking,,S3_peaking
316,7.592553649117453e-05,7.642474040891996e-07,5.0,0.0017859211058759885,578.4151900719395,3.792251228691269e-12,538.8423157878075,1.5e-13,1.1054313339744848,1,0,S3_f_peak,8.8510215,602559600.0,5.237979500000001,0.5025175,5.740497,9.353539,-2.412793,0.0002447393,0.006483431,0.001322631,4.814708e-05,0.6317879,1.096927,0.2174693,0.0008929606,0.2219082,1.318835,0.0032146579905767796,0,0,0,S3_f_peak,S3_f_peak,S3_f_peak
317,2.838600715819416e-05,2.579502477399021e-07,5.0,0.000535435063227735,104.33425926326595,5.428148660869612e-13,72.23503260574371,1.5e-13,1.4802732219071988,1,0,S3_peaking,0.6548000000000016,4570882000.0,0.47300000000000075,-13.42556,-12.95256,-12.77076,-15.29373,0.0005454256,0.003619842,0.0005950677,5.430743e-05,0.7867744,1.191235,0.1183354,0.0002677175,0.5894261,1.780661,0.000963783113809923,0,0,0,S3_peaking,S3_peaking,S3_peaking
318,9.467764115337833e-05,9.816772926283094e-07,4.0,0.0015331578838079605,614.9572935011565,9.250187954282247e-12,359.79072497866406,1.5e-13,1.1137934622003365,1,0,S3_f_peak,9.705044,478630100.0,7.850642000000001,-3.536406,4.314236,6.168638,0.8396533,0.0002393724,0.006009797,0.001238446,3.295695e-05,0.6235758,1.270716,0.2108368,0.0007665789,0.2534756,1.524191,0.002759684190854329,0,0,0,S3_f_peak,S3_f_peak,S3_f_peak
319,7.224157189612069e-05,4.738406848729931e-07,4.0,0.006571194631738116,441.73898230561554,1.876460304444097e-12,75.20905570150259,1.5e-13,1.2356577407034295,1,0,S3_f_peak,12.223748,3467369000.0,12.141568,-13.23025,-1.088682,-1.006502,-4.010874,0.0002307347,0.01327385,0.002648274,0.0002100206,0.6414506,1.368217,0.2762164,0.003285597,0.1846753,1.552892,0.011828150337128609,0,0,0,S3_f_peak,S3_f_peak,S3_f_peak
320,5.4522402790155915e-05,5.963918499822225e-07,3.0,0.001998496734055745,439.0078059096943,2.976864212871822e-12,136.01574813712685,1.5e-13,1.2274720010637359,1,1,,8.075302,1584893000.0,7.939657,-9.792301,-1.852644,-1.716999,-6.107155,0.0002884497,0.006448919,0.001246071,5.393609e-05,0.6557495,1.367917,0.2243634,0.0009992485,0.2961686,1.664086,0.003597294121300341,1,1,1,,,
321,2.404728907466411e-05,9.087150838007469e-07,3.0,0.0010734850533869454,543.4063397113647,2.048881717451751e-13,78.18016257039818,1.5e-13,1.5377650658367068,1,0,S3_f_peak,6.82512,19952620000.0,2.54551,-19.40692,-16.86141,-12.5818,-12.57848,0.0008926919,0.002459945,0.0004449662,1.994859e-05,0.6912395,1.296327,0.327918,0.000536743,0.4617101,1.758037,0.0019322730960965016,0,0,0,S3_f_peak,S3_f_peak,S3_f_peak
322,2.13530974682397e-05,1.895187576027137e-07,3.0,0.0016770395703428426,900.5228142573773,6.380657591095995e-13,685.9074719974035,1.5e-13,1.3703173623818237,1,1,,7.2773027,1258925000.0,5.7884657,-0.4787637,5.309702,6.798539,-9.909377,0.0002711472,0.006311099,0.001014083,0.0002428437,0.7651026,0.8321846,0.1661916,0.0008385198,0.3926684,1.224853,0.0030186712266171167,0,1,1,S3_f_peak,,
323,6.0276068143219315e-05,1.749528562528491e-07,4.0,0.004680792249894177,55.47523806813099,1.598572798934613e-13,67.50801577675028,1.5e-13,1.4535725641535773,1,0,S3_peaking,-1.000000000139778e-06,10000000.0,-0.09575800000000001,-1.97999,-2.075748,-1.979991,-5.273323,0.000184504,0.01984171,0.002618089,0.0006239845,0.7717742,1.147873,0.1319533,0.002340396,0.4941312,1.642004,0.008425426049809519,0,0,0,S3_peaking,S3_peaking,S3_peaking
324,6.458182470221593e-05,9.31822130486954e-07,5.0,0.0033164417220653583,636.9794925132234,2.3398841712857206e-13,259.6634873447119,1.5e-13,1.5333039358636793,1,0,S3_f_peak,3.8056870000000003,3162278000.0,3.6848250000000005,-6.284417,-2.599592,-2.47873,-4.746454,0.0004353034,0.006699806,0.001262907,8.760567e-05,0.6715989,0.9401585,0.3480933,0.001658221,0.4292621,1.369421,0.005969595099717645,0,0,0,S3_f_peak,S3_f_peak,S3_f_peak
325,4.7081381858773584e-05,7.231109890275222e-07,7.0,0.007538953835604309,618.8109828722236,2.673239345447912e-12,331.25851127357146,1.5e-13,1.1358002024074365,1,0,S3_f_peak,10.586866,1096478000.0,9.503326,-4.372177,5.131149,6.214689,-4.551051,0.0002492999,0.008408265,0.002155134,0.0005299744,0.5578733,0.7190962,0.4864842,0.003769477,-0.167767,0.5513287,0.013570116904087756,0,0,0,headroom,S3_f_peak,headroom
326,3.711599908336488e-05,3.87520847685096e-07,6.0,0.00109266342281715,151.10056396469415,1.0353993030555937e-12,261.3381575065175,1.5e-13,1.4808009678411693,1,0,S3_peaking,1.1358656,1659587000.0,0.8067069,-0.9984425,-0.1917356,0.1374231,-10.21964,0.0003159895,0.004975847,0.0008412338,5.730398e-05,0.7480025,1.107207,0.1704442,0.0005463318,0.5500156,1.657223,0.00196679416107087,0,0,0,S3_peaking,S3_peaking,S3_peaking
327,4.380078454565684e-05,3.4250543867941067e-07,3.0,0.005298854969737593,671.4182212745111,1.1282607200724627e-13,60.582521158951366,1.5e-13,1.130115760930177,1,0,S3_f_peak,8.779037999999998,12589250000.0,3.2880399999999987,-18.45941,-15.17137,-9.680372,-10.21965,0.0006495082,0.01058318,0.002162782,0.000222813,0.6357583,1.545404,0.2476862,0.002649427,0.09408058,1.639485,0.009537938945527668,0,0,0,S3_f_peak,S3_f_peak,S3_f_peak
328,4.964922402598274e-05,6.716033124902007e-07,6.0,0.0016977181026786305,87.78348531197942,3.692029964260234e-13,55.15867943831714,1.5e-13,1.4908178175830136,1,0,S3_f_peak,3.331805000000001,19952620000.0,0.26956000000000024,-12.73038,-12.46082,-9.398575,-9.394421,0.0004534454,0.005363029,0.0009405755,4.345892e-05,0.7096386,1.250447,0.2441443,0.0008488591,0.5027307,1.753178,0.003055892584821535,0,0,0,S3_f_peak,S3_f_peak,S3_f_peak
329,3.0360629495970684e-05,2.726057255628324e-07,7.0,0.0020092379985369347,107.66475973870128,1.5319250689055446e-13,97.18253229057059,1.5e-13,1.42536312683426,1,0,S3_peaking,-2.000000000279556e-06,10000000.0,-0.13322900000000004,-6.655741,-6.78897,-6.655743,-11.10396,0.0003441763,0.006987275,0.001227368,0.0001251164,0.7527233,1.272614,0.194375,0.001004619,0.4297541,1.702369,0.0036166283973664824,0,0,0,S3_peaking,S3_peaking,S3_peaking
330,3.497914999416007e-05,2.9462405388832444e-07,5.0,0.0005766546276074718,236.50855563091295,5.931181728697509e-13,711.374959286395,1.5e-13,1.251479397194033,1,0,S3_peaking,-4.2999999999793204e-05,10000000.0,-3.55067,4.835471,1.284801,4.835428,-12.47279,0.0003413725,0.003879639,0.0006999329,4.835394e-05,0.7376368,1.186752,0.1183128,0.0002883273,0.4081392,1.594891,0.0010379783296934491,0,0,0,S3_peaking,S3_peaking,S3_peaking
331,2.7611672874555435e-05,7.009825067924987e-07,6.0,0.0005998528731677251,155.15306267480742,1.0513675901412164e-13,113.28002795409886,1.5e-13,1.1269290395645328,1,0,S3_peaking,0.0,10000000.0,-0.021199999999998553,-13.27372,-13.29492,-13.27372,-13.53178,0.0006888173,0.002334644,0.0004577877,1.316261e-05,0.6637991,1.528916,0.2036572,0.0002999264,0.2371073,1.766023,0.0010797351717019052,0,0,0,S3_f_peak,S3_peaking,S3_peaking
332,5.500660622374352e-05,3.407339914312996e-07,1.0,0.0016816817577830297,894.6343048890467,3.610632516935139e-13,348.86544837911106,1.5e-13,1.4948609207221113,1,0,S3_f_peak,8.159448000000001,2511886000.0,8.159349,-5.404606,2.754743,2.754842,-7.426778,0.0003056552,0.008346505,0.001336045,0.0001177529,0.7266678,0.9200609,0.1477083,0.0008408416,0.5865988,1.50666,0.0030270271640094534,1,0,1,,S3_f_peak,
333,8.967150712901276e-05,5.870054406622114e-07,1.0,0.0012673659101975492,290.70426671992067,9.271788886839332e-13,165.7106627855129,1.5e-13,1.5115804525921557,1,0,S3_f_peak,4.7038839999999995,2630268000.0,4.702361099999999,-5.531895,-0.8295339,-0.828011,-3.976101,0.00030002,0.007085849,0.001198363,5.076706e-05,0.7107786,1.05619,0.1519012,0.000633683,0.6388023,1.694992,0.0022812586383555884,0,0,0,S3_f_peak,S3_f_peak,S3_f_peak
334,3.87807194926052e-05,6.987488987048356e-07,8.0,0.0010764365097838784,500.37921071030104,6.969326231451047e-12,102.53635193893793,1.5e-13,1.507038374902678,1,1,,6.284330000000001,2089296000.0,6.283343,-14.8696,-8.586257,-8.58527,-8.692999,0.000429494,0.003674306,0.0006359769,2.563431e-05,0.7222347,1.21637,0.2304973,0.0005382183,0.5284427,1.744813,0.0019375857176109812,0,1,1,S3_f_peak,,
335,7.727114678991712e-05,1.613472392068036e-07,7.0,0.0025035112096996235,145.9595983140813,4.337032286640979e-12,125.04531958165022,1.5e-13,1.3152153523093952,1,1,,6.502589,1995262000.0,6.447986,-1.636052,4.811934,4.866537,-3.065098,0.0001529288,0.01625269,0.001994111,0.00061559,0.7775061,1.177632,0.09071019,0.001251756,0.4658409,1.643473,0.004506320177459323,1,1,1,,,
336,8.479915766702192e-05,5.101890072939282e-07,5.0,0.0011379906328866014,154.08541507426614,2.915607885135775e-13,474.0565336292681,1.5e-13,1.2095630371791852,1,0,S3_peaking,-0.00010499999999957765,10000000.0,-3.599648,5.859985,2.260337,5.85988,-6.042495,0.0002902302,0.006855465,0.001246371,5.637893e-05,0.681679,1.144815,0.1387973,0.0005689966,0.3854489,1.530264,0.0020483831391958827,0,0,0,S3_peaking,S3_peaking,S3_peaking
337,8.441179969826643e-05,4.686215110826326e-07,7.0,0.00201731596941213,166.6610835556047,1.0827519508468593e-13,289.4838017563347,1.5e-13,1.4204309993342958,1,0,S3_peaking,-4.2000000000097515e-05,10000000.0,-1.9847033,2.874527,0.8898237,2.874485,-7.601725,0.0002764583,0.009431781,0.001617159,0.000108228,0.7164914,0.9897704,0.1691378,0.001008658,0.5182395,1.50801,0.003631168744941834,0,0,0,S3_peaking,S3_peaking,S3_peaking
338,2.007139648588544e-05,3.220943364679791e-07,4.0,0.0034923811066492902,294.9010323426894,3.19329539296567e-12,52.82521641391341,1.5e-13,1.4626873919759054,1,0,S3_f_peak,5.935079999999999,2511886000.0,5.93507,-16.5108,-10.57573,-10.57572,-13.03958,0.0003910964,0.005751058,0.001079777,0.0001285062,0.7041385,1.431756,0.3004431,0.001746191,0.2760011,1.707757,0.006286285991968722,1,0,0,,S3_f_peak,S3_f_peak
339,7.218435334338893e-05,3.1865099468429665e-07,7.0,0.0025523997824862615,84.99414062032305,1.2518680432414827e-12,239.8591472125074,1.5e-13,1.5708402496208875,1,0,S3_peaking,0.8800870000000005,1995262000.0,0.785844,4.714892,5.500736,5.594979,-4.545074,0.000194907,0.0118221,0.001897088,0.0002294319,0.7584529,0.86404,0.1608837,0.001276205,0.6298518,1.493892,0.0045943196084752705,0,0,0,S3_peaking,S3_peaking,S3_peaking
340,6.346699275129746e-05,1.9809199150614514e-07,7.0,0.0020032277878675995,133.03401535368815,2.609409898502552e-13,129.34066436477966,1.5e-13,1.178119351005668,1,0,S3_peaking,0.31177999999999995,3981072000.0,0.21844599999999992,-2.0031,-1.784654,-1.69132,-6.236347,0.0002474805,0.01256976,0.002091584,0.0003685496,0.7287375,1.341671,0.1141195,0.001001614,0.3287779,1.670448,0.0036058100181616793,0,0,0,S3_peaking,S3_peaking,S3_peaking
341,9.448872264472804e-05,2.394842987715094e-07,8.0,0.0008021736317406374,409.5412949614609,1.2357983793793382e-12,140.9509522012183,1.5e-13,1.5668610478159464,1,1,,7.399183,2290868000.0,7.382635,-8.558216,-1.175581,-1.159033,-7.585055,0.0002777319,0.007411023,0.00108434,0.0001691235,0.7848186,1.015048,0.08352472,0.000401087,0.7284183,1.743466,0.0014439125371331475,1,1,1,,,
342,9.297007289319818e-05,4.420639315158536e-07,5.0,0.007435462877463746,440.2422292004461,1.8782573221623925e-13,120.53727730374553,1.5e-13,1.4673472557615659,1,0,S3_f_peak,5.6709369999999995,7244360000.0,3.100999,-8.671173,-5.570174,-3.000236,-4.9725,0.0003539795,0.01670908,0.003008463,0.0003677777,0.6903839,0.9421899,0.2559372,0.003717731,0.4096849,1.351875,0.013383833179434743,0,0,0,S3_f_peak,S3_f_peak,S3_f_peak
343,4.211599209860132e-05,9.75458772167567e-07,7.0,0.003645551007792174,338.6975731754927,9.417218704734619e-12,83.44166333823938,1.5e-13,1.2790671637886548,1,0,S3_f_peak,8.011369000000002,19952620000.0,6.543646000000001,-13.48032,-6.936674,-5.468951,-5.467237,0.0003483774,0.005401696,0.001185212,4.986724e-05,0.6088252,1.571273,0.444858,0.001822776,0.07663127,1.647904,0.006561991814025913,0,0,0,S3_f_peak,S3_f_peak,S3_f_peak
344,8.149076418808787e-05,2.4503613809511306e-07,3.0,0.000678861233373362,81.07099464594393,1.7578279747988717e-13,336.84715677826244,1.5e-13,1.418861622140489,1,0,S3_peaking,-5.599999999983396e-05,10000000.0,-2.533327,4.061484,1.528157,4.061428,-9.454426,0.000264077,0.006396335,0.0009568773,0.000137249,0.7479317,1.076505,0.07886637,0.0003394306,0.6091589,1.685664,0.0012219502200720516,0,0,0,S3_peaking,S3_peaking,S3_peaking
345,5.998800201766152e-05,4.0770751202184256e-07,3.0,0.005260183733767788,515.5489843325889,9.514121533981395e-12,61.731083759282654,1.5e-13,1.3493291841855597,1,0,S3_peaking,13.144765,1584893000.0,13.114981,-16.1495,-3.034519,-3.004735,-5.733741,0.0002148057,0.01177907,0.002197929,0.000208274,0.672069,1.325908,0.2466714,0.002630092,0.3117332,1.637641,0.009468330720782018,1,0,0,,S3_peaking,S3_peaking
346,5.644235689635928e-05,4.266762081508496e-07,7.0,0.001147512006776385,199.7859636887065,4.099127027065078e-13,98.72608584430316,1.5e-13,1.1189316151602384,1,0,S3_f_peak,2.2961799999999997,5011872000.0,1.7129849999999998,-9.220035,-7.50705,-6.923855,-9.007558,0.0003898434,0.006064215,0.001141423,5.450409e-05,0.683373,1.465086,0.1500587,0.000573756,0.2782679,1.743354,0.002065521612197493,0,0,0,S3_f_peak,S3_f_peak,S3_f_peak
347,7.997318567445413e-05,1.9928967789404698e-07,4.0,0.0009461301573250583,154.70736109799742,9.821609037030302e-13,352.0752720957712,1.5e-13,1.1936276850508294,1,0,S3_peaking,1.134049,1513561000.0,0.5844790000000009,4.053995,4.638474,5.188044,-7.40852,0.0002195218,0.008351382,0.001272367,0.0002311313,0.7297022,1.233129,0.07560019,0.0004730663,0.4003148,1.633444,0.001703034283185105,0,0,0,S3_nyq_boost,S3_peaking,S3_peaking
348,2.8960685569945113e-05,8.880979642876362e-07,7.0,0.0005876942682052664,234.95589772069826,9.463472797358276e-12,279.12890496772843,1.5e-13,1.2563615479172345,1,0,S3_f_peak,2.087815,501187200.0,1.1493039999999999,-6.886894,-5.73759,-4.799079,-9.014868,0.0004872332,0.002107789,0.000401635,1.346021e-05,0.6754609,1.383525,0.2248063,0.0002938471,0.3344533,1.717978,0.0010578496827694797,0,0,0,S3_f_peak,S3_f_peak,S3_f_peak
349,9.606781623306895e-05,1.8913790960437264e-07,6.0,0.003393250125506884,243.51771231192419,1.006213695449542e-12,219.03927469910204,1.5e-13,1.396531680940762,1,0,S3_f_peak,7.151994899999999,3019952000.0,7.0323619,0.9471461,7.979508,8.099141,-1.073879,0.0001595397,0.02122785,0.002979364,0.0006512133,0.7608667,0.9244576,0.1094027,0.001696628,0.5039148,1.428372,0.006107850225912391,0,0,0,S3_f_peak,S3_f_peak,S3_f_peak
350,3.6963958959287505e-05,3.281580012736631e-07,4.0,0.004541193425706133,872.3772633911392,5.975433249366849e-12,126.03348747585257,1.5e-13,1.515283751131385,1,0,S3_peaking,14.9027704,1202264000.0,14.6695005,-14.04161,0.6278905,0.8611604,-6.832768,0.0002229833,0.009269723,0.001624601,0.0002392999,0.7176933,1.107946,0.2579993,0.002270597,0.4058829,1.513829,0.00817414816627104,0,0,0,S3_f_peak,S3_peaking,S3_peaking
351,6.876923193440281e-05,7.297334022512713e-07,5.0,0.007609025671748596,57.884320013869086,2.1609946232649968e-13,120.85564473975191,1.5e-13,1.58310403761724,1,0,S3_peaking,-5.499999999991623e-06,10000000.0,-0.3262600000000001,-0.766458,-1.092718,-0.7664635,-5.00087,0.0002411543,0.01061874,0.002077068,0.0002288463,0.6590656,1.009055,0.4103251,0.003804513,0.3311477,1.340203,0.013696246209147474,0,0,0,S3_peaking,S3_peaking,S3_peaking
352,2.5873182010935885e-05,1.5368482012648764e-07,2.0,0.007900717854958113,306.94792887956106,1.4327872396884313e-12,189.885094263327,1.5e-13,1.216699873456749,1,1,,7.5085049999999995,2398833000.0,7.50393,-3.881601,3.622329,3.626904,-5.507236,0.0002061837,0.01117691,0.001756644,0.0009703216,0.722907,0.9884819,0.189243,0.003950359,0.06140377,1.049886,0.014221292138924603,1,0,1,,S3_f_peak,
353,3.361901099397271e-05,6.768445450734593e-07,7.0,0.0011753835493623292,110.50493014122168,2.5920414653286095e-12,118.1378697033713,1.5e-13,1.1127490194687233,1,0,S3_peaking,1.4519720000000005,2187762000.0,1.4439640000000002,-9.336081,-7.892117,-7.884109,-9.647515,0.0004364434,0.003588707,0.000719253,2.279603e-05,0.6505339,1.559813,0.2434882,0.0005876918,0.1707559,1.730569,0.0021156903888521926,0,0,0,S3_peaking,S3_peaking,S3_peaking
354,8.729630483883653e-05,5.153774172901355e-07,7.0,0.0013719256602489713,289.81199730659597,5.581144872411216e-13,402.5711529581017,1.5e-13,1.3182486440632033,1,0,S3_peaking,1.519031,1584893000.0,0.9983689999999998,2.340964,3.339333,3.859995,-4.86382,0.0002808284,0.007562628,0.001332964,6.614168e-05,0.7018198,1.062378,0.1504606,0.0006859687,0.4614734,1.523851,0.0024694661884481486,0,0,0,S3_peaking,S3_peaking,S3_peaking
355,2.703402040051839e-05,7.458613571311286e-07,7.0,0.0010048526629171939,63.70053721634827,1.4693935341291072e-12,656.5981256187878,1.5e-13,1.3157968561743982,1,0,S3_peaking,-0.00015699999999974068,10000000.0,-4.9116282,4.310307,-0.6013212,4.31015,-10.25434,0.0003839477,0.002810707,0.000530521,2.491063e-05,0.6806032,1.150697,0.2671901,0.0005024264,0.3194112,1.470108,0.001808734793250949,0,0,0,S3_peaking,S3_peaking,S3_peaking
356,8.598722761183468e-05,2.9432183378600696e-07,7.0,0.002351627150027569,423.29988863407146,1.5665613951348491e-12,344.9059942350843,1.5e-13,1.1941910744752613,1,1,,9.295864,1584893000.0,8.651653,0.237791,8.889444,9.533655,-3.710271,0.0001877876,0.01321076,0.002366085,0.0002454583,0.7027826,1.055625,0.1362981,0.001175817,0.3388302,1.394455,0.004232928870049625,1,1,1,,,
357,5.458951376349857e-05,4.743408313140024e-07,3.0,0.00060704854613612,200.9813750787238,3.187711742649968e-12,533.3843917119564,1.5e-13,1.2015680067258074,1,0,S3_nyq_boost,2.1556499999999996,630957300.0,-1.2597440000000002,3.234541,1.974797,5.390191,-8.301475,0.0003117968,0.004105715,0.0007400091,3.483681e-05,0.6848424,1.242435,0.1236744,0.0003035243,0.3956692,1.638104,0.001092687383045016,0,0,0,S3_nyq_boost,S3_nyq_boost,S3_nyq_boost
358,4.843985480570341e-05,1.7876535516120727e-07,4.0,0.007804500142491589,150.9496198036534,2.7117872729591057e-12,79.5014179676169,1.5e-13,1.1567978412469377,1,0,S3_f_peak,7.676805,3467369000.0,7.5693529999999996,-5.327334,2.242019,2.349471,-2.354355,0.0001619199,0.01889402,0.003203289,0.0006829462,0.7139335,1.353758,0.1757859,0.00390225,0.1360059,1.489764,0.01404810025648486,0,0,0,S3_f_peak,S3_f_peak,S3_f_peak
359,3.1567080875825654e-05,3.3523429343586555e-07,6.0,0.005345494822946411,87.8143053284441,2.1574444044356925e-13,196.5944248394085,1.5e-13,1.2929882165444422,1,0,S3_peaking,-1.399999999995849e-05,10000000.0,-0.7698617000000001,1.061166,0.2913043,1.061152,-8.386552,0.0002573828,0.008698781,0.001746641,0.0002279908,0.670479,1.145587,0.3044143,0.002672747,0.1289661,1.274553,0.009621890681303539,0,0,0,S3_peaking,S3_peaking,S3_peaking
360,2.0624397766246377e-05,4.4407633649982444e-07,3.0,0.002894016406096052,102.747626829204,1.9008762150723526e-13,300.68709218448475,1.5e-13,1.1719338109470852,1,0,S3_peaking,-3.460000000010677e-05,10000000.0,-1.7327283,0.6379763,-1.094752,0.6379417,-12.24632,0.000341367,0.004741853,0.0009815025,8.751149e-05,0.633112,1.334382,0.3315246,0.001447008,0.03052159,1.364903,0.005209229530972893,0,0,0,S3_peaking,S3_peaking,S3_peaking
361,2.2350856362812444e-05,3.2378101299608763e-07,7.0,0.0007031711730821695,324.1676453274205,5.807260476383243e-12,222.58227978341924,1.5e-13,1.4060195674857061,1,0,S3_f_peak,4.041898,691831000.0,3.130121,-6.947114,-3.816993,-2.905216,-14.06597,0.0003975926,0.003330489,0.0005816711,4.024098e-05,0.7526712,1.244611,0.165734,0.0003515859,0.4771324,1.721743,0.0012657081115479052,0,0,0,S3_f_peak,S3_f_peak,S3_f_peak
362,5.8033474167101204e-05,8.481505378241939e-07,2.0,0.0008320906873211452,75.70221210737357,2.0440362338442487e-13,127.27927931640046,1.5e-13,1.2179341742194207,1,0,S3_f_peak,0.9524000000000008,19952620000.0,0.2077650000000002,-7.728106,-7.520341,-6.775706,-6.775454,0.0004228942,0.003790938,0.000736676,1.980362e-05,0.6504044,1.381689,0.1853005,0.0004160467,0.3653565,1.747045,0.0014977632371780613,0,0,0,S3_f_peak,S3_peaking,S3_f_peak
363,7.918238142757576e-05,2.814489663086334e-07,6.0,0.001975695625248488,425.5782763231584,4.2710543122474537e-13,180.94722448839764,1.5e-13,1.4206994310905747,1,0,S3_f_peak,6.870187,3801894000.0,6.3051147,-5.442787,0.8623277,1.4274,-5.393425,0.0002681872,0.01195379,0.001938649,0.0002322087,0.7410656,1.079516,0.1285459,0.0009878512,0.5417353,1.621252,0.003556252125447278,0,0,0,S3_f_peak,S3_f_peak,S3_f_peak
364,9.125282696700262e-05,8.197942832875888e-07,5.0,0.007617748249476417,60.06773144816515,3.209289400499374e-12,130.9449354450722,1.5e-13,1.41504038022398,1,0,S3_peaking,1.9794865000000001,2511886000.0,1.9793815000000001,0.6109665,2.590348,2.590453,-0.1681486,0.0002006851,0.01201772,0.002472351,0.0001961667,0.6313558,1.055489,0.3861105,0.003808874,0.2457579,1.301247,0.01371194684905755,0,0,0,S3_peaking,S3_peaking,S3_peaking
365,4.088725641624264e-05,5.932485668391762e-07,4.0,0.0012803760519107474,258.90578420984133,2.257447902217052e-13,478.8607218948133,1.5e-13,1.3477017084287672,1,0,S3_peaking,-7.49999999998252e-05,10000000.0,-2.7506294999999996,2.019119,-0.7315105,2.019044,-9.490233,0.0003708233,0.004527454,0.0008231769,4.221141e-05,0.6902284,1.086001,0.2164149,0.000640188,0.4074376,1.493439,0.0023046768934393454,0,0,0,S3_peaking,S3_peaking,S3_peaking
366,2.1849776901194053e-05,4.905307814577559e-07,6.0,0.002110221030134571,81.87466820958664,9.121190492107303e-12,62.18643847563789,1.5e-13,1.3713252899847348,1,0,S3_peaking,1.540939999999999,1737801000.0,1.524659999999999,-13.32185,-11.79719,-11.78091,-13.65792,0.0004588906,0.004194402,0.0007881638,4.952574e-05,0.6856926,1.482154,0.3200583,0.001055111,0.2522325,1.734386,0.0037983978542422275,0,0,0,S3_peaking,S3_peaking,S3_peaking
367,3.260471858878549e-05,9.778323161298392e-07,2.0,0.0006521131084828911,139.97822026778695,1.6464583875785099e-13,176.82798439849006,1.5e-13,1.1312251128625914,1,0,S3_peaking,0.0,10000000.0,-0.02073999999999998,-9.445862,-9.466602,-9.445862,-9.721046,0.0005808439,0.002278556,0.0004697439,1.217018e-05,0.6261442,1.499758,0.2310731,0.0003260566,0.242585,1.742343,0.0011738035952692041,0,0,0,S3_f_peak,S3_peaking,S3_peaking
368,7.529987022324276e-05,1.6338389316695023e-07,8.0,0.0022381726938273112,264.40011892591184,2.2552348217525005e-12,84.0602092346061,1.5e-13,1.1996269163428315,1,0,S3_f_peak,9.2804811,3019952000.0,9.2473858,-8.572986,0.6743998,0.7074951,-4.506467,0.0001874942,0.01466268,0.001950059,0.0005126778,0.7655184,1.334331,0.08949562,0.001119086,0.3715969,1.705928,0.00402871084888916,0,0,0,S3_f_peak,S3_f_peak,S3_f_peak
369,6.194332772668491e-05,8.647593059395112e-07,2.0,0.0011278916480038984,199.37542027338628,3.9430182122790015e-12,84.5194110085733,1.5e-13,1.1915912293027457,1,0,S3_f_peak,7.843215,19952620000.0,3.8970140000000004,-12.21378,-8.316766,-4.370565,-4.367383,0.0003909284,0.004457668,0.0008865898,2.448544e-05,0.6393939,1.433429,0.2060545,0.0005639458,0.3189064,1.752335,0.002030204966407017,0,0,0,S3_f_peak,S3_f_peak,S3_f_peak
370,4.235080192201581e-05,2.9081409425883053e-07,3.0,0.003612806160124717,73.0872868826218,2.0312065352476904e-12,405.4513953899404,1.5e-13,1.1007013377309216,1,0,S3_nyq_boost,0.44070699999999974,1096478000.0,-0.6343670000000001,8.272791,7.638424,8.713498,-5.884439,0.0001969431,0.01003519,0.001973243,0.0002961522,0.6604163,0.9278893,0.2010967,0.001806403,0.139702,1.067591,0.00650305108822449,0,0,0,S3_nyq_boost,S3_nyq_boost,S3_nyq_boost
371,8.847262671672741e-05,1.9729738674920302e-07,6.0,0.0033759518512969967,514.0688628565391,1.0026990098997155e-12,75.92564417586894,1.5e-13,1.1645219926456891,1,0,S3_f_peak,15.023631,5011872000.0,14.0084781,-13.4497,0.5587781,1.573931,-2.419406,0.0002215344,0.0202631,0.003238293,0.0005878172,0.7158533,1.362182,0.1132756,0.001687977,0.3096544,1.671836,0.006076713332334594,0,0,0,S3_f_peak,S3_f_peak,S3_f_peak
372,7.563878467065489e-05,5.332902660662923e-07,2.0,0.0011144386845902236,143.5160283241335,1.3668197991244432e-12,64.67199277778899,1.5e-13,1.1195985947978166,1,0,S3_f_peak,4.670907,19952620000.0,2.9217829999999996,-11.44685,-8.525067,-6.775943,-6.77397,0.0003621117,0.006438111,0.00122064,4.191263e-05,0.6555671,1.456521,0.1437544,0.0005572193,0.307441,1.763962,0.0020059896322624027,0,0,0,S3_f_peak,S3_f_peak,S3_f_peak
373,5.400259095129787e-05,2.0145394801049624e-07,5.0,0.0005529280785208487,193.87589195039573,3.5542509667149573e-12,92.77606766134583,1.5e-13,1.284546146146078,1,1,,3.5659710000000002,1737801000.0,3.5119160000000003,-10.76389,-7.251974,-7.197919,-11.81283,0.0003566387,0.004925797,0.0007526737,0.0001452299,0.74968,1.288325,0.07786688,0.0002764716,0.4860249,1.77435,0.0009952705413375277,0,1,1,S3_peaking,,
374,6.287498601695536e-05,2.8442489226613845e-07,4.0,0.0005310943382598296,363.6265128325231,7.33173904626501e-13,87.99878901886376,1.5e-13,1.5395023728061008,1,0,S3_f_peak,4.969112000000001,3630781000.0,4.828985000000001,-13.67557,-8.846585,-8.706458,-10.90977,0.0004373413,0.00474846,0.0007209129,8.550492e-05,0.7644767,1.06708,0.08850611,0.0002655482,0.7095524,1.776632,0.0009559698088676933,0,0,0,S3_f_peak,S3_f_peak,S3_f_peak
375,7.236145203143046e-05,1.9830258889555318e-07,1.0,0.0018070762819837178,775.8037634291516,6.448387659595064e-13,751.414425725318,1.5e-13,1.2725391735124834,1,1,,7.221923,1513561000.0,6.431229,2.730304,9.161533,9.952227,-4.626402,0.0001966846,0.01296716,0.00187406,0.0003147983,0.7373219,0.7095263,0.09353319,0.00090354,0.4115421,1.121068,0.003252737307570692,1,1,1,,,
376,5.8411560218308314e-05,4.637408442596201e-07,3.0,0.0010292809784982948,92.45372331659748,1.9822116760422658e-12,80.97150643143799,1.5e-13,1.5791740850799512,1,0,S3_peaking,1.801893999999999,3630781000.0,1.7387869999999994,-9.038566,-7.299779,-7.236672,-8.361028,0.0003492688,0.005739134,0.0009267883,5.820628e-05,0.7380985,1.071763,0.1475947,0.0005146405,0.6865655,1.758329,0.0018527057612969307,0,0,0,S3_f_peak,S3_peaking,S3_peaking
377,7.270518132611476e-05,2.2840458418261735e-07,2.0,0.0008790917023595637,82.40367041704374,8.416874964046728e-13,668.0730911925249,1.5e-13,1.2731984465304422,1,0,S3_peaking,-0.00018000000000029104,10000000.0,-4.865152,10.77134,5.906188,10.77116,-7.788961,0.0002214463,0.00767223,0.001177004,0.0001670988,0.7286934,1.042419,0.08286108,0.0004395459,0.4639317,1.506351,0.0015823650642472146,0,0,0,S3_peaking,S3_peaking,S3_peaking
378,7.690829498226118e-05,6.05111805028129e-07,4.0,0.005327004676977122,645.984707100632,1.192673609902989e-13,372.6959194522997,1.5e-13,1.3214607331707255,1,0,S3_peaking,-1.09999999997612e-05,10000000.0,-0.4893719999999999,-2.741292,-3.230664,-2.741303,-7.022309,0.0004281929,0.01070275,0.002129272,0.0004663566,0.6462814,0.5495781,0.2997449,0.002663502,0.2577454,0.8073235,0.00958860841855882,0,0,0,S3_peaking,S3_peaking,S3_peaking
379,9.735265199971766e-05,2.9729519408501323e-07,6.0,0.0007840665741685335,863.1140894849518,1.427104638824764e-13,677.2913122659583,1.5e-13,1.2598549692240115,1,0,S3_peaking,-5.1400000000006996e-05,10000000.0,-1.5403073999999999,0.1390284,-1.401279,0.138977,-8.758667,0.0003977374,0.006966704,0.001173136,0.0001179066,0.7207689,1.063544,0.08831502,0.0003920333,0.470935,1.534479,0.0014113198335033604,0,0,0,S3_peaking,S3_peaking,S3_peaking
380,4.837040587601525e-05,9.515052677812953e-07,8.0,0.0015105768465599645,218.13808443102897,3.780615799177185e-13,611.6627949363993,1.5e-13,1.1898496788749335,1,0,S3_peaking,-0.00012499999999970868,10000000.0,-3.7703868999999997,4.154183,0.3837961,4.154058,-5.582404,0.0003671886,0.004125051,0.0008335995,3.211728e-05,0.6428775,1.121921,0.2839609,0.0007552886,0.2160972,1.338018,0.002719038323807936,0,0,0,S3_peaking,S3_peaking,S3_peaking
381,4.5138923297580013e-05,4.813084254637655e-07,6.0,0.0005956119564947279,71.40094301727142,3.742439774376099e-13,647.5334940256189,1.5e-13,1.4071984761230392,1,0,S3_peaking,-0.00018599999999935335,10000000.0,-5.501613799999999,5.928754,0.4271402,5.928568,-10.19339,0.0003427281,0.003577397,0.0006075377,3.095564e-05,0.7344578,1.062848,0.1380066,0.000297806,0.5443123,1.607161,0.0010721015216905102,0,0,0,S3_peaking,S3_peaking,S3_peaking
382,4.218020320459244e-05,5.471068688791329e-07,2.0,0.001905793907549349,52.89215248376404,2.6633867107864287e-13,590.1553375131234,1.5e-13,1.423101647784438,1,0,S3_peaking,-0.00014799999999937086,10000000.0,-4.897295,8.483974,3.586679,8.483826,-8.746745,0.0002718265,0.005530072,0.001002428,9.096552e-05,0.6860994,0.8004249,0.2354523,0.0009528973,0.4372179,1.237643,0.0034304290335888284,0,0,0,S3_peaking,S3_peaking,S3_peaking
383,6.430649599639595e-05,7.996174123790415e-07,5.0,0.0051745788840785205,132.6499847545926,6.9826049498790274e-12,99.94735694203762,1.5e-13,1.5796672518585113,1,1,,4.2321,1905461000.0,4.214286,-5.923599,-1.709313,-1.691499,-3.02626,0.0002424196,0.008586687,0.001628851,0.0001193461,0.6704025,1.144556,0.3818339,0.00258729,0.3968516,1.541407,0.009314241991341336,0,1,1,S3_f_peak,,
384,4.0296694143716284e-05,4.3680263125375345e-07,1.0,0.001081430046871271,171.02868560868953,3.432793896689929e-13,148.52037889120862,1.5e-13,1.233940956725146,1,0,S3_peaking,0.5499480000000005,3019952000.0,0.5152780000000003,-6.101117,-5.585839,-5.551169,-10.32438,0.0003859052,0.005087085,0.0009225105,4.790228e-05,0.6750736,1.354072,0.1619352,0.0005407151,0.3656199,1.719691,0.0019465740843682877,0,0,0,S3_peaking,S3_peaking,S3_peaking
385,5.725550512166538e-05,3.268372653267837e-07,2.0,0.0005343135194099955,87.13260295085247,1.7749099829034528e-12,407.86739776328744,1.5e-13,1.3134074772340385,1,0,S3_nyq_boost,0.07212600000000036,602559600.0,-1.8954419999999998,3.308324,1.412882,3.38045,-9.70542,0.0003020013,0.004504158,0.000743453,5.889002e-05,0.7166348,1.178903,0.09490878,0.0002671568,0.5121321,1.691035,0.0009617643349379919,0,0,0,S3_nyq_boost,S3_nyq_boost,S3_nyq_boost
386,3.389166948028433e-05,6.821723119740331e-07,3.0,0.003242762691653943,184.06390768142504,7.772797389049327e-13,83.10042937069791,1.5e-13,1.373889731011399,1,0,S3_f_peak,2.9550359999999998,4786301000.0,2.5966929999999984,-11.18175,-8.585057,-8.226714,-9.283999,0.0004111525,0.00530781,0.001070624,6.322486e-05,0.6415031,1.449284,0.3668804,0.001621381,0.2159778,1.665262,0.005836972844977098,0,0,0,S3_f_peak,S3_f_peak,S3_f_peak
387,6.385466181195631e-05,1.6112886368269698e-07,5.0,0.0014560177233952027,436.66721225648075,1.1086272656507167e-12,798.5207640991684,1.5e-13,1.3868580044822663,1,0,S3_f_peak,4.662658,1096478000.0,2.764119000000001,6.363332,9.127451,11.02599,-5.905047,0.0001852125,0.01070793,0.001300455,0.0004799345,0.7879868,0.6856043,0.08566695,0.0007280089,0.5330656,1.21867,0.002620831902111365,0,0,0,S3_f_peak,S3_f_peak,S3_f_peak
388,5.138633761728306e-05,2.7394006394465815e-07,2.0,0.0005451644262056241,632.1664550109873,2.0112884077504257e-13,216.45786835548316,1.5e-13,1.2326145140522882,1,0,S3_f_peak,3.560027,3311311000.0,3.3814979999999997,-8.72772,-5.346222,-5.167693,-11.64575,0.0004590321,0.00468079,0.0007726701,8.19565e-05,0.7116832,1.301098,0.08946799,0.0002725866,0.439898,1.740996,0.0009812959671701234,0,0,0,S3_f_peak,S3_f_peak,S3_f_peak
389,8.800975622850807e-05,6.472155133335289e-07,6.0,0.0031661990635777717,389.28286759092083,2.4296110004569177e-13,433.2633220669833,1.5e-13,1.3958650122236702,1,0,S3_nyq_boost,0.013754999999999962,691831000.0,-0.5751360000000001,1.990223,1.415087,2.003978,-4.556263,0.0003213721,0.009616601,0.001772083,0.0001538492,0.6816313,0.6907199,0.2412638,0.0015831,0.4233811,1.114101,0.005699158314439989,0,0,0,S3_peaking,S3_nyq_boost,S3_nyq_boost
390,3.922796376556929e-05,5.383800380003522e-07,4.0,0.006975946285432718,659.8679798401037,2.044079754062324e-12,211.66372195389187,1.5e-13,1.4241213382882343,1,1,,11.427553,1513561000.0,11.082611,-8.115192,2.967419,3.312361,-6.327883,0.0002540529,0.008299127,0.001729674,0.0003003257,0.6354579,0.941887,0.4097732,0.003487973,0.1198356,1.061723,0.012556703313778892,1,0,1,,S3_peaking,
391,9.657318318028821e-05,5.487757110254318e-07,8.0,0.0015819762231454606,452.3420097422568,3.4707910140951703e-12,370.2284212890638,1.5e-13,1.1012783392463836,1,0,S3_f_peak,8.824509599999999,831763800.0,6.7462266,-0.5446826,6.201544,8.279827,-2.936865,0.0002220439,0.008308044,0.001590469,6.082734e-05,0.6621237,1.234835,0.1566292,0.0007909905,0.2723186,1.507153,0.0028475572016618293,0,0,0,S3_f_peak,S3_f_peak,S3_f_peak
392,5.276993371670227e-05,2.8392281342323315e-07,6.0,0.002154456434592762,71.83196846423157,1.1596291617250598e-13,60.998533533159765,1.5e-13,1.5348784906464963,1,0,S3_peaking,-1.000000000139778e-06,10000000.0,-0.07617199999999968,-7.474349,-7.550521,-7.47435,-10.09705,0.0002948036,0.009923604,0.001602222,0.0001780714,0.7634576,1.144552,0.1595783,0.00107723,0.5897389,1.734291,0.0038780215822669713,0,0,0,S3_peaking,S3_peaking,S3_peaking
393,7.188571486239512e-05,4.3432174367312137e-07,5.0,0.0042392545967213065,386.27305700766163,2.354627392721419e-13,61.498789033119955,1.5e-13,1.1701398013304503,1,0,S3_f_peak,7.5288960000000005,10471290000.0,3.77191,-14.21264,-10.44073,-6.683744,-7.211748,0.0004213598,0.01221456,0.002369128,0.0001611964,0.6546256,1.452853,0.2231756,0.002119627,0.2167906,1.669643,0.007630658274098352,0,0,0,S3_f_peak,S3_f_peak,S3_f_peak
394,7.596119287309846e-05,2.9559981103004074e-07,2.0,0.002404520301508484,749.5324073717885,1.2334661527540322e-13,251.5773374105811,1.5e-13,1.1443580747809838,1,0,S3_f_peak,3.4690719999999997,4786301000.0,2.601199,-6.44192,-3.840721,-2.972848,-7.203771,0.0003963062,0.01291015,0.002273591,0.0002044461,0.6805915,1.203955,0.1346789,0.00120226,0.2935826,1.497537,0.004328136542715271,0,0,0,S3_f_peak,S3_f_peak,S3_f_peak
395,4.675840857355103e-05,3.118549858508627e-07,4.0,0.00610069739703393,504.0943586651012,1.5497061607463867e-12,82.62207586762341,1.5e-13,1.1539831573354764,1,0,S3_f_peak,12.588097600000001,3311311000.0,12.494163,-13.5342,-1.040037,-0.9461024,-5.524029,0.0002411402,0.01226146,0.002473533,0.0002923654,0.6487459,1.439375,0.2445113,0.003050349,0.1085968,1.547972,0.010981255314661074,0,0,0,S3_f_peak,S3_f_peak,S3_f_peak
396,2.0418216436497027e-05,3.071501644450707e-07,4.0,0.001428043701616668,325.0566095113564,3.712044042033607e-12,173.52139032481261,1.5e-13,1.5619836596526995,1,0,S3_f_peak,5.01286,1096478000.0,4.575558000000001,-7.678766,-3.103208,-2.665906,-12.46838,0.000340449,0.004466414,0.0007542603,8.21458e-05,0.7607907,1.142426,0.2109281,0.0007140219,0.533676,1.676102,0.0025704786629100022,0,0,0,S3_f_peak,S3_f_peak,S3_f_peak
397,8.849414775786703e-05,2.6336769377452005e-07,6.0,0.0005506343633427543,487.6450529104656,1.174188731798641e-12,242.2846115810947,1.5e-13,1.295974219907893,1,1,,6.293693299999999,1513561000.0,5.8051084,-5.946629,-0.1415206,0.3470643,-8.501334,0.0003040815,0.005335998,0.0008703003,0.0001038805,0.7357156,1.218792,0.07709839,0.0002753174,0.5145029,1.733295,0.0009911418540169577,1,1,1,,,
398,5.875106536541598e-05,5.378496757108592e-07,5.0,0.001036803013832959,533.6939050889843,1.9911146885247995e-12,136.43671358542312,1.5e-13,1.4485138203509802,1,1,,7.847638000000001,1737801000.0,7.764168000000001,-11.35565,-3.591482,-3.508012,-7.038815,0.0003354834,0.005297935,0.0009036936,4.23021e-05,0.7198841,1.168604,0.1617641,0.0005184015,0.5606672,1.729271,0.0018662454248993263,1,1,1,,,
399,2.1006345356019646e-05,9.201228353904719e-07,8.0,0.0013237227412720063,337.2038153766384,9.579217731338422e-13,122.84246944386402,1.5e-13,1.226927692914335,1,0,S3_f_peak,2.9807000000000006,3467369000.0,2.9456300000000013,-13.98651,-11.04088,-11.00581,-11.42065,0.0006190905,0.002451127,0.0005100015,2.55677e-05,0.6343407,1.596024,0.3650019,0.0006618614,0.1226703,1.718694,0.0023827009342896116,0,0,0,S3_f_peak,S3_f_peak,S3_f_peak
400,4.253070999107563e-05,2.0667769233224286e-07,5.0,0.005476377095924017,680.557739134975,1.1321951142211123e-13,89.52571207331269,1.5e-13,1.313562510170164,1,0,S3_f_peak,8.61261,10964780000.0,3.34427,-14.67881,-11.33454,-6.0662,-7.254961,0.000517016,0.01439321,0.002503575,0.0005426724,0.7214125,1.263212,0.197602,0.002738189,0.2916496,1.554861,0.009857478772663231,0,0,0,S3_f_peak,S3_f_peak,S3_f_peak
401,7.104632657599107e-05,1.5663580478239118e-07,7.0,0.001909924750646292,56.30207338387301,8.215421085539605e-13,146.83776052472595,1.5e-13,1.432224434139664,1,0,S3_peaking,0.10951099999999991,2187762000.0,0.10471399999999997,2.037945,2.142659,2.147456,-5.024161,0.0001830608,0.01301399,0.001409428,0.0006015486,0.7963596,1.070237,0.08365596,0.0009549624,0.5895382,1.659775,0.0034378645511633256,0,0,0,S3_nyq_boost,S3_peaking,S3_peaking
402,9.005183848741807e-05,6.557498414934761e-07,3.0,0.003357192444683159,120.02232689649297,3.1882266834315727e-13,67.36409044838436,1.5e-13,1.2738642832376965,1,0,S3_f_peak,2.9594510000000005,19952620000.0,0.5071010000000005,-8.124681,-7.61758,-5.16523,-5.163174,0.0003204437,0.01010756,0.001963497,8.329765e-05,0.6520128,1.360094,0.2369647,0.001678596,0.3268277,1.686922,0.006042946400429686,0,0,0,S3_f_peak,S3_f_peak,S3_f_peak
403,7.324905645641615e-05,1.871353304399119e-07,2.0,0.0014709929907297545,462.5176647272864,1.0052536866752622e-13,350.27659737181034,1.5e-13,1.1163076258172975,1,0,S3_peaking,-3.3899999999975616e-05,10000000.0,-1.3327445999999998,-0.3827724,-1.715517,-0.3828063,-8.500171,0.0003222832,0.01151416,0.001734571,0.0002593337,0.7241332,1.243383,0.07996641,0.0007354965,0.298988,1.542371,0.002647787383313558,0,0,0,S3_peaking,S3_peaking,S3_peaking
404,6.833797068039074e-05,1.7649547729672176e-07,4.0,0.001508903424846825,65.00921050510712,1.670183385330034e-12,183.08762959525498,1.5e-13,1.2241398007169708,1,0,S3_peaking,1.0147089999999999,2187762000.0,0.99268,3.008635,4.001315,4.023344,-5.494414,0.0001847521,0.01145632,0.001613986,0.0002717583,0.7532191,1.273403,0.08252201,0.0007544517,0.388465,1.661868,0.0027160261647242853,0,0,0,S3_peaking,S3_peaking,S3_peaking
405,5.958045719334478e-05,2.559835060554409e-07,7.0,0.0030145088477265976,165.16526305245202,1.386635822313262e-13,89.74974977769291,1.5e-13,1.3750112699507098,1,0,S3_peaking,0.2914639999999995,6025596000.0,0.1114569999999997,-5.879129,-5.767672,-5.587665,-7.687531,0.0002946502,0.01305992,0.002228344,0.000254312,0.7449723,1.230304,0.1630067,0.001507254,0.43442,1.664724,0.005426115925907876,0,0,0,S3_peaking,S3_peaking,S3_peaking
406,6.134021089162166e-05,2.0031762072707366e-07,1.0,0.0035528655158574974,301.1145536187399,4.7682293104605605e-12,91.38949878720132,1.5e-13,1.1145440264407158,1,1,,11.566974,2089296000.0,11.548644,-8.291693,3.256951,3.275281,-2.76768,0.0001588827,0.01728329,0.002746533,0.0003600497,0.7029095,1.41044,0.1171815,0.001776433,0.2272071,1.637647,0.006395157928543496,1,0,1,,S3_peaking,
407,5.5887266178523466e-05,1.6915690789720212e-07,6.0,0.002020227043033278,890.9905468316382,2.4127799180729518e-12,381.46400429725173,1.5e-13,1.3639105387801134,1,0,S3_peaking,14.564163,1148154000.0,13.303479,-4.173813,9.129666,10.39035,-4.750216,0.000176862,0.01212918,0.001610992,0.0004362394,0.7827666,0.9345094,0.1068837,0.001010114,0.4801686,1.414678,0.003636408677459901,0,0,0,S3_f_peak,S3_peaking,S3_peaking
408,5.1256539819305086e-05,1.966406323894109e-07,6.0,0.0038080188107045836,265.287080260259,3.8144165069506424e-13,159.9594906888816,1.5e-13,1.514954994441241,1,0,S3_f_peak,4.783711,5011872000.0,3.569473,-3.166283,0.40319,1.617428,-4.083104,0.0002353488,0.01491121,0.002205646,0.000559976,0.7741827,0.961535,0.1607344,0.001904009,0.5339006,1.495436,0.00685443385926825,0,0,0,S3_f_peak,S3_f_peak,S3_f_peak
409,3.5575721177549764e-05,3.365419319270939e-07,5.0,0.0005175605690681571,97.16859503052028,3.515082501074775e-12,54.3086333113655,1.5e-13,1.476235522777252,1,0,S3_peaking,1.456929999999998,3981072000.0,1.4357299999999977,-16.06526,-14.62953,-14.60833,-14.86061,0.0005684706,0.003478902,0.0005782731,3.860512e-05,0.7646629,1.178008,0.1205383,0.0002587803,0.6079385,1.785946,0.0009316090243226828,0,0,0,S3_f_peak,S3_peaking,S3_peaking
410,3.648097490470352e-05,6.550289901970533e-07,6.0,0.003083730432599638,87.24792536065468,2.2207923067807787e-12,82.7888057997031,1.5e-13,1.4531326796601993,1,0,S3_peaking,1.7537409999999998,3311311000.0,1.7164309999999992,-8.827568,-7.111137,-7.073827,-8.602968,0.0003491838,0.005695235,0.001065735,6.177516e-05,0.679261,1.364353,0.351434,0.001541865,0.3079978,1.672351,0.005550714778679349,0,0,0,S3_peaking,S3_peaking,S3_peaking
411,4.4947182186847695e-05,3.138341621604069e-07,6.0,0.0008143605911066052,131.14080482734596,6.359484901566697e-13,380.3387503645141,1.5e-13,1.285613980855003,1,0,S3_peaking,-1.5000000000320313e-05,10000000.0,-1.4688740000000002,2.793788,1.324914,2.793773,-10.22539,0.0003045419,0.005182155,0.0009204022,6.440074e-05,0.7340985,1.211378,0.1253329,0.0004071817,0.4337556,1.645133,0.0014658490639918892,0,0,0,S3_peaking,S3_peaking,S3_peaking
412,5.051491108616453e-05,6.108202191902654e-07,5.0,0.0006940730883795734,413.2578048203589,1.6993703617549003e-13,86.03306138971074,1.5e-13,1.2038872877325868,1,0,S3_f_peak,5.08667,19952620000.0,1.5824099999999994,-15.51365,-13.93124,-10.42698,-10.42488,0.0006771672,0.003752638,0.0006978513,2.221974e-05,0.6807399,1.404899,0.1558432,0.0003470365,0.3652438,1.770143,0.0012493315590832322,0,0,0,S3_f_peak,S3_f_peak,S3_f_peak
413,3.752800762954078e-05,5.027458511200207e-07,7.0,0.0006678559869501734,149.99171417958613,1.1378489424618618e-13,215.2626694216215,1.5e-13,1.370972521614762,1,0,S3_peaking,-1.7999999999851468e-05,10000000.0,-0.9624370000000004,-5.038066,-6.000503,-5.038084,-12.33326,0.0004516253,0.003397379,0.0005858618,2.579156e-05,0.7270639,1.244248,0.1607471,0.000333928,0.4838699,1.728117,0.001202140776510312,0,0,0,S3_peaking,S3_peaking,S3_peaking
414,7.407337550961167e-05,3.941382702263366e-07,7.0,0.003410416157146006,125.52190682753836,3.795916688095295e-12,243.83246245291429,1.5e-13,1.1487998886700754,1,1,,4.231707999999999,1380384000.0,3.619304,3.550557,7.169861,7.782265,-3.660168,0.0001821026,0.01208666,0.002314192,0.0001775969,0.6693974,1.150955,0.196052,0.001705209,0.2332596,1.384215,0.006138749082862811,1,1,1,,,
415,6.36329184441743e-05,5.830596777925489e-07,3.0,0.003444648473627015,760.0678290098756,1.1700295487043378e-12,69.30602521932805,1.5e-13,1.3278705228816274,1,0,S3_f_peak,13.072982000000001,4786301000.0,12.860519,-18.32748,-5.466961,-5.254498,-5.919638,0.0003350925,0.008750819,0.001674233,9.024946e-05,0.6610576,1.353512,0.2582832,0.001722325,0.3271201,1.680632,0.006200367252528627,0,0,0,S3_f_peak,S3_f_peak,S3_f_peak
416,4.9218096667088046e-05,5.390384723349047e-07,7.0,0.001193779410073619,812.4853564328237,3.2991904074764904e-13,75.32615252235315,1.5e-13,1.4157042203942671,1,0,S3_f_peak,9.228980000000002,19952620000.0,7.86997,-19.05102,-11.18105,-9.82204,-9.822029,0.0005785825,0.005126477,0.0008837726,4.212245e-05,0.722974,1.261549,0.1867352,0.0005968897,0.49349,1.755039,0.0021488029381325144,0,0,0,S3_f_peak,S3_f_peak,S3_f_peak
417,3.912862114139964e-05,8.067421508736054e-07,5.0,0.003285607165215096,57.539672044262865,1.149898659514452e-13,107.12575818528799,1.5e-13,1.1286650610773705,1,0,S3_peaking,-2.000000000279556e-06,10000000.0,-0.15216900000000066,-6.200003,-6.352172,-6.200005,-8.844499,0.0003581147,0.005486257,0.001226317,5.017146e-05,0.5952301,1.61545,0.3878848,0.001642804,0.008562273,1.624012,0.0059140928973871725,0,0,0,S3_peaking,S3_peaking,S3_peaking
418,7.25220164309165e-05,6.814256463781168e-07,3.0,0.004764470114729521,133.91861659092743,1.0515489534938904e-12,107.73245538250306,1.5e-13,1.1725473040128591,1,0,S3_f_peak,3.212022,3981072000.0,2.9275930000000003,-4.721141,-1.793548,-1.509119,-3.515771,0.0002613985,0.009757448,0.002076752,0.0001018974,0.6118412,1.402326,0.3039812,0.002382235,0.1410288,1.543355,0.008576046206513139,0,0,0,S3_f_peak,S3_f_peak,S3_f_peak
419,7.943155834949619e-05,3.715061135276093e-07,2.0,0.005104019584066782,98.01644478337109,2.368520854498754e-12,155.3428979160368,1.5e-13,1.2560719887487386,1,1,,3.71448,2398833000.0,3.7100340000000003,1.608104,5.318138,5.322584,-2.769374,0.0001732615,0.01482282,0.002747603,0.000256177,0.6689993,1.108327,0.2027988,0.00255201,0.2952363,1.403563,0.009187235251320208,0,0,1,S3_peaking,S3_f_peak,
420,4.543074361265293e-05,1.990332593779643e-07,4.0,0.0022147961189154038,160.0802923274125,6.622120998564023e-12,71.92057384304825,1.5e-13,1.3893846972192772,1,1,,6.069996,1905461000.0,6.048562,-8.153015,-2.104453,-2.083019,-6.529222,0.0002110328,0.01149,0.001719983,0.0003640502,0.7497112,1.240402,0.1307578,0.001107398,0.4799528,1.720355,0.003986633014047727,1,1,1,,,
421,5.8943343731246084e-05,9.88042466126947e-07,2.0,0.0006701433751905418,320.55289729749035,2.5988021731646246e-12,119.95385703167824,1.5e-13,1.3661241392774977,1,0,S3_f_peak,8.89425,19952620000.0,4.637744,-12.52174,-7.883996,-3.62749,-3.625394,0.0004433636,0.003168232,0.0005894492,1.562285e-05,0.6727497,1.260187,0.1842431,0.0003350719,0.49962,1.759807,0.0012062580753429753,0,0,0,S3_f_peak,S3_f_peak,S3_f_peak
422,7.938361753347003e-05,1.9147551671142494e-07,8.0,0.0027537345892112387,948.494025488267,2.3043814296985454e-12,91.69576851079871,1.5e-13,1.106598488258058,1,0,S3_peaking,19.411198,2754229000.0,19.401719999999997,-16.72196,2.67976,2.689238,-3.116337,0.000198755,0.01697891,0.002840813,0.0004833346,0.7190965,1.410551,0.11206,0.001376873,0.2631916,1.673743,0.0049567222605802295,0,0,0,S3_peaking,S3_peaking,S3_peaking
423,6.678704549770128e-05,2.6962729272184787e-07,7.0,0.0015651508273612697,91.83222266566631,1.4025038805148698e-12,123.98069744271852,1.5e-13,1.4454970945685952,1,0,S3_peaking,2.06910564,3019952000.0,2.0252343,-2.127521,-0.1022867,-0.05841536,-6.444378,0.0002325331,0.009803665,0.001593841,0.0001735234,0.7586167,1.142253,0.1259801,0.0007825872,0.5607228,1.702976,0.0028172714892502858,0,0,0,S3_peaking,S3_peaking,S3_peaking
424,3.860721990084668e-05,2.7700656512584146e-07,3.0,0.0034224935272620625,123.10259337201063,1.453161979349936e-13,79.94160164493131,1.5e-13,1.2676624428435215,1,0,S3_peaking,0.0013899999999997803,1737801000.0,1.5999999999571912e-05,-6.956135,-6.956119,-6.954745,-9.424134,0.0003130519,0.00981067,0.001779926,0.0002366572,0.6918415,1.37584,0.1974758,0.001711247,0.2873593,1.663199,0.006160488349071713,0,0,0,S3_peaking,S3_peaking,S3_nyq_boost
425,7.930972033515594e-05,2.123032402890129e-07,3.0,0.001219954352904923,54.46773485430569,8.408410946795625e-12,81.0775816254633,1.5e-13,1.3070391908781387,1,0,S3_peaking,2.132473,1819701000.0,2.095449,-4.294683,-2.199234,-2.16221,-6.902437,0.000215126,0.01010498,0.001504245,0.0002504744,0.735362,1.263939,0.08474793,0.0006099772,0.486605,1.750544,0.0021959178352288617,0,0,0,S3_peaking,S3_peaking,S3_peaking
426,6.780104149251417e-05,7.498977996215025e-07,7.0,0.004635181281875716,785.2824600547016,4.076600505088445e-13,142.25039576649306,1.5e-13,1.2124074224161012,1,0,S3_f_peak,10.439983999999999,4168694000.0,9.811563999999999,-12.37577,-2.564206,-1.935786,-4.266276,0.0003794256,0.008999319,0.00188127,9.257236e-05,0.6238267,1.331132,0.3398465,0.002317591,0.1391896,1.470322,0.00834332630737629,0,0,0,S3_f_peak,S3_f_peak,S3_f_peak
427,4.402925735389935e-05,5.771433902090491e-07,7.0,0.002352308547380891,797.4224193543934,1.6239565643599036e-12,96.0207458353505,1.5e-13,1.2962848495676023,1,1,,11.320631,2398833000.0,11.319923000000001,-16.45878,-5.138857,-5.138149,-7.873627,0.0003444747,0.006206388,0.001158706,5.573693e-05,0.6800336,1.402629,0.2677684,0.001176155,0.2844352,1.687065,0.004234155385285604,0,0,1,S3_f_peak,S3_f_peak,
428,7.342823663059244e-05,7.190900498186943e-07,3.0,0.000624133262541427,575.6512376197642,9.065815932446089e-12,496.50839598363655,1.5e-13,1.2114794361676255,1,0,S3_f_peak,7.019729,346736900.0,3.521364,-1.621294,1.90007,5.398435,-3.750032,0.0003006055,0.0039572,0.000743302,2.048849e-05,0.666833,1.237174,0.1383267,0.0003120689,0.407882,1.645056,0.0011234398725745685,0,0,0,S3_f_peak,S3_f_peak,S3_f_peak
429,9.068141659571864e-05,6.001692024779717e-07,1.0,0.002773946790175631,66.87873058844082,1.266506861371116e-12,76.29838763541854,1.5e-13,1.1655589406902291,1,0,S3_f_peak,1.7989559999999996,7585776000.0,1.2289539999999999,-5.317968,-4.089014,-3.519012,-3.681406,0.0002569997,0.01001351,0.001975986,7.601834e-05,0.638954,1.419837,0.2039761,0.001386973,0.2743378,1.694175,0.004993104222316136,0,0,0,S3_f_peak,S3_f_peak,S3_f_peak
430,8.772642363369314e-05,3.5712528466103406e-07,8.0,0.0021986144769500205,365.8104997472483,1.2057495704342936e-12,186.42374654619934,1.5e-13,1.19024832142606,1,1,,8.509656,2398833000.0,8.500632,-4.336068,4.164564,4.173588,-4.256682,0.0002198628,0.01163991,0.002126526,0.0001538611,0.6932985,1.259159,0.146679,0.001099308,0.3359032,1.595062,0.003957506058510037,1,0,1,,S3_f_peak,
431,4.7289218134041165e-05,1.5222259416456003e-07,2.0,0.005387458810121819,420.7771272907145,9.667168528903372e-12,322.9274273385594,1.5e-13,1.1592569834718847,1,0,S3_f_peak,12.1703313,794328200.0,11.0727213,-0.1574013,10.91532,12.01293,-1.635297,0.0001310488,0.017671,0.002406532,0.00110349,0.7408234,0.736404,0.127327,0.002693729,0.1937168,0.9301209,0.009697425858219274,0,0,0,S3_f_peak,S3_f_peak,S3_f_peak
432,8.92625545820961e-05,3.9917271009602323e-07,8.0,0.003252196452599106,318.57999068221557,1.9012489554268408e-12,565.0262262062228,1.5e-13,1.4069295334468683,1,0,S3_f_peak,5.8332310000000005,1096478000.0,3.9709390000000004,5.645179,9.616118,11.47841,-3.306829,0.0001826772,0.01243198,0.002163832,0.0004727004,0.7165692,0.4160008,0.1880529,0.001626099,0.4652111,0.8812119,0.005853953614678391,0,0,0,S3_f_peak,S3_f_peak,S3_f_peak
433,8.400641072435659e-05,6.689201063221564e-07,7.0,0.002944365092544816,111.53541223431459,1.0952426369272016e-13,81.29254550432495,1.5e-13,1.465102241214262,1,0,S3_peaking,-1.000000000139778e-06,10000000.0,-0.03676299999999966,-6.737323,-6.774086,-6.737324,-7.243695,0.0003186095,0.009121537,0.001634661,7.835525e-05,0.6961826,1.196117,0.2423288,0.001472183,0.4842054,1.680323,0.005299857166580669,0,0,0,S3_f_peak,S3_peaking,S3_peaking
434,6.49772590208293e-05,5.368213662936533e-07,4.0,0.0007911838687561804,126.72768567546497,1.793162328089243e-13,312.3907998969954,1.5e-13,1.1763684835023747,1,0,S3_peaking,-4.389999999998562e-05,10000000.0,-2.0263018,0.8527458,-1.173556,0.8527019,-8.274643,0.0003424761,0.004865233,0.0008983353,3.329083e-05,0.675677,1.3139,0.1367834,0.0003955919,0.3625195,1.676419,0.0014241309637611247,0,0,0,S3_peaking,S3_peaking,S3_peaking
435,7.33686482675632e-05,2.608154400269567e-07,6.0,0.00262395069720428,171.8716358994279,1.81625336569627e-12,210.21730468628266,1.5e-13,1.2986438746545808,1,1,,5.319788,2089296000.0,5.256241,1.37228,6.628521,6.692068,-3.701227,0.0001814012,0.01379538,0.002346148,0.0003007803,0.7243778,1.11411,0.1404122,0.001311975,0.4100903,1.5242,0.0047231112549677035,1,1,1,,,
436,8.1873923167095e-05,2.498930720627142e-07,5.0,0.0005477150189510967,304.7605689417846,7.14547719395386e-12,109.0010061026206,1.5e-13,1.232135675523215,1,0,S3_f_peak,5.6108400000000005,1096478000.0,5.429912000000001,-10.65267,-5.222758,-5.04183,-9.322835,0.0003181556,0.005299776,0.0008713508,0.000111401,0.7252995,1.311533,0.07600439,0.0002738646,0.4586156,1.770149,0.000985887034111974,0,0,0,S3_f_peak,S3_f_peak,S3_f_peak
437,5.7429946514328376e-05,5.776169316277985e-07,5.0,0.0012970139419495959,174.98673737333996,1.8810061090060877e-12,110.77126468009736,1.5e-13,1.539051621825862,1,0,S3_f_peak,3.2565300000000006,2630268000.0,3.2553340000000004,-8.121045,-4.865711,-4.864515,-6.806743,0.0003330298,0.005609311,0.0009457948,4.608763e-05,0.7266549,1.11792,0.1869835,0.000648507,0.6102437,1.728164,0.0023346250955092727,0,0,0,S3_f_peak,S3_f_peak,S3_f_peak
438,7.661141844991883e-05,7.113197451485421e-07,7.0,0.0013492914140837441,669.5487601610351,4.842155694501087e-13,291.3971934763735,1.5e-13,1.2786891499126511,1,1,,6.1414623,2089296000.0,6.0600148,-5.802993,0.2570218,0.3384693,-4.306922,0.0003610211,0.005978292,0.001113615,3.787079e-05,0.678952,1.204874,0.1885018,0.0006746457,0.3985365,1.60341,0.0024287245453507396,1,1,1,,,
439,4.722997550300219e-05,4.2111629243256416e-07,5.0,0.0008428256638320959,208.62024529636767,1.3405833328517567e-13,287.26120101862756,1.5e-13,1.5113846243437032,1,0,S3_peaking,-3.199999999980996e-05,10000000.0,-1.5708809999999997,-1.332356,-2.903237,-1.332388,-10.98201,0.0003789829,0.004782219,0.0007881652,5.220503e-05,0.7455874,1.055914,0.1439592,0.0004214128,0.6230302,1.678944,0.0015170861948977726,0,0,0,S3_peaking,S3_peaking,S3_peaking
440,3.289083143373634e-05,6.180647975152991e-07,6.0,0.000589430510405902,595.4318850073157,1.7464707244024025e-12,110.02685561333082,1.5e-13,1.425097850458209,1,0,S3_f_peak,5.52004,2511886000.0,5.519970000000001,-16.31747,-10.7975,-10.79743,-11.20523,0.0005617858,0.002715183,0.0004705615,1.640204e-05,0.7244091,1.250584,0.1797175,0.0002947154,0.5169896,1.767573,0.0010609749187306236,0,1,1,S3_f_peak,,
441,7.002564286278649e-05,2.89420693498608e-07,5.0,0.0036668087145256454,126.89305245655741,1.5346593419087485e-12,67.08315165055622,1.5e-13,1.5665518044253486,1,0,S3_f_peak,5.1957629999999995,4570882000.0,4.7538469999999995,-6.733724,-1.979877,-1.537961,-4.775067,0.0002091489,0.01444875,0.002286825,0.0003263144,0.7483695,1.074865,0.1699821,0.001833405,0.6021443,1.677009,0.006600255686146162,0,0,0,S3_f_peak,S3_f_peak,S3_f_peak
442,4.427247779981251e-05,2.2191769639870524e-07,1.0,0.0035722530475319884,731.0917870864961,4.4287233195312224e-13,200.40746894390966,1.5e-13,1.1939874184620223,1,0,S3_f_peak,11.242891,3801894000.0,10.661525000000001,-8.311804,2.349721,2.931087,-5.014568,0.0002662501,0.01249376,0.002074086,0.0003425047,0.6950188,1.18572,0.1478778,0.001786127,0.2563262,1.442046,0.006430055485557579,0,0,0,S3_f_peak,S3_f_peak,S3_f_peak
443,7.070337338356492e-05,3.279439347041317e-07,5.0,0.005250561116901533,422.28425321519563,3.5816936381667576e-13,242.9369476868259,1.5e-13,1.2216380259713804,1,0,S3_f_peak,5.6835640000000005,3801894000.0,5.130046,-2.649481,2.480565,3.034083,-4.030243,0.0002491168,0.01492089,0.002808203,0.0003839565,0.6764241,0.9124699,0.2074665,0.002625281,0.2497525,1.162222,0.00945101001042276,0,0,0,S3_f_peak,S3_f_peak,S3_f_peak
444,8.67039874482961e-05,7.470469559500959e-07,5.0,0.002731789217108681,178.84172819339062,6.566334290714505e-13,214.95493736230782,1.5e-13,1.1084076750082552,1,0,S3_peaking,1.6763982,2511886000.0,1.6760042,-0.5149142,1.16109,1.161484,-2.546098,0.0002770628,0.008482226,0.001755845,6.284006e-05,0.6241193,1.313155,0.2401971,0.001365895,0.1932384,1.506394,0.004917220590795626,0,0,0,S3_peaking,S3_peaking,S3_peaking
445,7.403019400617554e-05,1.75484412320701e-07,7.0,0.003729108474725961,291.2869593488105,2.412518870004451e-13,335.0024379883012,1.5e-13,1.1739887984958257,1,0,S3_peaking,0.2471939999999999,2398833000.0,0.24621699999999969,3.094774,3.340991,3.341968,-3.041541,0.0002180894,0.01947736,0.003012667,0.0006109796,0.7465246,0.8957274,0.1223077,0.001864554,0.2796423,1.17537,0.006712395254506729,0,0,0,S3_peaking,S3_peaking,S3_peaking
446,8.204252610327275e-05,9.897979804693798e-07,8.0,0.0015484786078039212,51.99013991978967,7.968587044127882e-12,105.77892579938101,1.5e-13,1.1797661154815118,1,0,S3_f_peak,5.305093899999999,19952620000.0,1.7604049999999996,-6.030187,-4.269782,-0.7250931,-0.7226949,0.0002987657,0.005559413,0.001114586,2.985755e-05,0.6438294,1.435635,0.2310699,0.0007742393,0.2824662,1.718101,0.002787261494047058,0,0,0,S3_f_peak,S3_f_peak,S3_f_peak
447,5.974412286238357e-05,2.3530101815496548e-07,7.0,0.0020661142747093507,846.251574839993,4.2195026365656943e-13,231.1753762861711,1.5e-13,1.2382196092086653,1,0,S3_f_peak,11.182483,3311311000.0,10.879570999999999,-8.275628,2.603943,2.906855,-5.742539,0.0002845439,0.011443,0.002013077,0.0002527591,0.7321795,1.203985,0.135259,0.001033059,0.3571973,1.561182,0.0037190056944768316,0,0,0,S3_f_peak,S3_f_peak,S3_f_peak
448,5.776264163428899e-05,1.5863182565097583e-07,4.0,0.000818343784038224,349.019862895793,6.0786571167425615e-12,55.814783107893184,1.5e-13,1.1980228556036734,1,1,,7.499813,1737801000.0,7.479426,-15.82563,-8.346204,-8.325817,-11.13697,0.0003007546,0.007049072,0.0008675692,0.0002247278,0.7674856,1.361972,0.06333104,0.0004091727,0.4151895,1.777161,0.0014730188112688032,1,1,1,,,
449,4.936985547495495e-05,3.5657866394460024e-07,3.0,0.0019015366988193985,55.321936040908234,1.0713082703261069e-13,148.06918168470483,1.5e-13,1.2462298444223199,1,0,S3_peaking,-9.60000000005401e-06,10000000.0,-0.565065,-0.630724,-1.195789,-0.6307336,-9.053524,0.0002609664,0.008067396,0.001450771,0.0001206428,0.6877067,1.307843,0.1684187,0.0009507691,0.3513763,1.65922,0.0034227660578749174,0,0,0,S3_peaking,S3_peaking,S3_peaking
450,7.578497010527345e-05,2.100771213412717e-07,8.0,0.0014263238738473926,69.4586814798194,4.962568288565794e-12,134.57619982606374,1.5e-13,1.4899368054304418,1,0,S3_peaking,2.4312287,1737801000.0,2.3116217,-0.2334337,2.078188,2.197795,-5.872923,0.0001990944,0.01069012,0.001567246,0.0003079251,0.7776206,1.080345,0.1015248,0.0007131642,0.6236804,1.704025,0.0025673829729253067,0,0,0,S3_peaking,S3_peaking,S3_peaking
451,5.352754419669413e-05,5.187859243015965e-07,8.0,0.0028282966576317005,790.2337776532137,3.0149636416842636e-12,300.25245521914724,1.5e-13,1.5303735215184955,1,0,S3_f_peak,12.2435,1000000000.0,10.971323,-6.015355,4.955968,6.228145,-5.692197,0.0002299016,0.007875251,0.001342504,0.000121781,0.725819,0.8812864,0.2542573,0.001414149,0.4941121,1.375398,0.005090933983737061,0,0,0,S3_f_peak,S3_f_peak,S3_f_peak
452,9.626130378888789e-05,7.059422970374808e-07,5.0,0.0011254237363838287,72.35585570830543,1.97697436810336e-12,381.9898928808489,1.5e-13,1.3574715903089443,1,0,S3_nyq_boost,0.03294400000000053,524807500.0,-1.6626389999999995,5.338702,3.676063,5.371646,-2.0183,0.0002573789,0.006197271,0.001115389,3.768382e-05,0.6899556,1.078308,0.1577116,0.0005627123,0.5067417,1.58505,0.0020257627254908917,0,0,0,S3_nyq_boost,S3_nyq_boost,S3_nyq_boost
453,7.857618584879177e-05,1.9166350676436046e-07,3.0,0.000534538975454268,53.71587077702624,3.712496138980158e-13,93.84207289516726,1.5e-13,1.537414480509958,1,0,S3_peaking,-3.000000000419334e-06,10000000.0,-0.16546000000000038,-7.509294,-7.674754,-7.509297,-11.15048,0.000347203,0.005286733,0.0006799066,0.0001448989,0.7843955,1.053999,0.06284122,0.0002672754,0.7209201,1.774919,0.0009621701558176825,0,0,0,S3_peaking,S3_peaking,S3_peaking
454,7.536830342980056e-05,3.6966039073536216e-07,6.0,0.0008381118888353826,121.55396887853668,2.705434899361401e-12,221.7642842102497,1.5e-13,1.2642146408648327,1,0,S3_peaking,2.0961434,1380384000.0,1.5750454,-0.5406304,1.034415,1.555513,-7.050979,0.0002686134,0.006198452,0.001080567,7.24437e-05,0.7114131,1.252786,0.1101691,0.0004190579,0.4542814,1.707068,0.0015086013999036888,0,0,0,S3_peaking,S3_peaking,S3_peaking
455,2.3561868613323758e-05,1.9046233852274346e-07,1.0,0.0005809828435233153,138.44933980898654,5.747423540459935e-13,81.93089521795585,1.5e-13,1.283617803758438,1,0,S3_peaking,1.3671800000000012,4168694000.0,1.1139500000000009,-11.77744,-10.66349,-10.41026,-14.42597,0.0004596034,0.004255123,0.0006116743,0.0001051912,0.741975,1.337876,0.08966048,0.0002904961,0.4383235,1.776199,0.0010457691183419675,0,0,0,S3_peaking,S3_peaking,S3_peaking
456,8.832599756631863e-05,4.4273395410889783e-07,7.0,0.0009027865872918337,792.1036176376494,3.100401391317851e-12,99.42904833937288,1.5e-13,1.3828961586780093,1,1,,11.599723000000001,1819701000.0,11.575419,-15.95083,-4.375411,-4.351107,-5.986444,0.0003090674,0.006403556,0.001084288,5.94672e-05,0.723403,1.200901,0.1175437,0.0004513984,0.5542172,1.755118,0.0016250158571253007,1,0,1,,S3_peaking,
457,7.49507104090928e-05,8.105192668592388e-07,5.0,0.0010905836856169757,124.17865183314746,9.080854867271142e-13,55.75621027122691,1.5e-13,1.4928283929561974,1,0,S3_f_peak,8.529207,19952620000.0,1.8009500000000003,-13.80836,-12.00741,-5.279153,-5.2726,0.0004539886,0.005008388,0.0008791377,2.940666e-05,0.7052553,1.176603,0.1873992,0.0005452952,0.5929937,1.769597,0.001963050634110556,0,0,0,S3_f_peak,S3_f_peak,S3_f_peak
458,7.301737907063584e-05,8.249248164653963e-07,5.0,0.0010864530059860515,562.5042031091914,1.0345223902597325e-12,193.41860796060436,1.5e-13,1.5971505594080782,1,1,,6.788988,2290868000.0,6.782003,-8.878644,-2.096641,-2.089656,-3.257772,0.0003557468,0.00487019,0.0008294078,3.166529e-05,0.7206579,1.017465,0.1926358,0.0005432265,0.677465,1.69493,0.001955615410774893,0,1,1,S3_f_peak,,
459,9.400349027931118e-05,8.137858222646625e-07,8.0,0.004208227780572999,252.91440656797164,3.7051191607037625e-12,69.72122582651602,1.5e-13,1.376774303881201,1,0,S3_f_peak,9.779329,19952620000.0,7.710734,-11.14588,-3.435146,-1.366551,-1.363946,0.0002445673,0.01008918,0.0019418,8.54191e-05,0.6615503,1.305576,0.2997444,0.002104115,0.3477227,1.653299,0.007574810005031398,0,0,0,S3_f_peak,S3_f_peak,S3_f_peak
460,6.067712986995114e-05,7.782783789267186e-07,5.0,0.0010357257193527002,130.18384638635183,1.4943236551277679e-12,128.21308982685528,1.5e-13,1.1597486133747927,1,0,S3_f_peak,2.501302,19952620000.0,1.869738,-7.457776,-5.588038,-4.956474,-4.955989,0.0003758694,0.004471755,0.0008783096,2.451851e-05,0.6521158,1.435301,0.1929156,0.0005178629,0.298301,1.733602,0.0018643062948348603,0,0,0,S3_f_peak,S3_f_peak,S3_f_peak
461,9.515198944716381e-05,1.7825524952815845e-07,7.0,0.001492527994824985,282.05727190056564,4.0030657269390606e-12,53.5978338259356,1.5e-13,1.4001398831134,1,0,S3_f_peak,9.172614,2630268000.0,9.171281,-13.22211,-4.050829,-4.049496,-6.831157,0.000214667,0.01230138,0.001614882,0.0003023864,0.781238,1.201002,0.077544,0.0007462645,0.559,1.760002,0.002686550390684973,0,0,0,S3_f_peak,S3_f_peak,S3_f_peak
462,4.763659673823492e-05,5.216584714879842e-07,6.0,0.0006041542067740979,117.47634420076963,6.750201632879746e-13,56.184472236120875,1.5e-13,1.2773328899003498,1,0,S3_f_peak,4.343969999999999,19952620000.0,0.9124499999999998,-15.85737,-14.94492,-11.5134,-11.50908,0.0005941391,0.003587261,0.0006356242,2.547007e-05,0.7088186,1.347227,0.1398993,0.0003020771,0.4358006,1.783028,0.0010874775721933763,0,0,0,S3_f_peak,S3_f_peak,S3_f_peak
463,9.098916423034629e-05,4.0911993672885595e-07,2.0,0.0017937543118024925,507.0157681851334,3.8375924727749914e-13,253.3792488015561,1.5e-13,1.1612045306657155,1,0,S3_f_peak,5.779085,3019952000.0,5.678856,-3.995788,1.683068,1.783297,-5.180074,0.0002936698,0.01031032,0.001877423,9.585904e-05,0.6709761,1.241038,0.1386145,0.0008968772,0.3317105,1.572749,0.003228757761244487,0,0,0,S3_f_peak,S3_f_peak,S3_f_peak
464,8.8690677204336e-05,7.218698935354335e-07,4.0,0.007251551001649288,265.8923459014758,1.9534966568611976e-12,97.8651294921425,1.5e-13,1.1889605764939686,1,0,S3_f_peak,8.4338373,3311311000.0,8.3722661,-7.972549,0.3997171,0.4612883,-1.427486,0.0002261283,0.01247123,0.002732525,0.0001506341,0.5994969,1.349952,0.3451734,0.003625776,0.09521062,1.445163,0.013052791802968719,0,0,0,S3_f_peak,S3_f_peak,S3_f_peak
465,2.0883087608839396e-05,7.683971415310842e-07,3.0,0.000561674875375553,60.91325832474376,1.9915350070883635e-13,423.4631924823712,1.5e-13,1.317985587704474,1,0,S3_peaking,-6.90000000003188e-05,10000000.0,-2.8481929999999998,-2.524663,-5.372856,-2.524732,-13.20599,0.0005197079,0.001897279,0.0003524847,1.302576e-05,0.6839101,1.310399,0.2387663,0.0002808374,0.3706769,1.681076,0.0010110147756759954,0,0,0,S3_peaking,S3_peaking,S3_peaking
466,3.256411182522218e-05,2.2794277842414776e-07,8.0,0.0012957327384114686,432.5712689843832,8.941301864548208e-12,118.41603129495239,1.5e-13,1.229834999316709,1,0,S3_f_peak,8.475902,954992600.0,8.219512,-10.87787,-2.658358,-2.401968,-9.855414,0.0002810857,0.006607043,0.001206572,0.00014313,0.7407426,1.392728,0.1443502,0.0006478671,0.3305533,1.723282,0.0023323189291406437,0,0,0,S3_f_peak,S3_f_peak,S3_f_peak
467,4.688983237181701e-05,5.861219436449799e-07,4.0,0.0019459782532705557,605.722240210161,1.3715207285490277e-12,167.08372216472887,1.5e-13,1.5635601512729056,1,1,,8.676292,1819701000.0,8.561698,-10.04711,-1.485412,-1.370818,-7.179815,0.0003155414,0.005842303,0.001005246,6.349176e-05,0.7159993,1.079838,0.24125,0.0009729893,0.5575916,1.637429,0.0035027608558870003,1,1,1,,,
468,2.3784657419004026e-05,2.4463923731489147e-07,7.0,0.0024388867029267063,989.9943472694322,2.2895833939311377e-13,50.82436521401063,1.5e-13,1.3806964403598108,1,0,S3_f_peak,12.17304,8317638000.0,9.2814,-23.27751,-13.99611,-11.10447,-12.60356,0.0006805656,0.006816156,0.0012201,0.0001360383,0.7462763,1.402121,0.2186124,0.001219443,0.3359016,1.738022,0.0043899960652680715,0,0,0,S3_f_peak,S3_f_peak,S3_f_peak
469,9.854947166641252e-05,2.187494762119012e-07,7.0,0.0018418755724936824,416.9236384940108,5.021276914449502e-13,411.0422392880122,1.5e-13,1.456448695973545,1,1,,4.311019,2290868000.0,4.29158,1.922595,6.214175,6.233614,-4.361414,0.0002144569,0.01396173,0.002059109,0.0004190677,0.7636739,0.8276815,0.1010979,0.0009209378,0.5937742,1.421456,0.0033153760304886286,1,0,1,,S3_f_peak,
470,2.2229404827611975e-05,1.9512608986239127e-07,6.0,0.0015780037142673086,254.54750999643224,6.8437802783313e-13,635.3927450852901,1.5e-13,1.3361115114361373,1,0,S3_nyq_boost,0.6804690000000004,1047129000.0,-0.8200119999999993,5.437504,4.617492,6.117973,-10.15092,0.0002663912,0.006121292,0.001029394,0.0002224445,0.7685469,0.9303946,0.1623879,0.0007890019,0.3682793,1.298674,0.0028404066856811557,0,0,0,S3_nyq_boost,S3_nyq_boost,S3_nyq_boost
471,8.778640776171654e-05,6.851050806469672e-07,3.0,0.0020243105221175147,56.83353328856406,5.849749892661556e-13,427.7657818561043,1.5e-13,1.2139181423362775,1,0,S3_peaking,-9.200000000042508e-05,10000000.0,-3.4644910000000007,8.328172,4.863681,8.32808,-3.138064,0.0002376463,0.007914269,0.001536536,6.409531e-05,0.650816,1.038148,0.2013673,0.001012155,0.3288867,1.367035,0.0036437589398115263,0,0,0,S3_peaking,S3_peaking,S3_peaking
472,2.4275347899734304e-05,6.660687857059749e-07,5.0,0.002722894470628711,119.77834241381746,1.9672449453684275e-13,206.15189009289767,1.5e-13,1.1685113897425061,1,0,S3_peaking,-1.4000000000180535e-05,10000000.0,-0.8132090000000005,-3.719009,-4.532218,-3.719023,-11.57399,0.0004072095,0.004160345,0.0009208157,4.391706e-05,0.6093442,1.526486,0.3920944,0.001361447,-0.00715247,1.519333,0.00490121004713168,0,0,0,S3_peaking,S3_peaking,S3_peaking
473,7.5841436200994e-05,4.954251006060232e-07,3.0,0.007980781072765003,115.17891981415507,2.2677498103026278e-13,220.98825825773088,1.5e-13,1.4390582202502427,1,0,S3_peaking,-2.0000000000131024e-05,10000000.0,-1.0330450000000002,2.912094,1.879049,2.912074,-5.171735,0.0002308592,0.01329266,0.002560218,0.0006741405,0.6612068,0.6189366,0.3061741,0.003990391,0.2992339,0.9181705,0.014365405930977007,0,0,0,S3_peaking,S3_peaking,S3_peaking
474,8.735699389377657e-05,8.477898556866671e-07,4.0,0.0009083651441845774,74.37634342828066,1.7806847678101146e-13,154.82848168695747,1.5e-13,1.5508939501148742,1,0,S3_peaking,0.21823099999999984,4570882000.0,0.1351969999999998,-4.209407,-4.07421,-3.991176,-4.697513,0.0003383815,0.004837748,0.0008325205,2.718133e-05,0.7127447,1.05846,0.166748,0.0004541828,0.67122,1.72968,0.0016350572595322393,0,0,0,S3_f_peak,S3_peaking,S3_peaking
475,6.74960534004113e-05,5.797365743691556e-07,3.0,0.002912331411399429,123.57411371414625,1.0142234965923363e-12,165.1150297220239,1.5e-13,1.4540283781040007,1,0,S3_peaking,1.8357727000000001,2630268000.0,1.8292796,-1.346451,0.4828286,0.4893217,-4.649123,0.0002539173,0.008523397,0.001537606,9.554087e-05,0.6884813,1.092152,0.2374338,0.001456166,0.4674136,1.559565,0.005242196540518973,0,0,0,S3_peaking,S3_peaking,S3_peaking
476,2.4747076208112986e-05,3.244530682901593e-07,7.0,0.001513512860871366,212.00226815831087,1.5847863592346604e-13,127.7751081667928,1.5e-13,1.2569829682944813,1,0,S3_peaking,0.14429799999999915,3162278000.0,0.12628499999999931,-8.25747,-8.131185,-8.113172,-12.82073,0.0004411178,0.004966036,0.0009382763,6.823942e-05,0.7102901,1.419083,0.2100465,0.0007567566,0.2842219,1.703305,0.002724323149568459,0,0,0,S3_peaking,S3_peaking,S3_peaking
477,7.506602042477109e-05,2.366530866699803e-07,1.0,0.002310911120200377,85.5327197345069,1.0848226064139221e-13,692.0913996541234,1.5e-13,1.1373433635747539,1,0,S3_peaking,-0.00021000000000093166,10000000.0,-6.029787000000001,14.06737,8.037583,14.06716,-6.815899,0.0001865623,0.01393406,0.002286708,0.0002933768,0.6986021,0.7168436,0.114628,0.001155456,0.2834756,1.000319,0.004159640016360679,0,0,0,S3_peaking,S3_peaking,S3_peaking
478,7.290765133822303e-05,8.937441027444142e-07,1.0,0.0036191804895020175,100.43782329877965,1.4927654918468866e-12,57.67519901835335,1.5e-13,1.3308535494747227,1,0,S3_f_peak,6.911785,19952620000.0,2.318142,-10.53455,-8.216408,-3.622765,-3.617506,0.0003296123,0.007549037,0.001553171,6.588508e-05,0.6264956,1.409118,0.3179091,0.00180959,0.2865129,1.695631,0.006514524881103632,0,0,0,S3_f_peak,S3_f_peak,S3_f_peak
479,2.6610640380694952e-05,4.039149816725421e-07,7.0,0.003471210262992818,465.9506186597273,2.2496580136663972e-13,541.7886382868329,1.5e-13,1.4997297486578067,1,0,S3_nyq_boost,0.04375989999999996,870963600.0,-0.5899818,0.7210906,0.1311088,0.7648505,-10.59026,0.0003420454,0.005820199,0.001074786,0.0003817217,0.7069088,0.5506413,0.3284993,0.001735605,0.3090275,0.8596689,0.006248178473387072,0,0,0,S3_peaking,S3_nyq_boost,S3_nyq_boost
480,2.393421078517512e-05,4.3079266636843015e-07,4.0,0.005167202532196816,119.41673107388277,6.374676447105525e-12,163.70306821688249,1.5e-13,1.4573761362589377,1,0,S3_f_peak,2.878389,1148154000.0,2.5135258,-3.228284,-0.7147582,-0.349895,-9.462719,0.000280087,0.006255034,0.001248748,0.0001650848,0.6613672,1.234135,0.3924361,0.002583601,0.1429215,1.377057,0.00930096455795427,0,0,0,S3_peaking,S3_f_peak,S3_f_peak
481,9.396691949468982e-05,7.064229235855825e-07,5.0,0.0020765546927901234,345.28585643164513,3.5277245268519984e-13,103.59479396579405,1.5e-13,1.4336339036542576,1,0,S3_f_peak,5.949812,19952620000.0,3.714689,-10.00803,-6.293341,-4.058218,-4.057423,0.0003899572,0.008178855,0.001469679,5.819085e-05,0.6915991,1.178754,0.2042991,0.001038277,0.5136858,1.69244,0.0037377984470222223,0,0,0,S3_f_peak,S3_f_peak,S3_f_peak
482,2.7977609439787142e-05,2.6987655272856535e-07,3.0,0.0014940782068125693,436.9510179191616,3.973665791295933e-13,271.7071420397862,1.5e-13,1.2829783536042334,1,0,S3_f_peak,4.06744165,2630268000.0,4.06566049,-4.01717,0.04849049,0.05027165,-10.27609,0.0003250485,0.006082078,0.001082086,0.0001205315,0.7196795,1.243827,0.1688559,0.0007470391,0.3531972,1.597024,0.0026893407722626246,1,0,0,,S3_f_peak,S3_f_peak
483,4.1066249727636664e-05,3.4867888057233554e-07,8.0,0.0066945440612860745,52.423099800049634,1.9459119792319875e-13,218.77966073401726,1.5e-13,1.5696095482838572,1,0,S3_peaking,-1.7999999999851468e-05,10000000.0,-1.042831,4.065659,3.022828,4.065641,-7.130561,0.0002134697,0.0105923,0.001926453,0.0005021414,0.7188277,0.7164194,0.3161409,0.003347272,0.3512656,1.067685,0.012050179310314935,0,0,0,S3_peaking,S3_peaking,S3_peaking
484,9.92946146798277e-05,2.019584049320917e-07,7.0,0.001051192472195356,52.55216600073839,2.062038405533443e-13,739.2405475929593,1.5e-13,1.331412636347582,1,0,S3_peaking,-0.0002300000000001745,10000000.0,-6.392436999999999,13.32223,6.929793,13.322,-7.535946,0.0001975097,0.009492911,0.001402897,0.0002972077,0.7559292,0.8944889,0.07898996,0.0005255996,0.516969,1.411458,0.0018921464499516408,0,0,0,S3_peaking,S3_peaking,S3_peaking
485,7.743371362085494e-05,6.666375027945444e-07,2.0,0.005945390839566537,123.33162557555934,1.163814073120912e-13,352.14260413402997,1.5e-13,1.434602646480296,1,0,S3_peaking,-6.299999999992423e-05,10000000.0,-2.6962289999999998,4.136613,1.440384,4.13655,-6.326407,0.0002585293,0.009947278,0.00199474,0.001061484,0.6456503,0.4437927,0.3317484,0.002972695,0.3093946,0.7531873,0.010701703511219766,0,0,0,S3_peaking,S3_peaking,S3_peaking
486,7.791552215374185e-05,6.977218672017184e-07,8.0,0.004114356103540229,301.77559726105966,1.5452192976883793e-13,339.0401158202376,1.5e-13,1.4216285075448858,1,0,S3_peaking,-3.8999999999900226e-05,10000000.0,-1.6144524,1.264489,-0.3499634,1.26445,-5.83328,0.0003350471,0.009542083,0.001784709,0.0001791678,0.676928,0.7330993,0.2996488,0.002057178,0.3694348,1.102534,0.007405840986372412,0,0,0,S3_peaking,S3_peaking,S3_peaking
487,2.6931034135310528e-05,1.78362168649704e-07,2.0,0.0009917835394824622,277.4798859769856,1.681422037182399e-13,324.2678301347929,1.5e-13,1.3653193750096777,1,0,S3_peaking,-1.9100000000021877e-05,10000000.0,-0.9493429,-0.1550721,-1.104415,-0.1550912,-10.89409,0.0003233054,0.006217155,0.0008482749,0.0001556635,0.7696332,1.163712,0.104554,0.0004958933,0.4754859,1.639198,0.001785210371068432,0,0,0,S3_peaking,S3_peaking,S3_peaking
488,5.7031765805606025e-05,4.786439955895265e-07,7.0,0.006921613715326999,105.09670159907039,4.93928920594954e-13,309.11918477779045,1.5e-13,1.5095474520865244,1,0,S3_peaking,-2.700000000022129e-05,10000000.0,-1.1879810000000002,2.85034,1.662359,2.850313,-5.836444,0.0002395551,0.01030807,0.001926269,0.001803105,0.6867114,0.4252216,0.3443947,0.003460807,0.3049767,0.7301982,0.012458904687588599,0,0,0,S3_peaking,S3_peaking,S3_peaking
489,4.671630040327941e-05,8.562606463167309e-07,6.0,0.0025303043444299266,159.22597863938847,4.70034352081127e-12,143.8533258353312,1.5e-13,1.1833654523673,1,1,,3.242531,1513561000.0,3.1374869999999997,-5.94473,-2.807243,-2.702199,-5.051131,0.0003117994,0.005342857,0.001117189,4.248716e-05,0.6244844,1.479913,0.3364483,0.001265152,0.1380904,1.618003,0.004554547819973868,0,1,1,S3_peaking,,
490,7.900228724763005e-05,2.1304642868136599e-07,2.0,0.0025440906803429492,90.89798183124446,6.502985019117069e-13,117.37631156941237,1.5e-13,1.2230145616337968,1,0,S3_peaking,1.63547901,4570882000.0,1.13436201,-0.02313201,1.11123,1.612347,-3.59311,0.0001897354,0.01622573,0.002506911,0.0003572782,0.717047,1.282961,0.105449,0.001272046,0.3677294,1.65069,0.004579363224617309,0,0,0,S3_peaking,S3_f_peak,S3_peaking
491,7.100045791905374e-05,4.995345576798832e-07,7.0,0.0017673900706892726,128.52250594108273,4.249641556555668e-13,297.9301881181824,1.5e-13,1.5919761029964323,1,0,S3_peaking,-2.1000000000270802e-05,10000000.0,-1.1660620000000002,3.122231,1.956169,3.12221,-5.965121,0.0002664958,0.007759322,0.001269222,9.257244e-05,0.7431748,0.8840848,0.1805619,0.000883695,0.6526357,1.536721,0.0031813021272406906,0,0,0,S3_peaking,S3_peaking,S3_peaking
492,7.920569523356513e-05,5.23568773764083e-07,6.0,0.004793770620717611,54.05617857643273,3.723614846415791e-13,51.824613245443615,1.5e-13,1.1231429899330625,1,0,S3_f_peak,0.5921809999999992,19952620000.0,0.07806899999999928,-6.929535,-6.851466,-6.337354,-6.337296,0.0002592715,0.01223331,0.002471052,0.0001311513,0.635305,1.527305,0.2534697,0.002396885,0.1484745,1.675779,0.0086287871172917,0,0,0,S3_f_peak,S3_peaking,S3_f_peak
493,4.167293642093831e-05,6.831918819571347e-07,4.0,0.006066919409921151,153.8247973097731,2.535749009124352e-12,390.21778024594664,1.5e-13,1.1912613703318518,1,0,S3_peaking,2.4777310000000003,1096478000.0,1.2237979999999995,3.38701,4.610808,5.864741,-5.826019,0.0002597343,0.007161643,0.001714899,0.0004484752,0.573819,0.6896052,0.440889,0.00303346,-0.0733151,0.6162901,0.010920454937858072,0,0,0,S3_peaking,S3_f_peak,S3_peaking
494,3.8261174934953064e-05,6.157571560021472e-07,5.0,0.004331113891804168,69.26701182253784,1.2419090131959523e-13,400.9338941004098,1.5e-13,1.563934707811649,1,0,S3_peaking,-6.099999999964467e-05,10000000.0,-2.6894899999999997,5.073191,2.383701,5.07313,-8.961673,0.0002719404,0.006438877,0.001206294,0.000401223,0.6822461,0.6009975,0.3893784,0.002165557,0.3307573,0.9317548,0.007796005005247503,0,0,0,S3_peaking,S3_peaking,S3_peaking
495,7.411101353237433e-05,7.210069642725004e-07,2.0,0.0007553868640025749,142.49513404397328,5.037298421601216e-13,253.1309346573966,1.5e-13,1.3059434433380783,1,0,S3_peaking,0.0,10000000.0,-0.40008500000000025,-1.797761,-2.197846,-1.797761,-4.800382,0.0003618913,0.004438867,0.0008131339,2.402566e-05,0.6767159,1.227374,0.1486244,0.0003776934,0.47702,1.704394,0.0013596963552046349,0,0,0,S3_peaking,S3_nyq_boost,S3_peaking
496,9.214770560801127e-05,1.7620397897693663e-07,5.0,0.0011073652226073916,236.95897874782673,4.69947253161322e-13,572.1632263247407,1.5e-13,1.4746262041940101,1,0,S3_peaking,-2.4999999999941735e-05,10000000.0,-1.6798469999999996,7.048456,5.368609,7.048431,-6.805214,0.0002125833,0.009898278,0.001241731,0.0002835403,0.7895044,0.8506676,0.07174967,0.0005536826,0.6325355,1.483203,0.001993257400693305,0,0,0,S3_peaking,S3_peaking,S3_peaking
497,7.160726472602853e-05,3.6715609857243513e-07,4.0,0.002166329237055889,406.7490934580161,1.1417863409004995e-12,87.81571553737975,1.5e-13,1.2335501055533817,1,0,S3_f_peak,9.632949,3630781000.0,9.468667,-11.74998,-2.281313,-2.117031,-5.90958,0.000269393,0.01042004,0.001866262,0.0001394706,0.6873363,1.342417,0.1558849,0.001083165,0.3624624,1.70488,0.0038993926267006005,0,0,0,S3_f_peak,S3_f_peak,S3_f_peak
498,2.6668448618670752e-05,4.919476726666279e-07,3.0,0.0030042904992486864,308.4697610208893,2.597026797336245e-13,84.83551686921516,1.5e-13,1.2332156685336106,1,0,S3_f_peak,3.4247569999999996,6025596000.0,2.2169500000000006,-12.91014,-10.69319,-9.485383,-11.77452,0.000489803,0.005363991,0.00107424,7.806173e-05,0.6423328,1.550164,0.3183162,0.001502145,0.1224,1.672564,0.005407722898647636,0,0,0,S3_f_peak,S3_f_peak,S3_f_peak
499,9.54834169501821e-05,7.70839622698382e-07,4.0,0.0008875431713074199,534.0958989580062,1.3653518397181305e-13,173.96382863326195,1.5e-13,1.2721618564643895,1,0,S3_f_peak,3.3548030000000004,19952620000.0,1.4567120000000005,-9.336043,-7.879331,-5.98124,-5.98031,0.0005632949,0.00524267,0.0009739887,2.649378e-05,0.6728867,1.272943,0.1488856,0.0004437716,0.449856,1.722799,0.001597577708353356,0,0,0,S3_f_peak,S3_f_peak,S3_f_peak
500,6.874372230066439e-05,6.728316138474428e-07,2.0,0.0008109038460535149,246.78105683332328,2.1699636503432547e-13,367.58046211273154,1.5e-13,1.564630378213553,1,0,S3_peaking,-4.579000000000388e-05,10000000.0,-1.9006853700000002,0.03420737,-1.866478,0.03416158,-6.690744,0.0003898905,0.004573568,0.0007699482,3.097292e-05,0.719068,0.9630101,0.1544601,0.0004054563,0.6879537,1.650964,0.0014596269228963267,0,0,0,S3_peaking,S3_peaking,S3_peaking
501,5.1817086443541746e-05,4.988962043874948e-07,5.0,0.007171488804593895,76.44928720305042,3.462252691766567e-13,100.05719331523315,1.5e-13,1.547692453271784,1,0,S3_nyq_boost,0.0040719999999998535,1584893000.0,-0.0029200000000000337,-3.048749,-3.051669,-3.044677,-6.376905,0.0002552414,0.01069625,0.001988549,0.0002558952,0.6809922,1.115715,0.3512882,0.003585744,0.325505,1.44122,0.012908679848269012,0,0,0,S3_peaking,S3_peaking,S3_peaking
502,4.9155552573619754e-05,9.021613412796358e-07,4.0,0.0005110456206927145,177.4931568514752,1.697387419450291e-12,451.05720988609806,1.5e-13,1.2217900258272965,1,0,S3_nyq_boost,0.66969275,794328200.0,-0.9965916,-0.6928894,-1.689481,-0.02319665,-5.304289,0.0003986734,0.00263078,0.0005042068,1.286311e-05,0.6645293,1.300229,0.1711246,0.0002555232,0.3845153,1.684744,0.000919882117246886,0,0,0,S3_nyq_boost,S3_nyq_boost,S3_nyq_boost
503,9.528181440575629e-05,3.414621169351807e-07,7.0,0.0015217273782510466,198.74677422161275,2.4451796418508215e-12,314.2068168308269,1.5e-13,1.5757891054680346,1,1,,4.684988000000001,1258925000.0,3.6565610000000004,3.089286,6.745847,7.774274,-4.550674,0.0002013573,0.01013475,0.001590527,0.00015997,0.7586132,0.8626957,0.1229082,0.0007608642,0.6982357,1.560931,0.002739109280851884,0,1,1,S3_f_peak,,
504,7.012411527111455e-05,3.1003441213571696e-07,4.0,0.0005234282744617947,512.0975449871564,3.871939399530226e-12,240.77035315908228,1.5e-13,1.5474182795709133,1,0,S3_f_peak,7.0824419999999995,831763800.0,6.0309726,-6.603069,-0.5720964,0.479373,-8.961,0.0003038322,0.004721678,0.0007225094,7.55919e-05,0.7607841,1.014874,0.08843318,0.0002617141,0.7221129,1.736987,0.0009421708940312304,0,0,0,S3_f_peak,S3_f_peak,S3_f_peak
505,8.328906342023542e-05,8.680437763142027e-07,4.0,0.0014388015380549753,66.74408252095672,2.0007066096343167e-13,208.93477874509023,1.5e-13,1.269510610389727,1,0,S3_peaking,-1.280000000000725e-05,10000000.0,-0.6619938000000001,-0.1685197,-0.8305135,-0.1685325,-4.205707,0.0002936817,0.005820201,0.00112083,3.393702e-05,0.6574144,1.263839,0.2048063,0.0007194008,0.3858525,1.649692,0.0025898427684989556,0,0,0,S3_peaking,S3_peaking,S3_peaking
506,5.9293952629990804e-05,5.561022011207604e-07,6.0,0.002598318255196081,186.48014013012138,2.799630364685922e-13,108.54593349323262,1.5e-13,1.402116609576538,1,0,S3_f_peak,1.4092159999999998,5495409000.0,0.8412639999999998,-6.881247,-6.039983,-5.472031,-7.223507,0.0003473885,0.007832752,0.001406162,7.980718e-05,0.6957396,1.241945,0.238206,0.001299159,0.4170367,1.658982,0.004676972859352946,0,0,0,S3_peaking,S3_f_peak,S3_f_peak
507,6.716202766512405e-05,4.762471384440839e-07,2.0,0.000768222099524025,699.0287923944225,3.6095784625433167e-12,724.1763725719425,1.5e-13,1.549119080504528,1,0,S3_f_peak,8.380326,478630100.0,2.9968339999999998,1.491142,4.487976,9.871468,-6.604198,0.0002692544,0.00516693,0.0008347371,5.047837e-05,0.732985,0.8314553,0.1270727,0.0003841111,0.6903806,1.521836,0.001382799779143245,0,0,0,S3_f_peak,S3_f_peak,S3_f_peak
508,2.4407348522972572e-05,4.768520618022048e-07,1.0,0.005662248268035689,94.40898468881532,3.0751765644078253e-12,127.84293290428577,1.5e-13,1.5647846873022369,1,0,S3_peaking,1.8541520000000005,1905461000.0,1.7910810000000006,-5.593861,-3.80278,-3.739709,-10.3062,0.0003421038,0.005529185,0.001150289,0.0001751174,0.6356678,1.263516,0.3916383,0.002831124,0.1745449,1.438061,0.01019204688246424,0,0,0,S3_peaking,S3_peaking,S3_peaking
509,5.274264011604546e-05,5.076299356430708e-07,8.0,0.0017405535298431018,105.61011234552373,6.032174235410459e-12,52.984727077125065,1.5e-13,1.4107820458234797,1,0,S3_f_peak,3.2065,19952620000.0,2.8481650000000016,-12.21075,-9.362585,-9.00425,-9.003548,0.000341017,0.006526234,0.001128802,5.866774e-05,0.7200985,1.293645,0.204614,0.0008702768,0.4602435,1.753889,0.0031329963537175833,0,0,0,S3_f_peak,S3_f_peak,S3_f_peak
510,5.770336631799483e-05,5.875891238283917e-07,4.0,0.0006348141391898539,53.251597412311355,6.387838830026007e-12,274.31651912819206,1.5e-13,1.162997093275393,1,0,S3_nyq_boost,0.4714919894,794328200.0,-0.6084541,-0.4723349,-1.080789,-0.0008429106,-6.799102,0.000334986,0.003902266,0.0007304944,2.298226e-05,0.6720712,1.359408,0.1382788,0.0003174071,0.3535207,1.712929,0.0011426654505417371,0,0,0,S3_nyq_boost,S3_nyq_boost,S3_nyq_boost
511,8.97278803140957e-05,4.753648195946276e-07,5.0,0.005828401410702659,282.6979956675839,6.67530509117462e-13,104.06549920490528,1.5e-13,1.2118571384623582,1,0,S3_f_peak,7.6440809,4786301000.0,6.6356602,-7.260216,-0.6245558,0.3838649,-3.127637,0.0002454969,0.01478461,0.002884834,0.0002100743,0.6503255,1.27148,0.2441423,0.002914201,0.2252518,1.496732,0.010491122539264786,0,0,0,S3_f_peak,S3_f_peak,S3_f_peak
512,3.351420169110817e-05,2.501366449480905e-07,5.0,0.004648976269826364,99.38764833357186,2.05219512479427e-13,142.74373181281254,1.5e-13,1.5260559020073918,1,0,S3_peaking,-5.0999999999801204e-06,10000000.0,-0.3052775999999999,-0.9895734,-1.294851,-0.9895785,-7.530941,0.0002498055,0.01036777,0.00176024,0.000290139,0.7569086,1.057389,0.2382624,0.002324489,0.4108045,1.468194,0.008368157285687456,0,0,0,S3_peaking,S3_peaking,S3_peaking
513,9.426675091307854e-05,1.9370390681233692e-07,2.0,0.005408892598225417,234.7040296061406,2.4010117836080133e-13,319.64882249662594,1.5e-13,1.1148590261463127,1,0,S3_peaking,-1.4000000000180535e-05,10000000.0,-0.5523500000000006,4.539844,3.987494,4.53983,-1.87899,0.0001975916,0.02554547,0.004017461,0.0008521635,0.7072741,0.7214546,0.1212191,0.002704446,0.2140723,0.9355269,0.009736006676805752,0,0,0,S3_peaking,S3_peaking,S3_peaking
514,2.0161687811781074e-05,3.4793508779067497e-07,2.0,0.0039035295190425366,271.4248129649799,1.6747199859320411e-13,665.8910139165413,1.5e-13,1.2106980382129062,1,0,S3_peaking,-0.00012499999999970868,10000000.0,-3.8375478,2.938204,-0.8993438,2.938079,-12.4876,0.000365229,0.004960811,0.001081873,0.0006676983,0.626263,0.5025461,0.3182584,0.001951765,-0.0022087,0.5003374,0.007026353134276566,0,0,0,headroom,S3_peaking,headroom
515,3.951020661190578e-05,6.555080829823353e-07,6.0,0.0005333622223368978,267.6418080913419,2.249507576265632e-12,138.45307692625897,1.5e-13,1.1942721943183174,1,0,S3_peaking,2.83357,2089296000.0,2.825652999999999,-11.5253,-8.699647,-8.69173,-9.395436,0.0005041341,0.002766066,0.000516941,1.544647e-05,0.6862852,1.416672,0.1629231,0.0002666811,0.346405,1.763077,0.0009600520002064161,0,1,0,S3_f_peak,,S3_peaking
516,6.869031857542897e-05,2.0572928217332562e-07,4.0,0.001576114888174971,874.6231906278963,3.462980015090974e-12,51.08039438807079,1.5e-13,1.3270791714297783,1,0,S3_peaking,16.4347,2630268000.0,16.43373,-21.44085,-5.00712,-5.00615,-7.541826,0.0002525729,0.01151294,0.001715593,0.0003232329,0.7391217,1.277063,0.09786112,0.0007880575,0.482682,1.759745,0.002837006798714948,0,0,0,S3_peaking,S3_peaking,S3_peaking
517,8.573369314644916e-05,5.162247819272133e-07,1.0,0.0018633651562648464,119.68090700717404,4.943806274984969e-13,243.92342876079937,1.5e-13,1.1670778814615232,1,0,S3_peaking,-2.000000000279556e-06,10000000.0,-0.46177,2.415388,1.953618,2.415386,-4.651623,0.0002565227,0.008990186,0.001696197,6.931705e-05,0.6559888,1.254136,0.1639441,0.0009316826,0.3186043,1.57274,0.0033540572812767234,0,0,0,S3_peaking,S3_nyq_boost,S3_peaking
518,2.1996382479052774e-05,7.987312125997859e-07,3.0,0.0008198272724308133,174.76074734393833,2.757976104203355e-12,355.68397487587475,1.5e-13,1.3881152802906316,1,0,S3_nyq_boost,1.115913,758577600.0,-0.49219599999999986,-3.819343,-4.311539,-2.70343,-11.47764,0.0004710758,0.002246696,0.0004159861,1.754772e-05,0.6828133,1.272812,0.2806907,0.0004099137,0.3813884,1.6542,0.0014756890903754641,0,0,0,S3_nyq_boost,S3_nyq_boost,S3_nyq_boost
519,6.235067751412514e-05,6.57754903424753e-07,5.0,0.0062165080908091214,65.51646058344464,8.072924379440743e-12,111.30431502913106,1.5e-13,1.3152951060905251,1,0,S3_peaking,2.5415802000000003,1659587000.0,2.4614190000000002,-2.082657,0.378762,0.4589232,-3.578874,0.0002179827,0.01001115,0.002072751,0.000141381,0.6292532,1.290387,0.3624621,0.003108254,0.1636513,1.454038,0.011189714563456419,0,0,0,S3_peaking,S3_peaking,S3_peaking
520,3.983496123347411e-05,8.929126337030214e-07,6.0,0.0012211014729805695,604.0973751205661,1.0534374418626908e-13,503.26700889412035,1.5e-13,1.170668134780083,1,0,S3_peaking,-7.299999999998974e-05,10000000.0,-2.492549,-2.262292,-4.754841,-2.262365,-9.673608,0.0005528234,0.003516271,0.000709138,2.46353e-05,0.644227,1.279481,0.2722984,0.0006105508,0.2132492,1.49273,0.002197982651365025,0,0,0,S3_peaking,S3_peaking,S3_peaking
521,3.7242739207980275e-05,3.1823676796151135e-07,1.0,0.0007416015621245929,234.14907591458248,4.065476924031611e-12,100.15315143383141,1.5e-13,1.3101472146024349,1,1,,4.172702999999999,1513561000.0,4.082535999999999,-10.78352,-6.700984,-6.610817,-11.5662,0.0003644884,0.004823721,0.0008005534,6.213527e-05,0.7084481,1.295507,0.1200719,0.0003708016,0.4673555,1.762863,0.0013348828118242672,1,1,1,,,
522,4.7987617957145375e-05,3.5892271085901515e-07,7.0,0.0006388571720107318,127.08234052272563,1.1130072047883577e-13,51.900251003366286,1.5e-13,1.1518672500031801,1,0,S3_f_peak,1.027759999999999,19952620000.0,0.042500000000000426,-15.50475,-15.46225,-14.47699,-14.47513,0.0005883257,0.00429466,0.0008006083,4.03904e-05,0.7088654,1.445187,0.1185416,0.000319429,0.3382345,1.783421,0.0011499429096193173,0,0,0,S3_f_peak,S3_f_peak,S3_f_peak
523,4.0548261736711066e-05,8.039936206568165e-07,4.0,0.002674768006952447,80.58672974729981,5.2133008493788315e-12,152.25280591549603,1.5e-13,1.3053041057709591,1,0,S3_peaking,1.5247830000000002,1445440000.0,1.3610680000000004,-4.168096,-2.807028,-2.643313,-6.298666,0.0003169255,0.005110412,0.001038979,4.9231e-05,0.6364106,1.383589,0.350126,0.001337384,0.2127901,1.596379,0.004814582412514405,0,0,0,S3_peaking,S3_peaking,S3_peaking
524,8.179262961032925e-05,3.804493906489649e-07,3.0,0.00614134004191904,297.31883014990274,1.0005026964988407e-12,73.11942884383346,1.5e-13,1.105061875063834,1,0,S3_f_peak,9.9448402,5011872000.0,9.081061,-10.47931,-1.398249,-0.5344698,-3.569521,0.0002321627,0.01602856,0.003203661,0.000256006,0.6373422,1.429253,0.2175345,0.00307067,0.1462165,1.57547,0.011054412075454273,0,0,0,S3_f_peak,S3_f_peak,S3_f_peak
525,6.216753577917384e-05,7.701847420434169e-07,4.0,0.0015595040178663637,112.5276390921764,1.6962617436873333e-13,454.3878473659446,1.5e-13,1.4989838812181049,1,0,S3_peaking,-9.600000000009601e-05,10000000.0,-3.583318,4.969574,1.386256,4.969478,-6.547867,0.0003055375,0.005393206,0.0009626207,4.956443e-05,0.6969852,0.9026323,0.2293207,0.000779752,0.5430578,1.44569,0.002807107232159455,0,0,0,S3_peaking,S3_peaking,S3_peaking
526,9.81883163307323e-05,6.387230444054484e-07,7.0,0.0005659903164771616,139.52164831476517,1.0595636609180932e-13,721.9275210177881,1.5e-13,1.4298518776035916,1,0,S3_peaking,-0.00028100000000019776,10000000.0,-6.4203308,7.082283,0.6619522,7.082002,-6.797128,0.0003238303,0.004290735,0.0007343368,2.532235e-05,0.7192899,0.9807185,0.1153126,0.0002829968,0.6149795,1.595698,0.0010187825696588908,0,0,0,S3_peaking,S3_peaking,S3_peaking
527,2.4454458711789896e-05,2.086272242107758e-07,3.0,0.0006035072987818873,50.4069976842459,4.4995136663031924e-13,784.9407283424563,1.5e-13,1.287591931703578,1,0,S3_peaking,-0.0002250000000003638,10000000.0,-6.233556999999999,8.363738,2.130181,8.363513,-13.42868,0.0003147038,0.004040177,0.0006625149,0.0001138204,0.7508176,1.133698,0.1122739,0.0003017537,0.4294429,1.563141,0.0010863131378073972,0,0,0,S3_peaking,S3_peaking,S3_peaking
528,3.617936091680317e-05,6.699720377709652e-07,1.0,0.0010429049024014896,74.5214416988937,1.7149293817641075e-13,90.74172863136563,1.5e-13,1.3589238582288816,1,0,S3_peaking,0.0,10000000.0,-0.008259999999999934,-10.95699,-10.96525,-10.95699,-11.12716,0.0004971743,0.00363365,0.0006772812,2.727375e-05,0.6705617,1.322429,0.2166858,0.0005214525,0.430253,1.752682,0.0018772288243226812,0,0,0,S3_f_peak,S3_peaking,S3_peaking
529,6.773451871803551e-05,7.617822097228777e-07,7.0,0.007337100390282519,59.59901282713526,1.1990603104489886e-12,124.9500501205097,1.5e-13,1.5055883224053306,1,0,S3_peaking,0.6958416700000001,3162278000.0,0.64551365,-0.6574866,-0.01197295,0.03835507,-2.819652,0.000233403,0.01039161,0.002070052,0.0001885796,0.6506042,1.080383,0.4234276,0.00366855,0.261231,1.341614,0.013206780702508535,0,0,0,S3_peaking,S3_peaking,S3_peaking
530,3.911770986292014e-05,1.5751427289047734e-07,5.0,0.005537027921509344,426.9075529597326,1.156140291491154e-13,212.96055010791875,1.5e-13,1.1203378670937258,1,0,S3_peaking,1.1116129999999997,5495409000.0,0.6261019999999999,-3.959465,-3.333363,-2.847852,-5.971891,0.0003226703,0.01517113,0.002347751,0.0008377432,0.7394323,1.069545,0.166149,0.002768514,0.1408705,1.210416,0.00996665025871682,0,0,0,S3_peaking,S3_peaking,S3_peaking
531,5.075746729935771e-05,3.7230115746959505e-07,3.0,0.0022182756933405577,638.2576435683508,4.634190329139279e-13,140.7167455119961,1.5e-13,1.3434297646099784,1,0,S3_f_peak,9.4286,3801894000.0,8.992301,-11.02343,-2.031129,-1.59483,-7.467161,0.0003331126,0.008449245,0.001485303,0.0001293735,0.6985193,1.227531,0.1818805,0.001109138,0.4163948,1.643925,0.003992896248013004,0,0,0,S3_f_peak,S3_f_peak,S3_f_peak
532,5.774468379847259e-05,5.354765412426784e-07,6.0,0.0020805390251298,355.0884521332608,1.6017235731436613e-13,280.00112967820684,1.5e-13,1.2193491681275082,1,0,S3_nyq_boost,0.00022799999999989495,363078100.0,-0.24552299999999994,-2.044508,-2.290031,-2.04428,-8.111486,0.0003684322,0.007199997,0.001353625,7.078475e-05,0.672974,1.217362,0.2142193,0.00104027,0.2913615,1.508723,0.00374497024523364,0,0,0,S3_peaking,S3_nyq_boost,S3_nyq_boost
533,9.866462086924733e-05,2.536531591441127e-07,4.0,0.0009958831576153372,100.1432246081721,2.326548593696798e-13,244.97666991724975,1.5e-13,1.2042343318959392,1,0,S3_peaking,-2.9000000000056758e-05,10000000.0,-1.467086,2.809929,1.342843,2.8099,-7.56978,0.0002462217,0.008847007,0.001452537,0.0001781043,0.7123896,1.260589,0.0846545,0.0004979416,0.4174255,1.678014,0.0017925896837076068,0,0,0,S3_peaking,S3_peaking,S3_peaking
534,4.419016937783163e-05,5.756329796386857e-07,2.0,0.002432358675444142,190.53340087504543,2.5124702286605114e-13,304.63952804914595,1.5e-13,1.2815854778705247,1,0,S3_peaking,-2.2599999999983744e-05,10000000.0,-1.159324,0.665058,-0.494266,0.6650354,-8.338959,0.0003258726,0.00611699,0.001191268,7.472843e-05,0.6525829,1.143905,0.2583164,0.001216179,0.2855991,1.429504,0.004378245615799456,0,0,0,S3_peaking,S3_peaking,S3_peaking
535,2.180997517756456e-05,4.583422726207969e-07,5.0,0.003190493100711048,560.0716822503596,1.4444991971950294e-12,73.8360391827029,1.5e-13,1.5065447685060303,1,0,S3_f_peak,8.111146999999999,2754229000.0,8.108236999999999,-17.25858,-9.150343,-9.147433,-12.37524,0.000423851,0.004982694,0.0009242506,8.219142e-05,0.6922998,1.398195,0.3595446,0.001595247,0.2840186,1.682213,0.0057428875812798865,0,0,0,S3_f_peak,S3_f_peak,S3_f_peak
536,9.029711609348746e-05,3.3451616695551613e-07,8.0,0.006032792076412799,84.66409699108517,6.432789705550861e-12,55.965144560703486,1.5e-13,1.1454816608344072,1,0,S3_f_peak,5.4360285600000005,2884032000.0,5.42674952,-5.508198,-0.08144848,-0.07216944,-2.895138,0.0001632516,0.01875673,0.003617941,0.0003248684,0.6672257,1.427223,0.2019918,0.003016396,0.2039617,1.631185,0.010859025737543038,0,0,0,S3_f_peak,S3_f_peak,S3_f_peak
537,3.974939702776067e-05,5.349140993934571e-07,3.0,0.001034867452114104,848.2320157364652,1.212069983178968e-13,84.27174022037772,1.5e-13,1.1089899830231829,1,0,S3_f_peak,6.572640000000002,13182570000.0,3.8161000000000023,-18.86379,-15.04769,-12.29115,-12.34012,0.0007992037,0.004362604,0.0008441758,3.349892e-05,0.6546753,1.514171,0.1837534,0.0005174337,0.2422224,1.756393,0.0018627614138053874,0,0,0,S3_f_peak,S3_f_peak,S3_f_peak
538,6.734808122542509e-05,1.806559770570513e-07,6.0,0.001730360684624105,461.06614549615693,6.1473006468785995e-12,339.9286768499971,1.5e-13,1.1531573298753002,1,0,S3_f_peak,11.3608985,794328200.0,9.6209385,-0.5353585,9.08558,10.82554,-4.668087,0.0001665603,0.01220012,0.001876937,0.0002913201,0.7453672,1.193985,0.09480168,0.0008651803,0.3119146,1.5059,0.003114649232323389,0,0,0,S3_f_peak,S3_f_peak,S3_f_peak
539,3.533946488860063e-05,5.851640716492049e-07,1.0,0.0006416783860622242,83.98113318796192,3.3355062989628817e-13,675.2479699409149,1.5e-13,1.1773489423810637,1,0,S3_peaking,-0.00019499999999972317,10000000.0,-5.634805999999999,5.194564,-0.440242,5.194369,-10.69583,0.0003765577,0.003160727,0.0006006065,2.182174e-05,0.6571902,1.249646,0.1658015,0.0003208392,0.3337073,1.583353,0.0011550210949120036,0,0,0,S3_peaking,S3_peaking,S3_peaking
540,2.7924512294663578e-05,2.1909156726201572e-07,5.0,0.0022067878157405497,110.75911691534505,5.595893470544494e-12,186.83703398026336,1.5e-13,1.2327795847040606,1,1,,3.0968916,1258925000.0,2.6743156,-0.5825106,2.091805,2.514381,-8.164497,0.0002347437,0.007861671,0.001451296,0.0002270086,0.7236919,1.318738,0.178071,0.001103394,0.2751073,1.593845,0.00397221806833299,0,1,0,S3_peaking,,S3_f_peak
541,4.036372252686623e-05,2.1134365087947306e-07,7.0,0.0012902233490140595,99.18195776048954,3.159180976923453e-12,298.2951768763795,1.5e-13,1.5363680593109919,1,0,S3_peaking,1.8439480000000001,1202264000.0,0.964321,3.517196,4.481517,5.361144,-8.232922,0.0002305201,0.007594996,0.001154029,0.0002222018,0.7923457,0.9916577,0.1285595,0.0006451117,0.6159086,1.607566,0.002322402028225307,0,0,0,S3_peaking,S3_peaking,S3_peaking
542,8.122521152292001e-05,1.6961013062695623e-07,5.0,0.006394335939434781,792.9360107516964,2.0699310168306637e-12,291.658400283703,1.5e-13,1.386373550118237,1,0,S3_peaking,16.716299,1905461000.0,16.576899,-5.309229,11.26767,11.40707,0.3407913,0.0001372224,0.0244252,0.003350577,0.001621407,0.7655122,0.4548613,0.1375597,0.003197168,0.4126578,0.8675191,0.011509804690982606,0,0,0,S3_peaking,S3_peaking,S3_peaking
543,7.016573142117435e-05,1.87394240216592e-07,3.0,0.0007083559983982453,112.24160808350227,7.296772261368374e-13,302.1315896430573,1.5e-13,1.1826945102906112,1,0,S3_nyq_boost,0.008469000000000282,602559600.0,-0.7310829999999999,2.417591,1.686508,2.42606,-9.340989,0.0002491394,0.00643791,0.0009454047,0.0001623157,0.7391358,1.29766,0.06671807,0.0003541816,0.3953301,1.69299,0.0012750407971168416,0,0,0,S3_peaking,S3_nyq_boost,S3_nyq_boost
544,9.112788071587014e-05,2.3232465006671894e-07,1.0,0.00203340554719719,766.9403837148137,2.116788613932307e-12,59.18520928120385,1.5e-13,1.2948846502869669,1,0,S3_peaking,16.849426,3311311000.0,16.784855,-18.81158,-2.026725,-1.962154,-5.099064,0.0002309484,0.01461182,0.002229178,0.0001901528,0.728264,1.292276,0.0971271,0.00101672,0.4475494,1.739826,0.0036601299849549425,0,0,0,S3_peaking,S3_peaking,S3_peaking
545,4.9955444144420506e-05,5.440901484811439e-07,2.0,0.0010253638509838989,329.6135445726918,1.0352677053951734e-13,397.98894606286626,1.5e-13,1.5335247094035378,1,0,S3_peaking,-6.389999999999174e-05,10000000.0,-2.5906061,-0.1244219,-2.715028,-0.1244858,-10.32185,0.0004099309,0.004853352,0.0008152303,4.482512e-05,0.7192479,0.9703232,0.1711131,0.0005126819,0.625635,1.595958,0.001845654931771018,0,0,0,S3_peaking,S3_peaking,S3_peaking
546,2.2251569929196028e-05,6.926420673406167e-07,7.0,0.000958731044680652,538.7881945849321,3.2712277256904243e-12,123.01056375094673,1.5e-13,1.1503293647422368,1,1,,5.1166,1258925000.0,5.01229,-15.25574,-10.24345,-10.13914,-12.56364,0.0005530868,0.002592035,0.0005226086,1.917078e-05,0.6541207,1.571986,0.2702635,0.0004793656,0.1690455,1.741032,0.0017257158804251736,1,1,1,,,
547,5.413031625536124e-05,6.03302741173697e-07,3.0,0.007868938400643418,96.90101209152,2.693965592103199e-12,303.51431253052306,1.5e-13,1.5275692965541254,1,0,S3_peaking,0.8003582,1380384000.0,0.5327819,-1.514399,-0.9816171,-0.7140408,-5.659153,0.0002751762,0.007677827,0.001675704,0.00375326,0.6342064,0.408855,0.4192144,0.003934469,0.1969773,0.6058323,0.014164089121158154,0,0,0,S3_peaking,S3_peaking,S3_peaking
548,6.142483702505262e-05,1.6544546236495698e-07,6.0,0.003969087213675173,343.60069830684205,4.2727702842184925e-12,173.2468929657446,1.5e-13,1.5817672299941496,1,1,,11.593802,1584893000.0,11.3904,-3.658412,7.731988,7.93539,-1.891639,0.0001448715,0.0178953,0.002108374,0.0008338408,0.8018012,0.8288861,0.1289936,0.001984544,0.6272979,1.456184,0.007144356984615311,1,0,1,,S3_peaking,
549,3.279181013558632e-05,2.3934549870558444e-07,7.0,0.0011327594162199848,131.2671511118279,1.7761469743636667e-13,109.35564150742442,1.5e-13,1.3515985331138431,1,0,S3_peaking,-1.000000000139778e-06,10000000.0,-0.08044900000000066,-7.0017,-7.082149,-7.001701,-11.69742,0.0003745632,0.006083328,0.001060366,0.0001184266,0.7614688,1.298173,0.1413364,0.0005663816,0.4398903,1.738063,0.002038966949195973,0,0,0,S3_peaking,S3_peaking,S3_peaking
550,9.799681773842736e-05,7.880784941023236e-07,1.0,0.0005871506215515179,360.4645478641764,5.35792046966992e-12,642.0713063141428,1.5e-13,1.192021918620147,1,0,S3_f_peak,4.547096,416869400.0,0.16826799999999986,2.926647,3.094915,7.473743,-1.246083,0.0002789289,0.004165038,0.0007902159,1.97862e-05,0.656606,1.197083,0.1249337,0.0002935768,0.4144205,1.611503,0.0010568711187927322,0,0,0,S3_nyq_boost,S3_f_peak,S3_f_peak
551,6.022419323505664e-05,3.3618658938333335e-07,4.0,0.0008054489475559874,186.56429239650873,1.0889553661394244e-12,421.31577880309607,1.5e-13,1.4774552241098862,1,0,S3_nyq_boost,1.207468,1202264000.0,-0.07663399999999987,3.328597,3.251963,4.536065,-8.47295,0.0002753149,0.005837765,0.0009368691,8.67247e-05,0.7442916,1.002509,0.112937,0.0004027246,0.6278173,1.630326,0.0014498081056007774,0,0,0,S3_nyq_boost,S3_peaking,S3_nyq_boost
552,6.720996702371767e-05,2.513674187916391e-07,3.0,0.005858410232922744,97.88125456144014,7.431696244096627e-12,121.99756855380981,1.5e-13,1.281876775018367,1,1,,5.4637899,1737801000.0,5.3586669,0.2058821,5.564549,5.669672,-2.08799,0.0001479776,0.01767861,0.00305293,0.0005359833,0.696099,1.130913,0.1763214,0.002929205,0.3117306,1.442644,0.01054513841926094,1,1,1,,,
553,6.644186768275165e-05,3.4725648977725524e-07,2.0,0.002450321296169961,54.92986527842638,8.575237462953485e-13,62.99743964213342,1.5e-13,1.4835009288255678,1,0,S3_peaking,0.9739500000000003,5754399000.0,0.5270560000000009,-5.990046,-5.46299,-5.016096,-6.880298,0.0002523317,0.01083579,0.001766889,0.0001583549,0.7220476,1.161355,0.1603257,0.001225161,0.5614625,1.722818,0.00441057833310593,0,0,0,S3_peaking,S3_peaking,S3_peaking
554,2.929315304223254e-05,1.5617088325932385e-07,8.0,0.0023833106753573855,292.7481198246148,2.629494075974794e-13,307.898488947637,1.5e-13,1.354025418136591,1,0,S3_peaking,0.8782189999999999,2754229000.0,0.8645619999999998,0.448722,1.313284,1.326941,-7.179244,0.0002643061,0.009603802,0.001196698,0.0005001293,0.7870155,1.025455,0.1396322,0.001191655,0.4076364,1.433091,0.004289959215643294,0,0,0,S3_peaking,S3_peaking,S3_peaking
555,2.9540378613739683e-05,3.086920383767574e-07,3.0,0.0010891110440821735,580.2531791080172,2.0488686784669797e-12,93.45346719223372,1.5e-13,1.2931793382876733,1,1,,8.437172,1995262000.0,8.407066,-15.29195,-6.884884,-6.854778,-11.88174,0.0003762847,0.005100809,0.0009012407,8.060038e-05,0.7153678,1.353288,0.1574838,0.0005445555,0.3958215,1.749109,0.0019603998793479125,1,1,1,,,
556,2.4677888076267477e-05,8.378000269388333e-07,5.0,0.004227413697505724,479.934418799239,2.850006353177425e-13,454.7579951213522,1.5e-13,1.4148612601378447,1,0,S3_peaking,0.9214990000000001,1513561000.0,0.4763740000000001,-1.983289,-1.506915,-1.06179,-9.968804,0.0004580914,0.004169358,0.00104536,0.0001886143,0.5934104,0.8571677,0.5497273,0.002113707,-0.0183928,0.8387749,0.007609344655510304,0,0,0,S3_nyq_boost,S3_peaking,S3_peaking
557,9.571362185958535e-05,7.652818234776669e-07,3.0,0.003762615344280068,181.73486100954028,1.6544901135834644e-12,113.94756524483032,1.5e-13,1.5711150575546122,1,0,S3_f_peak,4.9971362,3630781000.0,4.9004607,-5.335112,-0.4346513,-0.3379758,-1.234871,0.0002433411,0.009888201,0.001788613,0.0001046127,0.6894285,1.037451,0.2704359,0.001881308,0.5481788,1.58563,0.006772707619704122,0,0,0,S3_f_peak,S3_f_peak,S3_f_peak
558,5.476356881576027e-05,1.9686851878535848e-07,7.0,0.004153469245508598,397.16347570132405,1.3591236776815793e-12,262.6098754531172,1.5e-13,1.3955529187785896,1,1,,9.912398000000001,2187762000.0,9.865094000000001,-1.494687,8.370407,8.417711,-2.771259,0.0001748736,0.0157713,0.002521699,0.0006218225,0.7610439,0.8338594,0.1653865,0.002076735,0.4207696,1.254629,0.0074762446419154764,1,1,1,,,
559,6.098891129172911e-05,4.1737679439033635e-07,6.0,0.004857374500360175,527.0266218956865,1.3404927998265357e-12,74.62040051393923,1.5e-13,1.1259279524828991,1,0,S3_f_peak,12.523674,3801894000.0,12.345182000000001,-14.7095,-2.364318,-2.185826,-5.408469,0.0002626265,0.01182626,0.002369595,0.0001715032,0.6452849,1.486275,0.2482469,0.002428687,0.1324937,1.618768,0.008743274100648317,0,0,0,S3_f_peak,S3_f_peak,S3_f_peak
560,8.93167748027141e-05,4.107461446834567e-07,2.0,0.006768559114400073,69.52292268458822,1.7238957534379242e-13,87.07214975679553,1.5e-13,1.356955341073997,1,0,S3_peaking,-2.9999999999752447e-06,10000000.0,-0.1788599999999998,-1.569438,-1.748298,-1.569441,-5.462412,0.0002093613,0.0163743,0.003024734,0.0002770787,0.6731977,1.162361,0.2300741,0.00338428,0.342962,1.505323,0.012183406405920132,0,0,0,S3_peaking,S3_peaking,S3_peaking
561,8.241944838969171e-05,5.304044906219979e-07,6.0,0.002073716678356432,261.5822265068255,5.662556072125639e-13,157.45925408408704,1.5e-13,1.4311771762073817,1,0,S3_f_peak,3.9619717,3467369000.0,3.7605796,-4.648287,-0.8877074,-0.6863153,-4.725779,0.0002892984,0.008870453,0.001538106,8.281015e-05,0.7089493,1.12044,0.1839092,0.001036858,0.5162973,1.636737,0.0037326900210415776,0,0,0,S3_f_peak,S3_f_peak,S3_f_peak
562,2.5013474830334142e-05,1.7576545324323887e-07,3.0,0.0024591376810445317,138.2501038733079,1.913058373820992e-12,217.75693689107354,1.5e-13,1.2859344098012415,1,1,,3.070092,1819701000.0,2.9143749999999997,0.489062,3.403437,3.559154,-7.498235,0.0002226596,0.008571535,0.001316808,0.0002815777,0.755899,1.218938,0.1593059,0.001229569,0.3133145,1.532253,0.004426447825880157,0,1,1,S3_peaking,,
563,4.044873950373153e-05,2.915464474890555e-07,6.0,0.006181066442848271,64.04868289153872,1.140625521465612e-13,201.0000593721331,1.5e-13,1.3581646573048047,1,0,S3_peaking,-1.6000000000016e-05,10000000.0,-0.9411810000000003,3.68778,2.746599,3.687764,-7.420272,0.0002113745,0.01161975,0.002192648,0.0003658278,0.70311,0.9487852,0.2686059,0.003090533,0.2300175,1.178803,0.011125919597126888,0,0,0,S3_peaking,S3_peaking,S3_peaking
564,6.25912096596377e-05,2.0037983188524392e-07,8.0,0.0023409168401830865,469.33020525683077,9.18459061691743e-13,50.02518223561022,1.5e-13,1.5257299109101288,1,0,S3_f_peak,12.252741,5754399000.0,11.384516000000001,-16.96093,-5.576414,-4.708189,-6.831902,0.0002947474,0.01332327,0.001936068,0.000409006,0.784853,1.133996,0.1282205,0.00117047,0.6074515,1.741448,0.004213650312329556,0,0,0,S3_f_peak,S3_f_peak,S3_f_peak
565,4.878118875654672e-05,2.691181081584461e-07,3.0,0.001640427307391674,153.41816641664454,5.154232334269251e-13,106.86892765715186,1.5e-13,1.4107375731516547,1,0,S3_f_peak,2.4308940000000003,4570882000.0,1.8347010000000004,-5.685857,-3.851156,-3.254963,-7.94018,0.000287023,0.00887258,0.00142693,0.0001886863,0.732994,1.195101,0.1364491,0.0008202158,0.5172434,1.712344,0.0029527691533050133,0,0,0,S3_f_peak,S3_f_peak,S3_f_peak
566,6.121026411749981e-05,4.271942374408786e-07,1.0,0.004400175626205208,494.9082234836139,2.409428280847102e-13,109.68789971492119,1.5e-13,1.5166553034817292,1,0,S3_f_peak,7.080192,6309573000.0,4.881073000000001,-11.02406,-6.142987,-3.943868,-6.775204,0.0003816426,0.01070589,0.001876597,0.0001807676,0.6969737,1.077467,0.2321616,0.002200088,0.4812102,1.558677,0.007920316127169374,0,0,0,S3_f_peak,S3_f_peak,S3_f_peak
567,6.566499782161612e-05,4.1626052798497687e-07,3.0,0.0009244245861537116,93.52062133574593,3.1779109157548614e-13,320.9671904526948,1.5e-13,1.5135215818505567,1,0,S3_peaking,-4.500000000007276e-05,10000000.0,-2.106585,3.121121,1.014536,3.121076,-8.041511,0.0002892962,0.00603565,0.0009766616,6.682818e-05,0.7343931,1.000305,0.1276033,0.0004622123,0.65134,1.651645,0.001663964255076681,0,0,0,S3_peaking,S3_peaking,S3_peaking
568,7.228049046711695e-05,2.544717735659163e-07,3.0,0.005391268230217918,85.46131092558433,2.2801354470936733e-12,64.23059420352382,1.5e-13,1.5511098968329218,1,0,S3_f_peak,4.6008461,4365158000.0,4.2663791,-4.513978,-0.2475989,0.0868681,-3.304407,0.0001730873,0.01799679,0.002777374,0.0005238814,0.7395216,1.064914,0.1692629,0.002695634,0.5619442,1.626858,0.009704282814392253,0,0,0,S3_f_peak,S3_f_peak,S3_f_peak
569,5.6257729325339434e-05,1.650308253442521e-07,8.0,0.0012481089002689871,60.624910342285794,9.651338341689069e-13,228.98240576729287,1.5e-13,1.4977565053940451,1,0,S3_peaking,-2.9999999999752447e-06,10000000.0,-0.49432600000000004,2.929989,2.435663,2.929986,-7.859122,0.0002177497,0.008427846,0.0009847793,0.000354616,0.8120131,1.017247,0.09057665,0.0006240548,0.6398555,1.657102,0.002246596020484177,0,0,0,S3_peaking,S3_peaking,S3_peaking
570,3.604600149405243e-05,3.67785479947586e-07,2.0,0.004778182498132883,72.95588681944835,1.7051338931241147e-12,70.62080904310281,1.5e-13,1.2464746739664334,1,0,S3_f_peak,1.9592810000000007,3981072000.0,1.7760770000000008,-7.353869,-5.577792,-5.394588,-8.604363,0.0002818735,0.008431935,0.001682185,0.000182135,0.6444962,1.473388,0.2660081,0.002389091,0.1578894,1.631277,0.00860072849663919,0,0,0,S3_peaking,S3_f_peak,S3_f_peak
571,9.653394026288278e-05,2.62725643325773e-07,3.0,0.0017110482824294294,103.03416902649177,1.3236285127092069e-13,229.3608107774917,1.5e-13,1.1540738155392394,1,0,S3_peaking,-2.700000000022129e-05,10000000.0,-1.4147809999999996,4.038289,2.623508,4.038262,-6.98171,0.0002186224,0.01268927,0.002139533,0.000228906,0.6965216,1.259244,0.1024533,0.0008555241,0.3445305,1.603774,0.003079886908372973,0,0,0,S3_peaking,S3_peaking,S3_peaking
572,6.541416379534401e-05,4.1592069097242505e-07,3.0,0.0009193584131694267,932.4248074893163,4.6745410384758895e-12,361.2832603774708,1.5e-13,1.183688619307063,1,0,S3_f_peak,12.021198,630957300.0,9.758853,-6.036686,3.722167,5.984512,-6.979737,0.0002591274,0.006034294,0.0010866,6.017716e-05,0.6825373,1.261895,0.125158,0.0004596792,0.3720295,1.633924,0.0016548451437049681,0,0,0,S3_f_peak,S3_f_peak,S3_f_peak
573,4.537176821073303e-05,1.9312356469135455e-07,5.0,0.0034384492515559337,971.6799728259286,4.389522384468383e-12,515.8336923690426,1.5e-13,1.145637071906118,1,0,S3_f_peak,15.774218,794328200.0,13.489787999999999,-2.544908,10.94488,13.22931,-3.93603,0.0001665063,0.01314266,0.002337001,0.0005689686,0.7210554,0.7059739,0.1588329,0.001719225,0.2071921,0.913166,0.0061892086528006806,0,0,0,S3_f_peak,S3_f_peak,S3_f_peak
574,9.13502257474516e-05,4.492282938617769e-07,3.0,0.001082585362639325,66.23402860738574,1.9379547538493227e-12,625.3009987539549,1.5e-13,1.4971406706276338,1,0,S3_peaking,-0.00010999999999938836,10000000.0,-4.497797,10.74395,6.246153,10.74384,-4.723016,0.0002301975,0.00735125,0.001199819,7.762756e-05,0.7279734,0.8164036,0.1248989,0.0005412927,0.6451255,1.461529,0.0019486536527507851,0,0,0,S3_peaking,S3_peaking,S3_peaking
575,8.275906520866056e-05,3.338052146454876e-07,5.0,0.0008419784841996662,137.31117351689463,6.653582620465764e-13,134.1837149192312,1.5e-13,1.3526920916407033,1,0,S3_peaking,1.3731169999999997,3162278000.0,1.2994469999999998,-4.708257,-3.40881,-3.33514,-7.55445,0.0003083357,0.006761924,0.001120935,9.36841e-05,0.7260603,1.204084,0.1006794,0.0004209892,0.5394255,1.74351,0.0015155612715593992,0,0,0,S3_peaking,S3_peaking,S3_peaking
576,4.4805045154869687e-05,9.794192708654982e-07,4.0,0.001526652808218554,260.41216839645847,2.0568734924884842e-12,227.2525000452462,1.5e-13,1.2978221806605876,1,1,,3.2635370000000004,1380384000.0,2.998892,-5.226034,-2.227142,-1.962497,-4.780619,0.000357561,0.003903775,0.0007755723,2.76938e-05,0.6461816,1.325237,0.2968382,0.0007633266,0.3012955,1.626532,0.0027479750547933974,0,1,1,S3_peaking,,
577,7.54927952236476e-05,2.329722652582459e-07,2.0,0.004258689491187458,327.9805280411518,4.359730957407013e-12,396.01119277632665,1.5e-13,1.3752961913409631,1,0,S3_f_peak,9.801622,1047129000.0,8.437872,3.279558,11.71743,13.08118,-1.923588,0.0001422679,0.01735218,0.002708744,0.0007518865,0.7271864,0.5238164,0.1447868,0.002129345,0.4329393,0.9567556,0.007665641084137425,0,0,0,S3_f_peak,S3_f_peak,S3_f_peak
578,8.759844413449751e-05,7.247474865896403e-07,1.0,0.0012765005152833191,69.8253107412304,1.7409025937103445e-12,339.6198381470866,1.5e-13,1.4268944140153124,1,0,S3_nyq_boost,0.01636599999999966,524807500.0,-1.276815,4.455997,3.179182,4.472363,-2.372608,0.0002603809,0.006264329,0.001120968,4.234869e-05,0.686854,1.030767,0.1723983,0.0006382503,0.5524708,1.583238,0.0022977009275099744,0,0,0,S3_peaking,S3_nyq_boost,S3_nyq_boost
579,2.6784700353662173e-05,5.301018634800368e-07,1.0,0.0030550420649378064,169.36156114624325,7.470461467141781e-13,61.61852190293171,1.5e-13,1.2407765176654066,1,0,S3_f_peak,2.74376,5495409000.0,2.2808899999999994,-13.97496,-11.69407,-11.2312,-12.28785,0.0004733741,0.004918591,0.001036396,6.974868e-05,0.6180347,1.585896,0.318339,0.001527521,0.1199768,1.705873,0.0054990757168880515,0,0,0,S3_f_peak,S3_f_peak,S3_f_peak
580,5.21165280331569e-05,1.5641083094067252e-07,8.0,0.0007375255245427201,209.3727410406595,1.286478462203592e-13,92.94384114134579,1.5e-13,1.157045941547154,1,0,S3_peaking,0.18854999999999933,4570882000.0,0.11130999999999958,-10.25466,-10.14335,-10.06611,-12.97459,0.0004332586,0.005651549,0.0006997421,0.0002307679,0.7761322,1.371126,0.06792785,0.0003687628,0.3945986,1.765724,0.0013275459441768962,0,0,0,S3_peaking,S3_peaking,S3_peaking
581,9.820457518347027e-05,8.079814903293172e-07,8.0,0.0012721592036046491,204.1672662286802,3.762819291411816e-13,259.039809933562,1.5e-13,1.2169216300131336,1,0,S3_nyq_boost,0.10259530000000006,1445440000.0,-0.04446490000000003,-0.823172,-0.8676369,-0.7205767,-2.811644,0.0003412994,0.006202316,0.001186474,3.342951e-05,0.6651442,1.266883,0.1767884,0.0006360797,0.3683472,1.63523,0.0022898865664883685,0,0,0,S3_nyq_boost,S3_peaking,S3_nyq_boost
582,3.0459733001954796e-05,6.949528334057086e-07,5.0,0.0006401910945555183,190.2907087708707,3.44638127286393e-13,62.443401700277875,1.5e-13,1.2736659501269023,1,0,S3_f_peak,5.114110000000002,19952620000.0,0.8405400000000007,-18.08067,-17.24013,-12.96656,-12.9619,0.000789102,0.00258441,0.0004784752,1.534377e-05,0.6887876,1.412246,0.2023528,0.0003200955,0.3677662,1.780012,0.0011523439701999329,0,0,0,S3_f_peak,S3_f_peak,S3_f_peak
583,7.470332352052514e-05,2.8064655974102765e-07,1.0,0.007189751385120982,146.75189745728704,1.2726323062342405e-12,169.90311782425476,1.5e-13,1.4515543709381735,1,0,S3_f_peak,4.845116999999999,3019952000.0,4.7407129999999995,1.00527,5.745983,5.850387,-2.259179,0.0001686566,0.01738034,0.002908008,0.0005819212,0.7091243,0.7706075,0.1897153,0.003594876,0.4186119,1.189219,0.012941552493217769,0,0,0,S3_f_peak,S3_f_peak,S3_f_peak
584,8.334061542320163e-05,5.723615982295904e-07,5.0,0.000673154160414084,804.4960320212141,6.648274087828246e-13,501.38177124015124,1.5e-13,1.258756979020986,1,0,S3_f_peak,6.013584,1202264000.0,4.40807,-2.78328,1.62479,3.230304,-5.221233,0.0003446261,0.004746585,0.0008525695,2.936105e-05,0.6909216,1.175567,0.1217752,0.0003365771,0.4556789,1.631246,0.0012116774887453512,0,1,0,S3_f_peak,,S3_f_peak
585,5.1141525544183845e-05,3.1022805300414614e-07,7.0,0.0077096188787823825,207.46418293779416,8.952084609739219e-13,114.27577138817747,1.5e-13,1.3327315862797868,1,0,S3_f_peak,6.461798,4168694000.0,5.862118,-4.825218,1.0369,1.63658,-4.025649,0.0002137916,0.01427511,0.002721152,0.0003672305,0.6900337,1.149573,0.2735978,0.003854809,0.2099157,1.359489,0.013877313981808288,0,0,0,S3_f_peak,S3_f_peak,S3_f_peak
586,3.056536516838639e-05,2.0525275121145726e-07,3.0,0.0036838340205236687,940.2433716766734,3.4514112265570488e-12,126.45451262303172,1.5e-13,1.4733314517171703,1,0,S3_peaking,15.74781,1584893000.0,15.621495,-14.4467,1.174795,1.30111,-6.523235,0.0002198799,0.01009776,0.00158447,0.0004135077,0.7453587,1.126006,0.1877497,0.001841917,0.4410752,1.567081,0.006630901236942603,0,0,0,S3_peaking,S3_peaking,S3_peaking
587,2.615289499823001e-05,9.245578826716636e-07,7.0,0.0006434502685642388,508.32924064650217,2.0685957413248254e-13,156.76592902941528,1.5e-13,1.1234277212027783,1,0,S3_f_peak,2.91366,19952620000.0,1.7177900000000008,-14.13263,-12.41484,-11.21897,-11.21861,0.0007753366,0.002043248,0.0004138105,1.341156e-05,0.6459016,1.552381,0.2461721,0.0003217251,0.1971822,1.749563,0.00115821048341563,0,0,0,S3_f_peak,S3_f_peak,S3_f_peak
588,2.573868945840977e-05,1.7733969575507344e-07,8.0,0.0010653866728598934,264.6146366536534,5.873650078968787e-12,107.20843097602608,1.5e-13,1.4557994388496005,1,1,,5.199594,1258925000.0,5.042026000000001,-9.941907,-4.899881,-4.742313,-11.53361,0.0003118777,0.0056293,0.0007641613,0.0002083058,0.8232438,1.207097,0.1151879,0.0005326933,0.5357938,1.742891,0.0019176960111478081,0,1,0,S3_f_peak,,S3_f_peak
589,6.241502367292671e-05,2.6594996577408827e-07,5.0,0.005645939657834316,340.73087169606555,5.92052398068717e-13,74.98938084680235,1.5e-13,1.1016227691718286,1,0,S3_f_peak,10.2045254,6309573000.0,8.115672,-11.13391,-3.018238,-0.9293846,-4.070698,0.0002619297,0.01645509,0.003192466,0.0004013115,0.6657444,1.439356,0.1933792,0.00282297,0.1489484,1.588304,0.01016269138410177,0,0,0,S3_f_peak,S3_f_peak,S3_f_peak
590,6.73972776613663e-05,2.827148323497548e-07,8.0,0.0034403424466141483,79.22520300883244,1.7199458221168662e-13,91.55135416523328,1.5e-13,1.4405169154679678,1,0,S3_peaking,-2.9999999999752447e-06,10000000.0,-0.16302899999999987,-2.388182,-2.551211,-2.388185,-6.677547,0.0002289097,0.01392929,0.002352139,0.0002581839,0.7467472,1.157245,0.1731324,0.001720171,0.4852709,1.642516,0.006192616403905467,0,0,0,S3_peaking,S3_peaking,S3_peaking
591,7.413471562820302e-05,4.718835229919835e-07,8.0,0.0010931285691912179,75.11177840541231,4.3215866240448585e-12,392.6511208738433,1.5e-13,1.5400229160470773,1,0,S3_nyq_boost,0.8629750000000005,794328200.0,-1.2537719999999997,5.65171,4.397938,6.514685,-5.647366,0.0002449613,0.00637776,0.001043626,6.444418e-05,0.747941,0.930719,0.1427445,0.000546568,0.6546719,1.585391,0.0019676314245441924,0,0,0,S3_nyq_boost,S3_nyq_boost,S3_nyq_boost
592,3.5963099756857486e-05,3.2894828759543846e-07,4.0,0.0006182627989138536,85.17416031551845,5.587688195776517e-13,759.7449095058471,1.5e-13,1.2544134399929023,1,0,S3_peaking,-0.00023400000000073362,10000000.0,-6.127959000000001,7.736652,1.608693,7.736418,-11.99487,0.0003253761,0.003984733,0.0007084976,5.290739e-05,0.7200173,1.150362,0.1243248,0.0003091316,0.4147772,1.565139,0.0011128730380449367,0,0,0,S3_peaking,S3_peaking,S3_peaking
593,5.672059788451318e-05,2.2465264038046754e-07,8.0,0.002279911058135789,619.529893516523,7.750763502712287e-12,100.9401892275696,1.5e-13,1.3723774830866478,1,0,S3_peaking,14.185511000000002,1258925000.0,14.0375112,-13.09204,0.9454712,1.093471,-5.48769,0.0001999617,0.0118061,0.001978209,0.0002734514,0.7610297,1.228269,0.1426908,0.001139957,0.4566641,1.684933,0.004103839904644421,0,0,0,S3_f_peak,S3_peaking,S3_peaking
594,2.6276357693296007e-05,5.789967893289336e-07,6.0,0.001419031415735708,472.56232622234967,3.2247365938287705e-12,66.24057970367339,1.5e-13,1.2684115614501852,1,0,S3_f_peak,6.0572099999999995,2630268000.0,6.0569299999999995,-18.46764,-12.41071,-12.41043,-12.84274,0.0005139152,0.003679039,0.0006985289,2.812917e-05,0.6776034,1.500505,0.2716223,0.0007095161,0.2524954,1.753,0.0025542565483242744,0,1,0,S3_f_peak,,S3_f_peak
595,5.380820856996677e-05,2.2277626602914783e-07,3.0,0.0016724901203644719,710.4903062815462,1.889612680256886e-12,178.56997835229518,1.5e-13,1.2089536431073356,1,0,S3_peaking,13.286012,1819701000.0,13.134754999999998,-9.330286,3.804469,3.955726,-5.954117,0.0002184373,0.01048369,0.001707716,0.0002803493,0.7111245,1.290311,0.1149884,0.0008362463,0.360359,1.65067,0.0030104822166560495,1,0,0,,S3_peaking,S3_peaking
596,6.318728944190301e-05,6.011463749135239e-07,1.0,0.004983554906835219,325.2995518798555,2.3566718526654867e-12,289.12699700445023,1.5e-13,1.568367195877441,1,1,,6.937146599999999,1318257000.0,6.1712906,-0.8893086,5.281982,6.047838,-3.959447,0.0002216619,0.009087457,0.001698599,0.0003461259,0.6748884,0.6345825,0.3078988,0.002491777,0.4449773,1.07956,0.008970398832303396,0,1,1,S3_f_peak,,
597,5.8555035793133334e-05,4.708211456586584e-07,5.0,0.0006208188072864124,225.29250292284817,7.258558143694106e-12,486.54416319879215,1.5e-13,1.545580871438795,1,0,S3_nyq_boost,3.2325969999999997,457088200.0,-0.2923180000000003,2.278192,1.985874,5.510789,-7.862983,0.0002998152,0.004207642,0.0006822028,4.025289e-05,0.7470439,0.9627462,0.1247362,0.0003104094,0.6862259,1.648972,0.0011174738531155423,0,0,0,S3_nyq_boost,S3_nyq_boost,S3_nyq_boost
598,7.482616748150397e-05,2.0744470151563222e-07,2.0,0.0007949319092470107,232.5531759118968,5.012336382807501e-12,66.68519169892062,1.5e-13,1.5578977294645973,1,1,,5.690485,1905461000.0,5.672218,-12.24813,-6.575912,-6.557645,-9.544543,0.0002856043,0.007292207,0.0009709898,0.0001707908,0.7753018,1.054846,0.07408284,0.000397466,0.7186488,1.773495,0.0014308774366446192,1,1,1,,,
599,2.398897636323996e-05,4.5250847086075004e-07,5.0,0.003692694952496114,139.00831332066733,2.530027056420643e-13,71.7954920571536,1.5e-13,1.160884918133349,1,0,S3_peaking,0.8838000000000008,6606934000.0,0.36866999999999983,-11.26379,-10.89512,-10.37999,-12.26312,0.000443401,0.005673386,0.001204459,8.183602e-05,0.6255985,1.67711,0.3554783,0.001846347,-0.0096763,1.667434,0.006646850914493005,0,0,0,S3_peaking,S3_peaking,S3_peaking
600,4.867599471936961e-05,4.4019157472216956e-07,3.0,0.002853706451287666,130.2972259243017,6.903727800827189e-12,141.30345266091538,1.5e-13,1.1239586434372102,1,1,,3.9361359,1258925000.0,3.668127,-3.153755,0.514372,0.7823809,-6.594613,0.00023545,0.00817119,0.001617005,0.0001080886,0.644005,1.419971,0.223155,0.001426853,0.1784067,1.598378,0.0051366716123177995,0,1,1,S3_f_peak,,
601,4.342409621236091e-05,9.957785053454405e-07,6.0,0.0021927370167768834,357.40663174532705,1.0230469483509187e-12,84.99725430528062,1.5e-13,1.568557896537405,1,0,S3_f_peak,8.251602,19952620000.0,5.0693649999999995,-14.23227,-9.162905,-5.980668,-5.977994,0.0004502516,0.004461456,0.0008092079,3.863188e-05,0.688652,1.259917,0.3678429,0.001096369,0.4468946,1.706812,0.00394692663019839,0,0,0,S3_f_peak,S3_f_peak,S3_f_peak
602,2.218064634099037e-05,2.133697045144506e-07,6.0,0.00415957027994555,364.6222163597325,5.79810250278682e-13,297.0174999658857,1.5e-13,1.4846894023915582,1,1,,4.604937,2398833000.0,4.599788,-1.83315,2.766638,2.771787,-8.32625,0.0002630493,0.007788824,0.001380494,0.0003866683,0.7532199,0.8561304,0.247136,0.002079785,0.326137,1.182267,0.00748722650390199,1,0,1,,S3_f_peak,
603,4.070324420976704e-05,5.924473694889458e-07,2.0,0.0005231457163373292,148.9651052329404,1.6912981881155723e-13,63.35559863340407,1.5e-13,1.2389723364355878,1,0,S3_f_peak,3.702729999999999,19952620000.0,0.23807000000000045,-16.43227,-16.1942,-12.72954,-12.72531,0.0007035977,0.003019681,0.0005545817,1.800325e-05,0.677481,1.373858,0.1468932,0.0002615729,0.40957,1.783428,0.0009416622894071927,0,0,0,S3_f_peak,S3_f_peak,S3_f_peak
604,3.666640072808264e-05,2.5310121420675796e-07,3.0,0.0009142162250818466,223.13496738794694,2.1007446957611714e-13,307.39941687175894,1.5e-13,1.3500413190823153,1,0,S3_peaking,-1.940000000000275e-05,10000000.0,-1.01094772,-0.06807328,-1.079021,-0.06809268,-10.94593,0.0003321055,0.005841127,0.0009573133,0.0001221966,0.7389892,1.177372,0.1215049,0.0004571081,0.4821135,1.659485,0.001645589205147324,0,0,0,S3_peaking,S3_peaking,S3_peaking
605,5.029497048417127e-05,3.450302099305725e-07,1.0,0.0005806332815576278,167.7457811524789,5.819162436918266e-13,121.74797489380329,1.5e-13,1.168380541218073,1,0,S3_peaking,1.4328970000000005,3311311000.0,1.3438160000000012,-8.432372,-7.088556,-6.999475,-10.81795,0.0004092873,0.004525268,0.0007890027,4.289245e-05,0.6875015,1.387484,0.1026882,0.0002903167,0.377169,1.764653,0.00104513990680373,0,0,0,S3_peaking,S3_peaking,S3_peaking
606,4.889744204620299e-05,2.2543926623085348e-07,2.0,0.0028004701361138513,112.86342949952018,1.4372941752009243e-12,144.1862619595842,1.5e-13,1.4182497014733821,1,0,S3_f_peak,3.2797023,3019952000.0,3.2265723,-0.4495133,2.777059,2.830189,-4.896723,0.0001959006,0.01235293,0.001881509,0.0003611222,0.7328557,1.110834,0.1407606,0.001400235,0.4872712,1.598105,0.005040846245004933,0,0,0,S3_peaking,S3_f_peak,S3_f_peak
607,8.798454167221642e-05,2.7189154181719866e-07,8.0,0.0021129303431813235,528.4461687538562,4.191543965870134e-12,127.06784091237289,1.5e-13,1.1963817353028614,1,0,S3_peaking,13.505223,1584893000.0,13.347723,-9.8305,3.517223,3.674723,-4.063992,0.0001890796,0.01317028,0.002338419,0.0002361993,0.7116611,1.312933,0.1246524,0.001056465,0.3528239,1.665756,0.0038032746177263823,0,0,0,S3_peaking,S3_peaking,S3_peaking
608,7.318383535472701e-05,1.5741119769962328e-07,2.0,0.0036607228012007814,182.97931340700376,5.18071126259608e-12,152.0440329691019,1.5e-13,1.5924628068946305,1,1,,8.835517300000001,1737801000.0,8.702786300000001,-0.3002803,8.402506,8.535237,-0.6896527,0.0001264172,0.02123428,0.002357388,0.0007545959,0.7955231,0.8640724,0.09521942,0.001830361,0.657632,1.521704,0.006589301042161407,1,1,1,,,
609,3.82801687938756e-05,6.085288138486159e-07,6.0,0.0007971002695128097,68.3179412735492,3.253605238417736e-12,223.00734124693923,1.5e-13,1.3274019258066545,1,0,S3_nyq_boost,0.46372000000000035,1096478000.0,-0.06541099999999966,-3.421244,-3.486655,-2.957524,-9.223884,0.0003824844,0.00346407,0.0006203563,2.29677e-05,0.7054412,1.287657,0.1882224,0.0003985501,0.4234635,1.71112,0.0014347804851230575,0,0,0,S3_nyq_boost,S3_peaking,S3_nyq_boost
610,8.766709715614493e-05,2.064894090409824e-07,8.0,0.004913836146701213,895.9307373399591,1.0167877200014045e-13,56.01991795273727,1.5e-13,1.4598829616282099,1,0,S3_f_peak,12.846309,17378010000.0,4.2445900000000005,-20.23368,-15.98909,-7.387371,-7.454958,0.0006940097,0.02288175,0.003429993,0.0007558318,0.7562885,1.138374,0.1431193,0.002456918,0.5239894,1.662364,0.008844905064062185,0,0,0,S3_f_peak,S3_f_peak,S3_f_peak
611,2.8822462287778665e-05,3.9022663684654267e-07,7.0,0.004136452317616275,844.6998806059189,4.888981641384217e-13,354.78209392959263,1.5e-13,1.5014621982466707,1,1,,8.40604,2089296000.0,8.298346,-5.594316,2.70403,2.811724,-8.936729,0.0003039812,0.006829155,0.001262068,0.0002526399,0.7052627,0.7629865,0.3275973,0.002068226,0.3032438,1.06623,0.007445614171709295,1,1,1,,,
612,5.592711678213344e-05,3.02998319335856e-07,6.0,0.004211517444423376,200.17598615544532,1.6655001379921316e-13,526.5747460484669,1.5e-13,1.4409593773745362,1,0,S3_peaking,-9.399999999981645e-05,10000000.0,-3.338354,4.349481,1.011127,4.349387,-8.22993,0.0002647768,0.01071973,0.001890135,0.001849536,0.7287379,0.2858134,0.2188153,0.002105759,0.4053472,0.6911606,0.007580731399962078,0,0,0,S3_peaking,S3_peaking,S3_peaking
613,7.382449600271351e-05,6.133220853513384e-07,8.0,0.007383119551663124,118.52600557506977,2.0179665898913514e-13,79.06254791020591,1.5e-13,1.3233652169054393,1,0,S3_peaking,0.32942499999999963,6918310000.0,0.11156599999999983,-5.726839,-5.615273,-5.397414,-6.01324,0.0002849204,0.01252965,0.002515145,0.0001717811,0.6440763,1.327563,0.352548,0.00369156,0.1805727,1.508136,0.013289615192993622,0,0,0,S3_peaking,S3_peaking,S3_peaking
614,9.907158608385675e-05,2.859148536200851e-07,3.0,0.0027750849001741667,192.60014448186647,1.3065577947971902e-12,305.00831364715685,1.5e-13,1.1762289686860818,1,1,,4.665584,1995262000.0,4.519891,4.46892,8.988811,9.134504,-2.549006,0.0001719349,0.01607385,0.002774277,0.0002883386,0.6904376,1.04771,0.1278628,0.001387542,0.3290775,1.376788,0.0049951528203135,1,1,1,,,
615,7.264428024997949e-05,1.5108703314386484e-07,4.0,0.0005675356222277101,317.09791006421204,5.745918938390704e-12,77.31982417061882,1.5e-13,1.4885414435673088,1,1,,5.8846,1380384000.0,5.815214999999999,-13.36929,-7.554075,-7.48469,-11.40225,0.0003150404,0.00565163,0.0005620908,0.0002188954,0.8043524,1.077542,0.05354237,0.0002837678,0.7005176,1.778059,0.001021564120009878,1,1,1,,,
616,5.8248212414074925e-05,1.673684502111205e-07,2.0,0.0024213049764305696,489.8473667029774,6.998716216515173e-12,384.6803154387203,1.5e-13,1.2629132166257215,1,0,S3_f_peak,12.584428899999999,758577600.0,10.700338899999998,0.4995711,11.19991,13.084,-3.019943,0.0001442819,0.01496003,0.001996086,0.0004469713,0.7539393,0.9564163,0.09581633,0.001210653,0.3778695,1.334286,0.004358348957575025,0,0,0,S3_f_peak,S3_f_peak,S3_f_peak
617,8.737436704226226e-05,7.760040583616541e-07,2.0,0.004547718683789295,77.56412024262382,7.837999817453706e-13,450.4049843396519,1.5e-13,1.2763062686391322,1,0,S3_peaking,-8.799999999986596e-05,10000000.0,-3.0522099999999996,8.410145,5.357935,8.410057,-1.862344,0.0002263018,0.009516644,0.001974266,0.000372207,0.6242711,0.5333333,0.3057717,0.002273859,0.2425092,0.7758424,0.008185893630820732,0,0,0,S3_peaking,S3_peaking,S3_peaking
618,6.535494619420285e-05,5.639188964814797e-07,6.0,0.0018317482826331309,98.13006429883771,2.292235258790644e-12,61.964006601029,1.5e-13,1.4389857268987964,1,0,S3_f_peak,3.3203379999999996,19952620000.0,2.4660329999999995,-10.12417,-7.658137,-6.803832,-6.802772,0.000320886,0.007132528,0.001244999,6.01496e-05,0.7093134,1.239014,0.2001538,0.0009158741,0.5042352,1.743249,0.0032971469087396356,0,0,0,S3_f_peak,S3_f_peak,S3_f_peak
619,4.307121452975019e-05,7.315761712666146e-07,6.0,0.0020004947210667924,687.2290097520737,2.0844239854914698e-12,345.4488277220909,1.5e-13,1.3595823908155893,1,0,S3_f_peak,8.496732,954992600.0,7.001918,-4.990287,2.011631,3.506445,-6.430156,0.0002995957,0.005029907,0.0009428837,4.965201e-05,0.6768689,1.123,0.292928,0.001000248,0.3314653,1.454466,0.0036008904979202266,0,0,0,S3_f_peak,S3_f_peak,S3_f_peak
620,4.369646374441099e-05,7.575437006790285e-07,7.0,0.004456336123364251,884.8827515416463,1.096409112424023e-12,188.84711730646413,1.5e-13,1.3263943207338325,1,1,,11.6617698,1995262000.0,11.570410899999999,-11.26695,0.3034609,0.3948198,-5.729279,0.0003135896,0.006752461,0.001407318,8.805651e-05,0.6317642,1.253719,0.4131453,0.002228168,0.125498,1.379217,0.008021405022055653,1,0,1,,S3_peaking,
621,6.199030115760521e-05,3.441199068869603e-07,6.0,0.004902157337213762,397.48872322656433,5.325879375648804e-12,269.1326445515088,1.5e-13,1.450223144620984,1,0,S3_f_peak,10.821468,1000000000.0,9.821984,-1.664485,8.157499,9.156983,-3.696976,0.0001701825,0.01285872,0.002257787,0.000401185,0.716127,0.7217428,0.2271,0.002451079,0.4185919,1.140335,0.008823883206984772,0,0,0,S3_f_peak,S3_f_peak,S3_f_peak
622,8.382506439345341e-05,5.002142579517829e-07,4.0,0.0068305338124382735,68.66503962370975,5.843362554971334e-13,104.97413327427707,1.5e-13,1.4058718628100833,1,0,S3_peaking,0.4070241,3981072000.0,0.29336140000000005,-0.6768912,-0.3835298,-0.2698671,-3.465279,0.0002100226,0.01423939,0.002669986,0.000253915,0.670074,1.10361,0.2763646,0.003415267,0.3378756,1.441485,0.012294960862388892,0,0,0,S3_peaking,S3_peaking,S3_peaking
623,6.003883484668939e-05,9.65755980589686e-07,3.0,0.0008562770497032336,172.58303934399274,6.706470237743213e-13,74.30599485937248,1.5e-13,1.4731961719441644,1,0,S3_f_peak,8.98093,19952620000.0,2.0144800000000007,-14.14643,-12.13195,-5.1655,-5.16061,0.0005296393,0.003623071,0.0006531498,2.000336e-05,0.6907129,1.200413,0.2026645,0.0004281385,0.5677742,1.768187,0.0015412986894658206,0,0,0,S3_f_peak,S3_f_peak,S3_f_peak
624,7.650155798174432e-05,1.975460450775774e-07,8.0,0.0037906049113607203,114.6097821628233,6.559601486289491e-13,136.95237946756328,1.5e-13,1.4349238729856495,1,0,S3_f_peak,2.6530863,4570882000.0,1.9416223000000001,0.8125727,2.754195,3.465659,-2.222199,0.0001800627,0.01910593,0.002848191,0.0006426407,0.7642264,1.031407,0.1361931,0.001895303,0.5090269,1.540434,0.006823088840449297,0,0,0,S3_f_peak,S3_f_peak,S3_f_peak
625,5.141884591017494e-05,3.9553318042052654e-07,6.0,0.0017638008916826117,186.17003073575188,3.639025172625055e-13,98.44477262133026,1.5e-13,1.5870791590596238,1,0,S3_f_peak,2.1718720000000005,5248075000.0,1.4537909999999998,-7.952249,-6.498458,-5.780377,-8.691717,0.0003471537,0.007401138,0.00120811,9.785963e-05,0.7529952,1.08087,0.179983,0.0008819007,0.6323115,1.713182,0.003174841605028701,0,0,0,S3_f_peak,S3_f_peak,S3_f_peak
626,9.520591849917916e-05,1.8400904224082175e-07,7.0,0.001099639599280781,86.15944665963062,1.307480254416288e-13,294.8170143955621,1.5e-13,1.3795994913320375,1,0,S3_peaking,-4.399999999993298e-05,10000000.0,-2.129291,5.245886,3.116595,5.245842,-8.41866,0.000215578,0.009713169,0.001321893,0.0002663155,0.7748558,1.082987,0.07388022,0.0005498198,0.5549164,1.637904,0.001979351278705406,0,0,0,S3_peaking,S3_peaking,S3_peaking
627,7.376069583795523e-05,3.5667379086963143e-07,5.0,0.0016197659274133904,649.2520758589626,5.540926613031221e-13,51.42016114922006,1.5e-13,1.2030309867221527,1,0,S3_f_peak,11.807313999999998,7585776000.0,10.524237999999999,-19.67345,-9.149212,-7.866136,-8.410929,0.0004249512,0.009301845,0.001667477,0.0001204092,0.6912368,1.395582,0.1368669,0.0008098832,0.3627724,1.758355,0.002915578669344103,0,0,0,S3_f_peak,S3_f_peak,S3_f_peak
628,5.304938697141265e-05,6.993484292826277e-07,1.0,0.0029753744800510395,129.04917487632406,2.108012907849132e-12,71.06938225983154,1.5e-13,1.183158920951688,1,0,S3_f_peak,3.811724,19952620000.0,3.080361,-10.21773,-7.137369,-6.406006,-6.405165,0.000333042,0.006619829,0.001396673,6.043802e-05,0.613665,1.513412,0.2858072,0.001487687,0.1808571,1.694269,0.005355674064091871,0,0,0,S3_f_peak,S3_f_peak,S3_f_peak
629,7.12763474017399e-05,3.79777858927747e-07,3.0,0.0007880318726322048,87.32389751463683,2.797795107936322e-12,133.74454956343845,1.5e-13,1.4965097518492838,1,0,S3_peaking,1.5694810000000001,1905461000.0,1.506215,-4.385987,-2.879772,-2.816506,-7.585953,0.0002975387,0.005919363,0.0009463279,6.751795e-05,0.7373305,1.091373,0.1105636,0.0003940159,0.6559296,1.747302,0.0014184573707379687,0,0,0,S3_peaking,S3_peaking,S3_peaking
630,9.412085579905276e-05,2.6754490138039743e-07,3.0,0.0021517287151648717,679.600561109587,4.725960860919048e-13,617.0861706806792,1.5e-13,1.5187247867827867,1,1,,5.337688,1905461000.0,5.10435,1.988594,7.092944,7.326282,-4.307944,0.0002221924,0.01375987,0.002067599,0.0003922678,0.7513771,0.5067164,0.1193819,0.001075867,0.6293826,1.136099,0.0038731116872967692,1,1,1,,,
631,5.471500014091256e-05,7.788736448344271e-07,7.0,0.0007527569798415623,73.4230277976285,1.2668384859049572e-13,468.65270424108263,1.5e-13,1.5387187194436573,1,0,S3_peaking,-9.499999999995623e-05,10000000.0,-3.4248835,3.200711,-0.2241725,3.200616,-7.561439,0.0003437711,0.00359741,0.0006105984,2.335883e-05,0.7294447,0.99475,0.1843865,0.0003763792,0.6288592,1.623609,0.0013549625637148122,0,0,0,S3_peaking,S3_peaking,S3_peaking
632,3.595407901056779e-05,4.3292028597512213e-07,2.0,0.0013135275790453383,131.6346334920404,2.486776395266153e-13,151.73421734464767,1.5e-13,1.5439602932135572,1,0,S3_peaking,-2.9999999995311555e-06,10000000.0,-0.2268460000000001,-5.211164,-5.43801,-5.211167,-10.91806,0.0003749407,0.005080894,0.0008446584,6.75217e-05,0.7251081,1.106802,0.1875541,0.0006567639,0.5935448,1.700346,0.002364349642281609,0,0,0,S3_peaking,S3_peaking,S3_peaking
633,4.109016883073745e-05,3.05738701983905e-07,5.0,0.0005519463334622279,200.02289739051292,3.639779285873153e-12,89.98820985349266,1.5e-13,1.5722449683606414,1,1,,3.1124969999999994,1737801000.0,3.0677190000000003,-12.21499,-9.147271,-9.102493,-12.55566,0.0004289617,0.00401946,0.0006358481,5.515506e-05,0.7808619,1.07547,0.1116048,0.0002759743,0.6996957,1.775166,0.0009935034002320103,0,1,1,S3_peaking,,
634,4.5785647357236755e-05,5.416362072437573e-07,2.0,0.0056986048430383695,66.83840041271367,7.707261832146615e-12,414.3708767814354,1.5e-13,1.5856282315525365,1,0,S3_peaking,0.553496,831763800.0,0.046705999999999914,-2.696243,-2.649537,-2.142747,-7.272664,0.0003039985,0.005780658,0.001197137,0.004542379,0.6583542,0.3196569,0.3749499,0.002849303,0.2996752,0.6193321,0.010257488717469065,0,0,0,S3_peaking,S3_nyq_boost,S3_peaking
635,3.312745248979221e-05,2.0423100080080954e-07,2.0,0.001713721994561729,284.91503684949515,5.610728759614429e-12,161.23062195496243,1.5e-13,1.4756162302094724,1,0,S3_f_peak,7.178564,1148154000.0,6.81653,-5.08763,1.7289,2.090934,-7.617039,0.0002218407,0.008550819,0.00122818,0.0002749309,0.7537379,1.112024,0.1308186,0.000856861,0.5498234,1.661848,0.0030846995902111124,0,1,0,S3_f_peak,,S3_f_peak
636,7.605117216613967e-05,4.0966838712132213e-07,2.0,0.0005552131770341196,621.9107514726037,2.1767642568295755e-13,703.9397305500207,1.5e-13,1.5101476403767604,1,0,S3_peaking,-3.0000000000196536e-05,10000000.0,-2.2643965,1.623938,-0.6404585,1.623908,-8.594675,0.000394748,0.004680982,0.0007450502,4.529655e-05,0.7370483,0.9169308,0.09940986,0.0002776073,0.6876509,1.604582,0.0009993837186614153,0,0,0,S3_peaking,S3_peaking,S3_peaking
637,6.0504260281360133e-05,2.2743044656076156e-07,6.0,0.0018784016419700876,143.06904550577977,4.757134355205846e-12,63.74985629069071,1.5e-13,1.323140221207757,1,1,,5.503615,2398833000.0,5.50357,-8.765269,-3.261699,-3.261654,-6.831043,0.0002240576,0.01133048,0.001856166,0.0002822534,0.7400163,1.291705,0.1246167,0.0009392064,0.4484207,1.740126,0.0033811229555461577,1,0,1,,S3_f_peak,
638,3.674775696662323e-05,2.3088998154349558e-07,5.0,0.0016281667257497456,458.73329455271636,4.4048817170424105e-12,252.71113178576,1.5e-13,1.4800147759544213,1,0,S3_f_peak,9.159569999999999,954992600.0,8.201732,-4.077375,4.124357,5.082195,-7.912476,0.000228527,0.007905192,0.001272907,0.0001858585,0.7759811,1.058163,0.1506679,0.0008140838,0.5361093,1.594272,0.002930700106349542,0,0,0,S3_f_peak,S3_f_peak,S3_f_peak
639,2.9337026176215462e-05,3.2185649268446687e-07,1.0,0.002583772941554874,850.6669711279877,3.802663449978802e-13,179.64775063563997,1.5e-13,1.2669461467226402,1,0,S3_f_peak,9.560634,3311311000.0,9.33193,-11.41745,-2.08552,-1.856816,-9.742967,0.000370714,0.006569556,0.001210089,0.0001397423,0.6722563,1.293005,0.206006,0.001291886,0.2749099,1.567914,0.004650791294798773,0,0,0,S3_f_peak,S3_f_peak,S3_f_peak
640,3.0956556831235045e-05,9.68261483312661e-07,7.0,0.0023071422519762366,125.27561394789765,2.5383258654639345e-13,66.53397480348691,1.5e-13,1.5041687865016555,1,0,S3_f_peak,3.9732000000000003,19952620000.0,0.3021200000000004,-14.32588,-14.02376,-10.35268,-10.34848,0.0005876933,0.003703927,0.0007237083,3.862974e-05,0.6634494,1.424953,0.4144963,0.001153571,0.2982948,1.723248,0.004152856053557226,0,0,0,S3_f_peak,S3_f_peak,S3_f_peak
641,3.3794292484131263e-05,2.612743263469675e-07,5.0,0.0008214878212526645,107.20583209966851,7.618035834209503e-13,51.51891380482418,1.5e-13,1.3066595015814098,1,0,S3_f_peak,1.6204,5754399000.0,1.15686,-14.19037,-13.03351,-12.56997,-13.98251,0.0004752212,0.005014643,0.0008834555,6.989445e-05,0.7525394,1.350228,0.1286742,0.0004107439,0.428611,1.778839,0.001478678078254796,0,0,0,S3_f_peak,S3_f_peak,S3_f_peak
642,7.476250651253012e-05,6.916359605135929e-07,6.0,0.0009205212255804731,326.957091882443,2.0232613747809574e-13,583.2996770033363,1.5e-13,1.1322860838988373,1,0,S3_peaking,-0.00013699999999960966,10000000.0,-3.8392967999999996,3.253506,-0.5857908,3.253369,-6.254105,0.0003930125,0.004958746,0.0009599342,2.838037e-05,0.6588954,1.221602,0.1587962,0.0004602606,0.3099281,1.53153,0.0016569382060448517,0,0,0,S3_peaking,S3_peaking,S3_peaking
643,8.58589178847117e-05,1.8198755355654323e-07,5.0,0.007508273432033096,435.5852227527179,2.6146972863621398e-12,317.5810117925217,1.5e-13,1.3667879975133872,1,1,,10.069309,1737801000.0,9.929221,-1.862772,8.066449,8.206537,-0.9012435,0.0001374601,0.02264134,0.003406584,0.004179363,0.7504351,0.2504729,0.1556953,0.003754137,0.3572846,0.6077575,0.013514892177659573,0,1,1,saturation,,
644,3.4445626832808464e-05,9.138046891201728e-07,4.0,0.0008278856719836522,314.9150857286263,3.726664867074846e-12,404.8325887424819,1.5e-13,1.3472908294686374,1,0,S3_f_peak,2.9469905,602559600.0,0.911146,-2.817291,-1.906145,0.1296995,-7.28158,0.0003972371,0.00270818,0.0005089019,1.757049e-05,0.6756861,1.235501,0.2497661,0.0004139428,0.3969211,1.632422,0.001490194209570574,0,0,0,S3_f_peak,S3_f_peak,S3_f_peak
645,9.154784787609284e-05,5.51685074822678e-07,6.0,0.0016585470758889909,780.8602913480432,9.35244304608286e-13,105.92744297591055,1.5e-13,1.1703605987578356,1,0,S3_f_peak,12.190905,3467369000.0,12.073301,-14.87397,-2.800669,-2.683065,-4.259572,0.0003266285,0.008346831,0.001568306,5.820145e-05,0.6681478,1.386363,0.1621825,0.0008292735,0.3257926,1.712156,0.0029853847366001834,0,0,0,S3_f_peak,S3_f_peak,S3_f_peak
646,9.89603935103354e-05,1.8702426032406375e-07,8.0,0.0026480915662488256,369.4852550532847,1.3869424847638596e-13,73.02424651955275,1.5e-13,1.593451847374378,1,0,S3_f_peak,5.599531000000001,11481540000.0,1.6153400000000016,-11.36428,-9.74894,-5.764749,-6.599205,0.0003808011,0.01846939,0.002367118,0.0005469314,0.7939701,1.007327,0.1013636,0.001324046,0.6959853,1.703313,0.004766564819247887,0,0,0,S3_f_peak,S3_f_peak,S3_f_peak
647,6.190538533874842e-05,2.1758234666668484e-07,5.0,0.0007607462202732039,50.0008660857431,5.319390228564385e-12,102.80786433493405,1.5e-13,1.5468753431424176,1,0,S3_peaking,1.124228,1819701000.0,1.0687109999999995,-5.093056,-4.024345,-3.968828,-9.522365,0.0002815857,0.006550087,0.0009288918,0.0001832033,0.7792172,1.061168,0.08779934,0.0003803733,0.6997262,1.760895,0.0013693431964917672,0,0,0,S3_peaking,S3_peaking,S3_peaking
648,8.780695855171716e-05,4.2436232498673603e-07,5.0,0.0005828337964841453,50.46796732922455,3.6236567114767635e-12,102.19966430424172,1.5e-13,1.4659507697469767,1,0,S3_peaking,0.8322150000000006,3162278000.0,0.8194500000000007,-7.210358,-6.390908,-6.378143,-6.815446,0.0003467396,0.004906281,0.0007991404,4.776989e-05,0.7364919,1.117285,0.09827992,0.0002914169,0.6529326,1.770217,0.0010491008336714616,0,0,0,S3_f_peak,S3_peaking,S3_peaking
649,2.4602216245101353e-05,4.035034131658689e-07,2.0,0.0008434700095261406,184.61816561580477,1.6340060425052358e-13,51.17183337535203,1.5e-13,1.4870335431155668,1,0,S3_f_peak,1.12275,13182570000.0,0.255239999999997,-17.69618,-17.44094,-16.57343,-16.65706,0.0007170781,0.003535595,0.0005934212,4.581993e-05,0.7270905,1.224252,0.1774197,0.0004217351,0.5541674,1.778419,0.001518246017147053,0,0,0,S3_f_peak,S3_f_peak,S3_f_peak
650,8.092899217488131e-05,3.557816121010134e-07,6.0,0.0005743081941269433,906.2002904480925,8.116019003623185e-12,77.58022552639035,1.5e-13,1.3711399001151017,1,1,,11.128361,1819701000.0,11.125746,-19.53838,-8.412634,-8.410019,-8.606878,0.0003679681,0.004965072,0.0008254342,6.112376e-05,0.7329147,1.206943,0.09264501,0.0002871562,0.5707794,1.777722,0.001033754749428498,0,1,1,S3_f_peak,,
651,8.25400271854531e-05,3.2299684314385685e-07,8.0,0.005954784693435281,358.81768446604383,4.307777018575275e-12,230.15464715767,1.5e-13,1.3746495149302325,1,1,,11.741145999999999,1380384000.0,11.185043,-1.740986,9.444057,10.00016,-1.699968,0.0001501941,0.01730728,0.00308533,0.0005103257,0.7115313,0.7393571,0.2108816,0.002977392,0.3753823,1.114739,0.010718612448183507,0,0,1,S3_f_peak,S3_peaking,
652,8.625487096575972e-05,9.982929087455418e-07,1.0,0.0038716804966755828,486.00911899757125,8.653960968055642e-13,524.3620914744085,1.5e-13,1.2689362140891747,1,1,,4.485580000000001,1258925000.0,3.2974399999999995,1.327449,4.624889,5.813029,-0.5510381,0.0002788364,0.007755343,0.001656705,0.000264691,0.6091344,0.5588384,0.3310205,0.00193584,0.2260803,0.7849188,0.0069690248940160494,0,1,1,S3_f_peak,,
653,9.778115092854694e-05,6.899280912644832e-07,3.0,0.0009819551900745072,93.37231810291719,7.21686740858066e-12,176.56803224394505,1.5e-13,1.2093692279977089,1,0,S3_peaking,2.08781734,1202264000.0,1.8688652,-2.111735,-0.2428698,-0.02391766,-2.040003,0.0002699668,0.005934158,0.001116092,3.136519e-05,0.663824,1.314929,0.1436904,0.0004909776,0.3983791,1.713308,0.001767519342134113,0,0,0,S3_peaking,S3_peaking,S3_peaking
654,3.337995988049345e-05,3.7042705007126597e-07,2.0,0.001467372925786802,136.68105612657308,1.1721905754791004e-13,142.5384355874131,1.5e-13,1.2647381302146552,1,0,S3_peaking,-7.000000000090267e-06,10000000.0,-0.4172690000000001,-5.286369,-5.703638,-5.286376,-11.92554,0.000371037,0.005612043,0.001013609,8.230847e-05,0.6856662,1.344677,0.1808329,0.0007336869,0.3507434,1.69542,0.002641271266416244,0,0,0,S3_peaking,S3_peaking,S3_peaking
655,8.822788943390446e-05,3.756696780007787e-07,2.0,0.004830296557561661,530.3518912458792,1.3980520565462605e-13,457.59265169453425,1.5e-13,1.4392792902713885,1,0,S3_peaking,-0.000148000000000037,10000000.0,-3.5410449999999996,-1.466807,-5.007852,-1.466955,-7.961552,0.0003910438,0.01271909,0.002235443,0.002663796,0.6984179,0.2520993,0.2073426,0.002415148,0.4427466,0.6948459,0.008694533803610991,0,0,0,S3_peaking,S3_peaking,S3_peaking
656,2.8470511283960163e-05,6.798841883596214e-07,4.0,0.002138869815814096,962.8635291623923,4.3837319516661375e-12,289.7678081596356,1.5e-13,1.3224192524139533,1,0,S3_f_peak,10.244665,660693400.0,8.8337786,-9.068166,-0.2343874,1.176499,-9.366413,0.0003307503,0.004183962,0.0008172128,4.828966e-05,0.6568484,1.268909,0.3406207,0.001069435,0.2212033,1.490112,0.0038499656684653724,0,0,0,S3_f_peak,S3_f_peak,S3_f_peak
657,6.776658850788537e-05,1.6982704591175604e-07,5.0,0.0007766334587400415,298.62209826284436,1.3634662845295969e-13,52.71701667983281,1.5e-13,1.59588200655912,1,0,S3_f_peak,3.09384,11481540000.0,0.8539200000000005,-15.58953,-14.73561,-12.49569,-12.94336,0.0005339352,0.006917064,0.0007834631,0.0002217225,0.809822,1.023114,0.06876103,0.0003883167,0.7564152,1.779529,0.0013979402257320748,0,0,0,S3_f_peak,S3_f_peak,S3_f_peak
658,3.375269378213207e-05,5.885785688832709e-07,8.0,0.0068871913151688875,342.2778742253482,7.172454312231836e-13,104.93975355064526,1.5e-13,1.3348311236565655,1,0,S3_f_peak,6.573428,3801894000.0,6.2660029999999995,-10.41799,-4.151987,-3.844562,-7.907012,0.0003430424,0.007520074,0.001732474,0.00012696,0.6122835,1.468678,0.47313,0.003443596,-0.0300482,1.43863,0.012396944367303998,0,0,0,S3_f_peak,S3_f_peak,S3_f_peak
659,5.8047676817505397e-05,4.694409180304637e-07,8.0,0.00236638991695237,283.19674768295386,8.250897963991672e-12,763.2526353652646,1.5e-13,1.5360219651249034,1,0,S3_f_peak,5.1752709999999995,416869400.0,0.4596739999999997,6.799349,7.259023,11.97462,-5.853916,0.0002115922,0.007592152,0.001280871,0.0004339987,0.7363762,0.3605391,0.2221548,0.001183195,0.5363842,0.8969233,0.004259501850514266,0,0,0,S3_nyq_boost,S3_f_peak,S3_f_peak
660,9.811964578834477e-05,3.041300624510247e-07,2.0,0.0007986534761313612,238.88809280533067,3.5350767003392778e-12,52.26101309053656,1.5e-13,1.1425570770807052,1,0,S3_f_peak,6.140953,19952620000.0,5.824831,-14.62321,-8.798379,-8.482257,-8.481701,0.0003249685,0.007165709,0.001228034,8.125282e-05,0.6935703,1.40477,0.08472223,0.0003993267,0.3743592,1.77913,0.0014375762570364502,0,0,0,S3_f_peak,S3_f_peak,S3_f_peak
661,9.783294584164243e-05,6.8469701344129e-07,6.0,0.006756291658579465,196.86057021645945,2.9832835887223712e-12,129.50748749284662,1.5e-13,1.2912449675052347,1,1,,7.114147,2187762000.0,7.09427,-3.608686,3.485584,3.505461,-0.6366308,0.0001930346,0.01336956,0.002717295,0.0001749151,0.6354296,1.139941,0.3180843,0.003378146,0.2225639,1.362505,0.012161324985443037,1,1,1,,,
662,2.3035748213933978e-05,2.162431781766046e-07,3.0,0.0013770883973086058,676.731673881,6.970999704381063e-13,466.4752689456382,1.5e-13,1.5941990227611873,1,1,,6.610053,1445440000.0,5.706564,-2.01736,3.689204,4.592693,-10.55549,0.0002872037,0.005790188,0.0008725484,0.000189733,0.789078,0.8678353,0.1622374,0.0006885442,0.6109759,1.478811,0.0024787591151554903,1,1,1,,,
663,2.0662384255291092e-05,9.215214345740006e-07,4.0,0.0023574322990056354,669.3021378659047,2.7587642022297217e-13,589.0602770897784,1.5e-13,1.456074471390709,1,0,S3_nyq_boost,1.1196549999999998,1202264000.0,-0.12373300000000009,-2.299518,-2.423251,-1.179863,-11.18023,0.00050287,0.002938452,0.0006394101,6.303353e-05,0.6276242,0.9655479,0.4893283,0.001178716,0.1401172,1.105665,0.004243378138210144,0,0,0,S3_nyq_boost,S3_peaking,S3_nyq_boost
664,4.249339867203914e-05,3.2731894844665926e-07,4.0,0.0020397375052517703,635.6068008031908,1.610120527222954e-13,581.5406322723011,1.5e-13,1.5943538390604508,1,0,S3_peaking,-7.399999999990747e-06,10000000.0,-0.7052986,0.8428139,0.1375153,0.8428065,-9.264695,0.0003392142,0.007583949,0.001226987,0.0002250377,0.754647,0.5947274,0.18504,0.001019871,0.6121775,1.206905,0.0036715275094531866,0,0,0,S3_peaking,S3_peaking,S3_peaking
665,7.665091629602455e-05,6.82951635615864e-07,4.0,0.003598276352953532,333.00115643943025,5.9300085083833584e-12,76.56124605013626,1.5e-13,1.414298270165098,1,0,S3_f_peak,8.777836,3311311000.0,8.772144,-12.13504,-3.362896,-3.357204,-3.454896,0.0002467081,0.009139235,0.001720006,8.783179e-05,0.6704972,1.261577,0.2713169,0.001799139,0.4006785,1.662256,0.006476897435316357,0,1,0,S3_f_peak,,S3_f_peak
666,8.06254380389036e-05,2.622191499651466e-07,7.0,0.0019592705378907622,182.24931673995945,2.362658641318983e-12,640.1816429140908,1.5e-13,1.4923453020010833,1,0,S3_f_peak,3.1520550000000007,954992600.0,0.6071550000000006,9.751935,10.35909,12.90399,-4.405439,0.0001787098,0.01204835,0.001899712,0.0003264909,0.7654043,0.5794977,0.127297,0.0009796466,0.5933578,1.172855,0.0035266869682033723,0,0,0,S3_nyq_boost,S3_f_peak,S3_f_peak
667,5.887468668067881e-05,9.58125091445352e-07,3.0,0.0018225000412148203,446.8593131673789,2.6041692309090557e-12,121.14627264692827,1.5e-13,1.2576937343859658,1,0,S3_f_peak,8.556571000000002,19952620000.0,7.125041000000001,-11.82463,-4.699589,-3.268059,-3.266953,0.0003452844,0.004957367,0.001002751,3.322543e-05,0.6350811,1.397465,0.2758766,0.0009112501,0.2921399,1.689605,0.0032805000741866768,0,0,0,S3_f_peak,S3_f_peak,S3_f_peak
668,7.364591559882723e-05,3.3048689874375005e-07,4.0,0.001549886296724099,987.6057577729398,1.3125836262932134e-13,255.208625128605,1.5e-13,1.1796204085818387,1,0,S3_f_peak,5.230661,4365158000.0,4.401292,-8.741505,-4.340213,-3.510844,-8.292536,0.0004544355,0.009486491,0.001688271,0.0001400444,0.6893478,1.25292,0.1282682,0.0007749442,0.3493071,1.602227,0.002789795334103378,0,0,0,S3_f_peak,S3_f_peak,S3_f_peak
669,9.94537767001562e-05,3.721423636979461e-07,8.0,0.0020907902411521997,312.4359147402574,1.2381067782001723e-13,164.3010686644776,1.5e-13,1.4653730586581788,1,0,S3_peaking,0.10745000000000005,2884032000.0,0.10306699999999935,-4.347185,-4.244118,-4.239735,-7.285675,0.0003427776,0.01181869,0.001954973,0.0001603427,0.735722,1.046483,0.1415595,0.001045395,0.5817576,1.62824,0.0037634224340739597,0,0,0,S3_peaking,S3_peaking,S3_peaking
670,3.112007965277743e-05,1.6382245363446712e-07,2.0,0.003260908750078862,349.48765295121854,6.821028898277838e-13,278.3077098487539,1.5e-13,1.2957202739839786,1,0,S3_f_peak,5.9663908999999995,2630268000.0,5.9566709,-0.8626359,5.094035,5.103755,-5.379809,0.0002112976,0.01129853,0.001539037,0.0005065783,0.7538208,1.016353,0.1374064,0.001630454,0.3298788,1.346232,0.005869635750141952,1,0,0,,S3_f_peak,S3_f_peak
671,4.821880154037508e-05,5.623616425093633e-07,1.0,0.0007312995637398603,302.19172626450904,1.3380859137975645e-13,436.1066232235828,1.5e-13,1.4275660988024623,1,0,S3_peaking,-7.540000000000324e-05,10000000.0,-2.8807327000000003,0.1249107,-2.755822,0.1248353,-10.16618,0.0004242752,0.004026995,0.0006958168,2.984388e-05,0.7012929,1.078193,0.1526028,0.0003656498,0.5623443,1.640538,0.0013163392147317486,0,0,0,S3_peaking,S3_peaking,S3_peaking
672,3.033885553197263e-05,7.823945515556877e-07,2.0,0.005990079749036492,304.3345269078587,9.701302061504285e-13,100.73538385396881,1.5e-13,1.555370024760571,1,0,S3_f_peak,5.070848,3467369000.0,4.980162,-11.47677,-6.496608,-6.405922,-8.579361,0.000409276,0.005404396,0.001247608,0.0001124092,0.5981316,1.417338,0.5368493,0.00299504,0.08095548,1.498293,0.010782143548265686,0,0,0,S3_f_peak,S3_f_peak,S3_f_peak
673,4.266890280585068e-05,3.260089172156135e-07,4.0,0.0026317286986343147,278.5403003601938,1.4248297591520955e-13,85.19503717926465,1.5e-13,1.3398115191117497,1,0,S3_f_peak,2.337472,8317638000.0,0.8032900000000005,-10.41357,-9.61028,-8.076098,-9.883872,0.0004137774,0.008735205,0.00155361,0.0001566635,0.7064958,1.310031,0.1956177,0.001315864,0.3778641,1.687895,0.004737111657541766,0,0,0,S3_f_peak,S3_f_peak,S3_f_peak
674,9.739642237961551e-05,2.736794719718158e-07,8.0,0.0007740032679044172,313.8733793221123,5.438806730933748e-12,233.23693358987265,1.5e-13,1.2704377318807913,1,0,S3_f_peak,6.585558000000001,870963600.0,5.5079530000000005,-3.101274,2.406679,3.484284,-6.834428,0.000237936,0.006986943,0.001175386,0.0001230465,0.7323911,1.230711,0.08549337,0.0003870028,0.4790252,1.709737,0.0013932058822279509,0,0,0,S3_f_peak,S3_f_peak,S3_f_peak
675,4.614861548942415e-05,6.678537947626694e-07,2.0,0.0024276645443708006,80.66541703012936,6.689425107726303e-13,138.92969142240906,1.5e-13,1.1952999220773752,1,0,S3_peaking,0.14789699999999995,2398833000.0,0.1466989999999999,-4.074725,-3.928026,-3.926828,-7.080568,0.0003276207,0.005820178,0.001195972,5.354883e-05,0.6276022,1.427106,0.2752781,0.001213832,0.2042551,1.631361,0.004369796179867441,0,0,0,S3_peaking,S3_peaking,S3_peaking
676,2.8888685796477907e-05,8.549094335958542e-07,3.0,0.0005783556099421589,194.2272440908452,1.3834976103190173e-13,364.40290029055126,1.5e-13,1.1335879820820323,1,0,S3_peaking,-4.8000000000492093e-05,10000000.0,-2.0734960000000004,-4.025594,-6.09909,-4.025642,-11.30549,0.000540254,0.002173868,0.0004372194,1.215352e-05,0.643413,1.44555,0.2184865,0.0002891778,0.2490722,1.694622,0.001041040097895886,0,0,0,S3_peaking,S3_peaking,S3_peaking
677,4.6626125932203885e-05,9.261241649696006e-07,2.0,0.003557361714285197,459.3214049825946,1.240215049473182e-13,527.1016162611767,1.5e-13,1.3693502749477773,1,0,S3_peaking,-0.00010779999999999124,10000000.0,-3.2099979000000003,0.5638029,-2.646195,0.5636951,-7.90314,0.0004588813,0.005391872,0.001153869,0.0002116194,0.6131896,0.6642266,0.4023464,0.001778681,0.1982278,0.8624544,0.006403251085713355,0,0,0,S3_peaking,S3_peaking,S3_peaking
678,9.150657358663014e-05,1.9849209292771574e-07,2.0,0.0024532819682638847,99.65275951344644,1.4570295766367347e-13,733.4555097327385,1.5e-13,1.1158330013593947,1,0,S3_peaking,-0.0002300000000001745,10000000.0,-6.260311999999999,14.41025,8.149938,14.41002,-5.577394,0.0001768065,0.01696771,0.002629831,0.0005005684,0.7143081,0.6298568,0.09817576,0.001226642,0.2704566,0.9003134,0.0044159075428749925,0,0,0,S3_peaking,S3_peaking,S3_peaking
679,3.767941962077132e-05,9.373508554069692e-07,5.0,0.002410001522581407,173.47689262316487,6.416099575094999e-12,129.11435973049157,1.5e-13,1.4279720408013334,1,1,,3.0756239999999995,1513561000.0,3.033186999999999,-8.250941,-5.217754,-5.175317,-6.176687,0.0003590224,0.004381968,0.0008540947,4.016033e-05,0.6562567,1.355318,0.3880268,0.001205001,0.2890989,1.644417,0.004338002740646533,0,1,1,S3_f_peak,,
680,9.675830499625053e-05,2.538971337710578e-07,4.0,0.0006530715621836927,217.0169605541412,2.6103001615728125e-12,375.7384652429928,1.5e-13,1.4587747335613859,1,0,S3_f_peak,3.481171,954992600.0,1.590204,2.204092,3.794296,5.685263,-7.44905,0.0002401894,0.006383861,0.0009534593,0.0001340677,0.7546584,1.025367,0.07639487,0.0003265488,0.6519413,1.677308,0.001175528811930647,0,0,0,S3_f_peak,S3_f_peak,S3_f_peak
681,6.101734111046232e-05,3.369785404175911e-07,6.0,0.00124098939412464,204.57927587334132,1.9117657054677113e-13,72.52082652436304,1.5e-13,1.498482139935223,1,0,S3_f_peak,1.7415920000000007,8317638000.0,0.6210299999999993,-10.94693,-10.3259,-9.205338,-10.14581,0.0004165072,0.007443677,0.00121321,0.000104001,0.7511744,1.140994,0.1336437,0.0006204953,0.6140075,1.755001,0.0022337809094243517,0,0,0,S3_f_peak,S3_f_peak,S3_f_peak
682,6.952157149218626e-05,3.890290764362005e-07,2.0,0.004384531647210536,59.194873047924155,3.910426108398135e-12,68.6970936798923,1.5e-13,1.3974599971028265,1,0,S3_f_peak,2.6399769999999996,3162278000.0,2.6037779999999997,-4.527473,-1.923695,-1.887496,-4.945171,0.0002042462,0.01260805,0.00223384,0.0001972493,0.690096,1.235125,0.2086885,0.002192266,0.4142725,1.649397,0.007892156964978964,0,0,0,S3_peaking,S3_f_peak,S3_f_peak
683,2.998520789904358e-05,2.77394758196226e-07,1.0,0.0035348722228016223,752.3560660899475,3.17449567412171e-13,371.71032802578685,1.5e-13,1.3918662940042392,1,0,S3_f_peak,6.123367999999999,2630268000.0,6.121416,-4.254744,1.866672,1.868624,-8.796495,0.00031013,0.007498791,0.001316793,0.0003114833,0.6956032,0.8083938,0.2076361,0.001767436,0.334632,1.143026,0.00636277000104292,1,0,0,,S3_f_peak,S3_f_peak
684,4.8305035189817896e-05,3.1570298270129126e-07,5.0,0.0008928717563054784,108.53872222601952,1.8633024105844877e-12,115.5109245587801,1.5e-13,1.1771300719601814,1,0,S3_peaking,1.929469,2398833000.0,1.9271840000000005,-6.37166,-4.444476,-4.442191,-9.855104,0.0003233594,0.005743603,0.00104472,7.786462e-05,0.7053711,1.39853,0.1232146,0.0004464368,0.3499007,1.748431,0.001607169161349861,0,0,0,S3_peaking,S3_peaking,S3_peaking
685,6.905247916501358e-05,9.966188016166836e-07,6.0,0.0005569640276169007,938.1416034666637,1.896621329223803e-12,150.90905129744937,1.5e-13,1.2252127959347472,1,0,S3_f_peak,12.886917,19952620000.0,9.255307,-15.37691,-6.121603,-2.489993,-2.488446,0.0004348274,0.003080388,0.0005898885,1.372735e-05,0.6661458,1.356824,0.1624443,0.0002784822,0.4011502,1.757974,0.0010025352497104213,0,0,0,S3_f_peak,S3_f_peak,S3_f_peak
686,3.8194861465479444e-05,2.301414067066879e-07,4.0,0.0018332285448655347,422.6843839199067,1.0000501325587476e-13,90.11994019427968,1.5e-13,1.4687591167510412,1,0,S3_f_peak,3.297283,9120108000.0,1.032119999999999,-12.19704,-11.16492,-8.899757,-10.61514,0.0004885591,0.008736762,0.001377876,0.0002281673,0.75921,1.183749,0.1485604,0.0009166144,0.533646,1.717395,0.0032998113807579626,0,0,0,S3_f_peak,S3_f_peak,S3_f_peak
687,8.714603216670457e-05,3.1633763514246764e-07,4.0,0.0009570135953225628,730.1105270970766,3.347067458725254e-12,170.7668717526335,1.5e-13,1.2850764806362251,1,0,S3_f_peak,12.021772,1202264000.0,11.577808,-10.36848,1.209328,1.653292,-6.414144,0.0002457294,0.007718581,0.001290516,0.000112577,0.7139724,1.238047,0.09908312,0.0004785069,0.4802393,1.718286,0.001722624471580613,0,0,0,S3_f_peak,S3_peaking,S3_f_peak
688,2.9227216898980767e-05,4.348214063741045e-07,4.0,0.0016553345334255416,62.556377468103754,1.22848568743413e-13,76.81562186304375,1.5e-13,1.2891363492154664,1,0,S3_peaking,-2.000000000279556e-06,10000000.0,-0.1153600000000008,-9.9132,-10.02856,-9.913202,-13.03688,0.0004194205,0.00494509,0.0009072807,5.756104e-05,0.6927242,1.428277,0.2293599,0.0008276676,0.3081447,1.736422,0.002979602160165975,0,0,0,S3_peaking,S3_peaking,S3_peaking
689,4.982000622439561e-05,8.429038153572127e-07,2.0,0.0005362380814851085,101.46188955196948,1.8639067349706878e-13,260.63836421267774,1.5e-13,1.5907514336346975,1,0,S3_peaking,-1.699999999971169e-05,10000000.0,-0.8035579999999998,-4.065157,-4.868715,-4.065174,-7.673584,0.0004379167,0.002816794,0.0004797746,1.63646e-05,0.7172784,1.026607,0.1685837,0.0002681195,0.7035113,1.730118,0.0009652285466731953,0,0,0,S3_peaking,S3_peaking,S3_peaking
690,2.2593339536453853e-05,9.344597515754756e-07,1.0,0.0019662175270721916,112.05832859947476,3.733688019715265e-13,382.2692099356875,1.5e-13,1.2369266721835699,1,0,S3_peaking,-5.230000000000512e-05,10000000.0,-2.2822078,-0.9527952,-3.235003,-0.9528475,-10.4762,0.0004481291,0.002836529,0.0006463094,3.396332e-05,0.580913,1.361701,0.4168968,0.0009831088,0.06248696,1.424188,0.003539191548729945,0,0,0,S3_peaking,S3_peaking,S3_peaking
691,9.351437742651162e-05,1.5012136253509878e-07,2.0,0.003389118569059217,620.5473392915213,1.8234317606416596e-13,436.92837315337204,1.5e-13,1.1216922534421399,1,0,S3_peaking,1.5122114999999998,3467369000.0,1.4060435,0.3070615,1.713105,1.819273,-3.043782,0.0002504575,0.02292072,0.002927154,0.0008658234,0.7488122,0.8034171,0.08048978,0.001694559,0.2561819,1.059599,0.006100413424306591,0,0,0,S3_peaking,S3_peaking,S3_peaking
692,6.582211930084762e-05,2.413047666509446e-07,5.0,0.0005264070852993016,807.3564293222263,1.1079124949194923e-13,62.13119776695198,1.5e-13,1.5911896354106996,1,0,S3_f_peak,7.075120000000002,19054610000.0,3.34535,-20.71449,-17.36914,-13.63937,-13.64015,0.0008412719,0.004951336,0.0007146042,0.0001134804,0.7847106,1.029086,0.08161123,0.0002632036,0.7545611,1.783647,0.0009475327535387429,0,0,0,S3_f_peak,S3_f_peak,S3_f_peak
693,8.298526846512178e-05,1.5580388730034367e-07,4.0,0.004662625474733234,225.26528474165667,8.715380138399663e-13,297.72681439307087,1.5e-13,1.1076701987669426,1,0,S3_f_peak,5.386318999999999,3019952000.0,5.293571000000001,4.125711,9.419282,9.51203,0.2481011,0.0001456427,0.02493249,0.003382369,0.001040958,0.742937,0.8783449,0.1023749,0.002331313,0.2275608,1.105906,0.008392725854519821,0,0,0,S3_f_peak,S3_f_peak,S3_f_peak
694,7.262249537280796e-05,2.4762453292285464e-07,1.0,0.0009422077315358399,640.1488017703708,5.296367785415215e-13,61.82833148928107,1.5e-13,1.5903143411509564,1,0,S3_f_peak,10.411144,5495409000.0,9.552477999999999,-18.08194,-8.529462,-7.670796,-9.465068,0.0004124294,0.007970404,0.001117123,0.0001121929,0.7674548,1.037124,0.08802036,0.0004711312,0.7337483,1.770872,0.0016959739167645117,0,0,0,S3_f_peak,S3_f_peak,S3_f_peak
695,8.588235913027195e-05,3.73632574443967e-07,1.0,0.0015605724131796037,174.09947615292845,2.1265409294706984e-12,791.5123427034437,1.5e-13,1.5650020351817542,1,0,S3_nyq_boost,1.6414399999999993,724436000.0,-2.2364960000000007,11.07165,8.835154,12.71309,-4.79399,0.0002017432,0.009482971,0.001484972,0.0001631233,0.7373751,0.5033181,0.1323468,0.0007802868,0.6790758,1.182394,0.0028090303437232865,0,0,0,S3_nyq_boost,S3_nyq_boost,S3_nyq_boost
696,2.4143045058837865e-05,2.3417528425358882e-07,4.0,0.0023854624559386645,591.1264739256819,8.821996578145319e-12,206.81253588852772,1.5e-13,1.2125143883944898,1,0,S3_f_peak,10.550712,724436000.0,9.763151,-7.777634,1.985517,2.773078,-8.958774,0.0002452529,0.007051543,0.001350711,0.0001770199,0.7130529,1.335003,0.2010651,0.001192731,0.2183251,1.553328,0.004293832420689596,0,0,0,S3_f_peak,S3_f_peak,S3_f_peak
697,8.399690061119356e-05,4.3542219718450966e-07,8.0,0.0014453010240822609,281.7267008659531,3.90468048842921e-12,92.41820387071257,1.5e-13,1.4273622239580628,1,1,,7.079556999999999,1905461000.0,7.054549999999999,-9.873961,-2.819411,-2.794404,-5.548281,0.0002588942,0.008262317,0.001395635,8.351644e-05,0.7287419,1.178029,0.1429929,0.0007226505,0.5551854,1.733214,0.0026015418433480695,1,1,1,,,
698,9.963721564870508e-05,1.726272685112368e-07,7.0,0.0032172533130801245,106.94314801581992,8.865363940125434e-13,433.8029282074853,1.5e-13,1.3005512633396763,1,0,S3_nyq_boost,0.006690000000000751,575439900.0,-0.6451100000000007,10.77008,10.12497,10.77677,-1.280687,0.0001466673,0.02098059,0.002892846,0.0007334497,0.7659927,0.6810427,0.1018519,0.001608637,0.4211304,1.102173,0.005791055963544224,0,0,0,S3_peaking,S3_nyq_boost,S3_nyq_boost
699,3.625538551224467e-05,2.2430641914077207e-07,6.0,0.005500097056183463,402.7388556732223,2.503284299051979e-13,323.4296874057712,1.5e-13,1.4602608693058712,1,0,S3_f_peak,2.2432961000000002,3467369000.0,2.0698540999999997,-0.9457381,1.124116,1.297558,-6.160703,0.0002719643,0.01141095,0.00202683,0.0007797665,0.748774,0.5726232,0.2363847,0.002750049,0.3379294,0.9105527,0.009900174701130233,0,0,0,S3_peaking,S3_f_peak,S3_peaking
700,4.078040000956709e-05,3.052414190072807e-07,3.0,0.0016895176099580695,163.99867790976296,1.1027605806755907e-12,77.81697304732329,1.5e-13,1.2440112851121115,1,0,S3_f_peak,3.800796,3981072000.0,3.5713920000000003,-9.489843,-5.918451,-5.689047,-9.344487,0.0003130887,0.007539695,0.001340074,0.0001336343,0.6976272,1.382975,0.1589922,0.0008447588,0.351287,1.734262,0.0030411316979245253,0,0,0,S3_f_peak,S3_f_peak,S3_f_peak
701,5.813639254989584e-05,2.0385414443767046e-07,6.0,0.0019262115082341533,529.5392514227412,6.803756672985431e-13,252.10348275398792,1.5e-13,1.493729494499757,1,0,S3_f_peak,8.997589,2630268000.0,8.986593,-4.130909,4.855684,4.86668,-5.345568,0.0002285049,0.01167643,0.001703573,0.0003746348,0.7751284,0.9677556,0.1213805,0.0009631162,0.5894421,1.557198,0.003467180714821476,1,0,0,,S3_f_peak,S3_f_peak
702,8.533804419327559e-05,5.482395513524913e-07,8.0,0.006312097393729188,537.7890969038062,9.21143803955296e-12,87.33413933508204,1.5e-13,1.4342648977649564,1,0,S3_peaking,14.328723,1445440000.0,14.247791000000001,-13.13606,1.111731,1.192663,-2.367874,0.0001838968,0.01370315,0.002522073,0.0001957981,0.6830934,1.164474,0.2907718,0.003156049,0.3598957,1.524369,0.01136177530871254,0,0,0,S3_peaking,S3_peaking,S3_peaking
703,3.80016560364031e-05,5.048223686101315e-07,3.0,0.0005141427014553582,286.43589893558476,1.0251203695274376e-13,227.09412167818604,1.5e-13,1.1885932645278112,1,0,S3_peaking,-1.5999999999571912e-05,10000000.0,-0.8596729999999999,-6.800144,-7.659817,-6.80016,-12.78165,0.0005363846,0.003080613,0.0005620328,2.389803e-05,0.6833075,1.375571,0.1383464,0.0002570714,0.3660486,1.74162,0.0009254568626196447,0,0,0,S3_peaking,S3_peaking,S3_peaking
704,8.638532301634465e-05,2.779201200181677e-07,3.0,0.0005159787372968562,451.1116047022803,9.72103445623238e-13,79.20352978091664,1.5e-13,1.3451453343198578,1,0,S3_f_peak,6.568494000000001,3981072000.0,6.4575710000000015,-15.35476,-8.897189,-8.786266,-9.645658,0.0004191526,0.005058047,0.0007977001,8.513512e-05,0.7323686,1.217223,0.07553793,0.0002580066,0.5623431,1.779566,0.0009287617271343412,0,0,0,S3_f_peak,S3_f_peak,S3_f_peak
705,3.06593148490145e-05,5.365301183490894e-07,3.0,0.002745058098237426,191.5121533182828,1.3006560561794531e-12,146.4661493955665,1.5e-13,1.3594727848123456,1,1,,3.046699,2290868000.0,3.035253,-6.341309,-3.306056,-3.29461,-9.563603,0.0003330869,0.005361727,0.001024144,7.516789e-05,0.6651886,1.336102,0.3079359,0.001372529,0.262869,1.598971,0.004941104576827367,0,1,1,S3_peaking,,
706,8.704094883312758e-05,2.1986387236182005e-07,1.0,0.0020127374901814836,168.2016569603304,1.4058836463031707e-12,143.27687901564502,1.5e-13,1.5921043045531302,1,0,S3_f_peak,5.456494,2884032000.0,5.407776,-1.392074,4.015702,4.06442,-3.805438,0.0001807159,0.01450053,0.00196238,0.0002383106,0.7716588,0.954491,0.09692442,0.001006387,0.7013196,1.655811,0.0036229274823266705,0,0,0,S3_f_peak,S3_f_peak,S3_f_peak
707,4.504338068244251e-05,8.006157463814944e-07,3.0,0.004483500243157551,435.21615921677204,6.2931469998027505e-12,311.57005906333785,1.5e-13,1.175991503013115,1,0,S3_f_peak,8.110637,691831000.0,6.533585,-2.836344,3.697241,5.274293,-4.843058,0.0002608826,0.006448307,0.001486633,0.0001107453,0.5787189,1.095433,0.4052977,0.00224175,0.006104648,1.101538,0.008070300437683591,0,0,0,S3_f_peak,S3_f_peak,S3_f_peak
708,5.631499508102915e-05,5.586659357308765e-07,5.0,0.0012177056036161533,257.0118502018397,1.399171105967607e-12,187.41943447330658,1.5e-13,1.5767806271177751,1,1,,3.8916329999999997,1819701000.0,3.758737,-5.051175,-1.292438,-1.159542,-6.787565,0.0003141152,0.00547481,0.0009079221,4.821801e-05,0.7352773,1.037609,0.1809061,0.0006088528,0.64828,1.685889,0.002191870086509076,1,1,1,,,
709,6.0389660436938354e-05,4.364325736365686e-07,2.0,0.001727032100928486,293.02103897409654,9.792429791321419e-13,91.0911190180585,1.5e-13,1.4140500017413364,1,0,S3_f_peak,6.12409,3630781000.0,5.949344,-10.43717,-4.487826,-4.31308,-7.254603,0.0003124227,0.007767294,0.001330365,8.41231e-05,0.7044178,1.210355,0.1682295,0.0008635162,0.5109863,1.721341,0.003108657781671275,0,0,0,S3_f_peak,S3_f_peak,S3_f_peak
710,7.546144035357007e-05,4.84460827293298e-07,6.0,0.001244668768699805,393.58656520271546,3.010799741485064e-13,83.61462985383514,1.5e-13,1.2422180392850217,1,0,S3_f_peak,5.622116,9120108000.0,3.872389,-13.11251,-9.240121,-7.490394,-7.670171,0.0004512254,0.006953681,0.001249232,5.9493e-05,0.6911892,1.349005,0.1465058,0.0006223364,0.3989578,1.747963,0.002240403783659649,0,0,0,S3_f_peak,S3_f_peak,S3_f_peak
711,5.334839894774183e-05,2.731467962676087e-07,2.0,0.0031778415375939622,437.7610888676975,1.226037857029596e-13,789.5460598654555,1.5e-13,1.3105563652247638,1,0,S3_peaking,-0.00022400000000000198,10000000.0,-5.200695,1.511768,-3.688927,1.511544,-10.56384,0.0003645491,0.009115077,0.001592141,0.002680937,0.70365,0.2082751,0.1783091,0.001588921,0.3371988,0.5454739,0.005720114767669132,0,0,0,headroom,S3_peaking,headroom
712,5.633739010013389e-05,4.944355481268129e-07,6.0,0.00472957008356499,917.2202520972182,1.199019167168943e-13,367.5353211591162,1.5e-13,1.102231918154495,1,0,S3_f_peak,2.370482,3311311000.0,2.2093760000000002,-5.25138,-3.042004,-2.880898,-8.02883,0.000433657,0.009936114,0.00204862,0.0002280746,0.6289198,0.8642084,0.2872075,0.002364785,0.06664956,0.930858,0.008513226150416981,0,0,0,S3_peaking,S3_f_peak,S3_f_peak
713,6.700279929595467e-05,4.288595655860524e-07,4.0,0.0006451267849218022,357.1703988371286,2.34909721531735e-12,188.60292361922447,1.5e-13,1.4431309863266721,1,1,,5.292801,1318257000.0,4.902862,-6.961422,-2.05856,-1.668621,-7.70183,0.0003260325,0.00479235,0.0007912863,4.729324e-05,0.7297928,1.126567,0.1127697,0.0003225634,0.612597,1.739164,0.0011612282128592442,1,1,1,,,
714,5.059982012272697e-05,2.0690935254228576e-07,2.0,0.0027947152392977207,395.66564972376676,1.835585537550201e-12,499.72673910920594,1.5e-13,1.134910700114874,1,1,,8.150021,1258925000.0,6.872560999999999,3.607799,10.48036,11.75782,-4.020996,0.0001725036,0.01314176,0.0021588,0.0004417645,0.7021353,0.8599729,0.1307178,0.001397358,0.2417301,1.101703,0.005030487430735898,0,1,1,S3_f_peak,,
715,4.780215788003521e-05,1.86855568727841e-07,6.0,0.002567312851578562,235.83488643391644,1.8807387597195195e-13,146.1953231124267,1.5e-13,1.1874752904210555,1,0,S3_f_peak,1.4058410000000001,5754399000.0,0.7348780000000001,-3.707312,-2.972434,-2.301471,-6.332746,0.0002842516,0.01267163,0.002102033,0.0003658042,0.7379215,1.321901,0.1346638,0.001283657,0.2904328,1.612334,0.004621163132841412,0,0,0,S3_peaking,S3_f_peak,S3_peaking
716,9.312153315166319e-05,7.116741156003277e-07,5.0,0.006848119831584575,316.38119209770866,3.2770146187982903e-12,356.6620867960695,1.5e-13,1.246753030351377,1,0,S3_f_peak,6.6574151,1047129000.0,5.5895961,0.4123859,6.001982,7.069801,-1.219611,0.0001972659,0.0114822,0.002466455,0.001357467,0.614711,0.4313698,0.3431857,0.00342406,0.1473979,0.5787676,0.012326615696852236,0,0,0,headroom,S3_f_peak,headroom
717,9.924008166064837e-05,6.670428294928705e-07,7.0,0.0016328087565117822,62.88652116825765,1.0807493157219337e-12,94.74954606243772,1.5e-13,1.1008090253472524,1,0,S3_f_peak,1.9188839999999998,19952620000.0,0.6795720000000003,-4.886316,-4.206744,-2.967432,-2.966408,0.0002852521,0.007816002,0.001539719,4.438216e-05,0.648182,1.458175,0.1731811,0.0008164058,0.2644689,1.722644,0.002939055761721208,0,0,0,S3_f_peak,S3_f_peak,S3_f_peak
718,4.52643699696738e-05,5.54868329286206e-07,7.0,0.0007904221938238081,57.39166272852097,9.76413669175987e-13,54.62658254017773,1.5e-13,1.3530155003035818,1,0,S3_f_peak,3.3311600000000006,19952620000.0,0.4030300000000011,-14.47611,-14.07308,-11.14495,-11.14083,0.0005315113,0.003922697,0.0006867715,2.639275e-05,0.7178237,1.311067,0.1664283,0.0003952111,0.467344,1.778411,0.0014227599488828545,0,0,0,S3_f_peak,S3_f_peak,S3_f_peak
719,9.055364127042421e-05,9.042505474035154e-07,7.0,0.006284548554166881,105.87771197217305,4.156855665799153e-12,362.1237276927922,1.5e-13,1.3941441598443562,1,0,S3_peaking,1.5054410000000003,954992600.0,0.47430400000000006,3.459887,3.934191,4.965328,-0.5033405,0.0002094265,0.009402279,0.001976493,0.001647286,0.6304308,0.4307516,0.3977598,0.003142274,0.2313564,0.6621079,0.011312187397500386,0,0,0,S3_peaking,S3_peaking,S3_peaking
720,9.769871386504314e-05,3.826640898597334e-07,7.0,0.0012293504605538647,568.8033028093058,3.402553721987678e-13,282.546002030599,1.5e-13,1.5760495591616461,1,0,S3_f_peak,4.943957500000001,2630268000.0,4.9303029,-4.103843,0.8264599,0.8401145,-5.988148,0.0003189155,0.008583797,0.001357693,0.0001106372,0.7549947,0.9152492,0.1192547,0.0006146752,0.7110768,1.626326,0.0022128308289969564,1,0,0,,S3_f_peak,S3_f_peak
721,2.7726736930018444e-05,2.850773520501649e-07,5.0,0.004051743739529852,323.69872992499086,1.346536055029819e-13,207.6008959423262,1.5e-13,1.1634017992778396,1,0,S3_peaking,0.24344100000000024,3162278000.0,0.22307599999999983,-3.969214,-3.746138,-3.725773,-9.495147,0.000354433,0.00806781,0.001664016,0.0001895241,0.670316,1.295351,0.2585246,0.002025872,0.08407623,1.379427,0.007293138731153734,0,0,0,S3_peaking,S3_peaking,S3_peaking
722,3.219936468920735e-05,2.7146385081286715e-07,5.0,0.0006338706804237701,359.17117622869023,3.9260995669415515e-13,279.5983175872476,1.5e-13,1.2865020029922407,1,0,S3_peaking,1.976225,2089296000.0,1.9043610000000002,-4.325596,-2.421235,-2.349371,-12.73099,0.0003909964,0.004127446,0.0007347841,5.592813e-05,0.7486352,1.285972,0.1216519,0.0003169353,0.4254137,1.711385,0.0011409672247627862,0,0,0,S3_peaking,S3_peaking,S3_peaking
723,5.43559894309493e-05,3.998123167545544e-07,6.0,0.004950523747030908,327.3902930409482,9.758664874738982e-12,65.47052151151537,1.5e-13,1.2479337233822498,1,1,,10.003737999999998,1584893000.0,9.966625,-12.8417,-2.875075,-2.837962,-6.009081,0.0002168158,0.01131265,0.00217446,0.0001802514,0.6682,1.424198,0.257735,0.002475262,0.2137446,1.637943,0.008910942744655634,1,1,1,,,
724,9.71354476589531e-05,1.7044614790580726e-07,6.0,0.0053014371037356945,92.11960565059621,2.0992813280908224e-12,142.90615414042773,1.5e-13,1.1998824736320266,1,0,S3_f_peak,5.180737000000001,3311311000.0,5.014412999999999,3.635947,8.65036,8.816684,1.108396,0.000124066,0.02803838,0.003995276,0.0008514403,0.7454948,1.113486,0.1120094,0.002650719,0.3077097,1.421196,0.00954258678672425,0,0,0,S3_f_peak,S3_f_peak,S3_f_peak
725,4.3137198180081846e-05,4.780841320316568e-07,2.0,0.0013378840241844252,663.5236003295944,5.164222023945285e-13,185.4448351821169,1.5e-13,1.3831469464856412,1,0,S3_f_peak,7.373957000000001,2630268000.0,7.369174000000001,-9.905117,-2.535943,-2.53116,-9.055244,0.0003760126,0.005421667,0.0009523314,5.839869e-05,0.6962926,1.20818,0.1845846,0.0006689421,0.4677678,1.675948,0.0024081912435319655,1,0,0,,S3_f_peak,S3_f_peak
726,3.245826418427908e-05,3.0219342408586337e-07,5.0,0.002103128421407301,55.2129684344598,2.378544414518782e-13,571.5860214780082,1.5e-13,1.503069378312077,1,0,S3_peaking,-0.00012400000000134526,10000000.0,-4.443529000000001,9.396031,4.952502,9.395907,-9.643057,0.0002442466,0.00685444,0.001166782,0.0001781183,0.7550781,0.7079353,0.2037244,0.001051564,0.4910053,1.198941,0.003785631158533142,0,0,0,S3_peaking,S3_peaking,S3_peaking
727,8.872141743419484e-05,5.684144382589751e-07,8.0,0.0005417417788712384,309.90529442420774,1.7798910945487423e-12,125.75298383928624,1.5e-13,1.1095184638644917,1,0,S3_f_peak,5.527467000000001,19952620000.0,4.498850000000001,-10.61729,-6.11844,-5.089823,-5.089061,0.0003886993,0.004143087,0.0007765116,2.353104e-05,0.6769324,1.423228,0.1088237,0.0002708712,0.3427083,1.765936,0.0009751352019682292,0,0,0,S3_f_peak,S3_f_peak,S3_f_peak
728,8.602510971812336e-05,5.144162511161833e-07,8.0,0.0009367685413750905,135.61930767412537,4.550766136722224e-13,344.2676721887951,1.5e-13,1.3634127362020285,1,0,S3_peaking,-3.7000000000286803e-05,10000000.0,-1.7595830000000001,2.833371,1.073788,2.833334,-5.669147,0.000298267,0.006035074,0.001039188,4.773409e-05,0.7171353,1.114317,0.1309001,0.0004683845,0.5244337,1.63875,0.001686183374475163,0,0,0,S3_peaking,S3_peaking,S3_peaking
729,6.578342027929049e-05,2.2366182663309478e-07,3.0,0.005177205172266037,231.14692597893114,4.132044364786661e-12,76.3562670552771,1.5e-13,1.252225663915419,1,0,S3_f_peak,10.330772,2630268000.0,10.328647,-8.11718,2.211467,2.213592,-2.560754,0.00016097,0.01860725,0.003081795,0.0005758996,0.7014422,1.287733,0.1551804,0.002588603,0.3146092,1.602342,0.009318969310078867,1,0,0,,S3_f_peak,S3_f_peak
730,6.306363900553303e-05,2.1532351242579108e-07,3.0,0.0005406763652483893,148.12482274878693,6.59594991558456e-13,277.3723633281933,1.5e-13,1.4318600130577694,1,0,S3_nyq_boost,0.26543395000000003,1380384000.0,-0.1305311,-0.3652436,-0.4957747,-0.09980965,-10.48803,0.0003014442,0.005125435,0.00073337,0.000138832,0.7581199,1.103808,0.07399238,0.0002703386,0.6212071,1.725016,0.0009732174574471008,0,0,0,S3_nyq_boost,S3_peaking,S3_nyq_boost
731,5.732941546790343e-05,3.05860425582897e-07,8.0,0.0036313791086502348,904.5048263202773,2.60063517162152e-13,286.44260819527767,1.5e-13,1.1854610382703343,1,0,S3_f_peak,8.7812,3801894000.0,8.220737,-6.912834,1.307903,1.868366,-5.689011,0.0003171606,0.01214267,0.002330126,0.0002214294,0.6975434,1.047512,0.1983542,0.00181569,0.2323972,1.279909,0.0065364823955704225,0,0,0,S3_f_peak,S3_f_peak,S3_f_peak
732,2.9784431914700875e-05,2.498357089476085e-07,2.0,0.0015038538032976258,150.21892956374455,5.832904295822897e-13,458.38295019217287,1.5e-13,1.4432916191260126,1,0,S3_peaking,-1.600000000046009e-05,10000000.0,-1.4858570000000002,5.174285,3.688428,5.174269,-9.453439,0.00026147,0.006628478,0.001057262,0.0001825582,0.7410844,0.9498995,0.1530835,0.0007519269,0.50543,1.45533,0.0027069368459357265,0,0,0,S3_peaking,S3_peaking,S3_peaking
733,3.977089923878456e-05,5.919674526518007e-07,6.0,0.0018393601107404526,59.34389381930307,7.054168281984691e-13,126.06129000085059,1.5e-13,1.305618225953654,1,0,S3_nyq_boost,0.0003150000000005093,575439900.0,-0.0650719999999998,-5.145061,-5.210133,-5.144746,-8.733586,0.0003458725,0.005224262,0.0009675772,4.577674e-05,0.6839676,1.371573,0.2561023,0.0009196802,0.3124903,1.684064,0.0033108481993328145,0,0,0,S3_peaking,S3_nyq_boost,S3_nyq_boost
734,9.01975526520219e-05,2.486481167937687e-07,7.0,0.0006166015317705537,361.6093385949251,2.3861478779463106e-13,70.37118114683041,1.5e-13,1.2994977634419531,1,0,S3_f_peak,4.41366,9549926000.0,2.547229999999999,-14.7493,-12.20207,-10.33564,-10.58868,0.0005144745,0.00591175,0.0009606669,0.000120658,0.7419189,1.267121,0.07794391,0.0003083008,0.5111838,1.778304,0.0011098827571869967,0,0,0,S3_f_peak,S3_f_peak,S3_f_peak
735,5.6937799321794545e-05,7.728788958931045e-07,6.0,0.0028093936826387666,120.90278993301919,1.2713670624290517e-13,303.5878148744016,1.5e-13,1.3073247731099098,1,0,S3_peaking,-4.2000000000097515e-05,10000000.0,-1.9594449999999999,2.445601,0.486156,2.445559,-7.279772,0.0002998849,0.006536406,0.001282701,6.796725e-05,0.653506,1.098656,0.3055315,0.001404697,0.2748948,1.373551,0.00505690862874978,0,0,0,S3_peaking,S3_peaking,S3_peaking
736,3.477753564257249e-05,1.6621628713685214e-07,1.0,0.0012617386119972388,693.0494815958717,1.2239599901503933e-13,100.3264913616283,1.5e-13,1.5828728924112756,1,0,S3_f_peak,6.942571999999999,7943282000.0,3.5287299999999995,-14.26686,-10.73813,-7.324288,-10.0329,0.0005184441,0.0083687,0.0009738761,0.0002278711,0.7927107,1.063168,0.08847109,0.0006308701,0.673539,1.736707,0.00227112950159503,0,0,0,S3_f_peak,S3_f_peak,S3_f_peak
737,5.7134116494614044e-05,9.509282657223583e-07,2.0,0.004424602265794273,421.83595978037926,5.965799672308479e-12,531.3758882517898,1.5e-13,1.535337956140058,1,0,S3_f_peak,3.6777049999999996,602559600.0,3.0360169999999997,-5.322086,-2.286069,-1.644381,-3.585666,0.000301404,0.004648622,0.001038517,0.003178498,0.6276777,0.3485518,0.4439543,0.002212301,0.2758847,0.6244365,0.00796428407842969,0,0,0,S3_f_peak,S3_f_peak,saturation
738,6.158062136188117e-05,5.880680397357691e-07,3.0,0.0014768930647614802,129.69454708837452,1.0203790663748767e-13,412.77273386938595,1.5e-13,1.2255487335708104,1,0,S3_peaking,-8.09999999997757e-05,10000000.0,-3.280531,4.597371,1.31684,4.59729,-8.547573,0.0002998879,0.006165593,0.001164562,4.963842e-05,0.6645867,1.151214,0.1882308,0.0007384465,0.3439751,1.495189,0.0026584075165706645,0,0,0,S3_peaking,S3_peaking,S3_peaking
739,4.146128169793487e-05,4.898105709082649e-07,8.0,0.00578521751813791,555.9554210995899,1.0110014596840945e-13,67.59525477598284,1.5e-13,1.3104271722100047,1,0,S3_f_peak,6.04588,12589250000.0,1.957840000000001,-16.42537,-14.46753,-10.37949,-10.76755,0.0006179478,0.009113127,0.001803871,0.0001352581,0.6547158,1.481878,0.3620671,0.002892609,0.1225942,1.604472,0.010413391532648237,0,0,0,S3_f_peak,S3_f_peak,S3_f_peak
740,4.881164066491422e-05,1.5793873314025604e-07,2.0,0.0009975408559075233,142.3311808419024,1.1433203210263502e-12,110.25386687527312,1.5e-13,1.1622825008836692,1,0,S3_f_peak,3.0456410000000003,3162278000.0,2.961066,-5.614562,-2.653496,-2.568921,-8.808024,0.0002542449,0.007993685,0.001024717,0.0002225177,0.7561669,1.392408,0.06678005,0.0004987704,0.3525983,1.745006,0.001795573540633542,0,0,0,S3_peaking,S3_f_peak,S3_f_peak
741,3.455083784225264e-05,4.6870819393706766e-07,4.0,0.0006061583626862417,116.46470631351119,7.858261067176079e-13,184.12733858407984,1.5e-13,1.2345356797978573,1,0,S3_peaking,0.2756469999999993,1737801000.0,0.17353599999999947,-6.172609,-5.999073,-5.896962,-11.7239,0.0004401277,0.003289683,0.0005924527,2.788293e-05,0.6993158,1.361196,0.1492911,0.0003030794,0.3829983,1.744195,0.001091085052835235,0,0,0,S3_peaking,S3_peaking,S3_peaking
742,2.1676447831912366e-05,3.1108111689916844e-07,1.0,0.003079345324128425,162.39813288944762,2.2238321635810934e-13,52.641812656335105,1.5e-13,1.1769193591550302,1,0,S3_f_peak,1.64269,8709636000.0,0.5216899999999995,-14.46935,-13.94766,-12.82666,-13.97976,0.0005088007,0.005627021,0.001126567,0.000137614,0.6403803,1.601669,0.2377102,0.001539673,0.1172727,1.718941,0.005542821583431165,0,0,0,S3_f_peak,S3_f_peak,S3_f_peak
743,5.032479559239244e-05,2.4723972839719424e-07,3.0,0.0006997954994201637,56.21437208476927,3.086056260556672e-13,158.02718067817275,1.5e-13,1.4890435384468796,1,0,S3_peaking,-1.0000000000065512e-05,10000000.0,-0.589375,-2.543081,-3.132456,-2.543091,-10.7199,0.0003106707,0.005704314,0.0008555585,0.0001272304,0.7589185,1.102528,0.09625598,0.0003498978,0.6421789,1.744707,0.0012596318989562946,0,0,0,S3_peaking,S3_peaking,S3_peaking
744,9.143186267975872e-05,4.226158911570811e-07,5.0,0.0025951310183520747,116.73171495880725,1.1350414022329866e-13,196.70780699935355,1.5e-13,1.1675245046630454,1,0,S3_peaking,-1.9999999999686935e-05,10000000.0,-1.0600346999999997,2.002699,0.9426643,2.002679,-6.882544,0.0002418132,0.01190108,0.002212756,0.0001379147,0.6702078,1.242466,0.1654477,0.001297566,0.302292,1.544758,0.004671235833033735,0,0,0,S3_peaking,S3_peaking,S3_peaking
745,3.632104847222727e-05,4.4251240883799824e-07,6.0,0.002306572330521313,582.4718441561034,4.690115954678836e-13,176.0544723294204,1.5e-13,1.2644813915449884,1,0,S3_f_peak,7.2580219999999995,3019952000.0,7.163574,-9.227236,-2.063662,-1.969214,-9.098728,0.0003526416,0.006322919,0.001179077,7.62568e-05,0.6861169,1.333507,0.2458217,0.001153286,0.2634514,1.596959,0.004151830194938363,0,0,0,S3_f_peak,S3_f_peak,S3_f_peak
746,6.268217408229889e-05,2.853984371995483e-07,4.0,0.005599623474321075,299.5899033272438,2.318062744636624e-12,421.9757883836484,1.5e-13,1.392848405346354,1,1,,5.0671061,1380384000.0,4.626847100000001,0.5522999,5.179147,5.619406,-4.900898,0.0001864374,0.0123989,0.002216606,0.003008919,0.708747,0.2728436,0.2146177,0.002799812,0.3457037,0.6185472,0.010079322253777936,0,1,1,saturation,,
747,3.656858240388459e-05,5.269647371124148e-07,4.0,0.0005727736296968503,970.2411638406081,1.2450205355135637e-13,153.9106634684736,1.5e-13,1.4138661879963648,1,0,S3_f_peak,4.35948,4786301000.0,3.6168499999999995,-15.29197,-11.67512,-10.93249,-12.6567,0.0007520736,0.003105468,0.0005313178,2.408345e-05,0.7231115,1.217979,0.1533603,0.0002863869,0.537943,1.755922,0.0010309925334543305,0,0,0,S3_f_peak,S3_f_peak,S3_f_peak
748,9.263276415480216e-05,6.257395419427528e-07,2.0,0.0010422593207246543,185.16866253023085,2.6848793141417275e-12,494.1733900089861,1.5e-13,1.169516381611452,1,0,S3_nyq_boost,2.519172,794328200.0,-0.2538960000000001,5.162996,4.9091,7.682168,-2.919815,0.000253652,0.006286008,0.001189628,3.789398e-05,0.6580496,1.180828,0.1423941,0.0005211301,0.3616428,1.542471,0.0018760667773043778,0,0,0,S3_nyq_boost,S3_f_peak,S3_nyq_boost
749,6.884992116779972e-05,3.38090705220466e-07,2.0,0.000895429425722927,65.1612635343703,4.3171569962897915e-13,417.9703339996239,1.5e-13,1.2142277465130231,1,0,S3_peaking,-8.200000000080365e-05,10000000.0,-3.286198,6.722076,3.435878,6.721994,-7.969966,0.000256353,0.006701919,0.00115364,7.98608e-05,0.6955366,1.203869,0.1075149,0.0004477148,0.408998,1.612868,0.0016117729663012686,0,0,0,S3_peaking,S3_peaking,S3_peaking
750,2.150300256070262e-05,2.2783209322456185e-07,4.0,0.00622507967343711,406.2488329516565,5.527906017572805e-12,380.6584793210088,1.5e-13,1.2536688686539896,1,0,S3_f_peak,7.698801,758577600.0,6.264437,-1.258024,5.006413,6.440777,-8.269044,0.0002296949,0.007625463,0.001688193,0.0007940132,0.6695164,0.6219096,0.2918177,0.00311254,-0.00672428,0.6151853,0.011205143412186798,0,0,0,S3_f_peak,S3_f_peak,S3_f_peak
751,3.07330496770043e-05,4.667274931970367e-07,2.0,0.00710422776697094,187.51572347766398,1.9173657227705003e-13,95.76461641774814,1.5e-13,1.2863565243649866,1,0,S3_peaking,0.9941009999999997,6025596000.0,0.4438449999999996,-8.527816,-8.083971,-7.533715,-10.07741,0.0003996784,0.007369478,0.001681505,0.0001852243,0.5927695,1.497097,0.3879879,0.003552114,-0.0372657,1.459832,0.012787609980547692,0,0,0,S3_peaking,S3_peaking,S3_peaking
752,6.293497414388458e-05,5.285875175160616e-07,7.0,0.0012350157832906746,210.89795419985896,3.1981452813719805e-13,79.30186554522626,1.5e-13,1.134061180349312,1,0,S3_f_peak,2.938725,19952620000.0,1.3921419999999998,-11.35331,-9.961168,-8.414585,-8.414442,0.0004385389,0.006010062,0.001131799,4.407417e-05,0.6736478,1.46787,0.1655507,0.0006175086,0.2831595,1.75103,0.0022230284099232145,0,0,0,S3_f_peak,S3_f_peak,S3_f_peak
753,9.060897732600823e-05,5.955776433586386e-07,2.0,0.00403681410092429,445.3309721558277,8.457804662229285e-13,246.34287503522762,1.5e-13,1.4162920370409182,1,1,,7.9253160000000005,2290868000.0,7.900855,-3.289887,4.610968,4.635429,-2.574983,0.0002397597,0.01122836,0.002081466,0.0001622264,0.6738783,0.8736404,0.2424738,0.002018408,0.4291394,1.30278,0.007266265381663722,1,1,1,,,
754,9.393180825933646e-05,1.670800067532692e-07,3.0,0.0029645093719287458,774.7598222159005,2.836121928816355e-12,116.49192020838807,1.5e-13,1.4005149534680061,1,0,S3_peaking,18.792518,2290868000.0,18.78727,-12.61234,6.17493,6.180178,-1.388996,0.0001536805,0.02064635,0.002577416,0.0005533139,0.7731263,1.105803,0.08487242,0.001482258,0.5215265,1.627329,0.005336116869471742,0,0,0,S3_peaking,S3_peaking,S3_peaking
755,5.586839024214192e-05,1.9626284407958275e-07,7.0,0.007028180552109754,581.6252568674176,3.5475225583027067e-12,102.51895220982553,1.5e-13,1.2942408666675582,1,0,S3_peaking,16.682342,2290868000.0,16.67872,-12.00555,4.67317,4.676792,-1.729532,0.0001618697,0.01926917,0.003328274,0.0007586734,0.7284772,1.161163,0.1922603,0.00351409,0.2785758,1.439739,0.012650724993797557,0,0,0,S3_peaking,S3_peaking,S3_peaking
756,5.618168216854291e-05,6.100375140006798e-07,5.0,0.0036567497091692424,672.4093707373016,2.1999894089267743e-12,99.56562265683931,1.5e-13,1.4062927700023962,1,1,,11.961751,2290868000.0,11.956281,-14.47654,-2.520259,-2.514789,-5.483687,0.0002792412,0.008135443,0.001525863,9.316111e-05,0.6742593,1.271826,0.294038,0.001828375,0.3461308,1.617957,0.006582149476504637,1,0,0,,S3_peaking,S3_peaking
757,4.130371544207893e-05,3.1336031269211794e-07,6.0,0.0027822844722339276,534.8319306373811,3.930589251768899e-13,495.7595656151782,1.5e-13,1.445024346634064,1,1,,3.6971475,1995262000.0,3.5536495000000006,0.8256865,4.379336,4.522834,-7.452795,0.000265532,0.008644505,0.001507202,0.0002387952,0.7406835,0.6760948,0.2104077,0.001391142,0.4342331,1.110328,0.00500811205002107,1,1,1,,,
758,6.478188706746073e-05,8.094979931529481e-07,7.0,0.0016606941162409334,73.66962526392845,7.193367173877286e-12,154.2347882142718,1.5e-13,1.30499080702588,1,0,S3_peaking,1.5888859999999998,1445440000.0,1.4803479999999998,-3.240979,-1.760631,-1.652093,-3.375159,0.0002884941,0.005588965,0.001058417,3.675745e-05,0.6718039,1.305094,0.2381014,0.0008303471,0.3668372,1.671931,0.00298924940923368,0,0,0,S3_peaking,S3_peaking,S3_peaking
759,2.026598846518175e-05,5.949187330034401e-07,3.0,0.004346710238526608,227.46483520542913,8.267094469562188e-13,310.4637192556069,1.5e-13,1.5209563285364123,1,0,S3_peaking,1.737091174,1584893000.0,1.3322647,-1.73302,-0.4007553,0.004071174,-11.15828,0.0003614963,0.004428497,0.0009507134,0.0001572334,0.6378634,1.023477,0.4888458,0.002173355,0.1017755,1.125252,0.007824078429347896,0,0,0,S3_peaking,S3_peaking,S3_peaking
760,5.952184746160617e-05,7.532835911026622e-07,2.0,0.002415821688797321,587.6126191659154,7.44189957756165e-13,661.7221271920511,1.5e-13,1.5450278209899981,1,0,S3_f_peak,4.15135,1096478000.0,2.199801,1.631699,3.8315,5.783049,-4.581175,0.0002954038,0.006022007,0.001104082,0.0002184515,0.6841249,0.4863087,0.2771032,0.001207912,0.51439,1.000699,0.004348479039835178,0,0,0,S3_f_peak,S3_f_peak,S3_f_peak
761,9.705426700380227e-05,5.698328082343856e-07,6.0,0.004442847596111727,830.1394888506231,6.231892982072928e-13,57.39229109373873,1.5e-13,1.2012654012170585,1,0,S3_f_peak,15.834933,19952620000.0,13.863302999999998,-20.07359,-6.210287,-4.238657,-4.238104,0.0003824487,0.01283208,0.002515968,0.0001180172,0.649441,1.424752,0.2387295,0.002221424,0.247754,1.672506,0.007997125673001109,0,0,0,S3_f_peak,S3_f_peak,S3_f_peak
762,6.991200432367726e-05,3.523768398432983e-07,5.0,0.001130469208148581,111.70182253021204,1.7350787017111146e-13,53.269953486587475,1.5e-13,1.4086734943219448,1,0,S3_f_peak,0.7512799999999995,19952620000.0,0.08421000000000056,-11.52566,-11.44145,-10.77438,-10.77418,0.0003988084,0.007449455,0.001235805,9.873509e-05,0.7300872,1.212672,0.1231541,0.0005652347,0.5572181,1.76989,0.002034844574667446,0,0,0,S3_f_peak,S3_f_peak,S3_f_peak
763,9.463631180853316e-05,1.520185586414413e-07,3.0,0.006609751105059406,107.64046143207347,1.418665948275164e-13,214.8431032114543,1.5e-13,1.1271809754916893,1,0,S3_peaking,-2.1000000000270802e-05,10000000.0,-1.1259750000000004,6.354724,5.228749,6.354703,-2.724046,0.0001579662,0.03222232,0.004235365,0.001371931,0.7431138,0.8699505,0.103098,0.003304876,0.2200197,1.08997,0.011897551989106931,0,0,0,S3_peaking,S3_peaking,S3_peaking
764,8.961635486376858e-05,5.740336343408926e-07,1.0,0.0030878389383329746,73.85874807077131,7.194823548460475e-12,326.4743387971135,1.5e-13,1.4645820462496588,1,0,S3_f_peak,2.1564769999999998,870963600.0,0.49507999999999974,7.019516,7.514596,9.175993,-2.22429,0.0001888335,0.01032301,0.001843466,0.0001451193,0.6881919,0.7856718,0.2139592,0.00154392,0.5102781,1.29595,0.0055581100889993545,0,0,0,S3_nyq_boost,S3_f_peak,S3_f_peak
765,6.538089398314825e-05,1.8541207609880515e-07,5.0,0.0025885346337758226,81.34120637495309,5.405450736370524e-12,143.6668869703475,1.5e-13,1.382552249385118,1,1,,3.905399,1819701000.0,3.790146,1.84323,5.633376,5.748629,-3.136135,0.0001571889,0.01548148,0.002177145,0.0004378582,0.7628882,1.127841,0.1125645,0.001294269,0.4862152,1.614056,0.004659362340796481,1,1,1,,,
766,5.2152552752353544e-05,3.9814656738522475e-07,7.0,0.0011406117038905421,108.35952248501769,1.1219511016566805e-13,470.9130733180875,1.5e-13,1.5501578215767673,1,0,S3_peaking,-0.00010099999999990672,10000000.0,-3.862633,5.945546,2.082913,5.945445,-10.12889,0.0002863874,0.005954514,0.000976961,7.360747e-05,0.7592385,0.895855,0.1538679,0.0005703059,0.6355805,1.531436,0.002053101067002976,0,0,0,S3_peaking,S3_peaking,S3_peaking
767,7.03372594678837e-05,2.0629099896420103e-07,2.0,0.0030571720807672886,358.01562100057026,1.0925152842341273e-13,292.76515897076104,1.5e-13,1.3240663834308346,1,0,S3_peaking,-2.2799999999989495e-05,10000000.0,-1.0009867,0.4344068,-0.5665799,0.434384,-6.313567,0.0002813421,0.01673614,0.002484716,0.0004664292,0.7331264,0.926038,0.1174478,0.001528586,0.4264452,1.352483,0.00550290974538112,0,0,0,S3_peaking,S3_peaking,S3_peaking
768,3.575036279438865e-05,2.6455930605484306e-07,6.0,0.0012549699258238602,144.1559609529756,2.1214691711086586e-13,357.4561492007394,1.5e-13,1.4285553011318728,1,0,S3_peaking,-4.6999999999908226e-05,10000000.0,-2.136927,3.151825,1.014898,3.151778,-10.34928,0.000295561,0.006363328,0.00108299,0.0001063535,0.7680039,1.076113,0.1499373,0.000627485,0.4995891,1.575702,0.0022589458664829484,0,0,0,S3_peaking,S3_peaking,S3_peaking
769,3.763079823833756e-05,6.62428224908123e-07,2.0,0.0005858989106793537,95.27436897041164,9.290533555283214e-12,353.2894973877055,1.5e-13,1.2861123593917283,1,0,S3_nyq_boost,0.9795225,524807500.0,-0.959446,-1.156477,-2.115923,-0.1769545,-8.967395,0.000390192,0.002900884,0.0005352607,1.774811e-05,0.6773435,1.269113,0.1696347,0.0002929495,0.4273903,1.696504,0.0010546180392228368,0,0,0,S3_nyq_boost,S3_nyq_boost,S3_nyq_boost
770,8.036339583520443e-05,1.8818560644481804e-07,7.0,0.0016374395012004096,128.7567505215412,8.342814637356137e-12,87.04298191184662,1.5e-13,1.3352595643142908,1,1,,5.3793254,1584893000.0,5.3050277,-5.202371,0.1026567,0.1769544,-5.470646,0.000186926,0.01241328,0.001784444,0.0003480172,0.7609818,1.23799,0.09121116,0.0008187198,0.490746,1.728736,0.0029473911021607375,1,1,1,,,
771,7.79260382398718e-05,7.198436341013446e-07,3.0,0.0018499124493700477,57.77873394573708,1.3580322934619847e-13,228.72515516911125,1.5e-13,1.3387828418751282,1,0,S3_peaking,-2.300000000010627e-05,10000000.0,-1.1618283,2.046589,0.8847607,2.046566,-5.436759,0.0002636844,0.006920183,0.001295402,5.126799e-05,0.6698986,1.161907,0.2104795,0.0009249562,0.4265322,1.588439,0.003329842408866086,0,0,0,S3_peaking,S3_peaking,S3_peaking
772,5.707282927847748e-05,4.89349949010812e-07,8.0,0.002038367050836782,329.1559351519716,5.011728808704917e-13,120.95273234887136,1.5e-13,1.4102922649457779,1,0,S3_f_peak,5.127063000000001,3981072000.0,4.675095000000001,-8.718709,-4.043614,-3.591646,-7.181275,0.0003380897,0.007461692,0.001292392,7.648438e-05,0.719185,1.2216,0.2061359,0.001019184,0.4551274,1.676727,0.003669060691506208,0,0,0,S3_f_peak,S3_f_peak,S3_f_peak
773,5.087820229082093e-05,2.350823991913506e-07,4.0,0.0028717077078519097,189.4594351146548,8.529960959441071e-13,202.28338012234528,1.5e-13,1.4716226261116956,1,0,S3_f_peak,4.0355642,2884032000.0,3.9701552,0.0912658,4.061421,4.12683,-4.877694,0.0002068419,0.01224736,0.00191994,0.0003685966,0.7492199,0.9875168,0.1551218,0.001435854,0.5220338,1.509551,0.005169073874133437,0,0,0,S3_f_peak,S3_f_peak,S3_f_peak
774,7.023648751807362e-05,5.060564914462474e-07,3.0,0.000596734944109908,701.3246376206445,2.9052560870065684e-12,53.82289878903827,1.5e-13,1.2663289061847371,1,0,S3_f_peak,12.769364,19952620000.0,8.98307,-21.55127,-12.5682,-8.781906,-8.7768,0.0004799887,0.004384877,0.0007736487,3.166688e-05,0.693125,1.317625,0.1150901,0.0002983675,0.4663152,1.783941,0.0010741228993978345,0,0,0,S3_f_peak,S3_f_peak,S3_f_peak
775,9.192492201150906e-05,4.386932092020598e-07,3.0,0.00252401694377429,53.765170576561864,1.7722375884177116e-12,497.40227954081985,1.5e-13,1.4720407002578573,1,0,S3_peaking,-6.999999999912632e-05,10000000.0,-3.084308,11.66129,8.576982,11.66122,-3.35524,0.0001880276,0.01124604,0.001895587,0.0002054119,0.7137039,0.6149793,0.1702823,0.001262009,0.5572949,1.172274,0.004543230498793722,0,0,0,S3_peaking,S3_peaking,S3_peaking
776,6.743540317885407e-05,1.52902036097855e-07,3.0,0.0022682484098332126,388.6113682600111,1.845683987631415e-13,61.441808598555355,1.5e-13,1.5160903481711043,1,0,S3_f_peak,7.802255,11481540000.0,2.94055,-13.41047,-10.46992,-5.608215,-6.663629,0.0003874219,0.0157367,0.001658588,0.0005783885,0.7960518,1.091978,0.07989795,0.001134133,0.6383391,1.730317,0.004082847137699783,0,0,0,S3_f_peak,S3_f_peak,S3_f_peak
777,3.425335368584483e-05,4.500925428270952e-07,1.0,0.005511347034937669,870.5060234724389,1.477207059642092e-12,68.34212170867336,1.5e-13,1.3356731990432797,1,0,S3_f_peak,13.271058,3162278000.0,13.244575,-19.85699,-6.612415,-6.585932,-9.33335,0.000361101,0.00735343,0.001529995,0.0001511224,0.6265852,1.475603,0.3204591,0.002755674,0.1360664,1.611669,0.009920424662887804,0,0,0,S3_f_peak,S3_f_peak,S3_f_peak
778,9.633102905942084e-05,3.6862665804757513e-07,2.0,0.0018713368543403339,244.2944602896613,6.508825603876498e-12,318.8768641180463,1.5e-13,1.3609352310720402,1,0,S3_f_peak,7.392302,794328200.0,5.574563,2.629898,8.204461,10.0222,-3.598115,0.0001815463,0.01135948,0.001899367,0.0001282942,0.7086312,0.9970351,0.1313161,0.0009356688,0.5046019,1.501637,0.003368406337812601,0,0,0,S3_f_peak,S3_f_peak,S3_f_peak
779,5.129766715176987e-05,9.527793147327894e-07,3.0,0.0014152741456719409,450.68057668845034,2.52697261675234e-13,537.4957450496863,1.5e-13,1.3307438531250353,1,0,S3_peaking,-2.9999999999752447e-06,10000000.0,-1.5689692,0.3156442,-1.253325,0.3156412,-5.954896,0.0004294928,0.004117302,0.0008032478,3.310853e-05,0.6532997,1.052042,0.2654464,0.0007076371,0.3676057,1.419648,0.002547493462209494,0,0,0,S3_peaking,S3_nyq_boost,S3_peaking
780,9.950024397809782e-05,1.7028051235401193e-07,2.0,0.002705680451741163,995.7140700709188,2.0171541772860894e-12,52.99877102374015,1.5e-13,1.2501677813492573,1,0,S3_peaking,20.9898914,3981072000.0,20.7884154,-21.47287,-0.6844546,-0.4829786,-3.486642,0.0002197869,0.01975745,0.002668504,0.0004368941,0.7521741,1.330453,0.07761437,0.001352842,0.3978464,1.7283,0.004870224813134093,0,0,0,S3_peaking,S3_peaking,S3_peaking
781,2.347374668208052e-05,5.11241604525819e-07,4.0,0.0010458493625431606,133.18052027076084,2.330298887769985e-13,374.77741470247526,1.5e-13,1.4370053475407127,1,0,S3_peaking,-5.379999999999274e-05,10000000.0,-2.4064752,-0.3177198,-2.724195,-0.3177736,-13.24419,0.000406787,0.003268226,0.0005677682,3.40976e-05,0.7176438,1.162619,0.2345658,0.0005229247,0.4414002,1.60402,0.001882528852577689,0,0,0,S3_peaking,S3_peaking,S3_peaking
782,3.7879775294969345e-05,3.232633513016435e-07,5.0,0.0019686715939706448,403.5244999983008,1.0086171113543106e-13,175.00976538565928,1.5e-13,1.298876665670819,1,0,S3_peaking,0.413748,3981072000.0,0.308249,-6.763135,-6.454886,-6.349387,-10.77974,0.0004228688,0.007285605,0.001321217,0.0001092269,0.71525,1.274122,0.188103,0.0009843358,0.3536097,1.627732,0.0035436088691471607,0,0,0,S3_peaking,S3_peaking,S3_peaking
783,7.865801274807921e-05,2.4223969836312106e-07,8.0,0.002086543328625158,802.1941123894637,1.2912735570896782e-12,217.04164709388738,1.5e-13,1.4857635169940917,1,0,S3_peaking,14.445658,2089296000.0,14.365634,-8.15105,6.214584,6.294608,-4.262948,0.0002081762,0.01299864,0.002035094,0.0002930167,0.7701829,0.9862437,0.1249406,0.001043272,0.5873229,1.573567,0.0037557779915252847,0,0,0,S3_peaking,S3_peaking,S3_peaking
784,5.927717162729301e-05,4.7466379314528514e-07,8.0,0.00624946341022461,309.1388169684536,7.467875010616667e-12,105.25732346928858,1.5e-13,1.5323835607151375,1,1,,9.662,1380384000.0,9.531049,-8.235312,1.295737,1.426688,-4.218654,0.0001954549,0.01182367,0.002094813,0.0002343562,0.7055305,1.085009,0.313211,0.003124732,0.3860901,1.471099,0.011249034138404298,1,1,1,,,
785,5.835491992172348e-05,5.897343642099146e-07,6.0,0.0013579629416405404,209.95821146417353,1.8004027530920795e-12,492.99264451205175,1.5e-13,1.236000878022941,1,0,S3_nyq_boost,2.2695240000000005,912010800.0,-0.03477999999999959,4.171396,4.136616,6.44092,-5.927241,0.0002724166,0.005694721,0.001060568,4.617352e-05,0.6794291,1.119832,0.190671,0.0006789815,0.3454349,1.465267,0.0024443332949529726,0,0,0,S3_nyq_boost,S3_f_peak,S3_f_peak
786,5.710675744963031e-05,1.5971524190344563e-07,2.0,0.0009638584973342082,162.9894161069683,1.2596651964011105e-12,765.1829993407207,1.5e-13,1.2991078174118487,1,0,S3_nyq_boost,0.2823480000000007,691831000.0,-2.611216999999999,9.989142,7.377925,10.27149,-7.938016,0.0001960006,0.008102363,0.0009994947,0.0002613075,0.771375,0.9623531,0.06785655,0.0004819293,0.4688827,1.431236,0.0017349452952015747,0,0,0,S3_nyq_boost,S3_nyq_boost,S3_nyq_boost
787,9.93475229757995e-05,3.375985737376768e-07,2.0,0.0007859498654734255,70.89972644497729,1.0032898766746159e-13,482.5500347594397,1.5e-13,1.1603769605739134,1,0,S3_peaking,-0.00012699999999910005,10000000.0,-4.443002,8.016433,3.573431,8.016306,-7.964278,0.000246889,0.006900456,0.001196634,6.961031e-05,0.691212,1.221705,0.08983236,0.0003929792,0.3886636,1.610368,0.0014147097578521661,0,0,0,S3_peaking,S3_peaking,S3_peaking
788,7.765855913156648e-05,3.909133709619074e-07,2.0,0.0025787647783796553,86.75314088992809,1.2181408523921748e-12,111.48365179226556,1.5e-13,1.5132769986857362,1,0,S3_peaking,2.0193180600000002,3467369000.0,1.8601200000000002,-2.052884,-0.192764,-0.03356594,-4.78841,0.0002213464,0.01127213,0.001850039,0.0001453212,0.7214358,1.067891,0.1664699,0.001289383,0.5883642,1.656255,0.0046417766010833795,0,0,0,S3_peaking,S3_f_peak,S3_peaking
789,8.743808520771108e-05,3.0048983444549935e-07,5.0,0.004025677308305371,62.86709996703763,7.975316071054181e-13,132.01734080051435,1.5e-13,1.5298412631853155,1,0,S3_peaking,0.5244880000000003,3311311000.0,0.45404500000000025,2.415688,2.869733,2.940176,-2.909939,0.0001774042,0.01671683,0.002669395,0.0003775702,0.7395676,0.9518544,0.1642737,0.002012844,0.582416,1.53427,0.007246219154949668,0,0,0,S3_peaking,S3_peaking,S3_peaking
790,7.722654173088438e-05,4.107940484351135e-07,3.0,0.006018917348809175,214.9095689065247,1.7267799923907508e-13,121.57447174000563,1.5e-13,1.1613250047504897,1,0,S3_peaking,0.9640770000000001,5754399000.0,0.4591219999999998,-4.394787,-3.935665,-3.43071,-5.93993,0.0002918623,0.014509,0.002887508,0.000245511,0.6410637,1.259734,0.2340374,0.003009459,0.1743922,1.434126,0.010834051227856514,0,0,0,S3_peaking,S3_peaking,S3_peaking
791,3.062883001578632e-05,2.231363813416988e-07,7.0,0.0017586738891720566,295.34203428455373,6.060112640669535e-12,110.86300422345846,1.5e-13,1.4249024249114068,1,1,,6.990762,1318257000.0,6.830546999999999,-9.019672,-2.189125,-2.02891,-9.051499,0.0002627439,0.007465526,0.001253031,0.0001955724,0.766431,1.237694,0.1634029,0.000879337,0.4648201,1.702514,0.003165613000509702,0,1,1,S3_f_peak,,
792,9.075903612180603e-05,3.385957658493992e-07,5.0,0.001798521280942001,55.40105587654002,1.5742581358363894e-13,356.3132802159158,1.5e-13,1.4076157684667467,1,0,S3_peaking,-6.49999999993156e-05,10000000.0,-2.86114,8.845753,5.984613,8.845688,-6.302679,0.0002019109,0.01107504,0.00182632,0.0001767401,0.7264236,0.9365032,0.1296872,0.0008992618,0.5430783,1.479581,0.003237338305695602,0,0,0,S3_peaking,S3_peaking,S3_peaking
793,3.1343993387522355e-05,6.066768031953597e-07,5.0,0.0008211896711326099,215.79699494172823,1.6574498632375986e-12,165.5056864248325,1.5e-13,1.2435238203211536,1,0,S3_peaking,2.2667,1659587000.0,2.1311100000000005,-8.600702,-6.469592,-6.334002,-10.78512,0.0004495157,0.00316695,0.0005873629,2.114888e-05,0.6869435,1.402719,0.2053172,0.0004105948,0.3293246,1.732044,0.001478141408038698,0,0,0,S3_peaking,S3_peaking,S3_peaking
794,8.436280141895457e-05,2.504995257245488e-07,7.0,0.0045349838700475004,84.1122458306198,6.197939033287702e-12,68.87110117784147,1.5e-13,1.13194562256495,1,0,S3_f_peak,5.457677,2630268000.0,5.456199,-3.531281,1.924918,1.926396,-2.343302,0.0001548761,0.0195562,0.003592925,0.0004404481,0.6905438,1.40573,0.1566326,0.002267492,0.238103,1.643833,0.008162970966085502,1,0,0,,S3_f_peak,S3_f_peak
795,3.6536319169983876e-05,4.98257037623326e-07,8.0,0.0009999234161836483,157.7634148257627,1.1870716732183e-13,60.196516221192994,1.5e-13,1.3454283504077,1,0,S3_f_peak,1.057030000000001,19952620000.0,0.06817000000000029,-14.95208,-14.88391,-13.89505,-13.8937,0.0005974851,0.004119504,0.0007248897,3.363381e-05,0.7169133,1.349017,0.1914557,0.0004999617,0.4208867,1.769904,0.001799862149130567,0,0,0,S3_f_peak,S3_f_peak,S3_f_peak
796,4.678492726682756e-05,5.090920414493402e-07,5.0,0.00160715744633036,103.81301698206899,2.6960605693786913e-13,69.5802096116733,1.5e-13,1.3626805407994442,1,0,S3_peaking,0.47553599999999996,8709636000.0,0.14141000000000048,-10.44975,-10.30834,-9.974214,-10.22008,0.0004105655,0.005901699,0.0010456,5.727792e-05,0.7020452,1.320916,0.20443,0.0008035787,0.4231704,1.744087,0.002892883403394648,0,0,0,S3_f_peak,S3_peaking,S3_peaking
797,7.385598520904327e-05,2.433585171585648e-07,2.0,0.0007355216943058007,296.31729363383346,1.8058502885085494e-12,211.72026618659984,1.5e-13,1.4591615519434313,1,1,,5.336784,1513561000.0,4.947868,-3.764164,1.183704,1.57262,-8.313718,0.0002573512,0.006680659,0.0009776911,0.0001306797,0.7515806,1.086376,0.08158707,0.0003677609,0.6357614,1.722137,0.0013239390497504413,1,1,1,,,
798,4.224326620566836e-05,2.496110444833125e-07,1.0,0.005656828265723654,577.7375388367453,5.710815445806703e-12,292.8389469083709,1.5e-13,1.2354316306038808,1,0,S3_f_peak,12.435839,870963600.0,11.32007,-3.885318,7.434752,8.550521,-5.079266,0.000181806,0.01130139,0.002073685,0.0005394424,0.6745283,0.7847228,0.1948062,0.002828414,0.1870074,0.9717302,0.010182290878302578,0,0,0,S3_f_peak,S3_f_peak,S3_f_peak
799,4.15047740765133e-05,4.6270800811652295e-07,7.0,0.006617693213071178,51.856268326463514,2.085390715390639e-13,83.18848066150166,1.5e-13,1.4246927632025992,1,0,S3_peaking,-2.9999999995311555e-06,10000000.0,-0.1468910000000001,-4.273468,-4.420359,-4.273471,-8.204641,0.000264224,0.009703257,0.001867966,0.0001853136,0.6705903,1.329779,0.3654048,0.003308847,0.1949628,1.524742,0.01191184778352812,0,0,0,S3_peaking,S3_peaking,S3_peaking
800,7.953352409818518e-05,3.59685469901526e-07,6.0,0.0013709058404168905,241.79234346699263,2.7949413750929303e-13,133.4909065982263,1.5e-13,1.2358710939174133,1,0,S3_f_peak,2.061927,4570882000.0,1.4889999999999999,-5.808972,-4.319972,-3.747045,-7.274215,0.0003303893,0.008690249,0.001536892,0.0001094191,0.7017118,1.303431,0.1268242,0.000685453,0.4050668,1.708497,0.002467630512750403,0,0,0,S3_peaking,S3_f_peak,S3_f_peak
801,6.128187006829748e-05,5.808031120172042e-07,2.0,0.0010628068357671587,237.23855944520218,2.4841026546424294e-12,59.37351027698627,1.5e-13,1.2076889126986852,1,0,S3_f_peak,6.944566,19952620000.0,4.685829999999999,-14.83123,-10.1454,-7.886664,-7.883454,0.0004014509,0.00539136,0.001009578,3.451544e-05,0.6647569,1.404802,0.1620058,0.0005314034,0.363646,1.768448,0.0019130523043808857,0,0,0,S3_f_peak,S3_f_peak,S3_f_peak
802,6.903755352415854e-05,2.517649901964475e-07,7.0,0.000753710467546939,100.52975880247449,7.202276901835348e-13,197.5529668369795,1.5e-13,1.3566652465951894,1,0,S3_peaking,0.19299480000000002,1737801000.0,0.08466230000000008,-0.9356383,-0.850976,-0.7426435,-8.902849,0.0002863267,0.006367179,0.001042861,0.0001148062,0.7567889,1.195728,0.09321773,0.0003768553,0.5298225,1.725551,0.0013566788415844903,0,0,0,S3_nyq_boost,S3_peaking,S3_peaking
803,9.107108280307636e-05,4.4116000597654056e-07,7.0,0.0015728033106302496,216.8585021255079,3.0275760729442228e-12,669.3076652258173,1.5e-13,1.4876146508436126,1,0,S3_nyq_boost,3.7128949999999996,724436000.0,-0.28284600000000104,8.529125,8.246279,12.24202,-4.141105,0.0002074442,0.008843117,0.001467732,0.0001273731,0.7332556,0.6697079,0.1462109,0.0007864017,0.6039475,1.273655,0.0028310459591344493,0,0,0,S3_nyq_boost,S3_f_peak,S3_nyq_boost
804,3.932599186282498e-05,6.280281459829971e-07,3.0,0.0005043985814329416,56.60315039382891,2.1415292900898155e-13,50.149147545969115,1.5e-13,1.3602963294986659,1,0,S3_f_peak,4.777659999999999,19952620000.0,0.2886500000000005,-17.83692,-17.54827,-13.05926,-13.05308,0.000720113,0.002799924,0.0004963816,1.669784e-05,0.7008048,1.28252,0.154181,0.0002521993,0.5048323,1.787352,0.0009079174465792949,0,0,0,S3_f_peak,S3_f_peak,S3_f_peak
805,4.748893629086307e-05,3.235276947498675e-07,4.0,0.0005394026070144975,171.30795588972978,1.5899582519409512e-13,187.34117954007442,1.5e-13,1.5567908098196763,1,0,S3_peaking,-1.100000000064938e-05,10000000.0,-0.6366399999999999,-5.254891,-5.891531,-5.254902,-12.16994,0.0004199669,0.004167243,0.0006526174,6.153714e-05,0.7644527,1.04564,0.1057672,0.0002697014,0.7038342,1.749474,0.0009709246926260955,0,0,0,S3_peaking,S3_peaking,S3_peaking
806,4.9961244478359735e-05,1.9413692516206396e-07,7.0,0.0008538918124004297,430.7187166910615,9.104465477468095e-13,680.4812381989661,1.5e-13,1.3992399884114266,1,0,S3_f_peak,3.622852,1096478000.0,1.438758,3.99083,5.429588,7.613682,-9.458781,0.0002519418,0.006456997,0.0009713442,0.0001959192,0.7847923,0.9670754,0.09721826,0.0004269462,0.5423959,1.509471,0.0015370052623207733,0,0,0,S3_f_peak,S3_f_peak,S3_f_peak
807,4.7271101283211095e-05,1.801004513352015e-07,6.0,0.00057528386355911,75.80617192992108,9.420414700224616e-13,176.4178391272567,1.5e-13,1.318533695455947,1,0,S3_nyq_boost,0.09128399999999992,1445440000.0,-0.055239999999999956,-3.287461,-3.342701,-3.196177,-11.88874,0.0003205209,0.004782486,0.0006813545,0.0001156488,0.7856406,1.254357,0.07741361,0.000287648,0.4948978,1.749255,0.001035510954406398,0,0,0,S3_nyq_boost,S3_peaking,S3_nyq_boost
808,7.614915109026082e-05,6.453116854149824e-07,2.0,0.0005305074593716619,163.0637678629745,1.6043847391235062e-13,114.79685096508769,1.5e-13,1.5560236901055995,1,0,S3_f_peak,2.132911000000001,19952620000.0,0.2672220000000003,-9.85725,-9.590028,-7.724339,-7.723081,0.0004875479,0.003832789,0.0006357148,2.226605e-05,0.725212,1.051113,0.122715,0.0002652538,0.7184362,1.76955,0.0009549134268689914,0,0,0,S3_f_peak,S3_f_peak,S3_f_peak
809,2.9900903600575665e-05,3.165266411220645e-07,8.0,0.002282779047258444,700.2126310545589,1.465667624138046e-13,561.6103793800157,1.5e-13,1.3729007543133382,1,0,S3_nyq_boost,0.08457490000000001,1148154000.0,-0.27083650000000004,-0.4227151,-0.6935516,-0.3381402,-10.5026,0.0003667243,0.00647521,0.001183407,0.0001497962,0.7280908,0.8130549,0.2281908,0.00114139,0.3459289,1.158984,0.004109002285065199,0,0,0,S3_nyq_boost,S3_nyq_boost,S3_nyq_boost
810,2.2519713160048596e-05,4.593596342070204e-07,6.0,0.0054032075678066335,505.8074532596193,6.632506118882153e-13,235.2997423030774,1.5e-13,1.3304703563230613,1,1,,6.550951,2290868000.0,6.5228412,-6.405642,0.1171992,0.145309,-9.927799,0.000332013,0.005907884,0.001319244,0.0001608029,0.6233717,1.192731,0.4402445,0.002701604,-0.0284174,1.164313,0.009725773622051941,1,1,1,,,
811,4.45572207779082e-05,4.302305134172623e-07,1.0,0.0005092515080514729,161.9964011966707,1.932438178806852e-12,459.46883434057247,1.5e-13,1.2634706057628617,1,0,S3_nyq_boost,0.9799260000000003,794328200.0,-1.3859343,1.760236,0.3743017,2.740162,-10.22583,0.0003450356,0.003627839,0.0006326608,2.961231e-05,0.6921702,1.230232,0.1171181,0.0002546258,0.4527747,1.683007,0.0009166527144926512,0,0,0,S3_nyq_boost,S3_nyq_boost,S3_nyq_boost
812,2.801393358082692e-05,4.900855584319433e-07,4.0,0.002242763784308592,429.7371414758752,2.0975302727109097e-12,73.20452638446449,1.5e-13,1.2280836941481952,1,1,,6.956869000000001,2398833000.0,6.956749,-15.88493,-8.928181,-8.928061,-11.4924,0.0004011093,0.005091571,0.0009740734,6.056833e-05,0.6648712,1.533886,0.282214,0.001121382,0.1840233,1.717909,0.004036974811755466,1,0,0,,S3_f_peak,S3_f_peak
813,2.7788800396034253e-05,1.5953444490179887e-07,3.0,0.0013636274020072886,53.56712873613329,1.9539235523186674e-13,90.85596122698658,1.5e-13,1.1581243789752758,1,0,S3_peaking,-2.9999999995311555e-06,10000000.0,-0.1808689999999995,-5.544482,-5.725351,-5.544485,-10.78223,0.0002985334,0.007294073,0.0009655317,0.0002847468,0.758043,1.429625,0.1033945,0.0006818147,0.3084261,1.738051,0.00245452932361312,0,0,0,S3_peaking,S3_peaking,S3_peaking
814,4.074709310334091e-05,2.214523101595608e-07,2.0,0.0040009756675078055,394.20936993774785,8.754875400402854e-13,75.65742639456535,1.5e-13,1.4813037014871457,1,0,S3_f_peak,10.190923999999999,4570882000.0,9.553944999999999,-12.52919,-2.975245,-2.338266,-6.222762,0.0002644082,0.01205079,0.001850697,0.0004311692,0.7330584,1.168139,0.1683081,0.002000488,0.4805094,1.648648,0.00720175620151405,0,0,0,S3_f_peak,S3_f_peak,S3_f_peak
815,2.683816407167037e-05,2.533748067843818e-07,6.0,0.0005906280474397069,58.97324286656927,3.6889133210608414e-13,512.2236002349568,1.5e-13,1.5891262129284929,1,0,S3_peaking,-0.00010500000000046583,10000000.0,-3.9866202,4.362178,0.3755578,4.362073,-13.6798,0.0003423873,0.003748737,0.0005941611,6.280382e-05,0.8068234,0.9827791,0.126603,0.000295314,0.6659541,1.648733,0.0010631304853914725,0,0,0,S3_peaking,S3_peaking,S3_peaking
816,2.4953116132639112e-05,3.093384002604187e-07,7.0,0.0018139031799019668,270.3699397529213,3.054331590876057e-13,64.32635980548338,1.5e-13,1.2091073929566458,1,0,S3_f_peak,3.7172099999999997,6606934000.0,2.3328500000000005,-14.60769,-12.27484,-10.89048,-13.00019,0.0004989857,0.005510366,0.00106807,7.970192e-05,0.7001493,1.515537,0.2174726,0.0009069516,0.2261213,1.741658,0.00326502572382354,0,0,0,S3_f_peak,S3_f_peak,S3_f_peak
817,4.848707137824788e-05,3.1605136071528013e-07,1.0,0.0037204489516918025,55.58399459537365,3.165774381382856e-12,140.20530739457044,1.5e-13,1.586389663322672,1,0,S3_peaking,1.5184508,2187762000.0,1.4918978,0.4315722,1.92347,1.950023,-5.888122,0.0002040951,0.010281,0.001659138,0.0002365522,0.7268296,0.9741315,0.19386,0.001860224,0.5650551,1.539187,0.0066968081130452444,0,0,0,S3_peaking,S3_peaking,S3_peaking
818,6.381478437522884e-05,5.342880697802311e-07,8.0,0.0005819648800131069,285.55432495922497,4.914299694903441e-12,290.3666498955588,1.5e-13,1.2127638508009866,1,0,S3_f_peak,3.8969983,691831000.0,2.5358339,-3.377628,-0.8417941,0.5193703,-6.908086,0.0003315227,0.003891555,0.0007020951,2.591355e-05,0.7011422,1.313361,0.1245753,0.0002909825,0.4021467,1.715508,0.0010475367840235925,0,0,0,S3_f_peak,S3_f_peak,S3_f_peak
819,7.222898275402861e-05,9.809069972184507e-07,5.0,0.003175816665369187,61.96556527388126,1.1028003008262744e-13,143.04142782542374,1.5e-13,1.137667568801817,1,0,S3_peaking,-2.9999999999752447e-06,10000000.0,-0.16443699999999994,-2.155329,-2.319766,-2.155332,-4.913902,0.0002856918,0.006930189,0.0015084,5.186295e-05,0.6013941,1.445449,0.3244644,0.001587908,0.1274131,1.572863,0.005716469997664537,0,0,0,S3_peaking,S3_peaking,S3_peaking
820,5.421986483901849e-05,1.6075801357405314e-07,5.0,0.0023226929870221696,140.82299655897162,2.4565454999891755e-12,675.9113241620901,1.5e-13,1.1046768531143454,1,0,S3_peaking,2.097109999999999,1000000000.0,0.04312000000000005,10.96291,11.00603,13.06002,-4.193974,0.0001621018,0.01301638,0.00190118,0.0005893385,0.7495644,0.7690423,0.1068649,0.001161348,0.2459904,1.015033,0.004180847376639906,0,0,0,S3_nyq_boost,S3_peaking,S3_nyq_boost
821,5.4111286186365185e-05,8.173227633490546e-07,1.0,0.0031591282796442845,980.4953999545064,3.122507394515865e-13,59.55742356398999,1.5e-13,1.2760041538919242,1,0,S3_f_peak,14.47777,19952620000.0,9.588789999999998,-22.0937,-12.50491,-7.61593,-7.611463,0.0006417346,0.006264764,0.001315386,5.754546e-05,0.6169918,1.482191,0.3213961,0.001579564,0.2237333,1.705925,0.005686430903359712,0,0,0,S3_f_peak,S3_f_peak,S3_f_peak
822,6.411715681951359e-05,8.973608584032012e-07,6.0,0.005491327756134308,114.88432870905595,6.363806072884682e-12,99.01669068264592,1.5e-13,1.5672092671891908,1,0,S3_f_peak,3.6698299999999997,2630268000.0,3.6695029999999997,-5.706891,-2.037388,-2.037061,-2.413315,0.0002494621,0.008312898,0.001616457,0.0001117301,0.6593041,1.184724,0.4243496,0.002745664,0.3434091,1.528133,0.009884389961041753,0,1,1,S3_f_peak,,
823,8.838246205541935e-05,8.092683147883475e-07,6.0,0.005461215003150816,227.3023048691371,4.748586792772089e-12,60.84084830056681,1.5e-13,1.1192804031160435,1,0,S3_f_peak,9.808242,19952620000.0,7.695834,-11.67511,-3.979276,-1.866868,-1.863688,0.0002404354,0.01074001,0.00236694,9.217089e-05,0.5964703,1.555972,0.3325922,0.002730608,0.07789301,1.633865,0.00983018700567147,0,0,0,S3_f_peak,S3_f_peak,S3_f_peak
824,2.001872837240995e-05,4.468837149314636e-07,6.0,0.0041941352867684075,922.2889601815272,2.2594766423879878e-13,341.7583776495264,1.5e-13,1.1390201511371723,1,0,S3_f_peak,5.678483,2630268000.0,5.662012,-7.197608,-1.535596,-1.519125,-11.49307,0.0004241603,0.005147964,0.001211026,0.0001207366,0.5969462,1.215572,0.4085934,0.002097068,-0.132263,1.08331,0.007549443516183134,1,0,0,,S3_f_peak,S3_f_peak
825,8.824072494531692e-05,8.964519185869268e-07,4.0,0.0022975795597341545,68.83431082541806,5.212740943854132e-13,439.88486948126126,1.5e-13,1.4192503160454168,1,0,S3_peaking,-9.499999999995623e-05,10000000.0,-3.3956870000000006,7.450496,4.054809,7.450401,-1.827639,0.0002511749,0.007097881,0.001335456,7.150678e-05,0.6702087,0.8371574,0.2511783,0.00114879,0.4575074,1.294665,0.004135643207521478,0,0,0,S3_peaking,S3_peaking,S3_peaking
826,3.281313638222384e-05,7.870836179501161e-07,3.0,0.0006567811547351432,627.759638590238,1.304546693488165e-13,506.57879500027155,1.5e-13,1.2000063741912956,1,0,S3_peaking,-4.599999999976845e-05,10000000.0,-2.034035,-3.612226,-5.646261,-3.612272,-11.04302,0.0005850515,0.0025784,0.0005022875,1.554735e-05,0.6571633,1.320836,0.2089301,0.0003283906,0.3128074,1.633644,0.0011822060785232577,0,0,0,S3_peaking,S3_peaking,S3_peaking
827,2.022775936234963e-05,5.821649528722859e-07,2.0,0.0027503693516109126,567.1835180397993,9.710183934677886e-12,73.81391002518345,1.5e-13,1.1535666473218367,1,0,S3_f_peak,7.446929999999998,1047129000.0,7.388519999999998,-18.2856,-10.89708,-10.83867,-13.15989,0.0004676308,0.003929411,0.0008786186,5.05796e-05,0.5957269,1.722891,0.3770398,0.001375185,-0.0244031,1.698488,0.004950664832899643,0,0,0,S3_f_peak,S3_f_peak,S3_f_peak
828,9.922772990081766e-05,1.676174956101693e-07,3.0,0.003363338456870982,98.26953086270044,4.578201000855083e-12,91.83654605305159,1.5e-13,1.150709127102585,1,0,S3_f_peak,6.311436,2630268000.0,6.309302,-1.013349,5.295953,5.298087,-0.8937466,0.0001295552,0.02282659,0.003178493,0.0005525706,0.7406912,1.344741,0.08383976,0.001681669,0.3008173,1.645558,0.006054009222367767,1,0,0,,S3_f_peak,S3_f_peak
829,6.924411256164055e-05,5.911508350275343e-07,7.0,0.0022507916399794278,401.36884341080986,4.0027043616695585e-13,118.93789556131932,1.5e-13,1.3414185090430513,1,0,S3_f_peak,5.828612000000001,4786301000.0,5.045301,-9.798239,-4.752938,-3.969627,-5.839131,0.0003666855,0.007840065,0.001427944,6.600822e-05,0.689466,1.267458,0.2185279,0.001125396,0.3986894,1.666148,0.00405142495196297,0,0,0,S3_f_peak,S3_f_peak,S3_f_peak
830,5.561394450524264e-05,4.97029109227124e-07,6.0,0.0062686436578828,831.3140648501819,9.320217069447484e-13,118.8106729294721,1.5e-13,1.456680796431034,1,0,S3_f_peak,14.2805422,3162278000.0,14.162856099999999,-13.99813,0.1647261,0.2824122,-4.982186,0.0002780734,0.0109164,0.002028126,0.000221742,0.6796248,1.125412,0.324954,0.003134322,0.3021967,1.427609,0.01128355858418904,0,0,0,S3_f_peak,S3_f_peak,S3_f_peak
831,9.552457568521158e-05,3.36889006068794e-07,7.0,0.0005028778836552935,228.3447656710566,1.1252842675848799e-13,447.6420161857167,1.5e-13,1.2411924573420616,1,0,S3_peaking,-0.00010400000000032605,10000000.0,-3.7418690000000003,2.066323,-1.675546,2.066219,-9.480573,0.0003583474,0.004727507,0.0008150766,6.296533e-05,0.7175545,1.212805,0.08167635,0.0002514411,0.4746396,1.687445,0.0009051801905795283,0,0,0,S3_peaking,S3_peaking,S3_peaking
832,6.544476896296708e-05,2.421616606176216e-07,3.0,0.001001449044647842,69.09028690892235,5.765810881084972e-12,153.60646455138348,1.5e-13,1.4309319395310525,1,0,S3_peaking,1.8864389,1380384000.0,1.6135935,-0.8120569,0.8015366,1.074382,-7.558553,0.0002309748,0.008023441,0.001207939,0.000182483,0.7463816,1.132936,0.0958773,0.0005007245,0.5901498,1.723085,0.0018026082803661158,0,0,0,S3_peaking,S3_peaking,S3_peaking
833,7.927201727593927e-05,3.0989396612077733e-07,3.0,0.0054282970225193634,800.7291588056304,1.6752890406410894e-13,133.30417957894105,1.5e-13,1.5877980165640098,1,0,S3_f_peak,9.468737,7585776000.0,6.033472,-12.13823,-6.104758,-2.669493,-5.397426,0.0004154264,0.01659636,0.00265758,0.0004502363,0.7338822,0.8556779,0.1892298,0.002714149,0.5825148,1.438193,0.009770934640534855,0,0,0,S3_f_peak,S3_f_peak,S3_f_peak
834,8.486010915076155e-05,2.3612225576248596e-07,3.0,0.0033720754437532815,213.52383293864742,6.399480890538188e-12,171.78867296376572,1.5e-13,1.5558563472668077,1,1,,9.1055369,1380384000.0,8.7447229,-0.6895209,8.055202,8.416016,-1.863279,0.0001443229,0.01782218,0.002584309,0.000488509,0.7556882,0.8782013,0.1296034,0.001686039,0.6321565,1.510358,0.006069735798755907,0,1,1,S3_f_peak,,
835,4.772060472870416e-05,5.39829214125149e-07,6.0,0.0030960670025103176,935.0665916174426,3.931810925883306e-12,171.23461320219826,1.5e-13,1.3896430110558442,1,0,S3_peaking,13.729642,1148154000.0,13.301674,-12.16105,1.140624,1.568592,-6.295736,0.000250598,0.007480344,0.001363104,9.624431e-05,0.6892823,1.191445,0.2770083,0.001548034,0.3434777,1.534923,0.005572920604518572,0,0,0,S3_f_peak,S3_peaking,S3_peaking
836,8.188401341819779e-05,9.227065338439484e-07,8.0,0.002126355295894793,57.1725102682142,1.9882882374392454e-12,129.87164262419452,1.5e-13,1.3324134584192937,1,0,S3_f_peak,1.9080730000000001,19952620000.0,0.9300930000000003,-3.143666,-2.213573,-1.235593,-1.234728,0.0002792167,0.006603809,0.001261141,4.311132e-05,0.6663221,1.285513,0.2572385,0.001063178,0.3764104,1.661923,0.0038274395326106272,0,0,0,S3_f_peak,S3_f_peak,S3_f_peak
837,5.3567334428406447e-05,1.8484752355630912e-07,3.0,0.0033862076802762785,341.8893706593085,7.267536100384939e-13,151.34317055973182,1.5e-13,1.5057725978346344,1,0,S3_f_peak,8.832488,3981072000.0,8.248059999999999,-4.940693,3.307367,3.891795,-3.213794,0.000203477,0.01580354,0.002116372,0.0004994269,0.7707366,0.9900152,0.1285026,0.001693104,0.553745,1.54376,0.006095173824497302,0,0,0,S3_f_peak,S3_f_peak,S3_f_peak
838,8.001717892596872e-05,7.807162241771305e-07,2.0,0.0006752131138648969,483.09603847418526,8.333543325810879e-13,95.29675521652496,1.5e-13,1.1105384405571406,1,0,S3_f_peak,10.735828,19952620000.0,6.114222999999999,-14.90833,-8.794107,-4.172502,-4.169625,0.0004729176,0.004171567,0.0008192725,1.923645e-05,0.642094,1.444213,0.1416466,0.0003376066,0.3236128,1.767826,0.0012153836049568145,0,0,0,S3_f_peak,S3_f_peak,S3_f_peak
839,2.789994412820926e-05,1.950142801309895e-07,3.0,0.0012511661878295557,106.2889235549727,5.279928558821878e-12,125.32297943801692,1.5e-13,1.1308207564380346,1,0,S3_peaking,2.736453,1513561000.0,2.587882,-4.683072,-2.09519,-1.946619,-9.757804,0.0002723446,0.006783002,0.001153514,0.0001999188,0.7166665,1.455812,0.1261819,0.0006255834,0.265784,1.721596,0.0022520991380932,0,1,0,S3_peaking,,S3_peaking
840,7.957612679429166e-05,4.029639202259899e-07,7.0,0.003272805937187302,274.0331615786476,6.32825959361892e-13,259.34379457808967,1.5e-13,1.4922464044707728,1,0,S3_f_peak,4.1787683,2630268000.0,4.1694153,0.3244717,4.493887,4.50324,-4.186133,0.0002252732,0.01210833,0.002050157,0.0002147826,0.7266021,0.8428339,0.1932787,0.001636404,0.5327751,1.375609,0.0058910506869371436,1,0,0,,S3_f_peak,S3_f_peak
841,8.945026513971789e-05,2.99763594775636e-07,4.0,0.0013976517115017748,597.8799754350193,1.7598383950726204e-13,548.4133241466361,1.5e-13,1.1221242076694709,1,0,S3_peaking,-9.000000000147779e-06,10000000.0,-0.6830003000000001,1.442838,0.7598377,1.442829,-7.245711,0.0003232937,0.01015955,0.001798167,0.000170196,0.6877629,1.096151,0.1087081,0.0006988302,0.3206037,1.416754,0.002515773080703195,0,0,0,S3_peaking,S3_peaking,S3_peaking
842,9.326041019710416e-05,2.2963034894388115e-07,4.0,0.0012465942067167086,350.3015116126362,5.909405187575541e-13,758.5989570521299,1.5e-13,1.4023543335669204,1,0,S3_nyq_boost,0.9043539999999997,1096478000.0,-0.436064,7.458333,7.022269,8.362687,-5.886841,0.0002171252,0.01052226,0.001566763,0.0002836314,0.749843,0.7614803,0.09026211,0.0006232971,0.5656871,1.327167,0.0022438695720900757,0,0,0,S3_nyq_boost,S3_nyq_boost,S3_nyq_boost
843,7.392295431564208e-05,5.725810079930501e-07,2.0,0.002094189618615096,94.9481156212926,2.7856362152217696e-12,391.8837542751712,1.5e-13,1.3810842307982045,1,0,S3_nyq_boost,1.1975369999999996,1000000000.0,-0.4539580000000001,6.486944,6.032986,7.684481,-3.955141,0.0002236011,0.007999785,0.001445562,8.454545e-05,0.6833022,0.9279367,0.1981641,0.001047095,0.4617239,1.389661,0.003769541313507173,0,0,0,S3_nyq_boost,S3_nyq_boost,S3_nyq_boost
844,7.433287903788332e-05,6.382540738698251e-07,5.0,0.001178963404968198,51.16770927570472,3.955473943137199e-13,74.78053202170112,1.5e-13,1.1135892286556304,1,0,S3_f_peak,2.051258,19952620000.0,0.1341399999999986,-8.584774,-8.450634,-6.533516,-6.531231,0.0003614212,0.005889979,0.001146976,3.370228e-05,0.6528793,1.474496,0.1663415,0.0005894822,0.2814204,1.755917,0.0021221341289427566,0,0,0,S3_f_peak,S3_f_peak,S3_f_peak
845,8.989233464351553e-05,8.58022902472455e-07,5.0,0.004369866293937902,925.7088703510981,3.264925918260632e-12,539.3870437438125,1.5e-13,1.35476038221589,1,0,S3_f_peak,9.370785999999999,660693400.0,7.568752,-4.578794,2.989958,4.791992,-1.318503,0.0002285344,0.007972671,0.00164,0.001832969,0.638612,0.3358732,0.3323527,0.002184933,0.2856021,0.6214754,0.007865759329088224,0,0,0,saturation,S3_f_peak,S3_f_peak
846,6.707493150476392e-05,6.726669857332244e-07,3.0,0.0031980756238062912,416.0073358465887,4.053776162513766e-12,145.36797403085248,1.5e-13,1.2823034053676072,1,1,,9.069143200000001,1380384000.0,8.868738500000001,-8.251148,0.6175905,0.8179952,-3.668596,0.0002436415,0.008105339,0.001600986,7.821893e-05,0.6464575,1.276674,0.2678193,0.001599038,0.2908766,1.567551,0.005756536122851324,1,1,1,,,
847,2.1449410781764375e-05,2.2824404009303757e-07,7.0,0.0049666845958225994,88.72976005849485,1.1568230223924224e-12,316.46020459157654,1.5e-13,1.122928263631295,1,0,S3_nyq_boost,0.3282039999999995,1445440000.0,-0.07465900000000047,4.142889,4.06823,4.471093,-8.194446,0.000238727,0.00776689,0.001730471,0.0002887392,0.6683209,1.054464,0.2783443,0.002483342,-0.0403425,1.014121,0.00894003227248068,0,0,0,S3_nyq_boost,S3_peaking,S3_nyq_boost
848,8.681188373337326e-05,5.941377383758399e-07,8.0,0.002909572395440773,849.6969585179256,2.357918292965354e-13,665.0247089069804,1.5e-13,1.5925164995583398,1,0,S3_peaking,-0.0003210000000000157,10000000.0,-2.4809099999999997,-2.153676,-4.634586,-2.153997,-5.409313,0.0004311997,0.008145849,0.001400149,0.001730448,0.7229325,0.2458415,0.2391592,0.001454787,0.5866897,0.8325312,0.005237230311793391,0,0,0,S3_nyq_boost,S3_peaking,S3_peaking
849,2.210804526890337e-05,3.6997989771140495e-07,3.0,0.003474078246702589,688.0138373001905,2.318153369033961e-13,635.65232202323,1.5e-13,1.203457261269199,1,0,S3_peaking,1.2383694,1584893000.0,0.8530157,-0.2819097,0.571106,0.9564597,-11.2522,0.0003569695,0.005417654,0.001125705,0.0003127499,0.6435583,0.6486262,0.3135964,0.001737039,0.04722081,0.695847,0.006253340844064661,0,0,0,S3_peaking,S3_peaking,S3_peaking
850,6.215049560276009e-05,2.6694979630570795e-07,7.0,0.0008521707607610181,191.07872511551386,6.077719324377337e-13,773.9936542687915,1.5e-13,1.3597648593258704,1,0,S3_peaking,-0.0001490000000003988,10000000.0,-4.199116000000001,8.818808,4.619692,8.818659,-8.73868,0.0002627964,0.006497174,0.001088348,0.0001117506,0.7566202,0.9551573,0.1051539,0.0004260854,0.5150554,1.470213,0.0015339073693698326,0,0,0,S3_peaking,S3_peaking,S3_peaking
851,4.010080638862876e-05,6.528220836705051e-07,4.0,0.0005325511587228588,724.0099287763785,5.99311205711126e-12,50.32143386649002,1.5e-13,1.1815937543226471,1,0,S3_f_peak,12.31064,19952620000.0,7.19744,-23.86224,-16.6648,-11.5516,-11.5447,0.0006726105,0.002836064,0.0005352392,1.571037e-05,0.6740995,1.440726,0.15923,0.0002662762,0.3458741,1.7866,0.0009585920857011458,0,0,0,S3_f_peak,S3_f_peak,S3_f_peak
852,7.011765875399152e-05,5.065513175242906e-07,6.0,0.0017094525258537282,87.50069718647843,3.247099298180405e-13,55.09159053372083,1.5e-13,1.2417896361567484,1,0,S3_f_peak,1.954948,19952620000.0,0.21447000000000038,-10.43577,-10.2213,-8.480822,-8.478862,0.0003649412,0.00765763,0.001396735,6.642757e-05,0.6841533,1.391167,0.1753537,0.0008547263,0.3617445,1.752911,0.0030770145465367107,0,0,0,S3_f_peak,S3_f_peak,S3_f_peak
853,9.858117891579876e-05,9.378385073270385e-07,5.0,0.0026907699964522328,525.4742731302566,7.508653501240456e-12,611.2078281465349,1.5e-13,1.553231628387755,1,0,S3_f_peak,8.835126,416869400.0,4.542910000000001,2.216204,6.759114,11.05133,0.778037,0.0002062347,0.007579191,0.001379184,0.0002706174,0.6887004,0.4258568,0.2697508,0.001345385,0.5518334,0.9776902,0.004843385993614019,0,0,0,S3_f_peak,S3_f_peak,S3_f_peak
854,3.486022479767016e-05,2.9764323413271766e-07,3.0,0.0006737401580449618,161.00495829564608,2.616512548274892e-13,69.14274523309997,1.5e-13,1.326095213097674,1,0,S3_peaking,1.0183900000000001,6309573000.0,0.48104000000000013,-13.37098,-12.88994,-12.35259,-13.91548,0.0005261628,0.004428856,0.0007498957,7.105115e-05,0.7278407,1.298979,0.1207645,0.0003368738,0.4777289,1.776708,0.0012127322844809312,0,0,0,S3_peaking,S3_f_peak,S3_peaking
855,9.321416785247112e-05,3.7607721084864803e-07,3.0,0.0006243241910383564,116.94720948559022,6.32947566347713e-12,337.4530829511831,1.5e-13,1.3060621686603713,1,0,S3_f_peak,2.062852,691831000.0,0.043785000000000185,2.486615,2.5304,4.549467,-6.207482,0.0002604931,0.005522273,0.0009278687,5.664136e-05,0.7116978,1.174579,0.09123661,0.0003121622,0.5200803,1.694659,0.0011237835438690415,0,0,0,S3_nyq_boost,S3_f_peak,S3_f_peak
856,2.8863691687586234e-05,7.084689911953596e-07,6.0,0.004456794166860864,68.44220414652966,2.823201667971344e-13,491.63949583027943,1.5e-13,1.2400404195352839,1,0,S3_peaking,-9.10000000002853e-05,10000000.0,-3.564472,5.542363,1.977891,5.542272,-9.388774,0.0003223528,0.005155916,0.001248468,0.0002281993,0.5888196,0.7775329,0.4722911,0.002228397,-0.0731009,0.704432,0.008022229500349556,0,0,0,S3_peaking,S3_peaking,S3_peaking
857,7.776230376483711e-05,7.091143987852054e-07,2.0,0.0029881478370362,172.1257428903202,7.212687469577133e-13,363.5235656031148,1.5e-13,1.50276100542247,1,0,S3_nyq_boost,0.5335169999999998,1380384000.0,-0.03267299999999995,3.957451,3.924778,4.490968,-3.161198,0.0002564481,0.008215086,0.001505649,0.00012664,0.6817857,0.7551883,0.2565296,0.001494074,0.5016806,1.256869,0.00537866610666516,0,0,0,S3_nyq_boost,S3_peaking,S3_nyq_boost
858,3.380196897609695e-05,8.89834849821664e-07,4.0,0.005979412305570837,827.9060162251498,4.2400932441028736e-13,214.16567888250248,1.5e-13,1.1419217807363238,1,0,S3_f_peak,8.58711,2754229000.0,8.555102999999999,-10.4529,-1.897797,-1.86579,-7.16969,0.0004342974,0.005816459,0.001643324,9.880427e-05,0.51673,1.403041,0.5614982,0.002989706,-0.243333,1.159708,0.010762942150027507,0,0,0,S3_f_peak,S3_f_peak,S3_f_peak
859,5.294087558575653e-05,2.5084428241140704e-07,2.0,0.0015837703692436187,96.58909671762014,1.95933263713221e-12,60.70289713509498,1.5e-13,1.4569358357381619,1,0,S3_f_peak,3.109762,3981072000.0,2.947195,-8.552669,-5.605474,-5.442907,-8.29143,0.0002640214,0.009570528,0.001453877,0.000208735,0.7396976,1.180404,0.1213796,0.0007918894,0.5715258,1.75193,0.0028507866646385136,0,0,0,S3_f_peak,S3_f_peak,S3_f_peak
860,2.086112543722988e-05,9.407317729456509e-07,5.0,0.0007817123938749823,289.296483095566,8.743684736815183e-13,71.48809958897026,1.5e-13,1.2946050117187515,1,0,S3_f_peak,6.9097100000000005,19952620000.0,2.345570000000002,-19.72585,-17.38028,-12.81614,-12.81169,0.0008784972,0.001929968,0.0003766645,1.464914e-05,0.6602774,1.497808,0.3001223,0.0003908563,0.2742507,1.772058,0.001407082308974968,0,0,0,S3_f_peak,S3_f_peak,S3_f_peak
861,6.976890084488023e-05,1.6473064218261153e-07,7.0,0.0014881848845559444,97.02709482116236,4.07798718016755e-12,167.54900377623815,1.5e-13,1.4244003753050083,1,1,,3.1797131999999997,1659587000.0,2.9679181999999997,0.7511358,3.719054,3.930849,-5.839296,0.0001816088,0.01094241,0.001301228,0.0004050814,0.7942073,1.093396,0.08286798,0.0007440926,0.5819322,1.675328,0.0026787327922007,0,1,1,S3_peaking,,
862,4.5292548814700776e-05,1.6356552483206065e-07,6.0,0.0007658493732026146,55.97114878701193,7.569941542176203e-13,77.1121785837654,1.5e-13,1.3310039968606524,1,0,S3_peaking,0.2285029999999999,3630781000.0,0.18349500000000063,-8.757502,-8.574007,-8.528999,-12.10635,0.0003494793,0.005685616,0.0006969018,0.0002190986,0.7919551,1.249911,0.07733878,0.0003829263,0.5205609,1.770472,0.0013785288717647064,0,0,0,S3_peaking,S3_peaking,S3_peaking
863,6.817406353225244e-05,8.721184261739606e-07,4.0,0.001687278207095107,222.5716469992118,1.4064659096288939e-12,529.1525258716295,1.5e-13,1.5331460575894278,1,0,S3_nyq_boost,1.633648,912010800.0,-0.5471910000000002,4.340193,3.793002,5.973841,-2.682479,0.0002800511,0.005458826,0.0009788641,5.6412e-05,0.6947474,0.7924847,0.2451507,0.0008436391,0.5611015,1.353586,0.003037100772771193,0,0,0,S3_nyq_boost,S3_nyq_boost,S3_nyq_boost
864,5.22885249449701e-05,7.28710076282317e-07,3.0,0.0028998518972403026,283.9906132860336,1.990001269586368e-13,186.20286201585165,1.5e-13,1.5556503972893034,1,0,S3_peaking,0.49107699999999976,3019952000.0,0.4597629999999997,-4.959541,-4.499778,-4.468464,-7.247909,0.0003911806,0.00635191,0.001164851,7.961641e-05,0.6845973,1.052228,0.3061042,0.001449926,0.4777918,1.53002,0.005219733415032545,0,0,0,S3_peaking,S3_peaking,S3_peaking
865,6.148425873830556e-05,1.8842520125976275e-07,5.0,0.0006088891072575115,447.91203818235596,2.9253776635899583e-12,117.17250503747272,1.5e-13,1.4416003831828283,1,1,,7.2873730000000005,1513561000.0,7.144134,-11.59567,-4.451536,-4.308297,-10.70033,0.0003090449,0.005522013,0.0007453176,0.0001617112,0.779988,1.144062,0.07274141,0.0003044657,0.6202654,1.764327,0.0010960003930635207,1,1,1,,,
866,7.498447479547629e-05,6.165873282130066e-07,1.0,0.006683514067189643,144.6765042816898,2.388215662833008e-13,270.538397601414,1.5e-13,1.3840994626624272,1,0,S3_peaking,-3.0000000000196536e-05,10000000.0,-1.3845100000000001,2.960522,1.576012,2.960492,-5.032053,0.0002616308,0.01103226,0.002249222,0.0004719967,0.6346417,0.6389164,0.3250186,0.003341757,0.25701,0.8959264,0.012030325320941358,0,0,0,S3_peaking,S3_peaking,S3_peaking
867,6.225720549566059e-05,1.707216066012091e-07,3.0,0.0013049488566671777,89.9209249892241,5.726672137446348e-12,50.94644415782474,1.5e-13,1.4031063402579438,1,0,S3_f_peak,3.444026,2630268000.0,3.443377,-9.442665,-5.999288,-5.998639,-8.62391,0.0002365619,0.01020521,0.001280357,0.0002664418,0.7774273,1.214532,0.07735225,0.0006524744,0.5522267,1.766759,0.00234890794200092,0,0,0,S3_peaking,S3_f_peak,S3_f_peak
868,9.136486774218764e-05,5.151187719925473e-07,1.0,0.0005489652882471801,481.28489905085866,5.148710808091909e-13,128.06009782930107,1.5e-13,1.1740496340488704,1,0,S3_f_peak,5.823283999999999,19952620000.0,5.083409,-11.92466,-6.841251,-6.101376,-6.10104,0.0004494436,0.004568435,0.0008297196,2.688325e-05,0.674034,1.35542,0.1007544,0.0002744826,0.4094288,1.764849,0.0009881375188449243,0,0,0,S3_f_peak,S3_f_peak,S3_f_peak
869,7.374598283086637e-05,1.8182979964812713e-07,3.0,0.002189194726334609,321.05385704746243,1.0470779214029015e-13,388.92344371671976,1.5e-13,1.5748694563393806,1,0,S3_peaking,-6.199999999978445e-05,10000000.0,-2.4140146,3.387073,0.9730584,3.387011,-7.022019,0.0002622926,0.01503444,0.001882649,0.0004431025,0.7883947,0.7084913,0.0980113,0.001094606,0.6657941,1.374285,0.0039405505074022965,0,0,0,S3_peaking,S3_peaking,S3_peaking
870,5.2815916801962216e-05,7.048184605227143e-07,3.0,0.0015014351353118671,303.4262349436741,3.106518762760746e-13,295.286770413447,1.5e-13,1.2615786396721926,1,0,S3_peaking,0.56505,1819701000.0,0.44339300000000015,-2.18493,-1.741537,-1.61988,-6.910841,0.0003788338,0.005117699,0.0009865852,3.870767e-05,0.6579608,1.238758,0.2245659,0.0007507176,0.3395645,1.578323,0.002702583243561361,0,0,0,S3_peaking,S3_peaking,S3_peaking
871,8.861503506474495e-05,2.5108816385670375e-07,4.0,0.0017258694606218862,180.52784651454735,1.172302409176274e-13,723.9170884072971,1.5e-13,1.1869266594822172,1,0,S3_peaking,-0.0002500000000011937,10000000.0,-6.421945000000001,10.91566,4.493715,10.91541,-7.61329,0.0002335192,0.01236829,0.002074187,0.0003002526,0.7091956,0.8165209,0.1076548,0.0008629347,0.3587859,1.175307,0.003106565029119395,0,0,0,S3_peaking,S3_peaking,S3_peaking
872,2.9868667363570594e-05,3.813568703336141e-07,3.0,0.0017149233675605186,185.50152929094946,4.165257586688074e-12,209.6213546245502,1.5e-13,1.2919226500081464,1,0,S3_f_peak,3.5497373,1096478000.0,2.9284007,-3.075576,-0.1471753,0.4741613,-10.15615,0.0002897933,0.005423069,0.0009931535,8.163877e-05,0.6917879,1.290585,0.209953,0.0008574617,0.3296723,1.620257,0.0030868620616089338,0,0,0,S3_f_peak,S3_f_peak,S3_f_peak
873,9.434527742563149e-05,3.578245104327668e-07,6.0,0.0016954797654441592,141.3501568120035,1.1177864202607218e-13,329.29195170221817,1.5e-13,1.2659514360115345,1,0,S3_peaking,-5.699999999997374e-05,10000000.0,-2.5511389999999996,5.114246,2.563107,5.114189,-7.550907,0.0002485419,0.01060866,0.001850262,0.0001456202,0.7041245,1.093314,0.1285453,0.0008477401,0.4275317,1.520846,0.003051863577799487,0,0,0,S3_peaking,S3_peaking,S3_peaking
874,2.5825846245987982e-05,2.3588435219715497e-07,6.0,0.0008838092855957967,64.45000241106646,9.78911589724537e-12,117.10517226282248,1.5e-13,1.55128085903863,1,0,S3_peaking,1.2700839999999998,1148154000.0,1.0674929999999998,-6.576663,-5.50917,-5.306579,-12.42134,0.0003491602,0.004779195,0.0007608679,9.919758e-05,0.7957162,1.138788,0.1417763,0.0004419076,0.6094627,1.748251,0.001590856714072434,0,0,0,S3_peaking,S3_peaking,S3_peaking
875,2.8544277858443058e-05,7.159961363971213e-07,5.0,0.0011285663478049963,71.04775378257328,2.668050031212562e-13,326.9420318631306,1.5e-13,1.3236656221699308,1,0,S3_peaking,-4.229999999993961e-05,10000000.0,-1.9958429,-0.9377111,-2.933554,-0.9377534,-10.83741,0.0004034515,0.003132533,0.000587553,2.415887e-05,0.6792929,1.290154,0.2685688,0.0005642833,0.3253576,1.615512,0.0020314194260489934,0,0,0,S3_peaking,S3_peaking,S3_peaking
876,6.601154398899506e-05,6.406167725311665e-07,4.0,0.004800639986560293,336.83415163694224,4.957876570693919e-13,115.02851081930858,1.5e-13,1.4350162244148676,1,0,S3_f_peak,6.11206,4786301000.0,5.326774,-8.59572,-3.268946,-2.48366,-4.830846,0.0003185737,0.009521499,0.00182317,0.0001262911,0.6639064,1.180266,0.3130406,0.00240032,0.3436283,1.523895,0.008641151975808527,0,0,0,S3_f_peak,S3_f_peak,S3_f_peak
877,2.048803805012058e-05,5.507195396278555e-07,5.0,0.0006271540050702476,127.62469727327792,7.910983288978079e-12,52.875636741119855,1.5e-13,1.4833425764246324,1,0,S3_f_peak,2.891460000000002,19952620000.0,1.4148899999999998,-19.66597,-18.25108,-16.77451,-16.77166,0.0008035987,0.002308238,0.0003955364,1.646831e-05,0.7328405,1.268028,0.2128456,0.000313577,0.5153915,1.783419,0.0011288772091264457,0,0,0,S3_f_peak,S3_f_peak,S3_f_peak
878,3.4160434043824453e-05,2.851459697595761e-07,4.0,0.00264544865575773,521.6725980486428,8.811485516955139e-13,266.65584070848337,1.5e-13,1.1171252147603727,1,1,,8.344306,2089296000.0,8.231595,-4.444982,3.786613,3.899324,-7.688962,0.0002553005,0.008185826,0.001611795,0.0001625775,0.6786544,1.283311,0.1999205,0.001322724,0.1639765,1.447288,0.004761807580363915,1,1,1,,,
879,7.489862761811425e-05,6.500016861178347e-07,5.0,0.0006698507450437287,258.21998035385565,5.771093328901307e-13,579.8381217837606,1.5e-13,1.2024809639148928,1,0,S3_nyq_boost,0.016888999999999932,398107200.0,-2.4489086,3.447118,0.9982094,3.464007,-5.226501,0.0003470845,0.004295413,0.0007995899,2.390132e-05,0.6756802,1.209232,0.1352171,0.0003349254,0.3965655,1.605797,0.0012057313410787117,0,0,0,S3_peaking,S3_nyq_boost,S3_nyq_boost
880,5.522708053528419e-05,1.6098151669940452e-07,3.0,0.002793108337784905,176.2779280571795,5.2032637476362215e-12,321.9741741767205,1.5e-13,1.5011100121607357,1,0,S3_f_peak,6.227724,1096478000.0,5.217794,4.987966,10.20576,11.21569,-2.853659,0.0001447532,0.01532437,0.001789665,0.000658578,0.7886448,0.7717332,0.1060478,0.001396554,0.5786124,1.350346,0.005027595008012829,0,0,0,S3_f_peak,S3_f_peak,S3_f_peak
881,4.6651591585918623e-05,3.8807145438175467e-07,5.0,0.0006105497504407757,115.92016828972247,2.867059795142962e-12,102.91856731665436,1.5e-13,1.4788521302179927,1,0,S3_peaking,1.7525500000000003,1995262000.0,1.7334889999999996,-9.662298,-7.928809,-7.909748,-10.86863,0.0004087177,0.004101975,0.0006765001,4.443071e-05,0.748551,1.148025,0.1224566,0.000305279,0.6205568,1.768582,0.0010989895507933962,0,0,0,S3_peaking,S3_peaking,S3_peaking
882,4.582022148834493e-05,4.86629032686283e-07,7.0,0.00524795692171594,122.06374677791717,7.550378007937019e-12,85.6840118209617,1.5e-13,1.3203754477009517,1,1,,4.32139,1659587000.0,4.272426,-6.488164,-2.215738,-2.166774,-6.329803,0.0002338602,0.00944253,0.001809832,0.0001424388,0.6661605,1.38997,0.3274742,0.002623978,0.1851967,1.575167,0.009446322459088692,1,1,1,,,
883,8.13956516915303e-05,5.572520321682898e-07,5.0,0.0008269143408841045,230.31462655884945,8.44770195264127e-13,714.7279170460264,1.5e-13,1.344385353052553,1,0,S3_nyq_boost,0.11352999999999991,524807500.0,-3.279688,6.780011,3.500323,6.893541,-5.112856,0.0002936147,0.005373816,0.0009404612,3.916303e-05,0.7035218,0.9908042,0.1322601,0.0004134572,0.5136864,1.504491,0.001488445813591388,0,0,0,S3_nyq_boost,S3_nyq_boost,S3_nyq_boost
884,9.223651230130009e-05,8.702872998517041e-07,2.0,0.0008849165778168198,551.9349141640122,8.557861618734194e-12,143.5788312806882,1.5e-13,1.5292317935944846,1,0,S3_f_peak,10.4459395,19952620000.0,8.503881,-11.37364,-2.869759,-0.9277005,-0.9265228,0.0003025944,0.004860004,0.0008459282,2.621212e-05,0.7038869,1.075247,0.1617285,0.0004424584,0.6612254,1.736472,0.0015928498400702756,0,0,0,S3_f_peak,S3_f_peak,S3_f_peak
885,2.966301526590142e-05,6.287776466680626e-07,1.0,0.0030515367717567268,58.537590028586386,5.4592063236070275e-12,280.4083210573415,1.5e-13,1.2480781983637037,1,0,S3_nyq_boost,0.6943440000000001,912010800.0,-0.39064889999999997,1.005801,0.6151521,1.700145,-9.038767,0.0003110188,0.004778705,0.001032408,7.550415e-05,0.6073812,1.257836,0.3444525,0.001525768,0.1143261,1.372162,0.005492766189162108,0,0,0,S3_nyq_boost,S3_nyq_boost,S3_nyq_boost
886,5.3039999618522754e-05,1.53929690097664e-07,5.0,0.0037828078329471323,272.5286418961202,2.372223253891579e-13,130.37031241218205,1.5e-13,1.2455496961863617,1,0,S3_f_peak,4.0891352,6918310000.0,2.0593200000000005,-4.742956,-2.683636,-0.6538208,-4.040755,0.0002588518,0.01694745,0.002053657,0.0008445907,0.7672199,1.199109,0.1145297,0.001891404,0.354307,1.553416,0.006809054099304838,0,0,0,S3_f_peak,S3_f_peak,S3_f_peak
887,4.2078291710994965e-05,6.189075310026836e-07,7.0,0.002839262571625128,92.63180712279203,6.123335297942901e-13,799.9726006041329,1.5e-13,1.5118377815198785,1,0,S3_peaking,-0.00011899999999998023,10000000.0,-3.5425820000000003,1.720415,-1.822167,1.720296,-7.734462,0.0003272742,0.004601627,0.0008611567,0.002087586,0.6955843,0.2911302,0.3368395,0.001419631,0.3732037,0.6643339,0.005110672628925231,0,0,0,S3_peaking,S3_peaking,S3_peaking
888,5.2028157378287144e-05,9.065309587896657e-07,7.0,0.003346628007355309,165.63926872433638,6.88392538141717e-13,290.92414350759816,1.5e-13,1.4128911720872002,1,0,S3_peaking,0.6127855000000001,1659587000.0,0.3612225000000001,0.7533175,1.11454,1.366103,-4.288173,0.0003035205,0.006131361,0.00119817,7.638195e-05,0.6556603,1.034745,0.383165,0.001673314,0.2784472,1.313193,0.0060239304132395565,0,0,0,S3_peaking,S3_peaking,S3_peaking
889,2.1896903202740672e-05,8.752365345117602e-07,6.0,0.0013156649992810163,214.43527994106614,1.7612903259092884e-12,437.21256235724115,1.5e-13,1.399936686742471,1,0,S3_nyq_boost,1.1936887,794328200.0,-0.8559970000000001,-1.626936,-2.482933,-0.4332473,-10.64705,0.0004360141,0.002544917,0.0004920233,2.98761e-05,0.6669445,1.230555,0.3551408,0.0006578325,0.2818325,1.512387,0.0023681969987058293,0,0,0,S3_nyq_boost,S3_nyq_boost,S3_nyq_boost
890,6.160932770672367e-05,1.571787435523142e-07,4.0,0.005618027974678653,550.103398603453,1.4238842554852396e-12,295.2614627592011,1.5e-13,1.557501174133726,1,1,,11.79988,2187762000.0,11.761236,-2.900045,8.861191,8.899835,-1.369848,0.0001541038,0.01938193,0.00229767,0.001802818,0.7917784,0.4153536,0.1372498,0.002809014,0.5552528,0.9706064,0.010112450354421576,1,0,1,,S3_peaking,
891,2.8659935938397413e-05,2.053280395916171e-07,3.0,0.007121922422924776,608.3984198943641,2.440543939609253e-12,183.74537353980722,1.5e-13,1.4441214771541813,1,0,S3_peaking,12.381492,1659587000.0,12.203642,-8.421576,3.782066,3.959916,-5.873862,0.0002089558,0.01057978,0.001879899,0.0006884133,0.7167718,0.8964277,0.2432489,0.003560961,0.2492622,1.14569,0.012819460361264598,1,0,0,,S3_peaking,S3_peaking
892,8.992197847087263e-05,2.1823268981592424e-07,3.0,0.002769843855101883,78.2699204667618,6.213951989047535e-13,280.5525276117099,1.5e-13,1.2923007022454134,1,0,S3_peaking,-1.699999999971169e-05,10000000.0,-0.906809,8.108098,7.201289,8.108081,-2.679577,0.0001662243,0.01759551,0.00269276,0.0004596751,0.7266832,0.9853239,0.110347,0.001384923,0.4261327,1.411457,0.00498571893918339,0,0,0,S3_peaking,S3_peaking,S3_peaking
893,8.291631011001849e-05,2.7052818481954154e-07,2.0,0.002717577151243535,77.46524873432088,1.2513026230499098e-13,737.1784916009141,1.5e-13,1.440237034423818,1,0,S3_peaking,-0.00017000000000066962,10000000.0,-5.288414,12.49867,7.210256,12.4985,-6.870029,0.0001880284,0.01338477,0.00209356,0.0009545785,0.7335299,0.2724876,0.1384186,0.00135879,0.5258427,0.7983303,0.004891638872238363,0,0,0,S3_peaking,S3_peaking,S3_peaking
894,7.320426892621441e-05,6.04028065712268e-07,7.0,0.006347505427806066,112.73126161693726,5.0934984266607125e-12,267.90789177441656,1.5e-13,1.422769644189905,1,0,S3_f_peak,3.636939,1148154000.0,2.782305,4.125171,6.907476,7.76211,-2.477479,0.0001864304,0.01139561,0.002189892,0.0004101112,0.6652608,0.6589744,0.3351992,0.003173753,0.2907522,0.9497266,0.01142550977005092,0,0,0,S3_f_peak,S3_f_peak,S3_f_peak
895,4.899807150818495e-05,4.808531367224922e-07,4.0,0.006654420755973243,118.29081409371301,1.3201711102263938e-12,116.88168941701288,1.5e-13,1.4738848101431348,1,0,S3_f_peak,3.1032978,3311311000.0,2.9950182,-3.419951,-0.4249328,-0.3166532,-5.591082,0.0002388285,0.01013337,0.001930233,0.0002407957,0.6683435,1.132562,0.3354938,0.00332721,0.2785485,1.41111,0.011977957360751837,0,0,0,S3_peaking,S3_f_peak,S3_f_peak
896,9.374363458987506e-05,4.4751319467922885e-07,5.0,0.0006173044886565596,134.28583090428387,6.31925514264727e-12,112.72880799047277,1.5e-13,1.1403689163706447,1,0,S3_peaking,2.7470479999999995,1737801000.0,2.723115,-7.796637,-5.073522,-5.049589,-5.893368,0.0003251944,0.005108105,0.0009275988,4.286255e-05,0.6822727,1.388652,0.09844885,0.0003086524,0.3765526,1.765205,0.0011111480795818072,0,0,0,S3_f_peak,S3_peaking,S3_peaking
897,2.5146656194866246e-05,1.618173935896453e-07,5.0,0.001202413068838957,84.26291250500296,1.1500603258684627e-12,419.7237311113631,1.5e-13,1.3251423562462608,1,0,S3_peaking,-8.000000000230045e-06,10000000.0,-1.5282460000000002,5.762383,4.234137,5.762375,-9.626799,0.0002466721,0.006547811,0.0008517091,0.0002248369,0.7742151,1.120914,0.1199323,0.0006012084,0.4267454,1.547659,0.0021643435239101227,0,0,0,S3_peaking,S3_peaking,S3_peaking
898,3.514152920297125e-05,5.372800090532411e-07,2.0,0.001233984520464198,57.28280974628654,2.7266774756642947e-12,427.48669271608117,1.5e-13,1.5084919668350834,1,0,S3_nyq_boost,0.003274999999999917,275422900.0,-2.340234,3.928525,1.588291,3.9318,-9.513568,0.0003080776,0.004290821,0.0007404796,4.999643e-05,0.709784,0.9902984,0.2111965,0.0006169923,0.5459456,1.536244,0.0022211721368355563,0,0,0,S3_peaking,S3_nyq_boost,S3_nyq_boost
899,5.746749799504097e-05,5.815510658447823e-07,6.0,0.002044830451293458,706.0840211132295,2.9238630518337845e-12,85.29141204700394,1.5e-13,1.1219299716468294,1,1,,11.468886999999999,2290868000.0,11.466037,-16.53071,-5.064673,-5.061823,-6.486144,0.00031238,0.006847656,0.001349208,5.332453e-05,0.6509519,1.507272,0.2217613,0.001022415,0.2055237,1.712795,0.0036806948123282246,0,0,1,S3_f_peak,S3_peaking,
900,9.501875115262052e-05,6.152365672234466e-07,5.0,0.0018757826661003046,67.82211210442911,2.7666003164957693e-13,52.01103066520802,1.5e-13,1.4174704986083235,1,0,S3_f_peak,3.1257260000000002,19952620000.0,0.15715600000000052,-9.649901,-9.492745,-6.524175,-6.519641,0.0003316525,0.008512543,0.001503213,5.9675e-05,0.6985139,1.229324,0.179968,0.0009378913,0.5218954,1.751219,0.0033764087989805484,0,0,0,S3_f_peak,S3_f_peak,S3_f_peak
901,7.978788196938995e-05,3.6169870068290047e-07,7.0,0.001333474463987937,735.692195810832,4.472470409382888e-13,125.62233277831167,1.5e-13,1.500270140320406,1,0,S3_f_peak,10.214734,3981072000.0,9.713109999999999,-12.86268,-3.14957,-2.647946,-6.840736,0.0003596615,0.008460793,0.001376438,0.0001106278,0.7471883,1.087823,0.1284616,0.0006667373,0.6284196,1.716243,0.0024002540351782866,0,0,0,S3_f_peak,S3_f_peak,S3_f_peak
902,4.136705988085914e-05,4.834974925448521e-07,5.0,0.0005444345354917031,524.612698185219,1.8271710804633636e-12,129.7672521839501,1.5e-13,1.3424558354994485,1,1,,5.651498,1659587000.0,5.5752679999999994,-13.50554,-7.930272,-7.854042,-10.79168,0.0004648191,0.003294398,0.0005700969,2.646626e-05,0.7209892,1.271933,0.1365958,0.0002722173,0.4927426,1.764675,0.0009799821638850656,1,1,1,,,
903,3.965345170418317e-05,3.820262361928891e-07,3.0,0.001155920082548534,611.2975019488039,2.2632174829060536e-12,641.3801590382003,1.5e-13,1.3926450718795929,1,0,S3_f_peak,7.471832000000001,691831000.0,3.583167,1.230025,4.813192,8.701857,-9.390718,0.0002693989,0.005428693,0.0009304326,8.293805e-05,0.7171905,0.9387491,0.1623101,0.0005779603,0.4905588,1.429308,0.0020806561485873613,0,0,0,S3_f_peak,S3_f_peak,S3_f_peak
904,6.888957661735733e-05,2.458562540649711e-07,7.0,0.0005775976043855951,115.3505092001131,3.454876921427839e-13,54.83265051649866,1.5e-13,1.180952860669975,1,0,S3_f_peak,1.261140000000001,12589250000.0,0.4010600000000011,-13.56938,-13.16832,-12.30824,-12.37105,0.0004781609,0.00521657,0.0009104131,9.671344e-05,0.7303722,1.387832,0.08368977,0.0002887988,0.3963324,1.784164,0.0010396756878940712,0,0,0,S3_f_peak,S3_f_peak,S3_f_peak
905,9.775936654727125e-05,2.080571543500621e-07,3.0,0.0010975848854789785,166.03947310533192,1.223190500169916e-12,677.6102138940067,1.5e-13,1.354468995389677,1,0,S3_nyq_boost,0.47384300000000046,794328200.0,-1.9338529999999992,9.953657,8.019804,10.4275,-6.010018,0.0001920482,0.009920088,0.001426105,0.0002564738,0.7495181,0.8936721,0.07704885,0.0005487926,0.5344606,1.428133,0.0019756527938621614,0,0,0,S3_nyq_boost,S3_nyq_boost,S3_nyq_boost
906,5.534852789961333e-05,8.744209224726663e-07,6.0,0.0007487180968431983,375.8869887548004,1.6849268407910934e-13,346.6331533791856,1.5e-13,1.3590339799235138,1,0,S3_peaking,-2.299999999966218e-05,10000000.0,-1.0847829999999998,-3.48118,-4.565963,-3.481203,-7.179473,0.0004973141,0.003421356,0.0006250267,1.89575e-05,0.6908182,1.195873,0.1912287,0.0003743592,0.4743616,1.670235,0.001347692574317757,0,0,0,S3_peaking,S3_peaking,S3_peaking
907,5.32072683687429e-05,2.0281723263420766e-07,4.0,0.0013050192053885455,542.7005376603282,7.0827374232551626e-12,82.14449938809531,1.5e-13,1.5189006073278675,1,1,,11.591543000000001,1380384000.0,11.504429,-14.33637,-2.831941,-2.744827,-7.844495,0.0002370475,0.00923536,0.001284481,0.0002795129,0.7717774,1.105823,0.1035121,0.0006525096,0.6405773,1.7464,0.002349034569699382,1,0,1,,S3_peaking,
908,6.68308606599876e-05,2.970742929041731e-07,3.0,0.0012230098244195534,107.15528968816952,4.1029595565202487e-13,96.56492190226619,1.5e-13,1.5505481545069464,1,0,S3_peaking,0.6956150000000001,4570882000.0,0.45175699999999974,-5.565481,-5.113724,-4.869866,-8.15698,0.0002972266,0.008409713,0.001282451,0.0001463348,0.7518639,1.062235,0.1155874,0.00061151,0.6787148,1.74095,0.002201417683955196,0,0,0,S3_peaking,S3_peaking,S3_peaking
909,9.270135231413067e-05,4.2367572803312535e-07,7.0,0.0006629395545026042,81.1725996524422,2.80798817820447e-12,754.0494309946528,1.5e-13,1.461051969328876,1,0,S3_peaking,-2.4999999999053557e-05,10000000.0,-5.477746,9.891755,4.414009,9.89173,-5.683065,0.0002573617,0.005383574,0.0008832619,5.722199e-05,0.740158,0.9092735,0.1023561,0.0003314699,0.6407819,1.550055,0.0011932911981046876,0,0,0,S3_peaking,S3_nyq_boost,S3_peaking
910,5.177368618910374e-05,3.6461406927509314e-07,1.0,0.0059727794819854785,71.1252555786584,3.436374797436541e-12,327.84288885004594,1.5e-13,1.4778702800025947,1,0,S3_peaking,1.221069,1258925000.0,0.5170000000000003,5.515084,6.032084,6.736153,-5.421162,0.0001986321,0.0102035,0.001872892,0.0009447761,0.6823643,0.4657269,0.2527727,0.00298639,0.3552065,0.8209334,0.010751003067573862,0,0,0,S3_nyq_boost,S3_peaking,S3_peaking
911,7.692214872391752e-05,4.0004040891329827e-07,3.0,0.004654193328525566,159.4118839362484,5.309938515739611e-13,56.4446485009887,1.5e-13,1.3674376797442003,1,0,S3_f_peak,4.805673,8317638000.0,2.749034,-9.548366,-6.799332,-4.742693,-5.773497,0.0002790112,0.0136303,0.002444437,0.000208313,0.6862823,1.277181,0.2109947,0.002327099,0.3914659,1.668647,0.00837754799134602,0,0,0,S3_f_peak,S3_f_peak,S3_f_peak
912,7.973314945081513e-05,2.82426827007712e-07,7.0,0.0015148614695043845,418.1805401306169,1.4987405530182064e-13,110.5142505257204,1.5e-13,1.2083233883505584,1,0,S3_f_peak,3.8776159999999997,7244360000.0,1.9196530000000003,-9.983879,-8.064226,-6.106263,-8.351809,0.0004151755,0.01025469,0.001805997,0.0001729178,0.7127308,1.337092,0.1165294,0.0007574307,0.3792,1.716292,0.002726750645107892,0,0,0,S3_f_peak,S3_f_peak,S3_f_peak
913,6.89611700860755e-05,3.3567318712330725e-07,7.0,0.004512115606904856,878.0097217780954,1.4309072827932386e-12,342.15266894520255,1.5e-13,1.1347036604702534,1,0,S3_peaking,14.746035000000001,1659587000.0,14.228681,-5.105152,9.123529,9.640883,-3.394226,0.000191482,0.01380784,0.00269958,0.0003290364,0.6703678,0.8432739,0.2066373,0.002256058,0.1848099,1.028084,0.008121808092428741,0,0,0,S3_peaking,S3_peaking,S3_peaking
914,9.621093544687804e-05,3.636666899798924e-07,2.0,0.0014056981197609923,88.99734954980553,1.5296632490800813e-12,65.75901635346412,1.5e-13,1.572765086053465,1,0,S3_f_peak,2.6127269999999996,4786301000.0,2.286162,-7.439431,-5.153269,-4.826704,-6.090189,0.000263343,0.009774058,0.001512901,0.0001025978,0.743812,1.046928,0.117918,0.0007028493,0.7068537,1.753781,0.0025302566155697864,0,0,0,S3_f_peak,S3_f_peak,S3_f_peak
915,4.202663503902514e-05,4.6465238822471583e-07,3.0,0.0012602250072217703,746.7649225230027,4.4385577578481545e-13,401.2506149643128,1.5e-13,1.5272430287087482,1,1,,5.72106,1737801000.0,5.302532,-4.01708,1.285452,1.70398,-9.269083,0.0003441025,0.005224688,0.0008732237,6.748652e-05,0.726692,0.9572106,0.183605,0.0006301125,0.5899564,1.547167,0.0022684050129991866,1,1,1,,,
916,9.388619473479425e-05,7.027270020337008e-07,2.0,0.0007294674009110773,278.0895258018442,7.328243631757082e-13,50.73621618464061,1.5e-13,1.1731656075204078,1,0,S3_f_peak,11.752439,19952620000.0,4.020710000000001,-17.27007,-13.24936,-5.517631,-5.51012,0.0005193726,0.004897318,0.0009286497,2.381736e-05,0.6580454,1.395567,0.1302499,0.0003647338,0.3859275,1.781494,0.0013130413216399391,0,0,0,S3_f_peak,S3_f_peak,S3_f_peak
917,3.1681744381110574e-05,1.8016744655175663e-07,4.0,0.0015455081306109196,106.49204888083774,8.368503328072259e-12,319.998636731288,1.5e-13,1.151430490870311,1,0,S3_f_peak,2.902837,794328200.0,1.3821189999999994,4.338033,5.720152,7.24087,-7.78941,0.0002139188,0.008114997,0.0013305,0.0001955299,0.7461968,1.290963,0.1255714,0.0007727544,0.261756,1.552719,0.002781914635099655,0,0,0,S3_f_peak,S3_f_peak,S3_f_peak
918,5.688063143451752e-05,2.8636232951010496e-07,2.0,0.006086461545506102,140.4896853501194,4.020491360140056e-12,213.83630233620934,1.5e-13,1.23074784579582,1,1,,5.384716,1513561000.0,5.035681,2.277723,7.313404,7.662439,-3.455752,0.0001668523,0.01395677,0.002603894,0.0004673074,0.6698839,0.9324852,0.2046605,0.003043231,0.2167616,1.149247,0.010955630781910983,1,1,1,,,
919,5.5448229646775854e-05,3.894076803184523e-07,6.0,0.0008114707838457855,136.21247430751984,4.653645634279816e-13,633.1611414681719,1.5e-13,1.5978325901069383,1,0,S3_peaking,-0.00015900000000002024,10000000.0,-4.647515,7.045386,2.397871,7.045227,-9.034756,0.0002980945,0.005170722,0.0008251465,6.619384e-05,0.7658503,0.8310155,0.1298444,0.0004057354,0.7120886,1.543104,0.001460647410922414,0,0,0,S3_peaking,S3_peaking,S3_peaking
920,8.209079442340933e-05,2.4601558974116364e-07,3.0,0.0013873736225338128,394.6662702989354,3.2362260692871025e-12,60.44436997509384,1.5e-13,1.413073520482222,1,0,S3_f_peak,10.415507,2630268000.0,10.414541,-14.62881,-4.214269,-4.213303,-7.036125,0.0002436975,0.01074335,0.001625592,0.0002258078,0.7400885,1.187757,0.09837046,0.0006936868,0.5703138,1.75807,0.002497272520560863,0,0,0,S3_f_peak,S3_f_peak,S3_f_peak
921,8.099023395866124e-05,1.5129779984588767e-07,7.0,0.0019123739411664466,247.13439321617912,9.22430279939832e-13,202.00645402749754,1.5e-13,1.427103450590809,1,0,S3_f_peak,5.7235539,2884032000.0,5.6815389,-0.8998659,4.781673,4.823688,-4.305566,0.0001824045,0.01395342,0.00141466,0.0006983634,0.7975725,1.007513,0.07538637,0.0009561871,0.5993314,1.606844,0.003442273094099604,0,0,0,S3_f_peak,S3_f_peak,S3_f_peak
922,7.968077904252065e-05,1.8465781524522327e-07,2.0,0.006742357597816596,607.3545693495935,1.0439624333289753e-13,254.10632789653928,1.5e-13,1.1752717484447357,1,0,S3_peaking,1.288275,5754399000.0,0.7886549999999999,-4.230397,-3.441742,-2.942122,-5.030799,0.0003370062,0.0248,0.003816308,0.001014891,0.7167037,0.7177291,0.1327666,0.00337118,0.2256331,0.9433621,0.012136243676069873,0,0,0,S3_peaking,S3_f_peak,S3_peaking
923,4.9247323864057207e-05,1.5028691790161458e-07,6.0,0.0009324291746157239,974.7878737900137,2.5686255720242404e-12,131.93803318530496,1.5e-13,1.2639131116193958,1,0,S3_peaking,12.987608999999999,1513561000.0,12.810436,-14.6679,-1.857464,-1.680291,-9.726829,0.0002611622,0.006838396,0.0007035868,0.0003356821,0.787951,1.254797,0.06849174,0.000466217,0.4836912,1.738488,0.001678372514308303,1,0,0,,S3_peaking,S3_peaking
924,2.7133833057826405e-05,3.9305161654161296e-07,1.0,0.0020499900065291564,156.90593111938682,2.517957903912979e-13,102.03384990334635,1.5e-13,1.2902284841869767,1,0,S3_peaking,0.5219829999999988,4570882000.0,0.3380269999999985,-9.020715,-8.682688,-8.498732,-12.03863,0.0004206981,0.005201744,0.0009733983,8.27551e-05,0.6673812,1.399662,0.2244341,0.001024995,0.2957524,1.695414,0.0036899820117524814,0,0,0,S3_peaking,S3_peaking,S3_peaking
925,3.7592657283998884e-05,2.5628038426511764e-07,8.0,0.0015640922749425585,886.7290306354465,4.088274498281022e-13,621.0195782243143,1.5e-13,1.5868114176016181,1,1,,6.0125216,1659587000.0,5.4303946,-0.7799236,4.650471,5.232598,-8.865581,0.0002842438,0.007195785,0.001164634,0.0001708431,0.7977616,0.7046399,0.1614328,0.0007820465,0.6096941,1.314334,0.0028153660948966055,1,1,1,,,
926,5.155388674914021e-05,2.7514393622425276e-07,7.0,0.002400438507261114,77.27026943437495,1.997325017466941e-12,278.7094421224952,1.5e-13,1.2728664576034312,1,0,S3_peaking,1.1093130000000002,1584893000.0,0.7167640000000004,5.494647,6.211411,6.60396,-5.708249,0.0002012214,0.01031269,0.001871858,0.0001767179,0.7292964,1.119015,0.1671071,0.001200219,0.346473,1.465488,0.004320789313070006,0,0,0,S3_peaking,S3_peaking,S3_peaking
927,5.5396009806782607e-05,6.565938293808516e-07,5.0,0.0006807036623942401,106.8456579180385,3.346986103752447e-13,177.443725241747,1.5e-13,1.4133132269837099,1,0,S3_peaking,-5.999999999950489e-06,10000000.0,-0.33198599999999967,-5.403894,-5.73588,-5.4039,-7.705215,0.0004165991,0.003753438,0.0006556638,2.253567e-05,0.7109528,1.191418,0.156766,0.0003403518,0.5481891,1.739607,0.0012252665923096321,0,0,0,S3_peaking,S3_peaking,S3_peaking
928,9.360251649937752e-05,5.241686438019095e-07,5.0,0.0023328666883282124,243.05994952797786,3.9914886491474785e-12,756.5982349903832,1.5e-13,1.1413880412072899,1,0,S3_f_peak,4.942512000000001,630957300.0,0.09365400000000079,9.324798,9.418452,14.26731,-2.777366,0.0001952431,0.009947858,0.001908362,0.0001499195,0.6565979,0.6457325,0.1817626,0.001166433,0.2717461,0.9174786,0.004199160038990782,0,0,0,S3_nyq_boost,S3_f_peak,S3_f_peak
929,9.575888037459203e-05,2.437184021446391e-07,5.0,0.000983510471195259,154.66603519854868,5.333851503065285e-12,73.94818210314776,1.5e-13,1.5946451894762,1,1,,4.752238999999999,1995262000.0,4.7335769999999995,-8.869814,-4.136237,-4.117575,-7.339796,0.0002484318,0.00881311,0.001255865,0.0002036291,0.7747397,1.013649,0.08627362,0.0004917553,0.7499866,1.763636,0.0017703188481514663,1,1,1,,,
930,3.393402818968401e-05,4.3829218010436606e-07,8.0,0.0012837201361116522,183.59551138956965,5.918298376134632e-12,667.3887364122328,1.5e-13,1.4869062575358878,1,0,S3_nyq_boost,2.566072,478630100.0,-2.196572,6.083135,3.886563,8.649207,-10.03707,0.0002810373,0.004683437,0.000800651,6.351181e-05,0.7403587,0.8604908,0.2071072,0.0006418602,0.5111391,1.37163,0.002310696245000974,0,0,0,S3_nyq_boost,S3_nyq_boost,S3_nyq_boost
931,8.471548556201582e-05,9.359845266984316e-07,8.0,0.0014117666731445736,598.6585229408572,1.3854785644079755e-12,154.97855731707335,1.5e-13,1.4363730169468973,1,0,S3_f_peak,9.517335000000001,19952620000.0,8.548127000000001,-10.76599,-2.217863,-1.248655,-1.247845,0.0003315526,0.005582767,0.001009796,3.292771e-05,0.693111,1.17452,0.2163167,0.0007058833,0.5160836,1.690603,0.0025411800116602323,0,0,0,S3_f_peak,S3_f_peak,S3_f_peak
932,9.083489930043278e-05,8.247540618375376e-07,3.0,0.000520979188004222,691.9170693278743,3.120545323621008e-12,535.4541713391885,1.5e-13,1.255415658529322,1,0,S3_f_peak,6.826247,549540900.0,3.906687,-2.176244,1.730443,4.650003,-1.614842,0.0003075247,0.003655638,0.0006799881,1.700964e-05,0.6712985,1.194997,0.1270714,0.0002604896,0.4655224,1.660519,0.0009377625384075996,0,0,0,S3_f_peak,S3_f_peak,S3_f_peak
933,8.051075928947073e-05,3.6194826104615956e-07,6.0,0.0014369620887739471,155.53462841326404,4.951475244082431e-12,268.69226434028093,1.5e-13,1.3951064257108743,1,0,S3_f_peak,4.235036000000001,1000000000.0,3.0950330000000004,2.235979,5.331012,6.471015,-5.293928,0.0002106538,0.00891306,0.001495615,0.0001208928,0.7268085,1.071076,0.1304367,0.0007184812,0.5358732,1.60695,0.0025865317597931047,0,0,0,S3_f_peak,S3_f_peak,S3_f_peak
934,3.124719121848816e-05,3.274459104554306e-07,4.0,0.002209730645698731,684.4921245596497,1.1334552247880616e-12,385.7291593678822,1.5e-13,1.1386983080409974,1,1,,8.97738,1380384000.0,7.952513,-3.426044,4.526469,5.551336,-8.965206,0.0002645011,0.006660722,0.00130704,0.0001163336,0.6764431,1.194728,0.2115106,0.001104865,0.1790934,1.373821,0.003977515162257716,0,1,1,S3_f_peak,,
935,6.529115923314945e-05,2.791078779484353e-07,5.0,0.0017187308849132739,53.01460214648092,2.0375565439291626e-13,299.0973328299271,1.5e-13,1.4458296925994882,1,0,S3_peaking,-4.099999999951365e-05,10000000.0,-2.012722,6.84465,4.831928,6.844609,-7.153779,0.0002115929,0.01014351,0.001631937,0.0002073457,0.7457416,0.9851088,0.1310983,0.0008593679,0.5578573,1.542966,0.003093715592843893,0,0,0,S3_peaking,S3_peaking,S3_peaking
936,3.641644155844286e-05,2.1219295069294773e-07,3.0,0.0061340470664166535,317.6019362153531,2.4633606987286675e-12,52.54967318354841,1.5e-13,1.5611595653808217,1,0,S3_f_peak,10.036843000000001,3467369000.0,9.972417,-14.32787,-4.355453,-4.291027,-6.985161,0.0002349146,0.01247065,0.001952796,0.0005693516,0.7396048,1.182182,0.2081703,0.003067024,0.4566465,1.638829,0.011041284719549977,0,0,0,S3_f_peak,S3_f_peak,S3_f_peak
937,6.762085619531656e-05,1.5823068407731836e-07,5.0,0.0018459188597122831,559.2186957815002,3.945467144741332e-13,135.74278440285536,1.5e-13,1.1314896684365185,1,0,S3_f_peak,9.9775749,4786301000.0,8.5871414,-9.503513,-0.9163716,0.4740619,-5.301085,0.0002769759,0.01321237,0.001708741,0.0004429002,0.7558769,1.35351,0.07824749,0.0009229594,0.3212023,1.674712,0.0033226539474821098,0,0,0,S3_f_peak,S3_f_peak,S3_f_peak
938,3.3259528472717716e-05,1.8749883468595413e-07,4.0,0.0009089863355250589,364.05515359128043,1.3645208742766368e-12,162.50090429606058,1.5e-13,1.520237718180621,1,1,,6.090062,1995262000.0,6.012098,-7.421212,-1.409114,-1.33115,-10.44064,0.0002958302,0.006065684,0.0008254732,0.0001797594,0.7938936,1.099741,0.1077865,0.0004544932,0.6264033,1.726144,0.001636175403945106,1,1,1,,,
939,3.549973933825842e-05,9.394211631662916e-07,3.0,0.001325383220483367,474.6202242123285,1.615218873006684e-13,231.33845543025353,1.5e-13,1.3833455481080463,1,0,S3_peaking,0.6941120000000005,2754229000.0,0.6834620000000005,-8.160239,-7.476777,-7.466127,-9.108224,0.0005697719,0.003276662,0.0006325794,2.517901e-05,0.6596812,1.282834,0.3022683,0.0006626919,0.3638598,1.646694,0.0023856897968700607,0,0,0,S3_peaking,S3_peaking,S3_peaking
940,6.0851595654182015e-05,4.849395108680381e-07,8.0,0.001216057462369287,284.30186947262143,3.563043345813955e-13,159.31299420533745,1.5e-13,1.5742873161912612,1,0,S3_f_peak,2.3631779999999996,3467369000.0,2.1535779999999995,-6.412826,-4.259248,-4.049648,-7.828774,0.0003681681,0.006056103,0.0009871978,5.822639e-05,0.7536077,1.048319,0.1636614,0.0006080287,0.6548145,1.703133,0.0021889034322647165,0,0,0,S3_peaking,S3_f_peak,S3_f_peak
941,2.4718702086654645e-05,4.178396839155233e-07,1.0,0.0014723766782856133,765.0781907546183,2.7477551484319936e-13,88.88041312040346,1.5e-13,1.3215315008575135,1,0,S3_f_peak,7.441210000000002,5011872000.0,6.6065200000000015,-17.84634,-11.23982,-10.40513,-13.37415,0.0006007431,0.004266026,0.0007815174,5.934064e-05,0.6767249,1.383637,0.2152455,0.000736189,0.3509298,1.734566,0.002650278020914104,0,0,0,S3_f_peak,S3_f_peak,S3_f_peak
942,6.554079374162314e-05,4.281723946715729e-07,3.0,0.005530511812556498,152.59811681373682,2.9224659082676355e-13,284.6856325181373,1.5e-13,1.2537980101358315,1,0,S3_peaking,-1.9999999999686935e-05,10000000.0,-0.9596659999999999,3.758097,2.798431,3.758077,-5.357064,0.0002367012,0.01200296,0.00234794,0.0003378393,0.6523398,0.7905499,0.2535808,0.002765256,0.2222215,1.012771,0.009954921262601696,0,0,0,S3_peaking,S3_peaking,S3_peaking
943,5.729460843911846e-05,2.41528952582509e-07,4.0,0.0021345749351201495,95.73338377201462,1.8334158699585693e-13,159.62343096004804,1.5e-13,1.3658052330452728,1,0,S3_peaking,-9.399999999937236e-06,10000000.0,-0.5414273,0.7078068,0.1663795,0.7077974,-7.093992,0.0002340658,0.01157871,0.001861677,0.0002903431,0.7338547,1.157556,0.1338709,0.001067288,0.4720798,1.629636,0.003842234883216269,0,0,0,S3_peaking,S3_peaking,S3_peaking
944,6.07455431895375e-05,3.959600556564631e-07,6.0,0.0007441795130692133,82.84014861251792,9.676164527170838e-13,104.28656584025654,1.5e-13,1.1840834573145789,1,0,S3_peaking,0.7109949999999996,3311311000.0,0.6547279999999995,-7.463068,-6.80834,-6.752073,-9.106152,0.000368225,0.005105318,0.0009250193,5.093059e-05,0.6987347,1.384854,0.1183888,0.0003720898,0.3763416,1.761195,0.001339523123524584,0,0,0,S3_peaking,S3_peaking,S3_peaking
945,8.464731623954306e-05,3.5303753882285673e-07,6.0,0.0007571345218706921,61.34680784232535,5.372095295745614e-12,88.2746649989412,1.5e-13,1.3210773421561703,1,0,S3_peaking,1.4453889999999996,2187762000.0,1.4378929999999999,-7.094784,-5.656891,-5.649395,-7.568419,0.0003072108,0.006155963,0.00104125,7.68545e-05,0.7223994,1.249433,0.09941373,0.0003785674,0.5171491,1.766582,0.0013628421393672458,0,0,0,S3_peaking,S3_peaking,S3_peaking
946,7.09580832149044e-05,2.147918845284091e-07,4.0,0.0024376743833632642,132.91477916696454,1.2123203998006227e-12,58.356387971907694,1.5e-13,1.220466939838441,1,0,S3_f_peak,5.455207,5495409000.0,4.622679999999999,-8.069187,-3.446507,-2.61398,-5.312713,0.0002203866,0.01487894,0.002382589,0.0004106105,0.7136706,1.362881,0.115295,0.001218838,0.3659897,1.728871,0.004387813890053876,0,0,0,S3_f_peak,S3_f_peak,S3_f_peak
947,4.699723732886075e-05,5.894737256172508e-07,3.0,0.004200581904409829,382.84914025578774,2.1268569128666259e-13,149.00550595900648,1.5e-13,1.1363031974366744,1,0,S3_f_peak,3.2270330000000005,4786301000.0,2.3487750000000007,-7.833827,-5.485052,-4.606794,-7.870108,0.0003994977,0.007681141,0.001656563,9.657839e-05,0.6077524,1.42009,0.3167251,0.002100291,0.06695371,1.487044,0.007561047427937693,0,0,0,S3_f_peak,S3_f_peak,S3_f_peak
948,2.8589428800588814e-05,9.328543614206312e-07,3.0,0.001275398262679714,68.89561393873865,5.385640369088516e-12,109.762483910715,1.5e-13,1.3980638518850332,1,0,S3_f_peak,2.1014739999999996,19952620000.0,0.9718900000000001,-11.03624,-10.06435,-8.934766,-8.933872,0.0005065905,0.002866308,0.0005524854,2.20762e-05,0.6608838,1.386659,0.3272773,0.0006376991,0.343345,1.730004,0.002295716872823485,0,0,0,S3_f_peak,S3_f_peak,S3_f_peak
949,6.417131910996354e-05,2.417907617714851e-07,7.0,0.0009940385695954008,91.21579268393936,3.200655160435449e-13,72.66921872583286,1.5e-13,1.3571298786246324,1,0,S3_peaking,0.31791700000000045,5248075000.0,0.1566130000000001,-8.199842,-8.043229,-7.881925,-9.946184,0.0003361256,0.007610349,0.001247647,0.0001480031,0.7569153,1.251528,0.1030061,0.0004970193,0.5123543,1.763882,0.0017892694252717215,0,0,0,S3_peaking,S3_peaking,S3_peaking
950,2.9937240370675822e-05,4.569456102759501e-07,4.0,0.004020594689024758,609.4540190233087,4.740580497291486e-12,58.54810312433293,1.5e-13,1.1812392240692484,1,1,,10.701485,1905461000.0,10.69079,-18.99871,-8.30792,-8.297225,-10.51708,0.0003379987,0.006716008,0.001380726,0.0001013059,0.6334542,1.632925,0.3279729,0.002010297,0.04937465,1.682299,0.007237070440244565,1,1,1,,,
951,3.805013421842671e-05,8.397670917102339e-07,3.0,0.006524186339174,689.4460365786106,3.586287798535975e-12,62.64551503131931,1.5e-13,1.5313067073487099,1,0,S3_f_peak,11.996348000000001,19952620000.0,11.226778,-19.42521,-8.198432,-7.428862,-7.427531,0.0003673937,0.006380053,0.00144607,0.0001066086,0.6031708,1.495681,0.535097,0.003262093,0.0999634,1.595644,0.011743535410513201,0,0,0,S3_f_peak,S3_f_peak,S3_f_peak
952,2.805197237106805e-05,3.516269778764897e-07,5.0,0.0009720332189070092,54.000284705423084,5.246083026904049e-13,139.99200710375726,1.5e-13,1.2449429074480787,1,0,S3_peaking,-5.999999999950489e-06,10000000.0,-0.3487209999999994,-5.647203,-5.995924,-5.647209,-12.54986,0.0003872891,0.004268667,0.0007881673,4.985239e-05,0.7120168,1.391004,0.1710619,0.0004860171,0.3409567,1.731961,0.0017496597940326168,0,0,0,S3_peaking,S3_peaking,S3_peaking
953,7.771523530762448e-05,3.0688352463589106e-07,3.0,0.0035900598786571185,702.8228898320264,1.152325995067809e-13,67.00520153833973,1.5e-13,1.3871102621918756,1,0,S3_f_peak,9.402923999999999,13182570000.0,3.5389099999999996,-17.18826,-13.64935,-7.785336,-8.23156,0.0005853408,0.01492392,0.002486636,0.0002770989,0.7114254,1.214724,0.1610666,0.001795033,0.4649993,1.679723,0.006462107781582813,0,0,0,S3_f_peak,S3_f_peak,S3_f_peak
954,6.29602301684047e-05,2.7343373745658473e-07,8.0,0.004553021448671914,769.3882434324286,3.542792618068714e-13,488.4248402663099,1.5e-13,1.567882132700892,1,0,S3_peaking,1.93227,2511886000.0,1.9321210000000004,-6.699207,-4.767086,-4.766937,-8.510473,0.0003698435,0.01026282,0.00173534,0.005983457,0.7639683,0.1896015,0.2190489,0.002276511,0.4984941,0.6880956,0.008195438607609445,0,0,0,S3_nyq_boost,S3_f_peak,S3_peaking
955,2.9119983073009767e-05,9.758417353947465e-07,3.0,0.004191543082529202,206.25137669357355,3.52125985487163e-13,412.190793657127,1.5e-13,1.2531605570880158,1,0,S3_peaking,-3.239999999993248e-05,10000000.0,-1.6795268,0.8651133,-0.8144135,0.8650809,-8.142147,0.0004029761,0.004338953,0.00111112,0.0001103895,0.5485616,1.045739,0.5498527,0.002095772,-0.109597,0.9361423,0.0075447775485525635,0,0,0,S3_peaking,S3_peaking,S3_peaking
956,5.950055672869316e-05,8.815351986231352e-07,7.0,0.0026020039572433617,444.35668981645364,7.077143642625018e-13,72.77692688414672,1.5e-13,1.3737394496397206,1,0,S3_f_peak,10.322766999999999,19952620000.0,6.722325,-15.43609,-8.713765,-5.113323,-5.110026,0.0004279334,0.006125241,0.001174799,4.723379e-05,0.6640723,1.372121,0.31521,0.001301002,0.3331961,1.705317,0.004683607123038051,0,0,0,S3_f_peak,S3_f_peak,S3_f_peak
957,6.425018057592057e-05,1.5152145747346854e-07,3.0,0.004873085635807864,166.23066600472535,6.5864821582246625e-12,344.5485802898207,1.5e-13,1.2888119883057265,1,0,S3_f_peak,6.7940119999999995,1096478000.0,5.9089719999999994,6.275448,12.18442,13.06946,-0.4144806,0.0001206417,0.02107658,0.00260824,0.001303509,0.7646289,0.6090218,0.1149296,0.002436543,0.3514709,0.9604926,0.008771554144454156,0,0,0,S3_f_peak,S3_f_peak,S3_f_peak
958,8.908664915353345e-05,6.160292109038655e-07,2.0,0.0006218411058349281,613.4064573451209,2.7892539818006286e-12,240.26521615912552,1.5e-13,1.2018924878644965,1,0,S3_f_peak,7.7727976,1000000000.0,7.1347583,-7.717351,-0.5825927,0.0554466,-3.829709,0.0003161865,0.004587224,0.0008464259,2.450841e-05,0.6706558,1.305326,0.1173719,0.0003109214,0.4199698,1.725296,0.0011193139905028705,0,0,0,S3_f_peak,S3_f_peak,S3_f_peak
959,7.178596337951553e-05,2.903037646411963e-07,2.0,0.005329587755391842,206.98428727615018,1.3100030171830794e-12,134.80958924724297,1.5e-13,1.191988864195852,1,0,S3_f_peak,7.296134,3311311000.0,7.123653000000001,-2.908319,4.215334,4.387815,-2.727154,0.0001824668,0.01642451,0.002985154,0.0003608071,0.6725297,1.194363,0.1791327,0.002664794,0.246397,1.44076,0.009593257959705316,0,0,0,S3_f_peak,S3_f_peak,S3_f_peak
960,5.9051404319696756e-05,2.842154098636218e-07,7.0,0.0011490689590665261,139.72701289342805,7.93257891694073e-13,328.39000186785734,1.5e-13,1.3282105520877876,1,0,S3_peaking,0.490065,1445440000.0,0.037367999999999846,3.427109,3.464477,3.917174,-7.841542,0.0002527484,0.007499487,0.001292598,0.0001144792,0.7432659,1.142584,0.1219674,0.0005745345,0.468745,1.611329,0.002068324126319747,0,0,0,S3_nyq_boost,S3_peaking,S3_nyq_boost
961,3.6707050461049306e-05,9.89211770204157e-07,5.0,0.0017327597092018693,332.23709786503775,2.8274712733537028e-12,179.75242943526723,1.5e-13,1.3538362915428968,1,1,,4.316463,1380384000.0,4.170937,-8.399604,-4.228667,-4.083141,-6.087952,0.000384592,0.003684578,0.0007221457,2.878492e-05,0.653645,1.362371,0.3506999,0.0008663799,0.2818946,1.644266,0.0031189674765633646,1,1,1,,,
962,8.053872046562636e-05,1.690173942069458e-07,4.0,0.003837277242436344,52.99076052358105,7.562686398958498e-13,469.9756962225783,1.5e-13,1.2122432051210335,1,0,S3_peaking,-6.999999999912632e-05,10000000.0,-2.7892199999999985,13.56768,10.77846,13.56761,-1.209023,0.0001396687,0.0210862,0.00297621,0.0008875996,0.7475614,0.5848619,0.1107262,0.001918639,0.3134246,0.8982865,0.00690709903638542,0,0,0,S3_peaking,S3_peaking,S3_peaking
963,4.2920495996163875e-05,4.1885637911988134e-07,7.0,0.0022229840191716694,182.4094098822295,1.3998877107711916e-13,168.11826384019628,1.5e-13,1.1804690163388456,1,0,S3_peaking,-7.000000000090267e-06,10000000.0,-0.4060060000000001,-3.524385,-3.930391,-3.524392,-9.840395,0.0003400568,0.007104435,0.00135304,7.988266e-05,0.680364,1.384342,0.218762,0.001111493,0.2287955,1.613137,0.004001371234509005,0,0,0,S3_peaking,S3_peaking,S3_peaking
964,7.602873307537606e-05,2.630011398317878e-07,1.0,0.0037336092331505693,63.06986355399327,3.1526517080069557e-12,605.8363682437237,1.5e-13,1.4711140233576856,1,0,S3_nyq_boost,0.006139000000000117,398107200.0,-0.7749289999999998,4.459662,3.684733,4.465801,-5.62529,0.0001844013,0.01171942,0.001853365,0.004425838,0.728356,0.1720959,0.1598528,0.001866805,0.496926,0.6690219,0.006720496619671025,0,0,0,S3_peaking,S3_nyq_boost,S3_peaking
965,9.608401714285201e-05,7.140807214597735e-07,6.0,0.0011845279551868614,633.0295072232734,5.078811876215133e-13,86.22412849416041,1.5e-13,1.3740750083037596,1,0,S3_f_peak,11.853413,19952620000.0,7.919665,-15.83395,-7.914285,-3.980537,-3.977898,0.0004552047,0.006320095,0.001132443,3.576379e-05,0.6939353,1.233814,0.1622263,0.0005922641,0.5151182,1.748932,0.0021321503193363505,0,0,0,S3_f_peak,S3_f_peak,S3_f_peak
966,8.770589617063031e-05,2.7637048288749426e-07,6.0,0.00705965138151173,805.4345902218566,3.303902056740954e-12,50.640574998151386,1.5e-13,1.2187277941833565,1,0,S3_peaking,20.5626373,3467369000.0,20.49260584,-20.45112,0.04148584,0.1115173,-2.531461,0.0001905417,0.02167714,0.003962709,0.0005220764,0.6840006,1.359316,0.1882429,0.003529826,0.2619299,1.621246,0.012707372486721115,0,0,0,S3_peaking,S3_peaking,S3_peaking
967,8.030249691581788e-05,2.9873779192340474e-07,6.0,0.0017452843662063278,67.27281577193163,8.547775915479348e-12,135.46521440454606,1.5e-13,1.208548016313265,1,0,S3_peaking,2.7036895,1380384000.0,2.4606185,0.1197235,2.580342,2.823413,-5.021172,0.0001968955,0.01096069,0.001930328,0.0001824017,0.7038358,1.309495,0.1246124,0.0008726422,0.3722916,1.681786,0.00314151185917139,0,0,0,S3_peaking,S3_peaking,S3_peaking
968,8.950529089097729e-05,2.5942112208581203e-07,7.0,0.0009891271587986826,232.89271684276568,4.611060052468308e-13,66.12457110121267,1.5e-13,1.4444864188266104,1,0,S3_f_peak,4.510819000000001,6606934000.0,3.2066160000000004,-11.80347,-8.596854,-7.292651,-8.623177,0.0003616075,0.008392199,0.001310744,0.0001638774,0.7583541,1.155612,0.0931426,0.0004945636,0.6116854,1.767297,0.0017804288858376286,0,0,0,S3_f_peak,S3_f_peak,S3_f_peak
969,8.388906439339358e-05,4.3459600915553935e-07,3.0,0.0008895070348121481,976.2594559648696,4.6574629770376495e-12,261.6692368729803,1.5e-13,1.59924668224266,1,0,S3_f_peak,12.733026,758577600.0,11.419642,-8.886293,2.533349,3.846733,-5.56948,0.0002547178,0.006420562,0.001010079,6.424243e-05,0.7460329,0.941666,0.1176384,0.0004447535,0.7419557,1.683622,0.0016011126626618666,0,0,0,S3_f_peak,S3_f_peak,S3_f_peak
970,8.127033057726622e-05,1.8498518189243e-07,6.0,0.0013302026233890747,277.09371494392747,4.394269821916602e-13,207.27452083546905,1.5e-13,1.5835177248751593,1,0,S3_f_peak,3.4885260000000002,3311311000.0,3.271904,-1.889763,1.382141,1.598763,-6.338142,0.0002409005,0.01090787,0.001374704,0.0003143994,0.7975594,0.9478758,0.08458209,0.0006651017,0.7142656,1.662141,0.0023943647221003343,0,0,0,S3_f_peak,S3_f_peak,S3_f_peak
971,4.78677897822584e-05,1.9078323482307478e-07,2.0,0.0042827136332819786,128.32929705722327,1.3702583816962932e-12,65.58163821766375,1.5e-13,1.219694229482188,1,0,S3_f_peak,5.6544109,5011872000.0,4.949949,-6.633344,-1.683395,-0.9789331,-4.324396,0.0001980945,0.01595314,0.002475301,0.0004843233,0.7154591,1.380351,0.1389149,0.002141357,0.2792124,1.659563,0.007708884539907561,0,0,0,S3_f_peak,S3_f_peak,S3_f_peak
972,8.650336311579123e-05,9.303041593595543e-07,3.0,0.0010188323007224774,150.76167763406409,4.806837255337827e-13,79.71063019757938,1.5e-13,1.4914574081967926,1,0,S3_f_peak,7.99793,19952620000.0,1.45275,-11.36293,-9.91018,-3.365,-3.360708,0.0004409352,0.00487181,0.0008670118,2.617374e-05,0.6951377,1.153176,0.1825825,0.0005094173,0.6062184,1.759394,0.0018338981413004594,0,0,0,S3_f_peak,S3_f_peak,S3_f_peak
973,3.902579814998935e-05,6.520633639363641e-07,6.0,0.003777980747491983,979.152380117619,1.2301546862866495e-12,262.1909142838616,1.5e-13,1.5999156468642513,1,1,,11.650828999999998,1513561000.0,11.147257,-9.149515,1.997742,2.501314,-6.959132,0.0002938318,0.006318533,0.001141184,0.0001306303,0.6969045,0.9080574,0.3765729,0.001888991,0.3966665,1.304724,0.00680036534548557,1,0,1,,S3_peaking,
974,9.282995200855034e-05,1.524312496869473e-07,7.0,0.001287175421495508,98.99316315332271,6.953741292938241e-13,358.7907839242544,1.5e-13,1.4057354266596545,1,0,S3_peaking,-2.3999999999801958e-05,10000000.0,-1.3032059999999994,6.848888,5.545682,6.848864,-6.033705,0.0001817795,0.01111263,0.001163834,0.0005010865,0.7964813,0.9668433,0.06433612,0.0006435924,0.6022433,1.569087,0.0023169157586919145,0,0,0,S3_peaking,S3_peaking,S3_peaking
975,5.580992026533825e-05,8.761126271124957e-07,3.0,0.0044741501186610945,554.3146045734817,3.235071520830334e-12,100.68337408955179,1.5e-13,1.4848768252187619,1,0,S3_f_peak,10.128803,2754229000.0,10.127064,-13.56086,-3.433796,-3.432057,-3.781887,0.0002939958,0.007039135,0.00141872,8.719459e-05,0.6410129,1.272374,0.3955786,0.002237075,0.3023901,1.574764,0.00805347021358997,0,1,1,S3_f_peak,,
976,7.752899633925492e-05,2.9348395036424644e-07,4.0,0.0009273924383428558,160.2272871858524,1.165368078630798e-13,61.7057520066174,1.5e-13,1.3391477239032543,1,0,S3_peaking,0.3712599999999995,10964780000.0,0.0686599999999995,-11.40632,-11.33766,-11.03506,-11.18187,0.0004196363,0.007468121,0.00121593,0.0001245461,0.7261228,1.248448,0.09853578,0.0004636984,0.522939,1.771387,0.0016693063890171405,0,0,0,S3_f_peak,S3_peaking,S3_peaking
977,6.65284595199648e-05,2.2892467941488181e-07,2.0,0.0019302403134522942,235.4419907267391,3.8011741790635754e-13,138.64618044992696,1.5e-13,1.43422368230818,1,0,S3_f_peak,3.8242139999999996,4786301000.0,2.829231,-4.072036,-1.242805,-0.247822,-5.653112,0.0002545415,0.01240494,0.001827588,0.0002850425,0.7424069,1.110843,0.1109366,0.0009651202,0.5553463,1.66619,0.00347443256421413,0,0,0,S3_f_peak,S3_f_peak,S3_f_peak
978,6.786735497744805e-05,1.998906418820043e-07,1.0,0.000789381895811609,60.24795665614823,7.343626861758247e-12,200.71930840505834,1.5e-13,1.4670579901707779,1,0,S3_peaking,1.3836073,1047129000.0,0.7201863,0.9748587,1.695045,2.358466,-8.459247,0.000222963,0.007105142,0.000956959,0.0001380599,0.7681108,1.089765,0.0714334,0.000394691,0.6310124,1.720778,0.0014208874124608964,0,0,0,S3_peaking,S3_peaking,S3_peaking
979,5.780654347495564e-05,3.1424454042926676e-07,6.0,0.001256331274404078,314.4615461206757,9.273991125994848e-12,61.228003150272414,1.5e-13,1.4497453469524602,1,1,,7.479286000000001,1513561000.0,7.448527,-14.32961,-6.881083,-6.850324,-9.151202,0.0002926384,0.007555057,0.001247998,0.0001111554,0.748561,1.19281,0.1321601,0.0006281689,0.5687282,1.761539,0.0022613962939273405,1,1,1,,,
980,6.574333610516774e-05,5.256425022123e-07,2.0,0.0020991825853405913,338.35750832514094,5.211945162258172e-13,698.0573576987571,1.5e-13,1.3616300949686202,1,0,S3_nyq_boost,0.45103199999999966,954992600.0,-1.205247,6.118837,4.91359,6.569869,-5.757085,0.00026928,0.007697837,0.001391351,0.0001370477,0.682983,0.6327729,0.1997938,0.001049591,0.4345521,1.067325,0.0037785286536130645,0,0,0,S3_nyq_boost,S3_nyq_boost,S3_nyq_boost
981,3.0680855668740735e-05,6.855578001884476e-07,7.0,0.0017750902595168882,540.7486672823452,7.544836169124889e-13,132.17542701290247,1.5e-13,1.575581712412901,1,0,S3_f_peak,5.979065,2630268000.0,5.9756,-12.72579,-6.75019,-6.746725,-9.893663,0.0004477559,0.003995353,0.0007005883,3.953837e-05,0.714162,1.207068,0.3106641,0.0008875451,0.4756204,1.682688,0.0031951624671303987,0,0,0,S3_f_peak,S3_f_peak,S3_f_peak
982,7.759034798107308e-05,5.523777980570651e-07,4.0,0.0009485970319878228,276.13162041086645,1.821393247490188e-12,670.2484129120696,1.5e-13,1.2746658219222697,1,0,S3_nyq_boost,2.772444,758577600.0,-1.004887,5.82446,4.819573,8.596904,-4.920016,0.0002676295,0.005750021,0.00103309,4.264205e-05,0.6879921,1.038025,0.1402947,0.0004742997,0.4440766,1.482102,0.001707474657578081,0,0,0,S3_nyq_boost,S3_nyq_boost,S3_nyq_boost
983,6.859573496445226e-05,4.333422174816856e-07,4.0,0.0008990284147868484,188.7689893174014,3.5936733433264894e-13,145.14898157512738,1.5e-13,1.1621502985161576,1,0,S3_peaking,0.9774340000000006,3467369000.0,0.8650020000000005,-5.786475,-4.921473,-4.809041,-8.018703,0.0003641867,0.005925072,0.001078911,5.508492e-05,0.680588,1.378569,0.124878,0.0004495151,0.3561824,1.734752,0.0016182511466163272,0,0,0,S3_peaking,S3_peaking,S3_peaking
984,4.2409363179364776e-05,3.150238893025263e-07,1.0,0.001030854641714685,583.6242916451597,6.408494845961269e-13,678.9856863904394,1.5e-13,1.237729521394892,1,0,S3_f_peak,4.250502,1202264000.0,2.453799,2.330236,4.784035,6.580738,-9.367322,0.0002799236,0.00610155,0.001041684,8.60527e-05,0.6956426,1.061012,0.1286062,0.0005154288,0.3890204,1.450032,0.001855538355086433,0,1,0,S3_f_peak,,S3_f_peak
985,5.847921406920791e-05,7.068676197853979e-07,6.0,0.00303301218954552,252.27811266358273,9.376635101451353e-12,598.0566467972686,1.5e-13,1.5997075274730195,1,0,S3_f_peak,4.264219,436515800.0,0.8118259999999999,4.016813,4.828639,8.281032,-4.190814,0.0002313525,0.006498636,0.00115707,0.0006655654,0.7041568,0.3830955,0.3100222,0.001516506,0.5099479,0.8930434,0.005459421941181936,0,0,0,S3_f_peak,S3_f_peak,S3_f_peak
986,8.615013440559503e-05,4.7645055383817674e-07,6.0,0.0009659007795740523,68.55838844287656,2.7110114548534625e-13,728.5227203097152,1.5e-13,1.4448598916998638,1,0,S3_peaking,-0.00027000000000043656,10000000.0,-6.757469,11.05686,4.299391,11.05659,-6.396425,0.0002555552,0.006404116,0.001070601,6.570742e-05,0.726907,0.8510139,0.1277041,0.0004829522,0.5971458,1.44816,0.0017386214032332943,0,0,0,S3_peaking,S3_peaking,S3_peaking
987,2.2943544912773473e-05,3.5555042754377556e-07,3.0,0.0038183748446459637,743.1419516805234,2.7217931574877843e-13,452.51031063554535,1.5e-13,1.2516730844219546,1,1,,4.1088157,2187762000.0,4.0642683,-3.109121,0.9551473,0.9996947,-10.46908,0.0003468491,0.005953134,0.001211423,0.0002319399,0.6532322,0.8481086,0.3086495,0.001909187,0.08796443,0.936073,0.006873074720362735,1,1,1,,,
988,5.985376259560164e-05,9.4318271696308e-07,5.0,0.003980837956312032,396.1714473724332,5.2376779029879645e-12,580.2925201865564,1.5e-13,1.287432336081227,1,0,S3_f_peak,5.985695,524807500.0,2.8032920000000003,1.903242,4.706534,7.888937,-2.362654,0.000244172,0.006368791,0.001376892,0.0005581073,0.6121424,0.4936042,0.3948867,0.001990419,0.1513706,0.6449748,0.007165508321361658,0,0,0,S3_f_peak,S3_f_peak,S3_f_peak
989,6.509569931413931e-05,1.549136889437968e-07,4.0,0.004075261157955747,826.2542192763692,4.689467365607096e-12,60.29914113818265,1.5e-13,1.536638279662272,1,0,S3_peaking,19.924602,2630268000.0,19.923797999999998,-18.83035,1.093448,1.094252,-2.567533,0.0001646088,0.02053804,0.002184855,0.0009286366,0.7943779,1.063011,0.1057861,0.002037631,0.614122,1.677133,0.007335470084320344,0,0,0,S3_peaking,S3_peaking,S3_peaking
990,3.1409361303186165e-05,5.519755319393398e-07,6.0,0.002405044234927843,354.37949516579397,1.9686112532497264e-12,234.14847702861871,1.5e-13,1.300758982593675,1,1,,5.4515622,1318257000.0,4.88822377,-4.836265,0.05195877,0.6152972,-9.205718,0.0003068588,0.005173721,0.0009846171,5.546758e-05,0.6725045,1.29312,0.3051678,0.001202522,0.2253108,1.518431,0.004329079622870118,0,1,1,S3_f_peak,,
991,5.5718109667073e-05,9.865388080563448e-07,3.0,0.003582079008598595,179.43734581037188,1.331752931724039e-12,63.43498795068221,1.5e-13,1.3907185045044028,1,0,S3_f_peak,8.035064,19952620000.0,3.6423419999999993,-12.68027,-9.037928,-4.645206,-4.640454,0.0003825037,0.006119446,0.00126511,5.716755e-05,0.6268598,1.430732,0.385159,0.00179104,0.255653,1.686385,0.006447742215477471,0,0,0,S3_f_peak,S3_f_peak,S3_f_peak
992,8.99877501011203e-05,8.274156260078588e-07,4.0,0.006362545136796748,666.4882212807189,3.978633141233083e-12,220.14563244569806,1.5e-13,1.5660794049081344,1,0,S3_peaking,13.233562,1148154000.0,12.632689,-7.246796,5.385893,5.986766,-0.1294279,0.0002027705,0.01080437,0.00208621,0.0003313367,0.6623381,0.6931834,0.3672797,0.003181273,0.4064734,1.099657,0.011452581246234148,0,0,0,S3_f_peak,S3_peaking,S3_peaking
993,4.637189364050297e-05,2.1578183767235653e-07,1.0,0.007479769871522427,523.4081290962058,4.072786002029616e-13,223.43254710944268,1.5e-13,1.1806500110751799,1,0,S3_f_peak,8.227784999999999,3981072000.0,7.549920999999999,-5.216263,2.333658,3.011522,-4.405598,0.0002523996,0.01386332,0.002516893,0.0007427888,0.6752908,0.8450365,0.1805511,0.003739885,0.1193515,0.964388,0.013463585768740368,0,0,0,S3_f_peak,S3_f_peak,S3_f_peak
994,8.690405636143839e-05,2.0184958178215212e-07,2.0,0.0023587739351835523,293.424647225906,3.2867738250741845e-12,273.92422323018997,1.5e-13,1.5237950153523214,1,1,,9.437386,1380384000.0,8.748578,1.219844,9.968422,10.65723,-2.53365,0.0001485954,0.01636793,0.002199807,0.0004090596,0.7675033,0.8450026,0.09855507,0.001179422,0.6319348,1.476937,0.004245793083330394,0,1,1,S3_f_peak,,
995,6.769633559728466e-05,4.7129044264423054e-07,5.0,0.002055582022242268,634.3611507298909,7.55095716254702e-12,567.4058793480173,1.5e-13,1.2427755577750053,1,0,S3_f_peak,11.267233899999999,457088200.0,6.9979709,0.9789761,7.976947,12.24621,-4.944949,0.000208019,0.008363678,0.001536571,0.0001146252,0.6806803,0.8727897,0.185346,0.001027791,0.3440356,1.216825,0.003700047640036083,0,0,0,S3_f_peak,S3_f_peak,S3_f_peak
996,7.746076016729e-05,8.050267198605129e-07,4.0,0.0011224751109506824,183.95279447413972,1.4821790340970057e-12,117.81797433267208,1.5e-13,1.2394139692886073,1,0,S3_f_peak,5.027839999999999,19952620000.0,3.2229409999999996,-8.191951,-4.96901,-3.164111,-3.162867,0.0003504379,0.005212406,0.0009973344,2.808677e-05,0.6603998,1.350898,0.1825154,0.0005612388,0.3829775,1.733876,0.0020204551997112285,0,0,0,S3_f_peak,S3_f_peak,S3_f_peak
997,6.822456109607247e-05,9.918583221173312e-07,2.0,0.0006975726764485779,233.34205878747912,3.484711571389599e-13,79.43631157051796,1.5e-13,1.2692033616057596,1,0,S3_f_peak,9.517534999999999,19952620000.0,1.8809900000000006,-14.60755,-12.72656,-5.090015,-5.085285,0.0005836146,0.003483742,0.000667325,1.598856e-05,0.6571143,1.34426,0.1752413,0.0003487863,0.4280331,1.772293,0.00125563081760744,0,0,0,S3_f_peak,S3_f_peak,S3_f_peak
998,4.988715087360845e-05,9.720094178963154e-07,2.0,0.006450993140117311,668.2041789221415,1.6643483609858771e-12,276.574782904218,1.5e-13,1.1510702913800228,1,1,,10.036594000000001,1380384000.0,9.444828000000001,-6.433206,3.011622,3.603388,-3.271819,0.0002977231,0.006931948,0.001803016,0.0001681175,0.5216473,1.057225,0.5005419,0.003225497,-0.149316,0.907909,0.01161178765221116,1,1,1,,,
999,2.786845513752446e-05,1.7571166110821867e-07,4.0,0.0007234867259301663,883.9279715993126,6.382751878155314e-13,238.98808379839258,1.5e-13,1.432877721917348,1,1,,8.733406899999999,1905461000.0,8.582280999999998,-9.69672,-1.114439,-0.9633131,-12.26933,0.0003491316,0.004781494,0.0006422464,0.0001358568,0.8002536,1.159108,0.1015179,0.0003617434,0.5544393,1.713548,0.0013022761066742994,1,1,1,,,
1000,5.103208771381899e-05,5.411639585318422e-07,5.0,0.0008237462375796457,102.28087348718762,1.1808878247040345e-12,57.07394764867194,1.5e-13,1.3648382725275097,1,0,S3_f_peak,3.95894,19952620000.0,1.3331499999999998,-14.10916,-12.77601,-10.15022,-10.14673,0.0004896254,0.004370544,0.0007627685,3.208213e-05,0.7108254,1.281769,0.1565156,0.0004118735,0.494724,1.776493,0.0014827432276433624,0,0,0,S3_f_peak,S3_f_peak,S3_f_peak
1001,3.110105534074617e-05,1.74673908746571e-07,7.0,0.0034897579971760076,109.33041138380241,5.049794911600613e-12,153.4727528671363,1.5e-13,1.3886774703915963,1,1,,3.9835857,1584893000.0,3.8075316999999997,-0.3646067,3.442925,3.618979,-5.569966,0.0001911044,0.01110104,0.00165468,0.0003817437,0.7724827,1.155702,0.1729058,0.001744879,0.3765063,1.532209,0.0062815643949168136,1,1,1,,,
1002,5.135826888289855e-05,2.0053892336946998e-07,1.0,0.0008506463675238197,106.57797342104399,6.102168588200554e-13,394.52585092610934,1.5e-13,1.282711253137266,1,0,S3_peaking,-3.900000000012227e-05,10000000.0,-1.879382,5.34267,3.463288,5.342631,-9.0536,0.0002397339,0.006991988,0.001012833,0.0001443529,0.7400711,1.177773,0.07976507,0.0004253232,0.4544255,1.632198,0.0015311634615428754,0,0,0,S3_peaking,S3_peaking,S3_peaking
1003,4.511902535547285e-05,8.804536016802939e-07,6.0,0.00460985091779378,59.23199605090532,6.127793309549368e-13,331.6650986848942,1.5e-13,1.334039649938644,1,0,S3_peaking,-4.300000000068138e-05,10000000.0,-1.9772210000000001,4.369677,2.392456,4.369634,-5.186533,0.0002788173,0.006372219,0.001378552,0.0001339171,0.6147364,0.9383181,0.4565104,0.002304925,0.09721857,1.035537,0.008297731652028803,0,0,0,S3_peaking,S3_peaking,S3_peaking
1004,8.554505780337326e-05,2.453623584732452e-07,6.0,0.0007327736588912938,243.8733944050881,1.806857095350556e-13,504.0789720633313,1.5e-13,1.4822975741756708,1,0,S3_peaking,-0.0001129999999998077,10000000.0,-3.6909422999999997,4.444088,0.7531457,4.443975,-9.236952,0.0003010942,0.006772019,0.001019374,0.0001540625,0.7675816,0.9596311,0.08371279,0.0003663869,0.655681,1.615312,0.0013189925860043288,0,0,0,S3_peaking,S3_peaking,S3_peaking
1005,2.6391472457290228e-05,6.739836714069237e-07,5.0,0.0018705782113556714,79.15477781694003,4.355087083815625e-12,85.59981538004234,1.5e-13,1.5079510945344672,1,0,S3_peaking,1.2215500000000006,2290868000.0,1.2203600000000012,-11.27696,-10.0566,-10.05541,-11.26565,0.0004553807,0.003765327,0.0006842662,3.635706e-05,0.6947525,1.336737,0.3332231,0.0009352891,0.3832027,1.719939,0.0033670407804402085,0,0,0,S3_f_peak,S3_peaking,S3_peaking
1006,3.887442582827279e-05,4.067727988484958e-07,3.0,0.001270068920641178,137.17965167802717,2.2100834353681004e-13,78.35796517650316,1.5e-13,1.4631278300384332,1,0,S3_peaking,0.3931300000000011,5754399000.0,0.18063000000000073,-10.60017,-10.41954,-10.20704,-11.70338,0.0004372493,0.00545074,0.0009205645,6.977274e-05,0.7228519,1.211639,0.1745493,0.0006350346,0.5386009,1.75024,0.0022861240571541205,0,0,0,S3_peaking,S3_peaking,S3_peaking
1007,7.448575354865527e-05,8.145222558456013e-07,5.0,0.0063009937143281985,84.49470372038687,2.5412877679324295e-13,56.931849630733964,1.5e-13,1.468741325805266,1,0,S3_f_peak,2.644469999999999,19952620000.0,0.1456590000000002,-8.506305,-8.360646,-5.861835,-5.858053,0.0003156384,0.01003101,0.002007793,0.0001208972,0.6445667,1.330367,0.3885617,0.003150497,0.2902698,1.620636,0.011341788685790758,0,0,0,S3_f_peak,S3_f_peak,S3_f_peak
1008,9.384972715914964e-05,3.9682746581027416e-07,5.0,0.0037470971907875815,330.77204460008414,9.173561359508155e-13,119.86401988099392,1.5e-13,1.2838525356349888,1,0,S3_f_peak,9.044424,3630781000.0,8.679956,-6.987482,1.692474,2.056942,-3.17057,0.0002239277,0.01453368,0.002616359,0.0002031961,0.6860017,1.204422,0.1819084,0.001873549,0.3710064,1.575429,0.006744774943417647,0,0,0,S3_f_peak,S3_f_peak,S3_f_peak
1009,3.728549319788365e-05,4.714889495229456e-07,7.0,0.006472793172602642,403.36059939067906,8.344935251956821e-13,273.24738103318873,1.5e-13,1.30905843009527,1,1,,6.555868,2187762000.0,6.494018,-2.777023,3.716995,3.778845,-6.667188,0.0002574834,0.008663233,0.00179293,0.0003163116,0.6417172,0.858933,0.3892536,0.003236397,0.05673009,0.9156631,0.011651027710684757,1,1,1,,,
1010,8.445698356650983e-05,9.994585761827486e-07,4.0,0.004905580623276797,92.93925393996223,1.0710936767778958e-12,378.5993812997822,1.5e-13,1.5306374865672594,1,0,S3_peaking,-4.399999999993298e-05,10000000.0,-1.7100019999999998,5.063178,3.353176,5.063134,-0.5992728,0.0002426149,0.008177985,0.001623698,0.0006422749,0.6512045,0.4931875,0.3843802,0.002452791,0.3781876,0.8713751,0.008830045121898234,0,0,0,S3_peaking,S3_peaking,S3_peaking
1011,4.630599820696539e-05,3.5959539289888484e-07,7.0,0.0009224184631534551,378.8657622921129,2.8920216954283838e-12,132.9602664480042,1.5e-13,1.4657343984416933,1,1,,6.311381000000001,1445440000.0,6.1351320000000005,-9.871736,-3.736604,-3.560355,-9.784989,0.0003267482,0.005277618,0.0008879736,5.75663e-05,0.755776,1.164161,0.1404372,0.0004612093,0.574517,1.738677,0.0016603532336762193,1,1,1,,,
1012,5.4754068776538594e-05,1.5024790247244266e-07,7.0,0.0009750057446120769,654.5356591458872,8.708760836454158e-12,462.28308696794153,1.5e-13,1.4161439980043793,1,0,S3_f_peak,9.836459000000001,457088200.0,7.020847,-1.465122,5.555725,8.371337,-8.888923,0.0001986742,0.007058866,0.0006881552,0.0004175163,0.8052213,0.963259,0.07143155,0.0004875096,0.6113766,1.574636,0.0017550103403017384,0,0,0,S3_f_peak,S3_f_peak,S3_f_peak
1013,6.956480999695478e-05,3.822633624554745e-07,2.0,0.00726271489682723,731.2292677901281,8.147025173777915e-13,191.45880836581497,1.5e-13,1.469665704421044,1,0,S3_f_peak,13.24056,2884032000.0,13.167458,-8.754766,4.412692,4.485794,-3.573268,0.0002325765,0.01397056,0.002538542,0.0005255836,0.6851623,0.7279549,0.2512285,0.003631357,0.3767897,1.104745,0.013072886814289014,0,0,0,S3_f_peak,S3_f_peak,S3_f_peak
1014,9.743603630282187e-05,9.58245780329072e-07,7.0,0.004628578184931486,78.63657458943506,1.688134402508806e-13,59.02069480278431,1.5e-13,1.2830919408579282,1,0,S3_f_peak,3.281757,19952620000.0,0.23811400000000038,-8.137995,-7.899881,-4.856238,-4.852214,0.0003079709,0.009762593,0.002011127,7.704975e-05,0.6280115,1.427499,0.3340749,0.002314289,0.2359099,1.663409,0.008331440732876675,0,0,0,S3_f_peak,S3_f_peak,S3_f_peak
1015,2.697859921935321e-05,2.601475657101878e-07,2.0,0.0013564968579997925,420.2156488887484,4.760608972390478e-13,94.13245864733655,1.5e-13,1.584500056827926,1,0,S3_f_peak,6.178438,4168694000.0,5.666124,-12.98044,-7.314316,-6.802002,-11.42084,0.0004051825,0.005888527,0.0009029079,0.0001428789,0.7597404,1.108334,0.1574511,0.0006782484,0.6278211,1.736155,0.0024416943443996268,0,0,0,S3_f_peak,S3_f_peak,S3_f_peak
1016,2.821206132376079e-05,3.748263735065792e-07,7.0,0.002993387089399941,105.99159947867564,3.331426132762169e-13,197.4901372787897,1.5e-13,1.1369483246023475,1,0,S3_peaking,-7.000000000090267e-06,10000000.0,-0.4753860000000001,-1.09578,-1.571166,-1.095787,-9.891997,0.0003040003,0.006398431,0.001314065,9.889687e-05,0.6555009,1.420617,0.2769769,0.001496694,0.08379971,1.504417,0.005388096760919894,0,0,0,S3_peaking,S3_peaking,S3_peaking
1017,4.7923264327929684e-05,1.6014547234542737e-07,2.0,0.002656203686040099,516.5884590048843,1.0766453518722857e-13,415.4632275790103,1.5e-13,1.4360753987781623,1,0,S3_peaking,-3.56000000000245e-05,10000000.0,-1.2281897000000002,0.5687084,-0.6594813,0.5686728,-6.578764,0.0002992006,0.01405915,0.001692139,0.0005972482,0.7782707,0.7392231,0.106173,0.001328102,0.5089994,1.248223,0.004781166634872178,0,0,0,S3_peaking,S3_peaking,S3_peaking
1018,6.081770469473797e-05,1.7104346075331596e-07,7.0,0.007950604855391633,91.64384702077342,3.2505679137218253e-12,208.18821549387926,1.5e-13,1.1785645752275313,1,1,,4.430191000000001,2089296000.0,4.384963000000001,5.389887,9.77485,9.820078,-0.2531619,0.000131771,0.02182597,0.003680137,0.00108,0.7353879,0.798226,0.1754824,0.003975302,0.1741629,0.9723889,0.01431108873970494,1,0,1,,S6_power,
1019,9.229919605792256e-05,7.588286890708526e-07,1.0,0.0005926454197264325,114.73543015278361,1.5784495396520926e-13,192.8633049177627,1.5e-13,1.251197268324017,1,0,S3_peaking,-3.000000000419334e-06,10000000.0,-0.14985300000000024,-4.105453,-4.255306,-4.105456,-5.571521,0.0003764923,0.004163165,0.0007724612,1.974218e-05,0.6675405,1.281166,0.1260172,0.0002963236,0.461684,1.74285,0.0010667617555075784,0,0,0,S3_peaking,S3_peaking,S3_peaking
1020,2.1227594590312118e-05,2.9694765410264576e-07,7.0,0.00395819767973518,134.62009409462823,5.4299615904589795e-12,58.82659100446797,1.5e-13,1.379238536903935,1,1,,3.521987000000001,2089296000.0,3.515511,-12.09538,-8.579869,-8.573393,-11.67846,0.0003355733,0.006492275,0.001242506,0.0001315956,0.6980255,1.493767,0.307045,0.001979099,0.1898093,1.683576,0.007124755823523323,0,1,1,S3_peaking,,
1021,4.587023434850751e-05,8.055434339441693e-07,5.0,0.0029467065603909427,259.75883322553904,4.440142400086e-12,732.3668803638341,1.5e-13,1.1457729516602528,1,0,S3_nyq_boost,3.796894,524807500.0,-0.9238759999999999,6.105812,5.181936,9.902706,-5.075155,0.0002624767,0.005561678,0.001209563,0.0001592383,0.6070731,0.6452432,0.3512793,0.001473353,0.0757216,0.7209649,0.005304071808703697,0,0,0,S3_nyq_boost,S3_nyq_boost,S3_nyq_boost
1022,7.884504256558171e-05,9.558705230219387e-07,2.0,0.0018575182541588568,141.53902979078265,8.431220207462336e-12,71.86404540417612,1.5e-13,1.5787309748003726,1,0,S3_f_peak,9.091089,19952620000.0,3.9031889999999994,-10.97421,-7.071021,-1.883121,-1.878662,0.0003165569,0.00589287,0.001060801,4.236818e-05,0.6914658,1.129883,0.2475305,0.0009287592,0.6033722,1.733256,0.0033435328574859422,0,0,0,S3_f_peak,S3_f_peak,S3_f_peak
1023,9.676676010575408e-05,2.094029109560183e-07,3.0,0.0016524507274224775,226.10864328733732,2.3291512105181984e-12,87.59091683395108,1.5e-13,1.296865848517539,1,0,S3_f_peak,7.8887259,2754229000.0,7.875843199999999,-7.570904,0.3049392,0.3178219,-4.894443,0.0001959514,0.01334526,0.001975172,0.0003120268,0.734871,1.256893,0.08541972,0.0008262254,0.4707359,1.727629,0.0029744113093604597,0,0,0,S3_f_peak,S3_f_peak,S3_f_peak
1024,4.195722528641376e-05,1.84501849025269e-07,5.0,0.0006476660239708393,893.5320868374253,4.368703795990111e-12,168.23722210330996,1.5e-13,1.5230159207621963,1,0,S3_f_peak,10.918311,912010800.0,10.407837,-12.58136,-2.173523,-1.663049,-11.34635,0.000299476,0.005176779,0.0006824468,0.0001472363,0.8023668,1.083537,0.0871339,0.0003238341,0.6619821,1.745519,0.0011657988431475108,0,0,0,S3_f_peak,S3_f_peak,S3_f_peak
1025,4.641606271222316e-05,2.125658983424726e-07,4.0,0.0021417527431399903,135.01462583966313,9.130640653482127e-13,694.6634577548781,1.5e-13,1.3063692640464506,1,0,S3_peaking,-4.000000000026205e-05,10000000.0,-2.3771059999999995,10.71462,8.337514,10.71458,-5.810712,0.0001990635,0.01061434,0.001722889,0.0004128514,0.7399163,0.6622713,0.1389449,0.001070876,0.39383,1.056101,0.0038551549376519825,0,0,0,S3_peaking,S3_peaking,S3_peaking
1026,2.155659779729443e-05,5.712483930493408e-07,2.0,0.0019548171394422986,610.0599561593947,2.4897508139598736e-12,623.7283272437559,1.5e-13,1.2079375677459612,1,0,S3_f_peak,6.083647,602559600.0,2.080712,-0.497019,1.583693,5.586628,-11.83437,0.0003408645,0.003616678,0.0007463169,6.235569e-05,0.6297749,1.070488,0.3212026,0.0009774086,0.1198742,1.190363,0.0035186708509961375,0,0,0,S3_f_peak,S3_f_peak,S3_f_peak
1027,3.541076996576808e-05,3.776428675096689e-07,2.0,0.0006298610913611338,147.14306020785205,3.7044131081044375e-13,156.9777955805114,1.5e-13,1.3077292430425862,1,0,S3_peaking,0.13834699999999955,2089296000.0,0.12449400000000033,-6.865811,-6.741317,-6.727464,-12.28411,0.0004343325,0.00389031,0.0006700721,4.636725e-05,0.7061329,1.285794,0.1305895,0.0003149306,0.4647683,1.750562,0.001133749964450041,0,0,0,S3_peaking,S3_peaking,S3_peaking
1028,9.308505415677879e-05,5.840593415819565e-07,6.0,0.0011983605745275385,287.61394434296085,1.5614181403830864e-13,522.0504522555931,1.5e-13,1.5099442620877257,1,0,S3_peaking,-0.0001340000000000785,10000000.0,-4.046950000000001,4.263708,0.216758,4.263574,-6.333849,0.0003483016,0.00684433,0.001151029,5.595439e-05,0.724676,0.8521206,0.1503837,0.0005991876,0.6350771,1.487198,0.0021570490341495693,0,0,0,S3_peaking,S3_peaking,S3_peaking
1029,6.791299993544732e-05,6.366252548294471e-07,5.0,0.0033504133929865764,150.36361416586638,7.490389595904431e-13,75.55119313267916,1.5e-13,1.249057091788789,1,0,S3_f_peak,3.5577629999999996,8317638000.0,2.609425,-8.740067,-6.130642,-5.182304,-5.370326,0.0003130316,0.008670488,0.001705159,7.760352e-05,0.6502946,1.412841,0.26548,0.001675207,0.2605943,1.673435,0.006030744107375838,0,0,0,S3_f_peak,S3_f_peak,S3_f_peak
1030,6.465598138800225e-05,3.914317643085915e-07,4.0,0.007225036808195376,538.2926857697294,1.1460861159612607e-12,79.85106369511345,1.5e-13,1.5075531653314,1,0,S3_f_peak,13.271536900000001,3981072000.0,12.92678,-13.95348,-1.0267,-0.6819431,-4.395467,0.0002483724,0.01384177,0.002482328,0.0003335045,0.6942007,1.113749,0.2676094,0.003612518,0.3977871,1.511537,0.013005066254751677,0,0,0,S3_f_peak,S3_f_peak,S3_f_peak
1031,9.008857944706209e-05,6.881775825244613e-07,2.0,0.0006960146142778867,630.5433579087564,1.702892235131374e-13,187.04698597526473,1.5e-13,1.320072569088425,1,0,S3_f_peak,3.784127999999999,19952620000.0,2.5848249999999995,-9.929234,-7.344409,-6.145106,-6.144642,0.0005590945,0.004717173,0.0008497459,2.474699e-05,0.6836032,1.224753,0.1299731,0.0003480096,0.5101528,1.734906,0.0012528263057001961,0,0,0,S3_f_peak,S3_f_peak,S3_f_peak
1032,8.752511848852567e-05,5.130658911617833e-07,2.0,0.0009054994183990626,77.04460288345847,2.850679498560416e-12,88.59123625753028,1.5e-13,1.1433180285883102,1,0,S3_f_peak,1.951701,19952620000.0,1.7185059999999996,-7.384455,-5.665949,-5.432754,-5.432479,0.0003159762,0.006217983,0.001151369,4.049138e-05,0.6656329,1.407335,0.1229967,0.0004527497,0.3525541,1.759889,0.0016298989531183126,0,0,0,S3_f_peak,S3_f_peak,S3_f_peak
1033,7.16664645137411e-05,3.170769699141607e-07,3.0,0.006643756515875729,70.05317085532943,1.0612196537162862e-12,51.6022501191027,1.5e-13,1.3429777388443345,1,0,S3_f_peak,2.9937300000000002,6918310000.0,1.7868310000000003,-6.087226,-4.300395,-3.093496,-4.773721,0.0002089682,0.01646972,0.002955268,0.000374195,0.6852066,1.296109,0.2100625,0.003321878,0.3324742,1.628583,0.011958761728576312,0,0,0,S3_f_peak,S3_f_peak,S3_f_peak
1034,7.352736166704531e-05,2.9000783211590985e-07,8.0,0.0005121453957055475,135.25022146070378,4.973213112351547e-12,303.1341981090034,1.5e-13,1.355204993882237,1,0,S3_f_peak,2.03653429,794328200.0,0.45719448999999995,0.05813171,0.5153262,2.094666,-9.073608,0.0002942568,0.004613438,0.0007717769,6.740482e-05,0.7528303,1.170747,0.08601251,0.0002560727,0.5516285,1.722376,0.0009218617122699856,0,0,0,S3_peaking,S3_f_peak,S3_f_peak
1035,2.4302770754173276e-05,8.621530976887922e-07,3.0,0.005506077603852194,55.74570358518768,2.3359229956623425e-12,172.50077260084186,1.5e-13,1.1654516243263588,1,0,S3_peaking,0.44322099999999987,1659587000.0,0.31688399999999994,-3.40834,-3.091456,-2.965119,-8.826914,0.0003905136,0.004639567,0.001452485,7.535742e-05,0.495678,1.641816,0.6115487,0.002753039,-0.316717,1.325098,0.00991093968693395,0,0,0,S3_peaking,S3_peaking,S3_peaking
1036,9.749821714872875e-05,1.885326742560411e-07,2.0,0.0016338036856345254,100.7739868180034,4.883379428624513e-13,63.068772399671786,1.5e-13,1.2147063882832763,1,0,S3_f_peak,2.191796,7244360000.0,0.9915599999999998,-6.577018,-5.585458,-4.385222,-6.460172,0.0002416997,0.01342574,0.001941583,0.0002750623,0.7381696,1.352813,0.07407952,0.0008169028,0.3956647,1.748478,0.002940846634142146,0,0,0,S3_f_peak,S3_f_peak,S3_f_peak
1037,9.539210152756951e-05,4.801087389453415e-07,3.0,0.0020825284681462285,88.57764439443625,2.1485769282738275e-13,282.29453856544444,1.5e-13,1.5225735083022902,1,0,S3_peaking,-4.1000000000401826e-05,10000000.0,-1.9769260000000002,5.305549,3.328623,5.305508,-5.417594,0.0002307681,0.01021257,0.001695339,0.000115675,0.7206665,0.8867994,0.16264,0.001041264,0.6192574,1.506057,0.0037485512426632113,0,0,0,S3_peaking,S3_peaking,S3_peaking
1038,5.641922113704413e-05,1.8892500961075627e-07,5.0,0.0007066338767510774,684.8874679461226,2.3492732307189395e-13,256.6001502824367,1.5e-13,1.3042379783449385,1,0,S3_f_peak,4.742792,3019952000.0,4.607522,-7.001184,-2.393662,-2.258392,-10.63931,0.0003733186,0.006054363,0.000879121,0.0001737273,0.7605763,1.219656,0.07828249,0.0003533169,0.4896821,1.709338,0.0012719409781519393,0,0,0,S3_f_peak,S3_f_peak,S3_f_peak
1039,3.939064446226123e-05,4.0437226137588623e-07,5.0,0.0022895693302175586,59.98067970733623,2.455057785613585e-13,455.33884553685,1.5e-13,1.4083889804901488,1,0,S3_peaking,-8.599999999958641e-05,10000000.0,-3.4852089999999993,7.570695,4.085486,7.570609,-9.028096,0.0002500886,0.006849081,0.001211531,0.0001292398,0.7142197,0.8698921,0.2252611,0.001144786,0.4088429,1.278735,0.004121224794391605,0,0,0,S3_peaking,S3_peaking,S3_peaking
1040,9.688244955416176e-05,4.017688742117293e-07,5.0,0.0028327166143311835,147.91034768565802,4.169452000924016e-13,441.29424191590493,1.5e-13,1.2944577482167503,1,0,S3_peaking,-6.800000000062312e-05,10000000.0,-2.381794,8.1211,5.739306,8.121032,-4.074708,0.0002157699,0.01289452,0.002288887,0.0002155931,0.6933286,0.769746,0.1655099,0.001416359,0.4052232,1.174969,0.0050988899057961305,0,0,0,S3_peaking,S3_peaking,S3_peaking
1041,9.970633253982632e-05,5.207898273134e-07,6.0,0.00585168696127229,133.719754773954,2.8160006123287858e-12,219.75600642064762,1.5e-13,1.23778825197877,1,1,,4.794736,1737801000.0,4.520263,3.201041,7.721304,7.995777,-1.229107,0.0001703123,0.01487357,0.002894828,0.0002547997,0.6530477,0.9111086,0.2521334,0.002925843,0.2459197,1.157028,0.010533036530290122,1,1,1,,,
1042,2.0544320097129946e-05,4.483834241693931e-07,3.0,0.0010761018342532024,913.2959957493318,1.7469478737505155e-13,116.41370285954896,1.5e-13,1.520658042178041,1,0,S3_f_peak,6.075040000000001,4570882000.0,5.246410000000001,-17.20219,-11.95578,-11.12715,-14.86341,0.0007041107,0.003305458,0.0005602913,4.022356e-05,0.7330916,1.228651,0.229719,0.000538051,0.5087127,1.737363,0.0019369833016557644,0,0,0,S3_f_peak,S3_f_peak,S3_f_peak
1043,6.110584105953397e-05,7.955444126274532e-07,6.0,0.0022580432557420893,802.5660889049625,9.112784430152617e-12,57.49678679276902,1.5e-13,1.1059639229736327,1,0,S3_f_peak,15.646002,19952620000.0,12.185925999999998,-21.04969,-8.863764,-5.403688,-5.398961,0.0003415977,0.00620332,0.001295998,4.132291e-05,0.6237206,1.579362,0.2695495,0.001129022,0.155721,1.735083,0.004064477860335761,0,0,0,S3_f_peak,S3_f_peak,S3_f_peak
1044,2.255569974833591e-05,1.6278360317417755e-07,4.0,0.0034843849157972532,229.52178766711648,1.6411562065074955e-13,334.6512005727404,1.5e-13,1.1037183222576028,1,0,S3_peaking,-2.6999999999777202e-05,10000000.0,-1.2337748,2.002135,0.7683602,2.002108,-8.156463,0.000277387,0.008984597,0.001513545,0.0004070611,0.7230558,1.115937,0.1844689,0.001742192,0.1010357,1.216973,0.006271892848435056,0,0,0,S3_peaking,S3_peaking,S3_peaking
1045,3.552559383337041e-05,1.9096204419185274e-07,5.0,0.000611793611670128,547.7594943199654,2.84074935644119e-12,544.1325377009712,1.5e-13,1.1820522819985717,1,0,S3_f_peak,6.5925617,660693400.0,3.2506257,-0.2395287,3.011097,6.353033,-11.98559,0.0002846395,0.004605961,0.000762768,0.0001295772,0.7510899,1.271777,0.09318889,0.000305897,0.361773,1.63355,0.0011012285010062303,0,0,0,S3_f_peak,S3_f_peak,S3_f_peak
1046,3.130315787688297e-05,2.8164390571653937e-07,5.0,0.0010949754331849942,201.76236628401207,3.882599429987359e-12,88.42779987517774,1.5e-13,1.3480782585916753,1,1,,4.090555999999999,1737801000.0,4.043450999999999,-10.77789,-6.734439,-6.687334,-11.59543,0.0003489277,0.00542093,0.000954727,7.776241e-05,0.7468659,1.316382,0.1528876,0.0005474908,0.4352046,1.751587,0.0019709557797329895,1,1,1,,,
1047,6.057656586446837e-05,2.6730252282633745e-07,7.0,0.0006485811255106385,377.403999171199,2.2916031251452977e-13,216.43687434335737,1.5e-13,1.521079444517042,1,0,S3_peaking,1.4968709999999996,3019952000.0,1.446949,-5.584021,-4.137072,-4.08715,-10.58874,0.0003937684,0.005353538,0.0008409662,8.611743e-05,0.7836068,1.06184,0.09688408,0.0003242906,0.6679714,1.729812,0.0011674460259191494,0,0,0,S3_peaking,S3_peaking,S3_peaking
1048,3.567785170965704e-05,1.927616532244122e-07,4.0,0.0005419868913322423,125.69013156449047,1.733655166400588e-12,116.29832499573902,1.5e-13,1.4709707655647997,1,0,S3_peaking,1.7359820000000008,2187762000.0,1.7215870000000004,-8.402753,-6.681166,-6.666771,-13.04905,0.0003789162,0.004366781,0.0006097982,0.0001308996,0.7851347,1.146826,0.08873748,0.000270994,0.6216577,1.768484,0.0009755764043980362,0,0,0,S3_peaking,S3_peaking,S3_peaking
1049,7.195707409479069e-05,4.0719932479666607e-07,5.0,0.00239590066801176,58.2630173950957,2.7298009615167904e-13,359.00939576595937,1.5e-13,1.532161820228803,1,0,S3_peaking,-6.100000000053285e-05,10000000.0,-2.7071940000000003,8.123742,5.416548,8.123681,-6.108846,0.0002119932,0.009984099,0.001653784,0.000174564,0.7318139,0.7782258,0.1781519,0.001197951,0.5916987,1.369925,0.004312621202421168,0,0,0,S3_peaking,S3_peaking,S3_peaking
1050,8.673492809946219e-05,2.552704537513241e-07,5.0,0.0006456764255718059,147.61384396800526,2.509622040249376e-12,54.36232022978278,1.5e-13,1.5497627165058274,1,0,S3_f_peak,3.404001000000001,4786301000.0,3.3252740000000003,-13.2498,-9.924526,-9.845799,-10.08971,0.0003631632,0.006151711,0.0009033858,0.0001301155,0.7705759,1.057421,0.08043138,0.0003228663,0.7250288,1.78245,0.0011622175660292505,0,0,0,S3_f_peak,S3_f_peak,S3_f_peak
1051,3.013112132554832e-05,4.258632721450424e-07,7.0,0.0017909457077183166,565.9641922944633,4.793212901930528e-12,179.3558269406987,1.5e-13,1.441073823532756,1,0,S3_f_peak,8.399167,912010800.0,7.851559,-9.452183,-1.600624,-1.053016,-10.23225,0.0003068298,0.005157955,0.0009088303,6.528506e-05,0.7225827,1.219533,0.2411101,0.0008954736,0.4198585,1.639392,0.00322370227389297,0,0,0,S3_f_peak,S3_f_peak,S3_f_peak
1052,2.720070280728377e-05,7.106859298620682e-07,7.0,0.001226123424548442,71.64817388399982,1.2787038882443155e-12,56.356067303473324,1.5e-13,1.12931566740837,1,0,S3_f_peak,3.3387400000000014,19952620000.0,0.6700700000000008,-16.09204,-15.42197,-12.7533,-12.7494,0.0006250407,0.003168824,0.0006467888,2.236688e-05,0.6440319,1.623457,0.2777139,0.0006130617,0.1419917,1.765449,0.0022070221641871954,0,0,0,S3_f_peak,S3_f_peak,S3_f_peak
1053,8.419663638180236e-05,1.7213175724770646e-07,4.0,0.0039317292345457285,102.3814713366438,1.33083743841936e-13,372.98641893515,1.5e-13,1.102569952510027,1,0,S3_peaking,-5.9999999999504894e-05,10000000.0,-2.777438,10.0664,7.288962,10.06634,-4.324005,0.000167133,0.02233971,0.003333865,0.0007087204,0.7299732,0.84138,0.1071214,0.001965865,0.2253792,1.066759,0.007077112622182312,0,0,0,S3_peaking,S3_peaking,S3_peaking
1054,7.19685577665411e-05,1.5994539089625597e-07,2.0,0.0008942127938705031,823.0341791772489,9.093489738450472e-12,302.443377062233,1.5e-13,1.466199826128391,1,0,S3_f_peak,12.821451,549540900.0,11.039318999999999,-6.012058,5.027261,6.809393,-7.810177,0.0001879768,0.008041155,0.0009285546,0.000242455,0.7906526,1.032636,0.06095739,0.0004471064,0.6321398,1.664776,0.0016095830289669056,0,0,0,S3_f_peak,S3_f_peak,S3_f_peak
1055,7.156614255423426e-05,1.6885192049700016e-07,5.0,0.0014953627107369782,576.3149728952271,3.67121182377921e-13,122.26162636141471,1.5e-13,1.4543925920825314,1,0,S3_f_peak,9.592187000000001,5011872000.0,8.187769000000001,-10.7665,-2.578731,-1.174313,-6.474315,0.0003057992,0.01152965,0.00139643,0.0003512087,0.7891899,1.107906,0.08067435,0.0007476814,0.6006816,1.708587,0.002691652879326561,0,0,0,S3_f_peak,S3_f_peak,S3_f_peak
1056,2.6434034065280214e-05,2.4257903569151324e-07,6.0,0.0006666758781972178,230.68801399073232,1.0554061327555986e-13,50.58203173214491,1.5e-13,1.2972454291896889,1,0,S3_f_peak,1.016020000000001,10471290000.0,0.2106899999999996,-17.59016,-17.37947,-16.57414,-17.13295,0.0007064898,0.004088449,0.0007262006,7.011775e-05,0.7575009,1.368048,0.1273898,0.000333338,0.4150908,1.783139,0.001200016580754992,0,0,0,S3_f_peak,S3_f_peak,S3_f_peak
1057,7.569902964252451e-05,1.924305491999916e-07,3.0,0.0011885113043107057,178.4606970611443,1.4544742778898332e-12,55.57789950198099,1.5e-13,1.1992116443219296,1,0,S3_f_peak,5.384200999999999,4365158000.0,5.121153,-11.43902,-6.317867,-6.054819,-8.463957,0.0002713888,0.009863776,0.001463663,0.000243112,0.7321468,1.375904,0.07718928,0.0005942576,0.3910675,1.766971,0.0021393203477592703,0,0,0,S3_f_peak,S3_f_peak,S3_f_peak
1058,7.33162641767739e-05,2.3859903891796765e-07,8.0,0.001568348459821047,124.55087687238955,1.7840953667585132e-13,275.1072875228337,1.5e-13,1.2754756849091369,1,0,S3_peaking,-3.399999999942338e-05,10000000.0,-1.6289129999999998,4.011786,2.382873,4.011752,-7.427653,0.0002398131,0.01071172,0.00182413,0.0002257068,0.7417404,1.161467,0.1144305,0.0007841743,0.4228005,1.584268,0.0028230272276778844,0,0,0,S3_peaking,S3_peaking,S3_peaking
1059,2.4002775291213324e-05,2.883006238841316e-07,4.0,0.0011197353970971824,828.7157504560772,9.000041828801764e-12,650.0128438099513,1.5e-13,1.411685050532681,1,0,S3_f_peak,9.6447808,316227800.0,4.7362278,-0.8991098,3.837118,8.745671,-11.78367,0.0002841987,0.004627455,0.000805458,8.274524e-05,0.7516345,0.9793088,0.1742937,0.0005598682,0.45677,1.436079,0.0020155237147749284,0,0,0,S3_f_peak,S3_f_peak,S3_f_peak
1060,9.561475807840438e-05,6.044004262515022e-07,2.0,0.005898140708091936,563.4129611705175,7.712632095086931e-12,209.18215793352667,1.5e-13,1.398279119756204,1,0,S3_f_peak,13.841307,912010800.0,13.01954,-6.097591,6.921949,7.743716,-1.015703,0.0001740229,0.01302252,0.002506359,0.0002526936,0.6583522,0.8268436,0.2778884,0.00294907,0.3562635,1.183107,0.010616653274565485,0,0,0,S3_f_peak,S3_f_peak,S3_f_peak
1061,6.60543611091752e-05,2.0206766221224303e-07,2.0,0.0005112427181245405,480.0447141795014,2.9884816333056296e-12,702.757521337637,1.5e-13,1.2048760560861254,1,0,S3_f_peak,5.723856,549540900.0,0.902037,2.900563,3.8026,8.624419,-10.39147,0.0002495744,0.00490502,0.0007346424,0.0001217814,0.7328626,1.193262,0.06547857,0.0002556223,0.4270969,1.620359,0.0009202368926241729,0,0,0,S3_nyq_boost,S3_f_peak,S3_f_peak
1062,4.6472749008839074e-05,1.9544162867015342e-07,6.0,0.0009731432794943942,451.4543150709237,3.179505230004721e-12,91.20581866469173,1.5e-13,1.1790544789372803,1,1,,8.794914000000002,1819701000.0,8.746316,-13.17021,-4.423894,-4.375296,-9.836013,0.0002918125,0.006981906,0.001162384,0.0001967441,0.7398104,1.402066,0.0995466,0.0004865717,0.3535547,1.75562,0.0017516579030899095,1,1,1,,,
1063,2.0136898145984073e-05,5.339728202379623e-07,1.0,0.0011440307795705469,315.33635204009806,2.7267573753218923e-13,787.6744442840975,1.5e-13,1.46935794545176,1,0,S3_peaking,-0.00018899999999977268,10000000.0,-4.870487,3.193253,-1.677234,3.193064,-13.88311,0.0004195663,0.00291187,0.0005251336,4.878015e-05,0.6891409,0.9047054,0.2533786,0.0005720158,0.4447327,1.349438,0.0020592554032269846,0,0,0,S3_peaking,S3_peaking,S3_peaking
1064,5.680486262783382e-05,4.51919359542537e-07,6.0,0.0024887537838038367,122.60661338138048,1.1546461995248392e-12,172.93121617713237,1.5e-13,1.5746564151862006,1,0,S3_peaking,1.9923587,2511886000.0,1.9923499,-1.011301,0.9810489,0.9810577,-6.168912,0.0002468895,0.00837426,0.001394644,0.0001200686,0.7359968,1.001311,0.2128857,0.001244377,0.5834979,1.584808,0.004479756810846907,0,0,0,S3_peaking,S3_peaking,S3_peaking
1065,4.770816774630957e-05,2.885379598408496e-07,6.0,0.004322976387452826,64.5407424300035,1.0580587360602937e-13,241.42283338771955,1.5e-13,1.3438207815904042,1,0,S3_peaking,-2.4999999999941735e-05,10000000.0,-1.3438989999999995,5.388743,4.044844,5.388718,-7.331646,0.0002053973,0.0117874,0.002140426,0.0002951588,0.7173923,0.9558684,0.2179064,0.002161488,0.322299,1.278167,0.007781357497415087,0,0,0,S3_peaking,S3_peaking,S3_peaking
1066,7.946395247739572e-05,2.480422779339669e-07,7.0,0.0009263092382244542,371.3279623271885,2.1321014572600023e-13,334.39736374061965,1.5e-13,1.2907031350250107,1,0,S3_peaking,0.23714739999999995,1737801000.0,0.11730679999999999,-0.5295852,-0.4122784,-0.2924378,-8.585277,0.0003203122,0.007779068,0.001289545,0.0001559655,0.7413941,1.171338,0.0933171,0.0004631547,0.4737838,1.645122,0.0016673566288040176,0,0,0,S3_nyq_boost,S3_peaking,S3_peaking
1067,9.380258307868419e-05,3.9267239872904486e-07,6.0,0.0011801754408302199,130.73953803701534,1.5326443521309133e-12,300.18034852781255,1.5e-13,1.2938785511460433,1,0,S3_peaking,1.6308799999999999,1445440000.0,0.9933460000000003,3.41295,4.406296,5.04383,-5.062871,0.0002335143,0.008208174,0.001419346,9.297104e-05,0.7084532,1.151218,0.1184382,0.0005900877,0.4716491,1.622867,0.002124315793494396,0,0,0,S3_peaking,S3_peaking,S3_peaking
1068,6.84191461367944e-05,2.2019112364374338e-07,5.0,0.002505940151023231,110.12535363939065,1.7958683638500874e-13,164.5407166103063,1.5e-13,1.5319199830621162,1,0,S3_peaking,-1.0000000000065512e-05,10000000.0,-0.5361468,1.411937,0.8757902,1.411927,-5.973696,0.0002186319,0.01427397,0.002083441,0.0004353109,0.7651727,0.9754131,0.1269776,0.001252972,0.6184223,1.593835,0.004510692271841817,0,0,0,S3_peaking,S3_peaking,S3_peaking
1069,4.228397813411898e-05,2.6861709943651186e-07,8.0,0.0005193807508790293,179.0079498899208,3.874264608097319e-13,613.8090647627034,1.5e-13,1.274050409350879,1,0,S3_peaking,-0.00013199999999979894,10000000.0,-4.1302433999999995,4.451025,0.3207816,4.450893,-12.29556,0.0003460166,0.003965925,0.0007100059,5.646771e-05,0.7546531,1.200914,0.1034358,0.0002596904,0.4396857,1.6406,0.0009348853515822527,0,0,0,S3_peaking,S3_peaking,S3_peaking
1070,7.02586584666397e-05,3.5261431745886085e-07,3.0,0.0023137039920454196,155.10732283654326,7.350476788417117e-13,308.586638755032,1.5e-13,1.3636168392472767,1,0,S3_peaking,1.1132300000000006,1905461000.0,0.9869479999999999,4.206217,5.193165,5.319447,-5.152823,0.000217835,0.01074816,0.001831018,0.0001762554,0.7073121,0.9779546,0.1577931,0.001156853,0.4650564,1.443011,0.004164667185681755,0,0,0,S3_peaking,S3_peaking,S3_peaking
1071,3.4400355509843355e-05,5.749215921108998e-07,7.0,0.0006869708375703052,596.9621946140046,4.637800827164835e-12,170.4496379739435,1.5e-13,1.5706641263601442,1,0,S3_f_peak,6.135045999999999,831763800.0,5.727918,-11.95248,-6.224562,-5.817434,-10.54499,0.0004349875,0.003086294,0.0005102223,2.045927e-05,0.7503092,1.108211,0.1828122,0.0003434873,0.6332417,1.741453,0.0012365475076265493,0,0,0,S3_f_peak,S3_f_peak,S3_f_peak
1072,3.21185264610425e-05,5.792524511480889e-07,5.0,0.0006136530767515835,257.2565175752174,4.2299353530619107e-13,227.65331078512767,1.5e-13,1.5481206717238092,1,0,S3_peaking,0.6991160000000001,1905461000.0,0.6135389999999994,-6.885927,-6.272388,-6.186811,-11.48719,0.00049456,0.002853951,0.0004738718,2.103034e-05,0.7447534,1.108018,0.1788802,0.0003068283,0.6221321,1.73015,0.0011045755381528504,0,0,0,S3_peaking,S3_peaking,S3_peaking
1073,5.736443541905548e-05,2.5957020505619994e-07,2.0,0.0007129056605437335,185.82844214435974,6.804707701513983e-12,683.5895270770022,1.5e-13,1.2548908071783256,1,0,S3_nyq_boost,3.18968,457088200.0,-1.7953730000000006,7.42574,5.630367,10.61542,-9.017678,0.0002405565,0.005959398,0.0009631726,0.0001152184,0.7174801,1.108165,0.09180382,0.0003564528,0.4481674,1.556332,0.0012832301889787205,0,0,0,S3_nyq_boost,S3_nyq_boost,S3_nyq_boost
1074,4.545923716674742e-05,3.489263416303964e-07,1.0,0.000954787923808131,223.5065785084924,2.4177855736062814e-13,96.72612562652174,1.5e-13,1.5928580910699688,1,0,S3_f_peak,1.6076870000000003,5495409000.0,0.9504979999999996,-9.989201,-9.038703,-8.381514,-10.93682,0.0004279713,0.005746297,0.0008854575,6.879525e-05,0.744809,1.052355,0.1311047,0.0004773944,0.7014682,1.753824,0.001718618262854636,0,0,0,S3_peaking,S3_f_peak,S3_f_peak
1075,3.881557147482844e-05,2.819147206974467e-07,3.0,0.0025650844832794235,67.51790714760129,3.141188001327546e-12,190.9344895697647,1.5e-13,1.5977274558343542,1,0,S3_peaking,1.494951,1659587000.0,1.296281,1.562974,2.859255,3.057925,-7.1049,0.0002176373,0.008738156,0.001381298,0.0002315772,0.7528694,0.9556548,0.1837797,0.001282542,0.5994637,1.555118,0.004617152069902962,0,0,0,S3_peaking,S3_peaking,S3_peaking
1076,3.434990798029949e-05,7.333587463258091e-07,4.0,0.0014749249313433439,129.85958281538447,1.2618390916049457e-13,192.32868826515164,1.5e-13,1.5526185524035643,1,0,S3_peaking,-1.3000000000040757e-05,10000000.0,-0.7125529999999998,-4.884895,-5.597448,-4.884908,-10.57043,0.0004206713,0.003864722,0.000679732,3.622108e-05,0.7066264,1.146828,0.2837358,0.0007374626,0.5113372,1.658165,0.002654864876418019,0,0,0,S3_peaking,S3_peaking,S3_peaking
1077,2.863501362343931e-05,2.564333747408902e-07,3.0,0.0025747502727434895,142.23664602445774,4.4548968874342727e-13,722.7082721709734,1.5e-13,1.5844493423040915,1,0,S3_peaking,-0.00012400000000045708,10000000.0,-3.6377420000000003,7.168922,3.53118,7.168798,-9.526634,0.0002567638,0.006753092,0.001098057,0.0007302574,0.7648105,0.3502199,0.2085667,0.001287375,0.5193834,0.8696033,0.004634550490938281,0,0,0,S3_peaking,S3_peaking,S3_peaking
1078,3.2364200998700144e-05,6.023466082991218e-07,3.0,0.0010728645675128256,390.1691058245297,5.508728868570267e-13,205.85231839703144,1.5e-13,1.1862292943814023,1,1,,3.2305400000000004,2187762000.0,3.20662,-7.85761,-4.65099,-4.62707,-10.44533,0.0004373221,0.003666233,0.0007090871,2.819216e-05,0.6592634,1.423026,0.2199238,0.0005364323,0.2665468,1.689573,0.001931156221523086,0,1,1,S3_peaking,,
1079,8.816674834948272e-05,2.6703000794970134e-07,2.0,0.003915284775586156,650.8173867494506,4.113385656115694e-12,135.16991283311333,1.5e-13,1.155316642446393,1,0,S3_peaking,17.163209000000002,1737801000.0,17.038667,-10.33744,6.701227,6.825769,-1.72184,0.0001567722,0.01841199,0.003186058,0.0003348925,0.6838451,1.25696,0.1400291,0.001957642,0.2784242,1.535384,0.007047512596055081,0,0,0,S3_peaking,S3_peaking,S3_peaking
1080,9.485441459573869e-05,1.9430331142343927e-07,8.0,0.003367998364954369,252.70391970252624,3.4183375873328154e-13,125.42632259152124,1.5e-13,1.1566404167738464,1,0,S3_f_peak,5.383254,6309573000.0,3.2571474,-4.164345,-0.9071976,1.218909,-2.710116,0.0002311515,0.02069465,0.003350506,0.0006119159,0.7219227,1.284645,0.1127211,0.001684003,0.3041353,1.58878,0.006062397056917864,0,0,0,S3_f_peak,S3_f_peak,S3_f_peak
1081,4.695640146447552e-05,3.917492844601211e-07,4.0,0.0011092352199568746,454.0691606655381,3.8293940786422887e-13,634.1286517816975,1.5e-13,1.30994767851663,1,0,S3_nyq_boost,0.9425970000000001,1202264000.0,-0.23582099999999961,2.92873,2.692909,3.871327,-9.2195,0.0003144042,0.005738305,0.001008511,7.612215e-05,0.7082534,1.012341,0.1521254,0.0005546177,0.4359605,1.448301,0.001996623395922374,0,0,0,S3_nyq_boost,S3_peaking,S3_nyq_boost
1082,4.323010130293171e-05,2.0088583862792928e-07,1.0,0.0014130035088594792,482.043370546507,9.633582663803695e-13,115.44472539716995,1.5e-13,1.2247661875063045,1,0,S3_f_peak,9.680284799999999,3162278000.0,9.596409999999999,-10.6519,-1.05549,-0.9716152,-7.545482,0.0002657792,0.009204154,0.001383326,0.0001965787,0.7241342,1.350365,0.09927021,0.0007065019,0.3680706,1.718436,0.0025434063159470626,0,0,0,S3_f_peak,S3_f_peak,S3_f_peak
1083,5.5262136486719876e-05,1.8162633999808852e-07,7.0,0.0009499759634558941,89.15140676573884,8.771792210129206e-12,435.5699118633171,1.5e-13,1.5243442219248304,1,0,S3_nyq_boost,1.9237729999999997,630957300.0,-0.746378,6.748318,6.00194,8.672091,-8.403352,0.0002119129,0.007328902,0.0009625985,0.0002046367,0.8088429,0.9420395,0.09122782,0.0004749887,0.65107,1.59311,0.0017099567342206093,0,0,0,S3_nyq_boost,S3_nyq_boost,S3_nyq_boost
1084,6.283584523644512e-05,7.76562789491127e-07,6.0,0.0013864456125183937,194.51568827277222,2.908911209665729e-13,581.6906504322712,1.5e-13,1.438522156192806,1,0,S3_peaking,-0.0001449999999998397,10000000.0,-4.2364109999999995,5.337666,1.101255,5.337521,-5.608274,0.0003361546,0.005150118,0.0009249436,4.354732e-05,0.6968658,0.8958717,0.2207589,0.0006932228,0.500887,1.396759,0.0024956021025331087,0,0,0,S3_peaking,S3_peaking,S3_peaking
1085,2.4976270204516293e-05,3.0931531138798085e-07,3.0,0.007425361316293098,249.4719873962375,3.6561232175591676e-13,54.02623034490634,1.5e-13,1.444553444458846,1,0,S3_f_peak,5.191424,7943282000.0,3.113760000000001,-14.25515,-11.14139,-9.063726,-10.71618,0.0004188945,0.008114562,0.001633638,0.0002612464,0.6610073,1.485088,0.3391581,0.003712681,0.1143292,1.599417,0.013365650369327577,0,0,0,S3_f_peak,S3_f_peak,S3_f_peak
1086,8.13007063103322e-05,4.1536335086276146e-07,3.0,0.000868886305362541,877.728239116951,1.434734698985273e-13,63.23071884830913,1.5e-13,1.3691133680666228,1,0,S3_f_peak,10.410400000000001,19952620000.0,5.16906,-20.55104,-15.38198,-10.14064,-10.1381,0.000757206,0.006392963,0.001073441,6.029031e-05,0.7135276,1.225263,0.1133328,0.0004344466,0.5472665,1.77253,0.0015639953496525737,0,0,0,S3_f_peak,S3_f_peak,S3_f_peak
1087,7.841251022309607e-05,2.591661062153576e-07,6.0,0.0034175536836979774,305.13936789594544,2.0858132655598984e-12,399.80741990113046,1.5e-13,1.2136104309559421,1,1,,8.037452,1445440000.0,7.153411999999999,3.817928,10.97134,11.85538,-2.570786,0.0001626071,0.01588168,0.002811281,0.0004331301,0.7089333,0.8011129,0.1507925,0.001708777,0.3157055,1.116818,0.006151596630656359,1,1,1,,,
1088,3.924259474578463e-05,4.5141453812518775e-07,6.0,0.004431030833961405,769.6886009317237,1.039817584103972e-12,91.93938422619104,1.5e-13,1.1024878460539853,1,0,S3_f_peak,12.789946,3311311000.0,12.709726000000002,-16.15124,-3.441514,-3.361294,-7.660657,0.0003205996,0.008394225,0.001738851,0.0001148275,0.6309592,1.573271,0.3070247,0.002215515,0.02303396,1.596305,0.00797585550113053,0,0,0,S3_f_peak,S3_f_peak,S3_f_peak
1089,4.715837167286757e-05,1.5315294103757284e-07,2.0,0.001591844479588282,96.10941461951366,2.467236710491474e-13,228.18521416310105,1.5e-13,1.3464872169061488,1,0,S3_peaking,-1.7999999999851468e-05,10000000.0,-0.9533039999999997,3.431142,2.477838,3.431124,-6.727594,0.00021054,0.01104205,0.001264443,0.0003836899,0.7777463,1.13335,0.07921958,0.0007959245,0.4850314,1.618382,0.002865320063258908,0,0,0,S3_peaking,S3_peaking,S3_peaking
1090,4.6354062753486134e-05,2.918423970942929e-07,8.0,0.0009184541049528655,67.94768035482689,3.366985277023485e-12,283.7542172921001,1.5e-13,1.5628862336216032,1,0,S3_nyq_boost,0.708053,1047129000.0,-0.2690730000000001,2.294115,2.025042,3.002168,-9.48866,0.0002703377,0.005751734,0.0009302652,8.25558e-05,0.7876125,1.011806,0.1283733,0.0004592329,0.6578863,1.669692,0.001653217388915158,0,0,0,S3_nyq_boost,S3_nyq_boost,S3_nyq_boost
1091,5.759130273600853e-05,6.120885088239677e-07,8.0,0.004088187353651543,205.4957246036663,5.8858533491127825e-12,199.46540914193835,1.5e-13,1.5615341505350797,1,0,S3_f_peak,5.6553119999999995,1047129000.0,5.056496,-1.645536,3.41096,4.009776,-4.35752,0.0002179912,0.008670825,0.00152358,0.0001418651,0.7080759,0.9437627,0.3168182,0.002044094,0.4485113,1.392274,0.007358737236572778,0,0,0,S3_f_peak,S3_f_peak,S3_f_peak
1092,3.600438779812866e-05,7.506296135786685e-07,5.0,0.002802820841370012,238.48085022498077,4.850244242945811e-12,329.9319701249055,1.5e-13,1.2541213613221036,1,0,S3_f_peak,4.1050429,758577600.0,2.4732049000000003,-0.4192539,2.053951,3.685789,-7.045244,0.0002903101,0.005074685,0.001044041,6.128935e-05,0.6331688,1.19913,0.3663811,0.00140141,0.1385003,1.33763,0.005045077514466022,0,0,0,S3_f_peak,S3_f_peak,S3_f_peak
1093,5.5155640347473786e-05,5.93811473672947e-07,4.0,0.007012054785340646,51.43749087121797,8.897384330474791e-13,94.25979889323271,1.5e-13,1.488892045468578,1,0,S3_peaking,0.38658100000000006,3981072000.0,0.2955160000000001,-3.003657,-2.708141,-2.617076,-5.297845,0.0002495626,0.009986242,0.001970629,0.0001889251,0.6538458,1.206085,0.3747358,0.003506027,0.2634373,1.469523,0.012621698613613163,0,0,0,S3_peaking,S3_peaking,S3_peaking
1094,8.480361571892323e-05,2.797343765626631e-07,2.0,0.006058895559961062,82.56840377139484,7.708431657792853e-13,219.33607573609933,1.5e-13,1.33933342911768,1,0,S3_peaking,0.35786300000000004,2290868000.0,0.3542179999999995,6.070146,6.424364,6.428009,-1.914117,0.0001632163,0.01893482,0.003219885,0.000575911,0.7008994,0.7650139,0.1746567,0.003029448,0.3705189,1.135533,0.010906012007929912,0,0,0,S3_nyq_boost,S3_peaking,S3_peaking
1095,9.210500041858383e-05,7.804891114809466e-07,6.0,0.004407904788353559,411.67783673235255,1.0661170023623355e-13,138.73201267745614,1.5e-13,1.372583249180267,1,0,S3_f_peak,1.5459270000000007,19952620000.0,0.623049,-7.954252,-7.331203,-6.408325,-6.407993,0.0004637224,0.01027502,0.001996435,0.0001041128,0.6563209,1.153788,0.2984979,0.002203952,0.3404536,1.494241,0.007934228619036407,0,0,0,S3_f_peak,S3_f_peak,S3_f_peak
1096,5.4809793306839676e-05,4.876726964046644e-07,6.0,0.001017218467673964,300.0681106733793,1.1013200506310235e-13,134.49884843391774,1.5e-13,1.41768638397037,1,0,S3_peaking,0.06020200000000031,2754229000.0,0.058555999999999386,-8.73133,-8.672774,-8.671128,-10.53702,0.0004778004,0.005280596,0.0008998907,4.729368e-05,0.7248392,1.199634,0.1570334,0.0005086129,0.531959,1.731593,0.0018309932418131354,0,0,0,S3_peaking,S3_peaking,S3_peaking
1097,2.749986061654538e-05,9.15201792081665e-07,5.0,0.005185538444941784,518.5162119595095,2.05398757738886e-12,65.02024728240343,1.5e-13,1.1911550350184725,1,0,S3_f_peak,9.057578,19952620000.0,8.22636,-18.46643,-10.24007,-9.408852,-9.407518,0.0004772831,0.004915072,0.001487886,5.595332e-05,0.5240993,1.872539,0.5889921,0.002592769,-0.241124,1.631415,0.009333969200895211,0,0,0,S3_f_peak,S3_f_peak,S3_f_peak
1098,6.99315557038738e-05,6.12382566199182e-07,8.0,0.004218016019434871,645.0189065245038,1.068639663831916e-13,119.731479101558,1.5e-13,1.1463247091835473,1,0,S3_f_peak,4.853915000000001,8709636000.0,2.371042000000001,-12.29222,-9.921178,-7.438305,-8.014369,0.0005455557,0.009952465,0.002024852,9.793122e-05,0.6363825,1.408743,0.2854613,0.002109008,0.1387415,1.547485,0.007592428834982768,0,0,0,S3_f_peak,S3_f_peak,S3_f_peak
1099,3.177940070512136e-05,5.071135221543004e-07,2.0,0.0007924692177873041,564.2359925838626,3.538397947989969e-13,205.5609724616668,1.5e-13,1.226529650126373,1,0,S3_f_peak,3.9891739999999993,2511886000.0,3.988301,-9.617951,-5.62965,-5.628777,-11.75246,0.0004842675,0.003525071,0.0006490305,3.114694e-05,0.6757434,1.367943,0.1753745,0.0003962346,0.3506055,1.718549,0.0014264445920171473,1,0,0,,S3_f_peak,S3_f_peak
1100,4.196774705689765e-05,4.696693980329474e-07,6.0,0.0005798280035869577,50.23169489684542,9.465946219662391e-13,137.73488638010446,1.5e-13,1.4159701376212488,1,0,S3_peaking,-2.000000000279556e-06,10000000.0,-0.17118400000000022,-7.340777,-7.511961,-7.340779,-10.82831,0.0004368738,0.003448417,0.0005845138,2.809572e-05,0.7387499,1.211198,0.1385271,0.0002899144,0.5488712,1.760069,0.001043690406456524,0,0,0,S3_peaking,S3_peaking,S3_peaking
1101,5.9358791842243844e-05,1.7483878239711898e-07,6.0,0.004885459922465201,547.2032426775683,3.435129086949298e-12,97.06938773722585,1.5e-13,1.5823275130180219,1,0,S3_peaking,15.939122,2398833000.0,15.937282,-11.73106,4.206222,4.208062,-1.953488,0.0001597331,0.0190711,0.002430928,0.000708546,0.7955299,0.9706363,0.1475314,0.00244273,0.5922494,1.562886,0.008793827860437363,0,0,0,S3_peaking,S3_peaking,S3_peaking
1102,4.8014289138103696e-05,2.388273058229293e-07,2.0,0.0011641579674255005,81.78589738970788,5.083076384636573e-12,514.8000554116563,1.5e-13,1.5190064589036556,1,0,S3_nyq_boost,1.2575070000000004,724436000.0,-1.5703780000000007,8.716205,7.145827,9.973712,-7.700152,0.0002127874,0.007837851,0.001145439,0.0002012685,0.7569223,0.8654487,0.1119051,0.0005820883,0.634897,1.500346,0.0020954843413659007,0,0,0,S3_nyq_boost,S3_nyq_boost,S3_nyq_boost
1103,6.594359730403755e-05,8.66188267656466e-07,3.0,0.004177857293796413,520.616455954621,6.052649246730175e-12,52.33832681856878,1.5e-13,1.2074836195833605,1,0,S3_f_peak,14.404319000000001,19952620000.0,10.781239,-18.67078,-7.889541,-4.266461,-4.26106,0.0003081791,0.007720613,0.001677938,6.786948e-05,0.6017558,1.554858,0.3478788,0.002088929,0.1358094,1.690668,0.007520143128833543,0,0,0,S3_f_peak,S3_f_peak,S3_f_peak
1104,4.8855449231413996e-05,3.3181695209235086e-07,6.0,0.001183736420694376,919.2703901292173,1.345617047502384e-13,369.6082945191317,1.5e-13,1.3717634079454093,1,0,S3_f_peak,2.7128449999999997,2884032000.0,2.654594,-5.598991,-2.944397,-2.886146,-10.26306,0.0004358992,0.006495585,0.001121139,8.830206e-05,0.7374487,1.094716,0.1433841,0.0005918696,0.4865246,1.581241,0.002130725557249877,0,0,0,S3_peaking,S3_f_peak,S3_f_peak
1105,6.251833671483791e-05,7.985465044277612e-07,4.0,0.0022653981533657113,410.724234785708,2.5510694843233246e-13,292.015699037101,1.5e-13,1.3169765219125105,1,0,S3_peaking,1.3079239999999999,2398833000.0,1.3026769999999999,-2.975062,-1.672385,-1.667138,-5.533287,0.0003893414,0.006191276,0.001206429,5.481816e-05,0.654414,1.132259,0.268943,0.001132699,0.3369747,1.469234,0.00407771667605828,0,0,0,S3_peaking,S3_peaking,S3_peaking
1106,6.47257622385492e-05,9.566869942556086e-07,6.0,0.0008005446295426297,267.42648205441867,7.090807229605236e-13,80.14102411263886,1.5e-13,1.4635847572869567,1,0,S3_f_peak,10.06364,19952620000.0,3.3222499999999986,-14.6169,-11.29465,-4.55326,-4.548913,0.0005249598,0.003668335,0.0006521819,1.941404e-05,0.7019048,1.200353,0.1932081,0.0004002725,0.5675689,1.767922,0.0014409803331767335,0,0,0,S3_f_peak,S3_f_peak,S3_f_peak
1107,6.94272089204892e-05,3.2991421824264066e-07,6.0,0.0019429927942458632,55.1293478906515,9.737481954268236e-12,159.33129007454102,1.5e-13,1.3086645950338043,1,0,S3_peaking,2.044705,1202264000.0,1.6600540000000001,1.536336,3.19639,3.581041,-5.319551,0.0002010746,0.01017453,0.001771472,0.0001552679,0.7145385,1.213632,0.1465213,0.0009714987,0.4315782,1.64521,0.003497387029642554,0,0,0,S3_peaking,S3_peaking,S3_peaking
1108,8.889346512910029e-05,4.17554866276234e-07,7.0,0.0027070591859930655,110.30746247675613,8.305547176093431e-13,556.6588227613896,1.5e-13,1.1069943907045816,1,0,S3_peaking,-8.00000000005241e-05,10000000.0,-2.9397889999999993,10.79111,7.851321,10.79103,-3.834334,0.0002022011,0.01171842,0.002244452,0.0001848962,0.6647373,0.8098624,0.1733259,0.00135353,0.2366835,1.046546,0.004872706534787518,0,0,0,S3_peaking,S3_peaking,S3_peaking
1109,9.999991395690407e-05,4.472346269488446e-07,4.0,0.0005690262494582307,89.40630590340658,1.5483709339267e-13,64.00599710401866,1.5e-13,1.355594468344767,1,0,S3_f_peak,3.1677990000000005,19952620000.0,0.24412000000000056,-11.99613,-11.75201,-8.828331,-8.8252,0.0004467832,0.004961611,0.0008362075,4.174828e-05,0.7152008,1.214826,0.09429741,0.0002845131,0.5669635,1.781789,0.0010242472490248154,0,0,0,S3_f_peak,S3_f_peak,S3_f_peak
1110,4.86973933467407e-05,2.0782034475425835e-07,4.0,0.0025413613721317193,360.020337016776,1.1594055009044198e-12,104.4872414820107,1.5e-13,1.5574573223030814,1,0,S3_f_peak,9.5748156,3467369000.0,9.398369800000001,-9.061756,0.3366138,0.5130596,-5.385277,0.0002278266,0.01229786,0.001758016,0.0004118921,0.7690443,1.052389,0.1390984,0.001270681,0.6148409,1.66723,0.004574450469837095,0,0,0,S3_f_peak,S3_f_peak,S3_f_peak
1111,9.196544568698395e-05,9.186522659737006e-07,2.0,0.00052832368888343,51.68342125879055,3.870180188235296e-13,131.73975068003304,1.5e-13,1.3837692943336513,1,0,S3_f_peak,4.581905,19952620000.0,1.266889,-7.50049,-6.233601,-2.918585,-2.917217,0.0003812421,0.003555923,0.0006413476,1.575432e-05,0.6855454,1.194035,0.1341951,0.0002641626,0.5711639,1.765199,0.0009509826399901741,0,0,0,S3_f_peak,S3_f_peak,S3_f_peak
1112,5.110874529731308e-05,1.6591990147053202e-07,6.0,0.0008763751688618854,80.083091807958,3.0530987583949495e-12,71.60707599556422,1.5e-13,1.2591782778116407,1,0,S3_peaking,1.936763,2630268000.0,1.934138,-8.85933,-6.925192,-6.922567,-10.8203,0.0003000952,0.006686277,0.0008706725,0.0002251142,0.778622,1.315458,0.07687949,0.0004381884,0.4531644,1.768622,0.0015774753039513938,0,0,0,S3_peaking,S3_peaking,S3_peaking
1113,5.189204608948219e-05,4.849019143235572e-07,5.0,0.0018008696584906557,118.09740589367728,5.086687670182379e-13,296.4484713574459,1.5e-13,1.289763139826116,1,0,S3_peaking,-1.4000000000180535e-05,10000000.0,-0.980891,2.497036,1.516145,2.497022,-7.418652,0.0002785885,0.006727449,0.001219814,7.532608e-05,0.6896773,1.167537,0.198985,0.0009004349,0.3655305,1.533067,0.0032415653852831804,0,0,0,S3_peaking,S3_peaking,S3_peaking
1114,8.640198158404822e-05,5.396249028427452e-07,4.0,0.001106042677126073,313.02590990896437,4.212007446046629e-13,105.6729276404043,1.5e-13,1.1837533376120757,1,0,S3_f_peak,4.4691469999999995,6606934000.0,3.5461959999999992,-10.05984,-6.513644,-5.590693,-5.899631,0.0003934354,0.006697464,0.001237126,4.432076e-05,0.6724168,1.373851,0.1388445,0.0005530215,0.3677088,1.741559,0.0019908768188269315,0,0,0,S3_f_peak,S3_f_peak,S3_f_peak
1115,3.960247354181327e-05,2.8346974787666366e-07,5.0,0.0034252942546657097,368.45801420852104,1.977454121741217e-13,306.59896108410743,1.5e-13,1.3537436080419776,1,0,S3_peaking,0.77163536,2884032000.0,0.75356687,-0.702421,0.05114587,0.06921436,-7.529505,0.0002969604,0.009735835,0.00175328,0.0002440618,0.722639,0.9363442,0.2124665,0.001712647,0.33856,1.274904,0.006165529658398277,0,0,0,S3_peaking,S3_peaking,S3_peaking
1116,6.07858386283297e-05,7.176170547944774e-07,4.0,0.0005844578372827364,92.69754462155615,1.9074090786337706e-13,417.2877032417722,1.5e-13,1.3383774380399067,1,0,S3_peaking,-7.500000000004725e-05,10000000.0,-2.8836880000000003,1.667999,-1.215689,1.667924,-7.281025,0.0003647838,0.003482534,0.0006272058,1.903314e-05,0.6922192,1.175588,0.1474531,0.0002922292,0.5024688,1.678056,0.0010520241071089256,0,0,0,S3_peaking,S3_peaking,S3_peaking
1117,5.1994248577565775e-05,5.035951464693297e-07,4.0,0.0008350357956785522,133.4778722025905,1.536901705628752e-13,631.3684301096863,1.5e-13,1.3155510989700756,1,0,S3_peaking,-0.00018199999999968242,10000000.0,-5.4550457,6.419283,0.9642373,6.419101,-9.714919,0.0003275557,0.004615361,0.0008121069,4.212353e-05,0.7013805,1.076952,0.1494913,0.0004175179,0.4594399,1.536392,0.001503064432221394,0,0,0,S3_peaking,S3_peaking,S3_peaking
1118,7.949491231599624e-05,1.7339044049858985e-07,5.0,0.0009678762313840955,532.4017891283065,2.929230004386422e-13,50.85409046797365,1.5e-13,1.5594493734191919,1,0,S3_f_peak,8.837804,8317638000.0,6.2507,-18.4117,-12.161,-9.573896,-10.62854,0.000485525,0.00855875,0.001012717,0.0002434096,0.8016031,1.059402,0.06991925,0.0004839381,0.7159877,1.77539,0.0017421772164913718,0,0,0,S3_f_peak,S3_f_peak,S3_f_peak
1119,5.916247595020514e-05,3.621512731719941e-07,4.0,0.0030239841720734084,83.27782887464728,2.154951511012807e-12,563.3657155948056,1.5e-13,1.1201983064524654,1,0,S3_nyq_boost,0.28078000000000003,758577600.0,-1.973177999999999,10.87843,8.905252,11.15921,-5.131904,0.0001938239,0.01032098,0.001996793,0.0002461864,0.6615296,0.7453211,0.1928919,0.001511992,0.2028744,0.9481955,0.005443171509732135,0,0,0,S3_nyq_boost,S3_nyq_boost,S3_nyq_boost
1120,4.327195888477525e-05,9.541714406045114e-07,7.0,0.0018908475484052734,651.9382396251826,1.6512184222867449e-13,139.57156341023244,1.5e-13,1.3986847827442224,1,0,S3_f_peak,4.979813,19952620000.0,3.0641950000000016,-13.03522,-9.971025,-8.055407,-8.054963,0.0006229849,0.004266854,0.0008113216,3.354365e-05,0.6689181,1.332399,0.3317655,0.0009454238,0.3356466,1.668046,0.0034035255871294923,0,0,0,S3_f_peak,S3_f_peak,S3_f_peak
1121,8.455556109952967e-05,2.4025107330348854e-07,4.0,0.004251399683175231,190.86503386663117,1.0177974690878402e-12,92.18401868314058,1.5e-13,1.2487326789498345,1,0,S3_f_peak,7.692138,4786301000.0,6.7097430000000005,-5.155127,1.554616,2.537011,-2.141645,0.0001868967,0.01972366,0.003281249,0.0005119253,0.7046949,1.251447,0.1418193,0.0021257,0.3525966,1.604043,0.007652519429715416,0,0,0,S3_f_peak,S3_f_peak,S3_f_peak
1122,5.944793693933523e-05,2.2973650472844134e-07,3.0,0.0027874832716254148,80.37568389037139,7.878514417676667e-12,113.70397436802568,1.5e-13,1.3680561101019815,1,1,,3.8815817999999997,1659587000.0,3.7761848,-0.6923328,3.083852,3.189249,-4.108674,0.000172547,0.01381305,0.002158127,0.0003837943,0.7278924,1.179137,0.1354209,0.001393742,0.4623885,1.641526,0.0050174698889257465,1,1,1,,,
1123,8.460024707152295e-05,6.650465414941059e-07,3.0,0.0016691685271423297,287.26841792302804,1.6552241887356568e-13,586.0436762489353,1.5e-13,1.2705290439541874,1,0,S3_peaking,-0.0001650000000008589,10000000.0,-4.5588293,5.387794,0.8289647,5.387629,-5.937081,0.0003447666,0.00722905,0.001360127,6.119857e-05,0.6656317,0.9174723,0.1871527,0.0008345843,0.3934249,1.310897,0.0030045033488561934,0,0,0,S3_peaking,S3_peaking,S3_peaking
1124,3.970607587559324e-05,1.651113217938573e-07,6.0,0.004868811249474848,746.588394203495,5.265171391517942e-12,64.48898345555217,1.5e-13,1.476987521231058,1,0,S3_peaking,16.857183,2089296000.0,16.849179,-17.96237,-1.113191,-1.105187,-4.99678,0.0001942117,0.01456553,0.001880095,0.0006670906,0.7857991,1.181284,0.1709736,0.002434406,0.4617233,1.643008,0.008763860249054727,0,0,0,S3_peaking,S3_peaking,S3_peaking
1125,5.856741488250178e-05,3.170206439711293e-07,6.0,0.0029827164426372856,67.75502850249795,5.466960893454699e-13,402.94916769177246,1.5e-13,1.1660977500746257,1,0,S3_peaking,-6.299999999903605e-05,10000000.0,-2.6305949999999996,9.26835,6.637755,9.268287,-5.453706,0.0002020099,0.01117406,0.002116617,0.0002259877,0.6871077,0.950867,0.1819563,0.001491358,0.2481915,1.199058,0.005368889596747114,0,0,0,S3_peaking,S3_peaking,S3_peaking
1126,6.64861211596226e-05,7.664772392850835e-07,5.0,0.00327053489553695,53.863675009342174,1.547386594030756e-12,571.1346101760377,1.5e-13,1.4976279160061823,1,0,S3_peaking,-0.00011999999999900979,10000000.0,-3.808629,8.662514,4.853885,8.662394,-3.237572,0.000235819,0.007093225,0.001326755,0.0004474398,0.67783,0.436957,0.3104851,0.001635267,0.4290852,0.8660422,0.0058869628119665104,0,0,0,S3_peaking,S3_peaking,S3_peaking
1127,5.7935715147387185e-05,4.5667728782654046e-07,5.0,0.0017383854673730544,114.35307194597877,9.509985232617175e-13,77.80001405777796,1.5e-13,1.4110348081992155,1,0,S3_f_peak,2.2645169999999997,4786301000.0,1.889436,-8.416554,-6.527118,-6.152037,-7.818597,0.0003207174,0.007326305,0.001266083,7.994668e-05,0.7128374,1.240324,0.1810026,0.0008691928,0.4920528,1.732377,0.003129093841271498,0,0,0,S3_f_peak,S3_f_peak,S3_f_peak
1128,9.084037814086125e-05,8.495917677614414e-07,3.0,0.0007180024361464063,218.6276666688785,1.7218834341774668e-12,426.8154446146815,1.5e-13,1.5754288595858286,1,0,S3_peaking,1.791065,954992600.0,0.361078,1.451585,1.812663,3.24265,-1.45453,0.000303669,0.004344035,0.0007386048,2.45293e-05,0.7170646,0.932806,0.1492956,0.0003590012,0.7139667,1.646773,0.0012924043850635314,0,0,0,S3_peaking,S3_peaking,S3_peaking
1129,9.345269761646072e-05,6.325380052091901e-07,8.0,0.0070644105796422735,161.20425281019973,3.718590038675462e-12,112.16400336484219,1.5e-13,1.3291384835455464,1,1,,6.547998,2187762000.0,6.534611,-3.660263,2.874348,2.887735,-1.155664,0.0001863019,0.01392129,0.002746957,0.0001885559,0.650529,1.15885,0.3185556,0.003532205,0.2449638,1.403814,0.012715939043356092,1,1,1,,,
1130,7.521913217738836e-05,1.9779836831099065e-07,6.0,0.000758583785054262,865.1860100324801,3.382480470993954e-13,396.3022992804524,1.5e-13,1.1829420339403847,1,1,,6.269033,2089296000.0,6.182546,-4.581822,1.600724,1.687211,-9.197385,0.0003140161,0.006817037,0.001067074,0.0002022483,0.7348808,1.250913,0.0749526,0.0003792919,0.3987714,1.649684,0.0013654508130976717,1,1,1,,,
1131,5.573415966828802e-05,2.6898523314580486e-07,7.0,0.00500657799021274,936.5050908532738,1.2976761655431702e-13,139.75515199620668,1.5e-13,1.43999786237813,1,0,S3_f_peak,9.311076,7943282000.0,5.5589249999999995,-13.12191,-7.562985,-3.810834,-6.49561,0.0004776876,0.01443052,0.002490139,0.0003497254,0.7411927,1.038032,0.2086884,0.002503289,0.4121206,1.450152,0.009011840382382933,0,0,0,S3_f_peak,S3_f_peak,S3_f_peak
1132,4.461528830645016e-05,2.2667211720770506e-07,4.0,0.001903684672862898,107.34867052567388,1.3561875575437162e-12,607.7948290685332,1.5e-13,1.5551619492652882,1,0,S3_nyq_boost,0.05658999999999992,602559600.0,-1.98583,10.01217,8.02634,10.06876,-6.536701,0.0002031914,0.009461016,0.001420098,0.0003504911,0.7757151,0.6116185,0.1428808,0.0009518426,0.6098566,1.221475,0.0034266324111532167,0,0,0,S3_nyq_boost,S3_nyq_boost,S3_nyq_boost
1133,3.571319554731689e-05,3.0008335192973116e-07,2.0,0.0026701186655576107,146.3494502595215,5.13688576034819e-12,258.30952433473635,1.5e-13,1.402629920049193,1,0,S3_f_peak,3.794735,1047129000.0,2.8916960000000005,1.426093,4.317789,5.220828,-7.581086,0.0002196472,0.008002662,0.001373453,0.0002053824,0.7089195,1.038773,0.1932185,0.001335059,0.4163688,1.455141,0.0048062135980037,0,0,0,S3_f_peak,S3_f_peak,S3_f_peak
1134,8.221446804544768e-05,4.6206617046881446e-07,4.0,0.003990177253805115,373.3118273299836,1.5636153209853373e-13,85.49176718888721,1.5e-13,1.1649872780724535,1,0,S3_f_peak,4.721706,10000000000.0,1.8711199999999995,-11.06963,-9.19851,-6.347924,-7.020858,0.0004155301,0.01254338,0.00242851,0.0001490278,0.6513822,1.394181,0.2126377,0.001995089,0.235253,1.629434,0.007182319056849207,0,0,0,S3_f_peak,S3_f_peak,S3_f_peak
1135,3.888370438947036e-05,3.8441607253500326e-07,6.0,0.004561895288284052,256.16496852232495,4.836067833825733e-12,165.87054406058104,1.5e-13,1.4911173012662644,1,1,,6.921821,1258925000.0,6.576261,-4.198358,2.377903,2.723463,-6.582891,0.0002186998,0.008967845,0.001603173,0.0001976025,0.7117911,1.060701,0.2886911,0.002280948,0.3609573,1.421658,0.008211411518911294,0,1,1,S3_f_peak,,
1136,7.204086241736497e-05,8.845554863270125e-07,4.0,0.0013421197248775299,65.5862513912763,7.592897572719763e-12,119.09380233218901,1.5e-13,1.5487205345119288,1,0,S3_f_peak,3.466048,19952620000.0,1.6683689999999993,-5.88892,-4.220551,-2.422872,-2.42162,0.0003118795,0.0051273,0.000903455,3.369878e-05,0.7026884,1.110175,0.2176442,0.0006710599,0.6099059,1.720081,0.0024158155047795536,0,0,0,S3_f_peak,S3_f_peak,S3_f_peak
1137,5.960151342899195e-05,8.388508347660716e-07,6.0,0.0008985383382177478,169.02060356294683,1.2802935301751248e-12,174.2099806159657,1.5e-13,1.231748332698536,1,0,S3_peaking,1.9509410000000003,3162278000.0,1.9266950000000005,-6.154537,-4.227842,-4.203596,-4.522326,0.0003822799,0.003971947,0.0007599862,2.127588e-05,0.6674648,1.35991,0.1931636,0.0004492694,0.3618222,1.721732,0.0016173690087919461,0,0,0,S3_f_peak,S3_peaking,S3_peaking
1138,7.535248077188673e-05,6.358417869198646e-07,2.0,0.0007107442537733933,63.429780253137274,2.7764705204365285e-13,767.0074588422884,1.5e-13,1.1213948459031413,1,0,S3_peaking,-0.0002949999999994901,10000000.0,-6.854462,9.381122,2.52666,9.380827,-5.980158,0.000296662,0.004585041,0.0008795375,2.617468e-05,0.6525691,1.19559,0.1340431,0.0003553721,0.3318358,1.527426,0.001279339656792108,0,0,0,S3_peaking,S3_peaking,S3_peaking
1139,9.70872853190146e-05,1.616545320469617e-07,1.0,0.003910361267172898,96.45410831600843,3.0220971343082806e-12,178.83897155216974,1.5e-13,1.3031908845985218,1,1,,5.249335,2290868000.0,5.240095,5.031205,10.2713,10.28054,0.4451375,0.0001178627,0.02509983,0.003226203,0.0006567002,0.7591305,1.040823,0.08461978,0.001955181,0.4095146,1.450337,0.007038650280911216,1,0,1,,S3_f_peak,
1140,5.0017929032548854e-05,7.426891771356833e-07,5.0,0.0059158854773956465,240.85452836683098,2.273712373797481e-12,56.26655180665972,1.5e-13,1.163728055318587,1,0,S3_f_peak,7.289745,19952620000.0,6.425129999999999,-13.70844,-7.28331,-6.418695,-6.417293,0.0003194199,0.008169046,0.00189002,9.084953e-05,0.5810741,1.666684,0.4185454,0.002957943,-0.0331191,1.633565,0.010648593859312164,0,0,0,S3_f_peak,S3_f_peak,S3_f_peak
1141,3.386636118990482e-05,5.62996480746525e-07,1.0,0.004813921633959758,54.28538165339853,4.511308429630433e-12,384.01756423330085,1.5e-13,1.3889372635410016,1,0,S3_nyq_boost,0.4236020000000007,831763800.0,-1.1947789999999996,4.875678,3.680899,5.29928,-7.93397,0.0002732635,0.006054564,0.001288635,0.0003089097,0.6197688,0.7270505,0.3679668,0.002406961,0.1486342,0.8756848,0.008665058941127565,0,0,0,S3_nyq_boost,S3_nyq_boost,S3_nyq_boost
1142,7.870218071722575e-05,3.08178217450916e-07,7.0,0.0038986851246348556,179.3588617111867,1.3455598495566184e-12,75.42343963381681,1.5e-13,1.390027457683881,1,0,S3_f_peak,6.962061,4365158000.0,6.4794596,-7.224582,-0.7451224,-0.262521,-3.968376,0.0002078223,0.01535582,0.002631545,0.0002887421,0.722631,1.20266,0.1746657,0.001949343,0.450314,1.652974,0.00701763322434274,0,0,0,S3_f_peak,S3_f_peak,S3_f_peak
1143,4.8460931001605826e-05,6.210251943252561e-07,5.0,0.005352493790211122,112.35660685607984,2.1048691602436666e-13,56.63713275512043,1.5e-13,1.2712663693825277,1,0,S3_f_peak,1.2096610000000005,19952620000.0,0.16411000000000087,-10.39033,-10.22622,-9.180669,-9.180307,0.0003714081,0.008472339,0.001767471,0.0001051946,0.6265781,1.535893,0.3665026,0.002676247,0.1125315,1.648424,0.00963448882238002,0,0,0,S3_f_peak,S3_f_peak,S3_f_peak
1144,7.552327473426427e-05,7.182217958793113e-07,7.0,0.002917497488825289,431.52382261310555,2.305889727025441e-13,203.4240957181571,1.5e-13,1.1338381061266745,1,0,S3_f_peak,2.859929,3801894000.0,2.515351,-5.539682,-3.024331,-2.679753,-5.162286,0.0003876838,0.008219392,0.001682174,6.561604e-05,0.6330876,1.319685,0.2595778,0.001458749,0.1835697,1.503255,0.00525149547988552,0,0,0,S3_f_peak,S3_f_peak,S3_f_peak
1145,5.9811526747263714e-05,1.8387171189565968e-07,7.0,0.0010009312377421815,879.4466967300172,5.038443579102435e-12,68.16394630353618,1.5e-13,1.5382210422794014,1,0,S3_peaking,13.716144,1584893000.0,13.674498999999999,-19.43104,-5.756541,-5.714896,-9.515699,0.000279012,0.007851528,0.001023562,0.0002202023,0.803669,1.094649,0.08889625,0.0005004665,0.671237,1.765886,0.0018016762279359267,0,0,0,S3_peaking,S3_peaking,S3_peaking
1146,7.099419189736324e-05,3.3932479423027763e-07,3.0,0.0008667651617354713,170.14715084364676,1.0405837802521903e-13,156.24081782284495,1.5e-13,1.5204675094003814,1,0,S3_peaking,-1.0000000000509601e-05,10000000.0,-0.5458050000000005,-4.209343,-4.755148,-4.209353,-10.11329,0.0003504789,0.006579117,0.001028804,8.976461e-05,0.7448393,1.058637,0.1079168,0.0004333827,0.6736512,1.732288,0.0015601772911238484,0,0,0,S3_peaking,S3_peaking,S3_peaking
1147,6.375534431281161e-05,3.8009884511337786e-07,6.0,0.005818614215390575,929.432092629598,6.7735968839055266e-12,190.65314222779784,1.5e-13,1.2701819412473996,1,0,S3_peaking,17.734673,1000000000.0,17.125433,-10.56049,6.564943,7.174183,-3.359911,0.0001729116,0.01331588,0.002544075,0.0003043407,0.672007,1.009283,0.2498217,0.002909307,0.2360487,1.245331,0.010473505587703035,0,0,0,S3_f_peak,S3_peaking,S3_peaking
1148,8.523989085043171e-05,7.39722733782265e-07,5.0,0.0005084083778432907,122.96005227046969,2.0777046520611178e-13,258.59643303434046,1.5e-13,1.314424050959752,1,0,S3_peaking,-1.700000000015578e-05,10000000.0,-0.7882759999999998,-2.609569,-3.397845,-2.609586,-5.528273,0.0003854372,0.003635164,0.0006553773,1.778309e-05,0.6912372,1.221019,0.1236635,0.0002542042,0.5132449,1.734263,0.0009151350801179233,0,0,0,S3_peaking,S3_peaking,S3_peaking
1149,9.567268909659683e-05,5.021606800559017e-07,2.0,0.0010089628323726616,944.5280244744773,2.1861852027504207e-13,80.45037661359086,1.5e-13,1.5713575970133797,1,0,S3_f_peak,11.559189,19952620000.0,7.66625,-18.75505,-11.0888,-7.195861,-7.194239,0.0006103746,0.006920634,0.001114171,5.366381e-05,0.7331656,1.044301,0.1253573,0.0005044897,0.7151136,1.759414,0.001816133098270791,0,0,0,S3_f_peak,S3_f_peak,S3_f_peak
1150,6.635644812989596e-05,3.44713851719178e-07,5.0,0.0024661185121941723,644.6823220349727,3.108691583859699e-12,69.04704018408509,1.5e-13,1.126186579402685,1,0,S3_peaking,13.912093,2398833000.0,13.911989,-16.84685,-2.934861,-2.934757,-6.199337,0.0002453697,0.0109129,0.002050516,0.0001585774,0.6726597,1.459761,0.1635112,0.001233061,0.2550967,1.714858,0.00443901332194951,0,0,0,S3_peaking,S3_peaking,S3_peaking
1151,6.895741568844693e-05,6.464837469942858e-07,6.0,0.0019139549705453449,405.07616261646257,1.0095470781425026e-12,234.9396172837554,1.5e-13,1.384584853371076,1,1,,6.109968,1905461000.0,5.947487000000001,-4.337443,1.610044,1.772525,-4.446811,0.000286335,0.006930113,0.001254942,5.691354e-05,0.6914991,1.127503,0.2159091,0.0009569775,0.4476655,1.575168,0.0034451189469816208,1,1,1,,,
1152,5.969606762438956e-05,8.018566520742615e-07,3.0,0.003579057275415133,541.3895251626385,1.4512569702027463e-12,114.52303493506034,1.5e-13,1.5853156808342603,1,0,S3_f_peak,9.349822,2884032000.0,9.334007,-12.21165,-2.877643,-2.861828,-4.064522,0.0003097291,0.007070611,0.001315529,8.600571e-05,0.6781691,1.122599,0.3339277,0.001789529,0.4724588,1.595058,0.00644230309574724,0,0,0,S3_f_peak,S3_f_peak,S3_f_peak
1153,6.139597676382234e-05,6.631603051167916e-07,2.0,0.0058139875997125475,690.2580350754937,6.588816875836246e-13,86.87902392987446,1.5e-13,1.5494705215304294,1,0,S3_f_peak,11.811300000000001,5011872000.0,11.197179000000002,-15.64506,-4.447881,-3.83376,-5.129756,0.0003556533,0.009314182,0.001799564,0.0001519693,0.6610761,1.173234,0.3507754,0.002906994,0.3742096,1.547443,0.010465177679482586,0,0,0,S3_f_peak,S3_f_peak,S3_f_peak
1154,6.512617518935822e-05,2.9297956602407785e-07,2.0,0.0011137319767890723,115.1250112545918,4.424112296115058e-12,519.8937101753783,1.5e-13,1.4747636973784402,1,0,S3_nyq_boost,2.0493690000000004,724436000.0,-1.0180790000000002,8.198091,7.180012,10.24746,-6.903791,0.0002135439,0.007938882,0.001225784,0.0001360292,0.7406847,0.8946179,0.1110695,0.0005568713,0.615871,1.510489,0.0020047175582203302,0,0,0,S3_nyq_boost,S3_nyq_boost,S3_nyq_boost
1155,8.693305078930844e-05,3.4575483854354163e-07,5.0,0.007567799843533238,591.083093126873,5.165878358554689e-12,88.03794565627278,1.5e-13,1.3296085738373622,1,0,S3_peaking,16.978307,1995262000.0,16.951886000000002,-13.39858,3.553306,3.579727,-1.807863,0.0001614789,0.01870554,0.003427608,0.0004209074,0.6822394,1.150624,0.2229538,0.0037839,0.3162496,1.466873,0.013622039718359829,0,0,0,S3_peaking,S3_peaking,S3_peaking
1156,3.5062626478802304e-05,2.3272016280120416e-07,5.0,0.0017605732643627275,118.98708419983991,6.690555970165389e-12,69.38207056827719,1.5e-13,1.3972081196836053,1,1,,3.6884390000000007,1905461000.0,3.6652960000000006,-9.083859,-5.418563,-5.39542,-9.438314,0.0002754573,0.007987869,0.001346609,0.0001692393,0.7612246,1.284504,0.1579228,0.0008802867,0.4544197,1.738924,0.00316903187585291,1,1,1,,,
1157,6.326103721609601e-05,3.7443464884618827e-07,4.0,0.0010443219724250922,488.4308703213811,2.236142734230461e-12,276.8606717239017,1.5e-13,1.3789725922085168,1,0,S3_f_peak,8.046698,1148154000.0,7.061356999999999,-4.069907,2.99145,3.976791,-7.278072,0.0002594837,0.006645936,0.001118112,8.389358e-05,0.7206326,1.126937,0.1279128,0.000522161,0.5284967,1.655434,0.001879779550365166,0,0,0,S3_f_peak,S3_f_peak,S3_f_peak
1158,2.5412341692539456e-05,2.2117621980250347e-07,5.0,0.0014626438671160387,771.8837155087922,2.1674114157460723e-13,50.133441769588735,1.5e-13,1.5158466742807672,1,0,S3_f_peak,9.865169999999999,8317638000.0,7.01202,-21.83456,-14.82254,-11.96939,-13.37375,0.0006697325,0.006280792,0.001006437,0.0001761934,0.7771292,1.216452,0.1617856,0.000731322,0.5468847,1.763336,0.0026327589608088698,0,0,0,S3_f_peak,S3_f_peak,S3_f_peak
1159,2.0781729522349227e-05,1.7421671669213485e-07,4.0,0.0008407149279579316,276.2433414309839,1.9209074902378417e-12,673.7485838340897,1.5e-13,1.5537169675542524,1,0,S3_nyq_boost,2.677511,758577600.0,-0.7679289999999996,4.788792,4.020863,7.466303,-12.0158,0.0002786611,0.004812312,0.0006211773,0.000144943,0.8060556,0.8957272,0.1228287,0.0004203633,0.6210575,1.516785,0.001513286870324277,0,0,0,S3_nyq_boost,S3_nyq_boost,S3_nyq_boost
1160,2.3890724144467124e-05,2.9824471521552743e-07,7.0,0.0008075499690130151,290.61530444276207,1.7730479345916733e-13,113.38536706414907,1.5e-13,1.5224827747569913,1,0,S3_peaking,1.1764299999999999,4786301000.0,0.7784300000000002,-11.61126,-10.83283,-10.43483,-14.54391,0.0005459297,0.003866569,0.0006433928,5.267825e-05,0.7762911,1.180558,0.1629505,0.0004037758,0.5736601,1.754218,0.0014535899442234272,0,0,0,S3_peaking,S3_peaking,S3_peaking
1161,9.791781858311936e-05,7.9446597432024e-07,3.0,0.0022925635656333813,269.0641360121172,4.751845047824942e-13,407.334409549513,1.5e-13,1.4219639933720032,1,0,S3_nyq_boost,0.5352870000000003,1318257000.0,-0.04150799999999988,3.000002,2.958494,3.535289,-2.106611,0.000294513,0.008082188,0.001494241,7.811689e-05,0.6764335,0.8446963,0.2230341,0.001146282,0.4883836,1.33308,0.004126614418140087,0,0,0,S3_nyq_boost,S3_peaking,S3_nyq_boost
1162,4.557602599172484e-05,8.94799323976684e-07,6.0,0.003019178337472155,310.7448080866866,2.5755982156584525e-13,126.6352780833859,1.5e-13,1.1108329432044004,1,0,S3_f_peak,2.7005429999999997,6918310000.0,1.7926599999999997,-9.38556,-7.5929,-6.685017,-6.967686,0.0004587377,0.00552876,0.001229618,4.497099e-05,0.5967504,1.57984,0.3742721,0.001509589,0.028992,1.608832,0.005434521007449879,0,0,0,S3_f_peak,S3_f_peak,S3_f_peak
1163,3.620919798263627e-05,2.2357035981489905e-07,3.0,0.003155448005625838,268.66060443907173,6.010713788400802e-13,529.9608901991596,1.5e-13,1.4546554029452152,1,0,S3_peaking,1.3989909999999997,1659587000.0,1.010465,4.9717,5.982165,6.370691,-6.619427,0.0002210126,0.009692629,0.001564881,0.0005807536,0.747222,0.5207255,0.1799372,0.001577724,0.4431425,0.963868,0.005679806410126508,0,0,0,S3_peaking,S3_peaking,S3_peaking
1164,7.70291109057073e-05,4.439105232883313e-07,6.0,0.005155619059131275,82.8259094686856,1.322894301298986e-12,90.93185542214715,1.5e-13,1.1924271446979342,1,0,S3_f_peak,2.6844864999999998,4168694000.0,2.3152554,-2.805255,-0.4899996,-0.1207685,-3.76196,0.0002083104,0.01346864,0.002618931,0.0001915666,0.6551056,1.354937,0.2394263,0.00257781,0.2106571,1.565594,0.009280114306436296,0,0,0,S3_f_peak,S3_f_peak,S3_f_peak
1165,2.9257438732736774e-05,9.829382160453938e-07,8.0,0.0005920252150784525,85.22280450611323,1.0535423650341297e-12,197.9314519788646,1.5e-13,1.1509101952658356,1,0,S3_peaking,0.2252010000000002,3467369000.0,0.21062400000000103,-8.807683,-8.597059,-8.582482,-8.680346,0.000563306,0.002028586,0.0004042186,1.321861e-05,0.6534217,1.502475,0.2342541,0.0002960126,0.2389337,1.741409,0.0010656453871412145,0,0,0,S3_f_peak,S3_peaking,S3_peaking
1166,3.30252936648257e-05,1.8980250539247735e-07,2.0,0.0009278958985413515,195.37313570904513,3.0869033392093284e-12,95.46195461726694,1.5e-13,1.2450458413117338,1,1,,4.400098999999999,1995262000.0,4.368435999999999,-9.114631,-4.746195,-4.714532,-10.5714,0.0002973877,0.006437764,0.0009538091,0.0001709551,0.7375605,1.35803,0.09677585,0.000463953,0.3976792,1.755709,0.0016702126173744327,1,1,1,,,
1167,7.716586326161258e-05,4.2951758059961447e-07,2.0,0.0006306870289558294,319.9734978309326,1.3180147405999232e-12,56.67974837020114,1.5e-13,1.4367700495051956,1,0,S3_f_peak,7.763684,19952620000.0,5.232799999999999,-16.65777,-11.42497,-8.894086,-8.890682,0.0004512707,0.005057355,0.0008291071,4.231708e-05,0.7230476,1.162702,0.1046542,0.0003153435,0.6194246,1.782126,0.001135236652120493,0,0,0,S3_f_peak,S3_f_peak,S3_f_peak
1168,8.41566669706841e-05,5.475771630646032e-07,3.0,0.0011209827397163448,957.3118214293576,2.738614184397193e-13,68.58419912795236,1.5e-13,1.2484968225515956,1,0,S3_f_peak,13.03952,19952620000.0,8.904340000000001,-20.41515,-11.51081,-7.37563,-7.372954,0.0006109995,0.006653113,0.001207046,4.355e-05,0.6794202,1.341176,0.1419789,0.0005604929,0.4203829,1.761559,0.002017768931489421,0,0,0,S3_f_peak,S3_f_peak,S3_f_peak
1169,5.549933272403603e-05,3.86374130471536e-07,2.0,0.005087837917734733,205.1146666488778,1.6765601809742491e-12,220.6830417015703,1.5e-13,1.108026011783065,1,1,,5.44135601,1995262000.0,5.32962301,0.04037099,5.369994,5.481727,-4.730798,0.0002047724,0.01119688,0.00229778,0.0002336422,0.6290261,1.131103,0.237567,0.002543919,0.107497,1.2386,0.009158108251922521,1,1,1,,,
1170,3.3458089850909086e-05,3.3315091907317146e-07,3.0,0.0018514851179177822,441.34325225300205,5.253057797632391e-13,502.5355572664585,1.5e-13,1.171084936195043,1,1,,3.1659229999999994,1584893000.0,2.5412980000000003,1.325325,3.866623,4.491248,-9.317732,0.0002835911,0.006442932,0.001220205,0.0001224741,0.6785729,1.090273,0.1901525,0.0009257426,0.2445083,1.334781,0.003332673212252008,0,1,1,S3_peaking,,
1171,9.746045293492884e-05,2.3790323576466933e-07,6.0,0.0011336528282035678,405.7876376631193,1.336155542333906e-13,78.6974432024781,1.5e-13,1.4883290452318556,1,0,S3_f_peak,4.167831999999999,9549926000.0,1.5543999999999993,-12.74635,-11.19195,-8.578518,-9.392867,0.0004683817,0.009826745,0.001454043,0.0002349372,0.7619517,1.103277,0.08887406,0.0005668265,0.6521151,1.755392,0.002040575090766422,0,0,0,S3_f_peak,S3_f_peak,S3_f_peak
1172,4.744542134062845e-05,1.7229783808757687e-07,7.0,0.0007006139462782439,89.4116037507541,7.940812500373303e-12,757.4607963881473,1.5e-13,1.1793974246057126,1,0,S3_nyq_boost,1.0285779999999995,416869400.0,-4.236648,9.278502,5.041854,10.30708,-10.69192,0.0002366545,0.005401977,0.0008102331,0.0001599195,0.7721674,1.161572,0.0808076,0.000350309,0.3730835,1.534656,0.001261105103300839,0,0,0,S3_nyq_boost,S3_nyq_boost,S3_nyq_boost
1173,6.91566227546988e-05,3.255164232259415e-07,8.0,0.0021620184027773643,586.9659457775881,8.021514099738208e-13,411.53460835922294,1.5e-13,1.5604255004501961,1,1,,8.1800874,1737801000.0,7.7361404,-0.7866854,6.949455,7.393402,-5.394522,0.0002260322,0.01043933,0.001693773,0.0002022274,0.7635116,0.7307596,0.1583691,0.001081015,0.6243677,1.355127,0.003891633124999256,1,1,1,,,
1174,7.642142863007167e-05,2.037449324549085e-07,5.0,0.002713623619668411,757.0382576335766,1.0486418366152578e-13,748.6707276318855,1.5e-13,1.535693408463431,1,0,S3_peaking,-0.000256800000000057,10000000.0,-4.5671303,0.8454553,-3.721675,0.8451985,-8.990787,0.0003665325,0.01376277,0.001957104,0.002127271,0.778611,0.1901604,0.1300431,0.001356813,0.5940343,0.7841947,0.00488452251540314,0,0,0,S3_peaking,S3_peaking,S3_peaking
1175,9.159594710101847e-05,6.935804959797414e-07,5.0,0.0008751145298516431,121.4957560221516,8.320311835964941e-12,343.60344755464973,1.5e-13,1.362016659574452,1,0,S3_f_peak,2.239254,630957300.0,0.38272200000000023,2.369941,2.752663,4.609195,-2.339134,0.0002635229,0.005328303,0.0009500211,3.029948e-05,0.6950244,1.123653,0.1442083,0.0004375573,0.5260008,1.649654,0.0015752061537329576,0,0,0,S3_f_peak,S3_f_peak,S3_f_peak
1176,7.713997384821888e-05,2.20292554559038e-07,6.0,0.005285717340659242,72.44552814944717,5.786206374536044e-13,247.1053423344991,1.5e-13,1.4960816760556213,1,0,S3_peaking,-1.1999999999900979e-05,10000000.0,-0.6414369999999998,7.439698,6.798261,7.439686,-1.851004,0.0001594729,0.01989254,0.003061027,0.0009030904,0.7567865,0.6301488,0.1617707,0.002642859,0.5167867,1.146936,0.009514291213186636,0,0,0,S3_peaking,S3_peaking,S3_peaking
1177,5.3164059045972153e-05,5.198151595970107e-07,8.0,0.0007854852844640657,588.5020708209765,1.351972029619928e-13,438.9079369995456,1.5e-13,1.4992365730669188,1,0,S3_peaking,-1.8000000000295557e-05,10000000.0,-1.1586790000000002,-2.425645,-3.584324,-2.425663,-9.996376,0.0004678964,0.004324904,0.0007185064,3.509561e-05,0.7464613,1.019635,0.151737,0.0003927427,0.6079876,1.627622,0.0014138735120353184,0,0,0,S3_peaking,S3_peaking,S3_peaking
1178,2.746409174721253e-05,3.898645302341287e-07,3.0,0.0013791106262599012,365.23681517775884,4.5548767474740075e-12,248.8297008006954,1.5e-13,1.467755470260356,1,0,S3_f_peak,5.604940200000001,831763800.0,4.5704713,-4.84637,-0.2758987,0.7585702,-11.12059,0.0003096634,0.004666102,0.0008006351,7.012311e-05,0.7252987,1.138089,0.2049817,0.0006895557,0.4903291,1.628418,0.0024823991272678223,0,0,0,S3_f_peak,S3_f_peak,S3_f_peak
1179,4.244976670202731e-05,3.0171803921061645e-07,2.0,0.0007788451407485537,60.98986321440003,4.3978882728192955e-13,657.1238066403308,1.5e-13,1.1548245032964313,1,0,S3_peaking,-0.00017900000000103944,10000000.0,-5.450741000000001,8.909017,3.458276,8.908838,-10.46483,0.0002797809,0.005307539,0.0009331302,8.753554e-05,0.6906983,1.204154,0.1152624,0.0003894249,0.3399456,1.5441,0.0014019212533473966,0,0,0,S3_peaking,S3_peaking,S3_peaking
1180,5.6057860165631155e-05,9.526196333738501e-07,4.0,0.0008281865813744298,675.2573979069396,8.794814980874846e-13,265.2022858432628,1.5e-13,1.127557574200678,1,1,,5.906465000000001,1737801000.0,5.774877,-8.392784,-2.617907,-2.486319,-4.173992,0.0004134648,0.003472846,0.0007029735,1.749861e-05,0.6362532,1.417503,0.2015831,0.0004140939,0.2726776,1.69018,0.0014907358464739736,1,1,1,,,
1181,3.661250869302544e-05,4.5583863539434377e-07,8.0,0.0005434351939086014,212.2135386819674,7.289948979596777e-12,272.4749726706002,1.5e-13,1.4926822734909049,1,0,S3_f_peak,2.5676200000000007,602559600.0,1.2370400000000004,-4.327696,-3.090656,-1.760076,-11.31792,0.0003912133,0.003111223,0.0005186464,2.666681e-05,0.7540785,1.121272,0.1445324,0.0002717176,0.6046916,1.725964,0.0009781833490354825,0,0,0,S3_f_peak,S3_f_peak,S3_f_peak
1182,9.277381531738189e-05,7.267210829952183e-07,5.0,0.0028200988412242266,469.6047898362092,2.750965297748161e-13,132.35455783038395,1.5e-13,1.5174013644846192,1,0,S3_f_peak,5.703274,6606934000.0,4.336145,-9.404702,-5.068557,-3.701428,-4.059788,0.0004014409,0.009017781,0.001608559,7.957259e-05,0.6963201,1.070269,0.2380429,0.00141005,0.5431045,1.613374,0.005076177914203608,0,0,0,S3_f_peak,S3_f_peak,S3_f_peak
1183,8.07082079130404e-05,7.48488144796932e-07,7.0,0.0019211498008552565,67.23939273362204,2.326870815072664e-12,107.51726402193728,1.5e-13,1.2277088983413387,1,0,S3_f_peak,1.7635090000000004,19952620000.0,1.426644,-4.621456,-3.194812,-2.857947,-2.857536,0.000281365,0.007041031,0.001361511,4.465074e-05,0.6598956,1.374587,0.2179009,0.0009605749,0.3221341,1.696721,0.0034580696415394616,0,0,0,S3_f_peak,S3_peaking,S3_f_peak
1184,6.332096446392158e-05,4.479786441209462e-07,3.0,0.004924982147350883,339.81169426995547,5.14288572431411e-12,401.932188718315,1.5e-13,1.2834856385327067,1,0,S3_f_peak,8.274170999999999,794328200.0,6.3441030000000005,1.948869,8.292972,10.22304,-4.176072,0.0001870001,0.01075963,0.002086309,0.000477491,0.6570579,0.5609784,0.2571218,0.002462491,0.2492672,0.8102456,0.00886496786523159,0,0,0,S3_f_peak,S3_f_peak,S3_f_peak
1185,2.6696477505481844e-05,9.87217634632e-07,2.0,0.001927783025090414,79.47960021659667,1.539643384950595e-12,491.9343403134335,1.5e-13,1.241568103132946,1,0,S3_peaking,-4.899999999974369e-05,10000000.0,-2.8723783,2.261332,-0.6110463,2.261283,-8.259072,0.0003839934,0.003081443,0.0006814487,3.549453e-05,0.5959409,1.226038,0.406432,0.0009638915,0.0997909,1.325829,0.0034700094451627452,0,0,0,S3_peaking,S3_peaking,S3_peaking
1186,6.711588122345282e-05,3.536511038097372e-07,4.0,0.003539956823438064,934.4358519086527,3.131718992841021e-12,666.8943783993785,1.5e-13,1.529716642390543,1,0,saturation,5.424205,912010800.0,5.192739,-10.05804,-4.865301,-4.633835,-7.830563,0.0003027924,0.006602114,0.001169933,0.008276836,0.7182087,0.1428127,0.2286789,0.001769979,0.4767986,0.6196113,0.006371922282188516,0,0,0,S3_f_peak,S3_f_peak,S3_f_peak
1187,4.406056657394741e-05,3.0257623650665017e-07,2.0,0.002475958639340913,117.76813774485437,8.288753511820956e-13,83.02048599221519,1.5e-13,1.1974213764490962,1,0,S3_f_peak,2.7144999999999992,4786301000.0,2.1751889999999996,-6.757508,-4.582319,-4.043008,-7.84018,0.0002760678,0.009216006,0.001664295,0.0001760271,0.6780078,1.411389,0.1705675,0.001237979,0.2858309,1.69722,0.004456725550813644,0,0,0,S3_f_peak,S3_f_peak,S3_f_peak
1188,2.9194456201440474e-05,1.5263722888490707e-07,2.0,0.004185245197193671,176.4916345339799,4.804996679357865e-12,111.90860597676499,1.5e-13,1.40448049308106,1,1,,6.263942,1819701000.0,6.206485000000001,-4.806905,1.39958,1.457037,-5.409667,0.0001869721,0.01188896,0.001382223,0.0007135703,0.7714724,1.158291,0.1406065,0.002092623,0.4075264,1.565817,0.007533441354948608,1,1,1,,,
1189,6.559051992377568e-05,8.189373653202182e-07,4.0,0.0012648311415417125,507.61124502487144,5.300123707248465e-12,349.54928639329034,1.5e-13,1.1235370035646264,1,0,S3_f_peak,7.420971,630957300.0,5.588623999999999,-3.277405,2.311219,4.143566,-3.162958,0.0002824823,0.00497227,0.001005624,2.944923e-05,0.6351121,1.32373,0.2069839,0.0006324156,0.2552085,1.578939,0.0022766960547750824,0,0,0,S3_f_peak,S3_f_peak,S3_f_peak
1190,9.839587380922215e-05,9.417696695549374e-07,6.0,0.0024133323521231434,897.7318725535906,5.023589986180262e-12,52.08315886993442,1.5e-13,1.4842684771991381,1,0,S3_f_peak,20.828621,19952620000.0,14.335300999999998,-22.13113,-7.795829,-1.302509,-1.295473,0.0003079711,0.007608082,0.001393802,5.128789e-05,0.6841019,1.222058,0.2523211,0.001206666,0.5150955,1.737153,0.004343998233821658,0,0,0,S3_f_peak,S3_f_peak,S3_f_peak
1191,2.943085127290001e-05,4.5482900321860675e-07,5.0,0.0009565558719100692,337.585918231698,4.566454777659089e-12,51.919039312932384,1.5e-13,1.333253653681806,1,0,S3_f_peak,4.855500000000001,5011872000.0,4.847050000000001,-19.00643,-14.15938,-14.15093,-14.17433,0.0005356556,0.003811855,0.0006758301,3.493684e-05,0.7137646,1.370617,0.19189,0.0004782779,0.4045511,1.775168,0.0017218005694381246,0,0,0,S3_f_peak,S3_f_peak,S3_f_peak
1192,9.525155336765087e-05,4.596481211682398e-07,3.0,0.000995149593310875,418.45049357875195,1.4257734190181576e-12,82.31864572953319,1.5e-13,1.4607520630934245,1,0,S3_f_peak,8.020461999999998,4786301000.0,7.889870999999999,-13.44906,-5.559189,-5.428598,-5.663553,0.0003281417,0.007090454,0.001168875,5.992782e-05,0.7225534,1.135516,0.1190002,0.0004975775,0.6235238,1.75904,0.001791269267959575,0,0,0,S3_f_peak,S3_f_peak,S3_f_peak
1193,9.293778125068683e-05,1.7937231339319065e-07,5.0,0.0064201997480823145,114.21311576976876,8.572412187152535e-12,237.64394642970277,1.5e-13,1.2029604169204935,1,1,,7.263081999999999,1258925000.0,6.691611999999999,6.571868,13.26348,13.83495,1.601545,0.0001080588,0.02820157,0.004267686,0.0009863966,0.7348468,0.7648622,0.1301033,0.0032101,0.272277,1.037139,0.011556359546548167,0,1,1,S3_f_peak,,
1194,6.125908478472564e-05,5.578616014742294e-07,2.0,0.002446069809958247,103.48637603084421,4.055276842374875e-13,168.59282394582715,1.5e-13,1.1447814455404892,1,0,S3_peaking,-9.999999999177334e-07,10000000.0,-0.17710899999999996,-1.156425,-1.333534,-1.156426,-6.237764,0.0002840938,0.007779001,0.001548955,7.056097e-05,0.6380808,1.367231,0.2194538,0.001223035,0.2265718,1.593803,0.004402925657924845,0,0,0,S3_peaking,S3_peaking,S3_peaking
1195,3.677896313895627e-05,2.082281595722487e-07,8.0,0.0013348630388673173,247.55166194863804,4.302066057405787e-12,192.63591356251234,1.5e-13,1.561391246940408,1,0,S3_f_peak,5.731243,1202264000.0,5.238289,-3.442155,1.796134,2.289088,-8.565081,0.000242385,0.007446642,0.001118653,0.0002273908,0.7957639,1.042717,0.1331656,0.0006674392,0.628712,1.671429,0.002402753469961171,0,1,0,S3_f_peak,,S3_f_peak
1196,6.745650390509532e-05,6.686481042737037e-07,7.0,0.0029958307289650924,271.09562659816794,1.8888429527755607e-13,408.77511016537727,1.5e-13,1.320647330482456,1,0,S3_peaking,-5.8999999999809205e-05,10000000.0,-2.2101466,2.867829,0.6576824,2.86777,-6.200882,0.0003239724,0.007980536,0.001517416,0.0001055941,0.6690667,0.8667467,0.2698307,0.001497916,0.3209428,1.187689,0.0053924953121371666,0,0,0,S3_peaking,S3_peaking,S3_peaking
1197,3.469676219414386e-05,1.568052544527475e-07,4.0,0.002158781944969087,363.2013678230162,6.2547264068133024e-12,211.00913391150002,1.5e-13,1.4942276702443829,1,0,S3_f_peak,8.831439,1000000000.0,8.212953,-3.720061,4.492892,5.111378,-6.369774,0.0001928299,0.009912551,0.001087567,0.0005413566,0.7982971,0.9978425,0.1195844,0.001079392,0.5743961,1.572239,0.003885807500944357,0,0,0,S3_f_peak,S3_f_peak,S3_f_peak
1198,8.018180966193567e-05,7.034515067822678e-07,3.0,0.007799687254873505,78.89381751105758,9.975608544160957e-12,80.70361759885898,1.5e-13,1.154577219104104,1,1,,3.7650379999999997,2089296000.0,3.7564954,-4.315409,-0.5589136,-0.550371,-2.022359,0.000205658,0.01208894,0.002746016,0.0001515562,0.5829498,1.454403,0.3605044,0.003899844,0.03086418,1.485267,0.014039437058772308,0,1,1,S3_f_peak,,
1199,4.094782203974992e-05,2.1421273373253418e-07,5.0,0.003450508434734424,77.89320988840522,2.3610991141564017e-13,191.83389007759152,1.5e-13,1.1746197357499235,1,0,S3_peaking,-1.3000000000040757e-05,10000000.0,-0.7279680000000002,2.938785,2.210817,2.938772,-6.236018,0.000216596,0.01199489,0.002212203,0.0003778179,0.7085968,1.242177,0.1753409,0.001725254,0.2268604,1.469037,0.006210915182521963,0,0,0,S3_peaking,S3_peaking,S3_peaking
1200,9.598582134018558e-05,4.1381847649918e-07,4.0,0.0009019672287844246,141.66506021483707,2.284711018997288e-12,671.0374089028078,1.5e-13,1.4153688448423387,1,0,S3_nyq_boost,0.9300990000000002,660693400.0,-3.0226690000000005,9.098041,6.075372,10.02814,-5.081897,0.0002356871,0.006904523,0.001141871,7.4841e-05,0.723447,0.9061409,0.1097753,0.0004509903,0.5912323,1.497373,0.0016235410118119644,0,0,0,S3_nyq_boost,S3_nyq_boost,S3_nyq_boost
1201,2.6101290461991522e-05,7.900782304099332e-07,7.0,0.0026766223960007452,471.2955286078418,1.512052242872155e-13,175.1940639734563,1.5e-13,1.1113394930876868,1,0,S3_peaking,1.5915999999999997,3981072000.0,1.3163289999999996,-9.882821,-8.566492,-8.291221,-11.29879,0.0005718233,0.003979814,0.0009308522,4.373852e-05,0.589257,1.629012,0.4114045,0.001338311,-0.0634788,1.565533,0.004817920312801342,0,0,0,S3_peaking,S3_peaking,S3_peaking
1202,2.8278861276774586e-05,5.781926497227877e-07,5.0,0.001461529548202481,107.95786849695088,2.6335563880875203e-12,480.02175511041156,1.5e-13,1.1493617760350439,1,0,S3_nyq_boost,0.5617160000000001,724436000.0,-2.016758,3.359787,1.343029,3.921503,-10.43867,0.0003270369,0.00389664,0.000767953,3.495383e-05,0.655414,1.286453,0.2643349,0.0007307648,0.1627639,1.449217,0.002630753186764466,0,0,0,S3_nyq_boost,S3_nyq_boost,S3_nyq_boost
1203,8.708064481695383e-05,1.9434510236845124e-07,4.0,0.001307433503019668,66.56705584159589,2.7030526080009882e-12,265.97085764430767,1.5e-13,1.2365247118650486,1,0,S3_peaking,1.1204920000000005,1445440000.0,0.5898350000000008,5.744177,6.334012,6.864669,-5.465364,0.0001788752,0.01097903,0.001620552,0.0002936946,0.7375966,1.202789,0.07923951,0.0006537187,0.4233398,1.626129,0.0023533803054354026,0,0,0,S3_peaking,S3_peaking,S3_peaking
1204,3.0103234780365342e-05,8.593143113471942e-07,6.0,0.0026039589036882943,465.62713165762597,2.97358548679546e-13,88.69002810233957,1.5e-13,1.5412715038559834,1,0,S3_f_peak,5.458450000000001,19952620000.0,3.690660000000001,-15.50416,-11.8135,-10.04571,-10.0451,0.0005994474,0.004042343,0.0007807501,4.255038e-05,0.6698872,1.370313,0.415869,0.001301979,0.3142144,1.684527,0.00468712602663893,0,0,0,S3_f_peak,S3_f_peak,S3_f_peak
1205,9.644751208426934e-05,9.123906052252565e-07,2.0,0.0027095978786815826,191.81703860596986,5.677007877356316e-12,516.8411253391924,1.5e-13,1.1057493064097308,1,0,S3_f_peak,4.239997,602559600.0,0.8708200000000001,6.358443,7.229263,10.59844,0.6519103,0.0002132005,0.007920399,0.001690649,7.664055e-05,0.6056952,0.9115358,0.2543253,0.001354799,0.1882484,1.099784,0.004877276181626849,0,0,0,S3_f_peak,S3_f_peak,S3_f_peak
1206,9.86244526339001e-05,1.6654053136660568e-07,2.0,0.0010557812390060975,375.2701685019125,1.360755321288099e-13,409.54509542996385,1.5e-13,1.4952954232470215,1,0,S3_peaking,-6.299999999992423e-05,10000000.0,-2.1816977,1.891047,-0.2906507,1.890984,-8.697483,0.0002848826,0.009759031,0.001163711,0.0002768414,0.7899014,0.9265656,0.06118742,0.0005278944,0.6572394,1.583805,0.0019004062302109754,0,0,0,S3_peaking,S3_peaking,S3_peaking
1207,6.492303325251874e-05,7.915695585180428e-07,3.0,0.004062172071507901,898.3159262874425,3.7833944798161576e-12,146.73347193900423,1.5e-13,1.4092761304026649,1,0,S3_peaking,13.8495404,1380384000.0,13.667054400000001,-13.21958,0.4474744,0.6299604,-2.914716,0.0002533533,0.007872175,0.001562599,9.27037e-05,0.6462583,1.182869,0.3331947,0.002031086,0.3191029,1.501972,0.007311909728714223,1,0,0,,S3_peaking,S3_peaking
1208,2.5640997184861162e-05,3.3124716975421e-07,3.0,0.0009010216085137099,104.78426135211703,3.6183770189024026e-12,239.62585557523204,1.5e-13,1.1178346617662789,1,0,S3_peaking,1.3597879000000002,1096478000.0,0.6007340000000001,-2.181512,-1.580778,-0.8217241,-12.40544,0.0003420993,0.004136142,0.0007902598,5.471825e-05,0.6854116,1.446259,0.1614131,0.0004505108,0.2457852,1.692045,0.001621838895324678,0,0,0,S3_peaking,S3_peaking,S3_peaking
1209,5.866645013159355e-05,8.026512533916923e-07,3.0,0.007774438108634843,211.23667608977163,3.2886276523201986e-12,87.72240686042498,1.5e-13,1.4879288833726634,1,0,S3_f_peak,6.263223,2884032000.0,6.257249999999999,-8.797044,-2.539794,-2.533821,-3.633084,0.0002625785,0.009115061,0.001966245,0.0001610836,0.6150861,1.284898,0.4586134,0.003887219,0.1741059,1.459004,0.013993988595542718,0,0,0,S3_f_peak,S3_f_peak,S3_f_peak
1210,4.894850801924348e-05,1.660319046713496e-07,5.0,0.0022970401084963063,120.21513807584613,8.116508284065323e-13,413.80185344259974,1.5e-13,1.4220956028051368,1,0,S3_nyq_boost,0.14264399999999977,1148154000.0,-0.3860659999999996,7.731153,7.345087,7.873797,-4.882683,0.0001849165,0.01221048,0.001558755,0.0005214572,0.787819,0.812543,0.1162396,0.001148522,0.5121972,1.32474,0.004134672195293352,0,0,0,S3_nyq_boost,S3_nyq_boost,S3_nyq_boost
1211,8.559583872390251e-05,1.912367507647444e-07,1.0,0.000741107456840677,167.53453746110821,3.1018578661203697e-13,684.8778727516993,1.5e-13,1.5896805783666248,1,0,S3_peaking,-0.00021199999999943486,10000000.0,-5.345229,8.706291,3.361062,8.706079,-8.87228,0.0002396577,0.007161814,0.0009019452,0.0001622647,0.7888374,0.7995724,0.06531969,0.000370554,0.7466435,1.546216,0.0013339934223132186,0,0,0,S3_peaking,S3_peaking,S3_peaking
1212,7.425853536858531e-05,7.881868659408789e-07,5.0,0.0005772580909957932,630.0046466758411,4.262454049509286e-13,55.9059070774728,1.5e-13,1.3148487343898354,1,0,S3_f_peak,14.592243999999999,19952620000.0,5.942789999999999,-21.31684,-15.37405,-6.724596,-6.71737,0.0007134247,0.003617935,0.0006590504,1.747098e-05,0.6873994,1.29044,0.1418075,0.0002886293,0.4934239,1.783864,0.0010390645637924278,0,0,0,S3_f_peak,S3_f_peak,S3_f_peak
1213,6.184851374817547e-05,1.8630229288648345e-07,3.0,0.0007393756900130128,404.6142016801343,2.9137272306642896e-12,70.78337146158269,1.5e-13,1.4857065167023626,1,1,,7.750546999999999,2089296000.0,7.741079999999999,-14.77146,-7.03038,-7.020913,-10.57127,0.0003126847,0.006580496,0.0008537775,0.0001734063,0.7798842,1.124546,0.07222137,0.0003696904,0.6492863,1.773832,0.001330876242023423,1,1,1,,,
1214,8.36316293664862e-05,7.311674537386183e-07,3.0,0.002516960971209459,275.3234086015173,3.113946211657711e-13,263.56932055669165,1.5e-13,1.4549871003160253,1,0,S3_peaking,0.6881911000000001,2187762000.0,0.6733815000000001,-0.8688732,-0.1954917,-0.1806821,-4.013525,0.0003249989,0.008030091,0.001470775,7.788421e-05,0.6817222,0.9750816,0.235808,0.001258481,0.4932215,1.468303,0.0045305297481770266,0,0,0,S3_peaking,S3_peaking,S3_peaking
1215,8.980185276711729e-05,2.741480924661558e-07,2.0,0.0013692673944256163,105.38802558235362,1.3890015926447081e-12,94.35550044514231,1.5e-13,1.1424757886748655,1,0,S3_f_peak,2.9485530000000004,3467369000.0,2.7854810000000003,-4.48908,-1.703599,-1.540527,-5.967519,0.0002329891,0.01058164,0.001791138,0.0001501747,0.6935173,1.392222,0.09806048,0.0006846337,0.3431762,1.735398,0.0024646813099661095,0,0,0,S3_f_peak,S3_f_peak,S3_f_peak
1216,9.108433323835623e-05,4.6177535979721253e-07,7.0,0.00406990568928685,222.71823475711244,4.998571375030042e-13,158.95036434003273,1.5e-13,1.3490789922293072,1,0,S3_f_peak,3.8092940000000004,3981072000.0,3.2971388,-2.415789,0.8813498,1.393505,-3.599474,0.0002419975,0.013372,0.002406879,0.0001846363,0.6913673,1.083504,0.2123375,0.002034953,0.3930399,1.476543,0.007325830240716331,0,0,0,S3_f_peak,S3_f_peak,S3_f_peak
1217,6.342999747100871e-05,3.9364226280401465e-07,7.0,0.0006264542910700388,97.62692596810064,1.6269432293166283e-12,107.850063070155,1.5e-13,1.3799232285270997,1,0,S3_peaking,1.2860960000000006,2754229000.0,1.2795830000000006,-8.13408,-6.854497,-6.847984,-9.068116,0.0003779779,0.004619938,0.0007840813,4.630638e-05,0.7364475,1.213729,0.1108309,0.0003132277,0.5524899,1.766218,0.0011276177239260697,0,0,0,S3_peaking,S3_peaking,S3_peaking
1218,9.242425043766742e-05,1.6384630392612942e-07,6.0,0.0042947611876301296,711.1222659542868,8.666957992962192e-12,120.38667580029347,1.5e-13,1.1355006133247778,1,0,S3_peaking,20.054686,1445440000.0,19.883645,-11.63979,8.243855,8.414896,0.2622387,0.0001219668,0.02498334,0.003476122,0.0007896374,0.744532,1.265625,0.09945886,0.002147381,0.2758573,1.541482,0.007730570137734234,0,0,0,S3_peaking,S3_peaking,S3_peaking
1219,7.12896726060818e-05,2.912388705400768e-07,5.0,0.0029385318860065653,58.188897588799655,2.38996122874189e-12,160.5824808058903,1.5e-13,1.2211315406927492,1,0,S3_peaking,1.61903,2290868000.0,1.6116000000000006,3.114314,4.725914,4.733344,-3.827545,0.0001800301,0.0134792,0.00239753,0.0002656723,0.6969796,1.230888,0.1544644,0.001469267,0.333173,1.564061,0.0052893573948118175,0,0,0,S3_peaking,S3_peaking,S3_peaking
1220,6.81394270605728e-05,7.146270566030691e-07,4.0,0.004168621820791265,95.61563272437996,1.041602834239561e-12,360.87953454930107,1.5e-13,1.5043679335837858,1,0,S3_nyq_boost,0.00663499999999928,478630100.0,-1.0651400000000004,5.698209,4.633069,5.704844,-3.345036,0.0002356112,0.008443491,0.001591072,0.0002481659,0.672604,0.6363304,0.3184471,0.002084311,0.4114845,1.047815,0.007503519277424276,0,0,0,S3_peaking,S3_nyq_boost,S3_nyq_boost
1221,6.923474407736824e-05,3.019921557311302e-07,3.0,0.0009605121676264062,708.6576709683071,2.854527009081733e-13,179.02381078082968,1.5e-13,1.4125584965490139,1,0,S3_f_peak,7.2429809999999994,3630781000.0,6.766245999999999,-9.845436,-3.07919,-2.602455,-8.474849,0.0003833813,0.007307728,0.001162909,0.0001175398,0.7331567,1.137302,0.1051725,0.0004802582,0.5767205,1.714023,0.0017289219017275312,0,0,0,S3_f_peak,S3_f_peak,S3_f_peak
1222,3.265780656407994e-05,6.349738226794568e-07,6.0,0.0006882802901167264,80.4644769085165,7.830522659617225e-13,196.24748003687162,1.5e-13,1.5026589594795707,1,0,S3_peaking,-3.000000000419334e-06,10000000.0,-0.3691760000000004,-6.094525,-6.463701,-6.094528,-10.59871,0.0004629926,0.002880084,0.0004903639,1.893971e-05,0.732211,1.167383,0.1957617,0.0003441401,0.5650803,1.732463,0.0012389045222101075,0,0,0,S3_peaking,S3_peaking,S3_peaking
1223,9.758544115239407e-05,9.718018779782255e-07,7.0,0.0011160439011686524,55.85648674162194,3.012982570125376e-12,174.74809815802698,1.5e-13,1.2303351460580958,1,0,S3_f_peak,2.4245513,19952620000.0,1.109927,-2.130167,-1.02024,0.2943843,0.2954524,0.0002852008,0.005290925,0.001022718,2.573025e-05,0.6587881,1.321909,0.1844225,0.000558022,0.3805776,1.702486,0.0020088790221035745,0,0,0,S3_f_peak,S3_f_peak,S3_f_peak
1224,2.6874979138109256e-05,1.6248566398280204e-07,3.0,0.0009515766055787321,98.71034872080041,9.838695541053428e-12,382.9845776480768,1.5e-13,1.2395491961898926,1,0,S3_nyq_boost,1.8983410000000003,602559600.0,-0.21750999999999987,3.836251,3.618741,5.734592,-10.5878,0.0002459302,0.005753078,0.0007543598,0.0002208796,0.7708148,1.224946,0.09720512,0.0004757883,0.3928338,1.61778,0.0017128378900417179,0,0,0,S3_nyq_boost,S3_f_peak,S3_nyq_boost
1225,2.071770915320415e-05,2.454343996996711e-07,6.0,0.0006968178931379638,72.78352219380784,3.9710581458232246e-12,58.60307770526045,1.5e-13,1.5813753887763937,1,0,S3_peaking,1.1043500000000002,2398833000.0,1.1038200000000007,-14.56067,-13.45685,-13.45632,-16.13966,0.0005274755,0.003709382,0.0005869078,6.087169e-05,0.8037254,1.152194,0.1471783,0.0003484109,0.6273881,1.779582,0.001254272207648335,0,0,0,S3_peaking,S3_peaking,S3_peaking
1226,8.432248979488045e-05,3.054235685826002e-07,3.0,0.0009619474620802383,156.0543332277104,2.001858900752925e-12,55.515143843489504,1.5e-13,1.595560709688629,1,0,S3_f_peak,4.183485,4365158000.0,4.055775,-11.94191,-7.886135,-7.758425,-8.515669,0.0003134222,0.00782339,0.001167257,0.0001198665,0.7595085,1.028498,0.09917038,0.0004809754,0.744801,1.773299,0.001731505431744429,0,0,0,S3_f_peak,S3_f_peak,S3_f_peak
1227,6.448919603594252e-05,8.734577675867385e-07,4.0,0.0010275277687197138,352.0978309032392,1.6303709224086556e-12,223.6165722650331,1.5e-13,1.1818580031725892,1,1,,4.514968,1584893000.0,4.364338,-5.950985,-1.586647,-1.436017,-3.398883,0.0003452697,0.004334889,0.0008562508,2.329761e-05,0.6467003,1.366759,0.1985916,0.0005137639,0.3183545,1.685113,0.001849549983695485,1,1,1,,,
1228,9.631267878757954e-05,1.6145939588779616e-07,6.0,0.001053170946145591,73.17513925478069,1.3788537434012105e-13,333.39765196045795,1.5e-13,1.5300791434017516,1,0,S3_peaking,-5.400000000044258e-05,10000000.0,-2.4946810000000004,6.461114,3.966433,6.46106,-8.428187,0.0002001814,0.009618251,0.001058197,0.000360656,0.8040084,0.9188885,0.06411869,0.0005265855,0.7055492,1.624438,0.001895707703062064,0,0,0,S3_peaking,S3_peaking,S3_peaking
1229,2.5609199196519714e-05,9.027742805243982e-07,5.0,0.0007687822035586451,449.3656177024883,1.6079280774966834e-12,368.0953129611384,1.5e-13,1.3561358152449108,1,0,S3_f_peak,3.05225,870963600.0,1.6053170000000003,-5.921716,-4.316399,-2.869466,-9.738835,0.0004796778,0.00218933,0.0004112669,1.554713e-05,0.6782539,1.294225,0.2704446,0.0003843911,0.364282,1.658507,0.0013838079664055612,0,0,0,S3_f_peak,S3_f_peak,S3_f_peak
1230,6.488664342352497e-05,1.7918353513574805e-07,3.0,0.003923015086741127,412.1288661897201,1.0267807982177253e-12,113.52588921703521,1.5e-13,1.154265933189851,1,0,S3_f_peak,12.697613,4168694000.0,12.068335999999999,-8.305041,3.763295,4.392572,-1.698668,0.0001885318,0.01975676,0.00297285,0.0004730112,0.7284068,1.320978,0.1156424,0.001961508,0.2563383,1.577316,0.007061427156134028,0,0,0,S3_f_peak,S3_f_peak,S3_f_peak
1231,8.429343117293557e-05,4.208417680042963e-07,4.0,0.007926619558456575,111.05182158737215,2.313421040756189e-13,198.80617423105542,1.5e-13,1.4258365245405802,1,0,S3_peaking,-1.4999999999876223e-05,10000000.0,-0.8115809999999999,3.111198,2.299617,3.111183,-4.561152,0.0002117275,0.01582826,0.002933369,0.000619813,0.6787177,0.6680908,0.2641276,0.00396331,0.3439787,1.01207,0.014267915205221837,0,0,0,S3_peaking,S3_peaking,S3_peaking
1232,4.9750560152873165e-05,8.808820510171321e-07,6.0,0.0011710917985393633,245.03468137013195,2.554486629033783e-13,233.79353586693094,1.5e-13,1.3892379210601438,1,0,S3_nyq_boost,0.030375000000000263,1258925000.0,-0.08234399999999997,-4.667059,-4.749403,-4.636684,-6.709034,0.0004406923,0.003956674,0.0007277818,2.581476e-05,0.6864583,1.225312,0.2434876,0.0005855459,0.4377911,1.663103,0.002107965237370854,0,0,0,S3_nyq_boost,S3_nyq_boost,S3_nyq_boost
1233,3.185813604035009e-05,2.0924115818030322e-07,6.0,0.006810812288238573,50.31022722386944,4.8774047182326824e-12,209.943161702003,1.5e-13,1.5287546415634157,1,0,S3_peaking,1.4814599999999998,1584893000.0,1.2320600000000002,3.954868,5.186928,5.436328,-5.148799,0.0001828034,0.01143944,0.001999312,0.0007876227,0.7470055,0.7448034,0.2511074,0.003405406,0.3402549,1.085058,0.012259462118829431,0,0,0,S3_peaking,S3_peaking,S3_peaking
1234,8.718974264885842e-05,1.540888085413289e-07,6.0,0.00306338917552157,205.8442102874102,3.5163479698641908e-12,62.36316906450823,1.5e-13,1.2772319485287238,1,0,S3_f_peak,9.875699000000001,3162278000.0,9.831077,-8.724396,1.106681,1.151303,-2.691002,0.0001547436,0.02033772,0.002340785,0.0007793912,0.7735204,1.267445,0.0828304,0.001531709,0.4370327,1.704478,0.0055141005159388265,0,0,0,S3_f_peak,S3_f_peak,S3_f_peak
1235,7.186669528352485e-05,3.420868528878681e-07,1.0,0.0028904869579831722,401.6869617722593,1.44966833604139e-13,231.92973295383058,1.5e-13,1.2370858016731374,1,0,S3_peaking,0.7718429999999996,3630781000.0,0.6424339999999997,-2.887418,-2.244984,-2.115575,-6.926665,0.0003265772,0.01225742,0.002167775,0.0001541271,0.6819169,1.122658,0.160226,0.001445245,0.3421464,1.464805,0.00520287652436971,0,0,0,S3_peaking,S3_peaking,S3_peaking
1236,8.56547472083161e-05,3.98803539398962e-07,2.0,0.0008693491735066745,61.84388441592645,4.486346787015249e-12,59.13036413163858,1.5e-13,1.5423030761500574,1,0,S3_f_peak,2.3442819999999998,19952620000.0,1.6497329999999994,-9.974698,-8.324965,-7.630416,-7.629369,0.0003248445,0.006675021,0.001051857,6.195597e-05,0.7392513,1.074555,0.1091322,0.0004346746,0.6997427,1.774298,0.001564828512312014,0,0,0,S3_f_peak,S3_f_peak,S3_f_peak
1237,4.158071572053441e-05,5.318462216986273e-07,2.0,0.003110391531154636,76.16992518150803,1.892726460056002e-13,212.37911906261823,1.5e-13,1.1183665668763914,1,0,S3_peaking,-1.8900000000043882e-05,10000000.0,-1.0326449,0.6085226,-0.4241223,0.6085037,-8.829705,0.0002873055,0.006724432,0.001409594,8.658224e-05,0.6181436,1.361679,0.273966,0.001555196,0.1080282,1.469708,0.005598704756078345,0,0,0,S3_peaking,S3_peaking,S3_peaking
1238,2.351152097730651e-05,2.576338604675314e-07,6.0,0.0028634032688005487,825.2552959011202,6.6999276302850705e-12,519.6441242488097,1.5e-13,1.3385350703206085,1,0,S3_f_peak,11.570041,478630100.0,8.310739,-2.216093,6.094646,9.353948,-9.168887,0.0002332607,0.006669875,0.001255442,0.0002205635,0.7288796,0.7990206,0.239632,0.001431702,0.2570041,1.056025,0.005154125883840988,0,0,0,S3_f_peak,S3_f_peak,S3_f_peak
1239,4.345639455081231e-05,2.300441542228287e-07,6.0,0.001723603036192134,165.7320614682059,7.7786364553275e-12,50.50680672707519,1.5e-13,1.133068462304008,1,1,,5.400519000000001,1995262000.0,5.393095000000001,-12.50491,-7.111815,-7.104391,-9.587648,0.0002763314,0.008934466,0.001680394,0.0001828308,0.7169014,1.498663,0.1415285,0.0008618022,0.2578096,1.756472,0.003102485465145841,1,1,1,,,
1240,8.904491386349079e-05,6.586244375390675e-07,3.0,0.003185069069578456,818.1456636894554,2.9551036058466645e-13,471.6032933740058,1.5e-13,1.2063188881218112,1,1,,4.66827,2089296000.0,4.586818,-2.18787,2.398948,2.4804,-4.022857,0.0003425166,0.00963113,0.001919555,0.0001340909,0.6400707,0.7784125,0.2364542,0.001592535,0.2705429,1.048955,0.00573312432524122,1,1,1,,,
1241,3.995318385434859e-05,4.5990540130304937e-07,5.0,0.002685275353661493,998.9437657088235,2.2038613612548873e-13,97.66677885413044,1.5e-13,1.5171287357788374,1,0,S3_f_peak,10.532251,6025596000.0,8.640541,-17.57066,-8.930119,-7.038409,-9.686197,0.0005428792,0.00693351,0.001195407,9.947355e-05,0.7193893,1.200361,0.2550866,0.001342639,0.4685075,1.668869,0.0048334956365906874,0,0,0,S3_f_peak,S3_f_peak,S3_f_peak
1242,2.365054665563891e-05,9.942702049230464e-07,5.0,0.0020505645844907184,328.500837807602,5.394935661431439e-13,107.98620204904569,1.5e-13,1.2652154859926932,1,0,S3_f_peak,3.697329999999999,19952620000.0,2.8315499999999982,-13.95221,-11.12066,-10.25488,-10.25448,0.0006070154,0.002989897,0.0006727744,2.813287e-05,0.6047781,1.634481,0.4421695,0.001025282,0.05480186,1.689283,0.003691016252083293,0,0,0,S3_f_peak,S3_f_peak,S3_f_peak
1243,3.482539749215266e-05,1.731645838911533e-07,2.0,0.0013744880184635114,82.25739019763034,1.7687732918033037e-13,365.51228748348774,1.5e-13,1.5840879353167743,1,0,S3_peaking,-5.100000000002325e-05,10000000.0,-2.3939569999999994,6.282105,3.888148,6.282054,-8.826979,0.0002276693,0.008430997,0.001016076,0.0002620805,0.7950009,0.8852761,0.1042284,0.0006872454,0.6635277,1.548804,0.0024740784332343206,0,0,0,S3_peaking,S3_peaking,S3_peaking
1244,3.517263634525571e-05,4.0945239542890727e-07,6.0,0.0005048874543503012,202.3963441690509,1.8137314292253535e-12,92.85762409222818,1.5e-13,1.4796680414185293,1,0,S3_peaking,2.36346,2398833000.0,2.3630200000000006,-13.54397,-11.18095,-11.18051,-13.0797,0.0005314717,0.00310843,0.0005194176,2.839834e-05,0.7555463,1.172246,0.1331569,0.0002524438,0.604313,1.776559,0.0009087974178305421,0,0,0,S3_peaking,S3_peaking,S3_peaking
1245,2.7110537562231724e-05,4.3216483179281185e-07,6.0,0.0011689128269997675,143.61691882502205,8.078929734004824e-13,161.71487512273538,1.5e-13,1.2717401114574831,1,0,S3_peaking,1.0463509999999996,2290868000.0,1.040063,-6.317011,-5.276948,-5.27066,-12.09401,0.0003980819,0.004045129,0.0007443182,4.191588e-05,0.7011522,1.384972,0.2117769,0.0005844565,0.3205117,1.705484,0.0021040430885995815,0,0,0,S3_peaking,S3_peaking,S3_peaking
1246,4.7390436196306246e-05,2.940640994508266e-07,1.0,0.0007964866019590745,62.214788215879004,5.769519942112484e-12,166.97515680487538,1.5e-13,1.1282320708194569,1,0,S3_peaking,1.2080563999999998,1258925000.0,0.8459479999999999,-2.067281,-1.221333,-0.8592246,-9.611665,0.0002836528,0.005784064,0.001000506,7.20182e-05,0.6860808,1.408956,0.1058762,0.0003982455,0.3245445,1.7335,0.001433675883526334,0,0,0,S3_peaking,S3_peaking,S3_peaking
1247,3.50871676854478e-05,2.175265760307133e-07,7.0,0.0010680038118521115,196.2515165116893,1.7383007469639482e-13,52.43147229371858,1.5e-13,1.3199377124842167,1,0,S3_f_peak,1.9841200000000008,10000000000.0,0.5385200000000001,-14.39821,-13.85969,-12.41409,-13.34863,0.0005006344,0.006395839,0.001088992,0.0001666122,0.7544663,1.334537,0.1257841,0.0005340019,0.4374639,1.772001,0.0019224068613338007,0,0,0,S3_f_peak,S3_f_peak,S3_f_peak
1248,9.986814092343648e-05,2.9275994425160303e-07,5.0,0.002612510851454079,231.84490723924918,1.1455774214226483e-13,387.80017724187906,1.5e-13,1.515723622581032,1,0,S3_peaking,-7.599999999996498e-05,10000000.0,-2.976401,5.220808,2.244407,5.220732,-6.84243,0.0002500292,0.01501123,0.002342407,0.0003568296,0.7473104,0.6764256,0.1331558,0.001306268,0.6170083,1.293434,0.004702519532617342,0,0,0,S3_peaking,S3_peaking,S3_peaking
1249,9.888481897515325e-05,9.636231773668096e-07,5.0,0.005046154932803826,161.63349282881546,1.4853342656319735e-12,164.80189500925238,1.5e-13,1.1843373005845366,1,0,S3_f_peak,3.8879669999999997,2754229000.0,3.873183,-1.695101,2.178082,2.192866,0.7074959,0.0002385488,0.01004306,0.002186841,9.530882e-05,0.6003889,1.243614,0.3408559,0.002523078,0.1405781,1.384192,0.009083078879046887,0,0,0,S3_f_peak,S3_f_peak,S3_f_peak
1250,7.7622133513874e-05,2.0757385209537217e-07,8.0,0.00367536086125162,64.15008569512351,7.112594684725522e-12,112.53606059568527,1.5e-13,1.12849557129753,1,1,,3.9943250000000003,1995262000.0,3.9473879999999997,1.441214,5.388602,5.435539,-1.868978,0.0001480327,0.01876605,0.003301678,0.0005608004,0.7080741,1.337123,0.1353568,0.001837681,0.2560691,1.593192,0.006615649550252916,1,1,1,,,
1251,8.6455896678429e-05,2.4629517576803013e-07,6.0,0.0018082313401731605,244.20861804211185,4.970890809492368e-13,446.7829204738072,1.5e-13,1.4839390394620098,1,0,S3_peaking,0.7516370000000006,1659587000.0,0.48385500000000015,5.584134,6.067989,6.335771,-4.913257,0.0002141746,0.01254566,0.001915873,0.0003185286,0.761644,0.790325,0.113257,0.0009041157,0.6057315,1.396057,0.003254816412311689,0,0,0,S3_nyq_boost,S3_peaking,S3_peaking
1252,4.043958146334507e-05,2.7435361775233414e-07,5.0,0.001424871113182828,86.10531291341493,4.0163119285983316e-12,101.57878428848069,1.5e-13,1.109753511108412,1,0,S3_peaking,2.323974,1995262000.0,2.2934510000000006,-5.525229,-3.231778,-3.201255,-9.090488,0.0002767012,0.007224899,0.001380867,0.0001099775,0.7000075,1.484484,0.1471725,0.0007124356,0.243146,1.72763,0.0025647680037290906,0,0,0,S3_peaking,S3_peaking,S3_peaking
1253,7.960190342180004e-05,2.165107515036287e-07,4.0,0.0012089729914608529,768.0616497779556,5.194979155422772e-12,551.0387991715061,1.5e-13,1.4465768515420656,1,0,S3_f_peak,12.755136199999999,602559600.0,9.2038622,-0.2377162,8.966146,12.51742,-5.837067,0.00018454,0.009969545,0.001436966,0.0002858288,0.7588821,0.8667973,0.09065708,0.0006044865,0.6001072,1.466904,0.002176151384629535,0,0,0,S3_f_peak,S3_f_peak,S3_f_peak
1254,6.687516496305469e-05,2.030100523810688e-07,1.0,0.0047477843118945,495.453753240465,1.0717772833537108e-13,509.06091001230635,1.5e-13,1.4828285116273632,1,0,S3_peaking,-0.00013799999999974943,10000000.0,-4.296988999999999,-5.898831,-10.19582,-5.898969,-13.90517,0.0005269874,0.01124493,0.00167279,0.009367565,0.742807,0.1408311,0.1525276,0.002373896,0.4507132,0.5915443,0.0085460117614101,0,0,0,S3_peaking,S3_peaking,S3_peaking
1255,6.393027551003462e-05,6.50419883479879e-07,4.0,0.0010598999668171964,113.24146158099552,8.502807662631526e-12,659.9623735329202,1.5e-13,1.1027946180811081,1,0,S3_nyq_boost,1.6761680000000005,416869400.0,-3.3423160000000003,7.822393,4.480077,9.498561,-4.86033,0.0002674185,0.005108942,0.001004638,3.332283e-05,0.6476962,1.183321,0.1718897,0.00052995,0.2669314,1.450253,0.0019078199402709536,0,0,0,S3_nyq_boost,S3_nyq_boost,S3_nyq_boost
1256,4.485009695143154e-05,3.6537561272530004e-07,2.0,0.0028820219742304,841.1888595321168,7.174978583511978e-12,75.12514080769621,1.5e-13,1.2444630941788097,1,0,S3_peaking,14.372238,1380384000.0,14.30823,-18.36317,-4.05494,-3.990932,-7.876373,0.00025751,0.008627761,0.00160046,0.0001399566,0.670595,1.401425,0.2028543,0.001441011,0.2903171,1.691742,0.00518763955361472,0,0,0,S3_peaking,S3_peaking,S3_peaking
1257,9.941881389571417e-05,7.362301111361625e-07,3.0,0.001151581389117421,101.9720133231141,1.1624441490820507e-12,395.34115925982013,1.5e-13,1.145122063377856,1,0,S3_nyq_boost,0.00017399999999945237,158489300.0,-1.6473270000000002,5.012405,3.365078,5.012579,-1.830352,0.0002697467,0.00630362,0.001227541,3.45068e-05,0.6472237,1.241554,0.1572009,0.0005757908,0.3308118,1.572366,0.002072846500411358,0,0,0,S3_peaking,S3_nyq_boost,S3_nyq_boost
1258,6.274313638115777e-05,9.054647958585546e-07,5.0,0.002844212182712299,237.82163319996252,8.22415807500858e-12,59.713028543580506,1.5e-13,1.2427283247026428,1,0,S3_f_peak,9.921933,19952620000.0,5.818302000000001,-14.05573,-8.237428,-4.133797,-4.128751,0.0003272431,0.006391168,0.00131686,4.764936e-05,0.6284054,1.495271,0.3169375,0.001422106,0.2198107,1.715081,0.0051195819288821385,0,0,0,S3_f_peak,S3_f_peak,S3_f_peak
1259,2.9726740154620834e-05,5.43243817157761e-07,1.0,0.005519778628057866,69.91914374191747,4.4868496751165585e-13,348.0829933124642,1.5e-13,1.4612781081752486,1,0,S3_peaking,-4.099999999995774e-05,10000000.0,-1.9577149999999999,3.089272,1.131557,3.089231,-9.381311,0.0003157864,0.005741083,0.001247318,0.0004071672,0.6164999,0.7183917,0.3994938,0.002759889,0.1209377,0.8393295,0.009935601530504158,0,0,0,S3_peaking,S3_peaking,S3_peaking
1260,6.551546137642938e-05,9.139684113616752e-07,7.0,0.0009906499526907719,663.2866172718568,1.7505903842211555e-12,128.67474367633912,1.5e-13,1.5340130751367536,1,0,S3_f_peak,10.493139,19952620000.0,8.189174999999999,-13.8111,-5.621925,-3.317961,-3.316656,0.0003912499,0.004181459,0.0007254297,2.462461e-05,0.7147726,1.12739,0.2071356,0.0004953286,0.6088747,1.736264,0.0017831699148433894,0,0,0,S3_f_peak,S3_f_peak,S3_f_peak
1261,7.182525692530691e-05,2.858380817675002e-07,2.0,0.0067975846470763384,62.292534365973424,2.8542376905020368e-12,184.61028558525146,1.5e-13,1.4861728296762955,1,0,S3_peaking,2.208711,2187762000.0,2.176984,4.915304,7.092288,7.124015,-2.285091,0.0001537215,0.01665535,0.002778648,0.0006521459,0.7144268,0.7230396,0.1970832,0.003398792,0.4495084,1.172548,0.01223565236473741,0,0,0,S3_peaking,S3_peaking,S3_peaking
1262,2.814777153250832e-05,3.9644551808993454e-07,7.0,0.0005458792029177712,373.02739448252333,1.3368962054769277e-12,638.3524274369856,1.5e-13,1.461940595319449,1,0,S3_nyq_boost,2.297565,724436000.0,-1.3162719,1.052902,-0.2633699,3.350467,-13.2958,0.00038295,0.002952648,0.0005015978,3.078799e-05,0.753924,1.064456,0.1507005,0.0002729396,0.5613119,1.625768,0.0009825825652519883,0,0,0,S3_nyq_boost,S3_nyq_boost,S3_nyq_boost
1263,5.6999617880279236e-05,5.904738191192229e-07,8.0,0.0006468680707208228,694.2883077354185,6.659203074989573e-12,79.99886527230635,1.5e-13,1.2286467304971802,1,0,S3_f_peak,10.477884,19952620000.0,8.26471,-18.53483,-10.27012,-8.056946,-8.054704,0.0004484704,0.003800499,0.0006913765,2.337371e-05,0.6993089,1.37939,0.143629,0.0003234354,0.3947359,1.774126,0.0011643625272974812,0,0,0,S3_f_peak,S3_f_peak,S3_f_peak
1264,4.9311576645779564e-05,8.164378210625239e-07,8.0,0.0030426542022245376,168.7293913240977,1.7438752911879704e-12,66.4893808722279,1.5e-13,1.5484122655639831,1,0,S3_f_peak,5.699614,19952620000.0,3.5640359999999998,-12.04926,-8.485224,-6.349646,-6.347016,0.0003653991,0.006057014,0.001098281,5.800452e-05,0.6920094,1.280779,0.3539869,0.001521327,0.418069,1.698848,0.0054767775640041675,0,0,0,S3_f_peak,S3_f_peak,S3_f_peak
1265,6.503240847128528e-05,2.0466931595104044e-07,8.0,0.00330519204847053,65.82768646712674,4.175375229881922e-12,213.7207079709915,1.5e-13,1.3784851818078812,1,0,S3_peaking,2.6291090000000006,1737801000.0,2.3889939999999994,5.826583,8.215577,8.455692,-2.681395,0.0001562901,0.01586662,0.002534979,0.0005195766,0.7583358,0.9962089,0.1447978,0.001652596,0.4505971,1.446806,0.005949345687246954,0,0,0,S3_peaking,S3_peaking,S3_peaking
1266,7.654866281276706e-05,2.2082959232254845e-07,8.0,0.0008647328146836535,148.7502828245938,2.9487758235670447e-13,248.35413992295452,1.5e-13,1.5731078641576581,1,0,S3_peaking,-1.4799999999981495e-05,10000000.0,-0.8275294799999999,0.7504831,-0.07704638,0.7504683,-8.728607,0.0002781343,0.007453771,0.001073324,0.0001975017,0.7930886,0.973841,0.08920479,0.0004323671,0.718779,1.69262,0.0015565190664305764,0,0,0,S3_peaking,S3_peaking,S3_peaking
1267,9.06440707265441e-05,4.529736066431626e-07,6.0,0.004618533278936326,58.93480441463205,2.497846894780344e-13,208.70110872525115,1.5e-13,1.3860569206369349,1,0,S3_peaking,-2.200000000041058e-05,10000000.0,-1.1780470000000003,5.524878,4.346831,5.524856,-4.392234,0.000191291,0.0139684,0.002504209,0.000242744,0.6925787,0.909555,0.2208528,0.002309268,0.4084985,1.318053,0.008313359902085387,0,0,0,S3_peaking,S3_peaking,S3_peaking
1268,2.5528334139557186e-05,6.449786445227451e-07,6.0,0.0007033309858757297,482.3186084989491,6.919382100543739e-13,66.77367674705404,1.5e-13,1.4718370076947478,1,0,S3_f_peak,6.323239999999998,19952620000.0,4.1405899999999995,-20.17731,-16.03672,-13.85407,-13.85134,0.0007663173,0.002523019,0.0004386585,1.694352e-05,0.7232049,1.270431,0.2201941,0.0003516655,0.5060867,1.776518,0.0012659957745763135,0,0,0,S3_f_peak,S3_f_peak,S3_f_peak
1269,7.915193862239608e-05,3.665367928405736e-07,2.0,0.007687099576317519,163.28656781361147,5.966641282511323e-13,93.21688450663471,1.5e-13,1.2072473330637017,1,0,S3_f_peak,4.8632918,5754399000.0,3.3699009999999996,-4.761829,-1.391928,0.1014628,-3.393793,0.0002241383,0.01661369,0.003258831,0.0003258488,0.6474894,1.252966,0.2308291,0.00384355,0.1887491,1.441716,0.013836779237371534,0,0,0,S3_f_peak,S3_f_peak,S3_f_peak
1270,9.535807269895978e-05,3.2952597494730473e-07,6.0,0.0006163374659266021,78.41289540710284,8.626195796442815e-13,100.48370894361378,1.5e-13,1.4357902585140927,1,0,S3_peaking,0.5908709999999999,3801894000.0,0.5022950000000002,-7.00671,-6.504415,-6.415839,-7.820779,0.0003428567,0.00562875,0.0009026084,7.962272e-05,0.7440316,1.136369,0.0865409,0.0003081687,0.6326655,1.769034,0.0011094074386678839,0,0,0,S3_peaking,S3_peaking,S3_peaking
1271,4.377338783532081e-05,5.015683400675222e-07,7.0,0.003458127271439726,64.74006022244329,2.8121589953487675e-13,137.24667201396056,1.5e-13,1.3460669851655758,1,0,S3_peaking,-6.999999999868223e-06,10000000.0,-0.395605,-1.830615,-2.22622,-1.830622,-8.048892,0.0002751834,0.007757007,0.001427152,0.0001008367,0.6852518,1.285438,0.2896082,0.001729064,0.2772533,1.562692,0.006224629088591506,0,0,0,S3_peaking,S3_peaking,S3_peaking
1272,3.989008581171637e-05,2.6509432354468005e-07,2.0,0.002061537551209268,506.17846860477573,1.867090416148691e-12,151.12134049756946,1.5e-13,1.2319901266010376,1,1,,10.248262,1905461000.0,10.171053,-8.866004,1.305049,1.382258,-7.287692,0.0002421143,0.008823607,0.001525209,0.0002011826,0.6953462,1.313403,0.1534599,0.001030769,0.3308242,1.644227,0.0037107675921766825,1,1,1,,,
1273,8.867289427060778e-05,7.121871716850202e-07,5.0,0.0008824461531665499,378.79765356683583,2.7449641098968877e-12,507.6858866022218,1.5e-13,1.2225800585853248,1,0,S3_f_peak,5.099853,691831000.0,2.084256,1.63401,3.718266,6.733863,-2.522682,0.0002749963,0.005211757,0.000977087,2.877199e-05,0.6706094,1.171965,0.1476536,0.0004412231,0.4040318,1.575997,0.00158840307569979,0,0,0,S3_f_peak,S3_f_peak,S3_f_peak
1274,9.102382399451093e-05,7.977203087320929e-07,2.0,0.0006015698309863013,246.14388708919702,3.0965483602330016e-13,153.8559143504614,1.5e-13,1.4472652929321481,1,0,S3_f_peak,3.9192359999999997,19952620000.0,1.2162899999999999,-8.121953,-6.905663,-4.202717,-4.201475,0.0004574861,0.0040662,0.0007121339,2.021349e-05,0.6993896,1.13178,0.1327814,0.0003007849,0.6219421,1.753722,0.0010828256957753424,0,0,0,S3_f_peak,S3_f_peak,S3_f_peak
1275,8.35945728814851e-05,2.0270045042505212e-07,4.0,0.0008064381508727192,91.41202159435726,3.354009647536641e-12,478.1885666888538,1.5e-13,1.312569507132429,1,0,S3_nyq_boost,0.9734639999999999,794328200.0,-1.5390180000000004,7.523728,5.98471,8.497192,-7.697201,0.000208155,0.007467135,0.001089092,0.0002110487,0.7469369,1.096431,0.07297933,0.0004032205,0.5107543,1.607185,0.0014515886715708946,0,0,0,S3_nyq_boost,S3_nyq_boost,S3_nyq_boost
1276,6.588796827713431e-05,8.686820647905446e-07,7.0,0.005570027879266992,135.43447544514063,3.3666248557033417e-13,58.04213336081153,1.5e-13,1.3507815569064348,1,0,S3_f_peak,4.84679,19952620000.0,0.7660510000000009,-10.6149,-9.848849,-5.76811,-5.763778,0.000373081,0.008778813,0.001827807,8.9472e-05,0.6268089,1.462821,0.40931,0.002785014,0.1755304,1.638352,0.010026050182680586,0,0,0,S3_f_peak,S3_f_peak,S3_f_peak
1277,2.3737689395945678e-05,4.306059219479427e-07,2.0,0.0037690202571288786,718.8093022132605,1.2381720122390757e-12,293.8906666652157,1.5e-13,1.3400820230068227,1,1,,8.900355000000001,1380384000.0,8.215935,-6.69204,1.523895,2.208315,-10.30976,0.0003097072,0.005413319,0.001091768,0.0001525471,0.6446084,1.099835,0.3292188,0.00188451,0.1463253,1.24616,0.006784236462831982,1,1,1,,,
1278,5.5986370167240585e-05,8.110930106408212e-07,1.0,0.002226175239682166,163.54455719058353,3.8934128880876146e-13,453.49144545999695,1.5e-13,1.5020939005968308,1,0,S3_peaking,-7.00000000000145e-05,10000000.0,-2.6480950000000005,4.032389,1.384294,4.032319,-5.323226,0.000315719,0.005547347,0.001042599,7.940071e-05,0.6706605,0.8155545,0.2800339,0.001113088,0.4796697,1.295224,0.004007115431427899,0,0,0,S3_peaking,S3_peaking,S3_peaking
1279,7.258683558177383e-05,8.886949153526128e-07,6.0,0.0076262290778308685,910.653315177798,2.768301477430952e-13,123.4387218088482,1.5e-13,1.4668058103388748,1,0,S3_f_peak,11.064796999999999,6918310000.0,9.263008,-14.56102,-5.298012,-3.496223,-3.954928,0.0004691538,0.0100861,0.002117602,0.0001719592,0.6258761,1.12712,0.4546686,0.003813115,0.2021939,1.329314,0.013727212340095564,0,0,0,S3_f_peak,S3_f_peak,S3_f_peak
1280,3.6141220810023605e-05,2.823223075745671e-07,1.0,0.0016216849142062,106.06782528800659,5.700772134254735e-13,194.52252994662277,1.5e-13,1.1523201850672726,1,0,S3_peaking,0.22537399999999996,2089296000.0,0.20079329999999998,-0.3725417,-0.1717484,-0.1471677,-8.781496,0.0002709561,0.007337237,0.00129491,0.0001290737,0.6785144,1.367524,0.1467928,0.0008108425,0.2747449,1.642269,0.00291903284557116,0,0,0,S3_nyq_boost,S3_peaking,S3_peaking
1281,3.859960990221135e-05,8.320460775734648e-07,5.0,0.003757894928779802,426.10822254583064,6.855848893004238e-12,88.89126705088033,1.5e-13,1.5793190035857858,1,1,,7.5389040000000005,1819701000.0,7.531283000000001,-13.83791,-6.306627,-6.299006,-6.832035,0.0003374086,0.005560333,0.00106061,6.991811e-05,0.669468,1.299405,0.4343531,0.001878948,0.3335732,1.632978,0.006764210871803644,0,1,1,S3_f_peak,,
1282,5.921017546031693e-05,8.710758723319872e-07,5.0,0.0005499827001706211,139.1710547448058,3.651526820992325e-12,68.04657724564908,1.5e-13,1.3196434644289647,1,0,S3_f_peak,9.985891,19952620000.0,2.71096,-15.65234,-12.94138,-5.666449,-5.660856,0.000539392,0.003035338,0.0005582211,1.464729e-05,0.6852592,1.304018,0.1614008,0.0002749914,0.4772694,1.781288,0.000989968860307118,0,0,0,S3_f_peak,S3_f_peak,S3_f_peak
1283,2.4498529779935926e-05,6.171312134638057e-07,4.0,0.0020337550320634716,967.9320144032324,3.005726477951228e-12,271.5089695684001,1.5e-13,1.3844791759043575,1,0,S3_f_peak,9.7685719,794328200.0,8.601554,-9.806184,-1.20463,-0.0376121,-10.7736,0.0003518052,0.003920176,0.000743169,4.649989e-05,0.6729156,1.259669,0.3360518,0.001016878,0.2642396,1.523909,0.003660759057714249,0,0,0,S3_f_peak,S3_f_peak,S3_f_peak
1284,3.538940361051079e-05,2.9387386322979073e-07,6.0,0.0009775691363806268,711.8046215891803,2.139924710702454e-12,81.61193594837923,1.5e-13,1.3947601743136615,1,1,,9.852338999999997,1995262000.0,9.835511999999998,-17.5038,-7.668288,-7.651461,-11.71217,0.000382344,0.005294761,0.0009158024,7.222026e-05,0.7548651,1.267398,0.1437559,0.0004887863,0.4927116,1.760109,0.0017596244454851284,1,1,1,,,
1285,8.201964389037349e-05,9.946125419324266e-07,5.0,0.0012489219243754079,963.2724001925739,1.1053880681585594e-13,103.08704220780132,1.5e-13,1.333017819433985,1,0,S3_f_peak,10.783859,19952620000.0,3.8887599999999978,-17.52144,-13.63268,-6.737581,-6.734348,0.0008399388,0.005025847,0.0009519165,2.676205e-05,0.6673461,1.296542,0.2108083,0.000624461,0.4390836,1.735626,0.0022480594638757344,0,0,0,S3_f_peak,S3_f_peak,S3_f_peak
1286,4.134608456734061e-05,9.733144077846804e-07,6.0,0.0013209410050417584,347.97777036082135,2.568556563124892e-13,62.557313700228846,1.5e-13,1.202719581048357,1,0,S3_f_peak,8.842153999999999,19952620000.0,2.060459999999999,-17.89099,-15.83053,-9.048836,-9.042844,0.0007150883,0.003569221,0.0007191578,2.242073e-05,0.6435266,1.532793,0.2909234,0.0006604705,0.2258891,1.758682,0.002377693809075165,0,0,0,S3_f_peak,S3_f_peak,S3_f_peak
1287,3.001841479265728e-05,7.968910380776834e-07,6.0,0.005666484636997452,95.13611514750447,3.3853253053988235e-12,178.40241236141873,1.5e-13,1.4811364442083141,1,0,S3_peaking,1.7438059999999997,1513561000.0,1.505386,-2.788623,-1.283237,-1.044817,-7.594957,0.000333122,0.005482158,0.001333016,0.0001066807,0.6057808,1.273944,0.5532834,0.002833242,0.02059859,1.294543,0.010199672346595414,0,0,0,S3_peaking,S3_peaking,S3_peaking
1288,3.7220252973268147e-05,3.644454681029716e-07,7.0,0.0010636246945640786,156.7191338150853,9.22931601744762e-12,99.58804242773765,1.5e-13,1.4488081574776634,1,0,S3_f_peak,3.1929700000000008,1096478000.0,3.051856000000001,-9.345185,-6.293329,-6.152215,-10.90054,0.0003469712,0.005045294,0.0008641283,5.888834e-05,0.7476739,1.219318,0.1639422,0.0005318125,0.5277199,1.747038,0.0019145244502153415,0,0,0,S3_f_peak,S3_f_peak,S3_f_peak
1289,9.489738004021635e-05,7.561198879836459e-07,2.0,0.005708125257068624,78.58873325632622,9.24172312934677e-13,250.77877868700082,1.5e-13,1.1993796104225027,1,0,S3_nyq_boost,0.011800000000000033,758577600.0,-0.4105160000000003,5.063036,4.65252,5.074836,-1.091284,0.000215901,0.01141527,0.002451109,0.0001837727,0.6066901,0.922262,0.3126616,0.002854063,0.1619997,1.084262,0.010274625462723523,0,0,0,S3_peaking,S3_nyq_boost,S3_nyq_boost
1290,7.890993872797018e-05,4.4099879679937624e-07,7.0,0.0029524404783114223,381.5573177290606,1.189798521530465e-12,64.57504106648642,1.5e-13,1.3320053030759982,1,0,S3_f_peak,9.878271,4570882000.0,9.525366,-13.8263,-4.300934,-3.948029,-5.494927,0.0002789996,0.01118308,0.0019959,0.0001305889,0.6978339,1.300228,0.1928423,0.00147622,0.404445,1.704673,0.00531439286096056,0,0,0,S3_f_peak,S3_f_peak,S3_f_peak
1291,7.515483473635181e-05,9.770683854125585e-07,6.0,0.0006897498703807793,188.96774465958578,5.86473310555204e-13,517.7771683690664,1.5e-13,1.1949644341647703,1,0,S3_peaking,-5.999999999994898e-05,10000000.0,-2.3246017,2.427584,0.1029823,2.427524,-2.618534,0.000362156,0.003625964,0.0007043205,1.718124e-05,0.65797,1.253894,0.1692374,0.000344875,0.3675377,1.621431,0.0012415497666854029,0,0,0,S3_peaking,S3_peaking,S3_peaking
1292,4.9409818890882744e-05,4.976963632951365e-07,3.0,0.0008737006470594429,52.72559069415096,2.1109106584599985e-13,98.27535911757523,1.5e-13,1.553302887845109,1,0,S3_peaking,-3.000000000419334e-06,10000000.0,-0.13277099999999997,-7.964599,-8.09737,-7.964602,-10.12014,0.0003944579,0.004673123,0.0007657195,4.425143e-05,0.7335279,1.098389,0.1540686,0.0004368503,0.6586794,1.757068,0.0015726611647069971,0,0,0,S3_peaking,S3_peaking,S3_peaking
1293,8.652156157927633e-05,1.590866437218616e-07,4.0,0.005036051767515119,67.14296237283483,3.5102949935993147e-13,85.1365970166474,1.5e-13,1.5104643151395432,1,0,S3_peaking,0.2872629,5754399000.0,0.11493880000000001,0.5952505,0.7101893,0.8825134,-1.580003,0.0001581002,0.02661302,0.00303755,0.001013029,0.7874493,1.002262,0.1040825,0.002518026,0.5833614,1.585624,0.009064893181527214,0,0,0,S3_peaking,S3_peaking,S3_peaking
1294,9.040849232354079e-05,3.7824086545505987e-07,7.0,0.007667338407990141,77.3924968391918,1.0797626257986756e-13,203.86775797089928,1.5e-13,1.4638063243254613,1,0,S3_peaking,-2.0999999999382624e-05,10000000.0,-1.1401489999999992,5.203878,4.063729,5.203857,-5.566818,0.0001838886,0.01771515,0.003151037,0.0007270825,0.7038042,0.611876,0.2446718,0.003833669,0.4065624,1.018438,0.013801209134382254,0,0,0,S3_peaking,S3_peaking,S3_peaking
1295,6.916439054437272e-05,6.194414851873522e-07,4.0,0.0013442918989921347,179.84287878028013,6.148994062341333e-13,318.2228497829866,1.5e-13,1.252851554702781,1,0,S3_nyq_boost,0.42393599999999987,1445440000.0,-0.015298000000000034,1.335085,1.319787,1.759021,-5.278076,0.000302655,0.006122464,0.0011417,4.289076e-05,0.6725229,1.203611,0.1789714,0.000672146,0.3824965,1.586108,0.0024197254181858425,0,0,0,S3_nyq_boost,S3_peaking,S3_nyq_boost
1296,9.027462808120094e-05,9.84260078826831e-07,8.0,0.002482992569268769,457.81133943278576,2.2162779605425743e-13,136.4070205192536,1.5e-13,1.1407833385215425,1,0,S3_f_peak,6.164735,19952620000.0,2.9749690000000006,-9.723921,-6.748952,-3.559186,-3.557533,0.0004799771,0.0071936,0.001498661,4.417707e-05,0.6240506,1.427109,0.2688168,0.001241496,0.203541,1.63065,0.004469386624683784,0,0,0,S3_f_peak,S3_f_peak,S3_f_peak
1297,3.811906624380107e-05,6.202580139883381e-07,3.0,0.0015867076754757085,137.96065690687018,3.0001843498358634e-13,112.27187072662264,1.5e-13,1.462806765232561,1,0,S3_peaking,0.26263099999999895,3801894000.0,0.20104899999999937,-8.522312,-8.321263,-8.259681,-9.851855,0.000430419,0.004620133,0.0008290538,4.307748e-05,0.6948447,1.243348,0.247496,0.0007933539,0.4675805,1.710929,0.0028560738158562755,0,0,0,S3_peaking,S3_peaking,S3_peaking
1298,6.17251853549763e-05,2.2519465937869888e-07,2.0,0.0006593166614339209,655.870334560613,3.921069205793087e-12,215.79481647416534,1.5e-13,1.312015904572066,1,0,S3_f_peak,9.714967000000001,912010800.0,8.884411400000001,-8.252819,0.6315924,1.462148,-9.428562,0.000263203,0.005937017,0.0008955345,0.0001341345,0.734598,1.221031,0.07865309,0.0003296584,0.5078295,1.728861,0.0011867699905810578,0,0,0,S3_f_peak,S3_f_peak,S3_f_peak
1299,6.15331544726423e-05,4.063949147095741e-07,7.0,0.0019165078955410073,56.49044447697356,3.082180726080801e-12,204.7616107807917,1.5e-13,1.3645811983075964,1,0,S3_peaking,0.9064709999999998,1513561000.0,0.5988549999999999,2.385295,2.98415,3.291766,-6.021505,0.00022601,0.008362563,0.001463386,0.0001012875,0.7174484,1.152648,0.1744752,0.0009582541,0.451138,1.603786,0.003449714211973813,0,0,0,S3_peaking,S3_peaking,S3_peaking
1300,3.719561572013555e-05,3.222268847172295e-07,4.0,0.0014904603351328545,149.01611987035153,3.0630424200062594e-13,57.97015727968644,1.5e-13,1.386616075132894,1,0,S3_f_peak,1.8334499999999991,7943282000.0,0.7594600000000007,-12.47382,-11.71436,-10.64037,-11.87872,0.0004306229,0.006479308,0.001116406,9.968718e-05,0.7282766,1.293837,0.1677008,0.000745233,0.4629622,1.756799,0.0026828286032391383,0,0,0,S3_f_peak,S3_f_peak,S3_f_peak
1301,8.895751975487999e-05,2.8945891256432884e-07,6.0,0.007815153057313791,87.60531199505117,2.008708758875317e-13,92.61500919667269,1.5e-13,1.4121718385388042,1,0,S3_peaking,-1.5000000000986446e-06,10000000.0,-0.09340360000000003,-0.8335286,-0.9269322,-0.8335301,-4.190371,0.0001951015,0.02139271,0.003692361,0.0006014299,0.7116339,1.036088,0.2025447,0.003907577,0.4020117,1.4381,0.014067275503164825,0,0,0,S3_peaking,S3_peaking,S3_peaking
1302,3.1937708517459684e-05,1.6846324934928089e-07,4.0,0.0007520516475428141,842.458337336995,2.202278548765537e-13,108.72804722303312,1.5e-13,1.116621406760281,1,0,S3_f_peak,8.148806999999998,5011872000.0,6.9031829999999985,-16.0767,-9.173517,-7.927893,-12.72693,0.0005315725,0.005185866,0.0007643965,0.0001559444,0.7568504,1.451779,0.08682515,0.0003760258,0.3073346,1.759114,0.0013536929655770654,0,0,0,S3_f_peak,S3_f_peak,S3_f_peak
1303,7.464132701715693e-05,8.627091018946185e-07,5.0,0.003478501859987182,81.36630214032641,1.1329093545323525e-13,234.63651886192795,1.5e-13,1.3471953833498733,1,0,S3_peaking,-2.3999999999801958e-05,10000000.0,-1.2247679999999999,2.303429,1.078661,2.303405,-5.454972,0.0002627739,0.007791618,0.001546189,8.15181e-05,0.6462224,1.08391,0.3136658,0.001739251,0.3079982,1.391908,0.006261303347976928,0,0,0,S3_peaking,S3_peaking,S3_peaking
1304,2.674485870971173e-05,6.598671390198338e-07,5.0,0.0023788038202829137,219.15803143518292,6.042063882473955e-13,596.6511089855418,1.5e-13,1.5584126164527028,1,0,S3_peaking,-1.000000000139778e-06,10000000.0,-2.46553,3.610484,1.144954,3.610483,-10.17003,0.0003433669,0.00408921,0.0007494752,0.0001130196,0.6931546,0.7195507,0.3677725,0.001189402,0.3707914,1.090342,0.004281846876509245,0,0,0,S3_peaking,S3_nyq_boost,S3_nyq_boost
1305,2.6331361762008454e-05,1.8556614855632215e-07,4.0,0.0006652780608689725,189.9129874345488,1.854014215340379e-12,215.96534401793153,1.5e-13,1.4841960527982565,1,0,S3_peaking,2.542346,1445440000.0,2.147161,-3.944048,-1.796887,-1.401702,-12.66045,0.000328683,0.004483478,0.0006256835,0.0001274026,0.7974377,1.13256,0.1065096,0.000332639,0.5956015,1.728161,0.0011975005095641504,0,0,0,S3_peaking,S3_peaking,S3_peaking
1306,2.163981180052263e-05,1.8250237367899954e-07,8.0,0.0007047566303426712,776.9690082854019,3.568694122665008e-13,133.1939474064593,1.5e-13,1.5733302533411242,1,0,S3_f_peak,7.105304,3311311000.0,6.942234,-14.5639,-7.621666,-7.458596,-14.30775,0.0004937669,0.003969591,0.0005208722,0.0001594265,0.8388867,1.097272,0.1093432,0.0003523783,0.6557929,1.753065,0.0012685619346168083,0,0,0,S3_f_peak,S3_f_peak,S3_f_peak
1307,6.882075229129544e-05,1.842414850485963e-07,2.0,0.0017563085298590412,145.2471589024176,5.181974247776229e-13,188.28387287392388,1.5e-13,1.5194254276477137,1,0,S3_peaking,1.48356,3311311000.0,1.338999,1.10733,2.446329,2.59089,-5.040526,0.0002048039,0.01288949,0.001650859,0.0003082507,0.7780433,1.001237,0.08853696,0.0008781674,0.6334208,1.634658,0.0031613553537462743,0,0,0,S3_peaking,S3_peaking,S3_peaking
1308,2.6562914278201007e-05,1.5198883274104043e-07,1.0,0.0033281627181316813,626.2179712235258,5.337434147387362e-13,182.58792452961444,1.5e-13,1.2983451732327596,1,0,S3_f_peak,10.392448,3467369000.0,10.029326000000001,-8.14409,1.885236,2.248358,-5.784792,0.0002535333,0.01099113,0.001360786,0.0005198606,0.7574318,1.173233,0.1227139,0.001664082,0.3229252,1.496158,0.0059906928926370265,0,0,0,S3_f_peak,S3_f_peak,S3_f_peak
1309,6.79368772087579e-05,7.957309882522945e-07,5.0,0.0018162094806274105,216.60003809242826,2.278335241838948e-13,386.6752996863354,1.5e-13,1.3667166298871014,1,0,S3_peaking,-5.600000000027805e-05,10000000.0,-2.21934511,2.198198,-0.02114711,2.198142,-5.444563,0.0003444556,0.005968506,0.001118155,4.922733e-05,0.6740526,1.029457,0.2386822,0.0009081048,0.4194013,1.448858,0.003269177065129339,0,0,0,S3_peaking,S3_peaking,S3_peaking
1310,6.0919420678146944e-05,2.1776853128506549e-07,2.0,0.0007811950751177524,79.66307964763305,6.72770714081517e-13,104.56729584399041,1.5e-13,1.4280481398391367,1,0,S3_peaking,0.45491999999999955,3311311000.0,0.398498,-5.469112,-5.070614,-5.014192,-9.669816,0.0003010341,0.006787426,0.0009709694,0.0001601893,0.7521388,1.160328,0.08170193,0.0003905976,0.5988282,1.759156,0.0014061511352119545,0,0,0,S3_peaking,S3_peaking,S3_peaking
1311,4.6070352963502174e-05,3.3233997409089953e-07,2.0,0.0012639390440987014,137.76402094753965,9.028212296122465e-12,630.4734325914926,1.5e-13,1.267466753682374,1,0,S3_nyq_boost,2.8414460000000012,457088200.0,-1.6940039999999996,8.366914,6.67291,11.20836,-8.134743,0.000231487,0.006744025,0.001168488,0.0001111077,0.6983946,0.9996512,0.1420545,0.0006319707,0.4019088,1.40156,0.0022750902793776625,0,0,0,S3_nyq_boost,S3_nyq_boost,S3_nyq_boost
1312,2.1159803869162877e-05,4.0849204566948783e-07,7.0,0.002134663329727994,372.6299708215731,4.4917923289821313e-13,437.97690674374235,1.5e-13,1.31891761649757,1,0,S3_peaking,1.6135264999999999,1513561000.0,1.0191499,-0.3783005,0.6408494,1.235226,-12.03314,0.0003458624,0.004449272,0.0008562816,7.515994e-05,0.6883657,1.112541,0.2967014,0.001067332,0.2199922,1.332533,0.003842393993510389,0,0,0,S3_peaking,S3_peaking,S3_peaking
1313,3.5269172510196467e-05,2.606306162693549e-07,2.0,0.0008129615076363446,211.81400439956843,1.0488183118599432e-12,122.68764057545332,1.5e-13,1.2872496242782334,1,0,S3_f_peak,3.3620590000000004,2630268000.0,3.3555580000000003,-8.145834,-4.790276,-4.783775,-11.21107,0.0003479029,0.005395357,0.0008886579,0.000110884,0.7185015,1.308299,0.1158091,0.0004064808,0.4418301,1.750129,0.0014633307137454203,0,0,0,S3_peaking,S3_f_peak,S3_f_peak
1314,5.5652980972541345e-05,4.72518818979432e-07,1.0,0.001599387132297626,385.40852907653635,5.13431718101657e-13,308.9920641845545,1.5e-13,1.2698481301728357,1,1,,3.666409,2089296000.0,3.58514,-1.754134,1.831006,1.912275,-7.187089,0.0003014175,0.006871036,0.001250093,6.623329e-05,0.6743288,1.169436,0.1746861,0.0007996937,0.3834649,1.552901,0.0028788968381357268,0,1,1,S3_peaking,,
1315,4.970930572998444e-05,3.22632464883809e-07,3.0,0.0014080799940911612,983.0932474223862,9.844599217924888e-13,224.82664663224728,1.5e-13,1.3907988594735354,1,0,S3_peaking,12.546189000000002,1905461000.0,12.370646,-10.09603,2.274616,2.450159,-7.849467,0.0002802775,0.007494194,0.001248338,0.0001256776,0.7220275,1.13587,0.1429815,0.0007040418,0.5058433,1.641713,0.00253454398936409,1,0,0,,S3_peaking,S3_peaking
1316,2.383839669082818e-05,4.33914387145367e-07,2.0,0.002955030369177495,113.86542213232478,2.03374575057947e-12,501.565314445725,1.5e-13,1.1737116488970518,1,0,S3_nyq_boost,0.6036950000000001,831763800.0,-1.6022750000000001,4.991455,3.38918,5.59515,-10.61362,0.0002883497,0.005037787,0.001051407,0.0001354294,0.6272425,0.9890755,0.3010848,0.001477515,0.06985417,1.05893,0.005319054664519491,0,0,0,S3_nyq_boost,S3_nyq_boost,S3_nyq_boost
1317,6.754402716444733e-05,1.9642540005406223e-07,7.0,0.0007729990309178437,192.06328860080964,1.8735607658374423e-12,147.79630592381338,1.5e-13,1.1619880041746318,1,1,,3.867743,1995262000.0,3.7925070000000005,-5.206215,-1.413708,-1.338472,-9.198869,0.0002703896,0.006644448,0.001073227,0.0001932503,0.7357833,1.367833,0.07923256,0.0003864995,0.3750424,1.742875,0.0013913982556521187,1,1,1,,,
1318,2.32374009580393e-05,2.5829022880510916e-07,8.0,0.006208609338668691,204.85683541733206,6.239861141162848e-12,194.0292389376772,1.5e-13,1.313800825052561,1,0,S3_f_peak,5.613204,1096478000.0,5.086593,-2.348442,2.738151,3.264762,-7.724916,0.0002267593,0.008232943,0.001670494,0.0002665443,0.6805208,1.147794,0.3225967,0.003104305,0.04988007,1.197674,0.011175496809603643,0,0,0,S3_f_peak,S3_f_peak,S3_f_peak
1319,2.291672078886523e-05,8.230301293782105e-07,6.0,0.0005680879545246088,984.4726831684011,2.5823035192300484e-13,93.73599199033784,1.5e-13,1.4905119570163443,1,0,S3_f_peak,8.234380000000002,19952620000.0,4.995330000000003,-21.44665,-16.45132,-13.21227,-13.21003,0.0009843819,0.00190714,0.000334812,1.377861e-05,0.7155646,1.259172,0.2385043,0.000284044,0.5142029,1.773375,0.0010225583181442959,0,0,0,S3_f_peak,S3_f_peak,S3_f_peak
1320,4.573644756560865e-05,4.114982755770786e-07,4.0,0.0016843419956689145,239.23057408678034,4.8962540403271985e-12,388.10635841922624,1.5e-13,1.3221923265019837,1,0,S3_f_peak,4.853557,724436000.0,2.6556110000000004,2.282966,4.938577,7.136523,-7.696684,0.0002410334,0.006649953,0.001186324,9.269209e-05,0.7000972,1.071539,0.18518,0.0008421712,0.4016092,1.473148,0.003031815592204046,0,0,0,S3_f_peak,S3_f_peak,S3_f_peak
1321,2.9047767109123695e-05,7.417745007387736e-07,1.0,0.006263925119765355,70.21052336048456,5.370551442846226e-13,84.7533646887894,1.5e-13,1.4593542824766472,1,0,S3_peaking,0.2624379999999995,4786301000.0,0.16221499999999978,-8.82265,-8.660435,-8.560212,-9.717199,0.0004243587,0.005321979,0.001301854,0.0001085119,0.567101,1.553476,0.517832,0.003131963,-0.0189205,1.534555,0.011275065215577638,0,0,0,S3_f_peak,S3_peaking,S3_peaking
1322,2.204890288797223e-05,5.088535072529219e-07,1.0,0.0005296812610591113,158.9251026779932,6.567333225970965e-12,175.37009855308793,1.5e-13,1.5789140318030412,1,0,S3_peaking,1.5684790000000008,794328200.0,1.0799660000000006,-9.327794,-8.247828,-7.759315,-14.2451,0.0005230252,0.00239117,0.0003940127,2.356112e-05,0.7281551,1.098759,0.174799,0.0002648406,0.6547961,1.753555,0.0009534262699064005,0,0,0,S3_peaking,S3_peaking,S3_peaking
1323,6.809872395324757e-05,3.1163181759286294e-07,3.0,0.0008623052160702623,62.078056370584015,2.5245760511757854e-12,121.83736249604124,1.5e-13,1.1297790567723456,1,0,S3_peaking,1.068415,2187762000.0,1.0530849999999998,-3.786644,-2.733559,-2.718229,-8.136143,0.0002808624,0.006680689,0.001179392,9.658834e-05,0.6874878,1.40501,0.1019065,0.0004311529,0.3424571,1.747467,0.0015521493889264723,0,0,0,S3_peaking,S3_peaking,S3_peaking
1324,8.880885387243375e-05,9.17695440786596e-07,3.0,0.0005398919080630629,615.9565202518388,3.8504220658750585e-12,95.17279244306272,1.5e-13,1.4290321139258715,1,0,S3_f_peak,14.969137,19952620000.0,8.422697,-16.64725,-8.224553,-1.678113,-1.674693,0.0004128928,0.003540332,0.0006292682,1.610442e-05,0.6949199,1.170088,0.1381762,0.0002699461,0.60422,1.774308,0.0009718054345135132,0,0,0,S3_f_peak,S3_f_peak,S3_f_peak
1325,3.812497483312858e-05,7.132383086130494e-07,4.0,0.002524531251029371,50.904798903038945,2.9614772082682817e-13,335.5678851730213,1.5e-13,1.171632085959886,1,0,S3_peaking,-4.6999999999908226e-05,10000000.0,-2.214367,3.298115,1.083748,3.298068,-8.170957,0.0003009117,0.005132313,0.001077321,5.55751e-05,0.6220111,1.256852,0.3252928,0.001262266,0.1195719,1.376424,0.004544156251852868,0,0,0,S3_peaking,S3_peaking,S3_peaking
1326,5.016928534498645e-05,1.803701421228284e-07,2.0,0.005608162803216884,90.47138557503645,1.5107270258777162e-12,306.15625902089243,1.5e-13,1.3760012389647014,1,0,S3_peaking,1.478301,1995262000.0,1.3946229999999993,7.13044,8.525063,8.608741,-2.576166,0.0001540019,0.01616161,0.002353532,0.0009667053,0.7455502,0.583937,0.1502733,0.002804082,0.357576,0.9415129,0.010094693045790392,0,0,0,S3_peaking,S3_peaking,S3_peaking
1327,3.585410252035619e-05,3.43247902843874e-07,4.0,0.0007870936158813665,226.41188323952136,4.180946656290746e-12,235.7678542318455,1.5e-13,1.2504743930537277,1,0,S3_f_peak,3.60262456,912010800.0,2.7125236,-3.690491,-0.9779674,-0.08786644,-11.095,0.000323617,0.004489266,0.0008042313,5.593389e-05,0.7129581,1.312334,0.1383301,0.000393547,0.3948799,1.707214,0.0014167685085864597,0,0,0,S3_f_peak,S3_f_peak,S3_f_peak
1328,3.8503812758839804e-05,2.118155544419992e-07,7.0,0.0045241647509871126,59.090327874533855,1.0161300282005051e-13,540.4383795130343,1.5e-13,1.1876097946653084,1,0,S3_peaking,-7.199999999940587e-05,10000000.0,-3.112500999999999,9.694548,6.582047,9.694476,-7.799527,0.0002000292,0.01122592,0.002234596,0.001034245,0.7138016,0.4237693,0.2097979,0.002262082,0.1537145,0.5774839,0.008143496551776803,0,0,0,headroom,S3_peaking,headroom
1329,7.986053738113918e-05,1.797505711839061e-07,6.0,0.0005584740706588333,196.42400578014642,3.361772378244353e-13,351.41735272327634,1.5e-13,1.3359186278157609,1,0,S3_peaking,-2.6999999999999247e-05,10000000.0,-1.4566162999999999,1.075005,-0.3816113,1.074978,-10.52027,0.000294404,0.005331352,0.0007204683,0.0001358079,0.7787756,1.162222,0.06237599,0.0002792371,0.5396494,1.701871,0.0010052533271859,0,0,0,S3_peaking,S3_peaking,S3_peaking
1330,4.302848242894526e-05,1.7094765804412444e-07,3.0,0.0012155221374219518,86.82527173109517,4.2786371200493854e-13,84.1421083971849,1.5e-13,1.2238674548695554,1,0,S3_peaking,0.6019330000000007,5011872000.0,0.3369680000000006,-6.115408,-5.77844,-5.513475,-9.137698,0.0002852467,0.00851762,0.001170205,0.0002237253,0.7564713,1.366788,0.08738719,0.0006077611,0.382073,1.748861,0.002187939847359513,0,0,0,S3_peaking,S3_peaking,S3_peaking
1331,5.117991757689384e-05,2.2717038222669537e-07,2.0,0.000605270187567932,351.16761697609405,3.5897421729014675e-12,63.710427190769124,1.5e-13,1.433451513739959,1,1,,6.193746000000001,1995262000.0,6.184220000000002,-15.84312,-9.6589,-9.649374,-12.12897,0.0003807688,0.005320755,0.0007752468,0.0001264994,0.7506182,1.172576,0.08319491,0.0003026351,0.6081431,1.780719,0.0010894863376222775,1,1,1,,,
1332,4.353257267967133e-05,2.1286248078955092e-07,6.0,0.002762480446237051,606.6935807138051,4.903036529519576e-13,203.96003101328597,1.5e-13,1.5974804950627302,1,0,S3_f_peak,9.647904,3467369000.0,9.313084,-6.953614,2.35947,2.69429,-5.721417,0.0002616201,0.01129225,0.001699226,0.0003701377,0.7911997,0.9104578,0.1654421,0.00138124,0.6078244,1.518282,0.004972464803226692,0,0,0,S3_f_peak,S3_f_peak,S3_f_peak
1333,8.85560502470672e-05,5.982294824451873e-07,4.0,0.0023230781725353195,68.70910425748426,4.455813202624368e-12,131.33418671340505,1.5e-13,1.1470358930708981,1,0,S3_peaking,2.0905126999999997,1905461000.0,2.0313426,-1.225569,0.8057736,0.8649437,-2.843753,0.0002256169,0.009177998,0.001795194,6.65876e-05,0.6473703,1.377744,0.1950272,0.001161539,0.2697044,1.647448,0.004181540710563575,0,0,0,S3_peaking,S3_peaking,S3_peaking
1334,8.304380726521026e-05,2.403681992368395e-07,6.0,0.004754289371765859,118.44589765013457,9.647260173655778e-12,63.51445866976765,1.5e-13,1.5269387198811306,1,1,,7.196529999999999,2089296000.0,7.186242,-5.662634,1.523608,1.533896,-2.424635,0.0001493169,0.01996363,0.003068744,0.0005668472,0.752939,1.078593,0.1562969,0.002377145,0.5704244,1.649017,0.008557720869178546,1,1,1,,,
1335,4.962211236250134e-05,1.5505607643733078e-07,4.0,0.0018249958245283244,536.6497150834333,2.3004825585531055e-12,54.4728035137293,1.5e-13,1.3975695719081571,1,0,S3_f_peak,12.678543000000001,3162278000.0,12.647406,-17.2633,-4.615894,-4.584757,-7.554764,0.0002467926,0.01158355,0.001256598,0.0004934206,0.7874155,1.208167,0.08763891,0.0009125127,0.5421263,1.750293,0.003284992484150984,0,0,0,S3_f_peak,S3_f_peak,S3_f_peak
1336,7.57423106828759e-05,1.6724007174310772e-07,4.0,0.0015072504277365308,52.076248714030896,5.69913020951789e-12,137.5192858880643,1.5e-13,1.120836204729601,1,0,S3_peaking,1.959665,1737801000.0,1.83111,1.327028,3.158138,3.286693,-5.331122,0.0001722366,0.01189012,0.001656852,0.0003100082,0.7455645,1.38258,0.0727953,0.0007536252,0.3137789,1.696359,0.0027130507699257554,0,0,0,S3_peaking,S3_peaking,S3_peaking
1337,7.804274253119892e-05,8.28601824554059e-07,4.0,0.000734805635185539,362.38563681841214,2.393941600193324e-12,89.84289953678643,1.5e-13,1.1152211438575292,1,0,S3_f_peak,10.774016,19952620000.0,5.857132999999999,-14.15348,-8.296347,-3.379464,-3.376179,0.0004120035,0.004165357,0.0008227109,1.919825e-05,0.6446064,1.454006,0.1541612,0.0003674028,0.3129841,1.76699,0.0013226501433339702,0,0,0,S3_f_peak,S3_f_peak,S3_f_peak
1338,2.6554390486880746e-05,3.560990027010621e-07,2.0,0.0013317458410586414,760.7674546509054,2.70861650693662e-13,352.8459459633183,1.5e-13,1.5105507462323375,1,1,,4.524308,2290868000.0,4.497413,-5.559096,-1.061683,-1.034788,-11.85569,0.0003895097,0.004726215,0.0007892793,8.818993e-05,0.7289531,1.02398,0.1906683,0.0006658735,0.5410691,1.565049,0.0023971425139055545,1,1,1,,,
1339,7.849714768440628e-05,5.273267372545565e-07,2.0,0.0011951346581966945,149.72881784533874,3.3916359067936364e-13,108.07295801337168,1.5e-13,1.2609813685458018,1,0,S3_peaking,0.9493149999999995,5495409000.0,0.5754839999999994,-6.79578,-6.220296,-5.846465,-6.604822,0.0003563279,0.006818603,0.001230689,4.794543e-05,0.6791897,1.31129,0.1458971,0.0005975673,0.4241286,1.735418,0.00215124238475405,0,0,0,S3_f_peak,S3_peaking,S3_peaking
1340,2.0393355278794437e-05,2.343592110761658e-07,6.0,0.0007371221293606706,57.602195574557506,4.982323953236893e-13,325.2209780423737,1.5e-13,1.4676153020231595,1,0,S3_peaking,-3.999999999992898e-05,10000000.0,-1.9489626,0.6827196,-1.266243,0.6826796,-13.85791,0.0003567772,0.003842294,0.0006329854,7.412699e-05,0.787117,1.151398,0.1462806,0.0003685624,0.5287381,1.680136,0.001326819832849207,0,0,0,S3_peaking,S3_peaking,S3_peaking
1341,9.120893887583947e-05,3.396852485019457e-07,6.0,0.0006495000096902424,219.30322534094174,1.4591475480128828e-13,457.4298579757529,1.5e-13,1.3785025996231892,1,0,S3_peaking,-0.00010500000000002174,10000000.0,-3.7200299,3.369717,-0.3503129,3.369612,-8.879407,0.0003297479,0.005718704,0.0009407582,7.851167e-05,0.7343834,1.074186,0.09086676,0.0003247501,0.577264,1.65145,0.0011691000174424363,0,0,0,S3_peaking,S3_peaking,S3_peaking
1342,3.864878984994869e-05,2.315684827994608e-07,7.0,0.0008766655554355504,511.33129564833786,2.060268043144975e-13,201.62811731791928,1.5e-13,1.568143961413564,1,0,S3_f_peak,3.3899979999999994,3801894000.0,2.991841,-7.519137,-4.527296,-4.129139,-11.20882,0.0004079289,0.005749951,0.0008910573,0.0001256145,0.8009637,1.053311,0.1201399,0.0004383329,0.6583086,1.71162,0.0015779979997839909,0,0,0,S3_f_peak,S3_f_peak,S3_f_peak
1343,4.520870332118176e-05,1.7447147567991486e-07,2.0,0.004378461516541195,103.09657528714095,1.0649561258915128e-12,60.45954891352543,1.5e-13,1.3022915001248563,1,0,S3_f_peak,4.4893089999999995,6025596000.0,3.295511,-6.192365,-2.896854,-1.703056,-4.445882,0.0002012309,0.01635412,0.002306204,0.0004916697,0.7444236,1.325582,0.1320135,0.002189233,0.3420564,1.667639,0.007881230729774152,0,0,0,S3_f_peak,S3_f_peak,S3_f_peak
1344,3.2546075119063506e-05,2.58865854299197e-07,2.0,0.0036534700585623132,427.7282513634041,3.7655850290142e-12,123.60472021656359,1.5e-13,1.363217552858184,1,1,,9.8453069,1584893000.0,9.7175788,-9.583954,0.1336248,0.2613529,-7.354762,0.0002301431,0.009001137,0.0015656,0.0002785796,0.7023627,1.235637,0.2010468,0.001826736,0.3385698,1.574207,0.006576246105412164,1,1,1,,,
1345,5.9778571891669704e-05,6.764324541706301e-07,5.0,0.004730729114993303,94.24850146801576,1.136774802418693e-12,464.76020971425874,1.5e-13,1.277583390955698,1,0,S3_peaking,-2.6000000000081513e-05,10000000.0,-1.9156449999999996,6.990715,5.07507,6.990689,-4.236547,0.0002370831,0.008252879,0.001712327,0.0004796659,0.6298294,0.5330594,0.3449943,0.002365365,0.1676133,0.7006727,0.008515312406987946,0,0,0,S3_peaking,S3_peaking,S3_peaking
1346,8.073959574951523e-05,1.509984878145928e-07,4.0,0.00544462394277225,67.58558222682758,5.952626931727296e-13,184.93544273928273,1.5e-13,1.1048707296412632,1,0,S3_nyq_boost,0.006262000000000434,1258925000.0,-0.03405599999999964,6.826299,6.792243,6.832561,0.3423705,0.0001379313,0.02717306,0.003523687,0.00115532,0.7463144,1.074525,0.1020115,0.002722312,0.2220232,1.296548,0.009800323096990051,0,0,0,S3_peaking,S3_peaking,S3_nyq_boost
1347,9.785098176543096e-05,5.28845561241857e-07,7.0,0.004850571239311266,80.97689277971085,1.391589899358218e-12,55.408230574008385,1.5e-13,1.3110053512862714,1,0,S3_f_peak,3.381903,7943282000.0,2.483448,-6.78688,-4.303432,-3.404977,-3.656649,0.0002269013,0.01389725,0.002592161,0.0001505037,0.6733087,1.331157,0.2378367,0.002425286,0.3344615,1.665619,0.008731028230760279,0,0,0,S3_f_peak,S3_f_peak,S3_f_peak
1348,7.27527298096436e-05,4.2463637493017135e-07,4.0,0.00427883805493173,145.42124654006352,3.149166309499193e-13,469.5254590739026,1.5e-13,1.302928836324842,1,0,S3_peaking,-8.699999999972619e-05,10000000.0,-3.009062,7.540508,4.531446,7.540421,-5.329121,0.0002274877,0.01161327,0.002166428,0.0005288575,0.6753288,0.4788816,0.2267985,0.002139419,0.3166067,0.7954883,0.0077019084988771145,0,0,0,S3_peaking,S3_peaking,S3_peaking
1349,4.553315025064969e-05,5.169473140873065e-07,4.0,0.0005559760268711917,180.81852824934347,4.871896574001334e-12,474.9745569313744,1.5e-13,1.196179572102176,1,0,S3_nyq_boost,1.977842,549540900.0,-1.1495985,1.424104,0.2745055,3.401946,-9.174948,0.0003446629,0.003423883,0.000623547,2.547913e-05,0.6870669,1.291543,0.1354987,0.0002779881,0.3764194,1.667962,0.001000756848368145,0,0,0,S3_nyq_boost,S3_nyq_boost,S3_nyq_boost
1350,2.598157444336787e-05,6.958326809826235e-07,7.0,0.004933379353848838,54.17055646927619,2.989076822123254e-13,464.5858610076788,1.5e-13,1.506495289854221,1,0,S3_peaking,-5.699999999997374e-05,10000000.0,-2.5395969,2.106273,-0.4333239,2.106216,-10.0998,0.0003581199,0.004424323,0.001050287,0.0009449155,0.6243466,0.6030333,0.5276643,0.00246669,0.0509776,0.6540109,0.008880082836927908,0,0,0,S3_peaking,S3_peaking,S3_peaking
1351,8.66059787662627e-05,2.986193146037173e-07,1.0,0.00638036029587619,55.619546377661294,1.2071751870887217e-13,144.90867819218977,1.5e-13,1.4518978762524681,1,0,S3_peaking,-1.09999999997612e-05,10000000.0,-0.6242190000000001,4.140028,3.515809,4.140017,-4.906428,0.0001702144,0.01864162,0.00308782,0.0004219431,0.7118916,0.8795936,0.180936,0.00319018,0.4581216,1.337715,0.011484648532577142,0,0,0,S3_peaking,S3_peaking,S3_peaking
1352,4.331853428357801e-05,4.5207285672649543e-07,5.0,0.0013891553038577692,322.46311599766534,7.1288890329375175e-12,65.63692791929536,1.5e-13,1.2068831790673935,1,1,,6.288876,1659587000.0,6.273284,-15.01563,-8.742346,-8.726754,-10.1103,0.0003582549,0.005664919,0.001047621,5.537171e-05,0.6853176,1.445688,0.185084,0.0006945777,0.3087218,1.75441,0.002500479546943985,1,1,1,,,
1353,8.45784885632482e-05,1.9341861196112753e-07,5.0,0.005761142677197151,928.2686214859679,1.0320802941067907e-12,275.93835384292345,1.5e-13,1.5967836181576973,1,0,S3_peaking,15.962809,2630268000.0,15.953979,-7.093549,8.86043,8.86926,-0.6171185,0.0001735211,0.02242444,0.003066307,0.001583348,0.7792121,0.4014842,0.1462997,0.002880571,0.6036557,1.00514,0.010370056818954872,0,0,0,S3_peaking,S3_peaking,S3_peaking
1354,5.0784586402099046e-05,1.7170836282100459e-07,4.0,0.0010082104095296652,147.83587592411234,4.5330341421883683e-13,78.0873589542469,1.5e-13,1.27676457606958,1,0,S3_f_peak,2.2718190000000007,5495409000.0,1.4461150000000007,-8.851031,-7.404916,-6.579212,-9.894305,0.0003235186,0.007787234,0.001043703,0.0002099047,0.7679152,1.312489,0.07964584,0.0005041052,0.448146,1.760635,0.0018147787371533975,0,0,0,S3_f_peak,S3_f_peak,S3_f_peak
1355,3.870612932993793e-05,6.005760789649916e-07,7.0,0.0013116153426432416,311.3444539255596,1.4749001451347284e-13,239.17286695450818,1.5e-13,1.3773610222437644,1,0,S3_peaking,-7.000000000090267e-06,10000000.0,-0.4578470000000001,-4.791866,-5.249713,-4.791873,-10.50849,0.0004470414,0.004371968,0.0007819556,3.320876e-05,0.7050384,1.233658,0.2294154,0.0006558077,0.4094902,1.643148,0.002360907616757835,0,0,0,S3_peaking,S3_peaking,S3_peaking
1356,4.388076677346492e-05,2.643694679202229e-07,4.0,0.007378593276817695,478.3093685728869,2.134728863122473e-12,222.49148335671873,1.5e-13,1.4607221139714777,1,1,,11.183285999999999,1737801000.0,10.988019,-4.872273,6.115746,6.311013,-4.351921,0.0001881862,0.01267079,0.002278658,0.0007904477,0.7128678,0.6699266,0.2499536,0.003689297,0.3092363,0.9791629,0.013281467898271851,1,1,1,,,
1357,5.327800429408028e-05,3.418851204407051e-07,2.0,0.0014647577057769257,887.6557009048738,3.411474611602957e-13,397.0984391806556,1.5e-13,1.4493490584588633,1,1,,7.081767,2290868000.0,7.047949,-4.412078,2.635871,2.669689,-7.964035,0.0003141554,0.007676633,0.001252555,0.0001225703,0.7240291,0.9531511,0.1447872,0.0007323797,0.5560224,1.509173,0.0026365638703984666,1,1,1,,,
1358,2.9500969920983063e-05,4.7570123603962557e-07,5.0,0.0006322693554871535,123.88826687337783,6.614161636787711e-13,111.5990195254272,1.5e-13,1.5735228595286044,1,0,S3_peaking,0.6154899999999994,3162278000.0,0.5846599999999995,-11.13487,-10.55021,-10.51938,-13.12336,0.0005344845,0.003043604,0.0004970389,2.712772e-05,0.7571986,1.119454,0.1685056,0.0003161386,0.6452659,1.76472,0.0011380848398768763,0,0,0,S3_peaking,S3_peaking,S3_peaking
1359,9.2036739746653e-05,1.5625550487978932e-07,5.0,0.0014990705559029774,783.1793565767848,3.531235246887143e-12,141.73238745611437,1.5e-13,1.27176615721677,1,0,S3_peaking,15.534332,1513561000.0,15.324893,-11.52339,3.801503,4.010942,-4.947645,0.0001738855,0.01269524,0.001500046,0.0004178472,0.7743305,1.227259,0.06461303,0.0007495355,0.466507,1.693766,0.0026983270006253595,0,0,0,S3_peaking,S3_peaking,S3_peaking
1360,6.519061835675518e-05,4.5074400606518225e-07,4.0,0.00060283392618901,193.0431423829936,1.1438370222163012e-13,156.4788075087514,1.5e-13,1.2602169270794061,1,0,S3_peaking,-7.000000000090267e-06,10000000.0,-0.4072800000000001,-6.752495,-7.159775,-6.752502,-10.24257,0.0004408741,0.004448668,0.0007809888,3.8975e-05,0.6999598,1.294798,0.1127815,0.0003014182,0.4580363,1.752834,0.001085101067140218,0,0,0,S3_peaking,S3_peaking,S3_peaking
1361,7.964975429713527e-05,2.399780658386386e-07,3.0,0.002212574944452857,102.47206299860197,1.2610020304807036e-13,224.02878534802454,1.5e-13,1.5233089670093016,1,0,S3_peaking,-2.3999999999801958e-05,10000000.0,-1.2672660000000002,4.279872,3.012606,4.279848,-6.727096,0.0002082908,0.01402596,0.002049722,0.0003490716,0.7544895,0.9212045,0.1163764,0.001106299,0.6309553,1.55216,0.003982634900015143,0,0,0,S3_peaking,S3_peaking,S3_peaking
1362,8.517982448641688e-05,4.2910276960697744e-07,2.0,0.0014356026382960675,255.30764974332442,5.281876917427555e-13,131.19211569345492,1.5e-13,1.2403966901434351,1,0,S3_f_peak,4.054721000000001,3801894000.0,3.659851,-6.195475,-2.535624,-2.140754,-5.795792,0.0003039451,0.008681323,0.001540138,7.461082e-05,0.6839772,1.297273,0.1346679,0.0007178013,0.4085563,1.705829,0.0025840847489329217,0,0,0,S3_f_peak,S3_f_peak,S3_f_peak
1363,9.884698497797582e-05,3.0482551056770824e-07,3.0,0.0013810645392572135,643.2254941033264,7.402038789392287e-12,201.14491008579375,1.5e-13,1.2692845801120436,1,0,S3_f_peak,13.363140999999999,831763800.0,12.488467,-7.506919,4.981548,5.856222,-4.634814,0.0001932191,0.01051105,0.001745852,0.0001486424,0.7088366,1.20706,0.103973,0.0006905346,0.4540422,1.661102,0.0024859161706629845,0,0,0,S3_f_peak,S3_f_peak,S3_f_peak
1364,8.057325962481235e-05,4.543378349124869e-07,8.0,0.007494975217119484,755.4247919435018,3.641524759573595e-13,286.08537545253034,1.5e-13,1.136700884631611,1,0,S3_f_peak,8.837032,3311311000.0,8.536905,-5.651212,2.885693,3.18582,-3.685848,0.0002807892,0.0149576,0.003078095,0.0005870394,0.6339816,0.643773,0.2852249,0.003747488,0.0841256,0.7278986,0.013490955390815072,0,0,0,S3_f_peak,S3_f_peak,S3_f_peak
1365,7.313990681860186e-05,5.99459672175446e-07,7.0,0.007728696859442412,79.41074336364487,4.0457313651551624e-13,73.47204637016249,1.5e-13,1.5887589286136472,1,0,S3_peaking,0.7340499999999999,7244360000.0,0.27005199999999974,-4.85553,-4.585478,-4.12148,-4.884348,0.0002522358,0.01258296,0.00231449,0.0002242911,0.6862915,1.123243,0.3579937,0.003864348,0.3928355,1.516078,0.013911654346996342,0,0,0,S3_f_peak,S3_peaking,S3_peaking
1366,8.01367655467382e-05,3.1274988169659734e-07,5.0,0.0011008411526220155,62.481427455911025,8.401019195970221e-13,58.7280071767385,1.5e-13,1.1555991727575414,1,0,S3_peaking,1.0513829999999995,6606934000.0,0.5659229999999997,-8.716951,-8.151028,-7.665568,-8.498824,0.0003122818,0.008190785,0.001452455,0.0001222698,0.6943576,1.409503,0.1067902,0.000550421,0.3581701,1.767674,0.001981514074719628,0,0,0,S3_f_peak,S3_peaking,S3_peaking
1367,7.043103310165933e-05,8.039842301581321e-07,4.0,0.0026646881365126767,864.3732225997744,7.393929512455746e-13,517.6427070172131,1.5e-13,1.1734520085875246,1,1,,8.23217,1318257000.0,6.912673,-2.311036,4.601637,5.921134,-3.154016,0.0002958136,0.00700626,0.001451881,8.085093e-05,0.6244892,0.9011374,0.2733603,0.001332344,0.2091844,1.110322,0.004796438645722818,0,1,1,S3_f_peak,,
1368,3.120356914791746e-05,4.537164792710138e-07,1.0,0.0012740688041192646,99.8951366350696,1.448546455583351e-13,106.648189026276,1.5e-13,1.5523995944710713,1,0,S3_peaking,-3.999999998782755e-06,10000000.0,-0.21373700000000007,-8.505779,-8.719516,-8.505783,-12.64099,0.0004301982,0.004470945,0.0007498664,5.592856e-05,0.7166851,1.144879,0.1981456,0.0006370345,0.5871821,1.732061,0.0022933238474146765,0,0,0,S3_peaking,S3_peaking,S3_peaking
1369,8.923650751195173e-05,4.140728096741164e-07,2.0,0.003677212469442058,172.94954848493495,6.249747268754906e-13,181.34582306705963,1.5e-13,1.50899102469643,1,0,S3_f_peak,2.79311421,3311311000.0,2.60547421,0.08296279,2.688437,2.876077,-3.584498,0.0002179219,0.01341107,0.002252629,0.0002031513,0.7129786,0.9111276,0.1875055,0.001838607,0.5554489,1.466576,0.006618982444995705,0,0,0,S3_peaking,S3_f_peak,S3_f_peak
1370,2.622464138788557e-05,1.52765269071258e-07,4.0,0.0010787626211100538,116.07933853359927,1.0297590297241185e-13,163.84460727608572,1.5e-13,1.3678122055398882,1,0,S3_peaking,-1.0000000000065512e-05,10000000.0,-0.5793670000000004,-3.473662,-4.053029,-3.473672,-12.29825,0.0003265687,0.005940191,0.0006298759,0.0003177289,0.7930674,1.199378,0.09806499,0.0005393813,0.5122469,1.711625,0.001941772717998097,0,0,0,S3_peaking,S3_peaking,S3_peaking
1371,3.1886977048468017e-05,1.71402729535372e-07,1.0,0.001962050454142959,251.1556615208051,7.675620624138066e-13,106.21399990344588,1.5e-13,1.3285462081419317,1,0,S3_f_peak,6.028124,3981072000.0,5.561101,-7.361426,-1.800325,-1.333302,-7.021549,0.0002525685,0.01004635,0.001344444,0.0002583491,0.7546313,1.285454,0.1074136,0.0009810252,0.4103462,1.6958,0.003531690817457326,0,0,0,S3_f_peak,S3_f_peak,S3_f_peak
1372,2.7339784270388263e-05,9.598491327899074e-07,6.0,0.0023197543774611342,221.44659710076314,1.6185075108553843e-12,71.11516026797706,1.5e-13,1.2254150353926256,1,0,S3_f_peak,5.742782,19952620000.0,3.118269999999999,-15.49968,-12.38141,-9.756898,-9.753808,0.0005494604,0.003493834,0.0007874434,3.223642e-05,0.6025034,1.680581,0.4275193,0.001159877,0.0369337,1.717514,0.004175557879430042,0,0,0,S3_f_peak,S3_f_peak,S3_f_peak
1373,3.799388406255995e-05,3.8784965385417516e-07,4.0,0.0007076558681026867,573.0349346834913,7.008680964822458e-13,685.5911562164365,1.5e-13,1.284267474831907,1,0,S3_f_peak,3.4066910000000004,1000000000.0,0.731225,1.265612,1.996837,4.672303,-11.07165,0.0003382339,0.004095167,0.0007244518,4.734156e-05,0.7130016,1.127023,0.1390235,0.0003538279,0.4303954,1.557419,0.001273780562584836,0,0,0,S3_nyq_boost,S3_f_peak,S3_f_peak
1374,2.341162514869278e-05,2.712782457178813e-07,3.0,0.0015381136813046056,266.95867690335973,1.9272245017974271e-13,682.7997939765178,1.5e-13,1.3744670800097882,1,0,S3_peaking,-0.00015799999999988046,10000000.0,-4.378368,5.500837,1.122469,5.500679,-11.64082,0.0003203756,0.005367698,0.0009421371,0.0001265554,0.7391756,0.8810321,0.1886744,0.0007690568,0.393856,1.274888,0.00276860462634829,0,0,0,S3_peaking,S3_peaking,S3_peaking
1375,8.103084942386447e-05,2.64935752293811e-07,6.0,0.0018892811556147052,181.9835016507402,4.545826827276001e-13,161.84703997946838,1.5e-13,1.433996445979238,1,0,S3_f_peak,2.3573962,3801894000.0,1.9714502,-1.51908,0.4523702,0.8383162,-5.373025,0.000239663,0.01218288,0.001937521,0.0002521571,0.7472004,1.087803,0.1212055,0.0009446509,0.5593098,1.647113,0.0034007060801064695,0,0,0,S3_peaking,S3_f_peak,S3_f_peak
1376,2.478775970027586e-05,8.987406074382456e-07,4.0,0.000880455859708213,88.0603903904076,3.483102555689846e-13,548.9821370089712,1.5e-13,1.1406696925083872,1,0,S3_peaking,-0.00011939999999999173,10000000.0,-4.0766748,0.9950308,-3.081644,0.9949114,-10.55547,0.0004517874,0.002313232,0.0004771845,1.618579e-05,0.6331754,1.393878,0.2888586,0.0004402279,0.164444,1.558322,0.0015848205474747834,0,0,0,S3_peaking,S3_peaking,S3_peaking
1377,6.016356675089467e-05,4.434308273736497e-07,3.0,0.0005080026488486552,151.30978446255486,6.813521368407439e-12,168.81329462525,1.5e-13,1.1430239695706812,1,0,S3_f_peak,2.360934,954992600.0,1.959822,-6.25383,-4.294008,-3.892896,-8.538984,0.000363358,0.003916693,0.0007123855,3.34112e-05,0.679715,1.390861,0.1069641,0.0002540014,0.366258,1.757119,0.0009144047679275793,0,0,0,S3_peaking,S3_f_peak,S3_f_peak
1378,2.2835442559222607e-05,2.558153111684138e-07,5.0,0.002014810174997696,584.1416188306144,1.2814676017400188e-13,353.8090045028433,1.5e-13,1.2724930995256467,1,0,S3_peaking,0.5270169999999998,2398833000.0,0.5260210000000001,-3.468277,-2.942256,-2.94126,-11.29735,0.0003993318,0.006025804,0.00114242,0.0001311227,0.7260513,1.17898,0.2069242,0.001007405,0.2645909,1.443571,0.0036266583149958532,0,0,0,S3_peaking,S3_peaking,S3_peaking
1379,4.152673680800843e-05,9.469864621156758e-07,2.0,0.0006551854366558631,79.7536251252327,2.678554003198184e-13,336.17861477400805,1.5e-13,1.4900318700277027,1,0,S3_peaking,-3.5999999999702936e-05,10000000.0,-1.54574,-2.08123,-3.62697,-2.081266,-7.35866,0.0004237824,0.002646352,0.0004759536,1.59928e-05,0.6918461,1.116675,0.2095289,0.0003275927,0.5731951,1.68987,0.0011793337859805537,0,0,0,S3_peaking,S3_peaking,S3_peaking
1380,6.055271414680297e-05,9.450123233172422e-07,1.0,0.0028769671199550652,264.0092192735545,2.274353870968983e-13,71.55923286036098,1.5e-13,1.5023464060123217,1,0,S3_f_peak,6.68195,19952620000.0,1.2937399999999997,-13.20779,-11.91405,-6.52584,-6.52152,0.0005102581,0.005960645,0.001160667,5.58013e-05,0.6550095,1.270128,0.3267658,0.001438484,0.4269351,1.697063,0.0051785408159191176,0,0,0,S3_f_peak,S3_f_peak,S3_f_peak
1381,6.069212544318372e-05,1.979845735757806e-07,4.0,0.0020302548999057844,56.93030791557841,1.4464314434658561e-12,55.25211767399536,1.5e-13,1.3369212025603914,1,0,S3_f_peak,2.047045,5495409000.0,1.4726159999999995,-6.182421,-4.709805,-4.135376,-6.602146,0.0002233212,0.01290759,0.001905203,0.0003763884,0.7426034,1.277505,0.109219,0.001015131,0.4664065,1.743911,0.003654458819830412,0,0,0,S3_f_peak,S3_f_peak,S3_f_peak
1382,4.7558832421147956e-05,5.224539739575849e-07,3.0,0.0005484194729740517,762.0235812377555,2.549123553344373e-12,171.59278226684924,1.5e-13,1.5600078830773836,1,0,S3_f_peak,7.706408,1148154000.0,7.386589999999999,-12.63135,-5.24476,-4.924942,-9.147828,0.0004096231,0.003482267,0.0005673488,2.781816e-05,0.7385636,1.060328,0.1346317,0.00027421,0.6926195,1.752948,0.0009871550513532931,0,0,0,S3_f_peak,S3_f_peak,S3_f_peak
1383,3.875398569129271e-05,5.497036567880981e-07,2.0,0.0026245737130881513,522.659986460417,3.0710578185812717e-13,190.31154835227863,1.5e-13,1.548993151013691,1,0,S3_f_peak,4.8467400000000005,3311311000.0,4.611503000000001,-8.120974,-3.509471,-3.274234,-8.923133,0.0003928953,0.00588739,0.001051981,8.949738e-05,0.6948537,1.071387,0.276163,0.001312287,0.47887,1.550257,0.004724232683558672,0,0,0,S3_f_peak,S3_f_peak,S3_f_peak
1384,9.600163871637206e-05,7.357598186627878e-07,5.0,0.0014989142194588318,79.04262997127118,1.2193318198847616e-12,523.6038803971679,1.5e-13,1.4790466544281755,1,0,S3_peaking,-0.0001020000000000465,10000000.0,-3.5940010000000004,8.568661,4.97466,8.568559,-1.816586,0.0002472765,0.00693441,0.001218393,5.623581e-05,0.7026475,0.8258528,0.1833796,0.0007494571,0.5817285,1.407581,0.0026980455950258975,0,0,0,S3_peaking,S3_peaking,S3_peaking
1385,7.682368825674568e-05,5.834969422349915e-07,8.0,0.0018814545207723867,78.2454557559458,3.6598336326147915e-12,319.27033777562986,1.5e-13,1.352833689777164,1,0,S3_nyq_boost,1.218216,1047129000.0,-0.042647000000000546,5.027103,4.984456,6.245319,-3.780095,0.0002274309,0.007707994,0.001380384,6.699866e-05,0.6988675,1.06054,0.1946758,0.0009407273,0.4391134,1.499654,0.003386618137390296,0,0,0,S3_nyq_boost,S3_peaking,S3_nyq_boost
1386,5.667202063922736e-05,2.6124610252675765e-07,1.0,0.0005540011765726476,62.37412328452617,3.5789835128379854e-12,481.2363792086542,1.5e-13,1.34358982723592,1,0,S3_nyq_boost,0.12744899999999948,524807500.0,-2.8013920000000003,5.875104,3.073712,6.002553,-10.02082,0.0002677218,0.004967191,0.0007662447,7.137229e-05,0.7319506,1.131649,0.08314097,0.0002770131,0.5350483,1.666697,0.0009972021178307657,0,0,0,S3_nyq_boost,S3_nyq_boost,S3_nyq_boost
1387,8.278565641658552e-05,3.249355000382985e-07,3.0,0.0008177217654605384,96.0022105524883,6.500306571353227e-13,629.7780445130305,1.5e-13,1.387490263520966,1,0,S3_peaking,-0.00017599999999973193,10000000.0,-4.957667999999999,9.418603,4.460935,9.418427,-7.229559,0.0002505168,0.006776727,0.001092241,9.636773e-05,0.7284986,0.9719663,0.09765774,0.000408861,0.5705421,1.542508,0.001471899177828969,0,0,0,S3_peaking,S3_peaking,S3_peaking
1388,3.13869111424803e-05,5.692282981146948e-07,7.0,0.001480773026073892,279.91942286227,5.408680448687094e-13,460.86844029105623,1.5e-13,1.5860379844881167,1,0,S3_nyq_boost,0.6098357999999999,1148154000.0,-0.5416529000000001,0.9822492,0.4405963,1.592085,-10.22579,0.0003491964,0.004148697,0.0007017919,4.774769e-05,0.7351538,0.9179081,0.260473,0.0007403867,0.5408712,1.458779,0.002665391446933006,0,0,0,S3_nyq_boost,S3_nyq_boost,S3_nyq_boost
1389,4.310551920784716e-05,3.473277930776032e-07,7.0,0.0018961155982144566,207.80681741313634,8.764492412657044e-12,99.75288311088424,1.5e-13,1.2333865137230635,1,0,S3_f_peak,5.4746500000000005,1202264000.0,5.330360000000001,-8.356623,-3.026263,-2.881973,-8.443964,0.0002662599,0.007390485,0.001376722,9.111303e-05,0.7054667,1.396498,0.1851433,0.0009480578,0.3089299,1.705428,0.003413008076786022,0,1,0,S3_f_peak,,S3_f_peak
1390,5.836932132712155e-05,2.727578927177267e-07,2.0,0.0005992882905124417,223.7937814489925,1.3741800166059685e-13,156.62953145972267,1.5e-13,1.545906139190392,1,0,S3_peaking,-4.000000000559112e-06,10000000.0,-0.2509010000000007,-6.32112,-6.572021,-6.321124,-11.5294,0.0004082105,0.005233199,0.0007719556,9.347259e-05,0.7584502,1.044334,0.08956093,0.0002996527,0.7087332,1.753067,0.0010787189229223952,0,0,0,S3_peaking,S3_peaking,S3_peaking
1391,9.24748972358122e-05,2.624466846404637e-07,5.0,0.00677770147159095,744.69305669706,2.534098583512137e-12,54.53593308651312,1.5e-13,1.3425645700674573,1,0,S3_peaking,20.0336551,3981072000.0,19.8613028,-19.07729,0.7840128,0.9563651,-1.977817,0.0001925029,0.02283138,0.003864722,0.0006008106,0.7078952,1.230938,0.1737786,0.003388851,0.3842475,1.615185,0.01219986264886371,0,0,0,S3_peaking,S3_peaking,S3_peaking
1392,4.947831101672525e-05,2.1944430523702715e-07,1.0,0.001352989182286764,390.38115803912194,8.168178578135126e-12,163.30994207839112,1.5e-13,1.1849059224655754,1,0,S3_f_peak,9.432970000000001,912010800.0,8.935884,-6.415673,2.520211,3.017297,-6.947909,0.000207825,0.009161873,0.001441503,0.000174198,0.7113317,1.344567,0.1006819,0.0006764946,0.3449516,1.689519,0.0024353805281161754,0,0,0,S3_f_peak,S3_f_peak,S3_f_peak
1393,5.495436596574282e-05,9.930105499894142e-07,8.0,0.004353559508201253,238.4852694560489,1.0449911196505731e-12,242.51569560166482,1.5e-13,1.5141965995862021,1,1,,3.304978,1995262000.0,3.200387,-1.790617,1.40977,1.514361,-2.988347,0.000291724,0.00667473,0.001304455,0.0001046595,0.6571969,0.9815699,0.4471089,0.00217678,0.2905268,1.272097,0.007836407114762255,0,1,1,S3_peaking,,
1394,3.079476570410159e-05,7.462241317880005e-07,6.0,0.0028856399193162587,431.82145998809256,6.76132277576331e-13,615.6483243460907,1.5e-13,1.3721129078672059,1,0,S3_peaking,2.287281,1096478000.0,0.40588599999999997,1.702098,2.107984,3.989379,-8.602538,0.0003420414,0.004494331,0.0009170261,0.0001276742,0.6456634,0.7367925,0.3987413,0.00144282,0.1749378,0.9117303,0.005194151854769266,0,0,0,S3_nyq_boost,S3_peaking,S3_peaking
1395,9.257748238770357e-05,5.658903349407165e-07,8.0,0.000566481214802661,251.87465395721722,4.826158688521968e-13,68.44569231960541,1.5e-13,1.5384300494691945,1,0,S3_f_peak,8.190097999999999,19952620000.0,2.49291,-14.82044,-12.32753,-6.630342,-6.625954,0.0005247911,0.004362709,0.0007142161,2.812895e-05,0.7443335,1.074086,0.1114532,0.000283253,0.7065271,1.780613,0.0010196661866447897,0,0,0,S3_f_peak,S3_f_peak,S3_f_peak
1396,5.067022551514734e-05,1.631665985272352e-07,6.0,0.0022537126023911575,329.0476468337005,2.8613591453931147e-12,76.00815669762827,1.5e-13,1.2100764854458517,1,0,S3_f_peak,9.930887,2630268000.0,9.929326,-11.22866,-1.299334,-1.297773,-5.981458,0.0002103725,0.01231887,0.001661988,0.0004598781,0.7649792,1.362103,0.1058884,0.001126861,0.3522458,1.714348,0.004056682684304084,1,0,0,,S3_f_peak,S3_f_peak
1397,8.145772235198548e-05,3.8484718409555173e-07,4.0,0.0017683439320245822,198.41109507511786,5.419322214408823e-12,58.69351254991495,1.5e-13,1.2904073430602998,1,0,S3_f_peak,6.450353000000001,2511886000.0,6.4503140000000005,-11.45537,-5.005056,-5.005017,-6.414295,0.0002497276,0.009889256,0.001722698,0.0001161762,0.6981712,1.312275,0.1412954,0.0008841721,0.4358288,1.748104,0.003183019077644248,0,0,0,S3_f_peak,S3_f_peak,S3_f_peak
1398,2.2858416389738787e-05,2.4890229701038074e-07,2.0,0.0005429235397394158,53.51655662864462,4.715140764948969e-12,117.65291873459269,1.5e-13,1.429440552770067,1,0,S3_peaking,0.6228810000000005,1513561000.0,0.5022530000000014,-8.537532,-8.035279,-7.914651,-14.60302,0.0004353622,0.00356621,0.0005663149,7.360084e-05,0.7544351,1.215181,0.1191246,0.0002714618,0.5528811,1.768062,0.0009772623715309484,0,0,0,S3_peaking,S3_peaking,S3_peaking
1399,2.766542943955246e-05,1.6036287622309068e-07,3.0,0.007465078640193349,61.743464683319864,4.280259127648981e-12,163.4671594336449,1.5e-13,1.4306685624725861,1,0,S3_peaking,2.128356,1905461000.0,2.0496160000000003,1.705484,3.7551,3.83384,-5.031471,0.0001808961,0.01186283,0.001715002,0.0008968977,0.7549058,0.9239855,0.2076023,0.003732539,0.2658669,1.189852,0.013437141552348028,0,0,0,S3_peaking,S3_peaking,S3_peaking
1400,3.782215826873252e-05,3.032931454026093e-07,7.0,0.007744276427986965,381.8655970411441,5.490787866252783e-13,236.03496384158709,1.5e-13,1.4784101257782178,1,0,S3_f_peak,6.151876,3162278000.0,5.998062,-3.377304,2.620758,2.774572,-5.827441,0.0002479653,0.01095227,0.00210315,0.0007517836,0.7043193,0.6523243,0.3128995,0.003872138,0.2337157,0.88604,0.013939697570376537,0,0,0,S3_f_peak,S3_f_peak,S3_f_peak
1401,2.7427953745787828e-05,1.680863451474832e-07,2.0,0.000815796225781572,605.3538714223042,1.7096294926590553e-13,59.29276103500099,1.5e-13,1.117389267179186,1,0,S3_f_peak,7.044460000000001,8317638000.0,4.179700000000002,-19.08123,-14.90153,-12.03677,-13.82952,0.000646572,0.005617365,0.000798186,0.0001504397,0.7443264,1.48361,0.08613121,0.0004078981,0.2922034,1.775813,0.0014684332064068297,0,0,0,S3_f_peak,S3_f_peak,S3_f_peak
1402,9.69651577559204e-05,2.5714033536124127e-07,4.0,0.0010543799223259511,770.8230072741114,1.4568745344154203e-12,83.7401520187383,1.5e-13,1.4958182564840403,1,0,S3_f_peak,13.270171,2884032000.0,13.25452,-16.51858,-3.26406,-3.248409,-6.902752,0.000285901,0.009200668,0.001367153,0.0001865672,0.7549167,1.092834,0.08874162,0.00052719,0.6630187,1.755853,0.001897883860186712,0,0,0,S3_f_peak,S3_f_peak,S3_f_peak
1403,6.210069781911828e-05,4.030411189452744e-07,7.0,0.0014687962225776148,579.3584667219939,7.460001805902028e-13,743.7731387598237,1.5e-13,1.4397171986206112,1,0,S3_f_peak,4.611562,1096478000.0,2.462244,3.596768,6.059012,8.20833,-6.891433,0.0002580082,0.007315362,0.001242242,0.0001134072,0.7348259,0.7176738,0.1589927,0.0007343982,0.5361006,1.253774,0.0026438332006397066,0,0,0,S3_f_peak,S3_f_peak,S3_f_peak
1404,6.640086829129976e-05,2.3488368147368934e-07,7.0,0.0014213867452369366,308.88435450943024,4.913469578088903e-13,250.42300537968595,1.5e-13,1.3396064935838103,1,0,S3_f_peak,3.834201,2754229000.0,3.79313,-1.302654,2.490476,2.531547,-6.680663,0.0002546313,0.009800788,0.001610143,0.0002201459,0.7507331,1.142289,0.1131996,0.0007106934,0.4797367,1.622026,0.002558496141426486,0,0,0,S3_f_peak,S3_f_peak,S3_f_peak
1405,6.336166038277348e-05,4.937897106265012e-07,3.0,0.0021146525012335875,301.5403272962189,6.019887556522211e-12,237.03733477149555,1.5e-13,1.2189294324178388,1,0,S3_f_peak,7.197811,870963600.0,6.204741,-2.250724,3.954017,4.947087,-5.232334,0.0002251243,0.008060509,0.001507904,8.578739e-05,0.6662276,1.231264,0.1926361,0.001057326,0.3181101,1.549374,0.0038063745022204575,0,0,0,S3_f_peak,S3_f_peak,S3_f_peak
1406,5.496683045061194e-05,2.7767239429932014e-07,7.0,0.002274869257249855,124.96191848246556,2.6897407934094924e-13,149.32277636792705,1.5e-13,1.262732511421476,1,0,S3_nyq_boost,0.0037959999999999106,1202264000.0,-0.02839500000000017,-1.261186,-1.289581,-1.25739,-7.048134,0.0002594868,0.01047599,0.001892426,0.0001697831,0.7253057,1.276183,0.158924,0.001137435,0.3539718,1.630155,0.004094764663049739,0,0,0,S3_peaking,S3_peaking,S3_nyq_boost
1407,7.088732077477956e-05,6.483708389705804e-07,3.0,0.0014314612782857495,855.3667013441926,7.361537227306393e-12,525.4616865864979,1.5e-13,1.490417424706345,1,0,S3_f_peak,11.529008,416869400.0,7.518758,-2.144907,5.373851,9.384101,-3.918659,0.0002427989,0.006173284,0.001076934,5.736112e-05,0.7040024,0.8465423,0.1887572,0.0007157306,0.5773687,1.423911,0.002576630300914349,0,0,0,S3_f_peak,S3_f_peak,S3_f_peak
1408,8.336864503069538e-05,5.444395647465114e-07,7.0,0.0007801034599177382,66.97287272115469,3.673903536514725e-13,637.7589422914034,1.5e-13,1.3114524452547243,1,0,S3_peaking,-0.00020900000000168006,10000000.0,-5.77411,8.660405,2.886295,8.660196,-5.900251,0.0002810365,0.005232723,0.0009200697,3.763761e-05,0.7058395,1.062413,0.1270702,0.000390052,0.488828,1.551241,0.0014041862278519287,0,0,0,S3_peaking,S3_peaking,S3_peaking
1409,9.665135571471172e-05,7.737631180954269e-07,2.0,0.0052378816870638995,193.09452577470972,1.4651979571266472e-12,56.54117164023982,1.5e-13,1.3923488867828602,1,0,S3_f_peak,8.914233,19952620000.0,5.822254,-11.25357,-5.431316,-2.339337,-2.33553,0.0002735982,0.0111926,0.002217096,0.0001126341,0.6453792,1.308809,0.3044805,0.002618941,0.3431125,1.651922,0.00942818703671502,0,0,0,S3_f_peak,S3_f_peak,S3_f_peak
1410,4.237298037157734e-05,6.53892101828648e-07,1.0,0.00512734113794683,283.51051183379013,1.105967934156281e-12,147.36128719789465,1.5e-13,1.147944681726002,1,0,S3_f_peak,5.409841999999999,2630268000.0,5.408306,-6.780091,-1.371785,-1.370249,-6.552897,0.0003111148,0.007022784,0.001642542,0.0001054086,0.5704166,1.440235,0.369941,0.002563671,-0.0180218,1.422213,0.009229214048304294,1,0,0,,S3_f_peak,S3_f_peak
1411,9.44763436600605e-05,2.921350003760722e-07,5.0,0.0006146394340974765,753.9544029556797,2.654945660531888e-13,198.48564160885408,1.5e-13,1.3338223488664132,1,0,S3_f_peak,5.959264000000001,3162278000.0,5.778015000000001,-9.891685,-4.11367,-3.932421,-8.600253,0.0004246745,0.005809626,0.0009414837,9.779038e-05,0.7314693,1.191659,0.08094834,0.0003073292,0.5473418,1.739001,0.0011063509813754578,0,0,0,S3_f_peak,S3_f_peak,S3_f_peak
1412,7.067154043476817e-05,3.866329177478453e-07,6.0,0.0010235926276700212,233.70657088511703,3.046986156624447e-12,376.91891115259824,1.5e-13,1.3421461438960243,1,0,S3_f_peak,4.2718679999999996,912010800.0,2.3578669999999997,2.21049,4.568357,6.482358,-6.67086,0.0002453949,0.006687786,0.001147247,7.8633e-05,0.7204879,1.106299,0.1253953,0.0005117963,0.5007957,1.607094,0.0018424667298060384,0,0,0,S3_f_peak,S3_f_peak,S3_f_peak
1413,5.3780934176510565e-05,4.198743030383124e-07,5.0,0.0025555663962462316,158.1339617824308,3.8257188804240297e-13,172.3982732094775,1.5e-13,1.1241824627285149,1,0,S3_peaking,0.7501340000000001,3162278000.0,0.692196,-1.856954,-1.164758,-1.10682,-7.074681,0.0002811604,0.008627113,0.001672896,0.0001088811,0.6599491,1.374099,0.2043621,0.001277784,0.2056125,1.579711,0.004600019513243217,0,0,0,S3_peaking,S3_peaking,S3_peaking
1414,3.354406301115293e-05,7.927594331192022e-07,5.0,0.0005903214966252666,58.62198234038053,2.9942303716546583e-12,65.95482372381443,1.5e-13,1.1395956347775194,1,0,S3_f_peak,5.925360000000001,19952620000.0,0.9266500000000004,-16.51978,-15.59313,-10.59442,-10.58933,0.0006831553,0.002461699,0.000483045,1.350854e-05,0.6608372,1.51432,0.2006233,0.0002951608,0.2662124,1.780532,0.00106257869392548,0,0,0,S3_f_peak,S3_f_peak,S3_f_peak
1415,8.813347505955588e-05,7.041304708211766e-07,6.0,0.0006723871817952162,570.7210329020234,5.477334180324929e-12,366.9651629315899,1.5e-13,1.3939152938029062,1,0,S3_f_peak,7.359947999999999,549540900.0,5.374467,-3.731791,1.642676,3.628157,-2.74318,0.0002898363,0.004444728,0.0007805226,2.417374e-05,0.7054936,1.111238,0.13395,0.0003361936,0.5653904,1.676629,0.0012102969272313894,0,0,0,S3_f_peak,S3_f_peak,S3_f_peak
1416,5.284127727938243e-05,6.509483776808283e-07,6.0,0.0031042587327768686,59.88416365912694,3.914055916317183e-13,786.1355320804494,1.5e-13,1.2733945137116218,1,0,S3_peaking,-0.0001660000000001105,10000000.0,-5.0957170000000005,8.124523,3.028806,8.124357,-6.390805,0.0002593816,0.006302246,0.001258337,0.0008797388,0.6513001,0.3608864,0.3091575,0.001552129,0.2189296,0.579816,0.005587665718998364,0,0,0,headroom,S3_peaking,headroom
1417,8.858311249591073e-05,2.4116207147385513e-07,3.0,0.0038666002612209025,355.50569466626484,1.5281758286488084e-13,97.3835891549005,1.5e-13,1.4865966960757073,1,0,S3_f_peak,4.777668,9549926000.0,1.6899360000000003,-8.63251,-6.942574,-3.854842,-5.387518,0.0003360703,0.01931038,0.002894597,0.000484988,0.7419377,1.04503,0.1341078,0.0019333,0.5666979,1.611728,0.006959880470197625,0,0,0,S3_f_peak,S3_f_peak,S3_f_peak
1418,2.239720015712503e-05,3.656183870686085e-07,7.0,0.004127914584899888,50.21571876099987,1.110772010349689e-13,149.9257396286993,1.5e-13,1.5858570477757206,1,0,S3_peaking,-9.000000000369823e-06,10000000.0,-0.5296410000000003,-2.476196,-3.005837,-2.476205,-11.37566,0.00030555,0.006043502,0.001098894,0.0001464601,0.7145053,1.16788,0.350066,0.002063957,0.3226795,1.49056,0.007430246252819799,0,0,0,S3_peaking,S3_peaking,S3_peaking
1419,7.44310483152341e-05,3.792824350257597e-07,1.0,0.005799819870963114,80.18358171160786,6.417858310250218e-13,101.80937903588998,1.5e-13,1.3819644988178519,1,0,S3_peaking,1.186782,4786301000.0,0.7758226,-1.411642,-0.6358194,-0.22486,-4.115101,0.0002098344,0.01428029,0.002581684,0.0002424622,0.681235,1.135913,0.2179402,0.00289991,0.3688493,1.504762,0.010439675767733605,0,0,0,S3_peaking,S3_peaking,S3_peaking
1420,9.146630875330058e-05,5.206827180711517e-07,1.0,0.0006374787579847738,80.82443934619825,1.6243988487382138e-13,136.77471038710786,1.5e-13,1.1928859375055254,1,0,S3_peaking,-3.000000000419334e-06,10000000.0,-0.2115860000000005,-5.128169,-5.339755,-5.128172,-7.163661,0.0003544065,0.005049047,0.0009144497,2.994487e-05,0.6750192,1.338962,0.1069891,0.0003187395,0.4174416,1.756404,0.001147461764372593,0,0,0,S3_peaking,S3_peaking,S3_peaking
1421,9.056404874872226e-05,6.413072894008863e-07,7.0,0.0011033521524573464,210.17101119773625,1.0985585222220844e-13,754.980841595585,1.5e-13,1.5893913306786565,1,0,S3_peaking,-0.0003060000000001395,10000000.0,-6.97117,8.209966,1.238796,8.20966,-6.963767,0.000325395,0.006129993,0.001014914,5.536784e-05,0.7359034,0.6839429,0.1569771,0.0005516846,0.6995522,1.383495,0.0019860338744232234,0,0,0,S3_peaking,S3_peaking,S3_peaking
1422,6.042916904029095e-05,4.14673357658481e-07,5.0,0.0024994532525205097,97.51172630129714,9.407539989078432e-13,241.63408851660145,1.5e-13,1.5807374258329239,1,0,S3_peaking,0.49173,1819701000.0,0.3599350000000001,2.968143,3.328078,3.459873,-5.823753,0.0002283477,0.009089461,0.001499182,0.0001526669,0.7371636,0.8908702,0.1964151,0.001249727,0.6071533,1.498023,0.004499015854536917,0,0,0,S3_peaking,S3_peaking,S3_peaking
1423,6.86634844473082e-05,3.6311353362366944e-07,6.0,0.001303054209238937,169.9497238160509,5.095187803570321e-13,64.93639243356753,1.5e-13,1.1776449382109941,1,0,S3_f_peak,3.2653489999999996,6918310000.0,2.136234,-10.97707,-8.840836,-7.711721,-8.65351,0.000362404,0.007839161,0.001425999,9.386936e-05,0.6930067,1.41,0.1323761,0.0006515271,0.3476907,1.757691,0.0023454975766300868,0,0,0,S3_f_peak,S3_f_peak,S3_f_peak
1424,6.637603004399025e-05,8.95631967137404e-07,1.0,0.0031714855347882653,132.17640806631522,9.182342254494503e-12,74.34651365328122,1.5e-13,1.351390662910771,1,0,S3_f_peak,6.629308,19952620000.0,3.8373550000000005,-9.754125,-5.91677,-3.124817,-3.121759,0.0002943511,0.006766953,0.001377042,5.929648e-05,0.6319052,1.371846,0.3140663,0.001585743,0.310259,1.682105,0.005708673962618878,0,0,0,S3_f_peak,S3_f_peak,S3_f_peak
1425,8.11534782382086e-05,2.74570522469957e-07,7.0,0.0008779619279932695,263.2083464212982,1.0575186632609962e-12,225.26972503475963,1.5e-13,1.1782852889926982,1,1,,4.2278899999999995,1995262000.0,4.088418,-2.438868,1.64955,1.789022,-7.46102,0.0002650483,0.007275267,0.001278472,0.0001245321,0.7154361,1.315577,0.09447451,0.000438981,0.3855327,1.70111,0.001580331470387885,1,1,1,,,
1426,7.83876582724517e-05,5.265225086120694e-07,5.0,0.0025118395402184772,224.28033976859652,1.1844091876267454e-12,294.4367428371563,1.5e-13,1.3229564308721444,1,1,,3.82113,1737801000.0,3.4848790000000003,1.640769,5.125648,5.461899,-3.973815,0.0002297586,0.009365949,0.001701347,0.0001030801,0.6847418,1.030094,0.200522,0.00125592,0.4001171,1.430211,0.0045213111723932595,1,1,1,,,
1427,6.308757529500594e-05,1.5123833634336322e-07,8.0,0.0014516129040018425,487.0415731174198,1.203930475603942e-13,606.6716368657641,1.5e-13,1.5701677767841076,1,0,S3_peaking,-0.000124000000000013,10000000.0,-3.2753803,2.975511,-0.2998693,2.975387,-8.948365,0.0002978989,0.009673231,0.0009406927,0.0006840571,0.8197147,0.6454823,0.08493117,0.0007258075,0.7141915,1.359674,0.0026129032272033167,0,0,0,S3_peaking,S3_peaking,S3_peaking
1428,2.848023264067969e-05,2.4670416368802704e-07,6.0,0.0014404618172132598,114.07766551182424,2.4494808244696885e-13,214.4709037225716,1.5e-13,1.367112990527542,1,0,S3_peaking,-1.3799999999952739e-05,10000000.0,-0.7639104999999999,-0.7149855,-1.478896,-0.7149993,-10.63538,0.0003094797,0.00622989,0.001100069,0.0001203435,0.7583432,1.23139,0.1656075,0.000720231,0.4141416,1.645531,0.0025928312709838676,0,0,0,S3_peaking,S3_peaking,S3_peaking
1429,6.239548481440358e-05,7.372339692744467e-07,1.0,0.0005321694124163476,197.66563639955925,6.54477325986789e-12,78.90929931383712,1.5e-13,1.535235595861081,1,0,S3_f_peak,8.366724,19952620000.0,3.3484499999999997,-14.41255,-11.0641,-6.045826,-6.041994,0.0004773176,0.003354823,0.0005713864,1.855244e-05,0.7117494,1.094636,0.141194,0.0002660847,0.6843673,1.779003,0.0009579049423494257,0,0,0,S3_f_peak,S3_f_peak,S3_f_peak
1430,9.116577771072347e-05,1.538446638169647e-07,2.0,0.0034004442560252412,446.6338872617891,4.2030410843383594e-12,614.3718919889103,1.5e-13,1.3077578149384104,1,0,S3_f_peak,10.470832999999999,912010800.0,8.751493,4.899487,13.65098,15.37032,-0.6026836,0.0001205777,0.0216244,0.002620634,0.001365729,0.766275,0.353879,0.09245834,0.001700222,0.4015523,0.7554313,0.0061207996608454345,0,0,0,S3_f_peak,S3_f_peak,S3_f_peak
1431,6.41225328358656e-05,3.1131484898023693e-07,6.0,0.0010406990236287647,330.0981534135138,1.7826713278361615e-12,461.80038307795024,1.5e-13,1.3510120259728602,1,0,S3_f_peak,5.079295,1047129000.0,3.0651800000000002,2.576553,5.641733,7.655848,-7.48866,0.0002414503,0.00711415,0.001203334,0.000110458,0.7348592,1.055246,0.1178596,0.0005203514,0.504456,1.559702,0.0018732582425317766,0,0,0,S3_f_peak,S3_f_peak,S3_f_peak
1432,3.931214231169725e-05,3.7732343597744385e-07,4.0,0.0009350129148794796,346.3212571172657,4.611910897430516e-12,393.84834816361575,1.5e-13,1.3258810621587231,1,0,S3_f_peak,5.328407299999999,660693400.0,2.9541823,-0.4418583,2.512324,4.886549,-9.965563,0.0002879052,0.004904197,0.0008583642,6.090274e-05,0.7165977,1.166565,0.1500197,0.0004675065,0.4493078,1.615873,0.0016830232467830632,0,0,0,S3_f_peak,S3_f_peak,S3_f_peak
1433,3.547685079287487e-05,1.630129923281444e-07,4.0,0.0006078008282802225,85.73368592351437,5.722374368278499e-13,768.1618541622021,1.5e-13,1.2152854296031912,1,0,S3_peaking,-0.0002080000000006521,10000000.0,-5.68483,8.338284,2.653454,8.338076,-12.33318,0.0002704875,0.004642624,0.0006099697,0.0001730681,0.7745649,1.151634,0.07625003,0.0003039009,0.4149208,1.566555,0.0010940414909044007,0,0,0,S3_peaking,S3_peaking,S3_peaking
1434,7.371076406056533e-05,8.520553505442378e-07,2.0,0.0012030095673059504,95.8686406820473,2.1894275762213408e-13,563.1276450234999,1.5e-13,1.5609887450448046,1,0,S3_peaking,-0.00015199999999992997,10000000.0,-4.651033,6.690856,2.039823,6.690704,-4.834036,0.0002989145,0.00501731,0.0008800764,4.106514e-05,0.7020783,0.8210093,0.2007706,0.0006015048,0.6402668,1.461276,0.002165417221150711,0,0,0,S3_peaking,S3_peaking,S3_peaking
1435,7.242213145496209e-05,3.601752352780838e-07,4.0,0.006239587285497222,399.31420632151793,7.183012227694817e-13,55.00263019441822,1.5e-13,1.2883404895432748,1,0,S3_f_peak,11.558752,6606934000.0,9.891257,-14.9437,-5.052443,-3.384948,-5.095318,0.0002893739,0.01528598,0.002855444,0.0002948277,0.6718449,1.346996,0.2262371,0.003119794,0.2814065,1.628402,0.011231257113894999,0,0,0,S3_f_peak,S3_f_peak,S3_f_peak
1436,8.561127567593984e-05,8.360227960791208e-07,6.0,0.005071173997059107,286.9781035908801,1.908334094216736e-12,462.89914361443874,1.5e-13,1.4498245094228617,1,0,S3_peaking,1.4590372,1096478000.0,1.1089170999999998,-2.080094,-0.9711769,-0.6210568,-2.363867,0.0002674057,0.007426587,0.001531304,0.003434475,0.6490429,0.3142434,0.3678105,0.002535587,0.3120355,0.6262789,0.009128113194706394,0,0,0,S3_f_peak,S3_f_peak,S3_f_peak
1437,8.316302262133887e-05,5.616983585557586e-07,4.0,0.0012940306063716712,778.3987419245326,6.834260464759001e-13,358.0074319518739,1.5e-13,1.2011573822506791,1,1,,8.333338,1659587000.0,7.80029,-4.628286,3.172004,3.705052,-4.619303,0.0003036797,0.006985861,0.001298583,4.925161e-05,0.6706956,1.203447,0.1541482,0.0006470153,0.3649164,1.568363,0.0023292550914690083,1,1,1,,,
1438,7.416712677646633e-05,2.262555554509007e-07,4.0,0.0011586843100211835,460.4325744339779,9.878072503472951e-12,466.74379678313085,1.5e-13,1.149606857212149,1,0,S3_f_peak,9.864700000000001,478630100.0,6.617646000000001,1.48847,8.106116,11.35317,-6.236163,0.0001914038,0.009327892,0.001541505,0.0002396868,0.7094595,1.181545,0.0923835,0.0005793422,0.3480498,1.529595,0.00208563175803813,0,0,0,S3_f_peak,S3_f_peak,S3_f_peak
1439,9.847752928420346e-05,9.29195838532106e-07,6.0,0.0020701826273453136,61.265381851045355,1.440472888981618e-13,780.1787499749993,1.5e-13,1.3316505621015013,1,0,S3_peaking,-0.00031999999999854367,10000000.0,-6.963877999999999,12.30295,5.339072,12.30263,-3.326943,0.0002349657,0.007052624,0.001352218,9.530961e-05,0.6620667,0.5894408,0.236649,0.001035091,0.403003,0.9924438,0.0037263287292215643,0,0,0,S3_peaking,S3_peaking,S3_peaking
1440,2.1585888008738222e-05,5.504125302486727e-07,4.0,0.0030186983569783455,144.4098246825286,9.150151027160916e-13,111.26456892331264,1.5e-13,1.2385967179929638,1,0,S3_peaking,1.7583719999999996,3019952000.0,1.7132649999999998,-9.007002,-7.293737,-7.24863,-11.84616,0.0004134882,0.004460504,0.0009375074,5.464769e-05,0.6299599,1.595571,0.3853051,0.001509349,0.03648953,1.63206,0.005433657042561022,0,0,0,S3_peaking,S3_peaking,S3_peaking
1441,6.830519308655486e-05,4.390091028032347e-07,8.0,0.0005022535284399978,111.31556033781567,7.812061862367075e-13,60.91175439347464,1.5e-13,1.3802118507198808,1,0,S3_f_peak,4.4706600000000005,19952620000.0,1.01276,-14.48126,-13.4685,-10.0106,-10.00678,0.0005302801,0.00389736,0.0006611952,3.310091e-05,0.7365478,1.219501,0.1050202,0.0002511268,0.5652028,1.784703,0.0009040563511919961,0,0,0,S3_f_peak,S3_f_peak,S3_f_peak
1442,8.50309392747963e-05,2.3905875446059937e-07,3.0,0.004350273853580286,51.632739711765225,2.1494936489017853e-12,135.48971812931927,1.5e-13,1.591636556268604,1,0,S3_peaking,1.8760720000000002,3019952000.0,1.8180609999999997,3.979847,5.797908,5.855919,-1.526419,0.0001472703,0.01946856,0.002831029,0.0005734731,0.7563618,0.8654951,0.1424724,0.002175137,0.6397962,1.505291,0.007830492936444515,0,0,0,S3_peaking,S3_peaking,S3_peaking
1443,3.776499186347327e-05,4.2846182444864176e-07,5.0,0.00068570086098495,101.20734909528605,2.765730871759419e-12,59.85898543733963,1.5e-13,1.4168840610139446,1,0,S3_f_peak,1.7169699999999999,19952620000.0,1.5649499999999996,-14.65768,-13.09273,-12.94071,-12.94058,0.0005150065,0.003797142,0.0006465201,3.533616e-05,0.7366067,1.243282,0.1464399,0.0003428541,0.5361954,1.779477,0.00123426154977291,0,0,0,S3_f_peak,S3_peaking,S3_f_peak
1444,2.2743435371437258e-05,6.24845688239175e-07,2.0,0.00786714227017654,120.41582520093426,1.4785197601278466e-13,103.42248292082535,1.5e-13,1.5430147105869756,1,0,S3_peaking,-2.000000000279556e-06,10000000.0,-0.14930900000000058,-8.41447,-8.563779,-8.414472,-12.11225,0.0004639749,0.005238428,0.001430426,0.0001580238,0.5621936,1.519486,0.5841173,0.003933571,-0.126306,1.39318,0.014160856086317772,0,0,0,S3_peaking,S3_peaking,S3_peaking
1445,7.877185860680654e-05,7.509423291328097e-07,3.0,0.0038365770057814997,152.09516379960564,2.480222896987968e-13,157.65878804580217,1.5e-13,1.3378413940717624,1,0,S3_peaking,-9.999999996956888e-07,10000000.0,-0.09955500000000006,-2.28412,-2.383675,-2.284121,-4.595256,0.0003043199,0.008963733,0.001773835,9.292649e-05,0.6459769,1.179076,0.2890514,0.001918289,0.3184888,1.497565,0.006905838610406699,0,0,0,S3_peaking,S3_peaking,S3_peaking
1446,7.359128039793269e-05,3.444294747692088e-07,4.0,0.0007200479286398826,295.5920429888136,1.5673568262650028e-13,94.89410714640157,1.5e-13,1.3382378052504202,1,0,S3_f_peak,1.6981789999999997,7585776000.0,0.7660999999999998,-11.2791,-10.513,-9.580921,-10.26671,0.0004849119,0.005810123,0.0009680754,7.553833e-05,0.7212154,1.236315,0.1003744,0.000360024,0.5295203,1.765836,0.0012960862715517888,0,0,0,S3_f_peak,S3_f_peak,S3_f_peak
1447,5.4653462748801456e-05,1.6946043763285189e-07,7.0,0.0021481583284099245,656.9712110181714,1.6379353419701126e-12,439.1548955066987,1.5e-13,1.4583740031700854,1,1,,11.1477985,1318257000.0,10.067035500000001,-0.8715185,9.195517,10.27628,-4.873134,0.0001823522,0.01198921,0.001561955,0.0004814541,0.7991387,0.7792213,0.1166738,0.001074079,0.5490916,1.328313,0.003866684991137864,0,1,1,S3_f_peak,,
1448,9.305619308886643e-05,3.065659393057307e-07,5.0,0.003317448669230469,370.4241984282047,8.466822847307977e-12,62.92553860955743,1.5e-13,1.5718879608070018,1,0,S3_peaking,12.7045134,1819701000.0,12.6809155,-13.0095,-0.3285845,-0.3049866,-3.717756,0.0001757927,0.01599799,0.002495985,0.0003107808,0.7472577,1.051005,0.1507607,0.001658729,0.6446184,1.695624,0.005971407604614844,1,0,0,,S3_peaking,S3_peaking
1449,5.2557512562310593e-05,2.491033718227875e-07,6.0,0.005144286031341179,54.63086093683205,2.8859836037741973e-13,171.27001666813896,1.5e-13,1.1767304861162386,1,0,S3_peaking,-1.100000000064938e-05,10000000.0,-0.6554020000000005,4.188614,3.533212,4.188603,-4.735245,0.0001880191,0.01467945,0.002813041,0.0003747946,0.6964584,1.171128,0.2016318,0.002572143,0.1883406,1.359469,0.009259714856414122,0,0,0,S3_peaking,S3_peaking,S3_peaking
1450,9.619356136066365e-05,6.338565964350509e-07,2.0,0.0016121211915772217,166.8551296542252,7.031722000455571e-13,110.3946218209766,1.5e-13,1.4743651304342318,1,0,S3_f_peak,2.935661,6025596000.0,2.372766,-6.215745,-3.842979,-3.280084,-3.563336,0.0003092891,0.007904019,0.001374046,5.533356e-05,0.7010322,1.12309,0.1698284,0.0008060606,0.5879254,1.711015,0.0029018181448389993,0,0,0,S3_f_peak,S3_f_peak,S3_f_peak
1451,3.560870029304919e-05,2.5539994301916346e-07,1.0,0.0014437402766771304,617.5722242735998,1.1556382848427536e-13,205.0595434132057,1.5e-13,1.5053183717722938,1,0,S3_f_peak,2.6057570000000005,4786301000.0,1.8251020000000002,-7.808087,-5.982985,-5.20233,-10.43764,0.000436583,0.007281985,0.001097425,0.0001584732,0.7414975,1.064955,0.1348737,0.0007218718,0.5870188,1.651974,0.002598732498018835,0,0,0,S3_f_peak,S3_f_peak,S3_f_peak
1452,8.133654552579674e-05,5.108570348132105e-07,2.0,0.0017039141002279808,57.94605078921964,1.186884791759089e-12,549.8425804164335,1.5e-13,1.5656649005397978,1,0,S3_peaking,-0.00013000000000040757,10000000.0,-4.203143000000001,10.53058,6.327437,10.53045,-4.379602,0.0002235486,0.008186517,0.001352307,0.0001083548,0.7231579,0.6767854,0.1670021,0.0008519571,0.6547724,1.331558,0.0030670453804103655,0,0,0,S3_peaking,S3_peaking,S3_peaking
1453,5.024585988625915e-05,6.144062311528183e-07,1.0,0.007281497667211249,86.55246043560032,1.3155472232993546e-13,270.98696669178304,1.5e-13,1.500742599677586,1,0,S3_peaking,-3.0000000000196536e-05,10000000.0,-1.5460790000000002,2.592026,1.045947,2.591996,-7.771712,0.0002750755,0.008325399,0.001764933,0.0007551494,0.6254495,0.6077058,0.3957729,0.003640749,0.2056987,0.8134045,0.013106695800980249,0,0,0,S3_peaking,S3_peaking,S3_peaking
1454,8.616118608366413e-05,4.0524334946559524e-07,8.0,0.003310064371707725,954.7228821769785,9.918007282583759e-12,80.55359576746841,1.5e-13,1.455144192404493,1,0,S3_peaking,18.083245390000002,1318257000.0,17.995132220000002,-18.04051,-0.04537778,0.04273539,-3.867859,0.0001930204,0.01289423,0.002200783,0.0001750725,0.722711,1.155309,0.1872608,0.001655033,0.5113724,1.666681,0.005958115869073906,0,0,0,S3_peaking,S3_peaking,S3_peaking
1455,5.760399762904774e-05,6.185348274472974e-07,2.0,0.0031919989838780707,274.34948895203405,1.18360798735517e-13,775.025636697596,1.5e-13,1.2972996248722963,1,0,S3_peaking,-0.00025500000000011624,10000000.0,-5.985885,2.952197,-3.033688,2.951942,-8.091331,0.0003624451,0.006276435,0.001274223,0.001564321,0.6414768,0.3008454,0.2857003,0.001595999,0.2622141,0.5630595,0.005745598170980528,0,0,0,headroom,S3_peaking,headroom
1456,4.517376393459348e-05,5.166014782710913e-07,5.0,0.0021685558294579827,639.8833610492451,3.291478508804903e-13,285.7964621791428,1.5e-13,1.2312740975064154,1,0,S3_f_peak,5.4052048,2630268000.0,5.3985027,-5.561097,-0.1625943,-0.1558922,-8.13432,0.0003542812,0.006453219,0.001216692,7.366015e-05,0.6712583,1.224016,0.2358329,0.001084278,0.2661016,1.490117,0.003903400493024369,1,0,0,,S3_f_peak,S3_f_peak
1457,3.298631526513927e-05,1.5171892481159055e-07,3.0,0.0014008806491809106,795.3073431859816,7.82613430228741e-12,65.86334639125283,1.5e-13,1.3764385390464764,1,0,S3_peaking,13.322853,1380384000.0,13.268363,-18.92669,-5.658327,-5.603837,-9.606098,0.0002635851,0.008254222,0.0008544189,0.0004010395,0.7877431,1.230823,0.09018514,0.0007004403,0.5230435,1.753866,0.002521585168525639,1,0,0,,S3_peaking,S3_peaking
1458,3.0256940403076767e-05,9.111283600243124e-07,2.0,0.0013666342073612803,544.4493900883351,5.109197566921725e-12,86.52727700919337,1.5e-13,1.5086400481390934,1,0,S3_f_peak,8.524705999999998,19952620000.0,6.080589999999999,-17.58448,-11.50389,-9.059774,-9.05748,0.0005237215,0.003041498,0.000572047,2.6005e-05,0.6720309,1.298556,0.3210496,0.0006833178,0.4423187,1.740874,0.0024599415732503046,0,0,0,S3_f_peak,S3_f_peak,S3_f_peak
1459,5.1692790421485296e-05,1.9595061304604636e-07,5.0,0.0028416713419802116,509.5670304999655,6.315152000858387e-13,521.1931874966675,1.5e-13,1.3266682433006933,1,1,,6.016598,1995262000.0,5.852549,2.235591,8.08814,8.252189,-4.327956,0.0002026887,0.01321492,0.002081526,0.0005506431,0.7508334,0.663625,0.1419751,0.001420836,0.3958451,1.05947,0.0051150084155643805,1,1,1,,,
1460,3.836892834107485e-05,7.842302053781213e-07,5.0,0.0005186787302508581,454.83956249912717,7.368230150784806e-12,106.08192517430827,1.5e-13,1.401768077524892,1,0,S3_f_peak,7.384726000000001,19952620000.0,4.728720000000001,-16.00944,-11.28072,-8.624714,-8.62293,0.0005577199,0.002496831,0.0004429503,1.407448e-05,0.7082977,1.258229,0.1816117,0.0002593394,0.5142598,1.772489,0.0009336217144515446,0,0,0,S3_f_peak,S3_f_peak,S3_f_peak
1461,5.721800954667014e-05,2.797010112833551e-07,5.0,0.0018599943337683595,54.7306517763381,4.0988762930661035e-12,702.0321657109714,1.5e-13,1.2399088474462867,1,0,S3_nyq_boost,0.08056999999999981,436515800.0,-3.8549000000000007,13.27586,9.42096,13.35643,-5.920246,0.00019415,0.009681995,0.001713168,0.0002224766,0.7151059,0.7880723,0.1436279,0.0009300006,0.3590398,1.147112,0.003347989800783047,0,0,0,S3_nyq_boost,S3_nyq_boost,S3_nyq_boost
1462,4.296872273915177e-05,4.632276288551142e-07,7.0,0.007234267787431848,76.36829807430935,1.276789629488637e-13,229.58258858264927,1.5e-13,1.3913350821764578,1,0,S3_peaking,-2.199999999996649e-05,10000000.0,-1.1862810000000001,3.283029,2.096748,3.283007,-7.939821,0.0002374834,0.009906414,0.00196581,0.0003927258,0.6593005,0.8292699,0.3772424,0.003617134,0.1402991,0.969569,0.013021682017377327,0,0,0,S3_peaking,S3_peaking,S3_peaking
1463,5.256582257454721e-05,6.734179856964971e-07,3.0,0.0013007730166522988,902.3504574037394,8.256078771561083e-13,200.27599489951575,1.5e-13,1.495596982198483,1,1,,9.40095,1905461000.0,9.306387,-11.33923,-2.032843,-1.93828,-6.471857,0.0003710417,0.004920156,0.000865269,3.888671e-05,0.7026401,1.112976,0.2092858,0.0006503865,0.5567673,1.669743,0.002341391429974138,1,1,1,,,
1464,3.5919621499055914e-05,2.337946093343557e-07,3.0,0.004371633438327618,861.582083386795,8.599131990944291e-12,111.80854515486595,1.5e-13,1.5961577236543671,1,0,S3_peaking,15.836155999999999,1096478000.0,15.6418273,-14.75423,0.8875973,1.081926,-6.06931,0.0002008914,0.01079198,0.001689447,0.000416824,0.7515316,1.028152,0.2021711,0.002185817,0.5274553,1.555607,0.007868940188989712,0,0,0,S3_f_peak,S3_peaking,S3_peaking
1465,6.244257328821803e-05,2.286768274213013e-07,2.0,0.0041506627525128474,236.0715834558072,1.9822899344596748e-13,86.1386969334647,1.5e-13,1.143975630216823,1,0,S3_f_peak,3.9126239999999997,9120108000.0,1.3042439999999997,-7.457602,-6.153358,-3.544978,-5.347628,0.0002955483,0.01671092,0.002844822,0.0004322642,0.6852692,1.380463,0.1441872,0.002075331,0.2407663,1.621229,0.007471192954523125,0,0,0,S3_f_peak,S3_f_peak,S3_f_peak
1466,5.2063734655892604e-05,3.1456402267644126e-07,4.0,0.0035639161076328474,362.1827573175165,6.856091080346922e-13,84.63025737463146,1.5e-13,1.567404415834721,1,0,S3_f_peak,8.663155,4786301000.0,7.841726,-11.17726,-3.335534,-2.514105,-6.401873,0.0002824251,0.01113428,0.001818213,0.0002511865,0.7386924,1.087101,0.1979892,0.001781963,0.5620913,1.649192,0.006415048993739125,0,0,0,S3_f_peak,S3_f_peak,S3_f_peak
1467,2.6057963184635495e-05,1.584505668876906e-07,5.0,0.0021722842310483697,213.22739802339882,8.699087425651082e-13,295.7318219512455,1.5e-13,1.5741312586579737,1,0,S3_peaking,2.9410830000000003,2089296000.0,2.865117,1.312961,4.178078,4.254044,-7.448654,0.0002283391,0.008649606,0.0009719559,0.0004307678,0.8006908,0.8833093,0.1498403,0.001086142,0.595484,1.478793,0.003910111615887065,0,1,0,S3_peaking,,S3_peaking
1468,7.590599224063223e-05,8.150366085134622e-07,3.0,0.007652030959203241,130.42904902435325,1.2007722782160495e-13,161.0628743778791,1.5e-13,1.4117674275780168,1,0,S3_peaking,-1.1100000000041632e-05,10000000.0,-0.6152479000000001,-0.9047811,-1.520029,-0.9047922,-5.934708,0.0002861268,0.01055221,0.002251921,0.0002260165,0.6154629,0.9919373,0.4120944,0.003826015,0.1918337,1.183771,0.013773655726565835,0,0,0,S3_peaking,S3_peaking,S3_peaking
1469,4.681787436942099e-05,5.142564443939002e-07,8.0,0.0072152016704230435,212.76100546611752,4.496582536753401e-12,74.12485937022727,1.5e-13,1.1360942588604304,1,1,,7.121255999999999,2290868000.0,7.117442,-9.760297,-2.642855,-2.639041,-5.923679,0.0002374275,0.01043748,0.002279355,0.0001493307,0.6098408,1.589058,0.3810037,0.003607601,-0.0564743,1.532584,0.012987363006761479,1,1,1,,,
1470,2.647308231611031e-05,6.946602454212211e-07,3.0,0.004759446521586537,593.2969629511011,1.2702166224197303e-12,111.06049157687278,1.5e-13,1.2080032439559012,1,1,,8.556689,2398833000.0,8.555505,-14.198,-5.642495,-5.641311,-9.595063,0.0004007998,0.00516468,0.001274716,7.51764e-05,0.5652497,1.654719,0.4799186,0.002379723,-0.119013,1.535706,0.008567003738855767,1,0,1,,S3_f_peak,
1471,5.330613725061698e-05,3.639597469957632e-07,5.0,0.003130792376059905,76.10990993448559,2.8369943075955845e-13,530.3117797938952,1.5e-13,1.312847583263367,1,0,S3_peaking,-0.00010999999999938836,10000000.0,-4.1071290000000005,10.09501,5.987881,10.0949,-6.921832,0.0002175732,0.009623111,0.001756044,0.0002871374,0.6970172,0.6307998,0.2101822,0.001565396,0.3390521,0.969852,0.005635426276907829,0,0,0,S3_peaking,S3_peaking,S3_peaking
1472,6.838081590407e-05,7.67580860729111e-07,1.0,0.0006648709127039175,479.06228738360096,3.96309103178486e-13,101.23519157547697,1.5e-13,1.583791801627332,1,0,S3_f_peak,8.619852000000002,19952620000.0,4.269910000000001,-14.54813,-10.27822,-5.928278,-5.925921,0.0005547512,0.003870246,0.000655212,2.23068e-05,0.7154756,1.051671,0.1522001,0.0003324358,0.714675,1.766346,0.0011967676428670515,0,0,0,S3_f_peak,S3_f_peak,S3_f_peak
1473,6.17935312854778e-05,2.569768491499125e-07,8.0,0.001212705256051745,111.15661347669025,7.385581694579684e-12,177.12775844413682,1.5e-13,1.523744909297212,1,0,S3_f_peak,3.267751,1096478000.0,2.7468820000000003,-0.605757,2.141125,2.661994,-7.261578,0.0002264519,0.008212764,0.001302988,0.000132888,0.7874631,1.062797,0.1184701,0.0006063526,0.6298013,1.692598,0.002182869460893141,0,0,0,S3_f_peak,S3_f_peak,S3_f_peak
1474,8.494420195977902e-05,1.9952176520750925e-07,2.0,0.0005850088101505519,510.65463562583807,2.0987790430929177e-13,51.23715571297681,1.5e-13,1.2782914585701284,1,0,S3_f_peak,6.707659999999999,19952620000.0,3.7784299999999984,-19.32791,-15.54948,-12.62025,-12.62001,0.0006344287,0.005708396,0.000822341,0.0001290419,0.7454748,1.288772,0.06157327,0.000292506,0.4962411,1.785013,0.0010530158582709936,0,0,0,S3_f_peak,S3_f_peak,S3_f_peak
1475,5.51714757520426e-05,3.546657015859105e-07,3.0,0.0037056849237721043,319.2306820409219,1.5537382445047298e-12,114.15871858104127,1.5e-13,1.3937037307273503,1,0,S3_f_peak,8.4964225,2754229000.0,8.4819194,-7.946613,0.5353064,0.5498095,-5.565247,0.0002291776,0.01086711,0.001911511,0.0002097362,0.6982351,1.179216,0.2061689,0.001852842,0.4092659,1.588482,0.006670232862789787,0,0,0,S3_f_peak,S3_f_peak,S3_f_peak
1476,7.362685420063121e-05,1.790409692708664e-07,5.0,0.0013618798958571659,102.10431962642195,4.3452088822032745e-13,229.98692451843976,1.5e-13,1.2147997380873758,1,0,S3_peaking,-8.999999999925734e-06,10000000.0,-0.5587119999999999,3.271514,2.712802,3.271505,-6.467028,0.0002115357,0.0107653,0.001548451,0.000249731,0.7540206,1.255851,0.08050864,0.00068094,0.3875406,1.643392,0.0024513838125428985,0,0,0,S3_peaking,S3_peaking,S3_peaking
1477,5.151553685457113e-05,6.70224189263103e-07,5.0,0.0016727152660232939,81.68052871544229,3.677532312164469e-12,314.59674529773866,1.5e-13,1.547944602968324,1,0,S3_nyq_boost,0.935718,954992600.0,-0.29726300000000005,2.47153,2.174267,3.407248,-5.786978,0.0002754699,0.005397451,0.0009349007,5.317968e-05,0.7143018,0.9763037,0.2385044,0.0008363577,0.5605809,1.536885,0.003010887478841929,0,0,0,S3_nyq_boost,S3_nyq_boost,S3_nyq_boost
1478,3.223909922926499e-05,2.617279671742258e-07,2.0,0.000526249230393079,64.37783062062928,1.6740420142958404e-12,172.86910593509924,1.5e-13,1.3337129827302987,1,0,S3_peaking,0.2502140000000006,1513561000.0,0.07316700000000065,-4.590912,-4.517745,-4.340698,-12.9293,0.0003746098,0.003972027,0.0006422394,7.965832e-05,0.7311218,1.253839,0.1040871,0.0002631246,0.5006746,1.754514,0.0009472486147075422,0,0,0,S3_nyq_boost,S3_peaking,S3_peaking
1479,2.487657115008154e-05,7.319639605068089e-07,5.0,0.0008721133400795869,88.34563115196633,4.3564016741152064e-13,321.58814423094964,1.5e-13,1.4510290781503843,1,0,S3_peaking,-3.6999999999842714e-05,10000000.0,-1.76242,-2.892319,-4.654739,-2.892356,-11.5657,0.0004624381,0.002539393,0.0004543783,1.934544e-05,0.7036928,1.2152,0.2596883,0.0004360567,0.4445689,1.659769,0.0015698040121432564,0,0,0,S3_peaking,S3_peaking,S3_peaking
1480,5.995586052304981e-05,1.8110222225970897e-07,2.0,0.0016138783256220404,413.1891666164233,4.818300814801915e-13,387.4467663413356,1.5e-13,1.3766762448122962,1,1,,4.426207,2398833000.0,4.418061,1.274988,5.693049,5.701195,-5.554327,0.0002167707,0.01163196,0.001558423,0.0002801531,0.7635088,0.984696,0.08945264,0.0008069447,0.502658,1.487354,0.0029049809861196726,1,0,1,,S3_f_peak,
1481,5.656936681861405e-05,4.972919870173062e-07,3.0,0.0006291449387780617,113.7679043754024,9.365802869159414e-12,379.19186958823616,1.5e-13,1.3650429261027233,1,0,S3_nyq_boost,1.6922930000000003,524807500.0,-0.7200529999999998,1.747013,1.02696,3.439306,-7.750415,0.0003092606,0.004169806,0.0007152901,3.485692e-05,0.7088391,1.148419,0.1276893,0.0003145725,0.5322973,1.680717,0.0011324608898005111,0,0,0,S3_nyq_boost,S3_nyq_boost,S3_nyq_boost
1482,9.57925816373991e-05,5.617970960126538e-07,2.0,0.0007338254513583765,135.9800441489131,6.0936020525695325e-12,74.48343704199027,1.5e-13,1.2610526069948556,1,0,S3_f_peak,6.199141000000001,19952620000.0,3.2361520000000006,-11.02007,-7.783918,-4.820929,-4.818047,0.0003457819,0.005437874,0.0009738468,3.162978e-05,0.683497,1.30543,0.1160845,0.0003669127,0.4672405,1.772671,0.0013208858124450777,0,0,0,S3_f_peak,S3_f_peak,S3_f_peak
1483,3.8479948096413954e-05,5.53374931402885e-07,3.0,0.006187440538745137,347.28571780234427,3.953319520547084e-12,265.7122798598844,1.5e-13,1.4644248372136839,1,0,S3_f_peak,7.266077,1000000000.0,6.359845,-2.68532,3.674525,4.580757,-6.632624,0.0002476194,0.007542143,0.001549456,0.0003447196,0.6401058,0.8015567,0.3970367,0.00309372,0.1764038,0.9779605,0.011137392969741247,0,0,0,S3_f_peak,S3_f_peak,S3_f_peak
1484,7.500782154130404e-05,2.2240024113020334e-07,3.0,0.003638969505548291,552.6844128151881,1.2248549808202308e-12,392.8782725745618,1.5e-13,1.5826536632462118,1,1,,10.495808700000001,1819701000.0,10.2197227,-0.3440287,9.875694,10.15178,-2.485561,0.0001684483,0.01669659,0.002382302,0.0008256059,0.7652343,0.4582108,0.1383118,0.001819485,0.6269532,1.085164,0.0065501451099869235,1,1,1,,,
1485,9.337449850220446e-05,2.768068763812689e-07,3.0,0.004626587843674529,833.2315434391626,3.6186802995198926e-13,226.11190131019825,1.5e-13,1.1289163683073349,1,0,S3_f_peak,11.833864,4365158000.0,10.776315,-7.826861,2.949454,4.007003,-2.52217,0.0002661696,0.01954949,0.003506784,0.0004336078,0.6757255,1.035952,0.1527062,0.002313294,0.2409842,1.276937,0.008327858118614154,0,0,0,S3_f_peak,S3_f_peak,S3_f_peak
1486,2.970272635778218e-05,7.014797567901104e-07,6.0,0.0006761451930864831,324.4684336700838,1.6616123227134624e-13,144.58629786460074,1.5e-13,1.3067779347640798,1,0,S3_peaking,0.5795400000000015,4570882000.0,0.42198000000000135,-12.12465,-11.70267,-11.54511,-12.17252,0.0006683717,0.00256414,0.0004715144,1.555446e-05,0.6933415,1.368699,0.2100948,0.0003380726,0.3824196,1.751119,0.0012170613475556695,0,0,0,S3_f_peak,S3_peaking,S3_peaking
1487,6.206955624482107e-05,4.6628930197478207e-07,6.0,0.002496104589205115,215.2346855953546,1.753638905164007e-13,115.77158610562923,1.5e-13,1.3964041935503988,1,0,S3_peaking,0.6965580000000005,5248075000.0,0.3868689999999999,-6.457594,-6.070725,-5.761036,-8.011667,0.0003504116,0.008748675,0.001538007,0.0001037988,0.7058945,1.212596,0.2065497,0.001248052,0.4429152,1.655511,0.0044929882605692075,0,0,0,S3_peaking,S3_peaking,S3_peaking
1488,2.5241357220565707e-05,7.570009506484996e-07,1.0,0.0006126908606980749,158.33320949809743,3.5046740637631184e-13,256.29952522067646,1.5e-13,1.2020395796100742,1,0,S3_peaking,-1.3000000000040757e-05,10000000.0,-0.7813230000000004,-6.62099,-7.402313,-6.621003,-11.78522,0.0005554096,0.002210811,0.0004370895,1.407634e-05,0.6434517,1.415369,0.2162516,0.0003063454,0.3061142,1.721483,0.0011028435492565348,0,0,0,S3_peaking,S3_peaking,S3_peaking
1489,4.122078930169159e-05,1.6331732597990676e-07,2.0,0.0007244754460092333,138.59954402652068,3.9891962631744675e-13,186.02608282616632,1.5e-13,1.5966474374224309,1,0,S3_peaking,0.16119600000000034,2089296000.0,0.13911400000000018,-2.634069,-2.494955,-2.472873,-10.80357,0.0002961145,0.006001092,0.0006606992,0.0001965535,0.8043579,0.9959344,0.0719877,0.0003622378,0.7366799,1.732614,0.00130405580281662,0,0,0,S3_nyq_boost,S3_peaking,S3_peaking
1490,5.787017291063003e-05,2.44087003487618e-07,3.0,0.0012858354609295685,51.11840131099365,4.524479241116964e-12,197.2375435986254,1.5e-13,1.5538441153941902,1,0,S3_peaking,1.1251059999999997,1445440000.0,0.7604850000000001,2.556947,3.317432,3.682053,-6.854326,0.0002130862,0.008907447,0.001302926,0.0002149853,0.762684,1.001576,0.1111909,0.0006429296,0.6716161,1.673192,0.0023145038296732232,0,0,0,S3_peaking,S3_peaking,S3_peaking
1491,9.50782820595141e-05,8.270923866846934e-07,5.0,0.0018178949260287372,374.5105334550258,2.2031151419646125e-12,422.6900735052136,1.5e-13,1.2582311583075239,1,0,S3_f_peak,6.071567999999999,954992600.0,4.152107000000001,1.19211,5.344217,7.263678,-0.6574445,0.0002454538,0.007103014,0.001372197,4.973161e-05,0.6565386,1.048047,0.2092486,0.0009089475,0.3677504,1.415797,0.003272210866851727,0,0,0,S3_f_peak,S3_f_peak,S3_f_peak
1492,6.164149925990417e-05,8.124821845832217e-07,7.0,0.004255896822926303,64.62341164640202,1.5258297076421876e-12,96.337529886744,1.5e-13,1.3847610272851087,1,0,S3_peaking,1.3431889999999997,5248075000.0,1.0931609999999998,-4.758239,-3.665078,-3.41505,-3.807027,0.0002779052,0.007897063,0.001556907,7.985636e-05,0.6513838,1.330477,0.3635341,0.002127949,0.2645219,1.594999,0.007660614281267346,0,0,0,S3_f_peak,S3_peaking,S3_peaking
1493,5.602418763629496e-05,2.3707164719592447e-07,3.0,0.0007178339561132881,725.0850892085621,1.153019868145378e-12,765.8733437902,1.5e-13,1.2430790073921414,1,0,S3_f_peak,6.950569999999999,870963600.0,3.518914,1.929173,5.448087,8.879743,-9.351859,0.0002577162,0.006058241,0.000976863,0.0001464315,0.7239598,1.0893,0.09009159,0.000358917,0.435815,1.525115,0.0012921011210039186,0,0,0,S3_f_peak,S3_f_peak,S3_f_peak
1494,4.430191508333153e-05,1.8656230346211686e-07,7.0,0.0026680639511867145,477.22210736868806,3.5601309312842065e-12,180.0914916918359,1.5e-13,1.4764249940263114,1,1,,11.778958,1445440000.0,11.480074,-6.248444,5.23163,5.530514,-4.832638,0.0001871795,0.01210606,0.001772451,0.00039398,0.7850876,1.041073,0.147691,0.001334032,0.5186793,1.559752,0.004802515112136086,1,0,1,,S3_peaking,
1495,3.084750770189598e-05,3.497310182218958e-07,6.0,0.006428164199865269,360.83405458588163,8.163887165464103e-12,299.6519686385413,1.5e-13,1.5326409362638314,1,0,S3_f_peak,7.806113,724436000.0,6.639697,-2.062261,4.577436,5.743852,-7.357155,0.0002198165,0.008207912,0.001582793,0.0007346096,0.696072,0.596558,0.3490766,0.003214082,0.240336,0.836894,0.011570695559757486,0,0,0,S3_f_peak,S3_f_peak,S3_f_peak
1496,2.649453695220232e-05,7.478828895368383e-07,7.0,0.000639142583337821,239.8398129564271,6.164840873511004e-12,263.2956043932754,1.5e-13,1.2519552014130162,1,0,S3_f_peak,2.2147680000000003,630957300.0,1.2068200000000004,-6.896255,-5.689435,-4.681487,-10.77911,0.0004823258,0.002286358,0.0004328365,1.463463e-05,0.6818315,1.391341,0.2218707,0.0003195713,0.3245163,1.715858,0.0011504566500080777,0,0,0,S3_f_peak,S3_f_peak,S3_f_peak
1497,7.115904870857702e-05,6.265235302272551e-07,3.0,0.004531351181748506,531.5569742737707,3.277726694401818e-13,182.14549420385433,1.5e-13,1.3017478938294915,1,0,S3_f_peak,6.5216536,3981072000.0,5.935058,-7.385006,-1.449948,-0.8633524,-4.823113,0.0003422797,0.009838923,0.001959429,0.0001297801,0.6433781,1.12261,0.2883185,0.002265676,0.2647077,1.387317,0.008156432127147312,0,0,0,S3_f_peak,S3_f_peak,S3_f_peak
1498,9.585319290200706e-05,7.79717410067125e-07,4.0,0.001835825055412696,527.5531677398066,2.9698048660592262e-12,260.3155958274874,1.5e-13,1.1641057448816212,1,0,S3_f_peak,9.368282,1096478000.0,8.543921000000001,-4.823394,3.720527,4.544888,-0.9109194,0.0002441048,0.00745315,0.001480704,4.631997e-05,0.6408575,1.264402,0.1999208,0.0009179125,0.2966503,1.561053,0.003304485099742853,0,0,0,S3_f_peak,S3_f_peak,S3_f_peak
1499,8.604618909366657e-05,6.83645696073565e-07,4.0,0.0038540103983495493,756.3035330482036,2.0608426632866175e-12,336.4566737243881,1.5e-13,1.3403987773831825,1,0,S3_peaking,12.488801,1202264000.0,11.294208000000001,-4.473974,6.820234,8.014827,-1.811124,0.0002170647,0.009904201,0.001915812,0.0001512643,0.6570998,0.8089832,0.2676867,0.001927007,0.3426631,1.151646,0.006937218717029189,0,0,0,S3_f_peak,S3_peaking,S3_peaking
1500,9.175379420161651e-05,2.70163695923913e-07,2.0,0.0005068771794506701,70.47029245407508,1.2949384066893602e-12,490.0343841776974,1.5e-13,1.15508627629611,1,0,S3_peaking,-9.200000000042508e-05,10000000.0,-3.601582,5.941535,2.339953,5.941443,-8.312079,0.0002676186,0.00504107,0.0008378459,7.479044e-05,0.7056638,1.274368,0.0710138,0.00025344,0.4014358,1.675804,0.0009123789230112062,0,0,0,S3_peaking,S3_peaking,S3_peaking
1501,7.9330645697706e-05,6.419912798367473e-07,6.0,0.0012246163867720827,68.1806302383803,2.7411954117299472e-12,76.93124792369274,1.5e-13,1.4033372139446252,1,0,S3_f_peak,3.6381430000000003,19952620000.0,1.551546000000001,-8.45048,-6.898934,-4.812337,-4.810229,0.0003280909,0.006145246,0.001083099,3.889962e-05,0.7035876,1.227746,0.1685314,0.0006123106,0.5251487,1.752894,0.002204309496189749,0,0,0,S3_f_peak,S3_f_peak,S3_f_peak
1502,5.490932440929012e-05,1.9381698357925927e-07,4.0,0.001084750644464455,201.171856907141,4.767559009329475e-13,101.33430099984098,1.5e-13,1.1266916851609963,1,0,S3_f_peak,3.391914,4786301000.0,2.6343439999999996,-7.576498,-4.942154,-4.184584,-8.773839,0.0003062419,0.008317763,0.001322729,0.0002313892,0.7205631,1.426023,0.08883411,0.0005423753,0.3190126,1.745036,0.0019525511600360192,0,0,0,S3_f_peak,S3_f_peak,S3_f_peak
1503,6.663009231136167e-05,3.2092721455521756e-07,3.0,0.001328656136741869,127.36861698041162,8.028105823378107e-12,182.8527450138145,1.5e-13,1.5587937353144024,1,0,S3_f_peak,3.7911138,1000000000.0,3.1997678,-0.5959948,2.603773,3.195119,-6.46243,0.000220492,0.008453073,0.001308055,0.0001372556,0.7487123,1.001533,0.1250439,0.0006643299,0.6769929,1.678526,0.0023915810461353645,0,0,0,S3_f_peak,S3_f_peak,S3_f_peak
1504,5.2649998784295304e-05,4.326827010272822e-07,2.0,0.001691928039540214,438.31666585455844,6.345131132492293e-13,487.6938129633366,1.5e-13,1.5429499414609626,1,1,,3.7501990000000003,1513561000.0,2.9240580000000005,1.509384,4.433442,5.259583,-7.374708,0.000272298,0.006984832,0.001155975,0.000111708,0.7236459,0.7823781,0.1786807,0.0008459642,0.6050505,1.387429,0.0030454704711723856,0,1,1,S3_peaking,,
1505,6.908085480704078e-05,5.469578002985905e-07,7.0,0.006106732962511653,109.64434104817295,2.013619167643198e-12,204.22977274798131,1.5e-13,1.2879023423329663,1,0,S3_peaking,2.928411,1995262000.0,2.8398929999999996,2.361394,5.201287,5.289805,-3.14882,0.0001976423,0.01176582,0.002317929,0.0002270934,0.6515113,0.9794874,0.3126218,0.003053367,0.1969242,1.176412,0.010992119332520976,0,1,1,S3_peaking,,
1506,8.368198447140593e-05,1.918358735303827e-07,5.0,0.0007703936746747581,476.21600427346675,5.063425084399331e-13,238.16594850717146,1.5e-13,1.3108866975398912,1,0,S3_f_peak,5.5020388,2511886000.0,5.5019677,-5.047078,0.4548897,0.4549608,-8.683654,0.0002861288,0.00713403,0.001016618,0.0002038838,0.7552812,1.196165,0.06942073,0.0003852048,0.5120936,1.708259,0.0013867086144145645,1,0,0,,S3_f_peak,S3_f_peak
1507,9.404430938084177e-05,2.2486667655834047e-07,4.0,0.0028079758813174985,519.2186669540904,4.377759357408093e-13,127.55302089978872,1.5e-13,1.3587414027708455,1,0,S3_f_peak,10.975845999999999,5248075000.0,9.169780719999999,-9.132995,0.03678572,1.842851,-3.222477,0.0002590692,0.01788788,0.002720518,0.0004638468,0.7331995,1.131702,0.1128785,0.001403988,0.4892153,1.620917,0.005054356586371498,0,0,0,S3_f_peak,S3_f_peak,S3_f_peak
1508,8.225027592823769e-05,8.333167430767656e-07,3.0,0.0010472032567398163,51.4866406737494,8.929333537693488e-13,152.88375927346115,1.5e-13,1.477529263640588,1,0,S3_f_peak,0.7300249999999999,19952620000.0,0.132857,-3.453956,-3.321099,-2.723931,-2.723317,0.0003199717,0.005096763,0.0009032276,2.945145e-05,0.6967328,1.125273,0.1779306,0.0005236042,0.594677,1.71995,0.0018849658621316694,0,0,0,S3_f_peak,S3_peaking,S3_f_peak
1509,7.881124952856243e-05,3.7143726186975525e-07,2.0,0.004505229510049246,158.65008562007108,4.99867502765724e-12,142.0686912220959,1.5e-13,1.385996301070016,1,1,,6.571651,1659587000.0,6.399962,-1.433016,4.966946,5.138635,-2.989818,0.0001703466,0.01417114,0.002483299,0.0002407768,0.6934192,1.058957,0.1955578,0.002252617,0.4210173,1.479974,0.008109413118088644,1,1,1,,,
1510,7.074328280010183e-05,8.509712354202147e-07,5.0,0.004896406926433835,53.161660349878936,9.841443191811729e-12,414.996294773027,1.5e-13,1.324522547341136,1,0,S3_nyq_boost,1.04922,660693400.0,-1.1957879999999994,7.630125,6.434337,8.679345,-1.51609,0.0002113065,0.008299502,0.001739406,0.0003713878,0.6236285,0.585117,0.3728801,0.002448204,0.1988877,0.7840046,0.008813532467580903,0,0,0,S3_nyq_boost,S3_nyq_boost,S3_nyq_boost
1511,5.8302498390057914e-05,3.2570328537736627e-07,7.0,0.0012912608190000213,54.3246922298424,7.458657299707393e-12,121.37989968935405,1.5e-13,1.3734377300869438,1,0,S3_peaking,1.5182559999999998,1445440000.0,1.3644919999999998,-2.784804,-1.420312,-1.266548,-7.695711,0.0002538398,0.007491492,0.00128594,9.826488e-05,0.7389589,1.224222,0.1365705,0.000645632,0.4974115,1.721633,0.0023242694742000385,0,0,0,S3_peaking,S3_peaking,S3_peaking
1512,8.423474834224574e-05,7.529378191198366e-07,2.0,0.0038038241787216524,77.72602043547907,1.2849872855557407e-13,285.4459264679045,1.5e-13,1.3996533799670037,1,0,S3_peaking,-4.1000000000401826e-05,10000000.0,-1.924245,5.02332,3.099075,5.023279,-5.084286,0.0002373993,0.009165968,0.001776899,0.0001297701,0.6553116,0.8747906,0.2813202,0.001901914,0.3823164,1.257107,0.006846883521698975,0,0,0,S3_peaking,S3_peaking,S3_peaking
1513,8.678110730102776e-05,2.375417063816573e-07,7.0,0.0027333023019456156,429.5629788045168,7.58490223002016e-12,79.65066794721082,1.5e-13,1.1895283843478863,1,0,S3_peaking,13.830055999999999,1659587000.0,13.774652,-12.08653,1.688122,1.743526,-3.417379,0.000171073,0.01626413,0.002808441,0.0003845331,0.7103356,1.355024,0.1252802,0.001366654,0.3361195,1.691144,0.0049199441435021085,0,0,0,S3_peaking,S3_peaking,S3_peaking
1514,2.589087334463027e-05,2.3166463426719517e-07,4.0,0.0025458792629076588,121.72605451215588,2.1149294252726729e-13,425.23993305042774,1.5e-13,1.4436299487789819,1,0,S3_peaking,-6.500000000020378e-05,10000000.0,-2.723002,5.63025,2.907248,5.630185,-9.382753,0.0002613129,0.007413897,0.001273205,0.0002470197,0.7577197,0.8532001,0.2038037,0.00127294,0.4054951,1.258695,0.0045825826732337855,0,0,0,S3_peaking,S3_peaking,S3_peaking
1515,2.5308342181663605e-05,2.788801520260233e-07,7.0,0.0012041889175220797,58.47928058179591,1.321214018248922e-13,555.843066241623,1.5e-13,1.5259652810306263,1,0,S3_peaking,-0.00012199999999928934,10000000.0,-4.413027,7.04191,2.628883,7.041788,-12.39756,0.000293862,0.004941463,0.0008250952,8.952241e-05,0.7776566,0.9222862,0.1792134,0.0006020945,0.5430437,1.46533,0.0021675400515397437,0,0,0,S3_peaking,S3_peaking,S3_peaking
1516,5.4288012938325994e-05,5.294147589210186e-07,3.0,0.0020463328878151488,732.5974669115164,6.956280430773033e-12,74.68092027918959,1.5e-13,1.5432964162504388,1,1,,11.847452,1513561000.0,11.822651,-17.77645,-5.953799,-5.928998,-7.350894,0.0002991181,0.006906403,0.001179645,7.448999e-05,0.7142038,1.153456,0.214254,0.001023167,0.5701329,1.723589,0.003683399198067268,0,0,0,S3_f_peak,S3_peaking,S3_peaking
1517,5.2383004254772075e-05,9.156217607764035e-07,6.0,0.0027403426663781035,388.9713592626915,6.908187183917358e-13,92.35852408868493,1.5e-13,1.120683454667297,1,0,S3_f_peak,7.848088999999999,19952620000.0,5.6894789999999995,-13.04929,-7.359811,-5.201201,-5.199573,0.0004174842,0.00568213,0.001235684,4.171618e-05,0.605399,1.588185,0.3411383,0.001370171,0.08526656,1.673452,0.004932616799480587,0,0,0,S3_f_peak,S3_f_peak,S3_f_peak
1518,5.93621148276484e-05,3.3824169564996967e-07,3.0,0.002181199684371853,145.5731839177058,4.0543977969240115e-13,574.7713401426687,1.5e-13,1.3782438583760408,1,0,S3_peaking,-0.00011700000000125499,10000000.0,-3.568639000000001,8.973857,5.405218,8.97374,-6.522785,0.0002310736,0.009545325,0.001623739,0.0002155025,0.7125313,0.7089317,0.1631982,0.001090601,0.4642228,1.173154,0.003926159431869336,0,0,0,S3_peaking,S3_peaking,S3_peaking
1519,9.988390168431689e-05,2.5673248899287563e-07,7.0,0.005585781812372869,83.39640036433346,1.9981721458369513e-13,409.17344674173734,1.5e-13,1.2525334594953246,1,0,S3_peaking,-6.800000000062312e-05,10000000.0,-2.8865600000000002,9.917517,7.030957,9.917449,-4.231916,0.0001697612,0.02061165,0.003646653,0.00151019,0.7124422,0.3475523,0.1683291,0.002792891,0.3096709,0.6572232,0.010054407262271164,0,0,0,S3_peaking,S3_peaking,S3_peaking
1520,3.203260958230241e-05,4.3578631660121175e-07,7.0,0.000597786000845105,223.9870745594437,3.256446255769655e-13,742.4452233516344,1.5e-13,1.4963688171459617,1,0,S3_peaking,-0.00019900000000028228,10000000.0,-5.225857,4.222602,-1.003255,4.222403,-12.58641,0.0003938904,0.00315149,0.0005275478,3.152487e-05,0.7537354,0.9868794,0.155019,0.000298893,0.5912089,1.578088,0.001076014801521189,0,0,0,S3_peaking,S3_peaking,S3_peaking
1521,2.7392948470395933e-05,2.6401645649975236e-07,1.0,0.0015948333478661755,50.56000633036202,2.898176396097345e-13,78.29670784109209,1.5e-13,1.180167101242737,1,0,S3_peaking,-2.000000000279556e-06,10000000.0,-0.10607200000000017,-7.642459,-7.748531,-7.642461,-11.60082,0.0003411681,0.006377953,0.001117362,0.0001378928,0.6820024,1.459103,0.1550123,0.0007974167,0.2784586,1.737562,0.002870700026159116,0,0,0,S3_peaking,S3_peaking,S3_peaking
1522,7.711534491658146e-05,9.349642823752078e-07,5.0,0.002195221791047069,556.8192292280028,1.5027203291704937e-12,531.8396434094742,1.5e-13,1.1064346552171884,1,0,S3_f_peak,6.8641194,954992600.0,4.5107154000000005,0.5067046,5.01742,7.370824,-1.250852,0.0002699236,0.006343186,0.001344422,5.198366e-05,0.6138236,1.038408,0.263674,0.001097611,0.1778389,1.216247,0.003951399223884724,0,0,0,S3_f_peak,S3_f_peak,S3_f_peak
1523,9.417895916435546e-05,2.035679152210835e-07,5.0,0.0019358927391791502,548.9021821301292,2.950772103886819e-12,177.83971996945013,1.5e-13,1.4470933720749874,1,0,S3_peaking,13.643497,1659587000.0,13.397428999999999,-6.907736,6.489693,6.735761,-3.469775,0.000169568,0.01474868,0.002074626,0.0004267041,0.7598862,1.039766,0.09452377,0.0009679467,0.5880942,1.627861,0.0034846069305224706,0,0,0,S3_peaking,S3_peaking,S3_peaking
1524,3.005893870499375e-05,7.892370321169877e-07,8.0,0.0064620429054188,614.1745635121925,1.195880507926223e-13,219.94881117591393,1.5e-13,1.2709578105950035,1,0,S3_peaking,1.8382970000000007,3981072000.0,1.4928740000000005,-8.448372,-6.955498,-6.610075,-10.30146,0.0005740685,0.005799397,0.001669625,0.0001521477,0.5521571,1.286253,0.5684681,0.003231021,-0.196912,1.089341,0.011631677229753841,0,0,0,S3_peaking,S3_f_peak,S3_f_peak
1525,4.140306505647686e-05,5.121162456894508e-07,2.0,0.001390946834479715,420.00678785436554,2.808441036577018e-13,350.8259400143958,1.5e-13,1.234883986677054,1,0,S3_peaking,1.295712,1995262000.0,1.1840056,-2.134967,-0.9509614,-0.839255,-9.418526,0.0003721463,0.005165927,0.0009666727,5.249517e-05,0.6670551,1.22867,0.1976606,0.0006954735,0.3273394,1.556009,0.0025037043020634873,0,0,0,S3_peaking,S3_peaking,S3_peaking
1526,2.7717628739975833e-05,3.291007588115927e-07,5.0,0.0026531802969544356,121.07005218397401,1.3944205027002995e-13,98.20845826315465,1.5e-13,1.4805154455120317,1,0,S3_peaking,-1.9999999993913775e-06,10000000.0,-0.12824299999999944,-7.271466,-7.399709,-7.271468,-11.56076,0.0003631752,0.006547838,0.001154961,0.0001198704,0.7312705,1.256702,0.2444167,0.00132659,0.4130158,1.669718,0.004775724534517984,0,0,0,S3_peaking,S3_peaking,S3_peaking
1527,7.679290893365128e-05,1.5702175028957773e-07,2.0,0.0006946363257701783,691.346183674346,2.2280485239812596e-12,246.85280342301314,1.5e-13,1.4919779736022387,1,0,S3_f_peak,9.955666,1148154000.0,9.100332,-7.020919,2.079413,2.934747,-9.170512,0.0002278235,0.006616723,0.0007411829,0.0002061783,0.7965897,1.04295,0.05528331,0.0003473304,0.6713135,1.714263,0.0012503453863863209,0,0,0,S3_f_peak,S3_f_peak,S3_f_peak
1528,4.5982133268251735e-05,2.3831055777942095e-07,3.0,0.007880818296601023,174.53583724311952,9.496382105202575e-12,50.47786102253117,1.5e-13,1.1667039609716092,1,1,,7.984400999999999,2089296000.0,7.979392999999999,-10.89238,-2.912987,-2.907979,-5.634494,0.000191109,0.01476877,0.00286794,0.0005309148,0.6572155,1.492152,0.2161037,0.003940409,0.1089384,1.601091,0.014185472933881841,1,1,1,,,
1529,5.3909201221662e-05,3.1764089997612745e-07,2.0,0.0012070995905023865,89.55786289774878,3.958283965087317e-12,218.53468301807223,1.5e-13,1.32383303208167,1,0,S3_peaking,1.9743990000000002,1318257000.0,1.4232570000000002,1.145687,2.568944,3.120086,-7.626492,0.0002393723,0.007388786,0.001231334,0.0001107566,0.7106454,1.197974,0.126871,0.0006035514,0.4701286,1.668103,0.0021727792629042957,0,0,0,S3_peaking,S3_peaking,S3_peaking
1530,8.256899993455421e-05,7.375412671182767e-07,4.0,0.002927992138582351,351.77605102332694,1.0124285331394314e-13,96.94821860199413,1.5e-13,1.5216813306457282,1,0,S3_f_peak,2.953963,19952620000.0,0.5116499999999995,-10.59826,-10.08661,-7.644297,-7.642736,0.0004902175,0.00844968,0.001524167,7.664019e-05,0.6908635,1.133127,0.2547969,0.001463996,0.5249412,1.658068,0.005270385849448231,0,0,0,S3_f_peak,S3_f_peak,S3_f_peak
1531,6.76421302029749e-05,1.7808302648582963e-07,6.0,0.0009887105267505987,152.34038575955415,1.8103785972093727e-12,400.2304479431586,1.5e-13,1.1824304300249031,1,0,S3_peaking,2.1107050000000003,1202264000.0,0.8361540000000005,5.125589,5.961743,7.236294,-7.712906,0.0002060764,0.008142561,0.001199529,0.0001987886,0.7569371,1.230252,0.07681762,0.0004943558,0.3718911,1.602143,0.0017796789481510776,0,0,0,S3_peaking,S3_peaking,S3_peaking
1532,3.775353899673273e-05,4.6467223599877996e-07,6.0,0.001454810987961879,65.46495017541938,1.1692323344339606e-13,114.62486936160249,1.5e-13,1.565373950633063,1,0,S3_peaking,-3.9999999996709334e-06,10000000.0,-0.29083099999999984,-6.101508,-6.392339,-6.101512,-11.23659,0.0003613218,0.00521857,0.0008653926,5.706142e-05,0.7458904,1.136024,0.2093018,0.0007274055,0.5805974,1.716621,0.002618659778331382,0,0,0,S3_peaking,S3_peaking,S3_peaking
1533,7.907652140320346e-05,3.5063508603780253e-07,2.0,0.001990452536814229,455.5950579845156,3.498867559317246e-13,224.51775522393567,1.5e-13,1.4171822417798676,1,0,S3_f_peak,5.426948,3467369000.0,5.0994124,-4.174654,0.9247584,1.252294,-5.701374,0.0002857926,0.01087793,0.00178673,0.0001423813,0.7169672,1.04059,0.1403071,0.0009952271,0.5359638,1.576554,0.0035828145662656127,0,0,0,S3_f_peak,S3_f_peak,S3_f_peak
1534,6.291085746470484e-05,3.2051937721601884e-07,4.0,0.0007940238868588222,594.6012097866197,3.8487539711909446e-13,147.6133124129152,1.5e-13,1.4135530410748747,1,0,S3_f_peak,6.770525,3467369000.0,6.5054300000000005,-10.90999,-4.40456,-4.139465,-9.239181,0.000395078,0.006021206,0.0009774895,9.075577e-05,0.7361197,1.1617,0.1068286,0.0003970122,0.579696,1.741396,0.00142924299634588,0,0,0,S3_f_peak,S3_f_peak,S3_f_peak
1535,2.2437746095217345e-05,7.631867832522947e-07,6.0,0.005714356952391756,347.68209230555567,6.501092507786593e-12,70.53027457075638,1.5e-13,1.4079277465570668,1,1,,6.109196000000001,1737801000.0,6.095199000000001,-15.97507,-9.879871,-9.865874,-11.09605,0.000458022,0.004635286,0.001323024,8.639673e-05,0.5679281,1.746404,0.6008357,0.002857178,-0.147922,1.598482,0.01028584251430516,1,1,1,,,
1536,8.376273639912109e-05,1.560817083683454e-07,8.0,0.0007713818957461739,561.1996741082949,1.0859044132812674e-12,68.26907428626751,1.5e-13,1.322511274347503,1,0,S3_f_peak,9.465778,3467369000.0,9.386785,-16.68931,-7.302525,-7.223532,-10.28328,0.0003378825,0.007083183,0.0007742784,0.0002816988,0.7908819,1.216366,0.05859746,0.0003856919,0.5573033,1.773669,0.001388487412343113,0,0,0,S3_f_peak,S3_f_peak,S3_f_peak
1537,6.480471978654474e-05,1.7846395445594962e-07,4.0,0.007195850700160087,715.6617687723526,1.6300101347755423e-13,320.62123901985075,1.5e-13,1.1813640475076417,1,0,S3_f_peak,3.9085973,5248075000.0,3.085044,-4.134734,-1.04969,-0.2261367,-3.899521,0.0003078338,0.02064441,0.003381542,0.001558304,0.7231919,0.463148,0.158855,0.003597925,0.1832807,0.6464287,0.012952531260288157,0,0,0,S3_f_peak,S3_f_peak,S3_f_peak
1538,4.179537041700633e-05,8.312662693299605e-07,4.0,0.0036901855344342554,85.78643445449914,4.161369759440032e-13,196.02879016363727,1.5e-13,1.4825140857140153,1,0,S3_peaking,-1.0000000000065512e-05,10000000.0,-0.58037,-1.38736,-1.96773,-1.38737,-6.618165,0.0003224094,0.005708246,0.00113378,8.077594e-05,0.6493822,1.157125,0.408369,0.001845093,0.2811841,1.438309,0.0066423339619816595,0,0,0,S3_peaking,S3_peaking,S3_peaking
1539,4.25638670309624e-05,3.210356501910407e-07,8.0,0.001543087388781867,134.13555696101,8.532464640382677e-13,583.1469003865697,1.5e-13,1.3047425322871238,1,0,S3_peaking,-3.400000000031156e-05,10000000.0,-2.6293230000000003,7.871416,5.242093,7.871382,-8.528014,0.0002517969,0.006843718,0.001243823,0.0001077871,0.7296404,0.9643937,0.1684445,0.0007715437,0.385683,1.350077,0.0027775572998073607,0,0,0,S3_peaking,S3_peaking,S3_peaking
1540,8.042153860967344e-05,9.440874111127489e-07,5.0,0.007632690802386767,116.22430516534435,8.676174183928605e-12,86.6803660870468,1.5e-13,1.432480189930109,1,0,S3_f_peak,5.2702761,19952620000.0,4.618605,-5.778542,-1.159937,-0.5082659,-0.5071586,0.0002221855,0.01040193,0.002217293,0.0001410135,0.6162186,1.276531,0.445472,0.003816345,0.1926669,1.469198,0.013738843444296182,0,0,0,S3_f_peak,S3_f_peak,S3_f_peak
1541,6.861968840319601e-05,9.498122166016375e-07,6.0,0.0040797443364148575,181.48428800262232,7.238572879480861e-12,403.5614665295994,1.5e-13,1.4505332038665073,1,0,S3_f_peak,4.11416,630957300.0,1.8588809999999998,3.850913,5.709794,7.965073,-1.132404,0.000224182,0.007335733,0.001449435,0.0002085629,0.6504879,0.6581108,0.3779284,0.002039873,0.3186754,0.9767862,0.0073435398055467435,0,0,0,S3_f_peak,S3_f_peak,S3_f_peak
1542,4.5957009956873034e-05,4.3745574422727717e-07,4.0,0.000660841858691865,344.22927753074026,2.9363361982371737e-12,500.6700005976462,1.5e-13,1.1756693044380317,1,0,S3_f_peak,4.127632299999999,660693400.0,0.9592603000000001,0.8484347,1.807695,4.976067,-9.569395,0.0003164399,0.004095412,0.0007473334,3.883708e-05,0.6881831,1.278616,0.1320602,0.0003304214,0.355951,1.634567,0.001189515345645357,0,0,0,S3_f_peak,S3_f_peak,S3_f_peak
1543,9.130632566752436e-05,7.722940898342606e-07,2.0,0.004850039176096814,62.990538119661664,2.420472817800259e-12,67.96492815559331,1.5e-13,1.2183562646640942,1,0,S3_f_peak,3.9230679999999998,19952620000.0,2.0491390000000003,-5.877663,-3.828524,-1.954595,-1.952387,0.000242739,0.01056141,0.002221508,9.60178e-05,0.6155229,1.431617,0.2986998,0.00242502,0.2035657,1.635183,0.008730070516974265,0,0,0,S3_f_peak,S3_f_peak,S3_f_peak
1544,6.44108578686549e-05,3.5738206799531043e-07,5.0,0.0008852547390812959,722.0305808404463,1.3747467972436706e-12,283.2787868362436,1.5e-13,1.5272881798922313,1,1,,9.403044,1318257000.0,8.604454,-6.376649,2.227805,3.026395,-7.821348,0.0002824148,0.006143459,0.0009826617,8.332846e-05,0.7514492,1.008902,0.1186356,0.0004426274,0.6657109,1.674613,0.0015934585303463327,0,1,1,S3_f_peak,,
1545,6.852638029646366e-05,5.803495172673676e-07,6.0,0.0007644698735759179,52.527330494207,1.626158223860694e-13,151.9178565362873,1.5e-13,1.3037752689609325,1,0,S3_peaking,-5.999999999950489e-06,10000000.0,-0.34613799999999983,-4.214993,-4.561131,-4.214999,-7.575747,0.0003492856,0.004656515,0.0008293691,2.907583e-05,0.7002265,1.273216,0.1400182,0.0003822385,0.4687154,1.741931,0.0013760457724366522,0,0,0,S3_peaking,S3_peaking,S3_peaking
1546,9.815594040458085e-05,6.29525928385764e-07,2.0,0.0005631854858006306,82.13062615104764,7.943603819717483e-13,66.38245135918903,1.5e-13,1.3370824401218517,1,0,S3_f_peak,7.168123,19952620000.0,0.9909099999999995,-12.35761,-11.3667,-5.189487,-5.184521,0.0004492105,0.004414903,0.0007784123,2.341349e-05,0.6931982,1.236461,0.1109865,0.0002815927,0.5448464,1.781307,0.0010137338744411351,0,0,0,S3_f_peak,S3_f_peak,S3_f_peak
1547,3.0407919361421955e-05,1.860908600908695e-07,6.0,0.0016508426405384602,56.43907498370259,2.618470767018497e-12,199.1101887484939,1.5e-13,1.3415759203390796,1,0,S3_peaking,0.8423919999999998,1737801000.0,0.6666650000000001,1.763455,2.43012,2.605847,-7.969911,0.0002306246,0.00812316,0.00126821,0.0002428012,0.7616681,1.218915,0.1381918,0.0008254216,0.4167349,1.63565,0.002971516752969228,0,0,0,S3_peaking,S3_peaking,S3_peaking
1548,4.7766223423473695e-05,3.778985567410547e-07,4.0,0.006751248361453294,60.53536940747235,3.337836361708886e-12,67.81741372566472,1.5e-13,1.4944788610109225,1,0,S3_f_peak,2.4418349999999998,3311311000.0,2.385089,-5.401812,-3.016723,-2.959977,-6.231276,0.0002226213,0.01135434,0.002077138,0.0002814515,0.6892674,1.233058,0.2893865,0.003375624,0.3380161,1.571074,0.01215224705061593,0,0,0,S3_peaking,S3_f_peak,S3_f_peak
1549,2.4329727038258705e-05,2.771655333681138e-07,4.0,0.0006842799885965287,65.23600038117704,8.735482984034196e-12,133.9869856351563,1.5e-13,1.354516298790227,1,0,S3_peaking,0.999295,1047129000.0,0.7203429999999997,-7.130808,-6.410465,-6.131513,-13.7513,0.0004010921,0.003790332,0.0006628772,5.368192e-05,0.7531472,1.296345,0.1402321,0.00034214,0.457813,1.754158,0.0012317039794737517,0,0,0,S3_peaking,S3_peaking,S3_peaking
1550,9.895527881319191e-05,2.3251916878339988e-07,7.0,0.0005839685109247174,89.07688395867788,3.0810141004784814e-13,361.7901654083056,1.5e-13,1.2954981031924326,1,0,S3_peaking,-6.599999999989947e-05,10000000.0,-2.7950038,3.792464,0.9974602,3.792398,-8.9044,0.0002744608,0.005809046,0.0009185616,0.0001439206,0.7424493,1.17719,0.07169972,0.0002919843,0.5171721,1.694363,0.0010511433196644913,0,0,0,S3_peaking,S3_peaking,S3_peaking
1551,6.938706805657901e-05,1.8140159035357923e-07,5.0,0.001383344718605561,909.2706130542358,7.528648866052134e-12,443.2726981323372,1.5e-13,1.436648336450205,1,0,S3_f_peak,14.989497,575439900.0,12.160154,-3.076067,9.084087,11.91343,-5.58183,0.0001719319,0.01074137,0.001425293,0.0002889388,0.7819777,0.9224694,0.08826164,0.0006916724,0.5709311,1.493401,0.00249002049349001,0,0,0,S3_f_peak,S3_f_peak,S3_f_peak
1552,5.554630099581315e-05,1.837258988974196e-07,4.0,0.001677311141493925,353.8986562328094,1.558904756592534e-13,651.6043836602412,1.5e-13,1.4233467050896835,1,0,S3_peaking,-0.00015199999999992997,10000000.0,-3.858106,6.254778,2.396672,6.254626,-7.254654,0.0002616602,0.01115814,0.001527567,0.0003547333,0.7750072,0.7235511,0.1052296,0.0008386658,0.5299772,1.253528,0.0030191600546890652,0,0,0,S3_peaking,S3_peaking,S3_peaking
1553,7.141691126501281e-05,3.995124012348407e-07,3.0,0.003117499190933645,498.843651095949,4.615351335443466e-12,202.56867865389083,1.5e-13,1.4080252587270778,1,0,S3_f_peak,11.883282000000001,1148154000.0,11.261965,-5.65509,5.606875,6.228192,-4.10854,0.000190477,0.01127727,0.00195593,0.000177769,0.7017007,1.019219,0.1889906,0.00155875,0.4650273,1.484246,0.005611498543680561,0,0,0,S3_f_peak,S3_peaking,S3_f_peak
1554,8.449013645049344e-05,2.7618586158766014e-07,6.0,0.0006893946301881364,200.70026698912594,1.3514640149456704e-12,740.5550563185502,1.5e-13,1.116750331108402,1,0,S3_nyq_boost,0.7426719999999998,691831000.0,-2.9004699999999994,7.991597,5.091127,8.734269,-7.810378,0.0002507497,0.006184014,0.001096521,0.0001121581,0.7037846,1.196203,0.08550089,0.0003446979,0.3485289,1.544732,0.0012409103343386455,0,0,0,S3_nyq_boost,S3_nyq_boost,S3_nyq_boost
1555,5.818884299556176e-05,2.320429499979637e-07,1.0,0.0029726212314176133,948.9795836394128,3.350564094663316e-13,270.8167689562286,1.5e-13,1.2424093680750985,1,0,S3_f_peak,11.087636,3630781000.0,10.543758,-7.455118,3.08864,3.632518,-4.545555,0.000277855,0.0138405,0.002219752,0.000298129,0.7081737,1.057094,0.1316899,0.001486311,0.340388,1.397482,0.0053507182165517045,0,0,0,S3_f_peak,S3_f_peak,S3_f_peak
1556,2.4376183318267553e-05,7.074413861328279e-07,5.0,0.0018038616399160036,571.2924828662302,4.0354425939106984e-13,210.7261386254464,1.5e-13,1.4892509382727734,1,1,,4.212170000000001,2398833000.0,4.208074000000001,-9.591221,-5.383147,-5.379051,-11.25702,0.0004818739,0.003425739,0.0006358024,3.56846e-05,0.6859268,1.262765,0.3484503,0.0009019311,0.3471744,1.60994,0.0032469509518488066,1,0,1,,S3_f_peak,
1557,9.876991189075016e-05,2.3646427307868373e-07,5.0,0.0006252817615731715,160.61486311202088,1.7183180440394938e-12,405.6269938855574,1.5e-13,1.5120001212833758,1,0,S3_nyq_boost,1.5335100000000002,1047129000.0,-0.1524040000000002,3.726252,3.573848,5.259762,-7.78094,0.0002445383,0.006240688,0.0009006769,0.0001540034,0.7681854,0.9729159,0.07325066,0.0003126409,0.7002685,1.673184,0.0011255071708317088,0,0,0,S3_nyq_boost,S3_peaking,S3_nyq_boost
1558,6.520910357438958e-05,7.741605157497374e-07,7.0,0.0055571499563699805,167.2755211242691,3.1302795206295175e-13,131.50509490221336,1.5e-13,1.4381137361706269,1,0,S3_peaking,0.9689420000000002,4570882000.0,0.6687340000000002,-4.142088,-3.473354,-3.173146,-4.761565,0.000312015,0.009190309,0.001812706,0.0001244866,0.6523606,1.1671,0.3861231,0.002778575,0.2675029,1.434603,0.010002869921465965,0,0,0,S3_peaking,S3_peaking,S3_peaking
1559,8.665921252955137e-05,1.7752068834066143e-07,2.0,0.0033448136186269425,121.22884300620638,2.3790522630666346e-12,213.2318918059159,1.5e-13,1.5798597723690637,1,1,,5.101696999999999,2187762000.0,5.060273,4.741895,9.802168,9.843592,-0.8466053,0.0001332247,0.02087567,0.002571969,0.00057485,0.7852554,0.7888624,0.09909212,0.001672407,0.6545272,1.44339,0.006020664513528497,1,1,1,,,
1560,3.822880385609287e-05,4.405045378998232e-07,1.0,0.0008590269830543239,281.5205008858122,9.501589708839572e-13,555.3485486771164,1.5e-13,1.1667763094777275,1,0,S3_nyq_boost,1.5687040000000003,1000000000.0,-0.6120509999999997,2.864413,2.252362,4.433117,-10.15228,0.000321399,0.004424229,0.0008168608,4.168114e-05,0.6666186,1.238876,0.1525325,0.0004295135,0.3225931,1.561469,0.001546248569497783,0,0,0,S3_nyq_boost,S3_nyq_boost,S3_nyq_boost
1561,8.785293070379559e-05,4.396451120818098e-07,7.0,0.002823201179599773,274.88786888448027,1.8175370440600906e-13,689.7726574342204,1.5e-13,1.2649234937815703,1,0,S3_peaking,-0.0002300000000001745,10000000.0,-5.291232000000001,7.969616,2.678384,7.969386,-6.168888,0.0002745051,0.01116356,0.002038623,0.0003164037,0.687997,0.471618,0.1865589,0.001411601,0.3546985,0.8263165,0.0050817621232795915,0,0,0,S3_peaking,S3_peaking,S3_peaking
1562,8.956740849830862e-05,2.0716056206068839e-07,5.0,0.0008597971399659399,128.11224592470094,6.293820189751383e-13,244.56410635386936,1.5e-13,1.2432650363622297,1,0,S3_peaking,0.27072000000000007,1659587000.0,0.10306700000000002,1.363931,1.466998,1.634651,-7.770662,0.0002444413,0.007905378,0.001205534,0.0002228926,0.7341696,1.240047,0.07417796,0.0004299007,0.4548141,1.694861,0.0015476348519386919,0,0,0,S3_nyq_boost,S3_peaking,S3_peaking
1563,8.788983969412056e-05,6.790873091214006e-07,5.0,0.0031274565820171444,856.6452754994996,2.3693848249973655e-13,559.0749473541975,1.5e-13,1.4727558549207185,1,0,S3_peaking,2.1772403,1819701000.0,1.98474,-1.345246,0.639494,0.8319943,-4.548591,0.0003767244,0.009005364,0.001638244,0.0003232319,0.6880422,0.4438515,0.2499051,0.001563729,0.4819072,0.9257587,0.00562942184763086,0,0,0,S3_peaking,S3_peaking,S3_peaking
1564,2.832447376037114e-05,4.554521943110105e-07,7.0,0.0005649777152840288,869.7796254160774,5.034634088453973e-13,58.30556491507579,1.5e-13,1.2966431363176598,1,0,S3_f_peak,8.051549999999999,19952620000.0,6.993109999999998,-23.47327,-16.48016,-15.42172,-15.42041,0.0008029092,0.002832893,0.0005068813,2.296029e-05,0.7193732,1.370145,0.1616441,0.0002824899,0.4133841,1.783529,0.0010169598875112518,0,0,0,S3_f_peak,S3_f_peak,S3_f_peak
1565,9.983699492170955e-05,3.5024182869785086e-07,1.0,0.001365621218990061,126.51335973487944,4.2183022074371275e-12,264.4188778796602,1.5e-13,1.5241828660497112,1,0,S3_f_peak,3.563014,1148154000.0,2.5308289999999998,3.510421,6.04125,7.073435,-4.379845,0.0001974451,0.009949286,0.001544855,8.875142e-05,0.7384365,0.9512101,0.1120765,0.0006828111,0.6682418,1.619452,0.0024581181941821096,0,0,0,S3_f_peak,S3_f_peak,S3_f_peak
1566,9.914438814527437e-05,1.6209627970637485e-07,7.0,0.0018271267941047456,696.783198042709,2.7170695790667713e-12,144.6546986490388,1.5e-13,1.260607322901151,1,0,S3_peaking,15.396665,1819701000.0,15.284315,-10.3521,4.932215,5.044565,-3.912266,0.0001694966,0.01462598,0.00182857,0.0004764959,0.7710865,1.21984,0.0722004,0.0009135635,0.4480076,1.667848,0.003288828229388542,0,0,0,S3_peaking,S3_peaking,S3_peaking
1567,8.499584190738843e-05,2.2561987454748877e-07,3.0,0.00654761547538619,147.23162324367365,5.055133651735865e-13,83.32397677935174,1.5e-13,1.524529834682392,1,0,S3_f_peak,5.0587158,7244360000.0,2.65221,-4.0784,-1.42619,0.9803158,-1.873719,0.000197267,0.02301069,0.003420784,0.0007681886,0.7431819,0.9837893,0.1546922,0.003273808,0.543424,1.527213,0.011785707855695143,0,0,0,S3_f_peak,S3_f_peak,S3_f_peak
1568,8.315129978621203e-05,3.04065928646237e-07,2.0,0.0005642707860377261,51.2934132259523,9.995033184574505e-13,66.81596334104232,1.5e-13,1.4090599231302332,1,0,S3_f_peak,0.6578490000000006,11481540000.0,0.29686000000000057,-10.31307,-10.01621,-9.655221,-9.674283,0.0003869486,0.005313228,0.0008305433,6.782315e-05,0.7356462,1.171075,0.08174417,0.0002821543,0.6100733,1.781149,0.0010156874148679069,0,0,0,S3_f_peak,S3_peaking,S3_f_peak
1569,6.845453668327381e-05,8.515392841878082e-07,4.0,0.0010250382606898814,90.28554930867402,1.4648131759932121e-13,343.2662749593605,1.5e-13,1.3809596450944701,1,0,S3_peaking,-4.900000000018778e-05,10000000.0,-2.0613129,1.857733,-0.2035799,1.857684,-5.998451,0.0003244917,0.00451648,0.000828902,2.708777e-05,0.6823152,1.131035,0.1933801,0.0005125191,0.4930344,1.624069,0.0018450688692417865,0,0,0,S3_peaking,S3_peaking,S3_peaking
1570,4.276400725622229e-05,1.8444159148619366e-07,3.0,0.0019231105918036681,946.3806230870347,9.335813418302315e-12,108.34064384970968,1.5e-13,1.464763820505478,1,0,S3_peaking,16.517344,1047129000.0,16.3153867,-15.48016,0.8352267,1.037184,-6.122719,0.0001990228,0.01091588,0.0014717,0.0003047951,0.7719924,1.146383,0.1157312,0.0009615557,0.5494409,1.695824,0.003461599065246603,0,0,0,S3_f_peak,S3_peaking,S3_peaking
1571,8.593192106714499e-05,6.606829568993622e-07,2.0,0.002125232820576819,457.440217826394,4.589377139020489e-13,93.11156966734819,1.5e-13,1.1866994882333173,1,0,S3_f_peak,8.112979,19952620000.0,6.516164999999999,-12.60151,-6.085345,-4.488531,-4.488122,0.000389047,0.008227544,0.001611442,5.587397e-05,0.6445275,1.395461,0.1999117,0.001062616,0.3055956,1.701057,0.0038254190770382742,0,0,0,S3_f_peak,S3_f_peak,S3_f_peak
1572,5.368518540525674e-05,4.792565021469222e-07,7.0,0.0006571544108987629,592.2304219920615,6.057622259820094e-13,311.1076628790783,1.5e-13,1.3684931143136034,1,1,,4.862181,1659587000.0,4.402994,-5.653974,-1.25098,-0.791793,-8.861212,0.0003815535,0.00408772,0.0007012338,3.333048e-05,0.7288487,1.179766,0.1330518,0.0003285775,0.5180114,1.697777,0.0011828779396177733,1,1,1,,,
1573,4.957288522961255e-05,4.817719891574806e-07,8.0,0.0027810434532493868,72.90379672525053,9.56206273928431e-13,174.4164966935128,1.5e-13,1.5221724094222826,1,0,S3_peaking,0.25905684,1995262000.0,0.22399414,0.05473246,0.2787266,0.3137893,-6.716608,0.0002537345,0.007820999,0.001332765,0.0001037159,0.7279655,1.069431,0.2488665,0.001390522,0.488039,1.55747,0.005005878215848896,0,0,0,S3_peaking,S3_peaking,S3_peaking
1574,8.170201994824256e-05,1.9253150750645485e-07,5.0,0.0012387150839646669,83.13291247499942,3.7505836588583633e-13,222.13728118184017,1.5e-13,1.466704608194478,1,0,S3_peaking,-1.8000000000295557e-05,10000000.0,-0.948591,3.342178,2.393587,3.34216,-6.805353,0.0002150177,0.0103828,0.001402471,0.0003028531,0.7731842,1.041979,0.08276107,0.0006193616,0.6204386,1.662418,0.0022296871511364004,0,0,0,S3_peaking,S3_peaking,S3_peaking
1575,7.542510481857434e-05,7.391543948333133e-07,4.0,0.0024818040019589467,156.3298006840484,1.4112569475588854e-12,686.9433864756238,1.5e-13,1.5422028606955598,1,0,S3_nyq_boost,0.17949899999999985,575439900.0,-2.8544169999999998,8.206441,5.352024,8.38594,-2.866384,0.0002429041,0.007074593,0.001269297,0.0003098888,0.6952711,0.4055315,0.2553991,0.001240902,0.5420391,0.9475706,0.0044672472035261045,0,0,0,S3_peaking,S3_nyq_boost,S3_nyq_boost
1576,8.811122879151775e-05,3.592745064950467e-07,7.0,0.0037156996443914415,398.96530663328195,4.575392283561549e-13,511.65718901312226,1.5e-13,1.5441079815301206,1,0,S3_peaking,1.5070890000000001,1819701000.0,1.3490410000000002,2.576737,3.925778,4.083826,-4.667781,0.0002357907,0.01294862,0.002152176,0.001282722,0.7386929,0.2814408,0.1905907,0.001857853,0.5679769,0.8494178,0.006688259359904595,0,0,0,S3_peaking,S3_peaking,S3_peaking
1577,9.720035767898023e-05,2.3779710014863754e-07,7.0,0.005867376809555222,148.5324557954497,2.0061097482058227e-12,117.54089959101984,1.5e-13,1.2458199811247497,1,0,S3_f_peak,7.714944,3311311000.0,7.531204,-1.14576,6.385444,6.569184,-0.1500821,0.0001451343,0.02405197,0.004137608,0.0006891574,0.7088311,1.129698,0.1567992,0.002933688,0.3254732,1.455171,0.0105612782571994,0,0,0,S3_f_peak,S3_f_peak,S3_f_peak
1578,3.998737120411894e-05,2.6382204964575067e-07,6.0,0.00439415444862355,145.69962676750546,2.7711204237888564e-12,315.54890588174317,1.5e-13,1.2630138421613193,1,1,,3.9409100000000006,1380384000.0,3.2125640000000004,4.474494,7.687058,8.415404,-5.23973,0.0001879163,0.01102315,0.002098271,0.0003144231,0.7123037,0.8849125,0.2261386,0.002197077,0.2218022,1.106715,0.00790947800752239,1,1,1,,,
1579,7.428192347573625e-05,2.1701475996517844e-07,4.0,0.0008364750597269027,740.7173118070943,1.598365250199966e-12,162.36610743961475,1.5e-13,1.494653787831599,1,1,,11.3315311,1737801000.0,11.1706979,-10.9255,0.2451979,0.4060311,-8.114871,0.0002632078,0.007470387,0.001055983,0.0002049667,0.7654931,1.069938,0.08189937,0.0004182377,0.6621542,1.732092,0.001505655107508425,1,1,1,,,
1580,3.2921903223758236e-05,4.826015086803077e-07,5.0,0.0005706806898162697,383.61486358043936,1.0344616818633369e-13,122.41178877096073,1.5e-13,1.5902169156472477,1,0,S3_peaking,0.44742000000000104,4570882000.0,0.2858200000000011,-13.13713,-12.85131,-12.68971,-14.02278,0.0006831502,0.003031036,0.0004906851,2.61975e-05,0.7615364,1.087163,0.1553022,0.0002853407,0.6779084,1.765071,0.0010272252416692856,0,0,0,S3_peaking,S3_peaking,S3_peaking
1581,5.789289211087787e-05,2.5245518080489286e-07,7.0,0.002184988837632826,298.3559662104506,3.4742920166966705e-13,54.87407059560815,1.5e-13,1.1851493493509253,1,0,S3_f_peak,7.009347,8709636000.0,4.151797,-13.8116,-9.659803,-6.802253,-8.240958,0.0003733208,0.01122624,0.002060314,0.0001915237,0.719455,1.43865,0.1448603,0.001092495,0.3013994,1.74005,0.003932979907739087,0,0,0,S3_f_peak,S3_f_peak,S3_f_peak
1582,6.930862541735195e-05,8.534832539128162e-07,7.0,0.0048053459787897,627.497823136044,1.461335470743857e-12,253.61763519419384,1.5e-13,1.1688084760258852,1,1,,10.452183999999999,1584893000.0,10.082179,-5.998457,4.083722,4.453727,-2.022102,0.0002559578,0.008582609,0.00187933,0.0001056858,0.602332,1.115352,0.3697038,0.002402673,0.07528773,1.19064,0.008649622761821461,1,1,1,,,
1583,8.249727470733986e-05,8.723706302937041e-07,1.0,0.001971640049454985,71.89366296897326,2.343119345325414e-12,108.9533002066944,1.5e-13,1.5597640280992255,1,0,S3_f_peak,3.4049559999999994,19952620000.0,1.5777999999999999,-5.134891,-3.557091,-1.729935,-1.728561,0.0002884723,0.006525069,0.00117502,4.983367e-05,0.6895311,1.095097,0.2349271,0.0009858201,0.5974945,1.692592,0.003548952089018973,0,0,0,S3_f_peak,S3_f_peak,S3_f_peak
1584,9.875871580479194e-05,5.226762763789921e-07,7.0,0.000858430687687804,209.04289413716614,1.7003087533474862e-12,94.49662835538382,1.5e-13,1.5001543084125761,1,0,S3_f_peak,4.886962,19952620000.0,4.126257,-9.676651,-5.550394,-4.789689,-4.78902,0.0003306108,0.006073476,0.001001864,4.552068e-05,0.7346413,1.101042,0.120936,0.0004292155,0.6583989,1.759441,0.0015451752378380472,0,0,0,S3_f_peak,S3_f_peak,S3_f_peak
1585,9.408217457324292e-05,6.654906839570206e-07,7.0,0.006675268121660664,873.6712577931665,1.0717887259819004e-12,124.79739573732917,1.5e-13,1.4830233862166013,1,0,S3_peaking,15.586082,3162278000.0,15.48722,-13.69069,1.79653,1.895392,-1.580966,0.0002577068,0.01317994,0.002480077,0.0002039034,0.6731383,1.004888,0.3219746,0.003337634,0.3785842,1.383472,0.012015482618989196,0,0,0,S3_f_peak,S3_peaking,S3_peaking
1586,7.454290490563338e-05,8.456734528859546e-07,8.0,0.0008256076332390757,82.05847101400812,1.1147654299252982e-12,74.11871551304858,1.5e-13,1.401360160371755,1,0,S3_f_peak,7.440745999999999,19952620000.0,1.2870299999999997,-11.69855,-10.41152,-4.257804,-4.253255,0.0004390044,0.004236365,0.0007563388,2.210399e-05,0.7025697,1.23925,0.1730692,0.0004128038,0.5301531,1.769403,0.0014860937398303363,0,0,0,S3_f_peak,S3_f_peak,S3_f_peak
1587,7.038995461178772e-05,9.705542880035834e-07,1.0,0.0027634735548637086,624.8652060789154,5.659215790084955e-12,150.59393770373015,1.5e-13,1.10930564857875,1,1,,10.4200954,1445440000.0,10.3726393,-11.10878,-0.7361407,-0.6886846,-1.299585,0.0002706438,0.006397593,0.001413315,4.687021e-05,0.5894721,1.457357,0.2989516,0.001381737,0.1345603,1.591917,0.004974252398754675,0,1,1,S3_f_peak,,
1588,9.170580580798997e-05,1.7774994855922048e-07,6.0,0.0032837149762248137,93.764907492952,1.2860095784429715e-12,115.93337328299297,1.5e-13,1.1333243101789552,1,0,S3_f_peak,3.9180299,3981072000.0,3.4089278999999997,0.8363741,4.245302,4.754404,-1.425091,0.0001543011,0.0210226,0.003164613,0.0004880819,0.736373,1.330578,0.09899403,0.001641859,0.2790732,1.609652,0.0059106869572046646,0,0,0,S3_f_peak,S3_f_peak,S3_f_peak
1589,9.477825279468768e-05,2.8006737190716115e-07,7.0,0.006150747437586447,63.31376760986059,7.944473781695231e-12,69.16734484631326,1.5e-13,1.5037225041392395,1,0,S3_f_peak,4.627207,2511886000.0,4.627171,-1.887414,2.739757,2.739793,-1.53803,0.0001415913,0.02144707,0.003490108,0.0005361604,0.7378107,1.062802,0.1801008,0.003075374,0.5244827,1.587285,0.011071345387655605,1,0,1,,S3_f_peak,
1590,2.1926648044008433e-05,6.334029698499727e-07,4.0,0.002368545320347187,52.648713879905124,3.2853447208269814e-13,182.4094929044796,1.5e-13,1.2152247398664406,1,0,S3_peaking,-1.2000000000789157e-05,10000000.0,-0.7013200000000008,-4.203084,-4.904404,-4.203096,-12.00665,0.000400384,0.003819324,0.0008073532,4.054676e-05,0.6260057,1.528983,0.3760124,0.001184273,0.05499345,1.583976,0.004263381576624936,0,0,0,S3_peaking,S3_peaking,S3_peaking
1591,4.471648562763656e-05,4.778601422428591e-07,2.0,0.003509340591542257,91.14972627484354,1.2886489500270487e-12,452.66075729345926,1.5e-13,1.4413452466991319,1,0,S3_nyq_boost,0.0074299999999993815,416869400.0,-1.6366960000000006,6.791686,5.15499,6.799116,-6.904756,0.000237886,0.007414621,0.001369201,0.0002715109,0.6787508,0.6324348,0.268731,0.00175467,0.3732948,1.00573,0.006316813064776063,0,0,0,S3_peaking,S3_nyq_boost,S3_nyq_boost
1592,5.249097993246984e-05,4.1345353758895207e-07,1.0,0.007272640980585114,288.3526746560622,5.248447444464827e-12,53.14769149330674,1.5e-13,1.5178977318587414,1,0,S3_f_peak,9.066348999999999,2511886000.0,9.066320999999999,-13.98087,-4.914549,-4.914521,-6.869819,0.0002425545,0.01108018,0.002072732,0.0002466732,0.6728317,1.261115,0.2855161,0.00363632,0.3456232,1.606738,0.013090753765053207,0,0,0,S3_f_peak,S3_f_peak,S3_f_peak
1593,5.8638984027000796e-05,9.791447428179661e-07,8.0,0.00108067341656175,574.8395991079359,5.322040508969629e-13,672.2859862504596,1.5e-13,1.1372024227282787,1,0,S3_peaking,2.0971171,1000000000.0,0.04072330000000002,0.9230699,0.9637932,3.020187,-3.970196,0.0003833511,0.003947732,0.0007969513,2.366448e-05,0.6455083,1.193406,0.230896,0.0005403367,0.2433334,1.436739,0.00194521214981115,0,0,0,S3_nyq_boost,S3_peaking,S3_peaking
1594,7.486194787111024e-05,1.6446467186529583e-07,7.0,0.0017027353660965497,811.735515943261,7.787322640154469e-12,275.6092890955729,1.5e-13,1.3020236864390564,1,0,S3_f_peak,15.425775,758577600.0,14.126007000000001,-6.189719,7.936288,9.236056,-4.679959,0.00016007,0.01239009,0.001575551,0.0004417034,0.7780726,1.09624,0.08348139,0.0008513677,0.4691149,1.565355,0.0030649236589737894,0,0,0,S3_f_peak,S3_f_peak,S3_f_peak
1595,3.449773300433659e-05,4.878378296446458e-07,8.0,0.0009661981260857949,160.37506173553706,1.1309585448347985e-12,600.9091768299902,1.5e-13,1.5403232292395705,1,0,S3_nyq_boost,0.10283899999999946,549540900.0,-2.9364240000000006,4.587633,1.651209,4.690472,-10.48214,0.0003275761,0.003942786,0.0006560324,4.161149e-05,0.749205,0.9274756,0.1944267,0.0004830991,0.5822258,1.509701,0.001739156626954431,0,0,0,S3_nyq_boost,S3_nyq_boost,S3_nyq_boost
1596,7.388467728959818e-05,3.8373250226810555e-07,6.0,0.00449630126830212,65.89989127289691,9.153873742833612e-12,150.52280973374457,1.5e-13,1.5723342567809877,1,1,,3.0778019999999997,1318257000.0,2.783865,2.174077,4.957942,5.251879,-3.27109,0.0001695357,0.01335353,0.002231523,0.0002801952,0.7310278,0.9037661,0.2166259,0.002248152,0.5578359,1.461602,0.008093342282943818,0,1,1,S3_peaking,,
1597,4.789854723675776e-05,1.7004364890457666e-07,8.0,0.0036991362515480563,74.7645163829482,1.3016474642929716e-13,511.22996774733775,1.5e-13,1.5182873659939613,1,0,S3_peaking,-7.100000000015427e-05,10000000.0,-3.0562450000000005,9.910394,6.854149,9.910323,-6.651467,0.0001859698,0.01347032,0.001869985,0.001142533,0.7986406,0.3421431,0.1630832,0.001849568,0.5123023,0.8544453,0.006658445252786502,0,0,0,S3_peaking,S3_peaking,S3_peaking
1598,7.782937730570116e-05,4.223843632335505e-07,7.0,0.0009395240008179255,713.7631692786754,3.3080688660580135e-13,287.76402053602214,1.5e-13,1.3130333702406256,1,1,,5.6260047,2398833000.0,5.625645,-6.134073,-0.508428,-0.5080683,-7.259558,0.0003682,0.006335061,0.001099625,6.302721e-05,0.7152048,1.180592,0.1224592,0.0004697621,0.4842271,1.664819,0.001691143201472266,1,0,1,,S3_f_peak,
1599,9.048384540510217e-05,6.865157766724819e-07,8.0,0.0006859985142263437,531.2974919589592,1.6045423551669533e-12,165.2324749208578,1.5e-13,1.3676931348111174,1,0,S3_f_peak,6.931078000000001,3311311000.0,6.917416000000001,-10.19048,-3.273064,-3.259402,-3.321693,0.0003536588,0.004558994,0.0008034615,2.421198e-05,0.7074713,1.201629,0.1323249,0.0003430013,0.5416959,1.743325,0.0012347973256074188,0,0,0,S3_f_peak,S3_f_peak,S3_f_peak
1600,7.668570099290579e-05,6.391782902054714e-07,6.0,0.0035472126324806283,336.4238930339001,1.9480865619880645e-12,301.408524831184,1.5e-13,1.506220746863892,1,1,,6.9521962,1380384000.0,6.158131200000001,-0.3259692,5.832162,6.626227,-2.866268,0.000219195,0.009340799,0.001674857,0.0001493078,0.6959427,0.7853192,0.2666151,0.001773607,0.4801008,1.26542,0.006384982738465131,1,1,1,,,
1601,5.004627712234481e-05,2.6956648849177316e-07,1.0,0.0020061754520183488,60.15254515919401,4.204289015466216e-13,628.3816206806729,1.5e-13,1.3287932274907588,1,0,S3_peaking,-0.0001499999999996504,10000000.0,-4.9711240000000005,12.22752,7.256396,12.22737,-6.83424,0.0002061078,0.009644576,0.001564212,0.0002214938,0.7133303,0.7429642,0.1395748,0.001003089,0.426714,1.169678,0.003611115813633028,0,0,0,S3_peaking,S3_peaking,S3_peaking
1602,5.748307294643373e-05,9.224539289138946e-07,2.0,0.004715628047453353,60.76114763834511,8.711740796839598e-12,390.757756663115,1.5e-13,1.447935405665333,1,0,S3_nyq_boost,1.047644,691831000.0,-0.899553,5.546806,4.647253,6.59445,-2.492196,0.0002410054,0.006739584,0.001423084,0.0003386296,0.6213757,0.635493,0.4144382,0.002357814,0.2431729,0.8786659,0.008488130485416035,0,0,0,S3_nyq_boost,S3_nyq_boost,S3_nyq_boost
1603,8.005620330698875e-05,7.239494724298675e-07,3.0,0.007781544799990734,661.5951550129212,8.843733729642871e-13,60.05584197776607,1.5e-13,1.2284548426301214,1,0,S3_f_peak,14.691838999999998,19952620000.0,13.009235999999998,-18.28645,-5.277214,-3.594611,-3.593242,0.000339688,0.01188846,0.002633915,0.000145637,0.5949777,1.480846,0.368586,0.003890772,0.08548976,1.566335,0.014006780639983321,0,0,0,S3_f_peak,S3_f_peak,S3_f_peak
1604,4.0037455190443596e-05,6.750178641083105e-07,3.0,0.0006329449371829689,439.42982913814416,6.523627934314986e-13,751.6496198151467,1.5e-13,1.5563562966369209,1,0,S3_nyq_boost,1.028069,758577600.0,-2.3304432,2.054198,-0.2762452,3.082267,-8.800978,0.0003954668,0.003039347,0.000514301,2.325161e-05,0.7242576,0.9132889,0.1774228,0.0003164725,0.6488347,1.562124,0.001139300886929344,0,0,0,S3_nyq_boost,S3_nyq_boost,S3_nyq_boost
1605,2.306060771532427e-05,2.5980266458414437e-07,4.0,0.0011546909668971226,58.78817876304961,6.875443379314438e-12,688.398145628715,1.5e-13,1.382096294470296,1,0,S3_nyq_boost,0.31161300000000125,436515800.0,-4.299795,8.634469,4.334674,8.946082,-11.59413,0.0002775627,0.0048535,0.0008512052,9.578124e-05,0.7569348,0.9774858,0.1696597,0.0005773455,0.4250706,1.402556,0.0020784437404148207,0,0,0,S3_nyq_boost,S3_nyq_boost,S3_nyq_boost
1606,6.656888994760041e-05,1.9959812314212255e-07,7.0,0.003926432516657638,388.0190753322687,2.1461825985682302e-13,451.41542429627674,1.5e-13,1.2767059271500734,1,0,S3_peaking,-2.9999999999752447e-06,10000000.0,-0.28535200000000005,3.129578,2.844226,3.129575,-4.120358,0.000241746,0.0170303,0.002826057,0.0007895425,0.743189,0.573098,0.1501135,0.001963216,0.3406759,0.9137739,0.007067578529983749,0,0,0,S3_peaking,S3_peaking,S3_peaking
1607,7.7322154233985e-05,5.654412233829093e-07,6.0,0.0006441489665756395,467.07607388957047,4.815909389930062e-12,557.8691180128012,1.5e-13,1.308061911257902,1,0,S3_f_peak,6.0676754,478630100.0,1.9423884,0.8883266,2.830715,6.956002,-5.09547,0.0002868611,0.00446862,0.0007885702,2.902478e-05,0.7033461,1.12713,0.1235321,0.0003220745,0.4931947,1.620324,0.0011594681398361512,0,0,0,S3_f_peak,S3_f_peak,S3_f_peak
1608,3.275107929936497e-05,6.53649578747194e-07,6.0,0.003786638460404656,99.75163257918182,2.9570880807035008e-12,539.8055765042411,1.5e-13,1.2192447716380062,1,0,S3_nyq_boost,0.7149099999999997,724436000.0,-1.9872420000000002,6.365992,4.37875,7.080902,-7.859219,0.0002759977,0.005564434,0.001212677,0.0001785609,0.6164414,0.7553913,0.400251,0.001893319,0.02258442,0.7779757,0.006815949228728381,0,0,0,S3_nyq_boost,S3_nyq_boost,S3_nyq_boost
1609,7.333953886661707e-05,2.0899038903620423e-07,6.0,0.000516490054324428,144.96120816004023,4.679185128573662e-13,77.62585950805779,1.5e-13,1.171496217990582,1,0,S3_peaking,1.4093699999999991,5248075000.0,0.9731799999999993,-11.48036,-10.50718,-10.07099,-11.69462,0.000434005,0.004935573,0.0007960834,0.0001417432,0.7286149,1.371168,0.07016991,0.000258251,0.4087845,1.779953,0.0009296820977839704,0,0,0,S3_peaking,S3_f_peak,S3_f_peak
1610,3.70256834953427e-05,2.0158004427486318e-07,6.0,0.0021060203236821277,63.46039665567135,5.821033456671247e-12,277.6315496009809,1.5e-13,1.1190298373714607,1,0,S3_peaking,1.7154980000000002,1096478000.0,0.8439810000000003,5.253927,6.097908,6.969425,-6.465842,0.0002029648,0.009565768,0.001777491,0.0002924586,0.7161164,1.285247,0.1490672,0.00105301,0.2224036,1.50765,0.0037908365826278298,0,0,0,S3_peaking,S3_peaking,S3_peaking
1611,6.095061342516818e-05,2.3460183285224948e-07,3.0,0.0005016908297310139,93.16438232374358,3.4218811457390907e-12,99.2193209854609,1.5e-13,1.2612530256825516,1,0,S3_peaking,1.610271,1905461000.0,1.5772649999999997,-8.665927,-7.088662,-7.055656,-11.20175,0.0003607521,0.004723437,0.0007457589,0.0001115043,0.7273643,1.297371,0.07658146,0.0002508454,0.4777393,1.775111,0.000903043493515825,0,0,0,S3_peaking,S3_peaking,S3_peaking
1612,5.2904362360645606e-05,2.657000839077748e-07,5.0,0.005677187473911894,377.89790787331594,6.114996926832602e-12,132.5894846341853,1.5e-13,1.4284910187265458,1,1,,11.851129,1445440000.0,11.657347000000001,-7.120674,4.536673,4.730455,-3.553676,0.0001689174,0.01435277,0.002483231,0.0004330102,0.7242862,1.038312,0.2129021,0.002838594,0.3853205,1.423632,0.01021893745304141,1,0,1,,S3_peaking,
1613,7.445774806697152e-05,2.491984066731155e-07,4.0,0.006306219613023488,751.5987781400066,1.432117865969886e-13,53.42925895947464,1.5e-13,1.473568589005123,1,0,S3_f_peak,12.974578,14454400000.0,5.28707,-19.42165,-14.13458,-6.447072,-6.740469,0.0005852719,0.01964977,0.003148187,0.0005937427,0.7289588,1.151466,0.176997,0.00315311,0.4800651,1.631532,0.011351195303442278,0,0,0,S3_f_peak,S3_f_peak,S3_f_peak
1614,4.764196754957053e-05,7.299008183197739e-07,8.0,0.0006636170000933025,858.9034651902978,9.328423730597335e-12,328.55421047038317,1.5e-13,1.4015117967894204,1,0,S3_f_peak,8.162298999999999,398107200.0,6.444495,-7.946853,-1.502358,0.215446,-6.645857,0.0003608308,0.003209342,0.0005654599,1.876211e-05,0.7150744,1.180169,0.1771928,0.0003318085,0.5108135,1.690983,0.0011945106001679444,0,0,0,S3_f_peak,S3_f_peak,S3_f_peak
1615,9.499322041672229e-05,3.6267947506871027e-07,1.0,0.0008550237134823706,686.5736080538578,1.7647121754850592e-13,472.6303831550318,1.5e-13,1.158774488134107,1,0,S3_peaking,0.6651369,1659587000.0,0.4196229,-1.318316,-0.8986931,-0.6531791,-7.764658,0.0003840793,0.007108576,0.001245236,5.21747e-05,0.6855592,1.218885,0.09695499,0.0004275119,0.3790593,1.597944,0.001539042684268267,0,0,0,S3_nyq_boost,S3_peaking,S3_peaking
1616,3.6290747053133486e-05,5.040137979682339e-07,4.0,0.002904875801837655,241.16536505207247,3.903385525686235e-13,59.706008833349166,1.5e-13,1.2922238320713366,1,0,S3_f_peak,4.03537,7943282000.0,2.6146200000000004,-14.085,-11.47038,-10.04963,-10.7562,0.0004512334,0.006394567,0.001215223,8.13936e-05,0.6662621,1.47413,0.2834172,0.001452438,0.2391498,1.71328,0.0052287764433077795,0,0,0,S3_f_peak,S3_f_peak,S3_f_peak
1617,4.023748340967017e-05,8.430994936265795e-07,6.0,0.0016302447861222902,70.68103476161806,6.19167973553371e-13,543.1205620600731,1.5e-13,1.4786276568883827,1,0,S3_peaking,-0.00012200000000017752,10000000.0,-4.119372,5.390361,1.270989,5.390239,-6.819624,0.0003237684,0.004097493,0.0007415085,4.398271e-05,0.6932091,0.9242917,0.3038613,0.0008151229,0.4329986,1.35729,0.0029344406150201225,0,0,0,S3_peaking,S3_peaking,S3_peaking
1618,8.387029881761514e-05,2.0595748599069858e-07,1.0,0.0006096705049200991,475.4259327788452,1.0137656974982617e-12,713.4427320253341,1.5e-13,1.5111439698221574,1,0,S3_f_peak,3.9106819999999995,912010800.0,0.7968060000000001,3.926679,4.723485,7.837361,-8.920084,0.0002395252,0.006025432,0.0008058392,0.0001172044,0.7747105,0.8945732,0.06523105,0.0003048356,0.6879443,1.582517,0.0010974069088561785,0,0,0,S3_nyq_boost,S3_f_peak,S3_f_peak
1619,8.282243675365111e-05,3.2002963551698803e-07,6.0,0.0005383395269363394,53.202537004951026,6.7883636103189025e-12,70.81524562644037,1.5e-13,1.4555678402722418,1,0,S3_f_peak,1.1743140000000007,19952620000.0,1.121016000000001,-10.43327,-9.312254,-9.258956,-9.258867,0.0003778358,0.004923279,0.0007854579,7.224873e-05,0.7509811,1.132619,0.08611219,0.0002691698,0.6483199,1.780939,0.0009690111484854109,0,0,0,S3_f_peak,S3_peaking,S3_f_peak
1620,9.87194108596302e-05,8.838240544742217e-07,8.0,0.0018976854496925248,387.256443489897,4.712580888302431e-13,619.4121922590531,1.5e-13,1.1965908005837533,1,0,S3_nyq_boost,0.5897939999999995,954992600.0,-0.9232290000000005,4.265971,3.342742,4.855765,-1.621373,0.0003207857,0.007100024,0.001405923,5.433731e-05,0.6482538,0.9079075,0.2199957,0.0009488427,0.3043678,1.212275,0.0034158338094465446,0,0,0,S3_nyq_boost,S3_nyq_boost,S3_nyq_boost
1621,6.825038642862803e-05,6.960786161972067e-07,6.0,0.005108572762941439,781.6524662629689,1.5544875776967826e-13,173.76668892346797,1.5e-13,1.1870156610239895,1,0,S3_f_peak,6.105906,5495409000.0,4.6477710000000005,-10.52796,-5.880189,-4.422054,-6.366795,0.0004866238,0.009662745,0.002047836,0.0001161817,0.6170433,1.243001,0.3343437,0.002554286,0.1131487,1.35615,0.00919543097329459,0,0,0,S3_f_peak,S3_f_peak,S3_f_peak
1622,6.146378009906369e-05,4.0810075266374834e-07,7.0,0.0017004539196936114,100.2036999617664,1.5447181034660803e-12,496.75847508313893,1.5e-13,1.3498526499913728,1,0,S3_nyq_boost,0.17240400000000022,758577600.0,-1.8759619999999995,8.168721,6.292759,8.341125,-6.307874,0.0002287312,0.007826218,0.001373452,0.0001043092,0.7172525,0.9304865,0.1682293,0.000850227,0.447156,1.377643,0.003060817055448501,0,0,0,S3_nyq_boost,S3_nyq_boost,S3_nyq_boost
1623,6.599132021266934e-05,1.8324637579031335e-07,7.0,0.006404276843903642,941.7154418651884,1.6590893394621178e-13,155.9651726033879,1.5e-13,1.4820140748103436,1,0,S3_f_peak,11.029489,7943282000.0,7.15945,-11.85906,-4.69961,-0.829571,-3.404596,0.0003922013,0.02158493,0.00311893,0.0008847008,0.7749197,0.8285554,0.1657875,0.003202138,0.4720225,1.300578,0.011527698319026556,0,0,0,S3_f_peak,S3_f_peak,S3_f_peak
1624,2.550733300520204e-05,6.593350028576941e-07,4.0,0.0005041389689724227,127.78784034186532,1.579564640394838e-12,278.0113788791562,1.5e-13,1.189339582782786,1,0,S3_nyq_boost,0.3947780000000005,1047129000.0,-0.37380299999999966,-5.775869,-6.149672,-5.381091,-12.12587,0.0005157057,0.002161953,0.0004092172,1.289016e-05,0.6783128,1.422514,0.1909588,0.0002520698,0.3074077,1.729921,0.0009074501441503609,0,0,0,S3_nyq_boost,S3_nyq_boost,S3_nyq_boost
1625,9.661529006262585e-05,1.789209844055497e-07,8.0,0.0007225428791029899,678.5137020595944,1.8585546847547387e-13,71.29778509902744,1.5e-13,1.142130752888979,1,0,S3_f_peak,7.60149,7943282000.0,5.01529,-17.71894,-12.70365,-10.11745,-11.08428,0.000577501,0.006710097,0.0009937759,0.0001596465,0.7542118,1.401542,0.06185162,0.0003612715,0.3726991,1.774241,0.0013005771823853818,0,0,0,S3_f_peak,S3_f_peak,S3_f_peak
1626,7.247071756417716e-05,4.925340801537117e-07,7.0,0.0005378084214600816,229.108765799736,1.3252116772202573e-13,720.0108212206587,1.5e-13,1.543725225436112,1,0,S3_peaking,-0.00025500000000011624,10000000.0,-6.3105339,5.369942,-0.9405919,5.369687,-9.006843,0.000370872,0.004040319,0.0006541192,3.584082e-05,0.7516213,0.9041932,0.1123084,0.0002689042,0.7021928,1.606386,0.000968055158628147,0,0,0,S3_peaking,S3_peaking,S3_peaking
1627,6.934191008492056e-05,9.602609886520477e-07,6.0,0.0023910180145869935,858.0182250212957,1.220468543409833e-13,149.88261097561232,1.5e-13,1.2596781768365866,1,0,S3_f_peak,6.5561620000000005,19952620000.0,3.541131,-13.16759,-9.626459,-6.611428,-6.610353,0.0006657496,0.006134557,0.001235888,4.329724e-05,0.6394751,1.350001,0.2939065,0.001195509,0.2708132,1.620814,0.004303832426256589,0,0,0,S3_f_peak,S3_f_peak,S3_f_peak
1628,6.221812990128983e-05,6.083109734068222e-07,6.0,0.0024235244272848293,316.58606209557064,1.2852808410463402e-12,151.46103965104018,1.5e-13,1.303717525339609,1,1,,6.1416237,2398833000.0,6.1363121000000005,-6.625293,-0.4889809,-0.4836693,-5.114403,0.0002808001,0.007457943,0.001396328,6.612604e-05,0.675482,1.274825,0.2384064,0.001211762,0.3416406,1.616465,0.004362343969112693,1,1,1,,,
1629,4.5335232404048174e-05,9.284894112854814e-07,7.0,0.0008639030094479912,515.8058730006271,9.048396635461894e-12,694.5059530018242,1.5e-13,1.4475815410182635,1,0,S3_f_peak,5.409082799999999,288403200.0,0.3067168,0.9097492,1.216466,6.318832,-5.032642,0.0003303028,0.003174061,0.0005663478,2.221763e-05,0.7034984,0.9984007,0.2319793,0.0004319515,0.5016064,1.500007,0.001555025417006384,0,0,0,S3_nyq_boost,S3_f_peak,S3_f_peak
1630,3.4955375307450136e-05,1.6794737835799274e-07,6.0,0.002072850741372232,54.40079044255422,3.747041345663443e-12,373.59270734913264,1.5e-13,1.496771087000138,1,0,S3_nyq_boost,0.628895,1047129000.0,-0.5614400000000002,7.898196,7.336756,8.527091,-6.450632,0.0001926648,0.009614206,0.001239336,0.0003781455,0.7980335,0.8651772,0.1374502,0.001036426,0.5476218,1.412799,0.0037311313344700176,0,0,0,S3_nyq_boost,S3_nyq_boost,S3_nyq_boost
1631,2.9833469745729304e-05,2.539628257704914e-07,5.0,0.002642461747488795,103.65788427512342,7.908538224068671e-13,473.20829339352815,1.5e-13,1.4260431008194878,1,0,S3_peaking,-3.400000000031156e-05,10000000.0,-1.9180039999999998,7.279591,5.361587,7.279557,-8.128274,0.0002331326,0.007797372,0.001369638,0.0002301551,0.7544404,0.7842125,0.2072898,0.001321231,0.3905701,1.174783,0.004756431145479831,0,0,0,S3_peaking,S3_peaking,S3_peaking
1632,5.1071566011040364e-05,9.857181787363226e-07,2.0,0.002493111182858206,859.8887896289464,1.4166766002810688e-12,330.5355250932807,1.5e-13,1.5213133898732834,1,0,S3_f_peak,9.270067000000001,1148154000.0,8.311602,-6.812706,1.498896,2.457361,-3.628188,0.0003163028,0.004966082,0.0009605744,6.358674e-05,0.6590276,0.9637308,0.345282,0.001246556,0.4242383,1.387969,0.004487600129144771,0,0,0,S3_f_peak,S3_f_peak,S3_f_peak
1633,7.116133614471813e-05,2.664415653843727e-07,3.0,0.0015251824317528884,65.34845942160713,4.60147448929117e-12,293.5995073591872,1.5e-13,1.2005661920866326,1,0,S3_peaking,1.5720260000000001,1148154000.0,0.5614870000000005,6.369902,6.931389,7.941928,-5.412703,0.0001913558,0.01037283,0.001749004,0.0002041822,0.7023795,1.204247,0.1124994,0.0007625912,0.3718558,1.576103,0.002745328377155199,0,0,0,S3_nyq_boost,S3_peaking,S3_peaking
1634,3.956253153194944e-05,4.0564302486140067e-07,8.0,0.0009074015212216392,526.1148965134342,1.9730160753334117e-12,715.6816365490083,1.5e-13,1.450464514063995,1,0,S3_f_peak,5.483304,660693400.0,1.0473270000000001,2.414174,3.461501,7.897478,-10.11954,0.0002971091,0.004491394,0.0007662393,5.249956e-05,0.7464233,0.9360092,0.1612657,0.0004537008,0.5392855,1.475295,0.0016333227381989505,0,0,0,S3_f_peak,S3_f_peak,S3_f_peak
1635,8.425692893443574e-05,4.961692949833821e-07,2.0,0.006956282558491765,91.94380287201666,1.4674705719861389e-12,96.74455018017865,1.5e-13,1.4355452064032992,1,0,S3_f_peak,3.2141806,3981072000.0,2.9262228,-2.402536,0.5236868,0.8116446,-2.851822,0.0002011483,0.01419205,0.002656948,0.0002516734,0.6697821,1.099577,0.2714291,0.003478141,0.3639316,1.463509,0.012521308605285178,0,0,0,S3_f_peak,S3_f_peak,S3_f_peak
1636,2.059672136257647e-05,1.9022299817510343e-07,5.0,0.0013525935482277688,442.28187838389357,8.909505780877601e-12,242.1279252921945,1.5e-13,1.3628482783686768,1,0,S3_f_peak,7.582611,630957300.0,6.529945,-5.294452,1.235493,2.288159,-10.66712,0.0002709368,0.00574533,0.0009149233,0.0001874875,0.7690853,1.223238,0.1513546,0.0006762968,0.413011,1.63625,0.002434668386809984,0,0,0,S3_f_peak,S3_f_peak,S3_f_peak
1637,4.375162147937712e-05,2.630835481282688e-07,2.0,0.0024636474815141083,227.77075611496917,9.372397602978552e-13,234.4014832158276,1.5e-13,1.2116113977087992,1,1,,4.391573500000001,2398833000.0,4.3866535,-0.2938625,4.092791,4.097711,-6.259474,0.0002238637,0.009968807,0.001737715,0.0002408297,0.69096,1.207697,0.1567113,0.001231824,0.3035615,1.511258,0.004434565466725395,1,0,1,,S3_f_peak,
1638,6.364610654598919e-05,2.506649864984878e-07,3.0,0.0006230081963230907,63.855179855422804,3.480313791843504e-12,152.43810361532255,1.5e-13,1.5264888782692017,1,0,S3_peaking,0.9705570000000003,1584893000.0,0.7858149999999999,-3.127584,-2.341769,-2.157027,-9.560492,0.0002914584,0.005620361,0.0008236317,0.000121324,0.7630214,1.058918,0.08554928,0.0003115041,0.6935971,1.752515,0.0011214147533815633,0,0,0,S3_peaking,S3_peaking,S3_peaking
1639,4.0074816245633105e-05,3.731726689349629e-07,4.0,0.007119629128200598,493.8509284112907,5.482367112188066e-13,95.05738913076875,1.5e-13,1.3318216383900867,1,0,S3_f_peak,9.978200000000001,4786301000.0,9.001298,-12.5167,-3.515402,-2.5385,-6.784221,0.0003190859,0.01035152,0.002067637,0.0002654977,0.6527417,1.318886,0.3138739,0.003559815,0.1427272,1.461613,0.012815332430761077,0,0,0,S3_f_peak,S3_f_peak,S3_f_peak
1640,8.611965265145372e-05,4.77318192546674e-07,7.0,0.000772576006074221,867.5087535858474,5.888520443556751e-13,358.1287065740227,1.5e-13,1.435362952147186,1,1,,7.628391000000001,1584893000.0,7.034916,-5.735266,1.29965,1.893125,-5.977101,0.0003377994,0.005558201,0.0009284457,4.905878e-05,0.73061,1.058953,0.117097,0.000386288,0.6027062,1.661659,0.0013906368109335978,1,1,1,,,
1641,5.988884232947423e-05,2.8087990212598035e-07,5.0,0.002100911879053128,294.38320581994236,4.6534376676962305e-12,93.60696156986396,1.5e-13,1.3346239000724054,1,1,,8.7462649,1819701000.0,8.6922414,-9.197063,-0.5048216,-0.4507981,-6.071307,0.0002171318,0.01073994,0.001823172,0.0002047933,0.724271,1.258995,0.1449624,0.001050458,0.442675,1.70167,0.0037816413822956306,1,1,1,,,
1642,3.748619862553648e-05,6.029076882116542e-07,4.0,0.003402255009443695,695.6476877237568,6.268145612683897e-12,394.1547405249018,1.5e-13,1.4622681016348007,1,0,S3_f_peak,10.190918,549540900.0,7.814596999999999,-3.605463,4.209134,6.585455,-7.291094,0.0002550148,0.006058416,0.001143907,0.0001518698,0.673562,0.8135325,0.34141,0.001701128,0.31596,1.129493,0.006124059016998651,0,0,0,S3_f_peak,S3_f_peak,S3_f_peak
1643,3.8428984377060407e-05,6.140771603282141e-07,7.0,0.007661420813829521,55.02039988147323,1.0874661340330098e-12,316.21302095433043,1.5e-13,1.532765429133763,1,0,S3_peaking,-2.3300000000003873e-05,10000000.0,-1.0328903999999999,-0.3223226,-1.355213,-0.3223459,-7.465222,0.0003056522,0.006495435,0.001512529,0.002651236,0.6340199,0.507644,0.5091035,0.00383071,0.08103551,0.5886795,0.013790557464893138,0,0,0,headroom,S3_peaking,headroom
1644,9.089296613547252e-05,1.8802055328581002e-07,1.0,0.00116779529938817,109.19025094164863,4.635052229526137e-13,281.21343484533554,1.5e-13,1.385714523230773,1,0,S3_peaking,-2.0000000000131024e-05,10000000.0,-1.0562099999999996,4.597834,3.541624,4.597814,-6.586298,0.0002058381,0.01030729,0.001387593,0.0002046682,0.7634468,1.083638,0.06894851,0.0005838977,0.5521623,1.6358,0.002102031538898706,0,0,0,S3_peaking,S3_peaking,S3_peaking
1645,4.743419010664717e-05,2.586966506739004e-07,4.0,0.004271612217192118,117.14752948764944,8.278516231361129e-12,54.2391504705232,1.5e-13,1.2174029407681466,1,1,,5.356254,2187762000.0,5.352672999999999,-8.873197,-3.520524,-3.516943,-6.450418,0.0002074323,0.01273474,0.002339745,0.0003146019,0.6902215,1.436243,0.1915067,0.002135806,0.2479111,1.684154,0.007688901990945812,1,1,1,,,
1646,2.244009829471605e-05,1.8054955977143518e-07,5.0,0.0015308887444379375,256.26215194279604,1.6485414770262298e-12,145.92373523375662,1.5e-13,1.2594330700388434,1,1,,5.1653389999999995,2089296000.0,5.127485,-6.412316,-1.284831,-1.246977,-9.805092,0.0002817004,0.006685285,0.001071367,0.0001722078,0.7597864,1.365579,0.1441563,0.0007654444,0.3227236,1.688303,0.0027555997399882877,1,1,1,,,
1647,8.543907815102948e-05,8.077342322067113e-07,7.0,0.004601833651110431,599.7630305182491,8.684985138180398e-13,475.87452065727376,1.5e-13,1.1787864610632632,1,1,,7.0110763,1445440000.0,6.1268713,-0.3445843,5.782287,6.666492,-1.618821,0.0002573668,0.009492476,0.00202041,0.0003191155,0.6153553,0.5639814,0.324906,0.002300917,0.1410709,0.7050523,0.008283300571998775,1,1,1,,,
1648,5.192500965336741e-05,8.290927173167505e-07,8.0,0.0005573775591968229,70.33354415098108,4.866714910647239e-13,68.65272834619874,1.5e-13,1.1389226191457735,1,0,S3_f_peak,7.160195999999999,19952620000.0,0.7640599999999989,-15.05834,-14.29428,-7.898144,-7.892792,0.0006048726,0.002888977,0.0005616064,1.440336e-05,0.6679535,1.47406,0.1672584,0.000278689,0.3068069,1.780867,0.0010032796065542813,0,0,0,S3_f_peak,S3_f_peak,S3_f_peak
1649,7.828971673947363e-05,6.445325947110849e-07,7.0,0.003430678863601318,961.2009893513472,3.802065289426455e-12,57.28367271613243,1.5e-13,1.249328095303073,1,0,S3_f_peak,17.084281999999998,19952620000.0,15.985301,-21.53138,-5.546079,-4.447098,-4.445182,0.0002783675,0.009528733,0.001851733,7.910488e-05,0.6570808,1.426759,0.2568098,0.00171534,0.274979,1.701738,0.006175221954482372,0,0,0,S3_f_peak,S3_f_peak,S3_f_peak
1650,4.473628456146925e-05,6.438292428880231e-07,2.0,0.000975852646871459,206.83374613911863,2.639392963251852e-12,80.30076242657464,1.5e-13,1.418699459358749,1,0,S3_f_peak,4.454357999999999,19952620000.0,3.335685999999999,-13.2127,-9.877014,-8.758342,-8.757076,0.0004426363,0.004091549,0.0007305609,2.881523e-05,0.6925574,1.249289,0.1915285,0.0004879263,0.5115296,1.760819,0.0017565347643686263,0,0,0,S3_f_peak,S3_f_peak,S3_f_peak
1651,6.0336373475755055e-05,7.605388931570738e-07,4.0,0.006416910396602836,74.01804131423576,2.07389335008003e-12,72.44820643050568,1.5e-13,1.3019881301038148,1,0,S3_f_peak,2.419556,6918310000.0,2.0838210000000004,-6.650299,-4.566478,-4.230743,-4.333804,0.000271644,0.009145821,0.001993323,0.000114859,0.6055738,1.461118,0.4035239,0.003208455,0.1064346,1.567553,0.011550438713885105,0,0,0,S3_f_peak,S3_f_peak,S3_f_peak
1652,5.0609085377721904e-05,8.373406227410389e-07,4.0,0.0013826491966280562,64.95881157774538,1.175549023404992e-12,471.86929770825947,1.5e-13,1.296156619245889,1,0,S3_peaking,-8.199999999991547e-05,10000000.0,-3.107874,4.807365,1.699491,4.807283,-5.107267,0.0003094511,0.004372354,0.0008444741,3.328947e-05,0.6597253,1.122065,0.2471637,0.0006913246,0.3517205,1.473785,0.002488768553930501,0,0,0,S3_peaking,S3_peaking,S3_peaking
1653,6.962612425130014e-05,3.2656191201145615e-07,7.0,0.0017431260184434887,77.12906015385826,2.666505168544135e-12,692.6142250853512,1.5e-13,1.5175900340467066,1,0,S3_nyq_boost,0.08647999999999989,478630100.0,-3.5648169999999997,12.32132,8.756503,12.4078,-5.637921,0.000199283,0.009373322,0.001527768,0.0002066819,0.7560663,0.5891594,0.1457675,0.000871567,0.6071836,1.196343,0.0031376268331982796,0,0,0,S3_nyq_boost,S3_nyq_boost,S3_nyq_boost
1654,4.28357889359967e-05,2.991782901633072e-07,7.0,0.0008153971731823341,175.7626201801853,2.158002107950035e-12,288.2114470488127,1.5e-13,1.4312768608790671,1,0,S3_peaking,2.4737435000000003,1202264000.0,1.5585654999999998,-0.4076265,1.150939,2.066117,-10.26761,0.0002947384,0.005145526,0.0008722199,6.756173e-05,0.7647433,1.132584,0.1268599,0.0004077061,0.5499123,1.682497,0.0014677149117282014,0,0,0,S3_peaking,S3_peaking,S3_peaking
1655,9.289764701656417e-05,6.236991433946872e-07,2.0,0.003322400743003593,414.3476987289607,1.7324389087422635e-13,727.9581771269198,1.5e-13,1.4917188647890245,1,0,S3_nyq_boost,2.100537,19952620000.0,-0.5741390000000006,-7.721719,-8.295858,-5.621182,-5.618727,0.000376045,0.005427505,0.001060638,0.007771477,0.6742058,0.1490114,0.2778521,0.0016612,0.4417042,0.5907156,0.005980321337406468,0,0,0,S3_f_peak,S3_peaking,S3_f_peak
1656,8.526810299388225e-05,4.509903031903827e-07,6.0,0.006941397706104503,96.21686554642032,7.725552633308886e-13,101.86424431511396,1.5e-13,1.4706682250562024,1,0,S3_f_peak,2.3327455,4786301000.0,1.6872370200000002,-1.733197,-0.04595998,0.5995485,-3.028245,0.0002045186,0.01546821,0.002779797,0.0003050402,0.6929309,1.040976,0.263494,0.003470699,0.4054844,1.44646,0.012494515870988106,0,0,0,S3_f_peak,S3_f_peak,S3_f_peak
1657,8.491185316745563e-05,4.167798534252979e-07,3.0,0.0010385190119962685,381.0406392083851,7.065470222533383e-12,139.27408416223147,1.5e-13,1.4460494642978965,1,0,S3_f_peak,8.0512338,1000000000.0,7.7236895,-8.322301,-0.5986115,-0.2710672,-5.629515,0.0002534421,0.007244031,0.001190398,7.107486e-05,0.7234633,1.123346,0.1198392,0.0005192595,0.6043342,1.727681,0.0018693342215932833,0,0,0,S3_f_peak,S3_f_peak,S3_f_peak
1658,3.834304664439838e-05,1.623786061628822e-07,6.0,0.0035246340430194396,242.44557722044974,1.1211433202617807e-12,97.45035850235664,1.5e-13,1.3484105632200656,1,0,S3_f_peak,7.4328268,3981072000.0,7.0916339,-7.257162,-0.1655281,0.1756648,-5.172547,0.0002197125,0.0128431,0.001697262,0.0005644623,0.775229,1.234191,0.1495206,0.001762317,0.3940704,1.628261,0.0063443412774349915,0,0,0,S3_f_peak,S3_f_peak,S3_f_peak
1659,8.88771162861123e-05,2.6179582572314625e-07,2.0,0.0006007680604313926,601.832663360104,1.3703310560838986e-13,203.0526953740084,1.5e-13,1.4211481360143967,1,0,S3_f_peak,2.018521,3801894000.0,1.7376259999999997,-8.255369,-6.517743,-6.236848,-10.03814,0.0004657179,0.005849341,0.0008796019,9.442238e-05,0.7451128,1.118689,0.07517319,0.0003003858,0.6203174,1.739006,0.0010813825087765067,0,0,0,S3_peaking,S3_f_peak,S3_f_peak
1660,9.470347803667542e-05,7.909690634692123e-07,7.0,0.0025849511621526154,90.50061599107215,1.1177635386758808e-12,237.32760395913832,1.5e-13,1.2043158231328628,1,0,S3_peaking,0.378034,1584893000.0,0.18684699999999976,2.66875,2.855597,3.046784,-1.226695,0.0002442546,0.008456026,0.001679334,6.134977e-05,0.6457863,1.210941,0.2371871,0.001292476,0.2823184,1.49326,0.004652912091874708,0,0,0,S3_peaking,S3_peaking,S3_peaking
1661,2.5043827034387328e-05,1.6219140558249475e-07,3.0,0.0016489392100757293,840.1901472292624,4.139088657339237e-13,661.2077053958351,1.5e-13,1.2841046550191957,1,1,,5.4395963400000005,1659587000.0,4.8948373400000005,-0.09232934,4.802508,5.347267,-9.018309,0.0002678364,0.007201602,0.0009898244,0.0003435413,0.7716055,0.8886172,0.1305154,0.0008244697,0.3662371,1.254854,0.0029680905781363127,1,1,1,,,
1662,9.519126738389216e-05,3.3302016886710374e-07,5.0,0.0019870278199985545,50.74552399523576,2.8298210117824136e-13,57.62653415833036,1.5e-13,1.4004001832924529,1,0,S3_peaking,0.0,10000000.0,-0.026646999999999643,-5.846306,-5.872953,-5.846306,-7.104891,0.0002482319,0.0121674,0.002003374,0.000179706,0.7237891,1.205024,0.1291989,0.0009935152,0.5377234,1.742747,0.0035766500759973983,0,0,0,S3_peaking,S3_peaking,S3_peaking
1663,2.3377966340467582e-05,3.3023975607860406e-07,1.0,0.0005060873392814574,129.25326596883193,8.488089445988867e-13,58.90514135032154,1.5e-13,1.2351997693605279,1,0,S3_peaking,1.3142699999999987,4570882000.0,1.1267299999999985,-16.66417,-15.53744,-15.3499,-16.7068,0.0006523896,0.003089593,0.0005354207,4.27633e-05,0.6952995,1.38776,0.1278246,0.000253044,0.3973344,1.785094,0.0009109572107066234,0,0,0,S3_peaking,S3_peaking,S3_peaking
1664,4.488352833113155e-05,9.120550317503985e-07,6.0,0.0016669114465813837,102.84393109724937,6.725621517000698e-12,212.2501102589324,1.5e-13,1.5376883958477852,1,0,S3_peaking,1.6392900000000001,954992600.0,1.1782400000000002,-2.942556,-1.764316,-1.303266,-4.996442,0.0003254344,0.004254352,0.0007580264,3.547152e-05,0.69924,1.132054,0.3057492,0.0008334559,0.4910451,1.623099,0.0030004406038464907,0,0,0,S3_peaking,S3_peaking,S3_peaking
1665,3.608769518167691e-05,5.174028529305492e-07,6.0,0.0030773766710899923,169.55827956541165,8.151440534481772e-13,572.8895097297278,1.5e-13,1.525424949921819,1,0,S3_nyq_boost,0.041260000000000296,575439900.0,-1.8256839999999999,5.635612,3.809928,5.676872,-8.339475,0.0002706332,0.006078689,0.001076512,0.0003246453,0.7083769,0.5250395,0.3154137,0.001538688,0.3934621,0.9185016,0.005539278007961986,0,0,0,S3_peaking,S3_nyq_boost,S3_nyq_boost
1666,3.9050661967463565e-05,4.679988159196541e-07,6.0,0.0024308090099376648,58.421170020884844,2.219789353374609e-13,312.91130345171933,1.5e-13,1.1416759941342602,1,0,S3_peaking,-4.2000000000541604e-05,10000000.0,-2.0457310000000004,4.248878,2.203147,4.248836,-9.075736,0.0002663413,0.006545837,0.001273528,8.024302e-05,0.6612095,1.262956,0.2503531,0.001215405,0.1567303,1.419686,0.004375456217887797,0,0,0,S3_peaking,S3_peaking,S3_peaking
1667,8.267131848849709e-05,4.1245978292059906e-07,6.0,0.0007196073536499528,172.53462462044757,1.9412393412379867e-12,123.18514169986027,1.5e-13,1.4526827657379842,1,1,,3.0859739999999993,2290868000.0,3.077082,-7.195409,-4.118327,-4.109435,-6.871597,0.000322673,0.005572612,0.0009158004,5.742381e-05,0.7369791,1.129613,0.107231,0.0003598117,0.626065,1.755677,0.001295293236569915,0,1,1,S3_peaking,,
1668,6.729775552900037e-05,5.530516475382444e-07,4.0,0.002232886110246595,81.48959098142358,6.187903539102302e-12,575.6051897685777,1.5e-13,1.2809612285874468,1,0,S3_nyq_boost,1.3218819999999987,602559600.0,-2.4718690000000008,9.905098,7.433229,11.22698,-4.45743,0.0002150334,0.007849912,0.001464436,0.0001055383,0.6726009,0.8025475,0.2101705,0.001116443,0.3548221,1.15737,0.004019194998443871,0,0,0,S3_nyq_boost,S3_nyq_boost,S3_nyq_boost
1669,9.936619047109931e-05,3.0614301172096546e-07,2.0,0.0012372997799859188,90.20554781890856,3.0274344825341647e-13,194.59475816520012,1.5e-13,1.5228490961091448,1,0,S3_peaking,-1.6000000000016e-05,10000000.0,-0.8686990000000001,1.880503,1.011804,1.880487,-6.395791,0.0002378171,0.009829223,0.001490556,0.0001243899,0.7466797,1.00349,0.1007252,0.0006186524,0.6761241,1.679614,0.002227139603974654,0,0,0,S3_peaking,S3_peaking,S3_peaking
1670,4.496773779669081e-05,2.1092950554714456e-07,2.0,0.00736510264073307,270.5660084581163,7.158378591216348e-13,119.39323691367368,1.5e-13,1.4641823055525987,1,0,S3_f_peak,7.508019,4570882000.0,6.6554807,-6.042688,0.6127927,1.465331,-4.14812,0.0002209416,0.01441907,0.002306229,0.0007428927,0.7215671,0.9870101,0.189414,0.003682551,0.3733181,1.360328,0.013257184753319527,0,0,0,S3_f_peak,S3_f_peak,S3_f_peak
1671,3.436246291595874e-05,9.191358269169783e-07,5.0,0.0006425058536248938,273.3317097897298,5.530703633342598e-13,268.9274075785491,1.5e-13,1.2534864083487351,1,0,S3_peaking,0.8674840000000001,1737801000.0,0.7427669999999997,-6.668595,-5.925828,-5.801111,-8.160634,0.0005145523,0.002413176,0.0004613726,1.384069e-05,0.6714412,1.369858,0.2254247,0.0003212529,0.3437478,1.713606,0.0011565105365248089,0,0,0,S3_peaking,S3_peaking,S3_peaking
1672,2.9612123035998335e-05,1.5328792715999e-07,8.0,0.002900743509889755,221.929452261768,2.3107355360160175e-12,144.2217990376533,1.5e-13,1.4420076606734664,1,1,,6.350426,2187762000.0,6.3230569999999995,-4.109264,2.213793,2.241162,-6.024912,0.0002079039,0.01068265,0.001200736,0.0006037563,0.7939804,1.115237,0.1457682,0.001450372,0.475588,1.590825,0.005221338317801559,1,1,1,,,
1673,8.065534590995016e-05,2.0334575625366097e-07,2.0,0.002144871484180383,400.1438506866967,5.121801978389038e-13,82.42530772662695,1.5e-13,1.3479571668966346,1,0,S3_f_peak,10.080302,6025596000.0,8.157518,-11.26027,-3.102752,-1.179968,-4.80807,0.0002716427,0.01509223,0.002169809,0.0003339137,0.7420408,1.224498,0.09526591,0.001072439,0.4871055,1.711604,0.0038607686715246893,0,0,0,S3_f_peak,S3_f_peak,S3_f_peak
1674,3.089597362200573e-05,8.30241757017095e-07,1.0,0.0020575983378154114,355.8236053140792,7.136526409472258e-13,67.83030284210005,1.5e-13,1.3010934294230205,1,0,S3_f_peak,6.842129999999999,19952620000.0,4.19806,-17.08615,-12.88809,-10.24402,-10.24104,0.0005766754,0.003741144,0.0007872672,3.539225e-05,0.6172849,1.518916,0.3454366,0.001028799,0.2112995,1.730216,0.0037036770080677408,0,0,0,S3_f_peak,S3_f_peak,S3_f_peak
1675,4.810950086589036e-05,1.7294224557305856e-07,6.0,0.0032662992229437263,158.76613170434933,8.096530266093289e-12,126.7539850333264,1.5e-13,1.383652216459295,1,1,,6.740193,1380384000.0,6.558498,-2.426937,4.131561,4.313256,-3.827488,0.000166236,0.01423479,0.001984514,0.0004776288,0.7788044,1.151531,0.1390498,0.00163315,0.4414605,1.592992,0.0058793386012987075,1,1,1,,,
1676,5.013941433078329e-05,4.948877549363636e-07,6.0,0.001187396622476799,367.9875500819953,6.210868398905788e-12,169.3467207288396,1.5e-13,1.5180668783905298,1,0,S3_f_peak,6.4169149999999995,912010800.0,5.931794,-7.538868,-1.607074,-1.121953,-7.836318,0.0002971878,0.005395229,0.0008976725,5.285729e-05,0.7384637,1.106815,0.1757959,0.0005936983,0.5926442,1.699459,0.002137313920458238,0,0,0,S3_f_peak,S3_f_peak,S3_f_peak
1677,4.357144238817206e-05,3.7009162561625926e-07,6.0,0.0016391813186344144,56.08232931471925,1.633340711828659e-12,95.81757695982493,1.5e-13,1.5394985550091833,1,0,S3_peaking,0.7882659999999992,3019952000.0,0.7568949999999992,-5.575771,-4.818876,-4.787505,-9.038547,0.0002984777,0.006767376,0.001123356,8.766016e-05,0.7536304,1.139277,0.1811766,0.0008195912,0.5821921,1.721469,0.002950526373541946,0,0,0,S3_peaking,S3_peaking,S3_peaking
1678,8.076766672575382e-05,7.254210861704396e-07,6.0,0.007017152051502881,71.57806096044594,8.62347891507217e-12,76.16740687045653,1.5e-13,1.5994365106059143,1,0,S3_f_peak,3.257136,2630268000.0,3.2567700000000004,-4.659804,-1.403034,-1.402668,-2.123995,0.0002077948,0.0116234,0.00217731,0.0001784256,0.6767885,1.118261,0.3701904,0.003508576,0.4144994,1.532761,0.012630873692705187,0,1,1,S3_f_peak,,
1679,7.773789359578045e-05,5.125383814066374e-07,1.0,0.000742757635629981,512.7948093933521,2.7291213709110434e-12,618.1916193941912,1.5e-13,1.2895001117112077,1,0,S3_f_peak,6.536770000000001,602559600.0,2.3030690000000007,1.892923,4.195992,8.429693,-5.451663,0.0002729469,0.005275605,0.0009287826,3.657788e-05,0.6883599,1.090065,0.1206413,0.0003713796,0.480352,1.570417,0.0013369637441339659,0,0,0,S3_f_peak,S3_f_peak,S3_f_peak
1680,7.855842237269594e-05,3.283739484972801e-07,3.0,0.00662627419473008,54.584331669812556,1.8418766560041465e-12,65.39643869780852,1.5e-13,1.3583227408775898,1,0,S3_f_peak,2.5676803,5011872000.0,2.0500317,-3.004139,-0.9541073,-0.4364587,-3.399522,0.0001803088,0.01716498,0.003059153,0.0003710808,0.687894,1.227667,0.2078703,0.003313137,0.3556657,1.583332,0.011927293550514143,0,0,0,S3_f_peak,S3_f_peak,S3_f_peak
1681,8.409317173185944e-05,2.4646592242964194e-07,8.0,0.004321839036478505,182.74961003759725,5.12806471695973e-12,57.26843087833161,1.5e-13,1.5502593435323464,1,0,S3_f_peak,9.1959909,2754229000.0,9.189719799999999,-9.018441,0.1712788,0.1775499,-3.117986,0.0001648574,0.01903024,0.002957267,0.0004644259,0.7664254,1.084892,0.1577561,0.00216092,0.5913555,1.676248,0.007779310265661309,0,0,0,S3_f_peak,S3_f_peak,S3_f_peak
1682,8.899757568202308e-05,5.763502497517349e-07,4.0,0.0005072138519288966,570.0167583745663,7.374487710744819e-13,456.5658669721562,1.5e-13,1.5867040729635193,1,0,S3_f_peak,3.905522,1148154000.0,2.4550305,-2.115087,0.3399435,1.790435,-4.944221,0.0003551208,0.004057441,0.0006560085,2.681447e-05,0.7410785,0.927968,0.1089043,0.0002536183,0.7562437,1.684212,0.0009129849334720139,0,0,0,S3_f_peak,S3_f_peak,S3_f_peak
1683,8.212009092760386e-05,5.916824479453664e-07,2.0,0.0005287996730224946,184.56148240871838,1.7870732122396213e-12,148.26906971454474,1.5e-13,1.267218956467262,1,0,S3_f_peak,2.5929159999999998,3801894000.0,2.560226,-7.602004,-5.041778,-5.009088,-5.101055,0.0003767151,0.004071733,0.000730247,2.247662e-05,0.6846674,1.280404,0.1120247,0.0002644039,0.4803929,1.760797,0.0009518394114404902,0,0,0,S3_f_peak,S3_peaking,S3_f_peak
1684,5.298699323844823e-05,5.184604361212342e-07,8.0,0.0016011446675881257,188.25150426372434,2.3951449990172013e-13,315.668844911727,1.5e-13,1.519834176690341,1,0,S3_peaking,-2.999999999997449e-05,10000000.0,-1.4415038,1.172413,-0.2690908,1.172383,-8.183064,0.0003197434,0.006187267,0.00103675,6.47843e-05,0.7378244,0.9881735,0.2020828,0.0008005723,0.5591107,1.547284,0.002882060401658626,0,0,0,S3_peaking,S3_peaking,S3_peaking
1685,9.284350176616801e-05,1.544869005677645e-07,5.0,0.0015446712617859448,125.10276558789451,2.8609647390722453e-13,55.65101413675755,1.5e-13,1.1481385131781485,1,0,S3_f_peak,2.1085469999999997,9120108000.0,0.6181199999999993,-8.62417,-8.00605,-6.515623,-7.783555,0.0002767811,0.01309579,0.001607492,0.0004004551,0.761358,1.395339,0.06232466,0.0007723357,0.3616782,1.757017,0.0027804082712147007,0,0,0,S3_f_peak,S3_f_peak,S3_f_peak
1686,9.803812763617036e-05,6.367397009146203e-07,7.0,0.004567017666923914,837.3786460015219,1.1394064711928969e-12,73.63160584320309,1.5e-13,1.112276828753198,1,0,S3_f_peak,15.835738,5754399000.0,15.39926,-18.0885,-2.68924,-2.252762,-2.586957,0.000297733,0.01226914,0.002533052,0.0001030492,0.626794,1.475215,0.2572545,0.002283509,0.1566445,1.631859,0.008220631800463046,0,0,0,S3_f_peak,S3_f_peak,S3_f_peak
1687,4.1241490379197325e-05,2.99269864307716e-07,3.0,0.0017461707134949556,115.7022597278351,3.73833168791696e-12,183.98447488493304,1.5e-13,1.4074652643027605,1,0,S3_peaking,2.9170961,1445440000.0,2.5943221000000003,-0.8045791,1.789743,2.112517,-7.891031,0.0002379066,0.00771918,0.001289775,0.0001524642,0.7258342,1.153095,0.1600143,0.0008730896,0.4862703,1.639366,0.0031431072842909203,0,1,0,S3_peaking,,S3_peaking
1688,6.303581958001953e-05,3.8401492727043135e-07,2.0,0.0016446127165002994,468.59861148759506,1.6018488435993086e-12,288.68976133420927,1.5e-13,1.472599909386651,1,1,,8.364562,1445440000.0,7.668614,-2.828418,4.840196,5.536144,-6.180122,0.0002351476,0.008328274,0.001369552,0.0001100472,0.7211534,0.987383,0.1516412,0.0008223067,0.5752255,1.562609,0.002960302889700539,1,1,1,,,
1689,7.155463794308672e-05,2.0406690147747799e-07,2.0,0.005628576728605472,231.03987416295465,9.596158721245873e-13,225.48885316674665,1.5e-13,1.5286107634031725,1,0,S3_f_peak,6.370827,3162278000.0,6.239192,1.129118,7.36831,7.499945,-1.367907,0.0001617555,0.01986721,0.002817382,0.000918522,0.7545121,0.6277552,0.1445407,0.002814288,0.5376541,1.165409,0.01013143811148985,0,0,0,S3_f_peak,S3_f_peak,S3_f_peak
1690,5.158967782873906e-05,4.0082462199460747e-07,5.0,0.0015572111384189612,566.2583865665457,1.5767897048547265e-12,82.92667066815409,1.5e-13,1.5294309234918502,1,0,S3_f_peak,9.813367,2754229000.0,9.808567,-15.20503,-5.396463,-5.391663,-8.518221,0.0003263042,0.006998632,0.001156499,8.938872e-05,0.7403876,1.13601,0.1703997,0.0007786057,0.5994229,1.735433,0.00280298004915413,0,0,0,S3_f_peak,S3_f_peak,S3_f_peak
1691,7.697403489429817e-05,6.459324433979274e-07,5.0,0.0005153618735706532,78.01750526714764,7.647429036564362e-13,207.64067220784094,1.5e-13,1.4008766931815553,1,0,S3_peaking,-2.9999999999752447e-06,10000000.0,-0.25602400000000003,-3.664229,-3.920253,-3.664232,-5.232157,0.0003755565,0.003710719,0.0006431071,2.031274e-05,0.7112843,1.163407,0.1216038,0.0002576833,0.5830883,1.746495,0.0009276513724271757,0,0,0,S3_nyq_boost,S3_peaking,S3_peaking
1692,4.609686638745271e-05,2.880386407959835e-07,7.0,0.0014324819748767416,789.119336007749,5.631377022290646e-13,233.356563843006,1.5e-13,1.1001915652998266,1,0,S3_f_peak,9.86549,2511886000.0,9.865321999999999,-8.412206,1.453116,1.453284,-8.402441,0.0003087872,0.007409485,0.001442409,9.803212e-05,0.7029246,1.395643,0.1466524,0.000716241,0.2372164,1.63286,0.002578467554778135,1,0,1,,S3_f_peak,
1693,5.367626387791432e-05,1.752602142400756e-07,2.0,0.002331964907833108,453.00094505533315,5.435556412472277e-13,154.73090186581777,1.5e-13,1.1143312658273865,1,0,S3_f_peak,9.57293,4168694000.0,8.760393,-6.830192,1.930201,2.742738,-4.246818,0.000233511,0.01409048,0.002082972,0.0003220469,0.7283902,1.369106,0.09773144,0.001165982,0.2504762,1.619583,0.004197536834099594,0,0,0,S3_f_peak,S3_f_peak,S3_f_peak
1694,9.014293104565554e-05,7.001280307583388e-07,4.0,0.0015353634415688011,79.8741486163387,4.732347621544987e-13,337.89441546382704,1.5e-13,1.5465607056765935,1,0,S3_peaking,-5.3000000000302805e-05,10000000.0,-2.261833,4.865153,2.60332,4.8651,-3.396748,0.0002642364,0.006984057,0.001199959,5.55059e-05,0.7124411,0.9042711,0.1842491,0.0007676817,0.6363335,1.540605,0.0027636541948238423,0,0,0,S3_peaking,S3_peaking,S3_peaking
1695,9.71947850168041e-05,7.493832146689448e-07,7.0,0.0022012817054397693,371.8342816846462,8.20110022451503e-13,761.7699483028548,1.5e-13,1.475960633593853,1,0,S3_nyq_boost,1.6183100000000001,912010800.0,-0.8027319999999998,6.316492,5.51376,7.934802,-1.80529,0.0002607293,0.007946705,0.001419683,0.0001941968,0.6978176,0.4301139,0.2211541,0.001100641,0.531451,0.9615649,0.003962307069791585,0,0,0,S3_nyq_boost,S3_nyq_boost,S3_nyq_boost
1696,8.91324134826706e-05,2.525945800067621e-07,8.0,0.0010126099739893402,93.81865734629731,2.3497128745615976e-12,113.80937197714984,1.5e-13,1.2976889854097886,1,0,S3_peaking,2.401602,2398833000.0,2.399179,-3.745202,-1.346023,-1.3436,-6.963709,0.0002450088,0.008516211,0.001414398,0.000160963,0.7415679,1.260526,0.09322042,0.000506305,0.4818512,1.742377,0.0018226979531808124,0,0,0,S3_peaking,S3_peaking,S3_peaking
1697,5.339849996113332e-05,1.9337196993939158e-07,7.0,0.005688755223204444,924.5704838947054,7.28901212918729e-13,81.89438500511588,1.5e-13,1.2291842542009115,1,0,S3_f_peak,18.4716315,5495409000.0,17.065074,-17.55564,-0.490566,0.9159915,-3.064111,0.0002853853,0.01792703,0.003136863,0.0006277438,0.7244516,1.315798,0.1795182,0.002844378,0.2512622,1.56706,0.010239759401767998,0,0,0,S3_f_peak,S3_f_peak,S3_f_peak
1698,8.046940503978503e-05,5.671238002293835e-07,7.0,0.0008678491325735294,703.8331609650031,9.54328729752417e-12,61.342299484482155,1.5e-13,1.4766449210846708,1,0,S3_f_peak,13.517652,19952620000.0,10.319388,-19.78012,-9.460732,-6.262468,-6.258569,0.0003663269,0.005415021,0.0009109945,3.636601e-05,0.728889,1.154531,0.137688,0.0004339291,0.6188514,1.773382,0.001562128438632353,0,0,0,S3_f_peak,S3_f_peak,S3_f_peak
1699,5.218055977870407e-05,2.180678502713209e-07,2.0,0.0006581118623618879,109.95053672143926,9.608158473227364e-12,181.78982077448822,1.5e-13,1.4315693962572211,1,0,S3_f_peak,2.4205899000000004,870963600.0,1.7925415000000002,-2.525736,-0.7331945,-0.1051461,-10.04778,0.0002698387,0.005734481,0.000822786,0.0001427835,0.7529755,1.137359,0.08238608,0.000329056,0.602822,1.740181,0.0011846013522513984,0,0,0,S3_f_peak,S3_f_peak,S3_f_peak
1700,8.551048090655007e-05,1.5885258795286988e-07,6.0,0.0011822144137306103,90.71703247167412,4.329099603600906e-12,735.28773704235,1.5e-13,1.104158561096602,1,0,S3_nyq_boost,1.0221999999999998,630957300.0,-2.9053970000000007,12.31808,9.412683,13.34028,-6.158801,0.0001643102,0.01013654,0.001349449,0.0003636292,0.7570015,1.041694,0.06615611,0.0005911083,0.3236714,1.365366,0.0021279859447150985,0,0,0,S3_nyq_boost,S3_nyq_boost,S3_nyq_boost
1701,4.223952389392774e-05,3.434945396662707e-07,3.0,0.0006797286412770693,550.5793069559348,1.0431264118791979e-12,128.44705516521108,1.5e-13,1.2848562926690639,1,1,,6.970599000000001,2187762000.0,6.955231,-12.60368,-5.648449,-5.633081,-11.13348,0.0003979822,0.004545827,0.0007839908,6.088734e-05,0.7115537,1.30276,0.1204676,0.0003398644,0.4535845,1.756345,0.0012235115542987248,1,1,1,,,
1702,6.432839395865923e-05,5.97201966605579e-07,5.0,0.0038444021220608825,70.61921715113202,9.623621158369001e-12,442.7874467084825,1.5e-13,1.4480372465168723,1,0,S3_nyq_boost,1.6847510000000003,630957300.0,-0.9014319999999989,8.134246,7.232814,9.818997,-3.856159,0.0002023388,0.008708308,0.001611469,0.0003077793,0.6814312,0.5576303,0.2857714,0.001922201,0.3912432,0.9488735,0.006919923819709589,0,0,0,S3_nyq_boost,S3_nyq_boost,S3_nyq_boost
1703,9.330859124181146e-05,4.2564597240912777e-07,6.0,0.0012798339234054565,266.19549140593625,1.3122970215325547e-12,206.74749971028376,1.5e-13,1.4863051401916327,1,1,,5.085202,1905461000.0,4.947414,-2.614623,2.332791,2.470579,-4.83287,0.0002501226,0.00828157,0.0013588,8.965506e-05,0.7340144,1.041013,0.1287769,0.000639917,0.6266857,1.667699,0.0023037010621298217,1,1,1,,,
1704,9.511001540726638e-05,2.356730731837361e-07,7.0,0.0007495603672846023,56.16442721914779,1.0626064549864925e-13,355.08908923553804,1.5e-13,1.257336770369738,1,0,S3_peaking,-6.4000000000064e-05,10000000.0,-2.8241470000000004,5.726339,2.902192,5.726275,-8.831286,0.0002411604,0.007045996,0.00114313,0.0001673135,0.7348922,1.196208,0.07868322,0.0003747803,0.4707108,1.666919,0.0013492086611122842,0,0,0,S3_peaking,S3_peaking,S3_peaking
1705,8.155633707200006e-05,1.5814201208374546e-07,4.0,0.0009526426963227662,108.12278330747593,5.1639972768170834e-12,189.35375941227716,1.5e-13,1.4287752544320784,1,0,S3_f_peak,2.9752148000000003,1202264000.0,2.4683578,0.2638282,2.732186,3.239043,-7.428534,0.000192717,0.008669887,0.0009736307,0.0002925942,0.7915275,1.094292,0.06075384,0.0004763214,0.6155146,1.709807,0.0017147568533809792,0,1,1,S3_peaking,,
1706,4.409130722707346e-05,2.1116287301896042e-07,5.0,0.003333762770202089,61.893212765818234,8.108566716955626e-13,109.20943410034687,1.5e-13,1.3624157980372127,1,0,S3_peaking,0.78081664,4168694000.0,0.5765164,-0.8141921,-0.2376757,-0.03337546,-5.262299,0.0002092091,0.01260252,0.002070591,0.0004100946,0.7405303,1.214819,0.1661639,0.001666881,0.4031412,1.617961,0.00600077298636376,0,0,0,S3_peaking,S3_peaking,S3_peaking
1707,8.657712235090187e-05,7.161672771575882e-07,2.0,0.0006507716034000308,183.44198049521847,2.2987792780687564e-13,158.63050599790654,1.5e-13,1.5699232356995751,1,0,S3_f_peak,1.035584,19952620000.0,0.19071200000000044,-6.554038,-6.363326,-5.518454,-5.517816,0.0004267758,0.004369442,0.0007315436,2.47269e-05,0.7213271,1.026157,0.1332295,0.0003253858,0.7222267,1.748384,0.0011713888861200554,0,0,0,S3_f_peak,S3_f_peak,S3_f_peak
1708,3.3318096578676814e-05,8.637665150324985e-07,6.0,0.0018448880543835856,220.08250204904684,4.0191479544468294e-13,164.05654351453595,1.5e-13,1.2438314356652602,1,0,S3_peaking,1.0838390000000002,3162278000.0,1.0235860000000008,-7.704411,-6.680825,-6.620572,-8.527028,0.0004599939,0.003793659,0.0007746131,3.032779e-05,0.637805,1.474862,0.3407687,0.000922444,0.1738043,1.648667,0.003320798497890454,0,0,0,S3_peaking,S3_peaking,S3_peaking
1709,5.796034520538524e-05,1.5049598748856694e-07,5.0,0.0008536756949954226,146.18336150423772,3.0907706880488317e-12,226.7737017438695,1.5e-13,1.4951040108253262,1,0,S3_peaking,2.9878989000000002,1318257000.0,2.4423608999999997,-0.2884749,2.153886,2.699424,-8.954606,0.000216791,0.007166103,0.0006767851,0.0003558763,0.8069987,1.012599,0.06446799,0.0004268461,0.6906057,1.703204,0.0015366162509917606,0,1,0,S3_peaking,,S3_peaking
1710,6.315101546325926e-05,5.451865581645038e-07,7.0,0.004061021118611153,76.87468466910931,1.0282256787269726e-12,180.35241077732096,1.5e-13,1.3664785231661145,1,0,S3_peaking,0.5267549999999999,2290868000.0,0.5157700000000001,1.523423,2.039193,2.050178,-4.580838,0.0002272215,0.009730075,0.001800465,0.000134084,0.681217,1.107974,0.2761774,0.002030511,0.3258181,1.433793,0.007309838013500075,0,0,0,S3_peaking,S3_peaking,S3_peaking
1711,7.728029492088758e-05,5.759448440308727e-07,1.0,0.0078327573945603,66.02343039566423,2.8882059704944595e-12,97.95898117263103,1.5e-13,1.4581599182729361,1,0,S3_f_peak,2.544487,3019952000.0,2.5144499,-1.839375,0.6750749,0.705112,-2.802562,0.0002035402,0.01265428,0.002497427,0.0002427001,0.6489173,1.106495,0.3217434,0.003916379,0.3098603,1.416356,0.01409896331020854,0,0,0,S3_peaking,S3_f_peak,S3_f_peak
1712,3.794157904594233e-05,9.552760673031583e-07,7.0,0.0012295385757765142,966.4759855663568,2.434785487491336e-13,180.7213387482553,1.5e-13,1.115378585945511,1,0,S3_f_peak,6.158099999999999,4786301000.0,5.753677999999999,-13.89026,-8.136582,-7.73216,-8.050564,0.0006250947,0.003270452,0.0006833371,2.14876e-05,0.6275904,1.541012,0.2836822,0.0006147694,0.1478847,1.688897,0.0022131694363977258,0,0,0,S3_f_peak,S3_f_peak,S3_f_peak
1713,4.062191556924008e-05,4.606491998795469e-07,3.0,0.0009157046007274829,419.1254211163264,9.800661806131421e-13,154.52869980069048,1.5e-13,1.1017809438322785,1,1,,5.386876999999999,2187762000.0,5.358135999999999,-9.730889,-4.372753,-4.344012,-10.02303,0.0003848968,0.004524572,0.0008590295,4.182184e-05,0.6630296,1.468902,0.1593166,0.0004578523,0.260344,1.729246,0.0016482682813094693,1,1,1,,,
1714,3.333806376715166e-05,2.185837707467436e-07,6.0,0.004362565263844879,268.1158348772164,4.823510522922448e-12,187.8631869454036,1.5e-13,1.512898719952387,1,1,,7.830344,1258925000.0,7.440786,-2.907808,4.532978,4.922536,-5.654036,0.000192891,0.01074994,0.001803713,0.0004339273,0.7604917,0.9592232,0.2168045,0.002181283,0.4309941,1.390217,0.007852617474920782,0,1,1,S3_f_peak,,
1715,3.73741254190071e-05,3.2432518039495175e-07,6.0,0.004996750837279443,490.49309760067996,1.4122415874934218e-13,429.3948000624799,1.5e-13,1.5283188509788188,1,0,S3_peaking,-3.6999999999842714e-05,10000000.0,-1.206395,-1.914743,-3.121138,-1.91478,-9.761779,0.000369754,0.008466429,0.001532331,0.001600677,0.7250796,0.3699568,0.2873021,0.002498375,0.3572538,0.7272106,0.008994151507102997,0,0,0,S3_peaking,S3_peaking,S3_peaking
1716,2.0820162198442242e-05,3.263356384445184e-07,2.0,0.0013188292343783306,83.00307051548936,4.981274623319441e-12,217.44512202176733,1.5e-13,1.4383220880795609,1,0,S3_peaking,1.178636,1047129000.0,0.514275,-2.41304,-1.898765,-1.234404,-12.53694,0.000332163,0.004281911,0.0007364951,8.100379e-05,0.7229319,1.200746,0.1991132,0.0006594146,0.4558675,1.656613,0.0023738926218809953,0,0,0,S3_peaking,S3_peaking,S3_peaking
1717,2.8198583565721418e-05,5.259046595494452e-07,7.0,0.001662965366356773,86.31971128882948,1.7367161649288284e-12,465.56688124283653,1.5e-13,1.277793176891627,1,0,S3_nyq_boost,0.01997099999999996,436515800.0,-2.317467,4.10977,1.792303,4.129741,-10.50301,0.0003129574,0.004285705,0.0008075393,4.58066e-05,0.6835558,1.158756,0.2708356,0.0008314827,0.2541329,1.412889,0.0029933376594421914,0,0,0,S3_nyq_boost,S3_nyq_boost,S3_nyq_boost
1718,2.5322662135694336e-05,3.503958271169993e-07,6.0,0.0011097605572602297,307.91286749228215,3.726184723217973e-13,103.72028741764629,1.5e-13,1.3442014351595724,1,0,S3_f_peak,3.12857,4168694000.0,2.7011260000000004,-12.14671,-9.445584,-9.01814,-13.25568,0.0004871198,0.004255704,0.0007673156,5.37416e-05,0.7263549,1.346924,0.1909167,0.0005548803,0.3955237,1.742447,0.0019975690030684134,0,0,0,S3_f_peak,S3_f_peak,S3_f_peak
1719,2.509380474745048e-05,6.218905872755374e-07,1.0,0.004027957190959838,473.5739016776355,1.6147636465080917e-12,429.9556568628873,1.5e-13,1.2999107491739652,1,0,S3_f_peak,5.57499,1000000000.0,3.803787,-1.899377,1.90441,3.675613,-9.983573,0.0003416121,0.004552114,0.001047313,0.0001646045,0.5859417,0.9185832,0.4114281,0.002013979,0.01549534,0.9340785,0.007250322943727708,0,0,0,S3_f_peak,S3_f_peak,S3_f_peak
1720,5.0836944212836186e-05,8.239278182413405e-07,2.0,0.0030700318042777178,59.70540282711178,7.683945854002048e-12,74.85288356569642,1.5e-13,1.1857828542105286,1,0,S3_f_peak,3.1822660000000003,19952620000.0,1.6735270000000009,-8.711384,-7.037857,-5.529118,-5.527194,0.0003277273,0.005994359,0.001299019,5.252918e-05,0.6026415,1.546752,0.3294051,0.001535016,0.1383461,1.685098,0.005526057247699892,0,0,0,S3_f_peak,S3_f_peak,S3_f_peak
1721,8.632116222688621e-05,9.002992819636444e-07,4.0,0.0041335684798081,162.7386859930923,1.7099462668853494e-12,298.65240491913625,1.5e-13,1.1617082304257211,1,0,S3_peaking,2.803187,1513561000.0,2.286368,2.788725,5.075093,5.591912,-0.3832894,0.0002332511,0.008823263,0.001911474,9.987777e-05,0.6027355,1.037709,0.3190364,0.002066784,0.1450413,1.18275,0.007440423263654581,0,1,0,S3_peaking,,S3_peaking
1722,3.2059782891734743e-05,8.448397472131629e-07,7.0,0.0035046021082046543,177.71116620159236,2.541730380855099e-12,700.5342445564922,1.5e-13,1.4200562698774502,1,0,S3_nyq_boost,0.6898466,630957300.0,-1.4495118,0.8238564,-0.6256554,1.513703,-7.295664,0.0003585527,0.003819667,0.0008711211,0.001288174,0.6268574,0.4587532,0.4732164,0.001752301,0.1136999,0.5724531,0.006308283794768378,0,0,0,headroom,S3_nyq_boost,headroom
1723,5.967205215696505e-05,1.7127755433434704e-07,4.0,0.000751360973501116,306.09081273277627,5.194438529317961e-13,487.73362458102747,1.5e-13,1.2914171993079187,1,0,S3_peaking,1.1008160000000005,1380384000.0,0.32725000000000026,3.025089,3.352339,4.125905,-9.621064,0.0002520861,0.006540268,0.0008625647,0.0001853823,0.7714852,1.136025,0.0690798,0.0003756819,0.4807429,1.616768,0.001352449752302009,0,0,0,S3_nyq_boost,S3_peaking,S3_peaking
1724,7.800903366905766e-05,6.5172537764394e-07,3.0,0.0020903590850288047,697.7671439919146,1.663124742799387e-12,189.1832128079853,1.5e-13,1.5935604183993783,1,1,,10.943312,1659587000.0,10.738029000000001,-9.182354,1.555675,1.760958,-3.408095,0.0002661721,0.007646689,0.001309769,7.245523e-05,0.7134996,0.9661248,0.2117231,0.00104518,0.6361448,1.60227,0.0037626463530518487,1,1,1,,,
1725,2.0954029283072545e-05,8.121325720881157e-07,2.0,0.0016247862336146372,116.71629464985985,8.309745529250943e-12,305.95435393163854,1.5e-13,1.3643388597041215,1,0,S3_nyq_boost,1.259509,575439900.0,-0.23290600000000028,-3.033556,-3.266462,-1.774047,-11.10878,0.000420387,0.002780709,0.0005649048,3.062555e-05,0.6373767,1.328711,0.3776989,0.0008123931,0.2227336,1.551445,0.002924615220506347,0,0,0,S3_nyq_boost,S3_nyq_boost,S3_nyq_boost
1726,5.310122321272096e-05,9.491574676139602e-07,6.0,0.0036224094655333623,51.52607417973846,2.882879388356985e-13,65.10087699278453,1.5e-13,1.2570376014468287,1,0,S3_f_peak,2.803635,19952620000.0,0.172053,-9.380322,-9.208269,-6.576687,-6.573208,0.0003645129,0.006262727,0.001333666,5.273088e-05,0.6151746,1.548889,0.3932466,0.001811205,0.1331997,1.682089,0.006520337037960052,0,0,0,S3_f_peak,S3_f_peak,S3_f_peak
1727,3.645024447236423e-05,7.583535040142355e-07,5.0,0.0009337734167317698,59.41748469287235,4.590292054920226e-12,58.09183155367563,1.5e-13,1.1411669128083657,1,0,S3_f_peak,5.1558399999999995,19952620000.0,1.0668500000000005,-15.40466,-14.33781,-10.24882,-10.24356,0.000568878,0.003266728,0.0006474659,1.998572e-05,0.653337,1.541092,0.2287939,0.0004668867,0.2317853,1.772877,0.0016807921501171856,0,0,0,S3_f_peak,S3_f_peak,S3_f_peak
1728,5.350267732572368e-05,3.1954456408948787e-07,3.0,0.0005098083981061577,367.579186736565,7.74024469497683e-12,258.0093902708368,1.5e-13,1.2213282620457395,1,0,S3_f_peak,5.378071899999999,575439900.0,4.0516235,-4.96916,-0.9175365,0.4089119,-10.25578,0.0003202204,0.004247077,0.0007303673,6.135486e-05,0.706757,1.301336,0.09526654,0.0002549042,0.4328953,1.734231,0.0009176551165910839,0,0,0,S3_f_peak,S3_f_peak,S3_f_peak
1729,7.076856495845965e-05,5.850626489759314e-07,4.0,0.0007301419063686378,198.30104113715353,1.4205842084906196e-12,558.2443374719842,1.5e-13,1.5872850790574078,1,0,S3_nyq_boost,0.9590009999999998,794328200.0,-1.804891,4.389317,2.584426,5.348318,-5.529745,0.0003018341,0.004619458,0.0007557264,3.47331e-05,0.7371512,0.8776545,0.1379309,0.0003650717,0.7185467,1.596201,0.0013142554314635481,0,0,0,S3_nyq_boost,S3_nyq_boost,S3_nyq_boost
1730,4.570435398978962e-05,3.326830843718987e-07,7.0,0.0017493673320926096,170.89119163601237,5.075967572995474e-12,603.9742048586951,1.5e-13,1.2980604681974444,1,0,S3_nyq_boost,3.3981719999999997,630957300.0,-0.45979100000000006,7.787968,7.328177,11.18614,-7.561987,0.0002221897,0.007439297,0.001348649,0.0001190587,0.7236983,0.8964519,0.1738816,0.0008746837,0.3752618,1.271714,0.0031488611977666973,0,0,0,S3_nyq_boost,S3_nyq_boost,S3_nyq_boost
1731,6.758464335361238e-05,5.248716802699079e-07,3.0,0.0010031150630063336,649.6809745987078,1.4434396883896376e-13,199.42223637145608,1.5e-13,1.1584946995994851,1,0,S3_f_peak,2.8656629999999987,3981072000.0,2.419053999999999,-9.011565,-6.592511,-6.145902,-8.571737,0.0005118113,0.00575917,0.001073456,4.114059e-05,0.6669572,1.362678,0.1445774,0.0005015604,0.337298,1.699976,0.0018056071134114006,0,0,0,S3_f_peak,S3_f_peak,S3_f_peak
1732,8.721304839773995e-05,5.194756799741214e-07,7.0,0.00519145676856878,112.96126614436726,6.157126057835496e-13,450.010617868974,1.5e-13,1.3614654521589042,1,0,S3_peaking,-8.900000000000574e-05,10000000.0,-2.5784599999999998,5.100796,2.522336,5.100707,-4.15406,0.0002259401,0.01128116,0.002129598,0.002101556,0.6750317,0.3101504,0.2702601,0.002595728,0.3217443,0.6318947,0.009344622183423804,0,0,0,S3_peaking,S3_peaking,S3_peaking
1733,6.354696615827418e-05,4.057307611593853e-07,1.0,0.0005214188393490835,333.297185844477,1.1754588551016649e-13,104.24255067983721,1.5e-13,1.5409078026811576,1,0,S3_f_peak,1.1245899999999995,10000000000.0,0.4159100000000002,-12.26986,-11.85395,-11.14527,-11.23677,0.0005757343,0.004290834,0.0006746546,3.463525e-05,0.7390792,1.063196,0.1018411,0.0002607132,0.7096266,1.772823,0.0009385539108283502,0,0,0,S3_f_peak,S3_f_peak,S3_f_peak
1734,2.2296054721825773e-05,3.028531769944624e-07,7.0,0.004720461427576591,248.37906165219982,2.136146980027314e-13,66.26583180743545,1.5e-13,1.568841431927897,1,0,S3_f_peak,3.2929629999999985,8317638000.0,1.3834,-12.98388,-11.60048,-9.690917,-11.59782,0.000453005,0.006934765,0.001252382,0.0001686145,0.7232512,1.333287,0.3261832,0.002360231,0.3103105,1.643597,0.008496830569637863,0,0,0,S3_f_peak,S3_f_peak,S3_f_peak
1735,2.3177490200229596e-05,2.3543195801432658e-07,3.0,0.004708589284598192,52.1582834369607,4.796379973487216e-13,166.67400512185156,1.5e-13,1.1078871129784587,1,0,S3_peaking,-7.699999999999374e-06,10000000.0,-0.4588422,0.335759,-0.1230832,0.3357513,-8.37258,0.0002527112,0.008160977,0.001738393,0.0002617924,0.6565396,1.402817,0.2523804,0.002354295,0.00478293,1.4076,0.008475460712276747,0,0,0,S3_peaking,S3_peaking,S3_peaking
1736,9.680407200197838e-05,8.614474703760603e-07,6.0,0.002175542389391947,491.51739806636715,8.475137170563187e-12,169.41425701891916,1.5e-13,1.1161895053825581,1,0,S3_f_peak,9.945127999999999,954992600.0,9.70267,-8.087753,1.614917,1.857375,0.03214225,0.0002336783,0.007622506,0.001567817,4.571265e-05,0.6273886,1.387984,0.2265784,0.001087771,0.2277312,1.615715,0.003915976300905504,1,0,0,,S3_f_peak,S3_f_peak
1737,5.3935464353564746e-05,1.6483085237742954e-07,4.0,0.0005134483653184623,278.8659962700687,2.9444047820084487e-12,354.4823850885055,1.5e-13,1.374928227613693,1,0,S3_f_peak,3.8454147,831763800.0,2.0673737,-0.6920807,1.375293,3.153334,-11.55242,0.0002637149,0.004730533,0.0005667018,0.0001566527,0.7881397,1.130717,0.06213551,0.0002567242,0.5782781,1.708996,0.0009242070575732322,0,0,0,S3_f_peak,S3_f_peak,S3_f_peak
1738,2.298457333234622e-05,6.432618648475297e-07,7.0,0.0016451132681566311,90.02858972487601,9.933618806932402e-12,493.65064730134935,1.5e-13,1.5169212860502674,1,0,S3_nyq_boost,0.9701689999999998,436515800.0,-2.3814645000000003,2.756937,0.3754725,3.727106,-11.28709,0.0003481237,0.003356263,0.0006073056,5.163589e-05,0.7041399,1.003683,0.3296349,0.0008225566,0.3902617,1.393944,0.002961203882681936,0,0,0,S3_nyq_boost,S3_nyq_boost,S3_nyq_boost
1739,2.1786600838353176e-05,6.311037728365886e-07,6.0,0.005934395619700258,572.7850621413149,9.554076083989463e-12,78.61409018542751,1.5e-13,1.152045854581123,1,0,S3_f_peak,9.381491999999998,1096478000.0,9.306057999999998,-17.22198,-7.915922,-7.840488,-10.99139,0.0004025563,0.005239309,0.001608914,8.340286e-05,0.5305096,1.874785,0.5450962,0.002967198,-0.308056,1.566729,0.010681912115460466,0,0,0,S3_f_peak,S3_f_peak,S3_f_peak
1740,4.2626697299827696e-05,2.8035840509558083e-07,2.0,0.002220842595345856,224.752541695551,8.499690082668039e-13,70.06554355734875,1.5e-13,1.1465181037459535,1,0,S3_f_peak,5.745210999999999,4786301000.0,5.155625999999999,-10.88497,-5.729344,-5.139759,-8.368828,0.0003015329,0.009178971,0.001656829,0.0001865214,0.6758144,1.465012,0.1577876,0.001110421,0.2571816,1.722194,0.003997516671622541,0,0,0,S3_f_peak,S3_f_peak,S3_f_peak
1741,7.835676487911906e-05,3.4291516243461713e-07,2.0,0.000979929855721143,972.3443230665771,1.2942899227629823e-13,485.4927770198237,1.5e-13,1.1988172644675652,1,0,S3_peaking,1.1753939999999998,2089296000.0,1.134788,-3.378878,-2.24409,-2.203484,-8.943616,0.0004292564,0.007404354,0.001281574,8.353248e-05,0.692494,1.164838,0.1067528,0.000489965,0.3972866,1.562125,0.0017638737402980577,0,0,0,S3_peaking,S3_peaking,S3_peaking
1742,3.6816697371094067e-05,3.7572189602956513e-07,6.0,0.000845312169714178,832.3216269243495,3.598605781601367e-13,52.1684206977474,1.5e-13,1.4213885274526579,1,0,S3_f_peak,9.041189999999999,8709636000.0,8.0489,-22.77667,-14.72777,-13.73548,-13.91827,0.00068584,0.004428635,0.0007592685,4.613186e-05,0.7442133,1.254144,0.1516372,0.0004226561,0.5238065,1.777951,0.0015215619054855204,0,0,0,S3_f_peak,S3_f_peak,S3_f_peak
1743,6.4026974043573e-05,1.8791429583252506e-07,2.0,0.0019925303189658413,146.86677465058006,3.0468851341463e-13,54.7778058910705,1.5e-13,1.3182960922800473,1,0,S3_f_peak,3.3400810000000005,9549926000.0,1.0881260000000008,-9.340619,-8.252493,-6.000538,-7.277129,0.0002901404,0.01353552,0.001901804,0.0003090065,0.7468206,1.294335,0.09371554,0.0009962663,0.4510913,1.745426,0.0035865545741385146,0,0,0,S3_f_peak,S3_f_peak,S3_f_peak
1744,2.8403303489739008e-05,1.569610364716536e-07,7.0,0.0005640542983866753,154.28915273717107,3.3320826030809804e-12,90.1360370155161,1.5e-13,1.4509547920778787,1,0,S3_peaking,2.434629000000001,1819701000.0,2.388594000000001,-11.3792,-8.990606,-8.944571,-14.29288,0.000404089,0.004136709,0.0004494025,0.0001687351,0.8079419,1.162502,0.07988544,0.0002820277,0.6120768,1.774579,0.0010152977370960156,0,0,0,S3_peaking,S3_peaking,S3_peaking
1745,5.2346106933572785e-05,5.136240844217507e-07,4.0,0.0030684665261693587,434.1060419093959,2.4334428138238418e-12,307.00084151445077,1.5e-13,1.5418420838369107,1,0,S3_f_peak,8.119429,1148154000.0,7.035240999999999,-2.126408,4.908833,5.993021,-5.823346,0.000231015,0.007862409,0.001368403,0.0001522408,0.7086139,0.8282608,0.2553461,0.001534234,0.5007283,1.328989,0.005523239747104846,0,0,0,S3_f_peak,S3_f_peak,S3_f_peak
1746,3.771602783480597e-05,2.3383369379104613e-07,4.0,0.0019570546582046108,875.7478912734691,1.026145914959758e-13,78.79536804405787,1.5e-13,1.5520121949206602,1,0,S3_f_peak,8.877104,10000000000.0,4.035629999999999,-18.08599,-14.05036,-9.208886,-10.66559,0.0006707756,0.008814348,0.001356178,0.000228996,0.7712272,1.128001,0.1550515,0.0009785274,0.5948954,1.722897,0.0035226983847682996,0,0,0,S3_f_peak,S3_f_peak,S3_f_peak
1747,6.973495955333217e-05,1.6187835889126299e-07,4.0,0.007596602403511261,392.2211631088716,5.307939529025229e-13,109.53663182248324,1.5e-13,1.369508008789342,1,0,S3_f_peak,11.667315,6309573000.0,8.9759338,-7.989897,0.9860368,3.677418,-0.2968862,0.0002108193,0.02572055,0.00332932,0.001215859,0.762696,0.9930923,0.1355798,0.003798301,0.3908546,1.383947,0.01367388432632027,0,0,0,S3_f_peak,S3_f_peak,S3_f_peak
1748,7.146546784317905e-05,2.1453473482388118e-07,7.0,0.004009282093707337,152.86224688322898,3.767872869919326e-13,476.6108510503979,1.5e-13,1.360117770333797,1,0,S3_peaking,-6.4000000000064e-05,10000000.0,-2.1171700000000007,8.481481,6.364311,8.481417,-3.42333,0.0001895718,0.01683889,0.002758063,0.0009491872,0.7504563,0.4348144,0.1553074,0.002004641,0.409752,0.8445663,0.007216707768673208,0,0,0,S3_peaking,S3_peaking,S3_peaking
1749,5.161365284575827e-05,1.8319007651740354e-07,4.0,0.0005275420987588778,63.943891267064245,8.883002604042922e-12,622.260048657999,1.5e-13,1.4722825335825416,1,0,S3_nyq_boost,0.5635940000000002,436515800.0,-3.887579,7.455669,3.56809,8.019263,-11.24238,0.0002525412,0.004780611,0.0006231452,0.0001346725,0.7899671,0.9959287,0.07227274,0.0002637711,0.639937,1.635866,0.00094957577776598,0,0,0,S3_nyq_boost,S3_nyq_boost,S3_nyq_boost
1750,2.689846423261991e-05,1.5434239605117778e-07,7.0,0.0019798024402370327,109.47598058498095,4.292445702808985e-13,745.3920832158551,1.5e-13,1.391148902994725,1,0,S3_peaking,-0.0001499999999996504,10000000.0,-4.394666999999999,10.0375,5.642833,10.03735,-8.072575,0.000226513,0.008212882,0.001023914,0.0005273457,0.7900978,0.6269327,0.1430107,0.0009899013,0.4352028,1.062135,0.003563644392426659,0,0,0,S3_peaking,S3_peaking,S3_peaking
1751,4.026018780402741e-05,6.0641828551999e-07,6.0,0.001933474324300874,366.294896113737,1.20017938606411e-12,509.20494322105566,1.5e-13,1.3194054453099773,1,0,S3_f_peak,3.7731529999999998,1047129000.0,1.7563829999999998,1.75926,3.515643,5.532413,-7.773819,0.0002914998,0.005249098,0.0009744729,6.20733e-05,0.682881,0.9950455,0.2661291,0.0009667376,0.3126872,1.307733,0.0034802537837415734,0,0,0,S3_f_peak,S3_f_peak,S3_f_peak
1752,8.405418117860497e-05,9.013943051496866e-07,4.0,0.0007059216598233204,153.28361908383934,4.342594951954248e-13,80.83040724717469,1.5e-13,1.5518798516656334,1,0,S3_f_peak,8.403122,19952620000.0,1.45017,-12.43374,-10.98357,-4.030618,-4.026317,0.0004873173,0.004038002,0.0006940258,2.068751e-05,0.7138766,1.086549,0.1578794,0.0003529608,0.6849211,1.77147,0.0012706589876819768,0,0,0,S3_f_peak,S3_f_peak,S3_f_peak
1753,8.024454324348329e-05,4.147491243163899e-07,7.0,0.0050676539471954584,97.67414928645066,2.8698725448145135e-13,459.9812069790652,1.5e-13,1.1474137154569206,1,0,S3_peaking,-9.200000000042508e-05,10000000.0,-3.4307090000000002,9.222733,5.792024,9.222641,-4.884947,0.0002043828,0.0133579,0.002644647,0.0006748927,0.6545113,0.4628578,0.2340317,0.002533827,0.1716294,0.6344872,0.009121777104951826,0,0,0,S3_peaking,S3_peaking,S3_peaking
1754,5.810408272630229e-05,8.899049843019275e-07,7.0,0.001160403908424233,225.87410089257983,5.972799240435913e-13,301.6679709330103,1.5e-13,1.3946720890437052,1,0,S3_peaking,0.7608250000000001,1584893000.0,0.5136400000000001,-1.78123,-1.26759,-1.020405,-4.50674,0.0003681306,0.00427091,0.000779753,2.712229e-05,0.6906769,1.164139,0.2287998,0.000580202,0.4608325,1.624972,0.0020887270351636193,0,0,0,S3_peaking,S3_peaking,S3_peaking
1755,7.684953520678584e-05,8.345714683637916e-07,3.0,0.0013930057784474004,90.87406790011788,2.0234328681817918e-12,332.5343488122735,1.5e-13,1.5641930174941134,1,0,S3_nyq_boost,0.45201499999999983,1047129000.0,-0.517118,2.971041,2.453923,3.423056,-2.176839,0.0002731953,0.005557592,0.0009725855,4.23453e-05,0.7044212,0.9356859,0.2078042,0.0006965029,0.632703,1.568389,0.002507410401205321,0,0,0,S3_nyq_boost,S3_nyq_boost,S3_nyq_boost
1756,9.727363280511975e-05,5.708058171718731e-07,2.0,0.00320037033849739,535.796446404007,1.31205938009513e-13,413.48411786210517,1.5e-13,1.2794921340259746,1,0,S3_peaking,-3.525000000000056e-05,10000000.0,-1.22823575,-0.09466625,-1.322902,-0.0947015,-6.126341,0.0003848048,0.01109273,0.002097395,0.0001516314,0.6613859,0.7798481,0.2092883,0.001600185,0.3585007,1.138349,0.005760666609295302,0,0,0,S3_peaking,S3_peaking,S3_peaking
1757,4.1729294951953276e-05,3.871646036602172e-07,8.0,0.0022365475714739573,333.784040536651,3.155140221349216e-13,398.5280132422864,1.5e-13,1.2812751881394,1,0,S3_peaking,0.7569140000000001,1819701000.0,0.585321,1.24527,1.830591,2.002184,-8.510779,0.0002976356,0.007188564,0.001331762,0.000106521,0.7031505,1.043706,0.2164648,0.001118275,0.3106302,1.354337,0.004025785628653123,0,0,0,S3_peaking,S3_peaking,S3_peaking
1758,4.161782670944246e-05,6.870305739316476e-07,3.0,0.005139823238354319,759.0135145180401,1.6117000892618512e-12,376.72735279337564,1.5e-13,1.3123917708339194,1,0,S3_f_peak,10.053573,1148154000.0,8.80902,-4.643869,4.165151,5.409704,-6.099654,0.0002765233,0.006740597,0.001482264,0.0002826984,0.6059002,0.7502782,0.4095974,0.002569912,0.08156576,0.831844,0.009251681829037774,0,0,0,S3_f_peak,S3_f_peak,S3_f_peak
1759,4.908210425974002e-05,1.7283434091991737e-07,3.0,0.0011965840621599839,847.4729849827288,2.9823444986647574e-13,317.95832387161346,1.5e-13,1.261926208208361,1,0,S3_f_peak,7.634943,3019952000.0,7.534554999999999,-5.71747,1.817085,1.917473,-7.892092,0.0002971651,0.008834866,0.001203868,0.0002314805,0.7602473,1.192098,0.08469958,0.000598292,0.4176698,1.609767,0.002153851311887971,0,0,0,S3_f_peak,S3_f_peak,S3_f_peak
1760,8.340911397650427e-05,9.085343439011554e-07,3.0,0.002561878361592831,88.33865217214093,3.218297735280885e-13,489.5489063947232,1.5e-13,1.5585882148424846,1,0,S3_peaking,-0.00011899999999975819,10000000.0,-3.991567,7.581803,3.590236,7.581684,-2.874307,0.0002606365,0.006992647,0.001278639,0.0001212258,0.685193,0.6244403,0.2735967,0.00128094,0.5484773,1.172918,0.004611381050867096,0,0,0,S3_peaking,S3_peaking,S3_peaking
1761,8.622746533070783e-05,5.11412608397306e-07,4.0,0.003219470129549274,396.53103395027375,3.0639479807650693e-12,455.9654124414834,1.5e-13,1.1486060948028018,1,0,S3_f_peak,8.836091999999999,912010800.0,6.481513,2.621738,9.103251,11.45783,-2.82749,0.0001912186,0.01103857,0.002150641,0.0001635088,0.6487788,0.827155,0.2074668,0.001609735,0.2388614,1.066016,0.005795046233188693,0,0,0,S3_f_peak,S3_f_peak,S3_f_peak
1762,2.3863755235087042e-05,2.1507274093937936e-07,4.0,0.0009382019120336829,726.448993611221,2.573506174834291e-12,731.6571731293485,1.5e-13,1.2163502480087505,1,0,S3_f_peak,8.0999125,602559600.0,3.6483345,0.9031975,4.551532,9.00311,-11.58029,0.0002815773,0.00497234,0.0008918364,0.0001360269,0.7377369,1.129754,0.1377984,0.0004691018,0.3270247,1.456779,0.0016887634416606293,0,0,0,S3_f_peak,S3_f_peak,S3_f_peak
1763,9.541513340082712e-05,1.5160000826067437e-07,2.0,0.0018945040338618187,144.35470525225014,2.504109936183027e-12,521.3309177635134,1.5e-13,1.4780328286394215,1,0,S3_f_peak,3.0111240000000006,1148154000.0,1.4800839999999997,9.872036,11.35212,12.88316,-3.155482,0.0001385861,0.01555155,0.00171796,0.0005988213,0.7925692,0.6995086,0.06908235,0.000947252,0.6066597,1.306168,0.003410107260951274,0,0,0,S3_f_peak,S3_f_peak,S3_f_peak
1764,6.713218114114461e-05,2.2758980242092814e-07,2.0,0.0029808932736950814,152.77071064595447,2.8022959964967956e-12,132.86506015411496,1.5e-13,1.149167524996921,1,1,,6.390115,2398833000.0,6.384892000000001,-1.515914,4.868978,4.874201,-3.122916,0.0001678661,0.01556103,0.002578008,0.0003636329,0.6942007,1.320631,0.1252225,0.001490447,0.2813375,1.601969,0.005365607892651147,1,0,1,,S3_f_peak,
1765,7.250194911433541e-05,2.4084419593462494e-07,6.0,0.0005604227190592393,64.83262979423614,3.272249736145742e-13,788.8970310996226,1.5e-13,1.1957854201904319,1,0,S3_peaking,-0.000280000000000058,10000000.0,-6.9293190000000005,10.08501,3.155691,10.08473,-9.992964,0.0002696743,0.005236084,0.0008858517,0.0001157567,0.7287594,1.163768,0.07998964,0.0002802114,0.4151739,1.578942,0.0010087608943066307,0,0,0,S3_peaking,S3_peaking,S3_peaking
1766,2.831663286617665e-05,1.718749956693637e-07,2.0,0.0007444932709933422,911.7174587343077,2.4738587392691384e-12,108.4802968075507,1.5e-13,1.2363625625964523,1,1,,11.276294,1584893000.0,11.169262,-16.44541,-5.276148,-5.169116,-11.95342,0.0003351253,0.005332635,0.0007316512,0.0001379436,0.7583438,1.363266,0.08597269,0.0003722466,0.3963513,1.759618,0.0013400878877880159,1,1,1,,,
1767,9.455086709282789e-05,8.416664940592063e-07,2.0,0.0009385712109577549,108.89485726581712,6.202882889468498e-13,55.34114013343067,1.5e-13,1.3373924004628237,1,0,S3_f_peak,9.290665,19952620000.0,1.3018400000000003,-13.37299,-12.07115,-4.082325,-4.075258,0.0004489287,0.005180866,0.0009549593,2.569796e-05,0.6740633,1.275265,0.1591307,0.0004692856,0.4987637,1.774029,0.0016894281797239588,0,0,0,S3_f_peak,S3_f_peak,S3_f_peak
1768,3.248879072871725e-05,9.652168959077354e-07,5.0,0.002570994009789244,499.5052460060867,1.5062445429972356e-12,264.71722958887165,1.5e-13,1.4264502053281631,1,1,,5.7184057,1258925000.0,5.117782,-6.416799,-1.299017,-0.6983933,-6.849023,0.0003656169,0.004028098,0.0008116274,4.554022e-05,0.6439163,1.234825,0.4334994,0.001285497,0.2248815,1.459707,0.00462778921762064,0,1,1,S3_f_peak,,
1769,2.8937557171059816e-05,1.7689466183636543e-07,2.0,0.0014494477364251754,140.1449999056338,7.635212288956255e-12,434.29520083618326,1.5e-13,1.409677105315992,1,0,S3_f_peak,3.3451489999999993,660693400.0,0.9371019999999994,5.842665,6.779767,9.187814,-8.028147,0.0002076518,0.007838686,0.001052561,0.0002267616,0.7720274,0.9959062,0.1166863,0.000724724,0.4893497,1.485256,0.0026090059255653155,0,0,0,S3_f_peak,S3_f_peak,S3_f_peak
1770,4.950602912522828e-05,3.492863480775951e-07,4.0,0.004170574141004167,269.6634483933484,4.658310692474955e-13,605.4132315902277,1.5e-13,1.3851842827679421,1,0,S3_peaking,-0.00010500000000002174,10000000.0,-1.7309690000000002,-1.463703,-3.194672,-1.463808,-8.889746,0.0003263927,0.007450277,0.001408948,0.004247074,0.6917824,0.2295802,0.2512242,0.002085287,0.3079594,0.5375396,0.007507033453807502,0,0,0,headroom,S3_peaking,headroom
1771,3.173920887417508e-05,1.752004045286348e-07,5.0,0.002260776219058046,543.9653031448074,5.543941180159715e-12,130.6692663443851,1.5e-13,1.2054884633790255,1,1,,11.790951,1258925000.0,11.565755,-10.35707,1.208685,1.433881,-6.901383,0.0002173098,0.009622038,0.00153772,0.0002681314,0.7524906,1.372997,0.1442459,0.001130388,0.2792938,1.652291,0.004069397194304483,0,0,1,S3_f_peak,S3_peaking,
1772,4.93502704038849e-05,2.048819361842048e-07,3.0,0.0010875522271528394,501.33191333559097,3.207298430076882e-13,70.14767389634817,1.5e-13,1.2134609226370014,1,0,S3_f_peak,8.200444000000001,6606934000.0,6.268309,-15.60727,-9.338961,-7.406826,-10.01449,0.0004340209,0.008045919,0.001255835,0.000224261,0.7227907,1.373139,0.09574197,0.0005437761,0.3887155,1.761854,0.001957594008875111,0,0,0,S3_f_peak,S3_f_peak,S3_f_peak
1773,7.475743346823089e-05,6.880958593692445e-07,2.0,0.0007288729591449179,108.1604322218289,1.6917272842609037e-12,374.1298986245311,1.5e-13,1.5037905751985072,1,0,S3_nyq_boost,0.30059199999999997,870963600.0,-1.07322,2.195177,1.121957,2.495769,-4.135993,0.0003097195,0.004451984,0.0007614292,2.734264e-05,0.7107186,1.014265,0.1443633,0.0003644367,0.6493881,1.663653,0.0013119713264608522,0,0,0,S3_nyq_boost,S3_nyq_boost,S3_nyq_boost
1774,2.5792436258380657e-05,4.88890000153942e-07,8.0,0.002559555236585483,55.88992674964265,2.1853451932058715e-12,220.99982551416855,1.5e-13,1.3459165235250095,1,0,S3_nyq_boost,0.23523240000000006,1258925000.0,-0.16920559999999996,-0.6350379,-0.8042435,-0.3998055,-10.37868,0.000309957,0.004971496,0.000953283,6.615025e-05,0.6808473,1.297038,0.3262462,0.001279778,0.2201315,1.517169,0.004607199425853869,0,0,0,S3_nyq_boost,S3_nyq_boost,S3_nyq_boost
1775,9.752970387233612e-05,4.990348090009262e-07,3.0,0.0014591315802864305,120.56314734550637,7.605437851121973e-12,85.85835541048428,1.5e-13,1.556536954310797,1,1,,3.8658750000000004,1905461000.0,3.8535760000000003,-6.818386,-2.96481,-2.952511,-4.156469,0.0002466143,0.008557812,0.001394608,7.494671e-05,0.729277,1.059349,0.1430489,0.0007295658,0.6780113,1.737361,0.002626436844515575,0,1,1,S3_f_peak,,
1776,2.874140982343927e-05,2.1399658433604913e-07,5.0,0.001021854371856327,222.20982095064622,8.361009553214266e-13,62.702797941426006,1.5e-13,1.5620629849448038,1,0,S3_f_peak,4.070186,4365158000.0,3.7548199999999987,-13.80027,-10.04545,-9.730084,-12.64616,0.0004131353,0.005734572,0.00086726,0.0001592294,0.7925925,1.135583,0.1337582,0.0005109331,0.6323807,1.767963,0.0018393378693413885,0,0,0,S3_f_peak,S3_f_peak,S3_f_peak
1777,7.983994648934844e-05,4.857912421160855e-07,7.0,0.0005622609236143394,69.19160454110545,1.8535498777541779e-13,612.3338581484699,1.5e-13,1.5876302780667766,1,0,S3_peaking,-0.00018899999999977268,10000000.0,-5.45484,6.913094,1.458254,6.912905,-7.649637,0.0003012546,0.004343082,0.0006932533,3.961241e-05,0.7568217,0.8832275,0.1094325,0.0002811338,0.7446268,1.627854,0.0010120696625058108,0,0,0,S3_peaking,S3_peaking,S3_peaking
1778,6.799230395267745e-05,8.670376547454703e-07,5.0,0.003946453050137356,473.6796298643633,3.2621717043668335e-13,113.03724390091011,1.5e-13,1.2662275597548427,1,0,S3_f_peak,6.8886780000000005,19952620000.0,5.136874000000001,-11.36273,-6.225856,-4.474052,-4.473711,0.0004244005,0.007764121,0.001617294,7.095759e-05,0.6234302,1.379103,0.3425794,0.001973227,0.1978486,1.576952,0.007103615490247241,0,0,0,S3_f_peak,S3_f_peak,S3_f_peak
1779,2.3533286043797772e-05,9.698592541247453e-07,1.0,0.0028753155943683157,140.71396100859172,1.492689922876176e-13,145.52446938740468,1.5e-13,1.2547180213712081,1,0,S3_peaking,-4.999999999810711e-06,10000000.0,-0.2703520000000008,-8.698044,-8.968396,-8.698049,-11.31713,0.0005338758,0.00326747,0.0007950264,3.928769e-05,0.553332,1.628603,0.4890535,0.001437658,-0.0378188,1.590784,0.005175568069862968,0,0,0,S3_peaking,S3_peaking,S3_peaking
1780,8.261440085712907e-05,3.3099173852760097e-07,4.0,0.005310844628590047,99.53686157538526,2.577235135607913e-13,124.37326318376425,1.5e-13,1.2060308562106765,1,0,S3_peaking,-1.4999999999876223e-06,10000000.0,-0.10369224999999999,0.1721575,0.06846525,0.172156,-4.403914,0.0002100871,0.01681139,0.003119408,0.0003325263,0.6716335,1.204856,0.1916813,0.002655422,0.2648796,1.469736,0.009559520331462084,0,0,0,S3_peaking,S3_peaking,S3_peaking
1781,5.5409887301800784e-05,1.715169233912393e-07,5.0,0.0017724775092820694,642.0226015654798,1.2911419511805014e-13,166.14052438545028,1.5e-13,1.1251325939845427,1,0,S3_f_peak,5.100518999999999,6606934000.0,3.0014909999999997,-8.994829,-5.993338,-3.89431,-7.637281,0.0004009379,0.01159669,0.001716971,0.0003134798,0.7457033,1.364905,0.09505434,0.0008862388,0.2878526,1.652757,0.003190459516707725,0,0,0,S3_f_peak,S3_f_peak,S3_f_peak
1782,5.2446209851132394e-05,8.407500592061813e-07,1.0,0.0006080366201817144,248.13412696252198,7.319015046789441e-12,390.1063771008953,1.5e-13,1.5782550434534837,1,0,S3_f_peak,2.840536,501187200.0,0.8704877000000001,-1.660344,-0.7898563,1.180192,-4.974843,0.0003528278,0.003089039,0.0005317029,1.891785e-05,0.7094156,0.9915528,0.1719831,0.0003040209,0.6898477,1.681401,0.001094465916327086,0,0,0,S3_f_peak,S3_f_peak,S3_f_peak
1783,4.7328932846118925e-05,6.01580509017742e-07,6.0,0.0008313499977728605,509.6510970140121,2.629744450757993e-12,128.86806020908875,1.5e-13,1.260340362616574,1,1,,6.502664000000001,1584893000.0,6.435575000000001,-12.67303,-6.237455,-6.170366,-8.208945,0.0003996278,0.003991755,0.0007285909,2.625215e-05,0.6935188,1.358262,0.1726186,0.0004156751,0.3881706,1.746433,0.001496429995991149,1,1,1,,,
1784,5.037394717287315e-05,2.8299704617795253e-07,4.0,0.0012320252876114309,400.96785004886686,3.3753717042311307e-13,137.80330998038275,1.5e-13,1.3166665389476553,1,0,S3_f_peak,5.239464,4365158000.0,4.500839,-8.659046,-4.158207,-3.419582,-8.912556,0.0003538969,0.007520616,0.001269987,0.0001360955,0.7247049,1.259334,0.127318,0.0006160159,0.4557768,1.715111,0.0022176455177005754,0,0,0,S3_f_peak,S3_f_peak,S3_f_peak
1785,3.4300464707498794e-05,6.604744347042722e-07,5.0,0.004676854391547551,53.38943982577181,1.2088883687030999e-12,404.3905032253256,1.5e-13,1.2797245713197833,1,0,S3_peaking,-4.999999999988347e-05,10000000.0,-2.277098,5.728706,3.451608,5.728656,-7.436681,0.000273731,0.006181248,0.001349806,0.0002122414,0.6150269,0.8244997,0.4315391,0.002338427,0.02986256,0.8543622,0.008418337904785592,0,0,0,S3_peaking,S3_peaking,S3_peaking
1786,4.8328068232548804e-05,2.543551929346116e-07,3.0,0.0011122440737192125,467.42343767512574,1.5082369665779296e-12,62.833347718803026,1.5e-13,1.1708390158989386,1,0,S3_f_peak,9.211555999999998,3311311000.0,9.165423999999998,-16.37955,-7.214126,-7.167994,-10.02294,0.0003381481,0.007461846,0.001285556,0.0001548619,0.7020469,1.421546,0.1141783,0.000556122,0.3435101,1.765056,0.0020020393326945825,0,0,0,S3_f_peak,S3_f_peak,S3_f_peak
1787,8.579708810243949e-05,1.525243124453968e-07,2.0,0.0016241057155720639,595.9833607624543,2.1802192404757594e-12,153.0839013899708,1.5e-13,1.4852544841181228,1,0,S3_peaking,13.430364,1995262000.0,13.346798,-8.754731,4.592067,4.675633,-4.518272,0.0001741161,0.01341963,0.001481384,0.000417801,0.7938202,1.047564,0.06426511,0.0008120529,0.6281232,1.675688,0.002923390288029715,1,0,0,,S3_peaking,S3_peaking
1788,7.509900617768606e-05,3.3478829780638385e-07,1.0,0.0028652483272213806,141.00643056687315,1.3792039226086524e-12,194.9568117501151,1.5e-13,1.412255937446795,1,1,,3.6314639999999994,2398833000.0,3.6276979999999996,1.461051,5.088749,5.092515,-4.045056,0.000193249,0.0126398,0.002087501,0.0001671591,0.7116543,1.023709,0.1561247,0.001432625,0.4969908,1.5207,0.005157446988998485,0,0,1,S3_peaking,S3_f_peak,
1789,5.716800854667947e-05,4.860752088238146e-07,7.0,0.001209245089346851,100.95823656999455,4.228326859543666e-12,226.51424003808768,1.5e-13,1.4585946584924414,1,0,S3_peaking,1.8539258,1148154000.0,1.171953,-0.2131748,0.9587782,1.640751,-6.978886,0.0002723403,0.005864939,0.0009898817,5.587447e-05,0.7326064,1.110281,0.1663627,0.0006046225,0.5527636,1.663044,0.0021766411608243317,0,0,0,S3_peaking,S3_peaking,S3_peaking
1790,9.218788749471027e-05,7.856460455132176e-07,7.0,0.0008078575422428081,790.5897847594103,7.486427479457925e-12,221.57509328929996,1.5e-13,1.1085483621827807,1,0,S3_f_peak,10.008509400000001,724436000.0,9.6036525,-9.784971,-0.1813185,0.2235384,-1.573238,0.000290772,0.004802791,0.0009418366,2.275663e-05,0.6526977,1.399634,0.1471195,0.0004039297,0.3108643,1.710498,0.0014541435760370546,0,0,0,S3_f_peak,S3_f_peak,S3_f_peak
1791,9.204426190081045e-05,4.638575631715054e-07,2.0,0.006934926285617725,122.77703705226264,1.0388953992204259e-13,349.983520042491,1.5e-13,1.4167037614315534,1,0,S3_peaking,-5.1299999999976365e-05,10000000.0,-2.1554021,-0.4188969,-2.574299,-0.4189482,-7.113964,0.000265637,0.0114955,0.002228291,0.00578439,0.666077,0.2566854,0.2718405,0.003467463,0.3297596,0.586445,0.012482867314111905,0,0,0,headroom,S3_peaking,headroom
1792,5.6135468413017945e-05,5.595341323755225e-07,5.0,0.0009233308722978462,113.41959466144324,6.744177161264541e-13,249.40541867341992,1.5e-13,1.4818697350062697,1,0,S3_nyq_boost,0.010521499999999961,724436000.0,-0.46364819999999995,-0.9440138,-1.407662,-0.9334923,-7.380675,0.0003349263,0.004776709,0.0008088162,3.710853e-05,0.725086,1.093339,0.1616955,0.0004616701,0.5915187,1.684858,0.0016619955701361233,0,0,0,S3_peaking,S3_nyq_boost,S3_nyq_boost
1793,7.282090351229643e-05,5.492671873684984e-07,1.0,0.005013248187998463,285.3700004117667,2.2350745074987877e-13,63.18027701105703,1.5e-13,1.1132527205780582,1,0,S3_f_peak,5.378759,15848930000.0,2.06921,-12.45777,-10.38856,-7.079011,-7.094543,0.0004111095,0.01112283,0.002359772,0.0001212961,0.6104983,1.520233,0.2635241,0.002506624,0.1213944,1.641627,0.009023846738397233,0,0,0,S3_f_peak,S3_f_peak,S3_f_peak
1794,7.277884179502641e-05,1.596504626784548e-07,7.0,0.004418367925534974,65.69859516803848,1.6384409679008616e-13,206.44026680318788,1.5e-13,1.2621467662934154,1,0,S3_peaking,-1.7999999999851468e-05,10000000.0,-0.9953699999999994,6.662976,5.667606,6.662958,-3.827095,0.0001594265,0.0210036,0.002756984,0.0009733935,0.7671625,0.9792054,0.1176637,0.002209184,0.36473,1.343935,0.007953062265962953,0,0,0,S3_peaking,S3_peaking,S3_peaking
1795,6.693876941709165e-05,2.8731022513690733e-07,2.0,0.004479961453409091,417.34764856204583,7.993348799886779e-12,181.19683755866785,1.5e-13,1.1590068196270513,1,0,S3_f_peak,12.781731,1047129000.0,12.238617,-4.986643,7.251974,7.795088,-2.884766,0.0001586622,0.01503431,0.002740654,0.0003299905,0.6706646,1.161574,0.1722888,0.002239981,0.2325484,1.394122,0.008063930616136365,0,0,0,S3_f_peak,S3_peaking,S3_f_peak
1796,2.7527982241971592e-05,2.8350113616780264e-07,3.0,0.0006555364914875434,245.57893708997986,2.1935406347728917e-13,130.7677153388074,1.5e-13,1.1658609617166316,1,0,S3_peaking,0.8314880000000002,3801894000.0,0.6591299999999993,-9.728076,-9.068946,-8.896588,-13.9423,0.0004944446,0.003974097,0.0007276069,6.073389e-05,0.7087918,1.433361,0.1284095,0.0003277682,0.3237772,1.757138,0.0011799656846775781,0,0,0,S3_peaking,S3_peaking,S3_peaking
1797,5.6363399734886944e-05,2.685366828858636e-07,6.0,0.0023771996474178845,215.5953720317336,3.7694001225458114e-12,431.7214291764428,1.5e-13,1.3284532182521707,1,0,S3_f_peak,5.672562,954992600.0,3.70141,5.475248,9.176658,11.14781,-5.130268,0.0001855485,0.01095619,0.001901047,0.0002452294,0.7344512,0.8779574,0.1567074,0.0011886,0.4088986,1.286856,0.004278959365352192,0,0,0,S3_f_peak,S3_f_peak,S3_f_peak
1798,2.7588077959446882e-05,4.5805617143635463e-07,7.0,0.0032233943204326094,67.98207369355306,4.1471807691434764e-13,659.3745826846721,1.5e-13,1.3161756264300728,1,0,S3_peaking,-0.0001430000000013365,10000000.0,-4.746201000000001,8.113359,3.367158,8.113216,-10.16082,0.0002782891,0.005530898,0.001089069,0.0003000228,0.669684,0.5763589,0.3368705,0.001611697,0.160929,0.7372879,0.005802109776778697,0,0,0,S3_peaking,S3_peaking,S3_peaking
1799,2.4084599805842135e-05,2.0569564482934684e-07,4.0,0.0029229586191799285,881.1297676160513,9.057737625812357e-13,262.9375599651676,1.5e-13,1.5541379085533404,1,1,,11.676932,1995262000.0,11.52632,-8.091839,3.434481,3.585093,-8.168619,0.0002611616,0.007873914,0.001247433,0.0003372753,0.7723927,0.9271898,0.2041258,0.001461479,0.4885324,1.415722,0.005261325514523871,1,0,1,,S3_peaking,
1800,9.851304255564141e-05,3.0814867822280597e-07,7.0,0.0009689055109907119,682.7521090274679,9.454618761230636e-13,327.5611320510565,1.5e-13,1.3456587109579026,1,1,,9.130643,1584893000.0,8.502557,-4.229823,4.272734,4.90082,-6.121506,0.0002560489,0.008025253,0.001328271,0.0001270074,0.7326355,1.107789,0.0967094,0.0004844529,0.533523,1.641312,0.0017440299197832815,1,1,1,,,
1801,6.406524140735091e-05,3.1841859117767425e-07,5.0,0.004668486389210896,228.34815890693022,8.045045690496735e-13,428.6999180184885,1.5e-13,1.3096461857464434,1,0,S3_peaking,2.427684,1905461000.0,2.2305859999999997,5.018429,7.249015,7.446113,-4.216127,0.0001964034,0.01300739,0.002376682,0.0006864553,0.696903,0.4836447,0.2092666,0.002334243,0.3156654,0.7993101,0.008403275500579612,0,0,0,S3_peaking,S3_peaking,S3_peaking
1802,8.793825662989581e-05,8.791661443334432e-07,4.0,0.003036537022190102,254.24314664027733,1.9178884190573648e-12,193.6946539526426,1.5e-13,1.544558778594785,1,1,,5.356680000000001,1905461000.0,5.261668,-3.150542,2.111126,2.206138,-0.6568653,0.000248251,0.008016185,0.001468677,8.059877e-05,0.6841519,0.980824,0.2802032,0.001518269,0.5250955,1.50592,0.005465766639942184,1,1,1,,,
1803,6.182773453674011e-05,2.603067640964987e-07,6.0,0.0018855540962455196,470.43775688885876,5.761282548922812e-13,104.68596191167556,1.5e-13,1.1934653947832388,1,0,S3_f_peak,9.578577,4365158000.0,8.800214,-11.1219,-2.321686,-1.543323,-6.501169,0.0002971861,0.01074243,0.001919981,0.000200036,0.7129029,1.368722,0.1333031,0.000942777,0.3325817,1.701304,0.0033939973732419353,0,0,0,S3_f_peak,S3_f_peak,S3_f_peak
1804,6.668523122873062e-05,3.817711875389047e-07,1.0,0.0008478947505737769,79.97063927554944,1.5675366536446112e-12,188.08309802108985,1.5e-13,1.1156972790721944,1,0,S3_peaking,0.6762733000000001,1737801000.0,0.5375333,-1.03237,-0.4948367,-0.3560967,-7.569566,0.0002841105,0.00614061,0.001109115,4.741353e-05,0.6721823,1.395516,0.1121072,0.0004239474,0.3247438,1.72026,0.0015262105510327985,0,0,0,S3_peaking,S3_peaking,S3_peaking
1805,6.255678936787834e-05,2.3139279233248155e-07,5.0,0.005342189265525604,143.87656717255567,3.4131998136741356e-12,102.31319786487971,1.5e-13,1.1976294047745424,1,0,S3_f_peak,7.066541,2630268000.0,7.064375,-3.13136,3.933015,3.935181,-2.393141,0.0001607543,0.01768626,0.003166469,0.0005442652,0.695059,1.277712,0.1741936,0.002671095,0.2489988,1.526711,0.009615940677946088,1,0,0,,S3_f_peak,S3_f_peak
1806,5.372912786029627e-05,3.0888761214892176e-07,4.0,0.004263996730527547,103.32198382621706,5.010877978219502e-12,249.67421713381182,1.5e-13,1.4793054492336948,1,1,,3.5755240000000006,1258925000.0,2.9062,4.20625,7.11245,7.781774,-4.478218,0.0001763214,0.01189095,0.002023063,0.0003665815,0.7230648,0.8065285,0.2076294,0.002131998,0.4611664,1.267695,0.007675194114949585,0,1,1,S3_f_peak,,
1807,4.441654864870453e-05,8.341702487708706e-07,6.0,0.0013166477778139179,502.7960354115748,8.069191069221105e-13,116.64471706371359,1.5e-13,1.3255503690545025,1,0,S3_f_peak,6.612369,19952620000.0,5.841321,-13.4597,-7.618379,-6.847331,-6.846847,0.0004604433,0.004029672,0.0007585162,2.705684e-05,0.6759084,1.365377,0.2600029,0.0006583239,0.3578325,1.72321,0.0023699660000650524,0,0,0,S3_f_peak,S3_f_peak,S3_f_peak
1808,5.008670281521489e-05,2.869133809320432e-07,4.0,0.0023459639977904253,240.38068115286927,9.881366768276436e-13,54.65692464401191,1.5e-13,1.2711153412522298,1,0,S3_f_peak,6.795221,5248075000.0,6.180122,-12.98973,-6.809608,-6.194509,-8.323091,0.0003021921,0.01008695,0.001774144,0.000195055,0.7056339,1.371719,0.1614338,0.001172982,0.3641688,1.735888,0.004222735196022766,0,0,0,S3_f_peak,S3_f_peak,S3_f_peak
1809,3.5770502695886035e-05,1.6681221819856045e-07,6.0,0.002608573766696486,762.9390186960375,4.5209933379251196e-13,305.463773829054,1.5e-13,1.57155051726662,1,0,S3_f_peak,9.390787,2884032000.0,9.341101,-5.153094,4.188007,4.237693,-6.013097,0.0002524071,0.01069317,0.001326096,0.0004758041,0.8053571,0.8086062,0.148508,0.001304287,0.5929814,1.401588,0.0046954327800536756,0,0,0,S3_f_peak,S3_f_peak,S3_f_peak
1810,8.303569370812646e-05,6.778751913282659e-07,4.0,0.0005131850768941943,207.53988899487678,1.8616756267125976e-12,97.74841959468337,1.5e-13,1.2917048471508206,1,0,S3_f_peak,7.403721000000001,19952620000.0,3.3381480000000003,-12.00176,-8.663612,-4.598039,-4.595533,0.0004338532,0.003763242,0.0006785702,1.890946e-05,0.6885445,1.27845,0.1192693,0.0002565925,0.4964679,1.774918,0.0009237331384095498,0,0,0,S3_f_peak,S3_f_peak,S3_f_peak
1811,3.4607425743652303e-05,3.0462351023951636e-07,7.0,0.004240992125027694,51.04983994481248,6.093856735796517e-13,444.2767010763937,1.5e-13,1.2324469302116532,1,0,S3_peaking,-6.899999999987472e-05,10000000.0,-2.8629179999999996,8.758047,5.895129,8.757978,-7.240045,0.0002173025,0.00883932,0.001773767,0.0003445082,0.6863489,0.7049099,0.2593918,0.002120496,0.1530031,0.857913,0.007633785825049849,0,0,0,S3_peaking,S3_peaking,S3_peaking
1812,5.342135205485845e-05,2.7063601712736183e-07,3.0,0.0007994297967695623,153.6552202418389,1.7890972625744952e-13,679.9705330111552,1.5e-13,1.4985388408744456,1,0,S3_peaking,-0.00019700000000000273,10000000.0,-5.630823,8.091521,2.460698,8.091324,-10.31653,0.0002856877,0.006121054,0.0009356054,0.000128782,0.755761,0.8856739,0.1043658,0.0003997149,0.6425317,1.528206,0.001438973634185212,0,0,0,S3_peaking,S3_peaking,S3_peaking
1813,2.3150709070980907e-05,2.2409016595689127e-07,3.0,0.003962144342375487,66.38908656493939,2.401299851280867e-12,89.35428452864245,1.5e-13,1.2446706322636363,1,0,S3_peaking,1.7784819999999995,3019952000.0,1.7522629999999997,-5.439524,-3.687261,-3.661042,-8.874958,0.0002651329,0.008093336,0.001555088,0.0002648036,0.6946043,1.454016,0.232042,0.001981072,0.168965,1.622981,0.0071318598162758776,0,0,0,S3_peaking,S3_peaking,S3_peaking
1814,9.643896626297252e-05,3.510937403727017e-07,6.0,0.0012982593801408012,914.9168395187858,3.169492039154316e-13,525.7401067563693,1.5e-13,1.4052062937127936,1,1,,5.426248,1995262000.0,5.244321,-1.923151,3.32117,3.503097,-6.110407,0.0003072519,0.0092031,0.001518742,0.0001350577,0.7305778,0.8952327,0.1158621,0.0006491298,0.5634938,1.458726,0.002336866884253442,1,1,1,,,
1815,7.304643496765286e-05,7.553610161374652e-07,5.0,0.0005885122892262133,76.03954872105365,6.173944805680147e-12,184.40192313765786,1.5e-13,1.4490231574156447,1,0,S3_peaking,1.1008649999999998,1995262000.0,1.095227,-4.688121,-3.592894,-3.587256,-3.739297,0.0003528537,0.00369616,0.0006427243,1.945425e-05,0.7105529,1.139815,0.1421219,0.000294259,0.6059232,1.745739,0.001059322120607184,0,0,0,S3_f_peak,S3_peaking,S3_peaking
1816,4.500899124629444e-05,5.045255485569395e-07,8.0,0.0022307083682552935,132.2183008822315,1.2306868323815932e-12,51.00874163700491,1.5e-13,1.5358508551498657,1,0,S3_f_peak,3.155042,10471290000.0,2.64808,-13.07779,-10.42971,-9.922748,-9.961018,0.0003791146,0.006605872,0.001116397,6.96561e-05,0.7317295,1.230855,0.2439693,0.001115354,0.5122521,1.743107,0.004015275062859529,0,0,0,S3_f_peak,S3_f_peak,S3_f_peak
1817,9.421667468160131e-05,3.1253744507251567e-07,1.0,0.0036444435288509416,53.418198852182385,5.457208994503956e-13,64.70936921496498,1.5e-13,1.2577655307386482,1,0,S3_peaking,0.5937670000000002,6606934000.0,0.23070400000000024,-2.996973,-2.766269,-2.403206,-4.32486,0.0001997263,0.01691672,0.002894596,0.0001811822,0.6928381,1.312879,0.1468971,0.001822224,0.3692048,1.682084,0.006559998351931695,0,0,0,S3_peaking,S3_peaking,S3_peaking
1818,5.6555765643370064e-05,7.152392998289624e-07,2.0,0.0008880135902106935,443.2456168039574,2.4394875660312163e-13,139.43655116978476,1.5e-13,1.5047408224943817,1,0,S3_f_peak,3.538559000000001,19952620000.0,2.498914000000001,-11.10016,-8.601246,-7.561601,-7.56149,0.0005296982,0.004203068,0.0007317927,2.731241e-05,0.704362,1.128516,0.1783622,0.0004440068,0.6095729,1.738089,0.0015984244623792484,0,0,0,S3_f_peak,S3_f_peak,S3_f_peak
1819,8.936695786402072e-05,2.6662469953297043e-07,7.0,0.0006814181258402418,682.2223151071622,1.2313167464929807e-13,53.5281200199574,1.5e-13,1.193108842476244,1,0,S3_f_peak,8.42226,19952620000.0,3.1786199999999987,-20.49646,-17.31784,-12.0742,-12.07165,0.0007766588,0.006256766,0.001075843,0.0001136062,0.7196974,1.364329,0.08254689,0.0003407102,0.4174333,1.781762,0.0012265526265124354,0,0,0,S3_f_peak,S3_f_peak,S3_f_peak
1820,3.166403929820184e-05,2.5512850021038477e-07,7.0,0.003996918859662294,136.03243053555784,1.4880073604341567e-13,224.23690183131149,1.5e-13,1.5644863583711375,1,0,S3_peaking,-1.8000000000073513e-05,10000000.0,-0.9322564,1.111491,0.1792346,1.111473,-8.560401,0.0002633314,0.009225159,0.001583622,0.0002907561,0.7667982,0.9037125,0.238327,0.001998459,0.4481592,1.351872,0.007194453947392129,0,0,0,S3_peaking,S3_peaking,S3_peaking
1821,7.210259318513402e-05,3.466062754165033e-07,4.0,0.0009508401656742689,916.4464048654478,1.930142560072718e-12,73.31653566714061,1.5e-13,1.163773989451603,1,0,S3_peaking,13.067484999999998,2630268000.0,13.066098999999998,-19.48963,-6.423531,-6.422145,-8.337923,0.0003420729,0.00690922,0.001230549,8.763828e-05,0.6898085,1.399551,0.1107338,0.0004754201,0.3655909,1.765142,0.001711512298213684,0,0,0,S3_f_peak,S3_peaking,S3_peaking
1822,6.611504954515349e-05,3.7334912677144357e-07,1.0,0.0015695122563325458,164.40368563811992,1.9430705077072374e-13,62.311175096243986,1.5e-13,1.388344760116139,1,0,S3_f_peak,1.555492000000001,10471290000.0,0.40866000000000113,-10.67965,-10.27099,-9.124158,-9.512591,0.0003844314,0.008635012,0.001439381,8.185514e-05,0.7089575,1.236411,0.1405149,0.0007847564,0.5146896,1.751101,0.0028251220613985826,0,0,0,S3_f_peak,S3_f_peak,S3_f_peak
1823,5.022536637098567e-05,1.8600075498180286e-07,7.0,0.0069853713681014935,105.12985825945853,3.4059084995182904e-12,195.27098000173902,1.5e-13,1.3916604055054234,1,1,,4.654648999999999,1995262000.0,4.570907999999999,3.556646,8.127554,8.211295,-1.811951,0.0001476524,0.01770138,0.002919957,0.0008521894,0.7577017,0.7876645,0.2011876,0.003492686,0.3303154,1.11798,0.012573668462582689,1,1,1,,,
1824,4.385094284721077e-05,2.9105889293679347e-07,4.0,0.006491470894138509,83.59379249252574,3.056670204582583e-13,283.12643555008424,1.5e-13,1.365562912173547,1,0,S3_peaking,-2.700000000022129e-05,10000000.0,-1.3551549999999999,5.217168,3.862013,5.217141,-6.056185,0.0002122725,0.01161347,0.002184914,0.0006975094,0.6914788,0.637207,0.2544994,0.003245735,0.2438395,0.8810465,0.011684647609449317,0,0,0,S3_peaking,S3_peaking,S3_peaking
1825,2.4230241328486976e-05,1.642475794970996e-07,8.0,0.0011182112943853113,900.4278956314477,2.787083135144418e-13,238.25805120691405,1.5e-13,1.5633595304795243,1,0,S3_f_peak,7.647508,3162278000.0,7.493849000000001,-9.501533,-2.007684,-1.854025,-11.16875,0.0003798634,0.005732479,0.0006581724,0.0002919805,0.8340465,1.031347,0.1132835,0.0005591056,0.6354412,1.666789,0.0020127803298935604,0,0,0,S3_f_peak,S3_f_peak,S3_f_peak
1826,7.080711135986412e-05,2.3809792864318433e-07,2.0,0.0031499084669451187,665.3622531575083,3.3227635520576513e-12,67.18603753955759,1.5e-13,1.1129185177512633,1,0,S3_peaking,16.752401369999998,2754229000.0,16.74907476,-16.71446,0.03461476,0.03794137,-4.00577,0.0001961312,0.01606619,0.00273892,0.0003430315,0.6838545,1.443381,0.1287274,0.001574954,0.2507986,1.69418,0.005669835240501214,0,0,0,S3_peaking,S3_peaking,S3_peaking
1827,3.1803466840637145e-05,2.206704095677259e-07,4.0,0.003630060363976783,187.18484169731337,1.4881524858806396e-12,51.71235439758758,1.5e-13,1.3082900560737665,1,0,S3_f_peak,5.987990999999999,4570882000.0,5.683712,-12.31683,-6.633118,-6.328839,-8.764238,0.0002815096,0.0101181,0.001799174,0.0003096289,0.7208317,1.408529,0.1995353,0.00181503,0.2976113,1.70614,0.006534108655158209,0,0,0,S3_f_peak,S3_f_peak,S3_f_peak
1828,2.7314502000559526e-05,2.1044570081320584e-07,2.0,0.006851205196242299,255.5978974187953,1.0622281538853154e-12,56.77932154005213,1.5e-13,1.432745783658668,1,0,S3_f_peak,7.235794,5011872000.0,6.730783000000001,-13.22563,-6.494847,-5.989836,-8.670524,0.0002980435,0.009916307,0.001724649,0.0005059094,0.6987256,1.349711,0.2278374,0.003425603,0.2557848,1.605496,0.012332169353236139,0,0,0,S3_f_peak,S3_f_peak,S3_f_peak
1829,7.346339195731893e-05,9.610703859157445e-07,5.0,0.0032099820673160105,334.224264897378,2.242417685040797e-13,644.6212801652998,1.5e-13,1.114158195865205,1,0,S3_peaking,-0.00017400000000034055,10000000.0,-4.0627255,4.941916,0.8791905,4.941742,-4.13667,0.0003680409,0.006924334,0.001525871,0.0001413773,0.5965288,0.6599325,0.324399,0.001604991,0.1054562,0.7653886,0.005777967721168819,0,0,0,S3_peaking,S3_peaking,S3_peaking
1830,4.272409850697804e-05,2.2393754415048185e-07,7.0,0.003984829793102494,170.31906169614274,1.8682463684174266e-13,249.0280052906456,1.5e-13,1.5454602810155431,1,0,S3_peaking,-1.4999999999876223e-05,10000000.0,-0.7940509999999998,2.196405,1.402354,2.19639,-6.346662,0.0002420145,0.01219574,0.001981001,0.0004524885,0.7767361,0.8005491,0.1972098,0.001992415,0.5032838,1.303833,0.0071726936275844895,0,0,0,S3_peaking,S3_peaking,S3_peaking
1831,5.877390017026632e-05,1.5337039063576984e-07,4.0,0.0005721354187418768,131.80087044668733,5.551646413904411e-12,794.0392630111673,1.5e-13,1.3140475110820664,1,0,S3_nyq_boost,1.4371829999999992,457088200.0,-3.8160510000000007,8.649677,4.833626,10.08686,-10.67764,0.0002187307,0.005380797,0.0005963535,0.0002145057,0.7870042,1.037935,0.05798518,0.0002860679,0.5349155,1.572851,0.0010298437537353783,0,0,0,S3_nyq_boost,S3_nyq_boost,S3_nyq_boost
1832,7.862256671878325e-05,2.2212440673523553e-07,2.0,0.0005587461944990094,72.04722226115564,9.809052296527745e-12,135.06990596713476,1.5e-13,1.4616466217429689,1,0,S3_peaking,1.5485720000000005,1047129000.0,1.2297380000000002,-4.505238,-3.2755,-2.956666,-9.480833,0.0002849618,0.005492394,0.0007750064,0.0001193138,0.7600502,1.108402,0.0689882,0.0002793732,0.6538632,1.762265,0.001005743150098217,0,0,0,S3_peaking,S3_peaking,S3_peaking
1833,4.035374930386575e-05,2.2325548640583428e-07,4.0,0.0009114711137931939,240.16006414546806,5.291393223574652e-12,96.06645441704555,1.5e-13,1.2405291927216773,1,1,,5.335174,1445440000.0,5.234789,-9.996344,-4.761555,-4.66117,-10.38591,0.0003022015,0.006325345,0.001057888,0.0001582669,0.7305803,1.354823,0.1095834,0.0004557356,0.4013951,1.756218,0.001640648004827749,1,1,1,,,
1834,5.767409447628598e-05,4.23329033383622e-07,7.0,0.005053909502864499,408.70102131439774,1.849396340847909e-13,273.0812112445565,1.5e-13,1.5130018853458151,1,0,S3_peaking,1.1805838999999998,3311311000.0,1.0753617999999998,-2.059906,-0.9845442,-0.8793221,-6.704143,0.0003143008,0.01108734,0.00194928,0.0003645429,0.7135149,0.6888521,0.2731622,0.002526955,0.421084,1.109936,0.009097037105156098,0,0,0,S3_peaking,S3_peaking,S3_peaking
1835,5.099686495657224e-05,5.564952765572097e-07,7.0,0.0067168218650525855,409.4116700316568,2.2419153299715198e-12,323.80446922897886,1.5e-13,1.4699671712098552,1,1,,7.2806370000000005,1318257000.0,6.642284999999999,-2.495275,4.14701,4.785362,-5.201172,0.0002292688,0.009046777,0.001773662,0.001304274,0.6661433,0.491776,0.3924846,0.003358411,0.2207556,0.7125315,0.012090279357094655,0,1,1,saturation,,
1836,4.366640952899138e-05,4.84004590699464e-07,7.0,0.001616927655016806,345.211052037526,1.0558966483379353e-12,193.91583228163609,1.5e-13,1.1950342114920967,1,1,,5.1973655999999995,1995262000.0,5.1101678999999995,-5.84446,-0.7342921,-0.6470944,-8.345261,0.0003121056,0.005814372,0.001081305,5.310343e-05,0.6842281,1.375017,0.2077421,0.0008084638,0.2682087,1.643225,0.0029104697790302506,1,1,1,,,
1837,7.646243173609523e-05,1.7426539125318775e-07,4.0,0.0007153349840047566,343.97575886120154,2.2324078313437864e-13,68.95338250775241,1.5e-13,1.360737773924104,1,0,S3_f_peak,4.200039,7585776000.0,2.34863,-14.14886,-11.80023,-9.948821,-11.46057,0.0004696942,0.006615086,0.0008526617,0.0001711176,0.7769887,1.22123,0.06265639,0.0003576675,0.554107,1.775337,0.0012876029712085618,0,0,0,S3_f_peak,S3_f_peak,S3_f_peak
1838,9.0397413098598e-05,3.2034000351772986e-07,2.0,0.0024789967158249902,503.04790270932637,3.02415822804706e-13,162.03895837812829,1.5e-13,1.1904669278348368,1,0,S3_f_peak,7.4078672999999995,4786301000.0,6.056049,-7.250684,-1.194635,0.1571833,-4.899403,0.0003011405,0.01376978,0.002405309,0.0001759064,0.6849996,1.257825,0.1342278,0.001239501,0.3413266,1.599152,0.004462194088484982,0,0,0,S3_f_peak,S3_f_peak,S3_f_peak
1839,8.175799957585686e-05,2.847151772600817e-07,5.0,0.001530034892980777,988.1198608373087,1.5723779758105946e-12,595.7580526967648,1.5e-13,1.3002201778869207,1,0,S3_f_peak,12.859,1000000000.0,10.407107,-1.32919,9.077917,11.52981,-5.204408,0.0002046076,0.01045411,0.001746871,0.0002113266,0.7223716,0.8871895,0.1159517,0.0007650283,0.4570452,1.344235,0.0027540628073653988,0,0,0,S3_f_peak,S3_f_peak,S3_f_peak
1840,5.579007435729172e-05,3.0768363411114233e-07,3.0,0.0005367400364167537,407.92641480290143,2.8716180477808177e-12,115.29533654580209,1.5e-13,1.1328030775214417,1,1,,6.053440999999999,1513561000.0,5.939913,-12.13416,-6.194247,-6.080719,-10.59194,0.0003721612,0.004516843,0.0007970838,6.790524e-05,0.6931278,1.40992,0.09291703,0.00026837,0.3591368,1.769057,0.0009661320655501566,1,1,1,,,
1841,6.37001522134629e-05,4.463302926326017e-07,1.0,0.0011772320611923178,168.3933627646217,1.9032951662281608e-13,126.34909808969854,1.5e-13,1.554408734566601,1,0,S3_nyq_boost,0.005117999999999512,1445440000.0,-0.011413000000000117,-5.935409,-5.946822,-5.930291,-8.725404,0.0003629982,0.006642255,0.001073131,5.933545e-05,0.7281511,1.058388,0.1442863,0.0005886161,0.667241,1.725629,0.002119017710146172,0,0,0,S3_peaking,S3_peaking,S3_nyq_boost
1842,2.175153657069666e-05,7.546538397182639e-07,4.0,0.0031433244604697637,124.8617916617532,3.692558367054995e-12,116.14777956105577,1.5e-13,1.2908210397347193,1,0,S3_peaking,1.9365560000000004,1659587000.0,1.8697040000000005,-9.344979,-7.475275,-7.408423,-11.02518,0.0004366426,0.003821342,0.0008825853,4.421195e-05,0.600257,1.627035,0.4713316,0.001571662,-0.00958073,1.617454,0.005657984028845575,0,0,0,S3_peaking,S3_peaking,S3_peaking
1843,2.1107226441084392e-05,4.215530567863665e-07,4.0,0.004570441664238099,484.9769342705238,6.30076119006429e-12,386.3105575539106,1.5e-13,1.1224057494860835,1,0,S3_f_peak,7.864715,575439900.0,5.683968,-2.200084,3.483884,5.664631,-10.15195,0.0002790489,0.005573622,0.001287852,0.0001756138,0.5961768,1.05242,0.3865923,0.002285221,-0.135225,0.9171951,0.008226794995628579,0,0,0,S3_f_peak,S3_f_peak,S3_f_peak
1844,2.9475171456856286e-05,1.593532054395046e-07,2.0,0.0006623875114414227,551.089285939948,2.283274448446846e-13,553.5757539319532,1.5e-13,1.1693095735977852,1,0,S3_peaking,0.5549572,1445440000.0,0.0542917,0.2758386,0.3301303,0.8307958,-12.14174,0.0003262899,0.005051396,0.0006484809,0.0001667995,0.7601173,1.256785,0.07442018,0.0003311938,0.3598728,1.616657,0.0011922975205945609,0,0,0,S3_nyq_boost,S3_peaking,S3_peaking
1845,2.482560902993495e-05,6.263162714691678e-07,2.0,0.00410071616650831,496.1738809872708,3.312676175938379e-13,281.77315157813774,1.5e-13,1.2465135344048468,1,1,,3.418059,2398833000.0,3.417532,-5.41833,-2.000798,-2.000271,-10.50761,0.0004134938,0.004784136,0.001109776,0.0001005358,0.5846143,1.255445,0.42689,0.002050358,-0.033181,1.222264,0.007381289099714958,0,0,0,S3_peaking,S3_f_peak,S3_f_peak
1846,5.09588528638341e-05,5.066376363887567e-07,5.0,0.0008042777443744466,810.7126056350022,1.6426869924070323e-12,309.58369207871215,1.5e-13,1.217635254954469,1,0,S3_f_peak,8.718324,1047129000.0,7.5091583,-7.204028,0.3051303,1.514296,-8.221524,0.0003310437,0.004444588,0.0008056015,3.564943e-05,0.6904654,1.300267,0.1486253,0.0004021389,0.3752369,1.675504,0.001447699939874004,0,0,0,S3_f_peak,S3_f_peak,S3_f_peak
1847,2.913791522941932e-05,1.5521589494234966e-07,3.0,0.0016099501690598045,279.2066319471948,5.508149855396866e-12,364.5850052861148,1.5e-13,1.1856834416674293,1,0,S3_f_peak,6.113113,794328200.0,4.461511,1.565837,6.027348,7.67895,-7.831347,0.0002071749,0.008107584,0.001029583,0.0003823626,0.7635445,1.184539,0.106722,0.0008049755,0.3219785,1.506517,0.002897910304307648,0,0,0,S3_f_peak,S3_f_peak,S3_f_peak
1848,6.981280098717125e-05,2.755472155474697e-07,3.0,0.002929474737964914,124.37418460810481,1.5569698792126244e-12,523.1449639868246,1.5e-13,1.4524147546544417,1,0,S3_nyq_boost,1.093973,1202264000.0,-0.07110199999999978,9.758987,9.687885,10.85296,-3.97014,0.0001747514,0.01307918,0.002088699,0.0004806854,0.7343905,0.5126879,0.151598,0.001464739,0.5210422,1.03373,0.005273054528336846,0,0,0,S3_nyq_boost,S3_peaking,S3_nyq_boost
1849,4.412949525403698e-05,9.252856029864528e-07,6.0,0.0026388136608522642,370.88823795950856,7.017854599710051e-12,181.61598620635436,1.5e-13,1.3293006410904256,1,0,S3_f_peak,6.2816469999999995,870963600.0,5.891833,-7.371331,-1.479498,-1.089684,-4.76327,0.0003063303,0.005039364,0.001011407,4.515351e-05,0.6430792,1.336697,0.3725242,0.001319407,0.2236776,1.560375,0.0047498645895340755,0,0,0,S3_f_peak,S3_f_peak,S3_f_peak
1850,8.879522575308984e-05,5.603925179587487e-07,5.0,0.007497360351113313,251.34637461165212,1.4141040872781214e-13,59.5183734072251,1.5e-13,1.4463562209436294,1,0,S3_f_peak,4.146837,19952620000.0,0.7410300000000003,-11.4064,-10.66537,-7.259563,-7.258314,0.0003938518,0.01446386,0.002734657,0.0002125903,0.6690798,1.231359,0.3034013,0.00374868,0.3455254,1.576885,0.013495248632003963,0,0,0,S3_f_peak,S3_f_peak,S3_f_peak
1851,3.055340353914042e-05,8.159035371817712e-07,7.0,0.0006533885163476315,129.43972356846635,6.786617134395355e-13,122.5551669583477,1.5e-13,1.5624023691108901,1,0,S3_f_peak,2.063840000000001,19952620000.0,0.6792800000000003,-12.17042,-11.49114,-10.10658,-10.10582,0.0006080132,0.002378139,0.0004059797,1.654746e-05,0.7290781,1.166571,0.2246682,0.0003266943,0.5933906,1.759962,0.0011760993294257368,0,0,0,S3_f_peak,S3_f_peak,S3_f_peak
1852,6.800704757622006e-05,2.9800135641587093e-07,6.0,0.0005242546213862536,814.8693592680721,3.649870889479076e-13,536.7742513925258,1.5e-13,1.2583110346748,1,1,,4.004851,1445440000.0,3.0482045,-2.404491,0.6437135,1.60036,-9.893843,0.0003611393,0.004628666,0.0007943213,7.142081e-05,0.7279198,1.190334,0.08839122,0.0002621273,0.4689627,1.659296,0.0009436583184952564,1,1,1,,,
1853,3.23047871389559e-05,4.3693880807468084e-07,3.0,0.0029593986157764388,82.63788856736879,5.114657157383699e-13,475.1310982928095,1.5e-13,1.1441743581138528,1,0,S3_peaking,-8.199999999991547e-05,10000000.0,-3.1971119999999997,6.64849,3.451378,6.648408,-9.144263,0.0002690335,0.006250848,0.001271583,0.0001367175,0.6383736,0.9880433,0.2717902,0.001479699,0.1089055,1.096949,0.00532691750839759,0,0,0,S3_peaking,S3_peaking,S3_peaking
1854,9.583064936025579e-05,7.333047143788774e-07,8.0,0.005840130466405384,648.1670875303389,7.622192816406279e-13,63.9489487324175,1.5e-13,1.2935280862200627,1,0,S3_f_peak,14.700627999999998,19952620000.0,12.342040999999998,-17.40883,-5.066789,-2.708202,-2.706279,0.0003399635,0.01224917,0.002459413,0.0001180701,0.641665,1.375907,0.317829,0.002920065,0.2373578,1.613265,0.010512234839529691,0,0,0,S3_f_peak,S3_f_peak,S3_f_peak
1855,2.5228198107035675e-05,2.9507058996334574e-07,2.0,0.0022870975416152094,275.6597384648329,5.234040493291177e-13,346.08035158539116,1.5e-13,1.3034753908937435,1,0,S3_peaking,1.8494437000000001,1905461000.0,1.6922036999999999,0.1704273,1.862631,2.019871,-10.06844,0.000290649,0.006104969,0.001111002,0.0001594933,0.6941142,1.102555,0.2093032,0.001143549,0.3016856,1.40424,0.004116775574907377,0,0,0,S3_peaking,S3_peaking,S3_peaking
1856,3.098459308142416e-05,1.6049348178118937e-07,8.0,0.0009300589319770139,926.9472847506414,8.000639473504555e-13,542.2020279888787,1.5e-13,1.349698631076629,1,1,,8.506901,1258925000.0,6.9961459999999995,-2.591141,4.405005,5.91576,-10.47304,0.0002665455,0.005912786,0.0007349965,0.0002378613,0.7958829,1.063497,0.09678935,0.0004650295,0.4843626,1.54786,0.001674106077558625,0,1,0,S3_f_peak,,S3_f_peak
1857,6.37919856816133e-05,1.587015582667971e-07,5.0,0.0009105818975466105,73.772611666977,1.5856777619709643e-13,167.27023113750937,1.5e-13,1.213223047028987,1,0,S3_peaking,-1.2499999999970868e-05,10000000.0,-0.7173580999999999,-0.5130879,-1.230446,-0.5131004,-9.908571,0.0002482359,0.007746507,0.0009469852,0.0002641837,0.7710536,1.294389,0.06492147,0.0004552923,0.4294529,1.723842,0.001639047415583899,0,0,0,S3_peaking,S3_peaking,S3_peaking
1858,9.185920133336528e-05,6.113240592043582e-07,6.0,0.000987113275389539,58.07764977408058,5.4524002890478935e-12,65.99232164777236,1.5e-13,1.255914094417071,1,0,S3_f_peak,5.04174,19952620000.0,1.657013,-9.656079,-7.999066,-4.614339,-4.610667,0.0003333868,0.006034634,0.001099748,3.44933e-05,0.6850116,1.334929,0.1403776,0.0004935566,0.4324995,1.767429,0.0017768038957011703,0,0,0,S3_f_peak,S3_f_peak,S3_f_peak
1859,9.493875008012666e-05,1.98862489152387e-07,4.0,0.0022769581909347658,151.79870474493976,8.135176175136036e-12,325.7918965198271,1.5e-13,1.3248790352544597,1,0,S3_f_peak,6.335090999999999,870963600.0,4.799531000000001,6.255299,11.05483,12.59039,-2.379121,0.0001408661,0.0165843,0.002405431,0.0004686395,0.7442842,0.9597105,0.09595499,0.001138499,0.4693822,1.429093,0.004098524743682578,0,0,0,S3_f_peak,S3_f_peak,S3_f_peak
1860,6.485990302801585e-05,3.9334204386323896e-07,5.0,0.001997074990717972,71.50063484568757,5.555134700027151e-13,290.73723946051746,1.5e-13,1.1926584765937218,1,0,S3_peaking,-3.0999999999892225e-05,10000000.0,-1.5311660000000002,5.332549,3.801383,5.332518,-6.172435,0.0002309917,0.009029962,0.001664869,0.0001180275,0.6817141,1.193066,0.1662734,0.0009985377,0.3166219,1.509688,0.0035947349832923495,0,0,0,S3_peaking,S3_peaking,S3_peaking
1861,6.696099995175345e-05,1.556870462798172e-07,8.0,0.0006685745715864393,173.65328028024658,4.291785196998971e-12,518.7598411744251,1.5e-13,1.2201119121804074,1,0,S3_nyq_boost,2.5297660000000004,660693400.0,-0.6176389999999996,4.80275,4.185111,7.332516,-10.16116,0.0002188218,0.005714465,0.0006685134,0.0002495139,0.7845796,1.161745,0.06132331,0.0003342873,0.4648391,1.626585,0.001203434228855591,0,0,0,S3_nyq_boost,S3_nyq_boost,S3_nyq_boost
1862,6.32076250795953e-05,3.436852990763477e-07,5.0,0.003027546126228636,985.9203428390714,1.7928050083786888e-12,60.72668309240947,1.5e-13,1.1131991019467267,1,0,S3_peaking,17.233278,3467369000.0,17.168492999999998,-21.01765,-3.849157,-3.784372,-6.400848,0.000283589,0.01151885,0.002204599,0.0001758667,0.6658762,1.490046,0.1796919,0.001513773,0.2180246,1.70807,0.005449583027211545,0,0,0,S3_f_peak,S3_peaking,S3_peaking
1863,5.9131285148269566e-05,2.548036441542979e-07,2.0,0.0011466220519837688,75.29432358080545,1.4399609750385433e-12,366.359847916354,1.5e-13,1.4570684557627585,1,0,S3_nyq_boost,0.0494880000000002,758577600.0,-1.1076040000000003,6.552625,5.445021,6.602113,-7.230811,0.0002199298,0.008294833,0.001249891,0.0001728647,0.7444733,0.9934502,0.1061627,0.0005733182,0.5965117,1.589962,0.0020639196935707837,0,0,0,S3_nyq_boost,S3_nyq_boost,S3_nyq_boost
1864,9.829719824459035e-05,2.95512002831729e-07,5.0,0.003822712190541588,89.77999357159189,8.293509456297683e-12,212.7886094814066,1.5e-13,1.2499280574396545,1,0,S3_f_peak,4.7929829999999995,1202264000.0,4.1336960000000005,5.436157,9.569853,10.22914,-1.47092,0.0001432324,0.01793727,0.003119681,0.0003726353,0.6984028,1.031004,0.1506341,0.001911356,0.362281,1.393285,0.006880881942974858,0,1,0,S3_f_peak,,S3_f_peak
1865,5.184456443503387e-05,6.804986705538525e-07,2.0,0.004118347568332858,428.3763846702634,5.836140130192128e-12,269.7729423814531,1.5e-13,1.1394004182976614,1,0,S3_f_peak,8.734489,794328200.0,7.513319,-3.501436,4.011883,5.233053,-4.708991,0.0002404733,0.007388012,0.001633818,0.0001044876,0.5947511,1.17304,0.3275957,0.002059174,0.07145014,1.244491,0.007413025622999145,0,0,0,S3_f_peak,S3_f_peak,S3_f_peak
1866,5.5317454969760636e-05,4.2648735969237686e-07,4.0,0.005908536123197683,66.26903606998457,1.203842620209016e-12,232.57841124619864,1.5e-13,1.5449276197911972,1,0,S3_peaking,0.22853699999999932,1659587000.0,0.07797899999999913,4.324252,4.402231,4.552789,-4.837939,0.0002036095,0.01090951,0.001954996,0.0004366232,0.6979378,0.700037,0.2859111,0.002954268,0.412864,1.112901,0.010635365021755829,0,0,0,S3_nyq_boost,S3_peaking,S3_peaking
1867,4.7051578816699114e-05,4.934327877993351e-07,8.0,0.0013225666367846607,448.48490024096986,1.8298759070436308e-13,157.9276125180617,1.5e-13,1.1382743119352754,1,0,S3_f_peak,2.628036999999999,4365158000.0,2.0700579999999995,-9.147934,-7.077876,-6.519897,-9.840483,0.0004669821,0.005454441,0.001023786,4.356792e-05,0.6801426,1.44717,0.1880233,0.0006612833,0.2483934,1.695563,0.0023806199462123893,0,0,0,S3_f_peak,S3_f_peak,S3_f_peak
1868,7.657977375333055e-05,9.688075480013936e-07,6.0,0.0024434212168424653,391.2486840460758,7.639520233371434e-12,705.0721062966738,1.5e-13,1.1445567429855814,1,0,S3_f_peak,6.885206999999999,398107200.0,1.6472049999999996,4.841483,6.488688,11.72669,-0.4821921,0.0002304563,0.006420683,0.001355207,7.977551e-05,0.6173371,0.7551973,0.2862993,0.001221711,0.1834086,0.9386059,0.004398158190316438,0,0,0,S3_f_peak,S3_f_peak,S3_f_peak
1869,2.1715231724845595e-05,3.2138196491969e-07,3.0,0.0007473096341817285,292.08608251642755,3.827902320787262e-12,494.79603736095214,1.5e-13,1.3563925332426627,1,0,S3_f_peak,3.3102713,575439900.0,0.13773010000000008,0.4951247,0.6328548,3.805396,-13.71143,0.0003461524,0.003485174,0.0006123412,4.76084e-05,0.7358431,1.17328,0.1618842,0.0003736548,0.4418374,1.615117,0.0013451573415271113,0,0,0,S3_nyq_boost,S3_f_peak,S3_f_peak
1870,5.670852946983054e-05,6.055389552325905e-07,5.0,0.001423456427979317,156.26109474932758,1.955352892490932e-12,603.6523026431388,1.5e-13,1.2262639820499588,1,0,S3_nyq_boost,1.039383,758577600.0,-2.1433850000000003,6.798775,4.65539,7.838158,-5.896626,0.000268399,0.005643919,0.00106537,4.884734e-05,0.6710698,1.04066,0.1988498,0.0007117282,0.3297039,1.370364,0.0025622215703627704,0,0,0,S3_nyq_boost,S3_nyq_boost,S3_nyq_boost
1871,4.603631817299037e-05,3.765806923156434e-07,1.0,0.0010501809723351752,296.6821797001765,2.3853810595632e-12,64.4254307318524,1.5e-13,1.2854506161011758,1,0,S3_f_peak,5.828195000000001,2754229000.0,5.82418,-14.60771,-8.78353,-8.779515,-10.53087,0.0003699104,0.005875752,0.001015599,5.8496e-05,0.6934905,1.335622,0.1391485,0.0005250906,0.4305485,1.76617,0.0018903257502033155,0,0,0,S3_f_peak,S3_f_peak,S3_f_peak
1872,3.2685199089501256e-05,7.667868055070798e-07,7.0,0.0016046914436764852,84.74032614073276,8.520968890582691e-12,527.8798360576899,1.5e-13,1.311570821828112,1,0,S3_nyq_boost,0.8841920000000005,457088200.0,-2.7125139999999996,4.240252,1.527738,5.124444,-8.148273,0.0003229479,0.003733762,0.0007224322,3.659709e-05,0.6654847,1.110593,0.3047146,0.0008023457,0.2658653,1.376458,0.0028884445986176732,0,0,0,S3_nyq_boost,S3_nyq_boost,S3_nyq_boost
1873,2.2760352306377453e-05,2.0123286812242721e-07,2.0,0.0016832362419380582,220.55642037714986,2.109044493509827e-12,225.87434104966255,1.5e-13,1.2473188702629303,1,1,,4.359191,1513561000.0,3.9970749999999997,-2.096485,1.90059,2.262706,-9.376707,0.0002561843,0.006766029,0.001111375,0.0002282598,0.7197451,1.29096,0.1516509,0.0008416181,0.318939,1.609899,0.003029825235488505,1,1,1,,,
1874,7.820912933528565e-05,5.009050945314422e-07,3.0,0.0017760373094753406,997.5210721216861,8.634654362757376e-12,61.06466642291606,1.5e-13,1.5009443961091742,1,0,S3_f_peak,15.310410000000001,3981072000.0,15.307606,-21.26296,-5.955354,-5.95255,-5.957056,0.0002737381,0.008380134,0.001407689,7.995807e-05,0.7164147,1.149971,0.1682339,0.0008880187,0.5958025,1.745773,0.0031968671570556132,0,0,0,S3_f_peak,S3_peaking,S3_f_peak
1875,5.344962581373766e-05,6.643212503093008e-07,7.0,0.000890163797280178,190.05436166482485,7.519001101916387e-13,655.6649073717347,1.5e-13,1.1862835857543799,1,0,S3_peaking,-4.699999999946414e-05,10000000.0,-3.597455,5.254084,1.656629,5.254037,-6.706801,0.0003342861,0.004164512,0.0007879702,2.743833e-05,0.6770549,1.185225,0.1790449,0.0004450823,0.3229507,1.508175,0.0016022948351043203,0,0,0,S3_peaking,S3_peaking,S3_peaking
1876,2.1179922321157675e-05,4.313643779025244e-07,7.0,0.0017532857413960316,807.1221434883978,6.34170596581461e-12,418.79884891258877,1.5e-13,1.4467615776358913,1,0,S3_f_peak,8.914660999999999,457088200.0,6.178578999999999,-4.90558,1.272999,4.009081,-12.16566,0.0003175618,0.004034646,0.0007293325,6.210961e-05,0.7155617,1.075776,0.2851092,0.000876643,0.3570873,1.432863,0.003155914334512857,0,0,0,S3_f_peak,S3_f_peak,S3_f_peak
1877,4.9872195118837096e-05,3.8357252152796164e-07,3.0,0.007969787331283807,202.0901378471538,8.193822609206379e-12,259.9657922022225,1.5e-13,1.2289103581068732,1,0,S3_f_peak,6.546366,912010800.0,5.614196,1.023601,6.637797,7.569967,-4.589835,0.0001895152,0.01135671,0.002400484,0.0006486424,0.6265629,0.6986919,0.3005175,0.003984894,0.06537211,0.764064,0.014345617196310853,0,0,0,S3_f_peak,S3_f_peak,S3_f_peak
1878,7.79891465969468e-05,5.41930660424478e-07,3.0,0.0023028229047367815,76.64748965453984,2.1963070928509283e-12,250.21056060554804,1.5e-13,1.4184034732626483,1,0,S3_peaking,1.0089299999999999,1513561000.0,0.5722580000000002,3.845812,4.41807,4.854742,-3.829394,0.0002200878,0.008879395,0.001570225,9.166102e-05,0.6944953,1.01982,0.1957534,0.001151412,0.4920844,1.511905,0.004145081228526207,0,0,0,S3_peaking,S3_peaking,S3_peaking
1879,7.048565252406977e-05,2.2644469668684498e-07,6.0,0.0038618162315397575,965.8865435603295,4.779608818122852e-13,161.4202703843855,1.5e-13,1.3967728243528876,1,0,S3_f_peak,15.455585000000001,4365158000.0,14.307136,-11.94119,2.365946,3.514395,-2.979844,0.0002729907,0.01717524,0.002749243,0.0005282905,0.7417918,1.025373,0.1506967,0.001930908,0.4629393,1.488312,0.006951269216771564,0,0,0,S3_f_peak,S3_f_peak,S3_f_peak
1880,7.751930373318326e-05,7.538386280902902e-07,3.0,0.0005953285105412533,70.0369657500761,1.6449153095234012e-12,87.17838800392697,1.5e-13,1.2161066473481208,1,0,S3_f_peak,6.326016,19952620000.0,1.2783169999999995,-10.76192,-9.483603,-4.435904,-4.432564,0.0004333602,0.003864371,0.0007263806,1.841999e-05,0.6663725,1.356642,0.1356831,0.0002976646,0.417408,1.77405,0.0010715913189742559,0,0,0,S3_f_peak,S3_f_peak,S3_f_peak
1881,9.973855867143695e-05,1.9204017651230815e-07,3.0,0.0009165529743400843,280.8750131798209,4.4161024416380953e-13,274.3769285379443,1.5e-13,1.23906963227346,1,0,S3_peaking,2.0062241,2398833000.0,1.9989331,-0.4201781,1.578755,1.586046,-7.5824,0.0002510447,0.008534073,0.001231381,0.0002076655,0.743051,1.226778,0.06546295,0.000458278,0.4474802,1.674258,0.0016497953538121518,0,0,0,S3_peaking,S3_peaking,S3_peaking
1882,9.022834779204822e-05,6.48076021311523e-07,3.0,0.003882110368941471,57.06735793216378,2.969528688066529e-13,255.30255139397735,1.5e-13,1.468386594396961,1,0,S3_peaking,-3.300000000017178e-05,10000000.0,-1.6340469999999998,5.668964,4.034917,5.668931,-3.705269,0.0002140922,0.01052353,0.001933382,0.0001529048,0.6804783,0.8383753,0.2542969,0.001941056,0.4660683,1.304444,0.006987798664094648,0,0,0,S3_peaking,S3_peaking,S3_peaking
1883,6.452502543417242e-05,2.7855955836298486e-07,4.0,0.005224792202560843,727.7223598958763,1.4963638485620918e-12,248.26836927207094,1.5e-13,1.2799339437224957,1,0,S3_peaking,14.621327,1995262000.0,14.504345,-6.324174,8.180171,8.297153,-2.900182,0.0001832068,0.0153304,0.002749999,0.000497084,0.6952445,0.8496928,0.1915404,0.002612396,0.3017318,1.151425,0.009404625964609517,0,0,0,S3_peaking,S3_peaking,S3_peaking
1884,6.507531607412554e-05,1.6777938815505228e-07,6.0,0.00114154490628958,109.89438570864277,1.5503236734199739e-13,62.008882798000634,1.5e-13,1.3014419473571939,1,0,S3_peaking,0.03287200000000112,4365158000.0,0.019265000000000754,-9.100934,-9.081669,-9.068062,-10.70837,0.0003279201,0.008992546,0.001155314,0.0002766257,0.77719,1.281234,0.07622169,0.0005707728,0.4833723,1.764607,0.002054780831321244,0,0,0,S3_peaking,S3_peaking,S3_peaking
1885,7.135341328591582e-05,5.457476761733978e-07,5.0,0.0008466004510172845,142.8036745839422,2.638169785817143e-13,52.37998197528988,1.5e-13,1.2556052747475959,1,0,S3_f_peak,4.983365000000001,19952620000.0,0.4785199999999996,-14.46963,-13.99111,-9.486265,-9.480784,0.0005161401,0.005207321,0.0009371711,3.433389e-05,0.6904368,1.348356,0.1373168,0.0004233046,0.4294713,1.777827,0.0015238808118311121,0,0,0,S3_f_peak,S3_f_peak,S3_f_peak
1886,8.529355280892561e-05,1.8519313542448148e-07,3.0,0.0007166035199112176,115.62757725581646,8.955820159761807e-12,64.09253388862274,1.5e-13,1.4595302642385497,1,1,,3.103777000000001,1659587000.0,3.0743680000000007,-10.51655,-7.442182,-7.412773,-9.990387,0.0002902391,0.006815295,0.0008841064,0.0001709204,0.7782081,1.13496,0.06337204,0.0003583049,0.6420752,1.777035,0.0012898863358401917,0,1,1,S3_peaking,,
1887,8.082629084097901e-05,2.2588169910513466e-07,6.0,0.0049578846159046485,492.7300867857855,1.2137486700272457e-13,138.23511035818373,1.5e-13,1.4600108789258726,1,0,S3_f_peak,4.283155,8709636000.0,1.769507,-7.97537,-6.205863,-3.692215,-5.461383,0.0003629313,0.02050449,0.003183821,0.0006855386,0.7468968,0.9501914,0.1545425,0.002478942,0.5071317,1.457323,0.008924192308628367,0,0,0,S3_f_peak,S3_f_peak,S3_f_peak
1888,4.6229191273309644e-05,1.8083214792066996e-07,2.0,0.0008915386900660839,203.214562851835,8.04554906197414e-12,106.46387262932843,1.5e-13,1.2181942757533701,1,0,S3_f_peak,5.041592,1148154000.0,4.861704,-7.835497,-2.973793,-2.793905,-9.547928,0.000255393,0.007051331,0.001004889,0.0001529185,0.7471368,1.362178,0.07781348,0.0004457693,0.3903621,1.752541,0.0016047696421189511,0,0,0,S3_f_peak,S3_f_peak,S3_f_peak
1889,8.11700913580203e-05,1.8266812621989834e-07,2.0,0.0007019112482729037,220.62865276173395,2.4462201572103073e-13,140.33862832150888,1.5e-13,1.3779838045904154,1,0,S3_peaking,0.7956320000000003,3630781000.0,0.64846,-6.047638,-5.399178,-5.252006,-10.05877,0.000336549,0.006627986,0.0008791789,0.0001515029,0.7691227,1.18304,0.06135218,0.0003509571,0.5677075,1.750747,0.0012634402468912267,0,0,0,S3_peaking,S3_peaking,S3_peaking
