idx,f_pk_hz_meas,f_peak_closed_true_k,f_peak_closed_pred_k,f_peak_grid,peaking_db_meas,peaking_db_closed,peaking_db_asymptote,f_z,f_p2,k_true,k_pred_calibrated
1,1513561000.0,1595732380.7583148,1563787398.357372,1564093247.1156824,9.902816,10.553544028014809,11.773846908814356,166792209.09790242,4121567837.931332,4.198616637001894,3.7369739417549765
2,8317638000.0,8544686954.75008,8668696697.608644,8661913637.787672,5.8720245,6.436584271688252,9.698637840152864,2102255015.0633233,12933964220.10643,3.2827134049586344,3.129729970222741
4,1096478000.0,1165563932.8162327,1148472020.5830588,1146458035.0260499,1.4740130000000002,1.495302964298634,2.218425939908837,472218259.66165817,4129017556.758304,1.3233169995405052,1.278169317572579
5,1202264000.0,1074552873.2255063,1079493510.0682957,1082878643.9114902,10.2322091,9.923122095527876,10.302792361522318,73102664.70092733,5089707551.036049,3.527177178903784,3.3017103742269653
7,4570882000.0,5750554439.582607,5840713732.049295,5846801997.877286,2.0112610000000006,3.4860176898623925,10.596145899856584,2350142838.382884,5592386023.005977,3.6521537519092537,3.4707567092148555
8,1047129000.0,1062931975.667607,1088392041.0689073,1089765215.5337527,7.65962,8.181480401418668,9.779433737375296,167028026.04701605,2382608750.987949,3.3144299481274415,3.2138115217203196
10,3311311000.0,4325647942.246135,4160738395.632055,4151912047.561972,1.557919,2.9628197467244415,13.170007106783498,1774835028.2703776,3291237654.919646,4.950139542948492,4.2780312092166
11,5011872000.0,5098767603.32842,4950301205.758,4958341311.494261,7.488176,7.518490149049713,8.51260512216485,730340250.2506896,14726316874.011158,2.849543506549322,2.5363872394464444
12,1380384000.0,1079171766.358095,1069375936.4191741,1069235780.9432377,10.870713,10.369074028182123,10.53645020295075,46937061.03030826,7740421887.511136,3.626378556436587,3.3084733724914557
13,1995262000.0,1976121684.2604918,1994625218.5472524,1990134555.8893244,7.775970999999999,7.322536625646854,7.499536069175297,132318977.89930995,13788432313.123596,2.5236078324532856,2.4078232005006797
14,524807500.0,542792393.1706372,555849636.1306573,556543049.498125,0.2216534,0.23804379064378503,0.8442341243700203,480430286.2519951,2409423055.4481087,1.1134182328355888,1.1074514276494574
15,660693400.0,635152565.8171581,636883353.4974018,635791867.4203938,4.605898,4.461125099530369,4.885511528849694,100416300.82558279,2856998741.3883505,1.8388819546644868,1.7613095480963117
16,3162278000.0,3333190486.704826,3495632579.2784467,3498750907.988426,6.857495,8.247400783458815,13.561427624825884,683567987.139459,3699000897.9784102,5.183436667739528,5.202395227971369
18,549540900.0,547232078.368267,545891070.3226441,546058668.1207275,8.998084,8.710297304370414,9.103947683159085,44330535.91845421,2545824538.147943,3.0581270357674692,2.8401517631450064
19,3630781000.0,3954655814.9176784,3846432056.60588,3847780714.148858,9.357225,9.85970870293582,12.410198234129972,580385523.0492871,6818097623.537227,4.5262124839455495,3.9660305951718473
20,1819701000.0,1699754300.4460585,1693517310.8281078,1698453358.3228452,4.491784999999999,4.263973617125324,4.622393984788508,257572452.08245742,8330761273.832447,1.7806974644885418,1.6946511875624424
23,912010800.0,862550759.1247302,873312151.843455,872916292.8700156,0.6189119999999999,0.5987261453387174,1.0214397962156379,446709798.7657355,4126160507.9280066,1.1386571188178252,1.1294949145185453
24,4168694000.0,4530583310.2371645,4519158615.542842,4508573241.171439,0.917857,1.118018200014017,2.8645486562849047,2883799958.5628285,10743222433.163744,1.434089685522709,1.3882754635498507
26,3981072000.0,3084691979.624428,3074852819.0435796,3082123037.9669175,1.694716,2.0387396746588853,3.969265987265263,1486566790.292501,6621637724.809549,1.6436612684984049,1.5744100558021206
27,602559600.0,729902896.3452542,744831454.6380891,744978576.8366193,0.0386100000000002,0.07860942552110048,2.83557874740631,1300778653.831326,2206301960.8039184,1.4289445869555353,1.3926433861872243
28,4365158000.0,4576663299.674595,4554619750.006019,4566100166.483787,6.727102,6.754839683934083,7.540645460292495,661735819.9914294,14958007635.59639,2.5361072326022716,2.3640363387381758
29,4168694000.0,3844592512.332979,3783357774.3073277,3775294676.455815,2.1149050000000003,2.0769046993646576,2.5679311147428137,1095623567.0664992,16281106004.795853,1.382212893593894,1.326600511249599
30,6309573000.0,5309496087.081613,5208283745.927924,5216288936.310022,9.127911,9.01526635133466,9.63218119622177,506937545.87105066,19617829866.13404,3.256845984377344,2.930291952164149
31,2089296000.0,2119282963.7281497,2035541905.5792553,2041244610.9680977,21.2718,21.37536818157824,22.047059386824923,47642271.23357248,7475156657.757072,13.952940773019748,11.683971868087296
33,4365158000.0,4995511045.708855,5033374728.615864,5021607031.056009,8.492693,10.077909897174349,16.981399535019037,808738324.8262805,4599726838.679713,7.738126339554882,7.166978706039014
34,1318257000.0,1323243140.8063426,1320911816.102253,1318036751.7028618,2.768565,2.6002026390249737,2.901781552346994,262662712.59424442,7111344947.850914,1.4407275531784047,1.3943513513971604
36,1318257000.0,2791973625.987426,2890285702.01175,2892800244.3155556,0.0101379999999995,0.18414170736457167,4.215451080949006,3900849850.8897448,6036624815.385013,1.6941085072755713,1.6493080079342817
37,3019952000.0,3139384578.082892,3149937789.3021965,3141300110.447641,5.43543691,5.341174123478643,6.27876895048354,605290070.416883,9394497428.761826,2.178153201413877,2.070572070724083
39,1047129000.0,1115578792.9168487,1117582524.5656319,1117752247.879896,14.765526,14.66353094745731,15.185023622113542,49129628.841666125,4486994361.388835,6.2716511957306,5.764476778473939
40,4365158000.0,4439375795.353379,4418891073.1424675,4423638928.594925,0.7883120000000003,0.9291964158201587,1.9311228958346882,2592624793.0862584,13867631271.462639,1.2766465558182032,1.2459105872987342
41,660693400.0,647118123.9296829,648631863.9921656,647999135.2541275,9.223134,8.990130572195673,9.433281649687258,53365944.65779521,2833528556.7571383,3.1805989359526015,2.974754344792248
42,1905461000.0,1920297832.812794,1854239225.0641768,1856084576.179104,19.4534,18.793411501026625,18.89528390900772,23843457.962412585,17680304701.503666,9.67300698357277,8.21833466869812
43,3311311000.0,2767345215.122734,2736408476.034551,2732373545.273348,0.5915500000000016,0.5306930054334902,1.075356389381371,1676713270.1241727,11898789210.516361,1.1464390292533513,1.1277836318490368
44,3801894000.0,3738309621.2970567,3863937560.6796255,3872250692.9629493,2.411299999999999,2.310995178730754,2.8421473168078624,1032784535.8965056,15186056705.543243,1.4301096706880123,1.4300737177711185
46,5754399000.0,5786310967.056909,5836818842.726855,5846801997.877286,2.5780600000000007,2.583370576180633,4.101559994166956,2254785551.461807,13829653245.297987,1.6705926232995099,1.6184937190343465
47,1737801000.0,1755842807.2593837,1753380508.6254947,1753151260.169923,6.2910729,6.7825420211228025,11.473845420561004,434695338.33429086,2129205486.070316,4.052304454794321,3.737884146790116
50,912010800.0,932969527.8571861,924860638.0878178,924168099.0688962,3.917136,3.8736097461759904,4.8043656985338,231006514.5941102,2821084480.17389,1.8207494456472235,1.7197519117077162
51,1819701000.0,1880508435.0634387,1824138316.2032115,1821118909.8520966,9.134749,10.165822390298999,15.005711200206463,300245473.8301216,2201736254.6927505,6.141235566067494,5.313607865329864
52,3630781000.0,3659997140.8828025,3772918927.401119,3775294676.455815,7.751917000000001,7.656679347637639,8.520765156143671,485250766.79218435,11371500644.530014,2.852326226000267,2.80881415597238
53,3467369000.0,3538376136.2365694,3579411815.9658756,3588604808.1103997,0.8307179,0.8455623129329304,2.459305343135734,2504311663.4962935,8955088590.857214,1.3636536701875857,1.336247215840523
54,2089296000.0,2101590231.511657,2139570757.29703,2133865881.6389143,6.346807,6.42777533758132,7.173492188534553,311630922.73752123,7061015950.739989,2.426541093189054,2.349984595489416
55,1148154000.0,1194299204.7525249,1222855279.8169575,1221489360.9607418,0.239872,0.3208393495484244,1.6317615807985688,1187221909.5580788,3731008622.4248857,1.2296319858411509,1.215944166395344
56,1584893000.0,1621350652.4167514,1625636310.7365184,1624731335.970553,6.512471,7.123218236768563,10.557385340306976,366061506.57258195,2372182970.6681237,3.6353976936044576,3.3873508392826777
57,457088200.0,438815926.3481566,441909315.3771149,442981173.09290284,6.016116,5.689336201318059,5.905790084457662,41236565.33078851,2768703015.50082,2.0819311193773897,1.994350010417684
59,1096478000.0,1106033667.85111,1029670867.061094,1029329851.3558625,0.7349152999999999,0.7441774226962489,1.5133977857109204,652732672.7718912,3967566397.705704,1.2114854216404098,1.1569495010578414
62,660693400.0,664746391.4710809,663358219.3906317,664640860.0037569,4.276105,4.2036520674656135,5.223066282590228,160645510.79443884,1914470311.0514693,1.916155206119317,1.8195109232102697
65,2187762000.0,2460459693.2843714,2387552738.5950227,2391794521.412046,0.6745939999999999,1.022841020419256,3.8846894352925916,1816687933.44836,4651308889.374931,1.6266575557088023,1.5293312163799284
68,630957300.0,637073007.8423774,642454947.1735326,643904223.4396538,1.4362190000000004,1.4006067194204492,2.2563943572831455,285625766.40883696,2087229993.090858,1.3296010046827367,1.3040947196648434
70,501187200.0,500265265.72237235,505121170.60910934,506059374.07140744,0.5443069999999999,0.534764952165786,0.9337070612908929,266910074.06583312,2473962013.4018865,1.126097242314116,1.1167784561872203
71,724436000.0,759445543.6596918,770787765.2525673,768970266.0250837,3.685308,3.7805283096099633,4.780364589385677,196974313.26018924,2215038161.0589046,1.8154186394870004,1.7666535401619383
72,1318257000.0,1381434126.6472292,1341430297.451949,1343343189.9686134,7.423544,7.937383851286591,9.8710139375323,239440602.5279423,2792394599.8973255,3.3507384203750092,2.961266480636363
73,912010800.0,941133925.2462862,948286807.7799982,947902314.5799379,6.7844692,6.786552760697949,8.04783795083255,164244753.0990377,2401539959.7024474,2.695287702576258,2.5573323357213393
74,1737801000.0,2230620581.3661838,2216203148.6272717,2216593397.5167623,0.0581809999999993,0.13684228444109206,2.2230364732921863,3262731241.912337,6703665828.330511,1.3240786065281283,1.2895495313505063
75,2187762000.0,2173640999.992079,2155221393.4834723,2161092841.61788,1.7787873,1.6716764944320384,2.1676437939944355,706773778.4072171,9214718664.097057,1.3149550682529725,1.27579823293549
76,1202264000.0,1233690361.6023405,1225191941.6651652,1221489360.9607418,3.3058747,3.2057836013187653,3.8285703645234785,295089424.6492105,4594011346.656056,1.615466117395218,1.5421285772015745
77,1659587000.0,2079085244.0767722,2158863423.2601633,2161092841.61788,2.6070711,5.20935476872873,11.16771698245946,651051246.004213,2195898681.3885903,3.9081233341251647,3.8558920433108943
78,2187762000.0,2094284937.6812048,2078815101.2472904,2080436712.9076102,5.718852699999999,6.654563986323748,11.838884903274494,531386507.53094083,2385454393.7651258,4.231008030658543,3.8574283414837542
79,1318257000.0,1109400318.2664735,1102529460.6994128,1103670022.8438623,1.623422,1.5062256335638156,1.7497183676517702,278034827.3017396,6685086132.235507,1.247963842528496,1.218473151103307
80,9549926000.0,8812855803.905891,8642279917.280905,8661913637.787672,5.499880000000001,6.4115180112694095,9.561574889555635,2159966440.838502,13615512316.115852,3.2295793348404307,2.9101187250750975
81,4365158000.0,3887003106.319248,3885767422.7247415,3896876288.7177258,1.5592949999999997,1.5650930924069162,2.1648261630988506,1422281787.9687018,15051453357.55095,1.3144925391810873,1.2827609696305315
86,3311311000.0,3512887255.2954082,3447651133.393072,3454671195.579178,13.4718821,13.927007155368035,15.784007121847916,283913444.4595769,7209685701.811495,6.72734157786342,5.935660587411932
89,3311311000.0,3412525726.6862655,3468967569.3938723,3476641192.6360993,7.9401247,8.483621186749406,13.497987796990252,676459897.9680613,3928375551.696782,5.144907331246479,4.875540701999967
90,1148154000.0,1147532091.003862,1122873312.04067,1124860598.3439567,4.087251,4.252204036639815,5.232409878892904,270632918.33892703,3371423922.862115,1.9183371530060247,1.775311025504245
91,1905461000.0,1981992599.1893046,1977802671.5423713,1977558265.1785233,3.2602961,3.519447716351726,5.5128135420305355,690085027.1627117,4049413937.49885,1.9849221386625127,1.881323514966026
92,2187762000.0,3185983478.9376097,3132255020.7602863,3141300110.447641,0.5739454,1.5711751368924047,7.1903647750851105,2026029268.9432814,3973739678.011058,2.4314753453566103,2.244343309665953
95,3467369000.0,3248507795.50318,3281547825.5652437,3283836289.7103744,14.454956,14.230029638205464,14.832439590388331,160785616.60040444,12129873247.134357,6.017745630289801,5.624808402891277
96,8709636000.0,9012523198.577826,8884197439.373734,8884366376.877466,14.376270000000002,14.845481048150322,17.454961342725216,725585500.7867408,15257761901.399658,8.177954126690269,7.254404113439256
97,1737801000.0,1750842801.4980795,1748448135.6499627,1753151260.169923,0.595161,0.5948740058112278,1.5865344687604346,1248882540.2762876,5715151836.480642,1.2226689291296549,1.1997369122875563
99,9549926000.0,10061198099.563602,10133671356.7216,10149453658.069513,11.325144,12.2127642757221,16.969531913643095,1247859790.0857673,11860728521.519468,7.72740916792546,7.153117489299647
101,912010800.0,906088362.662326,925387342.4259492,924168099.0688962,2.1742050000000006,2.2210163026070333,3.7713806528261613,389031349.00319153,2160568077.9651337,1.6041353153907552,1.576533245701299
103,1047129000.0,1291069447.819086,1255627979.0241287,1252859294.3816156,0.155267,0.3028565340388339,1.7049145425073102,1333654000.9914331,3957413272.2144494,1.2409714696203682,1.2066166356230974
109,4786301000.0,5219164699.941645,5187141039.463596,5183325554.060094,5.293931999999999,6.031295450644598,10.88328160544441,1440653757.0270624,6234041789.207071,3.7786378262969373,3.4642423989045175
111,2630268000.0,2763753307.8383656,2774963486.0605702,2767237135.251003,10.612337,10.300838820632132,10.693999849087277,182132545.50910333,12858223396.017462,3.6947898528558194,3.450679730302401
112,602559600.0,617722086.1699294,621656994.1926949,619872483.144797,12.008244,12.139048358897975,12.805981896500654,41180328.03946841,2189220208.4436145,4.742406227026381,4.420850967245143
113,6918310000.0,7215647329.517073,7040448384.143072,7026835921.682041,3.959079,4.818290559501161,7.388990515943366,2145942374.664948,12657886437.744486,2.4902881727875665,2.257249045210733
114,602559600.0,605672588.4753948,595396200.1759665,596737653.4782233,9.583969,9.150375263861367,9.446734249670673,40529521.29037752,3254793857.990511,3.1857010463682043,2.8792058114281263
115,5754399000.0,3744580630.730689,3742966388.7065825,3751437393.424587,1.536639,1.5283401119366085,2.549745187810693,1712352013.0750954,11209787117.338776,1.379089543891014,1.3407560862254333
116,1445440000.0,1211821209.4031045,1289432868.0412292,1293207046.2798219,2.978747,5.759170507053369,7.708823765992246,287002421.3859461,2457863608.1839685,2.5878627519711213,2.6840227917662736
117,1318257000.0,1335019843.720669,1345201311.6873317,1343343189.9686134,4.1845872,4.5078377336487225,5.896849059433564,344189065.2694003,3267969800.1499043,2.079674821204306,1.9927717426149292
118,5495409000.0,4523790411.486659,4366704754.451972,4367906829.653669,2.908773,2.757304827991425,3.273858603194244,1103174718.6724148,18561591480.44306,1.5086479597154048,1.4088488010305573
121,602559600.0,519834657.52629423,551547344.9436018,553026077.6617955,4.324316,6.454557106975586,7.225441000013325,77881205.27410355,1716796978.1219006,2.4417638313204737,2.529028881815547
122,1819701000.0,1963437172.4861596,1983270228.0213149,1977558265.1785233,1.6492982,2.447417734015388,5.600075593695307,958000058.4687293,3217528870.136078,2.006085890385892,1.9281710530160794
123,3467369000.0,3498765613.3796115,3551165467.114418,3543393053.3865266,6.3186653,6.461545507761172,7.426199094764076,575289082.1499572,10285484446.316532,2.501455939633342,2.408049757295119
124,1584893000.0,1578006862.1533875,1562563005.1431808,1564093247.1156824,9.3444728,9.481976952236485,10.840166884145832,196951512.9217203,3853072197.0530667,3.759377864347686,3.422185218975904
126,3981072000.0,2434026779.2030396,2465283863.210429,2468821153.512065,2.828523000000001,2.7416578558510722,4.0534913560298556,869000900.5752803,6248690135.794293,1.6607597183830154,1.6169656447133427
128,2630268000.0,2811160203.414106,2732394228.1035686,2732373545.273348,6.82846,6.6046639118879185,7.091211211451877,336125777.97050184,11755897964.174717,2.4026155485549228,2.16374444218735
129,1047129000.0,1020021151.5189674,995395261.2505018,997215005.1033685,6.268733,5.986335502841635,6.5424674071996725,142057915.5476099,3987245766.5518346,2.2487196659197917,2.0469124320342535
130,288403200.0,280269906.7933693,281715580.64926034,282430394.48009413,5.7574264,5.441412241719998,5.807824910113863,35126667.15408746,1355732885.6369987,2.0573355106214364,1.9662767305851268
133,4570882000.0,4531859317.192642,4581188883.547471,4595138301.096298,4.540281,4.549171503306523,7.5950403112164855,1466383582.763458,7250538520.892348,2.5527372930728536,2.4367690648419207
134,1096478000.0,1161278591.2521486,1167681340.4809473,1168470144.665773,6.757973999999999,6.825910828896592,7.571667463141108,162509626.67517623,3899078068.1220484,2.545578782922055,2.412436088022703
135,2187762000.0,2128849763.7963042,2110965105.3644772,2106981945.9555283,14.039084,13.440833822195767,13.698163917656688,78021013.17801662,12280964539.682259,5.267444786193473,4.763296142197705
136,831763800.0,869004987.6158104,869706135.0931556,867400058.2853534,6.101539000000001,5.94759090020061,6.4008179104645055,110984872.80091037,3770854757.506257,2.210547643966125,2.0920521442435236
137,1737801000.0,1382793259.1291575,1370399615.8836846,1369135514.395641,8.948970000000001,8.372915372904147,8.420769189712304,42159721.354535125,18608404119.082596,2.818405399725949,2.5963730295025194
138,724436000.0,721242006.728774,727647089.1645833,726325302.3147737,6.818223000000001,6.406306782548276,6.683072485863186,68303933.54700512,4017596502.0384817,2.2872308995373496,2.188538095289884
139,2398833000.0,2406334396.628726,2353460188.661135,2346736936.0887423,9.437258,9.450580315691314,11.252740205623514,333980124.5293031,5040939737.76315,3.9476594418952056,3.5090412398612325
140,3630781000.0,4867821832.844681,4811086769.200125,4803642243.283738,0.199678,0.5255331216184258,3.0501439165631163,4614427318.571157,10706371502.070677,1.4674619472376766,1.4119925237812718
141,2884032000.0,3141596144.2744985,3179847906.0835342,3181381379.4369497,5.0716540000000006,5.684855171415972,8.445506682070006,830820196.5765045,5258777307.944971,2.8267605814506735,2.696053316379849
142,1380384000.0,1755287471.57534,1759597816.813588,1764300433.5197732,0.4891388,1.090822220444147,5.252249106845966,1311057354.0776656,2723814859.279881,1.9229778639691524,1.8347361590113926
143,2089296000.0,1633150277.9803689,1617934030.8000374,1614464143.962029,1.0596899999999998,0.9490342409038384,1.0334301502456176,320282097.5359783,16687578245.95731,1.1403835408634162,1.1221152389066487
147,3630781000.0,4379149458.585041,4437933433.297586,4451771080.322249,2.4490740000000004,3.834958936018704,10.328537981119217,1700709007.2016392,4483309245.373212,3.5379773329299566,3.3542327759176973
148,870963600.0,785382910.509415,785730042.0350595,783734572.5136704,3.2127860000000013,2.952705433269485,3.025820135734802,72411056.3914581,8560525625.0392685,1.463047528685498,1.4173661728538505
149,3162278000.0,3459614329.516099,3346918092.669253,3346886276.922814,3.1017386,4.133519657345601,13.056009637351755,1210807757.6523986,2806174046.900932,4.884147445796226,4.252113026610683
150,1202264000.0,1370786369.5827744,1277537793.1111903,1276914318.9080458,0.1293947,0.22436509306197777,2.8555571658637016,1761815894.6361985,3421374884.849098,1.4324909466510778,1.356502464861042
151,1995262000.0,2019720758.794928,2102260434.7238042,2106981945.9555283,7.338349,7.040670033513116,7.4756571051570955,215440290.54279238,8939133121.289549,2.516374496593017,2.5259789938153427
153,5754399000.0,5456128769.242642,5491319118.771503,5487655761.815686,7.527651,7.443515602120753,8.145146530348917,681411516.5820632,18890209908.448536,2.7269047419207224,2.5817985861741475
154,1148154000.0,1129328909.407448,1133919255.0418272,1132014154.3948736,1.513426,1.458239420079741,2.131524880429913,450659063.14635193,4146017620.431505,1.3090373076548374,1.2816245760314013
155,2187762000.0,2483230946.739277,2422145894.107753,2422312509.572754,1.1692489999999998,1.476556500917456,3.3316560461137317,1403409569.43965,5577032357.690656,1.5194620620697434,1.438816929563815
156,1258925000.0,1306005665.702055,1293544775.298671,1293207046.2798219,1.973137,2.1926414354916095,6.99829824742923,707659344.4714478,1710306548.1714256,2.37586951990839,2.2120203202712694
157,12022640000.0,11861649526.7087,11655265962.011778,11668419185.301147,10.530675999999998,11.4867107616677,14.204026466532394,1446285029.2141898,19671152345.259483,5.589990924731649,4.963323876203491
158,954992600.0,931111163.1948233,947028149.2149543,947902314.5799379,5.704078,5.453945987310106,6.296650699675325,168702824.1118023,2943387575.887646,2.182870992991657,2.11754190751485
159,954992600.0,937779365.0437107,928694249.5121652,930045350.2650776,4.9292560000000005,4.799989725129409,5.932087380850017,212993461.27916574,2550119099.517339,2.088580809191053,1.9527484586656922
160,1659587000.0,1769991149.3046901,1762401079.9570823,1764300433.5197732,4.371929999999999,4.62478762452966,6.042462954272566,450648648.92604554,4283333758.0541663,2.1167116580184064,1.9929465321704125
162,1584893000.0,1511297025.6135225,1471958561.8869903,1468017101.0866446,11.514673,10.90714351140454,10.998386852029519,45660734.30871553,14710078297.496557,3.8305277691549087,3.3801956964702713
163,1000000000.0,984823356.1266627,989816764.4462917,990913287.5796723,3.920748,3.6736500537790953,3.971346339593602,153126734.355878,5306975306.648262,1.6440816033360077,1.5890887048166271
165,2187762000.0,2290409429.3325214,2374716211.2044616,2376680014.137769,3.682646,5.30240214056967,9.877619884796779,700818990.8475416,2859116243.374555,3.353372289200472,3.3104389484920844
166,10471290000.0,10629497604.300838,10561512870.595888,10542936255.019112,14.732731,15.162548104177764,18.945742854958908,897993362.8142068,14427217588.984512,9.730011286273879,8.74631493233673
167,1318257000.0,1349151676.4281316,1336292888.6865773,1334854178.7952604,11.009747,10.782933566824799,11.59357904315337,115787159.68582675,4322319697.310275,4.110093877521549,3.732539620162847
169,1380384000.0,1137962434.5481606,1141824333.6805067,1139213203.517771,4.8942223,4.700054729223208,5.033096952319678,154267596.17586938,5783263344.451811,1.8722981565219592,1.7932543363852775
170,2398833000.0,1933474806.264413,1905804009.0726233,1903751998.7855961,4.3497710000000005,4.016945235764376,4.100259406093579,152168226.4994583,19725222530.35349,1.670325858553011,1.575781615350597
171,1584893000.0,1607903540.4591246,1610176437.6051204,1614464143.962029,1.80743,1.7638596603356762,2.54968433823921,614395028.4159255,5430681004.32155,1.3790791042288224,1.3426424491444158
172,2754229000.0,2802337742.7545695,2760461736.4731274,2767237135.251003,7.575891,7.38026475304562,8.222807608410683,381952368.6954362,8825247356.868364,2.7523933957272355,2.5135451633023553
173,3019952000.0,3153784063.0901146,3144263103.4658103,3141300110.447641,5.4884446,5.246857907064738,5.649627903069739,426112494.2581544,14545315591.79842,2.018198849726889,1.9081290004955958
175,2884032000.0,2884398523.5788064,2925233551.311403,2929710791.110853,3.882302000000001,3.7291536362775197,4.177265274912785,535648394.4982963,12648900306.838905,1.686189633792191,1.645259927580177
176,3467369000.0,3933393510.2010627,4003995192.4177265,3996954728.7217617,2.029998,2.7746843664371696,6.345605892879834,1821058240.351068,5955283309.692272,2.195836781762571,2.123977274002547
177,3019952000.0,4581730103.31328,4632655681.163314,4624361103.856926,0.6948291000000001,2.673773152877294,15.582907634417865,1775138169.813457,2900260388.3004193,6.570833515043186,6.127430840890058
178,1659587000.0,1637495793.5750659,1566765118.3912263,1564093247.1156824,7.350975999999999,7.703348718580376,10.192373262121476,316271907.3866187,2877808415.507442,3.481218297567299,2.9958580055140303
179,3019952000.0,3080837542.5154495,3051170383.0343924,3043292295.025698,5.191127000000001,5.150586129340616,6.178923978245244,635859851.8488421,8793839017.368725,2.151988601488358,2.0084362446523194
181,3630781000.0,2792729691.4514832,2757063320.5584216,2749750087.1639,8.773806,8.703329629080528,9.333197021967566,280397081.7548366,10210909532.87916,3.1428873383547673,2.8636917688446077
182,3019952000.0,3646059498.60281,3625716988.8325224,3634393440.0630794,0.7139149999999999,1.1259821898401472,3.103858500565784,2389482546.2037063,8143644707.614037,1.4772542797631174,1.4238572658864541
183,1258925000.0,1228257336.0261772,1242509294.0402145,1244942079.6087525,3.0030256,2.8305040453411108,3.0912520265160444,215365950.42595425,7091403387.738825,1.4749506397200478,1.4440069894285033
184,3162278000.0,3165760472.2253537,3207235662.2356,3201613388.6749263,8.655795000000001,8.244293628465138,8.585366578363889,255279024.08289868,15845913352.80148,2.8744489986983917,2.747768964999267
185,6025596000.0,6588694473.805188,7003702865.483007,6982431119.470723,5.825029000000001,7.255983419268125,11.7120310226734,1520755194.4089043,8225988500.967211,4.168053977167414,4.2959987956319585
186,794328200.0,818208797.6544238,806687805.4237593,808974380.5492855,4.3462060000000005,4.159470809905881,4.721388028774541,154984922.06579247,3195158329.0078893,1.8023819513905803,1.6914728809571111
187,1905461000.0,1829186400.1503391,1764866585.0979972,1764300433.5197732,5.815397,5.689769758644446,6.546511679285814,321622858.79020035,5729530371.482521,2.2498186920812198,2.014843028644332
188,10471290000.0,10401958667.710339,10632193997.46708,10609984105.70613,6.466346,6.503729621855142,9.121928312963533,2406521457.89404,17853513212.139694,3.0646944598423556,2.9650564204283936
189,3311311000.0,3550016464.3025765,3562116529.3233833,3565927277.4985023,2.0021207800000003,2.235355742271494,3.75847987366524,1509745591.3209782,8537760486.717548,1.6015896244468142,1.546599004580056
190,2089296000.0,2109728125.5510664,2062190538.87507,2067289774.2599077,14.152986,13.822338246632153,14.482360194709642,114192590.21705519,7514410077.596222,5.775637639428505,5.071268216676405
191,2187762000.0,2334173973.6296625,2315460768.1266847,2317171101.891534,2.254475,3.0077593676414605,9.87558686592499,1046761761.4838705,2362007942.275663,3.352561487289862,3.080148824460253
193,2754229000.0,2959268554.7569585,2929846594.344805,2929710791.110853,9.561272,9.99699404650684,12.231685126587731,410711966.0933616,5497213414.268259,4.431878533652159,4.014113444815727
194,1905461000.0,2161351207.847602,2161075664.293445,2161092841.61788,2.5683519999999995,3.701822130768676,13.50464828692104,789398864.0330465,1650507199.6089482,5.148939282496145,4.73302795426514
195,1995262000.0,1956348741.1277072,1973156132.2054892,1977558265.1785233,11.935202,11.284885183783091,11.417823535448598,67809475.22462852,15757845847.61436,4.025537844320471,3.78255853535495
196,9549926000.0,9898912790.582254,9410376876.266531,9405996947.261812,1.4309970000000014,2.2545182885565134,6.991857823938174,5283494651.243465,13030354942.068098,2.3740261541297203,2.1036123690412465
198,2290868000.0,1591575140.148411,1591049604.9948907,1594123994.8538487,2.870975999999999,2.6442984577558146,2.8533310126408438,263004103.6875311,10268940842.117334,1.4320953792972095,1.3884559968936085
199,1445440000.0,1500128469.479964,1476034460.9033751,1477352962.465185,4.037508000000001,3.93292993946391,4.34878550461644,258876497.12224308,6826723536.529066,1.722033666005905,1.6177219458745986
200,5754399000.0,5985789867.419436,5993227220.634072,5996957861.088556,3.971734,4.478608002862653,8.220939457385505,2035521656.6434946,8516634868.232551,2.75177758274014,2.5814783675521937
201,3467369000.0,4575454983.097149,4471719507.473077,4480082138.595426,0.3636050000000002,0.8237427297734713,4.464477293127524,3803747474.6533384,7919496131.689648,1.746613587919327,1.643622652605822
204,724436000.0,656147125.3257067,709693939.6316783,708139081.0226558,12.383413,14.420110045292416,15.015596192384226,31583480.084458943,2464652564.4339685,6.148355110779773,6.560341534960518
205,2511886000.0,2538925198.7064633,2498073859.8266706,2500321959.3126006,2.861915,2.6651196320607657,2.9964954869826146,518025917.54394746,13013337405.244509,1.45774193363604,1.3905697888956565
206,1380384000.0,1444813014.7323132,1433219316.2628837,1431259901.8318553,6.180823999999999,6.275121975949705,7.276860439129653,247973656.72220775,4166415387.5374503,2.456921370126477,2.2821038717110866
207,1445440000.0,1452618360.9352891,1493811265.2806025,1496203177.1529758,7.533859999999999,8.285840144318277,10.233369265747559,240872436.30591568,2922322236.156443,3.4982135912141383,3.41342054232674
208,1318257000.0,1222831563.3874485,1214731472.6502845,1213770382.7348003,6.358906,5.901159288535315,5.95390390986327,55754915.49510669,15676605628.856396,2.0941127654306984,1.9652215935305533
210,912010800.0,907179577.6566983,892273571.865696,889676373.53404,12.917893,12.343978808755056,12.482088129572924,28116261.478450894,7167475352.168298,4.564753169386341,4.079111930255058
211,1318257000.0,1221065668.7114534,1212366399.8951635,1213770382.7348003,1.6719229999999996,1.520746583948558,1.5980996649810983,175851934.937702,12977768833.356268,1.2244460299798086,1.1968790548412764
212,954992600.0,1010372484.1867341,1024632957.8194419,1022825189.9450805,17.699251,17.29519610045194,17.521618821585758,22045652.286871802,6217922115.596947,8.24181099810692,7.727506251781392
213,10000000000.0,8913535771.7627,8997939544.947107,8997726026.077164,11.062076,12.30055953494496,15.27794295265978,1007330175.7239295,14002571128.21376,6.340298816696899,5.91215055120261
214,2187762000.0,2241614711.2423854,2237217003.9718847,2230689833.230274,3.0262574,3.244249149763376,4.698268196229714,744056533.7414819,5420235783.274348,1.797295447258628,1.7135595894580569
215,1148154000.0,1209291155.1222239,1208822333.6291559,1206100183.177559,10.7126578,11.217057757106929,13.407761042355544,143249623.4279786,2267988981.2479205,5.09059177972893,4.678116984306033
216,3311311000.0,3365127135.5054607,3383495690.7552705,3389590712.801402,12.048672,11.503730579882719,11.782079539874479,162159930.2734212,18658870694.188065,4.202703405285773,3.922035980299815
217,3630781000.0,3665205314.1104703,3843741395.3610787,3847780714.148858,2.748667000000001,2.752136975141655,3.348356890796264,952759547.2674222,13996991208.396322,1.5226002721352994,1.5457290904545753
219,912010800.0,906414940.8338681,912957537.9621825,912524782.6122297,3.337876,3.320080661757136,4.078421853866789,230154223.18821877,3053315491.1125484,1.6658527000625183,1.6125590456217185
220,2630268000.0,2512987316.72049,2558171624.6161966,2564534498.4481907,3.798391,3.742183095113005,6.205248485114183,890115203.4609932,4569613701.174291,2.1588578290816067,2.0932439921486816
221,1445440000.0,1471988002.7201266,1546168912.7584996,1544387705.8161666,11.171132999999998,10.563246210815862,10.69931593744081,56482838.358966894,11718982435.37274,3.697119919138022,3.7522347758163983
222,5011872000.0,4820065927.061827,4834342294.16005,4834191027.805528,1.9007300000000007,1.9617022862176974,3.1760254425184558,2044724786.689364,13075101752.2021,1.490506231147056,1.4452194409993568
223,1584893000.0,1626277725.7946541,1589665402.7101219,1594123994.8538487,15.472808,15.122999288066678,15.403059494404701,50750586.83934273,8986181353.768957,6.433901162161604,5.63624685976686
224,1995262000.0,2027457046.5134358,2041900538.5600507,2041244610.9680977,4.232498,4.402628157011296,6.038843450278067,563935342.7987367,4556316225.907513,2.115783493618006,2.0242153131200986
225,5754399000.0,6024726741.35839,5942093276.075596,5959061184.5958605,5.1961770000000005,5.361316930150446,6.7183208548941735,1338357782.1727273,14861349699.377623,2.296983430589272,2.123121783126647
226,4365158000.0,4433763115.214174,4412315485.332527,4423638928.594925,5.182829000000001,5.0703094816095176,5.694915113539116,751427626.3725264,16362496140.581287,2.0293298148366565,1.913210680487531
227,5248075000.0,5243326090.228408,5497889967.19564,5487655761.815686,6.437911,6.324945511896675,7.791905820393531,1035309377.3877087,12364408135.578205,2.613802771925354,2.6495902184951223
228,478630100.0,767368372.2526999,762987728.5123011,764110899.3129811,0.017309,0.09280447780744903,1.1555314042677642,1115385164.3771245,3178557171.242777,1.1581005709495829,1.1413158593057722
229,1513561000.0,1563941265.5417738,1527417591.4332087,1524930428.7161245,8.495938,8.246087536847082,8.639195244690526,134719086.89395225,7282505392.120849,2.893008723994481,2.5971157586156544
230,1445440000.0,1393078599.6233587,1422471696.40834,1422215317.105212,8.0330793,8.37653199728006,9.526351264459036,188339710.3276148,3722132505.1357913,3.216059366174306,3.106122090943227
231,724436000.0,696597687.4659673,689023761.5179719,690408218.5674528,1.9436699999999991,2.102359257315802,3.3617978647435045,287706082.4873933,1848871212.3418276,1.525130314743297,1.4580189378879747
232,2511886000.0,2432813303.9996905,2363706631.7840285,2361661020.223063,10.803994,10.152274593581943,10.305787790364525,104292448.38610423,18227383586.124,3.5284321007990602,3.109997295847146
233,1000000000.0,1052881656.9789095,1039571592.6236672,1042463536.5181675,1.3851370000000005,1.639236536966742,5.402734468131436,649589247.5205995,1633986022.9226656,1.9585260512796228,1.8386120182598595
235,1737801000.0,1957040771.7103777,2007933715.8766181,2002790825.5776494,1.234213,1.8482293323390748,7.264463248554129,1155192292.8955426,2440091307.7664256,2.453258684955937,2.381440300556211
236,2511886000.0,2822153775.5051126,2913191514.2677393,2911197020.522554,0.317469,0.5281456190372797,4.507455072507403,2787793518.495346,5024734909.890257,1.7558283877981862,1.7164561636770856
237,1995262000.0,1894816044.034964,1872709916.7288656,1867888354.4165838,11.843456,11.290051916068723,11.502943059273257,82473140.48832996,12034818090.363482,4.066275240972939,3.6788255537795123
238,10964780000.0,12185692356.765598,11808008470.197031,11817301823.572718,5.087738,6.2332249734565535,11.016065888331694,3264173778.422614,14660948622.391533,3.8385586496741757,3.368753957636469
239,831763800.0,903194059.336863,900261484.1197551,901028156.804429,1.5331100000000006,1.954570346469269,4.741847264231131,486993278.843181,1611936834.6259027,1.8068944134853253,1.7204490308275937
240,1584893000.0,1788294577.9940662,1830200076.9782457,1832700323.776793,2.021827000000001,2.6744617112579676,5.551183473005144,814324584.2365388,3056584983.0980897,1.9942018502804106,1.9487529455783927
241,724436000.0,711656472.7121662,711028644.5318666,712642494.7037777,0.4540191999999999,0.5219797686400833,1.366912639957254,509400790.6219242,2524176326.2015038,1.1893672268499107,1.1700621079550548
244,831763800.0,911894263.6874698,898172157.7812055,895334274.4460444,0.99179,1.1279441260750709,2.0864106397525872,476846621.96064246,2867653831.833252,1.3016802237018996,1.260218404869419
245,2398833000.0,2328842081.0383177,2308742367.700478,2302528163.645063,0.8010980000000001,1.310087143111588,3.9500910588191243,1516102952.0017543,4448548885.048597,1.6397917141574,1.5644787821439436
246,436515800.0,467971347.1471776,468028080.5054377,468990064.68829584,0.3633299999999995,0.4413216934171069,1.6012183925054142,397208150.0187091,1475073272.1907253,1.2249256569216562,1.2024853525660326
247,1737801000.0,2199446148.764944,2235594839.184645,2230689833.230274,0.6953800000000001,2.175403714744924,10.791778243301248,1120260234.6730042,1985915334.2992072,3.737875520766851,3.5477360744540256
248,2754229000.0,2796424482.3626366,2746494654.1539125,2749750087.1639,9.203069,9.33169822758486,10.457717480671144,330763086.51192266,7546286199.227925,3.592653387761536,3.227686276426497
251,630957300.0,639044395.813927,645469190.6793308,643904223.4396538,9.709038,9.521189059029274,10.128766591649663,56743807.21643002,2379110493.358642,3.455007797124087,3.2676675509435187
252,1819701000.0,3720903873.1565604,3777224780.4674544,3775294676.455815,0.11998397,1.1614841883368432,8.088875506520846,2627855267.79686,4285756908.0996976,2.7085782512116694,2.5814142394786854
253,2398833000.0,2354229478.0759025,2294070990.081239,2287977758.7640886,10.923251,10.478192809733839,10.730013043807336,122946071.10422993,13735987667.884363,3.710602532272308,3.2814584690630184
255,3467369000.0,3588902532.5557804,3622421686.084127,3611426556.580552,11.3749944,11.595804628431534,13.667250824561572,398679812.8381231,6942565878.769963,5.248336521741912,4.909110279407097
256,5011872000.0,5497553592.974176,5372825574.00065,5384277099.6859,2.8974310000000005,3.3897691445963667,5.844380937385642,2080180848.1544468,10071305565.90943,2.066481014598959,1.903246705167113
257,1096478000.0,1128336406.9412906,1122239756.1569898,1124860598.3439567,2.4009578,2.288869752578808,2.533077484394079,220241172.82195756,6747157201.327641,1.376232679794587,1.332485824138035
258,1445440000.0,924562607.1551055,934279863.5734472,935959977.8667612,0.4227550000000004,0.31937025668190444,0.62218995004358,558271381.1584584,5353009809.560369,1.0825113650534366,1.0764954257629769
259,724436000.0,730281380.4437374,721544023.7696445,721735422.6377993,1.0237819999999995,1.1014064773804686,2.264737565815181,413436477.9832649,2099938967.084496,1.3309855417807233,1.2884383029225424
261,4786301000.0,3380165496.6501384,3351970726.5558023,3346886276.922814,3.7063000000000006,3.435023249515295,3.656989673607801,480329699.875151,21118296965.974648,1.5816940491607436,1.509453870836844
263,1584893000.0,1653021890.934647,1590151828.5601275,1594123994.8538487,19.280256,19.194065161095196,19.73746128573701,43544613.89359345,6506985212.333112,10.669181641887645,8.986771643904833
264,1445440000.0,1457173959.3837323,1425164037.9389336,1422215317.105212,2.24489,2.0679705080818773,2.2580320548665114,269182275.38256323,9882035057.158224,1.3298726720992287,1.2750728392578183
265,2754229000.0,2720004722.8375745,2678768673.5540013,2680899995.5812187,9.4244633,8.993844960232236,9.269400905388766,179483856.1040358,15167214405.270067,3.119074928389499,2.830513339860037
266,3019952000.0,3705931890.409532,3670405488.126305,3680766309.882078,2.4174240000000005,3.783387860956183,12.14131437371421,1396812559.2049599,3186425976.904448,4.3848568657028295,3.9829289924210127
267,2187762000.0,2296393672.0165434,2288955313.5687594,2287977758.7640886,5.172669000000001,4.9689132459805245,5.336030249057559,311201300.8041082,11104951312.752361,1.9426929250987226,1.840127732176541
268,6918310000.0,8487247158.507105,8253274684.253587,8233578459.942452,3.338601,5.083147250414775,14.26674410655026,2544368670.2969117,6595756844.45398,5.631305481645333,4.920225253997636
269,457088200.0,454990487.3286383,448552897.62817097,448633370.2506606,2.844644,2.7388767584901705,3.3634076673495517,121041010.76924187,1697824932.0796373,1.5254335962637149,1.452184379082859
270,2398833000.0,2360157546.2650695,2353805790.348969,2346736936.0887423,1.725069,1.695492489065431,2.3281101859515614,844168952.2163188,8877718658.23119,1.3415456168139117,1.3048092988302642
271,549540900.0,553822414.3849078,566456261.0524276,567228732.0530015,13.8107533,14.59132388770332,15.679543601017798,33830543.83142684,1517516505.2020485,6.645589419342375,6.353195613225431
272,549540900.0,565988066.9622266,559750983.5454487,560082387.532715,9.538125,9.113667482017336,9.396948607398297,37250999.75912327,3112005447.734087,3.1668584838999654,2.8932593449706596
273,1047129000.0,1070720378.5820367,1053335270.0631766,1055764800.3101127,8.256906,7.85866327880245,8.104967812860236,77997045.77749963,6321976303.9882145,2.713807118508967,2.4737445682122914
275,954992600.0,974993970.5229319,992474921.694289,990913287.5796723,9.003363,8.69477316639798,9.128363011560877,82764549.48118636,4317656079.604325,3.0670480383304373,2.9507237717794244
276,660693400.0,647079018.4788419,678045854.2272676,677402031.3981465,7.5125051,7.46985466812488,8.605003581610614,98439457.6863241,1743176152.4890637,2.881206369361686,2.916834762730552
278,1584893000.0,1800595057.0847287,1784100179.9435163,1786811940.7834914,2.24197,2.728983604626334,5.498551162609415,803631405.0143007,3136195158.297815,1.9814832403360847,1.862812454996782
279,1047129000.0,1029551983.3547189,1012664623.5428101,1009938922.4160724,12.228052,11.72331065593153,12.060319587317682,52855638.94469878,5179714014.606209,4.343127414760006,3.886947758051705
280,1513561000.0,1474573199.5090296,1467110884.3597827,1468017101.0866446,12.304375,12.231213303906499,13.257105472813866,116824630.34908126,4171944339.3817697,5.001146900494304,4.557062320009505
282,1318257000.0,1473708799.8149025,1501347789.227999,1505718288.009445,6.261317,7.599013100756224,12.134981245229092,325387068.4312698,1816086593.2376482,4.38157992273708,4.180612374672867
283,3019952000.0,2958904713.9960294,2879511813.3663406,2874519723.1652884,1.5589639999999998,1.5339845437950075,2.153671224963516,1109864228.6315193,11285276241.806303,1.3126628689833861,1.2584781294978358
284,1995262000.0,2203023661.8779573,2147192984.150186,2147436211.3419073,3.167922,4.111741779862232,9.771439474870697,821627834.7306677,2451396849.9406743,3.311278621390675,2.959386997939517
286,7244360000.0,7970794080.334885,8032160561.693963,8027420586.299137,5.309639,7.416576930152667,14.246973776924161,1816082112.491203,7498086908.010332,5.618249782469153,5.229365002953883
287,1380384000.0,1508613452.7120564,1497197341.3512797,1496203177.1529758,2.298245,2.7224013783573757,4.433122171366079,591805793.8056964,3382618289.2570906,1.739919492515094,1.6520360941352799
290,2754229000.0,2816959820.7242107,2875992361.4322104,2874519723.1652884,6.5450691,7.2546272510144245,13.180872512876851,660125622.0674026,2925209817.7221794,4.956474755130603,4.735289083783885
291,2630268000.0,2653611272.229157,2710534903.9171247,2715106811.2557054,14.661908,14.311855673919592,14.732997714836259,110479393.8684776,11910831306.593897,5.947978510400968,5.681458633092017
294,2187762000.0,2106480302.241582,2113814210.7206006,2120381307.148242,7.869145,8.048560412623853,9.24081923329543,301883386.24543464,5523960258.640672,3.1084631904736817,2.9150701308187594
296,691831000.0,676517855.2931967,680681367.1378772,681709972.6734855,4.665723,4.36964607136553,4.582046649804912,78584813.86465152,4314638300.0821705,1.7719300922889494,1.7082227162905892
297,3019952000.0,2921625558.985585,2968090350.341758,2967092296.268175,6.00987,6.070175439490349,8.825298506044877,729247040.2327607,4883811213.880227,2.958069287194254,2.834841558972901
299,549540900.0,574023578.1521006,585258028.0471042,585496070.0158849,10.196902,10.08995328911377,10.901099531053184,53774490.335897185,1839131956.3138013,3.786625308978776,3.634436372762145
300,1737801000.0,1690927139.5727804,1686853535.7512739,1687720293.5007737,3.236029,3.0977981722389036,3.724670976181044,415194533.13105506,6280454958.920738,1.5949360773162984,1.5314333500863937
301,691831000.0,1110008325.470547,1153155142.0490413,1153748940.0729966,0.0176670000000003,0.10642666203861478,2.4642245532518183,1782540344.098508,3345215072.247058,1.3644891323965826,1.3408536981005763
303,7244360000.0,7787202702.234086,7648758268.279153,7630461349.7777,0.6534639999999996,1.2781341023193518,5.175700651815555,5408723504.171624,12236503770.680235,1.9051302664828496,1.7846900817707518
304,4786301000.0,4966834156.785773,4845037503.966615,4834191027.805528,3.827835,5.427625308936096,10.871267590067246,1505657160.9826908,5548754568.556186,3.773261382235678,3.353795860796983
305,1318257000.0,1070403408.7340697,1082068648.9896097,1082878643.9114902,4.128029,3.8456435052335847,4.040545700126804,131610366.42419076,7133090834.982482,1.6581208470853692,1.613213688787309
307,1584893000.0,1561639813.8854194,1550498404.87103,1554209246.4000938,9.9106499,9.448721506862164,9.655624728688672,84666190.621235,10065597728.815027,3.265948501723687,3.0009609997395748
310,1445440000.0,920438589.0475793,1183279208.2549353,1183379183.7666728,3.663611,7.380205542630374,7.941003445127283,105031940.6743367,3576467301.321521,2.6609810376281127,3.8890900071135692
311,1258925000.0,1292744772.7073421,1304157833.317914,1301431202.3260171,13.614329,13.488283917634533,14.081968835699412,69480558.47787124,4864230947.03311,5.510437006349693,5.1453973327723865
313,794328200.0,842929911.459188,844516007.2375731,845681512.396201,2.173903,2.1908779686561477,2.8348923939459763,261375282.9191818,3116241518.8697333,1.4288228975443185,1.3882258371188447
314,6309573000.0,6692119147.652203,6449780028.680043,6430069632.997621,8.7935035,9.262158212528664,11.140351249384855,964971941.5841924,13708449859.518055,3.8954802753891458,3.374707126641126
315,1905461000.0,1728389876.5442,1728395769.1275768,1731063833.7167473,2.7785680000000017,2.530989542058033,2.591768837490397,161358071.72239092,20671010742.94142,1.386316829627273,1.347689240820403
316,602559600.0,635123595.3812356,637425557.3635665,635791867.4203938,8.8510215,8.768491784166285,9.634054450335972,72557672.20597959,1969097308.912533,3.2575724177216716,3.0511916680803433
317,4570882000.0,4338544188.6069765,4323763912.055136,4312876882.696926,0.6548000000000016,0.6798777636549804,1.568351598517309,2810227383.9551673,14688620128.920683,1.2198797407055273,1.1961549105204576
318,478630100.0,482790972.2749102,486505259.09328914,487172267.8702759,9.705044,9.329114619477023,9.559236145994936,27978512.278151955,2949028088.505865,3.2286799489593516,3.0469971746668794
319,3467369000.0,3303678378.361933,3311266633.9694734,3304719861.412545,12.223748,11.927867970048382,12.392384123283168,192006098.84752804,14107781889.419077,4.516711425951907,4.183033095737674
320,1584893000.0,1477343137.3689904,1480176836.9527056,1477352962.465185,8.075302,7.721474193507554,8.028604690890482,121783615.75267597,7800809600.93142,2.6890803381985195,2.5282732175345553
322,1258925000.0,1241843215.99272,1242902795.7305415,1244942079.6087525,7.2773027,7.510279995583341,11.97235714549265,276987373.5798261,1546903915.2703466,4.298246754793741,3.9744663681599044
324,3162278000.0,3468033020.9020953,3513467501.570472,3521001230.175302,3.805687,5.304506547044342,10.323931159745271,1067825583.2908198,4086184641.498759,3.536042442884223,3.354250574459672
325,1096478000.0,1079408280.0563738,1026246701.7060975,1029329851.3558625,10.586866,10.97507218168192,11.913310596434654,96210899.27415791,3203036051.410947,4.268373658830732,3.591202054236756
326,1659587000.0,1690333326.1886442,1690512623.873814,1687720293.5007737,1.1358656,1.2247512387388655,2.8948077231341527,1017293285.5577383,4060000131.896192,1.4394820947540972,1.3956396346233424
327,12589250000.0,12999586098.469831,13003377893.489351,12996176991.680153,8.779037999999998,9.841909222196358,13.716700713526485,2100958818.951932,17513846133.311607,5.278935567236255,4.8536831547081425
332,2511886000.0,2616782344.0918255,2587007987.3699107,2580843667.1631017,8.159448000000001,8.872609176074054,13.800470711312515,492709907.6403921,3041381595.3276854,5.331170694401719,4.7955291153550945
333,2630268000.0,2556066445.768086,2546387768.8953547,2548328392.5369496,4.703884,5.055285266660769,6.3767667730125766,590479998.4317285,6402925050.872036,2.204127887406184,2.0722160617162935
335,1995262000.0,2027747727.7386975,2041438086.34089,2041244610.9680977,6.502589,6.356252165226523,6.842462570703642,251417102.46191955,8485187270.46918,2.3316478722384884,2.2217808615551387
338,2511886000.0,2341222454.8902817,2324958059.3345532,2331907161.969857,5.935079999999999,5.487162140107383,5.604686678008518,169007020.07396585,20085728483.00737,2.0072101466312873,1.8874905211561495
339,1995262000.0,2220316674.4029946,2203376999.6823144,2202586041.6461153,0.8800870000000005,1.1848654943769474,3.6638177056081855,1495796770.8859243,4423566773.569525,1.5830252970343244,1.5156589967655143
340,3981072000.0,5342922992.185654,5163971095.088304,5150570477.86503,0.3117799999999999,0.7748031566930674,5.472551224637483,4584744377.572349,8203398050.852254,1.9752287314008519,1.8269623558659824
341,2290868000.0,2342925934.575466,2349669396.524687,2346736936.0887423,7.399183,7.373217775756991,8.183917350505808,314466807.08152324,7527674963.353656,2.7396009820938407,2.577967518093459
342,7244360000.0,8700888072.86199,8853106705.632809,8828223251.275112,5.670937,7.681867527448044,13.814945306463123,1924745629.6557872,8802529621.37381,5.340247542337826,5.064559482881496
345,1584893000.0,1516053907.8909364,1531027211.8617966,1534628230.6585362,13.144765,12.485357544294281,12.552687688414284,32447519.433622077,17187985198.565685,4.602913819233805,4.322168548650664
346,5011872000.0,4809028783.376452,4768582267.843846,4773286506.208853,2.29618,2.6085153845863243,4.338160600692306,1943407086.4144945,10747240153.116982,1.719792665910982,1.6328650326213667
347,1513561000.0,1691620787.3713217,1696682023.0849853,1698453358.3228452,1.134049,1.5161144698381372,4.454273069792331,1047433623.3402704,3013653721.3478255,1.7444324058297456,1.6746331015754912
348,501187200.0,453628691.093917,459185941.6314713,460155041.58480835,2.087815,1.9196527629534899,2.0440197129591136,71578607.06288207,3801229235.1759152,1.2948019843409329,1.2768320064218315
349,3019952000.0,3245282840.5155153,3159090267.8774114,3161277222.67462,7.151994899999999,7.953073256126009,11.252276332093823,649530205.7147665,4844030621.465159,3.947442687362591,3.4827561141917545
350,1202264000.0,1153598623.6182485,1160889151.4075933,1161086211.6634932,14.9027704,14.285744660961031,14.44738346333466,30531377.16043377,8418659002.427892,5.751980278808205,5.3412560025112406
352,2398833000.0,2262139921.203923,2435503983.367061,2437717216.9076586,7.508504999999999,7.564556743631503,8.901079409803824,361887614.0708646,5587763263.158298,2.984963806675981,3.16648627713825
353,2187762000.0,1766827258.2032816,1774441561.2577446,1775520510.0878506,1.4519720000000005,1.339512758685849,1.6859681609620114,555643876.4984113,8981311044.545527,1.2380254094255887,1.2173016858778645
354,1584893000.0,1907452224.0925417,1896843711.3332336,1891721586.8181515,1.519031,2.3793509882445325,6.6895663173634725,983966869.5517441,2635640795.793428,2.2890246423722886,2.1452672630591367
356,1584893000.0,1663808178.7252584,1622990779.1071787,1624731335.970553,9.295864,9.714345345242398,11.969582372039437,240007358.652121,3076296068.1477175,4.296838376885097,3.7910581941560793
357,630957300.0,667172813.5186199,659869516.6686648,660440783.8586799,2.15565,2.162562233433049,3.156718645847507,248419267.06969923,1989246349.2238047,1.4869501464350556,1.424114197137563
358,3467369000.0,3426233481.7171726,3437252256.678424,3432840033.8935204,7.676805,7.404245880141994,7.962312650153463,388805580.75173306,13346088422.95312,2.6677901961169246,2.5143823212101104
361,691831000.0,693478507.7577835,693808428.6965777,694798872.7487832,4.041898,3.7385262097157717,3.921798943650617,84543292.86519891,4766924640.085423,1.6340978638804429,1.5715641573125851
363,3801894000.0,4136436946.1405344,4041013306.3989625,4047953682.0172997,6.870187,7.664939979999187,11.270912889481227,875599664.0788094,5863770261.997043,3.9561601217723115,3.512936700376881
364,2511886000.0,2399883541.8888574,2395506762.5600505,2391794521.412046,1.9794865,2.095081131576601,2.8707475385832066,825600637.1501921,8102894169.519394,1.435192846746423,1.3894820485735453
366,1737801000.0,1502200369.3148413,1488657876.574117,1486748195.2962885,1.540939999999999,1.3961732979950756,1.463920542994742,213117470.42453566,17062127691.420027,1.2039729608537169,1.1776542988260577
368,3019952000.0,3061371234.293345,3100311427.452135,3101723813.334429,9.2804811,8.975945906577177,9.47436453805679,266911150.25361484,12622297322.443024,3.196205083642567,3.0437727079680115
370,1096478000.0,1157471607.1555047,1158566315.2540004,1161086211.6634932,0.4407069999999997,0.5413352568042685,2.891164757483289,1072072623.5053753,2616917751.4496584,1.4388318938408713,1.3956395761061844
371,5011872000.0,5228182189.242016,5011914017.836663,5021607031.056009,15.023631,15.03317710928818,16.173131050711735,308765128.6850673,13974632226.870085,7.040667187527314,5.929996218234659
373,1737801000.0,1697940990.647451,1718371326.4053583,1720124692.9700317,3.565971,3.3040749669967258,3.495225110740503,230966095.47172663,11436494137.895405,1.5504592859383441,1.5151669686542513
374,3630781000.0,3348943952.2585,3334967798.558274,3325736242.28319,4.969112000000001,4.895871627276614,5.552019494415358,596976989.470968,12057358581.58823,1.994404497503852,1.8839391727626233
375,1513561000.0,1602666371.553191,1563743942.2059827,1564093247.1156824,7.221923,8.405342182105413,15.82151697257956,318139146.3527791,1412047623.2829647,6.7569371649399965,5.903541316266418
376,3630781000.0,2875720764.9048777,2862347108.3533654,2856354722.4192443,1.801893999999999,1.698381636265824,2.126063615068638,868451752.3363382,13103781820.391233,1.3081446679870685,1.2731364681276995
383,1905461000.0,1507093569.5491588,1506277968.4166603,1505718288.009445,4.2321,3.960935259221941,4.135389533278645,171828601.44729275,10615918083.369556,1.6775454799799807,1.6087351635479397
384,3019952000.0,3431272929.415402,3373249523.621221,3368170815.3031645,0.5499480000000005,0.8238603998346037,3.302012215202275,2710837246.651358,7144022671.280532,1.5139066097024476,1.4465151384472028
385,602559600.0,772886839.9010817,749912920.2312809,749716271.457602,0.0721260000000003,0.1513306442050919,1.625196576653706,1029113111.6369306,2601416440.1582227,1.228619002851763,1.197865395266988
386,4786301000.0,3887918390.741399,3852200146.739162,3847780714.148858,2.955036,2.8809861240389956,3.684273250058002,1112433724.7089818,12768080285.275883,1.5870197434640314,1.513596254029134
387,1096478000.0,1117798294.9364676,1141172972.2569149,1139213203.517771,4.662658,5.603359163942503,10.525882273634759,328763800.79505235,1328748107.3118331,3.62183400082627,3.478946368695974
388,3311311000.0,3515359316.793634,3456086640.075755,3454671195.579178,3.560027,4.238296219440565,8.135477548152512,1251740586.9859295,4901798959.802476,2.723747269480432,2.487440824870249
389,691831000.0,2370838949.008378,2423626548.1911345,2422312509.572754,0.0137549999999999,1.0094710129660684,9.528049071942808,1682744174.0466883,2448933246.6087017,3.2167097828034192,3.0748496682806765
390,1513561000.0,1504264213.196737,1476557685.9259782,1477352962.465185,11.427553,11.241869315558375,11.99320407701528,117995444.39363407,5012823851.680643,4.308842328044205,3.84293753558366
391,831763800.0,903061393.817894,895129027.0116382,895334274.4460444,8.824509599999999,8.757700986090722,9.585403406556338,101373570.69905351,2865887362.865491,3.238756631939928,2.9685791501440772
393,10471290000.0,9938438769.945942,9881597343.483116,9895324813.003086,7.528896,8.433872871364928,10.967735745400976,1749860882.951458,17252908075.5485,3.8166428731029747,3.4990166862002083
394,4786301000.0,6088003080.06827,5870884237.189705,5883984761.565495,3.469072,5.163962821127529,15.736898369129973,1721481975.8201916,4217521994.8938966,6.690352972319864,5.735192675415654
395,3311311000.0,3318614660.3011885,3312215298.4359746,3304719861.412545,12.5880976,12.192248102715364,12.754840708436863,203731852.8088573,12842003094.257153,4.713913423134878,4.326739013108945
396,1096478000.0,1074255805.9256232,1074360399.6922357,1076035590.7168968,5.01286,4.662224954882806,4.928280604510647,131900976.31852596,6114709846.20302,1.848507343660537,1.7638861883733195
397,1513561000.0,1588123463.6481273,1593115272.348864,1594123994.8538487,6.293693299999999,6.374565878140648,7.465273511373444,277957502.37029445,4379283302.484244,2.513235331440816,2.373761020217374
398,1737801000.0,1622452430.2143106,1621416110.855828,1624731335.970553,7.847638000000001,7.550207093883277,7.921883667534237,149772339.0484951,7776740776.460109,2.654885692722765,2.4867538016969055
399,3467369000.0,2052938980.254766,2030213383.5667448,2028345339.628166,2.980700000000001,2.7318414263485584,3.223325995572448,492717068.33307344,8637346340.801418,1.4992519140102512,1.4335978468023514
400,10964780000.0,11942030600.5973,11891413520.559633,11892454007.84331,8.61261,9.591506122808756,15.81225676691415,2065541276.9539967,11851711976.075523,6.749618899124879,6.125277335430384
401,2187762000.0,2913346960.721319,3070122493.5649123,3062646126.108258,0.1095109999999999,0.2803108304841146,2.7053935972397314,3440851381.450491,7225886244.480703,1.4060341693411376,1.3949994861739805
404,2187762000.0,2386485564.9690146,2367164428.7214375,2361661020.223063,1.014709,1.164685191322107,2.812427088003051,1465821477.282909,5795219241.6907425,1.4248451370600823,1.3746685309737403
405,6025596000.0,8784954747.285282,8541429505.780105,8552784788.061429,0.2914639999999995,0.9332062331457426,6.593206449683947,6949267072.602739,11822127154.38329,2.262545072587666,2.080402522671612
406,2089296000.0,2142624127.1260648,2061162080.7961078,2067289774.2599077,11.566974,11.105707522146371,11.397006477892171,110848865.3557181,11610009552.81048,4.015635605853685,3.458536818769634
407,1148154000.0,1148260579.4483273,1157719562.642348,1161086211.6634932,14.564163,14.900429318086147,16.27037018587582,74033678.01909752,2781475950.5307627,7.121181681920382,6.613787372350456
408,5011872000.0,5163221046.256666,5125640393.612169,5118022391.37286,4.783711,5.301473285547125,9.667170274695838,1572808757.1039374,6633135360.562378,3.270440375737648,3.007390070186578
409,3981072000.0,2332240061.4117746,2332826945.156166,2331907161.969857,1.456929999999998,1.293131680443571,1.4185064637497815,465970781.98504287,19537095471.7787,1.1971150021299053,1.1775623258224726
410,3311311000.0,2733508654.0045595,2709393432.3650727,2715106811.2557054,1.7537409999999998,1.6405911589996767,2.044874218968302,821404501.4283947,12816140342.85024,1.2949403029628126,1.2578286554234341
414,1380384000.0,1442500040.3529613,1431121134.9073536,1431259901.8318553,4.231707999999999,4.238753805186698,5.170016311392949,334028813.9618524,4351483568.972535,1.9038112014905848,1.7946510541274496
415,4786301000.0,3488947381.91875,3515155081.6679664,3521001230.175302,13.072982,12.74973636832578,13.190120779169591,178966172.89934412,15309389776.548147,4.961873320477531,4.631083546467556
418,3981072000.0,3755503457.5420256,3761180599.42605,3751437393.424587,3.212022,3.439271589067374,4.6760034420287635,1130185371.7388902,9848777234.110014,1.7924098462301767,1.7163038923745737
419,2398833000.0,2522340414.513011,2539155917.4346156,2532224698.1428623,3.71448,3.8294953687843436,4.983897063958642,685557636.3600062,6830263682.343945,1.8610951978999868,1.7901087117648482
420,1905461000.0,1920763569.7232156,1877213023.9906495,1879767198.8350275,6.069996,5.661348004716053,5.807798711643311,150136107.19599608,14752843272.09977,2.057328970140075,1.8878522995883114
422,2754229000.0,2814295226.513671,2722083932.0584745,2715106811.2557054,19.411198,19.01801384282538,19.517363615722065,72816728.86375593,11571231379.352196,10.399444426166196,8.857217197900088
423,3019952000.0,3124459129.829687,3075018457.5329914,3082123037.9669175,2.06910564,2.173899360037381,3.3522312465823068,1235722527.895441,8558049566.031734,1.523329154412634,1.449652109930461
424,1737801000.0,5914107467.054809,5820896611.277541,5809854203.851878,0.0013899999999997,0.1436576032070995,4.307857624388013,8896903970.870121,13272600649.892578,1.7134162131636266,1.6321912356011081
425,1819701000.0,1882716314.0917451,1861069722.2088711,1856084576.179104,2.132473,1.9940018561735657,2.175004616605304,347509665.2029457,13086637917.339409,1.3161640945819886,1.273434434549828
426,4168694000.0,4158517901.4884367,4114064435.352338,4125674800.054613,10.439984,11.33550698202832,13.705787896300393,497159886.8050883,7458910382.8412285,5.272167848382063,4.747745615803076
427,2398833000.0,2177576564.6641107,2170495569.9162555,2174836321.295725,11.320631,10.897457774065447,11.22892349829737,122901527.60294989,11050038663.158817,3.9365455381262633,3.621094927395942
428,346736900.0,357847221.03139234,355508576.1303497,354833754.9369054,7.019729,6.6766994141767855,6.917791190062609,30496766.305879865,2136988946.267361,2.352924896867089,2.1948122845741165
430,2398833000.0,2498499483.7470694,2453368775.5835524,2453219890.5483713,8.509656,8.732558938990035,10.280743995973447,360833498.4434924,5691511803.637233,3.517953416449255,3.162531821637377
431,794328200.0,775999928.8885893,793267480.4480346,793734596.4250041,12.1703313,13.155773574469379,13.627854883453786,39126294.326970264,3285669980.6844664,5.224083119023696,5.008042837645106
432,1096478000.0,1166480892.1346061,1185760562.461901,1183379183.7666728,5.8332310000000005,6.885818656920952,9.80611030621656,262762053.93323836,1877847265.728006,3.3249668254796854,3.180447127056893
435,2089296000.0,2212641188.195626,2160099497.3184195,2161092841.61788,5.319788,5.466200234874023,7.037556020766597,509846554.6807317,5047314994.022017,2.3871354116382104,2.168413651437261
436,1096478000.0,1048238358.2839862,1050249004.11098,1049093088.0825957,5.6108400000000005,5.225759704678227,5.326150075299356,73085314.22887528,9734157434.721693,1.9403580572899473,1.8513107609916108
437,2630268000.0,2244501578.7311916,2253549628.8949833,2259152213.803227,3.2565300000000006,3.1396156896584126,3.614989260272602,483531522.32199645,9578593843.901543,1.5735282885395288,1.5227999440323414
438,2089296000.0,2241621270.5949364,2248071616.931745,2244875915.2903137,6.1414623,7.0587115314683135,9.929653217079927,490906940.0484837,3641191396.8279095,3.374188769513683,3.1522719001385
440,2511886000.0,1509884138.3615208,1525882933.560105,1524930428.7161245,5.52004,5.148872808986617,5.3603308829070055,153047674.28259715,9643399768.459934,1.9484469263933444,1.8813976114717148
441,4570882000.0,4585615121.231575,4552273262.382944,4566100166.483787,5.195763,5.113107017432137,5.825745757535454,817278924.2886472,15816683143.824406,2.0618140981828255,1.9353881670539632
442,3801894000.0,3813552511.714187,3783797524.181315,3775294676.455815,11.242891,11.589800387619132,15.25761273035972,491552237.70712066,5294378296.065064,6.325216283070431,5.706783998362074
443,3801894000.0,4226478117.7810087,4238394775.7787323,4231629176.6789794,5.6835640000000005,6.807830486678355,12.807685742927141,1052269079.5390316,4367524018.26405,4.743358398843876,4.391040350619531
444,2511886000.0,2824085083.235848,2832727542.770859,2838304512.067381,1.6763982,2.4202366274274407,5.2202463852506265,1355277676.6187844,4936071564.420926,1.9154971555033176,1.830308199947115
445,2398833000.0,3744584174.7932167,3657145199.4539557,3657506381.5447636,0.2471939999999999,1.2214438999814174,11.927483942484338,2264792251.9212623,3167239499.263053,4.275525790251326,3.8232542125141724
447,3311311000.0,3478977823.1770186,3386886375.4103317,3389590712.801402,11.182483,11.756773830471188,15.741060853280544,445717185.1596033,4589731704.956849,6.693613176209105,5.818095082394011
448,1737801000.0,1690606357.0806768,1734807547.269523,1731063833.7167473,7.499813,6.949559268601144,7.018054017202422,75017457.61157799,19009891194.863758,2.381532513109593,2.338898123615046
450,1737801000.0,1805356251.0648777,1794387434.261475,1798175179.3835917,2.4312287,2.358395330070726,2.8172048644362127,461728945.1139364,7884254090.376505,1.425690240387784,1.3756376100442151
451,1000000000.0,988547385.2893134,993798800.3000783,990913287.5796723,12.2435,11.968595932393855,12.624575226411949,66800923.0009264,3533802756.655381,4.642090677565899,4.3207790063492375
452,524807500.0,910609384.1560396,908000556.4764336,906758249.4333644,0.0329440000000005,0.20891004486312054,1.8551228716772314,1112616276.5774372,2777646670.030949,1.2645568859019485,1.2371140590716492
454,1380384000.0,1420148564.312473,1405846772.55373,1404297253.2559485,2.0961434,2.133050633110421,2.911119709858202,483964938.80959475,4784507828.772047,1.4423968244961385,1.3859521541949467
455,4168694000.0,4169627124.6830535,4093236483.88376,4099603354.025916,1.3671800000000012,1.3387079927384773,2.3003026920581835,2000119942.3432503,12950340053.32624,1.3369024365845792,1.287535137948208
456,1819701000.0,1561112429.0951715,1549672087.9111493,1554209246.4000938,11.599723,11.10690681743342,11.290993875065858,64806745.409616835,10671257259.995426,3.9655741603531838,3.619530858252286
458,2290868000.0,1806859215.096049,1828399445.7620292,1832700323.776793,6.788988,6.852039277517549,7.757479003915862,273498195.4315817,5485681885.178704,2.6030238592659503,2.4904903918060404
461,2630268000.0,2679031468.1372943,2709050520.372993,2715106811.2557054,9.172614,8.68022918063115,8.838086961149582,140958123.53992906,19796190969.056347,2.962591447386755,2.8204558982103443
463,3019952000.0,3402822507.7213273,3317624978.6599727,3325736242.28319,5.779085,6.978632873130071,11.551490399621722,817974588.5038556,4187529006.280063,4.089688939793991,3.6166297189372307
464,3311311000.0,2942603643.6850014,2928222273.169295,2929710791.110853,8.4338373,8.381525825531751,9.002372735138167,306409074.8839739,10841787666.88454,3.0212810417306457,2.7953952543281546
466,954992600.0,922789581.6444954,909004857.0655274,906758249.4333644,8.475902,7.9396395801169,8.031372190918686,41149229.137692936,8960213767.873476,2.6899726779527056,2.4582584386766007
467,1819701000.0,1797219441.1164377,1816110399.3767006,1821118909.8520966,8.676292,8.473745797173644,9.146950211762427,191577382.8496566,6350307140.63151,3.0738563601144238,2.9191430766579454
468,8317638000.0,8061498352.134944,7991683540.608265,7976692772.618157,12.17304,12.005383027529815,13.217559144856102,702151697.7185191,20876462489.559566,4.977924006605029,4.505507312291337
469,2290868000.0,2587761715.425231,2539408565.2389784,2532224698.1428623,4.311019,5.617383669038781,12.05369833602461,760237765.617545,2581323407.9880447,4.339733243803375,3.8778913683226275
470,1047129000.0,1051602059.96035,1054242572.606841,1055764800.3101127,0.6804690000000004,0.7509421485098983,5.197060772352119,913598169.2304603,1669885220.051646,1.9100946580331741,1.8227240611210025
474,4570882000.0,,,10000000.0,0.2182309999999998,,1.5093349402551772,12017060970.70317,6852957171.609007,1.210866918643281,1.193271475236299
475,2630268000.0,2821304581.880637,2852772904.8448596,2856354722.4192443,1.8357727,2.1555191430414964,3.8595727279110434,1269869111.9860616,6426022850.447047,1.6216397644001832,1.576668693849732
476,3162278000.0,4047360446.9868784,4003247182.780401,3996954728.7217617,0.1442979999999991,0.3196702186501177,3.880721098315609,4737060155.698956,8303909651.643079,1.6258637997575067,1.5548441401805113
479,870963600.0,1373465166.8106434,1413042635.0165613,1413227887.9746842,0.0437598999999999,0.30251876829530006,7.768152944079531,1518321479.4715412,1958389081.9508817,2.60636126319977,2.499429517871561
480,1148154000.0,1135589728.555181,1111845976.9921422,1110688817.3342626,2.878389,2.675463116422756,2.9426063295706,209072448.99476945,6481448182.389937,1.448038558565521,1.375881067324166
482,2630268000.0,2604679017.514829,2559583007.2494044,2564534498.4481907,4.06744165,4.192734623548341,7.635563879433516,916634161.4270145,3905060963.729108,2.5651943761699063,2.347948928377779
489,1513561000.0,1276238133.21412,1267720462.3952372,1268845092.81484,3.242531,3.044287316789511,3.3041337675013027,212655493.19687575,7375797172.465326,1.5143035732027337,1.4528167198351072
490,4570882000.0,5155283400.212869,4955699295.861822,4958341311.494261,1.63547901,2.0916208155335276,4.941002520640799,2692484037.4576864,9039583368.732029,1.8513796306346126,1.6953622275769222
493,1096478000.0,1106241815.8271282,1085367918.2802598,1082878643.9114902,2.4777310000000003,2.7311381211163748,4.160462521332776,408025697.33515227,2719078954.5192456,1.6827161369808439,1.581913035026556
497,3630781000.0,3560415716.3974237,3492821423.538656,3498750907.988426,9.632949,9.50783368225428,10.234590507320435,342695731.2264482,12082495114.377659,3.4987211002257053,3.139453323269592
498,6025596000.0,5958506830.166935,5867825792.072322,5883984761.565495,3.424757,3.6585391702172956,5.546222712393093,1986694565.2182367,12506942765.277042,1.9929997889836404,1.856720137382192
501,1584893000.0,4242634135.985024,4188186216.0414,4178316150.963246,0.0040719999999998,0.17106987027173665,3.145415584102941,6012954666.220959,10604264608.97372,1.4848719209319834,1.4301235559679535
502,794328200.0,793677990.9587893,797282256.7483158,798782355.1725625,0.66969275,0.7797596413265668,1.9409613554705274,528271934.96365476,2352324562.5846515,1.2782193519098521,1.253245996825177
503,1258925000.0,1364120885.4196115,1350215575.8641894,1351886187.0468285,4.684988000000001,4.875393381190003,6.229408109265514,327498467.3137279,3376861662.7984977,2.1651804903024345,2.018803946076394
504,831763800.0,841546431.8712339,838407734.5536573,840337383.0170234,7.082442,6.748758299714458,7.061312042896245,80267342.83574677,4406825591.375534,2.393977500995005,2.241227085176093
506,5495409000.0,5677802236.729492,5696253650.485759,5700405838.132147,1.4092159999999998,2.015869844293354,4.985402230941581,3048504564.1286044,9774967332.259571,1.8614369886850701,1.7814228053225771
507,478630100.0,496154919.2979681,492195244.9011747,493388319.19491804,8.380326,8.260634153393413,9.211649473400234,63076644.302041955,1465158204.7307982,3.097669052633168,2.848176429926484
508,1905461000.0,1831437543.790398,1845159845.9305594,1844355389.7556028,1.8541520000000005,1.7377827847318268,2.169751632762277,548197118.3097637,8299504163.756552,1.3153011792976699,1.2907688631483112
510,794328200.0,806688269.6882709,800693430.8116624,798782355.1725625,0.4714919894,0.48056550120855696,0.9144051045307783,467878987.67720497,3867914908.362238,1.1233509458642492,1.108689114893465
511,4786301000.0,5076292278.551592,5082972945.243106,5085679986.550121,7.6440809,8.278487147134928,10.231791918588634,843385796.2007949,10195818614.7437,3.4975582016803077,3.2553385203821805
515,2089296000.0,1378593778.8537529,1383961545.4809017,1386604933.7143471,2.83357,2.6121821838631067,2.8939835122476203,264349635.73291942,7663484102.351024,1.439334964728266,1.400519496706541
516,2630268000.0,2585168001.9386477,2513873667.7299943,2516222768.0951304,16.4347,15.723389938580404,15.856923694829456,52547149.00264956,20771823840.768158,6.784990869893208,5.878029302325852
518,758577600.0,746221798.2962074,751171342.0354848,749716271.457602,1.115913,1.0706544235207116,1.651395990167066,330206592.3223707,2983077756.9224033,1.2326661568676636,1.2136734624019778
519,1659587000.0,1592578800.1167254,1578861915.7034278,1574040105.1784217,2.5415802000000003,2.4034391292116144,2.6468750175802573,300911523.77551097,9532720754.521248,1.3958472117803735,1.346058931574061
521,1513561000.0,1472168959.2694218,1441937062.8400092,1440362005.635874,4.172702999999999,3.874998073706038,4.0422072773920465,167192265.71302947,10594104516.491089,1.6584593267250214,1.554211444062112
523,1445440000.0,1308638285.9070137,1302942657.1033747,1301431202.3260171,1.5247830000000002,1.4346796669262543,1.7485411417502352,378829518.051859,6968889325.657931,1.2477796553137388,1.2197619569853246
524,5011872000.0,5131114341.665046,5130674871.683485,5118022391.37286,9.9448402,10.031786480405358,11.061014393870474,535031624.3941678,14510957904.390844,3.8590507244521963,3.5725876210737657
529,3162278000.0,3340531817.342407,3278327031.898793,3283836289.7103744,0.6958416700000001,0.9452215214562589,2.504524444744613,2227101638.7276697,8491656889.47417,1.3713513766927121,1.3193895152534343
530,5495409000.0,6453361188.716196,6630664582.929622,6637147040.176397,1.1116129999999995,1.888152413336148,12.80072795761482,3224599308.42025,4982298145.869203,4.7394713091513765,4.550112410098389
531,3801894000.0,3843233185.7365136,3815119851.512843,3823465368.882705,9.4286,9.68863660936149,11.716792910615068,538084200.9127681,7540203904.556021,4.170400598198336,3.802006917448952
532,363078100.0,2740004795.512281,2734303705.2459064,2732373545.273348,0.0002279999999998,0.4071372852002547,7.483163606090216,2798311231.247973,3789388118.417123,2.518646198056503,2.362826177940839
535,2754229000.0,2530480358.429996,2485002678.8820715,2484521632.777964,8.111146999999999,7.653531131842102,7.919592582828995,196724845.0635203,14370122851.802841,2.6541561995408385,2.4150664250595284
536,2884032000.0,2924521174.926189,2891087739.5887513,2892800244.3155556,5.4360285600000005,5.149632981044235,5.354925635683553,292227778.700618,18958817354.52506,1.9471656578438103,1.8230020181406235
538,794328200.0,813143628.7272073,802358215.5706989,803862215.1646532,11.3608985,11.295541052987408,11.867282189499104,56152932.722017035,3121339934.5362644,4.245227205459846,3.824650717431562
540,1258925000.0,1221500768.012621,1204613372.929412,1206100183.177559,3.0968916,2.910123653140429,3.311849068708395,256785921.2019734,5678922060.270192,1.5157480003908752,1.4437579576703952
541,1202264000.0,1212308496.4785783,1205322731.7419934,1206100183.177559,1.843948,1.819313720699835,2.8633289293401907,507940625.4607928,3556989975.690039,1.4338727139977334,1.3839397319064413
542,1905461000.0,1954995111.8044398,2008254236.6992943,2002790825.5776494,16.716299,18.55054842845059,20.757280141262942,96967481.91193955,3637930376.4742494,12.012206904954361,11.50717364331239
543,602559600.0,1253386587.4851935,1321666877.133388,1318036751.7028618,0.0084690000000002,0.12384371118112783,2.752916031664176,1943280352.1738708,3511823954.587102,1.4143575574572806,1.3942972556578
544,3311311000.0,3439916493.233856,3324862030.1573534,3325736242.28319,16.849426,16.35158814421858,16.665771592677938,98034973.19337551,17927332974.438496,7.458020734130205,6.374487327262678
546,1258925000.0,1056067169.3734506,1054756890.7618753,1055764800.3101127,5.1166,4.756620164888451,4.886333963491465,90300734.29362531,8625543380.92612,1.8390666010097565,1.7522427552878832
547,1380384000.0,1306931405.6647441,1420241744.1183999,1422215317.105212,0.8003582,1.7007497564886473,2.97122011908277,609676947.2149986,3495825106.564837,1.4531833102647036,1.5151252382462497
548,1584893000.0,1619541765.4222393,1640674029.5357084,1645462017.9884243,11.593802,11.652320163565086,12.240780480816696,108406806.07905929,6124398168.31672,4.43663817755121,4.193692113155622
550,416869400.0,444282929.92762864,441070302.08607084,440181834.7286994,4.547096,4.506714406045028,5.123705102749637,82406470.02137192,1652515761.8970797,1.8930966783078484,1.7864198546916301
551,1202264000.0,1285552391.6934772,1267644852.6328306,1268845092.81484,1.207468,1.457726933835621,3.911114462692841,783396319.8178899,2518379342.355103,1.6319524085558794,1.5500468460523495
552,1737801000.0,1747779662.247339,1749469893.2098088,1753151260.169923,5.4637899,5.288365228184553,5.634994583911991,218792612.52880573,8697164759.295807,2.0146145720953395,1.9158029349441943
553,5754399000.0,5991024528.837221,5932326165.294315,5921403989.20716,0.9739500000000004,1.142241781068952,2.3554887970540874,3378823005.6770377,16842477408.182438,1.3461317298086266,1.303431215796245
554,2754229000.0,2881699412.733839,2936096180.0261064,2929710791.110853,0.8782189999999999,1.1431111103387113,7.686429205304384,2067539523.7814927,3446047941.2304435,2.580913034082876,2.4734989157663296
555,1995262000.0,1890928257.2120583,1861405483.195563,1856084576.179104,8.437172,7.951001169605155,8.189257651777783,133871607.936102,11353596456.335052,2.7413542097946606,2.5002473715372338
556,1513561000.0,1749711034.115777,1627423366.4710076,1624731335.970553,0.921499,1.4345047574758472,6.552185195990327,1163569708.8595564,2333181528.0407157,2.251361326265965,1.973071250525726
557,3630781000.0,2825936520.453987,2879251566.1142116,2874519723.1652884,4.9971362,5.04332509280821,5.822659219763145,529319278.8011026,9311589516.337708,2.0610420846621267,2.0083008972499976
558,2187762000.0,2200998264.6937413,2190858286.4015517,2188667202.694587,9.912398,10.326942237306051,12.60731652720745,294843698.5852546,4040339123.253541,4.632655531920422,4.232958721200141
559,3801894000.0,3682881807.1508403,3646003859.6323,3657506381.5447636,12.523674,12.238021012652474,12.803101092111609,225280236.08653674,14219073425.473856,4.740796752785496,4.2846182505678305
561,3467369000.0,3613048690.138842,3612997172.607604,3611426556.580552,3.9619717,4.640684469742064,6.947429103962262,1074482592.7648864,6738460436.1160755,2.361347018973829,2.2251657905641045
562,1819701000.0,1824412752.3118832,1817439017.0441928,1821118909.8520966,3.070092,2.9580798952186145,4.164413194411775,601764333.1764857,4872556388.303346,1.6835322234424486,1.6083336279470433
564,5754399000.0,5655697023.389791,5584748472.378027,5593019304.661283,12.252741,11.913962656334384,12.511908864154899,369217113.54968256,21209976786.265,4.58083411781168,4.123866091284626
565,4570882000.0,4808076285.805205,4694791266.956823,4683365418.88271,2.4308940000000003,2.6530581543332725,4.66530159071193,2012701418.1435645,9928357823.051132,1.7900659695949472,1.6667278753179742
566,6309573000.0,6717665686.379597,6900272057.612851,6894461565.833505,7.080192,8.098700872187077,11.600766151748541,1334693230.8174412,9673199657.42432,4.113588144087833,3.9901794811303164
568,4365158000.0,4414044110.344021,4425285460.969369,4423638928.594925,4.6008461,4.490593432413718,5.1002576695445825,816751489.3566046,16519120943.890606,1.8876936444115402,1.8050584748943728
570,3981072000.0,3900837066.6771803,3932273257.11314,3921658491.0598235,1.9592810000000007,1.892167629548244,2.490397934916434,1279385144.7785962,15024367014.804043,1.3689422969991596,1.3405765041475841
572,630957300.0,642355905.6779989,629635594.1500928,627781716.5393945,12.021198,11.608237972242518,12.014807209464674,36514666.2282452,2936845047.394102,4.319849108550914,3.841979346618301
573,794328200.0,767994635.1599622,761038788.2697511,759282240.4785217,15.774218,16.671835527023045,17.806826655160407,37314670.5797348,2056928365.948758,8.520638289917294,7.631155848976465
575,3162278000.0,3428410020.147599,3382552075.2809706,3389590712.801402,1.3731169999999997,1.7343923981587572,3.446698798345595,1742042309.9349313,7907315389.089006,1.541202309979107,1.4699603729429183
576,1380384000.0,1244322217.6558247,1255834146.3226702,1252859294.3816156,3.2635370000000004,3.1837556577299564,3.7973914061590457,297133265.8939384,4668960533.920271,1.6092794885365567,1.5642805387358374
577,1047129000.0,1062800773.6766464,1070264068.6576035,1069235780.9432377,9.801622,10.67891486857876,11.955694671627281,111304412.4579238,2679300417.0093174,4.289796223256706,4.012537251967472
578,524807500.0,979113817.7738733,987313264.9533366,984651392.6053253,0.0163659999999996,0.16006537810854143,1.8126110480539237,1309280748.8028936,3124178374.663862,1.2578403289706384,1.2345973344172472
579,5495409000.0,4606008041.0961075,4617521500.683801,4624361103.856926,2.74376,2.6268716771811573,3.250366043367957,1257933993.5853276,17219383412.30296,1.5042729474627918,1.4574177726737831
580,4570882000.0,6087246067.459289,6792284822.262079,6807600314.195193,0.1885499999999993,0.5458719602361677,4.0737325236788955,5908775276.321601,11415850054.361177,1.6648936133770726,1.7239569233831888
581,1445440000.0,2362144047.869503,2366223012.108701,2361661020.223063,0.1025953,0.7232388209491615,4.500222766006109,2071670376.8515482,4096022747.3070664,1.7542745275189051,1.6809641441847942
583,3019952000.0,3228932993.7121024,3372006944.0557184,3368170815.3031645,4.845116999999999,5.244115512459473,7.383608530261055,852184170.1055341,6244929272.242582,2.4886767826368774,2.5029332896432934
584,1202264000.0,1301051469.9683151,1290679451.4606721,1293207046.2798219,6.013584,6.748732012570192,9.620317028107833,297568742.3571988,2116217650.5171683,3.2522487889618623,2.986362254122797
585,4168694000.0,4262185281.074616,4234479174.7212563,4231629176.6789794,6.461798,6.557035397984993,8.255095951350985,856944751.9101348,9284846131.922407,2.76305780441334,2.559374397966452
586,1584893000.0,1551842489.9338276,1561260113.317419,1564093247.1156824,15.74781,15.187621906584907,15.479913928185132,49043690.57313577,8390629420.311557,6.492069661951192,6.013105404487137
588,1258925000.0,1207818509.7714417,1229712954.471958,1229257428.0635364,5.199594,4.787847305833443,4.916723648442735,102399585.56874044,9896917101.447336,1.8459017194293472,1.804911513867653
589,6309573000.0,6533635457.611762,6434976129.712915,6430069632.997621,10.2045254,10.375984995493038,12.068383160613369,788948223.8580333,14149109406.751595,4.347264441288631,3.901468144555707
591,794328200.0,859436268.0397398,860799891.7104666,861918682.5345124,0.8629750000000005,0.9617213210110337,1.9440704607957424,490307869.9777363,2702228256.9438357,1.2787167503465147,1.2519274192001353
593,1258925000.0,1284445307.8999305,1261648341.7218492,1260826858.7175572,14.185511000000002,13.573343786038429,13.702121094243864,33144645.57249255,10511501534.377659,5.269895743484424,4.6800227937136425
594,2630268000.0,1659009098.3428273,1658540819.6695838,1655926341.1166918,6.05721,5.6223457723927295,5.715209827530191,104439982.40817447,16017869389.013348,2.034336835010143,1.930108788023573
595,1819701000.0,1833729934.8242183,1764913015.2384603,1764300433.5197732,13.286012,13.008165887286163,13.800099149551547,118546621.15106162,5941832797.07124,5.33093789147134,4.554167369830475
596,1318257000.0,1328555466.3197074,1375855256.2121534,1377842537.8774333,6.937146599999999,7.1450850000025845,8.228739326323364,207604877.1088485,3669781670.1276,2.7543495916755134,2.7347052332563377
597,457088200.0,475784848.77199554,475592834.14297986,474974121.0583229,3.232597,3.0845551907347684,3.497124588456009,97324690.58808264,2180753638.0052147,1.550822686948137,1.4950998196401275
598,1905461000.0,1844060497.648915,1851533469.0625308,1856084576.179104,5.690485,5.296126098814135,5.4123410337200415,136539292.29081634,15911073012.07838,1.9608163295125114,1.8754771693261012
599,6606934000.0,6679919622.904446,6431942023.889892,6430069632.997621,0.8838000000000008,1.0658214883558328,3.1081476370771757,4525371029.420848,14778545609.81798,1.4780388163654925,1.394179891318961
600,1258925000.0,1258164390.1721017,1253910357.291881,1252859294.3816156,3.9361359,3.696735942698126,3.939645326594291,176929928.6503166,7508896166.126389,1.6376873276530601,1.5677137075495784
602,2398833000.0,2338745829.2922893,2382939920.7393155,2376680014.137769,4.604937,4.678804642614335,7.974426523530038,752819944.225071,3572291040.3186183,2.671668525833595,2.5774704712569054
605,3311311000.0,3322807045.8649096,3251479409.7514606,3242464222.0621915,1.4328970000000003,1.5960473342911208,2.9296983285069276,1630452101.8181078,8714994683.660841,1.4457232449136155,1.377828212950142
606,3019952000.0,3012760037.8211064,2959305287.3629694,2967092296.268175,3.2797023,3.3015299674780034,4.725435446077198,981117954.4279854,7358765942.925821,1.8032738012708602,1.6868139504258428
607,1584893000.0,1656111451.306904,1609214913.3378568,1604261833.5923374,13.505223,13.08427334169327,13.41971621973013,71853073.89759158,8350129712.817476,5.09775628445338,4.438951314483409
608,1737801000.0,1792554613.098571,1761401962.2756891,1764300433.5197732,8.835517300000001,8.816977234669883,9.37448955544409,167891515.60357064,6978458366.475915,3.158393606382991,2.8538363165832523
609,1096478000.0,1107817279.1797493,1114701152.1635756,1117752247.879896,0.4637200000000003,0.469364193009898,1.0274333488304188,716012332.135694,4757838679.270527,1.13951979804977,1.1276601432984044
611,2089296000.0,2089811627.062064,2091874744.3818429,2093667259.570966,8.40604,8.67733065728649,12.203819980478208,385388980.29079556,2990660949.637818,4.417327551027933,4.08291270631623
613,6918310000.0,8486190142.059626,8306070424.374683,8285939939.311091,0.3294249999999996,0.9700966169842253,5.117215155346627,6654148847.640383,13420171522.311945,1.8915997280228907,1.77012279194506
614,1995262000.0,2207019304.917252,2139887749.701064,2133865881.6389143,4.665584,5.32678413701546,8.410892025278047,632462670.9954817,3478701748.3510466,2.8150759917062844,2.5093111822908916
615,1380384000.0,1382040800.579565,1448544570.2752736,1449521994.310106,5.8846,5.4260446491283,5.51387765151083,87350874.48776753,13722650889.694555,1.985178939701262,2.0215462945202454
616,758577600.0,768594028.4622173,748289787.9276665,749716271.457602,12.5844289,12.86049833149941,13.511275874160212,46423830.27492691,2758220037.164839,5.152954386055112,4.502801138993998
619,954992600.0,946965633.6629032,949119882.6918945,947902314.5799379,8.496732,8.293655283645835,9.088065919687729,111104739.5799297,3071462019.259062,3.0523375191086974,2.858321099658583
620,1995262000.0,1943675269.523866,1887915986.4062905,1891721586.8181515,11.6617698,11.58058807372411,12.566146444768496,164044534.50548396,5618475775.958537,4.610223846745871,4.024184532444263
621,1000000000.0,1025275938.2726434,1037699501.8116134,1035875879.1902375,10.821468,10.803141333892247,11.373158042002185,75180289.44657494,3942416408.5115285,4.004320533537712,3.787236057327586
622,3981072000.0,5157634632.197076,5231009078.937431,5216288936.310022,0.4070241,0.9146923356348152,3.651073788140449,3966629372.1379123,10107565748.351503,1.5805414865261032,1.5381338697514813
624,4570882000.0,5022994380.120855,4923194684.425985,4927007982.000437,2.6530863,3.1919490449053294,6.576846627185144,2117000638.31784,7747459066.217037,2.258078512693132,2.07691302394893
625,5248075000.0,5394494290.974973,5387539912.589611,5384277099.6859,2.1718720000000005,2.5637414385625283,4.716893114842876,2349228719.048997,10777951187.182411,1.801391982385855,1.7187839514525938
627,7585776000.0,6089336131.486882,5948945524.654884,5959061184.5958605,11.807313999999998,11.747702758765584,12.474978727617037,442409441.3776364,20634570764.31319,4.560927539632694,4.025213488138418
629,1905461000.0,1898991358.2961245,1877336068.2457352,1879767198.8350275,1.569481,1.5613233675776563,2.074655150772866,651435038.2261591,7933279953.533315,1.2997694442593875,1.2600696915623597
630,1905461000.0,2109300568.9854822,2075606185.2609582,2080436712.9076102,5.337688,6.976361287969283,15.328793199071665,495537222.49332297,1719424294.9499137,6.378178406672297,5.670162369471404
633,1737801000.0,1595880743.4910243,1593766684.266053,1594123994.8538487,3.1124969999999994,2.8806305819900366,3.0398051993523536,218607656.55622217,11790799657.793036,1.4655841072037616,1.41717047633785
634,831763800.0,662851180.3458053,754474220.3373028,754484095.468905,0.553496,1.0277197267606872,1.6547963831202603,308954105.56664157,2560587660.4731145,1.2331923281039157,1.3100998012194964
635,1148154000.0,1145983765.8311386,1120917826.7275393,1117752247.879896,7.178564,6.797765943441997,7.058240961934188,99560137.37074377,6580840172.17495,2.3930919302180884,2.1763922649363945
637,2398833000.0,2449019103.228708,2395297961.610467,2391794521.412046,5.503615,5.151687418490712,5.338599104507046,233845509.47079143,16643691698.81423,1.9433004283213045,1.7930877964839373
638,954992600.0,944430113.1086535,932851877.7071753,930045350.2650776,9.15957,8.801618201729912,9.231875629138095,78763611.00599155,4198599984.29146,3.105149796000496,2.8330350233694643
639,3311311000.0,3302669544.408035,3348380790.2559514,3346886276.922814,9.560634,9.59990639661205,11.993402940977067,492008573.2980895,5906185578.120302,4.308943524300497,4.079752638194619
641,5754399000.0,5330655583.562094,5274166657.985289,5282845926.292238,1.6204,1.5726504794465805,2.174950966414189,1948761577.895621,20595017937.793068,1.3161552787491533,1.2751824679517774
643,1737801000.0,1670368906.489086,1811443388.9430168,1809610682.5508513,10.069309,13.769218250458925,15.714767346118785,139741556.9213693,3340983605.906359,6.673045388892934,7.146617023560028
644,602559600.0,597663043.917028,603929527.744712,604351699.1167054,2.9469905,2.8106609457495955,3.262621554385901,135614562.39344007,2620917839.7465987,1.5065538111672558,1.4713879955934157
645,3467369000.0,3080933825.9005375,3048375882.0414248,3043292295.025698,12.190905,12.246189973100455,13.03341192485764,217932359.5842334,10016601214.354464,4.871168383287882,4.394963148535302
646,11481540000.0,13496679072.22655,13301162014.00196,13329941017.782114,5.599531000000001,7.388754533238615,12.995363378690614,3105736228.790591,14529871987.954988,4.849391236399903,4.348699772007519
647,1819701000.0,1834686534.387065,1832731516.9071448,1832700323.776793,1.124228,1.0660681641578462,1.350938377706032,598385075.9753606,10320542701.765188,1.1869777087184559,1.167679069470782
648,3162278000.0,1993002623.2215073,1984226888.5581377,1990134555.8893244,0.8322150000000006,0.7133325351905367,1.0582895915404429,870276528.1255478,10381961243.897467,1.1439705104073292,1.1277758771970292
651,1380384000.0,1403757054.234606,1412434550.024865,1413227887.9746842,11.741146,11.882386534519805,12.654718200612166,102965818.78211258,4610087030.826262,4.6586145502095455,4.3428476941047025
652,1258925000.0,1425098130.1150968,1474108202.3657374,1477352962.465185,4.485580000000001,6.056718657722388,9.710037697412115,378408411.45725906,2023473800.2561207,3.2871705782214264,3.2375620214365632
653,1202264000.0,1055403925.2348698,1047615452.9117287,1049093088.0825957,2.08781734,1.9830764531705243,2.25366940481592,236185517.77380088,6009201894.939024,1.329149092852546,1.288916400682847
656,660693400.0,642991225.8168516,636063201.7013004,635791867.4203938,10.244665,9.748580687138476,10.012829532865535,37706081.66056596,3661666079.074722,3.407724408943011,3.1061171878763085
657,11481540000.0,11022051804.883324,11422878455.117985,11448604820.679523,3.09384,3.725278230006561,6.1704192211357825,3908893028.9575686,20126953700.54719,2.1497737801659484,2.137087114854661
658,3801894000.0,3745911853.7984796,3546677252.030586,3543393053.3865266,6.573428,6.559608357938687,7.694679376084446,648296258.3263717,10110877127.550152,2.5834712303039984,2.224657451459136
659,416869400.0,416297398.6749953,428102239.1353762,429160265.977569,5.175271,5.814308407204037,6.570711354045441,68113101.13079855,1390146466.2984068,2.256405627858023,2.224386215909584
661,2187762000.0,2197519244.45363,2201323482.7490335,2202586041.6461153,7.114147,7.086358443878698,7.694558475482437,270998479.31804514,8192830966.661873,2.5834337241447507,2.431962586161081
662,1445440000.0,1433865472.6843445,1428906256.4712465,1431259901.8318553,6.610053,6.62302093580129,9.62598013431052,337371633.2117692,2274574933.724126,3.254442378299934,3.0113456489809765
663,1202264000.0,1318973565.508332,1266338187.1751013,1268845092.81484,1.1196549999999998,1.4928064202129276,6.3512464192571265,861952507.6593853,1801229848.9858236,2.197335376259698,1.9906867465755536
666,954992600.0,997931936.2366426,986876149.6705996,984651392.6053253,3.1520550000000007,3.7156301362989312,6.62413564362283,369618111.5962472,1657393593.9746313,2.271012384673296,2.111477129987645
668,4365158000.0,5213173639.409819,5057684884.362233,5053541963.629165,5.230661,6.911392594789164,15.514126024834024,1227748850.0713565,4157512127.2303867,6.518129646471126,5.643742302004952
669,2884032000.0,6294120922.315325,6191601883.96124,6190087104.73808,0.10745,1.294829174722015,9.356671535013026,4114348544.2557654,6457857898.129225,3.151693499364519,2.877835619807032
670,2630268000.0,2587011884.0253983,2598238599.514327,2597256554.1100473,5.9663909,6.172090512911078,9.597138609211347,667633937.7313702,3812445420.6553826,3.2432855802170075,3.04088507310189
672,3467369000.0,2990572292.8297734,2883303902.5952134,2874519723.1652884,5.070848,4.940384523591717,5.625193381497134,539062198.8758651,10532872495.7667,2.0122172451645914,1.8172369971601146
673,8317638000.0,9017181815.73944,8939819501.325142,8940866544.94046,2.337472,3.0589838881401326,7.195314972402222,4010228460.0738196,12454163870.05475,2.4329248102252334,2.2632391566639387
674,870963600.0,894284460.0504715,891298380.7010659,889676373.53404,6.585558000000001,6.3292007918335615,6.660364203835036,93231360.54853973,4549163537.759871,2.280968893184439,2.1417446014894974
675,2398833000.0,2654386869.8189774,2677954100.170962,2680899995.5812187,0.1478969999999999,0.2786613339855279,1.9706754244899851,2949469790.570213,7637193627.098394,1.282980332847971,1.258344369167736
679,1513561000.0,1070208705.4876195,1062644393.9728128,1062478941.3216455,3.0756239999999995,2.829292329978897,2.9766856657403657,142990571.49904162,8217776521.22296,1.4541679433880295,1.3991128991770934
680,954992600.0,1011175214.1873809,1012263862.20489,1009938922.4160724,3.481171,3.6020010448749,4.693105520179345,280954507.9122735,2823860349.937267,1.7961614750590997,1.7188140471811302
681,8317638000.0,8295941264.571051,8199079657.773112,8181547869.349436,1.7415920000000007,2.3196548899938745,5.0907626547797715,4069338599.4929786,14630734435.845402,1.885509836888671,1.7738145267074188
682,3162278000.0,3138676908.2035556,3161630962.2684426,3161277222.67462,2.639977,2.533583811608703,2.8936862127512253,687562139.4742306,15445092319.18983,1.4392818971706276,1.4048946614945117
683,2630268000.0,2586500401.9223337,2711322950.501247,2715106811.2557054,6.123367999999999,6.55782336665504,12.00770800626276,666380016.7869964,2854461858.9999504,4.316229049262741,4.331623991825381
684,2398833000.0,2390186353.5902057,2356332268.2052646,2361661020.223063,1.929469,1.8861432220415175,2.4872027879223153,786958954.2842146,9185563685.848957,1.3683979522387497,1.3169324442109767
686,9120108000.0,10061060613.765549,9845329753.342001,9832793120.782648,3.297283,4.088485147534445,9.319205119538514,3765148907.8313565,11773564781.09733,3.137649765801439,2.8280218359636002
687,1202264000.0,1243451811.9356709,1219559002.3052478,1221489360.9607418,12.021772,11.612198999928365,11.953764330144462,65127897.13764544,6213341868.105083,4.288818279669346,3.8193929330052243
691,3467369000.0,4553381758.549496,4470333243.560656,4480082138.595426,1.5122114999999998,3.4254856986898035,18.295241614876915,1406551695.9225633,2428391057.070404,9.019914718521246,7.950843039019807
693,3019952000.0,3140260358.892941,3077436919.1721992,3082123037.9669175,5.386318999999999,6.533034966986923,11.754802040675008,810661464.0446607,3563780293.383823,4.18917738752743,3.7362992381078524
694,5495409000.0,5270454889.96763,5193604480.769538,5183325554.060094,10.411144,10.382775932542827,11.168930184416578,469419427.4254094,17160950787.260303,3.9086847600529464,3.521951711832885
695,724436000.0,819001606.9638323,813986990.3256427,814119056.7727492,1.6414399999999991,2.1604660532371134,5.386900199381488,429881663.99610054,1340513466.059122,1.9547565653875891,1.8466506955618223
696,724436000.0,693386411.0409635,683881843.4932876,686045310.3208039,10.550712,10.040260808375512,10.197640490186837,30519178.319507588,5130409282.916329,3.4833973900239785,3.15565274743972
697,1905461000.0,1810855772.313051,1800227511.5933886,1798175179.3835917,7.079556999999999,6.73014464064053,6.944282443005787,144679373.6128552,11480778780.664139,2.3604514770408667,2.203789859548316
698,575439900.0,1691684920.5004156,1662472022.5578246,1666457212.1551187,0.0066900000000007,0.4827610849583028,6.644304634649125,1678690368.7192059,2445887026.005697,2.276550199897102,2.1199067098927507
699,3467369000.0,3525395620.6933036,3633537121.5701585,3634393440.0630794,2.2432961,2.9072594757539,10.719450813495703,1578652073.91887,3280567601.7452574,3.7059580699942565,3.598850379986819
700,3981072000.0,3875694797.9567122,3808340456.15322,3799303679.9861164,3.800796,3.6846439375559727,4.377648005888712,880032176.0730659,13634981063.844732,1.728135188072049,1.6210881165619704
701,2630268000.0,2706442228.550515,2660527822.539349,2663958539.2303085,8.997589,9.386718359155685,12.440872906674159,441746585.41266316,4208719936.572098,4.542618386327016,4.059057195316226
702,1445440000.0,1371822403.0270107,1372920318.5138173,1369135514.395641,14.328723,13.740848058362637,13.850922444463095,32127778.97173314,12149120172.525167,5.362874012116433,4.934146660127277
704,3981072000.0,3054597536.5329223,3057107716.577377,3062646126.108258,6.568494000000001,6.360355766268254,6.803796040330391,362930652.7558815,13396283686.861834,2.320797735505862,2.191526302590285
705,2290868000.0,2248107755.532461,2240335723.6005883,2244875915.2903137,3.046699,2.9759754065046833,3.8085242427614316,638941835.1148819,7244219625.658339,1.611485953011388,1.544563303820914
706,2884032000.0,3087020870.680119,3021801253.6794415,3024060766.9328246,5.456494,5.600864926448108,7.028542827464124,673039390.7947873,7405472266.255258,2.384544370194397,2.1745096839293456
707,691831000.0,679425280.4425843,668216506.2589593,668867646.5520306,8.110637,7.804239136373296,8.144541479191151,58109514.00099587,3405439396.6343083,2.7267070552077666,2.4839672550895315
708,1819701000.0,1831803298.1543412,1840094058.3688142,1844355389.7556028,3.891633,3.910501716758686,4.801979939862205,442584454.50424933,5661274973.578516,1.8202188931818368,1.7481794581043237
709,3630781000.0,3512211760.742728,3488040711.3465786,3498750907.988426,6.12409,6.08121257171169,6.84692346847263,554665126.4316328,11648039516.735136,2.3329027462060203,2.1762921805990647
712,3311311000.0,4369980052.198102,4347822261.793124,4340304642.693567,2.370482,3.8810286116725337,15.485503553408309,1447172731.3875282,2886887036.0533824,6.496320370399052,5.894020917005766
713,1318257000.0,1297633635.64901,1287688219.1183887,1285034861.281002,5.292801,5.108168592991148,5.563357930261005,189689670.8109612,5625750299.015073,1.9971548021162344,1.8769941956238863
714,1258925000.0,1269743671.1598773,1237287363.0487237,1237074896.2241232,8.150021,8.718626126380434,11.420794501295152,219137728.88882375,2123226297.3106592,4.026953006768739,3.5552067948033024
715,5754399000.0,6376797783.809016,6202612297.204707,6190087104.73808,1.405841,2.0048709665934807,8.19144481027092,3588257548.725721,7257639515.116475,2.7420725679089766,2.4789969040307884
716,1047129000.0,1122295511.2114794,1165000379.077652,1168470144.665773,6.6574151,8.334133774003949,9.501480285669423,153508028.73529887,2974896949.315057,3.2065460485298325,3.1885081335937446
719,954992600.0,1050524928.1260642,1093733610.9068773,1096695582.3393214,1.5054410000000005,2.645413343422956,3.762483109204849,361618498.7127604,2930028807.297866,1.6023791722065135,1.6102349893393413
720,2630268000.0,3093616080.3424153,3065314822.36783,3062646126.108258,4.943957500000001,6.278753273419575,10.991439142411785,822343059.287435,3755257360.9980216,3.827376173422843,3.489178358535236
721,3162278000.0,3925379328.2492666,3850709578.538102,3847780714.148858,0.2434410000000002,0.5386166203057714,7.66762021785329,3651414615.8555617,5110926661.129322,2.575089858025502,2.3771680537149065
722,2089296000.0,2185570904.18918,2166754985.309283,2161092841.61788,1.976225,2.1466572106311856,5.036986169658867,1128644957.2237651,3794847419.33355,1.873186452055771,1.7693108379280997
723,1584893000.0,1506593118.8954432,1495013029.325391,1496203177.1529758,10.003737999999998,9.429911756836002,9.504695736612263,49815435.22243599,16206270080.79274,3.2077744475877514,2.9464620316098116
724,3311311000.0,3476910536.535809,3385455243.2286654,3389590712.801402,5.180737000000001,5.56347566147355,7.339351669532636,822995420.2802296,7424683424.783355,2.4754638791334274,2.235033824140171
725,2630268000.0,2646400374.687512,2641898695.1486344,2647124141.308953,7.373957000000001,7.544864859135951,9.257492027494209,464471265.56186986,5721555700.939188,3.114649183431537,2.894748130855099
729,2630268000.0,2673338028.5877695,2630687326.4696517,2630396125.281009,10.330772,9.937417282809896,10.253715229434599,166635309.98185727,13895820145.029463,3.506678039584353,3.163170782463978
730,1380384000.0,1671529124.3726811,1692865413.997797,1687720293.5007737,0.26543395,0.4768076610947198,2.863579172347292,1628976948.4644344,3825301631.4048953,1.4339172260723534,1.3994022614820867
731,3801894000.0,4042513996.6887064,3991030115.8908224,3996954728.7217617,8.7812,9.805106461904739,16.7654196545249,676596600.4408487,3704172925.358321,7.545356916174401,6.724790465772582
733,575439900.0,1621293861.8797834,1615342688.6943622,1614464143.962029,0.0003150000000005,0.021632551004269272,1.3291390258919482,3801878878.637255,8416802286.719497,1.1837239240154993,1.1650052457096411
734,9549926000.0,6938469100.217083,6962976538.701476,6982431119.470723,4.41366,4.785911961991826,6.519784417093813,1844519025.1319714,15077662995.766825,2.242565064878793,2.1291974655819796
736,7943282000.0,8388640781.609937,8225259798.513664,8233578459.942452,6.942571999999999,7.473601759984429,11.851729306986039,1876241195.1094544,10575800464.519987,4.23743376143749,3.7794710686297375
737,602559600.0,475539281.25915396,540507770.0694989,539179038.8809398,3.677705,5.875923485264298,6.359462027868728,63242330.71173705,1996765335.8091471,2.199519869234713,2.5505574431663662
739,12589250000.0,12212073290.110216,11825771562.98039,11817301823.572718,6.04588,7.182334008027988,11.437002930632957,2831577023.504431,15696855607.132984,4.034682110116691,3.5270388240727835
740,3162278000.0,3235528243.2024226,3252084858.9377303,3242464222.0621915,3.0456410000000003,2.984767153588874,3.9600475857497437,978029955.1768305,9623544135.157488,1.6417999029834873,1.5865091968545946
741,1737801000.0,1836500750.4427476,1828378833.5255668,1832700323.776793,0.2756469999999993,0.3536965834637301,1.608628200809627,1738999042.6714578,5762495467.024085,1.2260658970848486,1.2017286788329284
742,8709636000.0,8759773724.470083,8902471258.506256,8884366376.877466,1.64269,1.7688594785254863,3.484375182354114,4406939543.014819,20155707039.816006,1.5483850407522894,1.5152698613384306
745,3019952000.0,3069237489.989576,3050344769.5309896,3043292295.025698,7.258021999999999,7.400745174257905,9.44449366946888,582588106.9250144,6026731044.699851,3.1848507224858555,2.935239899987379
746,1380384000.0,1246009278.161189,1359487207.2531548,1360483513.3535168,5.0671061,7.512757186944029,9.456287359151192,229175280.5455955,2514440361.6382556,3.189329014809376,3.459905164581321
747,4786301000.0,4420839408.358378,4429012434.86885,4423638928.594925,4.35948,5.105204140989628,8.258787629056352,1317540338.3204832,6893823533.957454,2.7642796436154984,2.5953362626734746
748,794328200.0,875374065.0936357,865481945.6830422,867400058.2853534,2.519172,2.7726496735843673,4.205910582669627,320131104.57565296,2147086377.7725365,1.6921267598414222,1.6030343972073435
750,758577600.0,700581409.3798567,719523784.9761539,721735422.6377993,7.698801,8.10090315729203,8.635789220284854,70870803.15081298,2787361930.9323235,2.8918309402565967,2.8296472479942167
751,6025596000.0,6762134996.054195,6636974727.892971,6637147040.176397,0.9941009999999996,1.4232004719849813,4.928694890528506,4426673418.116078,11079592793.621078,1.848600812714519,1.7331447486264386
753,2290868000.0,2492375863.1576777,2540022813.160811,2532224698.1428623,7.925316,8.73622361293595,11.286869529612549,422551434.3216099,4307138795.040201,3.963638875902456,3.7948157369737103
754,2290868000.0,2441217259.8812623,2387520507.327369,2391794521.412046,18.792518,18.574904680250953,19.177752275413646,72431610.70626949,9108210698.629797,9.996420408671836,8.706229948168192
755,2290868000.0,2335767400.706802,2326274183.646141,2331907161.969857,16.682342,16.363413210116274,16.795165217142202,77135039.90405703,10349627372.062418,7.5716220855235425,6.859607175793844
756,2290868000.0,2082757864.6360736,2087405487.3815184,2093667259.570966,11.961751,11.547115348830015,11.873160342913307,107588483.10241462,10656619480.027777,4.2481763439802585,3.939707935704592
757,1995262000.0,2102466273.495169,2113555268.5270424,2106981945.9555283,3.6971475,4.291401052573702,10.739385437129927,757085871.708038,2140216805.760176,3.714728527037508,3.4727852434502355
758,1445440000.0,1163462583.705842,1170346271.1251519,1168470144.665773,1.5888859999999998,1.476586285874234,1.7298273519905571,300330502.1149857,6879336148.67692,1.2448550704630916,1.2248473685274721
759,1584893000.0,1613910961.1951082,1546200676.182399,1544387705.8161666,1.737091174,1.7865959577073396,3.810060253332388,846355780.1515031,3417574705.637064,1.6117906035856653,1.4930696470636622
760,1096478000.0,1185391125.3515885,1232911661.8383894,1229257428.0635364,4.15135,5.183961433458513,9.200871597571041,363952923.73799247,1603441853.2267492,3.0936899108497093,3.0747781548194544
764,870963600.0,930584401.9248894,944178633.7243141,941912219.5693665,2.156477,2.228141429134171,2.94963277951624,299500838.27147794,3249973513.554904,1.4493003428965427,1.4229557185490234
765,1819701000.0,1833336575.5440874,1794296396.243713,1798175179.3835917,3.905399,3.8006912515049844,4.330539576136303,361974193.2157791,7385368864.886476,1.718186930211453,1.6045564281514022
769,524807500.0,520432172.02623796,520086595.2293048,519055843.282687,0.9795225,0.9211085289725095,1.1936869929955813,179805674.85714453,3003296055.47706,1.1636882589917623,1.146992566203399
770,1584893000.0,1652245888.4316406,1642850867.4201682,1645462017.9884243,5.3793254,5.055168938023992,5.21394056516443,148162238.02170262,12189758790.898703,1.914026403520849,1.8083165960943899
772,3981072000.0,4057245199.0497065,4056762413.9064136,4047953682.0172997,5.127063000000001,5.485321244098021,7.221920581554647,964785746.0528955,8772294212.300776,2.4407293527094565,2.2962372072529416
773,2884032000.0,3002903475.019264,2959038021.7688107,2967092296.268175,4.0355642,4.261224371001998,6.879422345885278,984819978.00381,5245279930.087354,2.3420643275499247,2.162030071743718
776,11481540000.0,11995920673.825672,11897752002.220575,11892454007.84331,7.802255,8.639474137326905,12.13193263445865,2218948823.584714,17268908226.293915,4.3800033354784755,3.9822264454370258
777,3162278000.0,2894036623.734708,2940029559.327628,2948342300.1067486,13.271058,12.728368682382493,13.025334865026698,123767602.00536506,15525314804.666246,4.866537485782825,4.616111572141474
778,794328200.0,858671080.5273274,842555894.4059157,840337383.0170234,7.392302,7.246224301412969,7.81014724545801,100093039.48034006,3327406511.2267942,2.6195314359640975,2.382586043453674
780,3981072000.0,4177168693.939944,4092609158.814938,4099603354.025916,20.9898914,20.495801187068743,20.866009065229644,79240351.55964345,20019953924.416332,12.164918966281599,10.609502483461968
782,3981072000.0,5240247124.02541,5157295385.610211,5150570477.86503,0.413748,0.9922540013555426,8.174560677466157,3910424379.3474274,6062707138.700688,2.736531772062188,2.5191140035172497
783,2089296000.0,2177767391.0275784,2131955570.686007,2133865881.6389143,14.445658,14.58345805421174,16.160149518265136,153646405.25928748,4888614550.031451,7.029986451014651,6.167340023951761
784,1380384000.0,1383372347.2073717,1373253513.3379219,1369135514.395641,9.662,9.193549531267315,9.355814791119553,68939725.59990615,10080371787.674723,3.1513716843077666,2.8985268249404132
785,912010800.0,987865401.8542651,988716493.0392128,990913287.5796723,2.2695240000000005,2.457552175802817,4.287591753591161,421034417.4803487,2152228772.0867424,1.7091641981818027,1.6397476326081297
786,691831000.0,767092604.9460353,786265280.506393,788718736.0640445,0.2823480000000007,0.4952109086926253,4.441722682502837,775185422.9867254,1386639476.9096434,1.7417532360058567,1.6944375453059108
788,3467369000.0,3713179143.327277,3694965230.11225,3704174159.8386106,2.01931806,2.251815576401287,3.5926167136533893,1506043153.3010578,9517386064.129456,1.5691946880192233,1.50513656676371
789,3311311000.0,4199147922.7412815,4157944502.0521564,4151912047.561972,0.5244880000000003,0.9649413700183775,3.797888112005424,3174306080.291579,8037072611.159846,1.609377872529242,1.5372523879086022
790,5754399000.0,7921214086.292104,7975070029.44578,7976692772.618157,0.964077,2.150710263996088,8.570484459089343,4288716815.318591,8727432155.45326,2.869338017379454,2.706790975531802
791,1318257000.0,1272873867.9273171,1259031865.026202,1260826858.7175572,6.990762,6.531297372488687,6.683967996946192,88923013.72932172,9570667522.299166,2.287478180202918,2.1223190431400294
793,1659587000.0,1563406427.5061245,1569207822.448035,1574040105.1784217,2.2667,2.1771938074446564,2.6999561578320725,444973695.7886124,6410854979.462334,1.4050847209454824,1.36892945848404
794,2630268000.0,2715116586.4833922,2644465353.4118047,2647124141.308953,5.457677,5.198231754566834,5.465611343528335,305290719.71705496,15406069248.205153,1.9735624463818733,1.808581647152275
797,1513561000.0,1589036784.7654355,1577598746.9827242,1574040105.1784217,5.336784,5.264690509015718,6.112124376639558,297427684.6299759,5011485074.418084,2.1346507876661986,2.0000674670325207
798,870963600.0,871994987.6064745,922445430.9389256,924168099.0688962,12.435839,12.530454194928982,13.020279884974812,48238236.13923869,3623264477.446593,4.863641456128441,4.983548109615503
800,4570882000.0,5265722727.850759,5162079449.879235,5150570477.86503,2.061927,2.937435846011272,6.497085440078657,2355075770.25742,7948353794.160741,2.2364221946786813,2.0597274986621326
802,1737801000.0,2167664745.6966677,2148726606.8718343,2147436211.3419073,0.1929948,0.4041055872013991,2.5110454564327163,2198141656.9479322,5370878357.000491,1.3724647669583439,1.3302019035474963
803,724436000.0,775709433.9675084,774605111.2152526,773860535.9017189,3.712895,4.080228315349654,6.047475305692264,242408929.4531276,1585269389.6580245,2.1179976348911453,2.0022909158185946
806,1096478000.0,1093183645.2338915,1109429601.1519544,1110688817.3342626,3.622852,3.9696428507509376,7.747036531449536,405855965.5549264,1559239100.77846,2.59976279440367,2.4933210901830574
807,1445440000.0,1726414790.7321928,1847227348.5179522,1844355389.7556028,0.0912839999999999,0.1553068732801608,1.4845259335262495,2228668855.2812357,6014317821.79696,1.207096416170333,1.2054011689671995
809,1148154000.0,1748153467.8275957,1761129746.9798088,1764300433.5197732,0.0845749,0.4257931059481723,10.663227516866154,1550796086.3868122,1889268775.832252,3.6813301799045863,3.439224795660172
810,2290868000.0,2232534728.5954456,2135743855.3174424,2133865881.6389143,6.550951,6.495908915594459,8.44848345885018,474413728.1780174,4509282260.833534,2.827767604030643,2.4621440444763687
811,794328200.0,843614209.142923,828516756.3993816,829750224.5869838,0.9799260000000004,1.045416350921133,2.3492941560045764,508404230.6121499,2309259898.9194956,1.3450928174495675,1.296444246429413
812,2398833000.0,2214870386.400734,2187907177.4475126,2188667202.694587,6.956869000000001,6.539992261002128,6.741133403391455,176566782.63287672,14494089455.254534,2.303316342832575,2.131905178802874
814,4570882000.0,4608506732.676115,4638358636.960279,4624361103.856926,10.190924,9.901299200623008,10.796679913815792,461151068.53831947,14024174552.442686,3.740048215733897,3.506954255449542
816,6606934000.0,6599415307.9562025,6545826518.143075,6553527617.00432,3.71721,3.757817216651204,5.107259981690081,1927283233.6805584,16494528170.946232,1.8893056724942243,1.781864355174454
817,2187762000.0,2193748729.930038,2243602816.1734834,2244875915.2903137,1.5184508,1.5065595763143378,2.26988423114385,904462190.8468682,7567708909.620481,1.3318402830300078,1.3196636769184524
818,691831000.0,706642958.810841,708094689.6638161,708139081.0226558,3.8969983,3.706395340145128,4.02948010256435,113414805.22136015,3654114390.642345,1.655868326702188,1.5941397567221354
820,1000000000.0,969799810.5061468,976894211.3178606,978429068.5290188,2.097109999999999,2.581758667610038,5.779870041200617,460067693.57208204,1569781295.292403,2.0503677502741264,1.9625140588229133
822,2630268000.0,1612975295.929082,1599333522.9942644,1604261833.5923374,3.66983,3.40225919536067,3.5986572056901824,217691967.22849816,10715697996.276604,1.5703636418444542,1.4992759423432795
824,2630268000.0,2731027252.7404604,2601407221.398777,2597256554.1100473,5.678483,5.970817168609816,11.220051226185799,763739522.5437999,3104628952.3122077,3.9324131374523645,3.351023476033479
827,1047129000.0,908743008.8075409,885373546.0812153,884054226.690254,7.446929999999998,6.9203878339658615,6.955051037118003,28898085.58784473,14374430965.436884,2.3635175716837447,2.137458011128561
828,2630268000.0,2765883276.5085616,2699585528.9723506,2697949191.200227,6.311436,6.160549606864706,6.648681482119962,353758100.1923592,11553493674.871412,2.2777536532277933,2.0718700771930205
829,4786301000.0,4560642760.049896,4570936056.406672,4566100166.483787,5.828612000000001,6.472414328824719,8.543067344923529,990656196.1107215,8920899003.11836,2.859945026525488,2.6838789039401654
830,3162278000.0,3242594795.3436594,3219559192.4959307,3221974063.4669585,14.2805422,14.253898799107677,15.33187769327997,205413496.9525347,8930451514.030352,6.380483263309433,5.762480641839622
832,1380384000.0,1439616394.6736279,1416167437.4912417,1413227887.9746842,1.8864389,1.8077607788192314,2.1916344571818036,399523879.4174271,6907475912.845054,1.3188993463826437,1.2718488155421772
833,7585776000.0,8492576420.559335,8652129901.041075,8661913637.787672,9.468737,11.29442403570077,17.993933047364056,1186437159.4609938,7959487521.676984,8.70859558994704,8.228429509663847
834,1380384000.0,1410977709.1067834,1382839344.9126616,1386604933.7143471,9.1055369,8.984687579059976,9.42810014065078,116474010.14162238,6176384831.669117,3.1786358740501734,2.8581358503841003
835,1148154000.0,1111646524.5439098,1109078470.8897634,1110688817.3342626,13.729642,13.2055820195405,13.480948162750998,43289738.84215251,6196369613.035385,5.134606389753045,4.700369147973084
837,3981072000.0,3972973321.694773,3888459623.002415,3896876288.7177258,8.832488,9.041377481537975,11.496783086917562,640541592.3923142,7010775246.889668,4.063313717975095,3.6139867414595446
839,1513561000.0,1483345163.4285316,1450023595.9644897,1449521994.310106,2.736453,2.527595592654839,2.7950869086992522,283598596.10886276,8466387877.976854,1.4217818712084087,1.3518655315637946
840,2630268000.0,2918124228.841935,2925840724.81999,2929710791.110853,4.1787683,4.977297944337054,8.773861137017224,917767605.1947064,4091221676.123378,2.939947477890091,2.7574341701594602
842,1096478000.0,1363686790.0225422,1339112133.2464015,1343343189.9686134,0.9043539999999995,1.8991184022372583,9.264899973688433,768837134.1148267,1398674416.9397218,3.1174015154099632,2.8363535142556318
843,1000000000.0,1096531026.3660033,1103272249.6239963,1103670022.8438623,1.1975369999999996,1.4054603497125662,2.9446695008862775,601740692.8193684,2707519621.241909,1.4484089495196146,1.4101345427319838
845,660693400.0,710611855.8195971,773330661.1777333,773860535.9017189,9.370786,12.918418038328419,13.986937324019785,52658971.78831378,1967108713.9607265,5.449267406233379,5.887766761747325
846,1380384000.0,1343528823.9118888,1354392736.440408,1351886187.0468285,9.0691432,8.70576117638095,8.9959098598117,94375524.45377776,7298945734.228767,3.01895120205557,2.8568778981958065
847,1445440000.0,1405013263.8215573,1398523185.6416824,1395423054.0471246,0.3282039999999995,0.34234168335202814,2.792635362497487,1550543309.68353,3352816368.539412,1.4213492813594533,1.3764987465658267
849,1584893000.0,1678541424.9950595,1688064529.9048204,1687720293.5007737,1.2383694,1.6272692026549243,9.616990069993728,997885686.6874876,1669203300.5854313,3.2509607672113687,3.0485367233866962
853,416869400.0,452926432.8413273,470735951.0008198,471972609.12091964,8.835126,9.30407104780303,9.878435931825457,40337280.01609978,1735961002.2723565,3.353697795776631,3.3417501923270656
854,6309573000.0,6226794960.695196,6108482900.466493,6112100055.490885,1.01839,1.1719316116260552,2.767393796908923,3777966120.8112655,15345542766.18499,1.4169023507410032,1.3575141752498596
855,691831000.0,744854881.6071448,738249329.6321293,740270821.2087947,2.062852,2.0438930447868953,2.538508943921502,215011918.27006957,3144238436.5457435,1.3771630363008205,1.3298273793430417
857,1380384000.0,1787782880.7812533,1842371906.5270367,1844355389.7556028,0.5335169999999998,1.1773427396140514,4.875315902366121,1281968014.7856233,2918746002.5751843,1.8365943666574682,1.8016669339816893
858,2754229000.0,2818909955.5397243,2579953308.3252726,2580843667.1631017,8.58711,9.075379484256796,11.547996717570982,453381386.03213114,4954262323.834261,4.087999612717049,3.2265962200405
859,3981072000.0,3910980586.967672,3819638786.6311727,3823465368.882705,3.109762,2.9660147010672295,3.4004016980060054,840976488.6168158,17479115561.562546,1.5324186603996075,1.4441051695035947
861,1659587000.0,1672498855.1247928,1709219403.5226684,1709254680.1190836,3.1797132,3.116593397467084,3.719813776609086,402236287.38647884,6332672412.44227,1.5939823125909933,1.5719597088425483
862,3630781000.0,3898048805.6751804,4197240278.9192815,4204888171.379244,0.2285029999999999,0.287918050757834,1.2948231149720157,3756326941.5804005,13759602872.500748,1.1786184267097761,1.186232105351093
863,912010800.0,1014538361.9352423,1037291777.9890654,1035875879.1902375,1.633648,2.0537771172807626,4.322163087729534,508418192.17928267,2005155228.5387216,1.7164236442137604,1.6826148022416947
864,3019952000.0,3949121673.853222,4026722927.6746793,4022373380.3546524,0.4910769999999997,1.2245710211363934,5.847825618635362,2816195450.54867,5698263401.857068,2.0673447831572695,1.9988998525524613
865,1513561000.0,1489360047.6351652,1525714451.0887759,1524930428.7161245,7.287373,6.862007549539632,7.094634348320601,121463406.17300966,9055306563.65708,2.403606411504324,2.353067155925703
867,2630268000.0,2606332062.232289,2606044947.7876434,2613773818.8855925,3.444026,3.17937505698938,3.3153102430633714,309070138.1535664,20826437869.913784,1.5163964043328537,1.4645868695091422
870,1819701000.0,2319328440.123733,2339446406.0096645,2346736936.0887423,0.56505,1.1568581073371615,5.265570852481601,1688468731.605763,3593228888.8539076,1.9260999859160788,1.8481832244588232
872,1096478000.0,1082398482.976059,1078637466.038446,1076035590.7168968,3.5497373,3.3299764727517434,3.7255540861516794,205982712.65868074,5061664427.492942,1.5951095430104993,1.5296861590938742
874,1148154000.0,1132500942.6382809,1126729137.7736428,1124860598.3439567,1.2700839999999998,1.1561970910971533,1.2942176945730501,252263097.10402894,9060513156.196571,1.17852853363123,1.1577888257895028
876,4786301000.0,4604915582.63415,4634256873.573393,4624361103.856926,6.11206,6.710568811392827,8.690012440346074,953033798.7405007,9224086675.456333,2.910635979108459,2.7484275251855887
878,2089296000.0,2048490909.3536615,2018789355.9664397,2015527582.8701746,8.344306,8.295227131628401,10.37032533483649,346236600.3414498,3979035115.551524,3.555575200882971,3.216246552971569
879,398107200.0,908411344.3681339,897627840.9208465,895334274.4460444,0.0168889999999999,0.3167846164980137,4.039047843158088,1068002305.5122867,1829877881.574783,1.6578157743704187,1.5825036183757963
880,1096478000.0,1090416570.6044722,1084493722.9718027,1082878643.9114902,6.227724,6.534784045966088,7.44929923842618,173518727.47098705,3295397702.809557,2.508413315249026,2.3371624479975353
881,1995262000.0,1861008419.574614,1856579234.5425012,1856084576.179104,1.7525500000000005,1.645187292331169,1.933089626276541,478877440.2184918,10309441547.912724,1.2769608188801242,1.247266399130909
882,1659587000.0,1640167542.351252,1612498528.0188735,1614464143.962029,4.32139,4.028081084006262,4.17998616110196,172689026.00199187,12383091447.247086,1.6867527329107288,1.5852010381189194
883,524807500.0,816377968.0128758,808649195.7364227,808974380.5492855,0.1135299999999999,0.50632700976088,4.372924240239423,818012667.7508452,1484527088.7573874,1.7271351976535287,1.6445652578649046
885,912010800.0,907980247.0738018,910098376.5919402,912524782.6122297,0.6943440000000001,0.6749929815486949,1.237157510095632,498030321.5751035,3783885406.6281276,1.1700842752018943,1.154103572333336
886,6918310000.0,7389359125.6095,7443915534.782896,7439404727.867684,4.0891352,4.810640055918408,10.449551471376733,2461798035.9353566,8138608662.617764,3.589172942616431,3.370699814761085
888,1659587000.0,1897056279.5638108,1879705395.7065089,1879767198.8350275,0.6127855000000001,1.0183218356241488,3.78602211724335,1395791897.7945988,3647112065.548653,1.6070290774661768,1.5357248031102055
889,794328200.0,804988169.7808526,803838671.7358364,803862215.1646532,1.1936887,1.192673628767922,2.232321248162949,421398458.692645,2426812597.1161175,1.3256135716974027,1.2918888693141122
890,2187762000.0,2131300205.1961381,2257463651.6634855,2259152213.803227,11.79988,13.446409400849376,16.07830101176595,203189431.7222652,3593536874.167994,6.96301082018171,7.117817341431101
891,1659587000.0,1627052054.6784484,1695375547.508097,1698453358.3228452,12.381492,12.226056646261119,12.891139025962294,107187816.2499024,5774474390.867334,4.790224507995496,4.7691885156427105
894,1148154000.0,1189096256.4069498,1197771547.4167328,1198478454.0411522,3.636939,3.782498479898124,4.553517848373192,277178530.47084916,3960439339.500228,1.7657553900797123,1.7044562980856046
895,3311311000.0,3306974349.6530795,3305696290.452586,3304719861.412545,3.1032978,3.1708426801516625,4.30828843462872,1019151824.4322388,9077837249.258041,1.7135067098866792,1.6414269354248732
896,1737801000.0,1266464653.0153713,1256365882.0828583,1252859294.3816156,2.7470479999999995,2.5433540867100684,2.700930154875868,187553015.14283812,9412260919.459398,1.4052547499375718,1.3549473309045357
898,275422900.0,416778384.9548256,436987014.7030652,437400186.27041626,0.0032749999999999,0.016082415855741394,1.0592100288231527,1018971527.4293821,2482025691.149789,1.1441035175230887,1.1331930353565376
899,2290868000.0,1820730690.7213883,1813349899.4579906,1809610682.5508513,11.468887,10.952524469976868,11.136788814018,77091539.94238032,12440091311.43515,3.893837346819135,3.5775910504769755
901,3981072000.0,4079484910.714694,4033777744.816084,4022373380.3546524,10.214734,10.745983620885259,12.581518684065125,483700466.97655654,8446212790.988332,4.618587037544193,4.168408500030402
902,1659587000.0,1478124210.0227244,1479745546.2339454,1477352962.465185,5.651498,5.350067011385269,5.631181335201729,166035945.7937439,8176430771.932458,2.0136815483060087,1.915325957667129
903,691831000.0,687719711.0598419,683605959.5439737,681709972.6734855,7.471832000000001,7.378734451267728,8.784420264766133,115037973.14837104,1654296502.6187758,2.9436587969293444,2.7216346625852177
905,794328200.0,1018110363.9471006,1015918564.0697571,1016361633.5503565,0.4738430000000004,1.0182715788899093,5.332921372762921,783636552.9535015,1565845573.4434044,1.9419579537357028,1.844234662475384
907,1380384000.0,1353017655.6118393,1328030554.4868727,1326418812.3727348,11.591543,10.956356151486712,11.051187747744029,41405567.19462482,12916664680.529268,3.8545616834005827,3.4490408067849527
908,4570882000.0,5217634736.249179,5093598912.640246,5085679986.550121,0.6956150000000001,1.0655110652467477,3.330703856951333,3620005920.6441646,10987767949.730703,1.519283320562624,1.4426191275083022
910,1258925000.0,1248465016.1781511,1334038747.5726175,1334854178.7952604,1.221069,1.4541117362802913,2.8385316049228986,651172072.7800393,3236406797.3769026,1.4294682337340328,1.4627153167047138
911,8317638000.0,7970031518.71687,8004870720.698933,8027420586.299137,4.805673,5.181804788162657,6.661392330885104,1880225528.4339802,18797759967.047783,2.2812520544748587,2.167154970992165
912,7244360000.0,8169623229.664391,7962351451.108299,7976692772.618157,3.877616,5.243786751122677,10.289879402007823,2539392623.940911,9600870013.582827,3.521772302003155,3.1344996927195017
913,1659587000.0,1705959794.8972726,1698854099.2870495,1698453358.3228452,14.746035,15.22313333434834,17.52684424534133,126680367.0043681,3101051227.2692485,8.246837620737084,7.4610680393141475
914,4786301000.0,4294236782.5066442,4229646631.811823,4231629176.6789794,2.612727,2.6222267309538823,3.23950727539742,1169088062.4441051,16135170700.284887,1.5022547177386618,1.4309535506664686
915,1737801000.0,1834690559.349463,1840986825.448287,1844355389.7556028,5.72106,6.124608702274839,9.683626927889499,480169251.9592195,2644314835.6055164,3.276853279101306,3.0666838910847365
917,794328200.0,768844658.4723561,757462011.6074197,759282240.4785217,2.902837,2.77566081571278,3.243169827322585,178589185.11231813,3315742106.8545012,1.5029351641139033,1.4314729647244744
918,1513561000.0,1553618505.6679327,1589365079.906282,1594123994.8538487,5.384716,5.395860239904765,6.2222342805522555,281771172.16163206,4961893478.113619,2.163301237274525,2.117566387753662
920,2630268000.0,2574066138.674489,2510332091.517647,2516222768.0951304,10.415507,9.90908772001525,10.094097107130576,124609532.92019276,17553875644.38456,3.4408021033419276,3.056359860811991
921,2884032000.0,2943374266.5464525,3039725921.96111,3043292295.025698,5.7235539,6.2069876638246875,8.656473493979023,698157473.4867779,5252470566.121313,2.898990562848849,2.857103172352557
922,5754399000.0,8191908461.150676,8203275795.757426,8181547869.349436,1.288275,3.249946528124423,18.910465189053145,2510111176.568727,4175547152.757149,9.690122710857663,8.843218174393336
923,1513561000.0,1462206504.0398066,1565548754.0064538,1564093247.1156824,12.987609,12.403388952417906,12.686169180666834,63563706.2235391,8041903675.00601,4.675916688886426,4.905796234553374
924,4570882000.0,4855238246.787861,4916378883.167048,4927007982.000437,0.5219829999999988,0.7240634082564184,3.143163822894942,4028397391.3083835,10398832886.841515,1.484458226188106,1.4471549565027102
925,1659587000.0,1692847299.7890444,1693996538.0648394,1698453358.3228452,6.0125216,6.504352173962072,12.741869216139875,439024904.1053417,1708533822.6852498,4.706713117788084,4.341266637263338
926,1584893000.0,1663143938.411718,1636342777.0496197,1635063822.2329838,1.1093130000000002,1.2200708642174667,3.0682262552061115,1031238131.403933,3806950155.207285,1.4707516534480372,1.4071170628809724
928,630957300.0,667461794.7903202,667246801.0534374,668867646.5520306,4.942512000000001,5.389050945966865,7.22245415681765,164048336.05160952,1402373022.928682,2.4408861173963006,2.2956669202688826
929,1995262000.0,1941831358.050651,1928654525.096973,1928042831.6475945,4.752238999999999,4.454620860022342,4.6130537021396965,192923111.80450872,14348330462.8905,1.7786642208816534,1.6859280231567344
930,478630100.0,472233208.7397672,476106619.8039859,474974121.0583229,2.566072,2.4743856882913313,3.245816049300628,146474227.33050206,1589827481.4314368,1.5034269704327012,1.4646183509612325
932,549540900.0,552236686.4209554,549240938.3263698,549531330.6846391,6.826247,6.765473826346684,7.42118044758572,73711558.25832675,1981556986.0858319,2.4999468524067208,2.3295142292859374
933,1000000000.0,1051799778.2808129,1039001376.5431283,1035875879.1902375,4.235036000000001,4.146183735541717,4.753434055521232,206660951.02970344,3948877934.953279,1.8094546991997156,1.701833408018706
934,1380384000.0,1348485013.8868234,1334645608.554615,1334854178.7952604,8.97738,8.872121218041208,10.76705433555741,205138562.1685815,2750720105.4873533,3.7269351696828217,3.391131492632456
936,3467369000.0,3441326272.859431,3530649128.418611,3521001230.175302,10.036843,9.469270548421115,9.718434098583186,203427181.52107328,20191047625.356956,3.2904571882487947,3.2051026134109537
937,4786301000.0,5057456350.342627,5061005242.466592,5053541963.629165,9.9775749,10.468195413935577,13.542780086255606,721340004.3513741,7816496166.7284775,5.172082116515497,4.761127102541149
938,1995262000.0,1955586623.5727172,1954182148.740481,1952643602.2333722,6.090062,5.806645404200907,6.563278970919216,320385435.005902,6529397227.309406,2.2543806464338285,2.1266228042717588
939,2754229000.0,2958487768.30724,3005917100.9358354,3004950768.9583006,0.6941120000000005,1.2549077781552718,5.2724007376862945,2076072477.3774016,4586496231.128597,1.9277025148840585,1.86295610694716
940,3467369000.0,3737974499.388177,3753301987.407362,3751437393.424587,2.363178,2.9528280358027708,5.580056349277072,1571156007.834872,6660052805.098941,2.001211792349005,1.9107032654037228
941,5011872000.0,4734374248.509472,4760830673.30401,4773286506.208853,7.441210000000002,7.461729325380317,8.748016672187365,757070422.2285123,11937759025.811699,2.930882686113707,2.7637404574968416
944,3311311000.0,3173213236.7543173,3143044452.99951,3141300110.447641,0.7109949999999996,0.7863637822313163,1.7612987112634269,1985528010.129144,10174205521.075762,1.249777019057805,1.2192713093984584
945,2187762000.0,1897433087.3207467,1883257585.5390766,1879767198.8350275,1.4453889999999996,1.3532983834820458,1.5741138729407638,482930299.5145336,12019676924.955708,1.220763021455643,1.1936166189155022
946,5495409000.0,5545580322.314999,5362462888.124128,5350252147.014848,5.455207,5.374897064542027,6.160356986977225,987709985.6512023,18181950439.71436,2.1471561575595772,1.9362414856304953
947,4786301000.0,5331646275.748557,5293904265.283467,5282845926.292238,3.2270330000000005,4.122393589965226,8.328547280141994,1954583293.2877355,7120763404.7957535,2.787465974181515,2.5810694497030546
949,5248075000.0,6223641846.136685,6126174342.172534,6112100055.490885,0.3179170000000004,0.5916419315836101,2.6937086837256965,5451439660.044795,14600858142.552,1.4039945633655821,1.3525653719100579
950,1905461000.0,1747324598.2065425,1703106886.3575196,1698453358.3228452,10.701485,10.07822451241694,10.158639178442106,55086814.70510977,18122413832.823174,3.467293538631335,3.075654607162699
953,13182570000.0,13951947553.294437,13732834443.18343,13759225579.43641,9.402924,11.20914274254255,16.26687095653417,1965164341.6087894,15835083390.337334,7.118268640751163,6.312394272945032
954,2511886000.0,2415846356.721138,2843078067.3447194,2838304512.067381,1.93227,6.925043670698523,14.242988491769328,583887065.5474639,2172356658.5340924,5.615621623410614,6.967262241467569
957,1096478000.0,1065249961.1524634,1076166938.974403,1076035590.7168968,6.794012,7.86356486294245,8.854969974189599,145363532.08133918,3079487232.4055724,2.96857170140102,2.8205385322696204
958,1000000000.0,965567339.4846537,953846718.6234787,953930503.6267586,7.7727976,7.550783978813009,7.958335191514579,93021583.11674315,4416090564.034273,2.6665179678063353,2.4497612244105884
959,3311311000.0,3426786858.8358493,3428913530.845717,3432840033.8935204,7.296134,7.435564583188467,8.967549095490412,586962637.3579565,7870604456.779534,3.008747734654775,2.810830468193064
960,1445440000.0,1695721380.152698,1665289874.712756,1666457212.1551187,0.490065,0.7536475969943629,3.822429583374337,1435903835.4440093,3231014793.114572,1.6142458870775576,1.5340758495587905
961,1380384000.0,1137701944.3819547,1136922403.8716183,1139213203.517771,4.316463,4.075658597926414,4.396062187527377,169423561.09334007,5902746111.8575325,1.7320385465905406,1.657419796457443
964,398107200.0,744642493.169859,887094431.4316332,889676373.53404,0.0061390000000001,0.36939266928445913,2.8303447434343103,800427951.0961847,1751352361.070412,1.4280168489988432,1.5201870881224904
966,3467369000.0,3582427744.049344,3536640393.9052534,3543393053.3865266,20.5626373,20.000559920352107,20.250881288020256,59808469.70586908,20952229590.29793,11.32561063633264,10.034189668688075
967,1380384000.0,1419793022.9487014,1391286538.0492463,1395423054.0471246,2.7036895,2.575594967641393,2.8618379920540757,276775342.81827,7832512269.735587,1.4336075395133272,1.3648105273974505
968,6606934000.0,6267242574.994564,6207209216.850289,6190087104.73808,4.510819000000001,4.823196394061167,6.0936233259556545,1482052014.6934686,16045971055.478207,2.129872378320248,1.989481960274742
969,758577600.0,766246348.6669364,757844939.0952557,759282240.4785217,12.733026,12.292085780198134,12.597169067291583,35003016.03077424,4054863180.0421247,4.627116770065127,4.176755387652736
970,3311311000.0,3651933554.1103244,3669777219.9191327,3680766309.882078,3.488526,4.201357011261942,8.067698713859624,1307093743.8604875,5118974342.187473,2.7017120293668473,2.550106087769308
971,5011872000.0,5057907166.0152445,4951780575.8863325,4958341311.494261,5.6544109,5.471512961542601,6.295073327081939,905090171.8107257,16178811368.27397,2.182454439695256,2.000955393959767
973,1513561000.0,1486732312.3594506,1474986353.705254,1477352962.465185,11.650828999999998,11.53851245757801,12.642846482325465,132132643.06027193,4046795278.33386,4.652099827776933,4.2236187130628515
975,2754229000.0,1657130477.942438,1654267556.9730635,1655926341.1166918,10.128803,9.642011889338052,9.854483407013921,88752362.83918332,10538313435.962564,3.3441562749324225,3.100144318161283
977,4786301000.0,5223147286.56362,5059958730.428423,5053541963.629165,3.824214,4.423545040656235,7.986275746442212,1778354916.6543148,7652810560.685936,2.6754673626970273,2.3921950067457396
978,1047129000.0,1091652974.4983585,1097542112.346686,1096695582.3393214,1.3836073,1.3341495733089066,1.7170545477747061,359722172.60401314,5286152898.677633,1.2428625558027446,1.2224725192102837
979,1513561000.0,1377911632.7552123,1361103333.7246447,1360483513.3535168,7.479286000000001,6.972248617147992,7.0270348906619535,54574015.54360521,17329210481.38491,2.3841111429426722,2.2022189326334973
980,954992600.0,1254657489.8365755,1275370572.9817095,1276914318.9080458,0.4510319999999996,1.1447641771775339,7.545861788175908,902494317.1027803,1519979615.2049904,2.5376975021893857,2.427107439491552
981,2630268000.0,2403146190.3523126,2417673861.949703,2422312509.572754,5.979065,5.863442333188084,6.61921036591353,390099020.70530224,8027460004.66785,2.269661999805562,2.1625241543356655
982,758577600.0,812191029.8202213,805486484.5633937,803862215.1646532,2.772444,3.103137205166476,5.30986640551941,316446479.1707335,1583044336.2574089,1.9365157159283863,1.824343180308306
983,3467369000.0,3831181329.666236,3760057791.2471423,3751437393.424587,0.9774340000000006,1.4748234088911216,4.054999492085292,2346123571.3635917,7309957964.788,1.6610673960531306,1.5692034822138954
984,1202264000.0,1242697255.6937137,1209985420.5031667,1213770382.7348003,4.250502,4.584726547041241,9.175880914410438,425530537.96446353,1562673522.00977,3.0844824416528103,2.7588084322877515
985,436515800.0,428753517.2012316,446556891.6147286,445798313.862065,4.264219,4.933441721803619,5.432721280098752,67281171.20499259,1774134539.9771836,1.9656835303936333,1.980724550391351
987,2187762000.0,2240824832.070903,2237004453.8642206,2230689833.230274,4.1088157,4.464625452919153,10.619167666386463,786852329.7069267,2344770779.8210406,3.662141435953178,3.3865220505627427
988,524807500.0,544858861.750049,555828734.7887707,556543049.498125,5.985695,6.788147024123311,7.534743935976228,76700495.93482673,1828444994.6121325,2.5343092224990253,2.4593476230172158
989,2630268000.0,2605606402.846857,2585366531.91275,2580843667.1631017,19.924602,19.319018391157023,19.507440781357772,41075506.13064508,17596153675.13255,10.387443933961956,9.304164611322195
990,1318257000.0,1309520896.8027358,1300881267.340652,1301431202.3260171,5.4515622,5.234703912919617,5.942401395812262,228134823.61091894,4531453577.706955,2.0911943734691376,1.9632461143436455
992,1148154000.0,1172136728.2077935,1195348070.2933705,1198478454.0411522,13.233562,13.24390701713847,13.74368999315303,60019691.264997125,4819686596.361103,5.295709867738405,5.0522152346756775
993,3981072000.0,4011010886.7217064,4312014660.005126,4312876882.696926,8.227784999999999,8.94336033003163,13.729313784773309,746600156.8658401,4748784219.992127,5.286768320263675,5.5602329168785
994,1380384000.0,1443132727.2335541,1408641560.7532969,1404297253.2559485,9.437386,9.623768254752786,10.760671559615979,165026512.10872355,3873454276.6389027,3.7241158395042016,3.3045948131531295
995,457088200.0,477832409.58117664,477092357.14684,477994721.124434,11.2672339,11.104469272847004,11.655239856383515,33226266.714106154,1869971730.2280307,4.140166674076227,3.815170727578003
998,1380384000.0,1375504571.057328,1323839780.6334913,1326418812.3727348,10.036594,10.13332409523679,11.18983207899374,143108922.42696953,3836332954.163144,3.9183697237672326,3.3829159651825824
999,1905461000.0,1914061097.0027752,1957812036.3333266,1952643602.2333722,8.733406899999999,8.488258035652231,9.986559445835631,282094937.50385505,4439689783.198746,3.3970979251266225,3.286222460350827
1001,1584893000.0,1572863667.0072436,1572471795.4308028,1574040105.1784217,3.9835857,3.7848816605610143,4.230764981480118,288273956.67372894,6913493985.896776,1.697294057548298,1.6270763213762254
1005,2290868000.0,1769669555.506038,1768635683.6193535,1764300433.5197732,1.2215500000000006,1.0965726828513571,1.2778679235455552,461685413.7739071,12395271522.90272,1.1761032805608835,1.1581701245371536
1006,5754399000.0,6001181657.2004385,5963055317.104413,5959061184.5958605,0.3931300000000011,0.6159370746524819,2.880930142770638,5249546249.919867,13540843634.159813,1.4370066660223235,1.3884673857420482
1008,3630781000.0,3940219831.8688436,3904180899.2183104,3896876288.7177258,9.044424,9.425877548955185,11.011266214018281,524509506.1270756,8851972051.324554,3.836376732500591,3.4942512666878245
1009,2187762000.0,2175565591.065821,2121168891.4821014,2120381307.148242,6.555868,6.805576006139114,9.241733474436744,472828544.19630075,3883048942.4419966,3.1088020875033204,2.7778963915672144
1011,1445440000.0,1433343082.8071594,1430877442.9606774,1431259901.8318553,6.311381000000001,5.962794885675815,6.240029743303158,145255713.74448645,7980075418.703372,2.1679657807579242,2.0458510634818903
1012,457088200.0,446673219.26825076,484033258.9323997,484093671.97893476,9.836459,9.998750710806826,10.322283852148981,27920967.02821781,2295201758.094061,3.535350813779581,3.8022344390247844
1013,2884032000.0,3053736031.9634914,3190994792.501656,3181381379.4369497,13.24056,13.854179574901764,16.16742353561414,267157584.0881588,5541834105.217468,7.035969283666271,7.005517573906872
1015,4168694000.0,4211647008.636369,4162556292.3388157,4151912047.561972,6.178438,6.017999805196782,7.174835599095031,795582825.4809716,11271701272.789291,2.4269336116945963,2.243011339853936
1018,2089296000.0,2136879611.8713796,2170397619.25481,2174836321.295725,4.430191000000001,4.788329092264655,6.242975651270294,534266047.6045939,5096508231.404497,2.1687388840017388,2.098580621507453
1020,2089296000.0,2043483107.2235847,2027067048.284259,2028345339.628166,3.521987000000001,3.226451176872242,3.3378671717114026,217727599.45357692,18036621463.67417,1.5206284730106714,1.456149403421916
1021,524807500.0,526091396.9696939,526369287.04099923,525678711.5676664,3.796894,3.948883559066161,5.064337936031151,137991681.9325495,1448772442.3295279,1.879444830824466,1.7927198963968412
1023,2754229000.0,2920344643.24133,2869315360.0743637,2874519723.1652884,7.8887259,7.667446571938237,8.160852241410485,302207531.3911205,12113504371.205559,2.7320410470479537,2.484727732578873
1024,912010800.0,906671364.8146045,926696591.2101189,924168099.0688962,10.918311,10.338398618571771,10.516265156266012,40771564.71936978,6306766960.847803,3.6177031281628413,3.4924872390860147
1026,602559600.0,580692170.6709694,578484905.9541223,578119580.7882264,6.083647,5.8657137560923776,6.8396045643864145,104783217.39240442,1701113942.7235157,2.3308442387088313,2.1849630653562637
1027,2089296000.0,2512807131.0666876,2438716882.8786454,2437717216.9076586,0.1383469999999995,0.2705052134358061,2.2919719135058827,2919852649.5247316,6759127620.707237,1.3355142889555554,1.2888615148293767
1030,3981072000.0,4069825096.9268217,4139395717.2845726,4151912047.561972,13.2715369,13.11901004913289,13.899495507577724,257979027.65017933,13287649592.21075,5.393571277594133,5.117533896742228
1033,6918310000.0,7126681132.912835,7197768485.156602,7207297071.871046,2.99373,3.1164850765923315,4.1491966821340185,2140853993.5330224,20561757510.51569,1.680391001613362,1.6306608158702451
1034,794328200.0,815946156.6889737,819769934.5288945,819296450.5878706,2.03653429,1.982857961824295,2.462379704039192,236616527.6012087,3500208688.3131356,1.364175753919241,1.3327498384392884
1035,1659587000.0,1652953955.023203,1459025074.8101873,1458740235.973645,0.4432209999999998,0.4546315947953705,1.23524945757981,1222222314.181815,6150888126.171737,1.1698028625087749,1.114335704303879
1036,7244360000.0,7920780331.9954405,7879871129.333897,7876196814.877634,2.191796,2.6904196840415358,4.59303225485857,3234083448.9561553,16823428038.55638,1.7743132027150001,1.6871163571513472
1038,3019952000.0,3290812023.393173,3346051249.1081853,3346886276.922814,4.742792,5.412349918426244,9.930000568198134,989161904.3715868,4134966221.875173,3.374328150402477,3.224527216807203
1041,1737801000.0,1871875487.8930616,1883459775.562784,1879767198.8350275,4.794736,5.0663425436309995,6.31602261535596,422660648.70148915,4828231870.554586,2.1879929116430072,2.0879539772000326
1042,4570882000.0,4536984737.931664,4542201326.399776,4537245533.042846,6.075040000000001,6.286657156851501,8.261829114563193,997536123.4653589,9114330425.741085,2.765286678130391,2.5935927980665623
1045,660693400.0,638140013.4877511,645863714.8083442,643904223.4396538,6.5925617,6.426592430145163,7.322283531017843,102281549.98609124,1949953146.395118,2.470386141090467,2.368389271136704
1046,1737801000.0,1713714041.3613992,1696179448.9492538,1698453358.3228452,4.090555999999999,3.790261466319432,3.966902366465703,203168971.69599488,11998861844.846237,1.6431838214676127,1.5599600507612807
1047,3019952000.0,3405357321.68072,3405651526.0210805,3411146830.2344193,1.4968709999999996,2.1639080966467414,6.243647854406945,1840238989.454681,4902274426.042288,2.1689153289813943,2.0522330634545716
1048,2187762000.0,2188469187.2940273,2211336793.61997,2216593397.5167623,1.7359820000000008,1.6403632811191569,2.154223789718817,730392378.3102423,9123372619.380747,1.3127534471945534,1.2910045733540885
1051,912010800.0,899339431.5210068,900622618.8670616,901028156.804429,8.399167,7.915256501705837,8.114139538781385,58668428.74307922,5915798622.4600525,2.7167916210692113,2.551233708711915
1054,549540900.0,559671656.8685449,579092487.2506258,578119580.7882264,12.821451,12.495381790849017,12.713835747675287,21265308.109001953,3508203632.204658,4.691188789047144,4.610987203341944
1055,5011872000.0,5194437578.349373,5236462298.61062,5249461949.33811,9.592187,10.08190287882719,12.77432068508324,752230234.9490807,8678380825.79954,4.724746722420769,4.417898225972687
1056,10471290000.0,10144336078.196236,10030079726.549467,10021583738.168324,1.016020000000001,1.2516151223848937,3.5207068264716574,6536954890.007508,20976479544.448227,1.5553409771426367,1.4866688011267262
1057,4365158000.0,4319544985.631011,4300245586.237152,4312876882.696926,5.384200999999999,5.181051599655431,5.619194697776713,613156732.7976254,19090914976.161526,2.0107513299287954,1.8975772282183176
1059,316227800.0,314670638.20386857,313016478.09548914,312580495.01104003,9.6447808,9.299857532856562,9.617531346010196,21338800.87112374,1632326136.3989148,3.251170286978789,2.997932979239974
1060,912010800.0,947013537.2993375,969636425.2472768,972246065.2897124,13.841307,13.571643799590085,13.869486445463394,36626100.49819466,5072291845.670419,5.3745858505243325,5.165909170962779
1061,549540900.0,564321375.0907338,575888847.6526318,574466260.0154735,5.723856,5.760982392805517,6.920329450345464,110939920.0512203,1509813729.1030147,2.3536450624384404,2.2890358489284552
1062,1819701000.0,1777467543.2160234,1773107003.4349525,1775520510.0878506,8.794914000000002,8.27897938198858,8.479813908084605,110878356.38468072,11633391043.248472,2.8383874318444864,2.6434334093351883
1064,2511886000.0,2582371800.3040633,2593989924.561253,2597256554.1100473,1.9923587,2.179750298328745,3.7446567315816557,1124235525.166136,6135577933.246937,1.5988661179439108,1.5457315918397714
1066,1737801000.0,2710891825.488251,2668093207.1637545,2663958539.2303085,0.2371473999999999,1.0226495362389039,8.01194538746292,2010271012.2715666,3172970450.7149615,2.6837147932119256,2.4726089850188906
1067,1445440000.0,1633241779.0904455,1609247269.049477,1604261833.5923374,1.63088,1.9922716935543463,3.8981304705256186,794276651.8206193,3534651615.769117,1.629348758621063,1.544630518250292
1070,1905461000.0,2241444152.8636727,2209675949.3448544,2216593397.5167623,1.1132300000000006,1.6155959501726653,5.473935718206646,1395957894.788921,3438363236.4208026,1.9755613115321713,1.850798243067286
1071,831763800.0,776172450.2906841,786604350.0430145,788718736.0640445,6.135045999999999,5.73792941948089,5.872301668452882,57485883.39863959,6224905881.631548,2.07349213170652,2.0055039226671347
1072,1905461000.0,2016247973.2036402,2039599250.7662442,2041244610.9680977,0.6991160000000001,0.89024162622412,2.8305434069981295,1462581296.0576627,4660740273.386286,1.4280520523177045,1.3954128250367268
1073,457088200.0,471240657.71737474,463578816.93424225,463081399.648139,3.18968,3.1725033043178357,3.967008488398329,125863113.53083158,1552149223.9398365,1.6432052551161727,1.5505939819888033
1074,5495409000.0,5730061828.103055,5637555438.280639,5628588136.166833,1.6076870000000003,2.018180838398286,4.438755457222355,2945181334.46411,10969455739.83623,1.7411203789016487,1.6400983558900681
1075,1659587000.0,1707970272.9058785,1710748977.524293,1709254680.1190836,1.494951,1.4646009664895312,2.328567955877659,750424889.1955706,5557052349.928024,1.3416221777782114,1.308942238061829
1078,2187762000.0,2227042952.6310983,2228236934.273271,2230689833.230274,3.2305400000000004,3.373350539514028,4.950635726772633,740484301.4384729,5154340559.330178,1.8535573655565458,1.7693633021520965
1079,1737801000.0,1839266588.2859707,1780647285.8441343,1775520510.0878506,17.163209000000002,16.832100142571697,17.296595248675867,59451327.38174012,7849623719.562256,8.0281925791246,6.875193665718261
1080,6309573000.0,7164968079.911357,6919365839.072436,6938306925.271519,5.383254,6.53589483037017,11.444270914079805,1842439359.904629,8459412123.573607,4.0381525855293585,3.515770850226798
1081,1202264000.0,1388904926.0215354,1372406288.983929,1369135514.395641,0.942597,1.4292278829254121,7.526371635755491,915309697.4572072,1673214025.2057807,2.531760539142412,2.3463896299129736
1082,3162278000.0,3125786175.109804,3017769691.6930456,3024060766.9328246,9.6802848,9.404672929227456,10.361406883302081,342725318.6200544,9190830939.184507,3.5518122723968664,3.0964051840161932
1083,630957300.0,627499511.3211192,638612487.3068112,639835188.6701574,1.923773,1.9057829925646652,2.494253767558962,203518360.66067433,2435964755.7082033,1.3695994668869136,1.3516340109365597
1085,7943282000.0,7730951197.757709,7696271833.968632,7678987303.162783,5.191424,5.135258160433372,6.421011235227408,1744928037.9137027,19639218712.32322,2.215951413768001,2.0805978875930498
1087,1445440000.0,1483051813.1669378,1454077677.4399571,1449521994.310106,8.037452,8.64620931389656,11.045529466644934,250061288.23823982,2653860086.459513,3.8519791518217796,3.4433278589024923
1088,3311311000.0,3170309693.796392,3088382449.453515,3082123037.9669175,12.789946,12.4497156253405,13.082935497275683,198860221.8201634,11540570593.072447,4.899656544787414,4.292079304139054
1090,1047129000.0,1109631068.6566904,1108130645.2332623,1110688817.3342626,0.708053,0.7287293511071236,1.614779233919049,695671608.1579765,3739267610.0871077,1.2270131728864044,1.2035868510816368
1091,1047129000.0,1071516749.8482382,1071362372.8557354,1069235780.9432377,5.655312,5.420011297184129,5.768150522894979,131585460.25276856,5319383237.9775915,2.0474533211891197,1.9423026837550474
1092,758577600.0,751644117.1773818,741464172.8842981,740270821.2087947,4.1050429,3.9146166690308366,4.384560456569639,137595113.69843966,3215914339.9904037,1.7295994893868478,1.6293604668976724
1093,3981072000.0,4178527379.9547873,4144983146.0391154,4151912047.561972,0.386581,0.5652648127911489,2.1222135895396255,3477587014.0409613,11256473771.472734,1.3075157214554154,1.2721150932009708
1094,2290868000.0,3087536676.509567,3154687984.4290333,3161277222.67462,0.357863,0.8982484431436562,5.216568962869771,2500576909.1005306,4837475779.509168,1.91463931393807,1.8571558732218185
1096,2754229000.0,4804948275.484271,4799183021.483193,4803642243.283738,0.0602020000000003,0.5047503866903374,5.270615369026759,4816002922.0704565,7888788389.643931,1.9272834835554744,1.8330127180497529
1098,8709636000.0,8992573368.950573,8908803904.54744,8884366376.877466,4.853915000000001,6.564687353155634,13.018807015813918,2308959936.8139687,8861771038.892664,4.8627979572186755,4.402558722942262
1099,2511886000.0,2585620222.6116076,2571043135.1628747,2564534498.4481907,3.9891739999999993,4.227122225667569,6.276628577724379,797173165.1174413,5161645915.757824,2.177589151499145,2.0436849297414192
1101,2398833000.0,2396746056.7117004,2399541573.3317804,2407005149.463536,15.939122,15.571351168786665,15.979487973663515,84669775.3536849,10930664946.793169,6.882989722871933,6.308995077534803
1102,724436000.0,730763853.2947639,714810131.7789501,712642494.7037777,1.2575070000000004,1.300040316804465,2.481067198816243,382838029.6069839,2061058352.2519655,1.3673532170809946,1.3111854136256633
1104,2884032000.0,3412626163.3782063,3375030528.6611686,3368170815.3031645,2.712845,3.7369447297755616,12.362684247269664,1286635054.0779698,2870695732.96886,4.500914421493286,4.075854534340611
1105,2398833000.0,2907008504.779492,2946440238.053085,2948342300.1067486,1.307924,2.3534045578397214,7.485020194812277,1518964117.668614,3633479150.075295,2.519208362647703,2.40909301988236
1107,1202264000.0,1240648921.6468213,1223588947.1093237,1221489360.9607418,2.044705,1.9495236759072179,2.25450497251312,296476728.97983843,6659288037.205868,1.3292876500802093,1.2829005843176353
1110,3467369000.0,3453957319.251403,3387179464.29225,3389590712.801402,9.5748156,9.352994874653392,10.310007364213954,381292041.8175631,10154665190.664873,3.5302006072930068,3.164945597914386
1112,2630268000.0,2675150848.7062263,2758151979.257694,2749750087.1639,1.936763,1.8050244546171994,2.092014096848265,650936234.3404912,14817431646.164352,1.302591940298301,1.301788715461728
1114,6606934000.0,4582995166.011775,4523041601.70613,4537245533.042846,4.469147,4.810207369350191,6.517204709349093,1207120748.2698588,10040726396.419819,2.241866127252285,2.0777951276472137
1115,2884032000.0,3349608200.052937,3338535099.516519,3346886276.922814,0.77163536,1.3138586781367008,9.26281935257258,2184367509.240465,3460654107.22283,3.1166282489566655,2.893109546669005
1118,8317638000.0,8104765740.953975,8332108427.662578,8338634411.744047,8.837804,9.1210860328737,10.352203275141527,1020533232.0350167,20864259771.083218,3.5479330776912725,3.4609616276628334
1119,758577600.0,885562038.8636658,884205904.2450781,884054226.690254,0.28078,0.47298712268162213,3.296623139644717,886856258.0907696,1883382187.7600815,1.5128986960053754,1.4604213555423662
1121,4786301000.0,5068729007.980708,4921289952.816001,4927007982.000437,7.692138,7.910633942576693,9.472292913726365,819280072.0735801,11509944663.97699,3.1954163676918843,2.828875870808382
1122,1659587000.0,1672630504.6903908,1634833008.4397662,1635063822.2329838,3.8815818,3.682452635486102,3.9602816327318013,251333926.61329323,9331537968.160404,1.641847136954585,1.5367914084964127
1124,2089296000.0,2072125957.4437747,2120824969.0761192,2120381307.148242,16.857183,16.155094228467796,16.291810981494432,40488005.591309175,16452933463.856909,7.139056380211426,6.828220261826473
1127,4786301000.0,4298688305.190102,4286128323.669094,4285622447.404508,2.264517,2.307205278325445,3.1802368935511787,1463499078.2348764,13637953241.987795,1.4912829815758823,1.438244406272097
1128,954992600.0,989569366.978956,993675160.415408,990913287.5796723,1.791065,2.116999664034714,3.5220716020778347,422776913.7374322,2485929146.504629,1.5556028399961876,1.5059119813155968
1129,2187762000.0,2207925913.1974874,2202897640.296717,2202586041.6461153,6.547998,6.420320584635027,6.884490486503612,265500494.99188134,9459656593.164627,2.343496151645427,2.2012728457107418
1130,2089296000.0,2308308900.5217957,2344347799.231303,2346736936.0887423,6.269033,7.18032329575002,12.190928079067868,543845257.2087506,2677332318.970738,4.410611269371593,4.183654071985915
1131,7943282000.0,8792665976.146875,8743120424.975115,8716999116.652607,9.311076,10.68244480775942,18.202694928430937,1309615061.3782427,7592084719.529827,8.923141647046133,8.042795930622791
1132,602559600.0,720575744.207745,708322180.5945809,708139081.0226558,0.0565899999999999,0.14036241673377037,3.6690009396583587,1093210277.23315,1745709083.3958545,1.5840365608691487,1.516765217281806
1133,1047129000.0,1029197884.3009573,1034663777.9675736,1035875879.1902375,3.794735,3.6363876149041263,4.176806172251469,211704031.64877576,4107602910.4176774,1.6860946379100268,1.6277147762407371
1134,10000000000.0,10188962148.657246,10140195213.324047,10149453658.069513,4.721706,6.228961670514201,10.918834313308125,2726581382.239392,12410937202.896996,3.794591807241754,3.4863533602515173
1135,1258925000.0,1269123929.8879898,1263955516.9440398,1260826858.7175572,6.921821,6.584349451889919,6.921447146886811,128471859.33195442,6396753323.232889,2.353962246609465,2.2043541266406055
1137,3162278000.0,1886038945.3389487,1894693558.871386,1891721586.8181515,1.9509410000000005,1.8110218352514589,2.670186692261738,735480110.4048346,6090540566.013526,1.3998971027417733,1.3649048984663377
1139,2290868000.0,2475741847.6119857,2420197336.9596376,2422312509.572754,5.249335,5.53277130571574,6.9640444017296685,545997912.2892214,5932895636.432642,2.3660811275724147,2.154453821818952
1141,831763800.0,817844592.423066,836633317.1400044,835027024.8843527,0.4236020000000007,0.45640824641896016,1.4330955166590618,649882310.9845908,2762980271.6559167,1.1993141801359273,1.1889216154560227
1142,4365158000.0,4506668124.042239,4452067770.204599,4451771080.322249,6.962061,6.9315195514174635,7.78965472480937,659468829.4784776,14067681865.177689,2.6130966557918196,2.4036893116594586
1144,3801894000.0,4387435635.332497,4390241626.973665,4395684552.846313,2.859929,4.2393511160203,9.315811762412995,1599472659.409495,5215866636.644775,3.136380805087979,2.9256574734599976
1145,1584893000.0,1568057976.6561272,1597555244.5296204,1594123994.8538487,13.716144,13.00028672122933,13.088009103386591,35918170.69100878,15565896804.465462,4.902584291840804,4.6753332727029875
1147,1000000000.0,1031523448.1108297,1034020986.2383355,1035875879.1902375,17.734673,17.360808943505038,17.65428988997411,25280352.214267313,5565252906.653993,8.370375582330627,7.669691173233622
1150,2398833000.0,2381967664.865265,2328042231.38539,2331907161.969857,13.912093,13.34721288620262,13.5535591684427,79413938.04566805,15366812988.901012,5.178642564192659,4.557498400008573
1151,1905461000.0,1961002676.6974306,1972694153.5094676,1977558265.1785233,6.109968,6.398312117748049,7.930984466724107,389185694.5091014,4516194272.439264,2.657785335102345,2.51608541113493
1152,2884032000.0,2313340413.9250345,2345034844.469147,2346736936.0887423,9.349822,9.138860794716964,9.666255288717775,202565725.7184506,9264799475.036806,3.2700841762737047,3.117502829661182
1153,5011872000.0,4290827568.226242,4339299783.0741415,4340304642.693567,11.8113,11.956753745680677,12.971315018143939,349946152.9201098,12212763287.97611,4.835676238144064,4.547580171737598
1154,724436000.0,765172494.2415806,750744718.7342868,749716271.457602,2.0493690000000004,2.1291279318615985,3.374586157932789,312481495.15912414,2040865148.3551238,1.5275411381972874,1.4494700474470936
1155,1995262000.0,2068279485.289038,2086108405.5049813,2080436712.9076102,16.978307,16.508581006443986,16.76077609616271,52122761.72511993,12051995830.168142,7.541264790237431,7.003819457824156
1156,1905461000.0,1837695974.284285,1814113234.7652638,1809610682.5508513,3.6884390000000007,3.3954333680648023,3.520707778903736,199920855.37900895,15292610111.741081,1.5553411598737767,1.4789311842151052
1157,1148154000.0,1175686851.5339153,1158667203.0966475,1161086211.6634932,8.046698,7.860605148842099,8.648129578270009,145719443.9692051,3832371522.251019,2.8961003609284894,2.6404647472066043
1158,8317638000.0,8198326964.008036,8097218761.714118,8078471003.740088,9.86517,9.735302515476556,10.958451305540567,951320589.8940964,21164175378.63116,3.81244669814171,3.4527177309632653
1159,758577600.0,730323259.0931923,731877537.0835034,730944371.352268,2.677511,2.6301043192517035,4.4825483444833925,299931350.52587885,1574820310.4308834,1.7504826199307488,1.679369391088998
1160,4786301000.0,4917300704.459981,4912715266.511443,4927007982.000437,1.17643,1.4079923821756555,4.026843103819158,3088738725.8510256,9357759130.820448,1.6553319607661137,1.5885147846425214
1161,1318257000.0,1975375870.3894088,2016491285.425659,2015527582.8701746,0.5352870000000003,1.614972829394181,6.687076707740491,1244807073.417885,2604820336.9791584,2.2883367974831916,2.210736916624711
1162,6918310000.0,4800816567.281222,4702173035.981916,4713149302.396993,2.700543,3.0608857533683596,5.778655113365762,1988557415.6657665,8378652220.807756,2.050065437293642,1.8956164082537275
1163,1659587000.0,1643814900.3306403,1688748412.649361,1687720293.5007737,1.3989909999999997,1.7809999413824043,7.461928013530334,985575945.7641976,2002096708.5839715,2.5122247205394475,2.4402588058632464
1164,4168694000.0,4345829925.109622,4331292169.545884,4340304642.693567,2.6844865,2.884165620043611,4.080284732483916,1452542247.091248,11668440603.352585,1.6662338496085258,1.593762761851553
1166,1995262000.0,1943780097.4918623,1904999259.3077042,1903751998.7855961,4.400098999999999,4.08477945685757,4.348897995417561,263895663.80115783,11114720604.663294,1.7220574071848138,1.6096613671863846
1169,1995262000.0,2058889957.8332891,2080567999.969091,2080436712.9076102,5.44135601,5.523669256026695,7.026565640759542,462811635.3522648,4807949653.788096,2.3839763437199726,2.281926437251725
1170,1584893000.0,1643806664.2934935,1628921608.3552873,1624731335.970553,3.165923,3.433727548345687,8.034671623075617,686485646.9277221,2111358964.7615314,2.691036903020157,2.48934560324933
1171,9549926000.0,10153241656.652555,10035435133.44165,10021583738.168324,4.167831999999999,5.601275412129798,9.71420695451336,2935379805.4463143,13482432348.10147,3.2888021567492323,3.0017973478225546
1172,416869400.0,426838118.48748744,444385970.8814952,442981173.09290284,1.0285779999999995,1.053961852452917,1.9378503892667291,224161645.1822418,1400776065.2503283,1.2777218339388163,1.280150183238522
1173,1737801000.0,1847804752.7836075,1842215714.5937247,1844355389.7556028,8.1800874,8.799042297590862,12.474851561207283,338026598.3940877,2578235055.7982917,4.560859138805945,4.181591683579013
1175,630957300.0,640833771.0591521,639092831.9055655,639835188.6701574,2.239254,2.1856204705462137,2.5631717728352648,157441573.07344162,3087957823.174091,1.3813948665407974,1.3401956342969257
1178,831763800.0,805608754.3574673,805743356.7796321,803862215.1646532,5.604940200000001,5.261369496755885,5.568185226142413,95668497.83475587,4264092873.6872225,1.9983268239090488,1.8989462175430094
1180,1737801000.0,1451532923.4239857,1459988300.237757,1458740235.973645,5.906465000000001,6.022655294335513,7.11626443406339,267993384.3692846,4000843923.9963794,2.4098765048495285,2.2895676126258273
1181,602559600.0,592119215.2818009,597642550.1860757,596737653.4782233,2.5676200000000007,2.3834439695293144,2.5850195247441294,102878010.12366444,3894056556.9986143,1.3851537151636948,1.3576830498486658
1182,6606934000.0,5349276347.025486,5428817746.061525,5418518434.197018,5.703274,6.923153500101255,10.225849241501251,1231976721.2384255,8016595509.356861,3.4950900812140517,3.3292654702662308
1184,794328200.0,813748667.3783894,836153095.496274,835027024.8843527,8.274170999999999,8.644924630814645,9.438560676511447,91069916.1503268,2639830756.8483143,3.1826001480392487,3.109605534667092
1186,912010800.0,596545640.6906737,772548650.3335923,773860535.9017189,5.424205,11.457081171612698,12.604723699153146,54386091.9515726,1591005994.8212001,4.6312396797595445,7.007461157830951
1187,4786301000.0,4746879137.785749,4683171203.844302,4683365418.88271,2.7144999999999992,2.7607344450628863,3.9544786729244303,1630433533.7770474,12780375123.863546,1.6406763934367383,1.5542449177378332
1188,1819701000.0,1776689050.681838,1817846719.189853,1821118909.8520966,6.263942,5.950593355932396,6.2520669345722135,187673483.20033062,9481245384.883677,2.1711263899347832,2.1270373920789414
1189,630957300.0,617550317.0041653,619506707.8699,619872483.144797,7.420971,7.124537462678983,7.478461974878293,59156557.19655577,3035431612.2166624,2.5172231079833542,2.377724278952815
1193,1258925000.0,1329741965.225423,1307079616.9344568,1309707659.9296982,7.263081999999999,7.7823409709288915,8.526277300997256,162555290.00026026,4464801102.180955,2.8542074472431294,2.592583723914121
1195,1202264000.0,1165812946.3661237,1158944511.1470182,1161086211.6634932,5.731243,5.435338749982207,5.8191973011043245,149443562.08362663,5507970628.75637,2.06017650616518,1.9375120644102224
1197,1000000000.0,956837326.9615722,982246705.3195745,984651392.6053253,8.831439,8.62674493766442,8.936538390240695,70059065.26492316,5028374527.099762,2.9976289519072905,2.928928624291781
1198,2089296000.0,1739476713.831361,1726365004.5231762,1731063833.7167473,3.765038,3.5231654377493227,3.6749252787546287,202226358.66586462,13147278715.805304,1.5851931557242844,1.5137987461203994
1200,660693400.0,772775335.1455811,762474145.2074637,764110899.3129811,0.9300990000000002,1.2943161929459408,3.5965018518287577,491729320.43715435,1581183015.8333957,1.5699464452611518,1.4969584474813304
1201,3981072000.0,4169973207.6878295,3988467971.014221,3996954728.7217617,1.5915999999999997,2.193656908118699,6.198854769185106,2233366592.3530626,6056329363.457922,2.1571875112728307,1.9396462104964165
1202,724436000.0,732743786.0417349,731188697.127963,730944371.352268,0.5617160000000001,0.5806380673927225,1.7741355637690681,559787515.7123302,2210385139.1108656,1.2517897588428988,1.2255103901046978
1203,1445440000.0,1573820139.6038246,1565617259.616495,1564093247.1156824,1.1204920000000005,1.3059638163495222,2.781344625765896,884517203.6044042,3989282748.2811155,1.4193585392873833,1.3722863310935611
1205,602559600.0,661197015.4902312,670237276.2603453,668867646.5520306,4.239997,4.367787219472357,5.247138434350347,146154924.52518997,2052918976.3094687,1.9217813826299146,1.863411959755338
1207,1380384000.0,1261862210.1628077,1273678835.4225647,1276914318.9080458,13.8495404,13.389259096278343,13.65000170563323,46828409.386266746,7231021933.339318,5.237703872561339,4.900521655360324
1208,1096478000.0,1075272290.0958154,1060743514.6499205,1062478941.3216455,1.3597879000000002,1.2773900585391387,1.8142882162705778,419768899.6445899,4427873408.730933,1.2581046868683698,1.2225690145247503
1209,2884032000.0,2217274698.405351,2178684874.432816,2174836321.295725,6.263223,5.960611061684328,6.249260542574069,229105809.77712968,12095347037.54968,2.1703891230868217,2.00009616246353
1210,1148154000.0,1397738713.797915,1426170720.765101,1422215317.105212,0.1426439999999997,0.32296318508034927,4.835270072698778,1631141869.9179962,2564108751.8549495,1.8276352433618865,1.7653181580806774
1213,2089296000.0,2071983284.4689429,2101318372.3375192,2106981945.9555283,7.750546999999999,7.269931862149706,7.434674094509126,134998864.86555034,14989861771.727547,2.504006318637139,2.4085106789920143
1214,2187762000.0,3062265147.3703895,3122182393.489899,3121449239.9213476,0.6881911000000001,1.7535808518311788,6.7576268633354655,1856375753.77056,4025631479.813104,2.3079054058931314,2.2269006789791526
1215,3467369000.0,3716184218.1745863,3623497571.2249985,3634393440.0630794,2.9485530000000004,3.0692200167808164,4.010302554940441,1087241747.059615,11245056715.722118,1.651971322194391,1.5437706647584437
1216,3981072000.0,4487781847.247996,4490294791.502207,4480082138.595426,3.809294,4.793955213860484,8.237139206420563,1429612899.0749166,6675247070.690361,2.7571220386630357,2.5836413575866395
1217,2754229000.0,2478565792.854991,2476078295.2773957,2468821153.512065,1.2860960000000006,1.2704608443610808,1.8502724734144111,1002023987.1154598,9838037398.789293,1.2637888960656434,1.2366702021240106
1218,1445440000.0,1512733195.13314,1469716185.2176404,1468017101.0866446,20.054686,19.84037032689932,20.09259200898438,25823146.730250258,8813541423.023348,11.119078552639959,9.546389743262932
1219,2290868000.0,2480662416.9724865,2428115481.7423224,2422312509.572754,1.61903,1.7419870430135151,3.0196224272465404,1144429770.1108475,6607401683.05489,1.4619247080075115,1.3914304472084649
1220,478630100.0,1219571183.4033577,1273991344.0954242,1276914318.9080458,0.0066349999999992,0.21767106822408705,3.117389278615717,1598045260.4841626,2940130576.4569964,1.479730545178826,1.4565804528425312
1221,3630781000.0,3981341860.3984723,3895632656.5188313,3896876288.7177258,7.242980999999999,8.05487833656789,11.366972748525528,786773063.1108669,5926770016.335654,4.0013909440189845,3.560826719270347
1224,602559600.0,584641144.7761954,592773319.9148523,592966679.2061496,1.8983410000000005,1.8117828829026745,2.2054502108834124,163877724.10961497,2770432586.246197,1.321175727258459,1.3024927463237455
1225,2398833000.0,2272915950.7876277,2266179272.143217,2259152213.803227,1.1043500000000002,1.0037007077157307,1.1435399779770925,550656559.4897217,18105413495.21522,1.1563495520046652,1.139241390493801
1226,4365158000.0,3505197689.3592296,3460165824.470753,3454671195.579178,4.183485,3.9605831729228735,4.251013441410341,509460873.4795145,19112495807.221096,1.7015147114353573,1.6060240891904298
1227,1584893000.0,1387118146.1070766,1393242527.2636242,1395423054.0471246,4.514968,4.486222912470626,5.213374943840201,277249237.8264391,4744876210.196174,1.9138945317477374,1.8333588673974708
1229,870963600.0,825291505.8833748,837797937.8101573,840337383.0170234,3.05225,2.9606255937613706,3.6703989302009488,220269148.30963328,2882495148.9072275,1.584309416181838,1.5508437078626955
1230,4168694000.0,4223347563.5222893,4042380024.447629,4047953682.0172997,12.697613,12.724754984330737,14.345732100344401,376105218.1932885,9346176112.459421,5.683764199117262,4.798101595897261
1232,1258925000.0,2105344679.9222386,2152895064.080232,2147436211.3419073,0.0303750000000002,0.2879519696720241,3.6170450932916918,2542663803.273807,4538333149.424118,1.5739270671727332,1.5325238667349022
1233,1584893000.0,1516982556.664819,1555414777.8301175,1554209246.4000938,1.4814599999999998,1.4857821173096544,2.30720358869048,648597184.0113423,5053905758.7977915,1.338053333362615,1.3278582866355026
1234,3162278000.0,3306166884.4401865,3290150815.780041,3283836289.7103744,9.875699,9.506540335986296,9.829216074514488,219881975.44573158,17013775436.082163,3.334119476112042,3.073987584429166
1235,3630781000.0,5223425188.378335,5142368311.527002,5150570477.86503,0.7718429999999996,1.9782925524897115,11.144092457712109,2733151737.3726683,4574803499.459835,3.897206376261193,3.5270493554992615
1238,478630100.0,472577058.96751267,474861124.22615916,474974121.0583229,11.570041,11.462833137256512,11.91694178768784,28784699.50045768,2041845379.2386925,4.27020491297259,3.978814489634781
1239,1995262000.0,1959653368.5310605,1920125136.4633584,1915858918.2122333,5.400519000000001,4.989659931208754,5.065064367607494,123455409.57064201,21007721982.494316,1.8796113149982001,1.7428971663344413
1240,2089296000.0,2620962793.287223,2657477601.388719,2663958539.2303085,4.66827,6.571110874906539,14.407427519375403,658289286.1966579,2249842121.234966,5.725071422696419,5.386231831655368
1241,6025596000.0,5924275801.546477,5925093040.213249,5921403989.20716,10.532251,11.076211495578425,13.356805529756947,722927623.9753581,10863806162.079613,5.060165479557236,4.655355828557376
1244,2398833000.0,2038639661.652977,2049000081.587475,2054225915.2823215,2.36346,2.201331439012683,2.479764795175861,433555289.60540783,11426449516.866037,1.3671315457212327,1.3360763158883855
1245,2290868000.0,2357905569.9803042,2358673710.4077344,2361661020.223063,1.0463509999999996,1.0931825035360454,2.3423126399298067,1371704917.7975502,6561133928.716735,1.3439228248695645,1.3097963653942948
1246,1258925000.0,1271275658.4727209,1241257789.5670135,1244942079.6087525,1.2080563999999998,1.1484721984647548,1.5105396937130586,443390951.2300343,6354436038.565162,1.2110502928429032,1.1756173098843377
1247,10000000000.0,10003693259.810154,9856377781.031317,9832793120.782648,1.9841200000000008,2.2712723348950576,4.407440996838525,4665328116.532637,20236566083.86111,1.734454717291852,1.6356929241131495
1249,2754229000.0,2523268998.501429,2530062552.821577,2532224698.1428623,3.887967,4.23973203362829,5.527134335702922,662925269.2121264,6438232727.156444,1.9883808077903113,1.896408744788392
1250,1995262000.0,2034208846.2011719,1979849925.3252466,1977558265.1785233,3.994325,3.8800456872423075,4.281191072517492,348814740.87875456,9428381874.482016,1.7078233211483382,1.5849942373819133
1251,1659587000.0,2116934917.2782714,2062759165.3871284,2067289774.2599077,0.7516370000000006,1.6052843589501098,8.263425839872557,1311067108.4563432,2374828815.7943864,2.765815494350198,2.5090048633398117
1252,1995262000.0,2006104281.1539457,1969307135.942035,1965061448.0327504,2.323974,2.1764865534454443,2.4995410876040056,460217095.4936675,10445418906.891695,1.3705010871448136,1.3134999588554508
1253,602559600.0,608339831.2260735,599350288.3954467,600532609.2781986,12.7551362,13.050506642557327,13.878769498258286,39887814.50475362,1925514057.3426876,5.3804518284351985,4.804032301139548
1255,416869400.0,443841618.3384571,441916704.00734556,442981173.09290284,1.6761680000000003,1.6715039037569166,2.3556296873515175,165292181.07007155,1607717343.4388871,1.3461553673461712,1.3073756025977408
1256,1380384000.0,1332317070.283675,1330917557.0474367,1334854178.7952604,14.372238,13.67671451026027,13.753681157959782,26369749.861337967,14123540302.732733,5.301932779016223,4.861945260565683
1257,158489300.0,1003206891.5085038,987720762.7602559,984651392.6053253,0.0001739999999994,0.19125089050591906,2.578225598963151,1342663063.5039606,2683841358.5180316,1.3839838249152585,1.3389938366945806
1261,2187762000.0,2276473735.1087494,2355985676.961885,2361661020.223063,2.208711,2.404813875653759,3.777258792505606,895146245.4647701,5747420576.1736555,1.6052964941416294,1.6006974281172701
1262,724436000.0,731342033.2493564,737192564.7016729,735592815.380146,2.297565,2.2719436041783334,3.9722496843249595,319140347.94887704,1662142898.4081178,1.6442641553380997,1.592648828573087
1265,1737801000.0,1740002114.2529979,1716282188.4323342,1720124692.9700317,2.6291090000000006,2.7133011576972192,3.7791352811451158,579049951.0286878,4964577199.931342,1.6056673447328964,1.523324623708769
1269,5754399000.0,6220499367.794976,6327283994.25393,6308937400.052907,4.8632918,5.459132150608039,7.81945095547457,1633577497.9127617,11382411668.890844,2.622457873946959,2.526913942169336
1270,3801894000.0,3439343649.80957,3429085670.2385545,3432840033.8935204,0.5908709999999999,0.7043652076609084,1.8013798302240867,2352953419.024377,10559253485.969208,1.2560713615427512,1.2287715280779032
1272,1905461000.0,1939044960.404322,1894811229.9190164,1891721586.8181515,10.248262,9.878744129630343,10.519690533110035,168403500.38714314,7021066319.637589,3.6191739173763002,3.220582623668271
1273,691831000.0,741155963.2684208,737665590.5237868,735592815.380146,5.099853,5.203704343559722,6.2559990368152105,153065100.51997402,2089939826.862474,2.172159792745595,2.04082510542032
1275,794328200.0,865687853.9337457,874094202.0091728,872916292.8700156,0.973464,1.1441630859974512,2.61930192656017,519101771.06633097,2218858893.4548044,1.3910710036451113,1.3607872416557816
1277,1380384000.0,1364890267.2262065,1365947177.5126684,1369135514.395641,8.900355000000001,8.667864017241742,9.838889441101754,178823857.87776998,3610298230.922182,3.337958523653276,3.108400472476529
1279,6918310000.0,5623581580.002589,5493625312.168402,5487655761.815686,11.064797,12.446258568589766,15.564477974218304,631325998.3555596,8595624925.451174,6.556670841870963,5.737954790929134
1280,2089296000.0,2368061461.414687,2267462569.8544497,2273519302.500952,0.2253739999999999,0.34571979338019143,2.9967977518242277,2632102422.5661573,5454550453.54961,1.4577965299281952,1.386083909430516
1281,1819701000.0,1149742018.9873178,1129378400.9753652,1132014154.3948736,7.538904,7.038514834549509,7.118822709686566,54480235.96596087,11936301384.236609,2.4106191266536294,2.205712466210578
1283,794328200.0,780183171.9107198,773052155.6098523,773860535.9017189,9.7685719,9.291998812906485,9.632321686179004,54704848.56101475,3907911240.032412,3.256900459853621,2.982344653374663
1284,1995262000.0,1953400773.8326888,1936986514.6114783,1940304228.7354255,9.852338999999995,9.317257778481395,9.511443735659498,104486657.0144099,13000953127.947954,3.2103538653963066,2.9450586582729272
1287,1513561000.0,1466550962.4417849,1390245736.3065972,1386604933.7143471,1.7438059999999995,1.6808810797269815,2.2236778657536123,494167649.27117586,5947413714.319413,1.3241845892071393,1.2459845574382853
1288,1096478000.0,1079059071.6193178,1078811688.0286348,1076035590.7168968,3.1929700000000008,2.936781641388546,3.025887692171824,110034428.52448678,10654220407.192642,1.4630597721017746,1.4164312562802186
1289,758577600.0,1990629438.2743988,2033567205.105867,2028345339.628166,0.0118,0.3727020697266415,3.4659608064470504,2191325485.086713,4230951915.075133,1.5448705802310618,1.5066089941780896
1290,4570882000.0,4214704913.4874177,4191229715.3121815,4178316150.963246,9.878271,9.716451770407401,10.271919060909676,350579824.74731654,16431007033.406761,3.514268129602468,3.230242909679671
1293,5754399000.0,8266192531.329636,8063112200.342181,8078471003.740088,0.2872629,0.8799678082723406,5.5561811565064945,6752677648.949363,12462712759.572683,1.9954135529215526,1.856206112361525
1295,1445440000.0,1807696088.4347515,1801992934.8720436,1798175179.3835917,0.4239359999999998,0.8826607084556017,4.016373672822659,1439205507.169665,3334245025.6779013,1.6532040828460373,1.5841921725529091
1297,3801894000.0,3839090052.5010633,3892098401.9927473,3896876288.7177258,0.2626309999999989,0.4184025464178931,2.531056745801281,3845182319.8099093,9450568045.931473,1.375886695268123,1.3465342978368895
1298,912010800.0,928496336.9759263,923760273.099693,924168099.0688962,9.714967,9.285235245233803,9.590269670872885,61886744.296388656,4916860243.827935,3.240633919103809,2.98938457701988
1299,1513561000.0,1630798040.8973298,1622244061.3807898,1624731335.970553,0.9064709999999998,0.9790747599138722,1.9366887969842297,914085962.2256277,5181796284.469854,1.2775361132090368,1.2462117433384234
1300,7943282000.0,7659767651.654684,7570669204.539783,7582242047.264502,1.8334499999999991,2.013454267968485,3.575786075765579,3486854852.482706,18303089101.981266,1.5659419139624537,1.493192979427911
1302,5011872000.0,5010093621.18839,5134395690.919565,5150570477.86503,8.148806999999998,8.187341982124426,10.25310559171319,857826484.3981444,9758594778.85664,3.506424126234336,3.4000083863106934
1305,1445440000.0,1441032665.4898746,1452094691.6702824,1449521994.310106,2.542346,2.3931505029153572,3.146918308276137,452014541.4468997,4912977861.197358,1.4851480618752904,1.4470593508122669
1306,3311311000.0,3235385351.5872574,3356587674.7321534,3346886276.922814,7.105304,6.849972996317122,8.19875653281674,573993679.2220291,7966074845.0384445,2.7444753696230455,2.7322609436891176
1307,3311311000.0,3744889623.8981,3667442895.1497188,3657506381.5447636,1.48356,1.9663019061115188,5.802362304307187,2114546476.3186483,5635283244.128102,2.055972190849804,1.9059395921568467
1308,3467369000.0,3437790842.415039,3442679835.076108,3432840033.8935204,10.392448,10.391191038910732,13.027007097237846,476170049.10826725,5811079548.000871,4.867495889121703,4.4926372729511295
1310,3311311000.0,3757173511.6217403,3719177889.304121,3727730872.122566,0.4549199999999995,0.6265799500791804,2.1314730620598605,2969586374.745997,10146891008.150211,1.309028835344015,1.2720092615739356
1311,457088200.0,470064918.1187328,462619227.2468462,463081399.648139,2.841446000000001,2.7890988152265823,3.46679591704913,127962453.55148537,1682914614.7914722,1.54502980333984,1.4667050025038761
1312,1513561000.0,1578892696.9888074,1570520187.7658393,1574040105.1784217,1.6135265,1.7261680810285687,5.527644569733004,950873359.5593671,2422577395.311787,1.988504141580146,1.8791052116066607
1313,2630268000.0,2681505639.1783576,2615938119.2062783,2613773818.8855925,3.3620590000000004,3.249579976803555,4.076801214936257,716415873.0097868,8648246465.326963,1.6655211798377767,1.5554715012611475
1314,2089296000.0,2288259849.469854,2273307048.9503827,2273519302.500952,3.666409,4.198068181353233,7.634855736012293,804296383.4118891,3433851794.0455456,2.5649761911654014,2.385391682728873
1315,1905461000.0,1915154776.0398324,1877691978.211898,1879767198.8350275,12.546189000000002,12.41692169306569,13.746343826980194,164447538.88606423,4719338075.977793,5.297362087287064,4.6884865115655465
1316,831763800.0,833967655.6965392,835533826.1603774,835027024.8843527,0.6036950000000001,0.6195129997161761,2.358722317250945,687276687.1064647,2115443240.1660514,1.3466743226278095,1.3132386828906946
1317,1995262000.0,2007830898.8121848,2032567809.8752885,2028345339.628166,3.867743,3.7681804391697353,4.43885225344115,442290883.2822017,7179022150.207966,1.7411410204261268,1.6923654323925472
1318,1096478000.0,1046197379.6683197,1041418691.6138637,1042463536.5181675,5.613204,5.319598582259047,5.634090735131563,124507280.37330319,5468417851.635114,2.0143933817874586,1.9004754662110217
1320,724436000.0,745763494.6922476,743269980.4649364,744978576.8366193,4.853557,4.6791938008908325,5.313355993193233,135874984.09323853,2733871607.4315333,1.9373385227065167,1.8352050987872601
1321,4786301000.0,4001358332.1590858,3783895903.427085,3775294676.455815,0.2624379999999995,0.28159393855895437,1.6505248473102578,4220841465.415807,12519065854.695387,1.2325313907912243,1.1904749943530617
1322,794328200.0,766273334.3705422,768291534.9866709,768970266.0250837,1.5684790000000008,1.4367496985204242,1.5777306380163552,152489021.64407393,6050250086.532134,1.2213177232872352,1.2010425311957897
1323,2187762000.0,2258441014.2979445,2212310544.4528646,2216593397.5167623,1.068415,1.0993295840172799,1.724151377303973,1015531882.6380104,8708600811.844103,1.2439692756976781,1.2062854952031021
1326,1995262000.0,2029862278.2774496,2113283626.1732638,2106981945.9555283,1.478301,1.7974408560118982,4.8795554925784295,1164455486.633373,3465658214.335455,1.8375452754292756,1.8292263436061025
1327,912010800.0,925522074.1584021,916060647.1124676,918327988.0848664,3.60262456,3.380757939285374,3.7466336058027148,168130416.1917072,4500329179.323097,1.5992553463081607,1.5218841848286995
1330,5011872000.0,5464135170.260719,5396051538.279351,5384277099.6859,0.6019330000000007,0.7609768101099916,2.788240112390486,4284188053.416582,12610011493.145178,1.4205740190541485,1.3685409094398093
1331,1995262000.0,1880552123.2980738,1866535801.2746387,1867888354.4165838,6.193746000000001,5.749535731038674,5.859836374906057,126253205.64053993,16653992144.31417,2.07035921259399,1.9418686876497122
1332,3467369000.0,3463215166.0491323,3446530549.503087,3454671195.579178,9.647904,9.921511759946622,13.15417489386711,535039201.06613445,5202161171.84672,4.940922546598731,4.506218467631273
1333,1905461000.0,1861060625.4130824,1853385456.6884823,1856084576.179104,2.0905127,2.070301593633546,2.5374353656205253,519850982.21073574,8078878626.334625,1.376979096582696,1.3347660195085584
1334,2089296000.0,2147564812.7572203,2116389639.4432542,2120381307.148242,7.196529999999999,6.814226751705297,6.956902475606822,139282360.04715312,16705376636.564356,2.36404510672181,2.17673916891398
1335,3162278000.0,3157484021.5588927,3179496895.7145214,3181381379.4369497,12.678543,12.03188071395033,12.257367105601293,128917027.60346016,19478214549.367683,4.445330882914558,4.154696043106737
1336,1737801000.0,1803530925.701091,1806244513.1191359,1809610682.5508513,1.959665,1.9116535047717764,2.3947749223650634,536255623.6466638,7715521114.686497,1.3527377415970063,1.3190102860191202
1338,2290868000.0,2342096734.25891,2347316495.0559964,2346736936.0887423,4.524308,4.797855338231695,9.212556857079273,772361621.1602612,3007071403.4965096,3.0980042798762883,2.8984367823461037
1339,5495409000.0,4941433672.690786,4865308028.6708975,4864934087.460329,0.9493149999999996,1.335571158510136,3.7636302547168494,3134047046.0420704,9817746950.302677,1.6026054878259712,1.5229436802593819
1342,3801894000.0,3924269510.5576377,3909428628.1776114,3921658491.0598235,3.3899979999999994,3.8414739986116824,8.055850341548261,1510754968.4571755,5262326346.443904,2.697877689225183,2.5140759935449237
1343,6025596000.0,6150704462.701794,6039341044.605379,6035095541.666435,4.489309,4.380864752353619,5.416915254659447,1449586636.5148134,17549468578.793922,1.9619077490742218,1.8207383154840295
1344,1584893000.0,1555530258.0500722,1572168654.2770064,1574040105.1784217,9.8453069,9.358699672957668,9.639914651034637,98814285.95353803,8584081191.13064,3.259845969813491,3.091853981576452
1346,1258925000.0,3399205375.6207952,3250537936.920581,3242464222.0621915,0.0062620000000004,0.3119867908528276,5.727314255459262,3956010241.7729106,5737315347.614496,2.0373287592323113,1.882380775229604
1347,7943282000.0,5632368292.652122,5635413430.042226,5628588136.166833,3.381903,3.3427336494369717,4.087108137195208,1412367630.8123887,19149374433.25779,1.6676306332737925,1.601861158770616
1349,549540900.0,565408073.7530811,562914434.5458405,563644234.0035067,1.977842,1.904826655357248,2.4726734407147366,180667128.32329562,2233873243.2341,1.3659251678961202,1.3247346628693142
1352,1659587000.0,1378421700.202089,1370417274.7732832,1369135514.395641,6.288876,5.844137623495101,5.9071451690862045,69233809.81378983,16165183039.196688,2.082273282329484,1.9571204673000913
1353,2630268000.0,2716340320.8491316,2789903361.7915277,2784835392.2993226,15.962809,17.80066593632666,21.325040110304045,166124227.92150775,3845181139.8061643,12.831130289168787,12.280498460101919
1354,5495409000.0,5790852367.750052,5835951278.941261,5846801997.877286,2.2718190000000007,2.42983210248505,4.014210050448509,2374932675.075689,13587768470.536335,1.6527646533128264,1.600339131497741
1356,1737801000.0,1737770634.4584405,1800540330.6884658,1798175179.3835917,11.183286,11.413925555957732,12.501529086398662,155872148.66835615,4768869971.732014,4.575230516696603,4.508687501978358
1357,2290868000.0,2420534980.899624,2382807997.958977,2376680014.137769,7.081767,7.8161600577659875,13.192087850275506,525573478.1234614,2671964554.0164504,4.963022316325695,4.438394514778155
1358,3162278000.0,2851815581.196093,2876526120.1875644,2874519723.1652884,0.6154899999999994,0.6312664302647676,1.5647114527337376,1942294812.2684257,9507547274.6803,1.2193220562492653,1.2017145457445342
1359,1513561000.0,1595807984.8248732,1630926949.333604,1635063822.2329838,15.534332,15.180914803400912,15.567156670033409,57548266.92393406,7486171460.101203,6.55872747795172,6.262374896887929
1362,3801894000.0,4103546677.747908,4021103804.442435,4022373380.3546524,4.054721000000001,4.663267370412819,6.7465001049039,1180233743.6379564,8087627433.535651,2.304808592426525,2.111594554328789
1363,831763800.0,883826074.2064494,860317445.836309,861918682.5345124,13.363141,12.915329472391653,13.155985759404658,33427625.328979086,5274967949.690647,4.941975922563024,4.321234725235851
1364,3311311000.0,3824930817.1289124,3851837972.815507,3847780714.148858,8.837032,10.66357375996753,17.063100099405656,578556305.0328957,3708798299.34552,7.8123055714657275,7.22758281224559
1365,7244360000.0,7313246043.259331,7276473529.16851,7299258235.232275,0.7340499999999999,1.1805821780871903,3.707204292465823,4953861127.347837,14441314845.109064,1.5915087893613657,1.5263174497638596
1366,6606934000.0,5760538040.632,5639095333.30304,5628588136.166833,1.0513829999999995,1.1187954432995904,2.0838371619984413,3032055954.766911,18066898656.25531,1.3012617002499698,1.255471635969636
1367,1318257000.0,1432353772.0504088,1449514275.9536998,1449521994.310106,8.23217,9.130539183983243,12.649036038409136,249025328.2123962,2049739983.8972073,4.65549529668664,4.384925080653245
1369,3311311000.0,3787989885.073628,3813621104.5344014,3823465368.882705,2.79311421,3.598645014877503,6.92339401892138,1472442158.9508443,5850881680.101399,2.3545148348269636,2.2399489102816244
1371,3981072000.0,4028251826.9633946,3904674988.15617,3896876288.7177258,6.028124,5.848374119654932,7.186797075756431,825588544.2252465,9989577220.615963,2.430431201158609,2.1807390970015152
1373,1000000000.0,1016425416.1365108,1008386031.0894887,1009938922.4160724,3.4066910000000004,3.6064736343449573,7.015867006633034,396280535.375644,1547617620.6844304,2.3809049721286635,2.2182707684889733
1375,3801894000.0,4396981279.071704,4288068495.2546906,4285622447.404508,2.3573962,3.0568828933348664,6.674409265033843,1923867805.2500052,6555776083.891122,2.284840009346307,2.087166617358949
1377,954992600.0,897097290.3382915,887809879.550733,889676373.53404,2.360934,2.2019859909818016,2.379777830605332,154376608.8732452,6285245224.91765,1.3502124350476232,1.3041557694546868
1378,2398833000.0,2764851324.1773505,2727162560.698951,2732373545.273348,0.5270169999999998,0.8238196716792789,9.200706472274092,2126152204.1521602,2998886236.479157,3.093628985750231,2.841134165698402
1381,5495409000.0,5599518925.380042,5457181854.48859,5452977526.629444,2.047045,2.041326695942293,2.7943307714497383,1932763630.1774082,19203480311.94737,1.4216484332898622,1.350479650163257
1382,1148154000.0,1045084153.3423467,1042840231.2565385,1042463536.5181675,7.706408,7.317670846015729,7.563073033353312,81933373.14126778,6183435806.151356,2.542951367276499,2.3802603820222252
1383,3311311000.0,3501696234.0249863,3559274618.647299,3565927277.4985023,4.8467400000000005,5.378253418328604,8.40611105911049,991546043.2281556,5575242086.633284,2.8134657764519053,2.7014000890229886
1385,1047129000.0,1122565181.537432,1125516718.4556434,1124860598.3439567,1.218216,1.3498468992802022,2.4115176145375874,555775839.4037169,3323305764.444737,1.3555621393461554,1.3223872768697362
1386,524807500.0,607349005.3440678,596832015.1102995,596737653.4782233,0.1274489999999994,0.18117633749283513,1.2961065512603596,712944921.1609232,2204806202.911619,1.1788090125978519,1.1566265259962194
1388,1148154000.0,1270610971.5931728,1291661504.499489,1293207046.2798219,0.6098357999999999,0.8168835071634575,4.141833837741313,1051225226.0738144,2302246934.669438,1.6788730267439234,1.6306997485113819
1389,1202264000.0,1185562593.5295432,1175455234.2866511,1175901035.8232994,5.4746500000000005,5.09316730454141,5.200704333000815,87384332.08836438,10636614410.09716,1.9109426921360855,1.7984521924431722
1391,3981072000.0,4028659955.8239636,3986271309.8289533,3996954728.7217617,20.0336551,19.588379832190846,19.95312699884019,84337227.68342023,19455667005.14317,10.940200900138247,9.740196152424659
1392,912010800.0,931303786.6469408,900746231.5576907,901028156.804429,9.43297,8.958633457286547,9.135550715064014,49912124.921276234,6497050580.280397,3.0696791010021163,2.701618181504598
1393,1995262000.0,1978656460.7726343,1947161715.2948086,1952643602.2333722,3.304978,3.6631195253560667,5.373024768444622,638625083.8715057,4375110449.299453,1.9514590423823317,1.8187869551346365
1394,1096478000.0,1139881976.996715,1129242155.0406663,1132014154.3948736,2.287281,2.631950790917403,6.241570379519297,545110115.4737577,1723440009.4777203,2.1683700617194654,2.0279226921192004
1396,2630268000.0,2611616323.7214737,2637705771.37217,2630396125.281009,9.930887,9.443783656878894,9.743236567532678,169039800.0520247,13959461721.548065,3.3001842128080585,3.125099814798954
1397,2511886000.0,2173884017.016685,2136456447.1098132,2133865881.6389143,6.450353000000001,6.0538561756582645,6.178853561498416,148016184.21216136,18077516710.958996,2.1519702545509474,1.9844679290556062
1398,1513561000.0,1481848303.6112065,1457005175.4635875,1458740235.973645,0.6228810000000005,0.5713741297032936,0.8240731467530037,630721022.7273442,9018330912.295513,1.110579251415067,1.094234568295299
1399,1905461000.0,1822951042.4829326,1913901076.8214657,1915858918.2122333,2.128356,2.0832908073961893,2.780281325398846,602225406.8022376,6490801930.014982,1.4191711952840251,1.438695838341702
1400,3162278000.0,3130589542.720996,3178362245.8520193,3181381379.4369497,6.151876,6.659914239908584,10.22010957148284,759057948.9041324,4495236369.549354,3.4927078764614468,3.3288031466024703
1401,8317638000.0,8234213132.941078,8152924622.56179,8129846076.541112,7.044460000000001,7.078909518789017,8.779245241538035,1537831690.3767774,17894814399.343502,2.9418393175786175,2.7024598208066593
1402,2884032000.0,2857082862.943709,2814969268.9574165,2820368366.712834,13.270171,12.94694526485507,13.378268827594738,141723970.4359974,12670540097.760328,5.072959781777254,4.535814420069211
1403,1096478000.0,1193187272.9376025,1194394398.9335194,1190904889.0256362,4.611562,5.28057738144701,10.186911611628101,368242441.1577895,1426554548.225751,3.478960166127001,3.2364646757795894
1404,2754229000.0,3027739844.9329996,2969938765.0797114,2967092296.268175,3.834201,4.395048529269864,8.252893271862593,1048663009.6554497,4236962783.5799417,2.7623290281433235,2.51202374771096
1405,870963600.0,896842740.3693031,893231670.2437859,895334274.4460444,7.197811,6.884865185402383,7.228391609007657,87677135.08191429,4476227152.0172415,2.442631193862698,2.283546604626956
1406,1202264000.0,3453634448.8380475,3300201593.960677,3304719861.412545,0.0037959999999999,0.1941283316271909,4.586014520815327,4735131211.220584,7105633713.4504795,1.7727904959746112,1.6623320773350925
1407,416869400.0,431231973.14027566,434871534.00485903,434636115.9299376,11.529008,11.186365989336476,11.574429033331343,25275472.28952367,2019239425.1208818,4.100797527343145,3.850332530693275
1410,2630268000.0,2548982881.763377,2532512109.7112055,2532224698.1428623,5.409841999999999,5.419979594250718,6.467187232712383,507584591.73184514,7200215023.373712,2.2283555047333246,2.085345059321569
1411,3162278000.0,3541720673.3719945,3531281639.49783,3521001230.175302,5.959264000000001,7.087116082270493,10.345272211766957,795095715.4993367,5345640850.11698,3.545014441575899,3.273781024477253
1412,912010800.0,952238422.6921256,943250436.5493047,941912219.5693665,4.271868,4.251972233669024,5.220470073749971,223500617.5059232,2815016499.706491,1.9155493476008656,1.8013381041580936
1413,3162278000.0,3714253743.0499783,3671769721.9363656,3680766309.882078,0.7501340000000001,1.2018476865124816,4.775728433426768,2630764215.3863254,6154545136.636782,1.8143906147823468,1.7154880736026121
1415,549540900.0,555974770.5126212,555030397.7818238,556543049.498125,7.359947999999999,7.07492649978799,7.39163466944116,50912803.846446685,2891372427.4796305,2.4910802098019587,2.3355282175754364
1417,9549926000.0,11311553287.431463,11018444133.26218,11021320936.254435,4.777668,6.486424553556801,13.164613864300694,2929545473.422748,10895397912.047237,4.946997886716716,4.344852716306999
1419,4786301000.0,5404684390.904521,5538312954.529477,5522554533.395075,1.186782,1.6588116655234013,4.128011227785529,3092748144.9438915,10421760391.76049,1.6760267350240037,1.645899138103042
1422,1819701000.0,2116383111.046946,2129973752.7405097,2133865881.6389143,0.49173,0.7631063627232287,3.314573847813362,1734950999.7757702,4391073132.353471,1.5162584290590728,1.4706683780323306
1423,6918310000.0,6161380545.079188,6061673851.936426,6073475758.996015,3.265349,3.4425981989660825,4.652681571113847,1837974459.7329278,16339573453.074825,1.787305691555761,1.675631114231595
1425,1995262000.0,2084159370.7453833,2060007306.702674,2054225915.2823215,4.22789,4.459826285992884,6.07746650675751,571784573.693034,4710055706.6967125,2.1257077489546843,1.9807285039074978
1426,1737801000.0,1900935957.549964,1903621510.5772195,1903751998.7855961,3.82113,4.260162751837982,6.514333494147623,599138404.6587368,3603602402.750369,2.2410884535998146,2.1212107560722893
1430,912010800.0,916049045.6571348,918341641.7244391,918327988.0848664,10.470833,13.213228926420452,15.377043545198944,84782228.03033696,1727020665.7910078,6.414326891107121,5.901233119043259
1431,1047129000.0,1077336196.632885,1063500273.1106777,1062478941.3216455,5.079295,5.2007213819018085,6.987546905735531,270461689.94812363,2297600852.719238,2.372793054723223,2.192689029416214
1432,660693400.0,650272010.7050649,645070897.3706166,643904223.4396538,5.328407299999999,5.068401067067444,5.566216344882494,99646046.89750022,2694013974.904843,1.9978487194995895,1.87676455413467
1435,6606934000.0,6633016436.249326,6664895683.504785,6679356006.7274065,11.558752,11.613676705809441,12.587901931186845,554879607.9738923,19290585744.636715,4.622064163051069,4.2983817811200336
1436,1096478000.0,1085467778.5456793,1213348352.521179,1213770382.7348003,1.4590372,4.848449404033675,6.67629156061267,290614286.8835381,2292147152.5333652,2.2853592856769063,2.559345920673814
1437,1659587000.0,1799317150.576378,1779919753.9043462,1775520510.0878506,8.333338,9.055516834117531,11.825456703607411,299175812.98195815,2963717675.2481527,4.224300393572122,3.825848560848844
1438,478630100.0,494884391.643065,484241696.03987575,484093671.97893476,9.8647,9.84001116806067,10.243227080276295,34993056.73331388,2273266321.3925266,3.5023122216274785,3.127676489183399
1440,3019952000.0,2982614319.4776425,2893281370.0480676,2892800244.3155556,1.7583719999999996,1.7312299535548252,2.6117351699292795,1204467618.091523,9536126048.151674,1.3897629399541453,1.320256454753039
1442,3019952000.0,3248693215.4524903,3215810994.3137813,3221974063.4669585,1.876072,2.0987526044128817,3.6261506059797477,1434031844.2024684,7831095736.233338,1.5756944372581714,1.5036917655911188
1446,7585776000.0,6879018950.868827,6777249643.53923,6764580931.238948,1.6981789999999997,2.363655827814067,5.582436728228236,3435259211.1144795,11181231225.54933,2.001790756419754,1.869378804854376
1447,1318257000.0,1314433610.1964245,1343782450.4116678,1343343189.9686134,11.1477985,11.721971846463461,13.990209681204087,147903019.0062256,2416079075.520141,5.451362640378529,5.2207310370701
1448,1819701000.0,1839694790.240141,1811847732.5982316,1809610682.5508513,12.7045134,12.11628912769574,12.219113487214162,50745823.99221051,16861722241.735636,4.425307932563129,3.967665643026651
1450,6025596000.0,3981293820.998636,3980556285.2619734,3971696705.600881,2.935661,3.128923689598638,4.591802902948157,1356497120.8494864,9611273959.220694,1.7740463692576647,1.6962742237281807
1451,4786301000.0,5299510854.788761,5180312111.1841345,5183325554.060094,2.6057570000000005,3.3222642166074188,10.445495448610902,2230028716.218216,5174267611.666004,3.5874454359002224,3.2144709255981634
1454,1318257000.0,1281415500.7740688,1274993946.9203057,1276914318.9080458,18.08324539,17.402240499611853,17.484067532075088,16808090.478134364,13171764014.220053,8.205777158929479,7.4117211986718265
1456,2630268000.0,2793368009.044322,2789026934.929105,2784835392.2993226,5.4052048,6.045838382280113,10.126126941427538,755663230.4483912,3712547544.695962,3.453924214814288,3.2001496505019875
1457,1380384000.0,1305786227.0547488,1326792355.620872,1326418812.3727348,13.322853,12.531047527683363,12.58793924630341,25570418.902017962,16109611978.15607,4.6220844971070845,4.390484888360113
1459,1995262000.0,2012002013.4344819,1990045285.6342802,1990134555.8893244,6.016598,6.895451617086921,13.078818869417006,494578237.48213273,2035776712.7429178,4.897282282711537,4.419871683780885
1461,436515800.0,504114961.83253574,485609958.0530788,484093671.97893476,0.0805699999999998,0.15135437192271453,2.1486030684685438,709454749.2819127,1511373703.0431156,1.3118323490438062,1.2686543062529874
1463,1905461000.0,1889223033.3989005,1908705590.821075,1903751998.7855961,9.40095,9.452049004451982,10.498864189906179,213634338.81684062,5297853866.502174,3.6102404475125147,3.411717515832181
1464,1096478000.0,1082729578.6843874,1101769706.2185576,1103670022.8438623,15.836156,15.21470199125985,15.32706440261136,21481710.391438305,9489730435.86546,6.376886939150097,6.0403179018700435
1465,9120108000.0,10277169713.557161,9991162854.256475,10021583738.168324,3.912624,4.830285754381142,9.763819380147691,3401020446.149187,12317727011.421276,3.308277489796617,2.9416639334978227
1466,4786301000.0,4819810319.800742,4832972880.754289,4834191027.805528,8.663155,8.649438104180222,9.858073743393222,640937648.3209087,12537276700.56716,3.3455848144379154,3.126022506790917
1467,2089296000.0,2043107195.143107,2074999664.1593363,2080436712.9076102,2.9410830000000003,2.985167556137433,5.680539923836591,858031888.950074,3587821381.3625083,2.0257903044290346,1.9608756888299343
1469,2290868000.0,2164529975.351641,2080920693.1131938,2080436712.9076102,7.121255999999999,6.7204684031142525,6.91743304868246,166358703.89641052,14314131088.552727,2.352823300473357,2.085570254919686
1470,2398833000.0,2248561558.916136,2125794466.5129979,2120381307.148242,8.556689,8.21844182366888,8.688865644761593,211188475.2615904,9553648996.876207,2.910237045019734,2.4735750213113006
1473,1096478000.0,1105647062.086867,1097407159.1670182,1096695582.3393214,3.267751,3.0860893969530427,3.381623843249479,193865316.38589168,5990212732.695995,1.528869383502021,1.464517529757602
1475,2754229000.0,2793927654.7637844,2805652983.8907347,2802545565.5427504,8.4964225,8.29659649797207,9.053198171175747,320876306.5405381,9294366362.326864,3.039663948686224,2.8563212933276434
1477,954992600.0,995734826.2307091,1007304515.5544955,1009938922.4160724,0.935718,0.9830939629863421,1.8175243612605463,529840429.504128,3372676195.177394,1.2586149174340648,1.2404782578119387
1478,1513561000.0,1586730761.9804006,1542880676.8713174,1544387705.8161666,0.2502140000000006,0.2688660213697345,1.089774512942156,1476785570.3835819,6137782388.625968,1.1485282303688304,1.126411217629187
1480,2398833000.0,2506053907.9719453,2451887802.6547236,2453219890.5483713,4.426207,5.0917955539900746,10.762813401434904,799424207.6102285,2738525769.5278134,3.7250616795607185,3.330004938436859
1481,524807500.0,539232664.4232237,535573833.33392376,535771795.728425,1.6922930000000005,1.609742153689331,1.93886186131761,149367241.5560408,2798142679.319952,1.2778835729847255,1.2444637646640015
1483,1000000000.0,1003322783.7390985,1001941185.4593151,1003556798.428088,7.266077,7.143855322967287,7.6792575735350646,115923448.3489974,3993164916.9751344,2.5786912423430377,2.415370577802094
1484,1819701000.0,1877006140.479264,1887066987.5170176,1891721586.8181515,10.4958087,11.729772929222955,15.185910726388848,235103038.79828715,2700665900.8983564,6.272303111092195,5.804039050959861
1485,4365158000.0,4830290806.793821,4715281973.646505,4713149302.396993,11.833864,13.355191348057659,19.686086647808224,527842327.2451744,4692512635.54836,10.605607385488117,9.20151155590895
1486,4570882000.0,3453214420.598885,3521228352.0621696,3521001230.175302,0.5795400000000015,0.6827357558182325,3.186760985924309,2952011024.312648,7338405987.402651,1.492487014165849,1.4605781024676174
1487,5248075000.0,6442374398.115163,6437394690.25731,6430069632.997621,0.6965580000000005,1.483888820766313,6.004615532125703,4216651410.525845,9164882244.749498,2.1070253830446966,1.9947052456552612
1489,2089296000.0,2431798848.9090376,2505600434.634062,2500321959.3126006,0.1611960000000003,0.2907217943243332,3.0181640326628822,2878544360.113992,5703678418.780986,1.461660611359944,1.4338044592568218
1490,1445440000.0,1478653333.1112676,1447983612.631225,1449521994.310106,1.1251059999999995,1.1281470371762345,1.832439395172639,688135983.9827845,5379467491.77302,1.260968972274467,1.2206887197342164
1491,954992600.0,1015428105.8727015,1023308561.3893616,1022825189.9450805,6.071567999999999,6.364055793210509,7.7061366020264686,192894079.97568431,2510191320.9061484,2.5870278963769513,2.458689676626771
1492,5248075000.0,3361815710.178786,3336243668.353025,3325736242.28319,1.3431889999999995,1.2416490587802478,2.1097030177836356,1614076756.42176,11013703124.767025,1.3054738975013676,1.2689075413683981
1493,870963600.0,885466991.4852717,870912454.2479069,872916292.8700156,6.950569999999999,7.300377308801307,10.358352665461403,190368183.76640412,1385389585.0390425,3.5505245057157557,3.2023672888726513
1494,1445440000.0,1455104953.1059587,1443538815.995711,1440362005.635874,11.778958,11.483163796820314,11.998555125423056,93677136.54744579,5891632880.4781,4.31156613327976,3.9216345890216364
1495,724436000.0,673824765.1671244,683279001.5562435,681709972.6734855,7.806113,7.955224123798487,8.265220231212048,54027593.00494676,3540884309.109454,2.766409891202132,2.6517685001977163
1496,630957300.0,586652070.6940691,591827316.8420932,592966679.2061496,2.2147680000000003,2.0499186022369544,2.235174181264385,107640816.58152694,4029816435.3748245,1.3260855501360727,1.3024435470579718
1497,3981072000.0,4307289288.940055,4350557776.97711,4340304642.693567,6.5216536,7.749684372978583,11.64620755745548,913476907.3020031,5825194625.777993,4.135748145268446,3.8910171767469994
1498,1096478000.0,1101534254.6571162,1103682801.2047372,1103670022.8438623,9.368282,9.270575263620959,9.885561829633378,101584157.2459951,4075948467.755737,3.356541488912471,3.1317325623379433
1499,1202264000.0,1254505457.040919,1275927379.6534507,1276914318.9080458,12.488801,12.73828082463876,14.018888169464567,102112560.4034683,3153550031.2742343,5.469758796287848,5.187942852298207
1502,4786301000.0,4940670279.34428,4874984967.8899,4864934087.460329,3.391914,3.592960492986051,5.449494331139743,1659421947.7881818,10470619952.74072,1.969697838569219,1.8410618070014917
1503,1000000000.0,1027695102.5427322,1012696856.4547342,1009938922.4160724,3.7911138,3.5881362001550547,3.8595272236493736,155648381.8359931,5802663525.044746,1.6216306867643857,1.5336126069501943
1504,1513561000.0,1600863126.7568064,1609153287.0526817,1604261833.5923374,3.750199,4.248663813185914,8.318531999510835,572257569.2864486,2175612906.5876303,2.7841256908027248,2.6261851396523443
1505,1995262000.0,2134430101.83286,2126917707.2882717,2120381307.148242,2.928411,3.1436863910530004,4.582838137935424,720869371.0187958,5195290283.4361925,1.7721016892964325,1.6879302473848283
1506,2511886000.0,2646426379.4542413,2706584650.851771,2715106811.2557054,5.5020388,6.054554432021987,8.776101410174867,660042280.4779909,4455015339.499804,2.9407345113997616,2.8500830133691895
1507,5248075000.0,5723348320.951829,5514693698.798202,5522554533.395075,10.975846,11.893905097074857,15.291172461753602,700193296.8237187,8318367894.865958,6.350132468809671,5.417560008575172
1509,1659587000.0,1696251062.2451,1708106140.4517703,1709254680.1190836,6.571651,6.364905170111035,6.804925857527913,200689623.1141634,7468450260.35509,2.3211140866521256,2.2129983656703143
1510,660693400.0,688390951.5831063,695880787.6809053,694798872.7487832,1.04922,1.1997259168954224,1.8695421889341588,304202518.531028,2556728740.2560487,1.2668425086898414,1.248145806907256
1511,1445440000.0,1486678796.572999,1473703878.3352528,1477352962.465185,1.5182559999999998,1.432029879404336,1.6884801836603793,392791611.0272959,8741422234.335804,1.238415645984185,1.2082536553074397
1513,1659587000.0,1725420380.641002,1663666907.6896691,1666457212.1551187,13.830056,13.272941452624387,13.41751301600398,48847607.71513186,13321080428.969885,5.096435206110321,4.373100925725792
1516,1513561000.0,1250534559.3162265,1261023674.0034308,1260826858.7175572,11.847452,11.216127329904895,11.28318157923891,31230406.522424918,14207550603.010363,3.961909141062467,3.722874167844205
1522,954992600.0,1001322061.7973319,1011565827.5031669,1009938922.4160724,6.8641194,7.335155446366757,9.32629853302931,190207547.16802213,1995024190.2690544,3.1403039805835142,2.9776323867344603
1523,1659587000.0,1719003440.4416466,1682507545.4138527,1687720293.5007737,13.643497,13.551481152512022,14.245343745786386,98262883.73441955,5966231582.732118,5.617174687021447,4.947869833064658
1524,3981072000.0,4728180544.71535,4244101572.613939,4231629176.6789794,1.8382970000000007,2.8997333051288052,9.726561837800537,2166908227.546717,4823999494.579492,3.293641663356482,2.629063195126537
1525,1995262000.0,2273304853.378877,2269602418.221158,2273519302.500952,1.295712,1.8312941078533758,6.6853749932248485,1349268906.1028588,3024385693.664586,2.287866750596823,2.1549993819831386
1527,1148154000.0,1174942429.1346765,1235920958.1223843,1237074896.2241232,9.955666,9.713070054201168,10.341507418763474,103323692.16699216,4298241459.01133,3.543430081899977,3.6059368541619166
1528,2089296000.0,2088414840.6642318,2115723106.7676032,2120381307.148242,7.984400999999999,7.465109896262289,7.550521780247759,96023456.95833041,21019768517.377728,2.539118973032049,2.4369647129449854
1529,1318257000.0,1326068561.7693913,1298956358.1396348,1301431202.3260171,1.974399,1.9277309813887138,2.5899294827677717,448961874.96796066,4855215379.51129,1.3859997625610712,1.3256467669083412
1531,1202264000.0,1268344765.1368308,1289277083.026958,1293207046.2798219,2.1107050000000003,2.2980326036682226,4.299153623404867,577079536.1286124,2651055059.400825,1.7115887972002366,1.6689951130780762
1533,3467369000.0,3864657586.295137,3789953340.201419,3799303679.9861164,5.426948,6.471408789415843,11.11755402478673,998420807.899665,4725830938.794515,3.8849782535270876,3.4775492405959962
1534,3467369000.0,3593766141.2615757,3539110239.502624,3543393053.3865266,6.770525,7.186778894622037,9.165638477959185,695463261.8308358,7187921852.047915,3.080716405614086,2.7993235279553037
1535,1737801000.0,1321487197.9213662,1216466792.4915857,1213770382.7348003,6.109196000000001,5.654264405323973,5.72112678363514,70412775.45698702,15043652678.276966,2.0357988437025574,1.7218436544477722
1536,3467369000.0,3367962127.3130965,3573701405.0123444,3565927277.4985023,9.465778,9.097088840140572,9.496914045338627,261162684.03655943,15541926780.73853,3.204802388499253,3.3179793794467263
1537,5248075000.0,5817530087.2170105,6068143115.379704,6073475758.996015,3.9085973,5.78353384061786,18.827748633348037,1364338107.0144517,3309303392.344126,9.597227652379821,9.457248557391674
1541,630957300.0,655449874.7832412,661390013.2386284,660440783.8586799,4.11416,4.164817629164749,4.697765401626181,121151319.44449851,2629173104.8314724,1.7971849797317108,1.7375120188467712
1542,660693400.0,673180638.8294662,667296828.4753182,668867646.5520306,4.127632299999999,4.002507291689366,4.861538388785346,157458658.58158955,2119226142.3281236,1.833507375153658,1.7307580720034523
1544,1318257000.0,1367809189.9859493,1354525391.2518263,1351886187.0468285,9.403044,9.315338639788697,10.410652329344718,160339979.23716182,3745543271.333358,3.572638534080064,3.2579618145937896
1547,1737801000.0,1716709592.534139,1683357829.4592643,1687720293.5007737,0.8423919999999998,0.8192778884526181,1.8580471993479066,1076942496.4834433,5328873226.503809,1.2650201178148475,1.226722845574652
1548,3311311000.0,3291018133.98562,3310970894.717156,3304719861.412545,2.441835,2.321199880229358,2.7082875916290305,787672880.8566462,15645435230.515629,1.406539741209169,1.3731985108546396
1549,1047129000.0,1043322244.4382108,1035323389.6174828,1035875879.1902375,0.999295,0.9122899921211698,1.0671729244706016,279283888.7496477,7918925475.606558,1.1452547785343306,1.1272377105552656
1551,575439900.0,572231168.08787,570619286.0631243,570836025.7340167,14.989497,15.048334947563724,15.531488869268966,23249302.81890189,2393634795.051605,6.531394562417144,5.9456204862547235
1553,1148154000.0,1177470395.7568736,1178335254.1428175,1175901035.8232994,11.883282,11.548125989643792,11.977087789602194,69127510.34993224,5237892457.001468,4.3006489018414555,3.9760303569843614
1554,691831000.0,818263229.4547874,810507638.2303805,808974380.5492855,0.7426719999999998,1.1399932341407704,4.389292894383443,586769721.2126274,1432753641.8704364,1.7306026591618382,1.6444371433133123
1555,3630781000.0,3861338985.6405907,3762344763.278183,3751437393.424587,11.087636,11.93998128064042,17.90666390277119,500547541.1685258,3917899759.4401584,8.620425628052024,7.4736845736193835
1556,2398833000.0,2379512195.8616204,2375964693.7587733,2376680014.137769,4.212170000000001,4.376926529220774,6.210245161556975,690351779.0891354,5035127397.422178,2.1601640353349927,2.0398757905393143
1557,1047129000.0,1159401399.6821358,1169635398.63465,1168470144.665773,1.5335100000000002,1.8405590035058317,3.6148674988591187,576674634.5759964,2615784871.1748366,1.5735046729232454,1.5283680637168984
1558,4570882000.0,5052752558.131778,4986224600.566863,4989873905.438409,0.9689420000000002,1.7020604107428448,5.240667841216825,3039517304.048739,8068379059.647451,1.920267534031575,1.803700777998329
1559,2187762000.0,2298810852.064434,2252363400.715335,2259152213.803227,5.101696999999999,5.421383817710893,7.155414601224618,551836202.7263463,4975958075.313253,2.421265073598601,2.209792831649777
1560,1000000000.0,1040510938.8762385,1022321020.4739876,1022825189.9450805,1.5687040000000003,1.7237280273065145,4.422875397310646,594995706.7291086,1910571219.5943117,1.737737112841761,1.636333821214667
1562,1659587000.0,2210547044.5532165,2233324746.298477,2230689833.230274,0.27072,0.6548316393758165,3.666813437753139,1973854588.4811902,4338465565.387257,1.5836096993711544,1.5352958878394993
1563,1819701000.0,2483255724.084296,2574994508.0527782,2580843667.1631017,2.1772403,4.677545333383531,14.156525712667008,784121758.053508,1897836701.4427495,5.558898253734339,5.439201429325023
1565,1148154000.0,1218138209.8106372,1198895328.096182,1198478454.0411522,3.563014,3.5829261291121157,4.3726690810178965,298226376.8067731,4012697438.4516387,1.7270811975882134,1.623496031660962
1566,1819701000.0,1933982371.1744235,1967523720.187614,1965061448.0327504,15.396665,15.206365711631555,15.790717811965,84066255.20936021,7334935981.03057,6.73262698567683,6.368879716322564
1567,7244360000.0,8014170178.97768,8025138289.857122,8027420586.299137,5.0587158,5.767901525458612,8.790433689496144,2138387411.380293,12733825184.024345,2.945774410871478,2.757303405294827
1570,1047129000.0,1045290691.065297,1015517546.3467653,1016361633.5503565,16.517344,15.854582014356398,15.952986824456117,18013666.93282684,9793489462.90033,6.8616828394702445,5.932422396056838
1572,1659587000.0,1694345811.9991217,1699799198.7132134,1698453358.3228452,4.862181,5.154350327661721,7.144490216464273,443636459.589617,3410500866.8924127,2.418082064937243,2.2873642304461144
1573,1995262000.0,2342483787.675264,2347539047.1761827,2346736936.0887423,0.25905684,0.4206731342668477,2.2809037651529067,2283065631.6804347,6083329123.451157,1.333672074963458,1.3014828447534441
1575,575439900.0,832879773.6893259,876963168.32476,878467607.9734101,0.1794989999999998,0.725760647916795,4.011425772598639,721393565.8724651,1544571175.4932513,1.6521993303148124,1.6470899221023618
1576,1819701000.0,2258889845.1757264,2374526047.700028,2376680014.137769,1.507089,3.7500455159208324,11.390081620976174,871879897.4500501,2073718451.9824212,4.0123468532733195,4.026602566640461
1577,3311311000.0,3568665976.254576,3488581442.266921,3498750907.988426,7.714944,7.923878319483773,9.200448007260801,534126446.2345357,9026925586.22405,3.0935336240886904,2.774337724465976
1578,1380384000.0,1381845469.0226784,1377865904.1575277,1377842537.8774333,3.9409100000000006,3.9761315561661466,5.391677296019863,394190626.72510207,3362499232.8244905,1.9558930711796543,1.8532738702516824
1579,1737801000.0,1800002344.9454808,1794724204.6732266,1798175179.3835917,11.3315311,11.054175864961547,11.691222809623852,134428578.92205778,6534817953.559524,4.157814932936327,3.821179179077142
1580,4570882000.0,4766489915.415975,4818101836.344447,4803642243.283738,0.447420000000001,0.784198340308764,4.125413266754151,4010608752.6437807,8667735065.380188,1.6754922796724274,1.6205437313312614
1581,8709636000.0,8633065337.075432,8412148219.93125,8391663994.912216,7.009347,7.286575026379699,8.892932826335505,1535391338.7963285,19335779949.06193,2.9820613281386636,2.6654994591695416
1582,1584893000.0,1656910708.5196133,1635261398.2358057,1635063822.2329838,10.452184,10.66806568350583,11.94112821237853,173563333.2709281,4183592963.2162256,4.28242197414104,3.8592121444705656
1585,3162278000.0,3195242969.2938414,3217378792.613746,3221974063.4669585,15.586082,15.945054786809,17.094338824722207,169966330.686782,8502044034.470142,7.840853374726184,7.25406703173753
1587,1445440000.0,980122821.9483236,993291564.708592,990913287.5796723,10.4200954,9.926412588349518,10.093070499860788,45006737.7223304,7045655158.001009,3.4403823185417246,3.2742848244714597
1588,3981072000.0,4386928145.266772,4264673688.332408,4258540241.5225825,3.9180299,4.221728379622844,6.109436336840192,1319883497.2878752,9152092481.221876,2.133955894728663,1.9441652438557018
1589,2511886000.0,2575698445.9938927,2563761357.1344976,2564534498.4481907,4.627207,4.419073579923486,4.6624108500199775,316414835.4631529,15340085069.09636,1.789433346368864,1.7002494139563917
1591,416869400.0,744284491.469327,811704954.4506404,814119056.7727492,0.0074299999999993,0.07199461770158985,2.672625874252234,1354971431.6914377,2343991470.102417,1.4003214854734745,1.3880495237607386
1592,2511886000.0,2295531241.8528447,2370023846.5903864,2376680014.137769,9.066349,8.534610294184148,8.64881789307821,105163563.7164423,19963857773.19401,2.8963386773579085,2.8611899902024573
1593,1000000000.0,1127884998.8868122,1138182336.3089287,1139213203.517771,2.0971171,2.8725559689267084,6.955747217881773,520229862.20630985,1578246424.358282,2.363715923033059,2.254283012795411
1594,758577600.0,763384274.1686186,778497379.7132567,778781905.4717011,15.425775,15.37339221639374,15.708565840390476,25177778.874550175,3849772108.2907157,6.6682034013066795,6.338669527762706
1595,549540900.0,642530353.5265988,659348198.658788,660440783.8586799,0.1028389999999994,0.17739765360426712,2.489374358127472,877478751.9652356,1765712681.479247,1.368767892405262,1.342702986493905
1596,1318257000.0,1383075883.1005917,1392200780.1291277,1395423054.0471246,3.077802,2.9657789047633103,3.2999810485320196,263833850.36976168,7048984508.213735,1.513526649091168,1.4721448159120591
1598,2398833000.0,2730414942.2662477,2707717336.364365,2715106811.2557054,5.6260047,6.653690988655009,10.598796937999737,674048979.3572356,3687163363.820007,3.653302520975899,3.3397404019767367
1600,1380384000.0,1431852495.4232857,1453043321.7577305,1449521994.310106,6.9521962,7.172095244406567,8.52263703087937,242842697.84077093,3520248654.347926,2.85296493792112,2.7342563807135494
1602,691831000.0,693648914.7755315,702699792.004316,703664125.8392156,1.047644,1.1471842610611693,1.7498634122028656,300669391.25871515,2715321540.912418,1.2479865377353976,1.2322234921527322
1604,758577600.0,827507904.5987759,836304170.8746264,835027024.8843527,1.028069,1.3272592125562723,4.6228163858087505,555189717.1311216,1411605788.0890157,1.780789466728554,1.719191321783005
1605,436515800.0,423390237.2521146,418858813.63182473,418414662.6756052,0.3116130000000012,0.2958923437838031,1.2208737084448165,393758022.79979694,1541307106.4811282,1.1676846145440494,1.1477101242879173
1607,478630100.0,494048345.1464364,492327904.5766221,493388319.19491804,6.0676754,5.8917808178336255,6.464953251088264,70754522.3474102,1901938859.2892535,2.227753879153363,2.0938827831080733
1608,724436000.0,750132598.122405,732774572.0776553,730944371.352268,0.7149099999999997,0.7857419027674915,2.306967491835998,539555170.4189595,1965583536.2375748,1.3380139432101656,1.2881547685139285
1609,5248075000.0,4925548295.274347,5028425445.031429,5021607031.056009,1.4093699999999991,1.5686738995013116,2.7590425778588545,2346378678.935607,13668550154.163906,1.4154339182511135,1.3963147491581163
1610,1096478000.0,1110803630.319519,1089392820.3546784,1089765215.5337527,1.7154980000000002,1.6773296926330008,2.4373101233459464,430841226.8613254,3821730475.0519614,1.3599238577540071,1.305242871147983
1611,1905461000.0,1887732098.3266582,1888800704.1332119,1891721586.8181515,1.610271,1.5170823352112703,1.7930899144751897,499235318.2962104,10693813900.434246,1.2547671289155253,1.2297306873864184
1612,1445440000.0,1432380250.470182,1439168657.125913,1440362005.635874,11.851129,11.464319568783246,11.738562290951824,68873063.49337733,8002391417.942089,4.181144777426528,3.8972051017645457
1613,14454400000.0,15849060323.12696,15863363481.610332,15818428965.221762,12.974578,14.49620417254972,18.80107358023771,1478615666.9989586,19858650009.55278,9.567458312644206,8.726100679880794
1614,398107200.0,379092439.2018825,383345698.80465955,382880068.1356072,8.162298999999999,7.696082061729486,7.815120043670026,19864036.82576134,3229399959.376303,2.62109521615846,2.505253806358391
1615,1659587000.0,2549002160.8116064,2484851834.648143,2484521632.777964,0.6651369,2.066068914848876,11.080033253576598,1313587915.5439744,2244952909.846953,3.8677534229218073,3.451521689950356
1616,7943282000.0,6544611350.087719,6501677838.944436,6512113799.908983,4.03537,4.0850906457977985,5.229292414395216,1690689079.6295443,17770957641.92703,1.9176088916598053,1.8102079974347993
1618,912010800.0,983854606.9301577,1006549350.6486784,1003556798.428088,3.910682,4.4513669438569305,7.823974102196488,330217186.1454652,1487201293.5556715,2.6238817411626307,2.5479817893900583
1620,954992600.0,1469920751.908774,1487275923.1656008,1486748195.2962885,0.5897939999999995,1.8013052618396248,7.8970582366814055,872092720.4444396,1712967499.1967537,2.6469913918667793,2.5188771470143925
1621,5495409000.0,6124011874.29754,6064696890.318492,6073475758.996015,6.105906,7.933207439829619,14.183909655140233,1309842788.2625837,6106077986.05911,5.576802260011132,5.028388874344606
1622,758577600.0,932417088.1902839,927563094.2884164,930045350.2650776,0.1724040000000002,0.3540447695392187,3.014075608170672,1028222581.3702348,2135913139.2139645,1.4609204862136318,1.411514476416146
1623,7943282000.0,8788944552.732029,8831022257.197943,8828223251.275112,11.029489,12.56472510835235,21.190361779524633,1018663316.8241153,6803012084.269133,12.632003217837875,11.576600130739225
1624,1047129000.0,1018587577.1100938,1025462581.8267143,1022825189.9450805,0.3947780000000005,0.410634589359177,1.1977325034250443,788484568.1920981,3816509087.590873,1.164282143504681,1.1502046447854426
1625,7943282000.0,7634475862.372286,8026511577.871147,8027420586.299137,7.60149,8.446029673338467,10.506682631549491,1262077909.8104227,14881709894.245264,3.6135916607877916,3.6666764388534476
1628,2398833000.0,2322923079.1183615,2328641687.503401,2331907161.969857,6.1416237,6.167930316167732,7.087595594904493,391138266.78600794,7005319363.91394,2.4015693943085052,2.2701374171115294
1629,288403200.0,284653106.638865,288693042.23651403,287853086.47487336,5.409082799999999,5.129864425422742,5.428449556769297,34100615.61360876,1527752137.1270118,1.964662413231614,1.9059091383459057
1630,1047129000.0,1022051042.885175,1037200075.6458201,1035875879.1902375,0.628895,0.6475535441761677,2.0466057800845676,780775966.1101347,2840079404.8541336,1.2952206319507304,1.2747204728094859
1632,1148154000.0,1139215779.7375627,1162311021.0227861,1161086211.6634932,9.270067,9.315112053358233,10.352677126442751,130649311.06879115,3210042108.62519,3.5481326991713242,3.4143947668028582
1633,1148154000.0,1205831032.8573577,1172072979.4565127,1168470144.665773,1.572026,1.6371101444852414,2.648168197004523,529282773.6207836,3613878522.7861776,1.3960715886322288,1.3281679184903084
1634,660693400.0,656405345.8884132,661046863.5152231,660440783.8586799,5.483304,5.4218201393711185,7.023373688520428,153323565.19978228,1482548803.490659,2.3830595997675426,2.269000149743131
1635,3981072000.0,4030501736.152899,4102891430.551453,4099603354.025916,3.2141806,3.443387321140463,4.594263455749338,1179582357.0814364,10967366657.552118,1.7745804753515015,1.7343180859364147
1636,630957300.0,608244478.5828998,603931774.0510572,604351699.1167054,7.582611,7.164466853737536,7.330585350749825,40389397.27414814,4382117232.72125,2.472854670018263,2.2989364720803698
1637,2398833000.0,2442645948.04719,2397518858.9571676,2391794521.412046,4.391573500000001,4.508709018599168,6.847985810800036,745540883.2447517,4526562457.665901,2.3332016837082605,2.1416416979569686
1638,1584893000.0,1625136948.83908,1613939397.5302312,1614464143.962029,0.9705570000000004,0.9683226477176148,1.4755913069501079,716152638.9969339,6960418220.784779,1.2057411564227658,1.1812570876357902
1639,4786301000.0,4837722186.188055,4814955304.036588,4803642243.283738,9.9782,9.996385601461757,11.503630990451919,587835951.4133537,11162025000.35347,4.0666061072677895,3.727624732622213
1640,1584893000.0,1735707393.7774336,1730187316.7120988,1731063833.7167473,7.628391000000001,8.349786914674569,10.96102930835685,311558840.3970764,2962714059.132986,3.813611396834375,3.5122656091448254
1641,1819701000.0,1799553628.5279841,1760700680.7003489,1764300433.5197732,8.7462649,8.294880787325198,8.511552086790884,116180489.04587844,11334979110.010557,2.849184592817494,2.5672042939115887
1642,549540900.0,550412248.0723908,551608633.5414163,553026077.6617955,10.190918,9.893474702559459,10.250020999490602,36499902.88253101,2691919809.2936177,3.5051396705948155,3.2673989818942624
1645,2187762000.0,2181079343.8154807,2158504974.0285306,2161092841.61788,5.356254,4.972088152639664,5.079703698698417,164109791.14677787,19562123387.655155,1.8829693380243144,1.7694143237803297
1646,2089296000.0,2063934943.948185,2033040780.059891,2028345339.628166,5.165339,4.865055140799607,5.549806685536593,376734839.4428802,7271147166.335143,1.9938681666956963,1.8553445463886589
1647,1445440000.0,1610873960.8763041,1632841948.2608879,1635063822.2329838,7.0110763,8.540540487683511,12.271025998793686,305542311.4366655,2229648589.8855844,4.452501698685562,4.209747113847641
1653,478630100.0,609659464.3030411,607060903.1781005,608195076.4742733,0.0864799999999998,0.23072889448188272,2.787227214001901,773855123.8049191,1531924865.989025,1.4203954131763115,1.3762308922962156
1654,1202264000.0,1220632543.1896465,1216870839.387463,1213770382.7348003,2.4737435000000003,2.4187695799948967,3.381507375904622,419606057.2670991,3681439321.063011,1.5288473934812838,1.4715738880086358
1656,4786301000.0,5274589318.532887,5322661370.11569,5316442208.798445,2.3327455,2.887282614828658,5.057520213302084,2141111929.2803664,10416147109.12394,1.8778830180045685,1.8095008841464968
1657,1000000000.0,1000959915.3375322,986676019.3092462,984651392.6053253,8.0512338,7.621044482789024,7.769970961707441,59116370.7549409,7618308605.856919,2.60693010875887,2.3888421809771856
1658,3981072000.0,3852436722.5274477,3909583462.458331,3921658491.0598235,7.4328268,7.216663842659635,8.253782542425016,585524041.6355536,10887932792.16423,2.762623229042146,2.6507582789270048
1659,3801894000.0,4583552505.290637,4587096834.700331,4595138301.096298,2.018521,3.418788288832113,9.012260270254867,1929829214.903169,5225406892.48977,3.024848813552531,2.825607656015972
1660,1584893000.0,2023649156.2551744,2038833222.1576192,2041244610.9680977,0.378034,0.8083048013510341,3.0014006661912465,1573325774.9550302,4470752395.615352,1.4586281616456365,1.4193988681679641
1661,1659587000.0,1608484708.096904,1644475095.77557,1645462017.9884243,5.4395963400000005,5.8398604574166235,12.249446670184101,457654585.7772179,1604689336.327042,4.441177876516834,4.258548602148439
1663,4570882000.0,3959549895.058738,3882681255.561041,3872250692.9629493,1.3142699999999987,1.2236219623773308,1.6617723963406792,1450670095.761811,18012569524.887104,1.2342724299533798,1.1979471132519266
1664,954992600.0,879680845.3794532,886734536.9255234,884054226.690254,1.63929,1.5379150361671625,1.8120147345813744,230095984.1853767,4998974806.899146,1.2577463494014705,1.2383364557669985
1665,575439900.0,802080007.9042212,831226940.4755951,829750224.5869838,0.0412600000000002,0.1685839571177171,3.783912283585366,1151507485.9133615,1852072582.803153,1.6066117857523565,1.567793823437906
1667,2290868000.0,2088992825.0821812,2078273526.5015895,2080436712.9076102,3.0859739999999998,3.0339045592931524,3.543594302415354,475187255.2800543,8613319263.220627,1.5597378989083288,1.4956183023692522
1668,602559600.0,642657395.0333734,646596896.6549782,647999135.2541275,1.321881999999999,1.4266069405310682,2.5522025605655947,315627226.1884669,1843334585.5907896,1.3795112043893203,1.3474828890819002
1670,4570882000.0,4491293256.820506,4723063586.263762,4713149302.396993,7.508019,7.634102872433399,9.647133387268399,821735847.963952,8886876521.432621,3.2626486953492617,3.3151116059382306
1671,1737801000.0,1594790757.2684612,1612602936.6207569,1614464143.962029,0.8674840000000001,0.9943046214524918,2.629597577780138,1052809333.5940559,3945425137.213133,1.3928526418558371,1.3632261663456715
1672,2187762000.0,2083273558.0315828,2110095115.2767818,2106981945.9555283,6.350426,6.11837054233837,6.796074083347431,310352284.87360895,7356952700.811584,2.318636672997581,2.2307336158137216
1673,6025596000.0,6257618562.509675,6062707124.099182,6073475758.996015,10.080302,10.414830029237095,12.273210093659895,776571058.242215,12872659905.195711,4.453649378081968,3.87530662143641
1675,1380384000.0,1402609259.348381,1401598340.1569066,1404297253.2559485,6.740193,6.442728257205104,6.684184897309842,123812166.91465744,8370805491.180416,2.28753807750844,2.156360290656581
1676,912010800.0,878590569.0391035,880951330.326644,878467607.9734101,6.416915,6.031732140821048,6.201409239335522,69636138.24839652,6265447298.769428,2.1578547029461568,2.050375987134398
1677,3019952000.0,3091237170.1994047,3081476139.766852,3082123037.9669175,0.7882659999999992,0.817332228661712,1.577388991906902,1737469946.3726044,11073468852.075506,1.2212653152790967,1.1973917828178982
1678,2630268000.0,1917575260.4798002,1918346687.5131516,1915858918.2122333,3.257136,3.0299501805046813,3.1944869849694753,257844395.82523972,13930275396.542583,1.493914030838718,1.445117362705009
1679,602559600.0,647125549.6790028,638214712.2230743,639835188.6701574,6.536770000000001,6.544617244880934,7.718235581253171,113724401.73916043,1716349624.7098088,2.590788878372239,2.3782281502520077
1680,5011872000.0,5095266742.983172,5144459993.05426,5150570477.86503,2.5676803,2.6445413752364466,3.5030686260948327,1583038914.2029593,16224628971.75355,1.5519603917032008,1.5114844374923446
1681,2754229000.0,2868361441.0758505,2821129498.916852,2820368366.712834,9.1959909,8.762444641737185,8.968541363967818,169828344.20244923,18527362067.94566,3.00910416497447,2.7285530200519057
1682,1148154000.0,1251650719.440035,1247877951.8359985,1244942079.6087525,3.905522,4.554898584368111,6.884053283231735,378617471.98174644,2323942788.326479,2.3433726023761103,2.199354987991196
1685,9120108000.0,10312922698.037151,10479794729.071472,10476312100.940588,2.108547,2.76619584718918,5.2382862316278365,4446729543.848458,19065833218.035748,1.9197106207093544,1.8631105074381744
1686,5754399000.0,3949489398.355199,3937157167.173132,3946598295.929558,15.835738,15.731853932947983,16.36157073401274,166809034.33357844,14410020558.364784,7.19751974740728,6.537776073074499
1687,1445440000.0,1464102578.6902425,1446797810.0100076,1449521994.310106,2.9170961,2.780541427349499,3.340793059229677,367959871.52927876,5766970037.061859,1.5211782256431894,1.45172575739985
1688,1445440000.0,1480741269.9701939,1464840544.784215,1468017101.0866446,8.364562,8.350705194590674,9.671673226116091,212030141.02366084,3675339745.4842067,3.272193899024149,2.9881762314062463
1689,3162278000.0,3191826200.0292234,3253226922.6115904,3263084687.9134693,6.370827,7.132790066947802,10.522830438860769,717853413.191171,4705478514.990478,3.620522640558984,3.4718154745695444
1690,2754229000.0,2570385395.158229,2560379668.86975,2564534498.4481907,9.813367,9.421044570423694,9.765541892021508,178250890.74646857,12794833621.041922,3.30895566114941,3.056778371064267
1692,2511886000.0,2529645112.6345515,2483260274.4525166,2484521632.777964,9.86549,9.977679204578727,12.347012129268007,358148257.0991626,4546831408.864052,4.492600357845489,4.004490091258257
1693,4168694000.0,4245261301.37365,4077656935.449314,4073696661.723814,9.57293,9.80633622847646,12.663236463118244,646363786.1399028,6857278934.922089,4.663294520403535,3.9901902132256186
1695,912010800.0,1149443365.9829059,1181647222.1302743,1183379183.7666728,1.61831,3.0207436033005237,8.189312058017702,521913565.0008638,1392852207.2967587,2.741372076979845,2.670172434271424
1696,2398833000.0,2497421115.3284745,2474895716.660748,2468821153.512065,2.401602,2.4131319010616865,3.041204872045919,721964963.0308824,9322896133.360605,1.465838201505528,1.4074597480273068
1697,5495409000.0,5445816019.352377,5358990051.889234,5350252147.014848,18.4716315,18.377776777684552,19.79235453107507,236162769.88050008,12956113583.119123,10.73752687185815,9.4587821517252
1699,870963600.0,860610984.2911428,855549280.130821,856471945.3334788,2.4205899000000004,2.2509200665206537,2.4406376512184123,150654677.5985129,5836591671.775665,1.3604875130378908,1.3179802419432984
1700,630957300.0,663057006.7440428,683482870.2158757,681709972.6734855,1.0221999999999998,1.3191306917946477,3.339777659405746,405259979.685734,1443017339.3261108,1.5209874185411458,1.5051532198105644
1701,2187762000.0,2171152964.2197046,2136345475.5709476,2133865881.6389143,6.970599000000001,6.726584625923941,7.311703793181059,277117086.91701,8260469285.039255,2.4672436952627024,2.2615579573228675
1702,630957300.0,658128281.3650788,670446417.7755591,668867646.5520306,1.6847510000000003,1.7902893018623902,2.463625032396623,234184805.99144843,2396257982.9967947,1.364387286457129,1.3474103296282682
1703,1905461000.0,2058563745.300108,2039628817.1073792,2041244610.9680977,5.085202,5.3378937707460326,6.668140801794218,455603753.1427558,5132023146.266821,2.283111514742523,2.125342438271654
1705,1202264000.0,1278964167.1903436,1316608389.9641576,1318036751.7028618,2.9752148000000003,2.889301516718834,3.341664439255945,285047285.93601555,5603442768.916973,1.5213419872994542,1.5146562544847972
1706,4168694000.0,4340233786.8896055,4259334242.220412,4258540241.5225825,0.78081664,0.9064559409676367,2.976214241061113,3171268476.2565727,9715579635.464834,1.454082990529734,1.3919531275620636
1708,3162278000.0,2921703834.618732,2908538508.261174,2911197020.522554,1.0838390000000002,1.278927382308308,3.241895478204307,1799287749.1241212,6467483290.91767,1.5026983769044266,1.447455983656032
1709,1318257000.0,1322240706.9294024,1378764037.5365598,1377842537.8774333,2.9878989,2.92148957826271,3.613553650407285,352253569.33851147,4678818336.4593,1.5732498731797921,1.5869253485213717
1710,2290868000.0,2614081856.276202,2613804499.8859377,2613773818.8855925,0.5267549999999999,0.8095356257578419,2.9156277363388208,2013484722.0940063,5883109348.929159,1.4432033132822757,1.3987918873254412
1711,3019952000.0,2961325626.5194025,3012035424.863095,3004950768.9583006,2.544487,2.5763492923693065,3.228351093815159,834629796.1400344,10831400462.160105,1.5001838362449993,1.4746859291231025
1712,4786301000.0,3085158623.222491,3109128133.4324994,3101723813.334429,6.158099999999999,6.514040088537437,8.689969695486091,676345118.3314656,5871099457.845358,2.91062110857201,2.7545979152363556
1713,2187762000.0,2120738751.5293696,2095736587.573371,2093667259.570966,5.386876999999999,5.2818649395998545,6.087147123252182,387454514.65867066,6866251740.3853035,2.128202122904993,1.98102039461914
1714,1258925000.0,1260214000.1387773,1267896000.8580701,1268845092.81484,7.830344,7.585379693128385,8.009464301083492,123064966.33415411,5647902450.703789,2.682916577426936,2.5402923394488046
1716,1047129000.0,1025091061.3337904,1023436474.6027864,1022825189.9450805,1.178636,1.0900352947739962,1.4922656880178944,384933304.23789555,4879543601.993308,1.208271557696831,1.186469237718417
1717,436515800.0,533545610.7406572,533110904.3732033,532386084.02476704,0.0199709999999999,0.04210359857522804,1.5679858023488507,1061649857.8183455,2279012955.375023,1.2198236887497382,1.1977221077135431
1718,4168694000.0,4163459307.5314465,4154551116.7787685,4151912047.561972,3.12857,3.176558190403357,4.588484006399295,1387164329.3841934,10229753314.060448,1.773326184252968,1.6917396153636535
1719,1000000000.0,977595473.5465974,973496180.2217616,972246065.2897124,5.57499,5.524750285401323,6.821897889141322,208124595.81553358,2467772983.1202855,2.325871245774549,2.1793865135355297
1721,1513561000.0,1625065009.7877994,1636439494.0123723,1635063822.2329838,2.803187,3.2740786094454952,5.038264447144861,571935248.7256842,3552735342.055111,1.8734784969307148,1.8014881066390567
1722,630957300.0,604786095.9209011,634324417.1530458,635791867.4203938,0.6898466,1.2402049558491377,2.7668273877482314,352351345.92022794,1514605406.0750568,1.416802711827776,1.4244508507171076
1723,1380384000.0,1546145789.5002036,1597468796.9568965,1594123994.8538487,1.1008160000000005,1.5208861288077373,6.105619407997268,1000993427.4721272,2175435320.575687,2.132969538833886,2.0925832430192193
1724,1659587000.0,1676311017.996232,1699913070.8161297,1698453358.3228452,10.943312,10.877888426758489,11.62370710017655,137146519.66577542,5608494211.496885,4.124761059471767,3.9123793484641176
1725,575439900.0,569692749.3330402,566479044.8037198,567228732.0530015,1.259509,1.1650495348595706,1.4060739878681903,164097103.53152686,3467945268.0155115,1.1952438230327187,1.1723540810525437
1728,575439900.0,589549381.7312796,582735019.0882573,581796134.8709162,5.378071899999999,5.039762241822084,5.217268479243177,55938978.141400546,4112381153.3843203,1.9148024639102754,1.7943836030085052
1729,794328200.0,893851348.6335851,893314832.3121947,895334274.4460444,0.9590009999999998,1.2659581218821547,3.403221637856479,564973599.9452039,1900660486.3219368,1.5329523314120932,1.4789679413060681
1730,630957300.0,630401173.5169401,627830359.0677614,627781716.5393945,3.398172,3.3847166521320524,4.484454885048545,183476993.25369552,1756752102.0110567,1.7508912819864642,1.6677158239114078
1731,3981072000.0,4615559485.169806,4543148221.598407,4537245533.042846,2.8656629999999987,4.1959068826545485,9.53536408114961,1697154344.8972816,5320534827.267828,3.2195135593742354,2.924622378582345
1734,8317638000.0,8249768276.990895,8201733256.533892,8181547869.349436,3.2929629999999985,3.4435913796959623,5.64374816807465,2999673718.703497,16011765415.23341,2.0167579447343114,1.900817396137859
1736,954992600.0,826818422.9738542,830631969.3115969,829750224.5869838,9.945128,9.486467852262168,9.636708289706,38206257.69663429,6262949604.220613,3.258601824174745,3.0576925351735618
1737,831763800.0,856146685.4913088,891308551.9814473,889676373.53404,3.8454147,3.725668882709343,4.426972107530169,193832704.66061625,2993189502.7197337,1.738609329989239,1.7507566209656074
1738,436515800.0,439155501.38312906,439411703.7768337,440181834.7286994,0.9701689999999998,0.9083524566458051,1.293468123418669,177964014.5983447,2149359997.2902713,1.1784172456679005,1.160875315252011
1739,1096478000.0,1005525716.3332019,907050670.9263377,906758249.4333644,9.381491999999998,8.786282364155824,8.834379957063172,29083036.800817806,13496727513.392374,2.9612799183062912,2.3242948898258926
1740,4786301000.0,4744456574.753453,4641722297.375296,4653769749.163554,5.745210999999999,5.601027394437365,6.4274862301060045,833129340.066876,15143434277.042494,2.217686795652326,2.028974720371405
1741,2089296000.0,2997386534.289104,2908685795.452339,2911197020.522554,1.1753939999999998,2.664157316323495,13.625857495598568,1264644556.155517,2185476291.6537576,5.222856390682515,4.573517731866758
1743,9549926000.0,10306596680.638264,10009740884.046532,10021583738.168324,3.3400810000000005,3.793770061375994,6.108117327894672,3556644781.4712267,19369760009.298424,2.1336149925579955,1.94337087690713
1744,1819701000.0,1741877551.68786,1807601030.4700227,1809610682.5508513,2.434629000000001,2.209894987939877,2.401037873635885,309577207.445338,11771462215.088531,1.3537936288465984,1.3610138933301132
1745,1148154000.0,1157420021.2488718,1173959194.9420745,1175901035.8232994,8.119429,8.02160124547575,8.953137672599507,150661801.64055297,3456123926.930751,3.0035756304648777,2.872585044501518
1746,10000000000.0,10624318567.549156,10438447262.56793,10410108965.997465,8.877104,9.713876301691965,13.993403499628434,1771054438.9935207,13465676730.549694,5.453408348820995,4.8459165553191745
1747,6309573000.0,6636336115.342693,6686061185.895125,6679356006.7274065,11.667315,12.375592351163434,15.745366175214636,764474743.5527859,9686558152.212452,6.696986899780758,6.215841407081408
1749,436515800.0,440824153.79743147,453287537.5255613,454357686.3485709,0.5635940000000002,0.574491572411731,1.25533690192172,280195580.39351696,1705127874.1649125,1.1727685994432622,1.1675182395133463
1751,1047129000.0,1085256233.1418867,1088026784.1107497,1089765215.5337527,3.773153,3.9143046550204987,6.132137205650703,362028783.6399109,2083705133.0143,2.139831128135988,2.0329007845126426
1754,1584893000.0,1745986111.7024176,1769886639.6883767,1764300433.5197732,0.7608250000000001,1.1672520954665913,3.5988810824472184,1179711403.4388947,3517221104.5951133,1.57040698201821,1.5295675986588315
1755,1047129000.0,1148513484.4630523,1170438381.3765056,1168470144.665773,0.4520149999999998,0.665636195407844,2.055811359718688,865548408.2400991,3190746934.070732,1.2967118967674112,1.2788752888696058
1757,1819701000.0,2121934733.7582922,2119284375.2783985,2120381307.148242,0.7569140000000001,1.1973107381926231,7.157847271914393,1511248556.478794,2662379854.5898213,2.421974419484741,2.2767279050596985
1758,1148154000.0,1152490950.8379579,1144624609.5206625,1146458035.0260499,10.053573,10.261230540507098,11.61523469743068,130102724.9964613,2816447879.5568514,4.120631313501663,3.760956193116328
1759,3019952000.0,3057979657.123477,3032923616.796163,3024060766.9328246,7.634943,8.223405233990752,13.676065078287518,629704011.6550704,3337018955.9006395,5.2537779342138045,4.756072487509018
1761,912010800.0,978276249.9820927,980321677.90226,978429068.5290188,8.836091999999999,9.082508499214661,10.509886344081817,130997063.85507569,2327003156.368,3.614965737409162,3.3660357395383236
1762,602559600.0,574863694.90639,566093421.0191306,567228732.0530015,8.0999125,8.016050156362226,9.298762140402419,85131402.95352854,1450177751.156129,3.1300125220693364,2.8408743026086576
1763,1148154000.0,1201405416.9064105,1217003076.2155912,1213770382.7348003,3.011124000000001,3.729278815341357,6.534173891855462,440286932.3447898,2035238881.4723542,2.2464675129503933,2.159944290184564
1764,2398833000.0,2414379174.5796056,2333196135.3786135,2331907161.969857,6.390115,6.262916946008577,7.032065996441103,371762882.1768842,7985793651.959656,2.385556862846986,2.131401497643341
1766,1584893000.0,1516991385.4252517,1507300892.6960514,1505718288.009445,11.276294,10.644865481562624,10.851559461310947,70564287.89024743,9780881737.706644,3.764457801650765,3.447352367797787
1768,1258925000.0,1227628409.466436,1206210395.8323903,1206100183.177559,5.7184057,5.603093975377914,6.394030400036298,211536147.8415418,4008174895.128071,2.208734113264453,2.0340289789136365
1769,660693400.0,642265099.6130654,631704931.2540237,631774097.198486,3.3451489999999997,3.2699737878233264,3.866548413082999,148737818.453356,2443114618.5891013,1.6230319049879833,1.5324355015615092
1771,1258925000.0,1240109629.1261377,1226374320.7844849,1229257428.0635364,11.790951,11.23776526474918,11.438214786388672,52775252.3595963,8119988606.575366,4.035260571746345,3.6556303069651492
1772,6606934000.0,6544699643.297791,6387632127.783129,6389435986.013316,8.200444000000001,8.313695921564134,9.822945234873417,989818139.6516463,15125704032.806217,3.3316330650984933,2.970105631700976
1773,870963600.0,1009446007.4320617,1007123361.1226739,1009938922.4160724,0.3005919999999999,0.49906203910138885,1.964206874822825,869803926.5405339,2836001500.6734314,1.281942512531494,1.2525459996845119
1774,1258925000.0,1307425826.053097,1284961314.5654283,1285034861.281002,0.2352324,0.2527993130910358,1.2064834177306096,1303066392.845505,4801057880.825997,1.1655677321589104,1.1442785590212257
1775,1905461000.0,1575314996.349242,1564770643.830398,1564093247.1156824,3.865875,3.6092836775060047,3.750148114026317,173572665.5571251,12357946397.56639,1.5999475394521823,1.5282458856292425
1776,4365158000.0,4295451367.802133,4263705724.934292,4258540241.5225825,4.070186,3.84938590982612,4.402927539955245,856639631.2429774,16921620546.137924,1.7334959533331236,1.645203583922533
1781,6606934000.0,7195171777.269425,7105575269.605993,7116494499.601434,5.100518999999999,6.1790993315290565,13.708478444934807,1919976098.582263,6386358523.127959,5.273835635790434,4.739298840989076
1782,501187200.0,476653431.43945146,480893651.6905386,481034530.71029544,2.840536,2.681895562442491,2.949156684016918,87635686.45348279,2719855445.150922,1.4492148151565616,1.416310850195697
1783,1584893000.0,1331091657.4895422,1332939872.5260289,1334854178.7952604,6.502664000000001,6.147019710465513,6.372026608878942,118750000.7227751,8233482774.742169,2.202864733110297,2.0869974523834607
1784,4365158000.0,4467464876.478799,4362860031.730225,4367906829.653669,5.239464,5.630147064030563,8.25303100439754,1175950319.2742941,7699618783.445871,2.7623745927715593,2.4912589466820787
1786,3311311000.0,3175092436.921571,3077044782.58313,3082123037.9669175,9.211555999999998,8.763611415861234,9.06616286702393,225756397.1093581,16886462244.450048,3.044370356783135,2.6900141358522536
1787,1995262000.0,2034746979.3993673,2071511782.7027373,2067289774.2599077,13.430364,13.253622988845773,13.973040349872845,122485824.17807077,6931055090.130345,5.440378201244191,5.170717235204867
1788,2398833000.0,2573322602.6242995,2552985757.091097,2548328392.5369496,3.631464,3.8794479735784377,5.731329177885271,818375706.7130777,5442400008.602636,2.0383220729469707,1.914261564950374
1789,1148154000.0,1156715221.7543094,1158239077.762565,1161086211.6634932,1.8539258,1.813111440426014,2.3548544289076645,372829118.08150184,4684177708.949158,1.346025304937748,1.3127346616740265
1790,724436000.0,607820449.431389,604862536.4507241,604351699.1167054,10.0085094,9.529186438320034,9.668150332353353,26890217.262914214,4788593059.783254,3.270821948903484,3.0174428275667093
1792,724436000.0,1379253482.3060818,1384339565.857432,1386604933.7143471,0.0105214999999999,0.12319536661782321,2.178593842285673,2080669354.4158204,4254249805.756315,1.3167540020776385,1.2862227849700743
1795,1047129000.0,1084897467.0807867,1078200777.5450172,1076035590.7168968,12.781731,12.452861419890302,12.746297000824791,47708240.11056032,5855692451.599372,4.7091697143375075,4.287812162315569
1796,3801894000.0,4100814031.448325,4001726372.8091645,3996954728.7217617,0.8314880000000002,1.0408639752137303,3.634515682237413,2954495496.3561664,8113875440.868016,1.5773197231369065,1.4926992936795263
1797,954992600.0,962958615.6033039,950224150.42465,947902314.5799379,5.672562,5.76537226710472,7.033539344247184,195843182.19974083,2457679610.599846,2.385980397157585,2.2020229121089048
1799,1995262000.0,1892796279.451238,1910497520.1356196,1915858918.2122333,11.676932,11.548682407001413,13.286615520880929,199416239.28212363,4035303872.47272,5.018545181227682,4.698501142109209
1800,1584893000.0,1708628361.4787672,1688404472.9800045,1687720293.5007737,9.130643,9.605164869149613,11.76265915602835,246554571.722024,3239190642.986871,4.193069118919519,3.7904784810363568
1801,1905461000.0,2007043339.0171502,2057696282.1326573,2054225915.2823215,2.427684,3.277870226970037,8.235140960948634,866351441.427876,2475001532.1911254,2.7564622588458283,2.6756095830950484
1802,1905461000.0,1777393731.538092,1812583222.6169186,1809610682.5508513,5.356680000000001,5.4978867177274315,6.382777382027983,326398038.3435467,5477863907.412676,2.2057305801643974,2.1475362274317558
1803,4365158000.0,4549884097.644319,4418712733.870846,4423638928.594925,9.578577,9.70913069775226,11.318358989945608,587217225.0160155,10135389068.127123,3.978438113822406,3.4904616699962916
1804,1737801000.0,1935905202.9669106,1884748091.1806307,1879767198.8350275,0.6762733000000001,0.8208371147942649,2.0135737274500656,1269614457.4388998,5641298793.50985,1.2898825714109663,1.2440328582494937
1805,2630268000.0,2653177423.98508,2613395044.9121246,2613773818.8855925,7.066541,6.8667814554659214,7.421721598351012,324092030.0693569,10370440726.007076,2.5001095323498,2.293811601922277
1806,1258925000.0,1269063263.9866714,1282521623.8982627,1285034861.281002,3.5755240000000006,3.5687464539716975,4.333505669316071,307406869.4568369,4249669694.0770335,1.718811713071887,1.6679483138512758
1808,5248075000.0,5121615159.435633,5023236379.366956,5021607031.056009,6.795221,6.580579034453047,7.170232498997118,670044352.0715567,19412598876.65878,2.4255889274691054,2.2142673157914468
1809,2884032000.0,2788244329.8632007,2849240563.159595,2856354722.4192443,9.390787,9.799175736557252,14.196394079339733,461420024.76260495,3473514848.0806513,5.584983503743324,5.338959470421735
1813,3019952000.0,2932061926.937079,2922244053.4341645,2929710791.110853,1.7784819999999997,1.6551135911869463,2.199986337027329,998336717.9106002,11874449664.535736,1.3202750280756193,1.2851856241600081
1814,1995262000.0,2317472066.7379584,2279651333.193498,2273519302.500952,5.426248,7.032661776323954,14.670873923499972,548843904.5097731,2018170081.206411,5.904796898229889,5.254094793939858
1817,6606934000.0,7865042840.746436,7681437712.006561,7678987303.162783,0.5937670000000002,1.074076620299639,3.3830697569563832,5459593460.986046,16396898421.63675,1.5291424088057113,1.451534064296672
1821,2630268000.0,2348079218.9013453,2294580660.9275107,2287977758.7640886,13.067484999999998,12.557580314178551,12.783448007468506,89975376.5066034,14471946120.900913,4.72983101824261,4.171419190572657
1822,10471290000.0,9550933692.047665,9363424858.168137,9346557472.83853,1.555492000000001,2.0729207080150927,4.83750281518399,4982186977.133477,17027972146.362654,1.8281336698834378,1.7096729692763573
1823,1995262000.0,1975749992.4991274,2003299753.3833802,2002790825.5776494,4.654648999999999,4.80607877630543,5.91381858114587,444489060.04445,5433643821.199236,2.0839591179652635,2.0149708077745885
1825,3162278000.0,3038862696.331191,3146262245.78048,3141300110.447641,7.647508,7.690956476735288,11.100544505483397,634192741.522926,4453293177.591384,3.8771603959080827,3.8182382823420067
1826,2754229000.0,2728837510.0561595,2613218982.293215,2613773818.8855925,16.752401369999998,16.175284341098465,16.430918595413807,71988402.21895522,15792462136.515453,7.2561051802373955,6.093974495024615
1827,4570882000.0,4474619719.560043,4434260338.105184,4423638928.594925,5.987990999999999,5.630268714991072,6.0372169274649865,571349722.7842493,20517978079.053905,2.1153665235767543,1.9772998949327003
1828,5011872000.0,4775612374.833385,4967425099.989759,4958341311.494261,7.235794,6.826553799926357,7.380350966769397,586198964.1600077,18686960766.12181,2.4877019387723545,2.4943000144799985
1831,457088200.0,463343691.6002561,484107718.2412694,484093671.97893476,1.4371829999999992,1.532815089260747,2.6356259567450535,217510414.0971001,1336247467.0613947,1.3938968193454262,1.401693976751111
1832,1047129000.0,1064175126.0037048,1074926600.3757868,1076035590.7168968,1.5485720000000005,1.445204389433763,1.6067344854668106,225203865.2462225,7855435645.33272,1.225774394809228,1.2104775845953426
1833,1445440000.0,1432134199.230529,1406702757.8397107,1404297253.2559485,5.335174,4.950029044155374,5.095411956039635,125241800.91737212,11044781036.050234,1.8865788554404683,1.7547840813989908
1834,3311311000.0,4229976623.896796,4286073337.8816075,4285622447.404508,1.1805838999999998,2.323532945981869,10.623536887096716,2105641418.2310228,3885411775.8975596,3.6640399542438518,3.4640984543562108
1835,1318257000.0,1253328449.76877,1276668276.7629793,1276914318.9080458,7.280637,8.32547634380386,9.523603531503431,173396651.79011574,3276770566.114879,3.2150070007328355,3.0917964834959872
1836,1995262000.0,2031959809.074471,2026507246.9325118,2028345339.628166,5.1973656,5.174567394617475,6.324477485915462,436630459.50479823,5471615914.295046,2.1902319558404857,2.0630761933736417
1837,7585776000.0,7487565669.753604,7763061068.842084,7776966975.541075,4.200039,4.747352740966397,6.672676525310141,2072615572.2719312,15387685351.428225,2.2843620910457463,2.2745443472788467
1838,4786301000.0,5449320116.2345295,5278438746.201044,5282845926.292238,7.407867299999999,8.687412640419387,13.370662964267721,1046179675.6643348,6548011444.692088,5.068422298793348,4.397192060138768
1839,1000000000.0,1070281106.2739089,1043966687.0918043,1042463536.5181675,12.859,13.465293478497761,16.157752266071576,102436221.6178277,1780979626.1134632,7.028015823899325,6.123659365782264
1840,1513561000.0,1453086862.9815187,1433698073.3608887,1431259901.8318553,6.053440999999999,5.698525427951688,5.913369197176209,135866262.59838802,9202739553.342337,2.0838455540245273,1.9369838017768133
1841,1445440000.0,4084090131.188759,4004891811.924026,3996954728.7217617,0.0051179999999995,0.28590708441543444,3.9986611090313264,4965797634.320441,8397629820.774137,1.6496098967835418,1.569916987309133
1842,1659587000.0,1522692726.3014455,1464593528.157105,1468017101.0866446,1.9365560000000004,1.792786467175382,2.037025813033336,345193969.83341795,9135197917.306828,1.2936703952623165,1.231373147158415
1843,575439900.0,569742249.1312462,551302696.4134552,553026077.6617955,7.864715,7.582421543715949,7.949920328897109,52084203.65760863,2746580266.054208,2.6638283125484543,2.365716764829759
1844,1445440000.0,1549594923.8077183,1571342912.7277298,1574040105.1784217,0.5549572,0.8009513313617654,7.652994614850192,1264852977.1412747,1916689714.8396308,2.570570545383302,2.447476026382807
1845,2398833000.0,2534362294.269793,2457259671.4257827,2453219890.5483713,3.418059,3.7524074747929044,7.294704854283337,968294016.9383374,3765557321.5666604,2.4622025956187237,2.2179635669058486
1846,1047129000.0,1051998464.0254065,1047188235.4334362,1049093088.0825957,8.718324,8.506544648407809,9.293896443722536,119508387.77526455,3427289553.986583,3.1281974048112646,2.8922187091908347
1847,794328200.0,749317618.1947875,757857130.1742611,759282240.4785217,6.113113,6.077738838593402,6.640770177517314,103487680.8686643,2910248470.348647,2.275578811804527,2.185956526423476
1848,1202264000.0,1301712663.3854887,1303120672.7318418,1301431202.3260171,1.093973,1.5631063492044464,5.338370214991714,821882388.1809295,2028181530.9086895,1.943246291429698,1.850946427774884
1849,870963600.0,786788187.8175523,780284557.0788774,778781905.4717011,6.281647,5.906767197132114,6.063367599848987,61146655.115442306,5842178192.069557,2.122079897243247,1.985173524312207
1852,1445440000.0,1606672273.6190925,1602830460.894552,1604261833.5923374,4.004851,4.773059119347018,9.509244772639132,535124261.9801714,1976683775.7090356,3.2095130932349463,2.9771535003609437
1855,1905461000.0,1965404987.573631,1973805091.360483,1977558265.1785233,1.8494437,1.9603473737499137,5.552728365009319,1103086865.9118192,3065857246.9814763,1.9945763393149094,1.9040346061056947
1856,1258925000.0,1213489714.7922337,1250908486.8320527,1252859294.3816156,8.506901,8.655023701350286,11.533655004860721,214605275.84153306,1956895952.3842509,4.081071968993915,3.9864063695461236
1859,870963600.0,922366334.308669,901666362.9643806,901028156.804429,6.335090999999999,6.546918888084299,7.223890911791453,128879874.15222424,3256781292.8440857,2.441308284627415,2.216475386691706
1861,660693400.0,662839749.7556571,708109126.7031366,708139081.0226558,2.5297660000000004,2.599779362526011,3.5148233376166163,213549796.8829667,2045325928.7455385,1.55421256855898,1.608040237548171
1862,3467369000.0,3321487709.845072,3253178773.4318743,3263084687.9134693,17.233278,16.70274318243519,17.01121234188146,90042023.69562553,17472269189.004868,7.765113771507256,6.806105119456329
1863,758577600.0,1010891047.0716648,952424492.1440927,953930503.6267586,0.0494880000000002,0.14568945999883995,2.4338133637238326,1467936175.5604556,2896149673.5532556,1.3593317686727397,1.3030977901309178
1864,1202264000.0,1269873626.5056531,1246801818.1592615,1244942079.6087525,4.792983,4.793005440752077,5.346822889748926,213748077.60886976,4986324016.740575,1.9452464627086627,1.8050788931672237
1865,794328200.0,796460533.2939931,797087971.843603,798782355.1725625,8.734489,8.402042399256459,8.75226085987029,63660332.01439709,3933059203.712474,2.9323694592548613,2.742851100667208
1866,1659587000.0,1961356598.904983,2031329856.9718456,2028345339.628166,0.2285369999999993,0.4254710022160288,2.8204200220120224,1994985591.1682572,4562044036.076934,1.4262592060682664,1.4074403244569995
1867,4365158000.0,4709543460.182651,4702315544.563557,4713149302.396993,2.628036999999999,3.4129600521878394,7.262548657535773,1939325316.6862462,6718476503.433635,2.4526934949166783,2.3025108013180446
1868,398107200.0,411275500.8402442,416350521.757789,415770567.8731215,6.885206999999999,6.860318188746857,7.4914406436957375,53247737.13872773,1504857367.7363958,2.5211533648935203,2.416687877404577
1869,575439900.0,579540817.6283246,575690224.266068,574466260.0154735,3.3102713,3.1108574577275796,3.742357752077661,142347033.40575686,2144384501.5515935,1.598413581409758,1.5275022237482736
1870,758577600.0,820338906.0262963,822190592.0528045,824506770.0623246,1.039383,1.2459758897249353,3.356860181937058,520887722.26949334,1757688903.5296533,1.5242004220648107,1.474334308255145
1871,2754229000.0,2453485950.432245,2408969732.2109184,2407005149.463536,5.828195000000001,5.474749774079638,5.66622120813387,224890393.3306481,16469163525.846424,2.0222705178794955,1.8703958894798798
1872,457088200.0,467780678.23154444,470399705.8388813,468990064.68829584,0.8841920000000005,0.8524969004904452,1.3631879543907264,220414936.22839928,2009989549.6482139,1.1888096749272208,1.1728345170813084
1873,1513561000.0,1498973212.6364095,1469575885.8704805,1468017101.0866446,4.359191,4.151980225485067,5.017351719266073,342148535.26905376,4697447921.774709,1.8687060140523206,1.7370446509953623
1876,457088200.0,446269761.3498864,446811960.93171674,445798313.862065,8.914660999999999,8.458149415931475,8.724209425098342,31093869.193136897,2533514494.371083,2.9225562692263214,2.736021715320887
1877,912010800.0,884134164.6039394,904315356.103703,906758249.4333644,6.546366,6.647118869337446,7.047845422510765,96114398.84929979,4081432964.536394,2.3900966159250188,2.3338984739219053
1878,1513561000.0,1646501235.8264923,1652758761.260326,1655926341.1166918,1.00893,1.2323764833198783,2.6734710998174878,945429462.320975,4240560236.059205,1.4004685704219364,1.3640087373522656
1879,4365158000.0,4650174379.185439,4542189682.061869,4537245533.042846,15.455585,16.16304733528493,19.699682353547054,344747926.11075824,6573108516.169385,10.622395008548274,9.223976913288908
1881,2398833000.0,2775953438.8005457,2840081290.2385015,2838304512.067381,2.0062241,2.8662460575397954,6.982800201839688,1283121808.6227713,3867063311.7727175,2.371436010478467,2.3033539700128025
1883,1995262000.0,2062469150.5445592,2076270407.90423,2080436712.9076102,14.621327,14.979622783951527,16.803226110144635,146156187.25264984,4273733931.780936,7.578755314069521,7.011431041507287
1884,4365158000.0,7924163405.05759,8264133246.464469,8285939939.311091,0.0328720000000011,0.3077916256291929,3.532454710903601,9341621078.823092,17110983234.488783,1.5575964204786539,1.5327416330664625
1886,1659587000.0,1572084757.295269,1611241542.8161159,1614464143.962029,3.103777000000001,2.848044196683419,2.9263966012692566,153692735.93016005,16554704418.29912,1.4451315651010206,1.4353482654040368
1887,8709636000.0,10543602923.368994,10365313018.117418,10344324189.63641,4.283155,6.155944214760635,15.920899789344682,2661229217.4902782,7675567742.498309,6.8359717674193385,6.0603890862576675
1888,1148154000.0,1169609236.062619,1164915462.7458558,1168470144.665773,5.041592,4.675335153129447,4.79456386157224,97344096.10206856,9966131493.639448,1.818570612769105,1.7274907104619295
1889,3630781000.0,4546460655.94156,4727165859.079474,4713149302.396993,0.7956320000000003,1.4397746606323216,4.837566278396536,2948917875.932878,7560519627.676528,1.8281478389735886,1.8128380376359532
