-1.853915719974783e+00  1.781824676449492e+00 -1.853915719974783e+00  1.051003713120666e+00 -1.853915719974783e+00  1.443046106445988e+00 -1.853915719974783e+00  6.446812787126935e-02 -1.853915719974783e+00  7.212965127659070e-05 -1.853915719974783e+00  3.540116495316130e-01 -1.853915719974783e+00  2.703426913847272e-01 -1.853915719974783e+00  2.972655890833560e-03 
-1.849915719974783e+00  1.781433983624205e+00 -1.849915719974783e+00  1.051428321033245e+00 -1.849915719974783e+00  1.442738469408380e+00 -1.849915719974783e+00  6.487439422943954e-02 -1.849915719974783e+00  7.369420508085834e-05 -1.849915719974783e+00  3.549245231696075e-01 -1.849915719974783e+00  2.702187227489684e-01 -1.849915719974783e+00  2.970961324340568e-03 
-1.845915719974783e+00  1.781033701011641e+00 -1.845915719974783e+00  1.051861502320997e+00 -1.845915719974783e+00  1.442411670835857e+00 -1.845915719974783e+00  6.527963475763142e-02 -1.845915719974783e+00  7.526860833686493e-05 -1.845915719974783e+00  3.558451180818708e-01 -1.845915719974783e+00  2.700943272627654e-01 -1.845915719974783e+00  2.969251396588551e-03 
-1.841915719974783e+00  1.780631052593864e+00 -1.841915719974783e+00  1.052296799079625e+00 -1.841915719974783e+00  1.442080148422742e+00 -1.841915719974783e+00  6.568729096792443e-02 -1.841915719974783e+00  7.686657503203338e-05 -1.841915719974783e+00  3.567676216610565e-01 -1.841915719974783e+00  2.699697946293771e-01 -1.841915719974783e+00  2.967523768417539e-03 
-1.837915719974783e+00  1.780223658903167e+00 -1.837915719974783e+00  1.052736338733422e+00 -1.837915719974783e+00  1.441739148833538e+00 -1.837915719974783e+00  6.609612356613701e-02 -1.837915719974783e+00  7.848337781304002e-05 -1.837915719974783e+00  3.576939511287380e-01 -1.837915719974783e+00  2.698450300292980e-01 -1.837915719974783e+00  2.965779300240521e-03 
-1.833915719974783e+00  1.779811546832080e+00 -1.833915719974783e+00  1.053180097636266e+00 -1.833915719974783e+00  1.441388729717009e+00 -1.833915719974783e+00  6.650606807684123e-02 -1.833915719974783e+00  8.011890740790818e-05 -1.833915719974783e+00  3.586240892071120e-01 -1.833915719974783e+00  2.697200359802061e-01 -1.833915719974783e+00  2.964018086581678e-03 
-1.829915719974783e+00  1.779394744577112e+00 -1.829915719974783e+00  1.053628050900101e+00 -1.829915719974783e+00  1.441028951443754e+00 -1.829915719974783e+00  6.691706150902492e-02 -1.829915719974783e+00  8.177305232245829e-05 -1.829915719974783e+00  3.595580176236119e-01 -1.829915719974783e+00  2.695948151133783e-01 -1.829915719974783e+00  2.962240226122459e-03 
-1.825915719974783e+00  1.778973281081648e+00 -1.825915719974783e+00  1.054080173051595e+00 -1.825915719974783e+00  1.440659875827997e+00 -1.825915719974783e+00  6.732904204784540e-02 -1.825915719974783e+00  8.344569772693014e-05 -1.825915719974783e+00  3.604957175677287e-01 -1.825915719974783e+00  2.694693700850347e-01 -1.825915719974783e+00  2.960445819962708e-03 
-1.821915719974783e+00  1.778547186037461e+00 -1.821915719974783e+00  1.054536437937816e+00 -1.821915719974783e+00  1.440281566164329e+00 -1.821915719974783e+00  6.774194911414240e-02 -1.821915719974783e+00  8.513672582036667e-05 -1.821915719974783e+00  3.614371696299762e-01 -1.821915719974783e+00  2.693437035912569e-01 -1.821915719974783e+00  2.958634971899545e-03 
-1.817915719974783e+00  1.778116489851739e+00 -1.817915719974783e+00  1.054996818867334e+00 -1.817915719974783e+00  1.439894087117059e+00 -1.817915719974783e+00  6.815572336419476e-02 -1.817915719974783e+00  8.684601596160839e-05 -1.817915719974783e+00  3.623823538899726e-01 -1.817915719974783e+00  2.692178183444398e-01 -1.817915719974783e+00  2.956807787867359e-03 
-1.813915719974783e+00  1.777681223581422e+00 -1.813915719974783e+00  1.055461288486036e+00 -1.813915719974783e+00  1.439497504641456e+00 -1.813915719974783e+00  6.857030671887555e-02 -1.813915719974783e+00  8.857344492981769e-05 -1.813915719974783e+00  3.633312498438852e-01 -1.813915719974783e+00  2.690917170964217e-01 -1.813915719974783e+00  2.954964376430565e-03 
-1.809915719974783e+00  1.777241418909886e+00 -1.809915719974783e+00  1.055929818975681e+00 -1.809915719974783e+00  1.439091885871753e+00 -1.809915719974783e+00  6.898564235076485e-02 -1.809915719974783e+00  9.031888701704599e-05 -1.809915719974783e+00  3.642838365279502e-01 -1.809915719974783e+00  2.689654026050744e-01 -1.809915719974783e+00  2.953104847995656e-03 
-1.805915719974783e+00  1.776797108094319e+00 -1.805915719974783e+00  1.056402382013515e+00 -1.805915719974783e+00  1.438677299038112e+00 -1.805915719974783e+00  6.940167469776998e-02 -1.805915719974783e+00  9.208221423699428e-05 -1.805915719974783e+00  3.652400924972372e-01 -1.805915719974783e+00  2.688388776429108e-01 -1.805915719974783e+00  2.951229314971469e-03 
-1.801915719974783e+00  1.776348323929330e+00 -1.801915719974783e+00  1.056878948848113e+00 -1.801915719974783e+00  1.438253813373680e+00 -1.801915719974783e+00  6.981834946013954e-02 -1.801915719974783e+00  9.386329646947238e-05 -1.801915719974783e+00  3.661999958752502e-01 -1.801915719974783e+00  2.687121449854171e-01 -1.801915719974783e+00  2.949337891468151e-03 
-1.797915719974783e+00  1.775895099695763e+00 -1.797915719974783e+00  1.057359490253646e+00 -1.797915719974783e+00  1.437821499036320e+00 -1.797915719974783e+00  7.023561360996432e-02 -1.797915719974783e+00  9.566200166348410e-05 -1.797915719974783e+00  3.671635243295114e-01 -1.797915719974783e+00  2.685852074206290e-01 -1.797915719974783e+00  2.947430693478744e-03 
-1.793915719974783e+00  1.775437469131603e+00 -1.793915719974783e+00  1.057843976641536e+00 -1.793915719974783e+00  1.437380427017398e+00 -1.793915719974783e+00  7.065341537933567e-02 -1.793915719974783e+00  9.747819595268812e-05 -1.793915719974783e+00  3.681306551433916e-01 -1.793915719974783e+00  2.684580677313602e-01 -1.793915719974783e+00  2.945507838435914e-03 
-1.789915719974783e+00  1.774975466392035e+00 -1.789915719974783e+00  1.058332378079292e+00 -1.789915719974783e+00  1.436930669062728e+00 -1.789915719974783e+00  7.107170425779306e-02 -1.789915719974783e+00  9.931174381390439e-05 -1.789915719974783e+00  3.691013652315150e-01 -1.789915719974783e+00  2.683307286936961e-01 -1.789915719974783e+00  2.943569445137307e-03 
-1.785915719974783e+00  1.774509126010550e+00 -1.785915719974783e+00  1.058824664307720e+00 -1.785915719974783e+00  1.436472297596154e+00 -1.785915719974783e+00  7.149043098804114e-02 -1.785915719974783e+00  1.011625082214450e-04 -1.785915719974783e+00  3.700756311542570e-01 -1.785915719974783e+00  2.682031930757864e-01 -1.785915719974783e+00  2.941615633677223e-03 
-1.781915719974783e+00  1.774038482857861e+00 -1.781915719974783e+00  1.059320804733196e+00 -1.781915719974783e+00  1.436005385647648e+00 -1.781915719974783e+00  7.190954756291941e-02 -1.781915719974783e+00  1.030303508101601e-04 -1.781915719974783e+00  3.710534291169195e-01 -1.781915719974783e+00  2.680754636409567e-01 -1.781915719974783e+00  2.939646525477234e-03 
-1.777915719974783e+00  1.773563572119673e+00 -1.777915719974783e+00  1.059820768547264e+00 -1.777915719974783e+00  1.435530006773369e+00 -1.777915719974783e+00  7.232900720527870e-02 -1.777915719974783e+00  1.049151319636711e-04 -1.777915719974783e+00  3.720347350473590e-01 -1.777915719974783e+00  2.679475431289057e-01 -1.777915719974783e+00  2.937662242811557e-03 
-1.773915719974783e+00  1.773084429257619e+00 -1.773915719974783e+00  1.060324524712695e+00 -1.773915719974783e+00  1.435046234990155e+00 -1.773915719974783e+00  7.274876436254860e-02 -1.773915719974783e+00  1.068167109693532e-04 -1.773915719974783e+00  3.730195245917094e-01 -1.773915719974783e+00  2.678194342600205e-01 -1.773915719974783e+00  2.935662908862390e-03 
-1.769915719974783e+00  1.772601089968905e+00 -1.769915719974783e+00  1.060832041932367e+00 -1.769915719974783e+00  1.434554144713325e+00 -1.769915719974783e+00  7.316877470192869e-02 -1.769915719974783e+00  1.087349461785234e-04 -1.769915719974783e+00  3.740077730993694e-01 -1.769915719974783e+00  2.676911397425892e-01 -1.769915719974783e+00  2.933648647843366e-03 
-1.765915719974783e+00  1.772113590169878e+00 -1.765915719974783e+00  1.061343288779678e+00 -1.765915719974783e+00  1.434053810684569e+00 -1.765915719974783e+00  7.358899508477444e-02 -1.765915719974783e+00  1.106696950716577e-04 -1.765915719974783e+00  3.749994557077776e-01 -1.765915719974783e+00  2.675626622523121e-01 -1.765915719974783e+00  2.931619584482054e-03 
-1.761915719974783e+00  1.771621965952444e+00 -1.761915719974783e+00  1.061858233625385e+00 -1.761915719974783e+00  1.433545307918249e+00 -1.761915719974783e+00  7.400938356437896e-02 -1.761915719974783e+00  1.126208144313147e-04 -1.761915719974783e+00  3.759945473015743e-01 -1.761915719974783e+00  2.674340044467733e-01 -1.761915719974783e+00  2.929575844310262e-03 
-1.757915719974783e+00  1.771126253569026e+00 -1.757915719974783e+00  1.062376844757515e+00 -1.757915719974783e+00  1.433028711635806e+00 -1.757915719974783e+00  7.442989935938463e-02 -1.757915719974783e+00  1.145881604018638e-04 -1.757915719974783e+00  3.769930225911702e-01 -1.757915719974783e+00  2.673051689468526e-01 -1.757915719974783e+00  2.927517553188126e-03 
-1.753915719974783e+00  1.770626489392062e+00 -1.753915719974783e+00  1.062899090312660e+00 -1.753915719974783e+00  1.432504097216388e+00 -1.753915719974783e+00  7.485050284893256e-02 -1.753915719974783e+00  1.165715886502091e-04 -1.753915719974783e+00  3.779948560746017e-01 -1.753915719974783e+00  2.671761583504074e-01 -1.753915719974783e+00  2.925444837576822e-03 
-1.749915719974783e+00  1.770122709896645e+00 -1.749915719974783e+00  1.063424938360806e+00 -1.749915719974783e+00  1.431971540139013e+00 -1.749915719974783e+00  7.527115554844022e-02 -1.749915719974783e+00  1.185709544347124e-04 -1.749915719974783e+00  3.790000220945250e-01 -1.749915719974783e+00  2.670469752197240e-01 -1.749915719974783e+00  2.923357824201842e-03 
-1.745915719974783e+00  1.769614951640385e+00 -1.745915719974783e+00  1.063954356960324e+00 -1.745915719974783e+00  1.431431115929888e+00 -1.745915719974783e+00  7.569182008822302e-02 -1.745915719974783e+00  1.205861126850851e-04 -1.745915719974783e+00  3.800084948769407e-01 -1.745915719974783e+00  2.669176220741423e-01 -1.745915719974783e+00  2.921256639834825e-03 
-1.741915719974783e+00  1.769103251215962e+00 -1.741915719974783e+00  1.064487314017661e+00 -1.741915719974783e+00  1.430882900123889e+00 -1.741915719974783e+00  7.611246021471553e-02 -1.741915719974783e+00  1.226169181907235e-04 -1.741915719974783e+00  3.810202484482220e-01 -1.741915719974783e+00  2.667881014158057e-01 -1.741915719974783e+00  2.919141411850359e-03 
-1.737915719974783e+00  1.768587645253566e+00 -1.737915719974783e+00  1.065023777481491e+00 -1.737915719974783e+00  1.430326968207552e+00 -1.737915719974783e+00  7.653304075107259e-02 -1.737915719974783e+00  1.246632255910262e-04 -1.737915719974783e+00  3.820352567603535e-01 -1.737915719974783e+00  2.666584156985969e-01 -1.737915719974783e+00  2.917012267455421e-03 
-1.733915719974783e+00  1.768068170390612e+00 -1.733915719974783e+00  1.065563715302942e+00 -1.733915719974783e+00  1.429763395579238e+00 -1.733915719974783e+00  7.695352758521223e-02 -1.733915719974783e+00  1.267248894955884e-04 -1.733915719974783e+00  3.830534936706531e-01 -1.733915719974783e+00  2.665285673368395e-01 -1.733915719974783e+00  2.914869333847245e-03 
-1.729915719974783e+00  1.767544863250535e+00 -1.729915719974783e+00  1.066107095450725e+00 -1.729915719974783e+00  1.429192257507901e+00 -1.729915719974783e+00  7.737388765079646e-02 -1.729915719974783e+00  1.288017645683719e-04 -1.729915719974783e+00  3.840749329556028e-01 -1.729915719974783e+00  2.663985587046463e-01 -1.729915719974783e+00  2.912712738153318e-03 
-1.725915719974783e+00  1.767017760413449e+00 -1.725915719974783e+00  1.066653885864592e+00 -1.725915719974783e+00  1.428613629096990e+00 -1.725915719974783e+00  7.779408891506080e-02 -1.725915719974783e+00  1.308937056441510e-04 -1.725915719974783e+00  3.850995482859719e-01 -1.725915719974783e+00  2.662683921456244e-01 -1.725915719974783e+00  2.910542607616046e-03 
-1.721915719974783e+00  1.766486898414168e+00 -1.721915719974783e+00  1.067204054584536e+00 -1.721915719974783e+00  1.428027585241411e+00 -1.721915719974783e+00  7.821410034550548e-02 -1.721915719974783e+00  1.330005677364114e-04 -1.721915719974783e+00  3.861273133119486e-01 -1.721915719974783e+00  2.661380699529362e-01 -1.721915719974783e+00  2.908359069079959e-03 
-1.717915719974783e+00  1.765952313716968e+00 -1.717915719974783e+00  1.067757569716217e+00 -1.717915719974783e+00  1.427434200595310e+00 -1.717915719974783e+00  7.863389189569936e-02 -1.717915719974783e+00  1.351222061374667e-04 -1.717915719974783e+00  3.871582016458274e-01 -1.717915719974783e+00  2.660075943769995e-01 -1.717915719974783e+00  2.906162249128996e-03 
-1.713915719974783e+00  1.765414042691675e+00 -1.713915719974783e+00  1.068314399399807e+00 -1.713915719974783e+00  1.426833549541000e+00 -1.713915719974783e+00  7.905343449038914e-02 -1.713915719974783e+00  1.372584765134216e-04 -1.713915719974783e+00  3.881921868465887e-01 -1.713915719974783e+00  2.658769676325184e-01 -1.713915719974783e+00  2.903952274210123e-03 
-1.709915719974783e+00  1.764872121608727e+00 -1.709915719974783e+00  1.068874511897035e+00 -1.709915719974783e+00  1.426225706154471e+00 -1.709915719974783e+00  7.947269999649460e-02 -1.709915719974783e+00  1.394092349237734e-04 -1.709915719974783e+00  3.892292424786736e-01 -1.709915719974783e+00  2.657461918856450e-01 -1.709915719974783e+00  2.901729270287865e-03 
-1.705915719974783e+00  1.764326586618741e+00 -1.705915719974783e+00  1.069437875569415e+00 -1.705915719974783e+00  1.425610744177816e+00 -1.705915719974783e+00  7.989166120680997e-02 -1.705915719974783e+00  1.415743379024957e-04 -1.705915719974783e+00  3.902693421024276e-01 -1.705915719974783e+00  2.656152692594083e-01 -1.705915719974783e+00  2.899493362930705e-03 
-1.701915719974783e+00  1.763777473732134e+00 -1.701915719974783e+00  1.070004458851512e+00 -1.701915719974783e+00  1.424988736993174e+00 -1.701915719974783e+00  8.031029182411942e-02 -1.701915719974783e+00  1.437536425389625e-04 -1.701915719974783e+00  3.913124592612013e-01 -1.701915719974783e+00  2.654842018398944e-01 -1.701915719974783e+00  2.897244677417202e-03 
-1.697915719974783e+00  1.763224818826348e+00 -1.697915719974783e+00  1.070574230396592e+00 -1.697915719974783e+00  1.424359757592036e+00 -1.697915719974783e+00  8.072856642517454e-02 -1.697915719974783e+00  1.459470064492669e-04 -1.697915719974783e+00  3.923585675771633e-01 -1.697915719974783e+00  2.653529916536204e-01 -1.697915719974783e+00  2.894983338157918e-03 
-1.693915719974783e+00  1.762668657607460e+00 -1.693915719974783e+00  1.071147158921458e+00 -1.693915719974783e+00  1.423723878557466e+00 -1.693915719974783e+00  8.114646045974921e-02 -1.693915719974783e+00  1.481542879286141e-04 -1.693915719974783e+00  3.934076406573223e-01 -1.693915719974783e+00  2.652216406951219e-01 -1.693915719974783e+00  2.892709469311248e-03 
-1.689915719974783e+00  1.762109025612162e+00 -1.689915719974783e+00  1.071723213306985e+00 -1.689915719974783e+00  1.423081172038211e+00 -1.689915719974783e+00  8.156395021986276e-02 -1.689915719974783e+00  1.503753459434639e-04 -1.689915719974783e+00  3.944596521607164e-01 -1.689915719974783e+00  2.650901509117893e-01 -1.689915719974783e+00  2.890423194384405e-03 
-1.685915719974783e+00  1.761545958193419e+00 -1.685915719974783e+00  1.072302362587763e+00 -1.685915719974783e+00  1.422431709728552e+00 -1.685915719974783e+00  8.198101282202430e-02 -1.685915719974783e+00  1.526100401884825e-04 -1.685915719974783e+00  3.955145757956170e-01 -1.685915719974783e+00  2.649585242072000e-01 -1.685915719974783e+00  2.888124636274573e-03 
-1.681915719974783e+00  1.760979490519933e+00 -1.681915719974783e+00  1.072884576024063e+00 -1.681915719974783e+00  1.421775562847196e+00 -1.681915719974783e+00  8.239762618004584e-02 -1.681915719974783e+00  1.548582310886881e-04 -1.681915719974783e+00  3.965723853688015e-01 -1.681915719974783e+00  2.648267624307455e-01 -1.681915719974783e+00  2.885813916983177e-03 
-1.677915719974783e+00  1.760409657537471e+00 -1.677915719974783e+00  1.073469822928104e+00 -1.677915719974783e+00  1.421112802124288e+00 -1.677915719974783e+00  8.281376900624342e-02 -1.677915719974783e+00  1.571197799529342e-04 -1.677915719974783e+00  3.976330546789688e-01 -1.677915719974783e+00  2.646948674079770e-01 -1.677915719974783e+00  2.883491158305498e-03 
-1.673915719974783e+00  1.759836493994557e+00 -1.673915719974783e+00  1.074058072892542e+00 -1.673915719974783e+00  1.420443497778656e+00 -1.673915719974783e+00  8.322942076648149e-02 -1.673915719974783e+00  1.593945488719656e-04 -1.673915719974783e+00  3.986965576650737e-01 -1.673915719974783e+00  2.645628409041912e-01 -1.673915719974783e+00  2.881156480923816e-03 
-1.669915719974782e+00  1.759260034418743e+00 -1.669915719974782e+00  1.074649295701328e+00 -1.669915719974782e+00  1.419767719505383e+00 -1.669915719974782e+00  8.364456167198381e-02 -1.669915719974782e+00  1.616824008126463e-04 -1.669915719974782e+00  3.997628683533082e-01 -1.669915719974782e+00  2.644306846407011e-01 -1.669915719974782e+00  2.878810004761155e-03 
-1.665915719974782e+00  1.758680313104784e+00 -1.665915719974782e+00  1.075243461312603e+00 -1.665915719974782e+00  1.419085536462150e+00 -1.665915719974782e+00  8.405917266294827e-02 -1.665915719974782e+00  1.639831996648424e-04 -1.665915719974782e+00  4.008319608495122e-01 -1.665915719974782e+00  2.642984002990744e-01 -1.665915719974782e+00  2.876451849049231e-03 
-1.661915719974782e+00  1.758097364109314e+00 -1.661915719974782e+00  1.075840539878184e+00 -1.661915719974782e+00  1.418397017255914e+00 -1.661915719974782e+00  8.447323538818735e-02 -1.661915719974782e+00  1.662968102626418e-04 -1.661915719974782e+00  4.019038093547569e-01 -1.661915719974782e+00  2.641659895192771e-01 -1.661915719974782e+00  2.874082132251120e-03 
-1.657915719974782e+00  1.757511221245767e+00 -1.657915719974782e+00  1.076440501760407e+00 -1.657915719974782e+00  1.417702229930858e+00 -1.657915719974782e+00  8.488673218529551e-02 -1.657915719974782e+00  1.686230984044891e-04 -1.657915719974782e+00  4.029783881791998e-01 -1.657915719974782e+00  2.640334538982299e-01 -1.657915719974782e+00  2.871700971994267e-03 
-1.653915719974782e+00  1.756921918081741e+00 -1.653915719974782e+00  1.077043317559911e+00 -1.653915719974782e+00  1.417001241957398e+00 -1.653915719974782e+00  8.529964605984032e-02 -1.653915719974782e+00  1.709619308636853e-04 -1.653915719974782e+00  4.040556717629087e-01 -1.653915719974782e+00  2.639007949865541e-01 -1.653915719974782e+00  2.869308484960475e-03 
-1.649915719974782e+00  1.756329487927093e+00 -1.649915719974782e+00  1.077648958082907e+00 -1.649915719974782e+00  1.416294120223158e+00 -1.649915719974782e+00  8.571196067163862e-02 -1.649915719974782e+00  1.733131754356353e-04 -1.649915719974782e+00  4.051356346579621e-01 -1.649915719974782e+00  2.637680142952231e-01 -1.649915719974782e+00  2.866904787015542e-03 
-1.645915719974782e+00  1.755733963829166e+00 -1.645915719974782e+00  1.078257394349156e+00 -1.645915719974782e+00  1.415580931024122e+00 -1.645915719974782e+00  8.612366031664818e-02 -1.645915719974782e+00  1.756767009568403e-04 -1.645915719974782e+00  4.062182515364061e-01 -1.645915719974782e+00  2.636351132954743e-01 -1.645915719974782e+00  2.864489993177793e-03 
-1.641915719974782e+00  1.755135378574906e+00 -1.641915719974782e+00  1.078868597638639e+00 -1.641915719974782e+00  1.414861740056410e+00 -1.641915719974782e+00  8.653472990483491e-02 -1.641915719974782e+00  1.780523772965038e-04 -1.641915719974782e+00  4.073034972229268e-01 -1.641915719974782e+00  2.635020934123428e-01 -1.641915719974782e+00  2.862064217432733e-03 
-1.637915719974782e+00  1.754533764681785e+00 -1.637915719974782e+00  1.079482539466460e+00 -1.637915719974782e+00  1.414136612409853e+00 -1.637915719974782e+00  8.694515494635731e-02 -1.637915719974782e+00  1.804400753925636e-04 -1.637915719974782e+00  4.083913466815594e-01 -1.637915719974782e+00  2.633689560299499e-01 -1.637915719974782e+00  2.859627572832719e-03 
-1.633915719974782e+00  1.753929154383231e+00 -1.633915719974782e+00  1.080099191522589e+00 -1.633915719974782e+00  1.413405612562311e+00 -1.633915719974782e+00  8.735492154189543e-02 -1.633915719974782e+00  1.828396673095643e-04 -1.633915719974782e+00  4.094817749796669e-01 -1.633915719974782e+00  2.632357025024666e-01 -1.633915719974782e+00  2.857180171736092e-03 
-1.629915719974782e+00  1.753321579645243e+00 -1.629915719974782e+00  1.080718525797055e+00 -1.629915719974782e+00  1.412668804373477e+00 -1.629915719974782e+00  8.776401635262200e-02 -1.629915719974782e+00  1.852510261727039e-04 -1.629915719974782e+00  4.105747573707257e-01 -1.629915719974782e+00  2.631023341347024e-01 -1.629915719974782e+00  2.854722125310285e-03 
-1.625915719974782e+00  1.752711072155982e+00 -1.625915719974782e+00  1.081340514538494e+00 -1.625915719974782e+00  1.411926251080975e+00 -1.625915719974782e+00  8.817242658908543e-02 -1.625915719974782e+00  1.876740262092015e-04 -1.625915719974782e+00  4.116702692703225e-01 -1.625915719974782e+00  2.629688521899625e-01 -1.625915719974782e+00  2.852253543696402e-03 
-1.621915719974782e+00  1.752097663303806e+00 -1.621915719974782e+00  1.081965130142521e+00 -1.621915719974782e+00  1.411178015296767e+00 -1.621915719974782e+00  8.858014000801719e-02 -1.621915719974782e+00  1.901085428354575e-04 -1.621915719974782e+00  4.127682861867559e-01 -1.621915719974782e+00  2.628352579092470e-01 -1.621915719974782e+00  2.849774536452143e-03 
-1.617915719974782e+00  1.751481384214092e+00 -1.617915719974782e+00  1.082592345388693e+00 -1.617915719974782e+00  1.410424159003534e+00 -1.617915719974782e+00  8.898714487102255e-02 -1.617915719974782e+00  1.925544525109713e-04 -1.617915719974782e+00  4.138687838756746e-01 -1.617915719974782e+00  2.627015524735857e-01 -1.617915719974782e+00  2.847285211611468e-03 
-1.613915719974782e+00  1.750862265703041e+00 -1.613915719974782e+00  1.083222133179635e+00 -1.613915719974782e+00  1.409664743552615e+00 -1.613915719974782e+00  8.939342995840198e-02 -1.613915719974782e+00  1.950116329216767e-04 -1.613915719974782e+00  4.149717381745367e-01 -1.613915719974782e+00  2.625677370474896e-01 -1.613915719974782e+00  2.844785676719843e-03 
-1.609915719974782e+00  1.750240338312018e+00 -1.609915719974782e+00  1.083854466758037e+00 -1.609915719974782e+00  1.408899829662051e+00 -1.609915719974782e+00  8.979898453073772e-02 -1.609915719974782e+00  1.974799628436671e-04 -1.609915719974782e+00  4.160771251443937e-01 -1.609915719974782e+00  2.624338127445132e-01 -1.609915719974782e+00  2.842276037973077e-03 
-1.605915719974782e+00  1.749615632285727e+00 -1.605915719974782e+00  1.084489319587386e+00 -1.605915719974782e+00  1.408129477415327e+00 -1.605915719974782e+00  9.020379832771123e-02 -1.605915719974782e+00  1.999593222298557e-04 -1.605915719974782e+00  4.171849209951980e-01 -1.605915719974782e+00  2.622997806475424e-01 -1.605915719974782e+00  2.839756400690694e-03 
-1.601915719974782e+00  1.748988177570395e+00 -1.601915719974782e+00  1.085126665350321e+00 -1.601915719974782e+00  1.407353746260372e+00 -1.601915719974782e+00  9.060786155424781e-02 -1.601915719974782e+00  2.024495922171919e-04 -1.601915719974782e+00  4.182951020866554e-01 -1.601915719974782e+00  2.621656418098703e-01 -1.601915719974782e+00  2.837226869322431e-03 
-1.597915719974782e+00  1.748358003826732e+00 -1.597915719974782e+00  1.085766478031597e+00 -1.597915719974782e+00  1.406572695009761e+00 -1.597915719974782e+00  9.101116485785404e-02 -1.597915719974782e+00  2.049506550752635e-04 -1.597915719974782e+00  4.194076449836908e-01 -1.597915719974782e+00  2.620313972425368e-01 -1.597915719974782e+00  2.834687547118944e-03 
-1.593915719974782e+00  1.747725140418454e+00 -1.593915719974782e+00  1.086408731855453e+00 -1.593915719974782e+00  1.405786381840689e+00 -1.593915719974782e+00  9.141369932205064e-02 -1.593915719974782e+00  2.074623942518328e-04 -1.593915719974782e+00  4.205225264178927e-01 -1.593915719974782e+00  2.618970479252664e-01 -1.593915719974782e+00  2.832138536380416e-03 
-1.589915719974782e+00  1.747089616410680e+00 -1.589915719974782e+00  1.087053401280053e+00 -1.589915719974782e+00  1.404994864295479e+00 -1.589915719974782e+00  9.181545645389194e-02 -1.589915719974782e+00  2.099846943792275e-04 -1.589915719974782e+00  4.216397232856460e-01 -1.589915719974782e+00  2.617625948080948e-01 -1.589915719974782e+00  2.829579938478676e-03 
-1.585915719974782e+00  1.746451460588940e+00 -1.585915719974782e+00  1.087700461109710e+00 -1.585915719974782e+00  1.404198199283949e+00 -1.585915719974782e+00  9.221642815919000e-02 -1.585915719974782e+00  2.125174411989650e-04 -1.585915719974782e+00  4.227592127224987e-01 -1.585915719974782e+00  2.616280387939309e-01 -1.585915719974782e+00  2.827011853411656e-03 
-1.581915719974782e+00  1.745810701415523e+00 -1.581915719974782e+00  1.088349886241911e+00 -1.581915719974782e+00  1.403396443082033e+00 -1.581915719974782e+00  9.261660675709747e-02 -1.581915719974782e+00  2.150605217349528e-04 -1.581915719974782e+00  4.238809719409538e-01 -1.581915719974782e+00  2.614933807801180e-01 -1.581915719974782e+00  2.824434380807524e-03 
-1.577915719974782e+00  1.745167367086052e+00 -1.577915719974782e+00  1.089001651994708e+00 -1.577915719974782e+00  1.402589651337524e+00 -1.577915719974782e+00  9.301598493296834e-02 -1.577915719974782e+00  2.176138240690266e-04 -1.577915719974782e+00  4.250049784441272e-01 -1.577915719974782e+00  2.613586216061857e-01 -1.577915719974782e+00  2.821847618625310e-03 
-1.573915719974782e+00  1.744521485479757e+00 -1.573915719974782e+00  1.089655733816647e+00 -1.573915719974782e+00  1.401777879068620e+00 -1.573915719974782e+00  9.341455575740364e-02 -1.573915719974782e+00  2.201772375382802e-04 -1.573915719974782e+00  4.261312098392235e-01 -1.573915719974782e+00  2.612237621013032e-01 -1.573915719974782e+00  2.819251664306106e-03 
-1.569915719974782e+00  1.743873084194095e+00 -1.569915719974782e+00  1.090312107483591e+00 -1.569915719974782e+00  1.400961180669154e+00 -1.569915719974782e+00  9.381231265373270e-02 -1.569915719974782e+00  2.227506525977317e-04 -1.569915719974782e+00  4.272596439666155e-01 -1.569915719974782e+00  2.610888030531062e-01 -1.569915719974782e+00  2.816646613991957e-03 
-1.565915719974782e+00  1.743222190533394e+00 -1.565915719974782e+00  1.090970749028368e+00 -1.565915719974782e+00  1.400139609910588e+00 -1.565915719974782e+00  9.420924939419958e-02 -1.565915719974782e+00  2.253339608653783e-04 -1.565915719974782e+00  4.283902588556078e-01 -1.565915719974782e+00  2.609537452196184e-01 -1.565915719974782e+00  2.814032562805012e-03 
-1.561915719974782e+00  1.742568831506633e+00 -1.561915719974782e+00  1.091631634722910e+00 -1.561915719974782e+00  1.399313219944796e+00 -1.561915719974782e+00  9.460536009083530e-02 -1.561915719974782e+00  2.279270551310143e-04 -1.561915719974782e+00  4.295230327141311e-01 -1.561915719974782e+00  2.608185893326592e-01 -1.561915719974782e+00  2.811409604918503e-03 
-1.557915719974782e+00  1.741913033822132e+00 -1.557915719974782e+00  1.092294741041745e+00 -1.557915719974782e+00  1.398482063306593e+00 -1.557915719974782e+00  9.500063918848213e-02 -1.557915719974782e+00  2.305298293773727e-04 -1.557915719974782e+00  4.306579439061680e-01 -1.557915719974782e+00  2.606833361041987e-01 -1.557915719974782e+00  2.808777833701530e-03 
-1.553915719974782e+00  1.741254823908398e+00 -1.553915719974782e+00  1.092960044773691e+00 -1.553915719974782e+00  1.397646191919627e+00 -1.553915719974782e+00  9.539508144263197e-02 -1.553915719974782e+00  2.331421786973685e-04 -1.553915719974782e+00  4.317949710256300e-01 -1.553915719974782e+00  2.605479862088938e-01 -1.553915719974782e+00  2.806137341275892e-03 
-1.549915719974782e+00  1.740594227904038e+00 -1.549915719974782e+00  1.093627522955970e+00 -1.549915719974782e+00  1.396805657099061e+00 -1.549915719974782e+00  9.578868191616033e-02 -1.549915719974782e+00  2.357639993341721e-04 -1.549915719974782e+00  4.329340928546468e-01 -1.549915719974782e+00  2.604125402951417e-01 -1.549915719974782e+00  2.803488218777421e-03 
-1.545915719974782e+00  1.739931271649932e+00 -1.545915719974782e+00  1.094297152821234e+00 -1.545915719974782e+00  1.395960509554310e+00 -1.545915719974782e+00  9.618143597484372e-02 -1.545915719974782e+00  2.383951887122423e-04 -1.545915719974782e+00  4.340752883300670e-01 -1.545915719974782e+00  2.602769989940015e-01 -1.545915719974782e+00  2.800830556566412e-03 
-1.541915719974782e+00  1.739265980713009e+00 -1.541915719974782e+00  1.094968911922508e+00 -1.541915719974782e+00  1.395110799396315e+00 -1.541915719974782e+00  9.657333926474543e-02 -1.541915719974782e+00  2.410356453430700e-04 -1.541915719974782e+00  4.352185366259528e-01 -1.541915719974782e+00  2.601413628995671e-01 -1.541915719974782e+00  2.798164443731571e-03 
-1.537915719974782e+00  1.738598380374607e+00 -1.537915719974782e+00  1.095642778056769e+00 -1.537915719974782e+00  1.394256576140325e+00 -1.537915719974782e+00  9.696438771073888e-02 -1.537915719974782e+00  2.436852688712935e-04 -1.537915719974782e+00  4.363638171047585e-01 -1.537915719974782e+00  2.600056325816226e-01 -1.537915719974782e+00  2.795489968393431e-03 
-1.533915719974782e+00  1.737928495611445e+00 -1.533915719974782e+00  1.096318729147482e+00 -1.533915719974782e+00  1.393397888707141e+00 -1.533915719974782e+00  9.735457751933639e-02 -1.533915719974782e+00  2.463439601503057e-04 -1.533915719974782e+00  4.375111092414314e-01 -1.533915719974782e+00  2.598698086047814e-01 -1.533915719974782e+00  2.792807218170512e-03 
-1.529915719974782e+00  1.737256351150294e+00 -1.529915719974782e+00  1.096996743540364e+00 -1.529915719974782e+00  1.392534785436055e+00 -1.529915719974782e+00  9.774390513944575e-02 -1.529915719974782e+00  2.490116210252754e-04 -1.529915719974782e+00  4.386603928175429e-01 -1.529915719974782e+00  2.597338914815143e-01 -1.529915719974782e+00  2.790116279005451e-03 
-1.525915719974782e+00  1.736581971416123e+00 -1.525915719974782e+00  1.097676799700050e+00 -1.525915719974782e+00  1.391667314081388e+00 -1.525915719974782e+00  9.813236728475483e-02 -1.525915719974782e+00  2.516881545389117e-04 -1.525915719974782e+00  4.398116477238909e-01 -1.525915719974782e+00  2.595978817209969e-01 -1.525915719974782e+00  2.787417236368965e-03 
-1.521915719974782e+00  1.735905380567604e+00 -1.521915719974782e+00  1.098358876396772e+00 -1.521915719974782e+00  1.390795521822853e+00 -1.521915719974782e+00  9.851996090620047e-02 -1.521915719974782e+00  2.543734647906464e-04 -1.521915719974782e+00  4.409648540832957e-01 -1.521915719974782e+00  2.594617797995590e-01 -1.521915719974782e+00  2.784710174518851e-03 
-1.517915719974782e+00  1.735226602472755e+00 -1.517915719974782e+00  1.099042952557562e+00 -1.517915719974782e+00  1.389919455266128e+00 -1.517915719974782e+00  9.890668319885053e-02 -1.517915719974782e+00  2.570674570332454e-04 -1.517915719974782e+00  4.421199921539396e-01 -1.517915719974782e+00  2.593255861847280e-01 -1.517915719974782e+00  2.781995177090624e-03 
-1.513915719974782e+00  1.734545660740654e+00 -1.513915719974782e+00  1.099729007429576e+00 -1.513915719974782e+00  1.389039160453305e+00 -1.513915719974782e+00  9.929253157735626e-02 -1.513915719974782e+00  2.597700375470184e-04 -1.513915719974782e+00  4.432770424369937e-01 -1.513915719974782e+00  2.591893013094255e-01 -1.513915719974782e+00  2.779272326449262e-03 
-1.509915719974782e+00  1.733862578709057e+00 -1.509915719974782e+00  1.100417020497255e+00 -1.509915719974782e+00  1.388154682865760e+00 -1.509915719974782e+00  9.967750367661718e-02 -1.509915719974782e+00  2.624811136889281e-04 -1.509915719974782e+00  4.444359856230582e-01 -1.509915719974782e+00  2.590529255854461e-01 -1.509915719974782e+00  2.776541704017995e-03 
-1.505915719974782e+00  1.733177379433113e+00 -1.505915719974782e+00  1.101106971405940e+00 -1.505915719974782e+00  1.387266067426842e+00 -1.505915719974782e+00  1.000615973518329e-01 -1.505915719974782e+00  2.652005939373965e-04 -1.505915719974782e+00  4.455968025426137e-01 -1.505915719974782e+00  2.589164594158431e-01 -1.505915719974782e+00  2.773803390581460e-03 
-1.501915719974782e+00  1.732490085714089e+00 -1.501915719974782e+00  1.101798840106733e+00 -1.501915719974782e+00  1.386373358512449e+00 -1.501915719974782e+00  1.004448106566408e-01 -1.501915719974782e+00  2.679283877783679e-04 -1.501915719974782e+00  4.467594742616136e-01 -1.501915719974782e+00  2.587799031720632e-01 -1.501915719974782e+00  2.771057465710778e-03 
-1.497915719974782e+00  1.731800720077652e+00 -1.497915719974782e+00  1.102492606721803e+00 -1.497915719974782e+00  1.385476599951816e+00 -1.497915719974782e+00  1.008271418494331e-01 -1.497915719974782e+00  2.706644057914378e-04 -1.497915719974782e+00  4.479239819936033e-01 -1.497915719974782e+00  2.586432572155871e-01 -1.497915719974782e+00  2.768304008298131e-03 
-1.493915719974782e+00  1.731109304798872e+00 -1.493915719974782e+00  1.103188251667308e+00 -1.493915719974782e+00  1.384575835037726e+00 -1.493915719974782e+00  1.012085893741702e-01 -1.493915719974782e+00  2.734085595506943e-04 -1.493915719974782e+00  4.490903071809420e-01 -1.493915719974782e+00  2.585065218785534e-01 -1.493915719974782e+00  2.765543096068898e-03 
-1.489915719974782e+00  1.730415861883690e+00 -1.489915719974782e+00  1.103885755536477e+00 -1.489915719974782e+00  1.383671106527808e+00 -1.489915719974782e+00  1.015891518652682e-01 -1.489915719974782e+00  2.761607616982487e-04 -1.489915719974782e+00  4.502584314184426e-01 -1.489915719974782e+00  2.583696974825153e-01 -1.489915719974782e+00  2.762774806045685e-03 
-1.485915719974782e+00  1.729720413084108e+00 -1.485915719974782e+00  1.104585099167803e+00 -1.485915719974782e+00  1.382762456652873e+00 -1.485915719974782e+00  1.019688281342593e-01 -1.485915719974782e+00  2.789209258839819e-04 -1.485915719974782e+00  4.514283364985858e-01 -1.485915719974782e+00  2.582327843277483e-01 -1.485915719974782e+00  2.759999214277714e-03 
-1.481915719974782e+00  1.729022979889789e+00 -1.481915719974782e+00  1.105286263583710e+00 -1.481915719974782e+00  1.381849927120180e+00 -1.481915719974782e+00  1.023476171694553e-01 -1.481915719974782e+00  2.816889667988774e-04 -1.481915719974782e+00  4.526000043715526e-01 -1.481915719974782e+00  2.580957827031186e-01 -1.481915719974782e+00  2.757216396084162e-03 
-1.477915719974782e+00  1.728323583549062e+00 -1.477915719974782e+00  1.105989230089871e+00 -1.477915719974782e+00  1.380933559123394e+00 -1.477915719974782e+00  1.027255181200260e-01 -1.477915719974782e+00  2.844648000916901e-04 -1.477915719974782e+00  4.537734172109578e-01 -1.477915719974782e+00  2.579586928704471e-01 -1.477915719974782e+00  2.754426425660087e-03 
-1.473915719974782e+00  1.727622245048305e+00 -1.473915719974782e+00  1.106693980146958e+00 -1.473915719974782e+00  1.380013393343005e+00 -1.473915719974782e+00  1.031025303025477e-01 -1.473915719974782e+00  2.872483424507458e-04 -1.473915719974782e+00  4.549485573297194e-01 -1.473915719974782e+00  2.578215150849621e-01 -1.473915719974782e+00  2.751629376585312e-03 
-1.469915719974782e+00  1.726918985137925e+00 -1.469915719974782e+00  1.107400495496373e+00 -1.469915719974782e+00  1.379089469957600e+00 -1.469915719974782e+00  1.034786531828864e-01 -1.469915719974782e+00  2.900395115008955e-04 -1.469915719974782e+00  4.561254072631885e-01 -1.469915719974782e+00  2.576842495754591e-01 -1.469915719974782e+00  2.748825321325541e-03 
-1.465915719974782e+00  1.726213824314261e+00 -1.465915719974782e+00  1.108108758046059e+00 -1.465915719974782e+00  1.378161828644719e+00 -1.465915719974782e+00  1.038538863816679e-01 -1.465915719974782e+00  2.928382258753011e-04 -1.465915719974782e+00  4.573039496941531e-01 -1.465915719974782e+00  2.575468965624844e-01 -1.465915719974782e+00  2.746014331685476e-03 
-1.461915719974782e+00  1.725506782833907e+00 -1.461915719974782e+00  1.108818749932323e+00 -1.461915719974782e+00  1.377230508589435e+00 -1.461915719974782e+00  1.042282296627350e-01 -1.461915719974782e+00  2.956444051586139e-04 -1.461915719974782e+00  4.584841674938246e-01 -1.461915719974782e+00  2.574094562486077e-01 -1.461915719974782e+00  2.743196478563492e-03 
-1.457915719974782e+00  1.724797880702398e+00 -1.457915719974782e+00  1.109530453442860e+00 -1.457915719974782e+00  1.376295548486586e+00 -1.457915719974782e+00  1.046016829352295e-01 -1.457915719974782e+00  2.984579699319333e-04 -1.457915719974782e+00  4.596660436712153e-01 -1.457915719974782e+00  2.572719288306646e-01 -1.457915719974782e+00  2.740371832257099e-03 
-1.453915719974782e+00  1.724087137710530e+00 -1.453915719974782e+00  1.110243851196988e+00 -1.453915719974782e+00  1.375356986555200e+00 -1.453915719974782e+00  1.049742462310779e-01 -1.453915719974782e+00  3.012788416285823e-04 -1.453915719974782e+00  4.608495614923731e-01 -1.453915719974782e+00  2.571343144712873e-01 -1.453915719974782e+00  2.737540461747673e-03 
-1.449915719974782e+00  1.723374573395574e+00 -1.449915719974782e+00  1.110958925919926e+00 -1.449915719974782e+00  1.374414860533656e+00 -1.449915719974782e+00  1.053459197216526e-01 -1.449915719974782e+00  3.041069426881449e-04 -1.449915719974782e+00  4.620347043314683e-01 -1.449915719974782e+00  2.569966133346637e-01 -1.449915719974782e+00  2.734702435596268e-03 
-1.445915719974782e+00  1.722660207067646e+00 -1.445915719974782e+00  1.111675660569478e+00 -1.445915719974782e+00  1.373469207691497e+00 -1.445915719974782e+00  1.057167037007087e-01 -1.445915719974782e+00  3.069421964517249e-04 -1.445915719974782e+00  4.632214557545872e-01 -1.445915719974782e+00  2.568588255665180e-01 -1.445915719974782e+00  2.731857821440841e-03 
-1.441915719974782e+00  1.721944057803574e+00 -1.441915719974782e+00  1.112394038286735e+00 -1.441915719974782e+00  1.372520064832859e+00 -1.441915719974782e+00  1.060865985843428e-01 -1.441915719974782e+00  3.097845271864074e-04 -1.441915719974782e+00  4.644097994872728e-01 -1.441915719974782e+00  2.567209513019282e-01 -1.441915719974782e+00  2.729006686191933e-03 
-1.437915719974782e+00  1.721226144456401e+00 -1.437915719974782e+00  1.113114042431351e+00 -1.437915719974782e+00  1.371567468304034e+00 -1.437915719974782e+00  1.064556049030394e-01 -1.437915719974782e+00  3.126338600474350e-04 -1.437915719974782e+00  4.655997194379443e-01 -1.437915719974782e+00  2.565829906597613e-01 -1.437915719974782e+00  2.726149095892625e-03 
-1.433915719974782e+00  1.720506485652590e+00 -1.433915719974782e+00  1.113835656550485e+00 -1.433915719974782e+00  1.370611453997691e+00 -1.433915719974782e+00  1.068237233001564e-01 -1.433915719974782e+00  3.154901210893910e-04 -1.433915719974782e+00  4.667911996774412e-01 -1.433915719974782e+00  2.564449437475829e-01 -1.433915719974782e+00  2.723285115841807e-03 
-1.429915719974782e+00  1.719785099802867e+00 -1.429915719974782e+00  1.114558864420771e+00 -1.429915719974782e+00  1.369652057360869e+00 -1.429915719974782e+00  1.071909545236303e-01 -1.429915719974782e+00  3.183532372231440e-04 -1.429915719974782e+00  4.679842244668730e-01 -1.429915719974782e+00  2.563068106550291e-01 -1.429915719974782e+00  2.720414810427623e-03 
-1.425915719974782e+00  1.719062005083132e+00 -1.425915719974782e+00  1.115283649930812e+00 -1.425915719974782e+00  1.368689313394376e+00 -1.425915719974782e+00  1.075572994328176e-01 -1.425915719974782e+00  3.212231362916131e-04 -1.425915719974782e+00  4.691787781797923e-01 -1.425915719974782e+00  2.561685914723345e-01 -1.425915719974782e+00  2.717538243593835e-03 
-1.421915719974782e+00  1.718337219458183e+00 -1.421915719974782e+00  1.116009997191993e+00 -1.421915719974782e+00  1.367723256664356e+00 -1.421915719974782e+00  1.079227589839559e-01 -1.421915719974782e+00  3.240997469756336e-04 -1.421915719974782e+00  4.703748453756168e-01 -1.421915719974782e+00  2.560302862728182e-01 -1.421915719974782e+00  2.714655478400023e-03 
-1.417915719974782e+00  1.717610760693543e+00 -1.417915719974782e+00  1.116737890585507e+00 -1.417915719974782e+00  1.366753921310737e+00 -1.417915719974782e+00  1.082873342219027e-01 -1.417915719974782e+00  3.269829987470066e-04 -1.417915719974782e+00  4.715724108308864e-01 -1.417915719974782e+00  2.558918951054518e-01 -1.417915719974782e+00  2.711766576834914e-03 
-1.413915719974782e+00  1.716882646318627e+00 -1.413915719974782e+00  1.117467314550789e+00 -1.413915719974782e+00  1.365781341041050e+00 -1.413915719974782e+00  1.086510262959786e-01 -1.413915719974782e+00  3.298728220147285e-04 -1.413915719974782e+00  4.727714593988991e-01 -1.413915719974782e+00  2.557534180281820e-01 -1.413915719974782e+00  2.708871600656118e-03 
-1.409915719974782e+00  1.716152893665513e+00 -1.409915719974782e+00  1.118198253776317e+00 -1.409915719974782e+00  1.364805549146602e+00 -1.409915719974782e+00  1.090138364384637e-01 -1.409915719974782e+00  3.327691479710624e-04 -1.409915719974782e+00  4.739719761362323e-01 -1.409915719974782e+00  2.556148550778004e-01 -1.409915719974782e+00  2.705970610632791e-03 
-1.405915719974782e+00  1.715421519861237e+00 -1.405915719974782e+00  1.118930693142897e+00 -1.405915719974782e+00  1.363826578504952e+00 -1.405915719974782e+00  1.093757659662903e-01 -1.405915719974782e+00  3.356719086221827e-04 -1.405915719974782e+00  4.751739462651144e-01 -1.405915719974782e+00  2.554762062788447e-01 -1.405915719974782e+00  2.703063666770794e-03 
-1.401915719974782e+00  1.714688541821801e+00 -1.401915719974782e+00  1.119664617676649e+00 -1.401915719974782e+00  1.362844461582642e+00 -1.401915719974782e+00  1.097368162818538e-01 -1.401915719974782e+00  3.385810368119248e-04 -1.401915719974782e+00  4.763773551421244e-01 -1.401915719974782e+00  2.553374716509466e-01 -1.401915719974782e+00  2.700150828499229e-03 
-1.397915719974782e+00  1.713953976258501e+00 -1.397915719974782e+00  1.120400012567548e+00 -1.397915719974782e+00  1.361859230441649e+00 -1.397915719974782e+00  1.100969888678861e-01 -1.397915719974782e+00  3.414964661967000e-04 -1.397915719974782e+00  4.775821882704094e-01 -1.397915719974782e+00  2.551986512058504e-01 -1.397915719974782e+00  2.697232154596961e-03 
-1.393915719974782e+00  1.713217839692664e+00 -1.393915719974782e+00  1.121136863231692e+00 -1.393915719974782e+00  1.360870916748587e+00 -1.393915719974782e+00  1.104562852784424e-01 -1.393915719974782e+00  3.444181311869951e-04 -1.393915719974782e+00  4.787884313409999e-01 -1.393915719974782e+00  2.550597449375396e-01 -1.393915719974782e+00  2.694307702945258e-03 
-1.389915719974782e+00  1.712480148443739e+00 -1.389915719974782e+00  1.121875155233695e+00 -1.389915719974782e+00  1.359879551775438e+00 -1.389915719974782e+00  1.108147071428497e-01 -1.389915719974782e+00  3.473459669946637e-04 -1.389915719974782e+00  4.799960701811522e-01 -1.389915719974782e+00  2.549207528343970e-01 -1.389915719974782e+00  2.691377530836109e-03 
-1.385915719974782e+00  1.711740918631587e+00 -1.385915719974782e+00  1.122614874283774e+00 -1.385915719974782e+00  1.358885166404611e+00 -1.385915719974782e+00  1.111722561628078e-01 -1.385915719974782e+00  3.502799096238218e-04 -1.385915719974782e+00  4.812050907522482e-01 -1.385915719974782e+00  2.547816748795736e-01 -1.385915719974782e+00  2.688441694983526e-03 
-1.381915719974782e+00  1.711000166187448e+00 -1.381915719974782e+00  1.123356006280826e+00 -1.381915719974782e+00  1.357887791136866e+00 -1.381915719974782e+00  1.115289341054779e-01 -1.381915719974782e+00  3.532198958273318e-04 -1.381915719974782e+00  4.824154791783526e-01 -1.381915719974782e+00  2.546425110441370e-01 -1.381915719974782e+00  2.685500251352746e-03 
-1.377915719974782e+00  1.710257906856433e+00 -1.377915719974782e+00  1.124098537310547e+00 -1.377915719974782e+00  1.356887456096488e+00 -1.377915719974782e+00  1.118847428007502e-01 -1.377915719974782e+00  3.561658630969276e-04 -1.377915719974782e+00  4.836272217448496e-01 -1.377915719974782e+00  2.545032612872807e-01 -1.377915719974782e+00  2.682553255167506e-03 
-1.373915719974782e+00  1.709514156188286e+00 -1.373915719974782e+00  1.124842453582696e+00 -1.373915719974782e+00  1.355884191032465e+00 -1.373915719974782e+00  1.122396841440781e-01 -1.373915719974782e+00  3.591177496998870e-04 -1.373915719974782e+00  4.848403048565220e-01 -1.373915719974782e+00  2.543639255661107e-01 -1.373915719974782e+00  2.679600761159329e-03 
-1.369915719974782e+00  1.708768929552556e+00 -1.369915719974782e+00  1.125587741496139e+00 -1.369915719974782e+00  1.354878025327731e+00 -1.369915719974782e+00  1.125937600878632e-01 -1.369915719974782e+00  3.620754946188044e-04 -1.369915719974782e+00  4.860547150807124e-01 -1.369915719974782e+00  2.542245038253142e-01 -1.369915719974782e+00  2.676642823309063e-03 
-1.365915719974782e+00  1.708022242135084e+00 -1.365915719974782e+00  1.126334387606098e+00 -1.365915719974782e+00  1.353868988002173e+00 -1.365915719974782e+00  1.129469726417445e-01 -1.365915719974782e+00  3.650390375655321e-04 -1.365915719974782e+00  4.872704391253704e-01 -1.365915719974782e+00  2.540849960022222e-01 -1.365915719974782e+00  2.673679494977076e-03 
-1.361915719974782e+00  1.707274108937101e+00 -1.361915719974782e+00  1.127082378605518e+00 -1.361915719974782e+00  1.352857107716379e+00 -1.361915719974782e+00  1.132993238716845e-01 -1.361915719974782e+00  3.680083189848142e-04 -1.361915719974782e+00  4.884874638264366e-01 -1.361915719974782e+00  2.539454020296328e-01 -1.361915719974782e+00  2.670710828977079e-03 
-1.357915719974782e+00  1.706524544781895e+00 -1.357915719974782e+00  1.127831701345822e+00 -1.357915719974782e+00  1.351842412777938e+00 -1.357915719974782e+00  1.136508158955870e-01 -1.357915719974782e+00  3.709832800277543e-04 -1.357915719974782e+00  4.897057761615110e-01 -1.357915719974782e+00  2.538057218324498e-01 -1.357915719974782e+00  2.667736877493851e-03 
-1.353915719974782e+00  1.705773564322095e+00 -1.353915719974782e+00  1.128582342860991e+00 -1.353915719974782e+00  1.350824931148019e+00 -1.353915719974782e+00  1.140014508787693e-01 -1.353915719974782e+00  3.739638625229825e-04 -1.353915719974782e+00  4.909253632657453e-01 -1.353915719974782e+00  2.536659553237935e-01 -1.353915719974782e+00  2.664757691987611e-03 
-1.349915719974782e+00  1.705021182035248e+00 -1.349915719974782e+00  1.129334290330735e+00 -1.349915719974782e+00  1.349804690443773e+00 -1.349915719974782e+00  1.143512310348779e-01 -1.349915719974782e+00  3.769500089941559e-04 -1.349915719974782e+00  4.921462124070972e-01 -1.349915719974782e+00  2.535261024106808e-01 -1.349915719974782e+00  2.661773323340194e-03 
-1.345915719974782e+00  1.704267412223126e+00 -1.345915719974782e+00  1.130087531063565e+00 -1.345915719974782e+00  1.348781717941939e+00 -1.345915719974782e+00  1.147001586251041e-01 -1.345915719974782e+00  3.799416626627721e-04 -1.345915719974782e+00  4.933683109748170e-01 -1.345915719974782e+00  2.533861629965709e-01 -1.345915719974782e+00  2.658783821922247e-03 
-1.341915719974782e+00  1.703512269017159e+00 -1.341915719974782e+00  1.130842052511563e+00 -1.341915719974782e+00  1.347756040584553e+00 -1.341915719974782e+00  1.150482359546384e-01 -1.341915719974782e+00  3.829387674265266e-04 -1.341915719974782e+00  4.945916464890964e-01 -1.341915719974782e+00  2.532461369789331e-01 -1.341915719974782e+00  2.655789237534643e-03 
-1.337915719974782e+00  1.702755766388043e+00 -1.337915719974782e+00  1.131597842306881e+00 -1.337915719974782e+00  1.346727684986246e+00 -1.337915719974782e+00  1.153954653673624e-01 -1.337915719974782e+00  3.859412678212883e-04 -1.337915719974782e+00  4.958162066252562e-01 -1.337915719974782e+00  2.531060242433959e-01 -1.337915719974782e+00  2.652789619263479e-03 
-1.333915719974782e+00  1.701997918130320e+00 -1.333915719974782e+00  1.132354888168926e+00 -1.333915719974782e+00  1.345696677432309e+00 -1.333915719974782e+00  1.157418492518719e-01 -1.333915719974782e+00  3.889491090822124e-04 -1.333915719974782e+00  4.970419791515112e-01 -1.333915719974782e+00  2.529658246782103e-01 -1.333915719974782e+00  2.649785015848683e-03 
-1.329915719974782e+00  1.701238737894250e+00 -1.329915719974782e+00  1.133113178056027e+00 -1.329915719974782e+00  1.344663043894090e+00 -1.329915719974782e+00  1.160873900262636e-01 -1.329915719974782e+00  3.919622370172827e-04 -1.329915719974782e+00  4.982689520301439e-01 -1.329915719974782e+00  2.528255381503111e-01 -1.329915719974782e+00  2.646775475081832e-03 
-1.325915719974782e+00  1.700478239147962e+00 -1.325915719974782e+00  1.133872699957303e+00 -1.325915719974782e+00  1.343626810018632e+00 -1.325915719974782e+00  1.164320901542843e-01 -1.325915719974782e+00  3.949805981575503e-04 -1.325915719974782e+00  4.994971132781139e-01 -1.325915719974782e+00  2.526851645378740e-01 -1.325915719974782e+00  2.643761044632353e-03 
-1.321915719974782e+00  1.699716435210029e+00 -1.321915719974782e+00  1.134633442048239e+00 -1.321915719974782e+00  1.342588001144252e+00 -1.321915719974782e+00  1.167759521299126e-01 -1.321915719974782e+00  3.980041396278175e-04 -1.321915719974782e+00  5.007264510708589e-01 -1.321915719974782e+00  2.525447037057671e-01 -1.321915719974782e+00  2.640741771430008e-03 
-1.317915719974782e+00  1.698953339248514e+00 -1.317915719974782e+00  1.135395392672867e+00 -1.317915719974782e+00  1.341546642303797e+00 -1.317915719974782e+00  1.171189784771087e-01 -1.317915719974782e+00  4.010328091504381e-04 -1.317915719974782e+00  5.019569537301822e-01 -1.317915719974782e+00  2.524041555082275e-01 -1.317915719974782e+00  2.637717701735629e-03 
-1.313915719974782e+00  1.698188964273028e+00 -1.313915719974782e+00  1.136158540290741e+00 -1.313915719974782e+00  1.340502758225130e+00 -1.313915719974782e+00  1.174611717526375e-01 -1.313915719974782e+00  4.040665550768545e-04 -1.313915719974782e+00  5.031886096885338e-01 -1.313915719974782e+00  2.522635197970523e-01 -1.313915719974782e+00  2.634688881351497e-03 
-1.309915719974782e+00  1.697423323132494e+00 -1.309915719974782e+00  1.136922873453380e+00 -1.309915719974782e+00  1.339456373333608e+00 -1.309915719974782e+00  1.178025345463281e-01 -1.309915719974782e+00  4.071053263964553e-04 -1.309915719974782e+00  5.044214074729806e-01 -1.309915719974782e+00  2.521227964251724e-01 -1.309915719974782e+00  2.631655355714988e-03 
-1.305915719974782e+00  1.696656428531675e+00 -1.305915719974782e+00  1.137688380877064e+00 -1.305915719974782e+00  1.338407511761749e+00 -1.305915719974782e+00  1.181430694731687e-01 -1.305915719974782e+00  4.101490726709944e-04 -1.305915719974782e+00  5.056553357537042e-01 -1.305915719974782e+00  2.519819852350965e-01 -1.305915719974782e+00  2.628617169609516e-03 
-1.301915719974782e+00  1.695888293025814e+00 -1.301915719974782e+00  1.138455051403350e+00 -1.301915719974782e+00  1.337356197350508e+00 -1.301915719974782e+00  1.184827791750797e-01 -1.301915719974782e+00  4.131977440558516e-04 -1.301915719974782e+00  5.068903833173253e-01 -1.301915719974782e+00  2.518410860649771e-01 -1.301915719974782e+00  2.625574367321295e-03 
-1.297915719974782e+00  1.695118929029173e+00 -1.297915719974782e+00  1.139222874031096e+00 -1.297915719974782e+00  1.336302453655886e+00 -1.297915719974782e+00  1.188216663166494e-01 -1.297915719974782e+00  4.162512912661402e-04 -1.297915719974782e+00  5.081265390881315e-01 -1.297915719974782e+00  2.517000987434569e-01 -1.297915719974782e+00  2.622526992512219e-03 
-1.293915719974782e+00  1.694348348803459e+00 -1.293915719974782e+00  1.139991837845619e+00 -1.293915719974782e+00  1.335246303947598e+00 -1.293915719974782e+00  1.191597335896223e-01 -1.293915719974782e+00  4.193096656226718e-04 -1.293915719974782e+00  5.093637920803363e-01 -1.293915719974782e+00  2.515590231006522e-01 -1.293915719974782e+00  2.619475088501078e-03 
-1.289915719974782e+00  1.693576564464343e+00 -1.289915719974782e+00  1.140761932040852e+00 -1.289915719974782e+00  1.334187771214733e+00 -1.289915719974782e+00  1.194969837095318e-01 -1.289915719974782e+00  4.223728190260651e-04 -1.289915719974782e+00  5.106021314126623e-01 -1.289915719974782e+00  2.514178589645414e-01 -1.289915719974782e+00  2.616418698175562e-03 
-1.285915719974782e+00  1.692803588002613e+00 -1.285915719974782e+00  1.141533146015563e+00 -1.285915719974782e+00  1.333126878177304e+00 -1.285915719974782e+00  1.198334194061800e-01 -1.285915719974782e+00  4.254407038727967e-04 -1.285915719974782e+00  5.118415463726396e-01 -1.285915719974782e+00  2.512766061457374e-01 -1.285915719974782e+00  2.613357863610374e-03 
-1.281915719974782e+00  1.692029431249572e+00 -1.281915719974782e+00  1.142305469186278e+00 -1.281915719974782e+00  1.332063647275520e+00 -1.281915719974782e+00  1.201690434380202e-01 -1.281915719974782e+00  4.285132731925179e-04 -1.281915719974782e+00  5.130820262908590e-01 -1.281915719974782e+00  2.511352644667041e-01 -1.281915719974782e+00  2.610292626809762e-03 
-1.277915719974782e+00  1.691254105916794e+00 -1.277915719974782e+00  1.143078891178364e+00 -1.277915719974782e+00  1.330998100688702e+00 -1.277915719974782e+00  1.205038585747554e-01 -1.277915719974782e+00  4.315904804903110e-04 -1.277915719974782e+00  5.143235606689210e-01 -1.277915719974782e+00  2.509938337316449e-01 -1.277915719974782e+00  2.607223028949144e-03 
-1.273915719974782e+00  1.690477623574633e+00 -1.273915719974782e+00  1.143853401705994e+00 -1.273915719974782e+00  1.329930260329672e+00 -1.273915719974782e+00  1.208378676061443e-01 -1.273915719974782e+00  4.346722798319331e-04 -1.273915719974782e+00  5.155661390986297e-01 -1.273915719974782e+00  2.508523137451961e-01 -1.273915719974782e+00  2.604149110851421e-03 
-1.269915719974782e+00  1.689699995650579e+00 -1.269915719974782e+00  1.144628990553247e+00 -1.269915719974782e+00  1.328860147846912e+00 -1.269915719974782e+00  1.211710733422811e-01 -1.269915719974782e+00  4.377586258503793e-04 -1.269915719974782e+00  5.168097512490413e-01 -1.269915719974782e+00  2.507107043152629e-01 -1.269915719974782e+00  2.601070913062116e-03 
-1.265915719974782e+00  1.688921233450242e+00 -1.265915719974782e+00  1.145405647669965e+00 -1.265915719974782e+00  1.327787784636008e+00 -1.265915719974782e+00  1.215034786044055e-01 -1.265915719974782e+00  4.408494736625668e-04 -1.265915719974782e+00  5.180543869305425e-01 -1.265915719974782e+00  2.505690052378382e-01 -1.265915719974782e+00  2.597988475468768e-03 
-1.261915719974782e+00  1.688141348144755e+00 -1.261915719974782e+00  1.146183363097389e+00 -1.261915719974782e+00  1.326713191837359e+00 -1.261915719974782e+00  1.218350862299233e-01 -1.261915719974782e+00  4.439447789194037e-04 -1.261915719974782e+00  5.193000360446817e-01 -1.261915719974782e+00  2.504272163085413e-01 -1.261915719974782e+00  2.594901837596269e-03 
-1.257915719974782e+00  1.687360350789552e+00 -1.257915719974782e+00  1.146962127052957e+00 -1.257915719974782e+00  1.325636390346737e+00 -1.257915719974782e+00  1.221658990642771e-01 -1.257915719974782e+00  4.470444977311439e-04 -1.257915719974782e+00  5.205466886408769e-01 -1.257915719974782e+00  2.502853373091707e-01 -1.257915719974782e+00  2.591811038270139e-03 
-1.253915719974782e+00  1.686578252288681e+00 -1.253915719974782e+00  1.147741929739816e+00 -1.253915719974782e+00  1.324557400803194e+00 -1.253915719974782e+00  1.224959199755348e-01 -1.253915719974782e+00  4.501485868091430e-04 -1.253915719974782e+00  5.217943347881397e-01 -1.253915719974782e+00  2.501433680374647e-01 -1.253915719974782e+00  2.588716116372672e-03 
-1.249915719974782e+00  1.685795063445718e+00 -1.249915719974782e+00  1.148522761594009e+00 -1.249915719974782e+00  1.323476243612968e+00 -1.249915719974782e+00  1.228251518329810e-01 -1.249915719974782e+00  4.532570032637039e-04 -1.249915719974782e+00  5.230429647409461e-01 -1.249915719974782e+00  2.500013082681711e-01 -1.249915719974782e+00  2.585617109861783e-03 
-1.245915719974782e+00  1.685010794927884e+00 -1.245915719974782e+00  1.149304613093406e+00 -1.245915719974782e+00  1.322392938937176e+00 -1.245915719974782e+00  1.231535975217990e-01 -1.245915719974782e+00  4.563697047465366e-04 -1.245915719974782e+00  5.242925688105505e-01 -1.245915719974782e+00  2.498591577829001e-01 -1.245915719974782e+00  2.582514056529397e-03 
-1.241915719974782e+00  1.684225457287084e+00 -1.241915719974782e+00  1.150087474854173e+00 -1.241915719974782e+00  1.321307506703264e+00 -1.241915719974782e+00  1.234812599341660e-01 -1.241915719974782e+00  4.594866493672487e-04 -1.241915719974782e+00  5.255431374295780e-01 -1.241915719974782e+00  2.497169163548461e-01 -1.241915719974782e+00  2.579406993618572e-03 
-1.237915719974782e+00  1.683439060940693e+00 -1.237915719974782e+00  1.150871337524571e+00 -1.237915719974782e+00  1.320219966599393e+00 -1.237915719974782e+00  1.238081419769263e-01 -1.237915719974782e+00  4.626077957695721e-04 -1.237915719974782e+00  5.267946610803244e-01 -1.237915719974782e+00  2.495745837653259e-01 -1.237915719974782e+00  2.576295958244984e-03 
-1.233915719974782e+00  1.682651616207390e+00 -1.233915719974782e+00  1.151656191955598e+00 -1.233915719974782e+00  1.319130338092270e+00 -1.233915719974782e+00  1.241342465567892e-01 -1.233915719974782e+00  4.657331029891900e-04 -1.233915719974782e+00  5.280471304092907e-01 -1.233915719974782e+00  2.494321597768554e-01 -1.233915719974782e+00  2.573180986719698e-03 
-1.229915719974782e+00  1.681863133276893e+00 -1.229915719974782e+00  1.152442029039537e+00 -1.229915719974782e+00  1.318038640416724e+00 -1.229915719974782e+00  1.244595765925472e-01 -1.229915719974782e+00  4.688625305738570e-04 -1.229915719974782e+00  5.293005361183077e-01 -1.229915719974782e+00  2.492896441583573e-01 -1.229915719974782e+00  2.570062115189856e-03 
-1.225915719974782e+00  1.681073622231190e+00 -1.225915719974782e+00  1.153228839807485e+00 -1.225915719974782e+00  1.316944892587273e+00 -1.225915719974782e+00  1.247841350062952e-01 -1.225915719974782e+00  4.719960384990481e-04 -1.225915719974782e+00  5.305548690298998e-01 -1.225915719974782e+00  2.491470366697188e-01 -1.225915719974782e+00  2.566939379251735e-03 
-1.221915719974782e+00  1.680283093024063e+00 -1.221915719974782e+00  1.154016615317655e+00 -1.221915719974782e+00  1.315849113391664e+00 -1.221915719974782e+00  1.251079247315839e-01 -1.221915719974782e+00  4.751335872493436e-04 -1.221915719974782e+00  5.318101200118337e-01 -1.221915719974782e+00  2.490043370791967e-01 -1.221915719974782e+00  2.563812814393968e-03 
-1.217915719974782e+00  1.679491555519189e+00 -1.217915719974782e+00  1.154805346837185e+00 -1.217915719974782e+00  1.314751321409819e+00 -1.217915719974782e+00  1.254309486979836e-01 -1.217915719974782e+00  4.782751376671209e-04 -1.217915719974782e+00  5.330662800992639e-01 -1.217915719974782e+00  2.488615451347291e-01 -1.217915719974782e+00  2.560682455275987e-03 
-1.213915719974782e+00  1.678699019454789e+00 -1.213915719974782e+00  1.155595025656422e+00 -1.213915719974782e+00  1.313651535000800e+00 -1.213915719974782e+00  1.257532098452230e-01 -1.213915719974782e+00  4.814206510929077e-04 -1.213915719974782e+00  5.343233403694420e-01 -1.213915719974782e+00  2.487186605929728e-01 -1.213915719974782e+00  2.557548336465155e-03 
-1.209915719974782e+00  1.677905494458101e+00 -1.209915719974782e+00  1.156385643152764e+00 -1.209915719974782e+00  1.312549772311380e+00 -1.209915719974782e+00  1.260747111172643e-01 -1.209915719974782e+00  4.845700893079207e-04 -1.209915719974782e+00  5.355812919844206e-01 -1.209915719974782e+00  2.485756832091412e-01 -1.209915719974782e+00  2.554410492183257e-03 
-1.205915719974782e+00  1.677110990055330e+00 -1.205915719974782e+00  1.157177190831819e+00 -1.205915719974782e+00  1.311446051282703e+00 -1.205915719974782e+00  1.263954554582955e-01 -1.205915719974782e+00  4.877234144945649e-04 -1.205915719974782e+00  5.368401262185295e-01 -1.205915719974782e+00  2.484326127304099e-01 -1.205915719974782e+00  2.551268956143308e-03 
-1.201915719974782e+00  1.676315515662883e+00 -1.201915719974782e+00  1.157969660275077e+00 -1.201915719974782e+00  1.310340389648660e+00 -1.201915719974782e+00  1.267154458161807e-01 -1.201915719974782e+00  4.908805892712702e-04 -1.201915719974782e+00  5.380998344228778e-01 -1.201915719974782e+00  2.482894489040041e-01 -1.201915719974782e+00  2.548123761757148e-03 
-1.197915719974782e+00  1.675519080595371e+00 -1.197915719974782e+00  1.158763043171694e+00 -1.197915719974782e+00  1.309232804941631e+00 -1.197915719974782e+00  1.270346851392488e-01 -1.197915719974782e+00  4.940415766606352e-04 -1.197915719974782e+00  5.393604080465104e-01 -1.197915719974782e+00  2.481461914720715e-01 -1.197915719974782e+00  2.544974942009264e-03 
-1.193915719974782e+00  1.674721694057423e+00 -1.193915719974782e+00  1.159557331269390e+00 -1.193915719974782e+00  1.308123314490986e+00 -1.193915719974782e+00  1.273531763794936e-01 -1.193915719974782e+00  4.972063401219983e-04 -1.193915719974782e+00  5.406218386030509e-01 -1.193915719974782e+00  2.480028401792729e-01 -1.193915719974782e+00  2.541822529651749e-03 
-1.189915719974782e+00  1.673923365166439e+00 -1.189915719974782e+00  1.160352516479591e+00 -1.189915719974782e+00  1.307011935435436e+00 -1.189915719974782e+00  1.276709224836557e-01 -1.189915719974782e+00  5.003748434611431e-04 -1.189915719974782e+00  5.418841177413473e-01 -1.189915719974782e+00  2.478593947561201e-01 -1.189915719974782e+00  2.538666556786966e-03 
-1.185915719974782e+00  1.673124102913567e+00 -1.185915719974782e+00  1.161148590675724e+00 -1.185915719974782e+00  1.305898684707520e+00 -1.185915719974782e+00  1.279879264084454e-01 -1.185915719974782e+00  5.035470509850813e-04 -1.185915719974782e+00  5.431472371092049e-01 -1.185915719974782e+00  2.477158549505658e-01 -1.185915719974782e+00  2.535507055668086e-03 
-1.181915719974782e+00  1.672323916217545e+00 -1.181915719974782e+00  1.161945545952547e+00 -1.181915719974782e+00  1.304783579059992e+00 -1.181915719974782e+00  1.283041910995727e-01 -1.181915719974782e+00  5.067229272884575e-04 -1.181915719974782e+00  5.444111885280164e-01 -1.181915719974782e+00  2.475722204870897e-01 -1.181915719974782e+00  2.532344057669841e-03 
-1.177915719974782e+00  1.671522813880868e+00 -1.177915719974782e+00  1.162743374401038e+00 -1.177915719974782e+00  1.303666635048004e+00 -1.177915719974782e+00  1.286197195088210e-01 -1.177915719974782e+00  5.099024374274635e-04 -1.177915719974782e+00  5.456759638406969e-01 -1.177915719974782e+00  2.474284911019789e-01 -1.177915719974782e+00  2.529177594181988e-03 
-1.173915719974782e+00  1.670720804614852e+00 -1.173915719974782e+00  1.163542068225116e+00 -1.173915719974782e+00  1.302547869042454e+00 -1.173915719974782e+00  1.289345145843280e-01 -1.173915719974782e+00  5.130855468203630e-04 -1.173915719974782e+00  5.469415549901553e-01 -1.173915719974782e+00  2.472846665248402e-01 -1.173915719974782e+00  2.526007696146004e-03 
-1.169915719974782e+00  1.669917897041293e+00 -1.169915719974782e+00  1.164341619742152e+00 -1.169915719974782e+00  1.301427297232758e+00 -1.169915719974782e+00  1.292485792700240e-01 -1.169915719974782e+00  5.162722212409247e-04 -1.169915719974782e+00  5.482079540194131e-01 -1.169915719974782e+00  2.471407464783906e-01 -1.169915719974782e+00  2.522834394053116e-03 
-1.165915719974782e+00  1.669114099672180e+00 -1.165915719974782e+00  1.165142021275470e+00 -1.165915719974782e+00  1.300304935619424e+00 -1.165915719974782e+00  1.295619165134418e-01 -1.165915719974782e+00  5.194624268989341e-04 -1.165915719974782e+00  5.494751529988010e-01 -1.165915719974782e+00  2.469967306952552e-01 -1.165915719974782e+00  2.519657718370925e-03 
-1.161915719974782e+00  1.668309420947628e+00 -1.161915719974782e+00  1.165943265334386e+00 -1.161915719974782e+00  1.299180800033446e+00 -1.161915719974782e+00  1.298745292512567e-01 -1.161915719974782e+00  5.226561302896314e-04 -1.161915719974782e+00  5.507431441472304e-01 -1.161915719974782e+00  2.468526188894964e-01 -1.161915719974782e+00  2.516477698828853e-03 
-1.157915719974782e+00  1.667503869194967e+00 -1.157915719974782e+00  1.166745344405122e+00 -1.157915719974782e+00  1.298054906119258e+00 -1.157915719974782e+00  1.301864204249616e-01 -1.157915719974782e+00  5.258532983560633e-04 -1.157915719974782e+00  5.520119196908291e-01 -1.157915719974782e+00  2.467084107894140e-01 -1.157915719974782e+00  2.513294365247968e-03 
-1.153915719974782e+00  1.666697452664027e+00 -1.153915719974782e+00  1.167548251117838e+00 -1.153915719974782e+00  1.296927269352908e+00 -1.153915719974782e+00  1.304975929674925e-01 -1.153915719974782e+00  5.290538983491000e-04 -1.153915719974782e+00  5.532814719754434e-01 -1.153915719974782e+00  2.465641061111180e-01 -1.153915719974782e+00  2.510107746878079e-03 
-1.149915719974782e+00  1.665890179507730e+00 -1.149915719974782e+00  1.168351978143939e+00 -1.149915719974782e+00  1.295797905034854e+00 -1.149915719974782e+00  1.308080498106698e-01 -1.149915719974782e+00  5.322578979043874e-04 -1.149915719974782e+00  5.545517933970723e-01 -1.149915719974782e+00  2.464197045745836e-01 -1.149915719974782e+00  2.506917872805314e-03 
-1.145915719974782e+00  1.665082057801141e+00 -1.145915719974782e+00  1.169156518283094e+00 -1.145915719974782e+00  1.294666828300653e+00 -1.145915719974782e+00  1.311177938780963e-01 -1.145915719974782e+00  5.354652649667695e-04 -1.145915719974782e+00  5.558228764603965e-01 -1.145915719974782e+00  2.462752058898130e-01 -1.145915719974782e+00  2.503724771606708e-03 
-1.141915719974782e+00  1.664273095527992e+00 -1.141915719974782e+00  1.169961864389984e+00 -1.141915719974782e+00  1.293534054116416e+00 -1.141915719974782e+00  1.314268280903394e-01 -1.141915719974782e+00  5.386759678438124e-04 -1.141915719974782e+00  5.570947137290795e-01 -1.141915719974782e+00  2.461306097682616e-01 -1.141915719974782e+00  2.500528471640985e-03 
-1.137915719974782e+00  1.663463300569653e+00 -1.137915719974782e+00  1.170768009313837e+00 -1.137915719974782e+00  1.292399597275254e+00 -1.137915719974782e+00  1.317351553690872e-01 -1.137915719974782e+00  5.418899752494833e-04 -1.137915719974782e+00  5.583672977846608e-01 -1.137915719974782e+00  2.459859159322603e-01 -1.137915719974782e+00  2.497329001288513e-03 
-1.133915719974782e+00  1.662652680754544e+00 -1.133915719974782e+00  1.171574946134195e+00 -1.133915719974782e+00  1.291263472422371e+00 -1.133915719974782e+00  1.320427786188284e-01 -1.133915719974782e+00  5.451072561081193e-04 -1.133915719974782e+00  5.596406213856278e-01 -1.133915719974782e+00  2.458411240777070e-01 -1.133915719974782e+00  2.494126388015563e-03 
-1.129915719974782e+00  1.661841243799366e+00 -1.129915719974782e+00  1.172382667866178e+00 -1.129915719974782e+00  1.290125694028892e+00 -1.129915719974782e+00  1.323497007488634e-01 -1.129915719974782e+00  5.483277797876288e-04 -1.129915719974782e+00  5.609146772680365e-01 -1.129915719974782e+00  2.456962339204415e-01 -1.129915719974782e+00  2.490920659544078e-03 
-1.125915719974782e+00  1.661028997344578e+00 -1.125915719974782e+00  1.173191167628278e+00 -1.125915719974782e+00  1.288986276410288e+00 -1.125915719974782e+00  1.326559246601701e-01 -1.125915719974782e+00  5.515515159586943e-04 -1.125915719974782e+00  5.621894582586573e-01 -1.125915719974782e+00  2.455512451696652e-01 -1.125915719974782e+00  2.487711843185769e-03 
-1.121915719974782e+00  1.660215948965419e+00 -1.121915719974782e+00  1.174000438689653e+00 -1.121915719974782e+00  1.287845233733336e+00 -1.121915719974782e+00  1.329614532415115e-01 -1.121915719974782e+00  5.547784345510440e-04 -1.121915719974782e+00  5.634649573067286e-01 -1.121915719974782e+00  2.454061575203461e-01 -1.121915719974782e+00  2.484499965654356e-03 
-1.117915719974782e+00  1.659402106144241e+00 -1.117915719974782e+00  1.174810474328816e+00 -1.117915719974782e+00  1.286702580004477e+00 -1.117915719974782e+00  1.332662893797680e-01 -1.117915719974782e+00  5.580085058632347e-04 -1.117915719974782e+00  5.647411673882279e-01 -1.117915719974782e+00  2.452609706754117e-01 -1.117915719974782e+00  2.481285053626413e-03 
-1.113915719974782e+00  1.658587476271156e+00 -1.113915719974782e+00  1.175621267830729e+00 -1.113915719974782e+00  1.285558329071594e+00 -1.113915719974782e+00  1.335704359597465e-01 -1.113915719974782e+00  5.612417005600955e-04 -1.113915719974782e+00  5.660180815036387e-01 -1.113915719974782e+00  2.451156843461136e-01 -1.113915719974782e+00  2.478067133752973e-03 
-1.109915719974782e+00  1.657772066684247e+00 -1.109915719974782e+00  1.176432812677197e+00 -1.109915719974782e+00  1.284412494644964e+00 -1.109915719974782e+00  1.338738958496122e-01 -1.109915719974782e+00  5.644779895131177e-04 -1.109915719974782e+00  5.672956928064972e-01 -1.109915719974782e+00  2.449702982218190e-01 -1.109915719974782e+00  2.474846231903743e-03 
-1.105915719974782e+00  1.656955884624838e+00 -1.105915719974782e+00  1.177245102322647e+00 -1.105915719974782e+00  1.283265090277191e+00 -1.105915719974782e+00  1.341766719173784e-01 -1.105915719974782e+00  5.677173439780042e-04 -1.105915719974782e+00  5.685739944515384e-01 -1.105915719974782e+00  2.448248120053379e-01 -1.105915719974782e+00  2.471622374057169e-03 
-1.101915719974782e+00  1.656138937269941e+00 -1.101915719974782e+00  1.178058130346435e+00 -1.101915719974782e+00  1.282116129380385e+00 -1.101915719974782e+00  1.344787670192036e-01 -1.101915719974782e+00  5.709597354658570e-04 -1.101915719974782e+00  5.698529796974858e-01 -1.101915719974782e+00  2.446792253887325e-01 -1.101915719974782e+00  2.468395585695818e-03 
-1.097915719974782e+00  1.655321231708145e+00 -1.097915719974782e+00  1.178871890329867e+00 -1.097915719974782e+00  1.280965625215903e+00 -1.097915719974782e+00  1.347801840082787e-01 -1.097915719974782e+00  5.742051358389131e-04 -1.097915719974782e+00  5.711326418236554e-01 -1.097915719974782e+00  2.445335380726588e-01 -1.097915719974782e+00  2.465165892294562e-03 
-1.093915719974782e+00  1.654502774970145e+00 -1.093915719974782e+00  1.179686375998969e+00 -1.093915719974782e+00  1.279813590910693e+00 -1.093915719974782e+00  1.350809257239326e-01 -1.093915719974782e+00  5.774535171893308e-04 -1.093915719974782e+00  5.724129742263163e-01 -1.093915719974782e+00  2.443877497436681e-01 -1.093915719974782e+00  2.461933318753879e-03 
-1.089915719974782e+00  1.653683574002579e+00 -1.089915719974782e+00  1.180501581091647e+00 -1.089915719974782e+00  1.278660039445931e+00 -1.089915719974782e+00  1.353809950012280e-01 -1.089915719974782e+00  5.807048519430660e-04 -1.089915719974782e+00  5.736939703286168e-01 -1.089915719974782e+00  2.442418600951155e-01 -1.089915719974782e+00  2.458697889927055e-03 
-1.085915719974782e+00  1.652863635677262e+00 -1.085915719974782e+00  1.181317499397323e+00 -1.085915719974782e+00  1.277504983662902e+00 -1.085915719974782e+00  1.356803946677482e-01 -1.085915719974782e+00  5.839591128231764e-04 -1.085915719974782e+00  5.749756236071799e-01 -1.085915719974782e+00  2.440958688207909e-01 -1.085915719974782e+00  2.455459630463020e-03 
-1.081915719974782e+00  1.652042966800087e+00 -1.081915719974782e+00  1.182134124794565e+00 -1.081915719974782e+00  1.276348436268761e+00 -1.081915719974782e+00  1.359791275405711e-01 -1.081915719974782e+00  5.872162728145288e-04 -1.081915719974782e+00  5.762579276173636e-01 -1.081915719974782e+00  2.439497756088456e-01 -1.081915719974782e+00  2.452218564656799e-03 
-1.077915719974782e+00  1.651221574110609e+00 -1.077915719974782e+00  1.182951451243802e+00 -1.077915719974782e+00  1.275190409837719e+00 -1.077915719974782e+00  1.362771964265969e-01 -1.077915719974782e+00  5.904763051654291e-04 -1.077915719974782e+00  5.775408759881268e-01 -1.077915719974782e+00  2.438035801428389e-01 -1.077915719974782e+00  2.448974716478572e-03 
-1.073915719974782e+00  1.650399464274224e+00 -1.073915719974782e+00  1.183769472744002e+00 -1.073915719974782e+00  1.274030916808498e+00 -1.073915719974782e+00  1.365746041254862e-01 -1.073915719974782e+00  5.937391834186849e-04 -1.073915719974782e+00  5.788244623925082e-01 -1.073915719974782e+00  2.436572821084952e-01 -1.073915719974782e+00  2.445728109745525e-03 
-1.069915719974782e+00  1.649576643879195e+00 -1.069915719974782e+00  1.184588183313446e+00 -1.069915719974782e+00  1.272869969484117e+00 -1.069915719974782e+00  1.368713534308333e-01 -1.069915719974782e+00  5.970048814233873e-04 -1.069915719974782e+00  5.801086805344007e-01 -1.069915719974782e+00  2.435108811966594e-01 -1.069915719974782e+00  2.442478768198254e-03 
-1.065915719974782e+00  1.648753119465150e+00 -1.065915719974782e+00  1.185407577122267e+00 -1.065915719974782e+00  1.271707580047404e+00 -1.065915719974782e+00  1.371674471202785e-01 -1.065915719974782e+00  6.002733732217913e-04 -1.065915719974782e+00  5.813935242380723e-01 -1.065915719974782e+00  2.433643770821674e-01 -1.065915719974782e+00  2.439226714974630e-03 
-1.061915719974782e+00  1.647928897483733e+00 -1.061915719974782e+00  1.186227648297233e+00 -1.061915719974782e+00  1.270543760542616e+00 -1.061915719974782e+00  1.374628879695343e-01 -1.061915719974782e+00  6.035446332055011e-04 -1.061915719974782e+00  5.826789873158097e-01 -1.061915719974782e+00  2.432177694547132e-01 -1.061915719974782e+00  2.435971973384634e-03 
-1.057915719974782e+00  1.647103984340708e+00 -1.057915719974782e+00  1.187048391120365e+00 -1.057915719974782e+00  1.269378522897759e+00 -1.057915719974782e+00  1.377576787377527e-01 -1.057915719974782e+00  6.068186359483758e-04 -1.057915719974782e+00  5.839650637021984e-01 -1.057915719974782e+00  2.430710579872309e-01 -1.057915719974782e+00  2.432714566122094e-03 
-1.053915719974782e+00  1.646278386359168e+00 -1.053915719974782e+00  1.187869799846225e+00 -1.053915719974782e+00  1.268211878907362e+00 -1.053915719974782e+00  1.380518221805826e-01 -1.053915719974782e+00  6.100953563525263e-04 -1.053915719974782e+00  5.852517473302071e-01 -1.053915719974782e+00  2.429242423647963e-01 -1.053915719974782e+00  2.429454515989781e-03 
-1.049915719974782e+00  1.645452109806002e+00 -1.049915719974782e+00  1.188691868825077e+00 -1.049915719974782e+00  1.267043840246967e+00 -1.049915719974782e+00  1.383453210410678e-01 -1.049915719974782e+00  6.133747695432630e-04 -1.049915719974782e+00  5.865390322143904e-01 -1.049915719974782e+00  2.427773222649779e-01 -1.049915719974782e+00  2.426191845410694e-03 
-1.045915719974782e+00  1.644625160884363e+00 -1.045915719974782e+00  1.189514592461644e+00 -1.045915719974782e+00  1.265874418470553e+00 -1.045915719974782e+00  1.386381780524618e-01 -1.045915719974782e+00  6.166568508990208e-04 -1.045915719974782e+00  5.878269124227731e-01 -1.045915719974782e+00  2.426302973642824e-01 -1.045915719974782e+00  2.422926576591655e-03 
-1.041915719974782e+00  1.643797545736196e+00 -1.041915719974782e+00  1.190337965222678e+00 -1.041915719974782e+00  1.264703625012985e+00 -1.041915719974782e+00  1.389303959375171e-01 -1.041915719974782e+00  6.199415760412710e-04 -1.041915719974782e+00  5.891153820817877e-01 -1.041915719974782e+00  2.424831673368548e-01 -1.041915719974782e+00  2.419658731493318e-03 
-1.037915719974782e+00  1.642969270443870e+00 -1.037915719974782e+00  1.191161981640233e+00 -1.037915719974782e+00  1.263531471192008e+00 -1.037915719974782e+00  1.392219774081055e-01 -1.037915719974782e+00  6.232289208280886e-04 -1.037915719974782e+00  5.904044353783076e-01 -1.037915719974782e+00  2.423359318538564e-01 -1.037915719974782e+00  2.416388331817130e-03 
-1.033915719974782e+00  1.642140341019005e+00 -1.033915719974782e+00  1.191986636253361e+00 -1.033915719974782e+00  1.262357968203682e+00 -1.033915719974782e+00  1.395129251692219e-01 -1.033915719974782e+00  6.265188613984878e-04 -1.033915719974782e+00  5.916940665199555e-01 -1.033915719974782e+00  2.421885905926524e-01 -1.033915719974782e+00  2.413115399236809e-03 
-1.029915719974782e+00  1.641310763412883e+00 -1.029915719974782e+00  1.192811923653963e+00 -1.029915719974782e+00  1.261183127128767e+00 -1.029915719974782e+00  1.398032419155491e-01 -1.029915719974782e+00  6.298113741310691e-04 -1.029915719974782e+00  5.929842697659857e-01 -1.029915719974782e+00  2.420411432294253e-01 -1.029915719974782e+00  2.409839955216292e-03 
-1.025915719974782e+00  1.640480543535874e+00 -1.025915719974782e+00  1.193637838575284e+00 -1.025915719974782e+00  1.260006958943812e+00 -1.025915719974782e+00  1.400929303250241e-01 -1.025915719974782e+00  6.331064355669494e-04 -1.025915719974782e+00  5.942750394870522e-01 -1.025915719974782e+00  2.418935894249793e-01 -1.025915719974782e+00  2.406562020658541e-03 
-1.021915719974782e+00  1.639649687222057e+00 -1.021915719974782e+00  1.194464375717996e+00 -1.021915719974782e+00  1.258829474504119e+00 -1.021915719974782e+00  1.403819930711017e-01 -1.021915719974782e+00  6.364040225501529e-04 -1.021915719974782e+00  5.955663700472085e-01 -1.021915719974782e+00  2.417459288523468e-01 -1.021915719974782e+00  2.403281616595838e-03 
-1.017915719974782e+00  1.638818200245204e+00 -1.017915719974782e+00  1.195291529822751e+00 -1.017915719974782e+00  1.257650684552957e+00 -1.017915719974782e+00  1.406704328174361e-01 -1.017915719974782e+00  6.397041121642078e-04 -1.017915719974782e+00  5.968582558528720e-01 -1.017915719974782e+00  2.415981611851491e-01 -1.017915719974782e+00  2.399998763901738e-03 
-1.013915719974782e+00  1.637986088336311e+00 -1.013915719974782e+00  1.196119295749741e+00 -1.013915719974782e+00  1.256470599731663e+00 -1.013915719974782e+00  1.409582522121267e-01 -1.013915719974782e+00  6.430066816624918e-04 -1.013915719974782e+00  5.981506914065600e-01 -1.013915719974782e+00  2.414502860848167e-01 -1.013915719974782e+00  2.396713482975417e-03 
-1.009915719974782e+00  1.637153357162091e+00 -1.009915719974782e+00  1.196947668371606e+00 -1.009915719974782e+00  1.255289230569611e+00 -1.009915719974782e+00  1.412454538952014e-01 -1.009915719974782e+00  6.463117085536923e-04 -1.009915719974782e+00  5.994436712341524e-01 -1.009915719974782e+00  2.413023032175670e-01 -1.009915719974782e+00  2.393425794166566e-03 
-1.005915719974782e+00  1.636320012326721e+00 -1.005915719974782e+00  1.197776642577940e+00 -1.005915719974782e+00  1.254106587486084e+00 -1.005915719974782e+00  1.415320404981594e-01 -1.005915719974782e+00  6.496191705947637e-04 -1.005915719974782e+00  6.007371898877663e-01 -1.005915719974782e+00  2.411542122536122e-01 -1.005915719974782e+00  2.390135717757635e-03 
-1.001915719974782e+00  1.635486059391516e+00 -1.001915719974782e+00  1.198606213365081e+00 -1.001915719974782e+00  1.252922680801482e+00 -1.001915719974782e+00  1.418180146375433e-01 -1.001915719974782e+00  6.529290457129147e-04 -1.001915719974782e+00  6.020312420064344e-01 -1.001915719974782e+00  2.410060128527334e-01 -1.001915719974782e+00  2.386843273607444e-03 
-9.979157199747819e-01  1.634651503860330e+00 -9.979157199747819e-01  1.199436375762510e+00 -9.979157199747819e-01  1.251737520730765e+00 -9.979157199747819e-01  1.421033789200390e-01 -9.979157199747819e-01  6.562413120635493e-04 -9.979157199747819e-01  6.033258222660557e-01 -9.979157199747819e-01  2.408577046759364e-01 -9.979157199747819e-01  2.383548481443241e-03 
-9.939157199747819e-01  1.633816351176913e+00 -9.939157199747819e-01  1.200267124816313e+00 -9.939157199747819e-01  1.250551117383007e+00 -9.939157199747819e-01  1.423881359435073e-01 -9.939157199747819e-01  6.595559480406681e-04 -9.939157199747819e-01  6.046209253680194e-01 -9.939157199747819e-01  2.407092873880155e-01 -9.939157199747819e-01  2.380251360926382e-03 
-9.899157199747819e-01  1.632980606735152e+00 -9.899157199747819e-01  1.201098455634217e+00 -9.899157199747819e-01  1.249363480767694e+00 -9.899157199747819e-01  1.426722882937431e-01 -9.899157199747819e-01  6.628729322363189e-04 -9.899157199747819e-01  6.059165460695566e-01 -9.899157199747819e-01  2.405607606502734e-01 -9.899157199747819e-01  2.376951931473581e-03 
-9.859157199747819e-01  1.632144275882788e+00 -9.859157199747819e-01  1.201930363399541e+00 -9.859157199747819e-01  1.248174620797632e+00 -9.859157199747819e-01  1.429558385434385e-01 -9.859157199747819e-01  6.661922434258247e-04 -9.859157199747819e-01  6.072126791930410e-01 -9.859157199747819e-01  2.404121241181942e-01 -9.859157199747819e-01  2.373650212201521e-03 
-9.819157199747819e-01  1.631307363901631e+00 -9.819157199747819e-01  1.202762843273135e+00 -9.819157199747819e-01  1.246984547279483e+00 -9.819157199747819e-01  1.432387892588986e-01 -9.819157199747819e-01  6.695138606462512e-04 -9.819157199747819e-01  6.085093195593451e-01 -9.819157199747819e-01  2.402633774570574e-01 -9.819157199747819e-01  2.370346222316096e-03 
-9.779157199747819e-01  1.630469876040744e+00 -9.779157199747819e-01  1.203595890547740e+00 -9.779157199747819e-01  1.245793269932119e+00 -9.779157199747819e-01  1.435211429892575e-01 -9.779157199747819e-01  6.728377630647585e-04 -9.779157199747819e-01  6.098064620923251e-01 -9.779157199747819e-01  2.401145203171400e-01 -9.779157199747819e-01  2.367039980499691e-03 
-9.739157199747819e-01  1.629631817487830e+00 -9.739157199747819e-01  1.204429500508147e+00 -9.739157199747819e-01  1.244600798372475e+00 -9.739157199747819e-01  1.438029022761062e-01 -9.739157199747819e-01  6.761639300921184e-04 -9.739157199747819e-01  6.111041017238587e-01 -9.739157199747819e-01  2.399655523560240e-01 -9.739157199747819e-01  2.363731505466304e-03 
-9.699157199747819e-01  1.628793193380222e+00 -9.699157199747819e-01  1.205263668479959e+00 -9.699157199747819e-01  1.243407142122205e+00 -9.699157199747819e-01  1.440840696500311e-01 -9.699157199747819e-01  6.794923413391349e-04 -9.699157199747819e-01  6.124022334267445e-01 -9.699157199747819e-01  2.398164732307109e-01 -9.699157199747819e-01  2.360420815767914e-03 
-9.659157199747819e-01  1.627954008807527e+00 -9.659157199747819e-01  1.206098389838634e+00 -9.659157199747819e-01  1.242212310609956e+00 -9.659157199747819e-01  1.443646476299246e-01 -9.659157199747819e-01  6.828229766061346e-04 -9.659157199747819e-01  6.137008522206649e-01 -9.659157199747819e-01  2.396672825960919e-01 -9.659157199747819e-01  2.357107929758672e-03 
-9.619157199747819e-01  1.627114268811694e+00 -9.619157199747819e-01  1.206933660006334e+00 -9.619157199747819e-01  1.241016313172254e+00 -9.619157199747819e-01  1.446446387231414e-01 -9.619157199747819e-01  6.861558158826457e-04 -9.619157199747819e-01  6.149999531699163e-01 -9.619157199747819e-01  2.395179801053654e-01 -9.619157199747819e-01  2.353792865607298e-03 
-9.579157199747819e-01  1.626273978390079e+00 -9.579157199747819e-01  1.207769474462911e+00 -9.579157199747819e-01  1.239819159055997e+00 -9.579157199747819e-01  1.449240454246921e-01 -9.579157199747819e-01  6.894908393353255e-04 -9.579157199747819e-01  6.162995313906862e-01 -9.579157199747819e-01  2.393685654081985e-01 -9.579157199747819e-01  2.350475641253622e-03 
-9.539157199747819e-01  1.625433142490928e+00 -9.539157199747819e-01  1.208605828721259e+00 -9.539157199747819e-01  1.238620857416891e+00 -9.539157199747819e-01  1.452028702188856e-01 -9.539157199747819e-01  6.928280273258097e-04 -9.539157199747819e-01  6.175995820341997e-01 -9.539157199747819e-01  2.392190381545974e-01 -9.539157199747819e-01  2.347156274506304e-03 
-9.499157199747819e-01  1.624591766007512e+00 -9.499157199747819e-01  1.209442718296171e+00 -9.499157199747819e-01  1.237421417317117e+00 -9.499157199747819e-01  1.454811155813828e-01 -9.499157199747819e-01  6.961673604339968e-04 -9.499157199747819e-01  6.189001002654482e-01 -9.499157199747819e-01  2.390693979998432e-01 -9.499157199747819e-01  2.343834783166459e-03 
-9.459157199747819e-01  1.623749853796926e+00 -9.459157199747819e-01  1.210280138790111e+00 -9.459157199747819e-01  1.236220847736171e+00 -9.459157199747819e-01  1.457587839733036e-01 -9.459157199747819e-01  6.995088193834894e-04 -9.459157199747819e-01  6.202010813211982e-01 -9.459157199747819e-01  2.389196445906303e-01 -9.459157199747819e-01  2.340511184687265e-03 
-9.419157199747819e-01  1.622907410665597e+00 -9.419157199747819e-01  1.211118085821320e+00 -9.419157199747819e-01  1.235019157563926e+00 -9.419157199747819e-01  1.460358778460780e-01 -9.419157199747819e-01  7.028523850990273e-04 -9.419157199747819e-01  6.215025204610942e-01 -9.419157199747819e-01  2.387697775765421e-01 -9.419157199747819e-01  2.337185496459283e-03 
-9.379157199747818e-01  1.622064441383429e+00 -9.379157199747818e-01  1.211956555087460e+00 -9.379157199747818e-01  1.233816355609005e+00 -9.379157199747818e-01  1.463123996370860e-01 -9.379157199747818e-01  7.061980386504259e-04 -9.379157199747818e-01  6.228044130106799e-01 -9.379157199747818e-01  2.386197965997345e-01 -9.379157199747818e-01  2.333857735557847e-03 
-9.339157199747818e-01  1.621220950664059e+00 -9.339157199747818e-01  1.212795542269400e+00 -9.339157199747818e-01  1.232612450588947e+00 -9.339157199747818e-01  1.465883517761497e-01 -9.339157199747818e-01  7.095457613308796e-04 -9.339157199747818e-01  6.241067542959975e-01 -9.339157199747818e-01  2.384697013103518e-01 -9.339157199747818e-01  2.330527919124957e-03 
-9.299157199747818e-01  1.620376943184213e+00 -9.299157199747818e-01  1.213635043119307e+00 -9.299157199747818e-01  1.231407451141352e+00 -9.299157199747818e-01  1.468637366795089e-01 -9.299157199747818e-01  7.128955345801579e-04 -9.299157199747818e-01  6.254095397031855e-01 -9.299157199747818e-01  2.383194913522685e-01 -9.299157199747818e-01  2.327196064019641e-03 
-9.259157199747818e-01  1.619532423573238e+00 -9.259157199747818e-01  1.214475053408319e+00 -9.259157199747818e-01  1.230201365819011e+00 -9.259157199747818e-01  1.471385567533370e-01 -9.259157199747818e-01  7.162473400261484e-04 -9.259157199747818e-01  6.267127646428556e-01 -9.259157199747818e-01  2.381691663714445e-01 -9.259157199747818e-01  2.323862187025617e-03 
-9.219157199747818e-01  1.618687396420576e+00 -9.219157199747818e-01  1.215315568958808e+00 -9.219157199747818e-01  1.228994203094668e+00 -9.219157199747818e-01  1.474128143915343e-01 -9.219157199747818e-01  7.196011594551834e-04 -9.219157199747818e-01  6.280164245718305e-01 -9.219157199747818e-01  2.380187260106542e-01 -9.219157199747818e-01  2.320526304723286e-03 
-9.179157199747818e-01  1.617841866277140e+00 -9.179157199747818e-01  1.216156585647691e+00 -9.179157199747818e-01  1.227785971362505e+00 -9.179157199747818e-01  1.476865119754798e-01 -9.179157199747818e-01  7.229569748066143e-04 -9.179157199747818e-01  6.293205149952505e-01 -9.179157199747818e-01  2.378681699088700e-01 -9.179157199747818e-01  2.317188433476568e-03 
-9.139157199747818e-01  1.616995837648702e+00 -9.139157199747818e-01  1.216998099372533e+00 -9.139157199747818e-01  1.226576678935280e+00 -9.139157199747818e-01  1.479596518762888e-01 -9.139157199747818e-01  7.263147681989940e-04 -9.139157199747818e-01  6.306250314434487e-01 -9.139157199747818e-01  2.377174977066622e-01 -9.139157199747818e-01  2.313848589567390e-03 
-9.099157199747818e-01  1.616149314992212e+00 -9.099157199747818e-01  1.217840106031436e+00 -9.099157199747818e-01  1.225366334043011e+00 -9.099157199747818e-01  1.482322364561214e-01 -9.099157199747818e-01  7.296745219447082e-04 -9.099157199747818e-01  6.319299694581807e-01 -9.099157199747818e-01  2.375667090493898e-01 -9.099157199747818e-01  2.310506789275590e-03 
-9.059157199747818e-01  1.615302302728831e+00 -9.059157199747818e-01  1.218682601581337e+00 -9.059157199747818e-01  1.224154944840742e+00 -9.059157199747818e-01  1.485042680642520e-01 -9.059157199747818e-01  7.330362184982986e-04 -9.059157199747818e-01  6.332353246320195e-01 -9.059157199747818e-01  2.374158035777118e-01 -9.059157199747818e-01  2.307163048647512e-03 
-9.019157199747818e-01  1.614454805252809e+00 -9.019157199747818e-01  1.219525582076903e+00 -9.019157199747818e-01  1.222942519414109e+00 -9.019157199747818e-01  1.487757490344856e-01 -9.019157199747818e-01  7.363998404211353e-04 -9.019157199747818e-01  6.345410926346082e-01 -9.019157199747818e-01  2.372647809212078e-01 -9.019157199747818e-01  2.303817383341592e-03 
-8.979157199747818e-01  1.613606826904825e+00 -8.979157199747818e-01  1.220369043542589e+00 -8.979157199747818e-01  1.221729065765468e+00 -8.979157199747818e-01  1.490466816936638e-01 -8.979157199747818e-01  7.397653704872565e-04 -8.979157199747818e-01  6.358472691257566e-01 -8.979157199747818e-01  2.371136407190089e-01 -8.979157199747818e-01  2.300469809136168e-03 
-8.939157199747818e-01  1.612758371981990e+00 -8.939157199747818e-01  1.221212982016947e+00 -8.939157199747818e-01  1.220514591819988e+00 -8.939157199747818e-01  1.493170683586796e-01 -8.939157199747818e-01  7.431327916437347e-04 -8.939157199747818e-01  6.371538497853613e-01 -8.939157199747818e-01  2.369623826125769e-01 -8.939157199747818e-01  2.297120341753631e-03 
-8.899157199747818e-01  1.611909444754656e+00 -8.899157199747818e-01  1.222057393628781e+00 -8.899157199747818e-01  1.219299105435516e+00 -8.899157199747818e-01  1.495869113314220e-01 -8.899157199747818e-01  7.465020869438552e-04 -8.899157199747818e-01  6.384608303649303e-01 -8.899157199747818e-01  2.368110062332961e-01 -8.899157199747818e-01  2.293768996558221e-03 
-8.859157199747818e-01  1.611060049446015e+00 -8.859157199747818e-01  1.222902274498781e+00 -8.859157199747818e-01  1.218082614392050e+00 -8.859157199747818e-01  1.498562129052826e-01 -8.859157199747818e-01  7.498732396281560e-04 -8.859157199747818e-01  6.397682066207354e-01 -8.859157199747818e-01  2.366595112183403e-01 -8.859157199747818e-01  2.290415788946335e-03 
-8.819157199747818e-01  1.610210190249613e+00 -8.819157199747818e-01  1.223747620818925e+00 -8.819157199747818e-01  1.216865126401985e+00 -8.819157199747818e-01  1.501249753598965e-01 -8.819157199747818e-01  7.532462330548827e-04 -8.819157199747818e-01  6.410759743675428e-01 -8.819157199747818e-01  2.365078971977347e-01 -8.819157199747818e-01  2.287060734031455e-03 
-8.779157199747818e-01  1.609359871315100e+00 -8.779157199747818e-01  1.224593428783345e+00 -8.779157199747818e-01  1.215646649102916e+00 -8.779157199747818e-01  1.503932009657085e-01 -8.779157199747818e-01  7.566210507565564e-04 -8.779157199747818e-01  6.423841294316012e-01 -8.779157199747818e-01  2.363561638055038e-01 -8.779157199747818e-01  2.283703846918487e-03 
-8.739157199747818e-01  1.608509096761149e+00 -8.739157199747818e-01  1.225439694646067e+00 -8.739157199747818e-01  1.214427190065353e+00 -8.739157199747818e-01  1.506608919801584e-01 -8.739157199747818e-01  7.599976763887085e-04 -8.739157199747818e-01  6.436926676896788e-01 -8.739157199747818e-01  2.362043106702358e-01 -8.739157199747818e-01  2.280345142474682e-03 
-8.699157199747818e-01  1.607657870663414e+00 -8.699157199747818e-01  1.226286414662272e+00 -8.699157199747818e-01  1.213206756786702e+00 -8.699157199747818e-01  1.509280506515353e-01 -8.699157199747818e-01  7.633760937776379e-04 -8.699157199747818e-01  6.450015850290990e-01 -8.699157199747818e-01  2.360523374245577e-01 -8.699157199747818e-01  2.276984635562647e-03 
-8.659157199747818e-01  1.606806197059405e+00 -8.659157199747818e-01  1.227133585108789e+00 -8.659157199747818e-01  1.211985356694524e+00 -8.659157199747818e-01  1.511946792176314e-01 -8.659157199747818e-01  7.667562869010965e-04 -8.659157199747818e-01  6.463108773615278e-01 -8.659157199747818e-01  2.359002437017532e-01 -8.659157199747818e-01  2.273622340959108e-03 
-8.619157199747818e-01  1.605954079964196e+00 -8.619157199747818e-01  1.227981202354640e+00 -8.619157199747818e-01  1.210762997155859e+00 -8.619157199747818e-01  1.514607799011249e-01 -8.619157199747818e-01  7.701382398259203e-04 -8.619157199747818e-01  6.476205406706883e-01 -8.619157199747818e-01  2.357480291242124e-01 -8.619157199747818e-01  2.270258273074903e-03 
-8.579157199747818e-01  1.605101523347338e+00 -8.579157199747818e-01  1.228829262751140e+00 -8.579157199747818e-01  1.209539685464997e+00 -8.579157199747818e-01  1.517263549167774e-01 -8.579157199747818e-01  7.735219367996632e-04 -8.579157199747818e-01  6.489305709377167e-01 -8.579157199747818e-01  2.355956933212502e-01 -8.579157199747818e-01  2.266892446391091e-03 
-8.539157199747818e-01  1.604248531148533e+00 -8.539157199747818e-01  1.229677762702586e+00 -8.539157199747818e-01  1.208315428852758e+00 -8.539157199747818e-01  1.519914064668197e-01 -8.539157199747818e-01  7.769073621884066e-04 -8.539157199747818e-01  6.502409641889790e-01 -8.539157199747818e-01  2.354432359175423e-01 -8.539157199747818e-01  2.263524875178512e-03 
-8.499157199747818e-01  1.603395107264072e+00 -8.499157199747818e-01  1.230526698600754e+00 -8.499157199747818e-01  1.207090234479504e+00 -8.499157199747818e-01  1.522559367452088e-01 -8.499157199747818e-01  7.802945005305522e-04 -8.499157199747818e-01  6.515517164515359e-01 -8.499157199747818e-01  2.352906565437395e-01 -8.499157199747818e-01  2.260155573757648e-03 
-8.459157199747818e-01  1.602541255574322e+00 -8.459157199747818e-01  1.231376066950418e+00 -8.459157199747818e-01  1.205864109451011e+00 -8.459157199747818e-01  1.525199479294942e-01 -8.459157199747818e-01  7.836833364277411e-04 -8.459157199747818e-01  6.528628238381542e-01 -8.459157199747818e-01  2.351379548159341e-01 -8.459157199747818e-01  2.256784556000569e-03 
-8.419157199747818e-01  1.601686979905776e+00 -8.419157199747818e-01  1.232225864190785e+00 -8.419157199747818e-01  1.204637060797863e+00 -8.419157199747818e-01  1.527834421924107e-01 -8.419157199747818e-01  7.870738546954988e-04 -8.419157199747818e-01  6.541742824260963e-01 -8.419157199747818e-01  2.349851303647324e-01 -8.419157199747818e-01  2.253411836039517e-03 
-8.379157199747818e-01  1.600832284061273e+00 -8.379157199747818e-01  1.233076086833560e+00 -8.379157199747818e-01  1.203409095492841e+00 -8.379157199747818e-01  1.530464216929202e-01 -8.379157199747818e-01  7.904660402432293e-04 -8.379157199747818e-01  6.554860883506304e-01 -8.379157199747818e-01  2.348321828126714e-01 -8.379157199747818e-01  2.250037427719038e-03 
-8.339157199747818e-01  1.599977171818472e+00 -8.339157199747818e-01  1.233926731453589e+00 -8.339157199747818e-01  1.202180220450640e+00 -8.339157199747818e-01  1.533088885768616e-01 -8.339157199747818e-01  7.938598780803628e-04 -8.339157199747818e-01  6.567982377985829e-01 -8.339157199747818e-01  2.346791117756647e-01 -8.339157199747818e-01  2.246661344633026e-03 
-8.299157199747818e-01  1.599121646908508e+00 -8.299157199747818e-01  1.234777794587818e+00 -8.299157199747818e-01  1.200950442516424e+00 -8.299157199747818e-01  1.535708449834667e-01 -8.299157199747818e-01  7.972553534009455e-04 -8.299157199747818e-01  6.581107269397042e-01 -8.299157199747818e-01  2.345259168794732e-01 -8.299157199747818e-01  2.243283600525858e-03 
-8.259157199747817e-01  1.598265713036430e+00 -8.259157199747817e-01  1.235629272827814e+00 -8.259157199747817e-01  1.199719768477792e+00 -8.259157199747817e-01  1.538322930394064e-01 -8.259157199747817e-01  8.006524515026555e-04 -8.259157199747817e-01  6.594235519893088e-01 -8.259157199747817e-01  2.343725977445213e-01 -8.259157199747817e-01  2.239904208925111e-03 
-8.219157199747817e-01  1.597409373888973e+00 -8.219157199747817e-01  1.236481162853578e+00 -8.219157199747817e-01  1.198488205069699e+00 -8.219157199747817e-01  1.540932348566536e-01 -8.219157199747817e-01  8.040511577558212e-04 -8.219157199747817e-01  6.607367092310783e-01 -8.219157199747817e-01  2.342191539802805e-01 -8.219157199747817e-01  2.236523183007359e-03 
-8.179157199747817e-01  1.596552633093498e+00 -8.179157199747817e-01  1.237333461241493e+00 -8.179157199747817e-01  1.197255758951821e+00 -8.179157199747817e-01  1.543536725448045e-01 -8.179157199747817e-01  8.074514577665077e-04 -8.179157199747817e-01  6.620501948867488e-01 -8.179157199747817e-01  2.340655852166893e-01 -8.179157199747817e-01  2.233140536360434e-03 
-8.139157199747817e-01  1.595695494276728e+00 -8.139157199747817e-01  1.238186164733886e+00 -8.139157199747817e-01  1.196022436742158e+00 -8.139157199747817e-01  1.546136081938292e-01 -8.139157199747817e-01  8.108533371433229e-04 -8.139157199747817e-01  6.633640052987694e-01 -8.139157199747817e-01  2.339118910599134e-01 -8.139157199747817e-01  2.229756281913576e-03 
-8.099157199747817e-01  1.594837961019802e+00 -8.099157199747817e-01  1.239039270029240e+00 -8.099157199747817e-01  1.194788244992184e+00 -8.099157199747817e-01  1.548730438875248e-01 -8.099157199747817e-01  8.142567816757995e-04 -8.099157199747817e-01  6.646781367879555e-01 -8.099157199747817e-01  2.337580711266758e-01 -8.099157199747817e-01  2.226370432769976e-03 
-8.059157199747817e-01  1.593980036866690e+00 -8.059157199747817e-01  1.239892773819158e+00 -8.059157199747817e-01  1.193553190192045e+00 -8.059157199747817e-01  1.551319817011434e-01 -8.059157199747817e-01  8.176617773010368e-04 -8.059157199747817e-01  6.659925856784625e-01 -8.059157199747817e-01  2.336041250381682e-01 -8.059157199747817e-01  2.222983002060210e-03 
-8.019157199747817e-01  1.593121725343671e+00 -8.019157199747817e-01  1.240746672876191e+00 -8.019157199747817e-01  1.192317278782071e+00 -8.019157199747817e-01  1.553904236958189e-01 -8.019157199747817e-01  8.210683100263650e-04 -8.019157199747817e-01  6.673073483572142e-01 -8.019157199747817e-01  2.334500524055618e-01 -8.019157199747817e-01  2.219594002593550e-03 
-7.979157199747817e-01  1.592263029949378e+00 -7.979157199747817e-01  1.241600964006008e+00 -7.979157199747817e-01  1.191080517147619e+00 -7.979157199747817e-01  1.556483719216576e-01 -7.979157199747817e-01  8.244763659688916e-04 -7.979157199747817e-01  6.686224212413733e-01 -7.979157199747817e-01  2.332958528377974e-01 -7.979157199747817e-01  2.216203447047803e-03 
-7.939157199747817e-01  1.591403954144974e+00 -7.939157199747817e-01  1.242455644000157e+00 -7.939157199747817e-01  1.189842911613958e+00 -7.939157199747817e-01  1.559058284207352e-01 -7.939157199747817e-01  8.278859313943868e-04 -7.939157199747817e-01  6.699378007462299e-01 -7.939157199747817e-01  2.331415259493101e-01 -7.939157199747817e-01  2.212811348156862e-03 
-7.899157199747817e-01  1.590544501375071e+00 -7.899157199747817e-01  1.243310709730422e+00 -7.899157199747817e-01  1.188604468458621e+00 -7.899157199747817e-01  1.561627952211522e-01 -7.899157199747817e-01  8.312969926344100e-04 -7.899157199747817e-01  6.712534833490527e-01 -7.899157199747817e-01  2.329870713444408e-01 -7.899157199747817e-01  2.209417718336125e-03 
-7.859157199747817e-01  1.589684675032826e+00 -7.859157199747817e-01  1.244166157986577e+00 -7.859157199747817e-01  1.187365193891961e+00 -7.859157199747817e-01  1.564192743473068e-01 -7.859157199747817e-01  8.347095362247093e-04 -7.859157199747817e-01  6.725694654790212e-01 -7.859157199747817e-01  2.328324886441207e-01 -7.859157199747817e-01  2.206022570326545e-03 
-7.819157199747817e-01  1.588824478514072e+00 -7.819157199747817e-01  1.245021985723263e+00 -7.819157199747817e-01  1.186125094088460e+00 -7.819157199747817e-01  1.566752678043330e-01 -7.819157199747817e-01  8.381235486904398e-04 -7.819157199747817e-01  6.738857436844607e-01 -7.819157199747817e-01  2.326777774451217e-01 -7.819157199747817e-01  2.202625916214681e-03 
-7.779157199747817e-01  1.587963915162434e+00 -7.779157199747817e-01  1.245878189805911e+00 -7.779157199747817e-01  1.184884175155868e+00 -7.779157199747817e-01  1.569307775941505e-01 -7.779157199747817e-01  8.415390167640023e-04 -7.779157199747817e-01  6.752023144605390e-01 -7.779157199747817e-01  2.325229373618970e-01 -7.779157199747817e-01  2.199227768441178e-03 
-7.739157199747817e-01  1.587102988304020e+00 -7.739157199747817e-01  1.246734767168494e+00 -7.739157199747817e-01  1.183642443155415e+00 -7.739157199747817e-01  1.571858057055490e-01 -7.739157199747817e-01  8.449559272473130e-04 -7.739157199747817e-01  6.765191743560874e-01 -7.739157199747817e-01  2.323679680005177e-01 -7.739157199747817e-01  2.195828139174649e-03 
-7.699157199747817e-01  1.586241701243858e+00 -7.699157199747817e-01  1.247591714795117e+00 -7.699157199747817e-01  1.182399904100236e+00 -7.699157199747817e-01  1.574403541153806e-01 -7.699157199747817e-01  8.483742670259681e-04 -7.699157199747817e-01  6.778363199610282e-01 -7.699157199747817e-01  2.322128689616410e-01 -7.699157199747817e-01  2.192427040384730e-03 
-7.659157199747817e-01  1.585380057247139e+00 -7.659157199747817e-01  1.248449029632391e+00 -7.659157199747817e-01  1.181156563945027e+00 -7.659157199747817e-01  1.576944247940799e-01 -7.659157199747817e-01  8.517940231437035e-04 -7.659157199747817e-01  6.791537478469005e-01 -7.659157199747817e-01  2.320576398549489e-01 -7.659157199747817e-01  2.189024484189875e-03 
-7.619157199747817e-01  1.584518059564844e+00 -7.619157199747817e-01  1.249306708705191e+00 -7.619157199747817e-01  1.179912428601163e+00 -7.619157199747817e-01  1.579480196984402e-01 -7.619157199747817e-01  8.552151827006327e-04 -7.619157199747817e-01  6.804714546452078e-01 -7.619157199747817e-01  2.319022802799585e-01 -7.619157199747817e-01  2.185620482397920e-03 
-7.579157199747817e-01  1.583655711416271e+00 -7.579157199747817e-01  1.250164749034766e+00 -7.579157199747817e-01  1.178667503927077e+00 -7.579157199747817e-01  1.582011407767660e-01 -7.579157199747817e-01  8.586377329226645e-04 -7.579157199747817e-01  6.817894369918396e-01 -7.579157199747817e-01  2.317467898395130e-01 -7.579157199747817e-01  2.182215046831072e-03 
-7.539157199747817e-01  1.582793015993219e+00 -7.539157199747817e-01  1.251023147656331e+00 -7.539157199747817e-01  1.177421795731053e+00 -7.539157199747817e-01  1.584537899677931e-01 -7.539157199747817e-01  8.620616611448376e-04 -7.539157199747817e-01  6.831076915388996e-01 -7.539157199747817e-01  2.315911681368339e-01 -7.539157199747817e-01  2.178808189256167e-03 
-7.499157199747817e-01  1.581929976471186e+00 -7.499157199747817e-01  1.251881901668608e+00 -7.499157199747817e-01  1.176175309778091e+00 -7.499157199747817e-01  1.587059691976462e-01 -7.499157199747817e-01  8.654869547668993e-04 -7.499157199747817e-01  6.844262149881774e-01 -7.499157199747817e-01  2.314354147672450e-01 -7.499157199747817e-01  2.175399921187893e-03 
-7.459157199747817e-01  1.581066595987462e+00 -7.459157199747817e-01  1.252741008132004e+00 -7.459157199747817e-01  1.174928051777660e+00 -7.459157199747817e-01  1.589576803861878e-01 -7.459157199747817e-01  8.689136013402390e-04 -7.459157199747817e-01  6.857450040220870e-01 -7.459157199747817e-01  2.312795293350240e-01 -7.459157199747817e-01  2.171990254293100e-03 
-7.419157199747817e-01  1.580202877669026e+00 -7.419157199747817e-01  1.253600464194437e+00 -7.419157199747817e-01  1.173680027400180e+00 -7.419157199747817e-01  1.592089254392428e-01 -7.419157199747817e-01  8.723415884571993e-04 -7.419157199747817e-01  6.870640553888044e-01 -7.419157199747817e-01  2.311235114324649e-01 -7.419157199747817e-01  2.168579199891266e-03 
-7.379157199747817e-01  1.579338824601941e+00 -7.379157199747817e-01  1.254460266950030e+00 -7.379157199747817e-01  1.172431242259730e+00 -7.379157199747817e-01  1.594597062573781e-01 -7.379157199747817e-01  8.757709038724783e-04 -7.379157199747817e-01  6.883833658064685e-01 -7.379157199747817e-01  2.309673606633042e-01 -7.379157199747817e-01  2.165166769515400e-03 
-7.339157199747817e-01  1.578474439861885e+00 -7.339157199747817e-01  1.255320413576938e+00 -7.339157199747817e-01  1.171181701932072e+00 -7.339157199747817e-01  1.597100247274159e-01 -7.339157199747817e-01  8.792015353820443e-04 -7.339157199747817e-01  6.897029320564557e-01 -7.339157199747817e-01  2.308110766197680e-01 -7.339157199747817e-01  2.161752974364977e-03 
-7.299157199747817e-01  1.577609726499206e+00 -7.299157199747817e-01  1.256180901267387e+00 -7.299157199747817e-01  1.169931411946386e+00 -7.299157199747817e-01  1.599598827267852e-01 -7.299157199747817e-01  8.826334708823808e-04 -7.299157199747817e-01  6.910227509359008e-01 -7.299157199747817e-01  2.306546588941472e-01 -7.299157199747817e-01  2.158337825583647e-03 
-7.259157199747817e-01  1.576744687537633e+00 -7.259157199747817e-01  1.257041727220410e+00 -7.259157199747817e-01  1.168680377784883e+00 -7.259157199747817e-01  1.602092821240011e-01 -7.259157199747817e-01  8.860666983755949e-04 -7.259157199747817e-01  6.923428192526899e-01 -7.259157199747817e-01  2.304981070799637e-01 -7.259157199747817e-01  2.154921334288034e-03 
-7.219157199747817e-01  1.575879325969022e+00 -7.219157199747817e-01  1.257902888616531e+00 -7.219157199747817e-01  1.167428604880106e+00 -7.219157199747817e-01  1.604582247802505e-01 -7.219157199747817e-01  8.895012059903448e-04 -7.219157199747817e-01  6.936631338082417e-01 -7.219157199747817e-01  2.303414207761585e-01 -7.219157199747817e-01  2.151503511668209e-03 
-7.179157199747817e-01  1.575013644779426e+00 -7.179157199747817e-01  1.258764382734726e+00 -7.179157199747817e-01  1.166176098630436e+00 -7.179157199747817e-01  1.607067125422351e-01 -7.179157199747817e-01  8.929369818782833e-04 -7.179157199747817e-01  6.949836914766275e-01 -7.179157199747817e-01  2.301845995675383e-01 -7.179157199747817e-01  2.148084368523545e-03 
-7.139157199747816e-01  1.574147646919621e+00 -7.139157199747816e-01  1.259626206816891e+00 -7.139157199747816e-01  1.164922864383313e+00 -7.139157199747816e-01  1.609547472505268e-01 -7.139157199747816e-01  8.963740143310832e-04 -7.139157199747816e-01  6.963044891127035e-01 -7.139157199747816e-01  2.300276430473300e-01 -7.139157199747816e-01  2.144663915800510e-03 
-7.099157199747816e-01  1.573281335320849e+00 -7.099157199747816e-01  1.260488358138123e+00 -7.099157199747816e-01  1.163668907444736e+00 -7.099157199747816e-01  1.612023307352939e-01 -7.099157199747816e-01  8.998122917179510e-04 -7.099157199747816e-01  6.976255235996298e-01 -7.099157199747816e-01  2.298705508054197e-01 -7.099157199747816e-01  2.141242164313874e-03 
-7.059157199747816e-01  1.572414712896230e+00 -7.059157199747816e-01  1.261350834011457e+00 -7.059157199747816e-01  1.162414233080439e+00 -7.059157199747816e-01  1.614494648160431e-01 -7.059157199747816e-01  9.032518024800263e-04 -7.059157199747816e-01  6.989467918519847e-01 -7.059157199747816e-01  2.297133224275038e-01 -7.059157199747816e-01  2.137819124727783e-03 
-7.019157199747816e-01  1.571547782535968e+00 -7.019157199747816e-01  1.262213631764778e+00 -7.019157199747816e-01  1.161158846513431e+00 -7.019157199747816e-01  1.616961513030687e-01 -7.019157199747816e-01  9.066925351493720e-04 -7.019157199747816e-01  7.002682908000601e-01 -7.019157199747816e-01  2.295559574989028e-01 -7.019157199747816e-01  2.134394807647499e-03 
-6.979157199747816e-01  1.570680547100709e+00 -6.979157199747816e-01  1.263076748709377e+00 -6.979157199747816e-01  1.159902752920441e+00 -6.979157199747816e-01  1.619423919993969e-01 -6.979157199747816e-01  9.101344783753520e-04 -6.979157199747816e-01  7.015900173684927e-01 -6.979157199747816e-01  2.293984556097885e-01 -6.979157199747816e-01  2.130969223744075e-03 
-6.939157199747816e-01  1.569813009435542e+00 -6.939157199747816e-01  1.263940182201941e+00 -6.939157199747816e-01  1.158645957440432e+00 -6.939157199747816e-01  1.621881886970449e-01 -6.939157199747816e-01  9.135776208691274e-04 -6.939157199747816e-01  7.029119685181543e-01 -6.939157199747816e-01  2.292408163447671e-01 -6.939157199747816e-01  2.127542383508449e-03 
-6.899157199747816e-01  1.568945172372617e+00 -6.899157199747816e-01  1.264803929654969e+00 -6.899157199747816e-01  1.157388465176475e+00 -6.899157199747816e-01  1.624335431764299e-01 -6.899157199747816e-01  9.170219513931314e-04 -6.899157199747816e-01  7.042341412531111e-01 -6.899157199747816e-01  2.290830392810647e-01 -6.899157199747816e-01  2.124114297210019e-03 
-6.859157199747816e-01  1.568077038705348e+00 -6.859157199747816e-01  1.265667988418808e+00 -6.859157199747816e-01  1.156130281180944e+00 -6.859157199747816e-01  1.626784572135642e-01 -6.859157199747816e-01  9.204674588635913e-04 -6.859157199747816e-01  7.055565325407196e-01 -6.859157199747816e-01  2.289251240082890e-01 -6.859157199747816e-01  2.120684975364883e-03 
-6.819157199747816e-01  1.567208611216193e+00 -6.819157199747816e-01  1.266532355905932e+00 -6.819157199747816e-01  1.154871410472109e+00 -6.819157199747816e-01  1.629229325725419e-01 -6.819157199747816e-01  9.239141322401749e-04 -6.819157199747816e-01  7.068791393956534e-01 -6.819157199747816e-01  2.287670701075334e-01 -6.819157199747816e-01  2.117254428242553e-03 
-6.779157199747816e-01  1.566339892675836e+00 -6.779157199747816e-01  1.267397029585774e+00 -6.779157199747816e-01  1.153611858034002e+00 -6.779157199747816e-01  1.631669710059099e-01 -6.779157199747816e-01  9.273619605292959e-04 -6.779157199747816e-01  7.082019588763203e-01 -6.779157199747816e-01  2.286088771521762e-01 -6.779157199747816e-01  2.113822665886459e-03 
-6.739157199747816e-01  1.565470885819432e+00 -6.739157199747816e-01  1.268262006876337e+00 -6.739157199747816e-01  1.152351628802747e+00 -6.739157199747816e-01  1.634105742612465e-01 -6.739157199747816e-01  9.308109328783508e-04 -6.739157199747816e-01  7.095249880114578e-01 -6.739157199747816e-01  2.284505447260746e-01 -6.739157199747816e-01  2.110389698544171e-03 
-6.699157199747816e-01  1.564601593373217e+00 -6.699157199747816e-01  1.269127285262853e+00 -6.699157199747816e-01  1.151090727682515e+00 -6.699157199747816e-01  1.636537440740307e-01 -6.699157199747816e-01  9.342610384701420e-04 -6.699157199747816e-01  7.108482238803325e-01 -6.699157199747816e-01  2.282920724035604e-01 -6.699157199747816e-01  2.106955536196436e-03 
-6.659157199747816e-01  1.563732018029107e+00 -6.659157199747816e-01  1.269992862182032e+00 -6.659157199747816e-01  1.149829159530856e+00 -6.659157199747816e-01  1.638964821746419e-01 -6.659157199747816e-01  9.377122666236468e-04 -6.659157199747816e-01  7.121716635343691e-01 -6.659157199747816e-01  2.281334597688992e-01 -6.659157199747816e-01  2.103520189016589e-03 
-6.619157199747816e-01  1.562862162482669e+00 -6.619157199747816e-01  1.270858735192028e+00 -6.619157199747816e-01  1.148566929181409e+00 -6.619157199747816e-01  1.641387902782033e-01 -6.619157199747816e-01  9.411646066433891e-04 -6.619157199747816e-01  7.134953041120458e-01 -6.619157199747816e-01  2.279747063875878e-01 -6.619157199747816e-01  2.100083666695934e-03 
-6.579157199747816e-01  1.561992029390498e+00 -6.579157199747816e-01  1.271724901778975e+00 -6.579157199747816e-01  1.147304041419021e+00 -6.579157199747816e-01  1.643806700962124e-01 -6.579157199747816e-01  9.446180479885145e-04 -6.579157199747816e-01  7.148191427079545e-01 -6.579157199747816e-01  2.278158118389439e-01 -6.579157199747816e-01  2.096645979211647e-03 
-6.539157199747816e-01  1.561121621394245e+00 -6.539157199747816e-01  1.272591359464154e+00 -6.539157199747816e-01  1.146040500994224e+00 -6.539157199747816e-01  1.646221233301507e-01 -6.539157199747816e-01  9.480725801774866e-04 -6.539157199747816e-01  7.161431764452246e-01 -6.539157199747816e-01  2.276567756979965e-01 -6.539157199747816e-01  2.093207136401386e-03 
-6.499157199747816e-01  1.560250941127505e+00 -6.499157199747816e-01  1.273458105833662e+00 -6.499157199747816e-01  1.144776312627613e+00 -6.499157199747816e-01  1.648631516697600e-01 -6.499157199747816e-01  9.515281927607347e-04 -6.499157199747816e-01  7.174674024955098e-01 -6.499157199747816e-01  2.274975975304114e-01 -6.499157199747816e-01  2.089767147845575e-03 
-6.459157199747816e-01  1.559379991191548e+00 -6.459157199747816e-01  1.274325138428149e+00 -6.459157199747816e-01  1.143511480995750e+00 -6.459157199747816e-01  1.651037567996618e-01 -6.459157199747816e-01  9.549848754169596e-04 -6.459157199747816e-01  7.187918180043515e-01 -6.459157199747816e-01  2.273382769111003e-01 -6.459157199747816e-01  2.086326023305028e-03 
-6.419157199747816e-01  1.558508774173298e+00 -6.419157199747816e-01  1.275192454822401e+00 -6.419157199747816e-01  1.142246010742086e+00 -6.419157199747816e-01  1.653439403946344e-01 -6.419157199747816e-01  9.584426178817998e-04 -6.419157199747816e-01  7.201164201449231e-01 -6.419157199747816e-01  2.271788134107278e-01 -6.419157199747816e-01  2.082883772405058e-03 
-6.379157199747816e-01  1.557637292651983e+00 -6.379157199747816e-01  1.276060052654013e+00 -6.379157199747816e-01  1.140979906481199e+00 -6.379157199747816e-01  1.655837041179582e-01 -6.379157199747816e-01  9.619014099213908e-04 -6.379157199747816e-01  7.214412061373456e-01 -6.379157199747816e-01  2.270192065907949e-01 -6.379157199747816e-01  2.079440404521695e-03 
-6.339157199747816e-01  1.556765549169675e+00 -6.339157199747816e-01  1.276927929490101e+00 -6.339157199747816e-01  1.139713172781558e+00 -6.339157199747816e-01  1.658230496293745e-01 -6.339157199747816e-01  9.653612414493694e-04 -6.339157199747816e-01  7.227661731585122e-01 -6.339157199747816e-01  2.268594560262048e-01 -6.339157199747816e-01  2.075995929310700e-03 
-6.299157199747816e-01  1.555893546270246e+00 -6.299157199747816e-01  1.277796083000805e+00 -6.299157199747816e-01  1.138445814188953e+00 -6.299157199747816e-01  1.660619785748133e-01 -6.299157199747816e-01  9.688221023721879e-04 -6.299157199747816e-01  7.240913184592982e-01 -6.299157199747816e-01  2.266995612757923e-01 -6.299157199747816e-01  2.072550356018946e-03 
-6.259157199747816e-01  1.555021286461733e+00 -6.259157199747816e-01  1.278664510789509e+00 -6.259157199747816e-01  1.137177835204352e+00 -6.259157199747816e-01  1.663004925964998e-01 -6.259157199747816e-01  9.722839827385203e-04 -6.259157199747816e-01  7.254166392497465e-01 -6.259157199747816e-01  2.265395219111067e-01 -6.259157199747816e-01  2.069103694158246e-03 
-6.219157199747816e-01  1.554148772255407e+00 -6.219157199747816e-01  1.279533210566819e+00 -6.219157199747816e-01  1.135909240307450e+00 -6.219157199747816e-01  1.665385933226996e-01 -6.219157199747816e-01  9.757468725841491e-04 -6.219157199747816e-01  7.267421328165716e-01 -6.219157199747816e-01  2.263793374868106e-01 -6.219157199747816e-01  2.065655952814876e-03 
-6.179157199747816e-01  1.553276006125720e+00 -6.179157199747816e-01  1.280402179969960e+00 -6.179157199747816e-01  1.134640033933036e+00 -6.179157199747816e-01  1.667762823784248e-01 -6.179157199747816e-01  9.792107620910451e-04 -6.179157199747816e-01  7.280677964010499e-01 -6.179157199747816e-01  2.262190075713496e-01 -6.179157199747816e-01  2.062207141366306e-03 
-6.139157199747816e-01  1.552402990543034e+00 -6.139157199747816e-01  1.281271416708335e+00 -6.139157199747816e-01  1.133370220490779e+00 -6.139157199747816e-01  1.670135613768767e-01 -6.139157199747816e-01  9.826756414573390e-04 -6.139157199747816e-01  7.293936272973118e-01 -6.139157199747816e-01  2.260585317221585e-01 -6.139157199747816e-01  2.058757268903631e-03 
-6.099157199747816e-01  1.551529727948571e+00 -6.099157199747816e-01  1.282140918450362e+00 -6.099157199747816e-01  1.132099804350505e+00 -6.099157199747816e-01  1.672504319261485e-01 -6.099157199747816e-01  9.861415009967884e-04 -6.099157199747816e-01  7.307196227758171e-01 -6.099157199747816e-01  2.258979095048923e-01 -6.099157199747816e-01  2.055306344680514e-03 
-6.059157199747816e-01  1.550656220792820e+00 -6.059157199747816e-01  1.283010682994007e+00 -6.059157199747816e-01  1.130828789865435e+00 -6.059157199747816e-01  1.674868956192518e-01 -6.059157199747816e-01  9.896083309864127e-04 -6.059157199747816e-01  7.320457801984894e-01 -6.059157199747816e-01  2.257371404642979e-01 -6.059157199747816e-01  2.051854377436519e-03 
-6.019157199747815e-01  1.549782471474059e+00 -6.019157199747815e-01  1.283880707991241e+00 -6.019157199747815e-01  1.129557181335621e+00 -6.019157199747815e-01  1.677229540503207e-01 -6.019157199747815e-01  9.930761219103820e-04 -6.019157199747815e-01  7.333720968325330e-01 -6.019157199747815e-01  2.255762241712115e-01 -6.019157199747815e-01  2.048401376490649e-03 
-5.979157199747815e-01  1.548908482405596e+00 -5.979157199747815e-01  1.284750991247044e+00 -5.979157199747815e-01  1.128284983048451e+00 -5.979157199747815e-01  1.679586087971050e-01 -5.979157199747815e-01  9.965448641932081e-04 -5.979157199747815e-01  7.346985700523124e-01 -5.979157199747815e-01  2.254151601714608e-01 -5.979157199747815e-01  2.044947350554575e-03 
-5.939157199747815e-01  1.548034255961738e+00 -5.939157199747815e-01  1.285621530477551e+00 -5.939157199747815e-01  1.127012199246516e+00 -5.939157199747815e-01  1.681938614351931e-01 -5.939157199747815e-01  1.000014548414186e-03 -5.939157199747815e-01  7.360251971759713e-01 -5.939157199747815e-01  2.252539480271610e-01 -5.939157199747815e-01  2.041492308692629e-03 
-5.899157199747815e-01  1.547159794524346e+00 -5.899157199747815e-01  1.286492323516316e+00 -5.899157199747815e-01  1.125738834155778e+00 -5.899157199747815e-01  1.684287135259715e-01 -5.899157199747815e-01  1.003485165122611e-03 -5.899157199747815e-01  7.373519756046260e-01 -5.899157199747815e-01  2.250925872813877e-01 -5.899157199747815e-01  2.038036259503142e-03 
-5.859157199747815e-01  1.546285100434997e+00 -5.859157199747815e-01  1.287363368100400e+00 -5.859157199747815e-01  1.124464891957061e+00 -5.859157199747815e-01  1.686631666291617e-01 -5.859157199747815e-01  1.006956705027640e-03 -5.859157199747815e-01  7.386789026778938e-01 -5.859157199747815e-01  2.249310774947706e-01 -5.859157199747815e-01  2.034579211967361e-03 
-5.819157199747815e-01  1.545410176038929e+00 -5.819157199747815e-01  1.288234662065007e+00 -5.819157199747815e-01  1.123190376812699e+00 -5.819157199747815e-01  1.688972222914979e-01 -5.819157199747815e-01  1.010429158823835e-03 -5.819157199747815e-01  7.400059758052234e-01 -5.819157199747815e-01  2.247694182121139e-01 -5.819157199747815e-01  2.031121174677058e-03 
-5.779157199747815e-01  1.544535023653286e+00 -5.779157199747815e-01  1.289106203201172e+00 -5.779157199747815e-01  1.121915292847663e+00 -5.779157199747815e-01  1.691308820550624e-01 -5.779157199747815e-01  1.013902517317334e-03 -5.779157199747815e-01  7.413331923697695e-01 -5.779157199747815e-01  2.246076089867563e-01 -5.779157199747815e-01  2.027662156399253e-03 
-5.739157199747815e-01  1.543659645595479e+00 -5.739157199747815e-01  1.289977989380874e+00 -5.739157199747815e-01  1.120639644166860e+00 -5.739157199747815e-01  1.693641474500406e-01 -5.739157199747815e-01  1.017376771313112e-03 -5.739157199747815e-01  7.426605498127686e-01 -5.739157199747815e-01  2.244456493590596e-01 -5.739157199747815e-01  2.024202165579805e-03 
-5.699157199747815e-01  1.542784044144962e+00 -5.699157199747815e-01  1.290850018386320e+00 -5.699157199747815e-01  1.119363434832316e+00 -5.699157199747815e-01  1.695970200046704e-01 -5.699157199747815e-01  1.020851911766808e-03 -5.699157199747815e-01  7.439880455182863e-01 -5.699157199747815e-01  2.242835388857130e-01 -5.699157199747815e-01  2.020741211020761e-03 
-5.659157199747815e-01  1.541908221591917e+00 -5.659157199747815e-01  1.291722288125223e+00 -5.659157199747815e-01  1.118086668892760e+00 -5.659157199747815e-01  1.698295012327996e-01 -5.659157199747815e-01  1.024327929591452e-03 -5.659157199747815e-01  7.453156769583995e-01 -5.659157199747815e-01  2.241212771026764e-01 -5.659157199747815e-01  2.017279301026117e-03 
-5.619157199747815e-01  1.541032180199314e+00 -5.619157199747815e-01  1.292594796461319e+00 -5.619157199747815e-01  1.116809350360946e+00 -5.619157199747815e-01  1.700615926437421e-01 -5.619157199747815e-01  1.027804815808056e-03 -5.619157199747815e-01  7.466434415787984e-01 -5.619157199747815e-01  2.239588635542956e-01 -5.619157199747815e-01  2.013816444074383e-03 
-5.579157199747815e-01  1.540155922208494e+00 -5.579157199747815e-01  1.293467541238418e+00 -5.579157199747815e-01  1.115531483217221e+00 -5.579157199747815e-01  1.702932957409105e-01 -5.579157199747815e-01  1.031282561523460e-03 -5.579157199747815e-01  7.479713368149568e-01 -5.579157199747815e-01  2.237962977891592e-01 -5.579157199747815e-01  2.010352648723177e-03 
-5.539157199747815e-01  1.539279449866179e+00 -5.539157199747815e-01  1.294340520399113e+00 -5.539157199747815e-01  1.114253071426082e+00 -5.539157199747815e-01  1.705246120150087e-01 -5.539157199747815e-01  1.034761157823115e-03 -5.539157199747815e-01  7.492993601721361e-01 -5.539157199747815e-01  2.236335793395720e-01 -5.539157199747815e-01  2.006887923138026e-03 
-5.499157199747815e-01  1.538402765384274e+00 -5.499157199747815e-01  1.295213731805844e+00 -5.499157199747815e-01  1.112974118912051e+00 -5.499157199747815e-01  1.707555429543851e-01 -5.499157199747815e-01  1.038240595930649e-03 -5.499157199747815e-01  7.506275091046463e-01 -5.499157199747815e-01  2.234707077524083e-01 -5.499157199747815e-01  2.003422275802586e-03 
-5.459157199747815e-01  1.537525870980319e+00 -5.459157199747815e-01  1.296087173418980e+00 -5.459157199747815e-01  1.111694629584386e+00 -5.459157199747815e-01  1.709860900348079e-01 -5.459157199747815e-01  1.041720867047286e-03 -5.459157199747815e-01  7.519557811358801e-01 -5.459157199747815e-01  2.233076825583156e-01 -5.459157199747815e-01  1.999955714811862e-03 
-5.419157199747815e-01  1.536648768841352e+00 -5.419157199747815e-01  1.296960843136324e+00 -5.419157199747815e-01  1.110414607315377e+00 -5.419157199747815e-01  1.712162547287480e-01 -5.419157199747815e-01  1.045201962495301e-03 -5.419157199747815e-01  7.532841737500398e-01 -5.419157199747815e-01  2.231445032994288e-01 -5.419157199747815e-01  1.996488248509182e-03 
-5.379157199747815e-01  1.535771461152608e+00 -5.379157199747815e-01  1.297834738918850e+00 -5.379157199747815e-01  1.109134055957951e+00 -5.379157199747815e-01  1.714460384981740e-01 -5.379157199747815e-01  1.048683873604108e-03 -5.379157199747815e-01  7.546126844768446e-01 -5.379157199747815e-01  2.229811695075813e-01 -5.379157199747815e-01  1.993019884987100e-03 
-5.339157199747815e-01  1.534893950076325e+00 -5.339157199747815e-01  1.298708858696394e+00 -5.339157199747815e-01  1.107852979333003e+00 -5.339157199747815e-01  1.716754428000075e-01 -5.339157199747815e-01  1.052166591794357e-03 -5.339157199747815e-01  7.559413108279062e-01 -5.339157199747815e-01  2.228176807206103e-01 -5.339157199747815e-01  1.989550632461818e-03 
-5.299157199747815e-01  1.534016237774645e+00 -5.299157199747815e-01  1.299583200467806e+00 -5.299157199747815e-01  1.106571381243519e+00 -5.299157199747815e-01  1.719044690804232e-01 -5.299157199747815e-01  1.055650108487040e-03 -5.299157199747815e-01  7.572700503641685e-01 -5.299157199747815e-01  2.226540364649478e-01 -5.299157199747815e-01  1.986080498875591e-03 
-5.259157199747815e-01  1.533138326385290e+00 -5.259157199747815e-01  1.300457762192854e+00 -5.259157199747815e-01  1.105289265459973e+00 -5.259157199747815e-01  1.721331187810755e-01 -5.259157199747815e-01  1.059134415200099e-03 -5.259157199747815e-01  7.585989006230052e-01 -5.259157199747815e-01  2.224902362743485e-01 -5.259157199747815e-01  1.982609492325815e-03 
-5.219157199747815e-01  1.532260218033955e+00 -5.219157199747815e-01  1.301332541846043e+00 -5.219157199747815e-01  1.104006635728043e+00 -5.219157199747815e-01  1.723613933360432e-01 -5.219157199747815e-01  1.062619503499131e-03 -5.219157199747815e-01  7.599278591544342e-01 -5.219157199747815e-01  2.223262796805234e-01 -5.219157199747815e-01  1.979137620851367e-03 
-5.179157199747815e-01  1.531381914838224e+00 -5.179157199747815e-01  1.302207537433017e+00 -5.179157199747815e-01  1.102723495771203e+00 -5.179157199747815e-01  1.725892941709391e-01 -5.179157199747815e-01  1.066105364981951e-03 -5.179157199747815e-01  7.612569235321087e-01 -5.179157199747815e-01  2.221621662102485e-01 -5.179157199747815e-01  1.975664892367552e-03 
-5.139157199747815e-01  1.530503418906481e+00 -5.139157199747815e-01  1.303082746984950e+00 -5.139157199747815e-01  1.101439849290246e+00 -5.139157199747815e-01  1.728168227032716e-01 -5.139157199747815e-01  1.069591991282820e-03 -5.139157199747815e-01  7.625860913494802e-01 -5.139157199747815e-01  2.219978953862942e-01 -5.139157199747815e-01  1.972191314688364e-03 
-5.099157199747815e-01  1.529624732327089e+00 -5.099157199747815e-01  1.303958168510106e+00 -5.099157199747815e-01  1.100155699956866e+00 -5.099157199747815e-01  1.730439803452327e-01 -5.099157199747815e-01  1.073079374115465e-03 -5.099157199747815e-01  7.639153601871100e-01 -5.099157199747815e-01  2.218334667358361e-01 -5.099157199747815e-01  1.968716895718690e-03 
-5.059157199747815e-01  1.528745857177169e+00 -5.059157199747815e-01  1.304833800031723e+00 -5.059157199747815e-01  1.098871051419191e+00 -5.059157199747815e-01  1.732707685015744e-01 -5.059157199747815e-01  1.076567505238185e-03 -5.059157199747815e-01  7.652447276381469e-01 -5.059157199747815e-01  2.216688797838329e-01 -5.059157199747815e-01  1.965241643304014e-03 
-5.019157199747815e-01  1.527866795529287e+00 -5.019157199747815e-01  1.305709639616502e+00 -5.019157199747815e-01  1.097585907306058e+00 -5.019157199747815e-01  1.734971885680372e-01 -5.019157199747815e-01  1.080056376427383e-03 -5.019157199747815e-01  7.665741913274412e-01 -5.019157199747815e-01  2.215041340480050e-01 -5.019157199747815e-01  1.961765565117323e-03 
-4.979157199747815e-01  1.526987549430346e+00 -4.979157199747815e-01  1.306585685281348e+00 -4.979157199747815e-01  1.096300271214275e+00 -4.979157199747815e-01  1.737232419366670e-01 -4.979157199747815e-01  1.083545979561232e-03 -4.979157199747815e-01  7.679037488487064e-01 -4.979157199747815e-01  2.213392290551056e-01 -4.979157199747815e-01  1.958288669029227e-03 
-4.939157199747815e-01  1.526108120932028e+00 -4.939157199747815e-01  1.307461935125921e+00 -4.939157199747815e-01  1.095014146727436e+00 -4.939157199747815e-01  1.739489299883432e-01 -4.939157199747815e-01  1.087036306498946e-03 -4.939157199747815e-01  7.692333978536993e-01 -4.939157199747815e-01  2.211741643177059e-01 -4.939157199747815e-01  1.954810962581862e-03 
-4.899157199747814e-01  1.525228512062651e+00 -4.899157199747814e-01  1.308338387208614e+00 -4.899157199747814e-01  1.093727537398856e+00 -4.899157199747814e-01  1.741742540998362e-01 -4.899157199747814e-01  1.090527349192434e-03 -4.899157199747814e-01  7.705631359686788e-01 -4.899157199747814e-01  2.210089393558649e-01 -4.899157199747814e-01  1.951332453481241e-03 
-4.859157199747814e-01  1.524348724837896e+00 -4.859157199747814e-01  1.309215039592885e+00 -4.859157199747814e-01  1.092440446758306e+00 -4.859157199747814e-01  1.743992156412163e-01 -4.859157199747814e-01  1.094019099643745e-03 -4.859157199747814e-01  7.718929608255514e-01 -4.859157199747814e-01  2.208435536889971e-01 -4.859157199747814e-01  1.947853149413147e-03 
-4.819157199747814e-01  1.523468761269388e+00 -4.819157199747814e-01  1.310091890383957e+00 -4.819157199747814e-01  1.091152878317460e+00 -4.819157199747814e-01  1.746238159738205e-01 -4.819157199747814e-01  1.097511549871014e-03 -4.819157199747814e-01  7.732228700865057e-01 -4.819157199747814e-01  2.206780068294035e-01 -4.819157199747814e-01  1.944373057897706e-03 
-4.779157199747814e-01  1.522588623364270e+00 -4.779157199747814e-01  1.310968937726140e+00 -4.779157199747814e-01  1.089864835569802e+00 -4.779157199747814e-01  1.748480564504467e-01 -4.779157199747814e-01  1.101004691910121e-03 -4.779157199747814e-01  7.745528614421341e-01 -4.779157199747814e-01  2.205122982826794e-01 -4.779157199747814e-01  1.940892186299885e-03 
-4.739157199747814e-01  1.521708313095191e+00 -4.739157199747814e-01  1.311846179671083e+00 -4.739157199747814e-01  1.088576321972348e+00 -4.739157199747814e-01  1.750719384227943e-01 -4.739157199747814e-01  1.104498517933799e-03 -4.739157199747814e-01  7.758829325227933e-01 -4.739157199747814e-01  2.203464275708597e-01 -4.739157199747814e-01  1.937410542352377e-03 
-4.699157199747814e-01  1.520827832447044e+00 -4.699157199747814e-01  1.312723614381203e+00 -4.699157199747814e-01  1.087287340974543e+00 -4.699157199747814e-01  1.752954632300673e-01 -4.699157199747814e-01  1.107993020066229e-03 -4.699157199747814e-01  7.772130810353552e-01 -4.699157199747814e-01  2.201803941966185e-01 -4.699157199747814e-01  1.933928133348292e-03 
-4.659157199747814e-01  1.519947183381669e+00 -4.659157199747814e-01  1.313601239974769e+00 -4.659157199747814e-01  1.085997895996713e+00 -4.659157199747814e-01  1.755186322077062e-01 -4.659157199747814e-01  1.111488190523017e-03 -4.659157199747814e-01  7.785433046589790e-01 -4.659157199747814e-01  2.200141976704835e-01 -4.659157199747814e-01  1.930444966755940e-03 
-4.619157199747814e-01  1.519066367850874e+00 -4.619157199747814e-01  1.314479054582083e+00 -4.619157199747814e-01  1.084707990438234e+00 -4.619157199747814e-01  1.757414466842663e-01 -4.619157199747814e-01  1.114984021559573e-03 -4.619157199747814e-01  7.798736010828400e-01 -4.619157199747814e-01  2.198478375009292e-01 -4.619157199747814e-01  1.926961049995857e-03 
-4.579157199747814e-01  1.518185387804368e+00 -4.579157199747814e-01  1.315357056379427e+00 -4.579157199747814e-01  1.083417627682584e+00 -4.579157199747814e-01  1.759639079795635e-01 -4.579157199747814e-01  1.118480505439610e-03 -4.579157199747814e-01  7.812039680288940e-01 -4.579157199747814e-01  2.196813131883448e-01 -4.579157199747814e-01  1.923476390306145e-03 
-4.539157199747814e-01  1.517304245170343e+00 -4.539157199747814e-01  1.316235243503611e+00 -4.539157199747814e-01  1.082126811085529e+00 -4.539157199747814e-01  1.761860174094769e-01 -4.539157199747814e-01  1.121977634512210e-03 -4.539157199747814e-01  7.825344031943897e-01 -4.539157199747814e-01  2.195146242400897e-01 -4.539157199747814e-01  1.919990995081509e-03 
-4.499157199747814e-01  1.516422941873221e+00 -4.499157199747814e-01  1.317113614128709e+00 -4.499157199747814e-01  1.080835543986216e+00 -4.499157199747814e-01  1.764077762816990e-01 -4.499157199747814e-01  1.125475401141411e-03 -4.499157199747814e-01  7.838649043033926e-01 -4.499157199747814e-01  2.193477701569153e-01 -4.499157199747814e-01  1.916504871568780e-03 
-4.459157199747814e-01  1.515541479830736e+00 -4.459157199747814e-01  1.317992166452552e+00 -4.459157199747814e-01  1.079543829705546e+00 -4.459157199747814e-01  1.766291858965275e-01 -4.459157199747814e-01  1.128973797717780e-03 -4.459157199747814e-01  7.851954690976490e-01 -4.459157199747814e-01  2.191807504353032e-01 -4.459157199747814e-01  1.913018026920489e-03 
-4.419157199747814e-01  1.514659860943488e+00 -4.419157199747814e-01  1.318870898650784e+00 -4.419157199747814e-01  1.078251671539853e+00 -4.419157199747814e-01  1.768502475494590e-01 -4.419157199747814e-01  1.132472816699808e-03 -4.419157199747814e-01  7.865260953056785e-01 -4.419157199747814e-01  2.190135645755795e-01 -4.419157199747814e-01  1.909530468377261e-03 
-4.379157199747814e-01  1.513778087101480e+00 -4.379157199747814e-01  1.319749808904502e+00 -4.379157199747814e-01  1.076959072765099e+00 -4.379157199747814e-01  1.770709625296789e-01 -4.379157199747814e-01  1.135972450588108e-03 -4.379157199747814e-01  7.878567806612888e-01 -4.379157199747814e-01  2.188462120769976e-01 -4.379157199747814e-01  1.906042203158038e-03 
-4.339157199747814e-01  1.512896160189416e+00 -4.339157199747814e-01  1.320628895422667e+00 -4.339157199747814e-01  1.075666036640294e+00 -4.339157199747814e-01  1.772913321188450e-01 -4.339157199747814e-01  1.139472691904212e-03 -4.339157199747814e-01  7.891875229185843e-01 -4.339157199747814e-01  2.186786924337263e-01 -4.339157199747814e-01  1.902553238371162e-03 
-4.299157199747814e-01  1.512014082082795e+00 -4.299157199747814e-01  1.321508156424453e+00 -4.299157199747814e-01  1.074372566405239e+00 -4.299157199747814e-01  1.775113575921130e-01 -4.299157199747814e-01  1.142973533206223e-03 -4.299157199747814e-01  7.905183198400467e-01 -4.299157199747814e-01  2.185110051379486e-01 -4.299157199747814e-01  1.899063581084510e-03 
-4.259157199747814e-01  1.511131854644169e+00 -4.259157199747814e-01  1.322387590122430e+00 -4.259157199747814e-01  1.073078665278342e+00 -4.259157199747814e-01  1.777310402190972e-01 -4.259157199747814e-01  1.146474967103588e-03 -4.259157199747814e-01  7.918491691852109e-01 -4.259157199747814e-01  2.183431496828223e-01 -4.259157199747814e-01  1.895573238392129e-03 
-4.219157199747814e-01  1.510249479732407e+00 -4.219157199747814e-01  1.323267194761995e+00 -4.219157199747814e-01  1.071784336462509e+00 -4.219157199747814e-01  1.779503812617175e-01 -4.219157199747814e-01  1.149976986220342e-03 -4.219157199747814e-01  7.931800687370709e-01 -4.219157199747814e-01  2.181751255554308e-01 -4.219157199747814e-01  1.892082217257746e-03 
-4.179157199747814e-01  1.509366959186673e+00 -4.179157199747814e-01  1.324146968551428e+00 -4.179157199747814e-01  1.070489583135339e+00 -4.179157199747814e-01  1.781693819781026e-01 -4.179157199747814e-01  1.153479583258708e-03 -4.179157199747814e-01  7.945110162551046e-01 -4.179157199747814e-01  2.180069322492234e-01 -4.179157199747814e-01  1.888590524792443e-03 
-4.139157199747814e-01  1.508484294850320e+00 -4.139157199747814e-01  1.325026909764687e+00 -4.139157199747814e-01  1.069194408464103e+00 -4.139157199747814e-01  1.783880436169439e-01 -4.139157199747814e-01  1.156982750904258e-03 -4.139157199747814e-01  7.958420095441855e-01 -4.139157199747814e-01  2.178385692456499e-01 -4.139157199747814e-01  1.885098167846611e-03 
-4.099157199747814e-01  1.507601488547503e+00 -4.099157199747814e-01  1.325907016639560e+00 -4.099157199747814e-01  1.067898815591356e+00 -4.099157199747814e-01  1.786063674231506e-01 -4.099157199747814e-01  1.160486481918737e-03 -4.099157199747814e-01  7.971730463862191e-01 -4.099157199747814e-01  2.176700360323054e-01 -4.099157199747814e-01  1.881605153414255e-03 
-4.059157199747814e-01  1.506718542096998e+00 -4.059157199747814e-01  1.326787287436839e+00 -4.059157199747814e-01  1.066602807643657e+00 -4.059157199747814e-01  1.788243546346144e-01 -4.059157199747814e-01  1.163990769085238e-03 -4.059157199747814e-01  7.985041245797778e-01 -4.059157199747814e-01  2.175013320923365e-01 -4.059157199747814e-01  1.878111488397983e-03 
-4.019157199747814e-01  1.505835457312388e+00 -4.019157199747814e-01  1.327667720440476e+00 -4.019157199747814e-01  1.065306387731825e+00 -4.019157199747814e-01  1.790420064822368e-01 -4.019157199747814e-01  1.167495605207385e-03 -4.019157199747814e-01  7.998352419401580e-01 -4.019157199747814e-01  2.173324569043761e-01 -4.019157199747814e-01  1.874617179608536e-03 
-3.979157199747814e-01  1.504952235987555e+00 -3.979157199747814e-01  1.328548313894508e+00 -3.979157199747814e-01  1.064009558942042e+00 -3.979157199747814e-01  1.792593241934363e-01 -3.979157199747814e-01  1.171000983167042e-03 -3.979157199747814e-01  8.011663962570500e-01 -3.979157199747814e-01  2.171634099538197e-01 -3.979157199747814e-01  1.871122234015117e-03 
-3.939157199747814e-01  1.504068879920056e+00 -3.939157199747814e-01  1.329429066103097e+00 -3.939157199747814e-01  1.062712324350537e+00 -3.939157199747814e-01  1.794763089866669e-01 -3.939157199747814e-01  1.174506895831406e-03 -3.939157199747814e-01  8.024975853615475e-01 -3.939157199747814e-01  2.169941907148619e-01 -3.939157199747814e-01  1.867626658348207e-03 
-3.899157199747814e-01  1.503185390895516e+00 -3.899157199747814e-01  1.330309975362735e+00 -3.899157199747814e-01  1.061414687014004e+00 -3.899157199747814e-01  1.796929620751903e-01 -3.899157199747814e-01  1.178013336115052e-03 -3.899157199747814e-01  8.038288070806503e-01 -3.899157199747814e-01  2.168247986626167e-01 -3.899157199747814e-01  1.864130459368795e-03 
-3.859157199747814e-01  1.502301770680272e+00 -3.859157199747814e-01  1.331191039930064e+00 -3.859157199747814e-01  1.060116649965133e+00 -3.859157199747814e-01  1.799092846688569e-01 -3.859157199747814e-01  1.181520297009062e-03 -3.859157199747814e-01  8.051600592156803e-01 -3.859157199747814e-01  2.166552332788942e-01 -3.859157199747814e-01  1.860633643996006e-03 
-3.819157199747814e-01  1.501418021054157e+00 -3.819157199747814e-01  1.332072258162321e+00 -3.819157199747814e-01  1.058818216233196e+00 -3.819157199747814e-01  1.801252779664529e-01 -3.819157199747814e-01  1.185027771450927e-03 -3.819157199747814e-01  8.064913396363034e-01 -3.819157199747814e-01  2.164854940269025e-01 -3.819157199747814e-01  1.857136218749716e-03 
-3.779157199747814e-01  1.500534143771885e+00 -3.779157199747814e-01  1.332953628350636e+00 -3.779157199747814e-01  1.057519388820076e+00 -3.779157199747814e-01  1.803409431648546e-01 -3.779157199747814e-01  1.188535752477806e-03 -3.779157199747814e-01  8.078226461688194e-01 -3.779157199747814e-01  2.163155803812103e-01 -3.779157199747814e-01  1.853638190412185e-03 
-3.739157199747813e-01  1.499650140588599e+00 -3.739157199747813e-01  1.333835148829291e+00 -3.739157199747813e-01  1.056220170716345e+00 -3.739157199747813e-01  1.805562814530833e-01 -3.739157199747813e-01  1.192044233125179e-03 -3.739157199747813e-01  8.091539766692942e-01 -3.739157199747813e-01  2.161454918080505e-01 -3.739157199747813e-01  1.850139565594400e-03 
-3.699157199747813e-01  1.498766013237989e+00 -3.699157199747813e-01  1.334716817881388e+00 -3.699157199747813e-01  1.054920564887699e+00 -3.699157199747813e-01  1.807712940174870e-01 -3.699157199747813e-01  1.195553206513584e-03 -3.699157199747813e-01  8.104853289603569e-01 -3.699157199747813e-01  2.159752277823133e-01 -3.699157199747813e-01  1.846640351110445e-03 
-3.659157199747813e-01  1.497881763467727e+00 -3.659157199747813e-01  1.335598633890042e+00 -3.659157199747813e-01  1.053620574297260e+00 -3.659157199747813e-01  1.809859820335211e-01 -3.659157199747813e-01  1.199062665708108e-03 -3.659157199747813e-01  8.118167009323686e-01 -3.659157199747813e-01  2.158047877602119e-01 -3.659157199747813e-01  1.843140553377543e-03 
-3.619157199747813e-01  1.496997392997693e+00 -3.619157199747813e-01  1.336480595158900e+00 -3.619157199747813e-01  1.052320201879549e+00 -3.619157199747813e-01  1.812003466755669e-01 -3.619157199747813e-01  1.202572603884067e-03 -3.619157199747813e-01  8.131480904232238e-01 -3.619157199747813e-01  2.156341712116766e-01 -3.619157199747813e-01  1.839640179128222e-03 
-3.579157199747813e-01  1.496112903549227e+00 -3.579157199747813e-01  1.337362700036896e+00 -3.579157199747813e-01  1.051019450558911e+00 -3.579157199747813e-01  1.814143891101613e-01 -3.579157199747813e-01  1.206083014210999e-03 -3.579157199747813e-01  8.144794953018253e-01 -3.579157199747813e-01  2.154633775977886e-01 -3.579157199747813e-01  1.836139234915339e-03 
-3.539157199747813e-01  1.495228296840208e+00 -3.539157199747813e-01  1.338244946896641e+00 -3.539157199747813e-01  1.049718323246575e+00 -3.539157199747813e-01  1.816281104972128e-01 -3.539157199747813e-01  1.209593889872126e-03 -3.539157199747813e-01  8.158109134535443e-01 -3.539157199747813e-01  2.152924063746326e-01 -3.539157199747813e-01  1.832637727197741e-03 
-3.499157199747813e-01  1.494343574573929e+00 -3.499157199747813e-01  1.339127334086194e+00 -3.499157199747813e-01  1.048416822833779e+00 -3.499157199747813e-01  1.818415119926459e-01 -3.499157199747813e-01  1.213105224108569e-03 -3.499157199747813e-01  8.171423427479285e-01 -3.499157199747813e-01  2.151212570020217e-01 -3.499157199747813e-01  1.829135662531737e-03 
-3.459157199747813e-01  1.493458738445535e+00 -3.459157199747813e-01  1.340009859956222e+00 -3.459157199747813e-01  1.047114952195930e+00 -3.459157199747813e-01  1.820545947469561e-01 -3.459157199747813e-01  1.216617010193750e-03 -3.459157199747813e-01  8.184737810568282e-01 -3.459157199747813e-01  2.149499289385558e-01 -3.459157199747813e-01  1.825633047463309e-03 
-3.419157199747813e-01  1.492573790151495e+00 -3.419157199747813e-01  1.340892522899792e+00 -3.419157199747813e-01  1.045812714198660e+00 -3.419157199747813e-01  1.822673599030810e-01 -3.419157199747813e-01  1.220129241395811e-03 -3.419157199747813e-01  8.198052262809427e-01 -3.419157199747813e-01  2.147784216343460e-01 -3.419157199747813e-01  1.822129888370099e-03 
-3.379157199747813e-01  1.491688731371677e+00 -3.379157199747813e-01  1.341775321275472e+00 -3.379157199747813e-01  1.044510111686692e+00 -3.379157199747813e-01  1.824798086006063e-01 -3.379157199747813e-01  1.223641911048784e-03 -3.379157199747813e-01  8.211366762983739e-01 -3.379157199747813e-01  2.146067345449780e-01 -3.379157199747813e-01  1.818626191766718e-03 
-3.339157199747813e-01  1.490803563792553e+00 -3.339157199747813e-01  1.342658253505592e+00 -3.339157199747813e-01  1.043207147498533e+00 -3.339157199747813e-01  1.826919419704643e-01 -3.339157199747813e-01  1.227155012460435e-03 -3.339157199747813e-01  8.224681290302490e-01 -3.339157199747813e-01  2.144348671135823e-01 -3.339157199747813e-01  1.815121963914685e-03 
-3.299157199747813e-01  1.489918289070807e+00 -3.299157199747813e-01  1.343541317920773e+00 -3.299157199747813e-01  1.041903824443696e+00 -3.299157199747813e-01  1.829037611433748e-01 -3.299157199747813e-01  1.230668539056781e-03 -3.299157199747813e-01  8.237995823367894e-01 -3.299157199747813e-01  2.142628187991649e-01 -3.299157199747813e-01  1.811617211439540e-03 
-3.259157199747813e-01  1.489032908879610e+00 -3.259157199747813e-01  1.344424512956545e+00 -3.259157199747813e-01  1.040600145331921e+00 -3.259157199747813e-01  1.831152672392511e-01 -3.259157199747813e-01  1.234182484198346e-03 -3.259157199747813e-01  8.251310341486386e-01 -3.259157199747813e-01  2.140905890407001e-01 -3.259157199747813e-01  1.808111940550400e-03 
-3.219157199747813e-01  1.488147424873777e+00 -3.219157199747813e-01  1.345307837004432e+00 -3.219157199747813e-01  1.039296112951369e+00 -3.219157199747813e-01  1.833264613752715e-01 -3.219157199747813e-01  1.237696841318503e-03 -3.219157199747813e-01  8.264624823673172e-01 -3.219157199747813e-01  2.139181772842826e-01 -3.219157199747813e-01  1.804606157631082e-03 
-3.179157199747813e-01  1.487261838700868e+00 -3.179157199747813e-01  1.346191288458712e+00 -3.179157199747813e-01  1.037991730075700e+00 -3.179157199747813e-01  1.835373446633786e-01 -3.179157199747813e-01  1.241211603879399e-03 -3.179157199747813e-01  8.277939248964313e-01 -3.179157199747813e-01  2.137455829745716e-01 -3.179157199747813e-01  1.801099869054449e-03 
-3.139157199747813e-01  1.486376152010633e+00 -3.139157199747813e-01  1.347074865756057e+00 -3.139157199747813e-01  1.036686999470149e+00 -3.139157199747813e-01  1.837479182081796e-01 -3.139157199747813e-01  1.244726765334461e-03 -3.139157199747813e-01  8.291253596680828e-01 -3.139157199747813e-01  2.135728055474914e-01 -3.139157199747813e-01  1.797593081025110e-03 
-3.099157199747813e-01  1.485490366436115e+00 -3.099157199747813e-01  1.347958567294807e+00 -3.099157199747813e-01  1.035381923879715e+00 -3.099157199747813e-01  1.839581831113189e-01 -3.099157199747813e-01  1.248242319203439e-03 -3.099157199747813e-01  8.304567845889291e-01 -3.099157199747813e-01  2.133998444450000e-01 -3.099157199747813e-01  1.794085799899810e-03 
-3.059157199747813e-01  1.484604483613653e+00 -3.059157199747813e-01  1.348842391519315e+00 -3.059157199747813e-01  1.034076506041875e+00 -3.059157199747813e-01  1.841681404669645e-01 -3.059157199747813e-01  1.251758258992912e-03 -3.059157199747813e-01  8.317881975964455e-01 -3.059157199747813e-01  2.132266990995882e-01 -3.059157199747813e-01  1.790578031852672e-03 
-3.019157199747813e-01  1.483718505156950e+00 -3.019157199747813e-01  1.349726336809588e+00 -3.019157199747813e-01  1.032770748670325e+00 -3.019157199747813e-01  1.843777913677688e-01 -3.019157199747813e-01  1.255274578299365e-03 -3.019157199747813e-01  8.331195965852363e-01 -3.019157199747813e-01  2.130533689545362e-01 -3.019157199747813e-01  1.787069783313192e-03 
-2.979157199747813e-01  1.482832432696408e+00 -2.979157199747813e-01  1.350610401647428e+00 -2.979157199747813e-01  1.031464654479926e+00 -2.979157199747813e-01  1.845871368959786e-01 -2.979157199747813e-01  1.258791270652935e-03 -2.979157199747813e-01  8.344509795178328e-01 -2.979157199747813e-01  2.128798534333252e-01 -2.979157199747813e-01  1.783561060306902e-03 
-2.939157199747813e-01  1.481946267845573e+00 -2.939157199747813e-01  1.351494584473882e+00 -2.939157199747813e-01  1.030158226165605e+00 -2.939157199747813e-01  1.847961781311190e-01 -2.939157199747813e-01  1.262308329650656e-03 -2.939157199747813e-01  8.357823443295392e-01 -2.939157199747813e-01  2.127061519658185e-01 -2.939157199747813e-01  1.780051869021007e-03 
-2.899157199747813e-01  1.481060012198095e+00 -2.899157199747813e-01  1.352378883675861e+00 -2.899157199747813e-01  1.028851466400529e+00 -2.899157199747813e-01  1.850049161507104e-01 -2.899157199747813e-01  1.265825748968504e-03 -2.899157199747813e-01  8.371136889195071e-01 -2.899157199747813e-01  2.125322639907588e-01 -2.899157199747813e-01  1.776542215857645e-03 
-2.859157199747813e-01  1.480173667372201e+00 -2.859157199747813e-01  1.353263297773853e+00 -2.859157199747813e-01  1.027544377864337e+00 -2.859157199747813e-01  1.852133520202764e-01 -2.859157199747813e-01  1.269343522184876e-03 -2.859157199747813e-01  8.384450112758159e-01 -2.859157199747813e-01  2.123581889210696e-01 -2.859157199747813e-01  1.773032106688731e-03 
-2.819157199747813e-01  1.479287234950583e+00 -2.819157199747813e-01  1.354147825167233e+00 -2.819157199747813e-01  1.026236963205200e+00 -2.819157199747813e-01  1.854214868069753e-01 -2.819157199747813e-01  1.272861643019252e-03 -2.819157199747813e-01  8.397763093056591e-01 -2.819157199747813e-01  2.121839261908693e-01 -2.819157199747813e-01  1.769521547866928e-03 
-2.779157199747813e-01  1.478400716531470e+00 -2.779157199747813e-01  1.355032464349766e+00 -2.779157199747813e-01  1.024929225072252e+00 -2.779157199747813e-01  1.856293215681218e-01 -2.779157199747813e-01  1.276380105129341e-03 -2.779157199747813e-01  8.411075809789270e-01 -2.779157199747813e-01  2.120094752156137e-01 -2.779157199747813e-01  1.766010545370259e-03 
-2.739157199747813e-01  1.477514113691201e+00 -2.739157199747813e-01  1.355917213750913e+00 -2.739157199747813e-01  1.023621166091979e+00 -2.739157199747813e-01  1.858368573596748e-01 -2.739157199747813e-01  1.279898902259785e-03 -2.739157199747813e-01  8.424388242224222e-01 -2.739157199747813e-01  2.118348354214304e-01 -2.739157199747813e-01  1.762499105431910e-03 
-2.699157199747813e-01  1.476627428018366e+00 -2.699157199747813e-01  1.356802071879520e+00 -2.699157199747813e-01  1.022312788889955e+00 -2.699157199747813e-01  1.860440952286131e-01 -2.699157199747813e-01  1.283418028106553e-03 -2.699157199747813e-01  8.437700370155263e-01 -2.699157199747813e-01  2.116600062184665e-01 -2.699157199747813e-01  1.758987233970087e-03 
-2.659157199747813e-01  1.475740661078144e+00 -2.659157199747813e-01  1.357687037172999e+00 -2.659157199747813e-01  1.021004096068321e+00 -2.659157199747813e-01  1.862510362209871e-01 -2.659157199747813e-01  1.286937476458505e-03 -2.659157199747813e-01  8.451012172897152e-01 -2.659157199747813e-01  2.114849870288339e-01 -2.659157199747813e-01  1.755474937186417e-03 
-2.619157199747812e-01  1.474853814436977e+00 -2.619157199747812e-01  1.358572108100987e+00 -2.619157199747812e-01  1.019695090221530e+00 -2.619157199747812e-01  1.864576813764336e-01 -2.619157199747812e-01  1.290457241099494e-03 -2.619157199747812e-01  8.464323629975543e-01 -2.619157199747812e-01  2.113097772673622e-01 -2.619157199747812e-01  1.751962221154708e-03 
-2.579157199747812e-01  1.473966889669922e+00 -2.579157199747812e-01  1.359457283195539e+00 -2.579157199747812e-01  1.018385773941116e+00 -2.579157199747812e-01  1.866640317265997e-01 -2.579157199747812e-01  1.293977315779151e-03 -2.579157199747812e-01  8.477634721327112e-01 -2.579157199747812e-01  2.111343763359039e-01 -2.579157199747812e-01  1.748449091700986e-03 
-2.539157199747812e-01  1.473079888321194e+00 -2.539157199747812e-01  1.360342560884922e+00 -2.539157199747812e-01  1.017076149790726e+00 -2.539157199747812e-01  1.868700883039892e-01 -2.539157199747812e-01  1.297497694369513e-03 -2.539157199747812e-01  8.490945426193262e-01 -2.539157199747812e-01  2.109587836542773e-01 -2.539157199747812e-01  1.744935555063215e-03 
-2.499157199747812e-01  1.472192811953791e+00 -2.499157199747812e-01  1.361227939701714e+00 -2.499157199747812e-01  1.015766220337732e+00 -2.499157199747812e-01  1.870758521309514e-01 -2.499157199747812e-01  1.301018370668047e-03 -2.499157199747812e-01  8.504255724504272e-01 -2.499157199747812e-01  2.107829986214587e-01 -2.499157199747812e-01  1.741421617065349e-03 
-2.459157199747812e-01  1.471305662112583e+00 -2.459157199747812e-01  1.362113418127382e+00 -2.459157199747812e-01  1.014455988129873e+00 -2.459157199747812e-01  1.872813242279503e-01 -2.459157199747812e-01  1.304539338544141e-03 -2.459157199747812e-01  8.517565595844825e-01 -2.459157199747812e-01  2.106070206445312e-01 -2.459157199747812e-01  1.737907283734239e-03 
-2.419157199747812e-01  1.470418440340381e+00 -2.419157199747812e-01  1.362998994659199e+00 -2.419157199747812e-01  1.013145455705556e+00 -2.419157199747812e-01  1.874865056100359e-01 -2.419157199747812e-01  1.308060591875337e-03 -2.419157199747812e-01  8.530875019898737e-01 -2.419157199747812e-01  2.104308491261760e-01 -2.419157199747812e-01  1.734392561033946e-03 
-2.379157199747812e-01  1.469531148168119e+00 -2.379157199747812e-01  1.363884667768764e+00 -2.379157199747812e-01  1.011834625587689e+00 -2.379157199747812e-01  1.876913972890675e-01 -2.379157199747812e-01  1.311582124586342e-03 -2.379157199747812e-01  8.544183976172779e-01 -2.379157199747812e-01  2.102544834724152e-01 -2.379157199747812e-01  1.730877455030444e-03 
-2.339157199747812e-01  1.468643787140435e+00 -2.339157199747812e-01  1.364770436008696e+00 -2.339157199747812e-01  1.010523500300071e+00 -2.339157199747812e-01  1.878960002681029e-01 -2.339157199747812e-01  1.315103930547401e-03 -2.339157199747812e-01  8.557492444705351e-01 -2.339157199747812e-01  2.100779230725824e-01 -2.339157199747812e-01  1.727361971468180e-03 
-2.299157199747812e-01  1.467756358780653e+00 -2.299157199747812e-01  1.365656297865567e+00 -2.299157199747812e-01  1.009212082345170e+00 -2.299157199747812e-01  1.881003155491936e-01 -2.299157199747812e-01  1.318626003713383e-03 -2.299157199747812e-01  8.570800405088493e-01 -2.299157199747812e-01  2.099011673268544e-01 -2.299157199747812e-01  1.723846116353699e-03 
-2.259157199747812e-01  1.466868864612080e+00 -2.259157199747812e-01  1.366542251848632e+00 -2.259157199747812e-01  1.007900374217776e+00 -2.259157199747812e-01  1.883043441287167e-01 -2.259157199747812e-01  1.322148338039180e-03 -2.259157199747812e-01  8.584107837057344e-01 -2.259157199747812e-01  2.097242156296023e-01 -2.259157199747812e-01  1.720329895603530e-03 
-2.219157199747812e-01  1.465981306160921e+00 -2.219157199747812e-01  1.367428296501574e+00 -2.219157199747812e-01  1.006588378406948e+00 -2.219157199747812e-01  1.885080869967927e-01 -2.219157199747812e-01  1.325670927468174e-03 -2.219157199747812e-01  8.597414720567391e-01 -2.219157199747812e-01  2.095470673671288e-01 -2.219157199747812e-01  1.716813314997558e-03 
-2.179157199747812e-01  1.465093684933651e+00 -2.179157199747812e-01  1.368314430307544e+00 -2.179157199747812e-01  1.005276097381663e+00 -2.179157199747812e-01  1.887115451423014e-01 -2.179157199747812e-01  1.329193766022039e-03 -2.179157199747812e-01  8.610721035163580e-01 -2.179157199747812e-01  2.093697219355206e-01 -2.179157199747812e-01  1.713296380555918e-03 
-2.139157199747812e-01  1.464206002444857e+00 -2.139157199747812e-01  1.369200651805110e+00 -2.139157199747812e-01  1.003963533608673e+00 -2.139157199747812e-01  1.889147195468125e-01 -2.139157199747812e-01  1.332716847690263e-03 -2.139157199747812e-01  8.624026760749703e-01 -2.139157199747812e-01  2.091921787187912e-01 -2.139157199747812e-01  1.709779098078782e-03 
-2.099157199747812e-01  1.463318260207951e+00 -2.099157199747812e-01  1.370086959548879e+00 -2.099157199747812e-01  1.002650689546658e+00 -2.099157199747812e-01  1.891176111866781e-01 -2.099157199747812e-01  1.336240166466955e-03 -2.099157199747812e-01  8.637331877326410e-01 -2.099157199747812e-01  2.090144370962428e-01 -2.099157199747812e-01  1.706261473302699e-03 
-2.059157199747812e-01  1.462430459717211e+00 -2.059157199747812e-01  1.370973352034371e+00 -2.059157199747812e-01  1.001337567634831e+00 -2.059157199747812e-01  1.893202210370025e-01 -2.059157199747812e-01  1.339763716422156e-03 -2.059157199747812e-01  8.650636364492256e-01 -2.059157199747812e-01  2.088364964566452e-01 -2.059157199747812e-01  1.702743512198698e-03 
-2.019157199747812e-01  1.461542602475472e+00 -2.019157199747812e-01  1.371859827812960e+00 -2.019157199747812e-01  1.000024170310720e+00 -2.019157199747812e-01  1.895225500656312e-01 -2.019157199747812e-01  1.343287491591938e-03 -2.019157199747812e-01  8.663940202206033e-01 -2.019157199747812e-01  2.086583561764907e-01 -2.019157199747812e-01  1.699225220516122e-03 
-1.979157199747812e-01  1.460654689978710e+00 -1.979157199747812e-01  1.372746385427319e+00 -1.979157199747812e-01  9.987105000003965e-01 -1.979157199747812e-01  1.897245992365690e-01 -1.979157199747812e-01  1.346811486039574e-03 -1.979157199747812e-01  8.677243370357856e-01 -1.979157199747812e-01  2.084800156321608e-01 -1.979157199747812e-01  1.695706604038884e-03 
-1.939157199747812e-01  1.459766723710789e+00 -1.939157199747812e-01  1.373633023389085e+00 -1.939157199747812e-01  9.973965591151871e-01 -1.939157199747812e-01  1.899263695111603e-01 -1.939157199747812e-01  1.350335693876409e-03 -1.939157199747812e-01  8.690545848620858e-01 -1.939157199747812e-01  2.083014742041507e-01 -1.939157199747812e-01  1.692187668674038e-03 
-1.899157199747812e-01  1.458878705171550e+00 -1.899157199747812e-01  1.374519740295281e+00 -1.899157199747812e-01  9.960823500697382e-01 -1.899157199747812e-01  1.901278618420315e-01 -1.899157199747812e-01  1.353860109150361e-03 -1.899157199747812e-01  8.703847617222309e-01 -1.899157199747812e-01  2.081227312549359e-01 -1.899157199747812e-01  1.688668419989767e-03 
-1.859157199747812e-01  1.457990635829377e+00 -1.859157199747812e-01  1.375406534630864e+00 -1.859157199747812e-01  9.947678752517144e-01 -1.859157199747812e-01  1.903290771834318e-01 -1.859157199747812e-01  1.357384726034170e-03 -1.859157199747812e-01  8.717148655634688e-01 -1.859157199747812e-01  2.079437861664559e-01 -1.859157199747812e-01  1.685148863999038e-03 
-1.819157199747812e-01  1.457102517177912e+00 -1.819157199747812e-01  1.376293405003838e+00 -1.819157199747812e-01  9.934531370582202e-01 -1.819157199747812e-01  1.905300164789788e-01 -1.819157199747812e-01  1.360909538600335e-03 -1.819157199747812e-01  8.730448944133036e-01 -1.819157199747812e-01  2.077646382953827e-01 -1.819157199747812e-01  1.681629006226435e-03 
-1.779157199747812e-01  1.456214350683825e+00 -1.779157199747812e-01  1.377180349928051e+00 -1.779157199747812e-01  9.921381378623916e-01 -1.779157199747812e-01  1.907306806730144e-01 -1.779157199747812e-01  1.364434541028363e-03 -1.779157199747812e-01  8.743748462355567e-01 -1.779157199747812e-01  2.075852870144232e-01 -1.779157199747812e-01  1.678108852570223e-03 
-1.739157199747812e-01  1.455326137823262e+00 -1.739157199747812e-01  1.378067367974060e+00 -1.739157199747812e-01  9.908228800368468e-01 -1.739157199747812e-01  1.909310707027635e-01 -1.739157199747812e-01  1.367959727460199e-03 -1.739157199747812e-01  8.757047190302640e-01 -1.739157199747812e-01  2.074057316835681e-01 -1.739157199747812e-01  1.674588408703662e-03 
-1.699157199747812e-01  1.454437880066544e+00 -1.699157199747812e-01  1.378954457705203e+00 -1.699157199747812e-01  9.895073659439528e-01 -1.699157199747812e-01  1.911311875016819e-01 -1.699157199747812e-01  1.371485092060816e-03 -1.699157199747812e-01  8.770345107912654e-01 -1.699157199747812e-01  2.072259716622299e-01 -1.699157199747812e-01  1.671067680328605e-03 
-1.659157199747812e-01  1.453549578876934e+00 -1.659157199747812e-01  1.379841617672308e+00 -1.659157199747812e-01  9.881915979351039e-01 -1.659157199747812e-01  1.913310319997677e-01 -1.659157199747812e-01  1.375010629023271e-03 -1.659157199747812e-01  8.783642195026869e-01 -1.659157199747812e-01  2.070460063102421e-01 -1.659157199747812e-01  1.667546673196545e-03 
-1.619157199747812e-01  1.452661235713794e+00 -1.619157199747812e-01  1.380728846426206e+00 -1.619157199747812e-01  9.868755783528202e-01 -1.619157199747812e-01  1.915306051229127e-01 -1.619157199747812e-01  1.378536332556017e-03 -1.619157199747812e-01  8.796938431471704e-01 -1.619157199747812e-01  2.068658349854497e-01 -1.619157199747812e-01  1.664025393058998e-03 
-1.579157199747812e-01  1.451772852046721e+00 -1.579157199747812e-01  1.381616142575821e+00 -1.579157199747812e-01  9.855593095399104e-01 -1.579157199747812e-01  1.917299077899235e-01 -1.579157199747812e-01  1.382062196826914e-03 -1.579157199747812e-01  8.810233797442411e-01 -1.579157199747812e-01  2.066854570325229e-01 -1.579157199747812e-01  1.660503845436902e-03 
-1.539157199747812e-01  1.450884429323665e+00 -1.539157199747812e-01  1.382503504656091e+00 -1.539157199747812e-01  9.842427938190561e-01 -1.539157199747812e-01  1.919289409193964e-01 -1.539157199747812e-01  1.385588216089712e-03 -1.539157199747812e-01  8.823528272629131e-01 -1.539157199747812e-01  2.065048718082652e-01 -1.539157199747812e-01  1.656982036144841e-03 
-1.499157199747811e-01  1.449995968998109e+00 -1.499157199747811e-01  1.383390931239910e+00 -1.499157199747811e-01  9.829260335103518e-01 -1.499157199747811e-01  1.921277054239315e-01 -1.499157199747811e-01  1.389114384576230e-03 -1.499157199747811e-01  8.836821836956812e-01 -1.499157199747811e-01  2.063240786601183e-01 -1.499157199747811e-01  1.653459970846719e-03 
-1.459157199747811e-01  1.449107472520645e+00 -1.459157199747811e-01  1.384278420902887e+00 -1.459157199747811e-01  9.816090309259640e-01 -1.459157199747811e-01  1.923262022119767e-01 -1.459157199747811e-01  1.392640696529676e-03 -1.459157199747811e-01  8.850114470351638e-01 -1.459157199747811e-01  2.061430769328886e-01 -1.459157199747811e-01  1.649937655195723e-03 
-1.419157199747811e-01  1.448218941341550e+00 -1.419157199747811e-01  1.385165972233534e+00 -1.419157199747811e-01  9.802917883718603e-01 -1.419157199747811e-01  1.925244321873282e-01 -1.419157199747811e-01  1.396167146194571e-03 -1.419157199747811e-01  8.863406152807735e-01 -1.419157199747811e-01  2.059618659667475e-01 -1.419157199747811e-01  1.646415094793787e-03 
-1.379157199747811e-01  1.447330376907468e+00 -1.379157199747811e-01  1.386053583819291e+00 -1.379157199747811e-01  9.789743081457523e-01 -1.379157199747811e-01  1.927223962498742e-01 -1.379157199747811e-01  1.399693727829782e-03 -1.379157199747811e-01  8.876696864294519e-01 -1.379157199747811e-01  2.057804450998920e-01 -1.379157199747811e-01  1.642892295247104e-03 
-1.339157199747811e-01  1.446441780649305e+00 -1.339157199747811e-01  1.386941254196526e+00 -1.339157199747811e-01  9.776565925293533e-01 -1.339157199747811e-01  1.929200952982066e-01 -1.339157199747811e-01  1.403220435756686e-03 -1.339157199747811e-01  8.889986584426124e-01 -1.339157199747811e-01  2.055988136781968e-01 -1.339157199747811e-01  1.639369262364582e-03 
-1.299157199747811e-01  1.445553154015366e+00 -1.299157199747811e-01  1.387828981986145e+00 -1.299157199747811e-01  9.763386438098112e-01 -1.299157199747811e-01  1.931175302226173e-01 -1.299157199747811e-01  1.406747264227537e-03 -1.299157199747811e-01  8.903275293356285e-01 -1.299157199747811e-01  2.054169710289693e-01 -1.299157199747811e-01  1.635846001619559e-03 
-1.259157199747811e-01  1.444664498443250e+00 -1.259157199747811e-01  1.388716765777834e+00 -1.259157199747811e-01  9.750204642616636e-01 -1.259157199747811e-01  1.933147019111195e-01 -1.259157199747811e-01  1.410274207537147e-03 -1.259157199747811e-01  8.916562971013464e-01 -1.259157199747811e-01  2.052349164832829e-01 -1.259157199747811e-01  1.632322518609330e-03 
-1.219157199747811e-01  1.443775815355927e+00 -1.219157199747811e-01  1.389604604113728e+00 -1.219157199747811e-01  9.737020561443650e-01 -1.219157199747811e-01  1.935116112502972e-01 -1.219157199747811e-01  1.413801260038296e-03 -1.219157199747811e-01  8.929849596993069e-01 -1.219157199747811e-01  2.050526493791582e-01 -1.219157199747811e-01  1.628798819119901e-03 
-1.179157199747811e-01  1.442887106195165e+00 -1.179157199747811e-01  1.390492495625080e+00 -1.179157199747811e-01  9.723834217239298e-01 -1.179157199747811e-01  1.937082591182810e-01 -1.179157199747811e-01  1.417328416009194e-03 -1.179157199747811e-01  8.943135151458383e-01 -1.179157199747811e-01  2.048701690350114e-01 -1.179157199747811e-01  1.625274908583566e-03 
-1.139157199747811e-01  1.441998372384670e+00 -1.139157199747811e-01  1.391380438880721e+00 -1.139157199747811e-01  9.710645632492112e-01 -1.139157199747811e-01  1.939046463925811e-01 -1.139157199747811e-01  1.420855669799727e-03 -1.139157199747811e-01  8.956419614140522e-01 -1.139157199747811e-01  2.046874747790298e-01 -1.139157199747811e-01  1.621750792680365e-03 
-1.099157199747811e-01  1.441109615351081e+00 -1.099157199747811e-01  1.392268432472864e+00 -1.099157199747811e-01  9.697454829655169e-01 -1.099157199747811e-01  1.941007739456858e-01 -1.099157199747811e-01  1.424383015748099e-03 -1.099157199747811e-01  8.969702964903998e-01 -1.099157199747811e-01  2.045045659324914e-01 -1.099157199747811e-01  1.618226476997541e-03 
-1.059157199747811e-01  1.440220836522143e+00 -1.059157199747811e-01  1.393156475009112e+00 -1.059157199747811e-01  9.684261831135048e-01 -1.059157199747811e-01  1.942966426454963e-01 -1.059157199747811e-01  1.427910448188173e-03 -1.059157199747811e-01  8.982985183693251e-01 -1.059157199747811e-01  2.043214418112671e-01 -1.059157199747811e-01  1.614701967061248e-03 
-1.019157199747811e-01  1.439332037314746e+00 -1.019157199747811e-01  1.394044565063341e+00 -1.019157199747811e-01  9.671066659215124e-01 -1.019157199747811e-01  1.944922533578728e-01 -1.019157199747811e-01  1.431437961496843e-03 -1.019157199747811e-01  8.996266250208751e-01 -1.019157199747811e-01  2.041381017353759e-01 -1.019157199747811e-01  1.611177268531485e-03 
-9.791571997478110e-02  1.438443219147633e+00 -9.791571997478110e-02  1.394932701227229e+00 -9.791571997478110e-02  9.657869336138376e-01 -9.791571997478110e-02  1.946876069440013e-01 -9.791571997478110e-02  1.434965550043621e-03 -9.791571997478110e-02  9.009546144245997e-01 -9.791571997478110e-02  2.039545450189151e-01 -9.791571997478110e-02  1.607652386997632e-03 
-9.391571997478110e-02  1.437554383445290e+00 -9.391571997478110e-02  1.395820882125657e+00 -9.391571997478110e-02  9.644669884133276e-01 -9.391571997478110e-02  1.948827042596272e-01 -9.391571997478110e-02  1.438493208175272e-03 -9.391571997478110e-02  9.022824845796216e-01 -9.391571997478110e-02  2.037707709669885e-01 -9.391571997478110e-02  1.604127327917261e-03 
-8.991571997478109e-02  1.436665531621346e+00 -8.991571997478109e-02  1.396709106348720e+00 -8.991571997478109e-02  9.631468325307032e-01 -8.991571997478109e-02  1.950775461585667e-01 -8.991571997478109e-02  1.442020930281613e-03 -8.991571997478109e-02  9.036102334598285e-01 -8.991571997478109e-02  2.035867788889791e-01 -8.991571997478109e-02  1.600602096885988e-03 
-8.591571997478109e-02  1.435776665091023e+00 -8.591571997478109e-02  1.397597372502209e+00 -8.591571997478109e-02  9.618264681726727e-01 -8.591571997478109e-02  1.952721334901375e-01 -8.591571997478109e-02  1.445548710746142e-03 -8.591571997478109e-02  9.049378590470734e-01 -8.591571997478109e-02  2.034025680886480e-01 -8.591571997478109e-02  1.597076699437176e-03 
-8.191571997478109e-02  1.434887785259543e+00 -8.191571997478109e-02  1.398485679159975e+00 -8.191571997478109e-02  9.605058975344952e-01 -8.191571997478109e-02  1.954664671016127e-01 -8.191571997478109e-02  1.449076543992012e-03 -8.191571997478109e-02  9.062653592997709e-01 -8.191571997478109e-02  2.032181378734547e-01 -8.191571997478109e-02  1.593551141230907e-03 
-7.791571997478108e-02  1.433998893544071e+00 -7.791571997478108e-02  1.399374024952866e+00 -7.791571997478108e-02  9.591851228142512e-01 -7.791571997478108e-02  1.956605478336886e-01 -7.791571997478108e-02  1.452604424394999e-03 -7.791571997478108e-02  9.075927322113528e-01 -7.791571997478108e-02  2.030334875370492e-01 -7.791571997478108e-02  1.590025427701071e-03 
-7.391571997478108e-02  1.433109991346834e+00 -7.391571997478108e-02  1.400262408459111e+00 -7.391571997478108e-02  9.578641461954984e-01 -7.391571997478108e-02  1.958543765261172e-01 -7.391571997478108e-02  1.456132346390132e-03 -7.391571997478108e-02  9.089199757381378e-01 -7.391571997478108e-02  2.028486163807948e-01 -7.391571997478108e-02  1.586499564490388e-03 
-6.991571997478108e-02  1.432221080082039e+00 -6.991571997478108e-02  1.401150828313316e+00 -6.991571997478108e-02  9.565429698647723e-01 -6.991571997478108e-02  1.960479540121492e-01 -6.991571997478108e-02  1.459660304364915e-03 -6.991571997478108e-02  9.102470878709186e-01 -6.991571997478108e-02  2.026635236922745e-01 -6.991571997478108e-02  1.582973557017806e-03 
-6.591571997478107e-02  1.431332161149023e+00 -6.591571997478107e-02  1.402039283097122e+00 -6.591571997478107e-02  9.552215959942456e-01 -6.591571997478107e-02  1.962412811241421e-01 -6.591571997478107e-02  1.463188292765834e-03 -6.591571997478107e-02  9.115740665630745e-01 -6.591571997478107e-02  2.024782087668181e-01 -6.591571997478107e-02  1.579447410912511e-03 
-6.191571997478107e-02  1.430443235959246e+00 -6.191571997478107e-02  1.402927771448314e+00 -6.191571997478107e-02  9.539000267592932e-01 -6.191571997478107e-02  1.964343586880037e-01 -6.191571997478107e-02  1.466716305991270e-03 -6.191571997478107e-02  9.129009098021845e-01 -6.191571997478107e-02  2.022926708859304e-01 -6.191571997478107e-02  1.575921131580832e-03 
-5.791571997478107e-02  1.429554305903613e+00 -5.791571997478107e-02  1.403816291928134e+00 -5.791571997478107e-02  9.525782643173502e-01 -5.791571997478107e-02  1.966271875299884e-01 -5.791571997478107e-02  1.470244338521173e-03 -5.791571997478107e-02  9.142276155228595e-01 -5.791571997478107e-02  2.021069093435031e-01 -5.791571997478107e-02  1.572394724732914e-03 
-5.391571997478106e-02  1.428665372392374e+00 -5.391571997478106e-02  1.404704843182508e+00 -5.391571997478106e-02  9.512563108338726e-01 -5.391571997478106e-02  1.968197684684849e-01 -5.391571997478106e-02  1.473772384758708e-03 -5.391571997478106e-02  9.155541817125328e-01 -5.391571997478106e-02  2.019209234138672e-01 -5.391571997478106e-02  1.568868195742763e-03 
-4.991571997478106e-02  1.427776436820604e+00 -4.991571997478106e-02  1.405593423801919e+00 -4.991571997478106e-02  9.499341684599821e-01 -4.991571997478106e-02  1.970121023211851e-01 -4.991571997478106e-02  1.477300439167264e-03 -4.991571997478106e-02  9.168806063194318e-01 -4.991571997478106e-02  2.017347123795181e-01 -4.991571997478106e-02  1.565341550204462e-03 
-4.591571997478106e-02  1.426887500582840e+00 -4.591571997478106e-02  1.406482032380376e+00 -4.591571997478106e-02  9.486118393420347e-01 -4.591571997478106e-02  1.972041899020908e-01 -4.591571997478106e-02  1.480828496212346e-03 -4.591571997478106e-02  9.182068872912369e-01 -4.591571997478106e-02  2.015482755194123e-01 -4.591571997478106e-02  1.561814793698049e-03 
-4.191571997478105e-02  1.425998565085595e+00 -4.191571997478105e-02  1.407370667565536e+00 -4.191571997478105e-02  9.472893256298085e-01 -4.191571997478105e-02  1.973960320189848e-01 -4.191571997478105e-02  1.484356550311933e-03 -4.191571997478105e-02  9.195330226078853e-01 -4.191571997478105e-02  2.013616120989460e-01 -4.191571997478105e-02  1.558287931590702e-03 
-3.791571997478105e-02  1.425109631725148e+00 -3.791571997478105e-02  1.408259327968634e+00 -3.791571997478105e-02  9.459666294621443e-01 -3.791571997478105e-02  1.975876294780358e-01 -3.791571997478105e-02  1.487884595924640e-03 -3.791571997478105e-02  9.208590102224521e-01 -3.791571997478105e-02  2.011747213878279e-01 -3.791571997478105e-02  1.554760969394094e-03 
-3.391571997478104e-02  1.424220701884263e+00 -3.391571997478104e-02  1.409148012151240e+00 -3.391571997478104e-02  9.446437529648299e-01 -3.391571997478104e-02  1.977789830844861e-01 -3.391571997478104e-02  1.491412627562645e-03 -3.391571997478104e-02  9.221848480524619e-01 -3.391571997478104e-02  2.009876026627482e-01 -3.391571997478104e-02  1.551233912817042e-03 
-2.991571997478104e-02  1.423331776969644e+00 -2.991571997478104e-02  1.410036718775516e+00 -2.991571997478104e-02  9.433206982750655e-01 -2.991571997478104e-02  1.979700936350245e-01 -2.991571997478104e-02  1.494940639643175e-03 -2.991571997478104e-02  9.235105340782659e-01 -2.991571997478104e-02  2.008002551773346e-01 -2.991571997478104e-02  1.547706767169097e-03 
-2.591571997478104e-02  1.422442858370237e+00 -2.591571997478104e-02  1.410925446436111e+00 -2.591571997478104e-02  9.419974675143642e-01 -2.591571997478104e-02  1.981609619263580e-01 -2.591571997478104e-02  1.498468626653893e-03 -2.591571997478104e-02  9.248360662328660e-01 -2.591571997478104e-02  2.006126781956826e-01 -2.591571997478104e-02  1.544179538027776e-03 
-2.191571997478104e-02  1.421553947474891e+00 -2.191571997478104e-02  1.411814193730921e+00 -2.191571997478104e-02  9.406740628001110e-01 -2.191571997478104e-02  1.983515887516272e-01 -2.191571997478104e-02  1.501996583082879e-03 -2.191571997478104e-02  9.261614424482200e-01 -2.191571997478104e-02  2.004248709782108e-01 -2.191571997478104e-02  1.540652230957684e-03 
-1.791571997478104e-02  1.420665045680789e+00 -1.791571997478104e-02  1.412702959294631e+00 -1.791571997478104e-02  9.393504862511117e-01 -1.791571997478104e-02  1.985419748987232e-01 -1.791571997478104e-02  1.505524503385074e-03 -1.791571997478104e-02  9.274866606771379e-01 -1.791571997478104e-02  2.002368327748877e-01 -1.791571997478104e-02  1.537124851377480e-03 
-1.391571997478104e-02  1.419776154372517e+00 -1.391571997478104e-02  1.413591741714282e+00 -1.391571997478104e-02  9.380267399740102e-01 -1.391571997478104e-02  1.987321211545903e-01 -1.391571997478104e-02  1.509052382065444e-03 -1.391571997478104e-02  9.288117188379715e-01 -1.391571997478104e-02  2.000485628421324e-01 -1.391571997478104e-02  1.533597404894779e-03 
-9.915719974781044e-03  1.418887274944660e+00 -9.915719974781044e-03  1.414480539619621e+00 -9.915719974781044e-03  9.367028260780761e-01 -9.915719974781044e-03  1.989220283006587e-01 -9.915719974781044e-03  1.512580213589278e-03 -9.915719974781044e-03  9.301366148736780e-01 -9.915719974781044e-03  1.998600604246524e-01 -9.915719974781044e-03  1.530069896947832e-03 
-5.915719974781044e-03  1.417998408789067e+00 -5.915719974781044e-03  1.415369351631651e+00 -5.915719974781044e-03  9.353787466669591e-01 -5.915719974781044e-03  1.991116971154711e-01 -5.915719974781044e-03  1.516107992432697e-03 -5.915719974781044e-03  9.314613467180959e-01 -5.915719974781044e-03  1.996713247657251e-01 -5.915719974781044e-03  1.526542333009508e-03 
-1.915719974781044e-03  1.417109557287871e+00 -1.915719974781044e-03  1.416258176334512e+00 -1.915719974781044e-03  9.340545038341826e-01 -1.915719974781044e-03  1.993011283761265e-01 -1.915719974781044e-03  1.519635713110364e-03 -1.915719974781044e-03  9.327859122775388e-01 -1.915719974781044e-03  1.994823551128643e-01 -1.915719974781044e-03  1.523014718699021e-03 
 2.084280025218956e-03  1.416220721014184e+00  2.084280025218956e-03  1.417147013190188e+00  2.084280025218956e-03  9.327300984526308e-01  2.084280025218956e-03  1.994903230285849e-01  2.084280025218956e-03  1.523163373347873e-03  2.084280025218956e-03  9.341103107163444e-01  2.084280025218956e-03  1.992931505239876e-01  2.084280025218956e-03  1.519487056151513e-03 
 6.084280025218956e-03  1.415331896810575e+00  6.084280025218956e-03  1.418035865332975e+00  6.084280025218956e-03  9.314055258390854e-01  6.084280025218956e-03  1.996792828071149e-01  6.084280025218956e-03  1.526690985676721e-03  6.084280025218956e-03  9.354345467022251e-01  6.084280025218956e-03  1.991037092692130e-01  6.084280025218956e-03  1.515959332927270e-03 
 1.008428002521896e-02  1.414443085371284e+00  1.008428002521896e-02  1.418924732072876e+00  1.008428002521896e-02  9.300807870378938e-01  1.008428002521896e-02  1.998680086206966e-01  1.008428002521896e-02  1.530218547341748e-03  1.008428002521896e-02  9.367586191789282e-01  1.008428002521896e-02  1.989140304274107e-01  1.008428002521896e-02  1.512431551764628e-03 
 1.408428002521896e-02  1.413554288088639e+00  1.408428002521896e-02  1.419813612038361e+00  1.408428002521896e-02  9.287558841272222e-01  1.408428002521896e-02  2.000565012264285e-01  1.408428002521896e-02  1.533746052817146e-03  1.408428002521896e-02  9.380825260596903e-01  1.408428002521896e-02  1.987241132191825e-01  1.408428002521896e-02  1.508903718106823e-03 
 1.808428002521896e-02  1.412665506346017e+00  1.808428002521896e-02  1.420702503821948e+00  1.808428002521896e-02  9.274308191759444e-01  1.808428002521896e-02  2.002447613800114e-01  1.808428002521896e-02  1.537273496612652e-03  1.808428002521896e-02  9.394062652304965e-01  1.808428002521896e-02  1.985339568690119e-01  1.808428002521896e-02  1.505375837539782e-03 
 2.208428002521896e-02  1.411776741528485e+00  2.208428002521896e-02  1.421591406022534e+00  2.208428002521896e-02  9.261055942506566e-01  2.208428002521896e-02  2.004327898336298e-01  2.208428002521896e-02  1.540800873231251e-03  2.208428002521896e-02  9.407298345776698e-01  2.208428002521896e-02  1.983435605966549e-01  2.208428002521896e-02  1.501847915624099e-03 
 2.608428002521896e-02  1.410887995029895e+00  2.608428002521896e-02  1.422480317273163e+00  2.608428002521896e-02  9.247802114203623e-01  2.608428002521896e-02  2.006205873345683e-01  2.608428002521896e-02  1.544328177141102e-03  2.608428002521896e-02  9.420532320058945e-01  2.608428002521896e-02  1.981529236114307e-01  2.608428002521896e-02  1.498319957784832e-03 
 3.008428002521896e-02  1.409999268232756e+00  3.008428002521896e-02  1.423369236160594e+00  3.008428002521896e-02  9.234546727433702e-01  3.008428002521896e-02  2.008081546292820e-01  3.008428002521896e-02  1.547855402855348e-03  3.008428002521896e-02  9.433764553857316e-01  3.008428002521896e-02  1.979620451285735e-01  3.008428002521896e-02  1.494791969630748e-03 
 3.408428002521896e-02  1.409110562528369e+00  3.408428002521896e-02  1.424258161305169e+00  3.408428002521896e-02  9.221289802805153e-01  3.408428002521896e-02  2.009954924593895e-01  3.408428002521896e-02  1.551382544852249e-03  3.408428002521896e-02  9.446995026056169e-01  3.408428002521896e-02  1.977709243529196e-01  3.408428002521896e-02  1.491263956637312e-03 
 3.808428002521896e-02  1.408221879309215e+00  3.808428002521896e-02  1.425147091330022e+00  3.808428002521896e-02  9.208031360902340e-01  3.808428002521896e-02  2.011826015632358e-01  3.808428002521896e-02  1.554909597605379e-03  3.808428002521896e-02  9.460223715517286e-01  3.808428002521896e-02  1.975795604851345e-01  3.808428002521896e-02  1.487735924268906e-03 
 4.208428002521897e-02  1.407333219954289e+00  4.208428002521897e-02  1.426036024802732e+00  4.208428002521897e-02  9.194771422190053e-01  4.208428002521897e-02  2.013694826788487e-01  4.208428002521897e-02  1.558436555641817e-03  4.208428002521897e-02  9.473450600699520e-01  4.208428002521897e-02  1.973879527336440e-01  4.208428002521897e-02  1.484207878210411e-03 
 4.608428002521897e-02  1.406444585864165e+00  4.608428002521897e-02  1.426924960373937e+00  4.608428002521897e-02  9.181510007243752e-01  4.608428002521897e-02  2.015561365369719e-01  4.608428002521897e-02  1.561963413403004e-03  4.608428002521897e-02  9.486675660560457e-01  4.608428002521897e-02  1.971961002861948e-01  4.608428002521897e-02  1.480679823817001e-03 
 5.008428002521897e-02  1.405555978415036e+00  5.008428002521897e-02  1.427813896595054e+00  5.008428002521897e-02  9.168247136448904e-01  5.008428002521897e-02  2.017425638702628e-01  5.008428002521897e-02  1.565490165427150e-03  5.008428002521897e-02  9.499898873369801e-01  5.008428002521897e-02  1.970040023472090e-01  5.008428002521897e-02  1.477151766837707e-03 
 5.408428002521898e-02  1.404667399008714e+00  5.408428002521898e-02  1.428702832115678e+00  5.408428002521898e-02  9.154982830329286e-01  5.408428002521898e-02  2.019287654033626e-01  5.408428002521898e-02  1.569016806150779e-03  5.408428002521898e-02  9.513120217992745e-01  5.408428002521898e-02  1.968116580972131e-01  5.408428002521898e-02  1.473623712631855e-03 
 5.808428002521898e-02  1.403778849028371e+00  5.808428002521898e-02  1.429591765508341e+00  5.808428002521898e-02  9.141717109257245e-01  5.808428002521898e-02  2.021147418617368e-01  5.808428002521898e-02  1.572543330084377e-03  5.808428002521898e-02  9.526339672749812e-01  5.808428002521898e-02  1.966190667288183e-01  5.808428002521898e-02  1.470095666864626e-03 
 6.208428002521899e-02  1.402890329869283e+00  6.208428002521899e-02  1.430480695389610e+00  6.208428002521899e-02  9.128449993655865e-01  6.208428002521899e-02  2.023004939655939e-01  6.208428002521899e-02  1.576069731690399e-03  6.208428002521899e-02  9.539557216203586e-01  6.208428002521899e-02  1.964262274217755e-01  6.208428002521899e-02  1.466567635026451e-03 
 6.608428002521899e-02  1.402001842917679e+00  6.608428002521899e-02  1.431369620336344e+00  6.608428002521899e-02  9.115181503860729e-01  6.608428002521899e-02  2.024860224341146e-01  6.608428002521899e-02  1.579596005467209e-03  6.608428002521899e-02  9.552772826613838e-01  6.608428002521899e-02  1.962331393601967e-01  6.608428002521899e-02  1.463039622765297e-03 
 7.008428002521899e-02  1.401113389573247e+00  7.008428002521899e-02  1.432258538974042e+00  7.008428002521899e-02  9.101911660268039e-01  7.008428002521899e-02  2.026713279810238e-01  7.008428002521899e-02  1.583122145859734e-03  7.008428002521899e-02  9.565986482510880e-01  7.008428002521899e-02  1.960398017142738e-01  7.008428002521899e-02  1.459511635536130e-03 
 7.408428002521900e-02  1.400224971228839e+00  7.408428002521900e-02  1.433147449896470e+00  7.408428002521900e-02  9.088640483202051e-01  7.408428002521900e-02  2.028564113186430e-01  7.408428002521900e-02  1.586648147340057e-03  7.408428002521900e-02  9.579198162172801e-01  7.408428002521900e-02  1.958462136568423e-01  7.408428002521900e-02  1.455983678919798e-03 
 7.808428002521900e-02  1.399336589271316e+00  7.808428002521900e-02  1.434036351668847e+00  7.808428002521900e-02  9.075367992920945e-01  7.808428002521900e-02  2.030412731577426e-01  7.808428002521900e-02  1.590174004404012e-03  7.808428002521900e-02  9.592407843646005e-01  7.808428002521900e-02  1.956523743627337e-01  7.808428002521900e-02  1.452455758610522e-03 
 8.208428002521900e-02  1.398448245105460e+00  8.208428002521900e-02  1.434925242921475e+00  8.208428002521900e-02  9.062094209774474e-01  8.208428002521900e-02  2.032259142028605e-01  8.208428002521900e-02  1.593699711476304e-03  8.208428002521900e-02  9.605615505351819e-01  8.208428002521900e-02  1.954582829892871e-01  8.208428002521900e-02  1.448927880044144e-03 
 8.608428002521901e-02  1.397559940122419e+00  8.608428002521901e-02  1.435814122225366e+00  8.608428002521901e-02  9.048819153997165e-01  8.608428002521901e-02  2.034103351585544e-01  8.608428002521901e-02  1.597225263035753e-03  8.608428002521901e-02  9.618821125279060e-01  8.608428002521901e-02  1.952639387021376e-01  8.608428002521901e-02  1.445400048891830e-03 
 9.008428002521901e-02  1.396671675717252e+00  9.008428002521901e-02  1.436702988160873e+00  9.008428002521901e-02  9.035542845823993e-01  9.008428002521901e-02  2.035945367259711e-01  9.008428002521901e-02  1.600750653545658e-03  9.008428002521901e-02  9.632024681428821e-01  9.008428002521901e-02  1.950693406609403e-01  9.008428002521901e-02  1.441872270787647e-03 
 9.408428002521901e-02  1.395783453294491e+00  9.408428002521901e-02  1.437591839339158e+00  9.408428002521901e-02  9.022265305527585e-01  9.408428002521901e-02  2.037785196017891e-01  9.408428002521901e-02  1.604275877431719e-03  9.408428002521901e-02  9.645226151952599e-01  9.408428002521901e-02  1.948744880148319e-01  9.408428002521901e-02  1.438344551243440e-03 
 9.808428002521902e-02  1.394895274248346e+00  9.808428002521902e-02  1.438480674324198e+00  9.808428002521902e-02  9.008986553288414e-01  9.808428002521902e-02  2.039622844821342e-01  9.808428002521902e-02  1.607800929160569e-03  9.808428002521902e-02  9.658425514646478e-01  9.808428002521902e-02  1.946793799186655e-01  9.808428002521902e-02  1.434816895958246e-03 
 1.020842800252190e-01  1.394007139987113e+00  1.020842800252190e-01  1.439369491728157e+00  1.020842800252190e-01  8.995706609355949e-01  1.020842800252190e-01  2.041458320578261e-01  1.020842800252190e-01  1.611325803142994e-03  1.020842800252190e-01  9.671622747568084e-01  1.020842800252190e-01  1.944840155130522e-01  1.020842800252190e-01  1.431289310439877e-03 
 1.060842800252190e-01  1.393119051903665e+00  1.060842800252190e-01  1.440258290095506e+00  1.060842800252190e-01  8.982425493854891e-01  1.060842800252190e-01  2.043291630201828e-01  1.060842800252190e-01  1.614850493850954e-03  1.060842800252190e-01  9.684817828285930e-01  1.060842800252190e-01  1.942883939485748e-01  1.060842800252190e-01  1.427761800464805e-03 
 1.100842800252190e-01  1.392231011411266e+00  1.100842800252190e-01  1.441147068042744e+00  1.100842800252190e-01  8.969143227021370e-01  1.100842800252190e-01  2.045122780540447e-01  1.100842800252190e-01  1.618374995675435e-03  1.100842800252190e-01  9.698010734782783e-01  1.100842800252190e-01  1.940925143564725e-01  1.100842800252190e-01  1.424234371523626e-03 
 1.140842800252190e-01  1.391343019909040e+00  1.140842800252190e-01  1.442035824123120e+00  1.140842800252190e-01  8.955859828976181e-01  1.140842800252190e-01  2.046951778445598e-01  1.140842800252190e-01  1.621899303063634e-03  1.140842800252190e-01  9.711201444579942e-01  1.140842800252190e-01  1.938963758769741e-01  1.140842800252190e-01  1.420707029357947e-03 
 1.180842800252190e-01  1.390455078804752e+00  1.180842800252190e-01  1.442924556915382e+00  1.180842800252190e-01  8.942575319875143e-01  1.180842800252190e-01  2.048778630727543e-01  1.180842800252190e-01  1.625423410428361e-03  1.180842800252190e-01  9.724389935310629e-01  1.180842800252190e-01  1.936999776406375e-01  1.180842800252190e-01  1.417179779608149e-03 
 1.220842800252190e-01  1.389567189509490e+00  1.220842800252190e-01  1.443813265002473e+00  1.220842800252190e-01  8.929289719874721e-01  1.220842800252190e-01  2.050603344166124e-01  1.220842800252190e-01  1.628947312169307e-03  1.220842800252190e-01  9.737576184581387e-01  1.220842800252190e-01  1.935033187727710e-01  1.220842800252190e-01  1.413652627897997e-03 
 1.260842800252190e-01  1.388679353438234e+00  1.260842800252190e-01  1.444701946973481e+00  1.260842800252190e-01  8.916003049136099e-01  1.260842800252190e-01  2.052425925509912e-01  1.260842800252190e-01  1.632471002670674e-03  1.260842800252190e-01  9.750760169983872e-01  1.260842800252190e-01  1.933063983929674e-01  1.260842800252190e-01  1.410125579826827e-03 
 1.300842800252190e-01  1.387791571991649e+00  1.300842800252190e-01  1.445590601352556e+00  1.300842800252190e-01  8.902715327705690e-01  1.300842800252190e-01  2.054246381511829e-01  1.300842800252190e-01  1.635994476373471e-03  1.300842800252190e-01  9.763941868635663e-01  1.300842800252190e-01  1.931092156301114e-01  1.300842800252190e-01  1.406598641251708e-03 
 1.340842800252190e-01  1.386903846593333e+00  1.340842800252190e-01  1.446479226743309e+00  1.340842800252190e-01  8.889426575761253e-01  1.340842800252190e-01  2.056064718857177e-01  1.340842800252190e-01  1.639517727627714e-03  1.340842800252190e-01  9.777121258111355e-01  1.340842800252190e-01  1.929117695918051e-01  1.340842800252190e-01  1.403071817714338e-03 
 1.380842800252191e-01  1.386016178653128e+00  1.380842800252191e-01  1.447367821686011e+00  1.380842800252191e-01  8.876136813370266e-01  1.380842800252191e-01  2.057880944235084e-01  1.380842800252191e-01  1.643040750837987e-03  1.380842800252191e-01  9.790298315520446e-01  1.380842800252191e-01  1.927140593945356e-01  1.380842800252191e-01  1.399545115007739e-03 
 1.420842800252191e-01  1.385128569586846e+00  1.420842800252191e-01  1.448256384733778e+00  1.420842800252191e-01  8.862846060620646e-01  1.420842800252191e-01  2.059695064300532e-01  1.420842800252191e-01  1.646563540385196e-03  1.420842800252191e-01  9.803473017998303e-01  1.420842800252191e-01  1.925160841475281e-01  1.420842800252191e-01  1.396018538874032e-03 
 1.460842800252191e-01  1.384241020825520e+00  1.460842800252191e-01  1.449144914488041e+00  1.460842800252191e-01  8.849554337682254e-01  1.460842800252191e-01  2.061507085656869e-01  1.460842800252191e-01  1.650086090589830e-03  1.460842800252191e-01  9.816645342933659e-01  1.460842800252191e-01  1.923178429451135e-01  1.460842800252191e-01  1.392492094863500e-03 
 1.500842800252191e-01  1.383353533784308e+00  1.500842800252191e-01  1.450033409477740e+00  1.500842800252191e-01  8.836261664602048e-01  1.500842800252191e-01  2.063317014916122e-01  1.500842800252191e-01  1.653608395835377e-03  1.500842800252191e-01  9.829815267189590e-01  1.500842800252191e-01  1.921193348923962e-01  1.500842800252191e-01  1.388965788814156e-03 
 1.540842800252191e-01  1.382466109880778e+00  1.540842800252191e-01  1.450921868229974e+00  1.540842800252191e-01  8.822968061425293e-01  1.540842800252191e-01  2.065124858663926e-01  1.540842800252191e-01  1.657130450495777e-03  1.540842800252191e-01  9.842982767558326e-01  1.540842800252191e-01  1.919205590902216e-01  1.540842800252191e-01  1.385439626571311e-03 
 1.580842800252191e-01  1.381578750553391e+00  1.580842800252191e-01  1.451810289340891e+00  1.580842800252191e-01  8.809673548318105e-01  1.580842800252191e-01  2.066930623424288e-01  1.580842800252191e-01  1.660652248862022e-03  1.580842800252191e-01  9.856147821216467e-01  1.580842800252191e-01  1.917215146199563e-01  1.580842800252191e-01  1.381913613706190e-03 
 1.620842800252191e-01  1.380691457223590e+00  1.620842800252191e-01  1.452698671328917e+00  1.620842800252191e-01  8.796378145317469e-01  1.620842800252191e-01  2.068734315732849e-01  1.620842800252191e-01  1.664173785292649e-03  1.620842800252191e-01  9.869310404779741e-01  1.620842800252191e-01  1.915222005748019e-01  1.620842800252191e-01  1.378387756098515e-03 
 1.660842800252191e-01  1.379804231330142e+00  1.660842800252191e-01  1.453587012767006e+00  1.660842800252191e-01  8.783081872558667e-01  1.660842800252191e-01  2.070535942071137e-01  1.660842800252191e-01  1.667695054077446e-03  1.660842800252191e-01  9.882470495153084e-01  1.660842800252191e-01  1.913226160314746e-01  1.660842800252191e-01  1.374862059411560e-03 
 1.700842800252191e-01  1.378917074296593e+00  1.700842800252191e-01  1.454475312156804e+00  1.700842800252191e-01  8.769784750060556e-01  1.700842800252191e-01  2.072335508929313e-01  1.700842800252191e-01  1.671216049566624e-03  1.700842800252191e-01  9.895628068720962e-01  1.700842800252191e-01  1.911227600771323e-01  1.700842800252191e-01  1.371336529591604e-03 
 1.740842800252191e-01  1.378029987561136e+00  1.740842800252191e-01  1.455363568043507e+00  1.740842800252191e-01  8.756486797923432e-01  1.740842800252191e-01  2.074133022749149e-01  1.740842800252191e-01  1.674736766052220e-03  1.740842800252191e-01  9.908783102084842e-01  1.740842800252191e-01  1.909226317847054e-01  1.740842800252191e-01  1.367811172412070e-03 
 1.780842800252191e-01  1.377142972565673e+00  1.780842800252191e-01  1.456251778973136e+00  1.780842800252191e-01  8.743188036257362e-01  1.780842800252191e-01  2.075928489945355e-01  1.780842800252191e-01  1.678257197811590e-03  1.780842800252191e-01  9.921935571787759e-01  1.780842800252191e-01  1.907222302219934e-01  1.780842800252191e-01  1.364285993643075e-03 
 1.820842800252191e-01  1.376256030751801e+00  1.820842800252191e-01  1.457139943476929e+00  1.820842800252191e-01  8.729888485155932e-01  1.820842800252191e-01  2.077721916913516e-01  1.820842800252191e-01  1.681777339123260e-03  1.820842800252191e-01  9.935085454213308e-01  1.820842800252191e-01  1.905215544549923e-01  1.820842800252191e-01  1.360760999113467e-03 
 1.860842800252191e-01  1.375369163568144e+00  1.860842800252191e-01  1.458028060098977e+00  1.860842800252191e-01  8.716588164745325e-01  1.860842800252191e-01  2.079513310016410e-01  1.860842800252191e-01  1.685297184237924e-03  1.860842800252191e-01  9.948232725762276e-01  1.860842800252191e-01  1.903206035418820e-01  1.860842800252191e-01  1.357236194600969e-03 
 1.900842800252191e-01  1.374482372448569e+00  1.900842800252191e-01  1.458916127312650e+00  1.900842800252191e-01  8.703287095040405e-01  1.900842800252191e-01  2.081302675625726e-01  1.900842800252191e-01  1.688816727464775e-03  1.900842800252191e-01  9.961377362316000e-01  1.900842800252191e-01  1.901193765510779e-01  1.900842800252191e-01  1.353711586164051e-03 
 1.940842800252191e-01  1.373595658855792e+00  1.940842800252191e-01  1.459804143687067e+00  1.940842800252191e-01  8.689985296234061e-01  1.940842800252191e-01  2.083090020039349e-01  1.940842800252191e-01  1.692335962998543e-03  1.940842800252191e-01  9.974519340303005e-01  1.940842800252191e-01  1.899178725251606e-01  1.940842800252191e-01  1.350187179481136e-03 
 1.980842800252191e-01  1.372709024239276e+00  1.980842800252191e-01  1.460692107725571e+00  1.980842800252191e-01  8.676682788418818e-01  1.980842800252191e-01  2.084875349561809e-01  1.980842800252191e-01  1.695854885086552e-03  1.980842800252191e-01  9.987658635662513e-01  1.980842800252191e-01  1.897160905157812e-01  1.980842800252191e-01  1.346662980491668e-03 
 2.020842800252191e-01  1.371822470051304e+00  2.020842800252191e-01  1.461580017926966e+00  2.020842800252191e-01  8.663379591693606e-01  2.020842800252191e-01  2.086658670473930e-01  2.020842800252191e-01  1.699373487964939e-03  2.020842800252191e-01  1.000079522423650e+00  2.020842800252191e-01  1.895140295703905e-01  2.020842800252191e-01  1.343138995153110e-03 
 2.060842800252191e-01  1.370935997750969e+00  2.060842800252191e-01  1.462467872800382e+00  2.060842800252191e-01  8.650075726190823e-01  2.060842800252191e-01  2.088439989025548e-01  2.060842800252191e-01  1.702891765842808e-03  2.060842800252191e-01  1.001392908186397e+00  2.060842800252191e-01  1.893116887289547e-01  2.060842800252191e-01  1.339615229381966e-03 
 2.100842800252191e-01  1.370049608802875e+00  2.100842800252191e-01  1.463355670859968e+00  2.100842800252191e-01  8.636771212068121e-01  2.100842800252191e-01  2.090219311438289e-01  2.100842800252191e-01  1.706409712907384e-03  2.100842800252191e-01  1.002706018434610e+00  2.100842800252191e-01  1.891090670250415e-01  2.100842800252191e-01  1.336091689074728e-03 
 2.140842800252191e-01  1.369163304674162e+00  2.140842800252191e-01  1.464243410613085e+00  2.140842800252191e-01  8.623466069489092e-01  2.140842800252191e-01  2.091996643911499e-01  2.140842800252191e-01  1.709927323335822e-03  2.140842800252191e-01  1.004018850736976e+00  2.140842800252191e-01  1.889061634883488e-01  2.140842800252191e-01  1.332568380154871e-03 
 2.180842800252191e-01  1.368277086834771e+00  2.180842800252191e-01  1.465131090560964e+00  2.180842800252191e-01  8.610160318625567e-01  2.180842800252191e-01  2.093771992622028e-01  2.180842800252191e-01  1.713444591294174e-03  2.180842800252191e-01  1.005331402651100e+00  2.180842800252191e-01  1.887029771445181e-01  2.180842800252191e-01  1.329045308570188e-03 
 2.220842800252191e-01  1.367390956747941e+00  2.220842800252191e-01  1.466018709162337e+00  2.220842800252191e-01  8.596853979594877e-01  2.220842800252191e-01  2.095545363742397e-01  2.220842800252191e-01  1.716961510975084e-03  2.220842800252191e-01  1.006643671700201e+00  2.220842800252191e-01  1.884995070230724e-01  2.220842800252191e-01  1.325522480437097e-03 
 2.260842800252191e-01  1.366504915898497e+00  2.260842800252191e-01  1.466906264940528e+00  2.260842800252191e-01  8.583547072648181e-01  2.260842800252191e-01  2.097316763387732e-01  2.260842800252191e-01  1.720478076485512e-03  2.260842800252191e-01  1.007955655441437e+00  2.260842800252191e-01  1.882957521339007e-01  2.260842800252191e-01  1.321999901615678e-03 
 2.300842800252191e-01  1.365618965762491e+00  2.300842800252191e-01  1.467793756367743e+00  2.300842800252191e-01  8.570239617969284e-01  2.300842800252191e-01  2.099086197673322e-01  2.300842800252191e-01  1.723994281967254e-03  2.300842800252191e-01  1.009267351391898e+00  2.300842800252191e-01  1.880917114925652e-01  2.300842800252191e-01  1.318477578168875e-03 
 2.340842800252191e-01  1.364733107822062e+00  2.340842800252191e-01  1.468681181921098e+00  2.340842800252191e-01  8.556931635773809e-01  2.340842800252191e-01  2.100853672686860e-01  2.340842800252191e-01  1.727510121537944e-03  2.340842800252191e-01  1.010578757064327e+00  2.340842800252191e-01  1.878873841079813e-01  2.340842800252191e-01  1.314955516140101e-03 
 2.380842800252191e-01  1.363847343563637e+00  2.380842800252191e-01  1.469568540075523e+00  2.380842800252191e-01  8.543623146297621e-01  2.380842800252191e-01  2.102619194492108e-01  2.380842800252191e-01  1.731025589298177e-03  2.380842800252191e-01  1.011889869962494e+00  2.380842800252191e-01  1.876827689839232e-01  2.380842800252191e-01  1.311433721581459e-03 
 2.420842800252191e-01  1.362961674478418e+00  2.420842800252191e-01  1.470455829305107e+00  2.420842800252191e-01  8.530314169800631e-01  2.420842800252191e-01  2.104382769128292e-01  2.420842800252191e-01  1.734540679329611e-03  2.420842800252191e-01  1.013200687581959e+00  2.420842800252191e-01  1.874778651186754e-01  2.420842800252191e-01  1.307912200548360e-03 
 2.460842800252191e-01  1.362076102064512e+00  2.460842800252191e-01  1.471343048090874e+00  2.460842800252191e-01  8.517004726581300e-01  2.460842800252191e-01  2.106144402606407e-01  2.460842800252191e-01  1.738055385686508e-03  2.460842800252191e-01  1.014511207414936e+00  2.460842800252191e-01  1.872726715032554e-01  2.460842800252191e-01  1.304390959068688e-03 
 2.500842800252192e-01  1.361190627811648e+00  2.500842800252192e-01  1.472230194862574e+00  2.500842800252192e-01  8.503694836875560e-01  2.500842800252192e-01  2.107904100938076e-01  2.500842800252192e-01  1.741569702456374e-03  2.500842800252192e-01  1.015821426913148e+00  2.500842800252192e-01  1.870671871342652e-01  2.500842800252192e-01  1.300870003373813e-03 
 2.540842800252192e-01  1.360305253229904e+00  2.540842800252192e-01  1.473117268106908e+00  2.540842800252192e-01  8.490384521048177e-01  2.540842800252192e-01  2.109661870082080e-01  2.540842800252192e-01  1.745083623645938e-03  2.540842800252192e-01  1.017131343556637e+00  2.540842800252192e-01  1.868614109898655e-01  2.540842800252192e-01  1.297349339469037e-03 
 2.580842800252192e-01  1.359419979821018e+00  2.580842800252192e-01  1.474004266258740e+00  2.580842800252192e-01  8.477073799402475e-01  2.580842800252192e-01  2.111417715998305e-01  2.580842800252192e-01  1.748597143295046e-03  2.580842800252192e-01  1.018440954784433e+00  2.580842800252192e-01  1.866553420538442e-01  2.580842800252192e-01  1.293828973565401e-03 
 2.620842800252192e-01  1.358534809091187e+00  2.620842800252192e-01  1.474891187749162e+00  2.620842800252192e-01  8.463762692265899e-01  2.620842800252192e-01  2.113171644624048e-01  2.620842800252192e-01  1.752110255425826e-03  2.620842800252192e-01  1.019750258025069e+00  2.620842800252192e-01  1.864489793049289e-01  2.620842800252192e-01  1.290308911888898e-03 
 2.660842800252192e-01  1.357649742565898e+00  2.660842800252192e-01  1.475778031060836e+00  2.660842800252192e-01  8.450451220089142e-01  2.660842800252192e-01  2.114923661846710e-01  2.660842800252192e-01  1.755622953983850e-03  2.660842800252192e-01  1.021059250731636e+00  2.660842800252192e-01  1.862423217043745e-01  2.660842800252192e-01  1.286789160460833e-03 
 2.700842800252192e-01  1.356764781758765e+00  2.700842800252192e-01  1.476664794610279e+00  2.700842800252192e-01  8.437139403239236e-01  2.700842800252192e-01  2.116673773562168e-01  2.700842800252192e-01  1.759135232961867e-03  2.700842800252192e-01  1.022367930306884e+00  2.700842800252192e-01  1.860353682221504e-01  2.700842800252192e-01  1.283269725565015e-03 
 2.740842800252192e-01  1.355879928195466e+00  2.740842800252192e-01  1.477551476837618e+00  2.740842800252192e-01  8.423827262159252e-01  2.740842800252192e-01  2.118421985630380e-01  2.740842800252192e-01  1.762647086304637e-03  2.740842800252192e-01  1.023676294160169e+00  2.740842800252192e-01  1.858281178168839e-01  2.740842800252192e-01  1.279750613391497e-03 
 2.780842800252192e-01  1.354995183398255e+00  2.780842800252192e-01  1.478438076147979e+00  2.780842800252192e-01  8.410514817265727e-01  2.780842800252192e-01  2.120168303904555e-01  2.780842800252192e-01  1.766158507970616e-03  2.780842800252192e-01  1.024984339670151e+00  2.780842800252192e-01  1.856205694489201e-01  2.780842800252192e-01  1.276231830269286e-03 
 2.820842800252192e-01  1.354110548904486e+00  2.820842800252192e-01  1.479324590980671e+00  2.820842800252192e-01  8.397202089072366e-01  2.820842800252192e-01  2.121912734196977e-01  2.820842800252192e-01  1.769669491858283e-03  2.820842800252192e-01  1.026292064228587e+00  2.820842800252192e-01  1.854127220647649e-01  2.820842800252192e-01  1.272713382391688e-03 
 2.860842800252192e-01  1.353226026245499e+00  2.860842800252192e-01  1.480211019729544e+00  2.860842800252192e-01  8.383889098049909e-01  2.860842800252192e-01  2.123655282318463e-01  2.860842800252192e-01  1.773180031889973e-03  2.860842800252192e-01  1.027599465189736e+00  2.860842800252192e-01  1.852045746148996e-01  2.860842800252192e-01  1.269195276132383e-03 
 2.900842800252192e-01  1.352341616972571e+00  2.900842800252192e-01  1.481097360839777e+00  2.900842800252192e-01  8.370575864799468e-01  2.900842800252192e-01  2.125395954030586e-01  2.900842800252192e-01  1.776690121908893e-03  2.900842800252192e-01  1.028906539931588e+00  2.900842800252192e-01  1.849961260319694e-01  2.900842800252192e-01  1.265677517661350e-03 
 2.940842800252192e-01  1.351457322626629e+00  2.940842800252192e-01  1.481983612694165e+00  2.940842800252192e-01  8.357262409851192e-01  2.940842800252192e-01  2.127134755102038e-01  2.940842800252192e-01  1.780199755799380e-03  2.940842800252192e-01  1.030213285783735e+00  2.940842800252192e-01  1.847873752563224e-01  2.940842800252192e-01  1.262160113396119e-03 
 2.980842800252192e-01  1.350573144758491e+00  2.980842800252192e-01  1.482869773688498e+00  2.980842800252192e-01  8.343948753799524e-01  2.980842800252192e-01  2.128871691271368e-01  2.980842800252192e-01  1.783708927406424e-03  2.980842800252192e-01  1.031519700075030e+00  2.980842800252192e-01  1.845783212190032e-01  2.980842800252192e-01  1.258643069702668e-03 
 3.020842800252192e-01  1.349689084922543e+00  3.020842800252192e-01  1.483755842207509e+00  3.020842800252192e-01  8.330634917261582e-01  3.020842800252192e-01  2.130606768259038e-01  3.020842800252192e-01  1.787217630560947e-03  3.020842800252192e-01  1.032825780118257e+00  3.020842800252192e-01  1.843689628471132e-01  3.020842800252192e-01  1.255126392990771e-03 
 3.060842800252192e-01  1.348805144690264e+00  3.060842800252192e-01  1.484641816674754e+00  3.060842800252192e-01  8.317320920967732e-01  3.060842800252192e-01  2.132339991742749e-01  3.060842800252192e-01  1.790725859025975e-03  3.060842800252192e-01  1.034131523241551e+00  3.060842800252192e-01  1.841592990524454e-01  3.060842800252192e-01  1.251610089516172e-03 
 3.100842800252192e-01  1.347921325619981e+00  3.100842800252192e-01  1.485527695439633e+00  3.100842800252192e-01  8.304006785560389e-01  3.100842800252192e-01  2.134071367413437e-01  3.100842800252192e-01  1.794233606616737e-03  3.100842800252192e-01  1.035436926716885e+00  3.100842800252192e-01  1.839493287570474e-01  3.100842800252192e-01  1.248094165828876e-03 
 3.140842800252192e-01  1.347037629283829e+00  3.140842800252192e-01  1.486413476877447e+00  3.140842800252192e-01  8.290692531774262e-01  3.140842800252192e-01  2.135800900925890e-01  3.140842800252192e-01  1.797740867093690e-03  3.140842800252192e-01  1.036741987823232e+00  3.140842800252192e-01  1.837390508704944e-01  3.140842800252192e-01  1.244578628376070e-03 
 3.180842800252192e-01  1.346154057260353e+00  3.180842800252192e-01  1.487299159361283e+00  3.180842800252192e-01  8.277378180387401e-01  3.180842800252192e-01  2.137528597912661e-01  3.180842800252192e-01  1.801247634191818e-03  3.180842800252192e-01  1.038046703828662e+00  3.180842800252192e-01  1.835284642961952e-01  3.180842800252192e-01  1.241063483613745e-03 
 3.220842800252192e-01  1.345270611132549e+00  3.220842800252192e-01  1.488184741254476e+00  3.220842800252192e-01  8.264063752208677e-01  3.220842800252192e-01  2.139254463987959e-01  3.220842800252192e-01  1.804753901628446e-03  3.220842800252192e-01  1.039351071985489e+00  3.220842800252192e-01  1.833175679330494e-01  3.220842800252192e-01  1.237548738036521e-03 
 3.260842800252192e-01  1.344387292488896e+00  3.260842800252192e-01  1.489070220913849e+00  3.260842800252192e-01  8.250749268085090e-01  3.260842800252192e-01  2.140978504746030e-01  3.260842800252192e-01  1.808259663099153e-03  3.260842800252192e-01  1.040655089532213e+00  3.260842800252192e-01  1.831063606746630e-01  3.260842800252192e-01  1.234034398164891e-03 
 3.300842800252192e-01  1.343504102929228e+00  3.300842800252192e-01  1.489955596711157e+00  3.300842800252192e-01  8.237434748941337e-01  3.300842800252192e-01  2.142700725750702e-01  3.300842800252192e-01  1.811764912254438e-03  3.300842800252192e-01  1.041958753706914e+00  3.300842800252192e-01  1.828948414043675e-01  3.300842800252192e-01  1.230520470460044e-03 
 3.340842800252192e-01  1.342621044040645e+00  3.340842800252192e-01  1.490840866943539e+00  3.340842800252192e-01  8.224120215619529e-01  3.340842800252192e-01  2.144421132579691e-01  3.340842800252192e-01  1.815269642795326e-03  3.340842800252192e-01  1.043262061690756e+00  3.340842800252192e-01  1.826830090157111e-01  3.340842800252192e-01  1.227006961679294e-03 
 3.380842800252192e-01  1.341738117432877e+00  3.380842800252192e-01  1.491726029963845e+00  3.380842800252192e-01  8.210805689115779e-01  3.380842800252192e-01  2.146139730760239e-01  3.380842800252192e-01  1.818773848333069e-03  3.380842800252192e-01  1.044565010689962e+00  3.380842800252192e-01  1.824708623825242e-01  3.380842800252192e-01  1.223493878358834e-03 
 3.420842800252192e-01  1.340855324721687e+00  3.420842800252192e-01  1.492611084118870e+00  3.420842800252192e-01  8.197491190469747e-01  3.420842800252192e-01  2.147856525799756e-01  3.420842800252192e-01  1.822277522454931e-03  3.420842800252192e-01  1.045867597896779e+00  3.420842800252192e-01  1.822584003729878e-01  3.420842800252192e-01  1.219981227058871e-03 
 3.460842800252192e-01  1.339972667523396e+00  3.460842800252192e-01  1.493496027728617e+00  3.460842800252192e-01  8.184176740728590e-01  3.460842800252192e-01  2.149571523196075e-01  3.460842800252192e-01  1.825780658745956e-03  3.460842800252192e-01  1.047169820476323e+00  3.460842800252192e-01  1.820456218543672e-01  3.460842800252192e-01  1.216469014445908e-03 
 3.500842800252192e-01  1.339090147458830e+00  3.500842800252192e-01  1.494380859100547e+00  3.500842800252192e-01  8.170862360973793e-01  3.500842800252192e-01  2.151284728430557e-01  3.500842800252192e-01  1.829283250773374e-03  3.500842800252192e-01  1.048471675575469e+00  3.500842800252192e-01  1.818325256896954e-01  3.500842800252192e-01  1.212957247236221e-03 
 3.540842800252192e-01  1.338207766152595e+00  3.540842800252192e-01  1.495265576526514e+00  3.540842800252192e-01  8.157548072316660e-01  3.540842800252192e-01  2.152996146969591e-01  3.540842800252192e-01  1.832785292089345e-03  3.540842800252192e-01  1.049773160320809e+00  3.540842800252192e-01  1.816191107384365e-01  3.540842800252192e-01  1.209445932207977e-03 
 3.580842800252192e-01  1.337325525245201e+00  3.580842800252192e-01  1.496150178326901e+00  3.580842800252192e-01  8.144233895979974e-01  3.580842800252192e-01  2.154705784242919e-01  3.580842800252192e-01  1.836286776182929e-03  3.580842800252192e-01  1.051074271846243e+00  3.580842800252192e-01  1.814053758461986e-01  3.580842800252192e-01  1.205935076026166e-03 
 3.620842800252193e-01  1.336443426377705e+00  3.620842800252193e-01  1.497034662793588e+00  3.620842800252193e-01  8.130919853195721e-01  3.620842800252193e-01  2.156413645671832e-01  3.620842800252193e-01  1.839787696541025e-03  3.620842800252193e-01  1.052375007257046e+00  3.620842800252193e-01  1.811913198578664e-01  3.620842800252193e-01  1.202424685468819e-03 
 3.660842800252193e-01  1.335561471197663e+00  3.660842800252193e-01  1.497919028211499e+00  3.660842800252193e-01  8.117605965245254e-01  3.660842800252193e-01  2.158119736658601e-01  3.660842800252193e-01  1.843288046624719e-03  3.660842800252193e-01  1.053675363643290e+00  3.660842800252193e-01  1.809769416125661e-01  3.660842800252193e-01  1.198914767341566e-03 
 3.700842800252193e-01  1.334679661362158e+00  3.700842800252193e-01  1.498803272869192e+00  3.700842800252193e-01  8.104292253480230e-01  3.700842800252193e-01  2.159824062581318e-01  3.700842800252193e-01  1.846787819857316e-03  3.700842800252193e-01  1.054975338086355e+00  3.700842800252193e-01  1.807622399411324e-01  3.700842800252193e-01  1.195405328435597e-03 
 3.740842800252193e-01  1.333797998527074e+00  3.740842800252193e-01  1.499687395019190e+00  3.740842800252193e-01  8.090978739251082e-01  3.740842800252193e-01  2.161526628813554e-01  3.740842800252193e-01  1.850287009666847e-03  3.740842800252193e-01  1.056274927633972e+00  3.740842800252193e-01  1.805472136753057e-01  3.740842800252193e-01  1.191896375685105e-03 
 3.780842800252193e-01  1.332916484362077e+00  3.780842800252193e-01  1.500571392932369e+00  3.780842800252193e-01  8.077665444007849e-01  3.780842800252193e-01  2.163227440697558e-01  3.780842800252193e-01  1.853785609426670e-03  3.780842800252193e-01  1.057574129334161e+00  3.780842800252193e-01  1.803318616349848e-01  3.780842800252193e-01  1.188387915951429e-03 
 3.820842800252193e-01  1.332035120541834e+00  3.820842800252193e-01  1.501455264865261e+00  3.820842800252193e-01  8.064352389241863e-01  3.820842800252193e-01  2.164926503560417e-01  3.820842800252193e-01  1.857283612490254e-03  3.820842800252193e-01  1.058872940214630e+00  3.820842800252193e-01  1.801161826357869e-01  3.820842800252193e-01  1.184879956152796e-03 
 3.860842800252193e-01  1.331153908749981e+00  3.860842800252193e-01  1.502339009074168e+00  3.860842800252193e-01  8.051039596512730e-01  3.860842800252193e-01  2.166623822707208e-01  3.860842800252193e-01  1.860781012175513e-03  3.860842800252193e-01  1.060171357291473e+00  3.860842800252193e-01  1.799001754856826e-01  3.860842800252193e-01  1.181372503208328e-03 
 3.900842800252193e-01  1.330272850673907e+00  3.900842800252193e-01  1.503222623795613e+00  3.900842800252193e-01  8.037727087413994e-01  3.900842800252193e-01  2.168319403430684e-01  3.900842800252193e-01  1.864277801785486e-03  3.900842800252193e-01  1.061469377556844e+00  3.900842800252193e-01  1.796838389895235e-01  3.900842800252193e-01  1.177865564115652e-03 
 3.940842800252193e-01  1.329391948007212e+00  3.940842800252193e-01  1.504106107254934e+00  3.940842800252193e-01  8.024414883589885e-01  3.940842800252193e-01  2.170013251007060e-01  3.940842800252193e-01  1.867773974598473e-03  3.940842800252193e-01  1.062766997984196e+00  3.940842800252193e-01  1.794671719469735e-01  3.940842800252193e-01  1.174359145916722e-03 
 3.980842800252193e-01  1.328511202452803e+00  3.980842800252193e-01  1.504989457677062e+00  3.980842800252193e-01  8.011103006756681e-01  3.980842800252193e-01  2.171705370690812e-01  3.980842800252193e-01  1.871269523855919e-03  3.980842800252193e-01  1.064064215534898e+00  3.980842800252193e-01  1.792501731499077e-01  3.980842800252193e-01  1.170853255655109e-03 
 4.020842800252193e-01  1.327630615723514e+00  4.020842800252193e-01  1.505872673288163e+00  4.020842800252193e-01  7.997791478707241e-01  4.020842800252193e-01  2.173395767713826e-01  4.020842800252193e-01  1.874764442759833e-03  4.020842800252193e-01  1.065361027159093e+00  4.020842800252193e-01  1.790328413819438e-01  4.020842800252193e-01  1.167347900369477e-03 
 4.060842800252193e-01  1.326750189533888e+00  4.060842800252193e-01  1.506755752285454e+00  4.060842800252193e-01  7.984480321256506e-01  4.060842800252193e-01  2.175084447300448e-01  4.060842800252193e-01  1.878258724505456e-03  4.060842800252193e-01  1.066657429776779e+00  4.060842800252193e-01  1.788151754255172e-01  4.060842800252193e-01  1.163843087213330e-03 
 4.100842800252193e-01  1.325869925606087e+00  4.100842800252193e-01  1.507638692858172e+00  4.100842800252193e-01  7.971169556281443e-01  4.100842800252193e-01  2.176771414657135e-01  4.100842800252193e-01  1.881752362257778e-03  4.100842800252193e-01  1.067953420290755e+00  4.100842800252193e-01  1.785971740568779e-01  4.100842800252193e-01  1.160338823371836e-03 
 4.140842800252193e-01  1.324989825676290e+00  4.140842800252193e-01  1.508521493210111e+00  4.140842800252193e-01  7.957859205764565e-01  4.140842800252193e-01  2.178456674961327e-01  4.140842800252193e-01  1.885245349126172e-03  4.140842800252193e-01  1.069248995600493e+00  4.140842800252193e-01  1.783788360406592e-01  4.140842800252193e-01  1.156835115972383e-03 
 4.180842800252193e-01  1.324109891485804e+00  4.180842800252193e-01  1.509404151527143e+00  4.180842800252193e-01  7.944549291734693e-01  4.180842800252193e-01  2.180140233377652e-01  4.180842800252193e-01  1.888737678199647e-03  4.180842800252193e-01  1.070544152581789e+00  4.180842800252193e-01  1.781601601375073e-01  4.180842800252193e-01  1.153331972213438e-03 
 4.220842800252193e-01  1.323230124780209e+00  4.220842800252193e-01  1.510286665973461e+00  4.220842800252193e-01  7.931239836261775e-01  4.220842800252193e-01  2.181822095059715e-01  4.220842800252193e-01  1.892229342550223e-03  4.220842800252193e-01  1.071838888084306e+00  4.220842800252193e-01  1.779411451049357e-01  4.220842800252193e-01  1.149829399379495e-03 
 4.260842800252193e-01  1.322350527316429e+00  4.260842800252193e-01  1.511169034716713e+00  4.260842800252193e-01  7.917930861504815e-01  4.260842800252193e-01  2.183502265137811e-01  4.260842800252193e-01  1.895720335204979e-03  4.260842800252193e-01  1.073133198947062e+00  4.260842800252193e-01  1.777217896912682e-01  4.260842800252193e-01  1.146327404741314e-03 
 4.300842800252193e-01  1.321471100853861e+00  4.300842800252193e-01  1.512051255895594e+00  4.300842800252193e-01  7.904622389652697e-01  4.300842800252193e-01  2.185180748734963e-01  4.300842800252193e-01  1.899210649181105e-03  4.300842800252193e-01  1.074427081978168e+00  4.300842800252193e-01  1.775020926433201e-01  4.300842800252193e-01  1.142825995684569e-03 
 4.340842800252193e-01  1.320591847165344e+00  4.340842800252193e-01  1.512933327658685e+00  4.340842800252193e-01  7.891314442998465e-01  4.340842800252193e-01  2.186857550947714e-01  4.340842800252193e-01  1.902700277442464e-03  4.340842800252193e-01  1.075720533978797e+00  4.340842800252193e-01  1.772820526970361e-01  4.340842800252193e-01  1.139325179555622e-03 
 4.380842800252193e-01  1.319712768039896e+00  4.380842800252193e-01  1.513815248173827e+00  4.380842800252193e-01  7.878007043958046e-01  4.380842800252193e-01  2.188532676841590e-01  4.380842800252193e-01  1.906189212888714e-03  4.380842800252193e-01  1.077013551748808e+00  4.380842800252193e-01  1.770616685751295e-01  4.380842800252193e-01  1.135824963624419e-03 
 4.420842800252193e-01  1.318833865252452e+00  4.420842800252193e-01  1.514697015518905e+00  4.420842800252193e-01  7.864700214867716e-01  4.420842800252193e-01  2.190206131505183e-01  4.420842800252193e-01  1.909677448475409e-03  4.420842800252193e-01  1.078306132018957e+00  4.420842800252193e-01  1.768409390132890e-01  4.420842800252193e-01  1.132325355517881e-03 
 4.460842800252193e-01  1.317955140609327e+00  4.460842800252193e-01  1.515578627844519e+00  4.460842800252193e-01  7.851393978289691e-01  4.460842800252193e-01  2.191877919969617e-01  4.460842800252193e-01  1.913164977033522e-03  4.460842800252193e-01  1.079598271551515e+00  4.460842800252193e-01  1.766198627209816e-01  4.460842800252193e-01  1.128826362574320e-03 
 4.500842800252193e-01  1.317076595907250e+00  4.500842800252193e-01  1.516460083226546e+00  4.500842800252193e-01  7.838088356737630e-01  4.500842800252193e-01  2.193548047281664e-01  4.500842800252193e-01  1.916651791432143e-03  4.500842800252193e-01  1.080889967048839e+00  4.500842800252193e-01  1.763984384168929e-01  4.500842800252193e-01  1.125327992428585e-03 
 4.540842800252193e-01  1.316198232966747e+00  4.540842800252193e-01  1.517341379785236e+00  4.540842800252193e-01  7.824783372901285e-01  4.540842800252193e-01  2.195216518444752e-01  4.540842800252193e-01  1.920137884445850e-03  4.540842800252193e-01  1.082181215226905e+00  4.540842800252193e-01  1.761766648001166e-01  4.540842800252193e-01  1.121830252539406e-03 
 4.580842800252193e-01  1.315320053613668e+00  4.580842800252193e-01  1.518222515618370e+00  4.580842800252193e-01  7.811479049523002e-01  4.580842800252193e-01  2.196883338452089e-01  4.580842800252193e-01  1.923623248828121e-03  4.580842800252193e-01  1.083472012773796e+00  4.580842800252193e-01  1.759545405662019e-01  4.580842800252193e-01  1.118333150454633e-03 
 4.620842800252193e-01  1.314442059670348e+00  4.620842800252193e-01  1.519103488769455e+00  4.620842800252193e-01  7.798175409338765e-01  4.620842800252193e-01  2.198548512302537e-01  4.620842800252193e-01  1.927107877346374e-03  4.620842800252193e-01  1.084762356329963e+00  4.620842800252193e-01  1.757320644148593e-01  4.620842800252193e-01  1.114836693937542e-03 
 4.660842800252193e-01  1.313564252981367e+00  4.660842800252193e-01  1.519984297318968e+00  4.660842800252193e-01  7.784872475251726e-01  4.660842800252193e-01  2.200212044955352e-01  4.660842800252193e-01  1.930591762679749e-03  4.660842800252193e-01  1.086052242544391e+00  4.660842800252193e-01  1.755092350277260e-01  4.660842800252193e-01  1.111340890604613e-03 
 4.700842800252193e-01  1.312686635398050e+00  4.700842800252193e-01  1.520864939328483e+00  4.700842800252193e-01  7.771570270228702e-01  4.700842800252193e-01  2.201873941357933e-01  4.700842800252193e-01  1.934074897480611e-03  4.700842800252193e-01  1.087341668039947e+00  4.700842800252193e-01  1.752860510818466e-01  4.700842800252193e-01  1.107845748147364e-03 
 4.740842800252194e-01  1.311809208778747e+00  4.740842800252194e-01  1.521745412841275e+00  4.740842800252194e-01  7.758268817302446e-01  4.740842800252194e-01  2.203534206445593e-01  4.740842800252194e-01  1.937557274373431e-03  4.740842800252194e-01  1.088630629413598e+00  4.740842800252194e-01  1.750625112494671e-01  4.740842800252194e-01  1.104351274329903e-03 
 4.780842800252194e-01  1.310931974989070e+00  4.780842800252194e-01  1.522625715882498e+00  4.780842800252194e-01  7.744968139573830e-01  4.780842800252194e-01  2.205192845141458e-01  4.780842800252194e-01  1.941038885953880e-03  4.780842800252194e-01  1.089919123236389e+00  4.780842800252194e-01  1.748386141979386e-01  4.780842800252194e-01  1.100857476988241e-03 
 4.820842800252194e-01  1.310054935907215e+00  4.820842800252194e-01  1.523505846477574e+00  4.820842800252194e-01  7.731668260248082e-01  4.820842800252194e-01  2.206849862347386e-01  4.820842800252194e-01  1.944519724767693e-03  4.820842800252194e-01  1.091207146064596e+00  4.820842800252194e-01  1.746143585851361e-01  4.820842800252194e-01  1.097364363957259e-03 
 4.860842800252194e-01  1.309178093426057e+00  4.860842800252194e-01  1.524385802658967e+00  4.860842800252194e-01  7.718369202649401e-01  4.860842800252194e-01  2.208505262940605e-01  4.860842800252194e-01  1.947999783302296e-03  4.860842800252194e-01  1.092494694443698e+00  4.860842800252194e-01  1.743897430576964e-01  4.860842800252194e-01  1.093871943043918e-03 
 4.900842800252194e-01  1.308301449433458e+00  4.900842800252194e-01  1.525265582396002e+00  4.900842800252194e-01  7.705070990089086e-01  4.900842800252194e-01  2.210159051808654e-01  4.900842800252194e-01  1.951479054065078e-03  4.900842800252194e-01  1.093781764865112e+00  4.900842800252194e-01  1.741647662682115e-01  4.900842800252194e-01  1.090380222305717e-03 
 4.940842800252194e-01  1.307425005846401e+00  4.940842800252194e-01  1.526145183714958e+00  4.940842800252194e-01  7.691773646095595e-01  4.940842800252194e-01  2.211811233789696e-01  4.940842800252194e-01  1.954957529447788e-03  4.940842800252194e-01  1.095068353839779e+00  4.940842800252194e-01  1.739394268455913e-01  4.940842800252194e-01  1.086889209574121e-03 
 4.980842800252194e-01  1.306548764573555e+00  4.980842800252194e-01  1.527024604566200e+00  4.980842800252194e-01  7.678477194163306e-01  4.980842800252194e-01  2.213461813738585e-01  4.980842800252194e-01  1.958435201875221e-03  4.980842800252194e-01  1.096354457816428e+00  4.980842800252194e-01  1.737137234277301e-01  4.980842800252194e-01  1.083398912981831e-03 
 5.020842800252193e-01  1.305672727549312e+00  5.020842800252193e-01  1.527903842943739e+00  5.020842800252193e-01  7.665181657981950e-01  5.020842800252193e-01  2.215110796467443e-01  5.020842800252193e-01  1.961912063670041e-03  5.020842800252193e-01  1.097640073254759e+00  5.020842800252193e-01  1.734876546319166e-01  5.020842800252193e-01  1.079909340488313e-03 
 5.060842800252193e-01  1.304796896699082e+00  5.060842800252193e-01  1.528782896762423e+00  5.060842800252193e-01  7.651887061203722e-01  5.060842800252193e-01  2.216758186806800e-01  5.060842800252193e-01  1.965388107190609e-03  5.060842800252193e-01  1.098925196550012e+00  5.060842800252193e-01  1.732612190851582e-01  5.060842800252193e-01  1.076420500367190e-03 
 5.100842800252193e-01  1.303921273982420e+00  5.100842800252193e-01  1.529661764008953e+00  5.100842800252193e-01  7.638593427733985e-01  5.100842800252193e-01  2.218403989530410e-01  5.100842800252193e-01  1.968863324659711e-03  5.100842800252193e-01  1.100209824125267e+00  5.100842800252193e-01  1.730344153866430e-01  5.100842800252193e-01  1.072932400606895e-03 
 5.140842800252193e-01  1.303045861352918e+00  5.140842800252193e-01  1.530540442600406e+00  5.140842800252193e-01  7.625300781461868e-01  5.140842800252193e-01  2.220048209425753e-01  5.140842800252193e-01  1.972337708323842e-03  5.140842800252193e-01  1.101493952344648e+00  5.140842800252193e-01  1.728072421427729e-01  5.140842800252193e-01  1.069445049472157e-03 
 5.180842800252193e-01  1.302170660780621e+00  5.180842800252193e-01  1.531418930462243e+00  5.180842800252193e-01  7.612009146411729e-01  5.180842800252193e-01  2.221690851255154e-01  5.180842800252193e-01  1.975811250364186e-03  5.180842800252193e-01  1.102777577560902e+00  5.180842800252193e-01  1.725796979477161e-01  5.180842800252193e-01  1.065958455194432e-03 
 5.220842800252193e-01  1.301295674238979e+00  5.220842800252193e-01  1.532297225482108e+00  5.220842800252193e-01  7.598718546655848e-01  5.220842800252193e-01  2.223331919778855e-01  5.220842800252193e-01  1.979283942948407e-03  5.220842800252193e-01  1.104060696086981e+00  5.220842800252193e-01  1.723517813948501e-01  5.220842800252193e-01  1.062472626155211e-03 
 5.260842800252193e-01  1.300420903722453e+00  5.260842800252193e-01  1.533175325570746e+00  5.260842800252193e-01  7.585429006433413e-01  5.260842800252193e-01  2.224971419724661e-01  5.260842800252193e-01  1.982755778160792e-03  5.260842800252193e-01  1.105343304233062e+00  5.260842800252193e-01  1.721234910614509e-01  5.260842800252193e-01  1.058987570644284e-03 
 5.300842800252193e-01  1.299546351234549e+00  5.300842800252193e-01  1.534053228619455e+00  5.300842800252193e-01  7.572140550070694e-01  5.300842800252193e-01  2.226609355809137e-01  5.300842800252193e-01  1.986226748049697e-03  5.300842800252193e-01  1.106625398280352e+00  5.300842800252193e-01  1.718948255192278e-01  5.300842800252193e-01  1.055503297028616e-03 
 5.340842800252193e-01  1.298672018785689e+00  5.340842800252193e-01  1.534930932492162e+00  5.340842800252193e-01  7.558853201967131e-01  5.340842800252193e-01  2.228245732741632e-01  5.340842800252193e-01  1.989696844636093e-03  5.340842800252193e-01  1.107906974476109e+00  5.340842800252193e-01  1.716657833362557e-01  5.340842800252193e-01  1.052019813783778e-03 
 5.380842800252194e-01  1.297797908393632e+00  5.380842800252194e-01  1.535808435026252e+00  5.380842800252194e-01  7.545566986598656e-01  5.380842800252194e-01  2.229880555223801e-01  5.380842800252194e-01  1.993166059911762e-03  5.380842800252194e-01  1.109188029033980e+00  5.380842800252194e-01  1.714363630767176e-01  5.380842800252194e-01  1.048537129490651e-03 
 5.420842800252194e-01  1.296924022106269e+00  5.420842800252194e-01  1.536685734111156e+00  5.420842800252194e-01  7.532281928672010e-01  5.420842800252194e-01  2.231513827910439e-01  5.420842800252194e-01  1.996634385748931e-03  5.420842800252194e-01  1.110468558181599e+00  5.420842800252194e-01  1.712065632809671e-01  5.420842800252194e-01  1.045055252523537e-03 
 5.460842800252194e-01  1.296050361955849e+00  5.460842800252194e-01  1.537562827528697e+00  5.460842800252194e-01  7.518998052816750e-01  5.460842800252194e-01  2.233145555489200e-01  5.460842800252194e-01  2.000101814081923e-03  5.460842800252194e-01  1.111748558063311e+00  5.460842800252194e-01  1.709763825057669e-01  5.460842800252194e-01  1.041574191683792e-03 
 5.500842800252194e-01  1.295176930014543e+00  5.500842800252194e-01  1.538439713145256e+00  5.500842800252194e-01  7.505715383960304e-01  5.500842800252194e-01  2.234775742584574e-01  5.500842800252194e-01  2.003568336686556e-03  5.500842800252194e-01  1.113028024856766e+00  5.500842800252194e-01  1.707458192756119e-01  5.500842800252194e-01  1.038093955437147e-03 
 5.540842800252194e-01  1.294303728339287e+00  5.540842800252194e-01  1.539316388719981e+00  5.540842800252194e-01  7.492433946956805e-01  5.540842800252194e-01  2.236404393853821e-01  5.540842800252194e-01  2.007033945399200e-03  5.540842800252194e-01  1.114306954656251e+00  5.540842800252194e-01  1.705148721312295e-01  5.540842800252194e-01  1.034614552674918e-03 
 5.580842800252194e-01  1.293430759023927e+00  5.580842800252194e-01  1.540192852084555e+00  5.580842800252194e-01  7.479153766939123e-01  5.580842800252194e-01  2.238031513896999e-01  5.580842800252194e-01  2.010498631909678e-03  5.580842800252194e-01  1.115585343581573e+00  5.580842800252194e-01  1.702835395838676e-01  5.580842800252194e-01  1.031135992000534e-03 
 5.620842800252194e-01  1.292558024150547e+00  5.620842800252194e-01  1.541069100974326e+00  5.620842800252194e-01  7.465874868991321e-01  5.620842800252194e-01  2.239657107341488e-01  5.620842800252194e-01  2.013962387954483e-03  5.620842800252194e-01  1.116863187675464e+00  5.620842800252194e-01  1.700518201581529e-01  5.620842800252194e-01  1.027658282399686e-03 
 5.660842800252194e-01  1.291685525841151e+00  5.660842800252194e-01  1.541945133205961e+00  5.660842800252194e-01  7.452597278497800e-01  5.660842800252194e-01  2.241281178753073e-01  5.660842800252194e-01  2.017425205111718e-03  5.660842800252194e-01  1.118140483010993e+00  5.660842800252194e-01  1.698197123467132e-01  5.660842800252194e-01  1.024181432535333e-03 
 5.700842800252194e-01  1.290813266202327e+00  5.700842800252194e-01  1.542820946485995e+00  5.700842800252194e-01  7.439321020770601e-01  5.700842800252194e-01  2.242903732731776e-01  5.700842800252194e-01  2.020887075020641e-03  5.700842800252194e-01  1.119417225575468e+00  5.700842800252194e-01  1.695872146589816e-01  5.700842800252194e-01  1.020705451507522e-03 
 5.740842800252194e-01  1.289941247369034e+00  5.740842800252194e-01  1.543696538561120e+00  5.740842800252194e-01  7.426046121345400e-01  5.740842800252194e-01  2.244524773836647e-01  5.740842800252194e-01  2.024347989207911e-03  5.740842800252194e-01  1.120693411361170e+00  5.740842800252194e-01  1.693543255827022e-01  5.740842800252194e-01  1.017230348256909e-03 
 5.780842800252194e-01  1.289069471487776e+00  5.780842800252194e-01  1.544571907159320e+00  5.780842800252194e-01  7.412772605868558e-01  5.780842800252194e-01  2.246144306615161e-01  5.780842800252194e-01  2.027807939154367e-03  5.780842800252194e-01  1.121969036329505e+00  5.780842800252194e-01  1.691210435988651e-01  5.780842800252194e-01  1.013756131798331e-03 
 5.820842800252194e-01  1.288197940712432e+00  5.820842800252194e-01  1.545447049975004e+00  5.820842800252194e-01  7.399500500069631e-01  5.820842800252194e-01  2.247762335610716e-01  5.820842800252194e-01  2.031266916311581e-03  5.820842800252194e-01  1.123244096401847e+00  5.820842800252194e-01  1.688873671854730e-01  5.820842800252194e-01  1.010282811279913e-03 
 5.860842800252194e-01  1.287326657219334e+00  5.860842800252194e-01  1.546321964719950e+00  5.860842800252194e-01  7.386229829863690e-01  5.860842800252194e-01  2.249378865337067e-01  5.860842800252194e-01  2.034724912042015e-03  5.860842800252194e-01  1.124518587490028e+00  5.860842800252194e-01  1.686532948043087e-01  5.860842800252194e-01  1.006810395780795e-03 
 5.900842800252194e-01  1.286455623186137e+00  5.900842800252194e-01  1.547196649050224e+00  5.900842800252194e-01  7.372960621209358e-01  5.900842800252194e-01  2.250993900314973e-01  5.900842800252194e-01  2.038181917702881e-03  5.900842800252194e-01  1.125792505452083e+00  5.900842800252194e-01  1.684188249197126e-01  5.900842800252194e-01  1.003338894601217e-03 
 5.940842800252194e-01  1.285584840813682e+00  5.940842800252194e-01  1.548071100640314e+00  5.940842800252194e-01  7.359692900256942e-01  5.940842800252194e-01  2.252607445035010e-01  5.940842800252194e-01  2.041637924559363e-03  5.940842800252194e-01  1.127065846136678e+00  5.940842800252194e-01  1.681839559793332e-01  5.940842800252194e-01  9.998683169682916e-04 
 5.980842800252194e-01  1.284714312309854e+00  5.980842800252194e-01  1.548945317127137e+00  5.980842800252194e-01  7.346426693240148e-01  5.980842800252194e-01  2.254219503985625e-01  5.980842800252194e-01  2.045092923848694e-03  5.980842800252194e-01  1.128338605349182e+00  5.980842800252194e-01  1.679486864285210e-01  5.980842800252194e-01  9.963986722582054e-04 
 6.020842800252194e-01  1.283844039896624e+00  6.020842800252194e-01  1.549819296133454e+00  6.020842800252194e-01  7.333162026524204e-01  6.020842800252194e-01  2.255830081641406e-01  6.020842800252194e-01  2.048546906752198e-03  6.020842800252194e-01  1.129610778865537e+00  6.020842800252194e-01  1.677130147041876e-01  6.020842800252194e-01  9.929299699033411e-04 
 6.060842800252194e-01  1.282974025821012e+00  6.060842800252194e-01  1.550693035304254e+00  6.060842800252194e-01  7.319898926680499e-01  6.060842800252194e-01  2.257439182444704e-01  6.060842800252194e-01  2.051999864351761e-03  6.060842800252194e-01  1.130882362453827e+00  6.060842800252194e-01  1.674769392251879e-01  6.060842800252194e-01  9.894622192478087e-04 
 6.100842800252194e-01  1.282104272323561e+00  6.100842800252194e-01  1.551566532198968e+00  6.100842800252194e-01  7.306637420274376e-01  6.100842800252194e-01  2.259046810859928e-01  6.100842800252194e-01  2.055451787755044e-03  6.100842800252194e-01  1.132153351809403e+00  6.100842800252194e-01  1.672404584203683e-01  6.100842800252194e-01  9.859954299753005e-04 
 6.140842800252194e-01  1.281234781679329e+00  6.140842800252194e-01  1.552439784429895e+00  6.140842800252194e-01  7.293377534142589e-01  6.140842800252194e-01  2.260652971303787e-01  6.140842800252194e-01  2.058902667932633e-03  6.140842800252194e-01  1.133423742637646e+00  6.140842800252194e-01  1.670035706923083e-01  6.140842800252194e-01  9.825296115596549e-04 
 6.180842800252194e-01  1.280365556165268e+00  6.180842800252194e-01  1.553312789550661e+00  6.180842800252194e-01  7.280119295173613e-01  6.180842800252194e-01  2.262257668201452e-01  6.180842800252194e-01  2.062352495847675e-03  6.180842800252194e-01  1.134693530586863e+00  6.180842800252194e-01  1.667662744463832e-01  6.180842800252194e-01  9.790647737075379e-04 
 6.220842800252194e-01  1.279496598077929e+00  6.220842800252194e-01  1.554185545115526e+00  6.220842800252194e-01  7.266862730427863e-01  6.220842800252194e-01  2.263860905956644e-01  6.220842800252194e-01  2.065801262385478e-03  6.220842800252194e-01  1.135962711283582e+00  6.220842800252194e-01  1.665285680751460e-01  6.220842800252194e-01  9.756009261231085e-04 
 6.260842800252194e-01  1.278627909727648e+00  6.260842800252194e-01  1.555058048658890e+00  6.260842800252194e-01  7.253607867099137e-01  6.260842800252194e-01  2.265462688961959e-01  6.260842800252194e-01  2.069248958376657e-03  6.260842800252194e-01  1.137231280320027e+00  6.260842800252194e-01  1.662904499635934e-01  6.260842800252194e-01  9.721380785893143e-04 
 6.300842800252194e-01  1.277759493437892e+00  6.300842800252194e-01  1.555930297692276e+00  6.300842800252194e-01  7.240354732510769e-01  6.300842800252194e-01  2.267063021600347e-01  6.300842800252194e-01  2.072695574599736e-03  6.300842800252194e-01  1.138499233252073e+00  6.300842800252194e-01  1.660519184898743e-01  6.300842800252194e-01  9.686762409798953e-04 
 6.340842800252194e-01  1.276891351544501e+00  6.340842800252194e-01  1.556802289701121e+00  6.340842800252194e-01  7.227103354111261e-01  6.340842800252194e-01  2.268661908246745e-01  6.340842800252194e-01  2.076141101784095e-03  6.340842800252194e-01  1.139766565597106e+00  6.340842800252194e-01  1.658129720260562e-01  6.340842800252194e-01  9.652154232720909e-04 
 6.380842800252194e-01  1.276023486413122e+00  6.380842800252194e-01  1.557674022202414e+00  6.380842800252194e-01  7.213853759592673e-01  6.380842800252194e-01  2.270259353238859e-01  6.380842800252194e-01  2.079585530540828e-03  6.380842800252194e-01  1.141033272868075e+00  6.380842800252194e-01  1.655736089227205e-01  6.380842800252194e-01  9.617556353179328e-04 
 6.420842800252194e-01  1.275155900404365e+00  6.420842800252194e-01  1.558545492626819e+00  6.420842800252194e-01  7.200605976655917e-01  6.420842800252194e-01  2.271855360936742e-01  6.420842800252194e-01  2.083028851501016e-03  6.420842800252194e-01  1.142299350503037e+00  6.420842800252194e-01  1.653338275401358e-01  6.420842800252194e-01  9.582968873120085e-04 
 6.460842800252194e-01  1.274288595908702e+00  6.460842800252194e-01  1.559416698435141e+00  6.460842800252194e-01  7.187360033247200e-01  6.460842800252194e-01  2.273449935663898e-01  6.460842800252194e-01  2.086471055177252e-03  6.460842800252194e-01  1.143564793934238e+00  6.460842800252194e-01  1.650936262172431e-01  6.460842800252194e-01  9.548391893292768e-04 
 6.500842800252195e-01  1.273421575329395e+00  6.500842800252195e-01  1.560287637060027e+00  6.500842800252195e-01  7.174115957443408e-01  6.500842800252195e-01  2.275043081736658e-01  6.500842800252195e-01  2.089912132031310e-03  6.500842800252195e-01  1.144829598553131e+00  6.500842800252195e-01  1.648530032870225e-01  6.500842800252195e-01  9.513825515564733e-04 
 6.540842800252195e-01  1.272554841086327e+00  6.540842800252195e-01  1.561158305918112e+00  6.540842800252195e-01  7.160873777478661e-01  6.540842800252195e-01  2.276634803458092e-01  6.540842800252195e-01  2.093352072459061e-03  6.540842800252195e-01  1.146093759717331e+00  6.540842800252195e-01  1.646119570731521e-01  6.540842800252195e-01  9.479269842438146e-04 
 6.580842800252195e-01  1.271688395607196e+00  6.580842800252195e-01  1.562028702379651e+00  6.580842800252195e-01  7.147633521685446e-01  6.580842800252195e-01  2.278225105133267e-01  6.580842800252195e-01  2.096790866825314e-03  6.580842800252195e-01  1.147357272732353e+00  6.580842800252195e-01  1.643704858980665e-01  6.580842800252195e-01  9.444724978256307e-04 
 6.620842800252195e-01  1.270822241343168e+00  6.620842800252195e-01  1.562898823820057e+00  6.620842800252195e-01  7.134395218601202e-01  6.620842800252195e-01  2.279813991043170e-01  6.620842800252195e-01  2.100228505401761e-03  6.620842800252195e-01  1.148620132881904e+00  6.620842800252195e-01  1.641285880690400e-01  6.620842800252195e-01  9.410191027157332e-04 
 6.660842800252195e-01  1.269956380769372e+00  6.660842800252195e-01  1.563768667620402e+00  6.660842800252195e-01  7.121158896972336e-01  6.660842800252195e-01  2.281401465444290e-01  6.660842800252195e-01  2.103664978364972e-03  6.660842800252195e-01  1.149882335427819e+00  6.660842800252195e-01  1.638862618778756e-01  6.660842800252195e-01  9.375668093054744e-04 
 6.700842800252195e-01  1.269090816363844e+00  6.700842800252195e-01  1.564638231096587e+00  6.700842800252195e-01  7.107924585612602e-01  6.700842800252195e-01  2.282987532604608e-01  6.700842800252195e-01  2.107100275879994e-03  6.700842800252195e-01  1.151143875567904e+00  6.700842800252195e-01  1.636435056198933e-01  6.700842800252195e-01  9.341156282448650e-04 
 6.740842800252195e-01  1.268225550627461e+00  6.740842800252195e-01  1.565507511564787e+00  6.740842800252195e-01  7.094692313538578e-01  6.740842800252195e-01  2.284572196770293e-01  6.740842800252195e-01  2.110534388021208e-03  6.740842800252195e-01  1.152404748474369e+00  6.740842800252195e-01  1.634003175762031e-01  6.740842800252195e-01  9.306655701827926e-04 
 6.780842800252195e-01  1.267360586080629e+00  6.780842800252195e-01  1.566376506329466e+00  6.780842800252195e-01  7.081462109947999e-01  6.780842800252195e-01  2.286155462171737e-01  6.780842800252195e-01  2.113967304785499e-03  6.780842800252195e-01  1.153664949286420e+00  6.780842800252195e-01  1.631566960167971e-01  6.780842800252195e-01  9.272166458146317e-04 
 6.820842800252195e-01  1.266495925254379e+00  6.820842800252195e-01  1.567245212652974e+00  6.820842800252195e-01  7.068234004160352e-01  6.820842800252195e-01  2.287737333038966e-01  6.820842800252195e-01  2.117399016127592e-03  6.820842800252195e-01  1.154924473092046e+00  6.820842800252195e-01  1.629126392086954e-01  6.820842800252195e-01  9.237688660028897e-04 
 6.860842800252195e-01  1.265631570712169e+00  6.860842800252195e-01  1.568113627826682e+00  6.860842800252195e-01  7.055008025764934e-01  6.860842800252195e-01  2.289317813565329e-01  6.860842800252195e-01  2.120829511873458e-03  6.860842800252195e-01  1.156183314969604e+00  6.860842800252195e-01  1.626681453964782e-01  6.860842800252195e-01  9.203222414948764e-04 
 6.900842800252195e-01  1.264767525010124e+00  6.900842800252195e-01  1.568981749038854e+00  6.900842800252195e-01  7.041784204352785e-01  6.900842800252195e-01  2.290896907974844e-01  6.900842800252195e-01  2.124258781878263e-03  6.900842800252195e-01  1.157441469909778e+00  6.900842800252195e-01  1.624232128381813e-01  6.900842800252195e-01  9.168767834471189e-04 
 6.940842800252195e-01  1.263903790751034e+00  6.940842800252195e-01  1.569849573551695e+00  6.940842800252195e-01  7.028562569882676e-01  6.940842800252195e-01  2.292474620431779e-01  6.940842800252195e-01  2.127686815811885e-03  6.940842800252195e-01  1.158698932919375e+00  6.940842800252195e-01  1.621778397568762e-01  6.940842800252195e-01  9.134325027226791e-04 
 6.980842800252195e-01  1.263040370531679e+00  6.980842800252195e-01  1.570717098526996e+00  6.980842800252195e-01  7.015343152325482e-01  6.980842800252195e-01  2.294050955129623e-01  6.980842800252195e-01  2.131113603368096e-03  6.980842800252195e-01  1.159955698918565e+00  6.980842800252195e-01  1.619320243881918e-01  6.980842800252195e-01  9.099894105831417e-04 
 7.020842800252195e-01  1.262177266987002e+00  7.020842800252195e-01  1.571584321170331e+00  7.020842800252195e-01  7.002125981963886e-01  7.020842800252195e-01  2.295625916217339e-01  7.020842800252195e-01  2.134539134089223e-03  7.020842800252195e-01  1.161211762825206e+00  7.020842800252195e-01  1.616857649407175e-01  7.020842800252195e-01  9.065475181163091e-04 
 7.060842800252195e-01  1.261314482757545e+00  7.060842800252195e-01  1.572451238623177e+00  7.060842800252195e-01  6.988911089172738e-01  7.060842800252195e-01  2.297199507854397e-01  7.060842800252195e-01  2.137963397495280e-03  7.060842800252195e-01  1.162467119491245e+00  7.060842800252195e-01  1.614390596254736e-01  7.060842800252195e-01  9.031068366643799e-04 
 7.100842800252195e-01  1.260452020502772e+00  7.100842800252195e-01  1.573317848005773e+00  7.100842800252195e-01  6.975698504510013e-01  7.100842800252195e-01  2.298771734188918e-01  7.100842800252195e-01  2.141386383031303e-03  7.100842800252195e-01  1.163721763727568e+00  7.100842800252195e-01  1.611919066440647e-01  7.100842800252195e-01  8.996673776538338e-04 
 7.140842800252195e-01  1.259589882904240e+00  7.140842800252195e-01  1.574184146426379e+00  7.140842800252195e-01  6.962488258739092e-01  7.140842800252195e-01  2.300342599352731e-01  7.140842800252195e-01  2.144808080054577e-03  7.140842800252195e-01  1.164975690309062e+00  7.140842800252195e-01  1.609443041859936e-01  7.140842800252195e-01  8.962291525586950e-04 
 7.180842800252195e-01  1.258728072676381e+00  7.180842800252195e-01  1.575050131015409e+00  7.180842800252195e-01  6.949280382902541e-01  7.180842800252195e-01  2.301912107443846e-01  7.180842800252195e-01  2.148228477791905e-03  7.180842800252195e-01  1.166228893994142e+00  7.180842800252195e-01  1.606962504190189e-01  7.180842800252195e-01  8.927921727650605e-04 
 7.220842800252195e-01  1.257866592523021e+00  7.220842800252195e-01  1.575915798782719e+00  7.220842800252195e-01  6.936074908028484e-01  7.220842800252195e-01  2.303480262599573e-01  7.220842800252195e-01  2.151647565512201e-03  7.220842800252195e-01  1.167481369441209e+00  7.220842800252195e-01  1.604477435286616e-01  7.220842800252195e-01  8.893564501374908e-04 
 7.260842800252195e-01  1.257005445199626e+00  7.260842800252195e-01  1.576781146819220e+00  7.260842800252195e-01  6.922871865552980e-01  7.260842800252195e-01  2.305047068892958e-01  7.260842800252195e-01  2.155065332279467e-03  7.260842800252195e-01  1.168733111325835e+00  7.260842800252195e-01  1.601987816620887e-01  7.260842800252195e-01  8.859219962188695e-04 
 7.300842800252195e-01  1.256144633463868e+00  7.300842800252195e-01  1.577646172135070e+00  7.300842800252195e-01  6.909671286985992e-01  7.300842800252195e-01  2.306612530415773e-01  7.300842800252195e-01  2.158481767148846e-03  7.300842800252195e-01  1.169984114246117e+00  7.300842800252195e-01  1.599493629729529e-01  7.300842800252195e-01  8.824888228725723e-04 
 7.340842800252195e-01  1.255284160088994e+00  7.340842800252195e-01  1.578510871702173e+00  7.340842800252195e-01  6.896473204002833e-01  7.340842800252195e-01  2.308176651256671e-01  7.340842800252195e-01  2.161896859113776e-03  7.340842800252195e-01  1.171234372747164e+00  7.340842800252195e-01  1.596994856095299e-01  7.340842800252195e-01  8.790569421137785e-04 
 7.380842800252195e-01  1.254424027888739e+00  7.380842800252195e-01  1.579375242533783e+00  7.380842800252195e-01  6.883277648613615e-01  7.380842800252195e-01  2.309739435460089e-01  7.380842800252195e-01  2.165310597006926e-03  7.380842800252195e-01  1.172483881366914e+00  7.380842800252195e-01  1.594491476922575e-01  7.380842800252195e-01  8.756263657935837e-04 
 7.420842800252195e-01  1.253564239672751e+00  7.420842800252195e-01  1.580239281539152e+00  7.420842800252195e-01  6.870084652862319e-01  7.420842800252195e-01  2.311300887101002e-01  7.420842800252195e-01  2.168722969677242e-03  7.420842800252195e-01  1.173732634551437e+00  7.420842800252195e-01  1.591983473543735e-01  7.420842800252195e-01  8.721971061758679e-04 
 7.460842800252195e-01  1.252704798297660e+00  7.460842800252195e-01  1.581102985687461e+00  7.460842800252195e-01  6.856894249173453e-01  7.460842800252195e-01  2.312861010200349e-01  7.460842800252195e-01  2.172133965787187e-03  7.460842800252195e-01  1.174980626749597e+00  7.460842800252195e-01  1.589470826957284e-01  7.460842800252195e-01  8.687691752866313e-04 
 7.500842800252195e-01  1.251845706625978e+00  7.500842800252195e-01  1.581966351874016e+00  7.500842800252195e-01  6.843706470074574e-01  7.500842800252195e-01  2.314419808793896e-01  7.500842800252195e-01  2.175543573975837e-03  7.500842800252195e-01  1.176227852335148e+00  7.500842800252195e-01  1.586953518202806e-01  7.500842800252195e-01  8.653425854450908e-04 
 7.540842800252195e-01  1.250986967537270e+00  7.540842800252195e-01  1.582829376955366e+00  7.540842800252195e-01  6.830521348272773e-01  7.540842800252195e-01  2.315977286914123e-01  7.540842800252195e-01  2.178951782814672e-03  7.540842800252195e-01  1.177474305626769e+00  7.540842800252195e-01  1.584431528261626e-01  7.540842800252195e-01  8.619173491243071e-04 
 7.580842800252195e-01  1.250128583949776e+00  7.580842800252195e-01  1.583692057817566e+00  7.580842800252195e-01  6.817338916802032e-01  7.580842800252195e-01  2.317533448554767e-01  7.580842800252195e-01  2.182358580721573e-03  7.580842800252195e-01  1.178719980927059e+00  7.580842800252195e-01  1.581904837861722e-01  7.580842800252195e-01  8.584934786802251e-04 
 7.620842800252196e-01  1.249270558782142e+00  7.620842800252196e-01  1.584554391252222e+00  7.620842800252196e-01  6.804159208764909e-01  7.620842800252196e-01  2.319088297734863e-01  7.620842800252196e-01  2.185763956112911e-03  7.620842800252196e-01  1.179964872450648e+00  7.620842800252196e-01  1.579373427828158e-01  7.620842800252196e-01  8.550709868436462e-04 
 7.660842800252196e-01  1.248412894998018e+00  7.660842800252196e-01  1.585416374098212e+00  7.660842800252196e-01  6.790982257635466e-01  7.660842800252196e-01  2.320641838425215e-01  7.660842800252196e-01  2.189167897226351e-03  7.660842800252196e-01  1.181208974405477e+00  7.660842800252196e-01  1.576837278678941e-01  7.660842800252196e-01  8.516498861577889e-04 
 7.700842800252196e-01  1.247555595565512e+00  7.700842800252196e-01  1.586278003110846e+00  7.700842800252196e-01  6.777808096985634e-01  7.700842800252196e-01  2.322194074616149e-01  7.700842800252196e-01  2.192570392281954e-03  7.700842800252196e-01  1.182452280917056e+00  7.700842800252196e-01  1.574296370996181e-01  7.700842800252196e-01  8.482301894975481e-04 
 7.740842800252196e-01  1.246698663491062e+00  7.740842800252196e-01  1.587139275068802e+00  7.740842800252196e-01  6.764636760715406e-01  7.740842800252196e-01  2.323745010261858e-01  7.740842800252196e-01  2.195971429347601e-03  7.740842800252196e-01  1.183694786089560e+00  7.740842800252196e-01  1.571750685119497e-01  7.740842800252196e-01  8.448119096450501e-04 
 7.780842800252196e-01  1.245842101786551e+00  7.780842800252196e-01  1.588000186668223e+00  7.780842800252196e-01  6.751468282831078e-01  7.780842800252196e-01  2.325294649335329e-01  7.780842800252196e-01  2.199370996469556e-03  7.780842800252196e-01  1.184936483944629e+00  7.780842800252196e-01  1.569200201448014e-01  7.780842800252196e-01  8.413950597100562e-04 
 7.820842800252196e-01  1.244985913506569e+00  7.820842800252196e-01  1.588860734640009e+00  7.820842800252196e-01  6.738302697698638e-01  7.820842800252196e-01  2.326842995767240e-01  7.820842800252196e-01  2.202769081524606e-03  7.820842800252196e-01  1.186177368488191e+00  7.820842800252196e-01  1.566644900102294e-01  7.820842800252196e-01  8.379796526643658e-04 
 7.860842800252196e-01  1.244130101710705e+00  7.860842800252196e-01  1.589720915628823e+00  7.860842800252196e-01  6.725140039789167e-01  7.860842800252196e-01  2.328390053508782e-01  7.860842800252196e-01  2.206165672369702e-03  7.860842800252196e-01  1.187417433640760e+00  7.860842800252196e-01  1.564084761270983e-01  7.860842800252196e-01  8.345657018220543e-04 
 7.900842800252196e-01  1.243274669495059e+00  7.900842800252196e-01  1.590580726291861e+00  7.900842800252196e-01  6.711980343893328e-01  7.900842800252196e-01  2.329935826480092e-01  7.900842800252196e-01  2.209560756716861e-03  7.900842800252196e-01  1.188656673293526e+00  7.900842800252196e-01  1.561519764925013e-01  7.900842800252196e-01  8.311532204474939e-04 
 7.940842800252196e-01  1.242419619975100e+00  7.940842800252196e-01  1.591440163243260e+00  7.940842800252196e-01  6.698823645006154e-01  7.940842800252196e-01  2.331480318599123e-01  7.940842800252196e-01  2.212954322201277e-03  7.940842800252196e-01  1.189895081276134e+00  7.940842800252196e-01  1.558949890976425e-01  7.940842800252196e-01  8.277422219759440e-04 
 7.980842800252196e-01  1.241564956298015e+00  7.980842800252196e-01  1.592299223091800e+00  7.980842800252196e-01  6.685669978411696e-01  7.980842800252196e-01  2.333023533761751e-01  7.980842800252196e-01  2.216346356332196e-03  7.980842800252196e-01  1.191132651377732e+00  7.980842800252196e-01  1.556375119167670e-01  7.980842800252196e-01  8.243327198639601e-04 
 8.020842800252196e-01  1.240710681620703e+00  8.020842800252196e-01  1.593157902370404e+00  8.020842800252196e-01  6.672519379534868e-01  8.020842800252196e-01  2.334565475878589e-01  8.020842800252196e-01  2.219736846580375e-03  8.020842800252196e-01  1.192369377306411e+00  8.020842800252196e-01  1.553795429275350e-01  8.020842800252196e-01  8.209247278691786e-04 
 8.060842800252196e-01  1.239856799145639e+00  8.060842800252196e-01  1.594016197647596e+00  8.060842800252196e-01  6.659371884185493e-01  8.060842800252196e-01  2.336106148816444e-01  8.060842800252196e-01  2.223125780235640e-03  8.060842800252196e-01  1.193605252752144e+00  8.060842800252196e-01  1.551210800784044e-01  8.060842800252196e-01  8.175182596079484e-04 
 8.100842800252196e-01  1.239003312081084e+00  8.100842800252196e-01  1.594874105401175e+00  8.100842800252196e-01  6.646227528289638e-01  8.100842800252196e-01  2.337645556464354e-01  8.100842800252196e-01  2.226513144564913e-03  8.100842800252196e-01  1.194840271314536e+00  8.100842800252196e-01  1.548621213253520e-01  8.100842800252196e-01  8.141133290567408e-04 
 8.140842800252196e-01  1.238150223668592e+00  8.140842800252196e-01  1.595731622103407e+00  8.140842800252196e-01  6.633086348076953e-01  8.140842800252196e-01  2.339183702688832e-01  8.140842800252196e-01  2.229898926702911e-03  8.140842800252196e-01  1.196074426550785e+00  8.140842800252196e-01  1.546026646068747e-01  8.140842800252196e-01  8.107099502140122e-04 
 8.180842800252196e-01  1.237297537184175e+00  8.180842800252196e-01  1.596588744223006e+00  8.180842800252196e-01  6.619948380089752e-01  8.180842800252196e-01  2.340720591332567e-01  8.180842800252196e-01  2.233283113647637e-03  8.180842800252196e-01  1.197307711976228e+00  8.180842800252196e-01  1.543427078431697e-01  8.180842800252196e-01  8.073081370922983e-04 
 8.220842800252196e-01  1.236445255919682e+00  8.220842800252196e-01  1.597445468165783e+00  8.220842800252196e-01  6.606813661057674e-01  8.220842800252196e-01  2.342256226245528e-01  8.220842800252196e-01  2.236665692334220e-03  8.220842800252196e-01  1.198540121030306e+00  8.220842800252196e-01  1.540822489534578e-01  8.220842800252196e-01  8.039079039538696e-04 
 8.260842800252196e-01  1.235593383196432e+00  8.260842800252196e-01  1.598301790315752e+00  8.260842800252196e-01  6.593682227991187e-01  8.260842800252196e-01  2.343790611263150e-01  8.260842800252196e-01  2.240046649580861e-03  8.260842800252196e-01  1.199771647099342e+00  8.260842800252196e-01  1.538212858437605e-01  8.260842800252196e-01  8.005092651474938e-04 
 8.300842800252196e-01  1.234741922357633e+00  8.300842800252196e-01  1.599157707010280e+00  8.300842800252196e-01  6.580554118131218e-01  8.300842800252196e-01  2.345323750219263e-01  8.300842800252196e-01  2.243425972118805e-03  8.300842800252196e-01  1.201002283502051e+00  8.300842800252196e-01  1.535598164141130e-01  8.300842800252196e-01  7.971122352071415e-04 
 8.340842800252196e-01  1.233890876793679e+00  8.340842800252196e-01  1.600013214617032e+00  8.340842800252196e-01  6.567429369121792e-01  8.340842800252196e-01  2.346855646905329e-01  8.340842800252196e-01  2.246803646492144e-03  8.340842800252196e-01  1.202232023532313e+00  8.340842800252196e-01  1.532978385355340e-01  8.340842800252196e-01  7.937168285465176e-04 
 8.380842800252196e-01  1.233040249892468e+00  8.380842800252196e-01  1.600868309378704e+00  8.380842800252196e-01  6.554308018674092e-01  8.380842800252196e-01  2.348386305152260e-01  8.380842800252196e-01  2.250179659254774e-03  8.380842800252196e-01  1.203460860371356e+00  8.380842800252196e-01  1.530353500960489e-01  8.380842800252196e-01  7.903230600753853e-04 
 8.420842800252196e-01  1.232190045101131e+00  8.420842800252196e-01  1.601722987602568e+00  8.420842800252196e-01  6.541190104986242e-01  8.420842800252196e-01  2.349915728730011e-01  8.420842800252196e-01  2.253553996725533e-03  8.420842800252196e-01  1.204688787193750e+00  8.420842800252196e-01  1.527723489441026e-01  8.420842800252196e-01  7.869309444472298e-04 
 8.460842800252196e-01  1.231340265868554e+00  8.460842800252196e-01  1.602577245481457e+00  8.460842800252196e-01  6.528075666354599e-01  8.460842800252196e-01  2.351443921442193e-01  8.460842800252196e-01  2.256926645216325e-03  8.460842800252196e-01  1.205915797066413e+00  8.460842800252196e-01  1.525088329418093e-01  8.460842800252196e-01  7.835404967697654e-04 
 8.500842800252196e-01  1.230490915689300e+00  8.500842800252196e-01  1.603431079227815e+00  8.500842800252196e-01  6.514964741472659e-01  8.500842800252196e-01  2.352970887054807e-01  8.500842800252196e-01  2.260297590857729e-03  8.500842800252196e-01  1.207141883023250e+00  8.500842800252196e-01  1.522447999247479e-01  8.500842800252196e-01  7.801517320729117e-04 
 8.540842800252196e-01  1.229641998079614e+00  8.540842800252196e-01  1.604284484998286e+00  8.540842800252196e-01  6.501857369269457e-01  8.540842800252196e-01  2.354496629336083e-01  8.540842800252196e-01  2.263666819694282e-03  8.540842800252196e-01  1.208367038022371e+00  8.540842800252196e-01  1.519802477243742e-01  8.540842800252196e-01  7.767646656080961e-04 
 8.580842800252196e-01  1.228793516587168e+00  8.580842800252196e-01  1.605137458922180e+00  8.580842800252196e-01  6.488753588976814e-01  8.580842800252196e-01  2.356021152041160e-01  8.580842800252196e-01  2.267034317645824e-03  8.580842800252196e-01  1.209591254961485e+00  8.580842800252196e-01  1.517151741593376e-01  8.580842800252196e-01  7.733793127352742e-04 
 8.620842800252196e-01  1.227945474786244e+00  8.620842800252196e-01  1.605989997085231e+00  8.620842800252196e-01  6.475653440097769e-01  8.620842800252196e-01  2.357544458920501e-01  8.620842800252196e-01  2.270400070526529e-03  8.620842800252196e-01  1.210814526668294e+00  8.620842800252196e-01  1.514495770402255e-01  8.620842800252196e-01  7.699956889873494e-04 
 8.660842800252196e-01  1.227097876294148e+00  8.660842800252196e-01  1.606842095578215e+00  8.660842800252196e-01  6.462556962519064e-01  8.660842800252196e-01  2.359066553693818e-01  8.660842800252196e-01  2.273764063979861e-03  8.660842800252196e-01  1.212036845926964e+00  8.660842800252196e-01  1.511834541546629e-01  8.660842800252196e-01  7.666138098773228e-04 
 8.700842800252196e-01  1.226250724742821e+00  8.700842800252196e-01  1.607693750408581e+00  8.700842800252196e-01  6.449464196319734e-01  8.700842800252196e-01  2.360587440096902e-01  8.700842800252196e-01  2.277126283591168e-03  8.700842800252196e-01  1.213258205428418e+00  8.700842800252196e-01  1.509168032939425e-01  8.700842800252196e-01  7.632336912488986e-04 
 8.740842800252197e-01  1.225404023797685e+00  8.740842800252197e-01  1.608544957556680e+00  8.740842800252197e-01  6.436375181900121e-01  8.740842800252197e-01  2.362107121851535e-01  8.740842800252197e-01  2.280486714812947e-03  8.740842800252197e-01  1.214478597801083e+00  8.740842800252197e-01  1.506496222358698e-01  8.740842800252197e-01  7.598553490533978e-04 
 8.780842800252197e-01  1.224557777163542e+00  8.780842800252197e-01  1.609395712991888e+00  8.780842800252197e-01  6.423289960023059e-01  8.780842800252197e-01  2.363625602656526e-01  8.780842800252197e-01  2.283845342941354e-03  8.780842800252197e-01  1.215698015619169e+00  8.780842800252197e-01  1.503819087396263e-01  8.780842800252197e-01  7.564787992857588e-04 
 8.820842800252197e-01  1.223711988575548e+00  8.820842800252197e-01  1.610246012643481e+00  8.820842800252197e-01  6.410208571753860e-01  8.820842800252197e-01  2.365142886203076e-01  8.820842800252197e-01  2.287202153152142e-03  8.820842800252197e-01  1.216916451385920e+00  8.820842800252197e-01  1.501136605544618e-01  8.820842800252197e-01  7.531040581001051e-04 
 8.860842800252197e-01  1.222866661791182e+00  8.860842800252197e-01  1.611095852374921e+00  8.860842800252197e-01  6.397131058407015e-01  8.860842800252197e-01  2.366658976188391e-01  8.860842800252197e-01  2.290557130532408e-03  8.860842800252197e-01  1.218133897518867e+00  8.860842800252197e-01  1.498448754274749e-01  8.860842800252197e-01  7.497311419118083e-04 
 8.900842800252197e-01  1.222021800608758e+00  8.900842800252197e-01  1.611945228038114e+00  8.900842800252197e-01  6.384057461672992e-01  8.900842800252197e-01  2.368173876286296e-01  8.900842800252197e-01  2.293910260007211e-03  8.900842800252197e-01  1.219350346379172e+00  8.900842800252197e-01  1.495755510868050e-01  8.900842800252197e-01  7.463600671821909e-04 
 8.940842800252197e-01  1.221177408858737e+00  8.940842800252197e-01  1.612794135445474e+00  8.940842800252197e-01  6.370987823560582e-01  8.940842800252197e-01  2.369687590161983e-01  8.940842800252197e-01  2.297261526374009e-03  8.940842800252197e-01  1.220565790255575e+00  8.940842800252197e-01  1.493056852500176e-01  8.940842800252197e-01  7.429908505293554e-04 
 8.980842800252197e-01  1.220333490404952e+00  8.980842800252197e-01  1.613642570371882e+00  8.980842800252197e-01  6.357922186406403e-01  8.980842800252197e-01  2.371200121470693e-01  8.980842800252197e-01  2.300610914297828e-03  8.980842800252197e-01  1.221780221364828e+00  8.980842800252197e-01  1.490352756233400e-01  8.980842800252197e-01  7.396235087204043e-04 
 9.020842800252197e-01  1.219490049143662e+00  9.020842800252197e-01  1.614490528550216e+00  9.020842800252197e-01  6.344860592869698e-01  9.020842800252197e-01  2.372711473859903e-01  9.020842800252197e-01  2.303958408314999e-03  9.020842800252197e-01  1.222993631848640e+00  9.020842800252197e-01  1.487643199028892e-01  9.020842800252197e-01  7.362580586892152e-04 
 9.060842800252197e-01  1.218647088999171e+00  9.060842800252197e-01  1.615338005656540e+00  9.060842800252197e-01  6.331803085904010e-01  9.060842800252197e-01  2.374221650977062e-01  9.060842800252197e-01  2.307303992850498e-03  9.060842800252197e-01  1.224206013764943e+00  9.060842800252197e-01  1.484928157791477e-01  9.060842800252197e-01  7.328945175952302e-04 
 9.100842800252197e-01  1.217804613949364e+00  9.100842800252197e-01  1.616184997384666e+00  9.100842800252197e-01  6.318749708931580e-01  9.100842800252197e-01  2.375730656428992e-01  9.100842800252197e-01  2.310647652116744e-03  9.100842800252197e-01  1.225417359127959e+00  9.100842800252197e-01  1.482207609135157e-01  9.100842800252197e-01  7.295329025274868e-04 
 9.140842800252197e-01  1.216962627982069e+00  9.140842800252197e-01  1.617031499314023e+00  9.140842800252197e-01  6.305700505548657e-01  9.140842800252197e-01  2.377238493853111e-01  9.140842800252197e-01  2.313989370286585e-03  9.140842800252197e-01  1.226627659835385e+00  9.140842800252197e-01  1.479481529794023e-01  9.140842800252197e-01  7.261732310290765e-04 
 9.180842800252197e-01  1.216121135135314e+00  9.180842800252197e-01  1.617877507028096e+00  9.180842800252197e-01  6.292655519799987e-01  9.180842800252197e-01  2.378745166853046e-01  9.180842800252197e-01  2.317329131333702e-03  9.180842800252197e-01  1.227836907732393e+00  9.180842800252197e-01  1.476749896250744e-01  9.180842800252197e-01  7.228155206270542e-04 
 9.220842800252197e-01  1.215280139478677e+00  9.220842800252197e-01  1.618723016056977e+00  9.220842800252197e-01  6.279614796053434e-01  9.220842800252197e-01  2.380250679029487e-01  9.220842800252197e-01  2.320666919106562e-03  9.220842800252197e-01  1.229045094579587e+00  9.220842800252197e-01  1.474012684914391e-01  9.220842800252197e-01  7.194597890604518e-04 
 9.260842800252197e-01  1.214439645126604e+00  9.260842800252197e-01  1.619568021914960e+00  9.260842800252197e-01  6.266578379091823e-01  9.260842800252197e-01  2.381755033959338e-01  9.260842800252197e-01  2.324002717275503e-03  9.260842800252197e-01  1.230252212072710e+00  9.260842800252197e-01  1.471269872000241e-01  9.260842800252197e-01  7.161060541310654e-04 
 9.300842800252197e-01  1.213599656217207e+00  9.300842800252197e-01  1.620412520035992e+00  9.300842800252197e-01  6.253546313970404e-01  9.300842800252197e-01  2.383258235230712e-01  9.300842800252197e-01  2.327336509416978e-03  9.300842800252197e-01  1.231458251806947e+00  9.300842800252197e-01  1.468521433731914e-01  9.300842800252197e-01  7.127543339596556e-04 
 9.340842800252197e-01  1.212760176932798e+00  9.340842800252197e-01  1.621256505832556e+00  9.340842800252197e-01  6.240518646157515e-01  9.340842800252197e-01  2.384760286410467e-01  9.340842800252197e-01  2.330668278932012e-03  9.340842800252197e-01  1.232663205308154e+00  9.340842800252197e-01  1.465767346153858e-01  9.340842800252197e-01  7.094046467522534e-04 
 9.380842800252197e-01  1.211921211493021e+00  9.380842800252197e-01  1.622099974673393e+00  9.380842800252197e-01  6.227495421489420e-01  9.380842800252197e-01  2.386261191056023e-01  9.380842800252197e-01  2.333998009073468e-03  9.380842800252197e-01  1.233867064020024e+00  9.380842800252197e-01  1.463007585199823e-01  9.380842800252197e-01  7.060570108885476e-04 
 9.420842800252197e-01  1.211082764155108e+00  9.420842800252197e-01  1.622942921882396e+00  9.420842800252197e-01  6.214476686173358e-01  9.420842800252197e-01  2.387760952715666e-01  9.420842800252197e-01  2.337325682944993e-03  9.420842800252197e-01  1.235069819302764e+00  9.420842800252197e-01  1.460242126694749e-01  9.420842800252197e-01  7.027114449263229e-04 
 9.460842800252197e-01  1.210244839213771e+00  9.460842800252197e-01  1.623785342736318e+00  9.460842800252197e-01  6.201462486788289e-01  9.460842800252197e-01  2.389259574929488e-01  9.460842800252197e-01  2.340651283501524e-03  9.460842800252197e-01  1.236271462431124e+00  9.460842800252197e-01  1.457470946360408e-01  9.460842800252197e-01  6.993679676105176e-04 
 9.500842800252197e-01  1.209407441003771e+00  9.500842800252197e-01  1.624627232470351e+00  9.500842800252197e-01  6.188452870303746e-01  9.500842800252197e-01  2.390757061225976e-01  9.500842800252197e-01  2.343974793539056e-03  9.500842800252197e-01  1.237471984596638e+00  9.500842800252197e-01  1.454694019795879e-01  9.500842800252197e-01  6.960265978511115e-04 
 9.540842800252197e-01  1.208570573897930e+00  9.540842800252197e-01  1.625468586270370e+00  9.540842800252197e-01  6.175447884067747e-01  9.540842800252197e-01  2.392253415125941e-01  9.540842800252197e-01  2.347296195702466e-03  9.540842800252197e-01  1.238671376902691e+00  9.540842800252197e-01  1.451911322500688e-01  9.540842800252197e-01  6.926873547538989e-04 
 9.580842800252197e-01  1.207734242314785e+00  9.580842800252197e-01  1.626309399293112e+00  9.580842800252197e-01  6.162447575860175e-01  9.580842800252197e-01  2.393748640131014e-01  9.580842800252197e-01  2.350615472455246e-03  9.580842800252197e-01  1.239869630374514e+00  9.580842800252197e-01  1.449122829807947e-01  9.580842800252197e-01  6.893502575404264e-04 
 9.620842800252197e-01  1.206898450701189e+00  9.620842800252197e-01  1.627149666613590e+00  9.620842800252197e-01  6.149451993776299e-01  9.620842800252197e-01  2.395242739752345e-01  9.620842800252197e-01  2.353932606148490e-03  9.620842800252197e-01  1.241066735930325e+00  9.620842800252197e-01  1.446328517052512e-01  9.620842800252197e-01  6.860153257566272e-04 
 9.660842800252197e-01  1.206063203559138e+00  9.660842800252197e-01  1.627989383300963e+00  9.660842800252197e-01  6.136461186410137e-01  9.660842800252197e-01  2.396735717468297e-01  9.660842800252197e-01  2.357247578914464e-03  9.660842800252197e-01  1.242262684420985e+00  9.660842800252197e-01  1.443528359323907e-01  9.660842800252197e-01  6.826825789718184e-04 
 9.700842800252197e-01  1.205228505427162e+00  9.700842800252197e-01  1.628828544362330e+00  9.700842800252197e-01  6.123475202729782e-01  9.700842800252197e-01  2.398227576755087e-01  9.700842800252197e-01  2.360560372740380e-03  9.700842800252197e-01  1.243457466599182e+00  9.700842800252197e-01  1.440722331646121e-01  9.700842800252197e-01  6.793520370016721e-04 
 9.740842800252197e-01  1.204394360879470e+00  9.740842800252197e-01  1.629667144738367e+00  9.740842800252197e-01  6.110494092073117e-01  9.740842800252197e-01  2.399718321088980e-01  9.740842800252197e-01  2.363870969471877e-03  9.740842800252197e-01  1.244651073116374e+00  9.740842800252197e-01  1.437910408990825e-01  9.740842800252197e-01  6.760237199255835e-04 
 9.780842800252197e-01  1.203560774542314e+00  9.780842800252197e-01  1.630505179348257e+00  9.780842800252197e-01  6.097517904260358e-01  9.780842800252197e-01  2.401207953920814e-01  9.780842800252197e-01  2.367179350748071e-03  9.780842800252197e-01  1.245843494545733e+00  9.780842800252197e-01  1.435092566128953e-01  9.780842800252197e-01  6.726976479083782e-04 
 9.820842800252197e-01  1.202727751080539e+00  9.820842800252197e-01  1.631342643048816e+00  9.820842800252197e-01  6.084546689504298e-01  9.820842800252197e-01  2.402696478698367e-01  9.820842800252197e-01  2.370485498054858e-03  9.820842800252197e-01  1.247034721359633e+00  9.820842800252197e-01  1.432268777762204e-01  9.820842800252197e-01  6.693738413624798e-04 
 9.860842800252198e-01  1.201895295199118e+00  9.860842800252198e-01  1.632179530636773e+00  9.860842800252198e-01  6.071580498422451e-01  9.860842800252198e-01  2.404183898864714e-01  9.860842800252198e-01  2.373789392718888e-03  9.860842800252198e-01  1.248224743930035e+00  9.860842800252198e-01  1.429439018514387e-01  9.860842800252198e-01  6.660523209389017e-04 
 9.900842800252198e-01  1.201063411660255e+00  9.900842800252198e-01  1.633015836895446e+00  9.900842800252198e-01  6.058619382154400e-01  9.900842800252198e-01  2.405670217831669e-01  9.900842800252198e-01  2.377091015839693e-03  9.900842800252198e-01  1.249413552552135e+00  9.900842800252198e-01  1.426603262775494e-01  9.900842800252198e-01  6.627331073419688e-04 
 9.940842800252198e-01  1.200232105248950e+00  9.940842800252198e-01  1.633851556494115e+00  9.940842800252198e-01  6.045663392130071e-01  9.940842800252198e-01  2.407155439035727e-01  9.940842800252198e-01  2.380390348426311e-03  9.940842800252198e-01  1.250601137390604e+00  9.940842800252198e-01  1.423761485032449e-01  9.940842800252198e-01  6.594162217287140e-04 
 9.980842800252198e-01  1.199401380824578e+00  9.980842800252198e-01  1.634686684132886e+00  9.980842800252198e-01  6.032712580420971e-01  9.980842800252198e-01  2.408639565856357e-01  9.980842800252198e-01  2.383687371192598e-03  9.980842800252198e-01  1.251787488554665e+00  9.980842800252198e-01  1.420913659387709e-01  9.980842800252198e-01  6.561016851339643e-04 
 1.002084280025220e+00  1.198571243263547e+00  1.002084280025220e+00  1.635521214377040e+00  1.002084280025220e+00  6.019766999353141e-01  1.002084280025220e+00  2.410122601708583e-01  1.002084280025220e+00  2.386982064784792e-03  1.002084280025220e+00  1.252972596010395e+00  1.002084280025220e+00  1.418059760106972e-01  1.002084280025220e+00  6.527895191277243e-04 
 1.006084280025220e+00  1.197741697512516e+00  1.006084280025220e+00  1.636355141805977e+00  1.006084280025220e+00  6.006826701869497e-01  1.006084280025220e+00  2.411604549958749e-01  1.006084280025220e+00  2.390274409570352e-03  1.006084280025220e+00  1.254156449657668e+00  1.006084280025220e+00  1.415199761122260e-01  1.006084280025220e+00  6.494797452240844e-04 
 1.010084280025220e+00  1.196912748543848e+00  1.010084280025220e+00  1.637188460884582e+00  1.010084280025220e+00  5.993891741229553e-01  1.010084280025220e+00  2.413085413996558e-01  1.010084280025220e+00  2.393564385814689e-03  1.010084280025220e+00  1.255339039262111e+00  1.010084280025220e+00  1.412333636459212e-01  1.010084280025220e+00  6.461723853917405e-04 
 1.014084280025220e+00  1.196084401399850e+00  1.014084280025220e+00  1.638021166085883e+00  1.014084280025220e+00  5.980962171310999e-01  1.014084280025220e+00  2.414565197165289e-01  1.014084280025220e+00  2.396851973505654e-03  1.014084280025220e+00  1.256520354517941e+00  1.014084280025220e+00  1.409461359824778e-01  1.014084280025220e+00  6.428674615671979e-04 
 1.018084280025220e+00  1.195256661152997e+00  1.018084280025220e+00  1.638853251776402e+00  1.018084280025220e+00  5.968038046341820e-01  1.018084280025220e+00  2.416043902826178e-01  1.018084280025220e+00  2.400137152511317e-03  1.018084280025220e+00  1.257700384987420e+00  1.018084280025220e+00  1.406582904990011e-01  1.018084280025220e+00  6.395649961097803e-04 
 1.022084280025220e+00  1.194429532928849e+00  1.022084280025220e+00  1.639684712278337e+00  1.022084280025220e+00  5.955119421057258e-01  1.022084280025220e+00  2.417521534322715e-01  1.022084280025220e+00  2.403419902489093e-03  1.022084280025220e+00  1.258879120132189e+00  1.022084280025220e+00  1.403698245579907e-01  1.022084280025220e+00  6.362650115548142e-04 
 1.026084280025220e+00  1.193603021918936e+00  1.026084280025220e+00  1.640515541902986e+00  1.026084280025220e+00  5.942206350788910e-01  1.026084280025220e+00  2.418998094961024e-01  1.026084280025220e+00  2.406700202834573e-03  1.026084280025220e+00  1.260056549329356e+00  1.026084280025220e+00  1.400807354957459e-01  1.026084280025220e+00  6.329675304810866e-04 
 1.030084280025220e+00  1.192777133338778e+00  1.030084280025220e+00  1.641345734830792e+00  1.030084280025220e+00  5.929298891182067e-01  1.030084280025220e+00  2.420473588077676e-01  1.030084280025220e+00  2.409978032848122e-03  1.030084280025220e+00  1.261232661808682e+00  1.030084280025220e+00  1.397910206628722e-01  1.030084280025220e+00  6.296725759867775e-04 
 1.034084280025220e+00  1.191951872475620e+00  1.034084280025220e+00  1.642175285242250e+00  1.034084280025220e+00  5.916397098520803e-01  1.034084280025220e+00  2.421948016964513e-01  1.034084280025220e+00  2.413253371545421e-03  1.034084280025220e+00  1.262407446718930e+00  1.034084280025220e+00  1.395006773796871e-01  1.034084280025220e+00  6.263801711700219e-04 
 1.038084280025220e+00  1.191127244654699e+00  1.038084280025220e+00  1.643004187221193e+00  1.038084280025220e+00  5.903501029501363e-01  1.038084280025220e+00  2.423421384923352e-01  1.038084280025220e+00  2.416526197791432e-03  1.038084280025220e+00  1.263580893077097e+00  1.038084280025220e+00  1.392097029689451e-01  1.038084280025220e+00  6.230903395127356e-04 
 1.042084280025220e+00  1.190303255265676e+00  1.042084280025220e+00  1.643832434825697e+00  1.042084280025220e+00  5.890610741412917e-01  1.042084280025220e+00  2.424893695224771e-01  1.042084280025220e+00  2.419796490195362e-03  1.042084280025220e+00  1.264752989803643e+00  1.042084280025220e+00  1.389180947314358e-01  1.042084280025220e+00  6.198031045991446e-04 
 1.046084280025220e+00  1.189479909738664e+00  1.046084280025220e+00  1.644660022018971e+00  1.046084280025220e+00  5.877726291977023e-01  1.046084280025220e+00  2.426364951147240e-01  1.046084280025220e+00  2.423064227205886e-03  1.046084280025220e+00  1.265923725686107e+00  1.046084280025220e+00  1.386258499695127e-01  1.046084280025220e+00  6.165184903901695e-04 
 1.050084280025220e+00  1.188657213562943e+00  1.050084280025220e+00  1.645486942718501e+00  1.050084280025220e+00  5.864847739476333e-01  1.050084280025220e+00  2.427835155948276e-01  1.050084280025220e+00  2.426329387036872e-03  1.050084280025220e+00  1.267093089403074e+00  1.050084280025220e+00  1.383329659700685e-01  1.050084280025220e+00  6.132365210283290e-04 
 1.054084280025220e+00  1.187835172292755e+00  1.054084280025220e+00  1.646313190809124e+00  1.054084280025220e+00  5.851975142795556e-01  1.054084280025220e+00  2.429304312856200e-01  1.054084280025220e+00  2.429591947644347e-03  1.054084280025220e+00  1.268261069529545e+00  1.054084280025220e+00  1.380394399997342e-01  1.054084280025220e+00  6.099572207858207e-04 
 1.058084280025220e+00  1.187013791518609e+00  1.058084280025220e+00  1.647138760061406e+00  1.058084280025220e+00  5.839108561229090e-01  1.058084280025220e+00  2.430772425116731e-01  1.058084280025220e+00  2.432851886840428e-03  1.058084280025220e+00  1.269427654494485e+00  1.058084280025220e+00  1.377452693330122e-01  1.058084280025220e+00  6.066806143885442e-04 
 1.062084280025220e+00  1.186193076894401e+00  1.062084280025220e+00  1.647963644203560e+00  1.062084280025220e+00  5.826248054666580e-01  1.062084280025220e+00  2.432239495950807e-01  1.062084280025220e+00  2.436109182185610e-03  1.062084280025220e+00  1.270592832616102e+00  1.062084280025220e+00  1.374504512272289e-01  1.062084280025220e+00  6.034067267306427e-04 
 1.066084280025220e+00  1.185373034135617e+00  1.066084280025220e+00  1.648787836913409e+00  1.066084280025220e+00  5.813393683582632e-01  1.066084280025220e+00  2.433705528558472e-01  1.066084280025220e+00  2.439363810995973e-03  1.066084280025220e+00  1.271756592096499e+00  1.066084280025220e+00  1.371549829250681e-01  1.066084280025220e+00  6.001355829063716e-04 
 1.070084280025220e+00  1.184553669013267e+00  1.070084280025220e+00  1.649611331798953e+00  1.070084280025220e+00  5.800545508997688e-01  1.070084280025220e+00  2.435170526129507e-01  1.070084280025220e+00  2.442615750367222e-03  1.070084280025220e+00  1.272918921010653e+00  1.070084280025220e+00  1.368588616611671e-01  1.070084280025220e+00  5.968672082872649e-04 
 1.074084280025220e+00  1.183734987348793e+00  1.074084280025220e+00  1.650434122381768e+00  1.074084280025220e+00  5.787703592445523e-01  1.074084280025220e+00  2.436634491852495e-01  1.074084280025220e+00  2.445864977194924e-03  1.074084280025220e+00  1.274079807296933e+00  1.074084280025220e+00  1.365620846678330e-01  1.074084280025220e+00  5.936016285879799e-04 
 1.078084280025220e+00  1.182916995025559e+00  1.078084280025220e+00  1.651256202125406e+00  1.078084280025220e+00  5.774867996052946e-01  1.078084280025220e+00  2.438097428897598e-01  1.078084280025220e+00  2.449111468128891e-03  1.078084280025220e+00  1.275239238770112e+00  1.078084280025220e+00  1.362646491649373e-01  1.078084280025220e+00  5.903388697536541e-04 
 1.082084280025220e+00  1.182099697995076e+00  1.082084280025220e+00  1.652077564449026e+00  1.082084280025220e+00  5.762038782584045e-01  1.082084280025220e+00  2.439559340407706e-01  1.082084280025220e+00  2.452355199548429e-03  1.082084280025220e+00  1.276397203126786e+00  1.082084280025220e+00  1.359665523548566e-01  1.082084280025220e+00  5.870789579057582e-04 
 1.086084280025220e+00  1.181283102261781e+00  1.086084280025220e+00  1.652898202683339e+00  1.086084280025220e+00  5.749216015339008e-01  1.086084280025220e+00  2.441020229523622e-01  1.086084280025220e+00  2.455596147622812e-03  1.086084280025220e+00  1.277553687922144e+00  1.086084280025220e+00  1.356677914378807e-01  1.086084280025220e+00  5.838219195169493e-04 
 1.090084280025220e+00  1.180467213883823e+00  1.090084280025220e+00  1.653718110069887e+00  1.090084280025220e+00  5.736399758161617e-01  1.090084280025220e+00  2.442480099383835e-01  1.090084280025220e+00  2.458834288308163e-03  1.090084280025220e+00  1.278708680568439e+00  1.090084280025220e+00  1.353683636124233e-01  1.090084280025220e+00  5.805677814139369e-04 
 1.094084280025220e+00  1.179652038995689e+00  1.094084280025220e+00  1.654537279818681e+00  1.094084280025220e+00  5.723590075594340e-01  1.094084280025220e+00  2.443938953089703e-01  1.094084280025220e+00  2.462069597257574e-03  1.094084280025220e+00  1.279862168362115e+00  1.094084280025220e+00  1.350682660543016e-01  1.094084280025220e+00  5.773165705487414e-04 
 1.098084280025220e+00  1.178837583782427e+00  1.098084280025220e+00  1.655355705035962e+00  1.098084280025220e+00  5.710787032705983e-01  1.098084280025220e+00  2.445396793747387e-01  1.098084280025220e+00  2.465302049923534e-03  1.098084280025220e+00  1.281014138446778e+00  1.098084280025220e+00  1.347674959423538e-01  1.098084280025220e+00  5.740683142853954e-04 
 1.102084280025220e+00  1.178023854508617e+00  1.102084280025220e+00  1.656173378798411e+00  1.102084280025220e+00  5.697990695289797e-01  1.102084280025220e+00  2.446853624423005e-01  1.102084280025220e+00  2.468531621442842e-03  1.102084280025220e+00  1.282164577848306e+00  1.102084280025220e+00  1.344660504316813e-01  1.102084280025220e+00  5.708230401054262e-04 
 1.106084280025220e+00  1.177210857478653e+00  1.106084280025220e+00  1.656990294044290e+00  1.106084280025220e+00  5.685201129596857e-01  1.106084280025220e+00  2.448309448206584e-01  1.106084280025220e+00  2.471758286794253e-03  1.106084280025220e+00  1.283313473420116e+00  1.106084280025220e+00  1.341639266926750e-01  1.106084280025220e+00  5.675807760398461e-04 
 1.110084280025220e+00  1.176398599082313e+00  1.110084280025220e+00  1.657806443691401e+00  1.110084280025220e+00  5.672418402646514e-01  1.110084280025220e+00  2.449764268141064e-01  1.110084280025220e+00  2.474982020617731e-03  1.110084280025220e+00  1.284460811899493e+00  1.110084280025220e+00  1.338611218683926e-01  1.110084280025220e+00  5.643415502011029e-04 
 1.114084280025220e+00  1.175587085770151e+00  1.114084280025220e+00  1.658621820568322e+00  1.114084280025220e+00  5.659642582061983e-01  1.114084280025220e+00  2.451218087262268e-01  1.114084280025220e+00  2.478202797311937e-03  1.114084280025220e+00  1.285606579872465e+00  1.114084280025220e+00  1.335576330991602e-01  1.114084280025220e+00  5.611053910559042e-04 
 1.118084280025220e+00  1.174776324061780e+00  1.118084280025220e+00  1.659436417433043e+00  1.118084280025220e+00  5.646873736128599e-01  1.118084280025220e+00  2.452670908586982e-01  1.118084280025220e+00  2.481420591001525e-03  1.118084280025220e+00  1.286750763781424e+00  1.118084280025220e+00  1.332534575156983e-01  1.118084280025220e+00  5.578723273512834e-04 
 1.122084280025220e+00  1.173966320526420e+00  1.122084280025220e+00  1.660250226918705e+00  1.122084280025220e+00  5.634111933664441e-01  1.122084280025220e+00  2.454122735144732e-01  1.122084280025220e+00  2.484635375614188e-03  1.122084280025220e+00  1.287893349897494e+00  1.122084280025220e+00  1.329485922588661e-01  1.122084280025220e+00  5.546423883299369e-04 
 1.126084280025220e+00  1.173157081835131e+00  1.126084280025220e+00  1.661063241667129e+00  1.126084280025220e+00  5.621357244375674e-01  1.126084280025220e+00  2.455573569896438e-01  1.126084280025220e+00  2.487847124673505e-03  1.126084280025220e+00  1.289034324383400e+00  1.126084280025220e+00  1.326430344306445e-01  1.126084280025220e+00  5.514156032003298e-04 
 1.130084280025220e+00  1.172348614696702e+00  1.130084280025220e+00  1.661875454157499e+00  1.130084280025220e+00  5.608609738425351e-01  1.130084280025220e+00  2.457023415836787e-01  1.130084280025220e+00  2.491055811553275e-03  1.130084280025220e+00  1.290173673209374e+00  1.130084280025220e+00  1.323367811567737e-01  1.130084280025220e+00  5.481920018165603e-04 
 1.134084280025220e+00  1.171540925906865e+00  1.134084280025220e+00  1.662686856831614e+00  1.134084280025220e+00  5.595869486768339e-01  1.134084280025220e+00  2.458472275917651e-01  1.134084280025220e+00  2.494261409282231e-03  1.134084280025220e+00  1.291311382211908e+00  1.134084280025220e+00  1.320298295407029e-01  1.134084280025220e+00  5.449716141812901e-04 
 1.138084280025220e+00  1.170734022332709e+00  1.138084280025220e+00  1.663497442049588e+00  1.138084280025220e+00  5.583136561048172e-01  1.138084280025220e+00  2.459920153073859e-01  1.138084280025220e+00  2.497463890605907e-03  1.138084280025220e+00  1.292447437070786e+00  1.138084280025220e+00  1.317221766796841e-01  1.138084280025220e+00  5.417544706215736e-04 
 1.142084280025220e+00  1.169927910906126e+00  1.142084280025220e+00  1.664307202069376e+00  1.142084280025220e+00  5.570411033555079e-01  1.142084280025220e+00  2.461367050234704e-01  1.142084280025220e+00  2.500663228012648e-03  1.142084280025220e+00  1.293581823297776e+00  1.142084280025220e+00  1.314138196722949e-01  1.142084280025220e+00  5.385406018700837e-04 
 1.146084280025220e+00  1.169122598641563e+00  1.146084280025220e+00  1.665116129089115e+00  1.146084280025220e+00  5.557692977348206e-01  1.146084280025220e+00  2.462812970297092e-01  1.146084280025220e+00  2.503859393663169e-03  1.146084280025220e+00  1.294714526255119e+00  1.146084280025220e+00  1.311047556025950e-01  1.146084280025220e+00  5.353300388971223e-04 
 1.150084280025220e+00  1.168318092613965e+00  1.150084280025220e+00  1.665924215186648e+00  1.150084280025220e+00  5.544982466108894e-01  1.150084280025220e+00  2.464257916161501e-01  1.150084280025220e+00  2.507052359478040e-03  1.150084280025220e+00  1.295845531125232e+00  1.150084280025220e+00  1.307949815625889e-01  1.150084280025220e+00  5.321228131505494e-04 
 1.154084280025220e+00  1.167514399997054e+00  1.154084280025220e+00  1.666731452414217e+00  1.154084280025220e+00  5.532279574401571e-01  1.154084280025220e+00  2.465701890672821e-01  1.154084280025220e+00  2.510242096985804e-03  1.154084280025220e+00  1.296974822953646e+00  1.154084280025220e+00  1.304844946166506e-01  1.154084280025220e+00  5.289189561800994e-04 
 1.158084280025220e+00  1.166711528012931e+00  1.158084280025220e+00  1.667537832665430e+00  1.158084280025220e+00  5.519584377335673e-01  1.158084280025220e+00  2.467144896701007e-01  1.158084280025220e+00  2.513428577523024e-03  1.158084280025220e+00  1.298102386584713e+00  1.158084280025220e+00  1.301732918513709e-01  1.158084280025220e+00  5.257185001652256e-04 
 1.162084280025220e+00  1.165909483978462e+00  1.162084280025220e+00  1.668343347790400e+00  1.162084280025220e+00  5.506896950881351e-01  1.162084280025220e+00  2.468586937069142e-01  1.162084280025220e+00  2.516611772050124e-03  1.162084280025220e+00  1.299228206713970e+00  1.162084280025220e+00  1.298613703322170e-01  1.162084280025220e+00  5.225214774582600e-04 
 1.166084280025220e+00  1.165108275290390e+00  1.166084280025220e+00  1.669147989553605e+00  1.166084280025220e+00  5.494217371771211e-01  1.166084280025220e+00  2.470028014578156e-01  1.166084280025220e+00  2.519791651210542e-03  1.166084280025220e+00  1.300352267866458e+00  1.166084280025220e+00  1.295487271192062e-01  1.166084280025220e+00  5.193279207515547e-04 
 1.170084280025220e+00  1.164307909413375e+00  1.170084280025220e+00  1.669951749599788e+00  1.170084280025220e+00  5.481545717421983e-01  1.170084280025220e+00  2.471468132026832e-01  1.170084280025220e+00  2.522968185378114e-03  1.170084280025220e+00  1.301474554379143e+00  1.170084280025220e+00  1.292353592798476e-01  1.170084280025220e+00  5.161378632128869e-04 
 1.174084280025220e+00  1.163508393893361e+00  1.174084280025220e+00  1.670754619484173e+00  1.174084280025220e+00  5.468882066027200e-01  1.174084280025220e+00  2.472907292192038e-01  1.174084280025220e+00  2.526141344604143e-03  1.174084280025220e+00  1.302595050413222e+00  1.174084280025220e+00  1.289212638776706e-01  1.174084280025220e+00  5.129513383655514e-04 
 1.178084280025220e+00  1.162709736370938e+00  1.178084280025220e+00  1.671556590701994e+00  1.178084280025220e+00  5.456226496649772e-01  1.178084280025220e+00  2.474345497808867e-01  1.178084280025220e+00  2.529311098564206e-03  1.178084280025220e+00  1.303713739965739e+00  1.178084280025220e+00  1.286064379607694e-01  1.178084280025220e+00  5.097683799711085e-04 
 1.182084280025220e+00  1.161911944559896e+00  1.182084280025220e+00  1.672357654630348e+00  1.182084280025220e+00  5.443579089079661e-01  1.182084280025220e+00  2.475782751605705e-01  1.182084280025220e+00  2.532477416643435e-03  1.182084280025220e+00  1.304830606840869e+00  1.182084280025220e+00  1.282908785839951e-01  1.182084280025220e+00  5.065890222601638e-04 
 1.186084280025220e+00  1.161115026260034e+00  1.186084280025220e+00  1.673157802556535e+00  1.186084280025220e+00  5.430939923922798e-01  1.186084280025220e+00  2.477219056285279e-01  1.186084280025220e+00  2.535640267885569e-03  1.186084280025220e+00  1.305945634661082e+00  1.186084280025220e+00  1.279745827980849e-01  1.186084280025220e+00  5.034132998199723e-04 
 1.190084280025220e+00  1.160318989347392e+00  1.190084280025220e+00  1.673957025649622e+00  1.190084280025220e+00  5.418309082537679e-01  1.190084280025220e+00  2.478654414541309e-01  1.190084280025220e+00  2.538799621031774e-03  1.190084280025220e+00  1.307058806852248e+00  1.190084280025220e+00  1.276575476606426e-01  1.190084280025220e+00  5.002412477072127e-04 
 1.194084280025220e+00  1.159523841801910e+00  1.194084280025220e+00  1.674755315025059e+00  1.194084280025220e+00  5.405686647224358e-01  1.194084280025220e+00  2.480088829016252e-01  1.194084280025220e+00  2.541955444410849e-03  1.194084280025220e+00  1.308170106670947e+00  1.194084280025220e+00  1.273397702110164e-01  1.194084280025220e+00  4.970729011915721e-04 
 1.198084280025220e+00  1.158729591671560e+00  1.198084280025220e+00  1.675552661651396e+00  1.198084280025220e+00  5.393072700985002e-01  1.198084280025220e+00  2.481522302359005e-01  1.198084280025220e+00  2.545107706081551e-03  1.198084280025220e+00  1.309279517160176e+00  1.198084280025220e+00  1.270212475065388e-01  1.198084280025220e+00  4.939082961259706e-04 
 1.202084280025220e+00  1.157936247100987e+00  1.202084280025220e+00  1.676349056417244e+00  1.202084280025220e+00  5.380467327719698e-01  1.202084280025220e+00  2.482954837181137e-01  1.202084280025220e+00  2.548256373719015e-03  1.202084280025220e+00  1.310387021177643e+00  1.202084280025220e+00  1.267019765964996e-01  1.202084280025220e+00  4.907474686808173e-04 
 1.206084280025220e+00  1.157143816330046e+00  1.206084280025220e+00  1.677144490123017e+00  1.206084280025220e+00  5.367870612218917e-01  1.206084280025220e+00  2.484386436060492e-01  1.206084280025220e+00  2.551401414620460e-03  1.206084280025220e+00  1.311492601389797e+00  1.206084280025220e+00  1.263819545252535e-01  1.206084280025220e+00  4.875904553767551e-04 
 1.210084280025220e+00  1.156352307679919e+00  1.210084280025220e+00  1.677938953442558e+00  1.210084280025220e+00  5.355282640072512e-01  1.210084280025220e+00  2.485817101564300e-01  1.210084280025220e+00  2.554542795760333e-03  1.210084280025220e+00  1.312596240252559e+00  1.210084280025220e+00  1.260611783473420e-01  1.210084280025220e+00  4.844372932369935e-04 
 1.214084280025220e+00  1.155561729569498e+00  1.214084280025220e+00  1.678732436958989e+00  1.214084280025220e+00  5.342703497782777e-01  1.214084280025220e+00  2.487246836224744e-01  1.214084280025220e+00  2.557680483725326e-03  1.214084280025220e+00  1.313697920025195e+00  1.214084280025220e+00  1.257396451134119e-01  1.214084280025220e+00  4.812880196450099e-04 
 1.218084280025220e+00  1.154772090506420e+00  1.218084280025220e+00  1.679524931138348e+00  1.218084280025220e+00  5.330133272706445e-01  1.218084280025220e+00  2.488675642554331e-01  1.218084280025220e+00  2.560814444749850e-03  1.218084280025220e+00  1.314797622756393e+00  1.218084280025220e+00  1.254173518806696e-01  1.218084280025220e+00  4.781426724491720e-04 
 1.222084280025220e+00  1.153983399097446e+00  1.222084280025220e+00  1.680316426350355e+00  1.222084280025220e+00  5.317572053127247e-01  1.222084280025220e+00  2.490103523030923e-01  1.222084280025220e+00  2.563944644674929e-03  1.222084280025220e+00  1.315895330291204e+00  1.222084280025220e+00  1.250942957046830e-01  1.222084280025220e+00  4.750012898803668e-04 
 1.226084280025220e+00  1.153195664046164e+00  1.226084280025220e+00  1.681106912858216e+00  1.226084280025220e+00  5.305019928242998e-01  1.226084280025220e+00  2.491530480102677e-01  1.226084280025220e+00  2.567071048957336e-03  1.226084280025220e+00  1.316991024264219e+00  1.226084280025220e+00  1.247704736434460e-01  1.226084280025220e+00  4.718639105924131e-04 
 1.230084280025220e+00  1.152408894140234e+00  1.230084280025220e+00  1.681896380783365e+00  1.230084280025220e+00  5.292476988082327e-01  1.230084280025220e+00  2.492956516209374e-01  1.230084280025220e+00  2.570193622720129e-03  1.230084280025220e+00  1.318084686081963e+00  1.230084280025220e+00  1.244458827716655e-01  1.230084280025220e+00  4.687305738020076e-04 
 1.234084280025220e+00  1.151623098274702e+00  1.234084280025220e+00  1.682684820157160e+00  1.234084280025220e+00  5.279943323664208e-01  1.234084280025220e+00  2.494381633747154e-01  1.234084280025220e+00  2.573312330660181e-03  1.234084280025220e+00  1.319176296943136e+00  1.234084280025220e+00  1.241205201601254e-01  1.234084280025220e+00  4.656013190835868e-04 
 1.238084280025220e+00  1.150838285456594e+00  1.238084280025220e+00  1.683472220926730e+00  1.238084280025220e+00  5.267419027031410e-01  1.238084280025220e+00  2.495805835062633e-01  1.238084280025220e+00  2.576427137029952e-03  1.238084280025220e+00  1.320265837838494e+00  1.238084280025220e+00  1.237943828732329e-01  1.238084280025220e+00  4.624761863460947e-04 
 1.242084280025220e+00  1.150054464767293e+00  1.242084280025220e+00  1.684258572860513e+00  1.242084280025220e+00  5.254904190999989e-01  1.242084280025220e+00  2.497229122513326e-01  1.242084280025220e+00  2.579538005786754e-03  1.242084280025220e+00  1.321353289507829e+00  1.242084280025220e+00  1.234674680074820e-01  1.242084280025220e+00  4.593552162078747e-04 
 1.246084280025220e+00  1.149271645414766e+00  1.246084280025220e+00  1.685043865668039e+00  1.246084280025220e+00  5.242398909513282e-01  1.246084280025220e+00  2.498651498386968e-01  1.246084280025220e+00  2.582644900385520e-03  1.246084280025220e+00  1.322438632489002e+00  1.246084280025220e+00  1.231397726429633e-01  1.246084280025220e+00  4.562384495213211e-04 
 1.250084280025220e+00  1.148489836694817e+00  1.250084280025220e+00  1.685828088902864e+00  1.250084280025220e+00  5.229903277383821e-01  1.250084280025220e+00  2.500072964963731e-01  1.250084280025220e+00  2.585747783932577e-03  1.250084280025220e+00  1.323521847073828e+00  1.250084280025220e+00  1.228112938829983e-01  1.250084280025220e+00  4.531259277580388e-04 
 1.254084280025220e+00  1.147709048016166e+00  1.254084280025220e+00  1.686611232017158e+00  1.254084280025220e+00  5.217417390464679e-01  1.254084280025220e+00  2.501493524478168e-01  1.254084280025220e+00  2.588846619086112e-03  1.254084280025220e+00  1.324602913328873e+00  1.254084280025220e+00  1.224820288320465e-01  1.254084280025220e+00  4.500176927922696e-04 
 1.258084280025220e+00  1.146929288888473e+00  1.258084280025220e+00  1.687393284328509e+00  1.258084280025220e+00  5.204941345571540e-01  1.258084280025220e+00  2.502913179139383e-01  1.258084280025220e+00  2.591941368103685e-03  1.258084280025220e+00  1.325681811078788e+00  1.258084280025220e+00  1.221519746095018e-01  1.258084280025220e+00  4.469137870326183e-04 
 1.262084280025220e+00  1.146150568932488e+00  1.262084280025220e+00  1.688174235038769e+00  1.262084280025220e+00  5.192475240553518e-01  1.262084280025220e+00  2.504331931116438e-01  1.262084280025220e+00  2.595031992801940e-03  1.262084280025220e+00  1.326758519911645e+00  1.262084280025220e+00  1.218211283421419e-01  1.262084280025220e+00  4.438142533472272e-04 
 1.266084280025220e+00  1.145372897884993e+00  1.266084280025220e+00  1.688954073240410e+00  1.266084280025220e+00  5.180019174328999e-01  1.266084280025220e+00  2.505749782531987e-01  1.266084280025220e+00  2.598118454537044e-03  1.266084280025220e+00  1.327833019178819e+00  1.266084280025220e+00  1.214894871616289e-01  1.266084280025220e+00  4.407191350385857e-04 
 1.270084280025220e+00  1.144596285579725e+00  1.270084280025220e+00  1.689732787867007e+00  1.270084280025220e+00  5.167573246760083e-01  1.270084280025220e+00  2.507166735493527e-01  1.270084280025220e+00  2.601200714280352e-03  1.270084280025220e+00  1.328905287971742e+00  1.270084280025220e+00  1.211570482253957e-01  1.270084280025220e+00  4.376284760400392e-04 
 1.274084280025220e+00  1.143820741976078e+00  1.274084280025220e+00  1.690510367754807e+00  1.274084280025220e+00  5.155137558848019e-01  1.274084280025220e+00  2.508582792049737e-01  1.274084280025220e+00  2.604278732504467e-03  1.274084280025220e+00  1.329975305144660e+00  1.274084280025220e+00  1.208238086912267e-01  1.274084280025220e+00  4.345423206714290e-04 
 1.278084280025220e+00  1.143046277131749e+00  1.278084280025220e+00  1.691286801574272e+00  1.278084280025220e+00  5.142712212552033e-01  1.278084280025220e+00  2.509997954234767e-01  1.278084280025220e+00  2.607352469291906e-03  1.278084280025220e+00  1.331043049283678e+00  1.278084280025220e+00  1.204897657462369e-01  1.278084280025220e+00  4.314607139107978e-04 
 1.282084280025220e+00  1.142272901231817e+00  1.282084280025220e+00  1.692062077891857e+00  1.282084280025220e+00  5.130297310987306e-01  1.282084280025220e+00  2.511412224023931e-01  1.282084280025220e+00  2.610421884219569e-03  1.282084280025220e+00  1.332108498729268e+00  1.282084280025220e+00  1.201549165812347e-01  1.282084280025220e+00  4.283837011491933e-04 
 1.286084280025220e+00  1.141500624577525e+00  1.286084280025220e+00  1.692836185138733e+00  1.286084280025220e+00  5.117892958352147e-01  1.286084280025220e+00  2.512825603352694e-01  1.286084280025220e+00  2.613486936403338e-03  1.286084280025220e+00  1.333171631560495e+00  1.286084280025220e+00  1.198192584041502e-01  1.286084280025220e+00  4.253113283148165e-04 
 1.290084280025220e+00  1.140729457586701e+00  1.290084280025220e+00  1.693609111606399e+00  1.290084280025220e+00  5.105499259933356e-01  1.290084280025220e+00  2.514238094117359e-01  1.290084280025220e+00  2.616547584496417e-03  1.290084280025220e+00  1.334232425590347e+00  1.290084280025220e+00  1.194827884422735e-01  1.290084280025220e+00  4.222436418904017e-04 
 1.294084280025220e+00  1.139959410796948e+00  1.294084280025220e+00  1.694380845448562e+00  1.294084280025220e+00  5.093116322130359e-01  1.294084280025220e+00  2.515649698171380e-01  1.294084280025220e+00  2.619603786676578e-03  1.294084280025220e+00  1.335290858363544e+00  1.294084280025220e+00  1.191455039418619e-01  1.294084280025220e+00  4.191806889057914e-04 
 1.298084280025220e+00  1.139190494864427e+00  1.298084280025220e+00  1.695151374672964e+00  1.298084280025220e+00  5.080744252449477e-01  1.298084280025220e+00  2.517060417328648e-01  1.298084280025220e+00  2.622655500651110e-03  1.298084280025220e+00  1.336346907150296e+00  1.298084280025220e+00  1.188074021720722e-01  1.298084280025220e+00  4.161225169703538e-04 
 1.302084280025220e+00  1.138422720570979e+00  1.302084280025220e+00  1.695920687152010e+00  1.302084280025220e+00  5.068383159554254e-01  1.302084280025220e+00  2.518470253353640e-01  1.302084280025220e+00  2.625702683628477e-03  1.302084280025220e+00  1.337400548947471e+00  1.302084280025220e+00  1.184684804208478e-01  1.302084280025220e+00  4.130691742308161e-04 
 1.306084280025220e+00  1.137656098819921e+00  1.306084280025220e+00  1.696688770607627e+00  1.306084280025220e+00  5.056033153239853e-01  1.306084280025220e+00  2.519879207969347e-01  1.306084280025220e+00  2.628745292335023e-03  1.306084280025220e+00  1.338451760469505e+00  1.306084280025220e+00  1.181287360019146e-01  1.306084280025220e+00  4.100207094313253e-04 
 1.310084280025220e+00  1.136890640654431e+00  1.310084280025220e+00  1.697455612646746e+00  1.310084280025220e+00  5.043694344558681e-01  1.310084280025220e+00  2.521287282829750e-01  1.310084280025220e+00  2.631783282941994e-03  1.310084280025220e+00  1.339500518159033e+00  1.310084280025220e+00  1.177881662398386e-01  1.310084280025220e+00  4.069771717726559e-04 
 1.314084280025220e+00  1.136126357225514e+00  1.314084280025220e+00  1.698221200684116e+00  1.314084280025220e+00  5.031366845608289e-01  1.314084280025220e+00  2.522694479571399e-01  1.314084280025220e+00  2.634816611192676e-03  1.314084280025220e+00  1.340546798153669e+00  1.314084280025220e+00  1.174467685041459e-01  1.314084280025220e+00  4.039386112185352e-04 
 1.318084280025220e+00  1.135363259836788e+00  1.318084280025220e+00  1.698985522036200e+00  1.318084280025220e+00  5.019050769833853e-01  1.318084280025220e+00  2.524100799744482e-01  1.318084280025220e+00  2.637845232224722e-03  1.318084280025220e+00  1.341590576319094e+00  1.318084280025220e+00  1.171045401689162e-01  1.318084280025220e+00  4.009050781229682e-04 
 1.322084280025220e+00  1.134601359898244e+00  1.322084280025220e+00  1.699748563812959e+00  1.322084280025220e+00  5.006746231720853e-01  1.322084280025220e+00  2.525506244886615e-01  1.322084280025220e+00  2.640869100753523e-03  1.322084280025220e+00  1.342631828204138e+00  1.322084280025220e+00  1.167614786607998e-01  1.322084280025220e+00  3.978766236597864e-04 
 1.326084280025220e+00  1.133840668970084e+00  1.326084280025220e+00  1.700510313008910e+00  1.326084280025220e+00  4.994453347091145e-01  1.326084280025220e+00  2.526910816455407e-01  1.326084280025220e+00  2.643888170898349e-03  1.326084280025220e+00  1.343670529072343e+00  1.326084280025220e+00  1.164175814196857e-01  1.326084280025220e+00  3.948532994611470e-04 
 1.330084280025220e+00  1.133081198749269e+00  1.330084280025220e+00  1.701270756467286e+00  1.330084280025220e+00  4.982172233015116e-01  1.330084280025220e+00  2.528314515850804e-01  1.330084280025220e+00  2.646902396235710e-03  1.330084280025220e+00  1.344706653884675e+00  1.330084280025220e+00  1.160728459150254e-01  1.330084280025220e+00  3.918351577598865e-04 
 1.334084280025220e+00  1.132322961058161e+00  1.334084280025220e+00  1.702029880849414e+00  1.334084280025220e+00  4.969903007738075e-01  1.334084280025220e+00  2.529717344434184e-01  1.334084280025220e+00  2.649911729844362e-03  1.334084280025220e+00  1.345740177284679e+00  1.334084280025220e+00  1.157272696602119e-01  1.334084280025220e+00  3.888222515109714e-04 
 1.338084280025220e+00  1.131565967863339e+00  1.338084280025220e+00  1.702787672669874e+00  1.338084280025220e+00  4.957645790808484e-01  1.338084280025220e+00  2.531119303500090e-01  1.338084280025220e+00  2.652916124230726e-03  1.338084280025220e+00  1.346771073608202e+00  1.338084280025220e+00  1.153808501977448e-01  1.338084280025220e+00  3.858146342520084e-04 
 1.342084280025220e+00  1.130810231275296e+00  1.342084280025220e+00  1.703544118289559e+00  1.342084280025220e+00  4.945400703078137e-01  1.342084280025220e+00  2.532520394277912e-01  1.342084280025220e+00  2.655915531330036e-03  1.342084280025220e+00  1.347799316877113e+00  1.342084280025220e+00  1.150335851030279e-01  1.342084280025220e+00  3.828123601307279e-04 
 1.346084280025220e+00  1.130055763548188e+00  1.346084280025220e+00  1.704299203908976e+00  1.346084280025220e+00  4.933167866702656e-01  1.346084280025220e+00  2.533920617933532e-01  1.346084280025220e+00  2.658909902507369e-03  1.346084280025220e+00  1.348824880793155e+00  1.346084280025220e+00  1.146854719881761e-01  1.346084280025220e+00  3.798154839316410e-04 
 1.350084280025220e+00  1.129302577071828e+00  1.350084280025220e+00  1.705052915544986e+00  1.350084280025220e+00  4.920947405090172e-01  1.350084280025220e+00  2.535319975583050e-01  1.350084280025220e+00  2.661899188589385e-03  1.350084280025220e+00  1.349847738725879e+00  1.350084280025220e+00  1.143365085134590e-01  1.350084280025220e+00  3.768240611683032e-04 
 1.354084280025220e+00  1.128550684382516e+00  1.354084280025220e+00  1.705805239048047e+00  1.354084280025220e+00  4.908739442975899e-01  1.354084280025220e+00  2.536718468276973e-01  1.354084280025220e+00  2.664883339821338e-03  1.354084280025220e+00  1.350867863715309e+00  1.354084280025220e+00  1.139866923805056e-01  1.354084280025220e+00  3.738381480148537e-04 
 1.358084280025220e+00  1.127800098171889e+00  1.358084280025220e+00  1.706556160114663e+00  1.358084280025220e+00  4.896544106483220e-01  1.358084280025220e+00  2.538116096987494e-01  1.358084280025220e+00  2.667862305832016e-03  1.358084280025220e+00  1.351885228472519e+00  1.358084280025220e+00  1.136360213275487e-01  1.358084280025220e+00  3.708578012566905e-04 
 1.362084280025220e+00  1.127050831275642e+00  1.362084280025220e+00  1.707305664257085e+00  1.362084280025220e+00  4.884361523050395e-01  1.362084280025220e+00  2.539512862627296e-01  1.362084280025220e+00  2.670836035678411e-03  1.362084280025220e+00  1.352899805364978e+00  1.362084280025220e+00  1.132844931442750e-01  1.362084280025220e+00  3.678830784106333e-04 
 1.366084280025220e+00  1.126302896691496e+00  1.366084280025220e+00  1.708053736834882e+00  1.366084280025220e+00  4.872191821552364e-01  1.366084280025220e+00  2.540908766022471e-01  1.366084280025220e+00  2.673804477774511e-03  1.366084280025220e+00  1.353911566423761e+00  1.366084280025220e+00  1.129321056583823e-01  1.366084280025220e+00  3.649140375996651e-04 
 1.370084280025220e+00  1.125556307559487e+00  1.370084280025220e+00  1.708800363007139e+00  1.370084280025220e+00  4.860035132171240e-01  1.370084280025220e+00  2.542303807944533e-01  1.370084280025220e+00  2.676767579969416e-03  1.370084280025220e+00  1.354920483322880e+00  1.370084280025220e+00  1.125788567587631e-01  1.370084280025220e+00  3.619507377426117e-04 
 1.374084280025220e+00  1.124811077174255e+00  1.374084280025220e+00  1.709545527752095e+00  1.374084280025220e+00  4.847891586480013e-01  1.374084280025220e+00  2.543697989092203e-01  1.374084280025220e+00  2.679725289498694e-03  1.374084280025220e+00  1.355926527382333e+00  1.374084280025220e+00  1.122247443877565e-01  1.374084280025220e+00  3.589932384762671e-04 
 1.378084280025220e+00  1.124067218998201e+00  1.378084280025220e+00  1.710289215887864e+00  1.378084280025220e+00  4.835761317532065e-01  1.378084280025220e+00  2.545091310071720e-01  1.378084280025220e+00  2.682677552932047e-03  1.378084280025220e+00  1.356929669571034e+00  1.378084280025220e+00  1.118697665326609e-01  1.378084280025220e+00  3.560416000730517e-04 
 1.382084280025220e+00  1.123324746646961e+00  1.382084280025220e+00  1.711031412035788e+00  1.382084280025220e+00  4.823644459765899e-01  1.382084280025220e+00  2.546483771420675e-01  1.382084280025220e+00  2.685624316231023e-03  1.382084280025220e+00  1.357929880490179e+00  1.382084280025220e+00  1.115139212441491e-01  1.382084280025220e+00  3.530958835865404e-04 
 1.386084280025220e+00  1.122583673898046e+00  1.386084280025220e+00  1.711772100631898e+00  1.386084280025220e+00  4.811541149064430e-01  1.386084280025220e+00  2.547875373595380e-01  1.386084280025220e+00  2.688565524714719e-03  1.386084280025220e+00  1.358927130373074e+00  1.386084280025220e+00  1.111572066323396e-01  1.386084280025220e+00  3.501561508059223e-04 
 1.390084280025220e+00  1.121844014697213e+00  1.390084280025220e+00  1.712511265933308e+00  1.390084280025220e+00  4.799451522798780e-01  1.390084280025220e+00  2.549266116961760e-01  1.390084280025220e+00  2.691501123034465e-03  1.390084280025220e+00  1.359921389082984e+00  1.390084280025220e+00  1.107996208651872e-01  1.390084280025220e+00  3.472224642306304e-04 
 1.394084280025220e+00  1.121105783150323e+00  1.394084280025220e+00  1.713248891995051e+00  1.394084280025220e+00  4.787375719775552e-01  1.394084280025220e+00  2.550656001809066e-01  1.394084280025220e+00  2.694431055206197e-03  1.394084280025220e+00  1.360912626101249e+00  1.394084280025220e+00  1.104411621809957e-01  1.394084280025220e+00  3.442948871623053e-04 
 1.398084280025220e+00  1.120368993530015e+00  1.398084280025220e+00  1.713984962677209e+00  1.398084280025220e+00  4.775313880282466e-01  1.398084280025220e+00  2.552045028340180e-01  1.398084280025220e+00  2.697355264583889e-03  1.398084280025220e+00  1.361900810525421e+00  1.398084280025220e+00  1.100818288866897e-01  1.398084280025220e+00  3.413734836764191e-04 
 1.402084280025220e+00  1.119633660295790e+00  1.402084280025220e+00  1.714719461678526e+00  1.402084280025220e+00  4.763266146223281e-01  1.402084280025220e+00  2.553433196640842e-01  1.402084280025220e+00  2.700273693779949e-03  1.402084280025220e+00  1.362885911075536e+00  1.402084280025220e+00  1.097216193432574e-01  1.402084280025220e+00  3.384583184889394e-04 
 1.406084280025220e+00  1.118899798059124e+00  1.406084280025220e+00  1.715452372459569e+00  1.406084280025220e+00  4.751232660886678e-01  1.406084280025220e+00  2.554820506735256e-01  1.406084280025220e+00  2.703186284803540e-03  1.406084280025220e+00  1.363867896065117e+00  1.406084280025220e+00  1.093605320044226e-01  1.406084280025220e+00  3.355494572612247e-04 
 1.410084280025220e+00  1.118167421610531e+00  1.410084280025220e+00  1.716183678290647e+00  1.410084280025220e+00  4.739213569127335e-01  1.410084280025220e+00  2.556206958544258e-01  1.410084280025220e+00  2.706092978953332e-03  1.410084280025220e+00  1.364846733412176e+00  1.410084280025220e+00  1.089985653955440e-01  1.410084280025220e+00  3.326469664098945e-04 
 1.414084280025220e+00  1.117436545921139e+00  1.414084280025220e+00  1.716913362248033e+00  1.414084280025220e+00  4.727209017377167e-01  1.414084280025220e+00  2.557592551883434e-01  1.414084280025220e+00  2.708993716811104e-03  1.414084280025220e+00  1.365822390633364e+00  1.414084280025220e+00  1.086357181172530e-01  1.414084280025220e+00  3.297509131217624e-04 
 1.418084280025220e+00  1.116707186141972e+00  1.418084280025220e+00  1.717641407205680e+00  1.418084280025220e+00  4.715219153641309e-01  1.418084280025220e+00  2.558977286464865e-01  1.418084280025220e+00  2.711888438244685e-03  1.418084280025220e+00  1.366794834836732e+00  1.418084280025220e+00  1.082719888514337e-01  1.418084280025220e+00  3.268613653867470e-04 
 1.422084280025220e+00  1.115979357603395e+00  1.422084280025220e+00  1.718367795827339e+00  1.422084280025220e+00  4.703244127494904e-01  1.422084280025220e+00  2.560361161898525e-01  1.422084280025220e+00  2.714777082410102e-03  1.422084280025220e+00  1.367764032714707e+00  1.422084280025220e+00  1.079073763671725e-01  1.422084280025220e+00  3.239783920291268e-04 
 1.426084280025220e+00  1.115253075808455e+00  1.426084280025220e+00  1.719092510547057e+00  1.426084280025220e+00  4.691284090039529e-01  1.426084280025220e+00  2.561744177703300e-01  1.426084280025220e+00  2.717659587778067e-03  1.426084280025220e+00  1.368729950533744e+00  1.426084280025220e+00  1.075418795326687e-01  1.426084280025220e+00  3.211020627849464e-04 
 1.430084280025220e+00  1.114528356464083e+00  1.430084280025220e+00  1.719815533623135e+00  1.430084280025220e+00  4.679339194110345e-01  1.430084280025220e+00  2.563126333258162e-01  1.430084280025220e+00  2.720535892010072e-03  1.430084280025220e+00  1.369692554145567e+00  1.430084280025220e+00  1.071754972907717e-01  1.430084280025220e+00  3.182324480878322e-04 
 1.434084280025220e+00  1.113805215449738e+00  1.434084280025220e+00  1.720536847070316e+00  1.434084280025220e+00  4.667409594068433e-01  1.434084280025220e+00  2.564507627852010e-01  1.434084280025220e+00  2.723405932082893e-03  1.434084280025220e+00  1.370651808962355e+00  1.434084280025220e+00  1.068082286949823e-01  1.434084280025220e+00  3.153696193381619e-04 
 1.438084280025220e+00  1.113083668839810e+00  1.438084280025220e+00  1.721256432696568e+00  1.438084280025220e+00  4.655495445949116e-01  1.438084280025220e+00  2.565888060648595e-01  1.438084280025220e+00  2.726269644199635e-03  1.438084280025220e+00  1.371607679962803e+00  1.438084280025220e+00  1.064400728937123e-01  1.438084280025220e+00  3.125136487570390e-04 
 1.442084280025220e+00  1.112363732894000e+00  1.442084280025220e+00  1.721974272077835e+00  1.442084280025220e+00  4.643596907398234e-01  1.442084280025220e+00  2.567267630701925e-01  1.442084280025220e+00  2.729126963827940e-03  1.442084280025220e+00  1.372560131680068e+00  1.442084280025220e+00  1.060710291455543e-01  1.442084280025220e+00  3.096646094865089e-04 
 1.446084280025220e+00  1.111645424079174e+00  1.446084280025220e+00  1.722690346592838e+00  1.446084280025220e+00  4.631714137816428e-01  1.446084280025220e+00  2.568646336921913e-01  1.446084280025220e+00  2.731977825613279e-03  1.446084280025220e+00  1.373509128206577e+00  1.446084280025220e+00  1.057010968043996e-01  1.446084280025220e+00  3.068225754514210e-04 
 1.450084280025220e+00  1.110928759046453e+00  1.450084280025220e+00  1.723404637372823e+00  1.450084280025220e+00  4.619847298206810e-01  1.450084280025220e+00  2.570024178110560e-01  1.450084280025220e+00  2.734822163469754e-03  1.450084280025220e+00  1.374454633175073e+00  1.450084280025220e+00  1.053302753476861e-01  1.450084280025220e+00  3.039876215588549e-04 
 1.454084280025220e+00  1.110213754648028e+00  1.454084280025220e+00  1.724117125326753e+00  1.454084280025220e+00  4.607996551285659e-01  1.454084280025220e+00  2.571401152935441e-01  1.454084280025220e+00  2.737659910513551e-03  1.454084280025220e+00  1.375396609760753e+00  1.454084280025220e+00  1.049585643666665e-01  1.454084280025220e+00  3.011598235981718e-04 
 1.458084280025220e+00  1.109500427940194e+00  1.458084280025220e+00  1.724827791140169e+00  1.458084280025220e+00  4.596162061501451e-01  1.458084280025220e+00  2.572777259924740e-01  1.458084280025220e+00  2.740490999050716e-03  1.458084280025220e+00  1.376335020675826e+00  1.458084280025220e+00  1.045859635699985e-01  1.458084280025220e+00  2.983392582454709e-04 
 1.462084280025220e+00  1.108788796180508e+00  1.462084280025220e+00  1.725536615263122e+00  1.462084280025220e+00  4.584343995014888e-01  1.462084280025220e+00  2.574152497471569e-01  1.462084280025220e+00  2.743315360588559e-03  1.462084280025220e+00  1.377269828161236e+00  1.462084280025220e+00  1.042124727931470e-01  1.462084280025220e+00  2.955260031115111e-04 
 1.466084280025220e+00  1.108078876827256e+00  1.466084280025220e+00  1.726243577902692e+00  1.466084280025220e+00  4.572542519694079e-01  1.466084280025220e+00  2.575526863834506e-01  1.466084280025220e+00  2.746132925837728e-03  1.466084280025220e+00  1.378200993979753e+00  1.466084280025220e+00  1.038380920056719e-01  1.466084280025220e+00  2.927201367713586e-04 
 1.470084280025220e+00  1.107370687545270e+00  1.470084280025220e+00  1.726948659027210e+00  1.470084280025220e+00  4.560757805151309e-01  1.470084280025220e+00  2.576900357128009e-01  1.470084280025220e+00  2.748943624689104e-03  1.470084280025220e+00  1.379128479412082e+00  1.470084280025220e+00  1.034628213126101e-01  1.470084280025220e+00  2.899217387476828e-04 
 1.474084280025220e+00  1.106664246218946e+00  1.474084280025220e+00  1.727651838383367e+00  1.474084280025220e+00  4.548990022827114e-01  1.474084280025220e+00  2.578272975301288e-01  1.474084280025220e+00  2.751747386162150e-03  1.474084280025220e+00  1.380052245255863e+00  1.474084280025220e+00  1.030866609490802e-01  1.474084280025220e+00  2.871308894427717e-04 
 1.478084280025220e+00  1.105959570937749e+00  1.478084280025220e+00  1.728353095463070e+00  1.478084280025220e+00  4.537239345892478e-01  1.478084280025220e+00  2.579644716160665e-01  1.478084280025220e+00  2.754544138462455e-03  1.478084280025220e+00  1.380972251812243e+00  1.478084280025220e+00  1.027096113014211e-01  1.478084280025220e+00  2.843476702701042e-04 
 1.482084280025220e+00  1.105256679997296e+00  1.482084280025220e+00  1.729052409499327e+00  1.482084280025220e+00  4.525505949253759e-01  1.482084280025220e+00  2.581015577367133e-01  1.482084280025220e+00  2.757333808977391e-03  1.482084280025220e+00  1.381888458880017e+00  1.482084280025220e+00  1.023316729134997e-01  1.482084280025220e+00  2.815721636706682e-04 
 1.486084280025220e+00  1.104555591922039e+00  1.486084280025220e+00  1.729749759500616e+00  1.486084280025220e+00  4.513790009699435e-01  1.486084280025220e+00  2.582385556399586e-01  1.486084280025220e+00  2.760116324186152e-03  1.486084280025220e+00  1.382800825758565e+00  1.486084280025220e+00  1.019528464725761e-01  1.486084280025220e+00  2.788044529765453e-04 
 1.490084280025220e+00  1.103856325449835e+00  1.490084280025220e+00  1.730445124216644e+00  1.490084280025220e+00  4.502091705795560e-01  1.490084280025220e+00  2.583754650578312e-01  1.490084280025220e+00  2.762891609720959e-03  1.490084280025220e+00  1.383709311234485e+00  1.490084280025220e+00  1.015731328317282e-01  1.490084280025220e+00  2.760446225467736e-04 
 1.494084280025220e+00  1.103158899523992e+00  1.494084280025220e+00  1.731138482118364e+00  1.494084280025220e+00  4.490411217830282e-01  1.494084280025220e+00  2.585122857076553e-01  1.494084280025220e+00  2.765659590398603e-03  1.494084280025220e+00  1.384613873572266e+00  1.494084280025220e+00  1.011925330252712e-01  1.494084280025220e+00  2.732927578466654e-04 
 1.498084280025220e+00  1.102463333342842e+00  1.498084280025220e+00  1.731829811479200e+00  1.498084280025220e+00  4.478748728136495e-01  1.498084280025220e+00  2.586490172840559e-01  1.498084280025220e+00  2.768420190023734e-03  1.498084280025220e+00  1.385514470526930e+00  1.498084280025220e+00  1.008110482295081e-01  1.498084280025220e+00  2.705489451254500e-04 
 1.502084280025220e+00  1.101769646294598e+00  1.502084280025220e+00  1.732519090254225e+00  1.502084280025220e+00  4.467104420659351e-01  1.502084280025220e+00  2.587856594691736e-01  1.502084280025220e+00  2.771173331647394e-03  1.502084280025220e+00  1.386411059312418e+00  1.502084280025220e+00  1.004286798329355e-01  1.502084280025220e+00  2.678132718957054e-04 
 1.506084280025220e+00  1.101077858013382e+00  1.506084280025220e+00  1.733206296172660e+00  1.506084280025220e+00  4.455478481320763e-01  1.506084280025220e+00  2.589222119236111e-01  1.506084280025220e+00  2.773918937344632e-03  1.506084280025220e+00  1.387303596616591e+00  1.506084280025220e+00  1.000454293912180e-01  1.506084280025220e+00  2.650858265663488e-04 
 1.510084280025220e+00  1.100387988354136e+00  1.510084280025220e+00  1.733891406687998e+00  1.510084280025220e+00  4.443871097849864e-01  1.510084280025220e+00  2.590586742902590e-01  1.510084280025220e+00  2.776656928314144e-03  1.510084280025220e+00  1.388192038585399e+00  1.510084280025220e+00  9.966129865954364e-02  1.510084280025220e+00  2.623666986404578e-04 
 1.514084280025220e+00  1.099700057404014e+00  1.514084280025220e+00  1.734574398992089e+00  1.514084280025220e+00  4.432282459852973e-01  1.514084280025220e+00  2.591950461923023e-01  1.514084280025220e+00  2.779387224832943e-03  1.514084280025220e+00  1.389076340820779e+00  1.514084280025220e+00  9.927628959044052e-02  1.514084280025220e+00  2.596559786594205e-04 
 1.518084280025220e+00  1.099014085487785e+00  1.518084280025220e+00  1.735255250018587e+00  1.518084280025220e+00  4.420712758843811e-01  1.518084280025220e+00  2.593313272321674e-01  1.518084280025220e+00  2.782109746235042e-03  1.518084280025220e+00  1.389956458376110e+00  1.518084280025220e+00  9.889040433747623e-02  1.518084280025220e+00  2.569537581892307e-04 
 1.522084280025220e+00  1.098330093158853e+00  1.522084280025220e+00  1.735933936422139e+00  1.522084280025220e+00  4.409162188178936e-01  1.522084280025220e+00  2.594675169927363e-01  1.522084280025220e+00  2.784824410946989e-03  1.522084280025220e+00  1.390832345747172e+00  1.522084280025220e+00  9.850364527274919e-02  1.522084280025220e+00  2.542601299030865e-04 
 1.526084280025220e+00  1.097648101203368e+00  1.526084280025220e+00  1.736610434580215e+00  1.526084280025220e+00  4.397630943078874e-01  1.526084280025220e+00  2.596036150364701e-01  1.526084280025220e+00  2.787531136471643e-03  1.526084280025220e+00  1.391703956867727e+00  1.526084280025220e+00  9.811601499213631e-02  1.526084280025220e+00  2.515751875740548e-04 
 1.530084280025220e+00  1.096968130653483e+00  1.530084280025220e+00  1.737284720610155e+00  1.530084280025220e+00  4.386119220708415e-01  1.530084280025220e+00  2.597396209030433e-01  1.530084280025220e+00  2.790229839335472e-03  1.530084280025220e+00  1.392571245107581e+00  1.530084280025220e+00  9.772751631207063e-02  1.530084280025220e+00  2.488990260074643e-04 
 1.534084280025220e+00  1.096290202772861e+00  1.534084280025220e+00  1.737956770339883e+00  1.534084280025220e+00  4.374627220074915e-01  1.534084280025220e+00  2.598755341113938e-01  1.534084280025220e+00  2.792920435146135e-03  1.534084280025220e+00  1.393434163262580e+00  1.534084280025220e+00  9.733815229273926e-02  1.534084280025220e+00  2.462317411570964e-04 
 1.538084280025220e+00  1.095614339078422e+00  1.538084280025220e+00  1.738626559339069e+00  1.538084280025220e+00  4.363155142163314e-01  1.538084280025220e+00  2.600113541559662e-01  1.538084280025220e+00  2.795602838506133e-03  1.538084280025220e+00  1.394292663555039e+00  1.538084280025220e+00  9.694792622725554e-02  1.538084280025220e+00  2.435734300014825e-04 
 1.542084280025220e+00  1.094940561313946e+00  1.542084280025220e+00  1.739294062871135e+00  1.542084280025220e+00  4.351703189755850e-01  1.542084280025220e+00  2.601470805106295e-01  1.542084280025220e+00  2.798276963117650e-03  1.542084280025220e+00  1.395146697621304e+00  1.542084280025220e+00  9.655684167632218e-02  1.542084280025220e+00  2.409241907343791e-04 
 1.546084280025220e+00  1.094268891475657e+00  1.546084280025220e+00  1.739959255930893e+00  1.546084280025220e+00  4.340271567591077e-01  1.546084280025220e+00  2.602827126242618e-01  1.546084280025220e+00  2.800942721680888e-03  1.546084280025220e+00  1.395996216513299e+00  1.546084280025220e+00  9.616490245419784e-02  1.546084280025220e+00  2.382841226153784e-04 
 1.550084280025220e+00  1.093599351811069e+00  1.550084280025220e+00  1.740622113238152e+00  1.550084280025220e+00  4.328860482347632e-01  1.550084280025220e+00  2.604182499205902e-01  1.550084280025220e+00  2.803600025898730e-03  1.550084280025220e+00  1.396841170692765e+00  1.550084280025220e+00  9.577211263997888e-02  1.550084280025220e+00  2.356533259952582e-04 
 1.554084280025220e+00  1.092931964809343e+00  1.554084280025220e+00  1.741282609218152e+00  1.554084280025220e+00  4.317470142572090e-01  1.554084280025220e+00  2.605536917993698e-01  1.554084280025220e+00  2.806248786515027e-03  1.554084280025220e+00  1.397681510024071e+00  1.554084280025220e+00  9.537847659704060e-02  1.554084280025220e+00  2.330319023936276e-04 
 1.558084280025220e+00  1.092266753207816e+00  1.558084280025220e+00  1.741940718008538e+00  1.558084280025220e+00  4.306100758711905e-01  1.558084280025220e+00  2.606890376349526e-01  1.558084280025220e+00  2.808888913288650e-03  1.558084280025220e+00  1.398517183771149e+00  1.558084280025220e+00  9.498399897742373e-02  1.558084280025220e+00  2.304199544712157e-04 
 1.562084280025220e+00  1.091603740000121e+00  1.562084280025220e+00  1.742596413468667e+00  1.562084280025220e+00  4.294752543158176e-01  1.562084280025220e+00  2.608242867745704e-01  1.562084280025220e+00  2.811520314961239e-03  1.562084280025220e+00  1.399348140594515e+00  1.562084280025220e+00  9.458868472498630e-02  1.562084280025220e+00  2.278175859929292e-04 
 1.566084280025220e+00  1.090942948416262e+00  1.566084280025220e+00  1.743249669145197e+00  1.566084280025220e+00  4.283425710105108e-01  1.566084280025220e+00  2.609594385411055e-01  1.566084280025220e+00  2.814142899336351e-03  1.566084280025220e+00  1.400174328543286e+00  1.566084280025220e+00  9.419253910489066e-02  1.566084280025220e+00  2.252249019644066e-04 
 1.570084280025220e+00  1.090284401961873e+00  1.570084280025220e+00  1.743900458330608e+00  1.570084280025220e+00  4.272120475794263e-01  1.570084280025220e+00  2.610944922263211e-01  1.570084280025220e+00  2.816756573123577e-03  1.570084280025220e+00  1.400995695058212e+00  1.570084280025220e+00  9.379556767805956e-02  1.570084280025220e+00  2.226420083997435e-04 
 1.574084280025220e+00  1.089628124368298e+00  1.574084280025220e+00  1.744548753982986e+00  1.574084280025220e+00  4.260837058177908e-01  1.574084280025220e+00  2.612294470984062e-01  1.574084280025220e+00  2.819361242136722e-03  1.574084280025220e+00  1.401812186959281e+00  1.574084280025220e+00  9.339777635893041e-02  1.574084280025220e+00  2.200690126398111e-04 
 1.578084280025220e+00  1.088974139646930e+00  1.578084280025220e+00  1.745194528807896e+00  1.578084280025220e+00  4.249575677259868e-01  1.578084280025220e+00  2.613643023927245e-01  1.578084280025220e+00  2.821956811078081e-03  1.578084280025220e+00  1.402623750451093e+00  1.578084280025220e+00  9.299917137631006e-02  1.578084280025220e+00  2.175060230273481e-04 
 1.582084280025220e+00  1.088322472038701e+00  1.582084280025220e+00  1.745837755178987e+00  1.582084280025220e+00  4.238336554754325e-01  1.582084280025220e+00  2.614990573194143e-01  1.582084280025220e+00  2.824543183738997e-03  1.582084280025220e+00  1.403430331112011e+00  1.582084280025220e+00  9.259975933187375e-02  1.582084280025220e+00  2.149531492219963e-04 
 1.586084280025220e+00  1.087673146069749e+00  1.586084280025220e+00  1.746478405221131e+00  1.586084280025220e+00  4.227119914433414e-01  1.586084280025220e+00  2.616337110538509e-01  1.586084280025220e+00  2.827120262778832e-03  1.586084280025220e+00  1.404231873898783e+00  1.586084280025220e+00  9.219954716033424e-02  1.586084280025220e+00  2.124105018703647e-04 
 1.590084280025220e+00  1.087026186492607e+00  1.590084280025220e+00  1.747116450720467e+00  1.590084280025220e+00  4.215925981731375e-01  1.590084280025220e+00  2.617682627455448e-01  1.590084280025220e+00  2.829687949958436e-03  1.590084280025220e+00  1.405028323136536e+00  1.590084280025220e+00  9.179854219578400e-02  1.590084280025220e+00  2.098781929629782e-04 
 1.594084280025220e+00  1.086381618332104e+00  1.594084280025220e+00  1.747751863192916e+00  1.594084280025220e+00  4.204754984027270e-01  1.594084280025220e+00  2.619027115101176e-01  1.594084280025220e+00  2.832246145957940e-03  1.594084280025220e+00  1.405819622522136e+00  1.594084280025220e+00  9.139675214132231e-02  1.594084280025220e+00  2.073563355623866e-04 
 1.598084280025220e+00  1.085739466858592e+00  1.598084280025220e+00  1.748384613843947e+00  1.598084280025220e+00  4.193607150455831e-01  1.598084280025220e+00  2.620370564329788e-01  1.598084280025220e+00  2.834794750483048e-03  1.598084280025220e+00  1.406605715119419e+00  1.598084280025220e+00  9.099418510600644e-02  1.598084280025220e+00  2.048450439627913e-04 
 1.602084280025220e+00  1.085099757609133e+00  1.602084280025220e+00  1.749014673600042e+00  1.602084280025220e+00  4.182482712028285e-01  1.602084280025220e+00  2.621712965652228e-01  1.602084280025220e+00  2.837333662180932e-03  1.602084280025220e+00  1.407386543359567e+00  1.602084280025220e+00  9.059084959774849e-02  1.602084280025220e+00  2.023444335651769e-04 
 1.606084280025220e+00  1.084462516369058e+00  1.606084280025220e+00  1.749642013082321e+00  1.606084280025220e+00  4.171381901495956e-01  1.606084280025220e+00  2.623054309259036e-01  1.606084280025220e+00  2.839862778713400e-03  1.606084280025220e+00  1.408162049038510e+00  1.606084280025220e+00  9.018675455279881e-02  1.606084280025220e+00  1.998546209819162e-04 
 1.610084280025220e+00  1.083827769185897e+00  1.610084280025220e+00  1.750266602627960e+00  1.610084280025220e+00  4.160304953422590e-01  1.610084280025220e+00  2.624394584990423e-01  1.610084280025220e+00  2.842381996701673e-03  1.610084280025220e+00  1.408932173317172e+00  1.610084280025220e+00  8.978190933567716e-02  1.610084280025220e+00  1.973757239518181e-04 
 1.614084280025220e+00  1.083195542355662e+00  1.614084280025220e+00  1.750888412272177e+00  1.614084280025220e+00  4.149252104077186e-01  1.614084280025220e+00  2.625733782350768e-01  1.614084280025220e+00  2.844891211780723e-03  1.614084280025220e+00  1.409696856720527e+00  1.614084280025220e+00  8.937632376452365e-02  1.614084280025220e+00  1.949078614115399e-04 
 1.618084280025220e+00  1.082565862417295e+00  1.618084280025220e+00  1.751507411743077e+00  1.618084280025220e+00  4.138223591379289e-01  1.618084280025220e+00  2.627071890509696e-01  1.618084280025220e+00  2.847390318621407e-03  1.618084280025220e+00  1.410456039138190e+00  1.618084280025220e+00  8.897000812905888e-02  1.618084280025220e+00  1.924511535160638e-04 
 1.622084280025220e+00  1.081938756179444e+00  1.622084280025220e+00  1.752123570502230e+00  1.622084280025220e+00  4.127219655051438e-01  1.622084280025220e+00  2.628408898250184e-01  1.622084280025220e+00  2.849879210824163e-03  1.622084280025220e+00  1.411209659825677e+00  1.622084280025220e+00  8.856297317928101e-02  1.622084280025220e+00  1.900057214776157e-04 
 1.626084280025220e+00  1.081314250699429e+00  1.626084280025220e+00  1.752736857718189e+00  1.626084280025220e+00  4.116240536462802e-01  1.626084280025220e+00  2.629744793994006e-01  1.626084280025220e+00  2.852357781002474e-03  1.626084280025220e+00  1.411957657404960e+00  1.626084280025220e+00  8.815523015785026e-02  1.626084280025220e+00  1.875716876707520e-04 
 1.630084280025220e+00  1.080692373277635e+00  1.630084280025220e+00  1.753347242263080e+00  1.630084280025220e+00  4.105286478571590e-01  1.630084280025220e+00  2.631079565801859e-01  1.630084280025220e+00  2.854825920805133e-03  1.630084280025220e+00  1.412699969866599e+00  1.630084280025220e+00  8.774679081841155e-02  1.630084280025220e+00  1.851491756458569e-04 
 1.634084280025220e+00  1.080073151460872e+00  1.634084280025220e+00  1.753954692722230e+00  1.634084280025220e+00  4.094357725924500e-01  1.634084280025220e+00  2.632413201358533e-01  1.634084280025220e+00  2.857283520902927e-03  1.634084280025220e+00  1.413436534572379e+00  1.634084280025220e+00  8.733766743591040e-02  1.634084280025220e+00  1.827383100909390e-04 
 1.638084280025220e+00  1.079456613037956e+00  1.638084280025220e+00  1.754559177393761e+00  1.638084280025220e+00  4.083454524605159e-01  1.638084280025220e+00  2.633745687970398e-01  1.638084280025220e+00  2.859730471006111e-03  1.638084280025220e+00  1.414167288258606e+00  1.638084280025220e+00  8.692787282400093e-02  1.638084280025220e+00  1.803392168331925e-04 
 1.642084280025220e+00  1.078842786058677e+00  1.642084280025220e+00  1.755160664320017e+00  1.642084280025220e+00  4.072577122331841e-01  1.642084280025220e+00  2.635077012524272e-01  1.642084280025220e+00  2.862166659789221e-03  1.642084280025220e+00  1.414892167038617e+00  1.642084280025220e+00  8.651742033159324e-02  1.642084280025220e+00  1.779520227142876e-04 
 1.646084280025220e+00  1.078231698787272e+00  1.646084280025220e+00  1.755759121232304e+00  1.646084280025220e+00  4.061725768134240e-01  1.646084280025220e+00  2.636407161553054e-01  1.646084280025220e+00  2.864591975075663e-03  1.646084280025220e+00  1.415611106409709e+00  1.646084280025220e+00  8.610632389818233e-02  1.646084280025220e+00  1.755768558095956e-04 
 1.650084280025220e+00  1.077623379741785e+00  1.650084280025220e+00  1.756354515611239e+00  1.650084280025220e+00  4.050900712580311e-01  1.650084280025220e+00  2.637736121160513e-01  1.650084280025220e+00  2.867006303681523e-03  1.650084280025220e+00  1.416324041255997e+00  1.650084280025220e+00  8.569459803217518e-02  1.650084280025220e+00  1.732138451887359e-04 
 1.654084280025220e+00  1.077017857669750e+00  1.654084280025220e+00  1.756946814662901e+00  1.654084280025220e+00  4.040102207593917e-01  1.654084280025220e+00  2.639063877049890e-01  1.654084280025220e+00  2.869409531512089e-03  1.654084280025220e+00  1.417030905855628e+00  1.654084280025220e+00  8.528225784632708e-02  1.654084280025220e+00  1.708631210101703e-04 
 1.658084280025220e+00  1.076415161545256e+00  1.658084280025220e+00  1.757535985324595e+00  1.658084280025220e+00  4.029330506408731e-01  1.658084280025220e+00  2.640390414517168e-01  1.658084280025220e+00  2.871801543573474e-03  1.658084280025220e+00  1.417731633887810e+00  1.658084280025220e+00  8.486931907399541e-02  1.658084280025220e+00  1.685248144982845e-04 
 1.662084280025220e+00  1.075815320576662e+00  1.662084280025220e+00  1.758121994284991e+00  1.662084280025220e+00  4.018585863589463e-01  1.662084280025220e+00  2.641715718426406e-01  1.662084280025220e+00  2.874182223941976e-03  1.662084280025220e+00  1.418426158439201e+00  1.662084280025220e+00  8.445579807594349e-02  1.662084280025220e+00  1.661990578634838e-04 
 1.666084280025220e+00  1.075218364165107e+00  1.666084280025220e+00  1.758704807942739e+00  1.666084280025220e+00  4.007868534738096e-01  1.666084280025220e+00  2.643039773265775e-01  1.666084280025220e+00  2.876551455928835e-03  1.666084280025220e+00  1.419114412017448e+00  1.666084280025220e+00  8.404171189065096e-02  1.666084280025220e+00  1.638859844663895e-04 
 1.670084280025220e+00  1.074624321971357e+00  1.670084280025220e+00  1.759284392503021e+00  1.670084280025220e+00  3.997178776890266e-01  1.670084280025220e+00  2.644362563024695e-01  1.670084280025220e+00  2.878909121814822e-03  1.670084280025220e+00  1.419796326551190e+00  1.670084280025220e+00  8.362707818883437e-02  1.670084280025220e+00  1.615857284346543e-04 
 1.674084280025220e+00  1.074033223828168e+00  1.674084280025220e+00  1.759860713880397e+00  1.674084280025220e+00  3.986516847925904e-01  1.674084280025220e+00  2.645684071325201e-01  1.674084280025220e+00  2.881255103198144e-03  1.674084280025220e+00  1.420471833412139e+00  1.674084280025220e+00  8.321191536425247e-02  1.674084280025220e+00  1.592984250484595e-04 
 1.678084280025220e+00  1.073445099777367e+00  1.678084280025220e+00  1.760433737760224e+00  1.678084280025220e+00  3.975883006774239e-01  1.678084280025220e+00  2.647004281347440e-01  1.678084280025220e+00  2.883589280847223e-03  1.678084280025220e+00  1.421140863421375e+00  1.678084280025220e+00  8.279624251424450e-02  1.678084280025220e+00  1.570242104968313e-04 
 1.682084280025220e+00  1.072859980088822e+00  1.682084280025220e+00  1.761003429636153e+00  1.682084280025220e+00  3.965277513501538e-01  1.682084280025220e+00  2.648323175784313e-01  1.682084280025220e+00  2.885911534625375e-03  1.682084280025220e+00  1.421803346856888e+00  1.682084280025220e+00  8.238007943661285e-02  1.682084280025220e+00  1.547632217287524e-04 
 1.686084280025220e+00  1.072277895185566e+00  1.686084280025220e+00  1.761569754735489e+00  1.686084280025220e+00  3.954700628802156e-01  1.686084280025220e+00  2.649640736951209e-01  1.686084280025220e+00  2.888221743788125e-03  1.686084280025220e+00  1.422459213480174e+00  1.686084280025220e+00  8.196344670803739e-02  1.686084280025220e+00  1.525155967493284e-04 
 1.690084280025220e+00  1.071698875691669e+00  1.690084280025220e+00  1.762132678095100e+00  1.690084280025220e+00  3.944152614268567e-01  1.690084280025220e+00  2.650956946692177e-01  1.690084280025220e+00  2.890519786793006e-03  1.690084280025220e+00  1.423108392541607e+00  1.690084280025220e+00  8.154636565515724e-02  1.690084280025220e+00  1.502814743186038e-04 
 1.694084280025220e+00  1.071122952404823e+00  1.694084280025220e+00  1.762692164546869e+00  1.694084280025220e+00  3.933633732182429e-01  1.694084280025220e+00  2.652271786410412e-01  1.694084280025220e+00  2.892805541408537e-03  1.694084280025220e+00  1.423750812800589e+00  1.694084280025220e+00  8.112885839114294e-02  1.694084280025220e+00  1.480609940092024e-04 
 1.698084280025220e+00  1.070550156290119e+00  1.698084280025220e+00  1.763248178730316e+00  1.698084280025220e+00  3.923144245439421e-01  1.698084280025220e+00  2.653585237063257e-01  1.698084280025220e+00  2.895078884738847e-03  1.698084280025220e+00  1.424386402543129e+00  1.698084280025220e+00  8.071094783346805e-02  1.698084280025220e+00  1.458542961562361e-04 
 1.702084280025220e+00  1.069980518459058e+00  1.702084280025220e+00  1.763800685089584e+00  1.702084280025220e+00  3.912684417379989e-01  1.702084280025220e+00  2.654897279181502e-01  1.702084280025220e+00  2.897339693306944e-03  1.702084280025220e+00  1.425015089604413e+00  1.702084280025220e+00  8.029265773402371e-02  1.702084280025220e+00  1.436615218692655e-04 
 1.706084280025220e+00  1.069414070194194e+00  1.706084280025220e+00  1.764349647924005e+00  1.706084280025220e+00  3.902254511907755e-01  1.706084280025220e+00  2.656207892812270e-01  1.706084280025220e+00  2.899587842957004e-03  1.706084280025220e+00  1.425636801380929e+00  1.706084280025220e+00  7.987401266983829e-02  1.706084280025220e+00  1.414828128315890e-04 
 1.710084280025220e+00  1.068850842899854e+00  1.710084280025220e+00  1.764895031355349e+00  1.710084280025220e+00  3.891854793140002e-01  1.710084280025220e+00  2.657517057584790e-01  1.710084280025220e+00  2.901823209049880e-03  1.710084280025220e+00  1.426251464862774e+00  1.710084280025220e+00  7.945503809666013e-02  1.710084280025220e+00  1.393183114301839e-04 
 1.714084280025220e+00  1.068290868104898e+00  1.714084280025220e+00  1.765436799356665e+00  1.714084280025220e+00  3.881485525386730e-01  1.714084280025220e+00  2.658824752689186e-01  1.714084280025220e+00  2.904045666452171e-03  1.714084280025220e+00  1.426859006654617e+00  1.714084280025220e+00  7.903576035744624e-02  1.714084280025220e+00  1.371681606412625e-04 
 1.718084280025220e+00  1.067734177455943e+00  1.718084280025220e+00  1.765974915771252e+00  1.718084280025220e+00  3.871146973068385e-01  1.718084280025220e+00  2.660130956870805e-01  1.718084280025220e+00  2.906255089563113e-03  1.718084280025220e+00  1.427459353000040e+00  1.718084280025220e+00  7.861620669861440e-02  1.718084280025220e+00  1.350325039549428e-04 
 1.722084280025220e+00  1.067180802713519e+00  1.722084280025220e+00  1.766509344336011e+00  1.722084280025220e+00  3.860839400651308e-01  1.722084280025220e+00  2.661435648419254e-01  1.722084280025220e+00  2.908451352329863e-03  1.722084280025220e+00  1.428052429806032e+00  1.722084280025220e+00  7.819640528336556e-02  1.722084280025220e+00  1.329114852825784e-04 
 1.726084280025220e+00  1.066630775704648e+00  1.726084280025220e+00  1.767040048659445e+00  1.726084280025220e+00  3.850563072308999e-01  1.726084280025220e+00  2.662738805230369e-01  1.726084280025220e+00  2.910634328435635e-03  1.726084280025220e+00  1.428638162683385e+00  1.726084280025220e+00  7.777638524093793e-02  1.726084280025220e+00  1.308052490440067e-04 
 1.730084280025220e+00  1.066084128344104e+00  1.730084280025220e+00  1.767566992276002e+00  1.730084280025220e+00  3.840318252014469e-01  1.730084280025220e+00  2.664040404752699e-01  1.730084280025220e+00  2.912803891215419e-03  1.730084280025220e+00  1.429216476966846e+00  1.730084280025220e+00  7.735617665744071e-02  1.730084280025220e+00  1.287139399519320e-04 
 1.734084280025220e+00  1.065540892623051e+00  1.734084280025220e+00  1.768090138665674e+00  1.734084280025220e+00  3.830105203426528e-01  1.734084280025220e+00  2.665340423988292e-01  1.734084280025220e+00  2.914959913700992e-03  1.734084280025220e+00  1.429787297746207e+00  1.734084280025220e+00  7.693581059362156e-02  1.734084280025220e+00  1.266377029340788e-04 
 1.738084280025220e+00  1.065001100555769e+00  1.738084280025220e+00  1.768609451232116e+00  1.738084280025220e+00  3.819924189513768e-01  1.738084280025220e+00  2.666638839564084e-01  1.738084280025220e+00  2.917102268832398e-03  1.738084280025220e+00  1.430350549915000e+00  1.738084280025220e+00  7.651531913646481e-02  1.738084280025220e+00  1.245766832200344e-04 
 1.742084280025220e+00  1.064464784195891e+00  1.742084280025220e+00  1.769124893355750e+00  1.742084280025220e+00  3.809775472613482e-01  1.742084280025220e+00  2.667935627685977e-01  1.742084280025220e+00  2.919230829393502e-03  1.742084280025220e+00  1.430906158196275e+00  1.742084280025220e+00  7.609473539211284e-02  1.742084280025220e+00  1.225310261304800e-04 
 1.746084280025220e+00  1.063931975599763e+00  1.746084280025220e+00  1.769636428393437e+00  1.746084280025220e+00  3.799659314159396e-01  1.746084280025220e+00  2.669230764181938e-01  1.746084280025220e+00  2.921345468157355e-03  1.746084280025220e+00  1.431454047189329e+00  1.746084280025220e+00  7.567409352167333e-02  1.746084280025220e+00  1.205008770784974e-04 
 1.750084280025220e+00  1.063402706834710e+00  1.750084280025220e+00  1.770144019725747e+00  1.750084280025220e+00  3.789575974689606e-01  1.750084280025220e+00  2.670524224468997e-01  1.750084280025220e+00  2.923446057853519e-03  1.750084280025220e+00  1.431994141400783e+00  1.750084280025220e+00  7.525342873914577e-02  1.750084280025220e+00  1.184863813819352e-04 
 1.754084280025220e+00  1.062877009936594e+00  1.754084280025220e+00  1.770647630754818e+00  1.754084280025220e+00  3.779525713537812e-01  1.754084280025220e+00  2.671815983605965e-01  1.754084280025220e+00  2.925532471336349e-03  1.754084280025220e+00  1.432526365297639e+00  1.754084280025220e+00  7.483277734977972e-02  1.754084280025220e+00  1.164876842719186e-04 
 1.758084280025220e+00  1.062354916879857e+00  1.758084280025220e+00  1.771147224917865e+00  1.758084280025220e+00  3.769508788603283e-01  1.758084280025220e+00  2.673106016325249e-01  1.758084280025220e+00  2.927604581704016e-03  1.758084280025220e+00  1.433050643358553e+00  1.758084280025220e+00  7.441217677671413e-02  1.758084280025220e+00  1.145049308392158e-04 
 1.762084280025220e+00  1.061836459606578e+00  1.762084280025220e+00  1.771642765759514e+00  1.762084280025220e+00  3.759525456487015e-01  1.762084280025220e+00  2.674394296963969e-01  1.762084280025220e+00  2.929662262183092e-03  1.762084280025220e+00  1.433566900100420e+00  1.762084280025220e+00  7.399166553884835e-02  1.762084280025220e+00  1.125382657471789e-04 
 1.766084280025220e+00  1.061321669954130e+00  1.766084280025220e+00  1.772134216907321e+00  1.766084280025220e+00  3.749575971998002e-01  1.766084280025220e+00  2.675680799567728e-01  1.766084280025220e+00  2.931705386415775e-03  1.766084280025220e+00  1.434075060151516e+00  1.766084280025220e+00  7.357128330930898e-02  1.766084280025220e+00  1.105878333288637e-04 
 1.770084280025220e+00  1.060810579645544e+00  1.770084280025220e+00  1.772621542111169e+00  1.770084280025220e+00  3.739660588049583e-01  1.770084280025220e+00  2.676965497887776e-01  1.770084280025220e+00  2.933733828497998e-03  1.770084280025220e+00  1.434575048299893e+00  1.770084280025220e+00  7.315107092153110e-02  1.770084280025220e+00  1.086537774307012e-04 
 1.774084280025220e+00  1.060303220277260e+00  1.774084280025220e+00  1.773104705281316e+00  1.774084280025220e+00  3.729779555539711e-01  1.774084280025220e+00  2.678248365382577e-01  1.774084280025220e+00  2.935747463028165e-03  1.774084280025220e+00  1.435066789544131e+00  1.774084280025220e+00  7.273107037619025e-02  1.774084280025220e+00  1.067362412614955e-04 
 1.778084280025220e+00  1.059799623299166e+00  1.778084280025220e+00  1.773583670520692e+00  1.778084280025220e+00  3.719933123183148e-01  1.778084280025220e+00  2.679529375232519e-01  1.778084280025220e+00  2.937746165186318e-03  1.778084280025220e+00  1.435550209149316e+00  1.778084280025220e+00  7.231132485283999e-02  1.778084280025220e+00  1.048353672642377e-04 
 1.782084280025220e+00  1.059299819973927e+00  1.782084280025220e+00  1.774058402140619e+00  1.782084280025220e+00  3.710121537216646e-01  1.782084280025220e+00  2.680808500390351e-01  1.782084280025220e+00  2.939729810895516e-03  1.782084280025220e+00  1.436025232715745e+00  1.782084280025220e+00  7.189187873599512e-02  1.782084280025220e+00  1.029512970537053e-04 
 1.786084280025220e+00  1.058803841335706e+00  1.786084280025220e+00  1.774528864679170e+00  1.786084280025220e+00  3.700345041101726e-01  1.786084280025220e+00  2.682085713633216e-01  1.786084280025220e+00  2.941698276985785e-03  1.786084280025220e+00  1.436491786251367e+00  1.786084280025220e+00  7.147277763947565e-02  1.786084280025220e+00  1.010841713436244e-04 
 1.790084280025220e+00  1.058311718216151e+00  1.790084280025220e+00  1.774995022980738e+00  1.790084280025220e+00  3.690603875641879e-01  1.790084280025220e+00  2.683360987498851e-01  1.790084280025220e+00  2.943651441090821e-03  1.790084280025220e+00  1.436949796209992e+00  1.790084280025220e+00  7.105406837661320e-02  1.790084280025220e+00  9.923412963090371e-05 
 1.794084280025220e+00  1.057823481146869e+00  1.794084280025220e+00  1.775456842168700e+00  1.794084280025220e+00  3.680898278340711e-01  1.794084280025220e+00  2.684634294435075e-01  1.794084280025220e+00  2.945589182035200e-03  1.794084280025220e+00  1.437399189597996e+00  1.794084280025220e+00  7.063579902430442e-02  1.794084280025220e+00  9.740131030407836e-05 
 1.798084280025220e+00  1.057339160390629e+00  1.798084280025220e+00  1.775914287733175e+00  1.798084280025220e+00  3.671228483552788e-01  1.798084280025220e+00  2.685905606727538e-01  1.798084280025220e+00  2.947511379710458e-03  1.798084280025220e+00  1.437839894013427e+00  1.798084280025220e+00  7.021801888510557e-02  1.798084280025220e+00  9.558585029511184e-05 
 1.802084280025220e+00  1.056858785877647e+00  1.802084280025220e+00  1.776367325537888e+00  1.802084280025220e+00  3.661594722052051e-01  1.802084280025220e+00  2.687174896591715e-01  1.802084280025220e+00  2.949417915327950e-03  1.802084280025220e+00  1.438271837739227e+00  1.802084280025220e+00  6.980077852046840e-02  1.802084280025220e+00  9.378788505207524e-05 
 1.806084280025220e+00  1.056382387192487e+00  1.806084280025220e+00  1.776815921872808e+00  1.806084280025220e+00  3.651997220912367e-01  1.806084280025220e+00  2.688442136177924e-01  1.806084280025220e+00  2.951308671470955e-03  1.806084280025220e+00  1.438694949810315e+00  1.806084280025220e+00  6.938412974256503e-02  1.806084280025220e+00  9.200754833033016e-05 
 1.810084280025220e+00  1.055909993496702e+00  1.810084280025220e+00  1.777260043455853e+00  1.810084280025220e+00  3.642436202996646e-01  1.810084280025220e+00  2.689707297688526e-01  1.810084280025220e+00  2.953183532401534e-03  1.810084280025220e+00  1.439109160121497e+00  1.810084280025220e+00  6.896812565207802e-02  1.810084280025220e+00  9.024497218571897e-05 
 1.814084280025220e+00  1.055441633558613e+00  1.814084280025220e+00  1.777699657524475e+00  1.814084280025220e+00  3.632911887102236e-01  1.814084280025220e+00  2.690970353309405e-01  1.814084280025220e+00  2.955042383942478e-03  1.814084280025220e+00  1.439514399472740e+00  1.814084280025220e+00  6.855282059260689e-02  1.814084280025220e+00  8.850028661118876e-05 
 1.818084280025220e+00  1.054977335682443e+00  1.818084280025220e+00  1.778134731846265e+00  1.818084280025220e+00  3.623424487492777e-01  1.818084280025220e+00  2.692231275317064e-01  1.818084280025220e+00  2.956885113758482e-03  1.818084280025220e+00  1.439910599677027e+00  1.818084280025220e+00  6.813827017824073e-02  1.818084280025220e+00  8.677361949461243e-05 
 1.822084280025220e+00  1.054517127674496e+00  1.822084280025220e+00  1.778565234762478e+00  1.822084280025220e+00  3.613974213658772e-01  1.822084280025220e+00  2.693490036122173e-01  1.822084280025220e+00  2.958711611490442e-03  1.822084280025220e+00  1.440297693648615e+00  1.822084280025220e+00  6.772453129007885e-02  1.822084280025220e+00  8.506509644617493e-05 
 1.826084280025220e+00  1.054061036822508e+00  1.826084280025220e+00  1.778991135243165e+00  1.826084280025220e+00  3.604561270159845e-01  1.826084280025220e+00  2.694746608290697e-01  1.826084280025220e+00  2.960521768837362e-03  1.826084280025220e+00  1.440675615484194e+00  1.826084280025220e+00  6.731166206018591e-02  1.826084280025220e+00  8.337484057953399e-05 
 1.830084280025220e+00  1.053609089823944e+00  1.830084280025220e+00  1.779412402905039e+00  1.830084280025220e+00  3.595185856159581e-01  1.830084280025220e+00  2.696000964655482e-01  1.830084280025220e+00  2.962315479840950e-03  1.830084280025220e+00  1.441044300580077e+00  1.830084280025220e+00  6.689972188970936e-02  1.830084280025220e+00  8.170297244095103e-05 
 1.834084280025220e+00  1.053161312805547e+00  1.834084280025220e+00  1.779829008100071e+00  1.834084280025220e+00  3.585848165515568e-01  1.834084280025220e+00  2.697253078268381e-01  1.834084280025220e+00  2.964092640807998e-03  1.834084280025220e+00  1.441403685689789e+00  1.834084280025220e+00  6.648877139737851e-02  1.834084280025220e+00  8.004960965774062e-05 
 1.838084280025220e+00  1.052717731202762e+00  1.838084280025220e+00  1.780240921900959e+00  1.838084280025220e+00  3.576548386024031e-01  1.838084280025220e+00  2.698502922600033e-01  1.838084280025220e+00  2.965853150788992e-03  1.838084280025220e+00  1.441753709079342e+00  1.838084280025220e+00  6.607887246589607e-02  1.838084280025220e+00  7.841486699590911e-05 
 1.842084280025220e+00  1.052278369808598e+00  1.842084280025220e+00  1.780648116213455e+00  1.842084280025220e+00  3.567286699691592e-01  1.842084280025220e+00  2.699750471442058e-01  1.842084280025220e+00  2.967596911384132e-03  1.842084280025220e+00  1.442094310567095e+00  1.842084280025220e+00  6.567008816294571e-02  1.842084280025220e+00  7.679885591447157e-05 
 1.846084280025220e+00  1.051843252665728e+00  1.846084280025220e+00  1.781050563774984e+00  1.846084280025220e+00  3.558063282062659e-01  1.846084280025220e+00  2.700995699086916e-01  1.846084280025220e+00  2.969323827171599e-03  1.846084280025220e+00  1.442425431674667e+00  1.846084280025220e+00  6.526248277094883e-02  1.846084280025220e+00  7.520168457089525e-05 
 1.850084280025220e+00  1.051412403054143e+00  1.850084280025220e+00  1.781448238224475e+00  1.850084280025220e+00  3.548878302127190e-01  1.850084280025220e+00  2.702238580340339e-01  1.850084280025220e+00  2.971033805756538e-03  1.850084280025220e+00  1.442747015712511e+00  1.850084280025220e+00  6.485612174470863e-02  1.850084280025220e+00  7.362345754404926e-05 
