-1.853915719974783e+00  1.775435613541668e+00 -1.853915719974783e+00  9.535930752544465e-01 -1.853915719974783e+00  1.400190564223633e+00 -1.853915719974783e+00  7.447664517071742e-02 -1.853915719974783e+00  9.646766439755859e-05 -1.853915719974783e+00  2.862813117633228e-01 -1.853915719974783e+00  2.985570539976123e-01 -1.853915719974783e+00  3.324122164588984e-03 
-1.849915719974783e+00  1.775033379060373e+00 -1.849915719974783e+00  9.540077987414149e-01 -1.849915719974783e+00  1.399756946228703e+00 -1.849915719974783e+00  7.484457397845910e-02 -1.849915719974783e+00  9.805812580443465e-05 -1.849915719974783e+00  2.869562450694956e-01 -1.849915719974783e+00  2.983594884982589e-01 -1.849915719974783e+00  3.322473934218437e-03 
-1.845915719974783e+00  1.774623079333352e+00 -1.845915719974783e+00  9.544301021944643e-01 -1.845915719974783e+00  1.399310388849395e+00 -1.845915719974783e+00  7.521223563680358e-02 -1.845915719974783e+00  9.965867607227617e-05 -1.845915719974783e+00  2.876393914625116e-01 -1.845915719974783e+00  2.981620568800905e-01 -1.845915719974783e+00  3.320834879597535e-03 
-1.841915719974783e+00  1.774210765046539e+00 -1.841915719974783e+00  9.548543040294885e-01 -1.841915719974783e+00  1.398860626978224e+00 -1.841915719974783e+00  7.558154382834750e-02 -1.841915719974783e+00  1.012779313617061e-04 -1.841915719974783e+00  2.883246242524133e-01 -1.841915719974783e+00  2.979645765701013e-01 -1.841915719974783e+00  3.319168898703258e-03 
-1.837915719974783e+00  1.773794421693304e+00 -1.837915719974783e+00  9.552823003280864e-01 -1.837915719974783e+00  1.398404443884895e+00 -1.837915719974783e+00  7.595182451389212e-02 -1.837915719974783e+00  1.029130113767234e-04 -1.837915719974783e+00  2.890140141585500e-01 -1.837915719974783e+00  2.977671190305537e-01 -1.837915719974783e+00  3.317488014329053e-03 
-1.833915719974783e+00  1.773374051133427e+00 -1.833915719974783e+00  9.557140926859883e-01 -1.833915719974783e+00  1.397941860803616e+00 -1.833915719974783e+00  7.632305095633383e-02 -1.833915719974783e+00  1.045639080943108e-04 -1.833915719974783e+00  2.897075824327039e-01 -1.833915719974783e+00  2.975696922250975e-01 -1.833915719974783e+00  3.315792221790343e-03 
-1.829915719974783e+00  1.772949655686827e+00 -1.829915719974783e+00  9.561496823041971e-01 -1.829915719974783e+00  1.397472899600563e+00 -1.829915719974783e+00  7.669519682180351e-02 -1.829915719974783e+00  1.062306125223516e-04 -1.829915719974783e+00  2.904053497798292e-01 -1.829915719974783e+00  2.973723040785628e-01 -1.829915719974783e+00  3.314081516144595e-03 
-1.825915719974783e+00  1.772521237929900e+00 -1.825915719974783e+00  9.565890700795912e-01 -1.825915719974783e+00  1.396997582484940e+00 -1.825915719974783e+00  7.706823614232518e-02 -1.825915719974783e+00  1.079131145566337e-04 -1.825915719974783e+00  2.911073365109507e-01 -1.825915719974783e+00  2.971749625020675e-01 -1.825915719974783e+00  3.312355893869478e-03 
-1.821915719974783e+00  1.772088800730049e+00 -1.821915719974783e+00  9.570322566696433e-01 -1.821915719974783e+00  1.396515932006632e+00 -1.821915719974783e+00  7.744214330332562e-02 -1.821915719974783e+00  1.096114029496795e-04 -1.821915719974783e+00  2.918135625420288e-01 -1.821915719974783e+00  2.969776753664448e-01 -1.821915719974783e+00  3.310615352382854e-03 
-1.817915719974783e+00  1.771652347221095e+00 -1.817915719974783e+00  9.574792424024802e-01 -1.817915719974783e+00  1.396027971047645e+00 -1.817915719974783e+00  7.781689305900702e-02 -1.817915719974783e+00  1.113254654073509e-04 -1.817915719974783e+00  2.925240473391831e-01 -1.817915719974783e+00  2.967804505161694e-01 -1.817915719974783e+00  3.308859890396073e-03 
-1.813915719974783e+00  1.771211880825668e+00 -1.813915719974783e+00  9.579300273896281e-01 -1.813915719974783e+00  1.395533722787514e+00 -1.813915719974783e+00  7.819246050741314e-02 -1.813915719974783e+00  1.130552885008729e-04 -1.813915719974783e+00  2.932388099533607e-01 -1.813915719974783e+00  2.965832957378196e-01 -1.813915719974783e+00  3.307089507471115e-03 
-1.809915719974783e+00  1.770767405228912e+00 -1.809915719974783e+00  9.583846114253293e-01 -1.809915719974783e+00  1.395033210697300e+00 -1.809915719974783e+00  7.856882110690584e-02 -1.809915719974783e+00  1.148008577701172e-04 -1.809915719974783e+00  2.939578689606615e-01 -1.809915719974783e+00  2.963862187763075e-01 -1.809915719974783e+00  3.305304204416072e-03 
-1.805915719974783e+00  1.770318924390460e+00 -1.805915719974783e+00  9.588429940497594e-01 -1.805915719974783e+00  1.394526458513323e+00 -1.805915719974783e+00  7.894595066007054e-02 -1.805915719974783e+00  1.165621576765595e-04 -1.805915719974783e+00  2.946812424753582e-01 -1.805915719974783e+00  2.961892273144643e-01 -1.805915719974783e+00  3.303503983036826e-03 
-1.801915719974783e+00  1.769866442536262e+00 -1.801915719974783e+00  9.593051745233210e-01 -1.801915719974783e+00  1.394013490222979e+00 -1.801915719974783e+00  7.932382531464645e-02 -1.801915719974783e+00  1.183391716353724e-04 -1.801915719974783e+00  2.954089481235400e-01 -1.801915719974783e+00  2.959923289724869e-01 -1.801915719974783e+00  3.301688846238031e-03 
-1.797915719974783e+00  1.769409964154667e+00 -1.797915719974783e+00  9.597711518178316e-01 -1.797915719974783e+00  1.393494330048974e+00 -1.797915719974783e+00  7.970242156074872e-02 -1.797915719974783e+00  1.201318820308084e-04 -1.797915719974783e+00  2.961410030242372e-01 -1.797915719974783e+00  2.957955313035909e-01 -1.797915719974783e+00  3.299858798057691e-03 
-1.793915719974783e+00  1.768949494000049e+00 -1.793915719974783e+00  9.602409246379143e-01 -1.793915719974783e+00  1.392969002431051e+00 -1.793915719974783e+00  8.008171622190156e-02 -1.793915719974783e+00  1.219402702019652e-04 -1.793915719974783e+00  2.968774237843699e-01 -1.793915719974783e+00  2.955988417830411e-01 -1.793915719974783e+00  3.298013843583198e-03 
-1.789915719974783e+00  1.768485037088770e+00 -1.789915719974783e+00  9.607144914082123e-01 -1.789915719974783e+00  1.392437532012400e+00 -1.789915719974783e+00  8.046168645241403e-02 -1.789915719974783e+00  1.237643164586053e-04 -1.789915719974783e+00  2.976182264784742e-01 -1.789915719974783e+00  2.954022678047729e-01 -1.789915719974783e+00  3.296153989001478e-03 
-1.785915719974783e+00  1.768016598693468e+00 -1.785915719974783e+00  9.611918502523904e-01 -1.785915719974783e+00  1.391899943627399e+00 -1.785915719974783e+00  8.084230973604113e-02 -1.785915719974783e+00  1.256040001036329e-04 -1.785915719974783e+00  2.983634266246874e-01 -1.785915719974783e+00  2.952058166798154e-01 -1.785915719974783e+00  3.294279241681538e-03 
-1.781915719974783e+00  1.767544184358538e+00 -1.781915719974783e+00  9.616729990590351e-01 -1.781915719974783e+00  1.391356262281634e+00 -1.781915719974783e+00  8.122356386767364e-02 -1.781915719974783e+00  1.274592993722465e-04 -1.781915719974783e+00  2.991130392009069e-01 -1.781915719974783e+00  2.950094956158120e-01 -1.781915719974783e+00  3.292389609915600e-03 
-1.777915719974783e+00  1.767067799874788e+00 -1.777915719974783e+00  9.621579353761138e-01 -1.777915719974783e+00  1.390806513149440e+00 -1.777915719974783e+00  8.160542696782520e-02 -1.777915719974783e+00  1.293301915314944e-04 -1.777915719974783e+00  2.998670785823808e-01 -1.777915719974783e+00  2.948133117340246e-01 -1.777915719974783e+00  3.290485103333623e-03 
-1.773915719974783e+00  1.766587451299322e+00 -1.773915719974783e+00  9.626466564925780e-01 -1.773915719974783e+00  1.390250721553933e+00 -1.773915719974783e+00  8.198787746093318e-02 -1.773915719974783e+00  1.312166528022057e-04 -1.773915719974783e+00  3.006255585656161e-01 -1.773915719974783e+00  2.946172720455906e-01 -1.773915719974783e+00  3.288565732582777e-03 
-1.769915719974783e+00  1.766103144952353e+00 -1.769915719974783e+00  9.631391594224212e-01 -1.769915719974783e+00  1.389688912957558e+00 -1.769915719974783e+00  8.237089407231607e-02 -1.769915719974783e+00  1.331186583714542e-04 -1.769915719974783e+00  3.013884923478891e-01 -1.769915719974783e+00  2.944213834492138e-01 -1.769915719974783e+00  3.286631509390104e-03 
-1.765915719974783e+00  1.765614887406741e+00 -1.765915719974783e+00  9.636354408583014e-01 -1.765915719974783e+00  1.389121112955501e+00 -1.765915719974783e+00  8.275445583074759e-02 -1.765915719974783e+00  1.350361824336835e-04 -1.765915719974783e+00  3.021558924926129e-01 -1.765915719974783e+00  2.942256527354457e-01 -1.765915719974783e+00  3.284682446744668e-03 
-1.761915719974783e+00  1.765122685505539e+00 -1.761915719974783e+00  9.641354972392018e-01 -1.761915719974783e+00  1.388547347260241e+00 -1.761915719974783e+00  8.313854204926091e-02 -1.761915719974783e+00  1.369691981217813e-04 -1.761915719974783e+00  3.029277709483955e-01 -1.761915719974783e+00  2.940300865664989e-01 -1.761915719974783e+00  3.282718558631749e-03 
-1.757915719974783e+00  1.764626546340033e+00 -1.757915719974783e+00  9.646393246555618e-01 -1.757915719974783e+00  1.387967641700009e+00 -1.757915719974783e+00  8.352313233672221e-02 -1.757915719974783e+00  1.389176775933366e-04 -1.757915719974783e+00  3.037041389922135e-01 -1.757915719974783e+00  2.938346914911614e-01 -1.757915719974783e+00  3.280739860405489e-03 
-1.753915719974783e+00  1.764126477276470e+00 -1.753915719974783e+00  9.651469189523189e-01 -1.753915719974783e+00  1.387382022202343e+00 -1.753915719974783e+00  8.390820657190608e-02 -1.753915719974783e+00  1.408815919256588e-04 -1.753915719974783e+00  3.044850072661728e-01 -1.753915719974783e+00  2.936394739173822e-01 -1.753915719974783e+00  3.278746368384196e-03 
-1.749915719974783e+00  1.763622485932389e+00 -1.749915719974783e+00  9.656582756263914e-01 -1.749915719974783e+00  1.386790514793975e+00 -1.749915719974783e+00  8.429374491640625e-02 -1.749915719974783e+00  1.428609112087197e-04 -1.749915719974783e+00  3.052703857176406e-01 -1.749915719974783e+00  2.934444401290288e-01 -1.749915719974783e+00  3.276738100252977e-03 
-1.745915719974783e+00  1.763114580199421e+00 -1.745915719974783e+00  9.661733899119718e-01 -1.745915719974783e+00  1.386193145587565e+00 -1.745915719974783e+00  8.467972779216673e-02 -1.745915719974783e+00  1.448556044556435e-04 -1.745915719974783e+00  3.060602836288461e-01 -1.745915719974783e+00  2.932495962627112e-01 -1.745915719974783e+00  3.274715074728751e-03 
-1.741915719974783e+00  1.762602768231532e+00 -1.741915719974783e+00  9.666922567256884e-01 -1.741915719974783e+00  1.385589940779116e+00 -1.741915719974783e+00  8.506613588543653e-02 -1.741915719974783e+00  1.468656396488465e-04 -1.741915719974783e+00  3.068547095804399e-01 -1.741915719974783e+00  2.930549483146668e-01 -1.741915719974783e+00  3.272677311775614e-03 
-1.737915719974783e+00  1.762087058441222e+00 -1.737915719974783e+00  9.672148706441117e-01 -1.737915719974783e+00  1.384980926643145e+00 -1.737915719974783e+00  8.545295014459119e-02 -1.737915719974783e+00  1.488909837549869e-04 -1.737915719974783e+00  3.076536714306017e-01 -1.737915719974783e+00  2.928605021408364e-01 -1.737915719974783e+00  3.270624832693173e-03 
-1.733915719974783e+00  1.761567459520466e+00 -1.733915719974783e+00  9.677412259798697e-01 -1.733915719974783e+00  1.384366129522740e+00 -1.733915719974783e+00  8.584015175977791e-02 -1.733915719974783e+00  1.509316026427335e-04 -1.733915719974783e+00  3.084571763424018e-01 -1.733915719974783e+00  2.926662634364093e-01 -1.733915719974783e+00  3.268557659817619e-03 
-1.729915719974783e+00  1.761043980421293e+00 -1.729915719974783e+00  9.682713166963157e-01 -1.729915719974783e+00  1.383745575829784e+00 -1.729915719974783e+00  8.622772217264202e-02 -1.729915719974783e+00  1.529874611589984e-04 -1.729915719974783e+00  3.092652307338178e-01 -1.729915719974783e+00  2.924722377496046e-01 -1.729915719974783e+00  3.266475816856887e-03 
-1.725915719974783e+00  1.760516630368828e+00 -1.725915719974783e+00  9.688051364520578e-01 -1.725915719974783e+00  1.383119292037985e+00 -1.725915719974783e+00  8.661564306208347e-02 -1.725915719974783e+00  1.550585230777467e-04 -1.725915719974783e+00  3.100778402910302e-01 -1.725915719974783e+00  2.922784304683131e-01 -1.725915719974783e+00  3.264379328715738e-03 
-1.721915719974783e+00  1.759985418860869e+00 -1.721915719974783e+00  9.693426785916958e-01 -1.721915719974783e+00  1.382487304679628e+00 -1.721915719974783e+00  8.700389634014359e-02 -1.721915719974783e+00  1.571447511016710e-04 -1.721915719974783e+00  3.108950099563713e-01 -1.721915719974783e+00  2.920848468183245e-01 -1.721915719974783e+00  3.262268221532145e-03 
-1.717915719974783e+00  1.759450355664333e+00 -1.717915719974783e+00  9.698839361247544e-01 -1.717915719974783e+00  1.381849640343159e+00 -1.717915719974783e+00  8.739246415018032e-02 -1.717915719974783e+00  1.592461068761143e-04 -1.717915719974783e+00  3.117167439110035e-01 -1.717915719974783e+00  2.918914918642048e-01 -1.717915719974783e+00  3.260142522760023e-03 
-1.713915719974783e+00  1.758911450829353e+00 -1.713915719974783e+00  9.704289017744183e-01 -1.713915719974783e+00  1.381206325668129e+00 -1.713915719974783e+00  8.778132885249781e-02 -1.713915719974783e+00  1.613625509337441e-04 -1.713915719974783e+00  3.125430455926185e-01 -1.713915719974783e+00  2.916983704959626e-01 -1.713915719974783e+00  3.258002260977842e-03 
-1.709915719974783e+00  1.758368714666863e+00 -1.709915719974783e+00  9.709775678832226e-01 -1.709915719974783e+00  1.380557387346602e+00 -1.709915719974783e+00  8.817047303618267e-02 -1.709915719974783e+00  1.634940427825509e-04 -1.709915719974783e+00  3.133739176431630e-01 -1.709915719974783e+00  2.915054874455700e-01 -1.709915719974783e+00  3.255847466259031e-03 
-1.705915719974783e+00  1.757822157772764e+00 -1.705915719974783e+00  9.715299265023878e-01 -1.705915719974783e+00  1.379902852117207e+00 -1.705915719974783e+00  8.855987949775813e-02 -1.705915719974783e+00  1.656405408109842e-04 -1.705915719974783e+00  3.142093619479497e-01 -1.705915719974783e+00  2.913128472657624e-01 -1.705915719974783e+00  3.253678169821107e-03 
-1.701915719974783e+00  1.757271791020110e+00 -1.701915719974783e+00  9.720859693560306e-01 -1.701915719974783e+00  1.379242746764918e+00 -1.701915719974783e+00  8.894953124282565e-02 -1.701915719974783e+00  1.678020023186121e-04 -1.701915719974783e+00  3.150493796137170e-01 -1.701915719974783e+00  2.911204543350184e-01 -1.701915719974783e+00  3.251494404166180e-03 
-1.697915719974783e+00  1.756717625553083e+00 -1.697915719974783e+00  9.726456878135803e-01 -1.697915719974783e+00  1.378577098120334e+00 -1.697915719974783e+00  8.933941148633015e-02 -1.697915719974783e+00  1.699783835397751e-04 -1.697915719974783e+00  3.158939709511245e-01 -1.697915719974783e+00  2.909283128610159e-01 -1.697915719974783e+00  3.249296203189400e-03 
-1.693915719974783e+00  1.756159672805358e+00 -1.693915719974783e+00  9.732090729577996e-01 -1.693915719974783e+00  1.377905933056402e+00 -1.693915719974783e+00  8.972950363596426e-02 -1.693915719974783e+00  1.721696395715102e-04 -1.693915719974783e+00  3.167431355059656e-01 -1.693915719974783e+00  2.907364268648678e-01 -1.693915719974783e+00  3.247083601911720e-03 
-1.689915719974783e+00  1.755597944473927e+00 -1.689915719974783e+00  9.737761154806821e-01 -1.689915719974783e+00  1.377229278490426e+00 -1.689915719974783e+00  9.011979130655119e-02 -1.689915719974783e+00  1.743757244763036e-04 -1.689915719974783e+00  3.175968720045422e-01 -1.689915719974783e+00  2.905448002007238e-01 -1.689915719974783e+00  3.244856636888790e-03 
-1.685915719974783e+00  1.755032452552603e+00 -1.685915719974783e+00  9.743468058119273e-01 -1.685915719974783e+00  1.376547161379971e+00 -1.685915719974783e+00  9.051025829328521e-02 -1.685915719974783e+00  1.765965911505514e-04 -1.685915719974783e+00  3.184551784170364e-01 -1.685915719974783e+00  2.903534365283743e-01 -1.685915719974783e+00  3.242615345706345e-03 
-1.681915719974783e+00  1.754463209293875e+00 -1.681915719974783e+00  9.749211339707666e-01 -1.681915719974783e+00  1.375859608725875e+00 -1.681915719974783e+00  9.090088859425989e-02 -1.681915719974783e+00  1.788321914743396e-04 -1.681915719974783e+00  3.193180518816143e-01 -1.681915719974783e+00  2.901623393422466e-01 -1.681915719974783e+00  3.240359767562229e-03 
-1.677915719974783e+00  1.753890227248178e+00 -1.677915719974783e+00  9.754990897185150e-01 -1.677915719974783e+00  1.375166647568609e+00 -1.677915719974783e+00  9.129166638015554e-02 -1.677915719974783e+00  1.810824761572690e-04 -1.677915719974783e+00  3.201854887819030e-01 -1.677915719974783e+00  2.899715119398710e-01 -1.677915719974783e+00  3.238089942667112e-03 
-1.673915719974783e+00  1.753313519228848e+00 -1.673915719974783e+00  9.760806624250415e-01 -1.673915719974783e+00  1.374468304990733e+00 -1.673915719974783e+00  9.168257601452127e-02 -1.673915719974783e+00  1.833473948760284e-04 -1.673915719974783e+00  3.210574846795431e-01 -1.673915719974783e+00  2.897809574483728e-01 -1.673915719974783e+00  3.235805912769104e-03 
-1.669915719974782e+00  1.752733098342383e+00 -1.669915719974782e+00  9.766658411884521e-01 -1.669915719974782e+00  1.373764608114876e+00 -1.669915719974782e+00  9.207360202997478e-02 -1.669915719974782e+00  1.856268961555898e-04 -1.669915719974782e+00  3.219340343768513e-01 -1.669915719974782e+00  2.895906788003269e-01 -1.669915719974782e+00  3.233507720683543e-03 
-1.665915719974782e+00  1.752148977955204e+00 -1.665915719974782e+00  9.772546147115313e-01 -1.665915719974782e+00  1.373055584105504e+00 -1.665915719974782e+00  9.246472914703818e-02 -1.665915719974782e+00  1.879209274997669e-04 -1.665915719974782e+00  3.228151318553306e-01 -1.665915719974782e+00  2.894006787586378e-01 -1.665915719974782e+00  3.231195410778386e-03 
-1.661915719974782e+00  1.751561171719598e+00 -1.661915719974782e+00  9.778469714070179e-01 -1.661915719974782e+00  1.372341260167681e+00 -1.661915719974782e+00  9.285594225346572e-02 -1.661915719974782e+00  1.902294352892927e-04 -1.661915719974782e+00  3.237007703326104e-01 -1.661915719974782e+00  2.892109598959727e-01 -1.661915719974782e+00  3.228869028560642e-03 
-1.657915719974782e+00  1.750969693564798e+00 -1.657915719974782e+00  9.784428993701262e-01 -1.657915719974782e+00  1.371621663547828e+00 -1.657915719974782e+00  9.324722640696147e-02 -1.657915719974782e+00  1.925523648168953e-04 -1.657915719974782e+00  3.245909422519105e-01 -1.657915719974782e+00  2.890215246010542e-01 -1.657915719974782e+00  3.226528620784378e-03 
-1.653915719974782e+00  1.750374557685680e+00 -1.653915719974782e+00  9.790423863435345e-01 -1.653915719974782e+00  1.370896821534078e+00 -1.653915719974782e+00  9.363856683927214e-02 -1.653915719974782e+00  1.948896603316596e-04 -1.653915719974782e+00  3.254856392678669e-01 -1.653915719974782e+00  2.888323750866135e-01 -1.653915719974782e+00  3.224174235588182e-03 
-1.649915719974782e+00  1.749775778554310e+00 -1.649915719974782e+00  9.796454197711426e-01 -1.649915719974782e+00  1.370166761456301e+00 -1.649915719974782e+00  9.402994894539018e-02 -1.649915719974782e+00  1.972412649937073e-04 -1.649915719974782e+00  3.263848522793555e-01 -1.649915719974782e+00  2.886435133800916e-01 -1.649915719974782e+00  3.221805922284024e-03 
-1.645915719974782e+00  1.749173370899561e+00 -1.645915719974782e+00  9.802519867312771e-01 -1.645915719974782e+00  1.369431510686350e+00 -1.645915719974782e+00  9.442135829348970e-02 -1.645915719974782e+00  1.996071209542336e-04 -1.645915719974782e+00  3.272885713998750e-01 -1.645915719974782e+00  2.884549413383626e-01 -1.645915719974782e+00  3.219423731619656e-03 
-1.641915719974782e+00  1.748567349735410e+00 -1.641915719974782e+00  9.808620740567302e-01 -1.641915719974782e+00  1.368691096638486e+00 -1.641915719974782e+00  9.481278060353096e-02 -1.641915719974782e+00  2.019871692444025e-04 -1.641915719974782e+00  3.281967860267778e-01 -1.641915719974782e+00  2.882666606260873e-01 -1.641915719974782e+00  3.217027715307047e-03 
-1.637915719974782e+00  1.747957730320416e+00 -1.637915719974782e+00  9.814756681941901e-01 -1.637915719974782e+00  1.367945546769201e+00 -1.637915719974782e+00  9.520420177003150e-02 -1.637915719974782e+00  2.043813499344838e-04 -1.637915719974782e+00  3.291094847738798e-01 -1.637915719974782e+00  2.880786727453577e-01 -1.637915719974782e+00  3.214617926574603e-03 
-1.633915719974782e+00  1.747344528187496e+00 -1.633915719974782e+00  9.820927553325678e-01 -1.633915719974782e+00  1.367194888577844e+00 -1.633915719974782e+00  9.559560783984145e-02 -1.633915719974782e+00  2.067896020168954e-04 -1.633915719974782e+00  3.300266555465043e-01 -1.633915719974782e+00  2.878909790130342e-01 -1.633915719974782e+00  3.212194419663044e-03 
-1.629915719974782e+00  1.746727759119328e+00 -1.629915719974782e+00  9.827133213258850e-01 -1.629915719974782e+00  1.366439149606278e+00 -1.629915719974782e+00  9.598698502459914e-02 -1.629915719974782e+00  2.092118635028548e-04 -1.629915719974782e+00  3.309482855085366e-01 -1.629915719974782e+00  2.877035805784239e-01 -1.629915719974782e+00  3.209757250128343e-03 
-1.625915719974782e+00  1.746107439157864e+00 -1.625915719974782e+00  9.833373517471181e-01 -1.625915719974782e+00  1.365678357439276e+00 -1.625915719974782e+00  9.637831969152072e-02 -1.625915719974782e+00  2.116480713849790e-04 -1.625915719974782e+00  3.318743611194507e-01 -1.625915719974782e+00  2.875164784157229e-01 -1.625915719974782e+00  3.207306474630244e-03 
-1.621915719974782e+00  1.745483584586024e+00 -1.621915719974782e+00  9.839648318378322e-01 -1.621915719974782e+00  1.364912539703771e+00 -1.621915719974782e+00  9.676959837163912e-02 -1.621915719974782e+00  2.140981617092306e-04 -1.621915719974782e+00  3.328048681162865e-01 -1.621915719974782e+00  2.873296733368472e-01 -1.621915719974782e+00  3.204842151130038e-03 
-1.617915719974782e+00  1.744856211942116e+00 -1.617915719974782e+00  9.845957465831634e-01 -1.617915719974782e+00  1.364141724069593e+00 -1.617915719974782e+00  9.716080774762251e-02 -1.617915719974782e+00  2.165620695182425e-04 -1.617915719974782e+00  3.337397915632646e-01 -1.617915719974782e+00  2.871431659803404e-01 -1.617915719974782e+00  3.202364338596081e-03 
-1.613915719974782e+00  1.744225337996860e+00 -1.613915719974782e+00  9.852300806464367e-01 -1.613915719974782e+00  1.363365938248102e+00 -1.613915719974782e+00  9.755193466478380e-02 -1.613915719974782e+00  2.190397289415930e-04 -1.613915719974782e+00  3.346791158265513e-01 -1.613915719974782e+00  2.869569568274865e-01 -1.613915719974782e+00  3.199873097260603e-03 
-1.609915719974782e+00  1.743590979770727e+00 -1.609915719974782e+00  9.858678184574119e-01 -1.609915719974782e+00  1.362585209993285e+00 -1.609915719974782e+00  9.794296611721739e-02 -1.609915719974782e+00  2.215310731276981e-04 -1.609915719974782e+00  3.356228246322713e-01 -1.609915719974782e+00  2.867710461891996e-01 -1.609915719974782e+00  3.197368488273142e-03 
-1.605915719974782e+00  1.742953154500830e+00 -1.605915719974782e+00  9.865089441113301e-01 -1.605915719974782e+00  1.361799567099087e+00 -1.605915719974782e+00  9.833388926478009e-02 -1.605915719974782e+00  2.240360343738598e-04 -1.605915719974782e+00  3.365709010226094e-01 -1.605915719974782e+00  2.865854342292195e-01 -1.605915719974782e+00  3.194850574096979e-03 
-1.601915719974782e+00  1.742311879665982e+00 -1.601915719974782e+00  9.871534414884553e-01 -1.601915719974782e+00  1.361009037401145e+00 -1.601915719974782e+00  9.872469141458239e-02 -1.601915719974782e+00  2.265545440278505e-04 -1.601915719974782e+00  3.375233274318461e-01 -1.601915719974782e+00  2.864001209455009e-01 -1.601915719974782e+00  3.192319418039687e-03 
-1.597915719974782e+00  1.741667172951850e+00 -1.597915719974782e+00  9.878012941490220e-01 -1.597915719974782e+00  1.360213648773368e+00 -1.597915719974782e+00  9.911536003877112e-02 -1.597915719974782e+00  2.290865326247805e-04 -1.597915719974782e+00  3.384800856406848e-01 -1.597915719974782e+00  2.862151061944317e-01 -1.597915719974782e+00  3.189775084665708e-03 
-1.593915719974782e+00  1.741019052269908e+00 -1.593915719974782e+00  9.884524854317618e-01 -1.593915719974782e+00  1.359413429129214e+00 -1.593915719974782e+00  9.950588275978453e-02 -1.593915719974782e+00  2.316319298126679e-04 -1.593915719974782e+00  3.394411568418393e-01 -1.593915719974782e+00  2.860303896766324e-01 -1.593915719974782e+00  3.187217639409398e-03 
-1.589915719974782e+00  1.740367535746417e+00 -1.589915719974782e+00  9.891069984405179e-01 -1.589915719974782e+00  1.358608406420277e+00 -1.589915719974782e+00  9.989624735372374e-02 -1.589915719974782e+00  2.341906643957112e-04 -1.589915719974782e+00  3.404065216450869e-01 -1.589915719974782e+00  2.858459709441528e-01 -1.589915719974782e+00  3.184647148627594e-03 
-1.585915719974782e+00  1.739712641701544e+00 -1.585915719974782e+00  9.897648159949951e-01 -1.585915719974782e+00  1.357798608633286e+00 -1.585915719974782e+00  1.002864417593552e-01 -1.585915719974782e+00  2.367626644163183e-04 -1.585915719974782e+00  3.413761600625361e-01 -1.585915719974782e+00  2.856618494144268e-01 -1.585915719974782e+00  3.182063679793008e-03 
-1.581915719974782e+00  1.739054388653374e+00 -1.581915719974782e+00  9.904259206758221e-01 -1.581915719974782e+00  1.356984063789688e+00 -1.581915719974782e+00  1.006764540722650e-01 -1.581915719974782e+00  2.393478571393676e-04 -1.581915719974782e+00  3.423500515459829e-01 -1.581915719974782e+00  2.854780243666292e-01 -1.581915719974782e+00  3.179467301317366e-03 
-1.577915719974782e+00  1.738392795329375e+00 -1.577915719974782e+00  9.910902948982190e-01 -1.577915719974782e+00  1.356164799946530e+00 -1.577915719974782e+00  1.010662725348454e-01 -1.577915719974782e+00  2.419461690071421e-04 -1.577915719974782e+00  3.433281750407771e-01 -1.577915719974782e+00  2.852944949329559e-01 -1.577915719974782e+00  3.176858082261927e-03 
-1.573915719974782e+00  1.737727880619810e+00 -1.573915719974782e+00  9.917579207688538e-01 -1.573915719974782e+00  1.355340845189470e+00 -1.573915719974782e+00  1.014558855600396e-01 -1.573915719974782e+00  2.445575258223609e-04 -1.573915719974782e+00  3.443105089194685e-01 -1.573915719974782e+00  2.851112601303240e-01 -1.573915719974782e+00  3.174236092899775e-03 
-1.569915719974782e+00  1.737059663611869e+00 -1.569915719974782e+00  9.924287802459972e-01 -1.569915719974782e+00  1.354512227636364e+00 -1.569915719974782e+00  1.018452817079975e-01 -1.569915719974782e+00  2.471818526140994e-04 -1.569915719974782e+00  3.452970310840141e-01 -1.569915719974782e+00  2.849283188357441e-01 -1.569915719974782e+00  3.171601404086810e-03 
-1.565915719974782e+00  1.736388163554982e+00 -1.565915719974782e+00  9.931028550423882e-01 -1.565915719974782e+00  1.353678975431394e+00 -1.565915719974782e+00  1.022344497026893e-01 -1.565915719974782e+00  2.498190737740334e-04 -1.565915719974782e+00  3.462877189251048e-01 -1.565915719974782e+00  2.847456698095638e-01 -1.565915719974782e+00  3.168954087643184e-03 
-1.561915719974782e+00  1.735713399869564e+00 -1.561915719974782e+00  9.937801266912829e-01 -1.561915719974782e+00  1.352841116745160e+00 -1.561915719974782e+00  1.026233784233238e-01 -1.561915719974782e+00  2.524691130221211e-04 -1.561915719974782e+00  3.472825493724983e-01 -1.561915719974782e+00  2.845633116885314e-01 -1.561915719974782e+00  3.166294216093958e-03 
-1.557915719974782e+00  1.735035392133568e+00 -1.557915719974782e+00  9.944605765300637e-01 -1.557915719974782e+00  1.351998679771448e+00 -1.557915719974782e+00  1.030120569085161e-01 -1.557915719974782e+00  2.551318934593904e-04 -1.557915719974782e+00  3.482814988994345e-01 -1.557915719974782e+00  2.843812429941658e-01 -1.557915719974782e+00  3.163621862733476e-03 
-1.553915719974782e+00  1.734354160081131e+00 -1.553915719974782e+00  9.951441857294211e-01 -1.553915719974782e+00  1.351151692725753e+00 -1.553915719974782e+00  1.034004743535103e-01 -1.553915719974782e+00  2.578073375732726e-04 -1.553915719974782e+00  3.492845435526929e-01 -1.553915719974782e+00  2.841994621327819e-01 -1.553915719974782e+00  3.160937101510674e-03 
-1.549915719974782e+00  1.733669723582959e+00 -1.549915719974782e+00  9.958309352546739e-01 -1.549915719974782e+00  1.350300183840594e+00 -1.549915719974782e+00  1.037886201176436e-01 -1.549915719974782e+00  2.604953673146645e-04 -1.549915719974782e+00  3.502916589443494e-01 -1.549915719974782e+00  2.840179674079594e-01 -1.549915719974782e+00  3.158240007181102e-03 
-1.545915719974782e+00  1.732982102648308e+00 -1.545915719974782e+00  9.965208059081372e-01 -1.545915719974782e+00  1.349444181364303e+00 -1.545915719974782e+00  1.041764837195544e-01 -1.545915719974782e+00  2.631959040901285e-04 -1.545915719974782e+00  3.513028202892511e-01 -1.545915719974782e+00  2.838367570181917e-01 -1.545915719974782e+00  3.155530655140487e-03 
-1.541915719974782e+00  1.732291317426413e+00 -1.541915719974782e+00  9.972137783695759e-01 -1.541915719974782e+00  1.348583713559918e+00 -1.541915719974782e+00  1.045640548328237e-01 -1.541915719974782e+00  2.659088687563144e-04 -1.541915719974782e+00  3.523180024416745e-01 -1.541915719974782e+00  2.836558290549951e-01 -1.541915719974782e+00  3.152809121265808e-03 
-1.537915719974782e+00  1.731597388181779e+00 -1.537915719974782e+00  9.979098331393551e-01 -1.537915719974782e+00  1.347718808699085e+00 -1.537915719974782e+00  1.049513232960615e-01 -1.537915719974782e+00  2.686341817169971e-04 -1.537915719974782e+00  3.533371798766112e-01 -1.537915719974782e+00  2.834751815186659e-01 -1.537915719974782e+00  3.150075482138654e-03 
-1.533915719974782e+00  1.730900335295151e+00 -1.533915719974782e+00  9.986089505774713e-01 -1.533915719974782e+00  1.346849495060484e+00 -1.533915719974782e+00  1.053382791086253e-01 -1.533915719974782e+00  2.713717629192444e-04 -1.533915719974782e+00  3.543603267253522e-01 -1.533915719974782e+00  2.832948123165889e-01 -1.533915719974782e+00  3.147329814891847e-03 
-1.529915719974782e+00  1.730200179254816e+00 -1.529915719974782e+00  9.993111109066615e-01 -1.529915719974782e+00  1.345975800926439e+00 -1.529915719974782e+00  1.057249124317036e-01 -1.529915719974782e+00  2.741215318876385e-04 -1.529915719974782e+00  3.553874167906508e-01 -1.529915719974782e+00  2.831147192680691e-01 -1.529915719974782e+00  3.144572197197298e-03 
-1.525915719974782e+00  1.729496940657498e+00 -1.525915719974782e+00  1.000016294251174e+00 -1.525915719974782e+00  1.345097754581412e+00 -1.525915719974782e+00  1.061112135841469e-01 -1.525915719974782e+00  2.768834077207395e-04 -1.525915719974782e+00  3.564184235822709e-01 -1.525915719974782e+00  2.829349001027379e-01 -1.525915719974782e+00  3.141802707113718e-03 
-1.521915719974782e+00  1.728790640188838e+00 -1.521915719974782e+00  1.000724480599458e+00 -1.521915719974782e+00  1.344215384306212e+00 -1.521915719974782e+00  1.064971730493694e-01 -1.521915719974782e+00  2.796573091677501e-04 -1.521915719974782e+00  3.574533203087303e-01 -1.521915719974782e+00  2.827553524725883e-01 -1.521915719974782e+00  3.139021423233137e-03 
-1.517915719974782e+00  1.728081298624848e+00 -1.517915719974782e+00  1.001435649844895e+00 -1.517915719974782e+00  1.343328718376426e+00 -1.517915719974782e+00  1.068827814708025e-01 -1.517915719974782e+00  2.824431546228174e-04 -1.517915719974782e+00  3.584920799137088e-01 -1.517915719974782e+00  2.825760739499503e-01 -1.517915719974782e+00  3.136228424520929e-03 
-1.513915719974782e+00  1.727368936810069e+00 -1.513915719974782e+00  1.002149781739608e+00 -1.513915719974782e+00  1.342437785055708e+00 -1.513915719974782e+00  1.072680296598478e-01 -1.513915719974782e+00  2.852408622108406e-04 -1.513915719974782e+00  3.595346750621268e-01 -1.513915719974782e+00  2.823970620409413e-01 -1.513915719974782e+00  3.133423790497283e-03 
-1.509915719974782e+00  1.726653575674151e+00 -1.509915719974782e+00  1.002866855991083e+00 -1.509915719974782e+00  1.341542612597542e+00 -1.509915719974782e+00  1.076529085832339e-01 -1.509915719974782e+00  2.880503497223264e-04 -1.509915719974782e+00  3.605810782086836e-01 -1.509915719974782e+00  2.822183141734179e-01 -1.509915719974782e+00  3.130607600857647e-03 
-1.505915719974782e+00  1.725935236208800e+00 -1.505915719974782e+00  1.003586852211009e+00 -1.505915719974782e+00  1.340643229238180e+00 -1.505915719974782e+00  1.080374093715949e-01 -1.505915719974782e+00  2.908715347039624e-04 -1.505915719974782e+00  3.616312615807598e-01 -1.505915719974782e+00  2.820398277112128e-01 -1.505915719974782e+00  3.127779935673740e-03 
-1.501915719974782e+00  1.725213939458961e+00 -1.501915719974782e+00  1.004309749916781e+00 -1.501915719974782e+00  1.339739663192508e+00 -1.501915719974782e+00  1.084215233203102e-01 -1.501915719974782e+00  2.937043344932630e-04 -1.501915719974782e+00  3.626851971914310e-01 -1.501915719974782e+00  2.818615999588575e-01 -1.501915719974782e+00  3.124940875387561e-03 
-1.497915719974782e+00  1.724489706530085e+00 -1.497915719974782e+00  1.005035528592556e+00 -1.497915719974782e+00  1.338831942653790e+00 -1.497915719974782e+00  1.088052418819089e-01 -1.497915719974782e+00  2.965486661899790e-04 -1.497915719974782e+00  3.637428568870777e-01 -1.497915719974782e+00  2.816836281557546e-01 -1.497915719974782e+00  3.122090500571668e-03 
-1.493915719974782e+00  1.723762558561616e+00 -1.493915719974782e+00  1.005764167624130e+00 -1.493915719974782e+00  1.337920095785243e+00 -1.493915719974782e+00  1.091885566762012e-01 -1.493915719974782e+00  2.994044467603058e-04 -1.493915719974782e+00  3.648042123211547e-01 -1.493915719974782e+00  2.815059094925243e-01 -1.493915719974782e+00  3.119228892184901e-03 
-1.489915719974782e+00  1.723032516734235e+00 -1.489915719974782e+00  1.006495646359089e+00 -1.489915719974782e+00  1.337004150719673e+00 -1.489915719974782e+00  1.095714594826646e-01 -1.489915719974782e+00  3.022715930083990e-04 -1.489915719974782e+00  3.658692350008246e-01 -1.489915719974782e+00  2.813284411051717e-01 -1.489915719974782e+00  3.116356131336203e-03 
-1.485915719974782e+00  1.722299602263559e+00 -1.485915719974782e+00  1.007229944116010e+00 -1.485915719974782e+00  1.336084135555933e+00 -1.485915719974782e+00  1.099539422399881e-01 -1.485915719974782e+00  3.051500216011030e-04 -1.485915719974782e+00  3.669378963037302e-01 -1.485915719974782e+00  2.811512200781852e-01 -1.485915719974782e+00  3.113472299248409e-03 
-1.481915719974782e+00  1.721563836380776e+00 -1.481915719974782e+00  1.007967040144572e+00 -1.481915719974782e+00  1.335160078351854e+00 -1.481915719974782e+00  1.103359970522871e-01 -1.481915719974782e+00  3.080396491440861e-04 -1.481915719974782e+00  3.680101674655311e-01 -1.481915719974782e+00  2.809742434560927e-01 -1.481915719974782e+00  3.110577477414934e-03 
-1.477915719974782e+00  1.720825240344053e+00 -1.477915719974782e+00  1.008706913699620e+00 -1.477915719974782e+00  1.334232007125145e+00 -1.477915719974782e+00  1.107176161794701e-01 -1.477915719974782e+00  3.109403921369783e-04 -1.477915719974782e+00  3.690860196342743e-01 -1.477915719974782e+00  2.807975082350144e-01 -1.477915719974782e+00  3.107671747308951e-03 
-1.473915719974782e+00  1.720083835416235e+00 -1.473915719974782e+00  1.009449543989347e+00 -1.473915719974782e+00  1.333299949845443e+00 -1.473915719974782e+00  1.110987920449143e-01 -1.473915719974782e+00  3.138521670609812e-04 -1.473915719974782e+00  3.701654238503335e-01 -1.473915719974782e+00  2.806210113760825e-01 -1.473915719974782e+00  3.104755190586761e-03 
-1.469915719974782e+00  1.719339642866160e+00 -1.469915719974782e+00  1.010194910210505e+00 -1.469915719974782e+00  1.332363934432547e+00 -1.469915719974782e+00  1.114795172310223e-01 -1.469915719974782e+00  3.167748903737339e-04 -1.469915719974782e+00  3.712483510773674e-01 -1.469915719974782e+00  2.804447498035836e-01 -1.469915719974782e+00  3.101827888949699e-03 
-1.465915719974782e+00  1.718592683963166e+00 -1.465915719974782e+00  1.010942991557966e+00 -1.465915719974782e+00  1.331423988752860e+00 -1.465915719974782e+00  1.118597844782893e-01 -1.465915719974782e+00  3.197084785308451e-04 -1.465915719974782e+00  3.723347722179299e-01 -1.465915719974782e+00  2.802687204074738e-01 -1.465915719974782e+00  3.098889924106443e-03 
-1.461915719974782e+00  1.717842979964328e+00 -1.461915719974782e+00  1.011693767206390e+00 -1.461915719974782e+00  1.330480140613772e+00 -1.461915719974782e+00  1.122395866880101e-01 -1.461915719974782e+00  3.226528480360726e-04 -1.461915719974782e+00  3.734246581121911e-01 -1.461915719974782e+00  2.800929200505977e-01 -1.461915719974782e+00  3.095941377845025e-03 
-1.457915719974782e+00  1.717090552119379e+00 -1.457915719974782e+00  1.012447216356997e+00 -1.457915719974782e+00  1.329532417763004e+00 -1.457915719974782e+00  1.126189169161259e-01 -1.457915719974782e+00  3.256079154220071e-04 -1.457915719974782e+00  3.745179795750917e-01 -1.457915719974782e+00  2.799173455645662e-01 -1.457915719974782e+00  3.092982331849215e-03 
-1.453915719974782e+00  1.716335421655586e+00 -1.453915719974782e+00  1.013203318209324e+00 -1.453915719974782e+00  1.328580847882267e+00 -1.453915719974782e+00  1.129977683771043e-01 -1.453915719974782e+00  3.285735973094070e-04 -1.453915719974782e+00  3.756147073886013e-01 -1.453915719974782e+00  2.797419937584569e-01 -1.453915719974782e+00  3.090012867809328e-03 
-1.449915719974782e+00  1.715577609772647e+00 -1.449915719974782e+00  1.013962051969367e+00 -1.449915719974782e+00  1.327625458583720e+00 -1.449915719974782e+00  1.133761344427936e-01 -1.449915719974782e+00  3.315498104273144e-04 -1.449915719974782e+00  3.767148123152625e-01 -1.449915719974782e+00  2.795668614211160e-01 -1.449915719974782e+00  3.087033067390377e-03 
-1.445915719974782e+00  1.714817137643205e+00 -1.445915719974782e+00  1.014723396877856e+00 -1.445915719974782e+00  1.326666277408119e+00 -1.445915719974782e+00  1.137540086385426e-01 -1.445915719974782e+00  3.345364716110272e-04 -1.445915719974782e+00  3.778182651235621e-01 -1.445915719974782e+00  2.793919453199079e-01 -1.445915719974782e+00  3.084043012120941e-03 
-1.441915719974782e+00  1.714054026410528e+00 -1.441915719974782e+00  1.015487332227422e+00 -1.441915719974782e+00  1.325703331822253e+00 -1.441915719974782e+00  1.141313846407958e-01 -1.441915719974782e+00  3.375334978112147e-04 -1.441915719974782e+00  3.789250366064931e-01 -1.441915719974782e+00  2.792172422012956e-01 -1.441915719974782e+00  3.081042783325739e-03 
-1.437915719974782e+00  1.713288297162766e+00 -1.437915719974782e+00  1.016253837291982e+00 -1.437915719974782e+00  1.324736649209137e+00 -1.437915719974782e+00  1.145082562860629e-01 -1.437915719974782e+00  3.405408061949878e-04 -1.437915719974782e+00  3.800350975469405e-01 -1.437915719974782e+00  2.790427488062481e-01 -1.437915719974782e+00  3.078032462403046e-03 
-1.433915719974782e+00  1.712519970955390e+00 -1.433915719974782e+00  1.017022891434257e+00 -1.433915719974782e+00  1.323766256872955e+00 -1.433915719974782e+00  1.148846175564540e-01 -1.433915719974782e+00  3.435583140578761e-04 -1.433915719974782e+00  3.811484187899262e-01 -1.433915719974782e+00  2.788684618551612e-01 -1.433915719974782e+00  3.075012130402299e-03 
-1.429915719974782e+00  1.711749068786883e+00 -1.429915719974782e+00  1.017794474039089e+00 -1.429915719974782e+00  1.322792182029705e+00 -1.429915719974782e+00  1.152604625879715e-01 -1.429915719974782e+00  3.465859389191904e-04 -1.429915719974782e+00  3.822649712097961e-01 -1.429915719974782e+00  2.786943780623667e-01 -1.429915719974782e+00  3.071981868286112e-03 
-1.425915719974782e+00  1.710975611595131e+00 -1.425915719974782e+00  1.018568564522726e+00 -1.425915719974782e+00  1.321814451804104e+00 -1.425915719974782e+00  1.156357856687129e-01 -1.425915719974782e+00  3.496235985362755e-04 -1.425915719974782e+00  3.833847257227132e-01 -1.425915719974782e+00  2.785204941375441e-01 -1.425915719974782e+00  3.068941756893765e-03 
-1.421915719974782e+00  1.710199620270845e+00 -1.421915719974782e+00  1.019345142404683e+00 -1.421915719974782e+00  1.320833093232102e+00 -1.421915719974782e+00  1.160105812290237e-01 -1.421915719974782e+00  3.526712108517754e-04 -1.421915719974782e+00  3.845076533369186e-01 -1.421915719974782e+00  2.783468067764833e-01 -1.421915719974782e+00  3.065891876658923e-03 
-1.417915719974782e+00  1.709421115630197e+00 -1.417915719974782e+00  1.020124187227447e+00 -1.417915719974782e+00  1.319848133250340e+00 -1.417915719974782e+00  1.163848438511736e-01 -1.417915719974782e+00  3.557286941011297e-04 -1.417915719974782e+00  3.856337251105646e-01 -1.417915719974782e+00  2.781733126774701e-01 -1.417915719974782e+00  3.062832307925067e-03 
-1.413915719974782e+00  1.708640118426567e+00 -1.413915719974782e+00  1.020905678620514e+00 -1.413915719974782e+00  1.318859598698171e+00 -1.413915719974782e+00  1.167585682603680e-01 -1.413915719974782e+00  3.587959667663992e-04 -1.413915719974782e+00  3.867629121967016e-01 -1.413915719974782e+00  2.780000085331544e-01 -1.413915719974782e+00  3.059763130693969e-03 
-1.409915719974782e+00  1.707856649332284e+00 -1.409915719974782e+00  1.021689596252497e+00 -1.409915719974782e+00  1.317867516309952e+00 -1.409915719974782e+00  1.171317493300447e-01 -1.409915719974782e+00  3.618729476480377e-04 -1.409915719974782e+00  3.878951858200473e-01 -1.409915719974782e+00  2.778268910411875e-01 -1.409915719974782e+00  3.056684424813741e-03 
-1.405915719974782e+00  1.707070728951807e+00 -1.405915719974782e+00  1.022475919898956e+00 -1.405915719974782e+00  1.316871912717738e+00 -1.405915719974782e+00  1.175043820723658e-01 -1.405915719974782e+00  3.649595558130985e-04 -1.405915719974782e+00  3.890305173239188e-01 -1.405915719974782e+00  2.776539568952964e-01 -1.405915719974782e+00  3.053596269712530e-03 
-1.401915719974782e+00  1.706282377803708e+00 -1.401915719974782e+00  1.023264629393864e+00 -1.401915719974782e+00  1.315872814443668e+00 -1.401915719974782e+00  1.178764616434265e-01 -1.401915719974782e+00  3.680557106660021e-04 -1.401915719974782e+00  3.901688781460486e-01 -1.401915719974782e+00  2.774812027957950e-01 -1.401915719974782e+00  3.050498744589032e-03 
-1.397915719974782e+00  1.705491616323175e+00 -1.397915719974782e+00  1.024055704656480e+00 -1.397915719974782e+00  1.314870247899173e+00 -1.397915719974782e+00  1.182479833388425e-01 -1.397915719974782e+00  3.711613319387010e-04 -1.397915719974782e+00  3.913102398400580e-01 -1.397915719974782e+00  2.773086254473348e-01 -1.397915719974782e+00  3.047391928307020e-03 
-1.393915719974782e+00  1.704698464854816e+00 -1.393915719974782e+00  1.024849125681379e+00 -1.393915719974782e+00  1.313864239380969e+00 -1.393915719974782e+00  1.186189425939098e-01 -1.393915719974782e+00  3.742763397189800e-04 -1.393915719974782e+00  3.924545740742174e-01 -1.393915719974782e+00  2.771362215627186e-01 -1.393915719974782e+00  3.044275899434461e-03 
-1.389915719974782e+00  1.703902943664625e+00 -1.389915719974782e+00  1.025644872599003e+00 -1.389915719974782e+00  1.312854815073770e+00 -1.389915719974782e+00  1.189893349749877e-01 -1.389915719974782e+00  3.774006544034397e-04 -1.389915719974782e+00  3.936018526732284e-01 -1.389915719974782e+00  2.769639878548803e-01 -1.389915719974782e+00  3.041150736005733e-03 
-1.385915719974782e+00  1.703105072903971e+00 -1.385915719974782e+00  1.026442925557564e+00 -1.385915719974782e+00  1.311842001036213e+00 -1.385915719974782e+00  1.193591561929358e-01 -1.385915719974782e+00  3.805341968389245e-04 -1.385915719974782e+00  3.947520475500869e-01 -1.385915719974782e+00  2.767919210584868e-01 -1.385915719974782e+00  3.038016515985436e-03 
-1.381915719974782e+00  1.702304872644774e+00 -1.381915719974782e+00  1.027243264868005e+00 -1.381915719974782e+00  1.310825823211816e+00 -1.381915719974782e+00  1.197284020839451e-01 -1.381915719974782e+00  3.836768881843850e-04 -1.381915719974782e+00  3.959051307992669e-01 -1.381915719974782e+00  2.766200179076909e-01 -1.381915719974782e+00  3.034873316699061e-03 
-1.377915719974782e+00  1.701502362844151e+00 -1.377915719974782e+00  1.028045870887124e+00 -1.377915719974782e+00  1.309806307415081e+00 -1.377915719974782e+00  1.200970686226761e-01 -1.377915719974782e+00  3.868286500497554e-04 -1.377915719974782e+00  3.970610746287473e-01 -1.377915719974782e+00  2.764482751573009e-01 -1.377915719974782e+00  3.031721215292015e-03 
-1.373915719974782e+00  1.700697563370541e+00 -1.373915719974782e+00  1.028850724127610e+00 -1.373915719974782e+00  1.308783479339553e+00 -1.373915719974782e+00  1.204651519074392e-01 -1.373915719974782e+00  3.899894043933247e-04 -1.373915719974782e+00  3.982198514315082e-01 -1.373915719974782e+00  2.762766895662220e-01 -1.373915719974782e+00  3.028560288297441e-03 
-1.369915719974782e+00  1.699890493977251e+00 -1.369915719974782e+00  1.029657805172684e+00 -1.369915719974782e+00  1.307757364547010e+00 -1.369915719974782e+00  1.208326481692622e-01 -1.369915719974782e+00  3.931590736256173e-04 -1.369915719974782e+00  3.993814337363694e-01 -1.369915719974782e+00  2.761052579131696e-01 -1.369915719974782e+00  3.025390611971530e-03 
-1.365915719974782e+00  1.699081174303260e+00 -1.365915719974782e+00  1.030467094691170e+00 -1.365915719974782e+00  1.306727988466431e+00 -1.365915719974782e+00  1.211995537685912e-01 -1.365915719974782e+00  3.963375806063121e-04 -1.365915719974782e+00  4.005457942204402e-01 -1.365915719974782e+00  2.759339769956350e-01 -1.365915719974782e+00  3.022212262234258e-03 
-1.361915719974782e+00  1.698269623896237e+00 -1.361915719974782e+00  1.031278573534028e+00 -1.361915719974782e+00  1.305695376401370e+00 -1.361915719974782e+00  1.215658651822237e-01 -1.361915719974782e+00  3.995248485537784e-04 -1.361915719974782e+00  4.017129057720334e-01 -1.361915719974782e+00  2.757628436154135e-01 -1.361915719974782e+00  3.019025314290279e-03 
-1.357915719974782e+00  1.697455862167676e+00 -1.357915719974782e+00  1.032092222578993e+00 -1.357915719974782e+00  1.304659553512168e+00 -1.357915719974782e+00  1.219315790205198e-01 -1.357915719974782e+00  4.027208012212927e-04 -1.357915719974782e+00  4.028827413972047e-01 -1.357915719974782e+00  2.755918546054911e-01 -1.357915719974782e+00  3.015829843239099e-03 
-1.353915719974782e+00  1.696639908433885e+00 -1.353915719974782e+00  1.032908022892479e+00 -1.353915719974782e+00  1.303620544830170e+00 -1.353915719974782e+00  1.222966920064689e-01 -1.353915719974782e+00  4.059253627360952e-04 -1.353915719974782e+00  4.040552743228754e-01 -1.353915719974782e+00  2.754210068046781e-01 -1.353915719974782e+00  3.012625923439228e-03 
-1.349915719974782e+00  1.695821781881160e+00 -1.349915719974782e+00  1.033725955610129e+00 -1.349915719974782e+00  1.302578375243600e+00 -1.349915719974782e+00  1.226612009884307e-01 -1.349915719974782e+00  4.091384577361278e-04 -1.349915719974782e+00  4.052304779251414e-01 -1.349915719974782e+00  2.752502970783891e-01 -1.349915719974782e+00  3.009413628977286e-03 
-1.345915719974782e+00  1.695001501579593e+00 -1.345915719974782e+00  1.034546001996937e+00 -1.345915719974782e+00  1.301533069501757e+00 -1.345915719974782e+00  1.230251029313817e-01 -1.345915719974782e+00  4.123600113158460e-04 -1.345915719974782e+00  4.064083257689121e-01 -1.345915719974782e+00  2.750797223098624e-01 -1.345915719974782e+00  3.006193033431887e-03 
-1.341915719974782e+00  1.694179086486200e+00 -1.341915719974782e+00  1.035368143467120e+00 -1.341915719974782e+00  1.300484652215322e+00 -1.341915719974782e+00  1.233883949130061e-01 -1.341915719974782e+00  4.155899490139015e-04 -1.341915719974782e+00  4.075887916224936e-01 -1.341915719974782e+00  2.749092793979532e-01 -1.341915719974782e+00  3.002964209795597e-03 
-1.337915719974782e+00  1.693354555420602e+00 -1.337915719974782e+00  1.036192361502027e+00 -1.337915719974782e+00  1.299433147846034e+00 -1.337915719974782e+00  1.237510741317317e-01 -1.337915719974782e+00  4.188281969086752e-04 -1.337915719974782e+00  4.087718494082950e-01 -1.337915719974782e+00  2.747389652714708e-01 -1.337915719974782e+00  2.999727230797342e-03 
-1.333915719974782e+00  1.692527927092823e+00 -1.333915719974782e+00  1.037018637760205e+00 -1.333915719974782e+00  1.298378580716628e+00 -1.333915719974782e+00  1.241131378921652e-01 -1.333915719974782e+00  4.220746815091215e-04 -1.333915719974782e+00  4.099574732733748e-01 -1.333915719974782e+00  2.745687768721065e-01 -1.333915719974782e+00  2.996482168470117e-03 
-1.329915719974782e+00  1.691699220079014e+00 -1.329915719974782e+00  1.037846953994378e+00 -1.329915719974782e+00  1.297320975000551e+00 -1.329915719974782e+00  1.244745836131668e-01 -1.329915719974782e+00  4.253293298500666e-04 -1.329915719974782e+00  4.111456375392099e-01 -1.329915719974782e+00  2.743987111687797e-01 -1.329915719974782e+00  2.993229094477053e-03 
-1.325915719974782e+00  1.690868452835336e+00 -1.325915719974782e+00  1.038677292109019e+00 -1.325915719974782e+00  1.296260354726663e+00 -1.325915719974782e+00  1.248354088194739e-01 -1.325915719974782e+00  4.285920694377469e-04 -1.325915719974782e+00  4.123363167392233e-01 -1.325915719974782e+00  2.742287651490222e-01 -1.325915719974782e+00  2.989968079885331e-03 
-1.321915719974782e+00  1.690035643681975e+00 -1.321915719974782e+00  1.039509634106967e+00 -1.321915719974782e+00  1.295196743772141e+00 -1.321915719974782e+00  1.251956111461886e-01 -1.321915719974782e+00  4.318628283125165e-04 -1.321915719974782e+00  4.135294855866789e-01 -1.321915719974782e+00  2.740589358283297e-01 -1.321915719974782e+00  2.986699195375783e-03 
-1.317915719974782e+00  1.689200810814689e+00 -1.317915719974782e+00  1.040343962137442e+00 -1.317915719974782e+00  1.294130165866403e+00 -1.317915719974782e+00  1.255551883315374e-01 -1.317915719974782e+00  4.351415350035859e-04 -1.317915719974782e+00  4.147251190060026e-01 -1.317915719974782e+00  2.738892202430013e-01 -1.317915719974782e+00  2.983422511054392e-03 
-1.313915719974782e+00  1.688363972299159e+00 -1.313915719974782e+00  1.041180258479907e+00 -1.313915719974782e+00  1.293060644588204e+00 -1.313915719974782e+00  1.259141382170281e-01 -1.313915719974782e+00  4.384281185511420e-04 -1.313915719974782e+00  4.159231921237532e-01 -1.313915719974782e+00  2.737196154533313e-01 -1.313915719974782e+00  2.980138096515598e-03 
-1.309915719974782e+00  1.687525146069093e+00 -1.309915719974782e+00  1.042018505541401e+00 -1.309915719974782e+00  1.291988203364263e+00 -1.309915719974782e+00  1.262724587460363e-01 -1.309915719974782e+00  4.417225085138079e-04 -1.309915719974782e+00  4.171236802679118e-01 -1.309915719974782e+00  2.735501185445580e-01 -1.309915719974782e+00  2.976846020852848e-03 
-1.305915719974782e+00  1.686684349928716e+00 -1.305915719974782e+00  1.042858685869724e+00 -1.305915719974782e+00  1.290912865469729e+00 -1.305915719974782e+00  1.266301479606022e-01 -1.305915719974782e+00  4.450246349589228e-04 -1.305915719974782e+00  4.183265589770203e-01 -1.305915719974782e+00  2.733807266251998e-01 -1.305915719974782e+00  2.973546352606734e-03 
-1.301915719974782e+00  1.685841601547004e+00 -1.301915719974782e+00  1.043700782135466e+00 -1.301915719974782e+00  1.289834654025287e+00 -1.301915719974782e+00  1.269872040017185e-01 -1.301915719974782e+00  4.483344284851125e-04 -1.301915719974782e+00  4.195318039895730e-01 -1.301915719974782e+00  2.732114368303709e-01 -1.301915719974782e+00  2.970239159835632e-03 
-1.297915719974782e+00  1.684996918461383e+00 -1.297915719974782e+00  1.044544777148939e+00 -1.297915719974782e+00  1.288753591998188e+00 -1.297915719974782e+00  1.273436251057068e-01 -1.297915719974782e+00  4.516518202077877e-04 -1.297915719974782e+00  4.207393912553106e-01 -1.297915719974782e+00  2.730422463194154e-01 -1.297915719974782e+00  2.966924510049174e-03 
-1.293915719974782e+00  1.684150318073223e+00 -1.293915719974782e+00  1.045390653846073e+00 -1.293915719974782e+00  1.287669702199938e+00 -1.293915719974782e+00  1.276994096040628e-01 -1.293915719974782e+00  4.549767417768813e-04 -1.293915719974782e+00  4.219492969268049e-01 -1.293915719974782e+00  2.728731522784986e-01 -1.293915719974782e+00  2.963602470263655e-03 
-1.289915719974782e+00  1.683301817653321e+00 -1.289915719974782e+00  1.046238395311041e+00 -1.289915719974782e+00  1.286583007288171e+00 -1.289915719974782e+00  1.280545559191974e-01 -1.289915719974782e+00  4.583091253552656e-04 -1.289915719974782e+00  4.231614973741891e-01 -1.289915719974782e+00  2.727041519172463e-01 -1.289915719974782e+00  2.960273106913170e-03 
-1.285915719974782e+00  1.682451434334951e+00 -1.285915719974782e+00  1.047087984752504e+00 -1.285915719974782e+00  1.285493529763382e+00 -1.285915719974782e+00  1.284090625653673e-01 -1.285915719974782e+00  4.616489036460709e-04 -1.285915719974782e+00  4.243759691704164e-01 -1.285915719974782e+00  2.725352424727972e-01 -1.285915719974782e+00  2.956936485942910e-03 
-1.281915719974782e+00  1.681599185116447e+00 -1.281915719974782e+00  1.047939405514730e+00 -1.281915719974782e+00  1.284401291969647e+00 -1.281915719974782e+00  1.287629281457016e-01 -1.281915719974782e+00  4.649960098825478e-04 -1.281915719974782e+00  4.255926890985227e-01 -1.281915719974782e+00  2.723664212082051e-01 -1.281915719974782e+00  2.953592672765464e-03 
-1.277915719974782e+00  1.680745086860131e+00 -1.277915719974782e+00  1.048792641074944e+00 -1.277915719974782e+00  1.283306316093869e+00 -1.277915719974782e+00  1.291161513507801e-01 -1.277915719974782e+00  4.683503778322627e-04 -1.277915719974782e+00  4.268116341500585e-01 -1.277915719974782e+00  2.721976854130203e-01 -1.277915719974782e+00  2.950241732271308e-03 
-1.273915719974782e+00  1.679889156300975e+00 -1.273915719974782e+00  1.049647675076121e+00 -1.273915719974782e+00  1.282208624169243e+00 -1.273915719974782e+00  1.294687309533176e-01 -1.273915719974782e+00  4.717119417631068e-04 -1.273915719974782e+00  4.280327815460073e-01 -1.273915719974782e+00  2.720290323981691e-01 -1.273915719974782e+00  2.946883728699910e-03 
-1.269915719974782e+00  1.679031410025410e+00 -1.269915719974782e+00  1.050504491249467e+00 -1.269915719974782e+00  1.281108238065910e+00 -1.269915719974782e+00  1.298206658149720e-01 -1.269915719974782e+00  4.750806365264624e-04 -1.269915719974782e+00  4.292561086874410e-01 -1.269915719974782e+00  2.718604595084245e-01 -1.269915719974782e+00  2.943518725944270e-03 
-1.265915719974782e+00  1.678171864493874e+00 -1.265915719974782e+00  1.051363073497922e+00 -1.265915719974782e+00  1.280005179500449e+00 -1.265915719974782e+00  1.301719548754875e-01 -1.265915719974782e+00  4.784563974687440e-04 -1.265915719974782e+00  4.304815932085360e-01 -1.265915719974782e+00  2.716919641091109e-01 -1.265915719974782e+00  2.940146787222876e-03 
-1.261915719974782e+00  1.677310536025842e+00 -1.261915719974782e+00  1.052223405840869e+00 -1.261915719974782e+00  1.278899470029244e+00 -1.261915719974782e+00  1.305225971570426e-01 -1.261915719974782e+00  4.818391604900922e-04 -1.261915719974782e+00  4.317092129411918e-01 -1.261915719974782e+00  2.715235435949552e-01 -1.261915719974782e+00  2.936767975296965e-03 
-1.257915719974782e+00  1.676447440808178e+00 -1.257915719974782e+00  1.053085472444809e+00 -1.257915719974782e+00  1.277791131051973e+00 -1.257915719974782e+00  1.308725917592445e-01 -1.257915719974782e+00  4.852288620116450e-04 -1.257915719974782e+00  4.329389459343327e-01 -1.257915719974782e+00  2.713551953851787e-01 -1.257915719974782e+00  2.933382352349976e-03 
-1.253915719974782e+00  1.675582594892526e+00 -1.253915719974782e+00  1.053949257613097e+00 -1.253915719974782e+00  1.276680183810361e+00 -1.253915719974782e+00  1.312219378585709e-01 -1.253915719974782e+00  4.886254389857497e-04 -1.253915719974782e+00  4.341707704470676e-01 -1.253915719974782e+00  2.711869169250947e-01 -1.253915719974782e+00  2.929989980027838e-03 
-1.249915719974782e+00  1.674716014194852e+00 -1.249915719974782e+00  1.054814745783586e+00 -1.249915719974782e+00  1.275566649387906e+00 -1.249915719974782e+00  1.315706347069800e-01 -1.249915719974782e+00  4.920288288977746e-04 -1.249915719974782e+00  4.354046649468143e-01 -1.249915719974782e+00  2.710187056864169e-01 -1.249915719974782e+00  2.926590919448314e-03 
-1.245915719974782e+00  1.673847714493918e+00 -1.245915719974782e+00  1.055681921521872e+00 -1.245915719974782e+00  1.274450548709127e+00 -1.245915719974782e+00  1.319186816309724e-01 -1.245915719974782e+00  4.954389697721057e-04 -1.245915719974782e+00  4.366406081045370e-01 -1.245915719974782e+00  2.708505591682349e-01 -1.245915719974782e+00  2.923185231227447e-03 
-1.241915719974782e+00  1.672977711433060e+00 -1.241915719974782e+00  1.056550769526690e+00 -1.241915719974782e+00  1.273331902540322e+00 -1.241915719974782e+00  1.322660780293797e-01 -1.241915719974782e+00  4.988558001651341e-04 -1.241915719974782e+00  4.378785787977086e-01 -1.241915719974782e+00  2.706824748960349e-01 -1.241915719974782e+00  2.919772975458406e-03 
-1.237915719974782e+00  1.672106020523280e+00 -1.237915719974782e+00  1.057421274639830e+00 -1.237915719974782e+00  1.272210731490944e+00 -1.237915719974782e+00  1.326128233706985e-01 -1.237915719974782e+00  5.022792591531534e-04 -1.237915719974782e+00  4.391185561161439e-01 -1.237915719974782e+00  2.705144504199882e-01 -1.237915719974782e+00  2.916354211672525e-03 
-1.233915719974782e+00  1.671232657143267e+00 -1.233915719974782e+00  1.058293421844470e+00 -1.233915719974782e+00  1.271087056013660e+00 -1.233915719974782e+00  1.329589171916742e-01 -1.233915719974782e+00  5.057092863322519e-04 -1.233915719974782e+00  4.403605193603678e-01 -1.233915719974782e+00  2.703464833150591e-01 -1.233915719974782e+00  2.912928998845880e-03 
-1.229915719974782e+00  1.670357636530226e+00 -1.229915719974782e+00  1.059167196229586e+00 -1.229915719974782e+00  1.269960896400244e+00 -1.229915719974782e+00  1.333043590994737e-01 -1.229915719974782e+00  5.091458218543567e-04 -1.229915719974782e+00  4.416044480181357e-01 -1.229915719974782e+00  2.701785711864468e-01 -1.229915719974782e+00  2.909497395539031e-03 
-1.225915719974782e+00  1.669480973800703e+00 -1.225915719974782e+00  1.060042583064562e+00 -1.225915719974782e+00  1.268832272791085e+00 -1.225915719974782e+00  1.336491487622512e-01 -1.225915719974782e+00  5.125888063453983e-04 -1.225915719974782e+00  4.428503218117054e-01 -1.225915719974782e+00  2.700107116575873e-01 -1.225915719974782e+00  2.906059459604034e-03 
-1.221915719974782e+00  1.668602683926403e+00 -1.221915719974782e+00  1.060919567707863e+00 -1.221915719974782e+00  1.267701205164313e+00 -1.221915719974782e+00  1.339932859172079e-01 -1.221915719974782e+00  5.160381810003458e-04 -1.221915719974782e+00  4.440981206384456e-01 -1.221915719974782e+00  2.698429023843664e-01 -1.221915719974782e+00  2.902615248543047e-03 
-1.217915719974782e+00  1.667722781752767e+00 -1.217915719974782e+00  1.061798135673037e+00 -1.217915719974782e+00  1.266567713344349e+00 -1.217915719974782e+00  1.343367703621107e-01 -1.217915719974782e+00  5.194938875101612e-04 -1.217915719974782e+00  4.453478246125193e-01 -1.217915719974782e+00  2.696751410444548e-01 -1.217915719974782e+00  2.899164819249223e-03 
-1.213915719974782e+00  1.666841281992826e+00 -1.213915719974782e+00  1.062678272603514e+00 -1.213915719974782e+00  1.265431816999263e+00 -1.213915719974782e+00  1.346796019564386e-01 -1.213915719974782e+00  5.229558680860530e-04 -1.213915719974782e+00  4.465994140479218e-01 -1.213915719974782e+00  2.695074253410320e-01 -1.213915719974782e+00  2.895708228105594e-03 
-1.209915719974782e+00  1.665958199224145e+00 -1.209915719974782e+00  1.063559964258571e+00 -1.209915719974782e+00  1.264293535639507e+00 -1.209915719974782e+00  1.350217806213054e-01 -1.209915719974782e+00  5.264240654713432e-04 -1.209915719974782e+00  4.478528694486126e-01 -1.209915719974782e+00  2.693397530047288e-01 -1.209915719974782e+00  2.892245531040224e-03 
-1.205915719974782e+00  1.665073547895696e+00 -1.205915719974782e+00  1.064443196535807e+00 -1.205915719974782e+00  1.263152888621256e+00 -1.205915719974782e+00  1.353633063356608e-01 -1.205915719974782e+00  5.298984229146152e-04 -1.205915719974782e+00  4.491081715221664e-01 -1.205915719974782e+00  2.691721217897983e-01 -1.205915719974782e+00  2.888776783437939e-03 
-1.201915719974782e+00  1.664187342329644e+00 -1.201915719974782e+00  1.065327955474679e+00 -1.201915719974782e+00  1.262009895147459e+00 -1.201915719974782e+00  1.357041791344662e-01 -1.201915719974782e+00  5.333788841625709e-04 -1.201915719974782e+00  4.503653011812172e-01 -1.201915719974782e+00  2.690045294732696e-01 -1.201915719974782e+00  2.885302040126451e-03 
-1.197915719974782e+00  1.663299596716166e+00 -1.197915719974782e+00  1.066214227234222e+00 -1.197915719974782e+00  1.260864574265645e+00 -1.197915719974782e+00  1.360443991095449e-01 -1.197915719974782e+00  5.368653934804614e-04 -1.197915719974782e+00  4.516242395281934e-01 -1.197915719974782e+00  2.688369738581448e-01 -1.197915719974782e+00  2.881821355463843e-03 
-1.193915719974782e+00  1.662410325118434e+00 -1.193915719974782e+00  1.067101998108188e+00 -1.193915719974782e+00  1.259716944870490e+00 -1.193915719974782e+00  1.363839664066062e-01 -1.193915719974782e+00  5.403578956324903e-04 -1.193915719974782e+00  4.528849678641877e-01 -1.193915719974782e+00  2.686694527706973e-01 -1.193915719974782e+00  2.878334783279111e-03 
-1.189915719974782e+00  1.661519541468508e+00 -1.189915719974782e+00  1.067991254506468e+00 -1.189915719974782e+00  1.258567025702127e+00 -1.189915719974782e+00  1.367228812257223e-01 -1.189915719974782e+00  5.438563358979324e-04 -1.189915719974782e+00  4.541474676760238e-01 -1.189915719974782e+00  2.685019640630609e-01 -1.189915719974782e+00  2.874842376945165e-03 
-1.185915719974782e+00  1.660627259573212e+00 -1.185915719974782e+00  1.068881982973293e+00 -1.185915719974782e+00  1.257414835349185e+00 -1.185915719974782e+00  1.370611438180921e-01 -1.185915719974782e+00  5.473606600480599e-04 -1.185915719974782e+00  4.554117206470623e-01 -1.185915719974782e+00  2.683345056100274e-01 -1.185915719974782e+00  2.871344189307282e-03 
-1.181915719974782e+00  1.659733493113409e+00 -1.181915719974782e+00  1.069774170180872e+00 -1.181915719974782e+00  1.256260392248726e+00 -1.181915719974782e+00  1.373987544853192e-01 -1.181915719974782e+00  5.508708143490076e-04 -1.181915719974782e+00  4.566777086521466e-01 -1.181915719974782e+00  2.681670753097000e-01 -1.181915719974782e+00  2.867840272708126e-03 
-1.177915719974782e+00  1.658838255642016e+00 -1.177915719974782e+00  1.070667802918472e+00 -1.177915719974782e+00  1.255103714685618e+00 -1.177915719974782e+00  1.377357135791662e-01 -1.177915719974782e+00  5.543867455695389e-04 -1.177915719974782e+00  4.579454137495366e-01 -1.177915719974782e+00  2.679996710848490e-01 -1.177915719974782e+00  2.864330679030689e-03 
-1.173915719974782e+00  1.657941560590063e+00 -1.173915719974782e+00  1.071562868110856e+00 -1.173915719974782e+00  1.253944820795711e+00 -1.173915719974782e+00  1.380720214983683e-01 -1.173915719974782e+00  5.579084009572713e-04 -1.173915719974782e+00  4.592148181918680e-01 -1.173915719974782e+00  2.678322908796522e-01 -1.173915719974782e+00  2.860815459625749e-03 
-1.169915719974782e+00  1.657043421260274e+00 -1.169915719974782e+00  1.072459352790842e+00 -1.169915719974782e+00  1.252783728563115e+00 -1.169915719974782e+00  1.384076786900763e-01 -1.169915719974782e+00  5.614357282638924e-04 -1.169915719974782e+00  4.604859044073469e-01 -1.169915719974782e+00  2.676649326636262e-01 -1.169915719974782e+00  2.857294665419769e-03 
-1.165915719974782e+00  1.656143850837327e+00 -1.165915719974782e+00  1.073357244133076e+00 -1.165915719974782e+00  1.251620455825440e+00 -1.165915719974782e+00  1.387426856451874e-01 -1.165915719974782e+00  5.649686757047852e-04 -1.165915719974782e+00  4.617586550206610e-01 -1.165915719974782e+00  2.674975944259579e-01 -1.165915719974782e+00  2.853768346782195e-03 
-1.161915719974782e+00  1.655242862379708e+00 -1.161915719974782e+00  1.074256529420024e+00 -1.161915719974782e+00  1.250455020270261e+00 -1.161915719974782e+00  1.390770429004798e-01 -1.161915719974782e+00  5.685071919911882e-04 -1.161915719974782e+00  4.630330528298618e-01 -1.161915719974782e+00  2.673302741804441e-01 -1.161915719974782e+00  2.850236553658997e-03 
-1.157915719974782e+00  1.654340468828313e+00 -1.157915719974782e+00  1.075157196069607e+00 -1.157915719974782e+00  1.249287439439613e+00 -1.157915719974782e+00  1.394107510346108e-01 -1.157915719974782e+00  5.720512262962006e-04 -1.157915719974782e+00  4.643090808233004e-01 -1.157915719974782e+00  2.671629699607835e-01 -1.157915719974782e+00  2.846699335464232e-03 
-1.153915719974782e+00  1.653436682996034e+00 -1.153915719974782e+00  1.076059231592628e+00 -1.153915719974782e+00  1.248117730725320e+00 -1.153915719974782e+00  1.397438106710884e-01 -1.153915719974782e+00  5.756007282958384e-04 -1.153915719974782e+00  4.655867221508782e-01 -1.153915719974782e+00  2.669956798268288e-01 -1.153915719974782e+00  2.843156741247114e-03 
-1.149915719974782e+00  1.652531517585904e+00 -1.149915719974782e+00  1.076962623655369e+00 -1.149915719974782e+00  1.246945911378217e+00 -1.149915719974782e+00  1.400762224709048e-01 -1.149915719974782e+00  5.791556480977312e-04 -1.149915719974782e+00  4.668659601637479e-01 -1.149915719974782e+00  2.668284018544189e-01 -1.149915719974782e+00  2.839608819446270e-03 
-1.145915719974782e+00  1.651624985169312e+00 -1.145915719974782e+00  1.077867359995285e+00 -1.145915719974782e+00  1.245771998497889e+00 -1.145915719974782e+00  1.404079871396176e-01 -1.145915719974782e+00  5.827159363266094e-04 -1.145915719974782e+00  4.681467783583522e-01 -1.145915719974782e+00  2.666611341481349e-01 -1.145915719974782e+00  2.836055618220813e-03 
-1.141915719974782e+00  1.650717098216370e+00 -1.141915719974782e+00  1.078773428528181e+00 -1.141915719974782e+00  1.244596009047982e+00 -1.141915719974782e+00  1.407391054156931e-01 -1.141915719974782e+00  5.862815440051312e-04 -1.141915719974782e+00  4.694291604452177e-01 -1.141915719974782e+00  2.664938748241745e-01 -1.141915719974782e+00  2.832497185029391e-03 
-1.137915719974782e+00  1.649807869063639e+00 -1.137915719974782e+00  1.079680817225384e+00 -1.137915719974782e+00  1.243417959840752e+00 -1.137915719974782e+00  1.410695780813535e-01 -1.137915719974782e+00  5.898524226806268e-04 -1.137915719974782e+00  4.707130902678026e-01 -1.137915719974782e+00  2.663266220291037e-01 -1.137915719974782e+00  2.828933567112619e-03 
-1.133915719974782e+00  1.648897309946161e+00 -1.133915719974782e+00  1.080589514227019e+00 -1.133915719974782e+00  1.242237867553266e+00 -1.133915719974782e+00  1.413994059504119e-01 -1.133915719974782e+00  5.934285242991895e-04 -1.133915719974782e+00  4.719985518753433e-01 -1.133915719974782e+00  2.661593739217866e-01 -1.133915719974782e+00  2.825364811048188e-03 
-1.129915719974782e+00  1.647985432966757e+00 -1.129915719974782e+00  1.081499507724768e+00 -1.129915719974782e+00  1.241055748712665e+00 -1.129915719974782e+00  1.417285898785278e-01 -1.129915719974782e+00  5.970098013264219e-04 -1.129915719974782e+00  4.732855294452352e-01 -1.129915719974782e+00  2.659921286912416e-01 -1.129915719974782e+00  2.821790963211283e-03 
-1.125915719974782e+00  1.647072250134366e+00 -1.125915719974782e+00  1.082410786098318e+00 -1.125915719974782e+00  1.239871619715595e+00 -1.125915719974782e+00  1.420571307489356e-01 -1.125915719974782e+00  6.005962065966648e-04 -1.125915719974782e+00  4.745740073711157e-01 -1.125915719974782e+00  2.658248845349803e-01 -1.125915719974782e+00  2.818212069238771e-03 
-1.121915719974782e+00  1.646157773325978e+00 -1.121915719974782e+00  1.083323337770989e+00 -1.121915719974782e+00  1.238685496809766e+00 -1.121915719974782e+00  1.423850294852841e-01 -1.121915719974782e+00  6.041876934626839e-04 -1.121915719974782e+00  4.758639701674410e-01 -1.121915719974782e+00  2.656576396810697e-01 -1.121915719974782e+00  2.814628174596106e-03 
-1.117915719974782e+00  1.645242014317923e+00 -1.117915719974782e+00  1.084237151320237e+00 -1.117915719974782e+00  1.237497396109962e+00 -1.117915719974782e+00  1.427122870399595e-01 -1.117915719974782e+00  6.077842156726832e-04 -1.117915719974782e+00  4.771554025406768e-01 -1.117915719974782e+00  2.654903923705199e-01 -1.117915719974782e+00  2.811039324143442e-03 
-1.113915719974782e+00  1.644324984774916e+00 -1.113915719974782e+00  1.085152215432761e+00 -1.113915719974782e+00  1.236307333593072e+00 -1.113915719974782e+00  1.430389043973652e-01 -1.113915719974782e+00  6.113857274133282e-04 -1.113915719974782e+00  4.784482893588862e-01 -1.113915719974782e+00  2.653231408638577e-01 -1.113915719974782e+00  2.807445562311887e-03 
-1.109915719974782e+00  1.643406696241869e+00 -1.109915719974782e+00  1.086068518870144e+00 -1.109915719974782e+00  1.235115325094411e+00 -1.109915719974782e+00  1.433648825761784e-01 -1.109915719974782e+00  6.149921833419425e-04 -1.109915719974782e+00  4.797426156281563e-01 -1.109915719974782e+00  2.651558834460507e-01 -1.109915719974782e+00  2.803846933238439e-03 
-1.105915719974782e+00  1.642487160160425e+00 -1.105915719974782e+00  1.086986050524752e+00 -1.105915719974782e+00  1.233921386316508e+00 -1.105915719974782e+00  1.436902226230071e-01 -1.105915719974782e+00  6.186035385215429e-04 -1.105915719974782e+00  4.810383665281466e-01 -1.105915719974782e+00  2.649886184174015e-01 -1.105915719974782e+00  2.800243480546485e-03 
-1.101915719974782e+00  1.641566387871283e+00 -1.101915719974782e+00  1.087904799423822e+00 -1.101915719974782e+00  1.232725532830795e+00 -1.101915719974782e+00  1.440149256110770e-01 -1.101915719974782e+00  6.222197484117116e-04 -1.101915719974782e+00  4.823355274137613e-01 -1.101915719974782e+00  2.648213440925047e-01 -1.101915719974782e+00  2.796635247329720e-03 
-1.097915719974782e+00  1.640644390595390e+00 -1.097915719974782e+00  1.088824754655883e+00 -1.097915719974782e+00  1.231527780068564e+00 -1.097915719974782e+00  1.443389926462054e-01 -1.097915719974782e+00  6.258407689424823e-04 -1.097915719974782e+00  4.836340837658407e-01 -1.097915719974782e+00  2.646540588112632e-01 -1.097915719974782e+00  2.793022276441145e-03 
-1.093915719974782e+00  1.639721179449501e+00 -1.093915719974782e+00  1.089745905423326e+00 -1.093915719974782e+00  1.230328143329310e+00 -1.093915719974782e+00  1.446624248608834e-01 -1.093915719974782e+00  6.294665564531734e-04 -1.093915719974782e+00  4.849340212245793e-01 -1.093915719974782e+00  2.644867609303052e-01 -1.093915719974782e+00  2.789404610286560e-03 
-1.089915719974782e+00  1.638796765450056e+00 -1.089915719974782e+00  1.090668241051880e+00 -1.089915719974782e+00  1.229126637783226e+00 -1.089915719974782e+00  1.449852234124757e-01 -1.089915719974782e+00  6.330970676772153e-04 -1.089915719974782e+00  4.862353255947276e-01 -1.089915719974782e+00  2.643194488211056e-01 -1.089915719974782e+00  2.785782290787385e-03 
-1.085915719974782e+00  1.637871159506548e+00 -1.085915719974782e+00  1.091591750961892e+00 -1.085915719974782e+00  1.227923278468317e+00 -1.085915719974782e+00  1.453073894850201e-01 -1.085915719974782e+00  6.367322597681667e-04 -1.085915719974782e+00  4.875379828257123e-01 -1.085915719974782e+00  2.641521208740355e-01 -1.085915719974782e+00  2.782155359493422e-03 
-1.081915719974782e+00  1.636944372425017e+00 -1.081915719974782e+00  1.092516424676419e+00 -1.081915719974782e+00  1.226718080292687e+00 -1.081915719974782e+00  1.456289242875682e-01 -1.081915719974782e+00  6.403720902860153e-04 -1.081915719974782e+00  4.888419790159257e-01 -1.081915719974782e+00  2.639847754966982e-01 -1.081915719974782e+00  2.778523857551155e-03 
-1.077915719974782e+00  1.636016414904892e+00 -1.077915719974782e+00  1.093442251805280e+00 -1.077915719974782e+00  1.225511058033407e+00 -1.077915719974782e+00  1.459498290547993e-01 -1.077915719974782e+00  6.440165172095471e-04 -1.077915719974782e+00  4.901473004012054e-01 -1.077915719974782e+00  2.638174111159934e-01 -1.077915719974782e+00  2.774887825766287e-03 
-1.073915719974782e+00  1.635087297552176e+00 -1.073915719974782e+00  1.094369222088563e+00 -1.073915719974782e+00  1.224302226343800e+00 -1.073915719974782e+00  1.462701050421256e-01 -1.073915719974782e+00  6.476654988845650e-04 -1.073915719974782e+00  4.914539333824521e-01 -1.073915719974782e+00  2.636500261709661e-01 -1.073915719974782e+00  2.771247304432888e-03 
-1.069915719974782e+00  1.634157030861862e+00 -1.069915719974782e+00  1.095297325327904e+00 -1.069915719974782e+00  1.223091599744901e+00 -1.069915719974782e+00  1.465897535312211e-01 -1.069915719974782e+00  6.513189940929819e-04 -1.069915719974782e+00  4.927618644794036e-01 -1.069915719974782e+00  2.634826191230608e-01 -1.069915719974782e+00  2.767602333603347e-03 
-1.065915719974782e+00  1.633225625239828e+00 -1.065915719974782e+00  1.096226551461913e+00 -1.065915719974782e+00  1.221879192637258e+00 -1.065915719974782e+00  1.469087758222322e-01 -1.065915719974782e+00  6.549769619667762e-04 -1.065915719974782e+00  4.940710803792863e-01 -1.065915719974782e+00  2.633151884440282e-01 -1.065915719974782e+00  2.763952952792092e-03 
-1.061915719974782e+00  1.632293090985268e+00 -1.061915719974782e+00  1.097156890497489e+00 -1.061915719974782e+00  1.220665019292370e+00 -1.061915719974782e+00  1.472271732393071e-01 -1.061915719974782e+00  6.586393620570634e-04 -1.061915719974782e+00  4.953815678906047e-01 -1.061915719974782e+00  2.631477326261723e-01 -1.061915719974782e+00  2.760299201245372e-03 
-1.057915719974782e+00  1.631359438307841e+00 -1.057915719974782e+00  1.098088332567952e+00 -1.057915719974782e+00  1.219449093862094e+00 -1.057915719974782e+00  1.475449471244681e-01 -1.057915719974782e+00  6.623061542666415e-04 -1.057915719974782e+00  4.966933139804558e-01 -1.057915719974782e+00  2.629802501729474e-01 -1.057915719974782e+00  2.756641117712921e-03 
-1.053915719974782e+00  1.630424677306008e+00 -1.053915719974782e+00  1.099020867849417e+00 -1.053915719974782e+00  1.218231430367867e+00 -1.053915719974782e+00  1.478620988444752e-01 -1.053915719974782e+00  6.659772989351593e-04 -1.053915719974782e+00  4.980063057184222e-01 -1.053915719974782e+00  2.628127396115196e-01 -1.053915719974782e+00  2.752978740776406e-03 
-1.049915719974782e+00  1.629488817997643e+00 -1.049915719974782e+00  1.099954486668131e+00 -1.049915719974782e+00  1.217012042717204e+00 -1.049915719974782e+00  1.481786297802851e-01 -1.049915719974782e+00  6.696527567188474e-04 -1.049915719974782e+00  4.993205303463915e-01 -1.049915719974782e+00  2.626451994757510e-01 -1.049915719974782e+00  2.749312108427889e-03 
-1.045915719974782e+00  1.628551870299023e+00 -1.045915719974782e+00  1.100889179419263e+00 -1.045915719974782e+00  1.215790944693239e+00 -1.045915719974782e+00  1.484945413337129e-01 -1.045915719974782e+00  6.733324886730516e-04 -1.045915719974782e+00  5.006359752240457e-01 -1.045915719974782e+00  2.624776283183912e-01 -1.045915719974782e+00  2.745641258388746e-03 
-1.041915719974782e+00  1.627613844031234e+00 -1.041915719974782e+00  1.101824936585901e+00 -1.041915719974782e+00  1.214568149958596e+00 -1.041915719974782e+00  1.488098349249633e-01 -1.041915719974782e+00  6.770164562270340e-04 -1.041915719974782e+00  5.019526278404279e-01 -1.041915719974782e+00  2.623100247077487e-01 -1.041915719974782e+00  2.741966228035057e-03 
-1.037915719974782e+00  1.626674748925968e+00 -1.037915719974782e+00  1.102761748755728e+00 -1.037915719974782e+00  1.213343672058943e+00 -1.037915719974782e+00  1.491245119904211e-01 -1.037915719974782e+00  6.807046211612787e-04 -1.037915719974782e+00  5.032704758240302e-01 -1.037915719974782e+00  2.621423872247298e-01 -1.037915719974782e+00  2.738287054332135e-03 
-1.033915719974782e+00  1.625734594618448e+00 -1.033915719974782e+00  1.103699606590901e+00 -1.033915719974782e+00  1.212117524419792e+00 -1.033915719974782e+00  1.494385739846651e-01 -1.033915719974782e+00  6.843969456351862e-04 -1.033915719974782e+00  5.045895069219605e-01 -1.033915719974782e+00  2.619747144671205e-01 -1.033915719974782e+00  2.734603773952769e-03 
-1.029915719974782e+00  1.624793390657722e+00 -1.029915719974782e+00  1.104638500861119e+00 -1.029915719974782e+00  1.210889720352453e+00 -1.029915719974782e+00  1.497520223768141e-01 -1.029915719974782e+00  6.880933921466938e-04 -1.029915719974782e+00  5.059097090208744e-01 -1.029915719974782e+00  2.618070050440978e-01 -1.029915719974782e+00  2.730916423147484e-03 
-1.025915719974782e+00  1.623851146498889e+00 -1.025915719974782e+00  1.105578422411042e+00 -1.025915719974782e+00  1.209660273050439e+00 -1.025915719974782e+00  1.500648586527907e-01 -1.025915719974782e+00  6.917939235628238e-04 -1.025915719974782e+00  5.072310701245331e-01 -1.025915719974782e+00  2.616392575808940e-01 -1.025915719974782e+00  2.727225037872317e-03 
-1.021915719974782e+00  1.622907871506674e+00 -1.021915719974782e+00  1.106519362168920e+00 -1.021915719974782e+00  1.208429195591866e+00 -1.021915719974782e+00  1.503770843138729e-01 -1.021915719974782e+00  6.954985031055782e-04 -1.021915719974782e+00  5.085535783585931e-01 -1.021915719974782e+00  2.614714707170980e-01 -1.021915719974782e+00  2.723529653755067e-03 
-1.017915719974782e+00  1.621963574967509e+00 -1.017915719974782e+00  1.107461311186279e+00 -1.017915719974782e+00  1.207196500946431e+00 -1.017915719974782e+00  1.506887008725463e-01 -1.017915719974782e+00  6.992070943045680e-04 -1.017915719974782e+00  5.098772219959912e-01 -1.017915719974782e+00  2.613036431001454e-01 -1.017915719974782e+00  2.719830305939355e-03 
-1.013915719974782e+00  1.621018266065050e+00 -1.013915719974782e+00  1.108404260544644e+00 -1.013915719974782e+00  1.205962201962852e+00 -1.013915719974782e+00  1.509997098601560e-01 -1.013915719974782e+00  7.029196610930753e-04 -1.013915719974782e+00  5.112019893943276e-01 -1.013915719974782e+00  2.611357733993934e-01 -1.013915719974782e+00  2.716127029451027e-03 
-1.009915719974782e+00  1.620071953904558e+00 -1.009915719974782e+00  1.109348201439891e+00 -1.009915719974782e+00  1.204726311382394e+00 -1.009915719974782e+00  1.513101128187970e-01 -1.009915719974782e+00  7.066361677123889e-04 -1.009915719974782e+00  5.125278690508077e-01 -1.009915719974782e+00  2.609678602927072e-01 -1.009915719974782e+00  2.712419858866813e-03 
-1.005915719974782e+00  1.619124647510608e+00 -1.005915719974782e+00  1.110293125169823e+00 -1.005915719974782e+00  1.203488841838193e+00 -1.005915719974782e+00  1.516199113018500e-01 -1.005915719974782e+00  7.103565787207326e-04 -1.005915719974782e+00  5.138548495931892e-01 -1.005915719974782e+00  2.607999024680295e-01 -1.005915719974782e+00  2.708708828363149e-03 
-1.001915719974782e+00  1.618176355811480e+00 -1.001915719974782e+00  1.111239023073079e+00 -1.001915719974782e+00  1.202249805847386e+00 -1.001915719974782e+00  1.519291068787521e-01 -1.001915719974782e+00  7.140808590545960e-04 -1.001915719974782e+00  5.151829197384395e-01 -1.001915719974782e+00  2.606318986324786e-01 -1.001915719974782e+00  2.704993971956042e-03 
-9.979157199747819e-01  1.617227087663497e+00 -9.979157199747819e-01  1.112185886613636e+00 -9.979157199747819e-01  1.201009215824693e+00 -9.979157199747819e-01  1.522377011270112e-01 -9.979157199747819e-01  7.178089739331457e-04 -9.979157199747819e-01  5.165120683478958e-01 -9.979157199747819e-01  2.604638474989319e-01 -9.979157199747819e-01  2.701275323169353e-03 
-9.939157199747819e-01  1.616276851829725e+00 -9.939157199747819e-01  1.113133707299113e+00 -9.939157199747819e-01  1.199767084071475e+00 -9.939157199747819e-01  1.525456956387951e-01 -9.939157199747819e-01  7.215408889418651e-04 -9.939157199747819e-01  5.178422843722711e-01 -9.939157199747819e-01  2.602957477983153e-01 -9.939157199747819e-01  2.697552915355470e-03 
-9.899157199747819e-01  1.615325656997873e+00 -9.899157199747819e-01  1.114082476741856e+00 -9.899157199747819e-01  1.198523422785887e+00 -9.899157199747819e-01  1.528530920150470e-01 -9.899157199747819e-01  7.252765699622736e-04 -9.899157199747819e-01  5.191735568913364e-01 -9.899157199747819e-01  2.601275982698142e-01 -9.899157199747819e-01  2.693826781455500e-03 
-9.859157199747819e-01  1.614373511771307e+00 -9.859157199747819e-01  1.115032186622116e+00 -9.859157199747819e-01  1.197278244058541e+00 -9.859157199747819e-01  1.531598918681552e-01 -9.859157199747819e-01  7.290159832072073e-04 -9.859157199747819e-01  5.205058750886868e-01 -9.859157199747819e-01  2.599593976662345e-01 -9.859157199747819e-01  2.690096954143885e-03 
-9.819157199747819e-01  1.613420424676701e+00 -9.819157199747819e-01  1.115982828711938e+00 -9.819157199747819e-01  1.196031559877156e+00 -9.819157199747819e-01  1.534660968193621e-01 -9.819157199747819e-01  7.327590951907375e-04 -9.819157199747819e-01  5.218392282667865e-01 -9.819157199747819e-01  2.597911447499713e-01 -9.819157199747819e-01  2.686363465734546e-03 
-9.779157199747819e-01  1.612466404155911e+00 -9.779157199747819e-01  1.116934394841513e+00 -9.779157199747819e-01  1.194783382122653e+00 -9.779157199747819e-01  1.537717085011531e-01 -9.779157199747819e-01  7.365058727601366e-04 -9.779157199747819e-01  5.231736058238363e-01 -9.779157199747819e-01  2.596228382978845e-01 -9.779157199747819e-01  2.682626348313026e-03 
-9.739157199747819e-01  1.611511458576453e+00 -9.739157199747819e-01  1.117886876933413e+00 -9.739157199747819e-01  1.193533722575352e+00 -9.739157199747819e-01  1.540767285538050e-01 -9.739157199747819e-01  7.402562830546870e-04 -9.739157199747819e-01  5.245089972757263e-01 -9.739157199747819e-01  2.594544770956788e-01 -9.739157199747819e-01  2.678885633602119e-03 
-9.699157199747819e-01  1.610555596223851e+00 -9.699157199747819e-01  1.118840266970740e+00 -9.699157199747819e-01  1.192282592911304e+00 -9.699157199747819e-01  1.543811586276269e-01 -9.699157199747819e-01  7.440102935357381e-04 -9.699157199747819e-01  5.258453922340955e-01 -9.699157199747819e-01  2.592860599425043e-01 -9.699157199747819e-01  2.675141353086810e-03 
-9.659157199747819e-01  1.609598825313520e+00 -9.659157199747819e-01  1.119794557036481e+00 -9.659157199747819e-01  1.191030004709281e+00 -9.659157199747819e-01  1.546850003791170e-01 -9.659157199747819e-01  7.477678719400536e-04 -9.659157199747819e-01  5.271827804317214e-01 -9.659157199747819e-01  2.591175856445530e-01 -9.659157199747819e-01  2.671393537859883e-03 
-9.619157199747819e-01  1.608641153981664e+00 -9.619157199747819e-01  1.120749739276450e+00 -9.619157199747819e-01  1.189775969446312e+00 -9.619157199747819e-01  1.549882554736614e-01 -9.619157199747819e-01  7.515289863155342e-04 -9.619157199747819e-01  5.285211516971468e-01 -9.619157199747819e-01  2.589490530204731e-01 -9.619157199747819e-01  2.667642218767314e-03 
-9.579157199747819e-01  1.607682590282158e+00 -9.579157199747819e-01  1.121705805884396e+00 -9.579157199747819e-01  1.188520498496439e+00 -9.579157199747819e-01  1.552909255863461e-01 -9.579157199747819e-01  7.552936050334658e-04 -9.579157199747819e-01  5.298604959440104e-01 -9.579157199747819e-01  2.587804609033670e-01 -9.579157199747819e-01  2.663887426466885e-03 
-9.539157199747819e-01  1.606723142204273e+00 -9.539157199747819e-01  1.122662749162230e+00 -9.539157199747819e-01  1.187263603140942e+00 -9.539157199747819e-01  1.555930123963613e-01 -9.539157199747819e-01  7.590616967189255e-04 -9.539157199747819e-01  5.312008032103652e-01 -9.539157199747819e-01  2.586118081311578e-01 -9.539157199747819e-01  2.660129191191541e-03 
-9.499157199747819e-01  1.605762817662556e+00 -9.499157199747819e-01  1.123620561479739e+00 -9.499157199747819e-01  1.186005294563299e+00 -9.499157199747819e-01  1.558945175900194e-01 -9.499157199747819e-01  7.628332302904922e-04 -9.499157199747819e-01  5.325420636311716e-01 -9.499157199747819e-01  2.584430935525204e-01 -9.499157199747819e-01  2.656367542907663e-03 
-9.459157199747819e-01  1.604801624491993e+00 -9.459157199747819e-01  1.124579235253231e+00 -9.459157199747819e-01  1.184745583846976e+00 -9.459157199747819e-01  1.561954428621145e-01 -9.459157199747819e-01  7.666081749792745e-04 -9.459157199747819e-01  5.338842674233546e-01 -9.459157199747819e-01  2.582743160298904e-01 -9.459157199747819e-01  2.652602511398969e-03 
-9.419157199747819e-01  1.603839570460413e+00 -9.419157199747819e-01  1.125538762986904e+00 -9.419157199747819e-01  1.183484481982756e+00 -9.419157199747819e-01  1.564957899120084e-01 -9.419157199747819e-01  7.703865002801661e-04 -9.419157199747819e-01  5.352274049126318e-01 -9.419157199747819e-01  2.581054744327561e-01 -9.419157199747819e-01  2.648834126103939e-03 
-9.379157199747818e-01  1.602876663260918e+00 -9.379157199747818e-01  1.126499137241617e+00 -9.379157199747818e-01  1.182221999865049e+00 -9.379157199747818e-01  1.567955604458486e-01 -9.379157199747818e-01  7.741681759815877e-04 -9.379157199747818e-01  5.365714665120159e-01 -9.379157199747818e-01  2.579365676422069e-01 -9.379157199747818e-01  2.645062416238582e-03 
-9.339157199747818e-01  1.601912910529075e+00 -9.339157199747818e-01  1.127460350693582e+00 -9.339157199747818e-01  1.180958148301904e+00 -9.339157199747818e-01  1.570947561712560e-01 -9.339157199747818e-01  7.779531720979573e-04 -9.339157199747818e-01  5.379164427602311e-01 -9.339157199747818e-01  2.577675945415455e-01 -9.339157199747818e-01  2.641287410565838e-03 
-9.299157199747818e-01  1.600948319809017e+00 -9.299157199747818e-01  1.128422396008114e+00 -9.299157199747818e-01  1.179692937996665e+00 -9.299157199747818e-01  1.573933788075157e-01 -9.299157199747818e-01  7.817414590028564e-04 -9.299157199747818e-01  5.392623242369239e-01 -9.299157199747818e-01  2.575985540355629e-01 -9.299157199747818e-01  2.637509137891480e-03 
-9.259157199747818e-01  1.599982898595532e+00 -9.259157199747818e-01  1.129385265988290e+00 -9.259157199747818e-01  1.178426379571827e+00 -9.259157199747818e-01  1.576914300727362e-01 -9.259157199747818e-01  7.855330072636662e-04 -9.259157199747818e-01  5.406091016610298e-01 -9.259157199747818e-01  2.574294450272222e-01 -9.259157199747818e-01  2.633727626480208e-03 
-9.219157199747818e-01  1.599016654302363e+00 -9.219157199747818e-01  1.130348953456835e+00 -9.219157199747818e-01  1.177158483551879e+00 -9.219157199747818e-01  1.579889116933636e-01 -9.219157199747818e-01  7.893277877661169e-04 -9.219157199747818e-01  5.419567658114136e-01 -9.219157199747818e-01  2.572602664356804e-01 -9.219157199747818e-01  2.629942904519575e-03 
-9.179157199747818e-01  1.598049594282366e+00 -9.179157199747818e-01  1.131313451325499e+00 -9.179157199747818e-01  1.175889260374991e+00 -9.179157199747818e-01  1.582858253980227e-01 -9.179157199747818e-01  7.931257716351087e-04 -9.179157199747818e-01  5.433053075724461e-01 -9.179157199747818e-01  2.570910171852606e-01 -9.179157199747818e-01  2.626154999847502e-03 
-9.139157199747818e-01  1.597081725823736e+00 -9.139157199747818e-01  1.132278752577882e+00 -9.139157199747818e-01  1.174618720391404e+00 -9.139157199747818e-01  1.585821729185986e-01 -9.139157199747818e-01  7.969269302495146e-04 -9.139157199747818e-01  5.446547179219192e-01 -9.139157199747818e-01  2.569216962078407e-01 -9.139157199747818e-01  2.622363940019739e-03 
-9.099157199747818e-01  1.596113056142393e+00 -9.099157199747818e-01  1.133244850238623e+00 -9.099157199747818e-01  1.173346873859605e+00 -9.099157199747818e-01  1.588779559924432e-01 -9.099157199747818e-01  8.007312352720775e-04 -9.099157199747818e-01  5.460049879098612e-01 -9.099157199747818e-01  2.567523024473601e-01 -9.099157199747818e-01  2.618569752430852e-03 
-9.059157199747818e-01  1.595143592388439e+00 -9.059157199747818e-01  1.134211737393342e+00 -9.059157199747818e-01  1.172073730950408e+00 -9.059157199747818e-01  1.591731763603777e-01 -9.059157199747818e-01  8.045386586241077e-04 -9.059157199747818e-01  5.473561086711987e-01 -9.059157199747818e-01  2.565828348564637e-01 -9.059157199747818e-01  2.614772464235911e-03 
-9.019157199747818e-01  1.594173341656151e+00 -9.019157199747818e-01  1.135179407221228e+00 -9.019157199747818e-01  1.170799301753017e+00 -9.019157199747818e-01  1.594678357636719e-01 -9.019157199747818e-01  8.083491724461260e-04 -9.019157199747818e-01  5.487080714468886e-01 -9.019157199747818e-01  2.564132923911825e-01 -9.019157199747818e-01  2.610972102222515e-03 
-8.979157199747818e-01  1.593202310969809e+00 -8.979157199747818e-01  1.136147852940745e+00 -8.979157199747818e-01  1.169523596267534e+00 -8.979157199747818e-01  1.597619359482135e-01 -8.979157199747818e-01  8.121627491536411e-04 -8.979157199747818e-01  5.500608675470842e-01 -8.979157199747818e-01  2.562436740190972e-01 -8.979157199747818e-01  2.607168693024027e-03 
-8.939157199747818e-01  1.592230507294379e+00 -8.939157199747818e-01  1.137117067844724e+00 -8.939157199747818e-01  1.168246624411407e+00 -8.939157199747818e-01  1.600554786612891e-01 -8.939157199747818e-01  8.159793613951116e-04 -8.939157199747818e-01  5.514144883739492e-01 -8.939157199747818e-01  2.560739787136337e-01 -8.939157199747818e-01  2.603362262981712e-03 
-8.899157199747818e-01  1.591257937524489e+00 -8.899157199747818e-01  1.138087045257563e+00 -8.899157199747818e-01  1.166968396013658e+00 -8.899157199747818e-01  1.603484656547904e-01 -8.899157199747818e-01  8.197989820952742e-04 -8.899157199747818e-01  5.527689253924861e-01 -8.899157199747818e-01  2.559042054604611e-01 -8.899157199747818e-01  2.599552838312929e-03 
-8.859157199747818e-01  1.590284608502079e+00 -8.859157199747818e-01  1.139057778595426e+00 -8.859157199747818e-01  1.165688920825288e+00 -8.859157199747818e-01  1.606408986799785e-01 -8.859157199747818e-01  8.236215843857946e-04 -8.859157199747818e-01  5.541241701701434e-01 -8.859157199747818e-01  2.557343532478872e-01 -8.859157199747818e-01  2.595740444874533e-03 
-8.819157199747818e-01  1.589310527005225e+00 -8.819157199747818e-01  1.140029261322983e+00 -8.819157199747818e-01  1.164408208513420e+00 -8.819157199747818e-01  1.609327794907479e-01 -8.819157199747818e-01  8.274471416492189e-04 -8.819157199747818e-01  5.554802143473712e-01 -8.819157199747818e-01  2.555644210733373e-01 -8.819157199747818e-01  2.591925108333008e-03 
-8.779157199747818e-01  1.588335699749345e+00 -8.779157199747818e-01  1.141001486954436e+00 -8.779157199747818e-01  1.163126268662398e+00 -8.779157199747818e-01  1.612241098432255e-01 -8.779157199747818e-01  8.312756275141539e-04 -8.779157199747818e-01  5.568370496377022e-01 -8.779157199747818e-01  2.553944079429437e-01 -8.779157199747818e-01  2.588106854160183e-03 
-8.739157199747818e-01  1.587360133394876e+00 -8.739157199747818e-01  1.141974449078194e+00 -8.739157199747818e-01  1.161843110778586e+00 -8.739157199747818e-01  1.615148914935112e-01 -8.739157199747818e-01  8.351070158251803e-04 -8.739157199747818e-01  5.581946678437093e-01 -8.739157199747818e-01  2.552243128674800e-01 -8.739157199747818e-01  2.584285707536576e-03 
-8.699157199747818e-01  1.586383834536622e+00 -8.699157199747818e-01  1.142948141315363e+00 -8.699157199747818e-01  1.160558744284739e+00 -8.699157199747818e-01  1.618051262007484e-01 -8.699157199747818e-01  8.389412806846400e-04 -8.699157199747818e-01  5.595530608286872e-01 -8.699157199747818e-01  2.550541348685681e-01 -8.699157199747818e-01  2.580461693514195e-03 
-8.659157199747818e-01  1.585406809722708e+00 -8.659157199747818e-01  1.143922557384921e+00 -8.659157199747818e-01  1.159273178531227e+00 -8.659157199747818e-01  1.620948157216132e-01 -8.659157199747818e-01  8.427783963782535e-04 -8.659157199747818e-01  5.609122205596895e-01 -8.659157199747818e-01  2.548838729683148e-01 -8.659157199747818e-01  2.576634836760719e-03 
-8.619157199747818e-01  1.584429065431164e+00 -8.619157199747818e-01  1.144897691016481e+00 -8.619157199747818e-01  1.157986422783113e+00 -8.619157199747818e-01  1.623839618170718e-01 -8.619157199747818e-01  8.466183374670194e-04 -8.619157199747818e-01  5.622721390486580e-01 -8.619157199747818e-01  2.547135262026446e-01 -8.619157199747818e-01  2.572805161902008e-03 
-8.579157199747818e-01  1.583450608085531e+00 -8.579157199747818e-01  1.145873536003470e+00 -8.579157199747818e-01  1.156698486229457e+00 -8.579157199747818e-01  1.626725662478420e-01 -8.579157199747818e-01  8.504610787259493e-04 -8.579157199747818e-01  5.636328083874506e-01 -8.579157199747818e-01  2.545430936128076e-01 -8.579157199747818e-01  2.568972693313423e-03 
-8.539157199747818e-01  1.582471444063156e+00 -8.539157199747818e-01  1.146850086229896e+00 -8.539157199747818e-01  1.155409377988502e+00 -8.539157199747818e-01  1.629606307720186e-01 -8.539157199747818e-01  8.543065951114974e-04 -8.539157199747818e-01  5.649942207652207e-01 -8.539157199747818e-01  2.543725742409769e-01 -8.539157199747818e-01  2.565137455014427e-03 
-8.499157199747818e-01  1.581491579675799e+00 -8.499157199747818e-01  1.147827335597815e+00 -8.499157199747818e-01  1.154119107096989e+00 -8.499157199747818e-01  1.632481571506350e-01 -8.499157199747818e-01  8.581548618377203e-04 -8.499157199747818e-01  5.663563684194008e-01 -8.499157199747818e-01  2.542019671413238e-01 -8.499157199747818e-01  2.561299470953712e-03 
-8.459157199747818e-01  1.580511021183312e+00 -8.459157199747818e-01  1.148805278073611e+00 -8.459157199747818e-01  1.152827682518392e+00 -8.459157199747818e-01  1.635351471437256e-01 -8.459157199747818e-01  8.620058543225345e-04 -8.459157199747818e-01  5.677192436661321e-01 -8.459157199747818e-01  2.540312713725907e-01 -8.459157199747818e-01  2.557458764827296e-03 
-8.419157199747818e-01  1.579529774785892e+00 -8.419157199747818e-01  1.149783907657253e+00 -8.419157199747818e-01  1.151535113138873e+00 -8.419157199747818e-01  1.638216025125334e-01 -8.419157199747818e-01  8.658595482181498e-04 -8.419157199747818e-01  5.690828388791973e-01 -8.419157199747818e-01  2.538604860026665e-01 -8.419157199747818e-01  2.553615360199321e-03 
-8.379157199747818e-01  1.578547846643417e+00 -8.379157199747818e-01  1.150763218448906e+00 -8.379157199747818e-01  1.150241407778822e+00 -8.379157199747818e-01  1.641075250140175e-01 -8.379157199747818e-01  8.697159193351512e-04 -8.379157199747818e-01  5.704471465341197e-01 -8.379157199747818e-01  2.536896100979881e-01 -8.379157199747818e-01  2.549769280240376e-03 
-8.339157199747818e-01  1.577565242846431e+00 -8.339157199747818e-01  1.151743204542044e+00 -8.339157199747818e-01  1.148946575176546e+00 -8.339157199747818e-01  1.643929164090937e-01 -8.339157199747818e-01  8.735749437564059e-04 -8.339157199747818e-01  5.718121591361154e-01 -8.339157199747818e-01  2.535186427399933e-01 -8.339157199747818e-01  2.545920548147364e-03 
-8.299157199747818e-01  1.576581969447279e+00 -8.299157199747818e-01  1.152723860132349e+00 -8.299157199747818e-01  1.147650624006607e+00 -8.299157199747818e-01  1.646777784538157e-01 -8.299157199747818e-01  8.774365977148311e-04 -8.299157199747818e-01  5.731778692925305e-01 -8.299157199747818e-01  2.533475830079334e-01 -8.299157199747818e-01  2.542069186715785e-03 
-8.259157199747817e-01  1.575598032432430e+00 -8.259157199747817e-01  1.153705179415759e+00 -8.259157199747817e-01  1.146353562864256e+00 -8.259157199747817e-01  1.649621129072038e-01 -8.259157199747817e-01  8.813008577020588e-04 -8.259157199747817e-01  5.745442696440892e-01 -8.259157199747817e-01  2.531764299945684e-01 -8.259157199747817e-01  2.538215218740137e-03 
-8.219157199747817e-01  1.574613437749267e+00 -8.219157199747817e-01  1.154687156681807e+00 -8.219157199747817e-01  1.145055400281278e+00 -8.219157199747817e-01  1.652459215237010e-01 -8.219157199747817e-01  8.851677003632294e-04 -8.219157199747817e-01  5.759113529269443e-01 -8.219157199747817e-01  2.530051827914015e-01 -8.219157199747817e-01  2.534358666647297e-03 
-8.179157199747817e-01  1.573628191288850e+00 -8.179157199747817e-01  1.155669786249097e+00 -8.179157199747817e-01  1.143756144716445e+00 -8.179157199747817e-01  1.655292060580446e-01 -8.179157199747817e-01  8.890371025646872e-04 -8.179157199747817e-01  5.772791119289984e-01 -8.179157199747817e-01  2.528338404985493e-01 -8.179157199747817e-01  2.530499552750016e-03 
-8.139157199747817e-01  1.572642298891904e+00 -8.139157199747817e-01  1.156653062484230e+00 -8.139157199747817e-01  1.142455804559342e+00 -8.139157199747817e-01  1.658119682635913e-01 -8.139157199747817e-01  8.929090413704720e-04 -8.139157199747817e-01  5.786475395021302e-01 -8.139157199747817e-01  2.526624022215898e-01 -8.139157199747817e-01  2.526637899172529e-03 
-8.099157199747817e-01  1.571655766349544e+00 -8.099157199747817e-01  1.157636979801771e+00 -8.099157199747817e-01  1.141154388131167e+00 -8.099157199747817e-01  1.660942098921293e-01 -8.099157199747817e-01  8.967834940394507e-04 -8.099157199747817e-01  5.800166285617221e-01 -8.099157199747817e-01  2.524908670713745e-01 -8.099157199747817e-01  2.522773727850716e-03 
-8.059157199747817e-01  1.570668599405961e+00 -8.059157199747817e-01  1.158621532671178e+00 -8.059157199747817e-01  1.139851903686687e+00 -8.059157199747817e-01  1.663759326931519e-01 -8.059157199747817e-01  9.006604380147609e-04 -8.059157199747817e-01  5.813863720908612e-01 -8.059157199747817e-01  2.523192341627489e-01 -8.059157199747817e-01  2.518907060504838e-03 
-8.019157199747817e-01  1.569680803754721e+00 -8.019157199747817e-01  1.159606715601151e+00 -8.019157199747817e-01  1.138548359412443e+00 -8.019157199747817e-01  1.666571384149119e-01 -8.019157199747817e-01  9.045398509384064e-04 -8.019157199747817e-01  5.827567631294231e-01 -8.019157199747817e-01  2.521475026168136e-01 -8.019157199747817e-01  2.515037918701065e-03 
-7.979157199747817e-01  1.568692385041707e+00 -7.979157199747817e-01  1.160592523147532e+00 -7.979157199747817e-01  1.137243763428843e+00 -7.979157199747817e-01  1.669378288036186e-01 -7.979157199747817e-01  9.084217106396157e-04 -7.979157199747817e-01  5.841277947789323e-01 -7.979157199747817e-01  2.519756715595022e-01 -7.979157199747817e-01  2.511166323820454e-03 
-7.939157199747817e-01  1.567703348865234e+00 -7.939157199747817e-01  1.161578949911284e+00 -7.939157199747817e-01  1.135938123790588e+00 -7.939157199747817e-01  1.672180056034348e-01 -7.939157199747817e-01  9.123059951344578e-04 -7.939157199747817e-01  5.854994602007866e-01 -7.939157199747817e-01  2.518037401217063e-01 -7.939157199747817e-01  2.507292297066749e-03 
-7.899157199747817e-01  1.566713700777486e+00 -7.899157199747817e-01  1.162565990541077e+00 -7.899157199747817e-01  1.134631448487885e+00 -7.899157199747817e-01  1.674976705561056e-01 -7.899157199747817e-01  9.161926826201727e-04 -7.899157199747817e-01  5.868717526175756e-01 -7.899157199747817e-01  2.516317074386986e-01 -7.899157199747817e-01  2.503415859456477e-03 
-7.859157199747817e-01  1.565723446285803e+00 -7.859157199747817e-01  1.163553639735573e+00 -7.859157199747817e-01  1.133323745447555e+00 -7.859157199747817e-01  1.677768254006336e-01 -7.859157199747817e-01  9.200817514700792e-04 -7.859157199747817e-01  5.882446653142073e-01 -7.859157199747817e-01  2.514595726495844e-01 -7.859157199747817e-01  2.499537031809733e-03 
-7.819157199747817e-01  1.564732590851473e+00 -7.819157199747817e-01  1.164541892236549e+00 -7.819157199747817e-01  1.132015022532690e+00 -7.819157199747817e-01  1.680554718736464e-01 -7.819157199747817e-01  9.239731802383870e-04 -7.819157199747817e-01  5.896181916328855e-01 -7.819157199747817e-01  2.512873348982055e-01 -7.819157199747817e-01  2.495655834777308e-03 
-7.779157199747817e-01  1.563741139881360e+00 -7.779157199747817e-01  1.165530742796783e+00 -7.779157199747817e-01  1.130705287538092e+00 -7.779157199747817e-01  1.683336117117039e-01 -7.779157199747817e-01  9.278669476930380e-04 -7.779157199747817e-01  5.909923249511704e-01 -7.779157199747817e-01  2.511149933380019e-01 -7.779157199747817e-01  2.491772288966796e-03 
-7.739157199747817e-01  1.562749098756054e+00 -7.739157199747817e-01  1.166520186278041e+00 -7.739157199747817e-01  1.129394548207143e+00 -7.739157199747817e-01  1.686112466436505e-01 -7.739157199747817e-01  9.317630327051399e-04 -7.739157199747817e-01  5.923670587473256e-01 -7.739157199747817e-01  2.509425471164710e-01 -7.739157199747817e-01  2.487886414557783e-03 
-7.699157199747817e-01  1.561756472791832e+00 -7.699157199747817e-01  1.167510217513095e+00 -7.699157199747817e-01  1.128082812209818e+00 -7.699157199747817e-01  1.688883784010224e-01 -7.699157199747817e-01  9.356614143983987e-04 -7.699157199747817e-01  5.937423865073510e-01 -7.699157199747817e-01  2.507699953966376e-01 -7.699157199747817e-01  2.483998231843637e-03 
-7.659157199747817e-01  1.560763267273620e+00 -7.659157199747817e-01  1.168500831420992e+00 -7.659157199747817e-01  1.126770087162394e+00 -7.659157199747817e-01  1.691650087090993e-01 -7.659157199747817e-01  9.395620720196060e-04 -7.659157199747817e-01  5.951183018019390e-01 -7.659157199747817e-01  2.505973373388066e-01 -7.659157199747817e-01  2.480107760778977e-03 
-7.619157199747817e-01  1.559769487442886e+00 -7.619157199747817e-01  1.169492022961511e+00 -7.619157199747817e-01  1.125456380620690e+00 -7.619157199747817e-01  1.694411392902520e-01 -7.619157199747817e-01  9.434649849862529e-04 -7.619157199747817e-01  5.964947982555560e-01 -7.619157199747817e-01  2.504245721075370e-01 -7.619157199747817e-01  2.476215021158476e-03 
-7.579157199747817e-01  1.558775138490943e+00 -7.579157199747817e-01  1.170483787109214e+00 -7.579157199747817e-01  1.124141700076438e+00 -7.579157199747817e-01  1.697167718657754e-01 -7.579157199747817e-01  9.473701329127598e-04 -7.579157199747817e-01  5.978718695286315e-01 -7.579157199747817e-01  2.502516988755551e-01 -7.579157199747817e-01  2.472320032718654e-03 
-7.539157199747817e-01  1.557780225573779e+00 -7.539157199747817e-01  1.171476118903900e+00 -7.539157199747817e-01  1.122826052966380e+00 -7.539157199747817e-01  1.699919081519287e-01 -7.539157199747817e-01  9.512774955523146e-04 -7.539157199747817e-01  5.992495093510782e-01 -7.539157199747817e-01  2.500787168156691e-01 -7.539157199747817e-01  2.468422814939880e-03 
-7.499157199747817e-01  1.556784753804317e+00 -7.499157199747817e-01  1.172469013420864e+00 -7.499157199747817e-01  1.121509446668025e+00 -7.499157199747817e-01  1.702665498620640e-01 -7.499157199747817e-01  9.551870528271838e-04 -7.499157199747817e-01  6.006277115019519e-01 -7.499157199747817e-01  2.499056251052784e-01 -7.499157199747817e-01  2.464523387163138e-03 
-7.459157199747817e-01  1.555788728251940e+00 -7.459157199747817e-01  1.173462465767158e+00 -7.459157199747817e-01  1.120191888499701e+00 -7.459157199747817e-01  1.705406987067946e-01 -7.459157199747817e-01  9.590987848306572e-04 -7.459157199747817e-01  6.020064698065957e-01 -7.459157199747817e-01  2.497324229268066e-01 -7.459157199747817e-01  2.460621768604636e-03 
-7.419157199747817e-01  1.554792153944670e+00 -7.419157199747817e-01  1.174456471087068e+00 -7.419157199747817e-01  1.118873385722164e+00 -7.419157199747817e-01  1.708143563934452e-01 -7.419157199747817e-01  9.630126718184071e-04 -7.419157199747817e-01  6.033857781399614e-01 -7.419157199747817e-01  2.495591094666865e-01 -7.419157199747817e-01  2.456717978334395e-03 
-7.379157199747817e-01  1.553795035876278e+00 -7.379157199747817e-01  1.175451024585292e+00 -7.379157199747817e-01  1.117553945543141e+00 -7.379157199747817e-01  1.710875246242085e-01 -7.379157199747817e-01  9.669286941806495e-04 -7.379157199747817e-01  6.047656304418267e-01 -7.379157199747817e-01  2.493856839115515e-01 -7.379157199747817e-01  2.452812035185169e-03 
-7.339157199747817e-01  1.552797378990554e+00 -7.339157199747817e-01  1.176446121468955e+00 -7.339157199747817e-01  1.116233575108320e+00 -7.339157199747817e-01  1.713602051003755e-01 -7.339157199747817e-01  9.708468325038626e-04 -7.339157199747817e-01  6.061460206775162e-01 -7.339157199747817e-01  2.492121454572229e-01 -7.339157199747817e-01  2.448903957980174e-03 
-7.299157199747817e-01  1.551799188201032e+00 -7.299157199747817e-01  1.177441757015654e+00 -7.299157199747817e-01  1.114912281513371e+00 -7.299157199747817e-01  1.716323995171336e-01 -7.299157199747817e-01  9.747670674933430e-04 -7.299157199747817e-01  6.075269428832680e-01 -7.299157199747817e-01  2.490384932978333e-01 -7.299157199747817e-01  2.444993765265853e-03 
-7.259157199747817e-01  1.550800468380539e+00 -7.259157199747817e-01  1.178437926534162e+00 -7.259157199747817e-01  1.113590071798061e+00 -7.259157199747817e-01  1.719041095663981e-01 -7.259157199747817e-01  9.786893800142363e-04 -7.259157199747817e-01  6.089083911395050e-01 -7.259157199747817e-01  2.488647266318723e-01 -7.259157199747817e-01  2.441081475466240e-03 
-7.219157199747817e-01  1.549801224357664e+00 -7.219157199747817e-01  1.179434625349995e+00 -7.219157199747817e-01  1.112266952944462e+00 -7.219157199747817e-01  1.721753369377828e-01 -7.219157199747817e-01  9.826137511053986e-04 -7.219157199747817e-01  6.102903595608120e-01 -7.219157199747817e-01  2.486908446643209e-01 -7.219157199747817e-01  2.437167106939555e-03 
-7.179157199747817e-01  1.548801460928372e+00 -7.179157199747817e-01  1.180431848844584e+00 -7.179157199747817e-01  1.110942931884167e+00 -7.179157199747817e-01  1.724460833155838e-01 -7.179157199747817e-01  9.865401619338268e-04 -7.179157199747817e-01  6.116728423219321e-01 -7.179157199747817e-01  2.485168466003261e-01 -7.179157199747817e-01  2.433250677824477e-03 
-7.139157199747816e-01  1.547801182847754e+00 -7.139157199747816e-01  1.181429592423997e+00 -7.139157199747816e-01  1.109618015493680e+00 -7.139157199747816e-01  1.727163503810034e-01 -7.139157199747816e-01  9.904685938270184e-04 -7.139157199747816e-01  6.130558336364359e-01 -7.139157199747816e-01  2.483427316499960e-01 -7.139157199747816e-01  2.429332206162923e-03 
-7.099157199747816e-01  1.546800394839027e+00 -7.099157199747816e-01  1.182427851548890e+00 -7.099157199747816e-01  1.108292210600103e+00 -7.099157199747816e-01  1.729861398098380e-01 -7.099157199747816e-01  9.943990282376277e-04 -7.099157199747816e-01  6.144393277765219e-01 -7.099157199747816e-01  2.481684990235219e-01 -7.099157199747816e-01  2.425411709782398e-03 
-7.059157199747816e-01  1.545799101582039e+00 -7.059157199747816e-01  1.183426621691872e+00 -7.059157199747816e-01  1.106965523974555e+00 -7.059157199747816e-01  1.732554532755408e-01 -7.059157199747816e-01  9.983314467885949e-04 -7.059157199747816e-01  6.158233190440729e-01 -7.059157199747816e-01  2.479941479377862e-01 -7.059157199747816e-01  2.421489206463479e-03 
-7.019157199747816e-01  1.544797307721541e+00 -7.019157199747816e-01  1.184425898364915e+00 -7.019157199747816e-01  1.105637962337419e+00 -7.019157199747816e-01  1.735242924471055e-01 -7.019157199747816e-01  1.002265831240722e-03 -7.019157199747816e-01  6.172078017887656e-01 -7.019157199747816e-01  2.478196776118897e-01 -7.019157199747816e-01  2.417564713832145e-03 
-6.979157199747816e-01  1.543795017875657e+00 -6.979157199747816e-01  1.185425677147281e+00 -6.979157199747816e-01  1.104309532363709e+00 -6.979157199747816e-01  1.737926589869204e-01 -6.979157199747816e-01  1.006202163459353e-03 -6.979157199747816e-01  6.185927704265303e-01 -6.979157199747816e-01  2.476450872625860e-01 -6.979157199747816e-01  2.413638249250095e-03 
-6.939157199747816e-01  1.542792236608495e+00 -6.939157199747816e-01  1.186425953586975e+00 -6.939157199747816e-01  1.102980240666953e+00 -6.939157199747816e-01  1.740605545579395e-01 -6.939157199747816e-01  1.010140425521938e-03 -6.939157199747816e-01  6.199782193730398e-01 -6.939157199747816e-01  2.474703761197701e-01 -6.939157199747816e-01  2.409709830201809e-03 
-6.899157199747816e-01  1.541788968471106e+00 -6.899157199747816e-01  1.187426723343568e+00 -6.899157199747816e-01  1.101650093824038e+00 -6.899157199747816e-01  1.743279808131036e-01 -6.899157199747816e-01  1.014080599557206e-03 -6.899157199747816e-01  6.213641431393921e-01 -6.899157199747816e-01  2.472955434037009e-01 -6.899157199747816e-01  2.405779473733605e-03 
-6.859157199747816e-01  1.540785217959650e+00 -6.859157199747816e-01  1.188427982038595e+00 -6.859157199747816e-01  1.100319098350395e+00 -6.859157199747816e-01  1.745949394062377e-01 -6.859157199747816e-01  1.018022667909439e-03 -6.859157199747816e-01  6.227505362312862e-01 -6.859157199747816e-01  2.471205883485993e-01 -6.859157199747816e-01  2.401847197041180e-03 
-6.819157199747816e-01  1.539780989550386e+00 -6.819157199747816e-01  1.189429725377322e+00 -6.819157199747816e-01  1.098987260721291e+00 -6.819157199747816e-01  1.748614319830512e-01 -6.819157199747816e-01  1.021966613001053e-03 -6.819157199747816e-01  6.241373932305674e-01 -6.819157199747816e-01  2.469455101831957e-01 -6.819157199747816e-01  2.397913016991358e-03 
-6.779157199747816e-01  1.538776287677070e+00 -6.779157199747816e-01  1.190431949067156e+00 -6.779157199747816e-01  1.097654587358531e+00 -6.779157199747816e-01  1.751274601870312e-01 -6.779157199747816e-01  1.025912417421376e-03 -6.779157199747816e-01  6.255247087401177e-01 -6.779157199747816e-01  2.467703081435605e-01 -6.779157199747816e-01  2.393976950442600e-03 
-6.739157199747816e-01  1.537771116745305e+00 -6.739157199747816e-01  1.191434648866552e+00 -6.739157199747816e-01  1.096321084639364e+00 -6.739157199747816e-01  1.753930256558016e-01 -6.739157199747816e-01  1.029860063870267e-03 -6.739157199747816e-01  6.269124774164463e-01 -6.739157199747816e-01  2.465949814652057e-01 -6.739157199747816e-01  2.390039014052886e-03 
-6.699157199747816e-01  1.536765481120877e+00 -6.699157199747816e-01  1.192437820542101e+00 -6.699157199747816e-01  1.094986758889731e+00 -6.699157199747816e-01  1.756581300241725e-01 -6.699157199747816e-01  1.033809535203955e-03 -6.699157199747816e-01  6.283006939405740e-01 -6.699157199747816e-01  2.464195293897851e-01 -6.699157199747816e-01  2.386099224448201e-03 
-6.659157199747816e-01  1.535759385145897e+00 -6.659157199747816e-01  1.193441459923670e+00 -6.659157199747816e-01  1.093651616394278e+00 -6.659157199747816e-01  1.759227749200664e-01 -6.659157199747816e-01  1.037760814371633e-03 -6.659157199747816e-01  6.296893530548286e-01 -6.659157199747816e-01  2.462439511561983e-01 -6.659157199747816e-01  2.382157598006059e-03 
-6.619157199747816e-01  1.534752833125179e+00 -6.619157199747816e-01  1.194445562854786e+00 -6.619157199747816e-01  1.092315663388407e+00 -6.619157199747816e-01  1.761869619680591e-01 -6.619157199747816e-01  1.041713884468915e-03 -6.619157199747816e-01  6.310784495292304e-01 -6.619157199747816e-01  2.460682460083636e-01 -6.619157199747816e-01  2.378214151050293e-03 
-6.579157199747816e-01  1.533745829328840e+00 -6.579157199747816e-01  1.195450125200047e+00 -6.579157199747816e-01  1.090978906060102e+00 -6.579157199747816e-01  1.764506927887700e-01 -6.579157199747816e-01  1.045668728727713e-03 -6.579157199747816e-01  6.324679781662065e-01 -6.579157199747816e-01  2.458924131939273e-01 -6.579157199747816e-01  2.374268899822034e-03 
-6.539157199747816e-01  1.532738378003651e+00 -6.539157199747816e-01  1.196455142883420e+00 -6.539157199747816e-01  1.089641350557067e+00 -6.539157199747816e-01  1.767139689960356e-01 -6.539157199747816e-01  1.049625330471582e-03 -6.539157199747816e-01  6.338579338260804e-01 -6.539157199747816e-01  2.457164519580315e-01 -6.539157199747816e-01  2.370321860329206e-03 
-6.499157199747816e-01  1.531730483351641e+00 -6.499157199747816e-01  1.197460611811332e+00 -6.499157199747816e-01  1.088303002974032e+00 -6.499157199747816e-01  1.769767922023913e-01 -6.499157199747816e-01  1.053583673199762e-03 -6.499157199747816e-01  6.352483113751131e-01 -6.499157199747816e-01  2.455403615554731e-01 -6.499157199747816e-01  2.366373048648628e-03 
-6.459157199747816e-01  1.530722149558124e+00 -6.459157199747816e-01  1.198466527969616e+00 -6.459157199747816e-01  1.086963869369991e+00 -6.459157199747816e-01  1.772391640120373e-01 -6.459157199747816e-01  1.057543740477136e-03 -6.459157199747816e-01  6.366391057504293e-01 -6.459157199747816e-01  2.453641412351132e-01 -6.459157199747816e-01  2.362422480545288e-03 
-6.419157199747816e-01  1.529713380771701e+00 -6.419157199747816e-01  1.199472887351522e+00 -6.419157199747816e-01  1.085623955756349e+00 -6.419157199747816e-01  1.775010860259576e-01 -6.419157199747816e-01  1.061505516012721e-03 -6.419157199747816e-01  6.380303119113703e-01 -6.419157199747816e-01  2.451877902512538e-01 -6.419157199747816e-01  2.358470171755033e-03 
-6.379157199747816e-01  1.528704181107064e+00 -6.379157199747816e-01  1.200479685966090e+00 -6.379157199747816e-01  1.084283268098850e+00 -6.379157199747816e-01  1.777625598412634e-01 -6.379157199747816e-01  1.065468983648732e-03 -6.379157199747816e-01  6.394219248448731e-01 -6.379157199747816e-01  2.450113078621942e-01 -6.379157199747816e-01  2.354516137951671e-03 
-6.339157199747816e-01  1.527694554654876e+00 -6.339157199747816e-01  1.201486919871221e+00 -6.339157199747816e-01  1.082941812323860e+00 -6.339157199747816e-01  1.780235870487650e-01 -6.339157199747816e-01  1.069434127321678e-03 -6.339157199747816e-01  6.408139395874682e-01 -6.339157199747816e-01  2.448346933248332e-01 -6.339157199747816e-01  2.350560394617163e-03 
-6.299157199747816e-01  1.526684505476742e+00 -6.299157199747816e-01  1.202494585154413e+00 -6.299157199747816e-01  1.081599594315539e+00 -6.299157199747816e-01  1.782841692343095e-01 -6.299157199747816e-01  1.073400931082216e-03 -6.299157199747816e-01  6.422063512120924e-01 -6.299157199747816e-01  2.446579458976315e-01 -6.299157199747816e-01  2.346602957117192e-03 
-6.259157199747816e-01  1.525674037598373e+00 -6.259157199747816e-01  1.203502677907366e+00 -6.259157199747816e-01  1.080256619911941e+00 -6.259157199747816e-01  1.785443079805364e-01 -6.259157199747816e-01  1.077369379121903e-03 -6.259157199747816e-01  6.435991548107715e-01 -6.259157199747816e-01  2.444810648445802e-01 -6.259157199747816e-01  2.342643840800969e-03 
-6.219157199747816e-01  1.524663155022874e+00 -6.219157199747816e-01  1.204511194270939e+00 -6.219157199747816e-01  1.078912894913342e+00 -6.219157199747816e-01  1.788040048636246e-01 -6.219157199747816e-01  1.081339455721095e-03 -6.219157199747816e-01  6.449923455246189e-01 -6.219157199747816e-01  2.443040494278855e-01 -6.219157199747816e-01  2.338683060824611e-03 
-6.179157199747816e-01  1.523651861724427e+00 -6.179157199747816e-01  1.205520130411536e+00 -6.179157199747816e-01  1.077568425078638e+00 -6.179157199747816e-01  1.790632614549301e-01 -6.179157199747816e-01  1.085311145273676e-03 -6.179157199747816e-01  6.463859185277296e-01 -6.179157199747816e-01  2.441268989116478e-01 -6.179157199747816e-01  2.334720632243934e-03 
-6.139157199747816e-01  1.522640161645810e+00 -6.139157199747816e-01  1.206529482510988e+00 -6.139157199747816e-01  1.076223216124073e+00 -6.139157199747816e-01  1.793220793216639e-01 -6.139157199747816e-01  1.089284432296886e-03 -6.139157199747816e-01  6.477798690201526e-01 -6.139157199747816e-01  2.439496125633824e-01 -6.139157199747816e-01  2.330756570054170e-03 
-6.099157199747816e-01  1.521628058704531e+00 -6.099157199747816e-01  1.207539246786454e+00 -6.099157199747816e-01  1.074877273727217e+00 -6.099157199747816e-01  1.795804600254251e-01 -6.099157199747816e-01  1.093259301407151e-03 -6.099157199747816e-01  6.491741922410406e-01 -6.099157199747816e-01  2.437721896507195e-01 -6.099157199747816e-01  2.326790889111780e-03 
-6.059157199747816e-01  1.520615556789323e+00 -6.059157199747816e-01  1.208549419476831e+00 -6.059157199747816e-01  1.073530603525063e+00 -6.059157199747816e-01  1.798384051231350e-01 -6.059157199747816e-01  1.097235737333902e-03 -6.059157199747816e-01  6.505688834593025e-01 -6.059157199747816e-01  2.435946294434873e-01 -6.059157199747816e-01  2.322823604187881e-03 
-6.019157199747815e-01  1.519602659762604e+00 -6.019157199747815e-01  1.209559996849764e+00 -6.019157199747815e-01  1.072183211115765e+00 -6.019157199747815e-01  1.800959161664889e-01 -6.019157199747815e-01  1.101213724909887e-03 -6.019157199747815e-01  6.519639379780938e-01 -6.019157199747815e-01  2.434169312124820e-01 -6.019157199747815e-01  2.318854729940669e-03 
-5.979157199747815e-01  1.518589371461529e+00 -5.979157199747815e-01  1.210570975204060e+00 -5.979157199747815e-01  1.070835102059512e+00 -5.979157199747815e-01  1.803529947017620e-01 -5.979157199747815e-01  1.105193249067060e-03 -5.979157199747815e-01  6.533593511362252e-01 -5.979157199747815e-01  2.432390942289778e-01 -5.979157199747815e-01  2.314884280905974e-03 
-5.939157199747815e-01  1.517575695691239e+00 -5.939157199747815e-01  1.211582350844583e+00 -5.939157199747815e-01  1.069486281874621e+00 -5.939157199747815e-01  1.806096422715241e-01 -5.939157199747815e-01  1.109174294863042e-03 -5.939157199747815e-01  6.547551182910687e-01 -5.939157199747815e-01  2.430611177686736e-01 -5.939157199747815e-01  2.310912271595808e-03 
-5.899157199747815e-01  1.516561636235544e+00 -5.899157199747815e-01  1.212594120118188e+00 -5.899157199747815e-01  1.068136756044315e+00 -5.899157199747815e-01  1.808658604120837e-01 -5.899157199747815e-01  1.113156847439265e-03 -5.899157199747815e-01  6.561512348425127e-01 -5.899157199747815e-01  2.428830011058072e-01 -5.899157199747815e-01  2.306938716357308e-03 
-5.859157199747815e-01  1.515547196854111e+00 -5.859157199747815e-01  1.213606279402594e+00 -5.859157199747815e-01  1.066786530015222e+00 -5.859157199747815e-01  1.811216506542419e-01 -5.859157199747815e-01  1.117140892031917e-03 -5.859157199747815e-01  6.575476962252760e-01 -5.859157199747815e-01  2.427047435148442e-01 -5.859157199747815e-01  2.302963629416378e-03 
-5.819157199747815e-01  1.514532381273320e+00 -5.819157199747815e-01  1.214618825073052e+00 -5.819157199747815e-01  1.065435609191976e+00 -5.819157199747815e-01  1.813770145255836e-01 -5.819157199747815e-01  1.121126414007889e-03 -5.819157199747815e-01  6.589444978862842e-01 -5.819157199747815e-01  2.425263442757685e-01 -5.819157199747815e-01  2.298987025008603e-03 
-5.779157199747815e-01  1.513517193201112e+00 -5.779157199747815e-01  1.215631753552823e+00 -5.779157199747815e-01  1.064083998946570e+00 -5.779157199747815e-01  1.816319535469175e-01 -5.779157199747815e-01  1.125113398806478e-03 -5.779157199747815e-01  6.603416353184123e-01 -5.779157199747815e-01  2.423478026658360e-01 -5.779157199747815e-01  2.295008917181026e-03 
-5.739157199747815e-01  1.512501636319885e+00 -5.739157199747815e-01  1.216645061287035e+00 -5.739157199747815e-01  1.062731704614208e+00 -5.739157199747815e-01  1.818864692340769e-01 -5.739157199747815e-01  1.129101831967302e-03 -5.739157199747815e-01  6.617391040427154e-01 -5.739157199747815e-01  2.421691179637022e-01 -5.739157199747815e-01  2.291029319894839e-03 
-5.699157199747815e-01  1.511485714283165e+00 -5.699157199747815e-01  1.217658744729822e+00 -5.699157199747815e-01  1.061378731491458e+00 -5.699157199747815e-01  1.821405630987774e-01 -5.699157199747815e-01  1.133091699143277e-03 -5.699157199747815e-01  6.631368995995723e-01 -5.699157199747815e-01  2.419902894514105e-01 -5.699157199747815e-01  2.287048247075823e-03 
-5.659157199747815e-01  1.510469430722378e+00 -5.659157199747815e-01  1.218672800366577e+00 -5.659157199747815e-01  1.060025084840652e+00 -5.659157199747815e-01  1.823942366470457e-01 -5.659157199747815e-01  1.137082986074161e-03 -5.659157199747815e-01  6.645350175634595e-01 -5.659157199747815e-01  2.418113164107046e-01 -5.659157199747815e-01  2.283065712527009e-03 
-5.619157199747815e-01  1.509452789245174e+00 -5.619157199747815e-01  1.219687224706856e+00 -5.619157199747815e-01  1.058670769889051e+00 -5.619157199747815e-01  1.826474913796806e-01 -5.619157199747815e-01  1.141075678593014e-03 -5.619157199747815e-01  6.659334535379899e-01 -5.619157199747815e-01  2.416321981240836e-01 -5.619157199747815e-01  2.279081729956540e-03 
-5.579157199747815e-01  1.508435793435864e+00 -5.579157199747815e-01  1.220702014284621e+00 -5.579157199747815e-01  1.057315791829335e+00 -5.579157199747815e-01  1.829003287922183e-01 -5.579157199747815e-01  1.145069762624568e-03 -5.579157199747815e-01  6.673322031558911e-01 -5.579157199747815e-01  2.414529338746710e-01 -5.579157199747815e-01  2.275096312976701e-03 
-5.539157199747815e-01  1.507418446853679e+00 -5.539157199747815e-01  1.221717165650879e+00 -5.539157199747815e-01  1.055960155818728e+00 -5.539157199747815e-01  1.831527503754075e-01 -5.539157199747815e-01  1.149065224192006e-03 -5.539157199747815e-01  6.687312620738531e-01 -5.539157199747815e-01  2.412735229473241e-01 -5.539157199747815e-01  2.271109475132834e-03 
-5.499157199747815e-01  1.506400753035743e+00 -5.499157199747815e-01  1.222732675382793e+00 -5.499157199747815e-01  1.054603866981054e+00 -5.499157199747815e-01  1.834047576145600e-01 -5.499157199747815e-01  1.153062049405335e-03 -5.499157199747815e-01  6.701306259784887e-01 -5.499157199747815e-01  2.410939646270662e-01 -5.499157199747815e-01  2.267121229867585e-03 
-5.459157199747815e-01  1.505382715498509e+00 -5.459157199747815e-01  1.223748540087499e+00 -5.459157199747815e-01  1.053246930407818e+00 -5.459157199747815e-01  1.836563519892697e-01 -5.459157199747815e-01  1.157060224455688e-03 -5.459157199747815e-01  6.715302905887032e-01 -5.459157199747815e-01  2.409142581983739e-01 -5.459157199747815e-01  2.263131590505819e-03 
-5.419157199747815e-01  1.504364337727446e+00 -5.419157199747815e-01  1.224764756364972e+00 -5.419157199747815e-01  1.051889351152022e+00 -5.419157199747815e-01  1.839075349759395e-01 -5.419157199747815e-01  1.161059735655908e-03 -5.419157199747815e-01  6.729302516305590e-01 -5.419157199747815e-01  2.407344029511419e-01 -5.419157199747815e-01  2.259140570400603e-03 
-5.379157199747815e-01  1.503345623196862e+00 -5.379157199747815e-01  1.225781320875739e+00 -5.379157199747815e-01  1.050531134240651e+00 -5.379157199747815e-01  1.841583080431068e-01 -5.379157199747815e-01  1.165060569362574e-03 -5.379157199747815e-01  6.743305048826139e-01 -5.379157199747815e-01  2.405543981695689e-01 -5.379157199747815e-01  2.255148182667133e-03 
-5.339157199747815e-01  1.502326575347244e+00 -5.339157199747815e-01  1.226798230260995e+00 -5.339157199747815e-01  1.049172284660822e+00 -5.339157199747815e-01  1.844086726569125e-01 -5.339157199747815e-01  1.169062712065146e-03 -5.339157199747815e-01  6.757310461220432e-01 -5.339157199747815e-01  2.403742431450918e-01 -5.339157199747815e-01  2.251154440496596e-03 
-5.299157199747815e-01  1.501307197608858e+00 -5.299157199747815e-01  1.227815481223189e+00 -5.299157199747815e-01  1.047812807374621e+00 -5.299157199747815e-01  1.846586302755466e-01 -5.299157199747815e-01  1.173066150293177e-03 -5.299157199747815e-01  6.771318711786387e-01 -5.299157199747815e-01  2.401939371631592e-01 -5.299157199747815e-01  2.247159356839537e-03 
-5.259157199747815e-01  1.500287493378351e+00 -5.259157199747815e-01  1.228833070444000e+00 -5.259157199747815e-01  1.046452707304768e+00 -5.259157199747815e-01  1.849081823548618e-01 -5.259157199747815e-01  1.177070870708206e-03 -5.259157199747815e-01  6.785329758795036e-01 -5.259157199747815e-01  2.400134795165377e-01 -5.259157199747815e-01  2.243162944728122e-03 
-5.219157199747815e-01  1.499267466042735e+00 -5.219157199747815e-01  1.229850994665990e+00 -5.219157199747815e-01  1.045091989349711e+00 -5.219157199747815e-01  1.851573303427568e-01 -5.219157199747815e-01  1.181076860009615e-03 -5.219157199747815e-01  6.799343561037634e-01 -5.219157199747815e-01  2.398328694918953e-01 -5.219157199747815e-01  2.239165216955393e-03 
-5.179157199747815e-01  1.498247118958407e+00 -5.179157199747815e-01  1.230869250619009e+00 -5.179157199747815e-01  1.043730658370783e+00 -5.179157199747815e-01  1.854060756842001e-01 -5.179157199747815e-01  1.185084105017007e-03 -5.179157199747815e-01  6.813360077329357e-01 -5.179157199747815e-01  2.396521063817449e-01 -5.179157199747815e-01  2.235166186364316e-03 
-5.139157199747815e-01  1.497226455468394e+00 -5.139157199747815e-01  1.231887835078650e+00 -5.139157199747815e-01  1.042368719203105e+00 -5.139157199747815e-01  1.856544198172186e-01 -5.139157199747815e-01  1.189092592602443e-03 -5.139157199747815e-01  6.827379266900497e-01 -5.139157199747815e-01  2.394711894748096e-01 -5.139157199747815e-01  2.231165865618228e-03 
-5.099157199747815e-01  1.496205478886014e+00 -5.099157199747815e-01  1.232906744808631e+00 -5.099157199747815e-01  1.041006176645607e+00 -5.099157199747815e-01  1.859023641768061e-01 -5.099157199747815e-01  1.193102309754664e-03 -5.099157199747815e-01  6.841401089007527e-01 -5.099157199747815e-01  2.392901180653722e-01 -5.099157199747815e-01  2.227164267427065e-03 
-5.059157199747815e-01  1.495184192514420e+00 -5.059157199747815e-01  1.233925976627309e+00 -5.059157199747815e-01  1.039643035473388e+00 -5.059157199747815e-01  1.861499101903936e-01 -5.059157199747815e-01  1.197113243502291e-03 -5.059157199747815e-01  6.855425503378684e-01 -5.059157199747815e-01  2.391088914423043e-01 -5.059157199747815e-01  2.223161404286216e-03 
-5.019157199747815e-01  1.494162599630060e+00 -5.019157199747815e-01  1.234945527349336e+00 -5.019157199747815e-01  1.038279300427594e+00 -5.019157199747815e-01  1.863970592817955e-01 -5.019157199747815e-01  1.201125380978846e-03 -5.019157199747815e-01  6.869452469820092e-01 -5.019157199747815e-01  2.389275088985474e-01 -5.019157199747815e-01  2.219157288705604e-03 
-4.979157199747815e-01  1.493140703493942e+00 -4.979157199747815e-01  1.235965393823584e+00 -4.979157199747815e-01  1.036914976222622e+00 -4.979157199747815e-01  1.866438128686264e-01 -4.979157199747815e-01  1.205138709378407e-03 -4.979157199747815e-01  6.883481948469120e-01 -4.979157199747815e-01  2.387459697248180e-01 -4.979157199747815e-01  2.215151933060768e-03 
-4.939157199747815e-01  1.492118507336698e+00 -4.939157199747815e-01  1.236985572880429e+00 -4.939157199747815e-01  1.035550067536976e+00 -4.939157199747815e-01  1.868901723658480e-01 -4.939157199747815e-01  1.209153216014357e-03 -4.939157199747815e-01  6.897513899438488e-01 -4.939157199747815e-01  2.385642732181934e-01 -4.939157199747815e-01  2.211145349799838e-03 
-4.899157199747814e-01  1.491096014385818e+00 -4.899157199747814e-01  1.238006061424690e+00 -4.899157199747814e-01  1.034184579030451e+00 -4.899157199747814e-01  1.871361391794902e-01 -4.899157199747814e-01  1.213168888212421e-03 -4.899157199747814e-01  6.911548283439443e-01 -4.899157199747814e-01  2.383824186667607e-01 -4.899157199747814e-01  2.207137551078677e-03 
-4.859157199747814e-01  1.490073227838415e+00 -4.859157199747814e-01  1.239026856340673e+00 -4.859157199747814e-01  1.032818515327304e+00 -4.859157199747814e-01  1.873817147130476e-01 -4.859157199747814e-01  1.217185713417562e-03 -4.859157199747814e-01  6.925585061141915e-01 -4.859157199747814e-01  2.382004053651492e-01 -4.859157199747814e-01  2.203128549133613e-03 
-4.819157199747814e-01  1.489050150873519e+00 -4.819157199747814e-01  1.240047954533459e+00 -4.819157199747814e-01  1.031451881024102e+00 -4.819157199747814e-01  1.876269003646792e-01 -4.819157199747814e-01  1.221203679145779e-03 -4.819157199747814e-01  6.939624193450645e-01 -4.819157199747814e-01  2.380182326076775e-01 -4.819157199747814e-01  2.199118356119435e-03 
-4.779157199747814e-01  1.488026786658807e+00 -4.779157199747814e-01  1.241069352951131e+00 -4.779157199747814e-01  1.030084680694113e+00 -4.779157199747814e-01  1.878716975257159e-01 -4.779157199747814e-01  1.225222772957594e-03 -4.779157199747814e-01  6.953665641652941e-01 -4.779157199747814e-01  2.378358996846063e-01 -4.779157199747814e-01  2.195106984022045e-03 
-4.739157199747814e-01  1.487003138332394e+00 -4.739157199747814e-01  1.242091048520972e+00 -4.739157199747814e-01  1.028716918876080e+00 -4.739157199747814e-01  1.881161075849301e-01 -4.739157199747814e-01  1.229242982529661e-03 -4.739157199747814e-01  6.967709366988497e-01 -4.739157199747814e-01  2.376534058925920e-01 -4.739157199747814e-01  2.191094444909013e-03 
-4.699157199747814e-01  1.485979209024864e+00 -4.699157199747814e-01  1.243113038224298e+00 -4.699157199747814e-01  1.027348600088187e+00 -4.699157199747814e-01  1.883601319235094e-01 -4.699157199747814e-01  1.233264295568156e-03 -4.699157199747814e-01  6.981755331150770e-01 -4.699157199747814e-01  2.374707505222670e-01 -4.699157199747814e-01  2.187080750635742e-03 
-4.659157199747814e-01  1.484955001840507e+00 -4.659157199747814e-01  1.244135319031038e+00 -4.659157199747814e-01  1.025979728816467e+00 -4.659157199747814e-01  1.886037719194398e-01 -4.659157199747814e-01  1.237286699882486e-03 -4.659157199747814e-01  6.995803495845981e-01 -4.659157199747814e-01  2.372879328689695e-01 -4.659157199747814e-01  2.183065913102314e-03 
-4.619157199747814e-01  1.483930519870811e+00 -4.619157199747814e-01  1.245157887944905e+00 -4.619157199747814e-01  1.024610309523438e+00 -4.619157199747814e-01  1.888470289444664e-01 -4.619157199747814e-01  1.241310183332382e-03 -4.619157199747814e-01  7.009853823095182e-01 -4.619157199747814e-01  2.371049522252108e-01 -4.619157199747814e-01  2.179049944076146e-03 
-4.579157199747814e-01  1.482905766184664e+00 -4.579157199747814e-01  1.246180741968980e+00 -4.579157199747814e-01  1.023240346642110e+00 -4.579157199747814e-01  1.890899043663927e-01 -4.579157199747814e-01  1.245334733866233e-03 -4.579157199747814e-01  7.023906275001586e-01 -4.579157199747814e-01  2.369218078863027e-01 -4.579157199747814e-01  2.175032855327149e-03 
-4.539157199747814e-01  1.481880743842763e+00 -4.539157199747814e-01  1.247203878154084e+00 -4.539157199747814e-01  1.021869844585204e+00 -4.539157199747814e-01  1.893323995458547e-01 -4.539157199747814e-01  1.249360339464643e-03 -4.539157199747814e-01  7.037960814074186e-01 -4.539157199747814e-01  2.367384991422686e-01 -4.539157199747814e-01  2.171014658437728e-03 
-4.499157199747814e-01  1.480855455879213e+00 -4.499157199747814e-01  1.248227293534677e+00 -4.499157199747814e-01  1.020498807733753e+00 -4.499157199747814e-01  1.895745158405761e-01 -4.499157199747814e-01  1.253386988212567e-03 -4.499157199747814e-01  7.052017402795713e-01 -4.499157199747814e-01  2.365550252884042e-01 -4.499157199747814e-01  2.166995365054535e-03 
-4.459157199747814e-01  1.479829905315871e+00 -4.459157199747814e-01  1.249250985177180e+00 -4.459157199747814e-01  1.019127240446280e+00 -4.459157199747814e-01  1.898162546021606e-01 -4.459157199747814e-01  1.257414668243132e-03 -4.459157199747814e-01  7.066076003945861e-01 -4.459157199747814e-01  2.363713856171982e-01 -4.459157199747814e-01  2.162974986698718e-03 
-4.419157199747814e-01  1.478804095158209e+00 -4.419157199747814e-01  1.250274950164764e+00 -4.419157199747814e-01  1.017755147056352e+00 -4.419157199747814e-01  1.900576171770885e-01 -4.419157199747814e-01  1.261443367753698e-03 -4.419157199747814e-01  7.080136580497806e-01 -4.419157199747814e-01  2.361875794207848e-01 -4.419157199747814e-01  2.158953534825650e-03 
-4.379157199747814e-01  1.477778028391680e+00 -4.379157199747814e-01  1.251299185584074e+00 -4.379157199747814e-01  1.016382531870456e+00 -4.379157199747814e-01  1.902986049076066e-01 -4.379157199747814e-01  1.265473075020317e-03 -4.379157199747814e-01  7.094199095527658e-01 -4.379157199747814e-01  2.360036059930874e-01 -4.379157199747814e-01  2.154931020877024e-03 
-4.339157199747814e-01  1.476751707987685e+00 -4.339157199747814e-01  1.252323688544626e+00 -4.339157199747814e-01  1.015009399171910e+00 -4.339157199747814e-01  1.905392191304259e-01 -4.339157199747814e-01  1.269503778374140e-03 -4.339157199747814e-01  7.108263512343432e-01 -4.339157199747814e-01  2.358194646265291e-01 -4.339157199747814e-01  2.150907456204747e-03 
-4.299157199747814e-01  1.475725136905794e+00 -4.299157199747814e-01  1.253348456185568e+00 -4.299157199747814e-01  1.013635753222419e+00 -4.299157199747814e-01  1.907794611762897e-01 -4.299157199747814e-01  1.273535466192807e-03 -4.299157199747814e-01  7.122329794529126e-01 -4.299157199747814e-01  2.356351546108322e-01 -4.299157199747814e-01  2.146882852044356e-03 
-4.259157199747814e-01  1.474698318081091e+00 -4.259157199747814e-01  1.254373485631491e+00 -4.259157199747814e-01  1.012261598254254e+00 -4.259157199747814e-01  1.910193323728819e-01 -4.259157199747814e-01  1.277568126950078e-03 -4.259157199747814e-01  7.136397905646634e-01 -4.259157199747814e-01  2.354506752403240e-01 -4.259157199747814e-01  2.142857219688515e-03 
-4.219157199747814e-01  1.473671254434874e+00 -4.219157199747814e-01  1.255398774028044e+00 -4.219157199747814e-01  1.010886938477146e+00 -4.219157199747814e-01  1.912588340424700e-01 -4.219157199747814e-01  1.281601749173875e-03 -4.219157199747814e-01  7.150467809473717e-01 -4.219157199747814e-01  2.352660258079416e-01 -4.219157199747814e-01  2.138830570347228e-03 
-4.179157199747814e-01  1.472643948883518e+00 -4.179157199747814e-01  1.256424318571487e+00 -4.179157199747814e-01  1.009511778084037e+00 -4.179157199747814e-01  1.914979674999766e-01 -4.179157199747814e-01  1.285636321411366e-03 -4.179157199747814e-01  7.164539470201075e-01 -4.179157199747814e-01  2.350812056002147e-01 -4.179157199747814e-01  2.134802915031706e-03 
-4.139157199747814e-01  1.471616404315842e+00 -4.139157199747814e-01  1.257450116430274e+00 -4.139157199747814e-01  1.008136121236944e+00 -4.139157199747814e-01  1.917367340581274e-01 -4.139157199747814e-01  1.289671832318030e-03 -4.139157199747814e-01  7.178612851904559e-01 -4.139157199747814e-01  2.348962139103148e-01 -4.139157199747814e-01  2.130774264862382e-03 
-4.099157199747814e-01  1.470588623610364e+00 -4.099157199747814e-01  1.258476164803299e+00 -4.099157199747814e-01  1.006759972077994e+00 -4.099157199747814e-01  1.919751350236232e-01 -4.099157199747814e-01  1.293708270589691e-03 -4.099157199747814e-01  7.192687918935099e-01 -4.099157199747814e-01  2.347110500282545e-01 -4.099157199747814e-01  2.126744630840123e-03 
-4.059157199747814e-01  1.469560609629815e+00 -4.059157199747814e-01  1.259502460900237e+00 -4.059157199747814e-01  1.005383334726121e+00 -4.059157199747814e-01  1.922131716984353e-01 -4.059157199747814e-01  1.297745624984199e-03 -4.059157199747814e-01  7.206764635785350e-01 -4.059157199747814e-01  2.345257132441166e-01 -4.059157199747814e-01  2.122714023923484e-03 
-4.019157199747814e-01  1.468532365222100e+00 -4.019157199747814e-01  1.260529001943957e+00 -4.019157199747814e-01  1.004006213277802e+00 -4.019157199747814e-01  1.924508453796461e-01 -4.019157199747814e-01  1.301783884317614e-03 -4.019157199747814e-01  7.220842967104772e-01 -4.019157199747814e-01  2.343402028475859e-01 -4.019157199747814e-01  2.118682455019171e-03 
-3.979157199747814e-01  1.467503893221656e+00 -3.979157199747814e-01  1.261555785174330e+00 -3.979157199747814e-01  1.002628611808069e+00 -3.979157199747814e-01  1.926881573592027e-01 -3.979157199747814e-01  1.305823037458854e-03 -3.979157199747814e-01  7.234922877723925e-01 -3.979157199747814e-01  2.341545181272495e-01 -3.979157199747814e-01  2.114649934967116e-03 
-3.939157199747814e-01  1.466475196448210e+00 -3.939157199747814e-01  1.262582807843160e+00 -3.939157199747814e-01  1.001250534369875e+00 -3.939157199747814e-01  1.929251089242539e-01 -3.939157199747814e-01  1.309863073334613e-03 -3.939157199747814e-01  7.249004332619247e-01 -3.939157199747814e-01  2.339686583713883e-01 -3.939157199747814e-01  2.110616474560410e-03 
-3.899157199747814e-01  1.465446277709841e+00 -3.899157199747814e-01  1.263610067223725e+00 -3.899157199747814e-01  9.998719849961673e-01 -3.899157199747814e-01  1.931617013565271e-01 -3.899157199747814e-01  1.313903980917318e-03 -3.899157199747814e-01  7.263087296975875e-01 -3.899157199747814e-01  2.337826228663092e-01 -3.899157199747814e-01  2.106582084507819e-03 
-3.859157199747814e-01  1.464417139797468e+00 -3.859157199747814e-01  1.264637560591278e+00 -3.859157199747814e-01  9.984929676965324e-01 -3.859157199747814e-01  1.933979359336041e-01 -3.859157199747814e-01  1.317945749246720e-03 -3.859157199747814e-01  7.277171736055648e-01 -3.859157199747814e-01  2.335964108995672e-01 -3.859157199747814e-01  2.102546775510336e-03 
-3.819157199747814e-01  1.463387785485394e+00 -3.819157199747814e-01  1.265665285224019e+00 -3.819157199747814e-01  9.971134864576854e-01 -3.819157199747814e-01  1.936338139288581e-01 -3.819157199747814e-01  1.321988367427912e-03 -3.819157199747814e-01  7.291257615202494e-01 -3.819157199747814e-01  2.334100217597500e-01 -3.819157199747814e-01  2.098510558257343e-03 
-3.779157199747814e-01  1.462358217543669e+00 -3.779157199747814e-01  1.266693238444362e+00 -3.779157199747814e-01  9.957335452514514e-01 -3.779157199747814e-01  1.938693366087773e-01 -3.779157199747814e-01  1.326031824582591e-03 -3.779157199747814e-01  7.305344900118081e-01 -3.779157199747814e-01  2.332234547294567e-01 -3.779157199747814e-01  2.094473443264633e-03 
-3.739157199747813e-01  1.461328438719508e+00 -3.739157199747813e-01  1.267721417554975e+00 -3.739157199747813e-01  9.943531480231068e-01 -3.739157199747813e-01  1.941045052371225e-01 -3.739157199747813e-01  1.330076109922142e-03 -3.739157199747813e-01  7.319433556431607e-01 -3.739157199747813e-01  2.330367090960300e-01 -3.739157199747813e-01  2.090435441125517e-03 
-3.699157199747813e-01  1.460298451751479e+00 -3.699157199747813e-01  1.268749819886155e+00 -3.699157199747813e-01  9.929722987005301e-01 -3.699157199747813e-01  1.943393210718542e-01 -3.699157199747813e-01  1.334121212691903e-03 -3.699157199747813e-01  7.333523550016485e-01 -3.699157199747813e-01  2.328497841435062e-01 -3.699157199747813e-01  2.086396562324823e-03 
-3.659157199747813e-01  1.459268259364425e+00 -3.659157199747813e-01  1.269778442777893e+00 -3.659157199747813e-01  9.915910011910968e-01 -3.659157199747813e-01  1.945737853663091e-01 -3.659157199747813e-01  1.338167122191102e-03 -3.659157199747813e-01  7.347614846868896e-01 -3.659157199747813e-01  2.326626791555816e-01 -3.659157199747813e-01  2.082356817309294e-03 
-3.619157199747813e-01  1.458237864271108e+00 -3.619157199747813e-01  1.270807283584507e+00 -3.619157199747813e-01  9.902092593828821e-01 -3.619157199747813e-01  1.948078993688930e-01 -3.619157199747813e-01  1.342213827766385e-03 -3.619157199747813e-01  7.361707413137732e-01 -3.619157199747813e-01  2.324753934147732e-01 -3.619157199747813e-01  2.078316216469389e-03 
-3.579157199747813e-01  1.457207269172801e+00 -3.579157199747813e-01  1.271836339676012e+00 -3.579157199747813e-01  9.888270771451513e-01 -3.579157199747813e-01  1.950416643230100e-01 -3.579157199747813e-01  1.346261318809517e-03 -3.579157199747813e-01  7.375801215132650e-01 -3.579157199747813e-01  2.322879262021278e-01 -3.579157199747813e-01  2.074274770133947e-03 
-3.539157199747813e-01  1.456176476756209e+00 -3.539157199747813e-01  1.272865608426915e+00 -3.539157199747813e-01  9.874444583265385e-01 -3.539157199747813e-01  1.952750814677897e-01 -3.539157199747813e-01  1.350309584769474e-03 -3.539157199747813e-01  7.389896219247938e-01 -3.539157199747813e-01  2.321002767990668e-01 -3.539157199747813e-01  2.070232488614148e-03 
-3.499157199747813e-01  1.455145489692037e+00 -3.499157199747813e-01  1.273895087210503e+00 -3.499157199747813e-01  9.860614067542663e-01 -3.499157199747813e-01  1.955081520384458e-01 -3.499157199747813e-01  1.354358615158030e-03 -3.499157199747813e-01  7.403992391923063e-01 -3.499157199747813e-01  2.319124444883091e-01 -3.499157199747813e-01  2.066189382225986e-03 
-3.459157199747813e-01  1.454114310648705e+00 -3.459157199747813e-01  1.274924773444641e+00 -3.459157199747813e-01  9.846779262430088e-01 -3.459157199747813e-01  1.957408772633544e-01 -3.459157199747813e-01  1.358408399495923e-03 -3.459157199747813e-01  7.418089699948597e-01 -3.459157199747813e-01  2.317244285460225e-01 -3.459157199747813e-01  2.062145461110335e-03 
-3.419157199747813e-01  1.453082942269903e+00 -3.419157199747813e-01  1.275954664515052e+00 -3.419157199747813e-01  9.832940205807141e-01 -3.419157199747813e-01  1.959732583689828e-01 -3.419157199747813e-01  1.362458927401042e-03 -3.419157199747813e-01  7.432188109950979e-01 -3.419157199747813e-01  2.315362282548274e-01 -3.419157199747813e-01  2.058100735534359e-03 
-3.379157199747813e-01  1.452051387203249e+00 -3.379157199747813e-01  1.276984757871410e+00 -3.379157199747813e-01  9.819096935470142e-01 -3.379157199747813e-01  1.962052965737282e-01 -3.379157199747813e-01  1.366510188475784e-03 -3.379157199747813e-01  7.446287589035371e-01 -3.379157199747813e-01  2.313478428873715e-01 -3.379157199747813e-01  2.054055215514027e-03 
-3.339157199747813e-01  1.451019648069091e+00 -3.339157199747813e-01  1.278015050921270e+00 -3.339157199747813e-01  9.805249488934424e-01 -3.339157199747813e-01  1.964369930947274e-01 -3.339157199747813e-01  1.370562172429644e-03 -3.339157199747813e-01  7.460388104073886e-01 -3.339157199747813e-01  2.311592717243580e-01 -3.339157199747813e-01  2.050008911230753e-03 
-3.299157199747813e-01  1.449987727487027e+00 -3.299157199747813e-01  1.279045541118869e+00 -3.299157199747813e-01  9.791397903604798e-01 -3.299157199747813e-01  1.966683491421762e-01 -3.299157199747813e-01  1.374614868975066e-03 -3.299157199747813e-01  7.474489622299478e-01 -3.299157199747813e-01  2.309705140393443e-01 -3.299157199747813e-01  2.045961832682562e-03 
-3.259157199747813e-01  1.448955628058318e+00 -3.259157199747813e-01  1.280076225905012e+00 -3.259157199747813e-01  9.777542216664591e-01 -3.259157199747813e-01  1.968993659231803e-01 -3.259157199747813e-01  1.378668267896510e-03 -3.259157199747813e-01  7.488592110902302e-01 -3.259157199747813e-01  2.307815691089558e-01 -3.259157199747813e-01  2.041913989920296e-03 
-3.219157199747813e-01  1.447923352383313e+00 -3.219157199747813e-01  1.281107102765223e+00 -3.219157199747813e-01  9.763682465188190e-01 -3.219157199747813e-01  1.971300446380577e-01 -3.219157199747813e-01  1.382722358981979e-03 -3.219157199747813e-01  7.502695537418002e-01 -3.219157199747813e-01  2.305924362028794e-01 -3.219157199747813e-01  2.037865392819116e-03 
-3.179157199747813e-01  1.446890903037595e+00 -3.179157199747813e-01  1.282138169148501e+00 -3.179157199747813e-01  9.749818685989731e-01 -3.179157199747813e-01  1.973603864855162e-01 -3.179157199747813e-01  1.386777132116730e-03 -3.179157199747813e-01  7.516799869182771e-01 -3.179157199747813e-01  2.304031145977271e-01 -3.179157199747813e-01  2.033816051397674e-03 
-3.139157199747813e-01  1.445858282595866e+00 -3.139157199747813e-01  1.283169422547195e+00 -3.139157199747813e-01  9.735950915777075e-01 -3.139157199747813e-01  1.975903926575792e-01 -3.139157199747813e-01  1.390832577189468e-03 -3.139157199747813e-01  7.530905073867116e-01 -3.139157199747813e-01  2.302136035633001e-01 -3.139157199747813e-01  2.029765975504352e-03 
-3.099157199747813e-01  1.444825493616842e+00 -3.099157199747813e-01  1.284200860445436e+00 -3.099157199747813e-01  9.722079191056396e-01 -3.099157199747813e-01  1.978200643428790e-01 -3.099157199747813e-01  1.394888684151694e-03 -3.099157199747813e-01  7.545011119129585e-01 -3.099157199747813e-01  2.300239023713758e-01 -3.099157199747813e-01  2.025715175019781e-03 
-3.059157199747813e-01  1.443792538658492e+00 -3.059157199747813e-01  1.285232480369621e+00 -3.059157199747813e-01  9.708203548230974e-01 -3.059157199747813e-01  1.980494027234538e-01 -3.059157199747813e-01  1.398945442957810e-03 -3.059157199747813e-01  7.559117972953761e-01 -3.059157199747813e-01  2.298340102869832e-01 -3.059157199747813e-01  2.021663659658656e-03 
-3.019157199747813e-01  1.442759420252533e+00 -3.019157199747813e-01  1.286264279802081e+00 -3.019157199747813e-01  9.694324023438921e-01 -3.019157199747813e-01  1.982784089802369e-01 -3.019157199747813e-01  1.403002843665308e-03 -3.019157199747813e-01  7.573225603069365e-01 -3.019157199747813e-01  2.296439265831956e-01 -3.019157199747813e-01  2.017611439308680e-03 
-2.979157199747813e-01  1.441726140932794e+00 -2.979157199747813e-01  1.287296256275683e+00 -2.979157199747813e-01  9.680440652736100e-01 -2.979157199747813e-01  1.985070842870653e-01 -2.979157199747813e-01  1.407060876323380e-03 -2.979157199747813e-01  7.587333977584492e-01 -2.979157199747813e-01  2.294536505248116e-01 -2.979157199747813e-01  2.013558523659118e-03 
-2.939157199747813e-01  1.440692703221810e+00 -2.939157199747813e-01  1.288328407328055e+00 -2.939157199747813e-01  9.666553472011543e-01 -2.939157199747813e-01  1.987354298135921e-01 -2.939157199747813e-01  1.411119531025567e-03 -2.939157199747813e-01  7.601443064678236e-01 -2.939157199747813e-01  2.292631813761700e-01 -2.939157199747813e-01  2.009504922380523e-03 
-2.899157199747813e-01  1.439659109626513e+00 -2.899157199747813e-01  1.289360730486586e+00 -2.899157199747813e-01  9.652662516960724e-01 -2.899157199747813e-01  1.989634467262465e-01 -2.899157199747813e-01  1.415178797926684e-03 -2.899157199747813e-01  7.615552832499382e-01 -2.899157199747813e-01  2.290725184036947e-01 -2.899157199747813e-01  2.005450645183641e-03 
-2.859157199747813e-01  1.438625362651694e+00 -2.859157199747813e-01  1.290393223312824e+00 -2.859157199747813e-01  9.638767823173280e-01 -2.859157199747813e-01  1.991911361854326e-01 -2.859157199747813e-01  1.419238667189903e-03 -2.859157199747813e-01  7.629663249462512e-01 -2.859157199747813e-01  2.288816608681840e-01 -2.859157199747813e-01  2.001395701645126e-03 
-2.819157199747813e-01  1.437591464785658e+00 -2.819157199747813e-01  1.291425883353720e+00 -2.819157199747813e-01  9.624869426041935e-01 -2.819157199747813e-01  1.994184993486207e-01 -2.819157199747813e-01  1.423299129043193e-03 -2.819157199747813e-01  7.643774283920848e-01 -2.819157199747813e-01  2.286906080331764e-01 -2.819157199747813e-01  1.997340101398893e-03 
-2.779157199747813e-01  1.436557418509784e+00 -2.779157199747813e-01  1.292458708173087e+00 -2.779157199747813e-01  9.610967360825087e-01 -2.779157199747813e-01  1.996455373683715e-01 -2.779157199747813e-01  1.427360173741679e-03 -2.779157199747813e-01  7.657885904375772e-01 -2.779157199747813e-01  2.284993591594718e-01 -2.779157199747813e-01  1.993283854012653e-03 
-2.739157199747813e-01  1.435523226295995e+00 -2.739157199747813e-01  1.293491695342390e+00 -2.739157199747813e-01  9.597061662631658e-01 -2.739157199747813e-01  1.998722513929236e-01 -2.739157199747813e-01  1.431421791577610e-03 -2.739157199747813e-01  7.671998079414279e-01 -2.739157199747813e-01  2.283079135066726e-01 -2.739157199747813e-01  1.989226969024105e-03 
-2.699157199747813e-01  1.434488890611639e+00 -2.699157199747813e-01  1.294524842456527e+00 -2.699157199747813e-01  9.583152366453616e-01 -2.699157199747813e-01  2.000986425652228e-01 -2.699157199747813e-01  1.435483972861207e-03 -2.699157199747813e-01  7.686110777813527e-01 -2.699157199747813e-01  2.281162703303882e-01 -2.699157199747813e-01  1.985169455878839e-03 
-2.659157199747813e-01  1.433454413909738e+00 -2.659157199747813e-01  1.295558147100440e+00 -2.659157199747813e-01  9.569239507104352e-01 -2.659157199747813e-01  2.003247120250194e-01 -2.659157199747813e-01  1.439546707958944e-03 -2.659157199747813e-01  7.700223968316704e-01 -2.659157199747813e-01  2.279244288879878e-01 -2.659157199747813e-01  1.981111324061630e-03 
-2.619157199747812e-01  1.432419798638375e+00 -2.619157199747812e-01  1.296591606879956e+00 -2.619157199747812e-01  9.555323119280188e-01 -2.619157199747812e-01  2.005504609069489e-01 -2.619157199747812e-01  1.443609987256681e-03 -2.619157199747812e-01  7.714337619838224e-01 -2.619157199747812e-01  2.277323884331916e-01 -2.619157199747812e-01  1.977052582975194e-03 
-2.579157199747812e-01  1.431385047228170e+00 -2.579157199747812e-01  1.297625219379335e+00 -2.579157199747812e-01  9.541403237480801e-01 -2.579157199747812e-01  2.007758903432004e-01 -2.579157199747812e-01  1.447673801208855e-03 -2.579157199747812e-01  7.728451701179193e-01 -2.579157199747812e-01  2.275401482234130e-01 -2.579157199747812e-01  1.972993242106914e-03 
-2.539157199747812e-01  1.430350162113183e+00 -2.539157199747812e-01  1.298658982230387e+00 -2.539157199747812e-01  9.527479896144948e-01 -2.539157199747812e-01  2.010010014591997e-01 -2.539157199747812e-01  1.451738140256369e-03 -2.539157199747812e-01  7.742566181488280e-01 -2.539157199747812e-01  2.273477075076758e-01 -2.539157199747812e-01  1.968933310757484e-03 
-2.499157199747812e-01  1.429315145714724e+00 -2.499157199747812e-01  1.299692893057786e+00 -2.499157199747812e-01  9.513553129547292e-01 -2.499157199747812e-01  2.012257953770458e-01 -2.499157199747812e-01  1.455802994890208e-03 -2.499157199747812e-01  7.756681029895443e-01 -2.499157199747812e-01  2.271550655360816e-01 -2.499157199747812e-01  1.964872798255593e-03 
-2.459157199747812e-01  1.428280000443195e+00 -2.459157199747812e-01  1.300726949484699e+00 -2.459157199747812e-01  9.499622971811266e-01 -2.459157199747812e-01  2.014502732151707e-01 -2.459157199747812e-01  1.459868355644201e-03 -2.459157199747812e-01  7.770796215548601e-01 -2.459157199747812e-01  2.269622215587951e-01 -2.459157199747812e-01  1.960811713935891e-03 
-2.419157199747812e-01  1.427244728699372e+00 -2.419157199747812e-01  1.301761149136333e+00 -2.419157199747812e-01  9.485689456918394e-01 -2.419157199747812e-01  2.016744360881168e-01 -2.419157199747812e-01  1.463934213089942e-03 -2.419157199747812e-01  7.784911707636484e-01 -2.419157199747812e-01  2.267691748253764e-01 -2.419157199747812e-01  1.956750067124904e-03 
-2.379157199747812e-01  1.426209332887542e+00 -2.379157199747812e-01  1.302795489683227e+00 -2.379157199747812e-01  9.471752618794158e-01 -2.379157199747812e-01  2.018982851038698e-01 -2.379157199747812e-01  1.468000557785249e-03 -2.379157199747812e-01  7.799027475676880e-01 -2.379157199747812e-01  2.265759245771581e-01 -2.379157199747812e-01  1.952687866971272e-03 
-2.339157199747812e-01  1.425173815388516e+00 -2.339157199747812e-01  1.303829968750625e+00 -2.339157199747812e-01  9.457812491134816e-01 -2.339157199747812e-01  2.021218213694971e-01 -2.339157199747812e-01  1.472067380380125e-03 -2.339157199747812e-01  7.813143488910497e-01 -2.339157199747812e-01  2.263824700630618e-01 -2.339157199747812e-01  1.948625122801432e-03 
-2.299157199747812e-01  1.424138178583379e+00 -2.299157199747812e-01  1.304864583997032e+00 -2.299157199747812e-01  9.443869107561782e-01 -2.299157199747812e-01  2.023450459862755e-01 -2.299157199747812e-01  1.476134671523477e-03 -2.299157199747812e-01  7.827259716824710e-01 -2.299157199747812e-01  2.261888105257984e-01 -2.299157199747812e-01  1.944561843811185e-03 
-2.259157199747812e-01  1.423102424851208e+00 -2.259157199747812e-01  1.305899333106028e+00 -2.259157199747812e-01  9.429922501607959e-01 -2.259157199747812e-01  2.025679600502245e-01 -2.259157199747812e-01  1.480202421872117e-03 -2.259157199747812e-01  7.841376129097860e-01 -2.259157199747812e-01  2.259949452032381e-01 -2.259157199747812e-01  1.940498039097923e-03 
-2.219157199747812e-01  1.422066556554533e+00 -2.219157199747812e-01  1.306934213737224e+00 -2.219157199747812e-01  9.415972706624813e-01 -2.219157199747812e-01  2.027905646551500e-01 -2.219157199747812e-01  1.484270622147836e-03 -2.219157199747812e-01  7.855492695271158e-01 -2.219157199747812e-01  2.258008733369821e-01 -2.219157199747812e-01  1.936433717853112e-03 
-2.179157199747812e-01  1.421030576054464e+00 -2.179157199747812e-01  1.307969223576025e+00 -2.179157199747812e-01  9.402019755881154e-01 -2.179157199747812e-01  2.030128608895727e-01 -2.179157199747812e-01  1.488339263077957e-03 -2.179157199747812e-01  7.869609385079838e-01 -2.179157199747812e-01  2.256065941635717e-01 -2.179157199747812e-01  1.932368889166952e-03 
-2.139157199747812e-01  1.419994485698167e+00 -2.139157199747812e-01  1.309004360291490e+00 -2.139157199747812e-01  9.388063682483117e-01 -2.139157199747812e-01  2.032348498393556e-01 -2.139157199747812e-01  1.492408335444607e-03 -2.139157199747812e-01  7.883726168171206e-01 -2.139157199747812e-01  2.254121069218622e-01 -2.139157199747812e-01  1.928303562193800e-03 
-2.099157199747812e-01  1.418958287834628e+00 -2.099157199747812e-01  1.310039621587973e+00 -2.099157199747812e-01  9.374104519477223e-01 -2.099157199747812e-01  2.034565325845133e-01 -2.099157199747812e-01  1.496477830022711e-03 -2.099157199747812e-01  7.897843014448225e-01 -2.099157199747812e-01  2.252174108438733e-01 -2.099157199747812e-01  1.924237745949443e-03 
-2.059157199747812e-01  1.417921984799289e+00 -2.059157199747812e-01  1.311075005153626e+00 -2.059157199747812e-01  9.360142299751896e-01 -2.059157199747812e-01  2.036779102024140e-01 -2.059157199747812e-01  1.500547737640415e-03 -2.059157199747812e-01  7.911959893725199e-01 -2.059157199747812e-01  2.250225051638254e-01 -2.059157199747812e-01  1.920171449513284e-03 
-2.019157199747812e-01  1.416885578924781e+00 -2.019157199747812e-01  1.312110508695438e+00 -2.019157199747812e-01  9.346177056107965e-01 -2.019157199747812e-01  2.038989837656282e-01 -2.019157199747812e-01  1.504618049136900e-03 -2.019157199747812e-01  7.926076775960577e-01 -2.019157199747812e-01  2.248273891119074e-01 -2.019157199747812e-01  1.916104681890707e-03 
-1.979157199747812e-01  1.415849072534757e+00 -1.979157199747812e-01  1.313146129918156e+00 -1.979157199747812e-01  9.332208821219693e-01 -1.979157199747812e-01  2.041197543432360e-01 -1.979157199747812e-01  1.508688755386578e-03 -1.979157199747812e-01  7.940193631115560e-01 -1.979157199747812e-01  2.246320619179604e-01 -1.979157199747812e-01  1.912037452095952e-03 
-1.939157199747812e-01  1.414812467945884e+00 -1.939157199747812e-01  1.314181866530387e+00 -1.939157199747812e-01  9.318237627648633e-01 -1.939157199747812e-01  2.043402230004679e-01 -1.939157199747812e-01  1.512759847291302e-03 -1.939157199747812e-01  7.954310429193953e-01 -1.939157199747812e-01  2.244365228103558e-01 -1.939157199747812e-01  1.907969769128097e-03 
-1.899157199747812e-01  1.413775767473144e+00 -1.899157199747812e-01  1.315217716261538e+00 -1.899157199747812e-01  9.304263507879013e-01 -1.899157199747812e-01  2.045603907976762e-01 -1.899157199747812e-01  1.516831315759544e-03 -1.899157199747812e-01  7.968427140354237e-01 -1.899157199747812e-01  2.242407710129363e-01 -1.899157199747812e-01  1.903901641904484e-03 
-1.859157199747812e-01  1.412738973422861e+00 -1.859157199747812e-01  1.316253676838133e+00 -1.859157199747812e-01  9.290286494273494e-01 -1.859157199747812e-01  2.047802587917996e-01 -1.859157199747812e-01  1.520903151733751e-03 -1.859157199747812e-01  7.982543734750848e-01 -1.859157199747812e-01  2.240448057491767e-01 -1.859157199747812e-01  1.899833079353833e-03 
-1.819157199747812e-01  1.411702088091617e+00 -1.819157199747812e-01  1.317289745979807e+00 -1.819157199747812e-01  9.276306619067052e-01 -1.819157199747812e-01  2.049998280366294e-01 -1.819157199747812e-01  1.524975346194664e-03 -1.819157199747812e-01  7.996660182506714e-01 -1.819157199747812e-01  2.238486262428579e-01 -1.819157199747812e-01  1.895764090431888e-03 
-1.779157199747812e-01  1.410665113775954e+00 -1.779157199747812e-01  1.318325921430685e+00 -1.779157199747812e-01  9.262323914430872e-01 -1.779157199747812e-01  2.052190995808883e-01 -1.779157199747812e-01  1.529047890123145e-03 -1.779157199747812e-01  8.010776453921463e-01 -1.779157199747812e-01  2.236522317124363e-01 -1.779157199747812e-01  1.891694683998229e-03 
-1.739157199747812e-01  1.409628052765783e+00 -1.739157199747812e-01  1.319362200937069e+00 -1.739157199747812e-01  9.248338412430650e-01 -1.739157199747812e-01  2.054380744696161e-01 -1.739157199747812e-01  1.533120774526083e-03 -1.739157199747812e-01  8.024892519321913e-01 -1.739157199747812e-01  2.234556213749651e-01 -1.739157199747812e-01  1.887624868903874e-03 
-1.699157199747812e-01  1.408590907336122e+00 -1.699157199747812e-01  1.320398582219754e+00 -1.699157199747812e-01  9.234350144973654e-01 -1.699157199747812e-01  2.056567537458785e-01 -1.699157199747812e-01  1.537193990468871e-03 -1.699157199747812e-01  8.039008348877011e-01 -1.699157199747812e-01  2.232587944510048e-01 -1.699157199747812e-01  1.883554654099992e-03 
-1.659157199747812e-01  1.407553679772451e+00 -1.659157199747812e-01  1.321435063056914e+00 -1.659157199747812e-01  9.220359143974604e-01 -1.659157199747812e-01  2.058751384457051e-01 -1.659157199747812e-01  1.541267528975825e-03 -1.659157199747812e-01  8.053123913148773e-01 -1.659157199747812e-01  2.230617501497677e-01 -1.659157199747812e-01  1.879484048312449e-03 
-1.619157199747812e-01  1.406516372342232e+00 -1.619157199747812e-01  1.322471641189855e+00 -1.619157199747812e-01  9.206365441171337e-01 -1.619157199747812e-01  2.060932296038734e-01 -1.619157199747812e-01  1.545341381142001e-03 -1.619157199747812e-01  8.067239182464119e-01 -1.619157199747812e-01  2.228644876859170e-01 -1.619157199747812e-01  1.875413060411897e-03 
-1.579157199747812e-01  1.405478987312352e+00 -1.579157199747812e-01  1.323508314379799e+00 -1.579157199747812e-01  9.192369068239283e-01 -1.579157199747812e-01  2.063110282504390e-01 -1.579157199747812e-01  1.549415538064685e-03 -1.579157199747812e-01  8.081354127291943e-01 -1.579157199747812e-01  2.226670062693711e-01 -1.579157199747812e-01  1.871341699190752e-03 
-1.539157199747812e-01  1.404441526944162e+00 -1.539157199747812e-01  1.324545080391079e+00 -1.539157199747812e-01  9.178370056760048e-01 -1.539157199747812e-01  2.065285354117873e-01 -1.539157199747812e-01  1.553489990862951e-03 -1.539157199747812e-01  8.095468718130602e-01 -1.539157199747812e-01  2.224693051082655e-01 -1.539157199747812e-01  1.867269973429239e-03 
-1.499157199747811e-01  1.403403993492448e+00 -1.499157199747811e-01  1.325581936987257e+00 -1.499157199747811e-01  9.164368438215584e-01 -1.499157199747811e-01  2.067457521108786e-01 -1.499157199747811e-01  1.557564730681618e-03 -1.499157199747811e-01  8.109582925481116e-01 -1.499157199747811e-01  2.222713834096065e-01 -1.499157199747811e-01  1.863197891910548e-03 
-1.459157199747811e-01  1.402366389213310e+00 -1.459157199747811e-01  1.326618881956388e+00 -1.459157199747811e-01  9.150364244040501e-01 -1.459157199747811e-01  2.069626793657227e-01 -1.459157199747811e-01  1.561639748660331e-03 -1.459157199747811e-01  8.123696720014520e-01 -1.459157199747811e-01  2.220732403746844e-01 -1.459157199747811e-01  1.859125463321758e-03 
-1.419157199747811e-01  1.401328716346833e+00 -1.419157199747811e-01  1.327655913053613e+00 -1.419157199747811e-01  9.136357505510071e-01 -1.419157199747811e-01  2.071793181928860e-01 -1.419157199747811e-01  1.565715036001676e-03 -1.419157199747811e-01  8.137810072189233e-01 -1.419157199747811e-01  2.218748752093611e-01 -1.419157199747811e-01  1.855052696479153e-03 
-1.379157199747811e-01  1.400290977142543e+00 -1.379157199747811e-01  1.328693028084253e+00 -1.379157199747811e-01  9.122348253906959e-01 -1.379157199747811e-01  2.073956696024553e-01 -1.379157199747811e-01  1.569790583871084e-03 -1.379157199747811e-01  8.151922952802741e-01 -1.379157199747811e-01  2.216762871090588e-01 -1.379157199747811e-01  1.850979600001976e-03 
-1.339157199747811e-01  1.399253173829425e+00 -1.339157199747811e-01  1.329730224804798e+00 -1.339157199747811e-01  9.108336520326727e-01 -1.339157199747811e-01  2.076117346040607e-01 -1.339157199747811e-01  1.573866383514733e-03 -1.339157199747811e-01  8.166035332332657e-01 -1.339157199747811e-01  2.214774752765732e-01 -1.339157199747811e-01  1.846906182701240e-03 
-1.299157199747811e-01  1.398215308647051e+00 -1.299157199747811e-01  1.330767501024573e+00 -1.299157199747811e-01  9.094322335881651e-01 -1.299157199747811e-01  2.078275142007236e-01 -1.299157199747811e-01  1.577942426137152e-03 -1.299157199747811e-01  8.180147181611643e-01 -1.299157199747811e-01  2.212784389036758e-01 -1.299157199747811e-01  1.842832453180433e-03 
-1.259157199747811e-01  1.397177383825627e+00 -1.259157199747811e-01  1.331804854539727e+00 -1.259157199747811e-01  9.080305731571570e-01 -1.259157199747811e-01  2.080430093928749e-01 -1.259157199747811e-01  1.582018702979689e-03 -1.259157199747811e-01  8.194258471387762e-01 -1.259157199747811e-01  2.210791771829879e-01 -1.259157199747811e-01  1.838758420094834e-03 
-1.219157199747811e-01  1.396139401581535e+00 -1.219157199747811e-01  1.332842283118196e+00 -1.219157199747811e-01  9.066286738255537e-01 -1.219157199747811e-01  2.082582211792724e-01 -1.219157199747811e-01  1.586095205337959e-03 -1.219157199747811e-01  8.208369172224109e-01 -1.219157199747811e-01  2.208796893106817e-01 -1.219157199747811e-01  1.834684092210475e-03 
-1.179157199747811e-01  1.395101364145437e+00 -1.179157199747811e-01  1.333879784591067e+00 -1.179157199747811e-01  9.052265386836247e-01 -1.179157199747811e-01  2.084731505514896e-01 -1.179157199747811e-01  1.590171924451530e-03 -1.179157199747811e-01  8.222479255104626e-01 -1.179157199747811e-01  2.206799744698690e-01 -1.179157199747811e-01  1.830609478045393e-03 
-1.139157199747811e-01  1.394063273724522e+00 -1.139157199747811e-01  1.334917356728756e+00 -1.139157199747811e-01  9.038241708014343e-01 -1.139157199747811e-01  2.086877985014173e-01 -1.139157199747811e-01  1.594248851652075e-03 -1.139157199747811e-01  8.236588690611198e-01 -1.139157199747811e-01  2.204800318530260e-01 -1.139157199747811e-01  1.826534586355922e-03 
-1.099157199747811e-01  1.393025132539480e+00 -1.099157199747811e-01  1.335954997361125e+00 -1.099157199747811e-01  9.024215732530793e-01 -1.099157199747811e-01  2.089021660140176e-01 -1.099157199747811e-01  1.598325978218325e-03 -1.099157199747811e-01  8.250697449720212e-01 -1.099157199747811e-01  2.202798606401306e-01 -1.099157199747811e-01  1.822459425664900e-03 
-1.059157199747811e-01  1.391986942797666e+00 -1.059157199747811e-01  1.336992704289475e+00 -1.059157199747811e-01  9.010187490992519e-01 -1.059157199747811e-01  2.091162540726563e-01 -1.059157199747811e-01  1.602403295481343e-03 -1.059157199747811e-01  8.264805503217642e-01 -1.059157199747811e-01  2.200794600146158e-01 -1.059157199747811e-01  1.818384004607339e-03 
-1.019157199747811e-01  1.390948706705666e+00 -1.019157199747811e-01  1.338030475326974e+00 -1.019157199747811e-01  8.996157013955235e-01 -1.019157199747811e-01  2.093300636566712e-01 -1.019157199747811e-01  1.606480794775200e-03 -1.019157199747811e-01  8.278912821966617e-01 -1.019157199747811e-01  2.198788291559761e-01 -1.019157199747811e-01  1.814308331771642e-03 
-9.791571997478110e-02  1.389910426462561e+00 -9.791571997478110e-02  1.339068308276204e+00 -9.791571997478110e-02  8.982124331880355e-01 -9.791571997478110e-02  2.095435957427403e-01 -9.791571997478110e-02  1.610558467463439e-03 -9.791571997478110e-02  8.293019376757621e-01 -9.791571997478110e-02  2.196779672438232e-01 -9.791571997478110e-02  1.810232415787820e-03 
-9.391571997478110e-02  1.388872104268549e+00 -9.391571997478110e-02  1.340106200956821e+00 -9.391571997478110e-02  8.968089475192214e-01 -9.391571997478110e-02  2.097568513032353e-01 -9.391571997478110e-02  1.614636304905243e-03 -9.391571997478110e-02  8.307125138491216e-01 -9.391571997478110e-02  2.194768734527887e-01 -9.391571997478110e-02  1.806156265218778e-03 
-8.991571997478109e-02  1.387833742321448e+00 -8.991571997478109e-02  1.341144151193555e+00 -8.991571997478109e-02  8.954052474256032e-01 -8.991571997478109e-02  2.099698313069522e-01 -8.991571997478109e-02  1.618714298469096e-03 -8.991571997478109e-02  8.321230078097634e-01 -8.991571997478109e-02  2.192755469546699e-01 -8.991571997478109e-02  1.802079888607545e-03 
-8.591571997478109e-02  1.386795342816604e+00 -8.591571997478109e-02  1.342182156815399e+00 -8.591571997478109e-02  8.940013359378219e-01 -8.591571997478109e-02  2.101825367191774e-01 -8.591571997478109e-02  1.622792439533223e-03 -8.591571997478109e-02  8.335334166530541e-01 -8.591571997478109e-02  2.190739869185284e-01 -8.591571997478109e-02  1.798003294480362e-03 
-8.191571997478109e-02  1.385756907937308e+00 -8.191571997478109e-02  1.343220215624080e+00 -8.191571997478109e-02  8.925972160744435e-01 -8.191571997478109e-02  2.103949685035965e-01 -8.191571997478109e-02  1.626870719523186e-03 -8.191571997478109e-02  8.349437374557441e-01 -8.191571997478109e-02  2.188721925164452e-01 -8.191571997478109e-02  1.793926491470566e-03 
-7.791571997478108e-02  1.384718439878017e+00 -7.791571997478108e-02  1.344258325468893e+00 -7.791571997478108e-02  8.911928908572466e-01 -7.791571997478108e-02  2.106071276178111e-01 -7.791571997478108e-02  1.630949129820660e-03 -7.791571997478108e-02  8.363539673254682e-01 -7.791571997478108e-02  2.186701629097367e-01 -7.791571997478108e-02  1.789849488024706e-03 
-7.391571997478108e-02  1.383679940816608e+00 -7.391571997478108e-02  1.345296484156122e+00 -7.391571997478108e-02  8.897883632931375e-01 -7.391571997478108e-02  2.108190150187901e-01 -7.391571997478108e-02  1.635027661872490e-03 -7.391571997478108e-02  8.377641033406615e-01 -7.391571997478108e-02  2.184678972655523e-01 -7.391571997478108e-02  1.785772292758204e-03 
-6.991571997478108e-02  1.382641412938123e+00 -6.991571997478108e-02  1.346334689525703e+00 -6.991571997478108e-02  8.883836363897885e-01 -6.991571997478108e-02  2.110306316582882e-01 -6.991571997478108e-02  1.639106307097310e-03 -6.991571997478108e-02  8.391741426012642e-01 -6.991571997478108e-02  2.182653947427379e-01 -6.991571997478108e-02  1.781694914154353e-03 
-6.591571997478107e-02  1.381602858424127e+00 -6.591571997478107e-02  1.347372939416067e+00 -6.591571997478107e-02  8.869787131487469e-01 -6.591571997478107e-02  2.112419784849682e-01 -6.591571997478107e-02  1.643185056927481e-03 -6.591571997478107e-02  8.405840822053495e-01 -6.591571997478107e-02  2.180626544982508e-01 -6.591571997478107e-02  1.777617360702315e-03 
-6.191571997478107e-02  1.380564279451051e+00 -6.191571997478107e-02  1.348411231658313e+00 -6.191571997478107e-02  8.855735965644345e-01 -6.191571997478107e-02  2.114530564447566e-01 -6.191571997478107e-02  1.647263902815450e-03 -6.191571997478107e-02  8.419939192451942e-01 -6.191571997478107e-02  2.178596756882038e-01 -6.191571997478107e-02  1.773539640920120e-03 
-5.791571997478107e-02  1.379525678190694e+00 -5.791571997478107e-02  1.349449564077482e+00 -5.791571997478107e-02  8.841682896245520e-01 -5.791571997478107e-02  2.116638664807922e-01 -5.791571997478107e-02  1.651342836231903e-03 -5.791571997478107e-02  8.434036508080522e-01 -5.791571997478107e-02  2.176564574675927e-01 -5.791571997478107e-02  1.769461763349528e-03 
-5.391571997478106e-02  1.378487056814723e+00 -5.391571997478106e-02  1.350487934506426e+00 -5.391571997478106e-02  8.827627953131216e-01 -5.391571997478106e-02  2.118744095325972e-01 -5.391571997478106e-02  1.655421848648050e-03 -5.391571997478106e-02  8.448132739852492e-01 -5.391571997478106e-02  2.174529989876922e-01 -5.391571997478106e-02  1.765383736501641e-03 
-4.991571997478106e-02  1.377448417500935e+00 -4.991571997478106e-02  1.351526340805748e+00 -4.991571997478106e-02  8.813571166146709e-01 -4.991571997478106e-02  2.120846865349166e-01 -4.991571997478106e-02  1.659500931510969e-03 -4.991571997478106e-02  8.462227858852888e-01 -4.991571997478106e-02  2.172492993922998e-01 -4.991571997478106e-02  1.761305568778561e-03 
-4.591571997478106e-02  1.376409762412631e+00 -4.591571997478106e-02  1.352564780796472e+00 -4.591571997478106e-02  8.799512565007864e-01 -4.591571997478106e-02  2.122946984217382e-01 -4.591571997478106e-02  1.663580076324716e-03 -4.591571997478106e-02  8.476321835892443e-01 -4.591571997478106e-02  2.170453578301879e-01 -4.591571997478106e-02  1.757227268737817e-03 
-4.191571997478105e-02  1.375371093719990e+00 -4.191571997478105e-02  1.353603252328734e+00 -4.191571997478105e-02  8.785452179442154e-01 -4.191571997478105e-02  2.125044461222172e-01 -4.191571997478105e-02  1.667659274566327e-03 -4.191571997478105e-02  8.490414641961141e-01 -4.191571997478105e-02  2.168411734423188e-01 -4.191571997478105e-02  1.753148844822681e-03 
-3.791571997478105e-02  1.374332413585268e+00 -3.791571997478105e-02  1.354641753233493e+00 -3.791571997478105e-02  8.771390039092353e-01 -3.791571997478105e-02  2.127139305635653e-01 -3.791571997478105e-02  1.671738517743939e-03 -3.791571997478105e-02  8.504506247908059e-01 -3.791571997478105e-02  2.166367453707667e-01 -3.791571997478105e-02  1.749070305551633e-03 
-3.391571997478104e-02  1.373293724173627e+00 -3.391571997478104e-02  1.355680281356932e+00 -3.391571997478104e-02  8.757326173588451e-01 -3.391571997478104e-02  2.129231526690147e-01 -3.391571997478104e-02  1.675817797354263e-03 -3.391571997478104e-02  8.518596624668097e-01 -3.391571997478104e-02  2.164320727522849e-01 -3.391571997478104e-02  1.744991659383461e-03 
-2.991571997478104e-02  1.372255027648352e+00 -2.991571997478104e-02  1.356718834544564e+00 -2.991571997478104e-02  8.743260612517065e-01 -2.991571997478104e-02  2.131321133587831e-01 -2.991571997478104e-02  1.679897104901436e-03 -2.991571997478104e-02  8.532685743156030e-01 -2.991571997478104e-02  2.162271547212093e-01 -2.991571997478104e-02  1.740912914779499e-03 
-2.591571997478104e-02  1.371216326171795e+00 -2.591571997478104e-02  1.357757410643832e+00 -2.591571997478104e-02  8.729193385428428e-01 -2.591571997478104e-02  2.133408135499301e-01 -2.591571997478104e-02  1.683976431893179e-03 -2.591571997478104e-02  8.546773574282962e-01 -2.591571997478104e-02  2.160219904089378e-01 -2.591571997478104e-02  1.736834080193553e-03 
-2.191571997478104e-02  1.370177621899640e+00 -2.191571997478104e-02  1.358796007485112e+00 -2.191571997478104e-02  8.715124521799485e-01 -2.191571997478104e-02  2.135492541574988e-01 -2.191571997478104e-02  1.688055769863449e-03 -2.191571997478104e-02  8.560860088830118e-01 -2.191571997478104e-02  2.158165789474446e-01 -2.191571997478104e-02  1.732755164146432e-03 
-1.791571997478104e-02  1.369138916995278e+00 -1.791571997478104e-02  1.359834622927494e+00 -1.791571997478104e-02  8.701054051129232e-01 -1.791571997478104e-02  2.137574360918145e-01 -1.791571997478104e-02  1.692135110315922e-03 -1.791571997478104e-02  8.574945257750312e-01 -1.791571997478104e-02  2.156109194606654e-01 -1.791571997478104e-02  1.728676175046193e-03 
-1.391571997478104e-02  1.368100213612902e+00 -1.391571997478104e-02  1.360873254804003e+00 -1.391571997478104e-02  8.686982002828296e-01 -1.391571997478104e-02  2.139653602617511e-01 -1.391571997478104e-02  1.696214444790409e-03 -1.391571997478104e-02  8.589029051805590e-01 -1.391571997478104e-02  2.154050110747188e-01 -1.391571997478104e-02  1.724597121403251e-03 
-9.915719974781044e-03  1.367061513916469e+00 -9.915719974781044e-03  1.361911900981907e+00 -9.915719974781044e-03  8.672908406344590e-01 -9.915719974781044e-03  2.141730275711652e-01 -9.915719974781044e-03  1.700293764788355e-03 -9.915719974781044e-03  8.603111441964297e-01 -9.915719974781044e-03  2.151988529065402e-01 -9.915719974781044e-03  1.720518011593520e-03 
-5.915719974781044e-03  1.366022820051592e+00 -5.915719974781044e-03  1.362950559272113e+00 -5.915719974781044e-03  8.658833290978944e-01 -5.915719974781044e-03  2.143804389242762e-01 -5.915719974781044e-03  1.704373061883236e-03 -5.915719974781044e-03  8.617192398802729e-01 -5.915719974781044e-03  2.149924440808841e-01 -5.915719974781044e-03  1.716438854214281e-03 
-1.915719974781044e-03  1.364984134185130e+00 -1.915719974781044e-03  1.363989227555724e+00 -1.915719974781044e-03  8.644756686146720e-01 -1.915719974781044e-03  2.145875952182011e-01 -1.915719974781044e-03  1.708452327565116e-03 -1.915719974781044e-03  8.631271893339074e-01 -1.915719974781044e-03  2.147857837064530e-01 -1.915719974781044e-03  1.712359657587132e-03 
 2.084280025218956e-03  1.363945457867950e+00  2.084280025218956e-03  1.365027904247310e+00  2.084280025218956e-03  8.630678613028032e-01  2.084280025218956e-03  2.147944974694617e-01  2.084280025218956e-03  1.712531555743262e-03  2.084280025218956e-03  8.645349904234840e-01  2.084280025218956e-03  2.145788707820637e-01  2.084280025218956e-03  1.708280427938563e-03 
 6.084280025218956e-03  1.362906789968130e+00  6.084280025218956e-03  1.366066590495845e+00  6.084280025218956e-03  8.616599056320849e-01  6.084280025218956e-03  2.150011472245675e-01  6.084280025218956e-03  1.716610750863097e-03  6.084280025218956e-03  8.659426446902720e-01  6.084280025218956e-03  2.143717037577589e-01  6.084280025218956e-03  1.704201160756128e-03 
 1.008428002521896e-02  1.361868132136473e+00  1.008428002521896e-02  1.367105284648445e+00  1.008428002521896e-02  8.602518038437471e-01  1.008428002521896e-02  2.152075454712564e-01  1.008428002521896e-02  1.720689906441443e-03  1.008428002521896e-02  8.673501498844953e-01  1.008428002521896e-02  2.141642816371003e-01  1.008428002521896e-02  1.700121862531238e-03 
 1.408428002521896e-02  1.360829486526687e+00  1.408428002521896e-02  1.368143984546528e+00  1.408428002521896e-02  8.588435588588381e-01  1.408428002521896e-02  2.154136930941448e-01  1.408428002521896e-02  1.724769014019953e-03  1.408428002521896e-02  8.687575030699616e-01  1.408428002521896e-02  2.139566035212733e-01  1.408428002521896e-02  1.696042541741325e-03 
 1.808428002521896e-02  1.359790855294861e+00  1.808428002521896e-02  1.369182688038521e+00  1.808428002521896e-02  8.574351735978767e-01  1.808428002521896e-02  2.156195909745748e-01  1.808428002521896e-02  1.728848065131000e-03  1.808428002521896e-02  8.701647013125542e-01  1.808428002521896e-02  2.137486685070583e-01  1.808428002521896e-02  1.691963206836324e-03 
 2.208428002521896e-02  1.358752240593673e+00  2.208428002521896e-02  1.370221392960780e+00  2.208428002521896e-02  8.560266509770957e-01  2.208428002521896e-02  2.158252399917410e-01  2.208428002521896e-02  1.732927051320306e-03  2.208428002521896e-02  8.715717416675768e-01  2.208428002521896e-02  2.135404756904055e-01  2.208428002521896e-02  1.687883866313527e-03 
 2.608428002521896e-02  1.357713644578060e+00  2.608428002521896e-02  1.371260097155308e+00  2.608428002521896e-02  8.546179939122688e-01  2.608428002521896e-02  2.160306410216688e-01  2.608428002521896e-02  1.737005964124731e-03  2.608428002521896e-02  8.729786211913469e-01  2.608428002521896e-02  2.133320241630345e-01  2.608428002521896e-02  1.683804528648089e-03 
 3.008428002521896e-02  1.356675069403273e+00  3.008428002521896e-02  1.372298798463033e+00  3.008428002521896e-02  8.532092053175050e-01  3.008428002521896e-02  2.162357949376233e-01  3.008428002521896e-02  1.741084795079914e-03  3.008428002521896e-02  8.743853369366906e-01  3.008428002521896e-02  2.131233130136621e-01  3.008428002521896e-02  1.679725202319363e-03 
 3.408428002521896e-02  1.355636517230169e+00  3.408428002521896e-02  1.373337494740162e+00  3.408428002521896e-02  8.518002881088188e-01  3.408428002521896e-02  2.164407026091625e-01  3.408428002521896e-02  1.745163535699477e-03  3.408428002521896e-02  8.757918859636109e-01  3.408428002521896e-02  2.129143413248359e-01  3.408428002521896e-02  1.675645895746736e-03 
 3.808428002521896e-02  1.354597990207261e+00  3.808428002521896e-02  1.374376183800534e+00  3.808428002521896e-02  8.503912451923576e-01  3.808428002521896e-02  2.166453649055326e-01  3.808428002521896e-02  1.749242177545487e-03  3.808428002521896e-02  8.771982653013014e-01  3.808428002521896e-02  2.127051081839032e-01  3.808428002521896e-02  1.671566617515924e-03 
 4.208428002521897e-02  1.353559490494526e+00  4.208428002521897e-02  1.375414863491038e+00  4.208428002521897e-02  8.489820794802012e-01  4.208428002521897e-02  2.168497826912637e-01  4.208428002521897e-02  1.753320712135050e-03  4.208428002521897e-02  8.786044719976619e-01  4.208428002521897e-02  2.124956126685657e-01  4.208428002521897e-02  1.667487376082872e-03 
 4.608428002521897e-02  1.352521020254532e+00  4.608428002521897e-02  1.376453531662732e+00  4.608428002521897e-02  8.475727938845836e-01  4.608428002521897e-02  2.170539568278687e-01  4.608428002521897e-02  1.757399130975003e-03  4.608428002521897e-02  8.800105031002164e-01  4.608428002521897e-02  2.122858538523330e-01  4.608428002521897e-02  1.663408179887151e-03 
 5.008428002521897e-02  1.351482581639728e+00  5.008428002521897e-02  1.377492186130067e+00  5.008428002521897e-02  8.461633913095650e-01  5.008428002521897e-02  2.172578881762587e-01  5.008428002521897e-02  1.761477425612034e-03  5.008428002521897e-02  8.814163556292487e-01  5.008428002521897e-02  2.120758308123171e-01  5.008428002521897e-02  1.659329037512107e-03 
 5.408428002521898e-02  1.350444176810883e+00  5.408428002521898e-02  1.378530824729043e+00  5.408428002521898e-02  8.447538746633027e-01  5.408428002521898e-02  2.174615775933405e-01  5.408428002521898e-02  1.765555587560042e-03  5.408428002521898e-02  8.828220266159318e-01  5.408428002521898e-02  2.118655426180336e-01  5.408428002521898e-02  1.655249957456461e-03 
 5.808428002521898e-02  1.349405807932386e+00  5.808428002521898e-02  1.379569445301621e+00  5.808428002521898e-02  8.433442468550200e-01  5.808428002521898e-02  2.176650259329479e-01  5.808428002521898e-02  1.769633608318811e-03  5.808428002521898e-02  8.842275130919913e-01  5.808428002521898e-02  2.116549883343312e-01  5.808428002521898e-02  1.651170948195459e-03 
 6.208428002521899e-02  1.348367477160670e+00  6.208428002521899e-02  1.380608045658710e+00  6.208428002521899e-02  8.419345107874281e-01  6.208428002521899e-02  2.178682340480224e-01  6.208428002521899e-02  1.773711479419308e-03  6.208428002521899e-02  8.856328120653421e-01  6.208428002521899e-02  2.114441670284946e-01  6.208428002521899e-02  1.647092018326390e-03 
 6.608428002521899e-02  1.347329186667782e+00  6.608428002521899e-02  1.381646623654306e+00  6.608428002521899e-02  8.405246693723982e-01  6.608428002521899e-02  2.180712027862906e-01  6.608428002521899e-02  1.777789192331181e-03  6.608428002521899e-02  8.870379205686492e-01  6.608428002521899e-02  2.112330777558919e-01  6.608428002521899e-02  1.643013176277269e-03 
 7.008428002521899e-02  1.346290938611295e+00  7.008428002521899e-02  1.382685177089701e+00  7.008428002521899e-02  8.391147255111273e-01  7.008428002521899e-02  2.182739329958777e-01  7.008428002521899e-02  1.781866738580933e-03  7.008428002521899e-02  8.884428355964055e-01  7.008428002521899e-02  2.110217195784282e-01  7.008428002521899e-02  1.638934430683086e-03 
 7.408428002521900e-02  1.345252735160720e+00  7.408428002521900e-02  1.383723703796629e+00  7.408428002521900e-02  8.377046821116994e-01  7.408428002521900e-02  2.184764255204630e-01  7.408428002521900e-02  1.785944109648206e-03  7.408428002521900e-02  8.898475541593885e-01  7.408428002521900e-02  2.108100915484430e-01  7.408428002521900e-02  1.634855790059297e-03 
 7.808428002521900e-02  1.344214578481894e+00  7.808428002521900e-02  1.384762201587464e+00  7.808428002521900e-02  8.362945420788283e-01  7.808428002521900e-02  2.186786812022054e-01  7.808428002521900e-02  1.790021297027038e-03  7.808428002521900e-02  8.912520732519180e-01  7.808428002521900e-02  2.105981927182962e-01  7.808428002521900e-02  1.630777262997388e-03 
 8.208428002521900e-02  1.343176470749667e+00  8.208428002521900e-02  1.385800668294701e+00  8.208428002521900e-02  8.348843083223311e-01  8.208428002521900e-02  2.188807008794493e-01  8.208428002521900e-02  1.794098292176073e-03  8.208428002521900e-02  8.926563898776533e-01  8.208428002521900e-02  2.103860221326652e-01  8.208428002521900e-02  1.626698858009814e-03 
 8.608428002521901e-02  1.342138414133763e+00  8.608428002521901e-02  1.386839101725902e+00  8.608428002521901e-02  8.334739837478522e-01  8.608428002521901e-02  2.190824853893703e-01  8.608428002521901e-02  1.798175086574081e-03  8.608428002521901e-02  8.940605010199764e-01  8.608428002521901e-02  2.101735788372491e-01  8.608428002521901e-02  1.622620583706952e-03 
 9.008428002521901e-02  1.341100410809712e+00  9.008428002521901e-02  1.387877499697742e+00  9.008428002521901e-02  8.320635712641716e-01  9.008428002521901e-02  2.192840355660074e-01  9.008428002521901e-02  1.802251671677067e-03  9.008428002521901e-02  8.954644036642296e-01  9.008428002521901e-02  2.099608618721117e-01  9.008428002521901e-02  1.618542448663372e-03 
 9.408428002521901e-02  1.340062462952537e+00  9.408428002521901e-02  1.388915860015513e+00  9.408428002521901e-02  8.306530737791110e-01  9.408428002521901e-02  2.194853522414610e-01  9.408428002521901e-02  1.806328038942975e-03  9.408428002521901e-02  8.968680947841945e-01  9.408428002521901e-02  2.097478702756285e-01  9.408428002521901e-02  1.614464461498373e-03 
 9.808428002521902e-02  1.339024572741836e+00  9.808428002521902e-02  1.389954180488748e+00  9.808428002521902e-02  8.292424942029755e-01  9.808428002521902e-02  2.196864362450077e-01  9.808428002521902e-02  1.810404179811818e-03  9.808428002521902e-02  8.982715713522481e-01  9.808428002521902e-02  2.095346030813932e-01  9.808428002521902e-02  1.610386630814573e-03 
 1.020842800252190e-01  1.337986742356549e+00  1.020842800252190e-01  1.390992458914275e+00  1.020842800252190e-01  8.278318354451513e-01  1.020842800252190e-01  2.198872884040990e-01  1.020842800252190e-01  1.814480085726179e-03  1.020842800252190e-01  8.996748303281825e-01  1.020842800252190e-01  2.093210593214891e-01  1.020842800252190e-01  1.606308965264497e-03 
 1.060842800252190e-01  1.336948973982794e+00  1.060842800252190e-01  1.392030693100263e+00  1.060842800252190e-01  8.264211004194042e-01  1.060842800252190e-01  2.200879095429702e-01  1.060842800252190e-01  1.818555748100443e-03  1.060842800252190e-01  9.010778686748528e-01  1.060842800252190e-01  2.091072380217343e-01  1.060842800252190e-01  1.602231473456118e-03 
 1.100842800252190e-01  1.335911269804521e+00  1.100842800252190e-01  1.393068880836479e+00  1.100842800252190e-01  8.250102920377386e-01  1.100842800252190e-01  2.202883004843933e-01  1.100842800252190e-01  1.822631158357535e-03  1.100842800252190e-01  9.024806833386385e-01  1.100842800252190e-01  2.088931382074654e-01  1.100842800252190e-01  1.598154164069663e-03 
 1.140842800252190e-01  1.334873632014832e+00  1.140842800252190e-01  1.394107019929278e+00  1.140842800252190e-01  8.235994132179917e-01  1.140842800252190e-01  2.204884620476527e-01  1.140842800252190e-01  1.826706307884414e-03  1.140842800252190e-01  9.038832712722300e-01  1.140842800252190e-01  2.086787588966291e-01  1.140842800252190e-01  1.594077045720277e-03 
 1.180842800252190e-01  1.333836062802963e+00  1.180842800252190e-01  1.395145108160239e+00  1.180842800252190e-01  8.221884668752818e-01  1.180842800252190e-01  2.206883950509611e-01  1.180842800252190e-01  1.830781188083219e-03  1.180842800252190e-01  9.052856294075128e-01  1.180842800252190e-01  2.084640991078567e-01  1.180842800252190e-01  1.590000127120317e-03 
 1.220842800252190e-01  1.332798564362480e+00  1.220842800252190e-01  1.396183143311519e+00  1.220842800252190e-01  8.207774559275153e-01  1.220842800252190e-01  2.208881003100073e-01  1.220842800252190e-01  1.834855790339087e-03  1.220842800252190e-01  9.066877546720511e-01  1.220842800252190e-01  2.082491578554516e-01  1.220842800252190e-01  1.585923416979918e-03 
 1.260842800252190e-01  1.331761138897226e+00  1.260842800252190e-01  1.397221123183796e+00  1.260842800252190e-01  8.193663832994210e-01  1.260842800252190e-01  2.210875786369236e-01  1.260842800252190e-01  1.838930105996812e-03  1.260842800252190e-01  9.080896440007086e-01  1.260842800252190e-01  2.080339341457843e-01  1.260842800252190e-01  1.581846923936453e-03 
 1.300842800252190e-01  1.330723788601197e+00  1.300842800252190e-01  1.398259045532905e+00  1.300842800252190e-01  8.179552519092603e-01  1.300842800252190e-01  2.212868308439788e-01  1.300842800252190e-01  1.843004126439840e-03  1.300842800252190e-01  9.094912942941977e-01  1.300842800252190e-01  2.078184269897690e-01  1.300842800252190e-01  1.577770656803419e-03 
 1.340842800252190e-01  1.329686515685292e+00  1.340842800252190e-01  1.399296908153009e+00  1.340842800252190e-01  8.165440646866814e-01  1.340842800252190e-01  2.214858577387697e-01  1.340842800252190e-01  1.847077842985239e-03  1.340842800252190e-01  9.108927024732834e-01  1.340842800252190e-01  2.076026353863777e-01  1.340842800252190e-01  1.573694624243794e-03 
 1.380842800252191e-01  1.328649322358157e+00  1.380842800252191e-01  1.400334708816156e+00  1.380842800252191e-01  8.151328245600670e-01  1.380842800252191e-01  2.216846601277385e-01  1.380842800252191e-01  1.851151246958915e-03  1.380842800252191e-01  9.122938654392332e-01  1.380842800252191e-01  2.073865583345397e-01  1.380842800252191e-01  1.569618835007357e-03 
 1.420842800252191e-01  1.327612210824107e+00  1.420842800252191e-01  1.401372445265353e+00  1.420842800252191e-01  8.137215344552334e-01  1.420842800252191e-01  2.218832388165877e-01  1.420842800252191e-01  1.855224329703815e-03  1.420842800252191e-01  9.136947800692435e-01  1.420842800252191e-01  2.071701948345072e-01  1.420842800252191e-01  1.565543297958007e-03 
 1.460842800252191e-01  1.326575183305891e+00  1.460842800252191e-01  1.402410115285167e+00  1.460842800252191e-01  8.123101973106409e-01  1.460842800252191e-01  2.220815946062067e-01  1.460842800252191e-01  1.859297082490443e-03  1.460842800252191e-01  9.150954432623706e-01  1.460842800252191e-01  2.069535438737685e-01  1.460842800252191e-01  1.561468021796360e-03 
 1.500842800252191e-01  1.325538242022841e+00  1.500842800252191e-01  1.403447716632920e+00  1.500842800252191e-01  8.108988160629483e-01  1.500842800252191e-01  2.222797282966705e-01  1.500842800252191e-01  1.863369496602771e-03  1.500842800252191e-01  9.164958518945820e-01  1.500842800252191e-01  2.067366044406721e-01  1.500842800252191e-01  1.557393015330043e-03 
 1.540842800252191e-01  1.324501389193981e+00  1.540842800252191e-01  1.404485247048012e+00  1.540842800252191e-01  8.094873936491597e-01  1.540842800252191e-01  2.224776406867112e-01  1.540842800252191e-01  1.867441563325934e-03  1.540842800252191e-01  9.178960028247563e-01  1.540842800252191e-01  2.065193755225515e-01  1.540842800252191e-01  1.553318287437079e-03 
 1.580842800252191e-01  1.323464627048170e+00  1.580842800252191e-01  1.405522704282997e+00  1.580842800252191e-01  8.080759330134509e-01  1.580842800252191e-01  2.226753325719381e-01  1.580842800252191e-01  1.871513273906472e-03  1.580842800252191e-01  9.192958929148380e-01  1.580842800252191e-01  2.063018560994769e-01  1.580842800252191e-01  1.549243846943832e-03 
 1.620842800252191e-01  1.322427957821092e+00  1.620842800252191e-01  1.406560086093622e+00  1.620842800252191e-01  8.066644371052457e-01  1.620842800252191e-01  2.228728047454276e-01  1.620842800252191e-01  1.875584619564110e-03  1.620842800252191e-01  9.206955190232466e-01  1.620842800252191e-01  2.060840451461772e-01  1.620842800252191e-01  1.545169702664100e-03 
 1.660842800252191e-01  1.321391383744011e+00  1.660842800252191e-01  1.407597390203396e+00  1.660842800252191e-01  8.052529088718209e-01  1.660842800252191e-01  2.230700579997833e-01  1.660842800252191e-01  1.879655591535952e-03  1.660842800252191e-01  9.220948779817273e-01  1.660842800252191e-01  2.058659416390997e-01  1.660842800252191e-01  1.541095863538277e-03 
 1.700842800252191e-01  1.320354907059180e+00  1.700842800252191e-01  1.408634614351058e+00  1.700842800252191e-01  8.038413512686322e-01  1.700842800252191e-01  2.232670931244129e-01  1.700842800252191e-01  1.883726181015911e-03  1.700842800252191e-01  9.234939666261555e-01  1.700842800252191e-01  2.056475445468586e-01  1.700842800252191e-01  1.537022338446977e-03 
 1.740842800252191e-01  1.319318530012922e+00  1.740842800252191e-01  1.409671756268427e+00  1.740842800252191e-01  8.024297672547975e-01  1.740842800252191e-01  2.234639109068156e-01  1.740842800252191e-01  1.887796379181916e-03  1.740842800252191e-01  9.248927817820297e-01  1.740842800252191e-01  2.054288528346179e-01  1.740842800252191e-01  1.532949136297978e-03 
 1.780842800252191e-01  1.318282254853786e+00  1.780842800252191e-01  1.410708813674198e+00  1.780842800252191e-01  8.010181597919508e-01  1.780842800252191e-01  2.236605121329578e-01  1.780842800252191e-01  1.891866177203193e-03  1.780842800252191e-01  9.262913202603350e-01  1.780842800252191e-01  2.052098654652991e-01  1.780842800252191e-01  1.528876266050578e-03 
 1.820842800252191e-01  1.317246083836140e+00  1.820842800252191e-01  1.411745784284711e+00  1.820842800252191e-01  7.996065318467085e-01  1.820842800252191e-01  2.238568975866697e-01  1.820842800252191e-01  1.895935566226075e-03  1.820842800252191e-01  9.276895788644703e-01  1.820842800252191e-01  2.049905813973690e-01  1.820842800252191e-01  1.524803736673297e-03 
 1.860842800252191e-01  1.316210019221493e+00  1.860842800252191e-01  1.412782665817361e+00  1.860842800252191e-01  7.981948863916406e-01  1.860842800252191e-01  2.240530680494583e-01  1.860842800252191e-01  1.900004537368874e-03  1.860842800252191e-01  9.290875543923565e-01  1.860842800252191e-01  2.047709995841031e-01  1.860842800252191e-01  1.520731557130562e-03 
 1.900842800252191e-01  1.315174063269569e+00  1.900842800252191e-01  1.413819455962515e+00  1.900842800252191e-01  7.967832263994026e-01  1.900842800252191e-01  2.242490243021399e-01  1.900842800252191e-01  1.904073081756887e-03  1.900842800252191e-01  9.304852436181069e-01  1.900842800252191e-01  2.045511189792170e-01  1.900842800252191e-01  1.516659736492923e-03 
 1.940842800252191e-01  1.314138218256897e+00  1.940842800252191e-01  1.414856152440518e+00  1.940842800252191e-01  7.953715548552093e-01  1.940842800252191e-01  2.244447671215777e-01  1.940842800252191e-01  1.908141190449473e-03  1.940842800252191e-01  9.318826433289438e-01  1.940842800252191e-01  2.043309385252761e-01  1.940842800252191e-01  1.512588283713162e-03 
 1.980842800252191e-01  1.313102486458719e+00  1.980842800252191e-01  1.415892752945154e+00  1.980842800252191e-01  7.939598747448501e-01  1.980842800252191e-01  2.246402972839435e-01  1.980842800252191e-01  1.912208854510940e-03  1.980842800252191e-01  9.332797502883911e-01  1.980842800252191e-01  2.041104571650947e-01  1.980842800252191e-01  1.508517207848403e-03 
 2.020842800252191e-01  1.312066870149061e+00  2.020842800252191e-01  1.416929255143459e+00  2.020842800252191e-01  7.925481890548368e-01  2.020842800252191e-01  2.248356155647488e-01  2.020842800252191e-01  1.916276065010453e-03  2.020842800252191e-01  9.346765612360880e-01  2.020842800252191e-01  2.038896738417585e-01  2.020842800252191e-01  1.504446518060805e-03 
 2.060842800252191e-01  1.311031371619764e+00  2.060842800252191e-01  1.417965656733911e+00  2.060842800252191e-01  7.911365007851541e-01  2.060842800252191e-01  2.250307227355123e-01  2.060842800252191e-01  1.920342812947204e-03  2.060842800252191e-01  9.360730729254146e-01  2.060842800252191e-01  2.036685874867346e-01  2.060842800252191e-01  1.500376223389036e-03 
 2.100842800252191e-01  1.309995993159998e+00  2.100842800252191e-01  1.419001955382633e+00  2.100842800252191e-01  7.897248129356997e-01  2.100842800252191e-01  2.252256195674381e-01  2.100842800252191e-01  1.924409089330860e-03  2.100842800252191e-01  9.374692820820343e-01  2.100842800252191e-01  2.034471970328034e-01  2.100842800252191e-01  1.496306332998822e-03 
 2.140842800252191e-01  1.308960737068470e+00  2.140842800252191e-01  1.420038148760537e+00  2.140842800252191e-01  7.883131285145037e-01  2.140842800252191e-01  2.254203068292968e-01  2.140842800252191e-01  1.928474885133618e-03  2.140842800252191e-01  9.388651854278695e-01  2.140842800252191e-01  2.032255014064484e-01  2.140842800252191e-01  1.492236856037080e-03 
 2.180842800252191e-01  1.307925605652747e+00  2.180842800252191e-01  1.421074234540719e+00  2.180842800252191e-01  7.869014505373610e-01  2.180842800252191e-01  2.256147852875963e-01  2.180842800252191e-01  1.932540191292901e-03  2.180842800252191e-01  9.402607796793104e-01  2.180842800252191e-01  2.030034995283231e-01  2.180842800252191e-01  1.488167801642133e-03 
 2.220842800252191e-01  1.306890601215940e+00  2.220842800252191e-01  1.422110210356952e+00  2.220842800252191e-01  7.854897820190389e-01  2.220842800252191e-01  2.258090557089759e-01  2.220842800252191e-01  1.936604998763657e-03  2.220842800252191e-01  9.416560615202472e-01  2.220842800252191e-01  2.027811903217172e-01  2.220842800252191e-01  1.484099179106770e-03 
 2.260842800252191e-01  1.305855726079168e+00  2.260842800252191e-01  1.423146073872152e+00  2.260842800252191e-01  7.840781259883397e-01  2.260842800252191e-01  2.260031188562831e-01  2.260842800252191e-01  1.940669298430016e-03  2.260842800252191e-01  9.430510276462877e-01  2.260842800252191e-01  2.025585726984700e-01  2.260842800252191e-01  1.480030997609259e-03 
 2.300842800252191e-01  1.304820982564020e+00  2.300842800252191e-01  1.424181822724026e+00  2.300842800252191e-01  7.826664854764971e-01  2.300842800252191e-01  2.261969754917230e-01  2.300842800252191e-01  1.944733081174372e-03  2.300842800252191e-01  9.444456747294770e-01  2.300842800252191e-01  2.023356455700675e-01  2.300842800252191e-01  1.475963266426904e-03 
 2.340842800252191e-01  1.303786372999521e+00  2.340842800252191e-01  1.425217454545876e+00  2.340842800252191e-01  7.812548635219012e-01  2.340842800252191e-01  2.263906263756688e-01  2.340842800252191e-01  1.948796337849855e-03  2.340842800252191e-01  9.458399994316637e-01  2.340842800252191e-01  2.021124078433289e-01  2.340842800252191e-01  1.471895994854313e-03 
 2.380842800252191e-01  1.302751899721135e+00  2.380842800252191e-01  1.426252966962958e+00  2.380842800252191e-01  7.798432631695253e-01  2.380842800252191e-01  2.265840722668863e-01  2.380842800252191e-01  1.952859059284332e-03  2.380842800252191e-01  9.472339984020414e-01  2.380842800252191e-01  2.018888584211032e-01  2.380842800252191e-01  1.467829192217652e-03 
 2.420842800252191e-01  1.301717565072988e+00  2.420842800252191e-01  1.427288357598865e+00  2.420842800252191e-01  7.784316874724903e-01  2.420842800252191e-01  2.267773139221899e-01  2.420842800252191e-01  1.956921236271615e-03  2.420842800252191e-01  9.486276682811692e-01  2.420842800252191e-01  2.016649962009029e-01  2.420842800252191e-01  1.463762867849640e-03 
 2.460842800252191e-01  1.300683371402509e+00  2.460842800252191e-01  1.428323624058403e+00  2.460842800252191e-01  7.770201394885876e-01  2.460842800252191e-01  2.269703520974312e-01  2.460842800252191e-01  1.960982859592609e-03  2.460842800252191e-01  9.500210056898064e-01  2.460842800252191e-01  2.014408200783949e-01  2.460842800252191e-01  1.459697031156756e-03 
 2.500842800252192e-01  1.299649321070231e+00  2.500842800252192e-01  1.429358763957083e+00  2.500842800252192e-01  7.756086222868973e-01  2.500842800252192e-01  2.271631875458246e-01  2.500842800252192e-01  1.965043919976661e-03  2.500842800252192e-01  9.514140072478534e-01  2.500842800252192e-01  2.012163289412418e-01  2.500842800252192e-01  1.455631691503427e-03 
 2.540842800252192e-01  1.298615416431422e+00  2.540842800252192e-01  1.430393774864552e+00  2.540842800252192e-01  7.741971389356176e-01  2.540842800252192e-01  2.273558210212130e-01  2.540842800252192e-01  1.969104408173886e-03  2.540842800252192e-01  9.528066695377406e-01  2.540842800252192e-01  2.009915216807977e-01  2.540842800252192e-01  1.451566858434209e-03 
 2.580842800252192e-01  1.297581659866252e+00  2.580842800252192e-01  1.431428654395916e+00  2.580842800252192e-01  7.727856925222988e-01  2.580842800252192e-01  2.275482532728390e-01  2.580842800252192e-01  1.973164314836556e-03  2.580842800252192e-01  9.541989891632423e-01  2.580842800252192e-01  2.007663971730810e-01  2.580842800252192e-01  1.447502541315117e-03 
 2.620842800252192e-01  1.296548053750804e+00  2.620842800252192e-01  1.432463400122817e+00  2.620842800252192e-01  7.713742861345754e-01  2.620842800252192e-01  2.277404850504589e-01  2.620842800252192e-01  1.977223630633009e-03  2.620842800252192e-01  9.555909626919985e-01  2.620842800252192e-01  2.005409542972030e-01  2.620842800252192e-01  1.443438749682841e-03 
 2.660842800252192e-01  1.295514600465834e+00  2.660842800252192e-01  1.433498009599745e+00  2.660842800252192e-01  7.699629228660978e-01  2.660842800252192e-01  2.279325171028560e-01  2.660842800252192e-01  1.981282346213202e-03  2.660842800252192e-01  9.569825866724123e-01  2.660842800252192e-01  2.003151919298763e-01  2.660842800252192e-01  1.439375493141427e-03 
 2.700842800252192e-01  1.294481302413364e+00  2.700842800252192e-01  1.434532480413685e+00  2.700842800252192e-01  7.685516058277186e-01  2.700842800252192e-01  2.281243501750025e-01  2.700842800252192e-01  1.985340452143617e-03  2.700842800252192e-01  9.583738576655018e-01  2.700842800252192e-01  2.000891089349764e-01  2.700842800252192e-01  1.435312781167311e-03 
 2.740842800252192e-01  1.293448161988751e+00  2.740842800252192e-01  1.435566810098778e+00  2.740842800252192e-01  7.671403381289194e-01  2.740842800252192e-01  2.283159850129683e-01  2.740842800252192e-01  1.989397939016883e-03  2.740842800252192e-01  9.597647721898317e-01  2.740842800252192e-01  1.998627041813307e-01  2.740842800252192e-01  1.431250623444448e-03 
 2.780842800252192e-01  1.292415181604104e+00  2.780842800252192e-01  1.436600996206907e+00  2.780842800252192e-01  7.657291228935400e-01  2.780842800252192e-01  2.285074223598955e-01  2.780842800252192e-01  1.993454797359838e-03  2.780842800252192e-01  9.611553267668619e-01  2.780842800252192e-01  1.996359765279051e-01  2.780842800252192e-01  1.427189029587081e-03 
 2.820842800252192e-01  1.291382363679207e+00  2.820842800252192e-01  1.437635036279428e+00  2.820842800252192e-01  7.643179632538257e-01  2.820842800252192e-01  2.286986629576283e-01  2.820842800252192e-01  1.997511017669200e-03  2.820842800252192e-01  9.625455179026285e-01  2.820842800252192e-01  1.994089248296621e-01  2.820842800252192e-01  1.423128009250834e-03 
 2.860842800252192e-01  1.290349710640573e+00  2.860842800252192e-01  1.438668927843780e+00  2.860842800252192e-01  7.629068623498644e-01  2.860842800252192e-01  2.288897075469214e-01  2.860842800252192e-01  2.001566590415189e-03  2.860842800252192e-01  9.639353420854504e-01  2.860842800252192e-01  1.991815479382241e-01  2.860842800252192e-01  1.419067572145944e-03 
 2.900842800252192e-01  1.289317224917546e+00  2.900842800252192e-01  1.439702668401178e+00  2.900842800252192e-01  7.614958233270946e-01  2.900842800252192e-01  2.290805568681716e-01  2.900842800252192e-01  2.005621506057059e-03  2.900842800252192e-01  9.653247957779288e-01  2.900842800252192e-01  1.989538447044358e-01  2.900842800252192e-01  1.415007728085638e-03 
 2.940842800252192e-01  1.288284908959442e+00  2.940842800252192e-01  1.440736255477788e+00  2.940842800252192e-01  7.600848493478390e-01  2.940842800252192e-01  2.292712116584871e-01  2.940842800252192e-01  2.009675754975439e-03  2.940842800252192e-01  9.667138754497069e-01  2.940842800252192e-01  1.987258139675057e-01  2.940842800252192e-01  1.410948486785137e-03 
 2.980842800252192e-01  1.287252765216508e+00  2.980842800252192e-01  1.441769686566531e+00  2.980842800252192e-01  7.586739435786932e-01  2.980842800252192e-01  2.294616726550459e-01  2.980842800252192e-01  2.013729327547441e-03  2.980842800252192e-01  9.681025775399676e-01  2.980842800252192e-01  1.984974545672380e-01  2.980842800252192e-01  1.406889858090232e-03 
 3.020842800252192e-01  1.286220796150068e+00  3.020842800252192e-01  1.442802959157252e+00  3.020842800252192e-01  7.572631091973839e-01  3.020842800252192e-01  2.296519405933825e-01  3.020842800252192e-01  2.017782214106615e-03  3.020842800252192e-01  9.694908984766987e-01  3.020842800252192e-01  1.982687653376123e-01  3.020842800252192e-01  1.402831851858783e-03 
 3.060842800252192e-01  1.285189004228838e+00  3.060842800252192e-01  1.443836070724894e+00  3.060842800252192e-01  7.558523493904064e-01  3.060842800252192e-01  2.298420162080770e-01  3.060842800252192e-01  2.021834404957474e-03  3.060842800252192e-01  9.708788346689865e-01  3.060842800252192e-01  1.980397451092360e-01  3.060842800252192e-01  1.398774478007143e-03 
 3.100842800252192e-01  1.284157391933817e+00  3.100842800252192e-01  1.444869018743659e+00  3.100842800252192e-01  7.544416673564031e-01  3.100842800252192e-01  2.300319002319643e-01  3.100842800252192e-01  2.025885890356343e-03  3.100842800252192e-01  9.722663825159931e-01  3.100842800252192e-01  1.978103927062839e-01  3.100842800252192e-01  1.394717746454575e-03 
 3.140842800252192e-01  1.283125961751083e+00  3.140842800252192e-01  1.445901800664804e+00  3.140842800252192e-01  7.530310663014236e-01  3.140842800252192e-01  2.302215933974213e-01  3.140842800252192e-01  2.029936660539531e-03  3.140842800252192e-01  9.736535383925889e-01  3.140842800252192e-01  1.975807069511716e-01  3.140842800252192e-01  1.390661667210471e-03 
 3.180842800252192e-01  1.282094716185231e+00  3.180842800252192e-01  1.446934413956230e+00  3.180842800252192e-01  7.516205494480368e-01  3.180842800252192e-01  2.304110964341135e-01  3.180842800252192e-01  2.033986705670686e-03  3.180842800252192e-01  9.750402986746096e-01  3.180842800252192e-01  1.973506866560548e-01  3.180842800252192e-01  1.386606250218817e-03 
 3.220842800252192e-01  1.281063657737556e+00  3.220842800252192e-01  1.447966856036436e+00  3.220842800252192e-01  7.502101200208069e-01  3.220842800252192e-01  2.306004100727896e-01  3.220842800252192e-01  2.038036015926366e-03  3.220842800252192e-01  9.764266596964246e-01  3.220842800252192e-01  1.971203306368801e-01  3.220842800252192e-01  1.382551505617582e-03 
 3.260842800252192e-01  1.280032788925470e+00  3.260842800252192e-01  1.448999124332309e+00  3.260842800252192e-01  7.487997812593991e-01  3.260842800252192e-01  2.307895350419998e-01  3.260842800252192e-01  2.042084581419862e-03  3.260842800252192e-01  9.778126177878511e-01  3.260842800252192e-01  1.968896377010049e-01  3.260842800252192e-01  1.378497443511869e-03 
 3.300842800252192e-01  1.279002112282750e+00  3.300842800252192e-01  1.450031216278980e+00  3.300842800252192e-01  7.473895364188544e-01  3.300842800252192e-01  2.309784720681107e-01  3.300842800252192e-01  2.046132392200205e-03  3.300842800252192e-01  9.791981692739008e-01  3.300842800252192e-01  1.966586066471285e-01  3.300842800252192e-01  1.374444073974286e-03 
 3.340842800252192e-01  1.277971630342783e+00  3.340842800252192e-01  1.451063129269103e+00  3.340842800252192e-01  7.459793887584618e-01  3.340842800252192e-01  2.311672218782243e-01  3.340842800252192e-01  2.050179438317911e-03  3.340842800252192e-01  9.805833104422261e-01  3.340842800252192e-01  1.964272362761405e-01  3.340842800252192e-01  1.370391407244314e-03 
 3.380842800252192e-01  1.276941345654040e+00  3.380842800252192e-01  1.452094860698643e+00  3.380842800252192e-01  7.445693415522225e-01  3.380842800252192e-01  2.313557851975835e-01  3.380842800252192e-01  2.054225709764306e-03  3.380842800252192e-01  9.819680375722892e-01  3.380842800252192e-01  1.961955253812399e-01  3.380842800252192e-01  1.366339453548413e-03 
 3.420842800252192e-01  1.275911260773504e+00  3.420842800252192e-01  1.453126407946443e+00  3.420842800252192e-01  7.431593980845533e-01  3.420842800252192e-01  2.315441627507465e-01  3.420842800252192e-01  2.058271196497254e-03  3.420842800252192e-01  9.833523469221674e-01  3.420842800252192e-01  1.959634727522732e-01  3.420842800252192e-01  1.362288223180272e-03 
 3.460842800252192e-01  1.274881378276944e+00  3.460842800252192e-01  1.454157768404257e+00  3.460842800252192e-01  7.417495616572797e-01  3.460842800252192e-01  2.317323552598917e-01  3.460842800252192e-01  2.062315888400860e-03  3.460842800252192e-01  9.847362347476099e-01  3.460842800252192e-01  1.957310771691846e-01  3.460842800252192e-01  1.358237726382845e-03 
 3.500842800252192e-01  1.273851700737034e+00  3.500842800252192e-01  1.455188939410919e+00  3.500842800252192e-01  7.403398355750661e-01  3.500842800252192e-01  2.319203634485990e-01  3.500842800252192e-01  2.066359775371365e-03  3.500842800252192e-01  9.861196972598784e-01  3.500842800252192e-01  1.954983374162023e-01  3.500842800252192e-01  1.354187973606924e-03 
 3.540842800252192e-01  1.272822230747365e+00  3.540842800252192e-01  1.456219918323203e+00  3.540842800252192e-01  7.389302231616235e-01  3.540842800252192e-01  2.321081880378127e-01  3.540842800252192e-01  2.070402847222882e-03  3.540842800252192e-01  9.875027306708695e-01  3.540842800252192e-01  1.952652522664595e-01  3.540842800252192e-01  1.350138975232836e-03 
 3.580842800252192e-01  1.271792970911927e+00  3.580842800252192e-01  1.457250702483779e+00  3.580842800252192e-01  7.375207277527589e-01  3.580842800252192e-01  2.322958297476893e-01  3.580842800252192e-01  2.074445093728679e-03  3.580842800252192e-01  9.888853311725072e-01  3.580842800252192e-01  1.950318204888594e-01  3.580842800252192e-01  1.346090741696267e-03 
 3.620842800252193e-01  1.270763923839629e+00  3.620842800252193e-01  1.458281289204404e+00  3.620842800252193e-01  7.361113526928118e-01  3.620842800252193e-01  2.324832892985813e-01  3.620842800252193e-01  2.078486504642684e-03  3.620842800252193e-01  9.902674949259288e-01  3.620842800252193e-01  1.947980408516934e-01  3.620842800252193e-01  1.342043283554314e-03 
 3.660842800252193e-01  1.269735092158356e+00  3.660842800252193e-01  1.459311675806872e+00  3.660842800252193e-01  7.347021013441887e-01  3.660842800252193e-01  2.326705674087053e-01  3.660842800252193e-01  2.082527069644333e-03  3.660842800252193e-01  9.916492180874383e-01  3.660842800252193e-01  1.945639121136728e-01  3.660842800252193e-01  1.337996611324637e-03 
 3.700842800252193e-01  1.268706478505985e+00  3.700842800252193e-01  1.460341859595696e+00  3.700842800252193e-01  7.332929770814455e-01  3.700842800252193e-01  2.328576647957248e-01  3.700842800252193e-01  2.086566778373791e-03  3.700842800252193e-01  9.930304967909671e-01  3.700842800252193e-01  1.943294330298097e-01  3.700842800252193e-01  1.333950735592749e-03 
 3.740842800252193e-01  1.267678085528029e+00  3.740842800252193e-01  1.461371837850518e+00  3.740842800252193e-01  7.318839832898149e-01  3.740842800252193e-01  2.330445821772044e-01  3.740842800252193e-01  2.090605620441261e-03  3.740842800252193e-01  9.944113271431230e-01  3.740842800252193e-01  1.940946023530374e-01  3.740842800252193e-01  1.329905667041808e-03 
 3.780842800252193e-01  1.266649915883320e+00  3.780842800252193e-01  1.462401607842212e+00  3.780842800252193e-01  7.304751233691300e-01  3.780842800252193e-01  2.332313202697005e-01  3.780842800252193e-01  2.094643585404613e-03  3.780842800252193e-01  9.957917052333088e-01  3.780842800252193e-01  1.938594188306417e-01  3.780842800252193e-01  1.325861416389440e-03 
 3.820842800252193e-01  1.265621972246161e+00  3.820842800252193e-01  1.463431166838538e+00  3.820842800252193e-01  7.290664007353842e-01  3.820842800252193e-01  2.334178797884567e-01  3.820842800252193e-01  2.098680662760955e-03  3.820842800252193e-01  9.971716271371749e-01  3.820842800252193e-01  1.936238812029496e-01  3.820842800252193e-01  1.321817994365444e-03 
 3.860842800252193e-01  1.264594257301203e+00  3.860842800252193e-01  1.464460512088356e+00  3.860842800252193e-01  7.276578188173997e-01  3.860842800252193e-01  2.336042614483306e-01  3.860842800252193e-01  2.102716841966800e-03  3.860842800252193e-01  9.985510889064436e-01  3.860842800252193e-01  1.933879882067372e-01  3.860842800252193e-01  1.317775411773847e-03 
 3.900842800252193e-01  1.263566773743709e+00  3.900842800252193e-01  1.465489640821648e+00  3.900842800252193e-01  7.262493810571230e-01  3.900842800252193e-01  2.337904659637996e-01  3.900842800252193e-01  2.106752112436922e-03  3.900842800252193e-01  9.999300865687988e-01  3.900842800252193e-01  1.931517385751791e-01  3.900842800252193e-01  1.313733679492794e-03 
 3.940842800252193e-01  1.262539524283735e+00  3.940842800252193e-01  1.466518550261144e+00  3.940842800252193e-01  7.248410909125468e-01  3.940842800252193e-01  2.339764940483208e-01  3.940842800252193e-01  2.110786463528057e-03  3.940842800252193e-01  1.001308616135129e+00  3.940842800252193e-01  1.929151310352310e-01  3.940842800252193e-01  1.309692808428901e-03 
 3.980842800252193e-01  1.261512511644121e+00  3.980842800252193e-01  1.467547237615816e+00  3.980842800252193e-01  7.234329518564669e-01  3.980842800252193e-01  2.341623464147216e-01  3.980842800252193e-01  2.114819884546660e-03  3.980842800252193e-01  1.002686673595256e+00  3.980842800252193e-01  1.926781643090028e-01  3.980842800252193e-01  1.305652809542808e-03 
 4.020842800252193e-01  1.260485738562873e+00  4.020842800252193e-01  1.468575700086942e+00  4.020842800252193e-01  7.220249673782125e-01  4.020842800252193e-01  2.343480237748663e-01  4.020842800252193e-01  2.118852364739715e-03  4.020842800252193e-01  1.004064254921633e+00  4.020842800252193e-01  1.924408371123531e-01  4.020842800252193e-01  1.301613693825340e-03 
 4.060842800252193e-01  1.259459207782849e+00  4.060842800252193e-01  1.469603934837215e+00  4.060842800252193e-01  7.206171409768329e-01  4.060842800252193e-01  2.345335268414421e-01  4.060842800252193e-01  2.122883893335082e-03  4.060842800252193e-01  1.005441356049636e+00  4.060842800252193e-01  1.922031481617007e-01  4.060842800252193e-01  1.297575472418882e-03 
 4.100842800252193e-01  1.258432922070292e+00  4.100842800252193e-01  1.470631939044514e+00  4.100842800252193e-01  7.192094761736565e-01  4.100842800252193e-01  2.347188563249075e-01  4.100842800252193e-01  2.126914459468799e-03  4.100842800252193e-01  1.006817972911492e+00  4.100842800252193e-01  1.919650961620178e-01  4.100842800252193e-01  1.293538156406102e-03 
 4.140842800252193e-01  1.257406884199836e+00  4.140842800252193e-01  1.471659709856967e+00  4.140842800252193e-01  7.178019765023448e-01  4.140842800252193e-01  2.349040129360734e-01  4.140842800252193e-01  2.130944052243966e-03  4.140842800252193e-01  1.008194101407659e+00  4.140842800252193e-01  1.917266798167599e-01  4.140842800252193e-01  1.289501756986522e-03 
 4.180842800252193e-01  1.256381096961407e+00  4.180842800252193e-01  1.472687244412555e+00  4.180842800252193e-01  7.163946455136569e-01  4.180842800252193e-01  2.350889973850026e-01  4.180842800252193e-01  2.134972660703610e-03  4.180842800252193e-01  1.009569737419104e+00  4.180842800252193e-01  1.914878978234493e-01  4.180842800252193e-01  1.285466285399522e-03 
 4.220842800252193e-01  1.255355563158673e+00  4.220842800252193e-01  1.473714539833868e+00  4.220842800252193e-01  7.149874867745164e-01  4.220842800252193e-01  2.352738103813332e-01  4.220842800252193e-01  2.139000273836793e-03  4.220842800252193e-01  1.010944876803835e+00  4.220842800252193e-01  1.912487488747823e-01  4.220842800252193e-01  1.281431752944883e-03 
 4.260842800252193e-01  1.254330285603673e+00  4.260842800252193e-01  1.474741593211561e+00  4.260842800252193e-01  7.135805038645344e-01  4.260842800252193e-01  2.354584526352371e-01  4.260842800252193e-01  2.143026880599690e-03  4.260842800252193e-01  1.012319515386307e+00  4.260842800252193e-01  1.910092316622924e-01  4.260842800252193e-01  1.277398171047797e-03 
 4.300842800252193e-01  1.253305267137313e+00  4.300842800252193e-01  1.475768401663509e+00  4.300842800252193e-01  7.121737003899067e-01  4.300842800252193e-01  2.356429248540567e-01  4.300842800252193e-01  2.147052469835117e-03  4.300842800252193e-01  1.013693648994627e+00  4.300842800252193e-01  1.907693448630081e-01  4.300842800252193e-01  1.273365551026543e-03 
 4.340842800252193e-01  1.252280510598051e+00  4.340842800252193e-01  1.476794962242640e+00  4.340842800252193e-01  7.107670799624972e-01  4.340842800252193e-01  2.358272277476029e-01  4.340842800252193e-01  2.151077030395515e-03  4.340842800252193e-01  1.015067273402215e+00  4.340842800252193e-01  1.905290871600952e-01  4.340842800252193e-01  1.269333904454438e-03 
 4.380842800252193e-01  1.251256018847933e+00  4.380842800252193e-01  1.477821272012088e+00  4.380842800252193e-01  7.093606462174543e-01  4.380842800252193e-01  2.360113620238651e-01  4.380842800252193e-01  2.155100551040666e-03  4.380842800252193e-01  1.016440384375098e+00  4.380842800252193e-01  1.902884572259200e-01  4.380842800252193e-01  1.265303242864709e-03 
 4.420842800252193e-01  1.250231794766735e+00  4.420842800252193e-01  1.478847328027332e+00  4.420842800252193e-01  7.079544028094116e-01  4.420842800252193e-01  2.361953283900586e-01  4.420842800252193e-01  2.159123020460736e-03  4.420842800252193e-01  1.017812977660461e+00  4.420842800252193e-01  1.900474537259769e-01  4.420842800252193e-01  1.261273577820616e-03 
 4.460842800252193e-01  1.249207841240816e+00  4.460842800252193e-01  1.479873127302977e+00  4.460842800252193e-01  7.065483534051267e-01  4.460842800252193e-01  2.363791275545460e-01  4.460842800252193e-01  2.163144427320041e-03  4.460842800252193e-01  1.019185048965569e+00  4.460842800252193e-01  1.898060753263547e-01  4.460842800252193e-01  1.257244921045974e-03 
 4.500842800252193e-01  1.248184161181951e+00  4.500842800252193e-01  1.480898666866707e+00  4.500842800252193e-01  7.051425016962586e-01  4.500842800252193e-01  2.365627602237638e-01  4.500842800252193e-01  2.167164760183044e-03  4.500842800252193e-01  1.020556593991599e+00  4.500842800252193e-01  1.895643206814563e-01  4.500842800252193e-01  1.253217284213126e-03 
 4.540842800252193e-01  1.247160757506133e+00  4.540842800252193e-01  1.481923943696893e+00  4.540842800252193e-01  7.037368513852649e-01  4.540842800252193e-01  2.367462271058170e-01  4.540842800252193e-01  2.171184007597667e-03  4.540842800252193e-01  1.021927608394200e+00  4.540842800252193e-01  1.893221884480981e-01  4.540842800252193e-01  1.249190679188149e-03 
 4.580842800252193e-01  1.246137633152743e+00  4.580842800252193e-01  1.482948954777514e+00  4.580842800252193e-01  7.023314061984194e-01  4.580842800252193e-01  2.369295289073593e-01  4.580842800252193e-01  2.175202158020014e-03  4.580842800252193e-01  1.023298087817904e+00  4.580842800252193e-01  1.890796772729820e-01  4.580842800252193e-01  1.245165117815062e-03 
 4.620842800252193e-01  1.245114791077663e+00  4.620842800252193e-01  1.483973697077249e+00  4.620842800252193e-01  7.009261698813111e-01  4.620842800252193e-01  2.371126663348019e-01  4.620842800252193e-01  2.179219199841338e-03  4.620842800252193e-01  1.024668027882798e+00  4.620842800252193e-01  1.888367857973653e-01  4.620842800252193e-01  1.241140611997881e-03 
 4.660842800252193e-01  1.244092234244160e+00  4.660842800252193e-01  1.484998167522303e+00  4.660842800252193e-01  6.995211461928571e-01  4.660842800252193e-01  2.372956400958942e-01  4.660842800252193e-01  2.183235121423883e-03  4.660842800252193e-01  1.026037424167299e+00  4.660842800252193e-01  1.885935126632328e-01  4.660842800252193e-01  1.237117173807520e-03 
 4.700842800252193e-01  1.243069965646085e+00  4.700842800252193e-01  1.486022363062784e+00  4.700842800252193e-01  6.981163389210407e-01  4.700842800252193e-01  2.374784508959471e-01  4.700842800252193e-01  2.187249911009811e-03  4.700842800252193e-01  1.027406272249682e+00  4.700842800252193e-01  1.883498564980467e-01  4.700842800252193e-01  1.233094815220939e-03 
 4.740842800252194e-01  1.242047988281641e+00  4.740842800252194e-01  1.487046280595866e+00  4.740842800252194e-01  6.967117518654093e-01  4.740842800252194e-01  2.376610994422492e-01  4.740842800252194e-01  2.191263556824194e-03  4.740842800252194e-01  1.028774567659663e+00  4.740842800252194e-01  1.881058159322711e-01  4.740842800252194e-01  1.229073548422966e-03 
 4.780842800252194e-01  1.241026305170055e+00  4.780842800252194e-01  1.488069917013212e+00  4.780842800252194e-01  6.953073888484296e-01  4.780842800252194e-01  2.378435864413696e-01  4.780842800252194e-01  2.195276047009488e-03  4.780842800252194e-01  1.030142305908011e+00  4.780842800252194e-01  1.878613895884625e-01  4.780842800252194e-01  1.225053385620064e-03 
 4.820842800252194e-01  1.240004919347155e+00  4.820842800252194e-01  1.489093269187408e+00  4.820842800252194e-01  6.939032537126505e-01  4.820842800252194e-01  2.380259125999668e-01  4.820842800252194e-01  2.199287369643013e-03  4.820842800252194e-01  1.031509482477871e+00  4.820842800252194e-01  1.876165760843140e-01  4.820842800252194e-01  1.221034339093603e-03 
 4.860842800252194e-01  1.238983833868159e+00  4.860842800252194e-01  1.490116333979001e+00  4.860842800252194e-01  6.924993503227336e-01  4.860842800252194e-01  2.382080786243942e-01  4.860842800252194e-01  2.203297512725885e-03  4.860842800252194e-01  1.032876092828984e+00  4.860842800252194e-01  1.873713740309680e-01  4.860842800252194e-01  1.217016421172211e-03 
 4.900842800252194e-01  1.237963051800007e+00  4.900842800252194e-01  1.491139108213656e+00  4.900842800252194e-01  6.910956825604333e-01  4.900842800252194e-01  2.383900852220407e-01  4.900842800252194e-01  2.207306464213243e-03  4.900842800252194e-01  1.034242132383246e+00  4.900842800252194e-01  1.871257820382389e-01  4.900842800252194e-01  1.212999644321487e-03 
 4.940842800252194e-01  1.236942576235791e+00  4.940842800252194e-01  1.492161588722795e+00  4.940842800252194e-01  6.896922543344476e-01  4.940842800252194e-01  2.385719330990181e-01  4.940842800252194e-01  2.211314211957444e-03  4.940842800252194e-01  1.035607596549938e+00  4.940842800252194e-01  1.868797987051471e-01  4.940842800252194e-01  1.208984020984397e-03 
 4.980842800252194e-01  1.235922410279635e+00  4.980842800252194e-01  1.493183772299170e+00  4.980842800252194e-01  6.882890695704078e-01  4.980842800252194e-01  2.387536229627318e-01  4.980842800252194e-01  2.215320743767592e-03  4.980842800252194e-01  1.036972480697774e+00  4.980842800252194e-01  1.866334226301457e-01  4.980842800252194e-01  1.204969563755763e-03 
 5.020842800252193e-01  1.234902557058799e+00  5.020842800252193e-01  1.494205655730768e+00  5.020842800252193e-01  6.868861322191638e-01  5.020842800252193e-01  2.389351555199569e-01  5.020842800252193e-01  2.219326047361872e-03  5.020842800252193e-01  1.038336780175916e+00  5.020842800252193e-01  1.863866524031952e-01  5.020842800252193e-01  1.200956285249105e-03 
 5.060842800252193e-01  1.233883019708412e+00  5.060842800252193e-01  1.495227235756222e+00  5.060842800252193e-01  6.854834462466725e-01  5.060842800252193e-01  2.391165314794239e-01  5.060842800252193e-01  2.223330110427590e-03  5.060842800252193e-01  1.039700490285971e+00  5.060842800252193e-01  1.861394866160896e-01  5.060842800252193e-01  1.196944198271730e-03 
 5.100842800252193e-01  1.232863801398105e+00  5.100842800252193e-01  1.496248509140079e+00  5.100842800252193e-01  6.840810156520577e-01  5.100842800252193e-01  2.392977515475177e-01  5.100842800252193e-01  2.227332920516560e-03  5.100842800252193e-01  1.041063606328771e+00  5.100842800252193e-01  1.858919238448411e-01  5.100842800252193e-01  1.192933315529188e-03 
 5.140842800252193e-01  1.231844905305838e+00  5.140842800252193e-01  1.497269472596956e+00  5.140842800252193e-01  6.826788444501730e-01  5.140842800252193e-01  2.394788164326533e-01  5.140842800252193e-01  2.231334465147883e-03  5.140842800252193e-01  1.042426123556866e+00  5.140842800252193e-01  1.856439626673037e-01  5.140842800252193e-01  1.188923649923038e-03 
 5.180842800252193e-01  1.230826334627201e+00  5.180842800252193e-01  1.498290122817407e+00  5.180842800252193e-01  6.812769366780080e-01  5.180842800252193e-01  2.396597268438201e-01  5.180842800252193e-01  2.235334731771371e-03  5.180842800252193e-01  1.043788037190510e+00  5.180842800252193e-01  1.853956016571100e-01  5.180842800252193e-01  1.184915214449423e-03 
 5.220842800252193e-01  1.229808092586797e+00  5.220842800252193e-01  1.499310456499248e+00  5.220842800252193e-01  6.798752964025034e-01  5.220842800252193e-01  2.398404834887999e-01  5.220842800252193e-01  2.239333707722961e-03  5.220842800252193e-01  1.045149342436956e+00  5.220842800252193e-01  1.851468393762243e-01  5.220842800252193e-01  1.180908022075823e-03 
 5.260842800252193e-01  1.228790182416164e+00  5.260842800252193e-01  1.500330470283791e+00  5.260842800252193e-01  6.784739277058752e-01  5.260842800252193e-01  2.400210870778576e-01  5.260842800252193e-01  2.243331380311329e-03  5.260842800252193e-01  1.046510034450590e+00  5.260842800252193e-01  1.848976743898829e-01  5.260842800252193e-01  1.176902085991684e-03 
 5.300842800252193e-01  1.227772607379547e+00  5.300842800252193e-01  1.501350160828290e+00  5.300842800252193e-01  6.770728347030962e-01  5.300842800252193e-01  2.402015383196013e-01  5.300842800252193e-01  2.247327736716686e-03  5.300842800252193e-01  1.047870108377809e+00  5.300842800252193e-01  1.846481052494724e-01  5.300842800252193e-01  1.172897419323815e-03 
 5.340842800252193e-01  1.226755370747450e+00  5.340842800252193e-01  1.502369524729711e+00  5.340842800252193e-01  6.756720215242865e-01  5.340842800252193e-01  2.403818379253894e-01  5.340842800252193e-01  2.251322764094680e-03  5.340842800252193e-01  1.049229559309447e+00  5.340842800252193e-01  1.843981305104521e-01  5.340842800252193e-01  1.168894035435763e-03 
 5.380842800252194e-01  1.225738475823565e+00  5.380842800252194e-01  1.503388558600297e+00  5.380842800252194e-01  6.742714923329840e-01  5.380842800252194e-01  2.405619866050077e-01  5.380842800252194e-01  2.255316449470605e-03  5.380842800252194e-01  1.050588382327529e+00  5.380842800252194e-01  1.841477487144340e-01  5.380842800252194e-01  1.164891947631050e-03 
 5.420842800252194e-01  1.224721925926562e+00  5.420842800252194e-01  1.504407259014860e+00  5.420842800252194e-01  6.728712513140672e-01  5.420842800252194e-01  2.407419850697291e-01  5.420842800252194e-01  2.259308779810944e-03  5.420842800252194e-01  1.051946572472331e+00  5.420842800252194e-01  1.838969584015804e-01  5.420842800252194e-01  1.160891169360176e-03 
 5.460842800252194e-01  1.223705724392513e+00  5.460842800252194e-01  1.505425622516764e+00  5.460842800252194e-01  6.714713026755664e-01  5.460842800252194e-01  2.409218340319944e-01  5.460842800252194e-01  2.263299742013824e-03  5.460842800252194e-01  1.053304124745931e+00  5.460842800252194e-01  1.836457581091527e-01  5.460842800252194e-01  1.156891714197137e-03 
 5.500842800252194e-01  1.222689874584692e+00  5.500842800252194e-01  1.506443645644577e+00  5.500842800252194e-01  6.700716506554178e-01  5.500842800252194e-01  2.411015342039012e-01  5.500842800252194e-01  2.267289322870552e-03  5.500842800252194e-01  1.054661034128522e+00  5.500842800252194e-01  1.833941463651023e-01  5.500842800252194e-01  1.152893595734747e-03 
 5.540842800252194e-01  1.221674379883472e+00  5.540842800252194e-01  1.507461324902544e+00  5.540842800252194e-01  6.686722995148481e-01  5.540842800252194e-01  2.412810862989318e-01  5.540842800252194e-01  2.271277509105268e-03  5.540842800252194e-01  1.056017295559917e+00  5.540842800252194e-01  1.831421216950354e-01  5.540842800252194e-01  1.148896827700569e-03 
 5.580842800252194e-01  1.220659243689392e+00  5.580842800252194e-01  1.508478656768283e+00  5.580842800252194e-01  6.672732535406192e-01  5.580842800252194e-01  2.414604910315383e-01  5.580842800252194e-01  2.275264287362916e-03  5.580842800252194e-01  1.057372903944134e+00  5.580842800252194e-01  1.828896826203373e-01  5.580842800252194e-01  1.144901423926760e-03 
 5.620842800252194e-01  1.219644469434260e+00  5.620842800252194e-01  1.509495637722955e+00  5.620842800252194e-01  6.658745170526706e-01  5.620842800252194e-01  2.416397491154265e-01  5.620842800252194e-01  2.279249644165673e-03  5.620842800252194e-01  1.058727854167827e+00  5.620842800252194e-01  1.826368276508568e-01  5.620842800252194e-01  1.140907398231497e-03 
 5.660842800252194e-01  1.218630060558527e+00  5.660842800252194e-01  1.510512264186547e+00  5.660842800252194e-01  6.644760943890836e-01  5.660842800252194e-01  2.418188612673136e-01  5.660842800252194e-01  2.283233566001712e-03  5.660842800252194e-01  1.060082141060091e+00  5.660842800252194e-01  1.823835553003843e-01  5.660842800252194e-01  1.136914764673231e-03 
 5.700842800252194e-01  1.217616020536621e+00  5.700842800252194e-01  1.511528532588183e+00  5.700842800252194e-01  6.630779899233111e-01  5.700842800252194e-01  2.419978282029064e-01  5.700842800252194e-01  2.287216039225810e-03  5.700842800252194e-01  1.061435759435696e+00  5.700842800252194e-01  1.821298640696910e-01  5.700842800252194e-01  1.132923537274440e-03 
 5.740842800252194e-01  1.216602352858688e+00  5.740842800252194e-01  1.512544439313607e+00  5.740842800252194e-01  6.616802080520765e-01  5.740842800252194e-01  2.421766506399503e-01  5.740842800252194e-01  2.291197050130997e-03  5.740842800252194e-01  1.062788704062441e+00  5.740842800252194e-01  1.818757524591067e-01  5.740842800252194e-01  1.128933730228015e-03 
 5.780842800252194e-01  1.215589061036332e+00  5.780842800252194e-01  1.513559980720379e+00  5.780842800252194e-01  6.602827531994286e-01  5.780842800252194e-01  2.423553292973872e-01  5.780842800252194e-01  2.295176584926022e-03  5.780842800252194e-01  1.064140969670357e+00  5.780842800252194e-01  1.816212189648129e-01  5.780842800252194e-01  1.124945357837464e-03 
 5.820842800252194e-01  1.214576148616935e+00  5.820842800252194e-01  1.514575153176840e+00  5.820842800252194e-01  6.588856298265680e-01  5.820842800252194e-01  2.425338648931288e-01  5.820842800252194e-01  2.299154629679143e-03  5.820842800252194e-01  1.065492550975459e+00  5.820842800252194e-01  1.813662620693223e-01  5.820842800252194e-01  1.120958434363959e-03 
 5.860842800252194e-01  1.213563619152879e+00  5.860842800252194e-01  1.515589952974854e+00  5.860842800252194e-01  6.574888424113274e-01  5.860842800252194e-01  2.427122581491296e-01  5.860842800252194e-01  2.303131170438978e-03  5.860842800252194e-01  1.066843442625821e+00  5.860842800252194e-01  1.811108802625838e-01  5.860842800252194e-01  1.116972974369005e-03 
 5.900842800252194e-01  1.212551476235158e+00  5.900842800252194e-01  1.516604376422790e+00  5.900842800252194e-01  6.560923954709875e-01  5.900842800252194e-01  2.428905097860394e-01  5.900842800252194e-01  2.307106193102479e-03  5.900842800252194e-01  1.068193639258595e+00  5.900842800252194e-01  1.808550720193493e-01  5.900842800252194e-01  1.112988992349242e-03 
 5.940842800252194e-01  1.211539723473658e+00  5.940842800252194e-01  1.517618419789238e+00  5.940842800252194e-01  6.546962935492091e-01  5.940842800252194e-01  2.430686205264894e-01  5.940842800252194e-01  2.311079683492442e-03  5.940842800252194e-01  1.069543135465140e+00  5.940842800252194e-01  1.805988358127763e-01  5.940842800252194e-01  1.109006502957505e-03 
 5.980842800252194e-01  1.210528364497594e+00  5.980842800252194e-01  1.518632079303149e+00  5.980842800252194e-01  6.533005412165246e-01  5.980842800252194e-01  2.432465910951103e-01  5.980842800252194e-01  2.315051627355708e-03  5.980842800252194e-01  1.070891925790931e+00  5.980842800252194e-01  1.803421701143720e-01  5.980842800252194e-01  1.105025521002311e-03 
 6.020842800252194e-01  1.209517402970946e+00  6.020842800252194e-01  1.519645351195721e+00  6.020842800252194e-01  6.519051430809328e-01  6.020842800252194e-01  2.434244222161409e-01  6.020842800252194e-01  2.319022010302622e-03  6.020842800252194e-01  1.072240004761035e+00  6.020842800252194e-01  1.800850733836708e-01  6.020842800252194e-01  1.101046061283324e-03 
 6.060842800252194e-01  1.208506842575261e+00  6.060842800252194e-01  1.520658231651396e+00  6.060842800252194e-01  6.505101037765251e-01  6.060842800252194e-01  2.436021146162978e-01  6.060842800252194e-01  2.322990817874516e-03  6.060842800252194e-01  1.073587366849809e+00  6.060842800252194e-01  1.798275440801662e-01  6.060842800252194e-01  1.097068138783778e-03 
 6.100842800252194e-01  1.207496687018815e+00  6.100842800252194e-01  1.521670716832147e+00  6.100842800252194e-01  6.491154279698718e-01  6.100842800252194e-01  2.437796690233945e-01  6.100842800252194e-01  2.326958035507756e-03  6.100842800252194e-01  1.074934006495590e+00  6.100842800252194e-01  1.795695806573127e-01  6.100842800252194e-01  1.093091768575186e-03 
 6.140842800252194e-01  1.206486940036641e+00  6.140842800252194e-01  1.522682802876411e+00  6.140842800252194e-01  6.477211203602419e-01  6.140842800252194e-01  2.439570861664383e-01  6.140842800252194e-01  2.330923648533621e-03  6.140842800252194e-01  1.076279918099795e+00  6.140842800252194e-01  1.793111815627113e-01  6.140842800252194e-01  1.089116965821419e-03 
 6.180842800252194e-01  1.205477605385745e+00  6.180842800252194e-01  1.523694485884683e+00  6.180842800252194e-01  6.463271856766057e-01  6.180842800252194e-01  2.441343667764977e-01  6.180842800252194e-01  2.334887642197104e-03  6.180842800252194e-01  1.077625096017881e+00  6.180842800252194e-01  1.790523452416138e-01  6.180842800252194e-01  1.085143745835360e-03 
 6.220842800252194e-01  1.204468686861208e+00  6.220842800252194e-01  1.524705761962828e+00  6.220842800252194e-01  6.449336286886822e-01  6.220842800252194e-01  2.443115115842162e-01  6.220842800252194e-01  2.338850001593624e-03  6.220842800252194e-01  1.078969534585586e+00  6.220842800252194e-01  1.787930701261266e-01  6.220842800252194e-01  1.081172123908763e-03 
 6.260842800252194e-01  1.203460188267146e+00  6.260842800252194e-01  1.525716627140588e+00  6.260842800252194e-01  6.435404541876265e-01  6.260842800252194e-01  2.444885213245834e-01  6.260842800252194e-01  2.342810711783194e-03  6.260842800252194e-01  1.080313228068899e+00  6.260842800252194e-01  1.785333546553568e-01  6.260842800252194e-01  1.077202115632366e-03 
 6.300842800252194e-01  1.202452113447486e+00  6.300842800252194e-01  1.526727077455512e+00  6.300842800252194e-01  6.421476670069486e-01  6.300842800252194e-01  2.446653967320900e-01  6.300842800252194e-01  2.346769757669398e-03  6.300842800252194e-01  1.081656170715087e+00  6.300842800252194e-01  1.782731972545286e-01  6.300842800252194e-01  1.073233736566162e-03 
 6.340842800252194e-01  1.201444466265834e+00  6.340842800252194e-01  1.527737108896001e+00  6.340842800252194e-01  6.407552720092119e-01  6.340842800252194e-01  2.448421385440692e-01  6.340842800252194e-01  2.350727124078591e-03  6.340842800252194e-01  1.082998356717694e+00  6.340842800252194e-01  1.780125963490761e-01  6.340842800252194e-01  1.069267002463179e-03 
 6.380842800252194e-01  1.200437250622754e+00  6.380842800252194e-01  1.528746717447775e+00  6.380842800252194e-01  6.393632740978673e-01  6.380842800252194e-01  2.450187474980293e-01  6.380842800252194e-01  2.354682795691945e-03  6.380842800252194e-01  1.084339780244614e+00  6.380842800252194e-01  1.777515503529875e-01  6.380842800252194e-01  1.065301929086937e-03 
 6.420842800252194e-01  1.199430470437068e+00  6.420842800252194e-01  1.529755899041155e+00  6.420842800252194e-01  6.379716782049182e-01  6.420842800252194e-01  2.451952243347599e-01  6.420842800252194e-01  2.358636757118939e-03  6.420842800252194e-01  1.085680435405732e+00  6.420842800252194e-01  1.774900576819189e-01  6.420842800252194e-01  1.061338532418532e-03 
 6.460842800252194e-01  1.198424129656309e+00  6.460842800252194e-01  1.530764649578529e+00  6.460842800252194e-01  6.365804892981920e-01  6.460842800252194e-01  2.453715697967623e-01  6.460842800252194e-01  2.362588992856291e-03  6.460842800252194e-01  1.087020316269428e+00  6.460842800252194e-01  1.772281167462859e-01  6.460842800252194e-01  1.057376828548695e-03 
 6.500842800252195e-01  1.197418232263892e+00  6.500842800252195e-01  1.531772964952758e+00  6.500842800252195e-01  6.351897123863843e-01  6.500842800252195e-01  2.455477846272162e-01  6.500842800252195e-01  2.366539487259815e-03  6.500842800252195e-01  1.088359416873489e+00  6.500842800252195e-01  1.769657259465589e-01  6.500842800252195e-01  1.053416833605586e-03 
 6.540842800252195e-01  1.196412782264710e+00  6.540842800252195e-01  1.532780841006413e+00  6.540842800252195e-01  6.337993525096290e-01  6.540842800252195e-01  2.457238695723923e-01  6.540842800252195e-01  2.370488224600955e-03  6.540842800252195e-01  1.089697731200095e+00  6.540842800252195e-01  1.767028836834532e-01  6.540842800252195e-01  1.049458563914837e-03 
 6.580842800252195e-01  1.195407783695561e+00  6.580842800252195e-01  1.533788273558992e+00  6.580842800252195e-01  6.324094147467466e-01  6.580842800252195e-01  2.458998253800976e-01  6.580842800252195e-01  2.374435189025843e-03  6.580842800252195e-01  1.091035253192096e+00  6.580842800252195e-01  1.764395883510274e-01  6.580842800252195e-01  1.045502035892682e-03 
 6.620842800252195e-01  1.194403240624184e+00  6.620842800252195e-01  1.534795258402968e+00  6.620842800252195e-01  6.310199042148524e-01  6.620842800252195e-01  2.460756527999473e-01  6.620842800252195e-01  2.378380364559150e-03  6.620842800252195e-01  1.092371976750345e+00  6.620842800252195e-01  1.761758383376041e-01  6.620842800252195e-01  1.041547266061444e-03 
 6.660842800252195e-01  1.193399157145891e+00  6.660842800252195e-01  1.535801791293316e+00  6.660842800252195e-01  6.296308260673353e-01  6.660842800252195e-01  2.462513525840113e-01  6.660842800252195e-01  2.382323735117178e-03  6.660842800252195e-01  1.093707895727098e+00  6.660842800252195e-01  1.759116320283712e-01  6.660842800252195e-01  1.037594271090732e-03 
 6.700842800252195e-01  1.192395537385369e+00  6.700842800252195e-01  1.536807867951032e+00  6.700842800252195e-01  6.282421854953262e-01  6.700842800252195e-01  2.464269254866502e-01  6.700842800252195e-01  2.386265284500941e-03  6.700842800252195e-01  1.095043003927893e+00  6.700842800252195e-01  1.756469678044369e-01  6.700842800252195e-01  1.033643067783537e-03 
 6.740842800252195e-01  1.191392385505366e+00  6.740842800252195e-01  1.537813484085403e+00  6.740842800252195e-01  6.268539877338024e-01  6.740842800252195e-01  2.466023722632449e-01  6.740842800252195e-01  2.390204996361932e-03  6.740842800252195e-01  1.096377295124724e+00  6.740842800252195e-01  1.753818440370857e-01  6.740842800252195e-01  1.029693672988860e-03 
 6.780842800252195e-01  1.190389705687223e+00  6.780842800252195e-01  1.538818635339777e+00  6.780842800252195e-01  6.254662380487518e-01  6.780842800252195e-01  2.467776936734180e-01  6.780842800252195e-01  2.394142854278612e-03  6.780842800252195e-01  1.097710763023034e+00  6.780842800252195e-01  1.751162591015633e-01  6.780842800252195e-01  1.025746103814622e-03 
 6.820842800252195e-01  1.189387502150700e+00  6.820842800252195e-01  1.539823317344017e+00  6.820842800252195e-01  6.240789417507783e-01  6.820842800252195e-01  2.469528904779982e-01  6.820842800252195e-01  2.398078841678582e-03  6.820842800252195e-01  1.099043401293118e+00  6.820842800252195e-01  1.748502113636358e-01  6.820842800252195e-01  1.021800377421676e-03 
 6.860842800252195e-01  1.188385779151224e+00  6.860842800252195e-01  1.540827525705541e+00  6.860842800252195e-01  6.226921041935111e-01  6.860842800252195e-01  2.471279634395823e-01  6.860842800252195e-01  2.402012941849374e-03  6.860842800252195e-01  1.100375203564414e+00  6.860842800252195e-01  1.745836991817840e-01  6.860842800252195e-01  1.017856511059004e-03 
 6.900842800252195e-01  1.187384540970468e+00  6.900842800252195e-01  1.541831255982444e+00  6.900842800252195e-01  6.213057307675502e-01  6.900842800252195e-01  2.473029133241584e-01  6.900842800252195e-01  2.405945137975435e-03  6.900842800252195e-01  1.101706163409040e+00  6.900842800252195e-01  1.743167209140581e-01  6.900842800252195e-01  1.013914522169309e-03 
 6.940842800252195e-01  1.186383791921999e+00  6.940842800252195e-01  1.542834503697399e+00  6.940842800252195e-01  6.199198269045357e-01  6.940842800252195e-01  2.474777409003298e-01  6.940842800252195e-01  2.409875413115934e-03  6.940842800252195e-01  1.103036274349898e+00  6.940842800252195e-01  1.740492749144643e-01  6.940842800252195e-01  1.009974428334354e-03 
 6.980842800252195e-01  1.185383536355173e+00  6.980842800252195e-01  1.543837264346680e+00  6.980842800252195e-01  6.185343980800522e-01  6.980842800252195e-01  2.476524469388262e-01  6.980842800252195e-01  2.413803750189496e-03  6.980842800252195e-01  1.104365529865822e+00  6.980842800252195e-01  1.737813595305775e-01  6.980842800252195e-01  1.006036247239569e-03 
 7.020842800252195e-01  1.184383778650021e+00  7.020842800252195e-01  1.544839533384922e+00  7.020842800252195e-01  6.171494498104715e-01  7.020842800252195e-01  2.478270322134449e-01  7.020842800252195e-01  2.417730131994291e-03  7.020842800252195e-01  1.105693923382132e+00  7.020842800252195e-01  1.735129731074228e-01  7.020842800252195e-01  1.002099996733913e-03 
 7.060842800252195e-01  1.183384523223722e+00  7.060842800252195e-01  1.545841306241099e+00  7.060842800252195e-01  6.157649876575949e-01  7.060842800252195e-01  2.480014975001531e-01  7.060842800252195e-01  2.421654541182586e-03  7.060842800252195e-01  1.107021448279932e+00  7.060842800252195e-01  1.732441139832762e-01  7.060842800252195e-01  9.981656947670671e-04 
 7.100842800252195e-01  1.182385774524375e+00  7.100842800252195e-01  1.546842578300273e+00  7.100842800252195e-01  6.143810172247532e-01  7.100842800252195e-01  2.481758435782078e-01  7.100842800252195e-01  2.425576960285205e-03  7.100842800252195e-01  1.108348097884883e+00  7.100842800252195e-01  1.729747804943536e-01  7.100842800252195e-01  9.942333594612175e-04 
 7.140842800252195e-01  1.181387537037478e+00  7.140842800252195e-01  1.547843344919426e+00  7.140842800252195e-01  6.129975441614667e-01  7.140842800252195e-01  2.483500712292641e-01  7.140842800252195e-01  2.429497371686107e-03  7.140842800252195e-01  1.109673865476388e+00  7.140842800252195e-01  1.727049709706296e-01  7.140842800252195e-01  9.903030090487404e-04 
 7.180842800252195e-01  1.180389815278128e+00  7.180842800252195e-01  1.548843601405186e+00  7.180842800252195e-01  6.116145741584992e-01  7.180842800252195e-01  2.485241812387433e-01  7.180842800252195e-01  2.433415757652989e-03  7.180842800252195e-01  1.110998744273984e+00  7.180842800252195e-01  1.724346837416146e-01  7.180842800252195e-01  9.863746619597966e-04 
 7.220842800252195e-01  1.179392613801791e+00  7.220842800252195e-01  1.549843343040981e+00  7.220842800252195e-01  6.102321129553965e-01  7.220842800252195e-01  2.486981743942694e-01  7.220842800252195e-01  2.437332100295055e-03  7.220842800252195e-01  1.112322727453269e+00  7.220842800252195e-01  1.721639171291956e-01  7.220842800252195e-01  9.824483367156206e-04 
 7.260842800252195e-01  1.178395937199626e+00  7.260842800252195e-01  1.550842565073033e+00  7.260842800252195e-01  6.088501663376636e-01  7.260842800252195e-01  2.488720514865425e-01  7.260842800252195e-01  2.441246381581252e-03  7.260842800252195e-01  1.113645808137231e+00  7.260842800252195e-01  1.718926694512407e-01  7.260842800252195e-01  9.785240519835990e-04 
 7.300842800252195e-01  1.177399790093261e+00  7.300842800252195e-01  1.551841262694877e+00  7.300842800252195e-01  6.074687401335583e-01  7.300842800252195e-01  2.490458133103106e-01  7.300842800252195e-01  2.445158583360924e-03  7.300842800252195e-01  1.114967979386715e+00  7.300842800252195e-01  1.716209390256352e-01  7.300842800252195e-01  9.746018266379482e-04 
 7.340842800252195e-01  1.176404177150801e+00  7.340842800252195e-01  1.552839431088403e+00  7.340842800252195e-01  6.060878402251674e-01  7.340842800252195e-01  2.492194606619802e-01  7.340842800252195e-01  2.449068687300861e-03  7.340842800252195e-01  1.116289234224577e+00  7.340842800252195e-01  1.713487241594062e-01  7.340842800252195e-01  9.706816795986503e-04 
 7.380842800252195e-01  1.175409103064237e+00  7.380842800252195e-01  1.553837065362146e+00  7.380842800252195e-01  6.047074725335535e-01  7.380842800252195e-01  2.493929943433288e-01  7.380842800252195e-01  2.452976674974051e-03  7.380842800252195e-01  1.117609565598634e+00  7.380842800252195e-01  1.710760231649853e-01  7.380842800252195e-01  9.667636300737689e-04 
 7.420842800252195e-01  1.174414572577366e+00  7.420842800252195e-01  1.554834160623891e+00  7.420842800252195e-01  6.033276430378373e-01  7.420842800252195e-01  2.495664151572437e-01  7.420842800252195e-01  2.456882527750020e-03  7.420842800252195e-01  1.118928966424536e+00  7.420842800252195e-01  1.708028343409285e-01  7.420842800252195e-01  9.628476972742687e-04 
 7.460842800252195e-01  1.173420590456892e+00  7.460842800252195e-01  1.555830711902354e+00  7.460842800252195e-01  6.019483577561175e-01  7.460842800252195e-01  2.497397239124304e-01  7.460842800252195e-01  2.460786226908346e-03  7.460842800252195e-01  1.120247429538920e+00  7.460842800252195e-01  1.705291559926624e-01  7.460842800252195e-01  9.589339007216584e-04 
 7.500842800252195e-01  1.172427161521035e+00  7.500842800252195e-01  1.556826714221281e+00  7.500842800252195e-01  6.005696227650216e-01  7.500842800252195e-01  2.499129214190496e-01  7.500842800252195e-01  2.464687753526252e-03  7.500842800252195e-01  1.121564947743076e+00  7.500842800252195e-01  1.702549864127286e-01  7.500842800252195e-01  9.550222599569321e-04 
 7.540842800252195e-01  1.171434290619721e+00  7.540842800252195e-01  1.557822162545460e+00  7.540842800252195e-01  5.991914441867406e-01  7.540842800252195e-01  2.500860084919938e-01  7.540842800252195e-01  2.468587088556464e-03  7.540842800252195e-01  1.122881513770598e+00  7.540842800252195e-01  1.699803238951138e-01  7.540842800252195e-01  9.511127947526481e-04 
 7.580842800252195e-01  1.170441982642809e+00  7.580842800252195e-01  1.558817051800680e+00  7.580842800252195e-01  5.978138281949046e-01  7.580842800252195e-01  2.502589859497444e-01  7.580842800252195e-01  2.472484212794881e-03  7.580842800252195e-01  1.124197120298899e+00  7.580842800252195e-01  1.697051667298923e-01  7.580842800252195e-01  9.472055250344749e-04 
 7.620842800252196e-01  1.169450242518727e+00  7.620842800252196e-01  1.559811376868500e+00  7.620842800252196e-01  5.964367810140155e-01  7.620842800252196e-01  2.504318546147418e-01  7.620842800252196e-01  2.476379106885944e-03  7.620842800252196e-01  1.125511759945798e+00  7.620842800252196e-01  1.694295132045932e-01  7.620842800252196e-01  9.433004709018109e-04 
 7.660842800252196e-01  1.168459075224302e+00  7.660842800252196e-01  1.560805132610409e+00  7.660842800252196e-01  5.950603089263989e-01  7.660842800252196e-01  2.506046153119968e-01  7.660842800252196e-01  2.480271751283974e-03  7.660842800252196e-01  1.126825425283435e+00  7.660842800252196e-01  1.691533615976316e-01  7.660842800252196e-01  9.393976525328488e-04 
 7.700842800252196e-01  1.167468485763650e+00  7.700842800252196e-01  1.561798313810526e+00  7.700842800252196e-01  5.936844182583978e-01  7.700842800252196e-01  2.507772688725711e-01  7.700842800252196e-01  2.484162126336130e-03  7.700842800252196e-01  1.128138108804136e+00  7.700842800252196e-01  1.688767101937249e-01  7.700842800252196e-01  9.354970904096244e-04 
 7.740842800252196e-01  1.166478479192421e+00  7.740842800252196e-01  1.562790915237558e+00  7.740842800252196e-01  5.923091153970151e-01  7.740842800252196e-01  2.509498161299293e-01  7.740842800252196e-01  2.488050212187209e-03  7.740842800252196e-01  1.129449802956621e+00  7.740842800252196e-01  1.685995572671392e-01  7.740842800252196e-01  9.315988050747195e-04 
 7.780842800252196e-01  1.165489060602427e+00  7.780842800252196e-01  1.563782931602771e+00  7.780842800252196e-01  5.909344067799601e-01  7.780842800252196e-01  2.511222579225151e-01  7.780842800252196e-01  2.491935988839944e-03  7.780842800252196e-01  1.130760500120893e+00  7.780842800252196e-01  1.683219010930022e-01  7.780842800252196e-01  9.277028172962713e-04 
 7.820842800252196e-01  1.164500235129867e+00  7.820842800252196e-01  1.564774357579618e+00  7.820842800252196e-01  5.895602989015537e-01  7.820842800252196e-01  2.512945950926310e-01  7.820842800252196e-01  2.495819436122799e-03  7.820842800252196e-01  1.132070192619452e+00  7.820842800252196e-01  1.680437399419561e-01  7.820842800252196e-01  9.238091479909179e-04 
 7.860842800252196e-01  1.163512007956183e+00  7.860842800252196e-01  1.565765187804216e+00  7.860842800252196e-01  5.881867983136752e-01  7.860842800252196e-01  2.514668284864685e-01  7.860842800252196e-01  2.499700533686493e-03  7.860842800252196e-01  1.133378872717210e+00  7.860842800252196e-01  1.677650720799710e-01  7.860842800252196e-01  9.199178182219397e-04 
 7.900842800252196e-01  1.162524384298511e+00  7.900842800252196e-01  1.566755416848633e+00  7.900842800252196e-01  5.868139116197530e-01  7.900842800252196e-01  2.516389589557802e-01  7.900842800252196e-01  2.503579261041632e-03  7.900842800252196e-01  1.134686532605487e+00  7.900842800252196e-01  1.674858957756156e-01  7.900842800252196e-01  9.160288493041338e-04 
 7.940842800252196e-01  1.161537369426566e+00  7.940842800252196e-01  1.567745039262996e+00  7.940842800252196e-01  5.854416454864795e-01  7.940842800252196e-01  2.518109873554019e-01  7.940842800252196e-01  2.507455597492251e-03  7.940842800252196e-01  1.135993164426336e+00  7.940842800252196e-01  1.672062092885055e-01  7.940842800252196e-01  9.121422626384652e-04 
 7.980842800252196e-01  1.160550968646452e+00  7.980842800252196e-01  1.568734049531509e+00  7.980842800252196e-01  5.840700066333478e-01  7.980842800252196e-01  2.519829145459688e-01  7.980842800252196e-01  2.511329522199525e-03  7.980842800252196e-01  1.137298760246426e+00  7.980842800252196e-01  1.669260108813236e-01  7.980842800252196e-01  9.082580798848165e-04 
 8.020842800252196e-01  1.159565187312301e+00  8.020842800252196e-01  1.569722442100815e+00  8.020842800252196e-01  5.826990018408711e-01  8.020842800252196e-01  2.521547413922682e-01  8.020842800252196e-01  2.515201014135994e-03  8.020842800252196e-01  1.138603312073294e+00  8.020842800252196e-01  1.666452988120122e-01  8.020842800252196e-01  9.043763228505381e-04 
 8.060842800252196e-01  1.158580030825561e+00  8.060842800252196e-01  1.570710211376282e+00  8.060842800252196e-01  5.813286379505039e-01  8.060842800252196e-01  2.523264687635309e-01  8.060842800252196e-01  2.519070052088353e-03  8.060842800252196e-01  1.139906811852792e+00  8.060842800252196e-01  1.663640713347494e-01  8.060842800252196e-01  9.004970135051269e-04 
 8.100842800252196e-01  1.157595504628553e+00  8.100842800252196e-01  1.571697351703309e+00  8.100842800252196e-01  5.799589218607514e-01  8.100842800252196e-01  2.524980975346247e-01  8.100842800252196e-01  2.522936614682843e-03  8.100842800252196e-01  1.141209251457820e+00  8.100842800252196e-01  1.660823267050940e-01  8.100842800252196e-01  8.966201740535728e-04 
 8.140842800252196e-01  1.156611614210822e+00  8.140842800252196e-01  1.572683857381890e+00  8.140842800252196e-01  5.785898605318375e-01  8.140842800252196e-01  2.526696285852398e-01  8.140842800252196e-01  2.526800680360140e-03  8.140842800252196e-01  1.142510622696469e+00  8.140842800252196e-01  1.658000631759464e-01  8.140842800252196e-01  8.927458268791847e-04 
 8.180842800252196e-01  1.155628365113649e+00  8.180842800252196e-01  1.573669722676285e+00  8.180842800252196e-01  5.772214609891619e-01  8.180842800252196e-01  2.528410627993774e-01  8.180842800252196e-01  2.530662227357801e-03  8.180842800252196e-01  1.143810917317249e+00  8.180842800252196e-01  1.655172789948149e-01  8.180842800252196e-01  8.888739945056106e-04 
 8.220842800252196e-01  1.154645762921390e+00  8.220842800252196e-01  1.574654941790614e+00  8.220842800252196e-01  5.758537303179377e-01  8.220842800252196e-01  2.530124010668897e-01  8.220842800252196e-01  2.534521233744197e-03  8.220842800252196e-01  1.145110126994522e+00  8.220842800252196e-01  1.652339724105860e-01  8.220842800252196e-01  8.850046996927073e-04 
 8.260842800252196e-01  1.153663813265158e+00  8.260842800252196e-01  1.575639508876445e+00  8.260842800252196e-01  5.744866756660834e-01  8.260842800252196e-01  2.531836442830983e-01  8.260842800252196e-01  2.538377677404085e-03  8.260842800252196e-01  1.146408243332564e+00  8.260842800252196e-01  1.649501416714119e-01  8.260842800252196e-01  8.811379654067172e-04 
 8.300842800252196e-01  1.152682521828524e+00  8.300842800252196e-01  1.576623418045423e+00  8.300842800252196e-01  5.731203042485054e-01  8.300842800252196e-01  2.533547933480965e-01  8.300842800252196e-01  2.542231536016173e-03  8.300842800252196e-01  1.147705257872480e+00  8.300842800252196e-01  1.646657850211455e-01  8.300842800252196e-01  8.772738147706566e-04 
 8.340842800252196e-01  1.151701894341689e+00  8.340842800252196e-01  1.577606663352153e+00  8.340842800252196e-01  5.717546233436406e-01  8.340842800252196e-01  2.535258491678605e-01  8.340842800252196e-01  2.546082787076073e-03  8.340842800252196e-01  1.149001162081908e+00  8.340842800252196e-01  1.643809007041223e-01  8.340842800252196e-01  8.734122711315746e-04 
 8.380842800252196e-01  1.150721936582342e+00  8.380842800252196e-01  1.578589238794482e+00  8.380842800252196e-01  5.703896402944861e-01  8.380842800252196e-01  2.536968126543103e-01  8.380842800252196e-01  2.549931407892820e-03  8.380842800252196e-01  1.150295947354815e+00  8.380842800252196e-01  1.640954869650901e-01  8.380842800252196e-01  8.695533580594327e-04 
 8.420842800252196e-01  1.149742654387012e+00  8.420842800252196e-01  1.579571138340329e+00  8.420842800252196e-01  5.690253625166807e-01  8.420842800252196e-01  2.538676847237483e-01  8.420842800252196e-01  2.553777375544481e-03  8.420842800252196e-01  1.151589605026575e+00  8.420842800252196e-01  1.638095420416042e-01  8.420842800252196e-01  8.656970992417726e-04 
 8.460842800252196e-01  1.148764053627748e+00  8.460842800252196e-01  1.580552355866125e+00  8.460842800252196e-01  5.676617974833538e-01  8.460842800252196e-01  2.540384663006950e-01  8.460842800252196e-01  2.557620666969517e-03  8.460842800252196e-01  1.152882126338083e+00  8.460842800252196e-01  1.635230641814476e-01  8.460842800252196e-01  8.618435187253720e-04 
 8.500842800252196e-01  1.147786140243323e+00  8.500842800252196e-01  1.581532885234182e+00  8.500842800252196e-01  5.662989527464990e-01  8.500842800252196e-01  2.542091583132364e-01  8.500842800252196e-01  2.561461258844408e-03  8.500842800252196e-01  1.154173502479948e+00  8.500842800252196e-01  1.632360516207039e-01  8.500842800252196e-01  8.579926406125291e-04 
 8.540842800252196e-01  1.146808920218698e+00  8.540842800252196e-01  1.582512720238259e+00  8.540842800252196e-01  5.649368359237176e-01  8.540842800252196e-01  2.543797616964349e-01  8.540842800252196e-01  2.565299127664222e-03  8.540842800252196e-01  1.155463724560713e+00  8.540842800252196e-01  1.629485025991730e-01  8.540842800252196e-01  8.541444892747608e-04 
 8.580842800252196e-01  1.145832399587014e+00  8.580842800252196e-01  1.583491854606523e+00  8.580842800252196e-01  5.635754547000422e-01  8.580842800252196e-01  2.545502773922317e-01  8.580842800252196e-01  2.569134249734790e-03  8.580842800252196e-01  1.156752783608209e+00  8.580842800252196e-01  1.626604153595799e-01  8.580842800252196e-01  8.502990893412084e-04 
 8.620842800252196e-01  1.144856584443139e+00  8.620842800252196e-01  1.584470282033604e+00  8.620842800252196e-01  5.622148168375053e-01  8.620842800252196e-01  2.547207063475544e-01  8.620842800252196e-01  2.572966601119543e-03  8.620842800252196e-01  1.158040670587515e+00  8.620842800252196e-01  1.623717881383945e-01  8.620842800252196e-01  8.464564655727138e-04 
 8.660842800252196e-01  1.143881480928536e+00  8.660842800252196e-01  1.585447996140246e+00  8.660842800252196e-01  5.608549301655200e-01  8.660842800252196e-01  2.548910495168921e-01  8.660842800252196e-01  2.576796157698900e-03  8.660842800252196e-01  1.159327376377432e+00  8.660842800252196e-01  1.620826191773958e-01  8.660842800252196e-01  8.426166430203491e-04 
 8.700842800252196e-01  1.142907095238965e+00  8.700842800252196e-01  1.586424990490421e+00  8.700842800252196e-01  5.594958025865595e-01  8.700842800252196e-01  2.550613078613181e-01  8.700842800252196e-01  2.580622895140054e-03  8.700842800252196e-01  1.160612891779881e+00  8.700842800252196e-01  1.617929067187916e-01  8.700842800252196e-01  8.387796469580966e-04 
 8.740842800252197e-01  1.141933433635518e+00  8.740842800252197e-01  1.587401258616856e+00  8.740842800252197e-01  5.581374420840438e-01  8.740842800252197e-01  2.552314823469996e-01  8.740842800252197e-01  2.584446788853596e-03  8.740842800252197e-01  1.161897207534040e+00  8.740842800252197e-01  1.615026489978379e-01  8.740842800252197e-01  8.349455027827385e-04 
 8.780842800252197e-01  1.140960502418316e+00  8.780842800252197e-01  1.588376793952726e+00  8.780842800252197e-01  5.567798567052973e-01  8.780842800252197e-01  2.554015739495172e-01  8.780842800252197e-01  2.588267814096865e-03  8.780842800252197e-01  1.163180314276964e+00  8.780842800252197e-01  1.612118442626057e-01  8.780842800252197e-01  8.311142362820094e-04 
 8.820842800252197e-01  1.139988307961999e+00  8.820842800252197e-01  1.589351589918335e+00  8.820842800252197e-01  5.554230545858037e-01  8.820842800252197e-01  2.555715836485757e-01  8.820842800252197e-01  2.592085945834514e-03  8.820842800252197e-01  1.164462202592558e+00  8.820842800252197e-01  1.609204907488902e-01  8.820842800252197e-01  8.272858732942161e-04 
 8.860842800252197e-01  1.139016856685334e+00  8.860842800252197e-01  1.590325639842637e+00  8.860842800252197e-01  5.540670439294414e-01  8.860842800252197e-01  2.557415124329657e-01  8.860842800252197e-01  2.595901158857918e-03  8.860842800252197e-01  1.165742862966461e+00  8.860842800252197e-01  1.606285867029956e-01  8.860842800252197e-01  8.234604400164445e-04 
 8.900842800252197e-01  1.138046155069059e+00  8.900842800252197e-01  1.591298937005673e+00  8.900842800252197e-01  5.527118330209642e-01  8.900842800252197e-01  2.559113612980251e-01  8.900842800252197e-01  2.599713427715047e-03  8.900842800252197e-01  1.167022285809774e+00  8.900842800252197e-01  1.603361303694476e-01  8.900842800252197e-01  8.196379628379269e-04 
 8.940842800252197e-01  1.137076209655981e+00  8.940842800252197e-01  1.592271474636239e+00  8.940842800252197e-01  5.513574302266225e-01  8.940842800252197e-01  2.560811312458661e-01  8.940842800252197e-01  2.603522726710119e-03  8.940842800252197e-01  1.168300461457259e+00  8.940842800252197e-01  1.600431199916556e-01  8.940842800252197e-01  8.158184683491284e-04 
 8.980842800252197e-01  1.136107027036858e+00  8.980842800252197e-01  1.593243245874522e+00  8.980842800252197e-01  5.500038439853074e-01  8.980842800252197e-01  2.562508232878106e-01  8.980842800252197e-01  2.607329029959028e-03  8.980842800252197e-01  1.169577380145784e+00  8.980842800252197e-01  1.597495538229289e-01  8.980842800252197e-01  8.120019834885720e-04 
 9.020842800252197e-01  1.135138613877055e+00  9.020842800252197e-01  1.594214243835932e+00  9.020842800252197e-01  5.486510828269313e-01  9.020842800252197e-01  2.564204384404986e-01  9.020842800252197e-01  2.611132311284674e-03  9.020842800252197e-01  1.170853032049961e+00  9.020842800252197e-01  1.594554301077459e-01  9.020842800252197e-01  8.081885352921050e-04 
 9.060842800252197e-01  1.134170976893040e+00  9.060842800252197e-01  1.595184461550212e+00  9.060842800252197e-01  5.472991553573135e-01  9.060842800252197e-01  2.565899777297858e-01  9.060842800252197e-01  2.614932544309230e-03  9.060842800252197e-01  1.172127407247281e+00  9.060842800252197e-01  1.591607470996951e-01  9.060842800252197e-01  8.043781511320533e-04 
 9.100842800252197e-01  1.133204122861505e+00  9.100842800252197e-01  1.596153891981730e+00  9.100842800252197e-01  5.459480702648674e-01  9.100842800252197e-01  2.567594421895824e-01  9.100842800252197e-01  2.618729702418384e-03  9.100842800252197e-01  1.173400495729179e+00  9.100842800252197e-01  1.588655030555763e-01  9.100842800252197e-01  8.005708586374954e-04 
 9.140842800252197e-01  1.132238058625582e+00  9.140842800252197e-01  1.597122528042383e+00  9.140842800252197e-01  5.445978363253556e-01  9.140842800252197e-01  2.569288328611444e-01  9.140842800252197e-01  2.622523758736884e-03  9.140842800252197e-01  1.174672287407812e+00  9.140842800252197e-01  1.585696962316118e-01  9.140842800252197e-01  7.967666856436499e-04 
 9.180842800252197e-01  1.131272791092823e+00  9.180842800252197e-01  1.598090362583986e+00  9.180842800252197e-01  5.432484624011418e-01  9.180842800252197e-01  2.570981507936453e-01  9.180842800252197e-01  2.626314686136440e-03  9.180842800252197e-01  1.175942772111310e+00  9.180842800252197e-01  1.582733248857189e-01  9.180842800252197e-01  7.929656602216857e-04 
 9.220842800252197e-01  1.130308327227392e+00  9.220842800252197e-01  1.599057388376590e+00  9.220842800252197e-01  5.418999574366087e-01  9.220842800252197e-01  2.572673970456533e-01  9.220842800252197e-01  2.630102457266472e-03  9.220842800252197e-01  1.177211939571169e+00  9.220842800252197e-01  1.579763872840525e-01  9.220842800252197e-01  7.891678107639633e-04 
 9.260842800252197e-01  1.129344674061508e+00  9.260842800252197e-01  1.600023598134110e+00  9.260842800252197e-01  5.405523304664220e-01  9.260842800252197e-01  2.574365726836205e-01  9.260842800252197e-01  2.633887044509115e-03  9.260842800252197e-01  1.178479779436163e+00  9.260842800252197e-01  1.576788816934198e-01  9.260842800252197e-01  7.853731658833096e-04 
 9.300842800252197e-01  1.128381838691230e+00  9.300842800252197e-01  1.600988984501456e+00  9.300842800252197e-01  5.392055906133451e-01  9.300842800252197e-01  2.576056787828062e-01  9.300842800252197e-01  2.637668419995773e-03  9.300842800252197e-01  1.179746281264678e+00  9.300842800252197e-01  1.573808063851881e-01  9.300842800252197e-01  7.815817544636276e-04 
 9.340842800252197e-01  1.127419828277374e+00  9.340842800252197e-01  1.601953540054076e+00  9.340842800252197e-01  5.378597470895077e-01  9.340842800252197e-01  2.577747164274108e-01  9.340842800252197e-01  2.641446555603561e-03  9.340842800252197e-01  1.181011434523988e+00  9.340842800252197e-01  1.570821596354940e-01  9.340842800252197e-01  7.777936056616148e-04 
 9.380842800252197e-01  1.126458650053424e+00  9.380842800252197e-01  1.602917257314747e+00  9.380842800252197e-01  5.365148092023219e-01  9.380842800252197e-01  2.579436867096213e-01  9.380842800252197e-01  2.645221422924142e-03  9.380842800252197e-01  1.182275228599133e+00  9.380842800252197e-01  1.567829397202385e-01  9.380842800252197e-01  7.740087488409221e-04 
 9.420842800252197e-01  1.125498311308423e+00  9.420842800252197e-01  1.603880128709241e+00  9.420842800252197e-01  5.351707863437494e-01  9.420842800252197e-01  2.581125907325477e-01  9.420842800252197e-01  2.648992993331024e-03  9.420842800252197e-01  1.183537652767779e+00  9.420842800252197e-01  1.564831449285738e-01  9.420842800252197e-01  7.702272137461461e-04 
 9.460842800252197e-01  1.124538819410880e+00  9.460842800252197e-01  1.604842146621827e+00  9.460842800252197e-01  5.338276880069047e-01  9.460842800252197e-01  2.582814296067990e-01  9.460842800252197e-01  2.652761237885627e-03  9.460842800252197e-01  1.184798696230606e+00  9.460842800252197e-01  1.561827735461852e-01  9.460842800252197e-01  7.664490302849857e-04 
 9.500842800252197e-01  1.123580181790089e+00  9.500842800252197e-01  1.605803303347214e+00  9.500842800252197e-01  5.324855237742845e-01  9.500842800252197e-01  2.584502044536648e-01  9.500842800252197e-01  2.656526127410613e-03  9.500842800252197e-01  1.186058348084136e+00  9.500842800252197e-01  1.558818238699511e-01  9.500842800252197e-01  7.626742287168794e-04 
 9.540842800252197e-01  1.122622405946496e+00  9.540842800252197e-01  1.606763591113100e+00  9.540842800252197e-01  5.311443033253705e-01  9.540842800252197e-01  2.586189164038018e-01  9.540842800252197e-01  2.660287632449255e-03  9.540842800252197e-01  1.187316597332781e+00  9.540842800252197e-01  1.555802942012054e-01  9.540842800252197e-01  7.589028395645120e-04 
 9.580842800252197e-01  1.121665499453659e+00  9.580842800252197e-01  1.607723002082046e+00  9.580842800252197e-01  5.298040364386295e-01  9.580842800252197e-01  2.587875665972215e-01  9.580842800252197e-01  2.664045723257650e-03  9.580842800252197e-01  1.188573432889373e+00  9.580842800252197e-01  1.552781828452383e-01  9.580842800252197e-01  7.551348936064160e-04 
 9.620842800252197e-01  1.120709469955615e+00  9.620842800252197e-01  1.608681528342443e+00  9.620842800252197e-01  5.284647329904634e-01  9.620842800252197e-01  2.589561561839986e-01  9.620842800252197e-01  2.667800369815128e-03  9.620842800252197e-01  1.189828843569669e+00  9.620842800252197e-01  1.549754881141572e-01  9.620842800252197e-01  7.513704219124516e-04 
 9.660842800252197e-01  1.119754325162071e+00  9.660842800252197e-01  1.609639161894219e+00  9.660842800252197e-01  5.271264029527416e-01  9.660842800252197e-01  2.591246863253138e-01  9.660842800252197e-01  2.671551541843096e-03  9.660842800252197e-01  1.191082818084044e+00  9.660842800252197e-01  1.546722083314319e-01  9.660842800252197e-01  7.476094558999871e-04 
 9.700842800252197e-01  1.118800072864438e+00  9.700842800252197e-01  1.610595894684560e+00  9.700842800252197e-01  5.257890564041872e-01  9.700842800252197e-01  2.592931581912774e-01  9.700842800252197e-01  2.675299208742073e-03  9.700842800252197e-01  1.192335345056617e+00  9.700842800252197e-01  1.543683418209836e-01  9.700842800252197e-01  7.438520271935683e-04 
 9.740842800252197e-01  1.117846720920511e+00  9.740842800252197e-01  1.611551718568349e+00  9.740842800252197e-01  5.244527035209195e-01  9.740842800252197e-01  2.594615729636105e-01  9.740842800252197e-01  2.679043339651896e-03  9.740842800252197e-01  1.193586413003032e+00  9.740842800252197e-01  1.540638869195291e-01  9.740842800252197e-01  7.400981677802810e-04 
 9.780842800252197e-01  1.116894277267139e+00  9.780842800252197e-01  1.612506625335733e+00  9.780842800252197e-01  5.231173545856337e-01  9.780842800252197e-01  2.596299318339945e-01  9.780842800252197e-01  2.682783903401911e-03  9.780842800252197e-01  1.194836010345083e+00  9.780842800252197e-01  1.537588419681823e-01  9.780842800252197e-01  7.363479099015514e-04 
 9.820842800252197e-01  1.115942749912463e+00  9.820842800252197e-01  1.613460606690656e+00  9.820842800252197e-01  5.217830199831971e-01  9.820842800252197e-01  2.597982360055865e-01  9.820842800252197e-01  2.686520868541454e-03  9.820842800252197e-01  1.196084125398469e+00  9.820842800252197e-01  1.534532053192570e-01  9.820842800252197e-01  7.326012861373787e-04 
 9.860842800252198e-01  1.114992146942657e+00  9.860842800252198e-01  1.614413654264132e+00  9.860842800252198e-01  5.204497102058873e-01  9.860842800252198e-01  2.599664866922997e-01  9.860842800252198e-01  2.690254203313458e-03  9.860842800252198e-01  1.197330746379554e+00  9.860842800252198e-01  1.531469753322868e-01  9.860842800252198e-01  7.288583293542483e-04 
 9.900842800252198e-01  1.114042476522056e+00  9.900842800252198e-01  1.615365759611691e+00  9.900842800252198e-01  5.191174358542613e-01  9.900842800252198e-01  2.601346851191023e-01  9.900842800252198e-01  2.693983875653848e-03  9.900842800252198e-01  1.198575861403453e+00  9.900842800252198e-01  1.528401503749578e-01  9.900842800252198e-01  7.251190727151687e-04 
 9.940842800252198e-01  1.113093746891435e+00  9.940842800252198e-01  1.616316914206255e+00  9.940842800252198e-01  5.177862076367865e-01  9.940842800252198e-01  2.603028325226105e-01  9.940842800252198e-01  2.697709853198326e-03  9.940842800252198e-01  1.199819458479649e+00  9.940842800252198e-01  1.525327288255046e-01  9.940842800252198e-01  7.213835497076618e-04 
 9.980842800252198e-01  1.112145966368676e+00  9.980842800252198e-01  1.617267109436917e+00  9.980842800252198e-01  5.164560363710947e-01  9.980842800252198e-01  2.604709301513192e-01  9.980842800252198e-01  2.701432103279836e-03  9.980842800252198e-01  1.201061525510847e+00  9.980842800252198e-01  1.522247090732718e-01  9.980842800252198e-01  7.176517941484825e-04 
 1.002084280025220e+00  1.111199143351837e+00  1.002084280025220e+00  1.618216336613295e+00  1.002084280025220e+00  5.151269329868057e-01  1.002084280025220e+00  2.606389792654566e-01  1.002084280025220e+00  2.705150592916391e-03  1.002084280025220e+00  1.202302050294830e+00  1.002084280025220e+00  1.519160895175294e-01  1.002084280025220e+00  7.139238401666465e-04 
 1.006084280025220e+00  1.110253286321862e+00  1.006084280025220e+00  1.619164586968833e+00  1.006084280025220e+00  5.137989085281541e-01  1.006084280025220e+00  2.608069811369026e-01  1.006084280025220e+00  2.708865288800473e-03  1.006084280025220e+00  1.203541020525711e+00  1.006084280025220e+00  1.516068685665846e-01  1.006084280025220e+00  7.101997221903670e-04 
 1.010084280025220e+00  1.109308403840252e+00  1.010084280025220e+00  1.620111851652361e+00  1.010084280025220e+00  5.124719741532570e-01  1.010084280025220e+00  2.609749370498941e-01  1.010084280025220e+00  2.712576157308239e-03  1.010084280025220e+00  1.204778423788855e+00  1.010084280025220e+00  1.512970446406475e-01  1.010084280025220e+00  7.064794749802503e-04 
 1.014084280025220e+00  1.108364504545869e+00  1.014084280025220e+00  1.621058121717715e+00  1.014084280025220e+00  5.111461411328406e-01  1.014084280025220e+00  2.611428483018590e-01  1.014084280025220e+00  2.716283164511997e-03  1.014084280025220e+00  1.206014247554821e+00  1.014084280025220e+00  1.509866161753685e-01  1.014084280025220e+00  7.027631336700353e-04 
 1.018084280025220e+00  1.107421597163871e+00  1.018084280025220e+00  1.622003388141566e+00  1.018084280025220e+00  5.098214208569970e-01  1.018084280025220e+00  2.613107162023842e-01  1.018084280025220e+00  2.719986276145135e-03  1.018084280025220e+00  1.207248479188428e+00  1.018084280025220e+00  1.506755816163595e-01  1.018084280025220e+00  6.990507336966026e-04 
 1.022084280025220e+00  1.106479690506259e+00  1.022084280025220e+00  1.622947641821680e+00  1.022084280025220e+00  5.084978248364053e-01  1.022084280025220e+00  2.614785420734830e-01  1.022084280025220e+00  2.723685457599992e-03  1.022084280025220e+00  1.208481105947276e+00  1.022084280025220e+00  1.503639394199356e-01  1.022084280025220e+00  6.953423108067988e-04 
 1.026084280025220e+00  1.105538793466153e+00  1.026084280025220e+00  1.623890873560534e+00  1.026084280025220e+00  5.071753646993996e-01  1.026084280025220e+00  2.616463272508334e-01  1.026084280025220e+00  2.727380673950305e-03  1.026084280025220e+00  1.209712114972465e+00  1.026084280025220e+00  1.500516880586149e-01  1.026084280025220e+00  6.916379011217862e-04 
 1.030084280025220e+00  1.104598915023479e+00  1.030084280025220e+00  1.624833074075434e+00  1.030084280025220e+00  5.058540521966101e-01  1.030084280025220e+00  2.618140730832605e-01  1.030084280025220e+00  2.731071889928933e-03  1.030084280025220e+00  1.210941493293497e+00  1.030084280025220e+00  1.497388260181076e-01  1.030084280025220e+00  6.879375410972918e-04 
 1.034084280025220e+00  1.103660064245415e+00  1.034084280025220e+00  1.625774233996526e+00  1.034084280025220e+00  5.045338992021379e-01  1.034084280025220e+00  2.619817809330259e-01  1.034084280025220e+00  2.734759069926039e-03  1.034084280025220e+00  1.212169227826694e+00  1.034084280025220e+00  1.494253517981992e-01  1.034084280025220e+00  6.842412675314354e-04 
 1.038084280025220e+00  1.102722250286335e+00  1.038084280025220e+00  1.626714343863600e+00  1.038084280025220e+00  5.032149177144124e-01  1.038084280025220e+00  2.621494521762037e-01  1.038084280025220e+00  2.738442177989350e-03  1.038084280025220e+00  1.213395305372977e+00  1.038084280025220e+00  1.491112639140467e-01  1.038084280025220e+00  6.805491175773130e-04 
 1.042084280025220e+00  1.101785482387767e+00  1.042084280025220e+00  1.627653394122798e+00  1.042084280025220e+00  5.018971198570681e-01  1.042084280025220e+00  2.623170882030539e-01  1.042084280025220e+00  2.742121177824287e-03  1.042084280025220e+00  1.214619712615614e+00  1.042084280025220e+00  1.487965608975242e-01  1.042084280025220e+00  6.768611287558538e-04 
 1.046084280025220e+00  1.100849769884556e+00  1.046084280025220e+00  1.628591375137777e+00  1.046084280025220e+00  5.005805178839182e-01  1.046084280025220e+00  2.624846904174438e-01  1.046084280025220e+00  2.745796032769806e-03  1.046084280025220e+00  1.215842436125596e+00  1.046084280025220e+00  1.484812412938482e-01  1.046084280025220e+00  6.731773389120602e-04 
 1.050084280025220e+00  1.099915122195836e+00  1.050084280025220e+00  1.629528277165803e+00  1.050084280025220e+00  4.992651241739265e-01  1.050084280025220e+00  2.626522602386175e-01  1.050084280025220e+00  2.749466705833838e-03  1.050084280025220e+00  1.217063462348507e+00  1.050084280025220e+00  1.481653036697076e-01  1.050084280025220e+00  6.694977863088165e-04 
 1.054084280025220e+00  1.098981548842782e+00  1.054084280025220e+00  1.630464090395298e+00  1.054084280025220e+00  4.979509512438460e-01  1.054084280025220e+00  2.628197990988279e-01  1.054084280025220e+00  2.753133159623554e-03  1.054084280025220e+00  1.218282777623769e+00  1.054084280025220e+00  1.478487466012063e-01  1.054084280025220e+00  6.658225094795332e-04 
 1.058084280025220e+00  1.098049059424667e+00  1.058084280025220e+00  1.631398804887856e+00  1.058084280025220e+00  4.966380117333564e-01  1.058084280025220e+00  2.629873084474240e-01  1.058084280025220e+00  2.756795356439393e-03  1.058084280025220e+00  1.219500368153650e+00  1.058084280025220e+00  1.475315686933084e-01  1.058084280025220e+00  6.621515474557646e-04 
 1.062084280025220e+00  1.097117663651270e+00  1.062084280025220e+00  1.632332410649205e+00  1.062084280025220e+00  4.953263184274025e-01  1.062084280025220e+00  2.631547897462184e-01  1.062084280025220e+00  2.760453258147832e-03  1.062084280025220e+00  1.220716220039963e+00  1.062084280025220e+00  1.472137685566795e-01  1.062084280025220e+00  6.584849394886038e-04 
 1.066084280025220e+00  1.096187371306057e+00  1.066084280025220e+00  1.633264897541977e+00  1.066084280025220e+00  4.940158842328570e-01  1.066084280025220e+00  2.633222444755766e-01  1.066084280025220e+00  2.764106826325941e-03  1.066084280025220e+00  1.221930319237925e+00  1.066084280025220e+00  1.468953448369899e-01  1.066084280025220e+00  6.548227253912184e-04 
 1.070084280025220e+00  1.095258192289149e+00  1.070084280025220e+00  1.634196255380396e+00  1.070084280025220e+00  4.927067222078202e-01  1.070084280025220e+00  2.634896741281499e-01  1.070084280025220e+00  2.767756022092619e-03  1.070084280025220e+00  1.223142651605060e+00  1.070084280025220e+00  1.465762961837343e-01  1.070084280025220e+00  6.511649451669746e-04 
 1.074084280025220e+00  1.094330136581516e+00  1.074084280025220e+00  1.635126473845667e+00  1.074084280025220e+00  4.913988455389929e-01  1.074084280025220e+00  2.636570802148199e-01  1.074084280025220e+00  2.771400806249311e-03  1.074084280025220e+00  1.224353202856586e+00  1.074084280025220e+00  1.462566212788243e-01  1.074084280025220e+00  6.475116393417813e-04 
 1.078084280025220e+00  1.093403214269336e+00  1.078084280025220e+00  1.636055542538069e+00  1.078084280025220e+00  4.900922675587083e-01  1.078084280025220e+00  2.638244642613137e-01  1.078084280025220e+00  2.775041139184197e-03  1.078084280025220e+00  1.225561958592025e+00  1.078084280025220e+00  1.459363188195509e-01  1.078084280025220e+00  6.438628487594705e-04 
 1.082084280025220e+00  1.092477435534778e+00  1.082084280025220e+00  1.636983450952819e+00  1.082084280025220e+00  4.887870017398412e-01  1.082084280025220e+00  2.639918278100356e-01  1.082084280025220e+00  2.778676980908514e-03  1.082084280025220e+00  1.226768904282128e+00  1.082084280025220e+00  1.456153875270551e-01  1.082084280025220e+00  6.402186146765957e-04 
 1.086084280025220e+00  1.091552810656330e+00  1.086084280025220e+00  1.637910188477722e+00  1.086084280025220e+00  4.874830616970429e-01  1.086084280025220e+00  2.641591724204140e-01  1.086084280025220e+00  2.782308291055215e-03  1.086084280025220e+00  1.227974025267203e+00  1.086084280025220e+00  1.452938261475556e-01  1.086084280025220e+00  6.365789787716489e-04 
 1.090084280025220e+00  1.090629350019106e+00  1.090084280025220e+00  1.638835744413047e+00  1.090084280025220e+00  4.861804611945061e-01  1.090084280025220e+00  2.643264996677075e-01  1.090084280025220e+00  2.785935028838493e-03  1.090084280025220e+00  1.229177306766828e+00  1.090084280025220e+00  1.449716334460231e-01  1.090084280025220e+00  6.329439830670443e-04 
 1.094084280025220e+00  1.089707064102452e+00  1.094084280025220e+00  1.639760107940532e+00  1.094084280025220e+00  4.848792141388359e-01  1.094084280025220e+00  2.644938111453312e-01  1.094084280025220e+00  2.789557153102483e-03  1.094084280025220e+00  1.230378733863413e+00  1.094084280025220e+00  1.446488082171383e-01  1.094084280025220e+00  6.293136700508119e-04 
 1.098084280025220e+00  1.088785963495423e+00  1.098084280025220e+00  1.640683268154869e+00  1.098084280025220e+00  4.835793345902378e-01  1.098084280025220e+00  2.646611084628601e-01  1.098084280025220e+00  2.793174622260395e-03  1.098084280025220e+00  1.231578291517843e+00  1.098084280025220e+00  1.443253492750126e-01  1.098084280025220e+00  6.256880825529632e-04 
 1.102084280025220e+00  1.087866058887614e+00  1.102084280025220e+00  1.641605214039831e+00  1.102084280025220e+00  4.822808367575214e-01  1.102084280025220e+00  2.648283932478651e-01  1.102084280025220e+00  2.796787394330657e-03  1.102084280025220e+00  1.232775964556734e+00  1.102084280025220e+00  1.440012554617812e-01  1.102084280025220e+00  6.220672638392278e-04 
 1.106084280025220e+00  1.086947361068872e+00  1.106084280025220e+00  1.642525934464624e+00  1.106084280025220e+00  4.809837349989365e-01  1.106084280025220e+00  2.649956671463635e-01  1.106084280025220e+00  2.800395426937941e-03  1.106084280025220e+00  1.233971737670130e+00  1.106084280025220e+00  1.436765256493782e-01  1.106084280025220e+00  6.184512576254239e-04 
 1.110084280025220e+00  1.086029880938597e+00  1.110084280025220e+00  1.643445418201318e+00  1.110084280025220e+00  4.796880438293255e-01  1.110084280025220e+00  2.651629318217882e-01  1.110084280025220e+00  2.803998677276665e-03  1.110084280025220e+00  1.235165595419873e+00  1.110084280025220e+00  1.433511587340309e-01  1.110084280025220e+00  6.148401080089463e-04 
 1.114084280025220e+00  1.085113629499509e+00  1.114084280025220e+00  1.644363653907797e+00  1.114084280025220e+00  4.783937779170673e-01  1.114084280025220e+00  2.653301889563680e-01  1.114084280025220e+00  2.807597102135481e-03  1.114084280025220e+00  1.236357522230466e+00  1.114084280025220e+00  1.430251536426539e-01  1.114084280025220e+00  6.112338595357918e-04 
 1.118084280025220e+00  1.084198617867367e+00  1.118084280025220e+00  1.645280630146033e+00  1.118084280025220e+00  4.771009520914979e-01  1.118084280025220e+00  2.654974402500299e-01  1.118084280025220e+00  2.811190657859078e-03  1.118084280025220e+00  1.237547502397809e+00  1.118084280025220e+00  1.426985093270286e-01  1.118084280025220e+00  6.076325571287480e-04 
 1.122084280025220e+00  1.083284857262456e+00  1.122084280025220e+00  1.646196335360138e+00  1.122084280025220e+00  4.758095813383837e-01  1.122084280025220e+00  2.656646874221377e-01  1.122084280025220e+00  2.814779300381684e-03  1.122084280025220e+00  1.238735520077631e+00  1.122084280025220e+00  1.423712247719681e-01  1.122084280025220e+00  6.040362461736244e-04 
 1.126084280025220e+00  1.082372359011379e+00  1.126084280025220e+00  1.647110757877170e+00  1.126084280025220e+00  4.745196808021469e-01  1.126084280025220e+00  2.658319322116267e-01  1.126084280025220e+00  2.818362985219930e-03  1.126084280025220e+00  1.239921559285481e+00  1.126084280025220e+00  1.420432989956422e-01  1.126084280025220e+00  6.004449725160334e-04 
 1.130084280025220e+00  1.081461134557536e+00  1.130084280025220e+00  1.648023885926962e+00  1.130084280025220e+00  4.732312657937899e-01  1.130084280025220e+00  2.659991763757898e-01  1.130084280025220e+00  2.821941667431802e-03  1.130084280025220e+00  1.241105603906179e+00  1.130084280025220e+00  1.417147310432048e-01  1.130084280025220e+00  5.968587823835890e-04 
 1.134084280025220e+00  1.080551195446855e+00  1.134084280025220e+00  1.648935707607839e+00  1.134084280025220e+00  4.719443517826103e-01  1.134084280025220e+00  2.661664216929104e-01  1.134084280025220e+00  2.825515301672552e-03  1.134084280025220e+00  1.242287637676227e+00  1.134084280025220e+00  1.413855199994468e-01  1.134084280025220e+00  5.932777225204921e-04 
 1.138084280025220e+00  1.079642553350370e+00  1.138084280025220e+00  1.649846210932620e+00  1.138084280025220e+00  4.706589544120365e-01  1.138084280025220e+00  2.663336699591641e-01  1.138084280025220e+00  2.829083842106159e-03  1.138084280025220e+00  1.243467644206262e+00  1.138084280025220e+00  1.410556649731863e-01  1.138084280025220e+00  5.897018400069322e-04 
 1.142084280025220e+00  1.078735220037237e+00  1.142084280025220e+00  1.650755383766887e+00  1.142084280025220e+00  4.693750894830478e-01  1.142084280025220e+00  2.665009229932315e-01  1.142084280025220e+00  2.832647242511217e-03  1.142084280025220e+00  1.244645606949939e+00  1.142084280025220e+00  1.407251651197469e-01  1.142084280025220e+00  5.861311825014238e-04 
 1.146084280025220e+00  1.077829207405741e+00  1.146084280025220e+00  1.651663213893242e+00  1.146084280025220e+00  4.680927729754955e-01  1.146084280025220e+00  2.666681826318834e-01  1.146084280025220e+00  2.836205456159200e-03  1.146084280025220e+00  1.245821509235340e+00  1.146084280025220e+00  1.403940196188324e-01  1.146084280025220e+00  5.825657979885676e-04 
 1.150084280025220e+00  1.076924527459475e+00  1.150084280025220e+00  1.652569688956548e+00  1.150084280025220e+00  4.668120210336090e-01  1.150084280025220e+00  2.668354507341000e-01  1.150084280025220e+00  2.839758435908018e-03  1.150084280025220e+00  1.246995334237444e+00  1.150084280025220e+00  1.400622276946649e-01  1.150084280025220e+00  5.790057349939934e-04 
 1.154084280025220e+00  1.076021192318459e+00  1.154084280025220e+00  1.653474796485122e+00  1.154084280025220e+00  4.655328499743221e-01  1.154084280025220e+00  2.670027291797486e-01  1.154084280025220e+00  2.843306134158261e-03  1.154084280025220e+00  1.248167064988225e+00  1.154084280025220e+00  1.397297886091958e-01  1.154084280025220e+00  5.754510425012623e-04 
 1.158084280025220e+00  1.075119214224551e+00  1.158084280025220e+00  1.654378523899311e+00  1.158084280025220e+00  4.642552762918598e-01  1.158084280025220e+00  2.671700198691479e-01  1.158084280025220e+00  2.846848502832114e-03  1.158084280025220e+00  1.249336684380408e+00  1.158084280025220e+00  1.393967016597109e-01  1.158084280025220e+00  5.719017699180405e-04 
 1.162084280025220e+00  1.074218605540143e+00  1.162084280025220e+00  1.655280858505600e+00  1.162084280025220e+00  4.629793166579312e-01  1.162084280025220e+00  2.673373247236703e-01  1.162084280025220e+00  2.850385493378319e-03  1.162084280025220e+00  1.250504175164114e+00  1.162084280025220e+00  1.390629661816636e-01  1.162084280025220e+00  5.683579670993755e-04 
 1.166084280025220e+00  1.073319378733552e+00  1.166084280025220e+00  1.656181787462593e+00  1.166084280025220e+00  4.617049879132863e-01  1.166084280025220e+00  2.675046456884292e-01  1.166084280025220e+00  2.853917056829646e-03  1.166084280025220e+00  1.251669519929963e+00  1.166084280025220e+00  1.387285815617978e-01  1.166084280025220e+00  5.648196844811809e-04 
 1.170084280025220e+00  1.072421546411110e+00  1.170084280025220e+00  1.657081297846641e+00  1.170084280025220e+00  4.604323070896380e-01  1.170084280025220e+00  2.676719847276608e-01  1.170084280025220e+00  2.857443143676829e-03  1.170084280025220e+00  1.252832701140560e+00  1.170084280025220e+00  1.383935472151332e-01  1.170084280025220e+00  5.612869728226119e-04 
 1.174084280025220e+00  1.071525121285699e+00  1.174084280025220e+00  1.657979376581832e+00  1.174084280025220e+00  4.591612913902394e-01  1.174084280025220e+00  2.678393438300345e-01  1.174084280025220e+00  2.860963703992144e-03  1.174084280025220e+00  1.253993701096156e+00  1.174084280025220e+00  1.380578626112187e-01  1.174084280025220e+00  5.577598834809272e-04 
 1.178084280025220e+00  1.070630116198360e+00  1.178084280025220e+00  1.658876010483296e+00  1.178084280025220e+00  4.578919582049693e-01  1.178084280025220e+00  2.680067250056644e-01  1.178084280025220e+00  2.864478687344537e-03  1.178084280025220e+00  1.255152501955267e+00  1.178084280025220e+00  1.377215272592259e-01  1.178084280025220e+00  5.542384682414391e-04 
 1.182084280025220e+00  1.069736544108953e+00  1.182084280025220e+00  1.659771186234662e+00  1.182084280025220e+00  4.566243251052896e-01  1.182084280025220e+00  2.681741302879537e-01  1.182084280025220e+00  2.867988042836313e-03  1.182084280025220e+00  1.256309085723465e+00  1.182084280025220e+00  1.373845407170670e-01  1.182084280025220e+00  5.507227794061071e-04 
 1.186084280025220e+00  1.068844418106812e+00  1.186084280025220e+00  1.660664890407745e+00  1.186084280025220e+00  4.553584098521775e-01  1.186084280025220e+00  2.683415617323044e-01  1.186084280025220e+00  2.871491719061284e-03  1.186084280025220e+00  1.257463434262441e+00  1.186084280025220e+00  1.370469025850297e-01  1.186084280025220e+00  5.472128697161303e-04 
 1.190084280025220e+00  1.067953751406084e+00  1.190084280025220e+00  1.661557109450107e+00  1.190084280025220e+00  4.540942303940927e-01  1.190084280025220e+00  2.685090214172182e-01  1.190084280025220e+00  2.874989664123129e-03  1.190084280025220e+00  1.258615529283699e+00  1.190084280025220e+00  1.367086125112514e-01  1.190084280025220e+00  5.437087924008716e-04 
 1.194084280025220e+00  1.067064557333866e+00  1.194084280025220e+00  1.662447829657733e+00  1.194084280025220e+00  4.528318048603055e-01  1.194084280025220e+00  2.686765114465212e-01  1.194084280025220e+00  2.878481825681874e-03  1.194084280025220e+00  1.259765352335330e+00  1.194084280025220e+00  1.363696702028716e-01  1.194084280025220e+00  5.402106012851346e-04 
 1.198084280025220e+00  1.066176849361032e+00  1.198084280025220e+00  1.663337037236928e+00  1.198084280025220e+00  4.515711515818241e-01  1.198084280025220e+00  2.688440339448855e-01  1.198084280025220e+00  2.881968150832884e-03  1.198084280025220e+00  1.260912884831033e+00  1.198084280025220e+00  1.360300754039611e-01  1.198084280025220e+00  5.367183505460904e-04 
 1.202084280025220e+00  1.065290641067975e+00  1.202084280025220e+00  1.664224718230421e+00  1.202084280025220e+00  4.503122890701905e-01  1.202084280025220e+00  2.690115910635567e-01  1.202084280025220e+00  2.885448586241439e-03  1.202084280025220e+00  1.262058108014907e+00  1.202084280025220e+00  1.356898279240952e-01  1.202084280025220e+00  5.332320950034684e-04 
 1.206084280025220e+00  1.064405946178916e+00  1.206084280025220e+00  1.665110858586442e+00  1.206084280025220e+00  4.490552360406151e-01  1.206084280025220e+00  2.691791849753045e-01  1.206084280025220e+00  2.888923078007964e-03  1.206084280025220e+00  1.263201002993719e+00  1.206084280025220e+00  1.353489276135314e-01  1.206084280025220e+00  5.297518898483176e-04 
 1.210084280025220e+00  1.063522778539951e+00  1.210084280025220e+00  1.665995444110638e+00  1.210084280025220e+00  4.478000113987060e-01  1.210084280025220e+00  2.693468178781996e-01  1.210084280025220e+00  2.892391571754208e-03  1.210084280025220e+00  1.264341550714001e+00  1.210084280025220e+00  1.350073743822699e-01  1.210084280025220e+00  5.262777908317771e-04 
 1.214084280025220e+00  1.062641152118457e+00  1.214084280025220e+00  1.666878460462968e+00  1.214084280025220e+00  4.465466342410001e-01  1.214084280025220e+00  2.695144919960308e-01  1.214084280025220e+00  2.895854012625641e-03  1.214084280025220e+00  1.265479731960523e+00  1.214084280025220e+00  1.346651682024314e-01  1.214084280025220e+00  5.228098542773533e-04 
 1.218084280025220e+00  1.061761081021813e+00  1.218084280025220e+00  1.667759893194103e+00  1.218084280025220e+00  4.452951238679373e-01  1.218084280025220e+00  2.696822095756675e-01  1.218084280025220e+00  2.899310345217875e-03  1.218084280025220e+00  1.266615527372976e+00  1.218084280025220e+00  1.343223090955722e-01  1.218084280025220e+00  5.193481369378989e-04 
 1.222084280025220e+00  1.060882579491003e+00  1.222084280025220e+00  1.668639727730029e+00  1.222084280025220e+00  4.440454997805596e-01  1.222084280025220e+00  2.698499728883568e-01  1.222084280025220e+00  2.902760513601795e-03  1.222084280025220e+00  1.267748917438523e+00  1.222084280025220e+00  1.339787971395979e-01  1.222084280025220e+00  5.158926960561114e-04 
 1.226084280025220e+00  1.060005661880971e+00  1.226084280025220e+00  1.669517949330089e+00  1.226084280025220e+00  4.427977816687182e-01  1.226084280025220e+00  2.700177842331113e-01  1.226084280025220e+00  2.906204461400789e-03  1.226084280025220e+00  1.268879882472389e+00  1.226084280025220e+00  1.336346324860644e-01  1.226084280025220e+00  5.124435895293245e-04 
 1.230084280025220e+00  1.059130342699688e+00  1.230084280025220e+00  1.670394543164924e+00  1.230084280025220e+00  4.415519894370127e-01  1.230084280025220e+00  2.701856459308098e-01  1.230084280025220e+00  2.909642131637196e-03  1.230084280025220e+00  1.270008402653487e+00  1.230084280025220e+00  1.332898153315131e-01  1.230084280025220e+00  5.090008756033947e-04 
 1.234084280025220e+00  1.058256636575052e+00  1.234084280025220e+00  1.671269494247140e+00  1.234084280025220e+00  4.403081431842606e-01  1.234084280025220e+00  2.703535603296758e-01  1.234084280025220e+00  2.913073466862391e-03  1.234084280025220e+00  1.271134457992470e+00  1.234084280025220e+00  1.329443459453135e-01  1.234084280025220e+00  5.055646131449941e-04 
 1.238084280025220e+00  1.057384558269644e+00  1.238084280025220e+00  1.672142787459854e+00  1.238084280025220e+00  4.390662632137230e-01  1.238084280025220e+00  2.705215298031862e-01  1.238084280025220e+00  2.916498409098780e-03  1.238084280025220e+00  1.272258028344724e+00  1.238084280025220e+00  1.325982246600119e-01  1.238084280025220e+00  5.021348615295033e-04 
 1.242084280025220e+00  1.056514122680759e+00  1.242084280025220e+00  1.673014407555209e+00  1.242084280025220e+00  4.378263700338429e-01  1.242084280025220e+00  2.706895567502878e-01  1.242084280025220e+00  2.919916899839734e-03  1.242084280025220e+00  1.273379093409572e+00  1.242084280025220e+00  1.322514518732035e-01  1.242084280025220e+00  4.987116806468534e-04 
 1.246084280025220e+00  1.055645344837574e+00  1.246084280025220e+00  1.673884339147263e+00  1.246084280025220e+00  4.365884843570627e-01  1.246084280025220e+00  2.708576435960460e-01  1.246084280025220e+00  2.923328880060658e-03  1.246084280025220e+00  1.274497632727001e+00  1.246084280025220e+00  1.319040280516586e-01  1.246084280025220e+00  4.952951309294516e-04 
 1.250084280025220e+00  1.054778239909066e+00  1.250084280025220e+00  1.674752566726618e+00  1.250084280025220e+00  4.353526271055417e-01  1.250084280025220e+00  2.710257927905740e-01  1.250084280025220e+00  2.926734290187940e-03  1.250084280025220e+00  1.275613625684164e+00  1.250084280025220e+00  1.315559537269709e-01  1.250084280025220e+00  4.918852732947020e-04 
 1.254084280025220e+00  1.053912823196610e+00  1.254084280025220e+00  1.675619074644460e+00  1.254084280025220e+00  4.341188194069674e-01  1.254084280025220e+00  2.711940068103647e-01  1.254084280025220e+00  2.930133070127938e-03  1.254084280025220e+00  1.276727051508175e+00  1.254084280025220e+00  1.312072295032198e-01  1.254084280025220e+00  4.884821692077367e-04 
 1.258084280025220e+00  1.053049110130095e+00  1.258084280025220e+00  1.676483847103854e+00  1.258084280025220e+00  4.328870825926171e-01  1.258084280025220e+00  2.713622881590554e-01  1.258084280025220e+00  2.933525159282383e-03  1.258084280025220e+00  1.277837889262329e+00  1.258084280025220e+00  1.308578560619203e-01  1.258084280025220e+00  4.850858807155400e-04 
 1.262084280025220e+00  1.052187116286983e+00  1.262084280025220e+00  1.677346868196882e+00  1.262084280025220e+00  4.316574382100214e-01  1.262084280025220e+00  2.715306393645114e-01  1.262084280025220e+00  2.936910496473367e-03  1.262084280025220e+00  1.278946117862550e+00  1.262084280025220e+00  1.305078341488125e-01  1.262084280025220e+00  4.816964703011593e-04 
 1.266084280025220e+00  1.051326857370878e+00  1.266084280025220e+00  1.678208121861330e+00  1.266084280025220e+00  4.304299080096793e-01  1.266084280025220e+00  2.716990629823265e-01  1.266084280025220e+00  2.940289020027586e-03  1.266084280025220e+00  1.280051716058293e+00  1.266084280025220e+00  1.301571645925524e-01  1.266084280025220e+00  4.783140010537581e-04 
 1.270084280025220e+00  1.050468349222356e+00  1.270084280025220e+00  1.679067591901704e+00  1.270084280025220e+00  4.292045139523604e-01  1.270084280025220e+00  2.718675615941716e-01  1.270084280025220e+00  2.943660667733836e-03  1.270084280025220e+00  1.281154662441955e+00  1.270084280025220e+00  1.298058482979834e-01  1.270084280025220e+00  4.749385365860976e-04 
 1.274084280025220e+00  1.049611607821369e+00  1.274084280025220e+00  1.679925261993584e+00  1.274084280025220e+00  4.279812782109438e-01  1.274084280025220e+00  2.720361378074473e-01  1.274084280025220e+00  2.947025376833516e-03  1.274084280025220e+00  1.282254935450843e+00  1.274084280025220e+00  1.294538862459771e-01  1.274084280025220e+00  4.715701410174552e-04 
 1.278084280025220e+00  1.048756649284163e+00  1.278084280025220e+00  1.680781115677279e+00  1.278084280025220e+00  4.267602231686777e-01  1.278084280025220e+00  2.722047942557871e-01  1.278084280025220e+00  2.950383084032738e-03  1.278084280025220e+00  1.283352513364511e+00  1.278084280025220e+00  1.291012794976006e-01  1.278084280025220e+00  4.682088789985096e-04 
 1.282084280025220e+00  1.047903489858657e+00  1.282084280025220e+00  1.681635136348833e+00  1.282084280025220e+00  4.255413714164362e-01  1.282084280025220e+00  2.723735335997761e-01  1.282084280025220e+00  2.953733725520548e-03  1.282084280025220e+00  1.284447374301107e+00  1.282084280025220e+00  1.287480291994703e-01  1.282084280025220e+00  4.648548157466981e-04 
 1.286084280025220e+00  1.047052145936873e+00  1.286084280025220e+00  1.682487307284467e+00  1.286084280025220e+00  4.243247457607137e-01  1.286084280025220e+00  2.725423585249116e-01  1.286084280025220e+00  2.957077236919957e-03  1.286084280025220e+00  1.285539496228030e+00  1.286084280025220e+00  1.283941365755628e-01  1.286084280025220e+00  4.615080169501766e-04 
 1.290084280025220e+00  1.046202634033218e+00  1.290084280025220e+00  1.683337611598693e+00  1.290084280025220e+00  4.231103692098652e-01  1.290084280025220e+00  2.727112717449972e-01  1.290084280025220e+00  2.960413553373415e-03  1.290084280025220e+00  1.286628856944320e+00  1.290084280025220e+00  1.280396029460538e-01  1.290084280025220e+00  4.581685489323753e-04 
 1.294084280025220e+00  1.045354970813470e+00  1.294084280025220e+00  1.684186032301105e+00  1.294084280025220e+00  4.218982649924605e-01  1.294084280025220e+00  2.728802759973787e-01  1.294084280025220e+00  2.963742609428829e-03  1.294084280025220e+00  1.287715434105072e+00  1.294084280025220e+00  1.276844297059492e-01  1.294084280025220e+00  4.548364784289074e-04 
 1.298084280025220e+00  1.044509173065819e+00  1.298084280025220e+00  1.685032552241154e+00  1.298084280025220e+00  4.206884565387781e-01  1.298084280025220e+00  2.730493740474308e-01  1.298084280025220e+00  2.967064339153431e-03  1.298084280025220e+00  1.288799205198329e+00  1.298084280025220e+00  1.273286183495440e-01  1.298084280025220e+00  4.515118728044984e-04 
 1.302084280025220e+00  1.043665257723840e+00  1.302084280025220e+00  1.685877154153407e+00  1.302084280025220e+00  4.194809674951412e-01  1.302084280025220e+00  2.732185686846723e-01  1.302084280025220e+00  2.970378676043370e-03  1.302084280025220e+00  1.289880147564515e+00  1.302084280025220e+00  1.269721704537328e-01  1.302084280025220e+00  4.481947998752114e-04 
 1.306084280025220e+00  1.042823241847551e+00  1.306084280025220e+00  1.686719820622356e+00  1.306084280025220e+00  4.182758217116233e-01  1.306084280025220e+00  2.733878627255772e-01  1.306084280025220e+00  2.973685553098306e-03  1.306084280025220e+00  1.290958238382041e+00  1.306084280025220e+00  1.266150876944689e-01  1.306084280025220e+00  4.448853280466503e-04 
 1.310084280025220e+00  1.041983142633455e+00  1.310084280025220e+00  1.687560534103264e+00  1.310084280025220e+00  4.170730432479888e-01  1.310084280025220e+00  2.735572590116814e-01  1.310084280025220e+00  2.976984902781819e-03  1.310084280025220e+00  1.292033454676483e+00  1.310084280025220e+00  1.262573718401626e-01  1.310084280025220e+00  4.415835262321203e-04 
 1.314084280025220e+00  1.041144977418545e+00  1.314084280025220e+00  1.688399276931200e+00  1.314084280025220e+00  4.158726563757047e-01  1.314084280025220e+00  2.737267604086123e-01  1.314084280025220e+00  2.980276657005768e-03  1.314084280025220e+00  1.293105773324646e+00  1.314084280025220e+00  1.258990247498743e-01  1.314084280025220e+00  4.382894638171100e-04 
 1.318084280025220e+00  1.040308763663434e+00  1.318084280025220e+00  1.689236031291045e+00  1.318084280025220e+00  4.146746855666811e-01  1.318084280025220e+00  2.738963698084397e-01  1.318084280025220e+00  2.983560747196490e-03  1.318084280025220e+00  1.294175171042742e+00  1.318084280025220e+00  1.255400483879512e-01  1.318084280025220e+00  4.350032107770861e-04 
 1.322084280025220e+00  1.039474518966938e+00  1.322084280025220e+00  1.690070779247350e+00  1.322084280025220e+00  4.134791555017409e-01  1.322084280025220e+00  2.740660901269079e-01  1.322084280025220e+00  2.986837104237573e-03  1.322084280025220e+00  1.295241624399175e+00  1.322084280025220e+00  1.251804448136477e-01  1.322084280025220e+00  4.317248375602659e-04 
 1.326084280025220e+00  1.038642261052861e+00  1.326084280025220e+00  1.690903502721814e+00  1.326084280025220e+00  4.122860910614589e-01  1.326084280025220e+00  2.742359243051031e-01  1.326084280025220e+00  2.990105658521742e-03  1.326084280025220e+00  1.296305109805943e+00  1.326084280025220e+00  1.248202161927842e-01  1.326084280025220e+00  4.284544151760074e-04 
 1.330084280025220e+00  1.037812007784578e+00  1.330084280025220e+00  1.691734183523372e+00  1.330084280025220e+00  4.110955173343626e-01  1.330084280025220e+00  2.744058753065722e-01  1.330084280025220e+00  2.993366339893548e-03  1.330084280025220e+00  1.297365603531377e+00  1.330084280025220e+00  1.244593647872072e-01  1.330084280025220e+00  4.251920150767179e-04 
 1.334084280025220e+00  1.036983777143624e+00  1.334084280025220e+00  1.692562803311169e+00  1.334084280025220e+00  4.099074596023949e-01  1.334084280025220e+00  2.745759461202189e-01  1.334084280025220e+00  2.996619077733530e-03  1.334084280025220e+00  1.298423081685932e+00  1.334084280025220e+00  1.240978929727984e-01  1.334084280025220e+00  4.219377093031732e-04 
 1.338084280025220e+00  1.036157587251323e+00  1.338084280025220e+00  1.693389343638151e+00  1.338084280025220e+00  4.087219433532576e-01  1.338084280025220e+00  2.747461397561610e-01  1.338084280025220e+00  2.999863800873169e-03  1.338084280025220e+00  1.299477520240277e+00  1.338084280025220e+00  1.237358032231746e-01  1.338084280025220e+00  4.186915703134163e-04 
 1.342084280025220e+00  1.035333456344533e+00  1.342084280025220e+00  1.694213785909572e+00  1.342084280025220e+00  4.075389942638495e-01  1.342084280025220e+00  2.749164592489828e-01  1.342084280025220e+00  3.003100437690277e-03  1.342084280025220e+00  1.300528895009560e+00  1.342084280025220e+00  1.233730981298232e-01  1.342084280025220e+00  4.154536711456420e-04 
 1.346084280025220e+00  1.034511402796080e+00  1.346084280025220e+00  1.695036111424706e+00  1.346084280025220e+00  4.063586382115579e-01  1.346084280025220e+00  2.750869076536575e-01  1.346084280025220e+00  3.006328916028644e-03  1.346084280025220e+00  1.301577181670621e+00  1.346084280025220e+00  1.230097803865472e-01  1.346084280025220e+00  4.122240852543809e-04 
 1.350084280025220e+00  1.033691445099461e+00  1.350084280025220e+00  1.695856301352721e+00  1.350084280025220e+00  4.051809012630209e-01  1.350084280025220e+00  2.752574880472173e-01  1.350084280025220e+00  3.009549163258122e-03  1.350084280025220e+00  1.302622355753286e+00  1.350084280025220e+00  1.226458528022892e-01  1.350084280025220e+00  4.090028866052941e-04 
 1.354084280025220e+00  1.032873601863480e+00  1.354084280025220e+00  1.696674336727521e+00  1.354084280025220e+00  4.040058096689906e-01  1.354084280025220e+00  2.754282035287557e-01  1.354084280025220e+00  3.012761106295727e-03  1.354084280025220e+00  1.303664392639363e+00  1.354084280025220e+00  1.222813183059520e-01  1.354084280025220e+00  4.057901496953965e-04 
 1.358084280025220e+00  1.032057891826542e+00  1.358084280025220e+00  1.697490198478667e+00  1.358084280025220e+00  4.028333898712726e-01  1.358084280025220e+00  2.755990572161398e-01  1.358084280025220e+00  3.015964671549514e-03  1.358084280025220e+00  1.304703267575429e+00  1.358084280025220e+00  1.219161799354317e-01  1.358084280025220e+00  4.025859494315925e-04 
 1.362084280025220e+00  1.031244333843098e+00  1.362084280025220e+00  1.698303867411757e+00  1.362084280025220e+00  4.016636684921373e-01  1.362084280025220e+00  2.757700522472017e-01  1.362084280025220e+00  3.019159784971764e-03  1.362084280025220e+00  1.305738955666206e+00  1.362084280025220e+00  1.215504408487529e-01  1.362084280025220e+00  3.993903612077803e-04 
 1.366084280025220e+00  1.030432946881856e+00  1.366084280025220e+00  1.699115324210783e+00  1.366084280025220e+00  4.004966723309010e-01  1.366084280025220e+00  2.759411917789413e-01  1.366084280025220e+00  3.022346372066033e-03  1.366084280025220e+00  1.306771431876512e+00  1.366084280025220e+00  1.211841043257093e-01  1.366084280025220e+00  3.962034608955575e-04 
 1.370084280025220e+00  1.029623750029481e+00  1.370084280025220e+00  1.699924549450652e+00  1.370084280025220e+00  3.993324283637291e-01  1.370084280025220e+00  2.761124789857482e-01  1.370084280025220e+00  3.025524357872610e-03  1.370084280025220e+00  1.307800671037015e+00  1.370084280025220e+00  1.208171737650056e-01  1.370084280025220e+00  3.930253247950537e-04 
 1.374084280025220e+00  1.028816762483840e+00  1.374084280025220e+00  1.700731523591167e+00  1.374084280025220e+00  3.981709637367780e-01  1.374084280025220e+00  2.762839170592640e-01  1.374084280025220e+00  3.028693666995109e-03  1.374084280025220e+00  1.308826647843036e+00  1.374084280025220e+00  1.204496526896379e-01  1.374084280025220e+00  3.898560296585518e-04 
 1.378084280025220e+00  1.028012003547703e+00  1.378084280025220e+00  1.701536226972473e+00  1.378084280025220e+00  3.970123057594223e-01  1.378084280025220e+00  2.764555092080895e-01  1.378084280025220e+00  3.031854223625068e-03  1.378084280025220e+00  1.309849336854089e+00  1.378084280025220e+00  1.200815447517577e-01  1.378084280025220e+00  3.866956527083778e-04 
 1.382084280025220e+00  1.027209492645172e+00  1.382084280025220e+00  1.702338639851159e+00  1.382084280025220e+00  3.958564819113441e-01  1.382084280025220e+00  2.766272586536652e-01  1.382084280025220e+00  3.035005951477601e-03  1.382084280025220e+00  1.310868712508211e+00  1.382084280025220e+00  1.197128537192469e-01  1.382084280025220e+00  3.835442714951421e-04 
 1.386084280025220e+00  1.026409249287493e+00  1.386084280025220e+00  1.703138742346791e+00  1.386084280025220e+00  3.947035198181469e-01  1.386084280025220e+00  2.767991686344164e-01  1.386084280025220e+00  3.038148773925507e-03  1.386084280025220e+00  1.311884749103737e+00  1.386084280025220e+00  1.193435835026708e-01  1.386084280025220e+00  3.804019641076614e-04 
 1.390084280025220e+00  1.025611293103974e+00  1.390084280025220e+00  1.703936514504457e+00  1.390084280025220e+00  3.935534472669480e-01  1.390084280025220e+00  2.769712423990603e-01  1.390084280025220e+00  3.041282613877987e-03  1.390084280025220e+00  1.312897420823215e+00  1.390084280025220e+00  1.189737381299410e-01  1.390084280025220e+00  3.772688089273548e-04 
 1.394084280025220e+00  1.024815643808633e+00  1.394084280025220e+00  1.704731936243933e+00  1.394084280025220e+00  3.924062921821341e-01  1.394084280025220e+00  2.771434832104501e-01  1.394084280025220e+00  3.044407393911462e-03  1.394084280025220e+00  1.313906701716469e+00  1.394084280025220e+00  1.186033217723365e-01  1.394084280025220e+00  3.741448848278817e-04 
 1.398084280025220e+00  1.024022321222620e+00  1.398084280025220e+00  1.705524987407655e+00  1.398084280025220e+00  3.912620826352387e-01  1.398084280025220e+00  2.773158943400948e-01  1.398084280025220e+00  3.047523036181731e-03  1.398084280025220e+00  1.314912565719052e+00  1.398084280025220e+00  1.182323387256549e-01  1.398084280025220e+00  3.710302709867303e-04 
 1.402084280025220e+00  1.023231345250836e+00  1.402084280025220e+00  1.706315647728565e+00  1.402084280025220e+00  3.901208468264232e-01  1.402084280025220e+00  2.774884790701771e-01  1.402084280025220e+00  3.050629462515585e-03  1.402084280025220e+00  1.315914986642291e+00  1.402084280025220e+00  1.178607934279680e-01  1.402084280025220e+00  3.679250470114821e-04 
 1.406084280025220e+00  1.022442735889091e+00  1.406084280025220e+00  1.707103896852033e+00  1.406084280025220e+00  3.889826130844964e-01  1.406084280025220e+00  2.776612406904084e-01  1.406084280025220e+00  3.053726594382786e-03  1.406084280025220e+00  1.316913938182489e+00  1.406084280025220e+00  1.174886904526882e-01  1.406084280025220e+00  3.648292928537243e-04 
 1.410084280025220e+00  1.021656513227406e+00  1.410084280025220e+00  1.707889714351066e+00  1.410084280025220e+00  3.878474098642961e-01  1.410084280025220e+00  2.778341824954157e-01  1.410084280025220e+00  3.056814352883165e-03  1.410084280025220e+00  1.317909393927517e+00  1.410084280025220e+00  1.171160345045748e-01  1.410084280025220e+00  3.617430887493245e-04 
 1.414084280025220e+00  1.020872697428374e+00  1.414084280025220e+00  1.708673079698955e+00  1.414084280025220e+00  3.867152657285738e-01  1.414084280025220e+00  2.780073077861923e-01  1.414084280025220e+00  3.059892658831459e-03  1.414084280025220e+00  1.318901327349007e+00  1.414084280025220e+00  1.167428304356122e-01  1.414084280025220e+00  3.586665153257973e-04 
 1.418084280025220e+00  1.020091308728329e+00  1.418084280025220e+00  1.709453972282090e+00  1.418084280025220e+00  3.855862093436215e-01  1.418084280025220e+00  2.781806198676566e-01  1.418084280025220e+00  3.062961432752856e-03  1.418084280025220e+00  1.319889711808459e+00  1.418084280025220e+00  1.163690832423786e-01  1.418084280025220e+00  3.555996535520468e-04 
 1.422084280025220e+00  1.019312367452199e+00  1.422084280025220e+00  1.710232371436062e+00  1.422084280025220e+00  3.844602694829169e-01  1.422084280025220e+00  2.783541220437803e-01  1.422084280025220e+00  3.066020594824599e-03  1.422084280025220e+00  1.320874520570813e+00  1.422084280025220e+00  1.159947980522708e-01  1.422084280025220e+00  3.525425845965376e-04 
 1.426084280025220e+00  1.018535893972252e+00  1.426084280025220e+00  1.711008256386722e+00  1.426084280025220e+00  3.833374749963895e-01  1.426084280025220e+00  2.785278176220523e-01  1.426084280025220e+00  3.069070065037965e-03  1.426084280025220e+00  1.321855726786648e+00  1.426084280025220e+00  1.156199801546255e-01  1.426084280025220e+00  3.494953900587406e-04 
 1.430084280025220e+00  1.017761908751045e+00  1.430084280025220e+00  1.711781606334881e+00  1.430084280025220e+00  3.822178548305961e-01  1.430084280025220e+00  2.787017099036639e-01  1.430084280025220e+00  3.072109763029704e-03  1.430084280025220e+00  1.322833303521652e+00  1.430084280025220e+00  1.152446349639469e-01  1.430084280025220e+00  3.464581516365425e-04 
 1.434084280025220e+00  1.016990432284870e+00  1.434084280025220e+00  1.712552400372738e+00  1.434084280025220e+00  3.811014379882389e-01  1.434084280025220e+00  2.788758021903555e-01  1.434084280025220e+00  3.075139608304031e-03  1.434084280025220e+00  1.323807223731230e+00  1.434084280025220e+00  1.148687680630188e-01  1.434084280025220e+00  3.434309514544105e-04 
 1.438084280025220e+00  1.016221485146480e+00  1.438084280025220e+00  1.713320617568545e+00  1.438084280025220e+00  3.799882535475876e-01  1.438084280025220e+00  2.790500977743947e-01  1.438084280025220e+00  3.078159520064865e-03  1.438084280025220e+00  1.324777460289558e+00  1.438084280025220e+00  1.144923851659235e-01  1.438084280025220e+00  3.404138717309135e-04 
 1.442084280025220e+00  1.015455087948010e+00  1.442084280025220e+00  1.714086236917239e+00  1.442084280025220e+00  3.788783306333036e-01  1.442084280025220e+00  2.792245999419331e-01  1.442084280025220e+00  3.081169417361507e-03  1.442084280025220e+00  1.325743985975564e+00  1.442084280025220e+00  1.141154921450775e-01  1.442084280025220e+00  3.374069949725441e-04 
 1.446084280025220e+00  1.014691261347203e+00  1.446084280025220e+00  1.714849237364354e+00  1.446084280025220e+00  3.777716984132053e-01  1.446084280025220e+00  2.793993119689247e-01  1.446084280025220e+00  3.084169219064105e-03  1.446084280025220e+00  1.326706773482443e+00  1.446084280025220e+00  1.137380950232866e-01  1.446084280025220e+00  3.344104038798695e-04 
 1.450084280025220e+00  1.013930026046947e+00  1.450084280025220e+00  1.715609597819023e+00  1.450084280025220e+00  3.766683860906611e-01  1.450084280025220e+00  2.795742371180572e-01  1.450084280025220e+00  3.087158843865518e-03  1.450084280025220e+00  1.327665795423474e+00  1.450084280025220e+00  1.133601999708959e-01  1.450084280025220e+00  3.314241812964290e-04 
 1.454084280025220e+00  1.013171402772760e+00  1.454084280025220e+00  1.716367297130984e+00  1.454084280025220e+00  3.755684228834714e-01  1.454084280025220e+00  2.797493786393329e-01  1.454084280025220e+00  3.090138210369711e-03  1.454084280025220e+00  1.328621024326998e+00  1.454084280025220e+00  1.129818133205850e-01  1.454084280025220e+00  3.284484102990201e-04 
 1.458084280025220e+00  1.012415412293953e+00  1.458084280025220e+00  1.717122314139962e+00  1.458084280025220e+00  3.744718380286787e-01  1.458084280025220e+00  2.799247397630774e-01  1.458084280025220e+00  3.093107237008679e-03  1.458084280025220e+00  1.329572432653209e+00  1.458084280025220e+00  1.126029415467447e-01  1.458084280025220e+00  3.254831740037763e-04 
 1.462084280025220e+00  1.011662075387568e+00  1.462084280025220e+00  1.717874627631583e+00  1.462084280025220e+00  3.733786607527787e-01  1.462084280025220e+00  2.801003237026192e-01  1.462084280025220e+00  3.096065842184066e-03  1.462084280025220e+00  1.330519992782980e+00  1.462084280025220e+00  1.122235912907474e-01  1.462084280025220e+00  3.225285557393009e-04 
 1.466084280025220e+00  1.010911412853812e+00  1.466084280025220e+00  1.718624216378003e+00  1.466084280025220e+00  3.722889202724990e-01  1.466084280025220e+00  2.802761336480435e-01  1.466084280025220e+00  3.099013944206511e-03  1.466084280025220e+00  1.331463677031928e+00  1.466084280025220e+00  1.118437693445757e-01  1.466084280025220e+00  3.195846388870750e-04 
 1.470084280025220e+00  1.010163445505082e+00  1.470084280025220e+00  1.719371059135733e+00  1.470084280025220e+00  3.712026457794642e-01  1.470084280025220e+00  2.804521727643484e-01  1.470084280025220e+00  3.101951461338781e-03  1.470084280025220e+00  1.332403457651664e+00  1.470084280025220e+00  1.114634826554687e-01  1.470084280025220e+00  3.166515068900057e-04 
 1.474084280025220e+00  1.009418194156077e+00  1.474084280025220e+00  1.720115134645709e+00  1.474084280025220e+00  3.701198664252401e-01  1.474084280025220e+00  2.806284441893160e-01  1.474084280025220e+00  3.104878311834646e-03  1.474084280025220e+00  1.333339306831832e+00  1.474084280025220e+00  1.110827383295566e-01  1.474084280025220e+00  3.137292432521507e-04 
 1.478084280025220e+00  1.008675679616544e+00  1.478084280025220e+00  1.720856421638162e+00  1.478084280025220e+00  3.690406113076853e-01  1.478084280025220e+00  2.808049510308130e-01  1.478084280025220e+00  3.107794413967253e-03  1.478084280025220e+00  1.334271196703588e+00  1.478084280025220e+00  1.107015436331476e-01  1.478084280025220e+00  3.108179315195706e-04 
 1.482084280025220e+00  1.007935922683858e+00  1.482084280025220e+00  1.721594898837671e+00  1.482084280025220e+00  3.679649094569264e-01  1.482084280025220e+00  2.809816963640248e-01  1.482084280025220e+00  3.110699686058397e-03  1.482084280025220e+00  1.335199099343164e+00  1.482084280025220e+00  1.103199059939473e-01  1.482084280025220e+00  3.079176552604963e-04 
 1.486084280025220e+00  1.007198944150789e+00  1.486084280025220e+00  1.722330544992428e+00  1.486084280025220e+00  3.668927898299985e-01  1.486084280025220e+00  2.811586832259237e-01  1.486084280025220e+00  3.113594046447950e-03  1.486084280025220e+00  1.336122986781764e+00  1.486084280025220e+00  1.099378329898748e-01  1.486084280025220e+00  3.050284979503753e-04 
 1.490084280025220e+00  1.006464764772650e+00  1.490084280025220e+00  1.723063338839687e+00  1.490084280025220e+00  3.658242812812306e-01  1.490084280025220e+00  2.813359146167033e-01  1.490084280025220e+00  3.116477413622848e-03  1.490084280025220e+00  1.337042830998409e+00  1.490084280025220e+00  1.095553323704148e-01  1.490084280025220e+00  3.021505431075462e-04 
 1.494084280025220e+00  1.005733405278702e+00  1.494084280025220e+00  1.723793259141672e+00  1.494084280025220e+00  3.647594125585111e-01  1.494084280025220e+00  2.815133934934159e-01  1.494084280025220e+00  3.119349706172378e-03  1.494084280025220e+00  1.337958603931661e+00  1.494084280025220e+00  1.091724120421049e-01  1.494084280025220e+00  2.992838741522373e-04 
 1.498084280025220e+00  1.005004886369953e+00  1.498084280025220e+00  1.724520284699801e+00  1.498084280025220e+00  3.636982122911859e-01  1.498084280025220e+00  2.816911227658513e-01  1.498084280025220e+00  3.122210842796802e-03  1.498084280025220e+00  1.338870277485167e+00  1.498084280025220e+00  1.087890800648395e-01  1.498084280025220e+00  2.964285743506693e-04 
 1.502084280025220e+00  1.004279228691078e+00  1.502084280025220e+00  1.725244394329204e+00  1.502084280025220e+00  3.626407089625380e-01  1.502084280025220e+00  2.818691052968655e-01  1.502084280025220e+00  3.125060742417592e-03  1.502084280025220e+00  1.339777823523235e+00  1.502084280025220e+00  1.084053446688304e-01  1.502084280025220e+00  2.935847269151419e-04 
 1.506084280025220e+00  1.003556452832844e+00  1.506084280025220e+00  1.725965566881160e+00  1.506084280025220e+00  3.615869308999562e-01  1.506084280025220e+00  2.820473438972792e-01  1.506084280025220e+00  3.127899324167901e-03  1.506084280025220e+00  1.340681213878748e+00  1.506084280025220e+00  1.080212142468568e-01  1.506084280025220e+00  2.907524149159176e-04 
 1.510084280025220e+00  1.002836579333894e+00  1.510084280025220e+00  1.726683781264458e+00  1.510084280025220e+00  3.605369062644052e-01  1.510084280025220e+00  2.822258413207815e-01  1.510084280025220e+00  3.130726507385677e-03  1.510084280025220e+00  1.341580420360338e+00  1.510084280025220e+00  1.076366973468144e-01  1.510084280025220e+00  2.879317211972814e-04 
 1.514084280025220e+00  1.002119628657919e+00  1.514084280025220e+00  1.727399016429198e+00  1.514084280025220e+00  3.594906630253226e-01  1.514084280025220e+00  2.824046002630815e-01  1.514084280025220e+00  3.133542211703173e-03  1.514084280025220e+00  1.342475414750475e+00  1.514084280025220e+00  1.072518026839869e-01  1.514084280025220e+00  2.851227284411868e-04 
 1.518084280025220e+00  1.001405621197271e+00  1.518084280025220e+00  1.728111251391383e+00  1.518084280025220e+00  3.584482289506929e-01  1.518084280025220e+00  2.825836233563208e-01  1.518084280025220e+00  3.136346357032803e-03  1.518084280025220e+00  1.343366168813332e+00  1.518084280025220e+00  1.068665391318763e-01  1.518084280025220e+00  2.823255190706748e-04 
 1.522084280025220e+00  1.000694577258471e+00  1.522084280025220e+00  1.728820465230077e+00  1.522084280025220e+00  3.574096315863858e-01  1.522084280025220e+00  2.827629131666125e-01  1.522084280025220e+00  3.139138863624115e-03  1.522084280025220e+00  1.344252654296048e+00  1.522084280025220e+00  1.064809157274511e-01  1.522084280025220e+00  2.795401752609902e-04 
 1.526084280025220e+00  9.999865170487887e-01  1.526084280025220e+00  1.729526637086587e+00  1.526084280025220e+00  3.563748982359510e-01  1.526084280025220e+00  2.829424721913290e-01  1.526084280025220e+00  3.141919652116409e-03  1.526084280025220e+00  1.345134842930676e+00  1.526084280025220e+00  1.060949416754548e-01  1.526084280025220e+00  2.767667789428321e-04 
 1.530084280025220e+00  9.992814606873799e-01  1.530084280025220e+00  1.730229746200577e+00  1.530084280025220e+00  3.553440559543887e-01  1.530084280025220e+00  2.831223028519462e-01  1.530084280025220e+00  3.144688643495056e-03  1.530084280025220e+00  1.346012706443992e+00  1.530084280025220e+00  1.057086263327603e-01  1.530084280025220e+00  2.740054116604671e-04 
 1.534084280025220e+00  9.985794281765205e-01  1.534084280025220e+00  1.730929771886431e+00  1.534084280025220e+00  3.543171315187171e-01  1.534084280025220e+00  2.833024074939453e-01  1.534084280025220e+00  3.147445759204439e-03  1.534084280025220e+00  1.346886216554205e+00  1.534084280025220e+00  1.053219792248238e-01  1.534084280025220e+00  2.712561546645918e-04 
 1.538084280025220e+00  9.978804394050653e-01  1.538084280025220e+00  1.731626693558016e+00  1.538084280025220e+00  3.532941514169822e-01  1.538084280025220e+00  2.834827883809211e-01  1.538084280025220e+00  3.150190921134420e-03  1.538084280025220e+00  1.347755344978117e+00  1.538084280025220e+00  1.049350100360717e-01  1.538084280025220e+00  2.685190888150518e-04 
 1.542084280025220e+00  9.971845141312019e-01  1.542084280025220e+00  1.732320490722769e+00  1.542084280025220e+00  3.522751418252166e-01  1.542084280025220e+00  2.836634476923511e-01  1.542084280025220e+00  3.152924051687980e-03  1.542084280025220e+00  1.348620063431749e+00  1.542084280025220e+00  1.045477286168742e-01  1.542084280025220e+00  2.657942946040461e-04 
 1.546084280025220e+00  9.964916719890577e-01  1.546084280025220e+00  1.733011143010835e+00  1.546084280025220e+00  3.512601285979461e-01  1.546084280025220e+00  2.838443875170381e-01  1.546084280025220e+00  3.155645073755379e-03  1.546084280025220e+00  1.349480343637861e+00  1.546084280025220e+00  1.041601449712827e-01  1.546084280025220e+00  2.630818520417312e-04 
 1.550084280025220e+00  9.958019324634324e-01  1.550084280025220e+00  1.733698630157530e+00  1.550084280025220e+00  3.502491372403487e-01  1.550084280025220e+00  2.840256098522759e-01  1.550084280025220e+00  3.158353910813309e-03  1.550084280025220e+00  1.350336157324185e+00  1.550084280025220e+00  1.037722692703520e-01  1.550084280025220e+00  2.603818407250200e-04 
 1.554084280025220e+00  9.951153148932405e-01  1.554084280025220e+00  1.734382932027771e+00  1.554084280025220e+00  3.492421928967557e-01  1.554084280025220e+00  2.842071165978156e-01  1.554084280025220e+00  3.161050486911406e-03  1.554084280025220e+00  1.351187476229760e+00  1.554084280025220e+00  1.033841118423542e-01  1.554084280025220e+00  2.576943397416901e-04 
 1.558084280025220e+00  9.944318384533313e-01  1.558084280025220e+00  1.735064028609035e+00  1.558084280025220e+00  3.482393203267780e-01  1.558084280025220e+00  2.843889095537419e-01  1.558084280025220e+00  3.163734726743622e-03  1.558084280025220e+00  1.352034272105246e+00  1.558084280025220e+00  1.029956831803693e-01  1.558084280025220e+00  2.550194276980001e-04 
 1.562084280025220e+00  9.937515221562376e-01  1.562084280025220e+00  1.735741900033044e+00  1.562084280025220e+00  3.472405438927053e-01  1.562084280025220e+00  2.845709904147319e-01  1.562084280025220e+00  3.166406555641439e-03  1.562084280025220e+00  1.352876516718318e+00  1.562084280025220e+00  1.026069939338135e-01  1.562084280025220e+00  2.523571826335038e-04 
 1.566084280025220e+00  9.930743848450645e-01  1.566084280025220e+00  1.736416526584271e+00  1.566084280025220e+00  3.462458875418175e-01  1.566084280025220e+00  2.847533607659175e-01  1.566084280025220e+00  3.169065899601663e-03  1.566084280025220e+00  1.353714181856372e+00  1.566084280025220e+00  1.022180549071736e-01  1.566084280025220e+00  2.497076819876780e-04 
 1.570084280025220e+00  9.924004451669919e-01  1.570084280025220e+00  1.737087888681065e+00  1.570084280025220e+00  3.452553747778648e-01  1.570084280025220e+00  2.849360220823495e-01  1.570084280025220e+00  3.171712685390648e-03  1.570084280025220e+00  1.354547239324905e+00  1.570084280025220e+00  1.018288770743470e-01  1.570084280025220e+00  2.470710026739994e-04 
 1.574084280025220e+00  9.917297215917052e-01  1.574084280025220e+00  1.737755966920189e+00  1.574084280025220e+00  3.442690286578107e-01  1.574084280025220e+00  2.851189757202387e-01  1.574084280025220e+00  3.174346840471751e-03  1.574084280025220e+00  1.355375660955932e+00  1.574084280025220e+00  1.014394715568899e-01  1.574084280025220e+00  2.444472209050484e-04 
 1.578084280025220e+00  9.910622323772589e-01  1.578084280025220e+00  1.738420742046876e+00  1.578084280025220e+00  3.432868717591498e-01  1.578084280025220e+00  2.853022229179090e-01  1.578084280025220e+00  3.176968293139514e-03  1.578084280025220e+00  1.356199418604554e+00  1.578084280025220e+00  1.010498496446618e-01  1.578084280025220e+00  2.418364123100966e-04 
 1.582084280025220e+00  9.903979955870030e-01  1.582084280025220e+00  1.739082194996404e+00  1.582084280025220e+00  3.423089261758877e-01  1.582084280025220e+00  2.854857647873936e-01  1.582084280025220e+00  3.179576972453147e-03  1.582084280025220e+00  1.357018484156248e+00  1.582084280025220e+00  1.006600227754491e-01  1.582084280025220e+00  2.392386517718155e-04 
 1.586084280025220e+00  9.897370290594856e-01  1.586084280025220e+00  1.739740306869608e+00  1.586084280025220e+00  3.413352134883882e-01  1.586084280025220e+00  2.856696023147848e-01  1.586084280025220e+00  3.182172808354712e-03  1.586084280025220e+00  1.357832829524399e+00  1.586084280025220e+00  1.002700025525815e-01  1.586084280025220e+00  2.366540135224445e-04 
 1.590084280025220e+00  9.890793504162187e-01  1.590084280025220e+00  1.740395058960869e+00  1.590084280025220e+00  3.403657547544606e-01  1.590084280025220e+00  2.858537363536580e-01  1.590084280025220e+00  3.184755731638671e-03  1.590084280025220e+00  1.358642426655141e+00  1.590084280025220e+00  9.987980073218225e-02  1.590084280025220e+00  2.340825710338727e-04 
 1.594084280025220e+00  9.884249770474609e-01  1.594084280025220e+00  1.741046432755098e+00  1.594084280025220e+00  3.394005704883938e-01  1.594084280025220e+00  2.860381676226548e-01  1.594084280025220e+00  3.187325674007695e-03  1.594084280025220e+00  1.359447247527764e+00  1.594084280025220e+00  9.948942922831687e-02  1.594084280025220e+00  2.315243970294531e-04 
 1.598084280025220e+00  9.877739261046459e-01  1.598084280025220e+00  1.741694409933756e+00  1.598084280025220e+00  3.384396806438735e-01  1.598084280025220e+00  2.862228967019419e-01  1.598084280025220e+00  3.189882568102353e-03  1.598084280025220e+00  1.360247264156303e+00  1.598084280025220e+00  9.909890011290005e-02  1.598084280025220e+00  2.289795634603751e-04 
 1.602084280025220e+00  9.871262144970709e-01  1.602084280025220e+00  1.742338972386027e+00  1.602084280025220e+00  3.374831045995007e-01  1.602084280025220e+00  2.864079240289839e-01  1.602084280025220e+00  3.192426347514241e-03  1.602084280025220e+00  1.361042448591512e+00  1.602084280025220e+00  9.870822561246484e-02  1.602084280025220e+00  2.264481414617620e-04 
 1.606084280025220e+00  9.864818588845562e-01  1.606084280025220e+00  1.742980102214099e+00  1.606084280025220e+00  3.365308611422936e-01  1.606084280025220e+00  2.865932498951843e-01  1.606084280025220e+00  3.194956946814647e-03  1.606084280025220e+00  1.361832772921959e+00  1.606084280025220e+00  9.831741810833455e-02  1.606084280025220e+00  2.239302013319246e-04 
 1.610084280025220e+00  9.858408756656259e-01  1.610084280025220e+00  1.743617781732065e+00  1.610084280025220e+00  3.355829684490906e-01  1.610084280025220e+00  2.867788744435275e-01  1.610084280025220e+00  3.197474301601141e-03  1.610084280025220e+00  1.362618209274483e+00  1.610084280025220e+00  9.792649014063239e-02  1.610084280025220e+00  2.214258125366980e-04 
 1.614084280025220e+00  9.852032809765595e-01  1.614084280025220e+00  1.744251993478775e+00  1.614084280025220e+00  3.346394440741698e-01  1.614084280025220e+00  2.869647976643059e-01  1.614084280025220e+00  3.199978348501158e-03  1.614084280025220e+00  1.363398729815861e+00  1.614084280025220e+00  9.753545440387010e-02  1.614084280025220e+00  2.189350436589277e-04 
 1.618084280025220e+00  9.845690906820892e-01  1.618084280025220e+00  1.744882720219081e+00  1.618084280025220e+00  3.337003049326825e-01  1.618084280025220e+00  2.871510193925942e-01  1.618084280025220e+00  3.202469025208610e-03  1.618084280025220e+00  1.364174306753248e+00  1.618084280025220e+00  9.714432374946465e-02  1.618084280025220e+00  2.164579623935742e-04 
 1.622084280025220e+00  9.839383203708337e-01  1.622084280025220e+00  1.745509944950748e+00  1.622084280025220e+00  3.327655672870244e-01  1.622084280025220e+00  2.873375393049952e-01  1.622084280025220e+00  3.204946270501804e-03  1.622084280025220e+00  1.364944912335010e+00  1.622084280025220e+00  9.675311118480784e-02  1.622084280025220e+00  2.139946355205943e-04 
 1.626084280025220e+00  9.833109853448854e-01  1.626084280025220e+00  1.746133650903257e+00  1.626084280025220e+00  3.318352467304623e-01  1.626084280025220e+00  2.875243569176905e-01  1.626084280025220e+00  3.207410024284321e-03  1.626084280025220e+00  1.365710518850915e+00  1.626084280025220e+00  9.636182987728205e-02  1.626084280025220e+00  2.115451289096091e-04 
 1.630084280025220e+00  9.826871006265470e-01  1.630084280025220e+00  1.746753821558074e+00  1.630084280025220e+00  3.309093581804243e-01  1.630084280025220e+00  2.877114715813965e-01  1.630084280025220e+00  3.209860227558581e-03  1.630084280025220e+00  1.366471098633478e+00  1.630084280025220e+00  9.597049314497472e-02  1.630084280025220e+00  2.091095074403034e-04 
 1.634084280025220e+00  9.820666809439249e-01  1.634084280025220e+00  1.747370440640980e+00  1.634084280025220e+00  3.299879158608354e-01  1.634084280025220e+00  2.878988824805709e-01  1.634084280025220e+00  3.212296822482389e-03  1.634084280025220e+00  1.367226624057403e+00  1.634084280025220e+00  9.557911446456303e-02  1.634084280025220e+00  2.066878350325463e-04 
 1.638084280025220e+00  9.814497407148906e-01  1.638084280025220e+00  1.747983492112059e+00  1.638084280025220e+00  3.290709332841769e-01  1.638084280025220e+00  2.880865886331900e-01  1.638084280025220e+00  3.214719752431972e-03  1.638084280025220e+00  1.367977067539389e+00  1.638084280025220e+00  9.518770748090934e-02  1.638084280025220e+00  2.042801746856979e-04 
 1.642084280025220e+00  9.808362940709185e-01  1.642084280025220e+00  1.748592960205595e+00  1.642084280025220e+00  3.281584232552951e-01  1.642084280025220e+00  2.882745888830245e-01  1.642084280025220e+00  3.217128961908299e-03  1.642084280025220e+00  1.368722401539670e+00  1.642084280025220e+00  9.479628598523680e-02  1.642084280025220e+00  2.018865883219286e-04 
 1.646084280025220e+00  9.802263548288007e-01  1.646084280025220e+00  1.749198829403069e+00  1.646084280025220e+00  3.272503978479360e-01  1.646084280025220e+00  2.884628819022336e-01  1.646084280025220e+00  3.219524396648263e-03  1.646084280025220e+00  1.369462598560739e+00  1.646084280025220e+00  9.440486393523220e-02  1.646084280025220e+00  1.995071368922308e-04 
 1.650084280025220e+00  9.796199365013465e-01  1.650084280025220e+00  1.749801084454802e+00  1.650084280025220e+00  3.263468684025891e-01  1.650084280025220e+00  2.886514661866446e-01  1.650084280025220e+00  3.221906003582532e-03  1.650084280025220e+00  1.370197631147799e+00  1.650084280025220e+00  9.401345544455134e-02  1.650084280025220e+00  1.971418802914632e-04 
 1.654084280025220e+00  9.790170522724710e-01  1.654084280025220e+00  1.750399710356600e+00  1.654084280025220e+00  3.254478455061048e-01  1.654084280025220e+00  2.888403400582434e-01  1.654084280025220e+00  3.224273730933493e-03  1.654084280025220e+00  1.370927471888355e+00  1.654084280025220e+00  9.362207480099431e-02  1.654084280025220e+00  1.947908774500382e-04 
 1.658084280025220e+00  9.784177150244034e-01  1.658084280025220e+00  1.750994692390126e+00  1.658084280025220e+00  3.245533389993676e-01  1.658084280025220e+00  2.890295016577158e-01  1.658084280025220e+00  3.226627528108334e-03  1.658084280025220e+00  1.371652093412331e+00  1.658084280025220e+00  9.323073644380739e-02  1.658084280025220e+00  1.924541861753551e-04 
 1.662084280025220e+00  9.778219373064589e-01  1.662084280025220e+00  1.751586016090588e+00  1.662084280025220e+00  3.236633579548283e-01  1.662084280025220e+00  2.892189489487120e-01  1.662084280025220e+00  3.228967345821715e-03  1.662084280025220e+00  1.372371468391743e+00  1.662084280025220e+00  9.283945498770745e-02  1.662084280025220e+00  1.901318632787090e-04 
 1.666084280025220e+00  9.772297313591347e-01  1.666084280025220e+00  1.752173667281375e+00  1.666084280025220e+00  3.227779106837066e-01  1.666084280025220e+00  2.894086797115060e-01  1.666084280025220e+00  3.231293136001136e-03  1.666084280025220e+00  1.373085569540135e+00  1.666084280025220e+00  9.244824520361604e-02  1.666084280025220e+00  1.878239644392660e-04 
 1.670084280025220e+00  9.766411090861691e-01  1.670084280025220e+00  1.752757632044877e+00  1.670084280025220e+00  3.218970047166367e-01  1.670084280025220e+00  2.895986915471967e-01  1.670084280025220e+00  3.233604851896645e-03  1.670084280025220e+00  1.373794369612780e+00  1.670084280025220e+00  9.205712204093157e-02  1.670084280025220e+00  1.855305443186320e-04 
 1.674084280025220e+00  9.760560820705703e-01  1.674084280025220e+00  1.753337896745783e+00  1.674084280025220e+00  3.210206468079266e-01  1.674084280025220e+00  2.897889818735097e-01  1.674084280025220e+00  3.235902448017899e-03  1.674084280025220e+00  1.374497841406036e+00  1.674084280025220e+00  9.166610061557152e-02  1.674084280025220e+00  1.832516564694042e-04 
 1.678084280025220e+00  9.754746615520145e-01  1.678084280025220e+00  1.753914448007575e+00  1.678084280025220e+00  3.201488429204717e-01  1.678084280025220e+00  2.899795479285591e-01  1.678084280025220e+00  3.238185880222967e-03  1.678084280025220e+00  1.375195957758236e+00  1.678084280025220e+00  9.127519622890314e-02  1.678084280025220e+00  1.809873534273977e-04 
 1.682084280025220e+00  9.748968584640805e-01  1.682084280025220e+00  1.754487272759068e+00  1.682084280025220e+00  3.192815982422014e-01  1.682084280025220e+00  2.901703867629525e-01  1.682084280025220e+00  3.240455105572041e-03  1.682084280025220e+00  1.375888691547269e+00  1.682084280025220e+00  9.088442434003549e-02  1.682084280025220e+00  1.787376865289390e-04 
 1.686084280025220e+00  9.743226833932411e-01  1.686084280025220e+00  1.755056358187963e+00  1.686084280025220e+00  3.184189171629164e-01  1.686084280025220e+00  2.903614952478238e-01  1.686084280025220e+00  3.242710082488503e-03  1.686084280025220e+00  1.376576015692873e+00  1.686084280025220e+00  9.049380060018650e-02  1.686084280025220e+00  1.765027060932419e-04 
 1.690084280025220e+00  9.737521465955414e-01  1.690084280025220e+00  1.755621691762036e+00  1.690084280025220e+00  3.175608032815883e-01  1.690084280025220e+00  2.905528700716438e-01  1.690084280025220e+00  3.244950770693458e-03  1.690084280025220e+00  1.377257903155780e+00  1.690084280025220e+00  9.010334084202953e-02  1.690084280025220e+00  1.742824613391824e-04 
 1.694084280025220e+00  9.731852579932587e-01  1.694084280025220e+00  1.756183261225987e+00  1.694084280025220e+00  3.167072594040528e-01  1.694084280025220e+00  2.907445077413236e-01  1.694084280025220e+00  3.247177131218823e-03  1.694084280025220e+00  1.377934326938180e+00  1.694084280025220e+00  8.971306108532365e-02  1.694084280025220e+00  1.720770003976973e-04 
 1.698084280025220e+00  9.726220271843924e-01  1.698084280025220e+00  1.756741054612458e+00  1.698084280025220e+00  3.158582875478921e-01  1.698084280025220e+00  2.909364045810168e-01  1.698084280025220e+00  3.249389126370045e-03  1.698084280025220e+00  1.378605260082959e+00  1.698084280025220e+00  8.932297753286551e-02  1.698084280025220e+00  1.698863702684769e-04 
 1.702084280025220e+00  9.720624634338209e-01  1.702084280025220e+00  1.757295060231380e+00  1.702084280025220e+00  3.150138889387680e-01  1.702084280025220e+00  2.911285567349219e-01  1.702084280025220e+00  3.251586719760880e-03  1.702084280025220e+00  1.379270675675008e+00  1.702084280025220e+00  8.893310658132737e-02  1.702084280025220e+00  1.677106168618161e-04 
 1.706084280025220e+00  9.715065756631697e-01  1.706084280025220e+00  1.757845266658030e+00  1.706084280025220e+00  3.141740640068975e-01  1.706084280025220e+00  2.913209601706792e-01  1.706084280025220e+00  3.253769876353121e-03  1.706084280025220e+00  1.379930546843562e+00  1.706084280025220e+00  8.854346483333665e-02  1.706084280025220e+00  1.655497850455195e-04 
 1.710084280025220e+00  9.709543724787177e-01  1.710084280025220e+00  1.758391662762854e+00  1.710084280025220e+00  3.133388124033264e-01  1.710084280025220e+00  2.915136106752817e-01  1.710084280025220e+00  3.255938562347051e-03  1.710084280025220e+00  1.380584846759545e+00  1.710084280025220e+00  8.815406908046571e-02  1.710084280025220e+00  1.634039185277715e-04 
 1.714084280025220e+00  9.704058621506039e-01  1.714084280025220e+00  1.758934237686404e+00  1.714084280025220e+00  3.125081329924373e-01  1.714084280025220e+00  2.917065038612104e-01  1.714084280025220e+00  3.258092745263073e-03  1.714084280025220e+00  1.381233548639597e+00  1.714084280025220e+00  8.776493632446862e-02  1.714084280025220e+00  1.612730599555520e-04 
 1.718084280025220e+00  9.698610526169893e-01  1.718084280025220e+00  1.759472980841956e+00  1.718084280025220e+00  3.116820238577326e-01  1.718084280025220e+00  2.918996351677763e-01  1.718084280025220e+00  3.260232393925397e-03  1.718084280025220e+00  1.381876625747405e+00  1.718084280025220e+00  8.737608377947660e-02  1.718084280025220e+00  1.591572509043604e-04 
 1.722084280025220e+00  9.693199514991055e-01  1.722084280025220e+00  1.760007881929320e+00  1.722084280025220e+00  3.108604823136564e-01  1.722084280025220e+00  2.920929998604674e-01  1.722084280025220e+00  3.262357478402901e-03  1.722084280025220e+00  1.382514051393127e+00  1.722084280025220e+00  8.698752886614117e-02  1.722084280025220e+00  1.570565318239932e-04 
 1.726084280025220e+00  9.687825660789040e-01  1.726084280025220e+00  1.760538930907781e+00  1.726084280025220e+00  3.100435048995807e-01  1.726084280025220e+00  2.922865930383041e-01  1.726084280025220e+00  3.264467970096925e-03  1.726084280025220e+00  1.383145798939824e+00  1.726084280025220e+00  8.659928923504794e-02  1.726084280025220e+00  1.549709421447719e-04 
 1.730084280025220e+00  9.682489033327462e-01  1.730084280025220e+00  1.761066118029176e+00  1.730084280025220e+00  3.092310874021202e-01  1.730084280025220e+00  2.924804096298516e-01  1.730084280025220e+00  3.266563841609011e-03  1.730084280025220e+00  1.383771841799982e+00  1.730084280025220e+00  8.621138274714274e-02  1.730084280025220e+00  1.529005201476886e-04 
 1.734084280025220e+00  9.677189699020421e-01  1.734084280025220e+00  1.761589433803041e+00  1.734084280025220e+00  3.084232248470604e-01  1.734084280025220e+00  2.926744444025692e-01  1.734084280025220e+00  3.268645066856088e-03  1.734084280025220e+00  1.384392153444456e+00  1.734084280025220e+00  8.582382750311034e-02  1.734084280025220e+00  1.508453031012295e-04 
 1.738084280025220e+00  9.671927721139277e-01  1.738084280025220e+00  1.762108869015133e+00  1.738084280025220e+00  3.076199115165333e-01  1.738084280025220e+00  2.928686919620254e-01  1.738084280025220e+00  3.270711620989433e-03  1.738084280025220e+00  1.385006707402218e+00  1.738084280025220e+00  8.543664183442050e-02  1.738084280025220e+00  1.488053271886738e-04 
 1.742084280025220e+00  9.666703159815035e-01  1.742084280025220e+00  1.762624414723809e+00  1.742084280025220e+00  3.068211409567189e-01  1.742084280025220e+00  2.930631467555842e-01  1.742084280025220e+00  3.272763480393558e-03  1.742084280025220e+00  1.385615477264357e+00  1.742084280025220e+00  8.504984431036562e-02  1.742084280025220e+00  1.467806275222959e-04 
 1.746084280025220e+00  9.661516072010080e-01  1.746084280025220e+00  1.763136062253202e+00  1.746084280025220e+00  3.060269059847255e-01  1.746084280025220e+00  2.932578030769852e-01  1.746084280025220e+00  3.274800622697465e-03  1.746084280025220e+00  1.386218436689543e+00  1.746084280025220e+00  8.466345374767527e-02  1.746084280025220e+00  1.447712381701640e-04 
 1.750084280025220e+00  9.656366511543870e-01  1.750084280025220e+00  1.763643803192138e+00  1.750084280025220e+00  3.052371986986745e-01  1.750084280025220e+00  2.934526550700181e-01  1.750084280025220e+00  3.276823026764436e-03  1.750084280025220e+00  1.386815559408895e+00  1.750084280025220e+00  8.427748921608064e-02  1.750084280025220e+00  1.427771921603873e-04 
 1.754084280025220e+00  9.651254529283413e-01  1.754084280025220e+00  1.764147629409403e+00  1.754084280025220e+00  3.044520104961915e-01  1.754084280025220e+00  2.936476967289088e-01  1.754084280025220e+00  3.278830672617324e-03  1.754084280025220e+00  1.387406819226789e+00  1.754084280025220e+00  8.389197003160023e-02  1.754084280025220e+00  1.407985214211726e-04 
 1.758084280025220e+00  9.646180172853409e-01  1.758084280025220e+00  1.764647533020642e+00  1.758084280025220e+00  3.036713320704597e-01  1.758084280025220e+00  2.938429219090911e-01  1.758084280025220e+00  3.280823541552307e-03  1.758084280025220e+00  1.387992190035115e+00  1.758084280025220e+00  8.350691578634757e-02  1.758084280025220e+00  1.388352569108101e-04 
 1.762084280025220e+00  9.641143486953059e-01  1.762084280025220e+00  1.765143506416445e+00  1.762084280025220e+00  3.028951534358197e-01  1.762084280025220e+00  2.940383243253050e-01  1.762084280025220e+00  3.282801616014540e-03  1.762084280025220e+00  1.388571645811901e+00  1.762084280025220e+00  8.312234633241705e-02  1.762084280025220e+00  1.368874285073789e-04 
 1.766084280025220e+00  9.636144513227034e-01  1.766084280025220e+00  1.765635542245738e+00  1.766084280025220e+00  3.021234639325214e-01  1.766084280025220e+00  2.942338975593382e-01  1.766084280025220e+00  3.284764879648769e-03  1.766084280025220e+00  1.389145160632559e+00  1.766084280025220e+00  8.273828179955711e-02  1.766084280025220e+00  1.349550650739628e-04 
 1.770084280025220e+00  9.631183290365610e-01  1.770084280025220e+00  1.766123633422124e+00  1.770084280025220e+00  3.013562522428666e-01  1.770084280025220e+00  2.944296350630585e-01  1.770084280025220e+00  3.286713317260027e-03  1.770084280025220e+00  1.389712708675369e+00  1.770084280025220e+00  8.235474259556796e-02  1.770084280025220e+00  1.330381944337688e-04 
 1.774084280025220e+00  9.626259854063610e-01  1.774084280025220e+00  1.766607773116601e+00  1.774084280025220e+00  3.005935064011150e-01  1.774084280025220e+00  2.946255301646235e-01  1.774084280025220e+00  3.288646914829767e-03  1.774084280025220e+00  1.390274264231836e+00  1.774084280025220e+00  8.197174941725281e-02  1.774084280025220e+00  1.311368433986916e-04 
 1.778084280025220e+00  9.621374237203464e-01  1.778084280025220e+00  1.767087954771995e+00  1.778084280025220e+00  2.998352138142749e-01  1.778084280025220e+00  2.948215760700059e-01  1.778084280025220e+00  3.290565659443982e-03  1.778084280025220e+00  1.390829801710363e+00  1.778084280025220e+00  8.158932324455445e-02  1.778084280025220e+00  1.292510377126824e-04 
 1.782084280025220e+00  9.616526469559419e-01  1.782084280025220e+00  1.767564172072086e+00  1.782084280025220e+00  2.990813612609471e-01  1.782084280025220e+00  2.950177658749963e-01  1.782084280025220e+00  3.292469539409308e-03  1.782084280025220e+00  1.391379295656704e+00  1.782084280025220e+00  8.120748537028913e-02  1.782084280025220e+00  1.273808021729436e-04 
 1.786084280025220e+00  9.611716578205505e-01  1.786084280025220e+00  1.768036418977834e+00  1.786084280025220e+00  2.983319349233032e-01  1.786084280025220e+00  2.952140925621094e-01  1.786084280025220e+00  3.294358544092886e-03  1.786084280025220e+00  1.391922720751197e+00  1.786084280025220e+00  8.082625737729329e-02  1.786084280025220e+00  1.255261604877067e-04 
 1.790084280025220e+00  9.606944587306068e-01  1.790084280025220e+00  1.768504689705372e+00  1.790084280025220e+00  2.975869203906238e-01  1.790084280025220e+00  2.954105490109482e-01  1.790084280025220e+00  3.296232664004574e-03  1.790084280025220e+00  1.392460051827622e+00  1.790084280025220e+00  8.044566116136832e-02  1.790084280025220e+00  1.236871353626521e-04 
 1.794084280025220e+00  9.602210518069969e-01  1.794084280025220e+00  1.768968978720412e+00  1.794084280025220e+00  2.968463026708835e-01  1.794084280025220e+00  2.956071280051648e-01  1.794084280025220e+00  3.298091890814943e-03  1.794084280025220e+00  1.392991263887910e+00  1.794084280025220e+00  8.006571894169935e-02  1.794084280025220e+00  1.218637485228440e-04 
 1.798084280025220e+00  9.597514388992606e-01  1.798084280025220e+00  1.769429280759317e+00  1.798084280025220e+00  2.961100662157482e-01  1.798084280025220e+00  2.958038222332021e-01  1.798084280025220e+00  3.299936217260244e-03  1.798084280025220e+00  1.393516332106324e+00  1.798084280025220e+00  7.968645324978478e-02  1.798084280025220e+00  1.200560206300401e-04 
 1.802084280025220e+00  9.592856215773923e-01  1.802084280025220e+00  1.769885590820549e+00  1.802084280025220e+00  2.953781949309092e-01  1.802084280025220e+00  2.960006242961635e-01  1.802084280025220e+00  3.301765637174575e-03  1.802084280025220e+00  1.394035231846312e+00  1.802084280025220e+00  7.930788694206654e-02  1.802084280025220e+00  1.182639713162185e-04 
 1.806084280025220e+00  9.588236011298736e-01  1.806084280025220e+00  1.770337904162699e+00  1.806084280025220e+00  2.946506721895338e-01  1.806084280025220e+00  2.961975267144100e-01  1.806084280025220e+00  3.303580145497630e-03  1.806084280025220e+00  1.394547938676055e+00  1.806084280025220e+00  7.893004320748480e-02  1.806084280025220e+00  1.164876191913663e-04 
 1.810084280025220e+00  9.583653785617331e-01  1.810084280025220e+00  1.770786216303145e+00  1.810084280025220e+00  2.939274808459719e-01  1.810084280025220e+00  2.963945219342066e-01  1.810084280025220e+00  3.305379738282350e-03  1.810084280025220e+00  1.395054428384960e+00  1.810084280025220e+00  7.855294557462388e-02  1.810084280025220e+00  1.147269818487119e-04 
 1.814084280025220e+00  9.579109546037116e-01  1.814084280025220e+00  1.771230523027065e+00  1.814084280025220e+00  2.932086032546106e-01  1.814084280025220e+00  2.965916023319500e-01  1.814084280025220e+00  3.307164412658861e-03  1.814084280025220e+00  1.395554676996041e+00  1.814084280025220e+00  7.817661791029283e-02  1.814084280025220e+00  1.129820758293681e-04 
 1.818084280025220e+00  9.574603297197127e-01  1.818084280025220e+00  1.771670820394989e+00  1.818084280025220e+00  2.924940212880039e-01  1.818084280025220e+00  2.967887602187744e-01  1.818084280025220e+00  3.308934166805260e-03  1.818084280025220e+00  1.396048660779244e+00  1.818084280025220e+00  7.780108441906938e-02  1.818084280025220e+00  1.112529165926523e-04 
 1.822084280025220e+00  9.570135040770036e-01  1.822084280025220e+00  1.772107104719339e+00  1.822084280025220e+00  2.917837163385567e-01  1.822084280025220e+00  2.969859878534833e-01  1.822084280025220e+00  3.310689000064632e-03  1.822084280025220e+00  1.396536356282635e+00  1.822084280025220e+00  7.742636966903584e-02  1.822084280025220e+00  1.095395186082367e-04 
 1.826084280025220e+00  9.565704775915207e-01  1.826084280025220e+00  1.772539372605602e+00  1.826084280025220e+00  2.910776693537241e-01  1.826084280025220e+00  2.971832774387476e-01  1.826084280025220e+00  3.312428912767117e-03  1.826084280025220e+00  1.397017740329934e+00  1.826084280025220e+00  7.705249856298350e-02  1.826084280025220e+00  1.078418951944610e-04 
 1.830084280025220e+00  9.561312498814570e-01  1.830084280025220e+00  1.772967620916285e+00  1.830084280025220e+00  2.903758608305329e-01  1.830084280025220e+00  2.973806211377687e-01  1.830084280025220e+00  3.314153906412213e-03  1.830084280025220e+00  1.397492790061140e+00  1.830084280025220e+00  7.667949637483540e-02  1.830084280025220e+00  1.061600586598595e-04 
 1.834084280025220e+00  9.556958203037758e-01  1.834084280025220e+00  1.773391846805409e+00  1.834084280025220e+00  2.896782708468784e-01  1.834084280025220e+00  2.975780110723878e-01  1.834084280025220e+00  3.315863983525336e-03  1.834084280025220e+00  1.397961482934916e+00  1.834084280025220e+00  7.630738872609233e-02  1.834084280025220e+00  1.044940201677641e-04 
 1.838084280025220e+00  9.552641879269198e-01  1.838084280025220e+00  1.773812047700376e+00  1.838084280025220e+00  2.889848790646755e-01  1.838084280025220e+00  2.977754393354739e-01  1.838084280025220e+00  3.317559147765017e-03  1.838084280025220e+00  1.398423796762190e+00  1.838084280025220e+00  7.593620160709608e-02  1.838084280025220e+00  1.028437898074570e-04 
 1.842084280025220e+00  9.548363515494266e-01  1.842084280025220e+00  1.774228221322370e+00  1.842084280025220e+00  2.882956647531824e-01  1.842084280025220e+00  2.979728979929605e-01  1.842084280025220e+00  3.319239403849792e-03  1.842084280025220e+00  1.398879709717892e+00  1.842084280025220e+00  7.556596136501233e-02  1.842084280025220e+00  1.012093765141022e-04 
 1.846084280025220e+00  9.544123096864547e-01  1.846084280025220e+00  1.774640365681160e+00  1.846084280025220e+00  2.876106067982459e-01  1.846084280025220e+00  2.981703790930717e-01  1.846084280025220e+00  3.320904757611134e-03  1.846084280025220e+00  1.399329200369340e+00  1.846084280025220e+00  7.519669471377539e-02  1.846084280025220e+00  9.959078808913472e-05 
 1.850084280025220e+00  9.539920605716244e-01  1.850084280025220e+00  1.775048479083116e+00  1.850084280025220e+00  2.869296837182113e-01  1.850084280025220e+00  2.983678746720514e-01  1.850084280025220e+00  3.322555215986216e-03  1.850084280025220e+00  1.399772247697583e+00  1.850084280025220e+00  7.482842873240612e-02  1.850084280025220e+00  9.798803116881224e-05 
