-1.853915719974783e+00  1.841677103071056e+00 -1.853915719974783e+00  1.058289095992414e+00 -1.853915719974783e+00  1.545578002591738e+00 -1.853915719974783e+00  8.825330005803129e-02 -1.853915719974783e+00  1.917568599812893e-04 -1.853915719974783e+00  3.816250468427912e-01 -1.853915719974783e+00  2.797435243158964e-01 -1.853915719974783e+00  3.300937883793034e-03 
-1.849915719974783e+00  1.841071740575236e+00 -1.849915719974783e+00  1.058896842804303e+00 -1.849915719974783e+00  1.544817871888849e+00 -1.849915719974783e+00  8.865149704240861e-02 -1.849915719974783e+00  1.941699087446276e-04 -1.849915719974783e+00  3.826682075767418e-01 -1.849915719974783e+00  2.796002499952133e-01 -1.849915719974783e+00  3.298515255136816e-03 
-1.845915719974783e+00  1.840460387152916e+00 -1.845915719974783e+00  1.059509985287070e+00 -1.845915719974783e+00  1.544047128820610e+00 -1.845915719974783e+00  8.904765229246997e-02 -1.845915719974783e+00  1.965853134999301e-04 -1.845915719974783e+00  3.837175445394728e-01 -1.845915719974783e+00  2.794572458370999e-01 -1.845915719974783e+00  3.296092426831766e-03 
-1.841915719974783e+00  1.839847567765926e+00 -1.841915719974783e+00  1.060124450441123e+00 -1.841915719974783e+00  1.543273785226508e+00 -1.841915719974783e+00  8.944407501525373e-02 -1.841915719974783e+00  1.990174232455135e-04 -1.841915719974783e+00  3.847683937329027e-01 -1.841915719974783e+00  2.793142609941655e-01 -1.841915719974783e+00  3.293653705391016e-03 
-1.837915719974783e+00  1.839231798375618e+00 -1.837915719974783e+00  1.060741576276099e+00 -1.837915719974783e+00  1.542495208552482e+00 -1.837915719974783e+00  8.983996862360726e-02 -1.837915719974783e+00  2.014612460800680e-04 -1.837915719974783e+00  3.858222842883934e-01 -1.837915719974783e+00  2.791713767423669e-01 -1.837915719974783e+00  3.291204423904280e-03 
-1.833915719974783e+00  1.838613106533986e+00 -1.833915719974783e+00  1.061361339350895e+00 -1.833915719974783e+00  1.541711447746289e+00 -1.833915719974783e+00  9.023532089969781e-02 -1.833915719974783e+00  2.039166717383051e-04 -1.833915719974783e+00  3.868791904603132e-01 -1.833915719974783e+00  2.790285922226483e-01 -1.833915719974783e+00  3.288744675633766e-03 
-1.829915719974783e+00  1.837991519760572e+00 -1.829915719974783e+00  1.061983716230583e+00 -1.829915719974783e+00  1.540922551667921e+00 -1.829915719974783e+00  9.063012012119000e-02 -1.829915719974783e+00  2.063835911228061e-04 -1.829915719974783e+00  3.879390864609127e-01 -1.829915719974783e+00  2.788859065531163e-01 -1.829915719974783e+00  3.286274553556953e-03 
-1.825915719974783e+00  1.837367065401504e+00 -1.825915719974783e+00  1.062608683598616e+00 -1.825915719974783e+00  1.540128568795944e+00 -1.825915719974783e+00  9.102435495176669e-02 -1.825915719974783e+00  2.088618956919571e-04 -1.825915719974783e+00  3.890019465546906e-01 -1.825915719974783e+00  2.787433188213870e-01 -1.825915719974783e+00  3.283794150213766e-03 
-1.821915719974783e+00  1.836739770648185e+00 -1.821915719974783e+00  1.063236218292185e+00 -1.821915719974783e+00  1.539329547255563e+00 -1.821915719974783e+00  9.141801443854833e-02 -1.821915719974783e+00  2.113514775166213e-04 -1.821915719974783e+00  3.900677450835623e-01 -1.821915719974783e+00  2.786008280801344e-01 -1.821915719974783e+00  3.281303557533984e-03 
-1.817915719974783e+00  1.836109662521809e+00 -1.817915719974783e+00  1.063866297241890e+00 -1.817915719974783e+00  1.538525534813755e+00 -1.817915719974783e+00  9.181108801041046e-02 -1.817915719974783e+00  2.138522293416345e-04 -1.817915719974783e+00  3.911364564342088e-01 -1.817915719974783e+00  2.784584333589429e-01 -1.817915719974783e+00  3.278802867076652e-03 
-1.813915719974783e+00  1.835476767881077e+00 -1.813915719974783e+00  1.064498897539722e+00 -1.813915719974783e+00  1.537716578876196e+00 -1.813915719974783e+00  9.220356546217352e-02 -1.813915719974783e+00  2.163640445552289e-04 -1.813915719974783e+00  3.922080550854445e-01 -1.813915719974783e+00  2.783161336553811e-01 -1.813915719974783e+00  3.276292169760289e-03 
-1.809915719974783e+00  1.834841113407580e+00 -1.809915719974783e+00  1.065133996380792e+00 -1.809915719974783e+00  1.536902726482947e+00 -1.809915719974783e+00  9.259543695285768e-02 -1.809915719974783e+00  2.188868172470946e-04 -1.809915719974783e+00  3.932825155764228e-01 -1.809915719974783e+00  2.781739279463538e-01 -1.809915719974783e+00  3.273771556094142e-03 
-1.805915719974783e+00  1.834202725610759e+00 -1.805915719974783e+00  1.065771571112826e+00 -1.805915719974783e+00  1.536084024305926e+00 -1.805915719974783e+00  9.298669299215860e-02 -1.805915719974783e+00  2.214204421886720e-04 -1.805915719974783e+00  3.943598125421701e-01 -1.805915719974783e+00  2.780318151820451e-01 -1.805915719974783e+00  3.271241115981747e-03 
-1.801915719974783e+00  1.833561630820310e+00 -1.801915719974783e+00  1.066411599214262e+00 -1.801915719974783e+00  1.535260518645690e+00 -1.801915719974783e+00  9.337732443490759e-02 -1.801915719974783e+00  2.239648148634206e-04 -1.801915719974783e+00  3.954399207042104e-01 -1.801915719974783e+00  2.778897942912739e-01 -1.801915719974783e+00  3.268700938807843e-03 
-1.797915719974783e+00  1.832917855193103e+00 -1.797915719974783e+00  1.067054058351528e+00 -1.797915719974783e+00  1.534432255429952e+00 -1.797915719974783e+00  9.376732246703108e-02 -1.797915719974783e+00  2.265198314393183e-04 -1.797915719974783e+00  3.965228149108597e-01 -1.797915719974783e+00  2.777478641741274e-01 -1.797915719974783e+00  3.266151113211112e-03 
-1.793915719974783e+00  1.832271424686501e+00 -1.793915719974783e+00  1.067698926249372e+00 -1.793915719974783e+00  1.533599280208702e+00 -1.793915719974783e+00  9.415667861187944e-02 -1.793915719974783e+00  2.290853888748111e-04 -1.793915719974783e+00  3.976084700595526e-01 -1.793915719974783e+00  2.776060237243584e-01 -1.793915719974783e+00  3.263591727598733e-03 
-1.789915719974783e+00  1.831622365088597e+00 -1.789915719974783e+00  1.068346180873996e+00 -1.789915719974783e+00  1.532761638155896e+00 -1.789915719974783e+00  9.454538470280574e-02 -1.789915719974783e+00  2.316613847988774e-04 -1.789915719974783e+00  3.986968612161852e-01 -1.789915719974783e+00  2.774642718018253e-01 -1.789915719974783e+00  3.261022869419598e-03 
-1.785915719974783e+00  1.830970701988753e+00 -1.785915719974783e+00  1.068995800285957e+00 -1.785915719974783e+00  1.531919374064660e+00 -1.785915719974783e+00  9.493343289159706e-02 -1.785915719974783e+00  2.342477176279458e-04 -1.785915719974783e+00  3.997879635260869e-01 -1.785915719974783e+00  2.773226072575243e-01 -1.785915719974783e+00  3.258444625748142e-03 
-1.781915719974783e+00  1.830316460790305e+00 -1.781915719974783e+00  1.069647762724049e+00 -1.781915719974783e+00  1.531072532347601e+00 -1.781915719974783e+00  9.532081563206572e-02 -1.781915719974783e+00  2.368442865155333e-04 -1.781915719974783e+00  4.008817522705530e-01 -1.781915719974783e+00  2.771810289217532e-01 -1.781915719974783e+00  3.255857082951368e-03 
-1.777915719974783e+00  1.829659666696795e+00 -1.777915719974783e+00  1.070302046542562e+00 -1.777915719974783e+00  1.530221157034003e+00 -1.777915719974783e+00  9.570752567949145e-02 -1.777915719974783e+00  2.394509914068909e-04 -1.777915719974783e+00  4.019782028305453e-01 -1.777915719974783e+00  2.770395356155235e-01 -1.777915719974783e+00  3.253260326937916e-03 
-1.773915719974783e+00  1.829000344728431e+00 -1.773915719974783e+00  1.070958630313271e+00 -1.773915719974783e+00  1.529365291771456e+00 -1.773915719974783e+00  9.609355607268238e-02 -1.773915719974783e+00  2.420677329737757e-04 -1.773915719974783e+00  4.030772907546666e-01 -1.773915719974783e+00  2.768981261358131e-01 -1.773915719974783e+00  3.250654442753252e-03 
-1.769915719974783e+00  1.828338519700844e+00 -1.769915719974783e+00  1.071617492719763e+00 -1.769915719974783e+00  1.528504979822304e+00 -1.769915719974783e+00  9.647890013818003e-02 -1.769915719974783e+00  2.446944126987222e-04 -1.769915719974783e+00  4.041789916952747e-01 -1.769915719974783e+00  2.767567992736340e-01 -1.769915719974783e+00  3.248039514999055e-03 
-1.765915719974783e+00  1.827674216234566e+00 -1.765915719974783e+00  1.072278612618926e+00 -1.765915719974783e+00  1.527640264064677e+00 -1.765915719974783e+00  9.686355147684318e-02 -1.765915719974783e+00  2.473309328375120e-04 -1.765915719974783e+00  4.052832814505019e-01 -1.765915719974783e+00  2.766155538055871e-01 -1.765915719974783e+00  3.245415627589268e-03 
-1.761915719974783e+00  1.827007458754450e+00 -1.761915719974783e+00  1.072941969046498e+00 -1.761915719974783e+00  1.526771186992371e+00 -1.761915719974783e+00  9.724750395654932e-02 -1.761915719974783e+00  2.499771964214974e-04 -1.761915719974783e+00  4.063901359707106e-01 -1.761915719974783e+00  2.764743884942291e-01 -1.761915719974783e+00  3.242782863727904e-03 
-1.757915719974783e+00  1.826338271480770e+00 -1.757915719974783e+00  1.073607541176160e+00 -1.757915719974783e+00  1.525897790713428e+00 -1.757915719974783e+00  9.763075170980658e-02 -1.757915719974783e+00  2.526331072929532e-04 -1.757915719974783e+00  4.074995313351604e-01 -1.757915719974783e+00  2.763333020956877e-01 -1.757915719974783e+00  3.240141306071609e-03 
-1.753915719974783e+00  1.825666678437769e+00 -1.753915719974783e+00  1.074275308372996e+00 -1.753915719974783e+00  1.525020116951827e+00 -1.753915719974783e+00  9.801328912166883e-02 -1.753915719974783e+00  2.552985700711763e-04 -1.753915719974783e+00  4.086114437887119e-01 -1.753915719974783e+00  2.761922933523715e-01 -1.753915719974783e+00  3.237491036517273e-03 
-1.749915719974783e+00  1.824992703439506e+00 -1.749915719974783e+00  1.074945250122577e+00 -1.749915719974783e+00  1.524138207045356e+00 -1.749915719974783e+00  9.839511083067723e-02 -1.749915719974783e+00  2.579734902087234e-04 -1.749915719974783e+00  4.097258496990175e-01 -1.749915719974783e+00  2.760513610051619e-01 -1.749915719974783e+00  3.234832136483659e-03 
-1.745915719974783e+00  1.824316370106445e+00 -1.745915719974783e+00  1.075617346125918e+00 -1.745915719974783e+00  1.523252101949166e+00 -1.745915719974783e+00  9.877621171273587e-02 -1.745915719974783e+00  2.606577739255822e-04 -1.745915719974783e+00  4.108427256195465e-01 -1.745915719974783e+00  2.759105037795491e-01 -1.745915719974783e+00  3.232164686534472e-03 
-1.741915719974783e+00  1.823637701852077e+00 -1.741915719974783e+00  1.076291576231383e+00 -1.741915719974783e+00  1.522361842234035e+00 -1.741915719974783e+00  9.915658688200418e-02 -1.741915719974783e+00  2.633513282622977e-04 -1.741915719974783e+00  4.119620482483277e-01 -1.741915719974783e+00  2.757697203972656e-01 -1.741915719974783e+00  3.229488766648535e-03 
-1.737915719974783e+00  1.822956721885095e+00 -1.737915719974783e+00  1.076967920449995e+00 -1.737915719974783e+00  1.521467468087554e+00 -1.737915719974783e+00  9.953623168323843e-02 -1.737915719974783e+00  2.660540610713894e-04 -1.737915719974783e+00  4.130837944398298e-01 -1.737915719974783e+00  2.756290095748023e-01 -1.737915719974783e+00  3.226804456159207e-03 
-1.733915719974783e+00  1.822273453211551e+00 -1.733915719974783e+00  1.077646358969794e+00 -1.733915719974783e+00  1.520569019315510e+00 -1.733915719974783e+00  9.991514168437791e-02 -1.733915719974783e+00  2.687658810088044e-04 -1.733915719974783e+00  4.142079412161644e-01 -1.733915719974783e+00  2.754883700220324e-01 -1.733915719974783e+00  3.224111833697191e-03 
-1.729915719974783e+00  1.821587918629951e+00 -1.729915719974783e+00  1.078326872131617e+00 -1.729915719974783e+00  1.519666535341935e+00 -1.729915719974783e+00  1.002933126731908e-01 -1.729915719974783e+00  2.714866975534303e-04 -1.729915719974783e+00  4.153344657534391e-01 -1.729915719974783e+00  2.753478004468077e-01 -1.729915719974783e+00  3.221410977286838e-03 
-1.725915719974783e+00  1.820900140740087e+00 -1.725915719974783e+00  1.079009440477934e+00 -1.725915719974783e+00  1.518760055212175e+00 -1.725915719974783e+00  1.006707406466193e-01 -1.725915719974783e+00  2.742164209720917e-04 -1.725915719974783e+00  4.164633454149335e-01 -1.725915719974783e+00  2.752072995481458e-01 -1.725915719974783e+00  3.218701964152200e-03 
-1.721915719974783e+00  1.820210141928777e+00 -1.721915719974783e+00  1.079694044676911e+00 -1.721915719974783e+00  1.517849617591099e+00 -1.721915719974783e+00  1.010474218128289e-01 -1.721915719974783e+00  2.769549623761312e-04 -1.721915719974783e+00  4.175945577039311e-01 -1.721915719974783e+00  2.750668660287531e-01 -1.721915719974783e+00  3.215984871018462e-03 
-1.717915719974783e+00  1.819517944388756e+00 -1.717915719974783e+00  1.080380665624141e+00 -1.717915719974783e+00  1.516935260768647e+00 -1.717915719974783e+00  1.014233525755190e-01 -1.717915719974783e+00  2.797022336465122e-04 -1.717915719974783e+00  4.187280803308197e-01 -1.717915719974783e+00  2.749264985799452e-01 -1.717915719974783e+00  3.213259773708239e-03 
-1.713915719974783e+00  1.818823570095190e+00 -1.713915719974783e+00  1.081069284315982e+00 -1.713915719974783e+00  1.516017022656021e+00 -1.713915719974783e+00  1.017985295411974e-01 -1.713915719974783e+00  2.824581475270311e-04 -1.713915719974783e+00  4.198638911329127e-01 -1.713915719974783e+00  2.747861959019089e-01 -1.713915719974783e+00  3.210526747644164e-03 
-1.709915719974783e+00  1.818127040831542e+00 -1.709915719974783e+00  1.081759881987361e+00 -1.709915719974783e+00  1.515094940793176e+00 -1.709915719974783e+00  1.021729495001802e-01 -1.709915719974783e+00  2.852226175217207e-04 -1.709915719974783e+00  4.210019681647504e-01 -1.709915719974783e+00  2.746459566829953e-01 -1.709915719974783e+00  3.207785867302031e-03 
-1.705915719974783e+00  1.817428378166505e+00 -1.705915719974783e+00  1.082452439986640e+00 -1.705915719974783e+00  1.514169052345084e+00 -1.705915719974783e+00  1.025466094338680e-01 -1.705915719974783e+00  2.879955579863930e-04 -1.705915719974783e+00  4.221422896186000e-01 -1.705915719974783e+00  2.745057796196320e-01 -1.705915719974783e+00  3.205037206707471e-03 
-1.701915719974783e+00  1.816727603473301e+00 -1.701915719974783e+00  1.083146939876669e+00 -1.701915719974783e+00  1.513239394108039e+00 -1.701915719974783e+00  1.029195064996672e-01 -1.701915719974783e+00  2.907768840521024e-04 -1.701915719974783e+00  4.232848338909652e-01 -1.701915719974783e+00  2.743656634012567e-01 -1.701915719974783e+00  3.202280839034813e-03 
-1.697915719974783e+00  1.816024737914295e+00 -1.697915719974783e+00  1.083843363350230e+00 -1.697915719974783e+00  1.512306002507711e+00 -1.697915719974783e+00  1.032916380343981e-01 -1.697915719974783e+00  2.935665116862264e-04 -1.697915719974783e+00  4.244295795290048e-01 -1.697915719974783e+00  2.742256067238490e-01 -1.697915719974783e+00  3.199516836942663e-03 
-1.693915719974783e+00  1.815319802452339e+00 -1.693915719974783e+00  1.084541692287398e+00 -1.693915719974783e+00  1.511368913603760e+00 -1.693915719974783e+00  1.036630015437751e-01 -1.693915719974783e+00  2.963643576474842e-04 -1.693915719974783e+00  4.255765052686893e-01 -1.693915719974783e+00  2.740856082815584e-01 -1.693915719974783e+00  3.196745272346394e-03 
-1.689915719974783e+00  1.814612817855389e+00 -1.689915719974783e+00  1.085241908776643e+00 -1.689915719974783e+00  1.510428163093043e+00 -1.689915719974783e+00  1.040335946956627e-01 -1.689915719974783e+00  2.991703394676295e-04 -1.689915719974783e+00  4.267255900495278e-01 -1.689915719974783e+00  2.739456667639125e-01 -1.689915719974783e+00  3.193966216334191e-03 
-1.685915719974783e+00  1.813903804673258e+00 -1.685915719974783e+00  1.085943994987330e+00 -1.685915719974783e+00  1.509483786305499e+00 -1.685915719974783e+00  1.044034153278073e-01 -1.685915719974783e+00  3.019843755437466e-04 -1.685915719974783e+00  4.278768129326397e-01 -1.685915719974783e+00  2.738057808757695e-01 -1.685915719974783e+00  3.191179739673219e-03 
-1.681915719974783e+00  1.813192783271322e+00 -1.681915719974783e+00  1.086647933344526e+00 -1.681915719974783e+00  1.508535818214982e+00 -1.681915719974783e+00  1.047724614263142e-01 -1.681915719974783e+00  3.048063850045062e-04 -1.681915719974783e+00  4.290301532151030e-01 -1.681915719974783e+00  2.736659493108786e-01 -1.681915719974783e+00  3.188385912115798e-03 
-1.677915719974783e+00  1.812479773806302e+00 -1.677915719974783e+00  1.087353706395789e+00 -1.677915719974783e+00  1.507584293434975e+00 -1.677915719974783e+00  1.051407311341375e-01 -1.677915719974783e+00  3.076362878063131e-04 -1.677915719974783e+00  4.301855903441515e-01 -1.677915719974783e+00  2.735261707726362e-01 -1.677915719974783e+00  3.185584802928110e-03 
-1.673915719974783e+00  1.811764796236701e+00 -1.673915719974783e+00  1.088061296861424e+00 -1.673915719974783e+00  1.506629246223439e+00 -1.673915719974783e+00  1.055082227418305e-01 -1.673915719974783e+00  3.104740046918952e-04 -1.673915719974783e+00  4.313431039504840e-01 -1.673915719974783e+00  2.733864439666875e-01 -1.673915719974783e+00  3.182776480690693e-03 
-1.669915719974782e+00  1.811047870320936e+00 -1.669915719974782e+00  1.088770687619437e+00 -1.669915719974782e+00  1.505670710484440e+00 -1.669915719974782e+00  1.058749346847506e-01 -1.669915719974782e+00  3.133194571977456e-04 -1.669915719974782e+00  4.325026738390685e-01 -1.669915719974782e+00  2.732467676035045e-01 -1.669915719974782e+00  3.179961013358257e-03 
-1.665915719974782e+00  1.810329015627321e+00 -1.665915719974782e+00  1.089481861752418e+00 -1.665915719974782e+00  1.504708719773174e+00 -1.665915719974782e+00  1.062408655344289e-01 -1.665915719974782e+00  3.161725676145626e-04 -1.665915719974782e+00  4.336642800202770e-01 -1.665915719974782e+00  2.731071403914901e-01 -1.665915719974782e+00  3.177138468073475e-03 
-1.661915719974782e+00  1.809608251519564e+00 -1.661915719974782e+00  1.090194802465036e+00 -1.661915719974782e+00  1.503743307294075e+00 -1.661915719974782e+00  1.066060140023603e-01 -1.661915719974782e+00  3.190332590448008e-04 -1.661915719974782e+00  4.348279026565380e-01 -1.661915719974782e+00  2.729675610497851e-01 -1.661915719974782e+00  3.174308911494540e-03 
-1.657915719974782e+00  1.808885597168685e+00 -1.657915719974782e+00  1.090909493140770e+00 -1.657915719974782e+00  1.502774505906425e+00 -1.657915719974782e+00  1.069703789306144e-01 -1.657915719974782e+00  3.219014553553944e-04 -1.657915719974782e+00  4.359935220997585e-01 -1.657915719974782e+00  2.728280282998173e-01 -1.657915719974782e+00  3.171472409569997e-03 
-1.653915719974782e+00  1.808161071554995e+00 -1.653915719974782e+00  1.091625917345658e+00 -1.653915719974782e+00  1.501802348127255e+00 -1.653915719974782e+00  1.073339592876144e-01 -1.653915719974782e+00  3.247770811699336e-04 -1.653915719974782e+00  4.371611188941771e-01 -1.653915719974782e+00  2.726885408649178e-01 -1.653915719974782e+00  3.168629027523789e-03 
-1.649915719974782e+00  1.807434693460371e+00 -1.649915719974782e+00  1.092344058780959e+00 -1.649915719974782e+00  1.500826866131356e+00 -1.649915719974782e+00  1.076967541687953e-01 -1.649915719974782e+00  3.276600618993551e-04 -1.649915719974782e+00  4.383306737457140e-01 -1.649915719974782e+00  2.725490974776708e-01 -1.649915719974782e+00  3.165778830043247e-03 
-1.645915719974782e+00  1.806706481474409e+00 -1.645915719974782e+00  1.093063901308404e+00 -1.645915719974782e+00  1.499848091755382e+00 -1.645915719974782e+00  1.080587627904761e-01 -1.645915719974782e+00  3.305503237175553e-04 -1.645915719974782e+00  4.395021675387101e-01 -1.645915719974782e+00  2.724096968761969e-01 -1.645915719974782e+00  3.162921881178761e-03 
-1.641915719974782e+00  1.805976454001550e+00 -1.641915719974782e+00  1.093785428980640e+00 -1.641915719974782e+00  1.498866056502369e+00 -1.641915719974782e+00  1.084199844834280e-01 -1.641915719974782e+00  3.334477935330834e-04 -1.641915719974782e+00  4.406755813561264e-01 -1.641915719974782e+00  2.722703377996607e-01 -1.641915719974782e+00  3.160058244223041e-03 
-1.637915719974782e+00  1.805244629253021e+00 -1.637915719974782e+00  1.094508625991142e+00 -1.637915719974782e+00  1.497880791541661e+00 -1.637915719974782e+00  1.087804186939785e-01 -1.637915719974782e+00  3.363523990212189e-04 -1.637915719974782e+00  4.418508964468784e-01 -1.637915719974782e+00  2.721310189959518e-01 -1.637915719974782e+00  3.157187981909832e-03 
-1.633915719974782e+00  1.804511025252163e+00 -1.633915719974782e+00  1.095233476694826e+00 -1.633915719974782e+00  1.496892327712875e+00 -1.633915719974782e+00  1.091400649786312e-01 -1.633915719974782e+00  3.392640686027697e-04 -1.633915719974782e+00  4.430280942394623e-01 -1.633915719974782e+00  2.719917392186335e-01 -1.633915719974782e+00  3.154311156332204e-03 
-1.629915719974782e+00  1.803775659836879e+00 -1.629915719974782e+00  1.095959965612830e+00 -1.629915719974782e+00  1.495900695529065e+00 -1.629915719974782e+00  1.094989230002344e-01 -1.629915719974782e+00  3.421827314344709e-04 -1.629915719974782e+00  4.442071563451822e-01 -1.629915719974782e+00  2.718524972262727e-01 -1.629915719974782e+00  3.151427828923432e-03 
-1.625915719974782e+00  1.803038550653266e+00 -1.625915719974782e+00  1.096688077391424e+00 -1.625915719974782e+00  1.494905925177040e+00 -1.625915719974782e+00  1.098569925284410e-01 -1.625915719974782e+00  3.451083174341717e-04 -1.625915719974782e+00  4.453880645311545e-01 -1.625915719974782e+00  2.717132917886794e-01 -1.625915719974782e+00  3.148538060620233e-03 
-1.621915719974782e+00  1.802299715170578e+00 -1.621915719974782e+00  1.097417796872098e+00 -1.621915719974782e+00  1.493908046524562e+00 -1.621915719974782e+00  1.102142734300585e-01 -1.621915719974782e+00  3.480407572215677e-04 -1.621915719974782e+00  4.465708007664071e-01 -1.621915719974782e+00  2.715741216763455e-01 -1.621915719974782e+00  3.145641911584510e-03 
-1.617915719974782e+00  1.801559170674416e+00 -1.617915719974782e+00  1.098149109047516e+00 -1.617915719974782e+00  1.492907089120596e+00 -1.617915719974782e+00  1.105707656699333e-01 -1.617915719974782e+00  3.509799821451870e-04 -1.617915719974782e+00  4.477553471928931e-01 -1.617915719974782e+00  2.714349856671019e-01 -1.617915719974782e+00  3.142739441378125e-03 
-1.613915719974782e+00  1.800816934261608e+00 -1.613915719974782e+00  1.098881999026627e+00 -1.613915719974782e+00  1.491903082195949e+00 -1.613915719974782e+00  1.109264693110262e-01 -1.613915719974782e+00  3.539259243027530e-04 -1.613915719974782e+00  4.489416861023948e-01 -1.613915719974782e+00  2.712958825513518e-01 -1.613915719974782e+00  3.139830709101499e-03 
-1.609915719974782e+00  1.800073022856208e+00 -1.609915719974782e+00  1.099616452109485e+00 -1.609915719974782e+00  1.490896054670975e+00 -1.609915719974782e+00  1.112813845046057e-01 -1.609915719974782e+00  3.568785164777051e-04 -1.609915719974782e+00  4.501297999857204e-01 -1.609915719974782e+00  2.711568111207777e-01 -1.609915719974782e+00  3.136915773096554e-03 
-1.605915719974782e+00  1.799327453202235e+00 -1.605915719974782e+00  1.100352453740845e+00 -1.605915719974782e+00  1.489886035155585e+00 -1.605915719974782e+00  1.116355114915416e-01 -1.605915719974782e+00  3.598376921680237e-04 -1.605915719974782e+00  4.513196715019994e-01 -1.605915719974782e+00  2.710177701752904e-01 -1.605915719974782e+00  3.133994691130894e-03 
-1.601915719974782e+00  1.798580241862733e+00 -1.601915719974782e+00  1.101089989496406e+00 -1.601915719974782e+00  1.488873051951285e+00 -1.601915719974782e+00  1.119888506006405e-01 -1.601915719974782e+00  3.628033855900030e-04 -1.601915719974782e+00  4.525112834694023e-01 -1.601915719974782e+00  2.708787585250351e-01 -1.601915719974782e+00  3.131067520452453e-03 
-1.597915719974782e+00  1.797831405228240e+00 -1.597915719974782e+00  1.101829045118268e+00 -1.597915719974782e+00  1.487857133056455e+00 -1.597915719974782e+00  1.123414022426787e-01 -1.597915719974782e+00  3.657755316446374e-04 -1.597915719974782e+00  4.537046188883573e-01 -1.597915719974782e+00  2.707397749849987e-01 -1.597915719974782e+00  3.128134317648724e-03 
-1.593915719974782e+00  1.797080959517500e+00 -1.593915719974782e+00  1.102569606509530e+00 -1.593915719974782e+00  1.486838306169024e+00 -1.593915719974782e+00  1.126931669081646e-01 -1.593915719974782e+00  3.687540659148102e-04 -1.593915719974782e+00  4.548996609377872e-01 -1.593915719974782e+00  2.706008183757512e-01 -1.593915719974782e+00  3.125195138668240e-03 
-1.589915719974782e+00  1.796328920767791e+00 -1.589915719974782e+00  1.103311659675239e+00 -1.589915719974782e+00  1.485816598685435e+00 -1.589915719974782e+00  1.130441451699175e-01 -1.589915719974782e+00  3.717389247037097e-04 -1.589915719974782e+00  4.560963929357709e-01 -1.589915719974782e+00  2.704618875321990e-01 -1.589915719974782e+00  3.122250039054915e-03 
-1.585915719974782e+00  1.795575304853426e+00 -1.585915719974782e+00  1.104055190809298e+00 -1.585915719974782e+00  1.484792037709517e+00 -1.585915719974782e+00  1.133943376727434e-01 -1.585915719974782e+00  3.747300449614292e-04 -1.585915719974782e+00  4.572947983967826e-01 -1.585915719974782e+00  2.703229812904640e-01 -1.585915719974782e+00  3.119299073603090e-03 
-1.581915719974782e+00  1.794820127479622e+00 -1.581915719974782e+00  1.104800186253641e+00 -1.581915719974782e+00  1.483764650052739e+00 -1.581915719974782e+00  1.137437451345521e-01 -1.581915719974782e+00  3.777273643092593e-04 -1.581915719974782e+00  4.584948610043996e-01 -1.581915719974782e+00  2.701840984938984e-01 -1.581915719974782e+00  3.116342296519616e-03 
-1.577915719974782e+00  1.794063404172498e+00 -1.577915719974782e+00  1.105546632437146e+00 -1.577915719974782e+00  1.482734462232921e+00 -1.577915719974782e+00  1.140923683492100e-01 -1.577915719974782e+00  3.807308210794753e-04 -1.577915719974782e+00  4.596965645704616e-01 -1.577915719974782e+00  2.700452380020864e-01 -1.577915719974782e+00  3.113379761666298e-03 
-1.573915719974782e+00  1.793305150300911e+00 -1.573915719974782e+00  1.106294515979791e+00 -1.573915719974782e+00  1.481701500484432e+00 -1.573915719974782e+00  1.144402081749915e-01 -1.573915719974782e+00  3.837403542286444e-04 -1.573915719974782e+00  4.608998931037752e-01 -1.573915719974782e+00  2.699063986751444e-01 -1.573915719974782e+00  3.110411522146465e-03 
-1.569915719974782e+00  1.792545381067628e+00 -1.569915719974782e+00  1.107043823637493e+00 -1.569915719974782e+00  1.480665790757382e+00 -1.569915719974782e+00  1.147872655370643e-01 -1.569915719974782e+00  3.867559033726676e-04 -1.569915719974782e+00  4.621048307732070e-01 -1.569915719974782e+00  2.697675793818343e-01 -1.569915719974782e+00  3.107437630523907e-03 
-1.565915719974782e+00  1.791784111509434e+00 -1.565915719974782e+00  1.107794542293593e+00 -1.565915719974782e+00  1.479627358719965e+00 -1.565915719974782e+00  1.151335414259379e-01 -1.565915719974782e+00  3.897774087864170e-04 -1.565915719974782e+00  4.633113619016374e-01 -1.565915719974782e+00  2.696287790006848e-01 -1.565915719974782e+00  3.104458138856734e-03 
-1.561915719974782e+00  1.791021356502588e+00 -1.561915719974782e+00  1.108546658977733e+00 -1.561915719974782e+00  1.478586229762768e+00 -1.561915719974782e+00  1.154790368935673e-01 -1.561915719974782e+00  3.928048113820435e-04 -1.561915719974782e+00  4.645194709780956e-01 -1.561915719974782e+00  2.694899964170204e-01 -1.561915719974782e+00  3.101473098622392e-03 
-1.557915719974782e+00  1.790257130758367e+00 -1.557915719974782e+00  1.109300160833592e+00 -1.557915719974782e+00  1.477542428999392e+00 -1.557915719974782e+00  1.158237530539472e-01 -1.557915719974782e+00  3.958380527266793e-04 -1.557915719974782e+00  4.657291426359025e-01 -1.557915719974782e+00  2.693512305276042e-01 -1.557915719974782e+00  3.098482560845676e-03 
-1.553915719974782e+00  1.789491448836578e+00 -1.553915719974782e+00  1.110055035179398e+00 -1.553915719974782e+00  1.476495981273823e+00 -1.553915719974782e+00  1.161676910757889e-01 -1.553915719974782e+00  3.988770749888698e-04 -1.553915719974782e+00  4.669403616924973e-01 -1.553915719974782e+00  2.692124802314682e-01 -1.553915719974782e+00  3.095486575858734e-03 
-1.549915719974782e+00  1.788724325132719e+00 -1.549915719974782e+00  1.110811269432288e+00 -1.549915719974782e+00  1.475446911157853e+00 -1.549915719974782e+00  1.165108521869226e-01 -1.549915719974782e+00  4.019218209894799e-04 -1.549915719974782e+00  4.681531130986734e-01 -1.549915719974782e+00  2.690737444409898e-01 -1.549915719974782e+00  3.092485193601053e-03 
-1.545915719974782e+00  1.787955773891762e+00 -1.545915719974782e+00  1.111568851170246e+00 -1.545915719974782e+00  1.474395242958558e+00 -1.545915719974782e+00  1.168532376669855e-01 -1.545915719974782e+00  4.049722341470627e-04 -1.545915719974782e+00  4.693673819793570e-01 -1.545915719974782e+00  2.689350220725057e-01 -1.545915719974782e+00  3.089478463373793e-03 
-1.541915719974782e+00  1.787185809199614e+00 -1.541915719974782e+00  1.112327768078658e+00 -1.541915719974782e+00  1.473341000717279e+00 -1.541915719974782e+00  1.171948488499856e-01 -1.541915719974782e+00  4.080282585117100e-04 -1.541915719974782e+00  4.705831535975472e-01 -1.541915719974782e+00  2.687963120540686e-01 -1.541915719974782e+00  3.086466434051848e-03 
-1.537915719974782e+00  1.786414444989962e+00 -1.537915719974782e+00  1.113088007976540e+00 -1.537915719974782e+00  1.472284208214437e+00 -1.537915719974782e+00  1.175356871201532e-01 -1.537915719974782e+00  4.110898387379340e-04 -1.537915719974782e+00  4.718004133713034e-01 -1.537915719974782e+00  2.686576133213573e-01 -1.537915719974782e+00  3.083449153979748e-03 
-1.533915719974782e+00  1.785641695047933e+00 -1.533915719974782e+00  1.113849558825826e+00 -1.533915719974782e+00  1.471224888973194e+00 -1.533915719974782e+00  1.178757539092669e-01 -1.533915719974782e+00  4.141569200701406e-04 -1.533915719974782e+00  4.730191468794713e-01 -1.533915719974782e+00  2.685189248161055e-01 -1.533915719974782e+00  3.080426670934776e-03 
-1.529915719974782e+00  1.784867573008642e+00 -1.529915719974782e+00  1.114612408714931e+00 -1.529915719974782e+00  1.470163066261070e+00 -1.529915719974782e+00  1.182150506962395e-01 -1.529915719974782e+00  4.172294483483751e-04 -1.529915719974782e+00  4.742393398502348e-01 -1.529915719974782e+00  2.683802454883475e-01 -1.529915719974782e+00  3.077399032192289e-03 
-1.525915719974782e+00  1.784092092355545e+00 -1.525915719974782e+00  1.115376545840904e+00 -1.525915719974782e+00  1.469098763091447e+00 -1.525915719974782e+00  1.185535790068090e-01 -1.525915719974782e+00  4.203073700149271e-04 -1.525915719974782e+00  4.754609781486827e-01 -1.525915719974782e+00  2.682415742988549e-01 -1.525915719974782e+00  3.074366284596428e-03 
-1.521915719974782e+00  1.783315266432444e+00 -1.521915719974782e+00  1.116141958562003e+00 -1.521915719974782e+00  1.468032002230493e+00 -1.521915719974782e+00  1.188913404074152e-01 -1.521915719974782e+00  4.233906320666375e-04 -1.521915719974782e+00  4.766840478114299e-01 -1.521915719974782e+00  2.681029102111431e-01 -1.521915719974782e+00  3.071328474351581e-03 
-1.517915719974782e+00  1.782537108424372e+00 -1.517915719974782e+00  1.116908635290495e+00 -1.517915719974782e+00  1.466962806191618e+00 -1.517915719974782e+00  1.192283365124347e-01 -1.517915719974782e+00  4.264791821308214e-04 -1.517915719974782e+00  4.779085349744319e-01 -1.517915719974782e+00  2.679642522071339e-01 -1.517915719974782e+00  3.068285647447755e-03 
-1.513915719974782e+00  1.781757631391536e+00 -1.513915719974782e+00  1.117676564657456e+00 -1.513915719974782e+00  1.465891197251248e+00 -1.513915719974782e+00  1.195645689688183e-01 -1.513915719974782e+00  4.295729683304879e-04 -1.513915719974782e+00  4.791344259826803e-01 -1.513915719974782e+00  2.678255992625463e-01 -1.513915719974782e+00  3.065237849006517e-03 
-1.509915719974782e+00  1.780976848232549e+00 -1.509915719974782e+00  1.118445735315523e+00 -1.509915719974782e+00  1.464817197436060e+00 -1.509915719974782e+00  1.199000394708723e-01 -1.509915719974782e+00  4.326719394303997e-04 -1.509915719974782e+00  4.803617072577082e-01 -1.509915719974782e+00  2.676869503758701e-01 -1.509915719974782e+00  3.062185124063873e-03 
-1.505915719974782e+00  1.780194771723961e+00 -1.505915719974782e+00  1.119216136132046e+00 -1.505915719974782e+00  1.463740828541106e+00 -1.505915719974782e+00  1.202347497426837e-01 -1.505915719974782e+00  4.357760446800402e-04 -1.505915719974782e+00  4.815903654263385e-01 -1.505915719974782e+00  2.675483045395783e-01 -1.505915719974782e+00  3.059127516803685e-03 
-1.501915719974782e+00  1.779411414486629e+00 -1.501915719974782e+00  1.119987756008280e+00 -1.501915719974782e+00  1.462662112118129e+00 -1.501915719974782e+00  1.205687015515355e-01 -1.501915719974782e+00  4.388852339472235e-04 -1.501915719974782e+00  4.828203871990726e-01 -1.501915719974782e+00  2.674096607666354e-01 -1.501915719974782e+00  3.056065071275217e-03 
-1.497915719974782e+00  1.778626789015740e+00 -1.497915719974782e+00  1.120760584023714e+00 -1.497915719974782e+00  1.461581069489917e+00 -1.497915719974782e+00  1.209018966945148e-01 -1.497915719974782e+00  4.419994575988595e-04 -1.497915719974782e+00  4.840517594662240e-01 -1.497915719974782e+00  2.672710180689456e-01 -1.497915719974782e+00  3.052997830820374e-03 
-1.493915719974782e+00  1.777840907662475e+00 -1.493915719974782e+00  1.121534609333794e+00 -1.493915719974782e+00  1.460497721744745e+00 -1.493915719974782e+00  1.212343370054837e-01 -1.493915719974782e+00  4.451186665737727e-04 -1.493915719974782e+00  4.852844692288343e-01 -1.493915719974782e+00  2.671323754722362e-01 -1.493915719974782e+00  3.049925838479614e-03 
-1.489915719974782e+00  1.777053782651879e+00 -1.489915719974782e+00  1.122309821251988e+00 -1.489915719974782e+00  1.459412089745812e+00 -1.489915719974782e+00  1.215660243469441e-01 -1.489915719974782e+00  4.482428123117767e-04 -1.489915719974782e+00  4.865185036531596e-01 -1.489915719974782e+00  2.669937320037153e-01 -1.489915719974782e+00  3.046849136666177e-03 
-1.485915719974782e+00  1.776265426067672e+00 -1.485915719974782e+00  1.123086209163873e+00 -1.485915719974782e+00  1.458324194126851e+00 -1.485915719974782e+00  1.218969606156823e-01 -1.485915719974782e+00  4.513718468139708e-04 -1.485915719974782e+00  4.877538500124806e-01 -1.485915719974782e+00  2.668550867045238e-01 -1.485915719974782e+00  3.043767767507168e-03 
-1.481915719974782e+00  1.775475849863835e+00 -1.481915719974782e+00  1.123863762577219e+00 -1.481915719974782e+00  1.457234055298921e+00 -1.481915719974782e+00  1.222271477373233e-01 -1.481915719974782e+00  4.545057225967564e-04 -1.481915719974782e+00  4.889904957201308e-01 -1.481915719974782e+00  2.667164386221103e-01 -1.481915719974782e+00  3.040681772644666e-03 
-1.477915719974782e+00  1.774685065867968e+00 -1.477915719974782e+00  1.124642471130662e+00 -1.477915719974782e+00  1.456141693453792e+00 -1.477915719974782e+00  1.225565876643635e-01 -1.477915719974782e+00  4.576443926784931e-04 -1.477915719974782e+00  4.902284283348088e-01 -1.477915719974782e+00  2.665777868087316e-01 -1.477915719974782e+00  3.037591193201445e-03 
-1.473915719974782e+00  1.773893085775673e+00 -1.473915719974782e+00  1.125422324556269e+00 -1.473915719974782e+00  1.455047128563464e+00 -1.473915719974782e+00  1.228852823779117e-01 -1.473915719974782e+00  4.607878106018805e-04 -1.473915719974782e+00  4.914676355348528e-01 -1.473915719974782e+00  2.664391303267327e-01 -1.473915719974782e+00  3.034496069929366e-03 
-1.469915719974782e+00  1.773099921155657e+00 -1.469915719974782e+00  1.126203312697228e+00 -1.469915719974782e+00  1.453950380384220e+00 -1.469915719974782e+00  1.232132338850273e-01 -1.469915719974782e+00  4.639359304135815e-04 -1.469915719974782e+00  4.927081051295729e-01 -1.469915719974782e+00  2.663004682457137e-01 -1.469915719974782e+00  3.031396443139371e-03 
-1.465915719974782e+00  1.772305583450822e+00 -1.465915719974782e+00  1.126985425504702e+00 -1.465915719974782e+00  1.452851468458976e+00 -1.465915719974782e+00  1.235404442177671e-01 -1.465915719974782e+00  4.670887066600159e-04 -1.465915719974782e+00  4.939498250565763e-01 -1.465915719974782e+00  2.661617996427544e-01 -1.465915719974782e+00  3.028292352713771e-03 
-1.461915719974782e+00  1.771510083979949e+00 -1.461915719974782e+00  1.127768653038174e+00 -1.461915719974782e+00  1.451750412119844e+00 -1.461915719974782e+00  1.238669154319973e-01 -1.461915719974782e+00  4.702460943806273e-04 -1.461915719974782e+00  4.951927833814448e-01 -1.461915719974782e+00  2.660231236021357e-01 -1.461915719974782e+00  3.025183838105024e-03 
-1.457915719974782e+00  1.770713433935163e+00 -1.457915719974782e+00  1.128552985444069e+00 -1.457915719974782e+00  1.450647230488850e+00 -1.457915719974782e+00  1.241926496079303e-01 -1.457915719974782e+00  4.734080491179589e-04 -1.457915719974782e+00  4.964369682827739e-01 -1.457915719974782e+00  2.658844392182488e-01 -1.457915719974782e+00  3.022070938420530e-03 
-1.453915719974782e+00  1.769915644398248e+00 -1.453915719974782e+00  1.129338413030391e+00 -1.453915719974782e+00  1.449541942486891e+00 -1.453915719974782e+00  1.245176488431335e-01 -1.453915719974782e+00  4.765745268528959e-04 -1.453915719974782e+00  4.976823681019020e-01 -1.453915719974782e+00  2.657457455843884e-01 -1.453915719974782e+00  3.018953692126380e-03 
-1.449915719974782e+00  1.769116726315116e+00 -1.449915719974782e+00  1.130124926128948e+00 -1.449915719974782e+00  1.448434566824316e+00 -1.449915719974782e+00  1.248419152623195e-01 -1.449915719974782e+00  4.797454841060308e-04 -1.449915719974782e+00  4.989289712495277e-01 -1.449915719974782e+00  2.656070418127758e-01 -1.449915719974782e+00  3.015832137594224e-03 
-1.445915719974782e+00  1.768316690522332e+00 -1.445915719974782e+00  1.130912515221838e+00 -1.445915719974782e+00  1.447325122014336e+00 -1.445915719974782e+00  1.251654510063166e-01 -1.445915719974782e+00  4.829208778323559e-04 -1.445915719974782e+00  5.001767662903748e-01 -1.445915719974782e+00  2.654683270157286e-01 -1.445915719974782e+00  3.012706312599164e-03 
-1.441915719974782e+00  1.767515547739567e+00 -1.441915719974782e+00  1.131701170894871e+00 -1.441915719974782e+00  1.446213626371477e+00 -1.441915719974782e+00  1.254882582347203e-01 -1.441915719974782e+00  4.861006654512350e-04 -1.441915719974782e+00  5.014257419112659e-01 -1.441915719974782e+00  2.653296003122825e-01 -1.441915719974782e+00  3.009576254504777e-03 
-1.437915719974782e+00  1.766713308564311e+00 -1.437915719974782e+00  1.132490883803074e+00 -1.437915719974782e+00  1.445100098010939e+00 -1.437915719974782e+00  1.258103391276015e-01 -1.437915719974782e+00  4.892848048674018e-04 -1.437915719974782e+00  5.026758868972958e-01 -1.437915719974782e+00  2.651908608330196e-01 -1.437915719974782e+00  3.006442000399851e-03 
-1.433915719974782e+00  1.765909983482266e+00 -1.433915719974782e+00  1.133281644715312e+00 -1.433915719974782e+00  1.443984554854915e+00 -1.433915719974782e+00  1.261316958810389e-01 -1.433915719974782e+00  4.924732544297022e-04 -1.433915719974782e+00  5.039271901613712e-01 -1.433915719974782e+00  2.650521077132842e-01 -1.433915719974782e+00  3.003303586921428e-03 
-1.429915719974782e+00  1.765105582869621e+00 -1.429915719974782e+00  1.134073444517775e+00 -1.429915719974782e+00  1.442867014635329e+00 -1.429915719974782e+00  1.264523307059147e-01 -1.429915719974782e+00  4.956659729220424e-04 -1.429915719974782e+00  5.051796407460409e-01 -1.429915719974782e+00  2.649133400924448e-01 -1.429915719974782e+00  3.000161050240874e-03 
-1.425915719974782e+00  1.764300116982732e+00 -1.425915719974782e+00  1.134866274154271e+00 -1.425915719974782e+00  1.441747494890846e+00 -1.425915719974782e+00  1.267722458316408e-01 -1.425915719974782e+00  4.988629196044262e-04 -1.425915719974782e+00  5.064332277826185e-01 -1.425915719974782e+00  2.647745571224215e-01 -1.425915719974782e+00  2.997014426300855e-03 
-1.421915719974782e+00  1.763493595972672e+00 -1.421915719974782e+00  1.135660124691819e+00 -1.421915719974782e+00  1.440626012975075e+00 -1.421915719974782e+00  1.270914435001634e-01 -1.421915719974782e+00  5.020640541551274e-04 -1.421915719974782e+00  5.076879405349461e-01 -1.421915719974782e+00  2.646357579578359e-01 -1.421915719974782e+00  2.993863750555076e-03 
-1.417915719974782e+00  1.762686029877158e+00 -1.417915719974782e+00  1.136454987272523e+00 -1.417915719974782e+00  1.439502586054537e+00 -1.417915719974782e+00  1.274099259688349e-01 -1.417915719974782e+00  5.052693367027727e-04 -1.417915719974782e+00  5.089437683663320e-01 -1.417915719974782e+00  2.644969417628406e-01 -1.417915719974782e+00  2.990709058159210e-03 
-1.413915719974782e+00  1.761877428629663e+00 -1.413915719974782e+00  1.137250853151662e+00 -1.413915719974782e+00  1.438377231114426e+00 -1.413915719974782e+00  1.277276955066169e-01 -1.413915719974782e+00  5.084787277901686e-04 -1.413915719974782e+00  5.102007007647640e-01 -1.413915719974782e+00  2.643581077053064e-01 -1.413915719974782e+00  2.987550383819783e-03 
-1.409915719974782e+00  1.761067802055932e+00 -1.409915719974782e+00  1.138047713672922e+00 -1.409915719974782e+00  1.437249964958620e+00 -1.409915719974782e+00  1.280447543951927e-01 -1.409915719974782e+00  5.116921883881616e-04 -1.409915719974782e+00  5.114587273256431e-01 -1.409915719974782e+00  2.642192549602282e-01 -1.409915719974782e+00  2.984387761892400e-03 
-1.405915719974782e+00  1.760257159868768e+00 -1.405915719974782e+00  1.138845560234624e+00 -1.405915719974782e+00  1.436120804208803e+00 -1.405915719974782e+00  1.283611049307085e-01 -1.405915719974782e+00  5.149096799162877e-04 -1.405915719974782e+00  5.127178377283664e-01 -1.405915719974782e+00  2.640803827144482e-01 -1.405915719974782e+00  2.981221226515895e-03 
-1.401915719974782e+00  1.759445511687626e+00 -1.401915719974782e+00  1.139644384381002e+00 -1.401915719974782e+00  1.434989765315073e+00 -1.401915719974782e+00  1.286767494160549e-01 -1.401915719974782e+00  5.181311641650185e-04 -1.401915719974782e+00  5.139780217975924e-01 -1.401915719974782e+00  2.639414901530560e-01 -1.401915719974782e+00  2.978050811249933e-03 
-1.397915719974782e+00  1.758632867018184e+00 -1.397915719974782e+00  1.140444177692300e+00 -1.397915719974782e+00  1.433856864548022e+00 -1.397915719974782e+00  1.289916901684759e-01 -1.397915719974782e+00  5.213566033768861e-04 -1.397915719974782e+00  5.152392694283160e-01 -1.397915719974782e+00  2.638025764752677e-01 -1.397915719974782e+00  2.974876549511276e-03 
-1.393915719974782e+00  1.757819235273090e+00 -1.393915719974782e+00  1.141244931881771e+00 -1.393915719974782e+00  1.432722118009855e+00 -1.393915719974782e+00  1.293059295114650e-01 -1.393915719974782e+00  5.245859601640768e-04 -1.393915719974782e+00  5.165015706510276e-01 -1.393915719974782e+00  2.636636408799978e-01 -1.393915719974782e+00  2.971698474188832e-03 
-1.389915719974782e+00  1.757004625758272e+00 -1.389915719974782e+00  1.142046638719892e+00 -1.389915719974782e+00  1.431585541629533e+00 -1.389915719974782e+00  1.296194697797955e-01 -1.389915719974782e+00  5.278191975627918e-04 -1.389915719974782e+00  5.177649155798641e-01 -1.389915719974782e+00  2.635246825767354e-01 -1.389915719974782e+00  2.968516617944326e-03 
-1.385915719974782e+00  1.756189047678292e+00 -1.385915719974782e+00  1.142849290054179e+00 -1.385915719974782e+00  1.430447151166703e+00 -1.385915719974782e+00  1.299323133173099e-01 -1.385915719974782e+00  5.310562790120493e-04 -1.385915719974782e+00  5.190292944255107e-01 -1.385915719974782e+00  2.633857007824251e-01 -1.385915719974782e+00  2.965331013133781e-03 
-1.381915719974782e+00  1.755372510148989e+00 -1.381915719974782e+00  1.143652877865722e+00 -1.381915719974782e+00  1.429306962219121e+00 -1.381915719974782e+00  1.302444624720182e-01 -1.381915719974782e+00  5.342971683034130e-04 -1.381915719974782e+00  5.202946975330246e-01 -1.381915719974782e+00  2.632466947129742e-01 -1.381915719974782e+00  2.962141691583077e-03 
-1.377915719974782e+00  1.754555022176057e+00 -1.377915719974782e+00  1.144457394154844e+00 -1.377915719974782e+00  1.428164990213981e+00 -1.377915719974782e+00  1.305559196039982e-01 -1.377915719974782e+00  5.375418296660721e-04 -1.377915719974782e+00  5.215611153037936e-01 -1.377915719974782e+00  2.631076635997728e-01 -1.377915719974782e+00  2.958948685041752e-03 
-1.373915719974782e+00  1.753736592677680e+00 -1.373915719974782e+00  1.145262831047760e+00 -1.373915719974782e+00  1.427021250420011e+00 -1.373915719974782e+00  1.308666870767800e-01 -1.373915719974782e+00  5.407902276770254e-04 -1.373915719974782e+00  5.228285382673723e-01 -1.373915719974782e+00  2.629686066738673e-01 -1.373915719974782e+00  2.955752024759682e-03 
-1.369915719974782e+00  1.752917230476033e+00 -1.369915719974782e+00  1.146069180747331e+00 -1.369915719974782e+00  1.425875757944877e+00 -1.369915719974782e+00  1.311767672604151e-01 -1.369915719974782e+00  5.440423272947482e-04 -1.369915719974782e+00  5.240969570475792e-01 -1.369915719974782e+00  2.628295231729590e-01 -1.369915719974782e+00  2.952551741682574e-03 
-1.365915719974782e+00  1.752096944293183e+00 -1.365915719974782e+00  1.146876435505840e+00 -1.365915719974782e+00  1.424728527734568e+00 -1.365915719974782e+00  1.314861625328699e-01 -1.365915719974782e+00  5.472980938754857e-04 -1.365915719974782e+00  5.253663623435231e-01 -1.365915719974782e+00  2.626904123451724e-01 -1.365915719974782e+00  2.949347866559993e-03 
-1.361915719974782e+00  1.751275742768081e+00 -1.361915719974782e+00  1.147684587703516e+00 -1.361915719974782e+00  1.423579574582902e+00 -1.361915719974782e+00  1.317948752736484e-01 -1.361915719974782e+00  5.505574931058802e-04 -1.361915719974782e+00  5.266367449824219e-01 -1.361915719974782e+00  2.625512734373586e-01 -1.361915719974782e+00  2.946140429633644e-03 
-1.357915719974782e+00  1.750453634441453e+00 -1.357915719974782e+00  1.148493629766329e+00 -1.357915719974782e+00  1.422428913125623e+00 -1.357915719974782e+00  1.321029078692789e-01 -1.357915719974782e+00  5.538204910628129e-04 -1.357915719974782e+00  5.279080958633011e-01 -1.357915719974782e+00  2.624121057069155e-01 -1.357915719974782e+00  2.942929460963764e-03 
-1.353915719974782e+00  1.749630627763377e+00 -1.353915719974782e+00  1.149303554197642e+00 -1.353915719974782e+00  1.421276557845362e+00 -1.353915719974782e+00  1.324102627104362e-01 -1.353915719974782e+00  5.570870541834604e-04 -1.353915719974782e+00  5.291804059779951e-01 -1.353915719974782e+00  2.622729084169486e-01 -1.353915719974782e+00  2.939714990303395e-03 
-1.349915719974782e+00  1.748806731098651e+00 -1.349915719974782e+00  1.150114353598529e+00 -1.349915719974782e+00  1.420122523075532e+00 -1.349915719974782e+00  1.327169421899029e-01 -1.349915719974782e+00  5.603571492438565e-04 -1.349915719974782e+00  5.304536664244963e-01 -1.349915719974782e+00  2.621336808330980e-01 -1.349915719974782e+00  2.936497047017795e-03 
-1.345915719974782e+00  1.747981952715736e+00 -1.345915719974782e+00  1.150926020606330e+00 -1.345915719974782e+00  1.418966822996271e+00 -1.345915719974782e+00  1.330229487065468e-01 -1.345915719974782e+00  5.636307434028994e-04 -1.345915719974782e+00  5.317278683646998e-01 -1.345915719974782e+00  2.619944222323176e-01 -1.345915719974782e+00  2.933275660328255e-03 
-1.341915719974782e+00  1.747156300807873e+00 -1.341915719974782e+00  1.151738547993900e+00 -1.341915719974782e+00  1.417809471645972e+00 -1.341915719974782e+00  1.333282846575808e-01 -1.341915719974782e+00  5.669078041184600e-04 -1.341915719974782e+00  5.330030030914308e-01 -1.341915719974782e+00  2.618551318881667e-01 -1.341915719974782e+00  2.930050858918259e-03 
-1.337915719974782e+00  1.746329783472202e+00 -1.337915719974782e+00  1.152551928559162e+00 -1.337915719974782e+00  1.416650482912384e+00 -1.337915719974782e+00  1.336329524461049e-01 -1.337915719974782e+00  5.701882992302814e-04 -1.337915719974782e+00  5.342790619528700e-01 -1.337915719974782e+00  2.617158090867572e-01 -1.337915719974782e+00  2.926822671371782e-03 
-1.333915719974782e+00  1.745502408720778e+00 -1.333915719974782e+00  1.153366155174177e+00 -1.333915719974782e+00  1.415489870539200e+00 -1.333915719974782e+00  1.339369544770539e-01 -1.333915719974782e+00  5.734721969162591e-04 -1.333915719974782e+00  5.355560363854532e-01 -1.333915719974782e+00  2.615764531193818e-01 -1.333915719974782e+00  2.923591125978573e-03 
-1.329915719974782e+00  1.744674184487822e+00 -1.329915719974782e+00  1.154181220815105e+00 -1.329915719974782e+00  1.414327648130855e+00 -1.329915719974782e+00  1.342402931545710e-01 -1.329915719974782e+00  5.767594656636638e-04 -1.329915719974782e+00  5.368339179338316e-01 -1.329915719974782e+00  2.614370632779396e-01 -1.329915719974782e+00  2.920356250615212e-03 
-1.325915719974782e+00  1.743845118618517e+00 -1.325915719974782e+00  1.154997118500599e+00 -1.325915719974782e+00  1.413163829148233e+00 -1.325915719974782e+00  1.345429708860082e-01 -1.325915719974782e+00  5.800500743135810e-04 -1.325915719974782e+00  5.381126982084663e-01 -1.325915719974782e+00  2.612976388637483e-01 -1.325915719974782e+00  2.917118072989627e-03 
-1.321915719974782e+00  1.743015218880291e+00 -1.321915719974782e+00  1.155813841342056e+00 -1.321915719974782e+00  1.411998426915413e+00 -1.321915719974782e+00  1.348449900778691e-01 -1.321915719974782e+00  5.833439920161714e-04 -1.321915719974782e+00  5.393923689194237e-01 -1.321915719974782e+00  2.611581791800072e-01 -1.321915719974782e+00  2.913876620441699e-03 
-1.317915719974782e+00  1.742184492954245e+00 -1.317915719974782e+00  1.156631382495210e+00 -1.317915719974782e+00  1.410831454616604e+00 -1.317915719974782e+00  1.351463531388491e-01 -1.317915719974782e+00  5.866411882646281e-04 -1.317915719974782e+00  5.406729218429437e-01 -1.317915719974782e+00  2.610186835386817e-01 -1.317915719974782e+00  2.910631920135283e-03 
-1.313915719974782e+00  1.741352948445540e+00 -1.313915719974782e+00  1.157449735206124e+00 -1.313915719974782e+00  1.409662925302461e+00 -1.313915719974782e+00  1.354470624761412e-01 -1.313915719974782e+00  5.899416328540366e-04 -1.313915719974782e+00  5.419543488523431e-01 -1.313915719974782e+00  2.608791512535940e-01 -1.313915719974782e+00  2.907383998875758e-03 
-1.309915719974782e+00  1.740520592878206e+00 -1.309915719974782e+00  1.158268892779667e+00 -1.309915719974782e+00  1.408492851888647e+00 -1.309915719974782e+00  1.357471204972771e-01 -1.309915719974782e+00  5.932452959018932e-04 -1.309915719974782e+00  5.432366418961120e-01 -1.309915719974782e+00  2.607395816448453e-01 -1.309915719974782e+00  2.904132883235123e-03 
-1.305915719974782e+00  1.739687433699722e+00 -1.305915719974782e+00  1.159088848596782e+00 -1.305915719974782e+00  1.407321247159252e+00 -1.305915719974782e+00  1.360465296085194e-01 -1.305915719974782e+00  5.965521478299643e-04 -1.305915719974782e+00  5.445197930092516e-01 -1.305915719974782e+00  2.605999740361054e-01 -1.305915719974782e+00  2.900878599483432e-03 
-1.301915719974782e+00  1.738853478275832e+00 -1.301915719974782e+00  1.159909596083154e+00 -1.301915719974782e+00  1.406148123765302e+00 -1.301915719974782e+00  1.363452922166942e-01 -1.301915719974782e+00  5.998621593848591e-04 -1.301915719974782e+00  5.458037942914858e-01 -1.301915719974782e+00  2.604603277590120e-01 -1.301915719974782e+00  2.897621173713196e-03 
-1.297915719974782e+00  1.738018733899328e+00 -1.297915719974782e+00  1.160731128747416e+00 -1.297915719974782e+00  1.404973494230268e+00 -1.297915719974782e+00  1.366434107261218e-01 -1.297915719974782e+00  6.031753016031736e-04 -1.297915719974782e+00  5.470886379329045e-01 -1.297915719974782e+00  2.603206421474024e-01 -1.297915719974782e+00  2.894360631687639e-03 
-1.293915719974782e+00  1.737183207789912e+00 -1.293915719974782e+00  1.161553440175129e+00 -1.293915719974782e+00  1.403797370951091e+00 -1.293915719974782e+00  1.369408875387003e-01 -1.293915719974782e+00  6.064915458119893e-04 -1.293915719974782e+00  5.483743162094461e-01 -1.293915719974782e+00  2.601809165380206e-01 -1.293915719974782e+00  2.891096998864782e-03 
-1.289915719974782e+00  1.736346907084103e+00 -1.289915719974782e+00  1.162376523973337e+00 -1.289915719974782e+00  1.402619766194151e+00 -1.289915719974782e+00  1.372377250574476e-01 -1.289915719974782e+00  6.098108636690023e-04 -1.289915719974782e+00  5.496608214446573e-01 -1.289915719974782e+00  2.600411502784379e-01 -1.289915719974782e+00  2.887830300617294e-03 
-1.285915719974782e+00  1.735509838856518e+00 -1.285915719974782e+00  1.163200373870902e+00 -1.285915719974782e+00  1.401440692107087e+00 -1.285915719974782e+00  1.375339256791327e-01 -1.285915719974782e+00  6.131332270780020e-04 -1.285915719974782e+00  5.509481460777604e-01 -1.285915719974782e+00  2.599013427122169e-01 -1.285915719974782e+00  2.884560561834408e-03 
-1.281915719974782e+00  1.734672010096878e+00 -1.281915719974782e+00  1.164024983599341e+00 -1.281915719974782e+00  1.400260160708185e+00 -1.281915719974782e+00  1.378294918022912e-01 -1.281915719974782e+00  6.164586082801535e-04 -1.281915719974782e+00  5.522362825819244e-01 -1.281915719974782e+00  2.597614931961539e-01 -1.281915719974782e+00  2.881287807394799e-03 
-1.277915719974782e+00  1.733833427733095e+00 -1.277915719974782e+00  1.164850347002043e+00 -1.277915719974782e+00  1.399078183899130e+00 -1.277915719974782e+00  1.381244258192777e-01 -1.277915719974782e+00  6.197869797623526e-04 -1.277915719974782e+00  5.535252235384218e-01 -1.277915719974782e+00  2.596216010841441e-01 -1.277915719974782e+00  2.878012061733144e-03 
-1.273915719974782e+00  1.732994098618579e+00 -1.273915719974782e+00  1.165676457966453e+00 -1.273915719974782e+00  1.397894773459575e+00 -1.273915719974782e+00  1.384187301207069e-01 -1.273915719974782e+00  6.231183143076136e-04 -1.273915719974782e+00  5.548149615899521e-01 -1.273915719974782e+00  2.594816657369247e-01 -1.273915719974782e+00  2.874733349109301e-03 
-1.269915719974782e+00  1.732154029529449e+00 -1.269915719974782e+00  1.166503310405260e+00 -1.269915719974782e+00  1.396709941046679e+00 -1.269915719974782e+00  1.387124070964318e-01 -1.269915719974782e+00  6.264525850061170e-04 -1.269915719974782e+00  5.561054894273801e-01 -1.269915719974782e+00  2.593416865246579e-01 -1.269915719974782e+00  2.871451693682891e-03 
-1.265915719974782e+00  1.731313227185109e+00 -1.265915719974782e+00  1.167330898353218e+00 -1.265915719974782e+00  1.395523698206660e+00 -1.265915719974782e+00  1.390054591285693e-01 -1.265915719974782e+00  6.297897651735888e-04 -1.265915719974782e+00  5.573967998555134e-01 -1.265915719974782e+00  2.592016628126095e-01 -1.265915719974782e+00  2.868167119129084e-03 
-1.261915719974782e+00  1.730471698223379e+00 -1.261915719974782e+00  1.168159215839431e+00 -1.261915719974782e+00  1.394336056362980e+00 -1.261915719974782e+00  1.392978886000406e-01 -1.261915719974782e+00  6.331298284499108e-04 -1.261915719974782e+00  5.586888857054606e-01 -1.261915719974782e+00  2.590615939796593e-01 -1.261915719974782e+00  2.864879649145513e-03 
-1.257915719974782e+00  1.729629449228829e+00 -1.257915719974782e+00  1.168988257022299e+00 -1.257915719974782e+00  1.393147026831910e+00 -1.257915719974782e+00  1.395896978850003e-01 -1.257915719974782e+00  6.364727486867649e-04 -1.257915719974782e+00  5.599817399264769e-01 -1.257915719974782e+00  2.589214793984039e-01 -1.257915719974782e+00  2.861589306916591e-03 
-1.253915719974782e+00  1.728786486704919e+00 -1.253915719974782e+00  1.169818016047622e+00 -1.253915719974782e+00  1.391956620809088e+00 -1.253915719974782e+00  1.398808893583504e-01 -1.253915719974782e+00  6.398185000581391e-04 -1.253915719974782e+00  5.612753554886202e-01 -1.253915719974782e+00  2.587813184557509e-01 -1.253915719974782e+00  2.858296115676832e-03 
-1.249915719974782e+00  1.727942817101340e+00 -1.249915719974782e+00  1.170648487178412e+00 -1.249915719974782e+00  1.390764849384603e+00 -1.249915719974782e+00  1.401714653865526e-01 -1.249915719974782e+00  6.431670569518085e-04 -1.249915719974782e+00  5.625697254711142e-01 -1.249915719974782e+00  2.586411105337694e-01 -1.249915719974782e+00  2.855000098195440e-03 
-1.245915719974782e+00  1.727098446791247e+00 -1.245915719974782e+00  1.171479664678290e+00 -1.245915719974782e+00  1.389571723532101e+00 -1.245915719974782e+00  1.404614283353864e-01 -1.245915719974782e+00  6.465183940597456e-04 -1.245915719974782e+00  5.638648429822767e-01 -1.245915719974782e+00  2.585008550265928e-01 -1.245915719974782e+00  2.851701277239272e-03 
-1.241915719974782e+00  1.726253382089992e+00 -1.241915719974782e+00  1.172311542899215e+00 -1.241915719974782e+00  1.388377254119422e+00 -1.241915719974782e+00  1.407507805637056e-01 -1.241915719974782e+00  6.498724863037058e-04 -1.241915719974782e+00  5.651607012191414e-01 -1.241915719974782e+00  2.583605513274314e-01 -1.241915719974782e+00  2.848399675224588e-03 
-1.237915719974782e+00  1.725407629249406e+00 -1.237915719974782e+00  1.173144116248650e+00 -1.237915719974782e+00  1.387181451906541e+00 -1.237915719974782e+00  1.410395244254530e-01 -1.237915719974782e+00  6.532293088579499e-04 -1.237915719974782e+00  5.664572934446713e-01 -1.237915719974782e+00  2.582201988332173e-01 -1.237915719974782e+00  2.845095314347309e-03 
-1.233915719974782e+00  1.724561194458250e+00 -1.233915719974782e+00  1.173977379187565e+00 -1.233915719974782e+00  1.385984327546682e+00 -1.233915719974782e+00  1.413276622695898e-01 -1.233915719974782e+00  6.565888371474671e-04 -1.233915719974782e+00  5.677546129860469e-01 -1.233915719974782e+00  2.580797969447497e-01 -1.233915719974782e+00  2.841788216591073e-03 
-1.229915719974782e+00  1.723714083837406e+00 -1.229915719974782e+00  1.174811326202222e+00 -1.229915719974782e+00  1.384785891584661e+00 -1.229915719974782e+00  1.416151964417612e-01 -1.229915719974782e+00  6.599510468670031e-04 -1.229915719974782e+00  5.690526532149863e-01 -1.229915719974782e+00  2.579393450706716e-01 -1.229915719974782e+00  2.838478403839065e-03 
-1.225915719974782e+00  1.722866303456506e+00 -1.225915719974782e+00  1.175645951881635e+00 -1.225915719974782e+00  1.383586154466475e+00 -1.225915719974782e+00  1.419021292788696e-01 -1.225915719974782e+00  6.633159139150984e-04 -1.225915719974782e+00  5.703514076004592e-01 -1.225915719974782e+00  2.577988426159861e-01 -1.225915719974782e+00  2.835165897566696e-03 
-1.221915719974782e+00  1.722017859313582e+00 -1.221915719974782e+00  1.176481250813471e+00 -1.221915719974782e+00  1.382385126529455e+00 -1.221915719974782e+00  1.421884631159033e-01 -1.221915719974782e+00  6.666834144748741e-04 -1.221915719974782e+00  5.716508696370709e-01 -1.221915719974782e+00  2.576582889971453e-01 -1.221915719974782e+00  2.831850719254710e-03 
-1.217915719974782e+00  1.721168757353540e+00 -1.217915719974782e+00  1.177317217670296e+00 -1.217915719974782e+00  1.381182818012829e+00 -1.217915719974782e+00  1.424742002799068e-01 -1.217915719974782e+00  6.700535249406363e-04 -1.217915719974782e+00  5.729510329037864e-01 -1.217915719974782e+00  2.575176836292846e-01 -1.217915719974782e+00  2.828532890046922e-03 
-1.213915719974782e+00  1.720319003464647e+00 -1.213915719974782e+00  1.178153847188379e+00 -1.213915719974782e+00  1.379979239056705e+00 -1.213915719974782e+00  1.427593430912566e-01 -1.213915719974782e+00  6.734262219318771e-04 -1.213915719974782e+00  5.742518910491026e-01 -1.213915719974782e+00  2.573770259291762e-01 -1.213915719974782e+00  2.825212430834297e-03 
-1.209915719974782e+00  1.719468603463984e+00 -1.209915719974782e+00  1.178991134092102e+00 -1.209915719974782e+00  1.378774399695180e+00 -1.209915719974782e+00  1.430438938685058e-01 -1.209915719974782e+00  6.768014823509919e-04 -1.209915719974782e+00  5.755534377389272e-01 -1.209915719974782e+00  2.572363153261618e-01 -1.209915719974782e+00  2.821889362554980e-03 
-1.205915719974782e+00  1.718617563128861e+00 -1.205915719974782e+00  1.179829073243949e+00 -1.205915719974782e+00  1.377568309873793e+00 -1.205915719974782e+00  1.433278549182028e-01 -1.205915719974782e+00  6.801792832585645e-04 -1.205915719974782e+00  5.768556667590428e-01 -1.205915719974782e+00  2.570955512400447e-01 -1.205915719974782e+00  2.818563705599025e-03 
-1.201915719974782e+00  1.717765888163485e+00 -1.201915719974782e+00  1.180667659477259e+00 -1.201915719974782e+00  1.376360979432631e+00 -1.201915719974782e+00  1.436112285458775e-01 -1.201915719974782e+00  6.835596020056851e-04 -1.201915719974782e+00  5.781585719001776e-01 -1.201915719974782e+00  2.569547331054481e-01 -1.201915719974782e+00  2.815235480472144e-03 
-1.197915719974782e+00  1.716913584223033e+00 -1.197915719974782e+00  1.181506887710082e+00 -1.197915719974782e+00  1.375152418119893e+00 -1.197915719974782e+00  1.438940170482827e-01 -1.197915719974782e+00  6.869424161384010e-04 -1.197915719974782e+00  5.794621470357298e-01 -1.197915719974782e+00  2.568138603550013e-01 -1.197915719974782e+00  2.811904707343851e-03 
-1.193915719974782e+00  1.716060656905844e+00 -1.193915719974782e+00  1.182346752903010e+00 -1.193915719974782e+00  1.373942635588523e+00 -1.193915719974782e+00  1.441762227160414e-01 -1.193915719974782e+00  6.903277034286978e-04 -1.193915719974782e+00  5.807663860925472e-01 -1.193915719974782e+00  2.566729324253819e-01 -1.193915719974782e+00  2.808571406214794e-03 
-1.189915719974782e+00  1.715207111761228e+00 -1.189915719974782e+00  1.183187250093717e+00 -1.189915719974782e+00  1.372731641401145e+00 -1.189915719974782e+00  1.444578478312313e-01 -1.189915719974782e+00  6.937154418434666e-04 -1.189915719974782e+00  5.820712830743303e-01 -1.189915719974782e+00  2.565319487521198e-01 -1.189915719974782e+00  2.805235596779742e-03 
-1.185915719974782e+00  1.714352954269010e+00 -1.185915719974782e+00  1.184028374292914e+00 -1.185915719974782e+00  1.371519445019844e+00 -1.185915719974782e+00  1.447388946740711e-01 -1.185915719974782e+00  6.971056096257544e-04 -1.185915719974782e+00  5.833768319899715e-01 -1.185915719974782e+00  2.563909087847172e-01 -1.185915719974782e+00  2.801897298840420e-03 
-1.181915719974782e+00  1.713498189871549e+00 -1.181915719974782e+00  1.184870120637304e+00 -1.181915719974782e+00  1.370306055824084e+00 -1.181915719974782e+00  1.450193655127223e-01 -1.181915719974782e+00  7.004981851676418e-04 -1.181915719974782e+00  5.846830269581523e-01 -1.181915719974782e+00  2.562498119640964e-01 -1.181915719974782e+00  2.798556531698548e-03 
-1.177915719974782e+00  1.712642823949134e+00 -1.177915719974782e+00  1.185712484265475e+00 -1.177915719974782e+00  1.369091483098236e+00 -1.177915719974782e+00  1.452992626113048e-01 -1.177915719974782e+00  7.038931471078771e-04 -1.177915719974782e+00  5.859898621219499e-01 -1.177915719974782e+00  2.561086577406659e-01 -1.177915719974782e+00  2.795213314648370e-03 
-1.173915719974782e+00  1.711786861828522e+00 -1.173915719974782e+00  1.186555460356095e+00 -1.173915719974782e+00  1.367875736036864e+00 -1.173915719974782e+00  1.455785882272500e-01 -1.173915719974782e+00  7.072904742980246e-04 -1.173915719974782e+00  5.872973316747281e-01 -1.173915719974782e+00  2.559674455685933e-01 -1.173915719974782e+00  2.791867666825023e-03 
-1.169915719974782e+00  1.710930308791125e+00 -1.169915719974782e+00  1.187399044164246e+00 -1.169915719974782e+00  1.366658823749878e+00 -1.169915719974782e+00  1.458573446088072e-01 -1.169915719974782e+00  7.106901457699167e-04 -1.169915719974782e+00  5.886054298847979e-01 -1.169915719974782e+00  2.558261749003509e-01 -1.169915719974782e+00  2.788519607060395e-03 
-1.165915719974782e+00  1.710073170064521e+00 -1.165915719974782e+00  1.188243230976328e+00 -1.165915719974782e+00  1.365440755258644e+00 -1.165915719974782e+00  1.461355339978638e-01 -1.165915719974782e+00  7.140921407694027e-04 -1.165915719974782e+00  5.899141510641912e-01 -1.165915719974782e+00  2.556848451932043e-01 -1.165915719974782e+00  2.785169154062063e-03 
-1.161915719974782e+00  1.709215450822189e+00 -1.161915719974782e+00  1.189088016105383e+00 -1.161915719974782e+00  1.364221539496518e+00 -1.161915719974782e+00  1.464131586301218e-01 -1.161915719974782e+00  7.174964387573348e-04 -1.161915719974782e+00  5.912234895651710e-01 -1.161915719974782e+00  2.555434559097806e-01 -1.161915719974782e+00  2.781816326431874e-03 
-1.157915719974782e+00  1.708357156189089e+00 -1.157915719974782e+00  1.189933394914847e+00 -1.157915719974782e+00  1.363001185312559e+00 -1.157915719974782e+00  1.466902207334415e-01 -1.157915719974782e+00  7.209030193874652e-04 -1.157915719974782e+00  5.925334397962634e-01 -1.157915719974782e+00  2.554020065144593e-01 -1.157915719974782e+00  2.778461142571663e-03 
-1.153915719974782e+00  1.707498291247482e+00 -1.153915719974782e+00  1.190779362843317e+00 -1.153915719974782e+00  1.361779701475383e+00 -1.153915719974782e+00  1.469667225261324e-01 -1.153915719974782e+00  7.243118624833128e-04 -1.153915719974782e+00  5.938439962389920e-01 -1.153915719974782e+00  2.552604964696140e-01 -1.153915719974782e+00  2.775103620584963e-03 
-1.149915719974782e+00  1.706638861018426e+00 -1.149915719974782e+00  1.191625915311228e+00 -1.149915719974782e+00  1.360557096663729e+00 -1.149915719974782e+00  1.472426662228763e-01 -1.149915719974782e+00  7.277229481116369e-04 -1.149915719974782e+00  5.951551533835414e-01 -1.149915719974782e+00  2.551189252492040e-01 -1.149915719974782e+00  2.771743778647422e-03 
-1.145915719974782e+00  1.705778870486430e+00 -1.145915719974782e+00  1.192473047837479e+00 -1.145915719974782e+00  1.359333379480571e+00 -1.145915719974782e+00  1.475180540270992e-01 -1.145915719974782e+00  7.311362564845123e-04 -1.145915719974782e+00  5.964669058085657e-01 -1.145915719974782e+00  2.549772923215205e-01 -1.145915719974782e+00  2.768381634543831e-03 
-1.141915719974782e+00  1.704918324581858e+00 -1.141915719974782e+00  1.193320755950465e+00 -1.141915719974782e+00  1.358108558444151e+00 -1.141915719974782e+00  1.477928881366058e-01 -1.141915719974782e+00  7.345517680292377e-04 -1.141915719974782e+00  5.977792481198491e-01 -1.141915719974782e+00  2.548355971621465e-01 -1.141915719974782e+00  2.765017206021349e-03 
-1.137915719974782e+00  1.704057228190320e+00 -1.137915719974782e+00  1.194169035230592e+00 -1.137915719974782e+00  1.356882641993762e+00 -1.137915719974782e+00  1.480671707407550e-01 -1.137915719974782e+00  7.379694633510644e-04 -1.137915719974782e+00  5.990921749792399e-01 -1.137915719974782e+00  2.546938392475949e-01 -1.137915719974782e+00  2.761650510620701e-03 
-1.133915719974782e+00  1.703195586147776e+00 -1.133915719974782e+00  1.195017881283234e+00 -1.133915719974782e+00  1.355655638487669e+00 -1.133915719974782e+00  1.483409040220860e-01 -1.133915719974782e+00  7.413893232524935e-04 -1.133915719974782e+00  6.004056810858153e-01 -1.133915719974782e+00  2.545520180591693e-01 -1.133915719974782e+00  2.758281565783493e-03 
-1.129915719974782e+00  1.702333403249968e+00 -1.129915719974782e+00  1.195867289781353e+00 -1.129915719974782e+00  1.354427556208939e+00 -1.129915719974782e+00  1.486140901535257e-01 -1.129915719974782e+00  7.448113286960259e-04 -1.129915719974782e+00  6.017197612049294e-01 -1.129915719974782e+00  2.544101330765873e-01 -1.129915719974782e+00  2.754910388683119e-03 
-1.125915719974782e+00  1.701470684240180e+00 -1.125915719974782e+00  1.196717256403081e+00 -1.125915719974782e+00  1.353198403359298e+00 -1.125915719974782e+00  1.488867313022792e-01 -1.125915719974782e+00  7.482354608525914e-04 -1.125915719974782e+00  6.030344101250681e-01 -1.125915719974782e+00  2.542681837870502e-01 -1.125915719974782e+00  2.751536996472415e-03 
-1.121915719974782e+00  1.700607433827128e+00 -1.121915719974782e+00  1.197567776915211e+00 -1.121915719974782e+00  1.351968188069616e+00 -1.121915719974782e+00  1.491588296244364e-01 -1.121915719974782e+00  7.516617010306284e-04 -1.121915719974782e+00  6.043496227149778e-01 -1.121915719974782e+00  2.541261696728500e-01 -1.121915719974782e+00  2.748161405952365e-03 
-1.117915719974782e+00  1.699743656662625e+00 -1.117915719974782e+00  1.198418847062066e+00 -1.117915719974782e+00  1.350736918388153e+00 -1.117915719974782e+00  1.494303872719536e-01 -1.117915719974782e+00  7.550900307646610e-04 -1.117915719974782e+00  6.056653938470694e-01 -1.117915719974782e+00  2.539840902276184e-01 -1.117915719974782e+00  2.744783634013137e-03 
-1.113915719974782e+00  1.698879357361638e+00 -1.113915719974782e+00  1.199270462659670e+00 -1.113915719974782e+00  1.349504602292236e+00 -1.113915719974782e+00  1.497014063866050e-01 -1.113915719974782e+00  7.585204317357432e-04 -1.113915719974782e+00  6.069817184618782e-01 -1.113915719974782e+00  2.538419449423583e-01 -1.113915719974782e+00  2.741403697260282e-03 
-1.109915719974782e+00  1.698014540497148e+00 -1.109915719974782e+00  1.200122619567799e+00 -1.109915719974782e+00  1.348271247686003e+00 -1.109915719974782e+00  1.499718891016869e-01 -1.109915719974782e+00  7.619528857918073e-04 -1.109915719974782e+00  6.082985915486415e-01 -1.109915719974782e+00  2.536997333094537e-01 -1.109915719974782e+00  2.738021612125770e-03 
-1.105915719974782e+00  1.697149210592700e+00 -1.105915719974782e+00  1.200975313651030e+00 -1.105915719974782e+00  1.347036862396842e+00 -1.105915719974782e+00  1.502418375444015e-01 -1.105915719974782e+00  7.653873749772809e-04 -1.105915719974782e+00  6.096160081182808e-01 -1.105915719974782e+00  2.535574548283050e-01 -1.105915719974782e+00  2.734637395022471e-03 
-1.101915719974782e+00  1.696283372141557e+00 -1.101915719974782e+00  1.201828540868624e+00 -1.101915719974782e+00  1.345801454186595e+00 -1.101915719974782e+00  1.505112538301488e-01 -1.101915719974782e+00  7.688238814570142e-04 -1.101915719974782e+00  6.109339632649767e-01 -1.101915719974782e+00  2.534151089919788e-01 -1.101915719974782e+00  2.731251061987503e-03 
-1.097915719974782e+00  1.695417029580318e+00 -1.097915719974782e+00  1.202682297143926e+00 -1.097915719974782e+00  1.344565030737434e+00 -1.097915719974782e+00  1.507801400706512e-01 -1.097915719974782e+00  7.722623876209973e-04 -1.097915719974782e+00  6.122524520761379e-01 -1.097915719974782e+00  2.532726953063593e-01 -1.097915719974782e+00  2.727862629200483e-03 
-1.093915719974782e+00  1.694550187313606e+00 -1.093915719974782e+00  1.203536578481023e+00 -1.093915719974782e+00  1.343327599666160e+00 -1.093915719974782e+00  1.510484983665837e-01 -1.093915719974782e+00  7.757028759864061e-04 -1.093915719974782e+00  6.135714697124015e-01 -1.093915719974782e+00  2.531302132728507e-01 -1.093915719974782e+00  2.724472112520579e-03 
-1.089915719974782e+00  1.693682849704059e+00 -1.089915719974782e+00  1.204391380913669e+00 -1.089915719974782e+00  1.342089168519177e+00 -1.089915719974782e+00  1.513163308107273e-01 -1.089915719974782e+00  7.791453292372683e-04 -1.089915719974782e+00  6.148910113722973e-01 -1.089915719974782e+00  2.529876623958109e-01 -1.089915719974782e+00  2.721079527689307e-03 
-1.085915719974782e+00  1.692815021073234e+00 -1.085915719974782e+00  1.205246700506664e+00 -1.085915719974782e+00  1.340849744773523e+00 -1.085915719974782e+00  1.515836394878136e-01 -1.085915719974782e+00  7.825897302209206e-04 -1.085915719974782e+00  6.162110722929665e-01 -1.085915719974782e+00  2.528450421822436e-01 -1.085915719974782e+00  2.717684890324823e-03 
-1.081915719974782e+00  1.691946705704214e+00 -1.081915719974782e+00  1.206102533365960e+00 -1.081915719974782e+00  1.339609335838859e+00 -1.081915719974782e+00  1.518504264738551e-01 -1.081915719974782e+00  7.860360619375987e-04 -1.081915719974782e+00  6.175316477569115e-01 -1.081915719974782e+00  2.527023521402181e-01 -1.081915719974782e+00  2.714288215882072e-03 
-1.077915719974782e+00  1.691077907835710e+00 -1.077915719974782e+00  1.206958875607536e+00 -1.077915719974782e+00  1.338367949054675e+00 -1.077915719974782e+00  1.521166938380295e-01 -1.077915719974782e+00  7.894843075639229e-04 -1.077915719974782e+00  6.188527330703697e-01 -1.077915719974782e+00  2.525595917833690e-01 -1.077915719974782e+00  2.710889519776169e-03 
-1.073915719974782e+00  1.690208631673610e+00 -1.073915719974782e+00  1.207815723410300e+00 -1.073915719974782e+00  1.337125591697299e+00 -1.073915719974782e+00  1.523824436393416e-01 -1.073915719974782e+00  7.929344504069989e-04 -1.073915719974782e+00  6.201743235994940e-01 -1.073915719974782e+00  2.524167606229852e-01 -1.073915719974782e+00  2.707488817172429e-03 
-1.069915719974782e+00  1.689338881380231e+00 -1.069915719974782e+00  1.208673072961907e+00 -1.069915719974782e+00  1.335882270974355e+00 -1.069915719974782e+00  1.526476779299457e-01 -1.069915719974782e+00  7.963864739470485e-04 -1.069915719974782e+00  6.214964147328785e-01 -1.069915719974782e+00  2.522738581759266e-01 -1.069915719974782e+00  2.704086123201488e-03 
-1.065915719974782e+00  1.688468661086028e+00 -1.065915719974782e+00  1.209530920512400e+00 -1.065915719974782e+00  1.334637994031854e+00 -1.065915719974782e+00  1.529123987517891e-01 -1.065915719974782e+00  7.998403617910220e-04 -1.065915719974782e+00  6.228190019182629e-01 -1.065915719974782e+00  2.521308839566023e-01 -1.065915719974782e+00  2.700681452746417e-03 
-1.061915719974782e+00  1.687597974877739e+00 -1.061915719974782e+00  1.210389262314679e+00 -1.061915719974782e+00  1.333392767948016e+00 -1.061915719974782e+00  1.531766081402365e-01 -1.061915719974782e+00  8.032960977195419e-04 -1.061915719974782e+00  6.241420806213622e-01 -1.061915719974782e+00  2.519878374856790e-01 -1.061915719974782e+00  2.697274820678869e-03 
-1.057915719974782e+00  1.686726826811928e+00 -1.057915719974782e+00  1.211248094687245e+00 -1.057915719974782e+00  1.332146599741404e+00 -1.057915719974782e+00  1.534403081201911e-01 -1.057915719974782e+00  8.067536656332704e-04 -1.057915719974782e+00  6.254656463688594e-01 -1.057915719974782e+00  2.518447182807137e-01 -1.057915719974782e+00  2.693866241610162e-03 
-1.053915719974782e+00  1.685855220896543e+00 -1.053915719974782e+00  1.212107413922921e+00 -1.053915719974782e+00  1.330899496360945e+00 -1.053915719974782e+00  1.537035007116336e-01 -1.053915719974782e+00  8.102130496259586e-04 -1.053915719974782e+00  6.267896946853696e-01 -1.053915719974782e+00  2.517015258695743e-01 -1.053915719974782e+00  2.690455730253572e-03 
-1.049915719974782e+00  1.684983161116212e+00 -1.049915719974782e+00  1.212967216408112e+00 -1.049915719974782e+00  1.329651464700766e+00 -1.049915719974782e+00  1.539661879223019e-01 -1.049915719974782e+00  8.136742338841525e-04 -1.049915719974782e+00  6.281142211753541e-01 -1.049915719974782e+00  2.515582597726967e-01 -1.049915719974782e+00  2.687043300950881e-03 
-1.045915719974782e+00  1.684110651415732e+00 -1.045915719974782e+00  1.213827498541063e+00 -1.045915719974782e+00  1.328402511591289e+00 -1.045915719974782e+00  1.542283717526677e-01 -1.045915719974782e+00  8.171372027526747e-04 -1.045915719974782e+00  6.294392214666548e-01 -1.045915719974782e+00  2.514149195150988e-01 -1.045915719974782e+00  2.683628967996950e-03 
-1.041915719974782e+00  1.683237695697698e+00 -1.041915719974782e+00  1.214688256718031e+00 -1.041915719974782e+00  1.327152643798336e+00 -1.041915719974782e+00  1.544900541967283e-01 -1.041915719974782e+00  8.206019407440387e-04 -1.041915719974782e+00  6.307646912007823e-01 -1.041915719974782e+00  2.512715046283502e-01 -1.041915719974782e+00  2.680212745694511e-03 
-1.037915719974782e+00  1.682364297841958e+00 -1.037915719974782e+00  1.215549487424397e+00 -1.037915719974782e+00  1.325901868034662e+00 -1.037915719974782e+00  1.547512372364468e-01 -1.037915719974782e+00  8.240684324612216e-04 -1.037915719974782e+00  6.320906260954696e-01 -1.037915719974782e+00  2.511280146369805e-01 -1.037915719974782e+00  2.676794647992545e-03 
-1.033915719974782e+00  1.681490461682316e+00 -1.033915719974782e+00  1.216411187120600e+00 -1.033915719974782e+00  1.324650190947134e+00 -1.033915719974782e+00  1.550119228486609e-01 -1.033915719974782e+00  8.275366626901619e-04 -1.033915719974782e+00  6.334170218659378e-01 -1.033915719974782e+00  2.509844490753093e-01 -1.033915719974782e+00  2.673374688939070e-03 
-1.029915719974782e+00  1.680616191024373e+00 -1.029915719974782e+00  1.217273352325355e+00 -1.029915719974782e+00  1.323397619127339e+00 -1.029915719974782e+00  1.552721129999969e-01 -1.029915719974782e+00  8.310066163288790e-04 -1.029915719974782e+00  6.347438742820306e-01 -1.029915719974782e+00  2.508408074750212e-01 -1.029915719974782e+00  2.669952882350769e-03 
-1.025915719974782e+00  1.679741489639520e+00 -1.025915719974782e+00  1.218135979584625e+00 -1.025915719974782e+00  1.322144159108610e+00 -1.025915719974782e+00  1.555318096487402e-01 -1.025915719974782e+00  8.344782784113800e-04 -1.025915719974782e+00  6.360711791466622e-01 -1.025915719974782e+00  2.506970893696885e-01 -1.025915719974782e+00  2.666529241936218e-03 
-1.021915719974782e+00  1.678866361263074e+00 -1.021915719974782e+00  1.218999065460585e+00 -1.021915719974782e+00  1.320889817365373e+00 -1.021915719974782e+00  1.557910147454795e-01 -1.021915719974782e+00  8.379516341149849e-04 -1.021915719974782e+00  6.373989322880455e-01 -1.021915719974782e+00  2.505532942963296e-01 -1.021915719974782e+00  2.663103781339654e-03 
-1.017915719974782e+00  1.677990809601349e+00 -1.017915719974782e+00  1.219862606563099e+00 -1.017915719974782e+00  1.319634600317641e+00 -1.017915719974782e+00  1.560497302311888e-01 -1.017915719974782e+00  8.414266687323607e-04 -1.017915719974782e+00  6.387271295811929e-01 -1.017915719974782e+00  2.504094217906524e-01 -1.017915719974782e+00  2.659676514016012e-03 
-1.013915719974782e+00  1.677114838325159e+00 -1.013915719974782e+00  1.220726599516557e+00 -1.013915719974782e+00  1.318378514327702e+00 -1.013915719974782e+00  1.563079580392029e-01 -1.013915719974782e+00  8.449033676971654e-04 -1.013915719974782e+00  6.400557669249034e-01 -1.013915719974782e+00  2.502654713919037e-01 -1.013915719974782e+00  2.656247453362577e-03 
-1.009915719974782e+00  1.676238451071676e+00 -1.009915719974782e+00  1.221591040966726e+00 -1.009915719974782e+00  1.317121565701592e+00 -1.009915719974782e+00  1.565657000947986e-01 -1.009915719974782e+00  8.483817165767895e-04 -1.009915719974782e+00  6.413848402463160e-01 -1.009915719974782e+00  2.501214426417774e-01 -1.009915719974782e+00  2.652816612691813e-03 
-1.005915719974782e+00  1.675361651453688e+00 -1.005915719974782e+00  1.222455927622750e+00 -1.005915719974782e+00  1.315863760694855e+00 -1.005915719974782e+00  1.568229583126612e-01 -1.005915719974782e+00  8.518617010355434e-04 -1.005915719974782e+00  6.427143455296764e-01 -1.005915719974782e+00  2.499773350780877e-01 -1.005915719974782e+00  2.649384005064669e-03 
-1.001915719974782e+00  1.674484443044206e+00 -1.001915719974782e+00  1.223321256181489e+00 -1.001915719974782e+00  1.314605105504062e+00 -1.001915719974782e+00  1.570797346013958e-01 -1.001915719974782e+00  8.553433068957811e-04 -1.001915719974782e+00  6.440442787640377e-01 -1.001915719974782e+00  2.498331482459462e-01 -1.001915719974782e+00  2.645949643590783e-03 
-9.979157199747819e-01  1.673606829385467e+00 -9.979157199747819e-01  1.224187023368719e+00 -9.979157199747819e-01  1.313345606272403e+00 -9.979157199747819e-01  1.573360308610560e-01 -9.979157199747819e-01  8.588265201021229e-04 -9.979157199747819e-01  6.453746359714989e-01 -9.979157199747819e-01  2.496888816915655e-01 -9.979157199747819e-01  2.642513541265076e-03 
-9.939157199747819e-01  1.672728813996923e+00 -9.939157199747819e-01  1.225053225974974e+00 -9.939157199747819e-01  1.312085269094702e+00 -9.939157199747819e-01  1.575918489810032e-01 -9.939157199747819e-01  8.623113266898097e-04 -9.939157199747819e-01  6.467054132317209e-01 -9.939157199747819e-01  2.495445349568417e-01 -9.939157199747819e-01  2.639075710825457e-03 
-9.899157199747819e-01  1.671850400358967e+00 -9.899157199747819e-01  1.225919860775955e+00 -9.899157199747819e-01  1.310824100008406e+00 -9.899157199747819e-01  1.578471908446272e-01 -9.899157199747819e-01  8.657977128492198e-04 -9.899157199747819e-01  6.480366066269393e-01 -9.899157199747819e-01  2.494001075911354e-01 -9.899157199747819e-01  2.635636165068705e-03 
-9.859157199747819e-01  1.670971591927977e+00 -9.859157199747819e-01  1.226786924602461e+00 -9.859157199747819e-01  1.309562105002655e+00 -9.859157199747819e-01  1.581020583251981e-01 -9.859157199747819e-01  8.692856648662063e-04 -9.859157199747819e-01  6.493682122899929e-01 -9.859157199747819e-01  2.492555991407812e-01 -9.859157199747819e-01  2.632194916572893e-03 
-9.819157199747819e-01  1.670092392125714e+00 -9.819157199747819e-01  1.227654414287681e+00 -9.819157199747819e-01  1.308299290012539e+00 -9.819157199747819e-01  1.583564532889690e-01 -9.819157199747819e-01  8.727751691641307e-04 -9.819157199747819e-01  6.507002263678441e-01 -9.819157199747819e-01  2.491110091568725e-01 -9.819157199747819e-01  2.628751977906616e-03 
-9.779157199747819e-01  1.669212804345602e+00 -9.779157199747819e-01  1.228522326695293e+00 -9.779157199747819e-01  1.307035660923099e+00 -9.779157199747819e-01  1.586103775935131e-01 -9.779157199747819e-01  8.762662122789866e-04 -9.779157199747819e-01  6.520326450407895e-01 -9.779157199747819e-01  2.489663371910063e-01 -9.779157199747819e-01  2.625307361517492e-03 
-9.739157199747819e-01  1.668332831954478e+00 -9.739157199747819e-01  1.229390658726020e+00 -9.739157199747819e-01  1.305771223570718e+00 -9.739157199747819e-01  1.588638330873427e-01 -9.739157199747819e-01  8.797587808523849e-04 -9.739157199747819e-01  6.533654645268283e-01 -9.739157199747819e-01  2.488215827942288e-01 -9.739157199747819e-01  2.621861079706092e-03 
-9.699157199747819e-01  1.667452478292282e+00 -9.699157199747819e-01  1.230259407314021e+00 -9.699157199747819e-01  1.304505983743323e+00 -9.699157199747819e-01  1.591168216101168e-01 -9.699157199747819e-01  8.832528616328569e-04 -9.699157199747819e-01  6.546986810790318e-01 -9.699157199747819e-01  2.486767455175026e-01 -9.699157199747819e-01  2.618413144640274e-03 
-9.659157199747819e-01  1.666571746663116e+00 -9.659157199747819e-01  1.231128569382679e+00 -9.659157199747819e-01  1.303239947175518e+00 -9.659157199747819e-01  1.593693449952347e-01 -9.659157199747819e-01  8.867484415112734e-04 -9.659157199747819e-01  6.560322909549187e-01 -9.659157199747819e-01  2.485318249182488e-01 -9.659157199747819e-01  2.614963568530717e-03 
-9.619157199747819e-01  1.665690640349238e+00 -9.619157199747819e-01  1.231998141909255e+00 -9.619157199747819e-01  1.301973119557105e+00 -9.619157199747819e-01  1.596214050660401e-01 -9.619157199747819e-01  8.902455074653298e-04 -9.619157199747819e-01  6.573662904608650e-01 -9.619157199747819e-01  2.483868205506142e-01 -9.619157199747819e-01  2.611512363374166e-03 
-9.579157199747819e-01  1.664809162602085e+00 -9.579157199747819e-01  1.232868121880500e+00 -9.579157199747819e-01  1.300705506528194e+00 -9.579157199747819e-01  1.598730036384296e-01 -9.579157199747819e-01  8.937440465951497e-04 -9.579157199747819e-01  6.587006759213772e-01 -9.579157199747819e-01  2.482417319720447e-01 -9.579157199747819e-01  2.608059541129796e-03 
-9.539157199747819e-01  1.663927316650782e+00 -9.539157199747819e-01  1.233738506331192e+00 -9.539157199747819e-01  1.299437113684526e+00 -9.539157199747819e-01  1.601241425186025e-01 -9.539157199747819e-01  8.972440460895523e-04 -9.539157199747819e-01  6.600354437055138e-01 -9.539157199747819e-01  2.480965587374514e-01 -9.539157199747819e-01  2.604605113566159e-03 
-9.499157199747819e-01  1.663045105690545e+00 -9.499157199747819e-01  1.234609292287266e+00 -9.499157199747819e-01  1.298167946571035e+00 -9.499157199747819e-01  1.603748235063751e-01 -9.499157199747819e-01  9.007454932720605e-04 -9.499157199747819e-01  6.613705901875301e-01 -9.499157199747819e-01  2.479513004076517e-01 -9.499157199747819e-01  2.601149092486828e-03 
-9.459157199747819e-01  1.662162532896610e+00 -9.459157199747819e-01  1.235480476830395e+00 -9.459157199747819e-01  1.296898010690338e+00 -9.459157199747819e-01  1.606250483914317e-01 -9.459157199747819e-01  9.042483755455486e-04 -9.459157199747819e-01  6.627061117912747e-01 -9.459157199747819e-01  2.478059565396467e-01 -9.459157199747819e-01  2.597691489474254e-03 
-9.419157199747819e-01  1.661279601407562e+00 -9.419157199747819e-01  1.236352057016983e+00 -9.419157199747819e-01  1.295627311493284e+00 -9.419157199747819e-01  1.608748189580282e-01 -9.419157199747819e-01  9.077526804585190e-04 -9.419157199747819e-01  6.640420049342010e-01 -9.419157199747819e-01  2.476605266986842e-01 -9.419157199747819e-01  2.594232316211126e-03 
-9.379157199747818e-01  1.660396314346058e+00 -9.379157199747818e-01  1.237224029974824e+00 -9.379157199747818e-01  1.294355854391460e+00 -9.379157199747818e-01  1.611241369793899e-01 -9.379157199747818e-01  9.112583956227643e-04 -9.379157199747818e-01  6.653782660938626e-01 -9.379157199747818e-01  2.475150104437166e-01 -9.379157199747818e-01  2.590771584096798e-03 
-9.339157199747818e-01  1.659512674806896e+00 -9.339157199747818e-01  1.238096392844903e+00 -9.339157199747818e-01  1.293083644750507e+00 -9.339157199747818e-01  1.613730042211048e-01 -9.339157199747818e-01  9.147655087607496e-04 -9.339157199747818e-01  6.667148917676664e-01 -9.339157199747818e-01  2.473694073360548e-01 -9.339157199747818e-01  2.587309304478270e-03 
-9.299157199747818e-01  1.658628685856094e+00 -9.299157199747818e-01  1.238969142775298e+00 -9.299157199747818e-01  1.291810687889897e+00 -9.299157199747818e-01  1.616214224414701e-01 -9.299157199747818e-01  9.182740077092631e-04 -9.299157199747818e-01  6.680518784685354e-01 -9.299157199747818e-01  2.472237169402283e-01 -9.299157199747818e-01  2.583845488674425e-03 
-9.259157199747818e-01  1.657744350534481e+00 -9.259157199747818e-01  1.239842276936575e+00 -9.259157199747818e-01  1.290536989085358e+00 -9.259157199747818e-01  1.618693933906096e-01 -9.259157199747818e-01  9.217838804051738e-04 -9.259157199747818e-01  6.693892227353898e-01 -9.259157199747818e-01  2.470779388216136e-01 -9.259157199747818e-01  2.580380147914852e-03 
-9.219157199747818e-01  1.656859671859925e+00 -9.219157199747818e-01  1.240715792530875e+00 -9.219157199747818e-01  1.289262553570503e+00 -9.219157199747818e-01  1.621169188099686e-01 -9.219157199747818e-01  9.252951148765431e-04 -9.219157199747818e-01  6.707269211392831e-01 -9.219157199747818e-01  2.469320725450100e-01 -9.219157199747818e-01  2.576913293303852e-03 
-9.179157199747818e-01  1.655974652826933e+00 -9.179157199747818e-01  1.241589686788192e+00 -9.179157199747818e-01  1.287987386536914e+00 -9.179157199747818e-01  1.623640004325323e-01 -9.179157199747818e-01  9.288076992442520e-04 -9.179157199747818e-01  6.720649702807114e-01 -9.179157199747818e-01  2.467861176751349e-01 -9.179157199747818e-01  2.573444935835146e-03 
-9.139157199747818e-01  1.655089296398272e+00 -9.139157199747818e-01  1.242463956925300e+00 -9.139157199747818e-01  1.286711493129478e+00 -9.139157199747818e-01  1.626106399851891e-01 -9.139157199747818e-01  9.323216217552435e-04 -9.139157199747818e-01  6.734033667611673e-01 -9.139157199747818e-01  2.466400737827461e-01 -9.139157199747818e-01  2.569975086554977e-03 
-9.099157199747818e-01  1.654203605526412e+00 -9.099157199747818e-01  1.243338600245656e+00 -9.099157199747818e-01  1.285434878459391e+00 -9.099157199747818e-01  1.628568391830356e-01 -9.099157199747818e-01  9.358368706973894e-04 -9.099157199747818e-01  6.747421072518980e-01 -9.099157199747818e-01  2.464939404295512e-01 -9.099157199747818e-01  2.566503756165520e-03 
-9.059157199747818e-01  1.653317583124550e+00 -9.059157199747818e-01  1.244213614000722e+00 -9.059157199747818e-01  1.284157547587289e+00 -9.059157199747818e-01  1.631025997373015e-01 -9.059157199747818e-01  9.393534345145384e-04 -9.059157199747818e-01  6.760811883981711e-01 -9.059157199747818e-01  2.463477171890186e-01 -9.059157199747818e-01  2.563030955575309e-03 
-9.019157199747818e-01  1.652431232090662e+00 -9.019157199747818e-01  1.245088995502244e+00 -9.019157199747818e-01  1.282879505537793e+00 -9.019157199747818e-01  1.633479233489538e-01 -9.019157199747818e-01  9.428713017110001e-04 -9.019157199747818e-01  6.774206068965571e-01 -9.019157199747818e-01  2.462014036294244e-01 -9.019157199747818e-01  2.559556695453626e-03 
-8.979157199747818e-01  1.651544555299680e+00 -8.979157199747818e-01  1.245964742083822e+00 -8.979157199747818e-01  1.281600757295166e+00 -8.979157199747818e-01  1.635928117109137e-01 -8.979157199747818e-01  9.463904608826355e-04 -8.979157199747818e-01  6.787603594683280e-01 -8.979157199747818e-01  2.460549993195771e-01 -8.979157199747818e-01  2.556080986383029e-03 
-8.939157199747818e-01  1.650657555599033e+00 -8.939157199747818e-01  1.246840851078244e+00 -8.939157199747818e-01  1.280321307800949e+00 -8.939157199747818e-01  1.638372665093421e-01 -8.939157199747818e-01  9.499109007345109e-04 -8.939157199747818e-01  6.801004428436953e-01 -8.939157199747818e-01  2.459085038321806e-01 -8.939157199747818e-01  2.552603838949276e-03 
-8.899157199747818e-01  1.649770235818172e+00 -8.899157199747818e-01  1.247717319861105e+00 -8.899157199747818e-01  1.279041161959909e+00 -8.899157199747818e-01  1.640812894211908e-01 -8.899157199747818e-01  9.534326100431422e-04 -8.899157199747818e-01  6.814408537917847e-01 -8.899157199747818e-01  2.457619167372026e-01 -8.899157199747818e-01  2.549125263568263e-03 
-8.859157199747818e-01  1.648882598761303e+00 -8.859157199747818e-01  1.248594145815018e+00 -8.859157199747818e-01  1.277760324635988e+00 -8.859157199747818e-01  1.643248821162388e-01 -8.859157199747818e-01  9.569555776852690e-04 -8.859157199747818e-01  6.827815890958320e-01 -8.859157199747818e-01  2.456152376072173e-01 -8.859157199747818e-01  2.545645270628016e-03 
-8.819157199747818e-01  1.647994647210077e+00 -8.819157199747818e-01  1.249471326340963e+00 -8.819157199747818e-01  1.276478800654187e+00 -8.819157199747818e-01  1.645680462564698e-01 -8.819157199747818e-01  9.604797926272302e-04 -8.819157199747818e-01  6.841226455608975e-01 -8.819157199747818e-01  2.454684660156392e-01 -8.819157199747818e-01  2.542163870443621e-03 
-8.779157199747818e-01  1.647106383927709e+00 -8.779157199747818e-01  1.250348858876166e+00 -8.779157199747818e-01  1.275196594803297e+00 -8.779157199747818e-01  1.648107834950781e-01 -8.779157199747818e-01  9.640052439086073e-04 -8.779157199747818e-01  6.854640200260893e-01 -8.779157199747818e-01  2.453216015339706e-01 -8.779157199747818e-01  2.538681073186375e-03 
-8.739157199747818e-01  1.646217811649362e+00 -8.739157199747818e-01  1.251226740847480e+00 -8.739157199747818e-01  1.273913711830421e+00 -8.739157199747818e-01  1.650530954791047e-01 -8.739157199747818e-01  9.675319206803256e-04 -8.739157199747818e-01  6.868057093322957e-01 -8.739157199747818e-01  2.451746437387942e-01 -8.739157199747818e-01  2.535196889068743e-03 
-8.699157199747818e-01  1.645328933092561e+00 -8.699157199747818e-01  1.252104969719136e+00 -8.699157199747818e-01  1.272630156447464e+00 -8.699157199747818e-01  1.652949838467795e-01 -8.699157199747818e-01  9.710598121634244e-04 -8.699157199747818e-01  6.881477103550044e-01 -8.699157199747818e-01  2.450275922045010e-01 -8.699157199747818e-01  2.531711328154787e-03 
-8.659157199747818e-01  1.644439750955478e+00 -8.659157199747818e-01  1.252983542983170e+00 -8.659157199747818e-01  1.271345933330374e+00 -8.659157199747818e-01  1.655364502280702e-01 -8.659157199747818e-01  9.745889076557770e-04 -8.659157199747818e-01  6.894900199976048e-01 -8.659157199747818e-01  2.448804465046855e-01 -8.659157199747818e-01  2.528224400398270e-03 
-8.619157199747818e-01  1.643550267911622e+00 -8.619157199747818e-01  1.253862458133146e+00 -8.619157199747818e-01  1.270061047116226e+00 -8.619157199747818e-01  1.657774962461734e-01 -8.619157199747818e-01  9.781191965531886e-04 -8.619157199747818e-01  6.908326351731428e-01 -8.619157199747818e-01  2.447332062160698e-01 -8.619157199747818e-01  2.524736115746837e-03 
-8.579157199747818e-01  1.642660486611595e+00 -8.579157199747818e-01  1.254741712671221e+00 -8.579157199747818e-01  1.268775502404512e+00 -8.579157199747818e-01  1.660181235171388e-01 -8.579157199747818e-01  9.816506683424382e-04 -8.579157199747818e-01  6.921755528090977e-01 -8.579157199747818e-01  2.445858709173923e-01 -8.579157199747818e-01  2.521246484114081e-03 
-8.539157199747818e-01  1.641770409695710e+00 -8.539157199747818e-01  1.255621304165962e+00 -8.539157199747818e-01  1.267489303764990e+00 -8.539157199747818e-01  1.662583336466562e-01 -8.539157199747818e-01  9.851833125511390e-04 -8.539157199747818e-01  6.935187698871478e-01 -8.539157199747818e-01  2.444384401805864e-01 -8.539157199747818e-01  2.517755515150003e-03 
-8.499157199747818e-01  1.640880039770107e+00 -8.499157199747818e-01  1.256501230138921e+00 -8.499157199747818e-01  1.266202455723574e+00 -8.499157199747818e-01  1.664981282364049e-01 -8.499157199747818e-01  9.887171188426511e-04 -8.499157199747818e-01  6.948622833648469e-01 -8.499157199747818e-01  2.442909135879320e-01 -8.499157199747818e-01  2.514263218691190e-03 
-8.459157199747818e-01  1.639989379430120e+00 -8.459157199747818e-01  1.257381488173206e+00 -8.459157199747818e-01  1.264914962776626e+00 -8.459157199747818e-01  1.667375088780221e-01 -8.459157199747818e-01  9.922520769231962e-04 -8.459157199747818e-01  6.962060902503900e-01 -8.459157199747818e-01  2.441432907155398e-01 -8.459157199747818e-01  2.510769604329914e-03 
-8.419157199747818e-01  1.639098431251298e+00 -8.419157199747818e-01  1.258262075869870e+00 -8.419157199747818e-01  1.263626829385813e+00 -8.419157199747818e-01  1.669764771555543e-01 -8.419157199747818e-01  9.957881765776020e-04 -8.419157199747818e-01  6.975501875724410e-01 -8.419157199747818e-01  2.439955711399160e-01 -8.419157199747818e-01  2.507274681587267e-03 
-8.379157199747818e-01  1.638207197783948e+00 -8.379157199747818e-01  1.259142990821210e+00 -8.379157199747818e-01  1.262338059975047e+00 -8.379157199747818e-01  1.672150346469535e-01 -8.379157199747818e-01  9.993254076908695e-04 -8.379157199747818e-01  6.988945723616240e-01 -8.379157199747818e-01  2.438477544419727e-01 -8.379157199747818e-01  2.503778460019060e-03 
-8.339157199747818e-01  1.637315681563176e+00 -8.339157199747818e-01  1.260024230656590e+00 -8.339157199747818e-01  1.261048658936780e+00 -8.339157199747818e-01  1.674531829215612e-01 -8.339157199747818e-01  1.002863760208398e-03 -8.339157199747818e-01  7.002392416820183e-01 -8.339157199747818e-01  2.436998402000179e-01 -8.339157199747818e-01  2.500280949033997e-03 
-8.299157199747818e-01  1.636423885099833e+00 -8.299157199747818e-01  1.260905792998863e+00 -8.299157199747818e-01  1.259758630626772e+00 -8.299157199747818e-01  1.676909235425387e-01 -8.299157199747818e-01  1.006403224171868e-03 -8.299157199747818e-01  7.015841926010092e-01 -8.299157199747818e-01  2.435518279963381e-01 -8.299157199747818e-01  2.496782158066616e-03 
-8.259157199747817e-01  1.635531810894928e+00 -8.259157199747817e-01  1.261787675530529e+00 -8.259157199747817e-01  1.258467979373039e+00 -8.259157199747817e-01  1.679282580632341e-01 -8.259157199747817e-01  1.009943789662034e-03 -8.259157199747817e-01  7.029294222348164e-01 -8.259157199747817e-01  2.434037174070805e-01 -8.259157199747817e-01  2.493282096314761e-03 
-8.219157199747817e-01  1.634639461423463e+00 -8.219157199747817e-01  1.262669875916967e+00 -8.219157199747817e-01  1.257176709466303e+00 -8.219157199747817e-01  1.681651880314435e-01 -8.219157199747817e-01  1.013485446862924e-03 -8.219157199747817e-01  7.042749276954581e-01 -8.219157199747817e-01  2.432555080138898e-01 -8.219157199747817e-01  2.489780773044152e-03 
-8.179157199747817e-01  1.633746839141629e+00 -8.179157199747817e-01  1.263552391839023e+00 -8.179157199747817e-01  1.255884825164576e+00 -8.179157199747817e-01  1.684017149876344e-01 -8.179157199747817e-01  1.017028186033242e-03 -8.179157199747817e-01  7.056207061131343e-01 -8.179157199747817e-01  2.431071993989115e-01 -8.179157199747817e-01  2.486278197459192e-03 
-8.139157199747817e-01  1.632853946490234e+00 -8.139157199747817e-01  1.264435221007751e+00 -8.139157199747817e-01  1.254592330695451e+00 -8.139157199747817e-01  1.686378404641501e-01 -8.139157199747817e-01  1.020571997492721e-03 -8.139157199747817e-01  7.069667546462938e-01 -8.139157199747817e-01  2.429587911424937e-01 -8.139157199747817e-01  2.482774378644395e-03 
-8.099157199747817e-01  1.631960785892473e+00 -8.099157199747817e-01  1.265318361152842e+00 -8.099157199747817e-01  1.253299230254986e+00 -8.099157199747817e-01  1.688735659858799e-01 -8.099157199747817e-01  1.024116871631090e-03 -8.099157199747817e-01  7.083130704735624e-01 -8.099157199747817e-01  2.428102828249022e-01 -8.099157199747817e-01  2.479269325610247e-03 
-8.059157199747817e-01  1.631067359749415e+00 -8.059157199747817e-01  1.266201810000584e+00 -8.059157199747817e-01  1.252005528005172e+00 -8.059157199747817e-01  1.691088930714852e-01 -8.059157199747817e-01  1.027662798925861e-03 -8.059157199747817e-01  7.096596507784538e-01 -8.059157199747817e-01  2.426616740296472e-01 -8.059157199747817e-01  2.475763047380786e-03 
-8.019157199747817e-01  1.630173670445710e+00 -8.019157199747817e-01  1.267085565299232e+00 -8.019157199747817e-01  1.250711228077622e+00 -8.019157199747817e-01  1.693438232320256e-01 -8.019157199747817e-01  1.031209769919733e-03 -8.019157199747817e-01  7.110064927667827e-01 -8.019157199747817e-01  2.425129643395670e-01 -8.019157199747817e-01  2.472255552892865e-03 
-7.979157199747817e-01  1.629279720356339e+00 -7.979157199747817e-01  1.267969624849442e+00 -7.979157199747817e-01  1.249416334577887e+00 -7.979157199747817e-01  1.695783579693372e-01 -7.979157199747817e-01  1.034757775193811e-03 -7.979157199747817e-01  7.123535936875426e-01 -7.979157199747817e-01  2.423641533321231e-01 -7.979157199747817e-01  2.468746850875348e-03 
-7.939157199747817e-01  1.628385511824063e+00 -7.939157199747817e-01  1.268853986398017e+00 -7.939157199747817e-01  1.248120851571946e+00 -7.939157199747817e-01  1.698124987818336e-01 -7.939157199747817e-01  1.038306805457055e-03 -7.939157199747817e-01  7.137009507595771e-01 -7.939157199747817e-01  2.422152405956138e-01 -7.939157199747817e-01  2.465236950270855e-03 
-7.899157199747817e-01  1.627491047187539e+00 -7.899157199747817e-01  1.269738647767994e+00 -7.899157199747817e-01  1.246824783103527e+00 -7.899157199747817e-01  1.700462471574601e-01 -7.899157199747817e-01  1.041856851434771e-03 -7.899157199747817e-01  7.150485612611649e-01 -7.899157199747817e-01  2.420662257092270e-01 -7.899157199747817e-01  2.461725859719399e-03 
-7.859157199747817e-01  1.626596328762234e+00 -7.859157199747817e-01  1.270623606768460e+00 -7.859157199747817e-01  1.245528133182701e+00 -7.859157199747817e-01  1.702796045786086e-01 -7.859157199747817e-01  1.045407903944261e-03 -7.859157199747817e-01  7.163964224677712e-01 -7.859157199747817e-01  2.419171082568024e-01 -7.859157199747817e-01  2.458213587916426e-03 
-7.819157199747817e-01  1.625701358847272e+00 -7.819157199747817e-01  1.271508861225557e+00 -7.819157199747817e-01  1.244230905790237e+00 -7.819157199747817e-01  1.705125725204663e-01 -7.819157199747817e-01  1.048959953867716e-03 -7.819157199747817e-01  7.177445316733292e-01 -7.819157199747817e-01  2.417678878220423e-01 -7.819157199747817e-01  2.454700143489644e-03 
-7.779157199747817e-01  1.624806139726691e+00 -7.779157199747817e-01  1.272394408987266e+00 -7.779157199747817e-01  1.242933104878590e+00 -7.779157199747817e-01  1.707451524507802e-01 -7.779157199747817e-01  1.052512992147212e-03 -7.779157199747817e-01  7.190928861934572e-01 -7.779157199747817e-01  2.416185639877359e-01 -7.779157199747817e-01  2.451185534980087e-03 
-7.739157199747817e-01  1.623910673667703e+00 -7.739157199747817e-01  1.273280247914202e+00 -7.739157199747817e-01  1.241634734371031e+00 -7.739157199747817e-01  1.709773458303769e-01 -7.739157199747817e-01  1.056067009791606e-03 -7.739157199747817e-01  7.204414833590314e-01 -7.739157199747817e-01  2.414691363371315e-01 -7.739157199747817e-01  2.447669770878687e-03 
-7.699157199747817e-01  1.623014962921993e+00 -7.699157199747817e-01  1.274166375884737e+00 -7.699157199747817e-01  1.240335798162632e+00 -7.699157199747817e-01  1.712091541129135e-01 -7.699157199747817e-01  1.059621997871368e-03 -7.699157199747817e-01  7.217903205196302e-01 -7.699157199747817e-01  2.413196044531058e-01 -7.699157199747817e-01  2.444152859605838e-03 
-7.659157199747817e-01  1.622119009719682e+00 -7.659157199747817e-01  1.275052790765889e+00 -7.659157199747817e-01  1.239036300116768e+00 -7.659157199747817e-01  1.714405787464658e-01 -7.659157199747817e-01  1.063177947542553e-03 -7.659157199747817e-01  7.231393950233949e-01 -7.659157199747817e-01  2.411699679226045e-01 -7.659157199747817e-01  2.440634809627074e-03 
-7.619157199747817e-01  1.621222816283094e+00 -7.619157199747817e-01  1.275939490476380e+00 -7.619157199747817e-01  1.237736244073745e+00 -7.619157199747817e-01  1.716716211701662e-01 -7.619157199747817e-01  1.066734849992178e-03 -7.619157199747817e-01  7.244887042604020e-01 -7.619157199747817e-01  2.410202263269036e-01 -7.619157199747817e-01  2.437115629202637e-03 
-7.579157199747817e-01  1.620326384813539e+00 -7.579157199747817e-01  1.276826472924156e+00 -7.579157199747817e-01  1.236435633842884e+00 -7.579157199747817e-01  1.719022828175812e-01 -7.579157199747817e-01  1.070292696490622e-03 -7.579157199747817e-01  7.258382456195276e-01 -7.579157199747817e-01  2.408703792511804e-01 -7.579157199747817e-01  2.433595326635596e-03 
-7.539157199747817e-01  1.619429717499400e+00 -7.539157199747817e-01  1.277713736043016e+00 -7.539157199747817e-01  1.235134473207668e+00 -7.539157199747817e-01  1.721325651147747e-01 -7.539157199747817e-01  1.073851478359594e-03 -7.539157199747817e-01  7.271880165136151e-01 -7.539157199747817e-01  2.407204262788387e-01 -7.539157199747817e-01  2.430073910126400e-03 
-7.499157199747817e-01  1.618532816511707e+00 -7.499157199747817e-01  1.278601277771199e+00 -7.499157199747817e-01  1.233832765923216e+00 -7.499157199747817e-01  1.723624694814820e-01 -7.499157199747817e-01  1.077411186989663e-03 -7.499157199747817e-01  7.285380143646322e-01 -7.499157199747817e-01  2.405703669947677e-01 -7.499157199747817e-01  2.426551387857885e-03 
-7.459157199747817e-01  1.617635684009841e+00 -7.459157199747817e-01  1.279489096076741e+00 -7.459157199747817e-01  1.232530515719966e+00 -7.459157199747817e-01  1.725919973297731e-01 -7.459157199747817e-01  1.080971813817604e-03 -7.459157199747817e-01  7.298882366210757e-01 -7.459157199747817e-01  2.404202009813934e-01 -7.459157199747817e-01  2.423027767894615e-03 
-7.419157199747817e-01  1.616738322131717e+00 -7.419157199747817e-01  1.280377188911162e+00 -7.419157199747817e-01  1.231227726297821e+00 -7.419157199747817e-01  1.728211500665553e-01 -7.419157199747817e-01  1.084533350365382e-03 -7.419157199747817e-01  7.312386807259734e-01 -7.419157199747817e-01  2.402699278257860e-01 -7.419157199747817e-01  2.419503058366675e-03 
-7.379157199747817e-01  1.615840733006252e+00 -7.379157199747817e-01  1.281265554266260e+00 -7.379157199747817e-01  1.229924401333992e+00 -7.379157199747817e-01  1.730499290905686e-01 -7.379157199747817e-01  1.088095788190681e-03 -7.379157199747817e-01  7.325893441559548e-01 -7.379157199747817e-01  2.401195471108629e-01 -7.379157199747817e-01  2.415977267244379e-03 
-7.339157199747817e-01  1.614942918747297e+00 -7.339157199747817e-01  1.282154190145141e+00 -7.339157199747817e-01  1.228620544479456e+00 -7.339157199747817e-01  1.732783357939585e-01 -7.339157199747817e-01  1.091659118910941e-03 -7.339157199747817e-01  7.339402244011993e-01 -7.339157199747817e-01  2.399690584198124e-01 -7.339157199747817e-01  2.412450402453050e-03 
-7.299157199747817e-01  1.614044881449170e+00 -7.299157199747817e-01  1.283043094540596e+00 -7.299157199747817e-01  1.227316159356358e+00 -7.299157199747817e-01  1.735063715634459e-01 -7.299157199747817e-01  1.095223334221114e-03 -7.299157199747817e-01  7.352913189504816e-01 -7.299157199747817e-01  2.398184613394096e-01 -7.299157199747817e-01  2.408922471959033e-03 
-7.259157199747817e-01  1.613146623197451e+00 -7.259157199747817e-01  1.283932265484136e+00 -7.259157199747817e-01  1.226011249564851e+00 -7.259157199747817e-01  1.737340377777493e-01 -7.259157199747817e-01  1.098788425850833e-03 -7.259157199747817e-01  7.366426253248670e-01 -7.259157199747817e-01  2.396677554523948e-01 -7.259157199747817e-01  2.405393483574947e-03 
-7.219157199747817e-01  1.612248146061595e+00 -7.219157199747817e-01  1.284821701011084e+00 -7.219157199747817e-01  1.224705818678710e+00 -7.219157199747817e-01  1.739613358094715e-01 -7.219157199747817e-01  1.102354385593704e-03 -7.219157199747817e-01  7.379941410536036e-01 -7.219157199747817e-01  2.395169403428362e-01 -7.219157199747817e-01  2.401863445098339e-03 
-7.179157199747817e-01  1.611349452096819e+00 -7.179157199747817e-01  1.285711399168225e+00 -7.179157199747817e-01  1.223399870246661e+00 -7.179157199747817e-01  1.741882670247066e-01 -7.179157199747817e-01  1.105921205299798e-03 -7.179157199747817e-01  7.393458636793030e-01 -7.179157199747817e-01  2.393660155949090e-01 -7.179157199747817e-01  2.398332364281212e-03 
-7.139157199747816e-01  1.610450543343464e+00 -7.139157199747816e-01  1.286601358010161e+00 -7.139157199747816e-01  1.222093407792155e+00 -7.139157199747816e-01  1.744148327832696e-01 -7.139157199747816e-01  1.109488876878259e-03 -7.139157199747816e-01  7.406977907553752e-01 -7.139157199747816e-01  2.392149807934294e-01 -7.139157199747816e-01  2.394800248844559e-03 
-7.099157199747816e-01  1.609551421826981e+00 -7.099157199747816e-01  1.287491575598362e+00 -7.099157199747816e-01  1.220786434813521e+00 -7.099157199747816e-01  1.746410344387625e-01 -7.099157199747816e-01  1.113057392297239e-03 -7.099157199747816e-01  7.420499198453002e-01 -7.099157199747816e-01  2.390638355239678e-01 -7.099157199747816e-01  2.391267106482125e-03 
-7.059157199747816e-01  1.608652089565803e+00 -7.059157199747816e-01  1.288382050036648e+00 -7.059157199747816e-01  1.219478954789004e+00 -7.059157199747816e-01  1.748668733367432e-01 -7.059157199747816e-01  1.116626743552777e-03 -7.059157199747816e-01  7.434022485469926e-01 -7.059157199747816e-01  2.389125793673017e-01 -7.059157199747816e-01  2.387732944719563e-03 
-7.019157199747816e-01  1.607752548558705e+00 -7.019157199747816e-01  1.289272779412003e+00 -7.019157199747816e-01  1.218170971169102e+00 -7.019157199747816e-01  1.750923508178569e-01 -7.019157199747816e-01  1.120196922718860e-03 -7.019157199747816e-01  7.447547744519732e-01 -7.019157199747816e-01  2.387612119085716e-01 -7.019157199747816e-01  2.384197771149368e-03 
-6.979157199747816e-01  1.606852800790270e+00 -6.979157199747816e-01  1.290163761819000e+00 -6.979157199747816e-01  1.216862487380105e+00 -6.979157199747816e-01  1.753174682165807e-01 -6.979157199747816e-01  1.123767921925824e-03 -6.979157199747816e-01  7.461074951621255e-01 -6.979157199747816e-01  2.386097327334591e-01 -6.979157199747816e-01  2.380661593333889e-03 
-6.939157199747816e-01  1.605952848239024e+00 -6.939157199747816e-01  1.291054995396543e+00 -6.939157199747816e-01  1.215553506829301e+00 -6.939157199747816e-01  1.755422268593263e-01 -6.939157199747816e-01  1.127339733327986e-03 -6.939157199747816e-01  7.474604083149237e-01 -6.939157199747816e-01  2.384581414224335e-01 -6.939157199747816e-01  2.377124418659540e-03 
-6.899157199747816e-01  1.605052692863354e+00 -6.899157199747816e-01  1.291946478262066e+00 -6.899157199747816e-01  1.214244032896395e+00 -6.899157199747816e-01  1.757666280679105e-01 -6.899157199747816e-01  1.130912349159588e-03 -6.899157199747816e-01  7.488135115380593e-01 -6.899157199747816e-01  2.383064375609566e-01 -6.899157199747816e-01  2.373586254597954e-03 
-6.859157199747816e-01  1.604152336612352e+00 -6.859157199747816e-01  1.292838208560765e+00 -6.859157199747816e-01  1.212934068940389e+00 -6.859157199747816e-01  1.759906731570016e-01 -6.859157199747816e-01  1.134485761691667e-03 -6.859157199747816e-01  7.501668024832756e-01 -6.859157199747816e-01  2.381546207317876e-01 -6.859157199747816e-01  2.370047108510582e-03 
-6.819157199747816e-01  1.603251781421201e+00 -6.819157199747816e-01  1.293730184443514e+00 -6.819157199747816e-01  1.211623618296880e+00 -6.819157199747816e-01  1.762143634353096e-01 -6.819157199747816e-01  1.138059963250555e-03 -6.819157199747816e-01  7.515202788110920e-01 -6.819157199747816e-01  2.380026905183873e-01 -6.819157199747816e-01  2.366506987736291e-03 
-6.779157199747816e-01  1.602351029211456e+00 -6.779157199747816e-01  1.294622404067540e+00 -6.779157199747816e-01  1.210312684278366e+00 -6.779157199747816e-01  1.764377002055687e-01 -6.779157199747816e-01  1.141634946216502e-03 -6.779157199747816e-01  7.528739381912124e-01 -6.779157199747816e-01  2.378506465047869e-01 -6.779157199747816e-01  2.362965899588820e-03 
-6.739157199747816e-01  1.601450081897840e+00 -6.739157199747816e-01  1.295514865626646e+00 -6.739157199747816e-01  1.209001270178648e+00 -6.739157199747816e-01  1.766606847629938e-01 -6.739157199747816e-01  1.145210702996944e-03 -6.739157199747816e-01  7.542277783232624e-01 -6.739157199747816e-01  2.376984882708286e-01 -6.739157199747816e-01  2.359423851236696e-03 
-6.699157199747816e-01  1.600548941374876e+00 -6.699157199747816e-01  1.296407567289192e+00 -6.699157199747816e-01  1.207689379264631e+00 -6.699157199747816e-01  1.768833183985333e-01 -6.699157199747816e-01  1.148787226079435e-03 -6.699157199747816e-01  7.555817968940297e-01 -6.699157199747816e-01  2.375462154018234e-01 -6.699157199747816e-01  2.355880849949398e-03 
-6.659157199747816e-01  1.599647609530883e+00 -6.659157199747816e-01  1.297300507261662e+00 -6.659157199747816e-01  1.206377014785206e+00 -6.659157199747816e-01  1.771056023955910e-01 -6.659157199747816e-01  1.152364507976080e-03 -6.659157199747816e-01  7.569359916211627e-01 -6.659157199747816e-01  2.373938274785886e-01 -6.659157199747816e-01  2.352336902845138e-03 
-6.619157199747816e-01  1.598746088238693e+00 -6.619157199747816e-01  1.298193683745164e+00 -6.619157199747816e-01  1.205064179965592e+00 -6.619157199747816e-01  1.773275380323094e-01 -6.619157199747816e-01  1.155942541260438e-03 -6.619157199747816e-01  7.582903602231637e-01 -6.619157199747816e-01  2.372413240842152e-01 -6.619157199747816e-01  2.348792017063463e-03 
-6.579157199747816e-01  1.597844379363565e+00 -6.579157199747816e-01  1.299087094971133e+00 -6.579157199747816e-01  1.203750878012434e+00 -6.579157199747816e-01  1.775491265797515e-01 -6.579157199747816e-01  1.159521318536105e-03 -6.579157199747816e-01  7.596449004439098e-01 -6.579157199747816e-01  2.370887047984471e-01 -6.579157199747816e-01  2.345246199623547e-03 
-6.539157199747816e-01  1.596942484753558e+00 -6.539157199747816e-01  1.299980739156337e+00 -6.539157199747816e-01  1.202437112107915e+00 -6.539157199747816e-01  1.777703693042467e-01 -6.539157199747816e-01  1.163100832474874e-03 -6.539157199747816e-01  7.609996100216048e-01 -6.539157199747816e-01  2.369359692046986e-01 -6.539157199747816e-01  2.341699457602766e-03 
-6.499157199747816e-01  1.596040406245805e+00 -6.499157199747816e-01  1.300874614531121e+00 -6.499157199747816e-01  1.201122885413818e+00 -6.499157199747816e-01  1.779912674659650e-01 -6.499157199747816e-01  1.166681075791893e-03 -6.499157199747816e-01  7.623544867081814e-01 -6.499157199747816e-01  2.367831168856036e-01 -6.499157199747816e-01  2.338151798024614e-03 
-6.459157199747816e-01  1.595138145672756e+00 -6.459157199747816e-01  1.301768719367074e+00 -6.459157199747816e-01  1.199808201075578e+00 -6.459157199747816e-01  1.782118223175108e-01 -6.459157199747816e-01  1.170262041220827e-03 -6.459157199747816e-01  7.637095282882658e-01 -6.459157199747816e-01  2.366301474186351e-01 -6.459157199747816e-01  2.334603227748927e-03 
-6.419157199747816e-01  1.594235704846466e+00 -6.419157199747816e-01  1.302663051904494e+00 -6.419157199747816e-01  1.198493062212580e+00 -6.419157199747816e-01  1.784320351076921e-01 -6.419157199747816e-01  1.173843721576281e-03 -6.419157199747816e-01  7.650647325292054e-01 -6.419157199747816e-01  2.364770603874621e-01 -6.419157199747816e-01  2.331053753759671e-03 
-6.379157199747816e-01  1.593333085576217e+00 -6.379157199747816e-01  1.303557610432288e+00 -6.379157199747816e-01  1.197177471929327e+00 -6.379157199747816e-01  1.786519070774302e-01 -6.379157199747816e-01  1.177426109683810e-03 -6.379157199747816e-01  7.664200972359975e-01 -6.379157199747816e-01  2.363238553693710e-01 -6.379157199747816e-01  2.327503382847937e-03 
-6.339157199747816e-01  1.592430289651035e+00 -6.339157199747816e-01  1.304452393207460e+00 -6.339157199747816e-01  1.195861433304617e+00 -6.339157199747816e-01  1.788714394639305e-01 -6.339157199747816e-01  1.181009198449321e-03 -6.339157199747816e-01  7.677756201958206e-01 -6.339157199747816e-01  2.361705319478927e-01 -6.339157199747816e-01  2.323952121931414e-03 
-6.299157199747816e-01  1.591527318856172e+00 -6.299157199747816e-01  1.305347398529599e+00 -6.299157199747816e-01  1.194544949402012e+00 -6.299157199747816e-01  1.790906334968747e-01 -6.299157199747816e-01  1.184592980793666e-03 -6.299157199747816e-01  7.691312992292419e-01 -6.299157199747816e-01  2.360170897010563e-01 -6.299157199747816e-01  2.320399977758791e-03 
-6.259157199747816e-01  1.590624174966805e+00 -6.259157199747816e-01  1.306242624711470e+00 -6.259157199747816e-01  1.193228023266016e+00 -6.259157199747816e-01  1.793094903999644e-01 -6.259157199747816e-01  1.188177449677613e-03 -6.259157199747816e-01  7.704871321699150e-01 -6.259157199747816e-01  2.358635282059788e-01 -6.259157199747816e-01  2.316846957026446e-03 
-6.219157199747816e-01  1.589720859739738e+00 -6.219157199747816e-01  1.307138070040575e+00 -6.219157199747816e-01  1.191910657916990e+00 -6.219157199747816e-01  1.795280113929166e-01 -6.219157199747816e-01  1.191762598134845e-03 -6.219157199747816e-01  7.718431168380864e-01 -6.219157199747816e-01  2.357098470449022e-01 -6.219157199747816e-01  2.313293066531022e-03 
-6.179157199747816e-01  1.588817374924814e+00 -6.179157199747816e-01  1.308033732830431e+00 -6.179157199747816e-01  1.190592856358447e+00 -6.179157199747816e-01  1.797461976888548e-01 -6.179157199747816e-01  1.195348419226633e-03 -6.179157199747816e-01  7.731992510758128e-01 -6.179157199747816e-01  2.355560457970857e-01 -6.179157199747816e-01  2.309738312965940e-03 
-6.139157199747816e-01  1.587913722269023e+00 -6.139157199747816e-01  1.308929611438720e+00 -6.139157199747816e-01  1.189274621579767e+00 -6.139157199747816e-01  1.799640504934213e-01 -6.139157199747816e-01  1.198934906025479e-03 -6.139157199747816e-01  7.745555327593860e-01 -6.139157199747816e-01  2.354021240358938e-01 -6.139157199747816e-01  2.306182702849308e-03 
-6.099157199747816e-01  1.587009903494974e+00 -6.099157199747816e-01  1.309825704168460e+00 -6.099157199747816e-01  1.187955956542779e+00 -6.099157199747816e-01  1.801815710098383e-01 -6.099157199747816e-01  1.202522051700659e-03 -6.099157199747816e-01  7.759119597313089e-01 -6.099157199747816e-01  2.352480813443864e-01 -6.099157199747816e-01  2.302626242916194e-03 
-6.059157199747816e-01  1.586105920326670e+00 -6.059157199747816e-01  1.310722009384965e+00 -6.059157199747816e-01  1.186636864198097e+00 -6.059157199747816e-01  1.803987604329797e-01 -6.059157199747816e-01  1.206109849415837e-03 -6.059157199747816e-01  7.772685298806749e-01 -6.059157199747816e-01  2.350939172968083e-01 -6.059157199747816e-01  2.299068939654422e-03 
-6.019157199747815e-01  1.585201774474854e+00 -6.019157199747815e-01  1.311618525448249e+00 -6.019157199747815e-01  1.185317347476030e+00 -6.019157199747815e-01  1.806156199528338e-01 -6.019157199747815e-01  1.209698292387283e-03 -6.019157199747815e-01  7.786252410966336e-01 -6.019157199747815e-01  2.349396314692402e-01 -6.019157199747815e-01  2.295510799572868e-03 
-5.979157199747815e-01  1.584297467634437e+00 -5.979157199747815e-01  1.312515250700854e+00 -5.979157199747815e-01  1.183997409285068e+00 -5.979157199747815e-01  1.808321507551452e-01 -5.979157199747815e-01  1.213287373894044e-03 -5.979157199747815e-01  7.799820912599627e-01 -5.979157199747815e-01  2.347852234415095e-01 -5.979157199747815e-01  2.291951829249732e-03 
-5.939157199747815e-01  1.583393001498245e+00 -5.939157199747815e-01  1.313412183529728e+00 -5.939157199747815e-01  1.182677052520670e+00 -5.939157199747815e-01  1.810483540183009e-01 -5.939157199747815e-01  1.216877087223377e-03 -5.939157199747815e-01  7.813390782855651e-01 -5.939157199747815e-01  2.346306927873590e-01 -5.939157199747815e-01  2.288392035086992e-03 
-5.899157199747815e-01  1.582488377745632e+00 -5.899157199747815e-01  1.314309322313891e+00 -5.899157199747815e-01  1.181356280058206e+00 -5.899157199747815e-01  1.812642309160178e-01 -5.899157199747815e-01  1.220467425716001e-03 -5.899157199747815e-01  7.826962000864319e-01 -5.899157199747815e-01  2.344760390827060e-01 -5.899157199747815e-01  2.284831423518036e-03 
-5.859157199747815e-01  1.581583598048774e+00 -5.859157199747815e-01  1.315206665452307e+00 -5.859157199747815e-01  1.180035094757042e+00 -5.859157199747815e-01  1.814797826159467e-01 -5.859157199747815e-01  1.224058382741053e-03 -5.859157199747815e-01  7.840534545927549e-01 -5.859157199747815e-01  2.343212619012000e-01 -5.859157199747815e-01  2.281270000897173e-03 
-5.819157199747815e-01  1.580678664063683e+00 -5.819157199747815e-01  1.316104211322596e+00 -5.819157199747815e-01  1.178713499454981e+00 -5.819157199747815e-01  1.816950102817885e-01 -5.819157199747815e-01  1.227649951731781e-03 -5.819157199747815e-01  7.854108397234889e-01 -5.819157199747815e-01  2.341663608207555e-01 -5.819157199747815e-01  2.277707773663409e-03 
-5.779157199747815e-01  1.579773577445106e+00 -5.779157199747815e-01  1.317001958348088e+00 -5.779157199747815e-01  1.177391496977785e+00 -5.779157199747815e-01  1.819099150699362e-01 -5.779157199747815e-01  1.231242126126391e-03 -5.779157199747815e-01  7.867683534323995e-01 -5.779157199747815e-01  2.340113354128606e-01 -5.779157199747815e-01  2.274144748074247e-03 
-5.739157199747815e-01  1.578868339835851e+00 -5.739157199747815e-01  1.317899904948679e+00 -5.739157199747815e-01  1.176069090132557e+00 -5.739157199747815e-01  1.821244981319797e-01 -5.739157199747815e-01  1.234834899410458e-03 -5.739157199747815e-01  7.881259936742201e-01 -5.739157199747815e-01  2.338561852503695e-01 -5.739157199747815e-01  2.270580930400965e-03 
-5.699157199747815e-01  1.577962952864975e+00 -5.699157199747815e-01  1.318798049532143e+00 -5.699157199747815e-01  1.174746281706686e+00 -5.699157199747815e-01  1.823387606151627e-01 -5.699157199747815e-01  1.238428265124037e-03 -5.699157199747815e-01  7.894837583986456e-01 -5.699157199747815e-01  2.337009099088576e-01 -5.699157199747815e-01  2.267016326962819e-03 
-5.659157199747815e-01  1.577057418158110e+00 -5.659157199747815e-01  1.319696390540317e+00 -5.659157199747815e-01  1.173423074474507e+00 -5.659157199747815e-01  1.825527036600907e-01 -5.659157199747815e-01  1.242022216820788e-03 -5.659157199747815e-01  7.908416455820133e-01 -5.659157199747815e-01  2.335455089592429e-01 -5.659157199747815e-01  2.263450943943931e-03 
-5.619157199747815e-01  1.576151737332235e+00 -5.619157199747815e-01  1.320594926424919e+00 -5.619157199747815e-01  1.172099471194095e+00 -5.619157199747815e-01  1.827663284019735e-01 -5.619157199747815e-01  1.245616748088610e-03 -5.619157199747815e-01  7.921996532106335e-01 -5.619157199747815e-01  2.333899819716032e-01 -5.619157199747815e-01  2.259884787489209e-03 
-5.579157199747815e-01  1.575245911986367e+00 -5.579157199747815e-01  1.321493655604771e+00 -5.579157199747815e-01  1.170775474601476e+00 -5.579157199747815e-01  1.829796359727895e-01 -5.579157199747815e-01  1.249211852586671e-03 -5.579157199747815e-01  7.935577792513688e-01 -5.579157199747815e-01  2.332343285219912e-01 -5.579157199747815e-01  2.256317863874143e-03 
-5.539157199747815e-01  1.574339943723668e+00 -5.539157199747815e-01  1.322392576565288e+00 -5.539157199747815e-01  1.169451087424745e+00 -5.539157199747815e-01  1.831926274963282e-01 -5.539157199747815e-01  1.252807523957625e-03 -5.539157199747815e-01  7.949160217199045e-01 -5.539157199747815e-01  2.330785481765084e-01 -5.539157199747815e-01  2.252750179109857e-03 
-5.499157199747815e-01  1.573433834128170e+00 -5.499157199747815e-01  1.323291687752646e+00 -5.499157199747815e-01  1.168126312369418e+00 -5.499157199747815e-01  1.834053040935142e-01 -5.499157199747815e-01  1.256403755920017e-03 -5.499157199747815e-01  7.962743786080272e-01 -5.499157199747815e-01  2.329226405081972e-01 -5.499157199747815e-01  2.249181739363265e-03 
-5.459157199747815e-01  1.572527584779552e+00 -5.459157199747815e-01  1.324190987640164e+00 -5.459157199747815e-01  1.166801152127904e+00 -5.459157199747815e-01  1.836176668791128e-01 -5.459157199747815e-01  1.260000542209588e-03 -5.459157199747815e-01  7.976328479291582e-01 -5.459157199747815e-01  2.327666050864024e-01 -5.459157199747815e-01  2.245612550693547e-03 
-5.419157199747815e-01  1.571621197251825e+00 -5.419157199747815e-01  1.325090474721652e+00 -5.419157199747815e-01  1.165475609378779e+00 -5.419157199747815e-01  1.838297169620885e-01 -5.419157199747815e-01  1.263597876584553e-03 -5.419157199747815e-01  7.989914277137411e-01 -5.419157199747815e-01  2.326104414777993e-01 -5.419157199747815e-01  2.242042619078525e-03 
-5.379157199747815e-01  1.570714673104005e+00 -5.379157199747815e-01  1.325990147468833e+00 -5.379157199747815e-01  1.164149686780972e+00 -5.379157199747815e-01  1.840414554477506e-01 -5.379157199747815e-01  1.267195752862584e-03 -5.379157199747815e-01  8.003501159799535e-01 -5.379157199747815e-01  2.324541492531977e-01 -5.379157199747815e-01  2.238471950583710e-03 
-5.339157199747815e-01  1.569808013892108e+00 -5.339157199747815e-01  1.326890004384961e+00 -5.339157199747815e-01  1.162823386981473e+00 -5.339157199747815e-01  1.842528834351081e-01 -5.339157199747815e-01  1.270794164873202e-03 -5.339157199747815e-01  8.017089107704839e-01 -5.339157199747815e-01  2.322977279789200e-01 -5.339157199747815e-01  2.234900551149473e-03 
-5.299157199747815e-01  1.568901221159986e+00 -5.299157199747815e-01  1.327790043963033e+00 -5.299157199747815e-01  1.161496712609617e+00 -5.299157199747815e-01  1.844640020189762e-01 -5.299157199747815e-01  1.274393106494141e-03 -5.299157199747815e-01  8.030678101237891e-01 -5.299157199747815e-01  2.321411772234802e-01 -5.299157199747815e-01  2.231328426756895e-03 
-5.259157199747815e-01  1.567994296448901e+00 -5.259157199747815e-01  1.328690264728241e+00 -5.259157199747815e-01  1.160169666283282e+00 -5.259157199747815e-01  1.846748122878876e-01 -5.259157199747815e-01  1.277992571613406e-03 -5.259157199747815e-01  8.044268121031840e-01 -5.259157199747815e-01  2.319844965507360e-01 -5.259157199747815e-01  2.227755583259232e-03 
-5.219157199747815e-01  1.567087241284571e+00 -5.219157199747815e-01  1.329590665179321e+00 -5.219157199747815e-01  1.158842250600722e+00 -5.219157199747815e-01  1.848853153270327e-01 -5.219157199747815e-01  1.281592554180599e-03 -5.219157199747815e-01  8.057859147565569e-01 -5.219157199747815e-01  2.318276855292998e-01 -5.219157199747815e-01  2.224182026614816e-03 
-5.179157199747815e-01  1.566180057191076e+00 -5.179157199747815e-01  1.330491243850446e+00 -5.179157199747815e-01  1.157514468149541e+00 -5.179157199747815e-01  1.850955122152076e-01 -5.179157199747815e-01  1.285193048151804e-03 -5.179157199747815e-01  8.071451161587853e-01 -5.179157199747815e-01  2.316707437225542e-01 -5.179157199747815e-01  2.220607762641294e-03 
-5.139157199747815e-01  1.565272745683372e+00 -5.139157199747815e-01  1.331391999277265e+00 -5.139157199747815e-01  1.156186321502007e+00 -5.139157199747815e-01  1.853054040265328e-01 -5.139157199747815e-01  1.288794047519234e-03 -5.139157199747815e-01  8.085044143883877e-01 -5.139157199747815e-01  2.315136706940874e-01 -5.139157199747815e-01  2.217032797150429e-03 
-5.099157199747815e-01  1.564365308265006e+00 -5.099157199747815e-01  1.332292929985924e+00 -5.099157199747815e-01  1.154857813213695e+00 -5.099157199747815e-01  1.855149918310096e-01 -5.099157199747815e-01  1.292395546320355e-03 -5.099157199747815e-01  8.098638075199561e-01 -5.099157199747815e-01  2.313564660094501e-01 -5.099157199747815e-01  2.213457135991737e-03 
-5.059157199747815e-01  1.563457746436549e+00 -5.059157199747815e-01  1.333194034530616e+00 -5.059157199747815e-01  1.153528945828961e+00 -5.059157199747815e-01  1.857242766926930e-01 -5.059157199747815e-01  1.295997538604373e-03 -5.059157199747815e-01  8.112232936498629e-01 -5.059157199747815e-01  2.311991292300697e-01 -5.059157199747815e-01  2.209880784903422e-03 
-5.019157199747815e-01  1.562550061687463e+00 -5.019157199747815e-01  1.334095311456447e+00 -5.019157199747815e-01  1.152199721875845e+00 -5.019157199747815e-01  1.859332596715479e-01 -5.019157199747815e-01  1.299600018464553e-03 -5.019157199747815e-01  8.125828708707502e-01 -5.019157199747815e-01  2.310416599192196e-01 -5.019157199747815e-01  2.206303749659740e-03 
-4.979157199747815e-01  1.561642255501120e+00 -4.979157199747815e-01  1.334996759321672e+00 -4.979157199747815e-01  1.150870143869366e+00 -4.979157199747815e-01  1.861419418223826e-01 -4.979157199747815e-01  1.303202980018291e-03 -4.979157199747815e-01  8.139425372867352e-01 -4.979157199747815e-01  2.308840576384058e-01 -4.979157199747815e-01  2.202726035982755e-03 
-4.939157199747815e-01  1.560734329355494e+00 -4.939157199747815e-01  1.335898376700100e+00 -4.939157199747815e-01  1.149540214312066e+00 -4.939157199747815e-01  1.863503241947443e-01 -4.939157199747815e-01  1.306806417404319e-03 -4.939157199747815e-01  8.153022910150141e-01 -4.939157199747815e-01  2.307263219469489e-01 -4.939157199747815e-01  2.199147649532818e-03 
-4.899157199747814e-01  1.559826284718449e+00 -4.899157199747814e-01  1.336800162159581e+00 -4.899157199747814e-01  1.148209935691070e+00 -4.899157199747814e-01  1.865584078340072e-01 -4.899157199747814e-01  1.310410324801450e-03 -4.899157199747814e-01  8.166621301710656e-01 -4.899157199747814e-01  2.305684524054430e-01 -4.899157199747814e-01  2.195568595993886e-03 
-4.859157199747814e-01  1.558918123048356e+00 -4.859157199747814e-01  1.337702114264423e+00 -4.859157199747814e-01  1.146879310478591e+00 -4.859157199747814e-01  1.867661937812795e-01 -4.859157199747814e-01  1.314014696426146e-03 -4.859157199747814e-01  8.180220528702772e-01 -4.859157199747814e-01  2.304104485753498e-01 -4.859157199747814e-01  2.191988881064023e-03 
-4.819157199747814e-01  1.558009845805136e+00 -4.819157199747814e-01  1.338604231624228e+00 -4.819157199747814e-01  1.145548341139070e+00 -4.819157199747814e-01  1.869736830710249e-01 -4.819157199747814e-01  1.317619526488626e-03 -4.819157199747814e-01  8.193820572613739e-01 -4.819157199747814e-01  2.302523100110472e-01 -4.819157199747814e-01  2.188408510261551e-03 
-4.779157199747814e-01  1.557101454432201e+00 -4.779157199747814e-01  1.339506512812599e+00 -4.779157199747814e-01  1.144217030117716e+00 -4.779157199747814e-01  1.871808767350771e-01 -4.779157199747814e-01  1.321224809264647e-03 -4.779157199747814e-01  8.207421414706410e-01 -4.779157199747814e-01  2.300940362729942e-01 -4.779157199747814e-01  2.184827489247568e-03 
-4.739157199747814e-01  1.556192950372637e+00 -4.739157199747814e-01  1.340408956439172e+00 -4.739157199747814e-01  1.142885379850944e+00 -4.739157199747814e-01  1.873877757991286e-01 -4.739157199747814e-01  1.324830539031120e-03 -4.739157199747814e-01  8.221023036512721e-01 -4.739157199747814e-01  2.299356269160196e-01 -4.739157199747814e-01  2.181245823540241e-03 
-4.699157199747814e-01  1.555284335055706e+00 -4.699157199747814e-01  1.341311561088821e+00 -4.699157199747814e-01  1.141553392757825e+00 -4.699157199747814e-01  1.875943812857388e-01 -4.699157199747814e-01  1.328436710119856e-03 -4.699157199747814e-01  8.234625419416554e-01 -4.699157199747814e-01  2.297770814991779e-01 -4.699157199747814e-01  2.177663518755992e-03 
-4.659157199747814e-01  1.554375609912410e+00 -4.659157199747814e-01  1.342214325390695e+00 -4.659157199747814e-01  1.140221071250139e+00 -4.659157199747814e-01  1.878006942109718e-01 -4.659157199747814e-01  1.332043316855642e-03 -4.659157199747814e-01  8.248228545126376e-01 -4.659157199747814e-01  2.296183995744924e-01 -4.659157199747814e-01  2.174080580335526e-03 
-4.619157199747814e-01  1.553466776361534e+00 -4.619157199747814e-01  1.343117247955433e+00 -4.619157199747814e-01  1.138888417723520e+00 -4.619157199747814e-01  1.880067155874941e-01 -4.619157199747814e-01  1.335650353611736e-03 -4.619157199747814e-01  8.261832395244657e-01 -4.619157199747814e-01  2.294595806971509e-01 -4.619157199747814e-01  2.170497013792995e-03 
-4.579157199747814e-01  1.552557835814928e+00 -4.579157199747814e-01  1.344020327398337e+00 -4.579157199747814e-01  1.137555434560917e+00 -4.579157199747814e-01  1.882124464234603e-01 -4.579157199747814e-01  1.339257814788855e-03 -4.579157199747814e-01  8.275436951426225e-01 -4.579157199747814e-01  2.293006244217168e-01 -4.579157199747814e-01  2.166912824624071e-03 
-4.539157199747814e-01  1.551648789680572e+00 -4.539157199747814e-01  1.344923562352689e+00 -4.539157199747814e-01  1.136222124134649e+00 -4.539157199747814e-01  1.884178877218962e-01 -4.539157199747814e-01  1.342865694803045e-03 -4.539157199747814e-01  8.289042195469098e-01 -4.539157199747814e-01  2.291415302999281e-01 -4.539157199747814e-01  2.163328018253045e-03 
-4.499157199747814e-01  1.550739639356646e+00 -4.499157199747814e-01  1.345826951442725e+00 -4.499157199747814e-01  1.134888488802682e+00 -4.499157199747814e-01  1.886230404820243e-01 -4.499157199747814e-01  1.346473988109157e-03 -4.499157199747814e-01  8.302648109128947e-01 -4.499157199747814e-01  2.289822978850891e-01 -4.499157199747814e-01  2.159742600140108e-03 
-4.459157199747814e-01  1.549830386241751e+00 -4.459157199747814e-01  1.346730493328871e+00 -4.459157199747814e-01  1.133554530915283e+00 -4.459157199747814e-01  1.888279056971031e-01 -4.459157199747814e-01  1.350082689160387e-03 -4.459157199747814e-01  8.316254674428515e-01 -4.459157199747814e-01  2.288229267246513e-01 -4.459157199747814e-01  2.156156575601845e-03 
-4.419157199747814e-01  1.548921031720385e+00 -4.419157199747814e-01  1.347634186642541e+00 -4.419157199747814e-01  1.132220252805744e+00 -4.419157199747814e-01  1.890324843576022e-01 -4.419157199747814e-01  1.353691792465770e-03 -4.419157199747814e-01  8.329861873210666e-01 -4.419157199747814e-01  2.286634163708536e-01 -4.419157199747814e-01  2.152569950069935e-03 
-4.379157199747814e-01  1.548011577172808e+00 -4.379157199747814e-01  1.348538030029801e+00 -4.379157199747814e-01  1.130885656796826e+00 -4.379157199747814e-01  1.892367774491169e-01 -4.379157199747814e-01  1.357301292551166e-03 -4.379157199747814e-01  8.343469687437123e-01 -4.379157199747814e-01  2.285037663735671e-01 -4.379157199747814e-01  2.148982728917982e-03 
-4.339157199747814e-01  1.547102023974943e+00 -4.339157199747814e-01  1.349442022150313e+00 -4.339157199747814e-01  1.129550745200767e+00 -4.339157199747814e-01  1.894407859524337e-01 -4.339157199747814e-01  1.360911183959597e-03 -4.339157199747814e-01  8.357078099180658e-01 -4.339157199747814e-01  2.283439762804327e-01 -4.339157199747814e-01  2.145394917465566e-03 
-4.299157199747814e-01  1.546192373499163e+00 -4.299157199747814e-01  1.350346161680553e+00 -4.299157199747814e-01  1.128215520319872e+00 -4.299157199747814e-01  1.896445108434048e-01 -4.299157199747814e-01  1.364521461248097e-03 -4.299157199747814e-01  8.370687090646790e-01 -4.299157199747814e-01  2.281840456363060e-01 -4.299157199747814e-01  2.141806520965503e-03 
-4.259157199747814e-01  1.545282627104964e+00 -4.259157199747814e-01  1.351250447271862e+00 -4.259157199747814e-01  1.126879984440572e+00 -4.259157199747814e-01  1.898479530949920e-01 -4.259157199747814e-01  1.368132119024767e-03 -4.259157199747814e-01  8.384296643886353e-01 -4.259157199747814e-01  2.280239739901347e-01 -4.259157199747814e-01  2.138217544770477e-03 
-4.219157199747814e-01  1.544372786150533e+00 -4.219157199747814e-01  1.352154877601552e+00 -4.219157199747814e-01  1.125544139840968e+00 -4.219157199747814e-01  1.900511136748272e-01 -4.219157199747814e-01  1.371743151902884e-03 -4.219157199747814e-01  8.397906741144748e-01 -4.219157199747814e-01  2.278637608865337e-01 -4.219157199747814e-01  2.134627994130006e-03 
-4.179157199747814e-01  1.543462851988661e+00 -4.179157199747814e-01  1.353059451354268e+00 -4.179157199747814e-01  1.124207988788268e+00 -4.179157199747814e-01  1.902539935461280e-01 -4.179157199747814e-01  1.375354554517035e-03 -4.179157199747814e-01  8.411517364734133e-01 -4.179157199747814e-01  2.277034058688263e-01 -4.179157199747814e-01  2.131037874264531e-03 
-4.139157199747814e-01  1.542552825962741e+00 -4.139157199747814e-01  1.353964167203809e+00 -4.139157199747814e-01  1.122871533536273e+00 -4.139157199747814e-01  1.904565936685979e-01 -4.139157199747814e-01  1.378966321539110e-03 -4.139157199747814e-01  8.425128496908569e-01 -4.139157199747814e-01  2.275429084820195e-01 -4.139157199747814e-01  2.127447190437584e-03 
-4.099157199747814e-01  1.541642709412861e+00 -4.099157199747814e-01  1.354869023839832e+00 -4.099157199747814e-01  1.121534776329395e+00 -4.099157199747814e-01  1.906589149971605e-01 -4.099157199747814e-01  1.382578447654028e-03 -4.099157199747814e-01  8.438740120046377e-01 -4.099157199747814e-01  2.273822682683785e-01 -4.099157199747814e-01  2.123855947849632e-03 
-4.059157199747814e-01  1.540732503672469e+00 -4.059157199747814e-01  1.355774019952705e+00 -4.059157199747814e-01  1.120197719400571e+00 -4.059157199747814e-01  1.908609584827168e-01 -4.059157199747814e-01  1.386190927573057e-03 -4.059157199747814e-01  8.452352216546175e-01 -4.059157199747814e-01  2.272214847699112e-01 -4.059157199747814e-01  2.120264151698473e-03 
-4.019157199747814e-01  1.539822210074193e+00 -4.019157199747814e-01  1.356679154258791e+00 -4.019157199747814e-01  1.118860364975104e+00 -4.019157199747814e-01  1.910627250709440e-01 -4.019157199747814e-01  1.389803756010618e-03 -4.019157199747814e-01  8.465964768999320e-01 -4.019157199747814e-01  2.270605575241555e-01 -4.019157199747814e-01  2.116671807078615e-03 
-3.979157199747814e-01  1.538911829937053e+00 -3.979157199747814e-01  1.357584425443502e+00 -3.979157199747814e-01  1.117522715262460e+00 -3.979157199747814e-01  1.912642157050558e-01 -3.979157199747814e-01  1.393416927735129e-03 -3.979157199747814e-01  8.479577759800229e-01 -3.979157199747814e-01  2.268994860735802e-01 -3.979157199747814e-01  2.113078919207463e-03 
-3.939157199747814e-01  1.538001364583055e+00 -3.939157199747814e-01  1.358489832234365e+00 -3.939157199747814e-01  1.116184772467077e+00 -3.939157199747814e-01  1.914654313223184e-01 -3.939157199747814e-01  1.397030437503099e-03 -3.939157199747814e-01  8.493191171645553e-01 -3.939157199747814e-01  2.267382699534776e-01 -3.939157199747814e-01  2.109485493135296e-03 
-3.899157199747814e-01  1.537090815318689e+00 -3.899157199747814e-01  1.359395373318835e+00 -3.899157199747814e-01  1.114846538776465e+00 -3.899157199747814e-01  1.916663728580094e-01 -3.899157199747814e-01  1.400644280132579e-03 -3.899157199747814e-01  8.506804986971926e-01 -3.899157199747814e-01  2.265769087055472e-01 -3.899157199747814e-01  2.105891534071384e-03 
-3.859157199747814e-01  1.536180183454962e+00 -3.859157199747814e-01  1.360301047432438e+00 -3.859157199747814e-01  1.113508016374239e+00 -3.859157199747814e-01  1.918670412412168e-01 -3.859157199747814e-01  1.404258450423607e-03 -3.859157199747814e-01  8.520419188558159e-01 -3.859157199747814e-01  2.264154018632727e-01 -3.859157199747814e-01  2.102297047034218e-03 
-3.819157199747814e-01  1.535269470293716e+00 -3.819157199747814e-01  1.361206853297939e+00 -3.819157199747814e-01  1.112169207431338e+00 -3.819157199747814e-01  1.920674373977770e-01 -3.819157199747814e-01  1.407872943212603e-03 -3.819157199747814e-01  8.534033759108981e-01 -3.819157199747814e-01  2.262537489619786e-01 -3.819157199747814e-01  2.098702037092931e-03 
-3.779157199747814e-01  1.534358677131868e+00 -3.779157199747814e-01  1.362112789643675e+00 -3.779157199747814e-01  1.110830114108837e+00 -3.779157199747814e-01  1.922675622494126e-01 -3.779157199747814e-01  1.411487753355470e-03 -3.779157199747814e-01  8.547648681380072e-01 -3.779157199747814e-01  2.260919495357744e-01 -3.779157199747814e-01  2.095106509294570e-03 
-3.739157199747813e-01  1.533447805260711e+00 -3.739157199747813e-01  1.363018855200298e+00 -3.739157199747813e-01  1.109490738557554e+00 -3.739157199747813e-01  1.924674167139164e-01 -3.739157199747813e-01  1.415102875730345e-03 -3.739157199747813e-01  8.561263938155443e-01 -3.739157199747813e-01  2.259300031180730e-01 -3.739157199747813e-01  2.091510468676988e-03 
-3.699157199747813e-01  1.532536855965605e+00 -3.699157199747813e-01  1.363925048698778e+00 -3.699157199747813e-01  1.108151082917936e+00 -3.699157199747813e-01  1.926670017052580e-01 -3.699157199747813e-01  1.418718305238925e-03 -3.699157199747813e-01  8.574879512233401e-01 -3.699157199747813e-01  2.257679092419035e-01 -3.699157199747813e-01  2.087913920276742e-03 
-3.659157199747813e-01  1.531625830528712e+00 -3.659157199747813e-01  1.364831368882289e+00 -3.659157199747813e-01  1.106811149321877e+00 -3.659157199747813e-01  1.928663181330440e-01 -3.659157199747813e-01  1.422334036795505e-03 -3.659157199747813e-01  8.588495386507393e-01 -3.659157199747813e-01  2.256056674379125e-01 -3.659157199747813e-01  2.084316869081982e-03 
-3.619157199747813e-01  1.530714730229186e+00 -3.619157199747813e-01  1.365737814506594e+00 -3.619157199747813e-01  1.105470939892934e+00 -3.619157199747813e-01  1.930653669025224e-01 -3.619157199747813e-01  1.425950065326321e-03 -3.619157199747813e-01  8.602111543968231e-01 -3.619157199747813e-01  2.254432772342710e-01 -3.619157199747813e-01  2.080719320030877e-03 
-3.579157199747813e-01  1.529803556337468e+00 -3.579157199747813e-01  1.366644384314684e+00 -3.579157199747813e-01  1.104130456742672e+00 -3.579157199747813e-01  1.932641489158065e-01 -3.579157199747813e-01  1.429566385792086e-03 -3.579157199747813e-01  8.615727967530626e-01 -3.579157199747813e-01  2.252807381608880e-01 -3.579157199747813e-01  2.077121278112300e-03 
-3.539157199747813e-01  1.528892310120205e+00 -3.539157199747813e-01  1.367551077057926e+00 -3.539157199747813e-01  1.102789701973927e+00 -3.539157199747813e-01  1.934626650708894e-01 -3.539157199747813e-01  1.433182993168596e-03 -3.539157199747813e-01  8.629344640177173e-01 -3.539157199747813e-01  2.251180497458640e-01 -3.539157199747813e-01  2.073522748281875e-03 
-3.499157199747813e-01  1.527980992839964e+00 -3.499157199747813e-01  1.368457891494592e+00 -3.499157199747813e-01  1.101448677680685e+00 -3.499157199747813e-01  1.936609162617349e-01 -3.499157199747813e-01  1.436799882447751e-03 -3.499157199747813e-01  8.642961544948020e-01 -3.499157199747813e-01  2.249552115157127e-01 -3.499157199747813e-01  2.069923735467823e-03 
-3.459157199747813e-01  1.527069605757372e+00 -3.459157199747813e-01  1.369364826398848e+00 -3.459157199747813e-01  1.100107385949550e+00 -3.459157199747813e-01  1.938589033778726e-01 -3.459157199747813e-01  1.440417048629071e-03 -3.459157199747813e-01  8.656578665001824e-01 -3.459157199747813e-01  2.247922229938308e-01 -3.459157199747813e-01  2.066324244535261e-03 
-3.419157199747813e-01  1.526158150124634e+00 -3.419157199747813e-01  1.370271880531965e+00 -3.419157199747813e-01  1.098765828855574e+00 -3.419157199747813e-01  1.940566273057858e-01 -3.419157199747813e-01  1.444034486745539e-03 -3.419157199747813e-01  8.670195983418847e-01 -3.419157199747813e-01  2.246290837053023e-01 -3.419157199747813e-01  2.062724280400537e-03 
-3.379157199747813e-01  1.525246627190936e+00 -3.379157199747813e-01  1.371179052665684e+00 -3.379157199747813e-01  1.097424008465848e+00 -3.379157199747813e-01  1.942540889278186e-01 -3.379157199747813e-01  1.447652191842035e-03 -3.379157199747813e-01  8.683813483360217e-01 -3.379157199747813e-01  2.244657931729612e-01 -3.379157199747813e-01  2.059123847938377e-03 
-3.339157199747813e-01  1.524335038197914e+00 -3.339157199747813e-01  1.372086341562016e+00 -3.339157199747813e-01  1.096081926836606e+00 -3.339157199747813e-01  1.944512891231508e-01 -3.339157199747813e-01  1.451270158993355e-03 -3.339157199747813e-01  8.697431147929656e-01 -3.339157199747813e-01  2.243023509207670e-01 -3.339157199747813e-01  2.055522952062157e-03 
-3.299157199747813e-01  1.523423384392316e+00 -3.299157199747813e-01  1.372993746028456e+00 -3.299157199747813e-01  1.094739586021551e+00 -3.299157199747813e-01  1.946482287652193e-01 -3.299157199747813e-01  1.454888383253974e-03 -3.299157199747813e-01  8.711048960549812e-01 -3.299157199747813e-01  2.241387564645002e-01 -3.299157199747813e-01  2.051921597504745e-03 
-3.259157199747813e-01  1.522511667002611e+00 -3.259157199747813e-01  1.373901264815031e+00 -3.259157199747813e-01  1.093396988056649e+00 -3.259157199747813e-01  1.948449087265837e-01 -3.259157199747813e-01  1.458506859750885e-03 -3.259157199747813e-01  8.724666904259678e-01 -3.259157199747813e-01  2.239750093290537e-01 -3.259157199747813e-01  2.048319789227076e-03 
-3.219157199747813e-01  1.521599887267543e+00 -3.219157199747813e-01  1.374808896739280e+00 -3.219157199747813e-01  1.092054134978828e+00 -3.219157199747813e-01  1.950413298730663e-01 -3.219157199747813e-01  1.462125583570211e-03 -3.219157199747813e-01  8.738284962566636e-01 -3.219157199747813e-01  2.238111090273830e-01 -3.219157199747813e-01  2.044717531922122e-03 
-3.179157199747813e-01  1.520688046410086e+00 -3.179157199747813e-01  1.375716640571616e+00 -3.179157199747813e-01  1.090711028809039e+00 -3.179157199747813e-01  1.952374930691613e-01 -3.179157199747813e-01  1.465744549860673e-03 -3.179157199747813e-01  8.751903118664363e-01 -3.179157199747813e-01  2.236470550797898e-01 -3.179157199747813e-01  2.041114830469922e-03 
-3.139157199747813e-01  1.519776145656057e+00 -3.139157199747813e-01  1.376624495116614e+00 -3.139157199747813e-01  1.089367671564472e+00 -3.139157199747813e-01  1.954333991742333e-01 -3.139157199747813e-01  1.469363753759667e-03 -3.139157199747813e-01  8.765521355986736e-01 -3.139157199747813e-01  2.234828470002030e-01 -3.139157199747813e-01  2.037511689614900e-03 
-3.099157199747813e-01  1.518864186222986e+00 -3.099157199747813e-01  1.377532459164000e+00 -3.099157199747813e-01  1.088024065251333e+00 -3.099157199747813e-01  1.956290490448392e-01 -3.099157199747813e-01  1.472983190437407e-03 -3.099157199747813e-01  8.779139657873434e-01 -3.099157199747813e-01  2.233184843044274e-01 -3.099157199747813e-01  2.033908114160432e-03 
-3.059157199747813e-01  1.517952169327353e+00 -3.059157199747813e-01  1.378440531520009e+00 -3.059157199747813e-01  1.086680211869643e+00 -3.059157199747813e-01  1.958244435332780e-01 -3.059157199747813e-01  1.476602855068225e-03 -3.059157199747813e-01  8.792758007783257e-01 -3.059157199747813e-01  2.231539665048266e-01 -3.059157199747813e-01  2.030304108844377e-03 
-3.019157199747813e-01  1.517040096180444e+00 -3.019157199747813e-01  1.379348710988828e+00 -3.019157199747813e-01  1.085336113410591e+00 -3.019157199747813e-01  1.960195834884777e-01 -3.019157199747813e-01  1.480222742847096e-03 -3.019157199747813e-01  8.806376389167317e-01 -3.019157199747813e-01  2.229892931134374e-01 -3.019157199747813e-01  2.026699678412695e-03 
-2.979157199747813e-01  1.516127967991655e+00 -2.979157199747813e-01  1.380256996386820e+00 -2.979157199747813e-01  1.083991771858738e+00 -2.979157199747813e-01  1.962144697553483e-01 -2.979157199747813e-01  1.483842848976372e-03 -2.979157199747813e-01  8.819994785565697e-01 -2.979157199747813e-01  2.228244636395421e-01 -2.979157199747813e-01  2.023094827563046e-03 
-2.939157199747813e-01  1.515215785964258e+00 -2.939157199747813e-01  1.381165386523665e+00 -2.939157199747813e-01  1.082647189189323e+00 -2.939157199747813e-01  1.964091031756840e-01 -2.939157199747813e-01  1.487463168682711e-03 -2.939157199747813e-01  8.833613180478546e-01 -2.939157199747813e-01  2.226594775928426e-01 -2.939157199747813e-01  2.019489561019599e-03 
-2.899157199747813e-01  1.514303551298055e+00 -2.899157199747813e-01  1.382073880213741e+00 -2.899157199747813e-01  1.081302367370040e+00 -2.899157199747813e-01  1.966034845876540e-01 -2.899157199747813e-01  1.491083697206523e-03 -2.899157199747813e-01  8.847231557443334e-01 -2.899157199747813e-01  2.224943344815145e-01 -2.899157199747813e-01  2.015883883487875e-03 
-2.859157199747813e-01  1.513391265186227e+00 -2.859157199747813e-01  1.382982476261968e+00 -2.859157199747813e-01  1.079957308359040e+00 -2.859157199747813e-01  1.967976148264714e-01 -2.859157199747813e-01  1.494704429814421e-03 -2.859157199747813e-01  8.860849899938166e-01 -2.859157199747813e-01  2.223290338145940e-01 -2.859157199747813e-01  2.012277799710921e-03 
-2.819157199747813e-01  1.512478928825933e+00 -2.819157199747813e-01  1.383891173509724e+00 -2.819157199747813e-01  1.078612014111932e+00 -2.819157199747813e-01  1.969914947222785e-01 -2.819157199747813e-01  1.498325361757212e-03 -2.819157199747813e-01  8.874468191693968e-01 -2.819157199747813e-01  2.221635750941492e-01 -2.819157199747813e-01  2.008671314287117e-03 
-2.779157199747813e-01  1.511566543407198e+00 -2.779157199747813e-01  1.384799970786116e+00 -2.779157199747813e-01  1.077266486574549e+00 -2.779157199747813e-01  1.971851251024370e-01 -2.779157199747813e-01  1.501946488313970e-03 -2.779157199747813e-01  8.888086416362444e-01 -2.779157199747813e-01  2.219979578235381e-01 -2.779157199747813e-01  2.005064431863528e-03 
-2.739157199747813e-01  1.510654110110831e+00 -2.739157199747813e-01  1.385708866898733e+00 -2.739157199747813e-01  1.075920727681650e+00 -2.739157199747813e-01  1.973785067919771e-01 -2.739157199747813e-01  1.505567804800354e-03 -2.739157199747813e-01  8.901704557452855e-01 -2.739157199747813e-01  2.218321815089808e-01 -2.739157199747813e-01  2.001457157172592e-03 
-2.699157199747813e-01  1.509741630123124e+00 -2.699157199747813e-01  1.386617860697166e+00 -2.699157199747813e-01  1.074574739366598e+00 -2.699157199747813e-01  1.975716406106511e-01 -2.699157199747813e-01  1.509189306510122e-03 -2.699157199747813e-01  8.915322598763991e-01 -2.699157199747813e-01  2.216662456487088e-01 -2.699157199747813e-01  1.997849494780079e-03 
-2.659157199747813e-01  1.508829104621046e+00 -2.659157199747813e-01  1.387526951008379e+00 -2.659157199747813e-01  1.073228523551720e+00 -2.659157199747813e-01  1.977645273759687e-01 -2.659157199747813e-01  1.512810988774089e-03 -2.659157199747813e-01  8.928940523944011e-01 -2.659157199747813e-01  2.215001497439655e-01 -2.659157199747813e-01  1.994241449341590e-03 
-2.619157199747812e-01  1.507916534780388e+00 -2.619157199747812e-01  1.388436136671787e+00 -2.619157199747812e-01  1.071882082153688e+00 -2.619157199747812e-01  1.979571679015777e-01 -2.619157199747812e-01  1.516432846927689e-03 -2.619157199747812e-01  8.942558316728786e-01 -2.619157199747812e-01  2.213338932929978e-01 -2.619157199747812e-01  1.990633025463207e-03 
-2.579157199747812e-01  1.507003921774181e+00 -2.579157199747812e-01  1.389345416532209e+00 -2.579157199747812e-01  1.070535417082550e+00 -2.579157199747812e-01  1.981495629976156e-01 -2.579157199747812e-01  1.520054876317246e-03 -2.579157199747812e-01  8.956175960893676e-01 -2.579157199747812e-01  2.211674757922418e-01 -2.579157199747812e-01  1.987024227729652e-03 
-2.539157199747812e-01  1.506091266772399e+00 -2.539157199747812e-01  1.390254789438089e+00 -2.539157199747812e-01  1.069188530241576e+00 -2.539157199747812e-01  1.983417134708047e-01 -2.539157199747812e-01  1.523677072301221e-03 -2.539157199747812e-01  8.969793440241001e-01 -2.539157199747812e-01  2.210008967366038e-01 -2.539157199747812e-01  1.983415060711251e-03 
-2.499157199747812e-01  1.505178570938626e+00 -2.499157199747812e-01  1.391164254226905e+00 -2.499157199747812e-01  1.067841423525128e+00 -2.499157199747812e-01  1.985336201251473e-01 -2.499157199747812e-01  1.527299430263367e-03 -2.499157199747812e-01  8.983410738500603e-01 -2.499157199747812e-01  2.208341556219426e-01 -2.499157199747812e-01  1.979805529021795e-03 
-2.459157199747812e-01  1.504265835435708e+00 -2.459157199747812e-01  1.392073809749315e+00 -2.459157199747812e-01  1.066494098822423e+00 -2.459157199747812e-01  1.987252837608252e-01 -2.459157199747812e-01  1.530921945590349e-03 -2.459157199747812e-01  8.997027839493728e-01 -2.459157199747812e-01  2.206672519409149e-01 -2.459157199747812e-01  1.976195637222813e-03 
-2.419157199747812e-01  1.503353061423164e+00 -2.419157199747812e-01  1.392983454857754e+00 -2.419157199747812e-01  1.065146558015880e+00 -2.419157199747812e-01  1.989167051747490e-01 -2.419157199747812e-01  1.534544613681999e-03 -2.419157199747812e-01  9.010644727055011e-01 -2.419157199747812e-01  2.205001851849064e-01 -2.419157199747812e-01  1.972585389868784e-03 
-2.379157199747812e-01  1.502440250059077e+00 -2.379157199747812e-01  1.393893188414172e+00 -2.379157199747812e-01  1.063798802982426e+00 -2.379157199747812e-01  1.991078851602131e-01 -2.379157199747812e-01  1.538167429943833e-03 -2.379157199747812e-01  9.024261385084884e-01 -2.379157199747812e-01  2.203329548426775e-01 -2.379157199747812e-01  1.968974791476371e-03 
-2.339157199747812e-01  1.501527402497110e+00 -2.339157199747812e-01  1.394803009276981e+00 -2.339157199747812e-01  1.062450835591567e+00 -2.339157199747812e-01  1.992988245075188e-01 -2.339157199747812e-01  1.541790389798814e-03 -2.339157199747812e-01  9.037877797460476e-01 -2.339157199747812e-01  2.201655604025922e-01 -2.339157199747812e-01  1.965363846576316e-03 
-2.299157199747812e-01  1.500614519885781e+00 -2.299157199747812e-01  1.395712916297537e+00 -2.299157199747812e-01  1.061102657704985e+00 -2.299157199747812e-01  1.994895240041537e-01 -2.299157199747812e-01  1.545413488690390e-03 -2.299157199747812e-01  9.051493948011472e-01 -2.299157199747812e-01  2.199980013532096e-01 -2.299157199747812e-01  1.961752559727363e-03 
-2.259157199747812e-01  1.499701603374942e+00 -2.259157199747812e-01  1.396622908347941e+00 -2.259157199747812e-01  1.059754271180826e+00 -2.259157199747812e-01  1.996799844335237e-01 -2.259157199747812e-01  1.549036722056592e-03 -2.259157199747812e-01  9.065109820708551e-01 -2.259157199747812e-01  2.198302771784664e-01 -2.259157199747812e-01  1.958140935405901e-03 
-2.219157199747812e-01  1.498788654108693e+00 -2.219157199747812e-01  1.397532984290167e+00 -2.219157199747812e-01  1.058405677869103e+00 -2.219157199747812e-01  1.998702065764009e-01 -2.219157199747812e-01  1.552660085358291e-03 -2.219157199747812e-01  9.078725399453436e-01 -2.219157199747812e-01  2.196623873629830e-01 -2.219157199747812e-01  1.954528978128516e-03 
-2.179157199747812e-01  1.497875673228455e+00 -2.179157199747812e-01  1.398443142988984e+00 -2.179157199747812e-01  1.057056879613760e+00 -2.179157199747812e-01  2.000601912103377e-01 -2.179157199747812e-01  1.556283574066972e-03 -2.179157199747812e-01  9.092340668166361e-01 -2.179157199747812e-01  2.194943313898179e-01 -2.179157199747812e-01  1.950916692400714e-03 
-2.139157199747812e-01  1.496962661876674e+00 -2.139157199747812e-01  1.399353383327683e+00 -2.139157199747812e-01  1.055707878255175e+00 -2.139157199747812e-01  2.002499391089634e-01 -2.139157199747812e-01  1.559907183649982e-03 -2.139157199747812e-01  9.105955610892387e-01 -2.139157199747812e-01  2.193261087377181e-01 -2.139157199747812e-01  1.947304082654477e-03 
-2.099157199747812e-01  1.496049621187797e+00 -2.099157199747812e-01  1.400263704168888e+00 -2.099157199747812e-01  1.054358675624238e+00 -2.099157199747812e-01  2.004394510438021e-01 -2.099157199747812e-01  1.563530909606406e-03 -2.099157199747812e-01  9.119570211535222e-01 -2.099157199747812e-01  2.191577188878876e-01 -2.099157199747812e-01  1.943691153403793e-03 
-2.059157199747812e-01  1.495136552297518e+00 -2.059157199747812e-01  1.401174104394221e+00 -2.059157199747812e-01  1.053009273548519e+00 -2.059157199747812e-01  2.006287277824718e-01 -2.059157199747812e-01  1.567154747430354e-03 -2.059157199747812e-01  9.133184454125963e-01 -2.059157199747812e-01  2.189891613170972e-01 -2.059157199747812e-01  1.940077909087264e-03 
-2.019157199747812e-01  1.494223456336160e+00 -2.019157199747812e-01  1.402084582875410e+00 -2.019157199747812e-01  1.051659673847935e+00 -2.019157199747812e-01  2.008177700900194e-01 -2.019157199747812e-01  1.570778692637196e-03 -2.019157199747812e-01  9.146798322626890e-01 -2.019157199747812e-01  2.188204355026739e-01 -2.019157199747812e-01  1.936464354182751e-03 
-1.979157199747812e-01  1.493310334433518e+00 -1.979157199747812e-01  1.402995138494886e+00 -1.979157199747812e-01  1.050309878338001e+00 -1.979157199747812e-01  2.010065787279985e-01 -1.979157199747812e-01  1.574402740744433e-03 -1.979157199747812e-01  9.160411801070697e-01 -1.979157199747812e-01  2.186515409189057e-01 -1.979157199747812e-01  1.932850493125640e-03 
-1.939157199747812e-01  1.492397187717063e+00 -1.939157199747812e-01  1.403905770137885e+00 -1.939157199747812e-01  1.048959888828687e+00 -1.939157199747812e-01  2.011951544548462e-01 -1.939157199747812e-01  1.578026887278670e-03 -1.939157199747812e-01  9.174024873506753e-01 -1.939157199747812e-01  2.184824770383892e-01 -1.939157199747812e-01  1.929236330340157e-03 
-1.899157199747812e-01  1.491484017309258e+00 -1.899157199747812e-01  1.404816476680583e+00 -1.899157199747812e-01  1.047609707122700e+00 -1.899157199747812e-01  2.013834980264446e-01 -1.899157199747812e-01  1.581651127786425e-03 -1.899157199747812e-01  9.187637523920258e-01 -1.899157199747812e-01  2.183132433340833e-01 -1.899157199747812e-01  1.925621870286519e-03 
-1.859157199747812e-01  1.490570824333475e+00 -1.859157199747812e-01  1.405727257015202e+00 -1.859157199747812e-01  1.046259335019426e+00 -1.859157199747812e-01  2.015716101949840e-01 -1.859157199747812e-01  1.585275457810557e-03 -1.859157199747812e-01  9.201249736402085e-01 -1.859157199747812e-01  2.181438392749100e-01 -1.859157199747812e-01  1.922007117361255e-03 
-1.819157199747812e-01  1.489657609911186e+00 -1.819157199747812e-01  1.406638110037781e+00 -1.819157199747812e-01  1.044908774313137e+00 -1.819157199747812e-01  2.017594917095454e-01 -1.819157199747812e-01  1.588899872901439e-03 -1.819157199747812e-01  9.214861495065635e-01 -1.819157199747812e-01  2.179742643278594e-01 -1.819157199747812e-01  1.918392075945697e-03 
-1.779157199747812e-01  1.488744375159526e+00 -1.779157199747812e-01  1.407549034637372e+00 -1.779157199747812e-01  1.043558026791417e+00 -1.779157199747812e-01  2.019471433166058e-01 -1.779157199747812e-01  1.592524368626645e-03 -1.779157199747812e-01  9.228472783973249e-01 -1.779157199747812e-01  2.178045179598623e-01 -1.779157199747812e-01  1.914776750448932e-03 
-1.739157199747812e-01  1.487831121190726e+00 -1.739157199747812e-01  1.408460029693395e+00 -1.739157199747812e-01  1.042207094234827e+00 -1.739157199747812e-01  2.021345657601712e-01 -1.739157199747812e-01  1.596148940573152e-03 -1.739157199747812e-01  9.242083587118058e-01 -1.739157199747812e-01  2.176345996382418e-01 -1.739157199747812e-01  1.911161145318276e-03 
-1.699157199747812e-01  1.486917849121185e+00 -1.699157199747812e-01  1.409371094114363e+00 -1.699157199747812e-01  1.040855978422962e+00 -1.699157199747812e-01  2.023217597800381e-01 -1.699157199747812e-01  1.599773584311401e-03 -1.699157199747812e-01  9.255693888685940e-01 -1.699157199747812e-01  2.174645088239074e-01 -1.699157199747812e-01  1.907545264885570e-03 
-1.659157199747812e-01  1.486004560059700e+00 -1.659157199747812e-01  1.410282226786981e+00 -1.659157199747812e-01  1.039504681126701e+00 -1.659157199747812e-01  2.025087261141154e-01 -1.659157199747812e-01  1.603398295441959e-03 -1.659157199747812e-01  9.269303672710401e-01 -1.659157199747812e-01  2.172942449802524e-01 -1.659157199747812e-01  1.903929113569221e-03 
-1.619157199747812e-01  1.485091255116602e+00 -1.619157199747812e-01  1.411193426615206e+00 -1.619157199747812e-01  1.038153204114301e+00 -1.619157199747812e-01  2.026954654966719e-01 -1.619157199747812e-01  1.607023069559299e-03 -1.619157199747812e-01  9.282912923336841e-01 -1.619157199747812e-01  2.171238075662839e-01 -1.619157199747812e-01  1.900312695719116e-03 
-1.579157199747812e-01  1.484177935399534e+00 -1.579157199747812e-01  1.412104692501807e+00 -1.579157199747812e-01  1.036801549148646e+00 -1.579157199747812e-01  2.028819786591858e-01 -1.579157199747812e-01  1.610647902268511e-03 -1.579157199747812e-01  9.296521624697344e-01 -1.579157199747812e-01  2.169531960398390e-01 -1.579157199747812e-01  1.896696015689889e-03 
-1.539157199747812e-01  1.483264602014123e+00 -1.539157199747812e-01  1.413016023351067e+00 -1.539157199747812e-01  1.035449717987742e+00 -1.539157199747812e-01  2.030682663302419e-01 -1.539157199747812e-01  1.614272789182667e-03 -1.539157199747812e-01  9.310129760928575e-01 -1.539157199747812e-01  2.167824098570871e-01 -1.539157199747812e-01  1.893079077830152e-03 
-1.499157199747811e-01  1.482351256058954e+00 -1.499157199747811e-01  1.413927418047013e+00 -1.499157199747811e-01  1.034097712381414e+00 -1.499157199747811e-01  2.032543292365311e-01 -1.499157199747811e-01  1.617897725942780e-03 -1.499157199747811e-01  9.323737316024395e-01 -1.499157199747811e-01  2.166114484763548e-01 -1.499157199747811e-01  1.889461886568919e-03 
-1.459157199747811e-01  1.481437898640512e+00 -1.459157199747811e-01  1.414838875516988e+00 -1.459157199747811e-01  1.032745534081270e+00 -1.459157199747811e-01  2.034401680999824e-01 -1.459157199747811e-01  1.621522708158465e-03 -1.459157199747811e-01  9.337344274265349e-01 -1.459157199747811e-01  2.164403113468936e-01 -1.459157199747811e-01  1.885844446163271e-03 
-1.419157199747811e-01  1.480524530856756e+00 -1.419157199747811e-01  1.415750394661222e+00 -1.419157199747811e-01  1.031393184829849e+00 -1.419157199747811e-01  2.036257836409739e-01 -1.419157199747811e-01  1.625147731473173e-03 -1.419157199747811e-01  9.350950619742060e-01 -1.419157199747811e-01  2.162689979212742e-01 -1.419157199747811e-01  1.882226760977858e-03 
-1.379157199747811e-01  1.479611153802333e+00 -1.379157199747811e-01  1.416661974375039e+00 -1.379157199747811e-01  1.030040666364114e+00 -1.379157199747811e-01  2.038111765773434e-01 -1.379157199747811e-01  1.628772791543455e-03 -1.379157199747811e-01  9.364556336505238e-01 -1.379157199747811e-01  2.160975076514678e-01 -1.379157199747811e-01  1.878608835396876e-03 
-1.339157199747811e-01  1.478697768579907e+00 -1.339157199747811e-01  1.417573613596637e+00 -1.339157199747811e-01  1.028687980423022e+00 -1.339157199747811e-01  2.039963476222338e-01 -1.339157199747811e-01  1.632397883994020e-03 -1.339157199747811e-01  9.378161408888102e-01 -1.339157199747811e-01  2.159258399803568e-01 -1.339157199747811e-01  1.874990673634294e-03 
-1.299157199747811e-01  1.477784376276690e+00 -1.299157199747811e-01  1.418485311206981e+00 -1.299157199747811e-01  1.027335128731986e+00 -1.299157199747811e-01  2.041812974886444e-01 -1.299157199747811e-01  1.636023004510920e-03 -1.299157199747811e-01  9.391765820829647e-01 -1.299157199747811e-01  2.157539943594402e-01 -1.299157199747811e-01  1.871372280131244e-03 
-1.259157199747811e-01  1.476870977989520e+00 -1.259157199747811e-01  1.419397066136406e+00 -1.259157199747811e-01  1.025982113019560e+00 -1.259157199747811e-01  2.043660268846215e-01 -1.259157199747811e-01  1.639648148741916e-03 -1.259157199747811e-01  9.405369556594637e-01 -1.259157199747811e-01  2.155819702299331e-01 -1.259157199747811e-01  1.867753659132900e-03 
-1.219157199747811e-01  1.475957574808670e+00 -1.219157199747811e-01  1.420308877295307e+00 -1.219157199747811e-01  1.024628935006740e+00 -1.219157199747811e-01  2.045505365164075e-01 -1.219157199747811e-01  1.643273312360868e-03 -1.219157199747811e-01  9.418972600304993e-01 -1.219157199747811e-01  2.154097670350256e-01 -1.219157199747811e-01  1.864134814963563e-03 
-1.179157199747811e-01  1.475044167824533e+00 -1.179157199747811e-01  1.421220743602521e+00 -1.179157199747811e-01  1.023275596411440e+00 -1.179157199747811e-01  2.047348270871758e-01 -1.179157199747811e-01  1.646898491041069e-03 -1.179157199747811e-01  9.432574936131166e-01 -1.179157199747811e-01  2.152373842148319e-01 -1.179157199747811e-01  1.860515751914095e-03 
-1.139157199747811e-01  1.474130758123508e+00 -1.139157199747811e-01  1.422132663967430e+00 -1.139157199747811e-01  1.021922098945797e+00 -1.139157199747811e-01  2.049188992978504e-01 -1.139157199747811e-01  1.650523680471714e-03 -1.139157199747811e-01  9.446176548171042e-01 -1.139157199747811e-01  2.150648212095467e-01 -1.139157199747811e-01  1.856896474312770e-03 
-1.099157199747811e-01  1.473217346794128e+00 -1.099157199747811e-01  1.423044637315826e+00 -1.099157199747811e-01  1.020568444320294e+00 -1.099157199747811e-01  2.051027538459543e-01 -1.099157199747811e-01  1.654148876333470e-03 -1.099157199747811e-01  9.459777420624174e-01 -1.099157199747811e-01  2.148920774548277e-01 -1.099157199747811e-01  1.853276986422801e-03 
-1.059157199747811e-01  1.472303934922206e+00 -1.059157199747811e-01  1.423956662569017e+00 -1.059157199747811e-01  1.019214634240562e+00 -1.059157199747811e-01  2.052863914265649e-01 -1.059157199747811e-01  1.657774074317753e-03 -1.059157199747811e-01  9.473377537650340e-01 -1.059157199747811e-01  2.147191523854859e-01 -1.059157199747811e-01  1.849657292525161e-03 
-1.019157199747811e-01  1.471390523587586e+00 -1.019157199747811e-01  1.424868738629957e+00 -1.019157199747811e-01  1.017860670405269e+00 -1.019157199747811e-01  2.054698127329611e-01 -1.019157199747811e-01  1.661399270139715e-03 -1.019157199747811e-01  9.486976883275868e-01 -1.019157199747811e-01  2.145460454379548e-01 -1.019157199747811e-01  1.846037396973650e-03 
-9.791571997478110e-02  1.470477113878408e+00 -9.791571997478110e-02  1.425780864443292e+00 -9.791571997478110e-02  1.016506554515645e+00 -9.791571997478110e-02  2.056530184539243e-01 -9.791571997478110e-02  1.665024459481508e-03 -9.791571997478110e-02  9.500575441798264e-01 -9.791571997478110e-02  2.143727560395390e-01 -9.791571997478110e-02  1.842417303956653e-03 
-9.391571997478110e-02  1.469563706872141e+00 -9.391571997478110e-02  1.426693038914825e+00 -9.391571997478110e-02  1.015152288262906e+00 -9.391571997478110e-02  2.058360092773811e-01 -9.391571997478110e-02  1.668649638067634e-03 -9.391571997478110e-02  9.514173197242572e-01 -9.391571997478110e-02  2.141992836227847e-01 -9.391571997478110e-02  1.838797017816645e-03 
-8.991571997478109e-02  1.468650303650539e+00 -8.991571997478109e-02  1.427605260974679e+00 -8.991571997478109e-02  1.013797873338241e+00 -8.991571997478109e-02  2.060187858875790e-01 -8.991571997478109e-02  1.672274801605578e-03 -8.991571997478109e-02  9.527770133787198e-01 -8.991571997478109e-02  2.140256276141670e-01 -8.991571997478109e-02  1.835176542799593e-03 
-8.591571997478109e-02  1.467736905290265e+00 -8.591571997478109e-02  1.428517529537298e+00 -8.591571997478109e-02  1.012443311426614e+00 -8.591571997478109e-02  2.062013489668943e-01 -8.591571997478109e-02  1.675899945822995e-03 -8.591571997478109e-02  9.541366235493839e-01 -8.591571997478109e-02  2.138517874412318e-01 -8.591571997478109e-02  1.831555883213696e-03 
-8.191571997478109e-02  1.466823512876196e+00 -8.191571997478109e-02  1.429429843557498e+00 -8.191571997478109e-02  1.011088604215668e+00 -8.191571997478109e-02  2.063836991933345e-01 -8.191571997478109e-02  1.679525066414930e-03 -8.191571997478109e-02  9.554961486684849e-01 -8.191571997478109e-02  2.136777625225089e-01 -8.191571997478109e-02  1.827935043206913e-03 
-7.791571997478108e-02  1.465910127475835e+00 -7.791571997478108e-02  1.430342201922141e+00 -7.791571997478108e-02  1.009733753378711e+00 -7.791571997478108e-02  2.065658372454096e-01 -7.791571997478108e-02  1.683150159145368e-03 -7.791571997478108e-02  9.568555871213038e-01 -7.791571997478108e-02  2.135035522869587e-01 -7.791571997478108e-02  1.824314027196890e-03 
-7.391571997478108e-02  1.464996750173589e+00 -7.391571997478108e-02  1.431254603594570e+00 -7.391571997478108e-02  1.008378760597600e+00 -7.391571997478108e-02  2.067477637956673e-01 -7.391571997478108e-02  1.686775219711163e-03 -7.391571997478108e-02  9.582149373434430e-01 -7.391571997478108e-02  2.133291561479795e-01 -7.391571997478108e-02  1.820692839297698e-03 
-6.991571997478108e-02  1.464083382039532e+00 -6.991571997478108e-02  1.432167047482613e+00 -6.991571997478108e-02  1.007023627541959e+00 -6.991571997478108e-02  2.069294795166292e-01 -6.991571997478108e-02  1.690400243866086e-03 -6.991571997478108e-02  9.595741977318794e-01 -6.991571997478108e-02  2.131545735271389e-01 -6.991571997478108e-02  1.817071483843785e-03 
-6.591571997478107e-02  1.463170024147934e+00 -6.591571997478107e-02  1.433079532516555e+00 -6.591571997478107e-02  1.005668355881569e+00 -6.591571997478107e-02  2.071109850773071e-01 -6.591571997478107e-02  1.694025227347190e-03 -6.591571997478107e-02  9.609333666974484e-01 -6.591571997478107e-02  2.129798038401158e-01 -6.591571997478107e-02  1.813449965080423e-03 
-6.191571997478107e-02  1.462256677572365e+00 -6.191571997478107e-02  1.433992057628155e+00 -6.191571997478107e-02  1.004312947283143e+00 -6.191571997478107e-02  2.072922811441577e-01 -6.191571997478107e-02  1.697650165894312e-03 -6.191571997478107e-02  9.622924426506768e-01 -6.191571997478107e-02  2.128048465004550e-01 -6.191571997478107e-02  1.809828287247048e-03 
-5.791571997478107e-02  1.461343343386655e+00 -5.791571997478107e-02  1.434904621754458e+00 -5.791571997478107e-02  1.002957403411006e+00 -5.791571997478107e-02  2.074733683809236e-01 -5.791571997478107e-02  1.701275055246242e-03 -5.791571997478107e-02  9.636514240043116e-01 -5.791571997478107e-02  2.126297009188526e-01 -5.791571997478107e-02  1.806206454562074e-03 
-5.391571997478106e-02  1.460430022658560e+00 -5.391571997478106e-02  1.435817223811014e+00 -5.391571997478106e-02  1.001601725922906e+00 -5.391571997478106e-02  2.076542474498480e-01 -5.391571997478106e-02  1.704899891165834e-03 -5.391571997478106e-02  9.650103091552749e-01 -5.391571997478106e-02  2.124543665079923e-01 -5.391571997478106e-02  1.802584471329275e-03 
-4.991571997478106e-02  1.459516716462461e+00 -4.991571997478106e-02  1.436729862744974e+00 -4.991571997478106e-02  1.000245916478520e+00 -4.991571997478106e-02  2.078349190093147e-01 -4.991571997478106e-02  1.708524669389677e-03 -4.991571997478106e-02  9.663690965203496e-01 -4.991571997478106e-02  2.122788426728989e-01 -4.991571997478106e-02  1.798962341726942e-03 
-4.591571997478106e-02  1.458603425867584e+00 -4.591571997478106e-02  1.437642537485366e+00 -4.591571997478106e-02  9.988899767316426e-01 -4.591571997478106e-02  2.080153837160822e-01 -4.591571997478106e-02  1.712149385674766e-03 -4.591571997478106e-02  9.677277845026900e-01 -4.591571997478106e-02  2.121031288199290e-01 -4.591571997478106e-02  1.795340070005303e-03 
-4.191571997478105e-02  1.457690151941419e+00 -4.191571997478105e-02  1.438555246957255e+00 -4.191571997478105e-02  9.975339083324908e-01 -4.191571997478105e-02  2.081956422246641e-01 -4.191571997478105e-02  1.715774035784988e-03 -4.191571997478105e-02  9.690863715013240e-01 -4.191571997478105e-02  2.119272243541910e-01 -4.191571997478105e-02  1.791717660430326e-03 
-3.791571997478105e-02  1.456776895752674e+00 -3.791571997478105e-02  1.439467990093851e+00 -3.791571997478105e-02  9.961777129297220e-01 -3.791571997478105e-02  2.083756951868004e-01 -3.791571997478105e-02  1.719398615479360e-03 -3.791571997478105e-02  9.704448559192596e-01 -3.791571997478105e-02  2.117511286773198e-01 -3.791571997478105e-02  1.788095117235615e-03 
-3.391571997478104e-02  1.455863658371475e+00 -3.391571997478104e-02  1.440380765837161e+00 -3.391571997478104e-02  9.948213921706049e-01 -3.391571997478104e-02  2.085555432514473e-01 -3.391571997478104e-02  1.723023120511302e-03 -3.391571997478104e-02  9.718032361638774e-01 -3.391571997478104e-02  2.115748411873311e-01 -3.391571997478104e-02  1.784472444619871e-03 
-2.991571997478104e-02  1.454950440866659e+00 -2.991571997478104e-02  1.441293573126453e+00 -2.991571997478104e-02  9.934649476992474e-01 -2.991571997478104e-02  2.087351870653041e-01 -2.991571997478104e-02  1.726647546639286e-03 -2.991571997478104e-02  9.731615106391489e-01 -2.991571997478104e-02  2.113983612806943e-01 -2.991571997478104e-02  1.780849646792619e-03 
-2.591571997478104e-02  1.454037244298476e+00 -2.591571997478104e-02  1.442206410867369e+00 -2.591571997478104e-02  9.921083811517480e-01 -2.591571997478104e-02  2.089146272741935e-01 -2.591571997478104e-02  1.730271889655887e-03 -2.591571997478104e-02  9.745196777248639e-01 -2.591571997478104e-02  2.112216883579688e-01 -2.591571997478104e-02  1.777226728096905e-03 
-2.191571997478104e-02  1.453124069742420e+00 -2.191571997478104e-02  1.443119278031504e+00 -2.191571997478104e-02  9.907516941721779e-01 -2.191571997478104e-02  2.090938645186511e-01 -2.191571997478104e-02  1.733896145293133e-03 -2.191571997478104e-02  9.758777358434667e-01 -2.191571997478104e-02  2.110448218055771e-01 -2.191571997478104e-02  1.773603692613924e-03 
-1.791571997478104e-02  1.452210918257832e+00 -1.791571997478104e-02  1.444032173524860e+00 -1.791571997478104e-02  9.893948883916106e-01 -1.791571997478104e-02  2.092728994397893e-01 -1.791571997478104e-02  1.737520309347182e-03 -1.791571997478104e-02  9.772356833716911e-01 -1.791571997478104e-02  2.108677610198362e-01 -1.791571997478104e-02  1.769980544685256e-03 
-1.391571997478104e-02  1.451297790911209e+00 -1.391571997478104e-02  1.444945096285021e+00 -1.391571997478104e-02  9.880379654437477e-01 -1.391571997478104e-02  2.094517326749823e-01 -1.391571997478104e-02  1.741144377585741e-03 -1.391571997478104e-02  9.785935187057742e-01 -1.391571997478104e-02  2.106905053891637e-01 -1.391571997478104e-02  1.766357288527068e-03 
-9.915719974781044e-03  1.450384688773594e+00 -9.915719974781044e-03  1.445858045270078e+00 -9.915719974781044e-03  9.866809269632211e-01 -9.915719974781044e-03  2.096303648583848e-01 -9.915719974781044e-03  1.744768345758485e-03 -9.915719974781044e-03  9.799512402539717e-01 -9.915719974781044e-03  2.105130542960623e-01 -9.915719974781044e-03  1.762733928274178e-03 
-5.915719974781044e-03  1.449471612904480e+00 -5.915719974781044e-03  1.446771019391094e+00 -5.915719974781044e-03  9.853237745748504e-01 -5.915719974781044e-03  2.098087966239309e-01 -5.915719974781044e-03  1.748392209660923e-03 -5.915719974781044e-03  9.813088463912103e-01 -5.915719974781044e-03  2.103354071294973e-01 -5.915719974781044e-03  1.759110468247997e-03 
-1.915719974781044e-03  1.448558564369701e+00 -1.915719974781044e-03  1.447684017586672e+00 -1.915719974781044e-03  9.839665099056436e-01 -1.915719974781044e-03  2.099870286020420e-01 -1.915719974781044e-03  1.752015965063346e-03 -1.915719974781044e-03  9.826663355090961e-01 -1.915719974781044e-03  2.101575632711938e-01 -1.915719974781044e-03  1.755486912660669e-03 
 2.084280025218956e-03  1.447645543368264e+00  2.084280025218956e-03  1.448597039677244e+00  2.084280025218956e-03  9.826091332894604e-01  2.084280025218956e-03  2.101650615897957e-01  2.084280025218956e-03  1.755639611176412e-03  2.084280025218956e-03  9.840237072982113e-01  2.084280025218956e-03  2.099795219287386e-01  2.084280025218956e-03  1.751863262224436e-03 
 6.084280025218956e-03  1.446732546160799e+00  6.084280025218956e-03  1.449510089387666e+00  6.084280025218956e-03  9.812516392045627e-01  6.084280025218956e-03  2.103428971479152e-01  6.084280025218956e-03  1.759263162841502e-03  6.084280025218956e-03  9.853809672702282e-01  6.084280025218956e-03  2.098012815438581e-01  6.084280025218956e-03  1.748239502155476e-03 
 1.008428002521896e-02  1.445819573074997e+00  1.008428002521896e-02  1.450423166377437e+00  1.008428002521896e-02  9.798940281697156e-01  1.008428002521896e-02  2.105205360399568e-01  1.008428002521896e-02  1.762886618758541e-03  1.008428002521896e-02  9.867381148861432e-01  1.008428002521896e-02  2.096228413468851e-01  1.008428002521896e-02  1.744615633804718e-03 
 1.408428002521896e-02  1.444906625180613e+00  1.408428002521896e-02  1.451336269602050e+00  1.408428002521896e-02  9.785363017988502e-01  1.408428002521896e-02  2.106979788825698e-01  1.408428002521896e-02  1.766509974682196e-03  1.408428002521896e-02  9.880951485331430e-01  1.408428002521896e-02  2.094442007033576e-01  1.408428002521896e-02  1.740991661317211e-03 
 1.808428002521896e-02  1.443993703540293e+00  1.808428002521896e-02  1.452249397986938e+00  1.808428002521896e-02  9.771784616993213e-01  1.808428002521896e-02  2.108752262915249e-01  1.808428002521896e-02  1.770133226395415e-03  1.808428002521896e-02  9.894520665762283e-01  1.808428002521896e-02  2.092653589820299e-01  1.808428002521896e-02  1.737367588957286e-03 
 2.208428002521896e-02  1.443080809219717e+00  2.208428002521896e-02  1.453162550469380e+00  2.208428002521896e-02  9.758205094787495e-01  2.208428002521896e-02  2.110522788798631e-01  2.208428002521896e-02  1.773756369669002e-03  2.208428002521896e-02  9.908088673862524e-01  2.208428002521896e-02  2.090863155471059e-01  2.208428002521896e-02  1.733743420942244e-03 
 2.608428002521896e-02  1.442167943280275e+00  2.608428002521896e-02  1.454075725967951e+00  2.608428002521896e-02  9.744624467401399e-01  2.608428002521896e-02  2.112291372592722e-01  2.608428002521896e-02  1.777379400290904e-03  2.608428002521896e-02  9.921655493194284e-01  2.608428002521896e-02  2.089070697638806e-01  2.608428002521896e-02  1.730119161563606e-03 
 3.008428002521896e-02  1.441255106792508e+00  3.008428002521896e-02  1.454988923437945e+00  3.008428002521896e-02  9.731042750909381e-01  3.008428002521896e-02  2.114058020376345e-01  3.008428002521896e-02  1.781002314012608e-03  3.008428002521896e-02  9.935221107543868e-01  3.008428002521896e-02  2.087276209884252e-01  3.008428002521896e-02  1.726494814967161e-03 
 3.408428002521896e-02  1.440342300821246e+00  3.408428002521896e-02  1.455902141809549e+00  3.408428002521896e-02  9.717459961330897e-01  3.408428002521896e-02  2.115822738217820e-01  3.408428002521896e-02  1.784625106608340e-03  3.408428002521896e-02  9.948785500507630e-01  3.408428002521896e-02  2.085479685790383e-01  3.408428002521896e-02  1.722870385398290e-03 
 3.808428002521896e-02  1.439429526428987e+00  3.808428002521896e-02  1.456815380001702e+00  3.808428002521896e-02  9.703876114653415e-01  3.808428002521896e-02  2.117585532168896e-01  3.808428002521896e-02  1.788247773861558e-03  3.808428002521896e-02  9.962348655584422e-01  3.808428002521896e-02  2.083681118936691e-01  3.808428002521896e-02  1.719245877147040e-03 
 4.208428002521897e-02  1.438516784685477e+00  4.208428002521897e-02  1.457728636961450e+00  4.208428002521897e-02  9.690291226897065e-01  4.208428002521897e-02  2.119346408247502e-01  4.208428002521897e-02  1.791870311526897e-03  4.208428002521897e-02  9.975910556438436e-01  4.208428002521897e-02  2.081880502825546e-01  4.208428002521897e-02  1.715621294391881e-03 
 4.608428002521897e-02  1.437604076655178e+00  4.608428002521897e-02  1.458641911611971e+00  4.608428002521897e-02  9.676705314030848e-01  4.608428002521897e-02  2.121105372460876e-01  4.608428002521897e-02  1.795492715380032e-03  4.608428002521897e-02  9.989471186551232e-01  4.608428002521897e-02  2.080077830978823e-01  4.608428002521897e-02  1.711996641406006e-03 
 5.008428002521897e-02  1.436691403405221e+00  5.008428002521897e-02  1.459555202885114e+00  5.008428002521897e-02  9.663118392026373e-01  5.008428002521897e-02  2.122862430791208e-01  5.008428002521897e-02  1.799114981185975e-03  5.008428002521897e-02  1.000303052943898e+00  5.008428002521897e-02  2.078273096877024e-01  5.008428002521897e-02  1.708371922428172e-03 
 5.408428002521898e-02  1.435778766003413e+00  5.408428002521898e-02  1.460468509713047e+00  5.408428002521898e-02  9.649530476844809e-01  5.408428002521898e-02  2.124617589199535e-01  5.408428002521898e-02  1.802737104707050e-03  5.408428002521898e-02  1.001658856859620e+00  5.408428002521898e-02  2.076466293974565e-01  5.408428002521898e-02  1.704747141695830e-03 
 5.808428002521898e-02  1.434866165519556e+00  5.808428002521898e-02  1.461381831033331e+00  5.808428002521898e-02  9.635941584446105e-01  5.808428002521898e-02  2.126370853623573e-01  5.808428002521898e-02  1.806359081697694e-03  5.808428002521898e-02  1.003014528752929e+00  5.808428002521898e-02  2.074657415690049e-01  5.808428002521898e-02  1.701122303425037e-03 
 6.208428002521899e-02  1.433953603018582e+00  6.208428002521899e-02  1.462295165760604e+00  6.208428002521899e-02  9.622351730743141e-01  6.208428002521899e-02  2.128122229990344e-01  6.208428002521899e-02  1.809980907931626e-03  6.208428002521899e-02  1.004370066956704e+00  6.208428002521899e-02  2.072846455459154e-01  6.208428002521899e-02  1.697497411922835e-03 
 6.608428002521899e-02  1.433041079572412e+00  6.608428002521899e-02  1.463208512835053e+00  6.608428002521899e-02  9.608760931681818e-01  6.608428002521899e-02  2.129871724194917e-01  6.608428002521899e-02  1.813602579154825e-03  6.608428002521899e-02  1.005725469818401e+00  6.608428002521899e-02  2.071033406643416e-01  6.608428002521899e-02  1.693872471394791e-03 
 7.008428002521899e-02  1.432128596250751e+00  7.008428002521899e-02  1.464121871184317e+00  7.008428002521899e-02  9.595169203179499e-01  7.008428002521899e-02  2.131619342117302e-01  7.008428002521899e-02  1.817224091122080e-03  7.008428002521899e-02  1.007080735674567e+00  7.008428002521899e-02  2.069218262601526e-01  7.008428002521899e-02  1.690247486096346e-03 
 7.408428002521900e-02  1.431216154120087e+00  7.408428002521900e-02  1.465035239719178e+00  7.408428002521900e-02  9.581576561118585e-01  7.408428002521900e-02  2.133365089624431e-01  7.408428002521900e-02  1.820845439600907e-03  7.408428002521900e-02  1.008435862847938e+00  7.408428002521900e-02  2.067401016697254e-01  7.408428002521900e-02  1.686622460349699e-03 
 7.808428002521900e-02  1.430303754256796e+00  7.808428002521900e-02  1.465948617387216e+00  7.808428002521900e-02  9.567983021435009e-01  7.808428002521900e-02  2.135108972546739e-01  7.808428002521900e-02  1.824466620319592e-03  7.808428002521900e-02  1.009790849683198e+00  7.808428002521900e-02  2.065581662198160e-01  7.808428002521900e-02  1.682997398331098e-03 
 8.208428002521900e-02  1.429391397730952e+00  8.208428002521900e-02  1.466862003106076e+00  8.208428002521900e-02  9.554388600009704e-01  8.208428002521900e-02  2.136850996707580e-01  8.208428002521900e-02  1.828087629031421e-03  8.208428002521900e-02  1.011145694502419e+00  8.208428002521900e-02  2.063760192401053e-01  8.208428002521900e-02  1.679372304335549e-03 
 8.608428002521901e-02  1.428479085612662e+00  8.608428002521901e-02  1.467775395789213e+00  8.608428002521901e-02  9.540793312711405e-01  8.608428002521901e-02  2.138591167911996e-01  8.608428002521901e-02  1.831708461489538e-03  8.608428002521901e-02  1.012500395622209e+00  8.608428002521901e-02  2.061936600583338e-01  8.608428002521901e-02  1.675747182674645e-03 
 9.008428002521901e-02  1.427566818979288e+00  9.008428002521901e-02  1.468688794375332e+00  9.008428002521901e-02  9.527197175445761e-01  9.008428002521901e-02  2.140329491933938e-01  9.008428002521901e-02  1.835329113418272e-03  9.008428002521901e-02  1.013854951373280e+00  9.008428002521901e-02  2.060110879947019e-01  9.008428002521901e-02  1.672122037559785e-03 
 9.408428002521901e-02  1.426654598905066e+00  9.408428002521901e-02  1.469602197785547e+00  9.408428002521901e-02  9.513600204085710e-01  9.408428002521901e-02  2.142065974535179e-01  9.408428002521901e-02  1.838949580554380e-03  9.408428002521901e-02  1.015209360071862e+00  9.408428002521901e-02  2.058283023699427e-01  9.408428002521901e-02  1.668496873272115e-03 
 9.808428002521902e-02  1.425742426460724e+00  9.808428002521902e-02  1.470515604921669e+00  9.808428002521902e-02  9.500002414469166e-01  9.808428002521902e-02  2.143800621466142e-01  9.808428002521902e-02  1.842569858648509e-03  9.808428002521902e-02  1.016563620018539e+00  9.808428002521902e-02  2.056453025056496e-01  9.808428002521902e-02  1.664871694169444e-03 
 1.020842800252190e-01  1.424830302726658e+00  1.020842800252190e-01  1.471429014719933e+00  1.020842800252190e-01  9.486403822488195e-01  1.020842800252190e-01  2.145533438442519e-01  1.020842800252190e-01  1.846189943412974e-03  1.020842800252190e-01  1.017917729533975e+00  1.020842800252190e-01  2.054620877140391e-01  1.020842800252190e-01  1.661246504472872e-03 
 1.060842800252190e-01  1.423918228781968e+00  1.060842800252190e-01  1.472342426105805e+00  1.060842800252190e-01  9.472804444015439e-01  1.060842800252190e-01  2.147264431165110e-01  1.060842800252190e-01  1.849809830565147e-03  1.060842800252190e-01  1.019271686928786e+00  1.060842800252190e-01  2.052786573065012e-01  1.060842800252190e-01  1.657621308446270e-03 
 1.100842800252190e-01  1.423006205698667e+00  1.100842800252190e-01  1.473255837970171e+00  1.100842800252190e-01  9.459204294865382e-01  1.100842800252190e-01  2.148993605330404e-01  1.100842800252190e-01  1.853429515850589e-03  1.100842800252190e-01  1.020625490487664e+00  1.100842800252190e-01  2.050950105981273e-01  1.100842800252190e-01  1.653996110490674e-03 
 1.140842800252190e-01  1.422094234562223e+00  1.140842800252190e-01  1.474169249253013e+00  1.140842800252190e-01  9.445603390933193e-01  1.140842800252190e-01  2.150720966594050e-01  1.140842800252190e-01  1.857048994961444e-03  1.140842800252190e-01  1.021979138525006e+00  1.140842800252190e-01  2.049111468917393e-01  1.140842800252190e-01  1.650370914812317e-03 
 1.180842800252190e-01  1.421182316453381e+00  1.180842800252190e-01  1.475082658868986e+00  1.180842800252190e-01  9.432001748072494e-01  1.180842800252190e-01  2.152446520603551e-01  1.180842800252190e-01  1.860668263608567e-03  1.180842800252190e-01  1.023332629335358e+00  1.180842800252190e-01  2.047270654920385e-01  1.180842800252190e-01  1.646745725717884e-03 
 1.220842800252190e-01  1.420270452448736e+00  1.220842800252190e-01  1.475996065709472e+00  1.220842800252190e-01  9.418399382099453e-01  1.220842800252190e-01  2.154170272997405e-01  1.220842800252190e-01  1.864287317519297e-03  1.220842800252190e-01  1.024685961194761e+00  1.220842800252190e-01  2.045427657052198e-01  1.220842800252190e-01  1.643120547606414e-03 
 1.260842800252190e-01  1.419358643636863e+00  1.260842800252190e-01  1.476909468708196e+00  1.260842800252190e-01  9.404796308902029e-01  1.260842800252190e-01  2.155892229376594e-01  1.260842800252190e-01  1.867906152373408e-03  1.260842800252190e-01  1.026039132404321e+00  1.260842800252190e-01  2.043582468263820e-01  1.260842800252190e-01  1.639495384708877e-03 
 1.300842800252190e-01  1.418446891099771e+00  1.300842800252190e-01  1.477822866765355e+00  1.300842800252190e-01  9.391192544315106e-01  1.300842800252190e-01  2.157612395337828e-01  1.300842800252190e-01  1.871524763876750e-03  1.300842800252190e-01  1.027392141239738e+00  1.300842800252190e-01  2.041735081540245e-01  1.300842800252190e-01  1.635870241389275e-03 
 1.340842800252190e-01  1.417535195922615e+00  1.340842800252190e-01  1.478736258786995e+00  1.340842800252190e-01  9.377588104186366e-01  1.340842800252190e-01  2.159330776456426e-01  1.340842800252190e-01  1.875143147722673e-03  1.340842800252190e-01  1.028744985977441e+00  1.340842800252190e-01  2.039885489824885e-01  1.340842800252190e-01  1.632245121988428e-03 
 1.380842800252191e-01  1.416623559196381e+00  1.380842800252191e-01  1.479649643695684e+00  1.380842800252191e-01  9.363983004394765e-01  1.380842800252191e-01  2.161047378281793e-01  1.380842800252191e-01  1.878761299581348e-03  1.380842800252191e-01  1.030097664901622e+00  1.380842800252191e-01  2.038033685998597e-01  1.380842800252191e-01  1.628620030781464e-03 
 1.420842800252191e-01  1.415711982004722e+00  1.420842800252191e-01  1.480563020376760e+00  1.420842800252191e-01  9.350377260761891e-01  1.420842800252191e-01  2.162762206360971e-01  1.420842800252191e-01  1.882379215152088e-03  1.420842800252191e-01  1.031450176268508e+00  1.420842800252191e-01  2.036179662982956e-01  1.420842800252191e-01  1.624994972191351e-03 
 1.460842800252191e-01  1.414800465440008e+00  1.460842800252191e-01  1.481476387743312e+00  1.460842800252191e-01  9.336770889160764e-01  1.460842800252191e-01  2.164475266210387e-01  1.460842800252191e-01  1.885996890099595e-03  1.460842800252191e-01  1.032802518349462e+00  1.460842800252191e-01  2.034323413614869e-01  1.460842800252191e-01  1.621369950530824e-03 
 1.500842800252191e-01  1.413889010596171e+00  1.500842800252191e-01  1.482389744706872e+00  1.500842800252191e-01  9.323163905467848e-01  1.500842800252191e-01  2.166186563328743e-01  1.500842800252191e-01  1.889614320082352e-03  1.500842800252191e-01  1.034154689411472e+00  1.500842800252191e-01  2.032464930702655e-01  1.500842800252191e-01  1.617744970118811e-03 
 1.540842800252191e-01  1.412977618561276e+00  1.540842800252191e-01  1.483303090147075e+00  1.540842800252191e-01  9.309556325513006e-01  1.540842800252191e-01  2.167896103210331e-01  1.540842800252191e-01  1.893231500782123e-03  1.540842800252191e-01  1.035506687696998e+00  1.540842800252191e-01  2.030604207084529e-01  1.540842800252191e-01  1.614120035400799e-03 
 1.580842800252191e-01  1.412066290435015e+00  1.580842800252191e-01  1.484216422982424e+00  1.580842800252191e-01  9.295948165198293e-01  1.580842800252191e-01  2.169603891314355e-01  1.580842800252191e-01  1.896848427834520e-03  1.580842800252191e-01  1.036858511470861e+00  1.580842800252191e-01  2.028741235491476e-01  1.580842800252191e-01  1.610495150667976e-03 
 1.620842800252191e-01  1.411155027311787e+00  1.620842800252191e-01  1.485129742101339e+00  1.620842800252191e-01  9.282339440383711e-01  1.620842800252191e-01  2.171309933094999e-01  1.620842800252191e-01  1.900465096896183e-03  1.620842800252191e-01  1.038210158974465e+00  1.620842800252191e-01  2.026876008680378e-01  1.620842800252191e-01  1.606870320330928e-03 
 1.660842800252191e-01  1.410243830289168e+00  1.660842800252191e-01  1.486043046396336e+00  1.660842800252191e-01  9.268730166944867e-01  1.660842800252191e-01  2.173014233986673e-01  1.660842800252191e-01  1.904081503611130e-03  1.660842800252191e-01  1.039561628448431e+00  1.660842800252191e-01  2.025008519367625e-01  1.660842800252191e-01  1.603245548783944e-03 
 1.700842800252191e-01  1.409332700469166e+00  1.700842800252191e-01  1.486956334768857e+00  1.700842800252191e-01  9.255120360781774e-01  1.700842800252191e-01  2.174716799402015e-01  1.700842800252191e-01  1.907697643605750e-03  1.700842800252191e-01  1.040912918135741e+00  1.700842800252191e-01  2.023138760219373e-01  1.700842800252191e-01  1.599620840385844e-03 
 1.740842800252191e-01  1.408421638949273e+00  1.740842800252191e-01  1.487869606092840e+00  1.740842800252191e-01  9.241510037758683e-01  1.740842800252191e-01  2.176417634747829e-01  1.740842800252191e-01  1.911313512524390e-03  1.740842800252191e-01  1.042264026257572e+00  1.740842800252191e-01  2.021266723922171e-01  1.740842800252191e-01  1.595996199604636e-03 
 1.780842800252191e-01  1.407510646836444e+00  1.780842800252191e-01  1.488782859271023e+00  1.780842800252191e-01  9.227899213798867e-01  1.780842800252191e-01  2.178116745400741e-01  1.780842800252191e-01  1.914929105973833e-03  1.780842800252191e-01  1.043614951050524e+00  1.780842800252191e-01  2.019392403073064e-01  1.780842800252191e-01  1.592371630793942e-03 
 1.820842800252191e-01  1.406599725237781e+00  1.820842800252191e-01  1.489696093196937e+00  1.820842800252191e-01  9.214287904822083e-01  1.820842800252191e-01  2.179814136723744e-01  1.820842800252191e-01  1.918544419560241e-03  1.820842800252191e-01  1.044965690741417e+00  1.820842800252191e-01  2.017515790253236e-01  1.820842800252191e-01  1.588747138343928e-03 
 1.860842800252191e-01  1.405688875255784e+00  1.860842800252191e-01  1.490609306735716e+00  1.860842800252191e-01  9.200676126712541e-01  1.860842800252191e-01  2.181509814074726e-01  1.860842800252191e-01  1.922159448908083e-03  1.860842800252191e-01  1.046316243534555e+00  1.860842800252191e-01  2.015636878065402e-01  1.860842800252191e-01  1.585122726757427e-03 
 1.900842800252191e-01  1.404778098003340e+00  1.900842800252191e-01  1.491522498784105e+00  1.900842800252191e-01  9.187063895420851e-01  1.900842800252191e-01  2.183203782780402e-01  1.900842800252191e-01  1.925774189600552e-03  1.900842800252191e-01  1.047666607651377e+00  1.900842800252191e-01  2.013755659016226e-01  1.900842800252191e-01  1.581498400411802e-03 
 1.940842800252191e-01  1.403867394589078e+00  1.940842800252191e-01  1.492435668211409e+00  1.940842800252191e-01  9.173451226865132e-01  1.940842800252191e-01  2.184896048162162e-01  1.940842800252191e-01  1.929388637237782e-03  1.940842800252191e-01  1.049016781291353e+00  1.940842800252191e-01  2.011872125631504e-01  1.940842800252191e-01  1.577874163793253e-03 
 1.980842800252191e-01  1.402956766129144e+00  1.980842800252191e-01  1.493348813906479e+00  1.980842800252191e-01  9.159838137011045e-01  1.980842800252191e-01  2.186586615515686e-01  1.980842800252191e-01  1.933002787390045e-03  1.980842800252191e-01  1.050366762663009e+00  1.980842800252191e-01  2.009986270363892e-01  1.980842800252191e-01  1.574250021310448e-03 
 2.020842800252191e-01  1.402046213736519e+00  2.020842800252191e-01  1.494261934734624e+00  2.020842800252191e-01  9.146224641799781e-01  2.020842800252191e-01  2.188275490129784e-01  2.020842800252191e-01  1.936616635640169e-03  2.020842800252191e-01  1.051716549955394e+00  2.020842800252191e-01  2.008098085677090e-01  2.020842800252191e-01  1.570625977465375e-03 
 2.060842800252191e-01  1.401135738531692e+00  2.060842800252191e-01  1.495175029580193e+00  2.060842800252191e-01  9.132610757220700e-01  2.060842800252191e-01  2.189962677267999e-01  2.060842800252191e-01  1.940230177541187e-03  2.060842800252191e-01  1.053066141366177e+00  2.060842800252191e-01  2.006207563961970e-01  2.060842800252191e-01  1.567002036684503e-03 
 2.100842800252191e-01  1.400225341633026e+00  2.100842800252191e-01  1.496088097307644e+00  2.100842800252191e-01  9.118996499246395e-01  2.100842800252191e-01  2.191648182185595e-01  2.100842800252191e-01  1.943843408654585e-03  2.100842800252191e-01  1.054415535075877e+00  2.100842800252191e-01  2.004314697612792e-01  2.100842800252191e-01  1.563378203473168e-03 
 2.140842800252191e-01  1.399315024161927e+00  2.140842800252191e-01  1.497001136782192e+00  2.140842800252191e-01  9.105381883867952e-01  2.140842800252191e-01  2.193332010120733e-01  2.140842800252191e-01  1.947456324529752e-03  2.140842800252191e-01  1.055764729261458e+00  2.140842800252191e-01  2.002419478986368e-01  2.140842800252191e-01  1.559754482333691e-03 
 2.180842800252191e-01  1.398404787245068e+00  2.180842800252191e-01  1.497914146878283e+00  2.180842800252191e-01  9.091766927110445e-01  2.180842800252191e-01  2.195014166290817e-01  2.180842800252191e-01  1.951068920695127e-03  2.180842800252191e-01  1.057113722101870e+00  2.180842800252191e-01  2.000521900384942e-01  2.180842800252191e-01  1.556130877731721e-03 
 2.220842800252191e-01  1.397494632005355e+00  2.220842800252191e-01  1.498827126443262e+00  2.220842800252191e-01  9.078151644971955e-01  2.220842800252191e-01  2.196694655908402e-01  2.220842800252191e-01  1.954681192694186e-03  2.220842800252191e-01  1.058462511754036e+00  2.220842800252191e-01  1.998621954127766e-01  2.220842800252191e-01  1.552507394240432e-03 
 2.260842800252191e-01  1.396584559574773e+00  2.260842800252191e-01  1.499740074348561e+00  2.260842800252191e-01  9.064536053511010e-01  2.260842800252191e-01  2.198373484159076e-01  2.260842800252191e-01  1.958293136034295e-03  2.260842800252191e-01  1.059811096386554e+00  2.260842800252191e-01  1.996719632449527e-01  2.260842800252191e-01  1.548884036337389e-03 
 2.300842800252191e-01  1.395674571086675e+00  2.300842800252191e-01  1.500652989458504e+00  2.300842800252191e-01  9.050920168794638e-01  2.300842800252191e-01  2.200050656215079e-01  2.300842800252191e-01  1.961904746217422e-03  2.300842800252191e-01  1.061159474159082e+00  2.300842800252191e-01  1.994814927561685e-01  2.300842800252191e-01  1.545260808528316e-03 
 2.340842800252191e-01  1.394764667672159e+00  2.340842800252191e-01  1.501565870615777e+00  2.340842800252191e-01  9.037304006874053e-01  2.340842800252191e-01  2.201726177241709e-01  2.340842800252191e-01  1.965516018754467e-03  2.340842800252191e-01  1.062507643212721e+00  2.340842800252191e-01  1.992907831681189e-01  2.340842800252191e-01  1.541637715404807e-03 
 2.380842800252191e-01  1.393854850469449e+00  2.380842800252191e-01  1.502478716678439e+00  2.380842800252191e-01  9.023687583848684e-01  2.380842800252191e-01  2.203400052381348e-01  2.380842800252191e-01  1.969126949128064e-03  2.380842800252191e-01  1.063855601694343e+00  2.380842800252191e-01  1.990998336956614e-01  2.380842800252191e-01  1.538014761497377e-03 
 2.420842800252191e-01  1.392945120616203e+00  2.420842800252191e-01  1.503391526489123e+00  2.420842800252191e-01  9.010070915814253e-01  2.420842800252191e-01  2.205072286766908e-01  2.420842800252191e-01  1.972737532823067e-03  2.420842800252191e-01  1.065203347736266e+00  2.420842800252191e-01  1.989086435529147e-01  2.420842800252191e-01  1.534391951397760e-03 
 2.460842800252191e-01  1.392035479257149e+00  2.460842800252191e-01  1.504304298905117e+00  2.460842800252191e-01  8.996454018914987e-01  2.460842800252191e-01  2.206742885508907e-01  2.460842800252191e-01  1.976347765296299e-03  2.460842800252191e-01  1.066550879475992e+00  2.460842800252191e-01  1.987172119472270e-01  2.460842800252191e-01  1.530769289639477e-03 
 2.500842800252192e-01  1.391125927533297e+00  2.500842800252192e-01  1.505217032755242e+00  2.500842800252192e-01  8.982836909270605e-01  2.500842800252192e-01  2.208411853714212e-01  2.500842800252192e-01  1.979957642019310e-03  2.500842800252192e-01  1.067898195027795e+00  2.500842800252192e-01  1.985255380877592e-01  2.500842800252192e-01  1.527146780869016e-03 
 2.540842800252192e-01  1.390216466596626e+00  2.540842800252192e-01  1.506129726898049e+00  2.540842800252192e-01  8.969219603076470e-01  2.540842800252192e-01  2.210079196460984e-01  2.540842800252192e-01  1.983567158420108e-03  2.540842800252192e-01  1.069245292520943e+00  2.540842800252192e-01  1.983336211738174e-01  2.540842800252192e-01  1.523524429614813e-03 
 2.580842800252192e-01  1.389307097591631e+00  2.580842800252192e-01  1.507042380148073e+00  2.580842800252192e-01  8.955602116478563e-01  2.580842800252192e-01  2.211744918830610e-01  2.580842800252192e-01  1.987176309956444e-03  2.580842800252192e-01  1.070592170051153e+00  2.580842800252192e-01  1.981414604095874e-01  2.580842800252192e-01  1.519902240579989e-03 
 2.620842800252192e-01  1.388397821675688e+00  2.620842800252192e-01  1.507954991356657e+00  2.620842800252192e-01  8.941984465712056e-01  2.620842800252192e-01  2.213409025872883e-01  2.620842800252192e-01  1.990785092034860e-03  2.620842800252192e-01  1.071938825733680e+00  2.620842800252192e-01  1.979490549879054e-01  2.620842800252192e-01  1.516280218321526e-03 
 2.660842800252192e-01  1.387488640005580e+00  2.660842800252192e-01  1.508867559357997e+00  2.660842800252192e-01  8.928366667010297e-01  2.660842800252192e-01  2.215071522629427e-01  2.660842800252192e-01  1.994393500064379e-03  2.660842800252192e-01  1.073285257667787e+00  2.660842800252192e-01  1.977564041010377e-01  2.660842800252192e-01  1.512658367464416e-03 
 2.700842800252192e-01  1.386579553736565e+00  2.700842800252192e-01  1.509780082965392e+00  2.700842800252192e-01  8.914748736598535e-01  2.700842800252192e-01  2.216732414135361e-01  2.700842800252192e-01  1.998001529459969e-03  2.700842800252192e-01  1.074631463934251e+00  2.700842800252192e-01  1.975635069414270e-01  2.700842800252192e-01  1.509036692716595e-03 
 2.740842800252192e-01  1.385670564032579e+00  2.740842800252192e-01  1.510692561011384e+00  2.740842800252192e-01  8.901130690763840e-01  2.740842800252192e-01  2.218391705402104e-01  2.740842800252192e-01  2.001609175602172e-03  2.740842800252192e-01  1.075977442621662e+00  2.740842800252192e-01  1.973703626935752e-01  2.740842800252192e-01  1.505415198709555e-03 
 2.780842800252192e-01  1.384761672056829e+00  2.780842800252192e-01  1.511604992310148e+00  2.780842800252192e-01  8.887512545791272e-01  2.780842800252192e-01  2.220049401433657e-01  2.780842800252192e-01  2.005216433874460e-03  2.780842800252192e-01  1.077323191801682e+00  2.780842800252192e-01  1.971769705415885e-01  2.780842800252192e-01  1.501793890147635e-03 
 2.820842800252192e-01  1.383852878979309e+00  2.820842800252192e-01  1.512517375687052e+00  2.820842800252192e-01  8.873894318015489e-01  2.820842800252192e-01  2.221705507213944e-01  2.820842800252192e-01  2.008823299633302e-03  2.820842800252192e-01  1.078668709548380e+00  2.820842800252192e-01  1.969833296631824e-01  2.820842800252192e-01  1.498172771690772e-03 
 2.860842800252192e-01  1.382944185971430e+00  2.860842800252192e-01  1.513429709957128e+00  2.860842800252192e-01  8.860276023784508e-01  2.860842800252192e-01  2.223360027716230e-01  2.860842800252192e-01  2.012429768229622e-03  2.860842800252192e-01  1.080013993924066e+00  2.860842800252192e-01  1.967894392339895e-01  2.860842800252192e-01  1.494551848039838e-03 
 2.900842800252192e-01  1.382035594205114e+00  2.900842800252192e-01  1.514341993921232e+00  2.900842800252192e-01  8.846657679453749e-01  2.900842800252192e-01  2.225012967904800e-01  2.900842800252192e-01  2.016035835012264e-03  2.900842800252192e-01  1.081359042976709e+00  2.900842800252192e-01  1.965952984283212e-01  2.900842800252192e-01  1.490931123951927e-03 
 2.940842800252192e-01  1.381127104858956e+00  2.940842800252192e-01  1.515254226390216e+00  2.940842800252192e-01  8.833039301428445e-01  2.940842800252192e-01  2.226664332724687e-01  2.940842800252192e-01  2.019641495303582e-03  2.940842800252192e-01  1.082703854755739e+00  2.940842800252192e-01  1.964009064142340e-01  2.940842800252192e-01  1.487310604144462e-03 
 2.980842800252192e-01  1.380218719116851e+00  2.980842800252192e-01  1.516166406179032e+00  2.980842800252192e-01  8.819420906154576e-01  2.980842800252192e-01  2.228314127104253e-01  2.980842800252192e-01  2.023246744404938e-03  2.980842800252192e-01  1.084048427308113e+00  2.980842800252192e-01  1.962062623546743e-01  2.980842800252192e-01  1.483690293318516e-03 
 3.020842800252192e-01  1.379310438157673e+00  3.020842800252192e-01  1.517078532065987e+00  3.020842800252192e-01  8.805802510048921e-01  3.020842800252192e-01  2.229962355972861e-01  3.020842800252192e-01  2.026851577637554e-03  3.020842800252192e-01  1.085392758651581e+00  3.020842800252192e-01  1.960113654157528e-01  3.020842800252192e-01  1.480070196320614e-03 
 3.060842800252192e-01  1.378402263174967e+00  3.060842800252192e-01  1.517990602869879e+00  3.060842800252192e-01  8.792184129633517e-01  3.060842800252192e-01  2.231609024227703e-01  3.060842800252192e-01  2.030455990264485e-03  3.060842800252192e-01  1.086736846825128e+00  3.060842800252192e-01  1.958162147509907e-01  3.060842800252192e-01  1.476450317836467e-03 
 3.100842800252192e-01  1.377494195355260e+00  3.100842800252192e-01  1.518902617364465e+00  3.100842800252192e-01  8.778565781388236e-01  3.100842800252192e-01  2.233254136770761e-01  3.100842800252192e-01  2.034059977576605e-03  3.100842800252192e-01  1.088080689832942e+00  3.100842800252192e-01  1.956208095187321e-01  3.100842800252192e-01  1.472830662730559e-03 
 3.140842800252192e-01  1.376586235896481e+00  3.140842800252192e-01  1.519814574350663e+00  3.140842800252192e-01  8.764947481876574e-01  3.140842800252192e-01  2.234897698477787e-01  3.140842800252192e-01  2.037663534819513e-03  3.140842800252192e-01  1.089424285691590e+00  3.140842800252192e-01  1.954251488673696e-01  3.140842800252192e-01  1.469211235759537e-03 
 3.180842800252192e-01  1.375678385996539e+00  3.180842800252192e-01  1.520726472611228e+00  3.180842800252192e-01  8.751329247668312e-01  3.180842800252192e-01  2.236539714217904e-01  3.180842800252192e-01  2.041266657238977e-03  3.180842800252192e-01  1.090767632400317e+00  3.180842800252192e-01  1.952292319445669e-01  3.180842800252192e-01  1.465592041752064e-03 
 3.220842800252192e-01  1.374770646854452e+00  3.220842800252192e-01  1.521638310915094e+00  3.220842800252192e-01  8.737711095347360e-01  3.220842800252192e-01  2.238180188851797e-01  3.220842800252192e-01  2.044869340076253e-03  3.220842800252192e-01  1.092110727943838e+00  3.220842800252192e-01  1.950330578963555e-01  3.220842800252192e-01  1.461973085591632e-03 
 3.260842800252192e-01  1.373863019678106e+00  3.260842800252192e-01  1.522550088047464e+00  3.260842800252192e-01  8.724093041565020e-01  3.260842800252192e-01  2.239819127218883e-01  3.260842800252192e-01  2.048471578537453e-03  3.260842800252192e-01  1.093453570311931e+00  3.260842800252192e-01  1.948366258609217e-01  3.260842800252192e-01  1.458354372097154e-03 
 3.300842800252192e-01  1.372955505676733e+00  3.300842800252192e-01  1.523461802779988e+00  3.300842800252192e-01  8.710475102989196e-01  3.300842800252192e-01  2.241456534150202e-01  3.300842800252192e-01  2.052073367823352e-03  3.300842800252192e-01  1.094796157479895e+00  3.300842800252192e-01  1.946399349746835e-01  3.300842800252192e-01  1.454735906141218e-03 
 3.340842800252192e-01  1.372048106064990e+00  3.340842800252192e-01  1.524373453886579e+00  3.340842800252192e-01  8.696857296332358e-01  3.340842800252192e-01  2.243092414461722e-01  3.340842800252192e-01  2.055674703113149e-03  3.340842800252192e-01  1.096138487418817e+00  3.340842800252192e-01  1.944429843690129e-01  3.340842800252192e-01  1.451117692587455e-03 
 3.380842800252192e-01  1.371140822056474e+00  3.380842800252192e-01  1.525285040117655e+00  3.380842800252192e-01  8.683239638307775e-01  3.380842800252192e-01  2.244726772965500e-01  3.380842800252192e-01  2.059275579590334e-03  3.380842800252192e-01  1.097480558078715e+00  3.380842800252192e-01  1.942457731755123e-01  3.380842800252192e-01  1.447499736392668e-03 
 3.420842800252192e-01  1.370233654874178e+00  3.420842800252192e-01  1.526196560240797e+00  3.420842800252192e-01  8.669622145701138e-01  3.420842800252192e-01  2.246359614452228e-01  3.420842800252192e-01  2.062875992400998e-03  3.420842800252192e-01  1.098822367414987e+00  3.420842800252192e-01  1.940483005175917e-01  3.420842800252192e-01  1.443882042445540e-03 
 3.460842800252192e-01  1.369326605741428e+00  3.460842800252192e-01  1.527108013005049e+00  3.460842800252192e-01  8.656004835309041e-01  3.460842800252192e-01  2.247990943706755e-01  3.460842800252192e-01  2.066475936690005e-03  3.460842800252192e-01  1.100163913365079e+00  3.460842800252192e-01  1.938505655178012e-01  3.460842800252192e-01  1.440264615708238e-03 
 3.500842800252192e-01  1.368419675889734e+00  3.500842800252192e-01  1.528019397171235e+00  3.500842800252192e-01  8.642387723992951e-01  3.500842800252192e-01  2.249620765495037e-01  3.500842800252192e-01  2.070075407569662e-03  3.500842800252192e-01  1.101505193868169e+00  3.500842800252192e-01  1.936525672915211e-01  3.500842800252192e-01  1.436647461096138e-03 
 3.540842800252192e-01  1.367512866552466e+00  3.540842800252192e-01  1.528930711487045e+00  3.540842800252192e-01  8.628770828636383e-01  3.540842800252192e-01  2.251249084575031e-01  3.540842800252192e-01  2.073674400144949e-03  3.540842800252192e-01  1.102846206848874e+00  3.540842800252192e-01  1.934543049520869e-01  3.540842800252192e-01  1.433030583576729e-03 
 3.580842800252192e-01  1.366606178964351e+00  3.580842800252192e-01  1.529841954684800e+00  3.580842800252192e-01  8.615154166141834e-01  3.580842800252192e-01  2.252875905697664e-01  3.580842800252192e-01  2.077272909515419e-03  3.580842800252192e-01  1.104186950215746e+00  3.580842800252192e-01  1.932557776112282e-01  3.580842800252192e-01  1.429413988178427e-03 
 3.620842800252193e-01  1.365699614365703e+00  3.620842800252193e-01  1.530753125497624e+00  3.620842800252193e-01  8.601537753459922e-01  3.620842800252193e-01  2.254501233599994e-01  3.620842800252193e-01  2.080870930758469e-03  3.620842800252193e-01  1.105527421871738e+00  3.620842800252193e-01  1.930569843756765e-01  3.620842800252193e-01  1.425797679926408e-03 
 3.660842800252193e-01  1.364793174005168e+00  3.660842800252193e-01  1.531664222669795e+00  3.660842800252193e-01  8.587921607608598e-01  3.660842800252193e-01  2.256125073000825e-01  3.660842800252193e-01  2.084468458918427e-03  3.660842800252193e-01  1.106867619720856e+00  3.660842800252193e-01  1.928579243449580e-01  3.660842800252193e-01  1.422181663801589e-03 
 3.700842800252193e-01  1.363886859131105e+00  3.700842800252193e-01  1.532575244922962e+00  3.700842800252193e-01  8.574305745614559e-01  3.700842800252193e-01  2.257747428615334e-01  3.700842800252193e-01  2.088065489040763e-03  3.700842800252193e-01  1.108207541646128e+00  3.700842800252193e-01  1.926585966183982e-01  3.700842800252193e-01  1.418565944874565e-03 
 3.740842800252193e-01  1.362980670997983e+00  3.740842800252193e-01  1.533486190980756e+00  3.740842800252193e-01  8.560690184557309e-01  3.740842800252193e-01  2.259368305144568e-01  3.740842800252193e-01  2.091662016146691e-03  3.740842800252193e-01  1.109547185525542e+00  3.740842800252193e-01  1.924590002899617e-01  3.740842800252193e-01  1.414950528208118e-03 
 3.780842800252193e-01  1.362074610863350e+00  3.780842800252193e-01  1.534397059556636e+00  3.780842800252193e-01  8.547074941548829e-01  3.780842800252193e-01  2.260987707280711e-01  3.780842800252193e-01  2.095258035245177e-03  3.780842800252193e-01  1.110886549224082e+00  3.780842800252193e-01  1.922591344507490e-01  3.780842800252193e-01  1.411335418905302e-03 
 3.820842800252193e-01  1.361168679993671e+00  3.820842800252193e-01  1.535307849376254e+00  3.820842800252193e-01  8.533460033773798e-01  3.820842800252193e-01  2.262605639697620e-01  3.820842800252193e-01  2.098853541309865e-03  3.820842800252193e-01  1.112225630608186e+00  3.820842800252193e-01  1.920589981842649e-01  3.820842800252193e-01  1.407720622020720e-03 
 3.860842800252193e-01  1.360262879653647e+00  3.860842800252193e-01  1.536218559135799e+00  3.860842800252193e-01  8.519845478416995e-01  3.860842800252193e-01  2.264222107068743e-01  3.860842800252193e-01  2.102448529321320e-03  3.860842800252193e-01  1.113564427518628e+00  3.860842800252193e-01  1.918585905751317e-01  3.860842800252193e-01  1.404106142725913e-03 
 3.900842800252193e-01  1.359357211117999e+00  3.900842800252193e-01  1.537129187547246e+00  3.900842800252193e-01  8.506231292744161e-01  3.900842800252193e-01  2.265837114047783e-01  3.900842800252193e-01  2.106042994220410e-03  3.900842800252193e-01  1.114902937799820e+00  3.900842800252193e-01  1.916579106995373e-01  3.900842800252193e-01  1.400491986129648e-03 
 3.940842800252193e-01  1.358451675661919e+00  3.940842800252193e-01  1.538039733301279e+00  3.940842800252193e-01  8.492617494037137e-01  3.940842800252193e-01  2.267450665284738e-01  3.940842800252193e-01  2.109636930946062e-03  3.940842800252193e-01  1.116241159275701e+00  3.940842800252193e-01  1.914569576330062e-01  3.940842800252193e-01  1.396878157425230e-03 
 3.980842800252193e-01  1.357546274567097e+00  3.980842800252193e-01  1.538950195090055e+00  3.980842800252193e-01  8.479004099635333e-01  3.980842800252193e-01  2.269062765416137e-01  3.980842800252193e-01  2.113230334411477e-03  3.980842800252193e-01  1.117579089764413e+00  3.980842800252193e-01  1.912557304455605e-01  3.980842800252193e-01  1.393264661800006e-03 
 4.020842800252193e-01  1.356641009123151e+00  4.020842800252193e-01  1.539860571612518e+00  4.020842800252193e-01  8.465391126946008e-01  4.020842800252193e-01  2.270673419062880e-01  4.020842800252193e-01  2.116823199498358e-03  4.020842800252193e-01  1.118916727081685e+00  4.020842800252193e-01  1.910542282005514e-01  4.020842800252193e-01  1.389651504414392e-03 
 4.060842800252193e-01  1.355735880616352e+00  4.060842800252193e-01  1.540770861530657e+00  4.060842800252193e-01  8.451778593367404e-01  4.060842800252193e-01  2.272282630849101e-01  4.060842800252193e-01  2.120415521101684e-03  4.060842800252193e-01  1.120254069012417e+00  4.060842800252193e-01  1.908524499638806e-01  4.060842800252193e-01  1.386038690575385e-03 
 4.100842800252193e-01  1.354830890347914e+00  4.100842800252193e-01  1.541681063539531e+00  4.100842800252193e-01  8.438166516414332e-01  4.100842800252193e-01  2.273890405372146e-01  4.100842800252193e-01  2.124007294057150e-03  4.100842800252193e-01  1.121591113355966e+00  4.100842800252193e-01  1.906503947891263e-01  4.100842800252193e-01  1.382426225458701e-03 
 4.140842800252193e-01  1.353926039616975e+00  4.140842800252193e-01  1.542591176301601e+00  4.140842800252193e-01  8.424554913601981e-01  4.140842800252193e-01  2.275496747230910e-01  4.140842800252193e-01  2.127598513208664e-03  4.140842800252193e-01  1.122927857883551e+00  4.140842800252193e-01  1.904480617314238e-01  4.140842800252193e-01  1.378814114369367e-03 
 4.180842800252193e-01  1.353021329730317e+00  4.180842800252193e-01  1.543501198483630e+00  4.180842800252193e-01  8.410943802512925e-01  4.180842800252193e-01  2.277101661010010e-01  4.180842800252193e-01  2.131189173369830e-03  4.180842800252193e-01  1.124264300362073e+00  4.180842800252193e-01  1.902454498396019e-01  4.180842800252193e-01  1.375202362595335e-03 
 4.220842800252193e-01  1.352116761999911e+00  4.220842800252193e-01  1.544411128747016e+00  4.220842800252193e-01  8.397333200780654e-01  4.220842800252193e-01  2.278705151284040e-01  4.220842800252193e-01  2.134779269333644e-03  4.220842800252193e-01  1.125600438547773e+00  4.220842800252193e-01  1.900425581581863e-01  4.220842800252193e-01  1.371590975445734e-03 
 4.260842800252193e-01  1.351212337741493e+00  4.260842800252193e-01  1.545320965742009e+00  4.260842800252193e-01  8.383723126080133e-01  4.260842800252193e-01  2.280307222620116e-01  4.260842800252193e-01  2.138368795878111e-03  4.260842800252193e-01  1.126936270182437e+00  4.260842800252193e-01  1.898393857286024e-01  4.260842800252193e-01  1.367979958273950e-03 
 4.300842800252193e-01  1.350308058279900e+00  4.300842800252193e-01  1.546230708127752e+00  4.300842800252193e-01  8.370113596164824e-01  4.300842800252193e-01  2.281907879569366e-01  4.300842800252193e-01  2.141957747745194e-03  4.300842800252193e-01  1.128271793006250e+00  4.300842800252193e-01  1.896359315848413e-01  4.300842800252193e-01  1.364369316397966e-03 
 4.340842800252193e-01  1.349403924938529e+00  4.340842800252193e-01  1.547140354531774e+00  4.340842800252193e-01  8.356504628794856e-01  4.340842800252193e-01  2.283507126684439e-01  4.340842800252193e-01  2.145546119682524e-03  4.340842800252193e-01  1.129607004731579e+00  4.340842800252193e-01  1.894321947620979e-01  4.340842800252193e-01  1.360759055261260e-03 
 4.380842800252193e-01  1.348499939050761e+00  4.380842800252193e-01  1.548049903593163e+00  4.380842800252193e-01  8.342896241815569e-01  4.380842800252193e-01  2.285104968500945e-01  4.380842800252193e-01  2.149133906398119e-03  4.380842800252193e-01  1.130941903070765e+00  4.380842800252193e-01  1.892281742874812e-01  4.380842800252193e-01  1.357149180261316e-03 
 4.420842800252193e-01  1.347596101958005e+00  4.420842800252193e-01  1.548959353954857e+00  4.420842800252193e-01  8.329288453144581e-01  4.420842800252193e-01  2.286701409540915e-01  4.420842800252193e-01  2.152721102568107e-03  4.420842800252193e-01  1.132276485731058e+00  4.420842800252193e-01  1.890238691816092e-01  4.420842800252193e-01  1.353539696780333e-03 
 4.460842800252193e-01  1.346692415001926e+00  4.460842800252193e-01  1.549868704233575e+00  4.460842800252193e-01  8.315681280718924e-01  4.460842800252193e-01  2.288296454325784e-01  4.460842800252193e-01  2.156307702867653e-03  4.460842800252193e-01  1.133610750395146e+00  4.460842800252193e-01  1.888192784650329e-01  4.460842800252193e-01  1.349930610304478e-03 
 4.500842800252193e-01  1.345788879531982e+00  4.500842800252193e-01  1.550777953048273e+00  4.500842800252193e-01  8.302074742547081e-01  4.500842800252193e-01  2.289890107364222e-01  4.500842800252193e-01  2.159893701940963e-03  4.500842800252193e-01  1.134944694739440e+00  4.500842800252193e-01  1.886144011520836e-01  4.500842800252193e-01  1.346321926311043e-03 
 4.540842800252193e-01  1.344885496900056e+00  4.540842800252193e-01  1.551687098999456e+00  4.540842800252193e-01  8.288468856672556e-01  4.540842800252193e-01  2.291482373161147e-01  4.540842800252193e-01  2.163479094422605e-03  4.540842800252193e-01  1.136278316420660e+00  4.540842800252193e-01  1.884092362552894e-01  4.540842800252193e-01  1.342713650350464e-03 
 4.580842800252193e-01  1.343982268472946e+00  4.580842800252193e-01  1.552596140716129e+00  4.580842800252193e-01  8.274863641259831e-01  4.580842800252193e-01  2.293073256197537e-01  4.580842800252193e-01  2.167063874887957e-03  4.580842800252193e-01  1.137611613105973e+00  4.580842800252193e-01  1.882037827751751e-01  4.580842800252193e-01  1.339105787859981e-03 
 4.620842800252193e-01  1.343079195614084e+00  4.620842800252193e-01  1.553505076786083e+00  4.620842800252193e-01  8.261259114469628e-01  4.620842800252193e-01  2.294662760960570e-01  4.620842800252193e-01  2.170648037925801e-03  4.620842800252193e-01  1.138944582428051e+00  4.620842800252193e-01  1.879980397153031e-01  4.620842800252193e-01  1.335498344440474e-03 
 4.660842800252193e-01  1.342176279693251e+00  4.660842800252193e-01  1.554413905792507e+00  4.660842800252193e-01  8.247655294525712e-01  4.660842800252193e-01  2.296250891927886e-01  4.660842800252193e-01  2.174231578099638e-03  4.660842800252193e-01  1.140277222008551e+00  4.660842800252193e-01  1.877920060743151e-01  4.660842800252193e-01  1.331891325710882e-03 
 4.700842800252193e-01  1.341273522093920e+00  4.700842800252193e-01  1.555322626341357e+00  4.700842800252193e-01  8.234052199765728e-01  4.700842800252193e-01  2.297837653555923e-01  4.700842800252193e-01  2.177814489918696e-03  4.700842800252193e-01  1.141609529475625e+00  4.700842800252193e-01  1.875856808399337e-01  4.700842800252193e-01  1.328284737199842e-03 
 4.740842800252194e-01  1.340370924195819e+00  4.740842800252194e-01  1.556231236995054e+00  4.740842800252194e-01  8.220449848522078e-01  4.740842800252194e-01  2.299423050308536e-01  4.740842800252194e-01  2.181396767907038e-03  4.740842800252194e-01  1.142941502421220e+00  4.740842800252194e-01  1.873790630033304e-01  4.740842800252194e-01  1.324678584608704e-03 
 4.780842800252194e-01  1.339468487391932e+00  4.780842800252194e-01  1.557139736336381e+00  4.780842800252194e-01  8.206848259238837e-01  4.780842800252194e-01  2.301007086629528e-01  4.780842800252194e-01  2.184978406536120e-03  4.780842800252194e-01  1.144273138442051e+00  4.780842800252194e-01  1.871721515451779e-01  4.780842800252194e-01  1.321072873557926e-03 
 4.820842800252194e-01  1.338566213078348e+00  4.820842800252194e-01  1.558048122929755e+00  4.820842800252194e-01  8.193247450402587e-01  4.820842800252194e-01  2.302589766959424e-01  4.820842800252194e-01  2.188559400265092e-03  4.820842800252194e-01  1.145604435114639e+00  4.820842800252194e-01  1.869649454440382e-01  4.820842800252194e-01  1.317467609740810e-03 
 4.860842800252194e-01  1.337664102656346e+00  4.860842800252194e-01  1.558956395328828e+00  4.860842800252194e-01  8.179647440557107e-01  4.860842800252194e-01  2.304171095732280e-01  4.860842800252194e-01  2.192139743532475e-03  4.860842800252194e-01  1.146935390000113e+00  4.860842800252194e-01  1.867574436746737e-01  4.860842800252194e-01  1.313862798893375e-03 
 4.900842800252194e-01  1.336762157538491e+00  4.900842800252194e-01  1.559864552098972e+00  4.900842800252194e-01  8.166048248345659e-01  4.900842800252194e-01  2.305751077366027e-01  4.900842800252194e-01  2.195719430732003e-03  4.900842800252194e-01  1.148266000658536e+00  4.900842800252194e-01  1.865496452030628e-01  4.900842800252194e-01  1.310258446705022e-03 
 4.940842800252194e-01  1.335860379137586e+00  4.940842800252194e-01  1.560772591775446e+00  4.940842800252194e-01  8.152449892435508e-01  4.940842800252194e-01  2.307329716280649e-01  4.940842800252194e-01  2.199298456256452e-03  4.940842800252194e-01  1.149596264622005e+00  4.940842800252194e-01  1.863415489955307e-01  4.940842800252194e-01  1.306654558984630e-03 
 4.980842800252194e-01  1.334958768875910e+00  4.980842800252194e-01  1.561680512897647e+00  4.980842800252194e-01  8.138852391581884e-01  4.980842800252194e-01  2.308907016883437e-01  4.980842800252194e-01  2.202876814461075e-03  4.980842800252194e-01  1.150926179416513e+00  4.980842800252194e-01  1.861331540111950e-01  4.980842800252194e-01  1.303051141524626e-03 
 5.020842800252193e-01  1.334057328179431e+00  5.020842800252193e-01  1.562588313987103e+00  5.020842800252193e-01  8.125255764588543e-01  5.020842800252193e-01  2.310482983578552e-01  5.020842800252193e-01  2.206454499686368e-03  5.020842800252193e-01  1.152255742547766e+00  5.020842800252193e-01  1.859244592067546e-01  5.020842800252193e-01  1.299448200188271e-03 
 5.060842800252193e-01  1.333156058488518e+00  5.060842800252193e-01  1.563495993587262e+00  5.060842800252193e-01  8.111660030381733e-01  5.060842800252193e-01  2.312057620749959e-01  5.060842800252193e-01  2.210031506215713e-03  5.060842800252193e-01  1.153584951526558e+00  5.060842800252193e-01  1.857154635276666e-01  5.060842800252193e-01  1.295845740751820e-03 
 5.100842800252193e-01  1.332254961242516e+00  5.100842800252193e-01  1.564403550205162e+00  5.100842800252193e-01  8.098065207904895e-01  5.100842800252193e-01  2.313630932786665e-01  5.100842800252193e-01  2.213607828336610e-03  5.100842800252193e-01  1.154913803831345e+00  5.100842800252193e-01  1.855061659209609e-01  5.100842800252193e-01  1.292243769135908e-03 
 5.140842800252193e-01  1.331354037889535e+00  5.140842800252193e-01  1.565310982347943e+00  5.140842800252193e-01  8.084471316186107e-01  5.140842800252193e-01  2.315202924067030e-01  5.140842800252193e-01  2.217183460301684e-03  5.140842800252193e-01  1.156242296931534e+00  5.140842800252193e-01  1.852965653271537e-01  5.140842800252193e-01  1.288642291260807e-03 
 5.180842800252193e-01  1.330453289886272e+00  5.180842800252193e-01  1.566218288521585e+00  5.180842800252193e-01  8.070878374337416e-01  5.180842800252193e-01  2.316773598959382e-01  5.180842800252193e-01  2.220758396329552e-03  5.180842800252193e-01  1.157570428286556e+00  5.180842800252193e-01  1.850866606804566e-01  5.180842800252193e-01  1.285041313051285e-03 
 5.220842800252193e-01  1.329552718692508e+00  5.220842800252193e-01  1.567125467210072e+00  5.220842800252193e-01  8.057286401517436e-01  5.220842800252193e-01  2.318342961831091e-01  5.220842800252193e-01  2.224332630626544e-03  5.220842800252193e-01  1.158898195332486e+00  5.220842800252193e-01  1.848764509133596e-01  5.220842800252193e-01  1.281440840519356e-03 
 5.260842800252193e-01  1.328652325780643e+00  5.260842800252193e-01  1.568032516910567e+00  5.260842800252193e-01  8.043695416997305e-01  5.260842800252193e-01  2.319911017033455e-01  5.260842800252193e-01  2.227906157348936e-03  5.260842800252193e-01  1.160225595504387e+00  5.260842800252193e-01  1.846659349487652e-01  5.260842800252193e-01  1.277840879624703e-03 
 5.300842800252193e-01  1.327752112622949e+00  5.300842800252193e-01  1.568939436085430e+00  5.300842800252193e-01  8.030105440073559e-01  5.300842800252193e-01  2.321477768922476e-01  5.300842800252193e-01  2.231478970653487e-03  5.300842800252193e-01  1.161552626205609e+00  5.300842800252193e-01  1.844551117106175e-01  5.300842800252193e-01  1.274241436465059e-03 
 5.340842800252193e-01  1.326852080708857e+00  5.340842800252193e-01  1.569846223226381e+00  5.340842800252193e-01  8.016516490187311e-01  5.340842800252193e-01  2.323043221831283e-01  5.340842800252193e-01  2.235051064628860e-03  5.340842800252193e-01  1.162879284848602e+00  5.340842800252193e-01  1.842439801095460e-01  5.340842800252193e-01  1.270642517021605e-03 
 5.380842800252194e-01  1.325952231523538e+00  5.380842800252194e-01  1.570752876774120e+00  5.380842800252194e-01  8.002928586777635e-01  5.380842800252194e-01  2.324607380104836e-01  5.380842800252194e-01  2.238622433380632e-03  5.380842800252194e-01  1.164205568803588e+00  5.380842800252194e-01  1.840325390607642e-01  5.380842800252194e-01  1.267044127477957e-03 
 5.420842800252194e-01  1.325052566569454e+00  5.420842800252194e-01  1.571659395198288e+00  5.420842800252194e-01  7.989341749429986e-01  5.420842800252194e-01  2.326170248065536e-01  5.420842800252194e-01  2.242193070945790e-03  5.420842800252194e-01  1.165531475449407e+00  5.420842800252194e-01  1.838207874661427e-01  5.420842800252194e-01  1.263446273902789e-03 
 5.460842800252194e-01  1.324153087349448e+00  5.460842800252194e-01  1.572565776934105e+00  5.460842800252194e-01  7.975755997760556e-01  5.460842800252194e-01  2.327731830040615e-01  5.460842800252194e-01  2.245762971359756e-03  5.460842800252194e-01  1.166857002133069e+00  5.460842800252194e-01  1.836087242283460e-01  5.460842800252194e-01  1.259848962501378e-03 
 5.500842800252194e-01  1.323253795378355e+00  5.500842800252194e-01  1.573472020425145e+00  5.500842800252194e-01  7.962171351496470e-01  5.500842800252194e-01  2.329292130343755e-01  5.500842800252194e-01  2.249332128610350e-03  5.500842800252194e-01  1.168182146196872e+00  5.500842800252194e-01  1.833963482411887e-01  5.500842800252194e-01  1.256252199445775e-03 
 5.540842800252194e-01  1.322354692176481e+00  5.540842800252194e-01  1.574378124098617e+00  5.540842800252194e-01  7.948587830431461e-01  5.540842800252194e-01  2.330851153285840e-01  5.540842800252194e-01  2.252900536663739e-03  5.540842800252194e-01  1.169506904962585e+00  5.540842800252194e-01  1.831836583951326e-01  5.540842800252194e-01  1.252655990972911e-03 
 5.580842800252194e-01  1.321455779270935e+00  5.580842800252194e-01  1.575284086370041e+00  5.580842800252194e-01  7.935005454435486e-01  5.580842800252194e-01  2.332408903173017e-01  5.580842800252194e-01  2.256468189459029e-03  5.580842800252194e-01  1.170831275734310e+00  5.580842800252194e-01  1.829706535761960e-01  5.580842800252194e-01  1.249060343366101e-03 
 5.620842800252194e-01  1.320557058199678e+00  5.620842800252194e-01  1.576189905657692e+00  5.620842800252194e-01  7.921424243483055e-01  5.620842800252194e-01  2.333965384300508e-01  5.620842800252194e-01  2.260035080892276e-03  5.620842800252194e-01  1.172155255807566e+00  5.620842800252194e-01  1.827573326626321e-01  5.620842800252194e-01  1.245465262897638e-03 
 5.660842800252194e-01  1.319658530506431e+00  5.660842800252194e-01  1.577095580363333e+00  5.660842800252194e-01  7.907844217618661e-01  5.660842800252194e-01  2.335520600961013e-01  5.660842800252194e-01  2.263601204836707e-03  5.660842800252194e-01  1.173478842456933e+00  5.660842800252194e-01  1.825436945292302e-01  5.660842800252194e-01  1.241870755905332e-03 
 5.700842800252194e-01  1.318760197739954e+00  5.700842800252194e-01  1.578001108869220e+00  5.700842800252194e-01  7.894265396952389e-01  5.700842800252194e-01  2.337074557446099e-01  5.700842800252194e-01  2.267166555145512e-03  5.700842800252194e-01  1.174802032934069e+00  5.700842800252194e-01  1.823297380479540e-01  5.700842800252194e-01  1.238276828804317e-03 
 5.740842800252194e-01  1.317862061466738e+00  5.740842800252194e-01  1.578906489584424e+00  5.740842800252194e-01  7.880687801747512e-01  5.740842800252194e-01  2.338627258026201e-01  5.740842800252194e-01  2.270731125601506e-03  5.740842800252194e-01  1.176124824496957e+00  5.740842800252194e-01  1.821154620773679e-01  5.740842800252194e-01  1.234683487903311e-03 
 5.780842800252194e-01  1.316964123248695e+00  5.780842800252194e-01  1.579811720862169e+00  5.780842800252194e-01  7.867111452267791e-01  5.780842800252194e-01  2.340178706986512e-01  5.780842800252194e-01  2.274294910005718e-03  5.780842800252194e-01  1.177447214357406e+00  5.780842800252194e-01  1.819008654813630e-01  5.780842800252194e-01  1.231090739732585e-03 
 5.820842800252194e-01  1.316066384665069e+00  5.820842800252194e-01  1.580716801080097e+00  5.820842800252194e-01  7.853536368928433e-01  5.820842800252194e-01  2.341728908592256e-01  5.820842800252194e-01  2.277857902090335e-03  5.820842800252194e-01  1.178769199731812e+00  5.820842800252194e-01  1.816859471108586e-01  5.820842800252194e-01  1.227498590725485e-03 
 5.860842800252194e-01  1.315168847302107e+00  5.860842800252194e-01  1.581621728601791e+00  5.860842800252194e-01  7.839962572225693e-01  5.860842800252194e-01  2.343277867105472e-01  5.860842800252194e-01  2.281420095559785e-03  5.860842800252194e-01  1.180090777816650e+00  5.860842800252194e-01  1.814707058124847e-01  5.860842800252194e-01  1.223907047371062e-03 
 5.900842800252194e-01  1.314271512748762e+00  5.900842800252194e-01  1.582526501760519e+00  5.900842800252194e-01  7.826390082707805e-01  5.900842800252194e-01  2.344825586792081e-01  5.900842800252194e-01  2.284981484107770e-03  5.900842800252194e-01  1.181411945778099e+00  5.900842800252194e-01  1.812551404322696e-01  5.900842800252194e-01  1.220316116278672e-03 
 5.940842800252194e-01  1.313374382609239e+00  5.940842800252194e-01  1.583431118904931e+00  5.940842800252194e-01  7.812818921061683e-01  5.940842800252194e-01  2.346372071902198e-01  5.940842800252194e-01  2.288542061367407e-03  5.940842800252194e-01  1.182732700780836e+00  5.940842800252194e-01  1.810392498051269e-01  5.940842800252194e-01  1.216725803996579e-03 
 5.980842800252194e-01  1.312477458493364e+00  5.980842800252194e-01  1.584335578363212e+00  5.980842800252194e-01  7.799249108047315e-01  5.980842800252194e-01  2.347917326685743e-01  5.980842800252194e-01  2.292101820949557e-03  5.980842800252194e-01  1.184053039965237e+00  5.980842800252194e-01  1.808230327629965e-01  5.980842800252194e-01  1.213136117154188e-03 
 6.020842800252194e-01  1.311580742017129e+00  6.020842800252194e-01  1.585239878444606e+00  6.020842800252194e-01  7.785680664501977e-01  6.020842800252194e-01  2.349461355391808e-01  6.020842800252194e-01  2.295660756440572e-03  6.020842800252194e-01  1.185372960448257e+00  6.020842800252194e-01  1.806064881344662e-01  6.020842800252194e-01  1.209547062456076e-03 
 6.060842800252194e-01  1.310684234814455e+00  6.060842800252194e-01  1.586144017482009e+00  6.060842800252194e-01  7.772113611421630e-01  6.060842800252194e-01  2.351004162250302e-01  6.060842800252194e-01  2.299218861355659e-03  6.060842800252194e-01  1.186692459350169e+00  6.060842800252194e-01  1.803896147348870e-01  6.060842800252194e-01  1.205958646512844e-03 
 6.100842800252194e-01  1.309787938515605e+00  6.100842800252194e-01  1.587047993752551e+00  6.100842800252194e-01  7.758547969813027e-01  6.100842800252194e-01  2.352545751506453e-01  6.100842800252194e-01  2.302776129224571e-03  6.100842800252194e-01  1.188011533744354e+00  6.100842800252194e-01  1.801724113846347e-01  6.100842800252194e-01  1.202370876156436e-03 
 6.140842800252194e-01  1.308891854769753e+00  6.140842800252194e-01  1.587951805559643e+00  6.140842800252194e-01  7.744983760849403e-01  6.140842800252194e-01  2.354086127385290e-01  6.140842800252194e-01  2.306332553501960e-03  6.140842800252194e-01  1.189330180708927e+00  6.140842800252194e-01  1.799548768901179e-01  6.140842800252194e-01  1.198783758114390e-03 
 6.180842800252194e-01  1.307995985230424e+00  6.180842800252194e-01  1.588855451179287e+00  6.180842800252194e-01  7.731421005770931e-01  6.180842800252194e-01  2.355625294115025e-01  6.180842800252194e-01  2.309888127625229e-03  6.180842800252194e-01  1.190648397292768e+00  6.180842800252194e-01  1.797370100561222e-01  6.180842800252194e-01  1.195197299223032e-03 
 6.220842800252194e-01  1.307100331562528e+00  6.220842800252194e-01  1.589758928885206e+00  6.220842800252194e-01  7.717859725933627e-01  6.220842800252194e-01  2.357163255916180e-01  6.220842800252194e-01  2.313442844986601e-03  6.220842800252194e-01  1.191966180531222e+00  6.220842800252194e-01  1.795188096799348e-01  6.220842800252194e-01  1.191611506327651e-03 
 6.260842800252194e-01  1.306204895435741e+00  6.260842800252194e-01  1.590662236924352e+00  6.260842800252194e-01  7.704299942764348e-01  6.260842800252194e-01  2.358700017012339e-01  6.260842800252194e-01  2.316996698959377e-03  6.260842800252194e-01  1.193283527430586e+00  6.260842800252194e-01  1.793002745569819e-01  6.260842800252194e-01  1.188026386379764e-03 
 6.300842800252194e-01  1.305309678536004e+00  6.300842800252194e-01  1.591565373558187e+00  6.300842800252194e-01  7.690741677840423e-01  6.300842800252194e-01  2.360235581612261e-01  6.300842800252194e-01  2.320549682852285e-03  6.300842800252194e-01  1.194600434993929e+00  6.300842800252194e-01  1.790814034711610e-01  6.300842800252194e-01  1.184441946273225e-03 
 6.340842800252194e-01  1.304414682555180e+00  6.340842800252194e-01  1.592468337024552e+00  6.340842800252194e-01  7.677184952819139e-01  6.340842800252194e-01  2.361769953926552e-01  6.340842800252194e-01  2.324101789950623e-03  6.340842800252194e-01  1.195916900196995e+00  6.340842800252194e-01  1.788621952036554e-01  6.340842800252194e-01  1.180858192995652e-03 
 6.380842800252194e-01  1.303519909190318e+00  6.380842800252194e-01  1.593371125534593e+00  6.380842800252194e-01  7.663629789433127e-01  6.380842800252194e-01  2.363303138169018e-01  6.380842800252194e-01  2.327653013519015e-03  6.380842800252194e-01  1.197232919986160e+00  6.380842800252194e-01  1.786426485336139e-01  6.380842800252194e-01  1.177275133640509e-03 
 6.420842800252194e-01  1.302625360159624e+00  6.420842800252194e-01  1.594273737330143e+00  6.420842800252194e-01  7.650076209600851e-01  6.420842800252194e-01  2.364835138531877e-01  6.420842800252194e-01  2.331203346738159e-03  6.420842800252194e-01  1.198548491314323e+00  6.420842800252194e-01  1.784227622246575e-01  6.420842800252194e-01  1.173692775179469e-03 
 6.460842800252194e-01  1.301731037176461e+00  6.460842800252194e-01  1.595176170588925e+00  6.460842800252194e-01  7.636524235248390e-01  6.460842800252194e-01  2.366365959226948e-01  6.460842800252194e-01  2.334752782807974e-03  6.460842800252194e-01  1.199863611081282e+00  6.460842800252194e-01  1.782025350470261e-01  6.460842800252194e-01  1.170111124838569e-03 
 6.500842800252195e-01  1.300836941978629e+00  6.500842800252195e-01  1.596078423530116e+00  6.500842800252195e-01  7.622973888511285e-01  6.500842800252195e-01  2.367895604439902e-01  6.500842800252195e-01  2.338301314831393e-03  6.500842800252195e-01  1.201178276199824e+00  6.500842800252195e-01  1.779819657527547e-01  6.500842800252195e-01  1.166530189679319e-03 
 6.540842800252195e-01  1.299943076303540e+00  6.540842800252195e-01  1.596980494324008e+00  6.540842800252195e-01  7.609425191564454e-01  6.540842800252195e-01  2.369424078369585e-01  6.540842800252195e-01  2.341848935912867e-03  6.540842800252195e-01  1.202492483538948e+00  6.540842800252195e-01  1.777610530968268e-01  6.540842800252195e-01  1.162949976957176e-03 
 6.580842800252195e-01  1.299049441902009e+00  6.580842800252195e-01  1.597882381141314e+00  6.580842800252195e-01  7.595878166717617e-01  6.580842800252195e-01  2.370951385206657e-01  6.580842800252195e-01  2.345395639103699e-03  6.580842800252195e-01  1.203806229954642e+00  6.580842800252195e-01  1.775397958255321e-01  6.580842800252195e-01  1.159370493925918e-03 
 6.620842800252195e-01  1.298156040538940e+00  6.620842800252195e-01  1.598784082155145e+00  6.620842800252195e-01  7.582332836420611e-01  6.620842800252195e-01  2.372477529132806e-01  6.620842800252195e-01  2.348941417399214e-03  6.620842800252195e-01  1.205119512290953e+00  6.620842800252195e-01  1.773181926759075e-01  6.620842800252195e-01  1.155791747829748e-03 
 6.660842800252195e-01  1.297262873981680e+00  6.660842800252195e-01  1.599685595498382e+00  6.660842800252195e-01  7.568789223183886e-01  6.660842800252195e-01  2.374002514339363e-01  6.660842800252195e-01  2.352486263785117e-03  6.660842800252195e-01  1.206432327353210e+00  6.660842800252195e-01  1.770962423857662e-01  6.660842800252195e-01  1.152213746072484e-03 
 6.700842800252195e-01  1.296369944016559e+00  6.700842800252195e-01  1.600586919322816e+00  6.700842800252195e-01  7.555247349692866e-01  6.700842800252195e-01  2.375526345001614e-01  6.700842800252195e-01  2.356030171171657e-03  6.700842800252195e-01  1.207744671944841e+00  6.700842800252195e-01  1.768739436796291e-01  6.700842800252195e-01  1.148636495982890e-03 
 6.740842800252195e-01  1.295477252431877e+00  6.740842800252195e-01  1.601488051737360e+00  6.740842800252195e-01  7.541707238691495e-01  6.740842800252195e-01  2.377049025305850e-01  6.740842800252195e-01  2.359573132461395e-03  6.740842800252195e-01  1.209056542828642e+00  6.740842800252195e-01  1.766512952833188e-01  6.740842800252195e-01  1.145060005059857e-03 
 6.780842800252195e-01  1.294584801034922e+00  6.780842800252195e-01  1.602388990868590e+00  6.780842800252195e-01  7.528168913100033e-01  6.780842800252195e-01  2.378570559422972e-01  6.780842800252195e-01  2.363115140481460e-03  6.780842800252195e-01  1.210367936764425e+00  6.780842800252195e-01  1.764282959095068e-01  6.780842800252195e-01  1.141484280732144e-03 
 6.820842800252195e-01  1.293692591639275e+00  6.820842800252195e-01  1.603289734814750e+00  6.820842800252195e-01  7.514632395928245e-01  6.820842800252195e-01  2.380090951528706e-01  6.820842800252195e-01  2.366656188034009e-03  6.820842800252195e-01  1.211678850480176e+00  6.820842800252195e-01  1.762049442685867e-01  6.820842800252195e-01  1.137909330540917e-03 
 6.860842800252195e-01  1.292800626069876e+00  6.860842800252195e-01  1.604190281663176e+00  6.860842800252195e-01  7.501097710310868e-01  6.860842800252195e-01  2.381610205795975e-01  6.860842800252195e-01  2.370196267876101e-03  6.860842800252195e-01  1.212989280682765e+00  6.860842800252195e-01  1.759812390644665e-01  6.860842800252195e-01  1.134335162070578e-03 
 6.900842800252195e-01  1.291908906162401e+00  6.900842800252195e-01  1.605090629487634e+00  6.900842800252195e-01  7.487564879504095e-01  6.900842800252195e-01  2.383128326396244e-01  6.900842800252195e-01  2.373735372722265e-03  6.900842800252195e-01  1.214299224056173e+00  6.900842800252195e-01  1.757571789951435e-01  6.900842800252195e-01  1.130761782959401e-03 
 6.940842800252195e-01  1.291017433765949e+00  6.940842800252195e-01  1.605990776357336e+00  6.940842800252195e-01  7.474033926904491e-01  6.940842800252195e-01  2.384645317495578e-01  6.940842800252195e-01  2.377273495233651e-03  6.940842800252195e-01  1.215608677266917e+00  6.940842800252195e-01  1.755327627504661e-01  6.940842800252195e-01  1.127189200863676e-03 
 6.980842800252195e-01  1.290126210738436e+00  6.980842800252195e-01  1.606890720319815e+00  6.980842800252195e-01  7.460504876018184e-01  6.980842800252195e-01  2.386161183262226e-01  6.980842800252195e-01  2.380810628036483e-03  6.980842800252195e-01  1.216917636953268e+00  6.980842800252195e-01  1.753079890161792e-01  6.980842800252195e-01  1.123617423525706e-03 
 7.020842800252195e-01  1.289235238949098e+00  7.020842800252195e-01  1.607790459409382e+00  7.020842800252195e-01  7.446977750478537e-01  7.020842800252195e-01  2.387675927863004e-01  7.020842800252195e-01  2.384346763712047e-03  7.020842800252195e-01  1.218226099730360e+00  7.020842800252195e-01  1.750828564718334e-01  7.020842800252195e-01  1.120046458740239e-03 
 7.060842800252195e-01  1.288344520283659e+00  7.060842800252195e-01  1.608689991664906e+00  7.060842800252195e-01  7.433452574082501e-01  7.060842800252195e-01  2.389189555455601e-01  7.060842800252195e-01  2.387881894776164e-03  7.060842800252195e-01  1.219534062201061e+00  7.060842800252195e-01  1.748573637864169e-01  7.060842800252195e-01  1.116476314283917e-03 
 7.100842800252195e-01  1.287454056632719e+00  7.100842800252195e-01  1.609589315087850e+00  7.100842800252195e-01  7.419929370711313e-01  7.100842800252195e-01  2.390702070206980e-01  7.100842800252195e-01  2.391416013725322e-03  7.100842800252195e-01  1.220841520929776e+00  7.100842800252195e-01  1.746315096284193e-01  7.100842800252195e-01  1.112906998081807e-03 
 7.140842800252195e-01  1.286563849899882e+00  7.140842800252195e-01  1.610488427670618e+00  7.140842800252195e-01  7.406408164387120e-01  7.140842800252195e-01  2.392213476281081e-01  7.140842800252195e-01  2.394949113004414e-03  7.140842800252195e-01  1.222148472459894e+00  7.140842800252195e-01  1.744052926589351e-01  7.140842800252195e-01  1.109338518094930e-03 
 7.180842800252195e-01  1.285673902008766e+00  7.180842800252195e-01  1.611387327420774e+00  7.180842800252195e-01  7.392888979321959e-01  7.180842800252195e-01  2.393723777828268e-01  7.180842800252195e-01  2.398481184978883e-03  7.180842800252195e-01  1.223454913328608e+00  7.180842800252195e-01  1.741787115256812e-01  7.180842800252195e-01  1.105770882224036e-03 
 7.220842800252195e-01  1.284784214881691e+00  7.220842800252195e-01  1.612286012284916e+00  7.220842800252195e-01  7.379371839771621e-01  7.220842800252195e-01  2.395232979018767e-01  7.220842800252195e-01  2.402012222019312e-03  7.220842800252195e-01  1.224760840019619e+00  7.220842800252195e-01  1.739517648814392e-01  7.220842800252195e-01  1.102204098611915e-03 
 7.260842800252195e-01  1.283894790466513e+00  7.260842800252195e-01  1.613184480243089e+00  7.260842800252195e-01  7.365856770221194e-01  7.260842800252195e-01  2.396741084001377e-01  7.260842800252195e-01  2.405542216394950e-03  7.260842800252195e-01  1.226066249021416e+00  7.260842800252195e-01  1.737244513610129e-01  7.260842800252195e-01  1.098638175268538e-03 
 7.300842800252195e-01  1.283005630712663e+00  7.300842800252195e-01  1.614082729223312e+00  7.300842800252195e-01  7.352343795220759e-01  7.300842800252195e-01  2.398248096940978e-01  7.300842800252195e-01  2.409071160368797e-03  7.300842800252195e-01  1.227371136774225e+00  7.300842800252195e-01  1.734967696019782e-01  7.300842800252195e-01  1.095073120410331e-03 
 7.340842800252195e-01  1.282116737588183e+00  7.340842800252195e-01  1.614980757161245e+00  7.340842800252195e-01  7.338832939503388e-01  7.340842800252195e-01  2.399754021992474e-01  7.340842800252195e-01  2.412599046129970e-03  7.340842800252195e-01  1.228675499706752e+00  7.340842800252195e-01  1.732687182300663e-01  7.340842800252195e-01  1.091508942223413e-03 
 7.380842800252195e-01  1.281228113073581e+00  7.380842800252195e-01  1.615878561977766e+00  7.380842800252195e-01  7.325324227943535e-01  7.380842800252195e-01  2.401258863310702e-01  7.380842800252195e-01  2.416125865818157e-03  7.380842800252195e-01  1.229979334222125e+00  7.380842800252195e-01  1.730402958645452e-01  7.380842800252195e-01  1.087945648952510e-03 
 7.420842800252195e-01  1.280339759159604e+00  7.420842800252195e-01  1.616776141570522e+00  7.420842800252195e-01  7.311817685542493e-01  7.420842800252195e-01  2.402762625054196e-01  7.420842800252195e-01  2.419651611532348e-03  7.420842800252195e-01  1.231282636692540e+00  7.420842800252195e-01  1.728115011202365e-01  7.420842800252195e-01  1.084383248934577e-03 
 7.460842800252195e-01  1.279451677850126e+00  7.460842800252195e-01  1.617673493823511e+00  7.460842800252195e-01  7.298313337448910e-01  7.460842800252195e-01  2.404265311381102e-01  7.460842800252195e-01  2.423176275319465e-03  7.460842800252195e-01  1.232585403464984e+00  7.460842800252195e-01  1.725823326050920e-01  7.460842800252195e-01  1.080821750560669e-03 
 7.500842800252195e-01  1.278563871164389e+00  7.500842800252195e-01  1.618570616614151e+00  7.500842800252195e-01  7.284811208975037e-01  7.500842800252195e-01  2.405766926446105e-01  7.500842800252195e-01  2.426699849165456e-03  7.500842800252195e-01  1.233887630865431e+00  7.500842800252195e-01  1.723527889183760e-01  7.500842800252195e-01  1.077261162248003e-03 
 7.540842800252195e-01  1.277676341132917e+00  7.540842800252195e-01  1.619467507798377e+00  7.540842800252195e-01  7.271311325569332e-01  7.540842800252195e-01  2.407267474407061e-01  7.540842800252195e-01  2.430222325011437e-03  7.540842800252195e-01  1.235189315189463e+00  7.540842800252195e-01  1.721228686542580e-01  7.540842800252195e-01  1.073701492499004e-03 
 7.580842800252195e-01  1.276789089800822e+00  7.580842800252195e-01  1.620364165221485e+00  7.580842800252195e-01  7.257813712839962e-01  7.580842800252195e-01  2.408766959420333e-01  7.580842800252195e-01  2.433743694740706e-03  7.580842800252195e-01  1.236490452708784e+00  7.580842800252195e-01  1.718925703990651e-01  7.580842800252195e-01  1.070142749858317e-03 
 7.620842800252196e-01  1.275902119222106e+00  7.620842800252196e-01  1.621260586697608e+00  7.620842800252196e-01  7.244318396516277e-01  7.620842800252196e-01  2.410265385649879e-01  7.620842800252196e-01  2.437263950201186e-03  7.620842800252196e-01  1.237791039658422e+00  7.620842800252196e-01  1.716618927363020e-01  7.620842800252196e-01  1.066584942994290e-03 
 7.660842800252196e-01  1.275015431473066e+00  7.660842800252196e-01  1.622156770055796e+00  7.660842800252196e-01  7.230825402542039e-01  7.660842800252196e-01  2.411762757247051e-01  7.660842800252196e-01  2.440783083152389e-03  7.660842800252196e-01  1.239091072264846e+00  7.660842800252196e-01  1.714308342351238e-01  7.660842800252196e-01  1.063028080516006e-03 
 7.700842800252196e-01  1.274129028638566e+00  7.700842800252196e-01  1.623052713091411e+00  7.700842800252196e-01  7.217334756981530e-01  7.700842800252196e-01  2.413259078372075e-01  7.700842800252196e-01  2.444301085319782e-03  7.700842800252196e-01  1.240390546715923e+00  7.700842800252196e-01  1.711993934623294e-01  7.700842800252196e-01  1.059472171166290e-03 
 7.740842800252196e-01  1.273242912812794e+00  7.740842800252196e-01  1.623948413568099e+00  7.740842800252196e-01  7.203846486025588e-01  7.740842800252196e-01  2.414754353193291e-01  7.740842800252196e-01  2.447817948391845e-03  7.740842800252196e-01  1.241689459161991e+00  7.740842800252196e-01  1.709675689818339e-01  7.740842800252196e-01  1.055917223813824e-03 
 7.780842800252196e-01  1.272357086113950e+00  7.780842800252196e-01  1.624843869268211e+00  7.780842800252196e-01  7.190360616093622e-01  7.780842800252196e-01  2.416248585864949e-01  7.780842800252196e-01  2.451333663961758e-03  7.780842800252196e-01  1.242987805746537e+00  7.780842800252196e-01  1.707353593419845e-01  7.780842800252196e-01  1.052363247253046e-03 
 7.820842800252196e-01  1.271471550667828e+00  7.820842800252196e-01  1.625739077934954e+00  7.820842800252196e-01  7.176877173721217e-01  7.820842800252196e-01  2.417741780552840e-01  7.820842800252196e-01  2.454848223592548e-03  7.820842800252196e-01  1.244285582570570e+00  7.820842800252196e-01  1.705027630899349e-01  7.820842800252196e-01  1.048810250433747e-03 
 7.860842800252196e-01  1.270586308614852e+00  7.860842800252196e-01  1.626634037296134e+00  7.860842800252196e-01  7.163396185609584e-01  7.860842800252196e-01  2.419233941423901e-01  7.860842800252196e-01  2.458361618789201e-03  7.860842800252196e-01  1.245582785706991e+00  7.860842800252196e-01  1.702697787656453e-01  7.860842800252196e-01  1.045258242366854e-03 
 7.900842800252196e-01  1.269701362112752e+00  7.900842800252196e-01  1.627528745072795e+00  7.900842800252196e-01  7.149917678644644e-01  7.900842800252196e-01  2.420725072642498e-01  7.900842800252196e-01  2.461873840988020e-03  7.900842800252196e-01  1.246879411205650e+00  7.900842800252196e-01  1.700364048996208e-01  7.900842800252196e-01  1.041707232090139e-03 
 7.940842800252196e-01  1.268816713331638e+00  7.940842800252196e-01  1.628423198961246e+00  7.940842800252196e-01  7.136441679864035e-01  7.940842800252196e-01  2.422215178378370e-01  7.940842800252196e-01  2.465384881576113e-03  7.940842800252196e-01  1.248175455082176e+00  7.940842800252196e-01  1.698026400173491e-01  7.940842800252196e-01  1.038157228739517e-03 
 7.980842800252196e-01  1.267932364460499e+00  7.980842800252196e-01  1.629317396654884e+00  7.980842800252196e-01  7.122968216502702e-01  7.980842800252196e-01  2.423704262797140e-01  7.980842800252196e-01  2.468894731865746e-03  7.980842800252196e-01  1.249470913331086e+00  7.980842800252196e-01  1.695684826337148e-01  7.980842800252196e-01  1.034608241462492e-03 
 8.020842800252196e-01  1.267048317694401e+00  8.020842800252196e-01  1.630211335799241e+00  8.020842800252196e-01  7.109497315905533e-01  8.020842800252196e-01  2.425192330080279e-01  8.020842800252196e-01  2.472403383145005e-03  8.020842800252196e-01  1.250765781898188e+00  8.020842800252196e-01  1.693339312642936e-01  8.020842800252196e-01  1.031060279596532e-03 
 8.060842800252196e-01  1.266164575256042e+00  8.060842800252196e-01  1.631105014065515e+00  8.060842800252196e-01  7.096029005676773e-01  8.060842800252196e-01  2.426679384392555e-01  8.060842800252196e-01  2.475910826592339e-03  8.060842800252196e-01  1.252060056725165e+00  8.060842800252196e-01  1.690989844066437e-01  8.060842800252196e-01  1.027513352377270e-03 
 8.100842800252196e-01  1.265281139370783e+00  8.100842800252196e-01  1.631998429063899e+00  8.100842800252196e-01  7.082563313508765e-01  8.100842800252196e-01  2.428165429920657e-01  8.100842800252196e-01  2.479417053375612e-03  8.100842800252196e-01  1.253353733696598e+00  8.100842800252196e-01  1.688636405622071e-01  8.100842800252196e-01  1.023967469282436e-03 
 8.140842800252196e-01  1.264398012288043e+00  8.140842800252196e-01  1.632891578416277e+00  8.140842800252196e-01  7.069100267330389e-01  8.140842800252196e-01  2.429650470840900e-01  8.140842800252196e-01  2.482922054567216e-03  8.140842800252196e-01  1.254646808684002e+00  8.140842800252196e-01  1.686278982177711e-01  8.140842800252196e-01  1.020422639743422e-03 
 8.180842800252196e-01  1.263515196272154e+00  8.180842800252196e-01  1.633784459724070e+00  8.180842800252196e-01  7.055639895244824e-01  8.180842800252196e-01  2.431134511333648e-01  8.180842800252196e-01  2.486425821180344e-03  8.180842800252196e-01  1.255939277526027e+00  8.180842800252196e-01  1.683917558535365e-01  8.180842800252196e-01  1.016878873272812e-03 
 8.220842800252196e-01  1.262632693600338e+00  8.220842800252196e-01  1.634677070560492e+00  8.220842800252196e-01  7.042182225516523e-01  8.220842800252196e-01  2.432617555586828e-01  8.220842800252196e-01  2.489928344177036e-03  8.220842800252196e-01  1.257231136023559e+00  8.220842800252196e-01  1.681552119450278e-01  8.220842800252196e-01  1.013336179495152e-03 
 8.260842800252196e-01  1.261750506566175e+00  8.260842800252196e-01  1.635569408481646e+00  8.260842800252196e-01  7.028727286596104e-01  8.260842800252196e-01  2.434099607791087e-01  8.260842800252196e-01  2.493429614454425e-03  8.260842800252196e-01  1.258522379946246e+00  8.260842800252196e-01  1.679182649601853e-01  8.260842800252196e-01  1.009794568102934e-03 
 8.300842800252196e-01  1.260868637482696e+00  8.300842800252196e-01  1.636461471036299e+00  8.300842800252196e-01  7.015275107142473e-01  8.300842800252196e-01  2.435580672135514e-01  8.300842800252196e-01  2.496929622832428e-03  8.300842800252196e-01  1.259813005038190e+00  8.300842800252196e-01  1.676809133567579e-01  8.300842800252196e-01  1.006254048817807e-03 
 8.340842800252196e-01  1.259987088674387e+00  8.340842800252196e-01  1.637353255737737e+00  8.340842800252196e-01  7.001825715968770e-01  8.340842800252196e-01  2.437060752820265e-01  8.340842800252196e-01  2.500428360085497e-03  8.340842800252196e-01  1.261103007000672e+00  8.340842800252196e-01  1.674431555894509e-01  8.340842800252196e-01  1.002714631502226e-03 
 8.380842800252196e-01  1.259105862487599e+00  8.380842800252196e-01  1.638244760098446e+00  8.380842800252196e-01  6.988379142114943e-01  8.380842800252196e-01  2.438539854041194e-01  8.380842800252196e-01  2.503925816901320e-03  8.380842800252196e-01  1.262392381512928e+00  8.380842800252196e-01  1.672049901009161e-01  8.380842800252196e-01  9.991763260218671e-04 
 8.420842800252196e-01  1.258224961280149e+00  8.420842800252196e-01  1.639135981593827e+00  8.420842800252196e-01  6.974935414777115e-01  8.420842800252196e-01  2.440017980006112e-01  8.420842800252196e-01  2.507421983922059e-03  8.420842800252196e-01  1.263681124209962e+00  8.420842800252196e-01  1.669664153310219e-01  8.420842800252196e-01  9.956391423896185e-04 
 8.460842800252196e-01  1.257344387430672e+00  8.460842800252196e-01  1.640026917693246e+00  8.460842800252196e-01  6.961494563372954e-01  8.460842800252196e-01  2.441495134921023e-01  8.460842800252196e-01  2.510916851707250e-03  8.460842800252196e-01  1.264969230701096e+00  8.460842800252196e-01  1.667274297087457e-01  8.460842800252196e-01  9.921030906423316e-04 
 8.500842800252196e-01  1.256464143334790e+00  8.500842800252196e-01  1.640917565846030e+00  8.500842800252196e-01  6.948056617516283e-01  8.500842800252196e-01  2.442971322996465e-01  8.500842800252196e-01  2.514410410749054e-03  8.500842800252196e-01  1.266256696561249e+00  8.500842800252196e-01  1.664880316556991e-01  8.500842800252196e-01  9.885681808964517e-04 
 8.540842800252196e-01  1.255584231403580e+00  8.540842800252196e-01  1.641807923475550e+00  8.540842800252196e-01  6.934621607007517e-01  8.540842800252196e-01  2.444446548450245e-01  8.540842800252196e-01  2.517902651478252e-03  8.540842800252196e-01  1.267543517327152e+00  8.540842800252196e-01  1.662482195875822e-01  8.540842800252196e-01  9.850344233714615e-04 
 8.580842800252196e-01  1.254704654067597e+00  8.580842800252196e-01  1.642697987991848e+00  8.580842800252196e-01  6.921189561862310e-01  8.580842800252196e-01  2.445920815501849e-01  8.580842800252196e-01  2.521393564248305e-03  8.580842800252196e-01  1.268829688504703e+00  8.580842800252196e-01  1.660079919108095e-01  8.580842800252196e-01  9.815018283397684e-04 
 8.620842800252196e-01  1.253825413772042e+00  8.620842800252196e-01  1.643587756774491e+00  8.620842800252196e-01  6.907760512279332e-01  8.620842800252196e-01  2.447394128380265e-01  8.620842800252196e-01  2.524883139354605e-03  8.620842800252196e-01  1.270115205558419e+00  8.620842800252196e-01  1.657673470268966e-01  8.620842800252196e-01  9.779704061947936e-04 
 8.660842800252196e-01  1.252946512982843e+00  8.660842800252196e-01  1.644477227192222e+00  8.660842800252196e-01  6.894334488683227e-01  8.660842800252196e-01  2.448866491315208e-01  8.660842800252196e-01  2.528371367010210e-03  8.660842800252196e-01  1.271400063923001e+00  8.660842800252196e-01  1.655262833272352e-01  8.660842800252196e-01  9.744401673729433e-04 
 8.700842800252196e-01  1.252067954183973e+00  8.700842800252196e-01  1.645366396592943e+00  8.700842800252196e-01  6.880911521707112e-01  8.700842800252196e-01  2.450337908541730e-01  8.700842800252196e-01  2.531858237356635e-03  8.700842800252196e-01  1.272684258997055e+00  8.700842800252196e-01  1.652847991956126e-01  8.700842800252196e-01  9.709111223933926e-04 
 8.740842800252197e-01  1.251189739873676e+00  8.740842800252197e-01  1.646255262290172e+00  8.740842800252197e-01  6.867491642167606e-01  8.740842800252197e-01  2.451808384306397e-01  8.740842800252197e-01  2.535343740478704e-03  8.740842800252197e-01  1.273967786134723e+00  8.740842800252197e-01  1.650428930116934e-01  8.740842800252197e-01  9.673832819118119e-04 
 8.780842800252197e-01  1.250311872578211e+00  8.780842800252197e-01  1.647143821608319e+00  8.780842800252197e-01  6.854074881160694e-01  8.780842800252197e-01  2.453277922847011e-01  8.780842800252197e-01  2.538827866350075e-03  8.780842800252197e-01  1.275250640672559e+00  8.780842800252197e-01  1.648005631389937e-01  8.780842800252197e-01  9.638566565407073e-04 
 8.820842800252197e-01  1.249434354830450e+00  8.820842800252197e-01  1.648032071809792e+00  8.820842800252197e-01  6.840661269915181e-01  8.820842800252197e-01  2.454746528425486e-01  8.820842800252197e-01  2.542310604918132e-03  8.820842800252197e-01  1.276532817885612e+00  8.820842800252197e-01  1.645578079440140e-01  8.820842800252197e-01  9.603312571387139e-04 
 8.860842800252197e-01  1.248557189189636e+00  8.860842800252197e-01  1.648920010160494e+00  8.860842800252197e-01  6.827250839930031e-01  8.860842800252197e-01  2.456214205298490e-01  8.860842800252197e-01  2.545791946025608e-03  8.860842800252197e-01  1.277814313026377e+00  8.860842800252197e-01  1.643146257788671e-01  8.860842800252197e-01  9.568070945506558e-04 
 8.900842800252197e-01  1.247680378233075e+00  8.900842800252197e-01  1.649807633900887e+00  8.900842800252197e-01  6.813843622918186e-01  8.900842800252197e-01  2.457680957730540e-01  8.900842800252197e-01  2.549271879443600e-03  8.900842800252197e-01  1.279095121307208e+00  8.900842800252197e-01  1.640710149888109e-01  8.900842800252197e-01  9.532841797223544e-04 
 8.940842800252197e-01  1.246803924559181e+00  8.940842800252197e-01  1.650694940255248e+00  8.940842800252197e-01  6.800439650828715e-01  8.940842800252197e-01  2.459146789989898e-01  8.940842800252197e-01  2.552750394859343e-03  8.940842800252197e-01  1.280375237905567e+00  8.940842800252197e-01  1.638269739096994e-01  8.940842800252197e-01  9.497625236639565e-04 
 8.980842800252197e-01  1.245927830778418e+00  8.980842800252197e-01  1.651581926400544e+00  8.980842800252197e-01  6.787038955785368e-01  8.980842800252197e-01  2.460611706362820e-01  8.980842800252197e-01  2.556227481912325e-03  8.980842800252197e-01  1.281654657945204e+00  8.980842800252197e-01  1.635825008761892e-01  8.980842800252197e-01  9.462421375734481e-04 
 9.020842800252197e-01  1.245052099532109e+00  9.020842800252197e-01  1.652468589528049e+00  9.020842800252197e-01  6.773641570217527e-01  9.020842800252197e-01  2.462075711125660e-01  9.020842800252197e-01  2.559703130119507e-03  9.020842800252197e-01  1.282933376532607e+00  9.020842800252197e-01  1.633375942052026e-01  9.020842800252197e-01  9.427230325920483e-04 
 9.060842800252197e-01  1.244176733469203e+00  9.060842800252197e-01  1.653354926765054e+00  9.060842800252197e-01  6.760247526701073e-01  9.060842800252197e-01  2.463538808580495e-01  9.060842800252197e-01  2.563177328967596e-03  9.060842800252197e-01  1.284211388710086e+00  9.060842800252197e-01  1.630922522167542e-01  9.060842800252197e-01  9.392052201150315e-04 
 9.100842800252197e-01  1.243301735271330e+00  9.100842800252197e-01  1.654240935257167e+00  9.100842800252197e-01  6.746856858132394e-01  9.100842800252197e-01  2.465001003017887e-01  9.100842800252197e-01  2.566650067813591e-03  9.100842800252197e-01  1.285488689504477e+00  9.100842800252197e-01  1.628464732118191e-01  9.100842800252197e-01  9.356887114650378e-04 
 9.140842800252197e-01  1.242427107631889e+00  9.140842800252197e-01  1.655126612097778e+00  9.140842800252197e-01  6.733469597585281e-01  9.140842800252197e-01  2.466462298748979e-01  9.140842800252197e-01  2.570121335967822e-03  9.140842800252197e-01  1.286765273884887e+00  9.140842800252197e-01  1.626002554911380e-01  9.140842800252197e-01  9.321735181719887e-04 
 9.180842800252197e-01  1.241552853267068e+00  9.180842800252197e-01  1.656011954363776e+00  9.180842800252197e-01  6.720085778388191e-01  9.180842800252197e-01  2.467922700089408e-01  9.180842800252197e-01  2.573591122650121e-03  9.180842800252197e-01  1.288041136783667e+00  9.180842800252197e-01  1.623535973455552e-01  9.180842800252197e-01  9.286596518314354e-04 
 9.220842800252197e-01  1.240678974916032e+00  9.220842800252197e-01  1.656896959114893e+00  9.220842800252197e-01  6.706705434126692e-01  9.220842800252197e-01  2.469382211359619e-01  9.220842800252197e-01  2.577059416989116e-03  9.220842800252197e-01  1.289316273095695e+00  9.220842800252197e-01  1.621064970560662e-01  9.220842800252197e-01  9.251471241070467e-04 
 9.260842800252197e-01  1.239805475339018e+00  9.260842800252197e-01  1.657781623386465e+00  9.260842800252197e-01  6.693328598631570e-01  9.260842800252197e-01  2.470840836888343e-01  9.260842800252197e-01  2.580526208029878e-03  9.260842800252197e-01  1.290590677673784e+00  9.260842800252197e-01  1.618589528956716e-01  9.260842800252197e-01  9.216359467594356e-04 
 9.300842800252197e-01  1.238932357311212e+00  9.300842800252197e-01  1.658665944168197e+00  9.300842800252197e-01  6.679955305937888e-01  9.300842800252197e-01  2.472298581022317e-01  9.300842800252197e-01  2.583991484758086e-03  9.300842800252197e-01  1.291864345315835e+00  9.300842800252197e-01  1.616109631350515e-01  9.300842800252197e-01  9.181261317303553e-04 
 9.340842800252197e-01  1.238059623639538e+00  9.340842800252197e-01  1.659549918458382e+00  9.340842800252197e-01  6.666585590401952e-01  9.340842800252197e-01  2.473755448101678e-01  9.340842800252197e-01  2.587455236033467e-03  9.340842800252197e-01  1.293137270796591e+00  9.340842800252197e-01  1.613625260277432e-01  9.340842800252197e-01  9.146176909276225e-04 
 9.380842800252197e-01  1.237187277145333e+00  9.380842800252197e-01  1.660433543205762e+00  9.380842800252197e-01  6.653219486583110e-01  9.380842800252197e-01  2.475211442486587e-01  9.380842800252197e-01  2.590917450658555e-03  9.380842800252197e-01  1.294409448832953e+00  9.380842800252197e-01  1.611136398258302e-01  9.380842800252197e-01  9.111106364557729e-04 
 9.420842800252197e-01  1.236315320674791e+00  9.420842800252197e-01  1.661316815342848e+00  9.420842800252197e-01  6.639857029317140e-01  9.420842800252197e-01  2.476666568542140e-01  9.420842800252197e-01  2.594378117337237e-03  9.420842800252197e-01  1.295680874103364e+00  9.420842800252197e-01  1.608643027707847e-01  9.420842800252197e-01  9.076049804838496e-04 
 9.460842800252197e-01  1.235443757097749e+00  9.460842800252197e-01  1.662199731780715e+00  9.460842800252197e-01  6.626498253709047e-01  9.460842800252197e-01  2.478120830640793e-01  9.460842800252197e-01  2.597837224679535e-03  9.460842800252197e-01  1.296951541244400e+00  9.460842800252197e-01  1.606145130947683e-01  9.460842800252197e-01  9.041007352660828e-04 
 9.500842800252197e-01  1.234572589304269e+00  9.500842800252197e-01  1.663082289396725e+00  9.500842800252197e-01  6.613143195110953e-01  9.500842800252197e-01  2.479574233168115e-01  9.500842800252197e-01  2.601294761215219e-03  9.500842800252197e-01  1.298221444843225e+00  9.500842800252197e-01  1.603642690238944e-01  9.500842800252197e-01  9.005979131906079e-04 
 9.540842800252197e-01  1.233701820205679e+00  9.540842800252197e-01  1.663964485036870e+00  9.540842800252197e-01  6.599791889130489e-01  9.540842800252197e-01  2.481026780521845e-01  9.540842800252197e-01  2.604750715389674e-03  9.540842800252197e-01  1.299490579438662e+00  9.540842800252197e-01  1.601135687775030e-01  9.540842800252197e-01  8.970965267701587e-04 
 9.580842800252197e-01  1.232831452741877e+00  9.580842800252197e-01  1.664846315538377e+00  9.580842800252197e-01  6.586444371682587e-01  9.580842800252197e-01  2.482478477101565e-01  9.580842800252197e-01  2.608205075534853e-03  9.580842800252197e-01  1.300758939534132e+00  9.580842800252197e-01  1.598624105618188e-01  9.580842800252197e-01  8.935965885523630e-04 
 9.620842800252197e-01  1.231961489870525e+00  9.620842800252197e-01  1.665727777693393e+00  9.620842800252197e-01  6.573100678916326e-01  9.620842800252197e-01  2.483929327325552e-01  9.620842800252197e-01  2.611657829912261e-03  9.620842800252197e-01  1.302026519576003e+00  9.620842800252197e-01  1.596107925798600e-01  9.620842800252197e-01  8.900981112638870e-04 
 9.660842800252197e-01  1.231091934578548e+00  9.660842800252197e-01  1.666608868285183e+00  9.660842800252197e-01  6.559760847295529e-01  9.660842800252197e-01  2.485379335614172e-01  9.660842800252197e-01  2.615108966667213e-03  9.660842800252197e-01  1.303293313974470e+00  9.660842800252197e-01  1.593587130213281e-01  9.660842800252197e-01  8.866011076667324e-04 
 9.700842800252197e-01  1.230222789872178e+00  9.700842800252197e-01  1.667489584054558e+00  9.700842800252197e-01  6.546424913531650e-01  9.700842800252197e-01  2.486828506405457e-01  9.700842800252197e-01  2.618558473868433e-03  9.700842800252197e-01  1.304559317083556e+00  9.700842800252197e-01  1.591061700718007e-01  9.700842800252197e-01  8.831055906915557e-04 
 9.740842800252197e-01  1.229354058782588e+00  9.740842800252197e-01  1.668369921717105e+00  9.740842800252197e-01  6.533092914623884e-01  9.740842800252197e-01  2.488276844147317e-01  9.740842800252197e-01  2.622006339485632e-03  9.740842800252197e-01  1.305824523210862e+00  9.740842800252197e-01  1.588531619078570e-01  9.740842800252197e-01  8.796115733692151e-04 
 9.780842800252197e-01  1.228485744368164e+00  9.780842800252197e-01  1.669249877969179e+00  9.780842800252197e-01  6.519764887876413e-01  9.780842800252197e-01  2.489724353294818e-01  9.780842800252197e-01  2.625452551380520e-03  9.780842800252197e-01  1.307088926620691e+00  9.780842800252197e-01  1.585996866952867e-01  9.780842800252197e-01  8.761190688070171e-04 
 9.820842800252197e-01  1.227617849707209e+00  9.820842800252197e-01  1.670129449463157e+00  9.820842800252197e-01  6.506440870849475e-01  9.820842800252197e-01  2.491171038321766e-01  9.820842800252197e-01  2.628897097335778e-03  9.820842800252197e-01  1.308352521519270e+00  9.820842800252197e-01  1.583457425958975e-01  9.820842800252197e-01  8.726280902869501e-04 
 9.860842800252198e-01  1.226750377909911e+00  9.860842800252198e-01  1.671008632844870e+00  9.860842800252198e-01  6.493120901443359e-01  9.860842800252198e-01  2.492616903703505e-01  9.860842800252198e-01  2.632339965007527e-03  9.860842800252198e-01  1.309615302076195e+00  9.860842800252198e-01  1.580913277569306e-01  9.860842800252198e-01  8.691386511171234e-04 
 9.900842800252198e-01  1.225883332106619e+00  9.900842800252198e-01  1.671887424714422e+00  9.900842800252198e-01  6.479805017819082e-01  9.900842800252198e-01  2.494061953935111e-01  9.900842800252198e-01  2.635781141971871e-03  9.900842800252198e-01  1.310877262401244e+00  9.900842800252198e-01  1.578364403219205e-01  9.900842800252198e-01  8.656507647872321e-04 
 9.940842800252198e-01  1.225016715450260e+00  9.940842800252198e-01  1.672765821632888e+00  9.940842800252198e-01  6.466493258416568e-01  9.940842800252198e-01  2.495506193528480e-01  9.940842800252198e-01  2.639220615715292e-03  9.940842800252198e-01  1.312138396547950e+00  9.940842800252198e-01  1.575810784287542e-01  9.940842800252198e-01  8.621644449420387e-04 
 9.980842800252198e-01  1.224150531129562e+00  9.980842800252198e-01  1.673643820163389e+00  9.980842800252198e-01  6.453185662047308e-01  9.980842800252198e-01  2.496949626993323e-01  9.980842800252198e-01  2.642658373582233e-03  9.980842800252198e-01  1.313398698537044e+00  9.980842800252198e-01  1.573252401979530e-01  9.980842800252198e-01  8.586797052183145e-04 
 1.002084280025220e+00  1.223284782352832e+00  1.002084280025220e+00  1.674521416817746e+00  1.002084280025220e+00  6.439882267784084e-01  1.002084280025220e+00  2.498392258862056e-01  1.002084280025220e+00  2.646094402839363e-03  1.002084280025220e+00  1.314658162325104e+00  1.002084280025220e+00  1.570689237476044e-01  1.002084280025220e+00  8.551965594565688e-04 
 1.006084280025220e+00  1.222419472353069e+00  1.006084280025220e+00  1.675398608071664e+00  1.006084280025220e+00  6.426583114997848e-01  1.006084280025220e+00  2.499834093682908e-01  1.006084280025220e+00  2.649528690655404e-03  1.006084280025220e+00  1.315916781813031e+00  1.006084280025220e+00  1.568121271890048e-01  1.006084280025220e+00  8.517150216408265e-04 
 1.010084280025220e+00  1.221554604394527e+00  1.010084280025220e+00  1.676275390384295e+00  1.010084280025220e+00  6.413288243404469e-01  1.010084280025220e+00  2.501275136010869e-01  1.010084280025220e+00  2.652961224075010e-03  1.010084280025220e+00  1.317174550856948e+00  1.010084280025220e+00  1.565548486209795e-01  1.010084280025220e+00  8.482351058209457e-04 
 1.014084280025220e+00  1.220690181769269e+00  1.014084280025220e+00  1.677151760185877e+00  1.014084280025220e+00  6.399997693042615e-01  1.014084280025220e+00  2.502715390413580e-01  1.014084280025220e+00  2.656391990032477e-03  1.014084280025220e+00  1.318431463260643e+00  1.014084280025220e+00  1.562970861332593e-01  1.014084280025220e+00  8.447568261616715e-04 
 1.018084280025220e+00  1.219826207788306e+00  1.018084280025220e+00  1.678027713848247e+00  1.018084280025220e+00  6.386711504214316e-01  1.018084280025220e+00  2.504154861485239e-01  1.018084280025220e+00  2.659820975386876e-03  1.018084280025220e+00  1.319687512758189e+00  1.018084280025220e+00  1.560388378148198e-01  1.018084280025220e+00  8.412801970597277e-04 
 1.022084280025220e+00  1.218962685802564e+00  1.022084280025220e+00  1.678903247750107e+00  1.022084280025220e+00  6.373429717631134e-01  1.022084280025220e+00  2.505593553816191e-01  1.022084280025220e+00  2.663248166838870e-03  1.022084280025220e+00  1.320942693051141e+00  1.022084280025220e+00  1.557801017350955e-01  1.022084280025220e+00  8.378052328847393e-04 
 1.026084280025220e+00  1.218099619181770e+00  1.026084280025220e+00  1.679778358208498e+00  1.026084280025220e+00  6.360152374270295e-01  1.026084280025220e+00  2.507031472025097e-01  1.026084280025220e+00  2.666673551014524e-03  1.026084280025220e+00  1.322196997768660e+00  1.026084280025220e+00  1.555208759634818e-01  1.026084280025220e+00  8.343319482512228e-04 
 1.030084280025220e+00  1.217237011326324e+00  1.030084280025220e+00  1.680653041515292e+00  1.030084280025220e+00  6.346879515458217e-01  1.030084280025220e+00  2.508468620742039e-01  1.030084280025220e+00  2.670097114418159e-03  1.030084280025220e+00  1.323450420488116e+00  1.030084280025220e+00  1.552611585587812e-01  1.030084280025220e+00  8.308603578737583e-04 
 1.034084280025220e+00  1.216374865668595e+00  1.034084280025220e+00  1.681527293939588e+00  1.034084280025220e+00  6.333611182881120e-01  1.034084280025220e+00  2.509905004607391e-01  1.034084280025220e+00  2.673518843427187e-03  1.034084280025220e+00  1.324702954736012e+00  1.034084280025220e+00  1.550009475683703e-01  1.034084280025220e+00  8.273904765574923e-04 
 1.038084280025220e+00  1.215513185668055e+00  1.038084280025220e+00  1.682401111711012e+00  1.038084280025220e+00  6.320347418553298e-01  1.038084280025220e+00  2.511340628279860e-01  1.038084280025220e+00  2.676938724311494e-03  1.038084280025220e+00  1.325954593977971e+00  1.038084280025220e+00  1.547402410328941e-01  1.038084280025220e+00  8.239223192643875e-04 
 1.042084280025220e+00  1.214651974808718e+00  1.042084280025220e+00  1.683274491010268e+00  1.042084280025220e+00  6.307088264801159e-01  1.042084280025220e+00  2.512775496441046e-01  1.042084280025220e+00  2.680356743243508e-03  1.042084280025220e+00  1.327205331612932e+00  1.042084280025220e+00  1.544790369889283e-01  1.042084280025220e+00  8.204559011507879e-04 
 1.046084280025220e+00  1.213791236612419e+00  1.046084280025220e+00  1.684147428009382e+00  1.046084280025220e+00  6.293833764356582e-01  1.046084280025220e+00  2.514209613776612e-01  1.046084280025220e+00  2.683772886245632e-03  1.046084280025220e+00  1.328455160995710e+00  1.046084280025220e+00  1.542173334571704e-01  1.046084280025220e+00  8.169912374076347e-04 
 1.050084280025220e+00  1.212930974626408e+00  1.050084280025220e+00  1.685019918831290e+00  1.050084280025220e+00  6.280583960273152e-01  1.050084280025220e+00  2.515642984995453e-01  1.050084280025220e+00  2.687187139239328e-03  1.050084280025220e+00  1.329704075413449e+00  1.050084280025220e+00  1.539551284540555e-01  1.050084280025220e+00  8.135283434208856e-04 
 1.054084280025220e+00  1.212071192428994e+00  1.054084280025220e+00  1.685891959565982e+00  1.054084280025220e+00  6.267338895966929e-01  1.054084280025220e+00  2.517075614822194e-01  1.054084280025220e+00  2.690599488022816e-03  1.054084280025220e+00  1.330952068094404e+00  1.054084280025220e+00  1.536924199869610e-01  1.054084280025220e+00  8.100672347074769e-04 
 1.058084280025220e+00  1.211211893629863e+00  1.058084280025220e+00  1.686763546270006e+00  1.058084280025220e+00  6.254098615220468e-01  1.058084280025220e+00  2.518507507997544e-01  1.058084280025220e+00  2.694009918269776e-03  1.058084280025220e+00  1.332199132207194e+00  1.058084280025220e+00  1.534292060542254e-01  1.058084280025220e+00  8.066079269172599e-04 
 1.062084280025220e+00  1.210353081866235e+00  1.062084280025220e+00  1.687634674952981e+00  1.062084280025220e+00  6.240863162158297e-01  1.062084280025220e+00  2.519938669284867e-01  1.062084280025220e+00  2.697418415544637e-03  1.062084280025220e+00  1.333445260852687e+00  1.062084280025220e+00  1.531654846490008e-01  1.062084280025220e+00  8.031504358865269e-04 
 1.066084280025220e+00  1.209494760813076e+00  1.066084280025220e+00  1.688505341607855e+00  1.066084280025220e+00  6.227632581319034e-01  1.066084280025220e+00  2.521369103455898e-01  1.066084280025220e+00  2.700824965262011e-03  1.066084280025220e+00  1.334690447080704e+00  1.066084280025220e+00  1.529012537502371e-01  1.066084280025220e+00  7.996947775179697e-04 
 1.070084280025220e+00  1.208636934175072e+00  1.070084280025220e+00  1.689375542184261e+00  1.070084280025220e+00  6.214406917602070e-01  1.070084280025220e+00  2.522798815303495e-01  1.070084280025220e+00  2.704229552718483e-03  1.070084280025220e+00  1.335934683874402e+00  1.070084280025220e+00  1.526365113303831e-01  1.070084280025220e+00  7.962409678863667e-04 
 1.074084280025220e+00  1.207779605682972e+00  1.074084280025220e+00  1.690245272575740e+00  1.074084280025220e+00  6.201186216244458e-01  1.074084280025220e+00  2.524227809647980e-01  1.074084280025220e+00  2.707632163107337e-03  1.074084280025220e+00  1.337177964142608e+00  1.074084280025220e+00  1.523712553590904e-01  1.074084280025220e+00  7.927890232893333e-04 
 1.078084280025220e+00  1.206922779110323e+00  1.078084280025220e+00  1.691114528669933e+00  1.078084280025220e+00  6.187970522937920e-01  1.078084280025220e+00  2.525656091313228e-01  1.078084280025220e+00  2.711032781451891e-03  1.078084280025220e+00  1.338420280747703e+00  1.078084280025220e+00  1.521054837882238e-01  1.078084280025220e+00  7.893389600481615e-04 
 1.082084280025220e+00  1.206066458253633e+00  1.082084280025220e+00  1.691983306285555e+00  1.082084280025220e+00  6.174759883694434e-01  1.082084280025220e+00  2.527083665156913e-01  1.082084280025220e+00  2.714431392684334e-03  1.082084280025220e+00  1.339661626469516e+00  1.082084280025220e+00  1.518391945704344e-01  1.082084280025220e+00  7.858907947578672e-04 
 1.086084280025220e+00  1.205210646951703e+00  1.086084280025220e+00  1.692851601230520e+00  1.086084280025220e+00  6.161554344981234e-01  1.086084280025220e+00  2.528510536042899e-01  1.086084280025220e+00  2.717827981569093e-03  1.086084280025220e+00  1.340901994037623e+00  1.086084280025220e+00  1.515723856417668e-01  1.086084280025220e+00  7.824445440566013e-04 
 1.090084280025220e+00  1.204355349072387e+00  1.090084280025220e+00  1.693719409259352e+00  1.090084280025220e+00  6.148353953631792e-01  1.090084280025220e+00  2.529936708861664e-01  1.090084280025220e+00  2.721222532755163e-03  1.090084280025220e+00  1.342141376106822e+00  1.090084280025220e+00  1.513050549342108e-01  1.090084280025220e+00  7.790002247946008e-04 
 1.094084280025220e+00  1.203500568516752e+00  1.094084280025220e+00  1.694586726084473e+00  1.094084280025220e+00  6.135158756876536e-01  1.094084280025220e+00  2.531362188525148e-01  1.094084280025220e+00  2.724615030759825e-03  1.094084280025220e+00  1.343379765263011e+00  1.094084280025220e+00  1.510372003722506e-01  1.094084280025220e+00  7.755578539894907e-04 
 1.098084280025220e+00  1.202646309219490e+00  1.098084280025220e+00  1.695453547375690e+00  1.098084280025220e+00  6.121968802347755e-01  1.098084280025220e+00  2.532786979967067e-01  1.098084280025220e+00  2.728005459966845e-03  1.098084280025220e+00  1.344617154022379e+00  1.098084280025220e+00  1.507688198729024e-01  1.098084280025220e+00  7.721174488282000e-04 
 1.102084280025220e+00  1.201792575157479e+00  1.102084280025220e+00  1.696319868784712e+00  1.102084280025220e+00  6.108784138140624e-01  1.102084280025220e+00  2.534211088131247e-01  1.102084280025220e+00  2.731393804592596e-03  1.102084280025220e+00  1.345853534844588e+00  1.102084280025220e+00  1.504999113381987e-01  1.102084280025220e+00  7.686790265697710e-04 
 1.106084280025220e+00  1.200939370335590e+00  1.106084280025220e+00  1.697185685899933e+00  1.106084280025220e+00  6.095604812717814e-01  1.106084280025220e+00  2.535634517993546e-01  1.106084280025220e+00  2.734780048742321e-03  1.106084280025220e+00  1.347088900106931e+00  1.106084280025220e+00  1.502304726686940e-01  1.106084280025220e+00  7.652426047247878e-04 
 1.110084280025220e+00  1.200086698795260e+00  1.110084280025220e+00  1.698050994271015e+00  1.110084280025220e+00  6.082430874970494e-01  1.110084280025220e+00  2.537057274550193e-01  1.110084280025220e+00  2.738164176376165e-03  1.110084280025220e+00  1.348323242117566e+00  1.110084280025220e+00  1.499605017559559e-01  1.110084280025220e+00  7.618082009577517e-04 
 1.114084280025220e+00  1.199234564619175e+00  1.114084280025220e+00  1.698915789421219e+00  1.114084280025220e+00  6.069262374252965e-01  1.114084280025220e+00  2.538479362811873e-01  1.114084280025220e+00  2.741546171290543e-03  1.114084280025220e+00  1.349556553121810e+00  1.114084280025220e+00  1.496899964786843e-01  1.114084280025220e+00  7.583758330382542e-04 
 1.118084280025220e+00  1.198382971919421e+00  1.118084280025220e+00  1.699780066809705e+00  1.118084280025220e+00  6.056099360303213e-01  1.118084280025220e+00  2.539900787822221e-01  1.118084280025220e+00  2.744926017165198e-03  1.118084280025220e+00  1.350788825280595e+00  1.118084280025220e+00  1.494189547140531e-01  1.118084280025220e+00  7.549455189905327e-04 
 1.122084280025220e+00  1.197531924850220e+00  1.122084280025220e+00  1.700643821868293e+00  1.122084280025220e+00  6.042941883332935e-01  1.122084280025220e+00  2.541321554640051e-01  1.122084280025220e+00  2.748303697512633e-03  1.122084280025220e+00  1.352020050690365e+00  1.122084280025220e+00  1.491473743264124e-01  1.122084280025220e+00  7.515172769476145e-04 
 1.126084280025220e+00  1.196681427603573e+00  1.126084280025220e+00  1.701507049986425e+00  1.126084280025220e+00  6.029789993999781e-01  1.126084280025220e+00  2.542741668346834e-01  1.126084280025220e+00  2.751679195695409e-03  1.126084280025220e+00  1.353250221374112e+00  1.126084280025220e+00  1.488752531717280e-01  1.126084280025220e+00  7.480911252109472e-04 
 1.130084280025220e+00  1.195831484404491e+00  1.130084280025220e+00  1.702369746494910e+00  1.130084280025220e+00  6.016643743376945e-01  1.130084280025220e+00  2.544161134054764e-01  1.130084280025220e+00  2.755052494945085e-03  1.130084280025220e+00  1.354479329271817e+00  1.130084280025220e+00  1.486025891024720e-01  1.130084280025220e+00  7.446670823149774e-04 
 1.134084280025220e+00  1.194982099522783e+00  1.134084280025220e+00  1.703231906699639e+00  1.134084280025220e+00  6.003503183036553e-01  1.134084280025220e+00  2.545579956890451e-01  1.134084280025220e+00  2.758423578315414e-03  1.134084280025220e+00  1.355707366258519e+00  1.134084280025220e+00  1.483293799571490e-01  1.134084280025220e+00  7.412451668933372e-04 
 1.138084280025220e+00  1.194133277262590e+00  1.138084280025220e+00  1.704093525848124e+00  1.138084280025220e+00  5.990368364980135e-01  1.138084280025220e+00  2.546998142011421e-01  1.138084280025220e+00  2.761792428723891e-03  1.138084280025220e+00  1.356934324125203e+00  1.138084280025220e+00  1.480556235704617e-01  1.138084280025220e+00  7.378253978116065e-04 
 1.142084280025220e+00  1.193285021965696e+00  1.142084280025220e+00  1.704954599137580e+00  1.142084280025220e+00  5.977239341663796e-01  1.142084280025220e+00  2.548415694602314e-01  1.142084280025220e+00  2.765159028938635e-03  1.142084280025220e+00  1.358160194582716e+00  1.142084280025220e+00  1.477813177707450e-01  1.142084280025220e+00  7.344077941352872e-04 
 1.146084280025220e+00  1.192437338020632e+00  1.146084280025220e+00  1.705815121740249e+00  1.146084280025220e+00  5.964116166063298e-01  1.146084280025220e+00  2.549832619862586e-01  1.146084280025220e+00  2.768523361542190e-03  1.146084280025220e+00  1.359384969275041e+00  1.146084280025220e+00  1.475064603719762e-01  1.146084280025220e+00  7.309923750292921e-04 
 1.150084280025220e+00  1.191590229848537e+00  1.150084280025220e+00  1.706675088759111e+00  1.150084280025220e+00  5.950998891579270e-01  1.150084280025220e+00  2.551248923028447e-01  1.150084280025220e+00  2.771885408987732e-03  1.150084280025220e+00  1.360608639754350e+00  1.150084280025220e+00  1.472310491874079e-01  1.150084280025220e+00  7.275791599336926e-04 
 1.154084280025220e+00  1.190743701916447e+00  1.154084280025220e+00  1.707534495265625e+00  1.154084280025220e+00  5.937887572131156e-01  1.154084280025220e+00  2.552664609354399e-01  1.154084280025220e+00  2.775245153546199e-03  1.154084280025220e+00  1.361831197501092e+00  1.154084280025220e+00  1.469550820177265e-01  1.154084280025220e+00  7.241681684139760e-04 
 1.158084280025220e+00  1.189897758731611e+00  1.158084280025220e+00  1.708393336280710e+00  1.158084280025220e+00  5.924782262120660e-01  1.158084280025220e+00  2.554079684122813e-01  1.158084280025220e+00  2.778602577329072e-03  1.158084280025220e+00  1.363052633912920e+00  1.158084280025220e+00  1.466785566568437e-01  1.158084280025220e+00  7.207594202365047e-04 
 1.162084280025220e+00  1.189052404840211e+00  1.162084280025220e+00  1.709251606768997e+00  1.162084280025220e+00  5.911683016425630e-01  1.162084280025220e+00  2.555494152646857e-01  1.162084280025220e+00  2.781957662293142e-03  1.162084280025220e+00  1.364272940300913e+00  1.162084280025220e+00  1.464014708936080e-01  1.162084280025220e+00  7.173529353913649e-04 
 1.166084280025220e+00  1.188207644831491e+00  1.166084280025220e+00  1.710109301648983e+00  1.166084280025220e+00  5.898589890430890e-01  1.166084280025220e+00  2.556908020265704e-01  1.166084280025220e+00  2.785310390224445e-03  1.166084280025220e+00  1.365492107894483e+00  1.166084280025220e+00  1.461238225085133e-01  1.166084280025220e+00  7.139487340520164e-04 
 1.170084280025220e+00  1.187363483341558e+00  1.170084280025220e+00  1.710966415802213e+00  1.170084280025220e+00  5.885502940057148e-01  1.170084280025220e+00  2.558321292340044e-01  1.170084280025220e+00  2.788660742722899e-03  1.170084280025220e+00  1.366710127845681e+00  1.170084280025220e+00  1.458456092706714e-01  1.170084280025220e+00  7.105468365389292e-04 
 1.174084280025220e+00  1.186519925044798e+00  1.174084280025220e+00  1.711822944045745e+00  1.174084280025220e+00  5.872422221704653e-01  1.174084280025220e+00  2.559733974265960e-01  1.174084280025220e+00  2.792008701236586e-03  1.174084280025220e+00  1.367926991213544e+00  1.174084280025220e+00  1.455668289463856e-01  1.174084280025220e+00  7.071472634287902e-04 
 1.178084280025220e+00  1.185676974659570e+00  1.178084280025220e+00  1.712678881146937e+00  1.178084280025220e+00  5.859347792295082e-01  1.178084280025220e+00  2.561146071467723e-01  1.178084280025220e+00  2.795354247039016e-03  1.178084280025220e+00  1.369142688971483e+00  1.178084280025220e+00  1.452874792943989e-01  1.178084280025220e+00  7.037500354958938e-04 
 1.182084280025220e+00  1.184834636950121e+00  1.182084280025220e+00  1.713534221826924e+00  1.182084280025220e+00  5.846279709287376e-01  1.182084280025220e+00  2.562557589396254e-01  1.182084280025220e+00  2.798697361221617e-03  1.182084280025220e+00  1.370357212008454e+00  1.182084280025220e+00  1.450075580646626e-01  1.182084280025220e+00  7.003551736982922e-04 
 1.186084280025220e+00  1.183992916726478e+00  1.186084280025220e+00  1.714388960758026e+00  1.186084280025220e+00  5.833218030679870e-01  1.186084280025220e+00  2.563968533530483e-01  1.186084280025220e+00  2.802038024694089e-03  1.186084280025220e+00  1.371570551126838e+00  1.186084280025220e+00  1.447270629990378e-01  1.186084280025220e+00  6.969626991881068e-04 
 1.190084280025220e+00  1.183151818842555e+00  1.190084280025220e+00  1.715243092556028e+00  1.190084280025220e+00  5.820162815000051e-01  1.190084280025220e+00  2.565378909381410e-01  1.190084280025220e+00  2.805376218191957e-03  1.190084280025220e+00  1.372782697037561e+00  1.190084280025220e+00  1.444459918336523e-01  1.190084280025220e+00  6.935726333421790e-04 
 1.194084280025220e+00  1.182311348196626e+00  1.194084280025220e+00  1.716096611779399e+00  1.194084280025220e+00  5.807114121310778e-01  1.194084280025220e+00  2.566788722492686e-01  1.194084280025220e+00  2.808711922274713e-03  1.194084280025220e+00  1.373993640358982e+00  1.194084280025220e+00  1.441643422990620e-01  1.194084280025220e+00  6.901849977651511e-04 
 1.198084280025220e+00  1.181471509736074e+00  1.198084280025220e+00  1.716949512940890e+00  1.198084280025220e+00  5.794072009245669e-01  1.198084280025220e+00  2.568197978434904e-01  1.198084280025220e+00  2.812045117306901e-03  1.198084280025220e+00  1.375203371622379e+00  1.198084280025220e+00  1.438821121164189e-01  1.198084280025220e+00  6.867998142434860e-04 
 1.202084280025220e+00  1.180632308449994e+00  1.202084280025220e+00  1.717801790483708e+00  1.202084280025220e+00  5.781036538961357e-01  1.202084280025220e+00  2.569606682817782e-01  1.202084280025220e+00  2.815375783487548e-03  1.202084280025220e+00  1.376411881258450e+00  1.202084280025220e+00  1.435992990050453e-01  1.202084280025220e+00  6.834171048399666e-04 
 1.206084280025220e+00  1.179793749385349e+00  1.206084280025220e+00  1.718653438826193e+00  1.206084280025220e+00  5.768007771251276e-01  1.206084280025220e+00  2.571014841267777e-01  1.206084280025220e+00  2.818703900785999e-03  1.206084280025220e+00  1.377619159620442e+00  1.206084280025220e+00  1.433159006678825e-01  1.206084280025220e+00  6.800368917164472e-04 
 1.210084280025220e+00  1.178955837624476e+00  1.210084280025220e+00  1.719504452294169e+00  1.210084280025220e+00  5.754985767394418e-01  1.210084280025220e+00  2.572422459462400e-01  1.210084280025220e+00  2.822029449031215e-03  1.210084280025220e+00  1.378825196947256e+00  1.210084280025220e+00  1.430319148132969e-01  1.210084280025220e+00  6.766591974022930e-04 
 1.214084280025220e+00  1.178118578307674e+00  1.214084280025220e+00  1.720354825184085e+00  1.214084280025220e+00  5.741970589313274e-01  1.214084280025220e+00  2.573829543098453e-01  1.214084280025220e+00  2.825352407822113e-03  1.214084280025220e+00  1.380029983396375e+00  1.214084280025220e+00  1.427473391345106e-01  1.214084280025220e+00  6.732840445438368e-04 
 1.218084280025220e+00  1.177281976618889e+00  1.218084280025220e+00  1.721204551719246e+00  1.218084280025220e+00  5.728962299478766e-01  1.218084280025220e+00  2.575236097914375e-01  1.218084280025220e+00  2.828672756584371e-03  1.218084280025220e+00  1.381233509019758e+00  1.218084280025220e+00  1.424621713237219e-01  1.218084280025220e+00  6.699114560780437e-04 
 1.222084280025220e+00  1.176446037795137e+00  1.222084280025220e+00  1.722053626074583e+00  1.222084280025220e+00  5.715960960978009e-01  1.222084280025220e+00  2.576642129677804e-01  1.222084280025220e+00  2.831990474533008e-03  1.222084280025220e+00  1.382435763776225e+00  1.222084280025220e+00  1.421764090639429e-01  1.222084280025220e+00  6.665414551342662e-04 
 1.226084280025220e+00  1.175610767123945e+00  1.226084280025220e+00  1.722902042366786e+00  1.226084280025220e+00  5.702966637499922e-01  1.226084280025220e+00  2.578047644190772e-01  1.226084280025220e+00  2.835305540682661e-03  1.226084280025220e+00  1.383636737525389e+00  1.226084280025220e+00  1.418900500321055e-01  1.226084280025220e+00  6.631740650733403e-04 
 1.230084280025220e+00  1.174776169942458e+00  1.230084280025220e+00  1.723749794649382e+00  1.230084280025220e+00  5.689979393332331e-01  1.230084280025220e+00  2.579452647292375e-01  1.230084280025220e+00  2.838617933850969e-03  1.230084280025220e+00  1.384836420024249e+00  1.230084280025220e+00  1.416030919006012e-01  1.230084280025220e+00  6.598093095071920e-04 
 1.234084280025220e+00  1.173942251638602e+00  1.234084280025220e+00  1.724596876913536e+00  1.234084280025220e+00  5.676999293373161e-01  1.234084280025220e+00  2.580857144858523e-01  1.234084280025220e+00  2.841927632654059e-03  1.234084280025220e+00  1.386034800926811e+00  1.234084280025220e+00  1.413155323369348e-01  1.234084280025220e+00  6.564472122956039e-04 
 1.238084280025220e+00  1.173109017653270e+00  1.238084280025220e+00  1.725443283091842e+00  1.238084280025220e+00  5.664026403148781e-01  1.238084280025220e+00  2.582261142800172e-01  1.238084280025220e+00  2.845234615497782e-03  1.238084280025220e+00  1.387231869785240e+00  1.238084280025220e+00  1.410273690023884e-01  1.238084280025220e+00  6.530877975312041e-04 
 1.242084280025220e+00  1.172276473479925e+00  1.242084280025220e+00  1.726289007054601e+00  1.242084280025220e+00  5.651060788814573e-01  1.242084280025220e+00  2.583664647065414e-01  1.242084280025220e+00  2.848538860579450e-03  1.242084280025220e+00  1.388427616047052e+00  1.242084280025220e+00  1.407385995531653e-01  1.242084280025220e+00  6.497310895542524e-04 
 1.246084280025220e+00  1.171444624669669e+00  1.246084280025220e+00  1.727134042621620e+00  1.246084280025220e+00  5.638102517192964e-01  1.246084280025220e+00  2.585067663633491e-01  1.246084280025220e+00  2.851840345867532e-03  1.246084280025220e+00  1.389622029060419e+00  1.246084280025220e+00  1.404492216363550e-01  1.246084280025220e+00  6.463771129057891e-04 
 1.250084280025220e+00  1.170613476821372e+00  1.250084280025220e+00  1.727978383531730e+00  1.250084280025220e+00  5.625151655709386e-01  1.250084280025220e+00  2.586470198530767e-01  1.250084280025220e+00  2.855139049140950e-03  1.250084280025220e+00  1.390815098057353e+00  1.250084280025220e+00  1.401592329000282e-01  1.250084280025220e+00  6.430258924486219e-04 
 1.254084280025220e+00  1.169783035593509e+00  1.254084280025220e+00  1.728822023473563e+00  1.254084280025220e+00  5.612208272476639e-01  1.254084280025220e+00  2.587872257814905e-01  1.254084280025220e+00  2.858434947942016e-03  1.254084280025220e+00  1.392006812168906e+00  1.254084280025220e+00  1.398686309828805e-01  1.254084280025220e+00  6.396774532451889e-04 
 1.258084280025220e+00  1.168953306695606e+00  1.258084280025220e+00  1.729664956058810e+00  1.258084280025220e+00  5.599272436239954e-01  1.258084280025220e+00  2.589273847588953e-01  1.258084280025220e+00  2.861728019610503e-03  1.258084280025220e+00  1.393197160410348e+00  1.258084280025220e+00  1.395774135231208e-01  1.258084280025220e+00  6.363318206637097e-04 
 1.262084280025220e+00  1.168124295894865e+00  1.262084280025220e+00  1.730507174838274e+00  1.262084280025220e+00  5.586344216425826e-01  1.262084280025220e+00  2.590674973993163e-01  1.262084280025220e+00  2.865018241257238e-03  1.262084280025220e+00  1.394386131688611e+00  1.262084280025220e+00  1.392855781530158e-01  1.262084280025220e+00  6.329890203144345e-04 
 1.266084280025220e+00  1.167296009021841e+00  1.266084280025220e+00  1.731348673314932e+00  1.266084280025220e+00  5.573423683184398e-01  1.266084280025220e+00  2.592075643198274e-01  1.266084280025220e+00  2.868305589741590e-03  1.266084280025220e+00  1.395573714808082e+00  1.266084280025220e+00  1.389931224943573e-01  1.266084280025220e+00  6.296490779978518e-04 
 1.270084280025220e+00  1.166468451953364e+00  1.270084280025220e+00  1.732189444893423e+00  1.270084280025220e+00  5.560510907276359e-01  1.270084280025220e+00  2.593475861432071e-01  1.270084280025220e+00  2.871590041739268e-03  1.270084280025220e+00  1.396759898443578e+00  1.270084280025220e+00  1.387000441755205e-01  1.270084280025220e+00  6.263120199051426e-04 
 1.274084280025220e+00  1.165641630633101e+00  1.274084280025220e+00  1.733029482934872e+00  1.274084280025220e+00  5.547605960217179e-01  1.274084280025220e+00  2.594875634950956e-01  1.274084280025220e+00  2.874871573660785e-03  1.274084280025220e+00  1.397944671167714e+00  1.274084280025220e+00  1.384063408128089e-01  1.274084280025220e+00  6.229778724006050e-04 
 1.278084280025220e+00  1.164815551060282e+00  1.278084280025220e+00  1.733868780722473e+00  1.278084280025220e+00  5.534708914203778e-01  1.278084280025220e+00  2.596274970057983e-01  1.278084280025220e+00  2.878150161696039e-03  1.278084280025220e+00  1.399128021432170e+00  1.278084280025220e+00  1.381120100220717e-01  1.278084280025220e+00  6.196466621582373e-04 
 1.282084280025220e+00  1.163990219291842e+00  1.282084280025220e+00  1.734707331464756e+00  1.282084280025220e+00  5.521819842132905e-01  1.282084280025220e+00  2.597673873101440e-01  1.282084280025220e+00  2.881425781805955e-03  1.282084280025220e+00  1.400309937568450e+00  1.282084280025220e+00  1.378170494175697e-01  1.282084280025220e+00  6.163184161487807e-04 
 1.286084280025220e+00  1.163165641451152e+00  1.286084280025220e+00  1.735545128316899e+00  1.286084280025220e+00  5.508938817664654e-01  1.286084280025220e+00  2.599072350463711e-01  1.286084280025220e+00  2.884698409687790e-03  1.286084280025220e+00  1.401490407797783e+00  1.286084280025220e+00  1.375214566045929e-01  1.286084280025220e+00  6.129931615551911e-04 
 1.290084280025220e+00  1.162341823715213e+00  1.290084280025220e+00  1.736382164342417e+00  1.290084280025220e+00  5.496065915138769e-01  1.290084280025220e+00  2.600470408581664e-01  1.290084280025220e+00  2.887968020825924e-03  1.290084280025220e+00  1.402669420210540e+00  1.290084280025220e+00  1.372252291925774e-01  1.290084280025220e+00  6.096709259245847e-04 
 1.294084280025220e+00  1.161518772329467e+00  1.294084280025220e+00  1.737218432551162e+00  1.294084280025220e+00  5.483201209679721e-01  1.294084280025220e+00  2.601868053926731e-01  1.294084280025220e+00  2.891234590433135e-03  1.294084280025220e+00  1.403846962784605e+00  1.294084280025220e+00  1.369283647819727e-01  1.294084280025220e+00  6.063517370175074e-04 
 1.298084280025220e+00  1.160696493595653e+00  1.298084280025220e+00  1.738053925862905e+00  1.298084280025220e+00  5.470344777117809e-01  1.298084280025220e+00  2.603265293024329e-01  1.298084280025220e+00  2.894498093498732e-03  1.298084280025220e+00  1.405023023365834e+00  1.298084280025220e+00  1.366308609767912e-01  1.298084280025220e+00  6.030356229524866e-04 
 1.302084280025220e+00  1.159874993885309e+00  1.302084280025220e+00  1.738888637141452e+00  1.302084280025220e+00  5.457496694085188e-01  1.302084280025220e+00  2.604662132435890e-01  1.302084280025220e+00  2.897758504735013e-03  1.302084280025220e+00  1.406197589684302e+00  1.302084280025220e+00  1.363327153727259e-01  1.302084280025220e+00  5.997226120705345e-04 
 1.306084280025220e+00  1.159054279625590e+00  1.306084280025220e+00  1.739722559152858e+00  1.306084280025220e+00  5.444657037923182e-01  1.306084280025220e+00  2.606058578781347e-01  1.306084280025220e+00  2.901015798633583e-03  1.306084280025220e+00  1.407370649332137e+00  1.306084280025220e+00  1.360339255716851e-01  1.306084280025220e+00  5.964127331011217e-04 
 1.310084280025220e+00  1.158234357320402e+00  1.310084280025220e+00  1.740555684620007e+00  1.310084280025220e+00  5.431825886830620e-01  1.310084280025220e+00  2.607454638709979e-01  1.310084280025220e+00  2.904269949381387e-03  1.310084280025220e+00  1.408542189789949e+00  1.310084280025220e+00  1.357344891626749e-01  1.310084280025220e+00  5.931060149454517e-04 
 1.314084280025220e+00  1.157415233528541e+00  1.314084280025220e+00  1.741388006160014e+00  1.314084280025220e+00  5.419003319718740e-01  1.314084280025220e+00  2.608850318934164e-01  1.314084280025220e+00  2.907520930947505e-03  1.314084280025220e+00  1.409712198394241e+00  1.314084280025220e+00  1.354344037436953e-01  1.314084280025220e+00  5.898024869249739e-04 
 1.318084280025220e+00  1.156596914880563e+00  1.318084280025220e+00  1.742219516327099e+00  1.318084280025220e+00  5.406189416330408e-01  1.318084280025220e+00  2.610245626206554e-01  1.318084280025220e+00  2.910768717016256e-03  1.318084280025220e+00  1.410880662357869e+00  1.318084280025220e+00  1.351336669066983e-01  1.318084280025220e+00  5.865021786111883e-04 
 1.322084280025220e+00  1.155779408072855e+00  1.322084280025220e+00  1.743050207593215e+00  1.322084280025220e+00  5.393384257204066e-01  1.322084280025220e+00  2.611640567330538e-01  1.322084280025220e+00  2.914013281010660e-03  1.322084280025220e+00  1.412047568759203e+00  1.322084280025220e+00  1.348322762443744e-01  1.322084280025220e+00  5.832051199025581e-04 
 1.326084280025220e+00  1.154962719867151e+00  1.326084280025220e+00  1.743880072343733e+00  1.326084280025220e+00  5.380587923674514e-01  1.326084280025220e+00  2.613035149162805e-01  1.326084280025220e+00  2.917254596094408e-03  1.326084280025220e+00  1.413212904538876e+00  1.326084280025220e+00  1.345302293517013e-01  1.326084280025220e+00  5.799113410416071e-04 
 1.330084280025220e+00  1.154146857102974e+00  1.330084280025220e+00  1.744709102907660e+00  1.330084280025220e+00  5.367800497962082e-01  1.330084280025220e+00  2.614429378597012e-01  1.330084280025220e+00  2.920492635122432e-03  1.330084280025220e+00  1.414376656513623e+00  1.330084280025220e+00  1.342275238151791e-01  1.330084280025220e+00  5.766208724950390e-04 
 1.334084280025220e+00  1.153331826677352e+00  1.334084280025220e+00  1.745537291499969e+00  1.334084280025220e+00  5.355022063038816e-01  1.334084280025220e+00  2.615823262595317e-01  1.334084280025220e+00  2.923727370721416e-03  1.334084280025220e+00  1.415538811346535e+00  1.334084280025220e+00  1.339241572333789e-01  1.334084280025220e+00  5.733337451825513e-04 
 1.338084280025220e+00  1.152517635567399e+00  1.338084280025220e+00  1.746364630278915e+00  1.338084280025220e+00  5.342252702786687e-01  1.338084280025220e+00  2.617216808157293e-01  1.338084280025220e+00  2.926958775200279e-03  1.338084280025220e+00  1.416699355574261e+00  1.338084280025220e+00  1.336201271965166e-01  1.338084280025220e+00  5.700499902494302e-04 
 1.342084280025220e+00  1.151704290818859e+00  1.342084280025220e+00  1.747191111311979e+00  1.342084280025220e+00  5.329492501923947e-01  1.342084280025220e+00  2.618610022338548e-01  1.342084280025220e+00  2.930186820595464e-03  1.342084280025220e+00  1.417858275588955e+00  1.342084280025220e+00  1.333154312986137e-01  1.342084280025220e+00  5.667696392016786e-04 
 1.346084280025220e+00  1.150891799546174e+00  1.346084280025220e+00  1.748016726572881e+00  1.346084280025220e+00  5.316741546010207e-01  1.346084280025220e+00  2.620002912252593e-01  1.346084280025220e+00  2.933411478670792e-03  1.346084280025220e+00  1.419015557635666e+00  1.346084280025220e+00  1.330100671386485e-01  1.346084280025220e+00  5.634927239178842e-04 
 1.350084280025220e+00  1.150080168941258e+00  1.350084280025220e+00  1.748841467961536e+00  1.350084280025220e+00  5.303999921510607e-01  1.350084280025220e+00  2.621395485059978e-01  1.350084280025220e+00  2.936632720882665e-03  1.350084280025220e+00  1.420171187820878e+00  1.350084280025220e+00  1.327040323133820e-01  1.350084280025220e+00  5.602192765700003e-04 
 1.354084280025220e+00  1.149269406271822e+00  1.354084280025220e+00  1.749665327296126e+00  1.354084280025220e+00  5.291267715789030e-01  1.354084280025220e+00  2.622787747972663e-01  1.354084280025220e+00  2.939850518386553e-03  1.354084280025220e+00  1.421325152107344e+00  1.354084280025220e+00  1.323973244202214e-01  1.354084280025220e+00  5.569493296548416e-04 
 1.358084280025220e+00  1.148459518872766e+00  1.358084280025220e+00  1.750488296287017e+00  1.358084280025220e+00  5.278545017054159e-01  1.358084280025220e+00  2.624179708268665e-01  1.358084280025220e+00  2.943064842071363e-03  1.358084280025220e+00  1.422477436300171e+00  1.358084280025220e+00  1.320899410667798e-01  1.358084280025220e+00  5.536829160975709e-04 
 1.362084280025220e+00  1.147650514161148e+00  1.362084280025220e+00  1.751310366572874e+00  1.362084280025220e+00  5.265831914466037e-01  1.362084280025220e+00  2.625571373272108e-01  1.362084280025220e+00  2.946275662499841e-03  1.362084280025220e+00  1.423628026063112e+00  1.362084280025220e+00  1.317818798577910e-01  1.362084280025220e+00  5.504200691083994e-04 
 1.366084280025220e+00  1.146842399629312e+00  1.366084280025220e+00  1.752131529698930e+00  1.366084280025220e+00  5.253128498093952e-01  1.366084280025220e+00  2.626962750365358e-01  1.366084280025220e+00  2.949482949936009e-03  1.366084280025220e+00  1.424776906906696e+00  1.366084280025220e+00  1.314731384030741e-01  1.366084280025220e+00  5.471608222688175e-04 
 1.370084280025220e+00  1.146035182846489e+00  1.370084280025220e+00  1.752951777117800e+00  1.370084280025220e+00  5.240434858932151e-01  1.370084280025220e+00  2.628353846988690e-01  1.370084280025220e+00  2.952686674338720e-03  1.370084280025220e+00  1.425924064187331e+00  1.370084280025220e+00  1.311637143173256e-01  1.370084280025220e+00  5.439052095283621e-04 
 1.374084280025220e+00  1.145228871460542e+00  1.374084280025220e+00  1.753771100190472e+00  1.374084280025220e+00  5.227751088916505e-01  1.374084280025220e+00  2.629744670639787e-01  1.374084280025220e+00  2.955886805354694e-03  1.374084280025220e+00  1.427069483106475e+00  1.374084280025220e+00  1.308536052198405e-01  1.374084280025220e+00  5.406532652006865e-04 
 1.378084280025220e+00  1.144423473202203e+00  1.378084280025220e+00  1.754589490193729e+00  1.378084280025220e+00  5.215077280958125e-01  1.378084280025220e+00  2.631135228869652e-01  1.378084280025220e+00  2.959083312301811e-03  1.378084280025220e+00  1.428213148712807e+00  1.378084280025220e+00  1.305428087318364e-01  1.378084280025220e+00  5.374050239341015e-04 
 1.382084280025220e+00  1.143618995875614e+00  1.382084280025220e+00  1.755406938292050e+00  1.382084280025220e+00  5.202413528884012e-01  1.382084280025220e+00  2.632525529298531e-01  1.382084280025220e+00  2.962276164206593e-03  1.382084280025220e+00  1.429355045887479e+00  1.382084280025220e+00  1.302313224869953e-01  1.382084280025220e+00  5.341605208231231e-04 
 1.386084280025220e+00  1.142815447373044e+00  1.386084280025220e+00  1.756223435572126e+00  1.386084280025220e+00  5.189759927541967e-01  1.386084280025220e+00  2.633915579596467e-01  1.386084280025220e+00  2.965465329745781e-03  1.386084280025220e+00  1.430495159359181e+00  1.386084280025220e+00  1.299191441187420e-01  1.386084280025220e+00  5.309197912714293e-04 
 1.390084280025220e+00  1.142012835669630e+00  1.390084280025220e+00  1.757038973025427e+00  1.390084280025220e+00  5.177116572769777e-01  1.390084280025220e+00  2.635305387493146e-01  1.390084280025220e+00  2.968650777267222e-03  1.390084280025220e+00  1.431633473694396e+00  1.390084280025220e+00  1.296062712668144e-01  1.390084280025220e+00  5.276828710611176e-04 
 1.394084280025220e+00  1.141211168814904e+00  1.394084280025220e+00  1.757853541522873e+00  1.394084280025220e+00  5.164483561342903e-01  1.394084280025220e+00  2.636694960792444e-01  1.394084280025220e+00  2.971832474823544e-03  1.394084280025220e+00  1.432769973284097e+00  1.394084280025220e+00  1.292927015869416e-01  1.394084280025220e+00  5.244497964531590e-04 
 1.398084280025220e+00  1.140410454952190e+00  1.398084280025220e+00  1.758667131860945e+00  1.398084280025220e+00  5.151860991110934e-01  1.398084280025220e+00  2.638084307346157e-01  1.398084280025220e+00  2.975010390095031e-03  1.398084280025220e+00  1.433904642364039e+00  1.398084280025220e+00  1.289784327336697e-01  1.398084280025220e+00  5.212206040044650e-04 
 1.402084280025220e+00  1.139610702305406e+00  1.402084280025220e+00  1.759479734723974e+00  1.402084280025220e+00  5.139248960913367e-01  1.402084280025220e+00  2.639473435075557e-01  1.402084280025220e+00  2.978184490442232e-03  1.402084280025220e+00  1.435037464995550e+00  1.402084280025220e+00  1.286634623746855e-01  1.402084280025220e+00  5.179953307174743e-04 
 1.406084280025220e+00  1.138811919191256e+00  1.406084280025220e+00  1.760291340711534e+00  1.406084280025220e+00  5.126647570667241e-01  1.406084280025220e+00  2.640862351955660e-01  1.406084280025220e+00  2.981354742857342e-03  1.406084280025220e+00  1.436168425076861e+00  1.406084280025220e+00  1.283477881806165e-01  1.406084280025220e+00  5.147740139315292e-04 
 1.410084280025220e+00  1.138014114001140e+00  1.410084280025220e+00  1.761101940288659e+00  1.410084280025220e+00  5.114056921249818e-01  1.410084280025220e+00  2.642251066043966e-01  1.410084280025220e+00  2.984521114036127e-03  1.410084280025220e+00  1.437297506318483e+00  1.410084280025220e+00  1.280314078441533e-01  1.410084280025220e+00  5.115566915203580e-04 
 1.414084280025220e+00  1.137217295231367e+00  1.414084280025220e+00  1.761911523858521e+00  1.414084280025220e+00  5.101477114708486e-01  1.414084280025220e+00  2.643639585438404e-01  1.414084280025220e+00  2.987683570257999e-03  1.414084280025220e+00  1.438424692275402e+00  1.414084280025220e+00  1.277143190525323e-01  1.414084280025220e+00  5.083434016037079e-04 
 1.418084280025220e+00  1.136421471452021e+00  1.418084280025220e+00  1.762720081679920e+00  1.418084280025220e+00  5.088908254055109e-01  1.418084280025220e+00  2.645027918325183e-01  1.418084280025220e+00  2.990842077509572e-03  1.418084280025220e+00  1.439549966307385e+00  1.418084280025220e+00  1.273965195192714e-01  1.418084280025220e+00  5.051341828747425e-04 
 1.422084280025220e+00  1.135626651336433e+00  1.422084280025220e+00  1.763527603937642e+00  1.422084280025220e+00  5.076350443470828e-01  1.422084280025220e+00  2.646416072937822e-01  1.422084280025220e+00  2.993996601367652e-03  1.422084280025220e+00  1.440673311609881e+00  1.422084280025220e+00  1.270780069574306e-01  1.422084280025220e+00  5.019290743208680e-04 
 1.426084280025220e+00  1.134832843641097e+00  1.426084280025220e+00  1.764334080687993e+00  1.426084280025220e+00  5.063803788175555e-01  1.426084280025220e+00  2.647804057588862e-01  1.426084280025220e+00  2.997147107078994e-03  1.426084280025220e+00  1.441794711187412e+00  1.426084280025220e+00  1.267587791007768e-01  1.426084280025220e+00  4.987281154398587e-04 
 1.430084280025220e+00  1.134040057218699e+00  1.430084280025220e+00  1.765139501887606e+00  1.430084280025220e+00  5.051268394521370e-01  1.430084280025220e+00  2.649191880653041e-01  1.430084280025220e+00  3.000293559508632e-03  1.430084280025220e+00  1.442914147865216e+00  1.430084280025220e+00  1.264388336929448e-01  1.430084280025220e+00  4.955313461255158e-04 
 1.434084280025220e+00  1.133248301016603e+00  1.434084280025220e+00  1.765943857385505e+00  1.434084280025220e+00  5.038744369987710e-01  1.434084280025220e+00  2.650579550571749e-01  1.434084280025220e+00  3.003435923145773e-03  1.434084280025220e+00  1.444031604283973e+00  1.434084280025220e+00  1.261181684907468e-01  1.434084280025220e+00  4.923388066992091e-04 
 1.438084280025220e+00  1.132457584076050e+00  1.438084280025220e+00  1.766747136917159e+00  1.438084280025220e+00  5.026231823181314e-01  1.438084280025220e+00  2.651967075856513e-01  1.438084280025220e+00  3.006574162107051e-03  1.438084280025220e+00  1.445147062895491e+00  1.438084280025220e+00  1.257967812667624e-01  1.438084280025220e+00  4.891505379334028e-04 
 1.442084280025220e+00  1.131667915534106e+00  1.442084280025220e+00  1.767549330105250e+00  1.442084280025220e+00  5.013730863854924e-01  1.442084280025220e+00  2.653354465088440e-01  1.442084280025220e+00  3.009708240128830e-03  1.442084280025220e+00  1.446260505961424e+00  1.442084280025220e+00  1.254746698093539e-01  1.442084280025220e+00  4.859665810486752e-04 
 1.446084280025220e+00  1.130879304622062e+00  1.446084280025220e+00  1.768350426451726e+00  1.446084280025220e+00  5.001241602901823e-01  1.446084280025220e+00  2.654741726922846e-01  1.446084280025220e+00  3.012838120573450e-03  1.446084280025220e+00  1.447371915548065e+00  1.446084280025220e+00  1.251518319261221e-01  1.446084280025220e+00  4.827869777452223e-04 
 1.450084280025220e+00  1.130091760677267e+00  1.450084280025220e+00  1.769150415362727e+00  1.450084280025220e+00  4.988764152441281e-01  1.450084280025220e+00  2.656128870074216e-01  1.450084280025220e+00  3.015963766382369e-03  1.450084280025220e+00  1.448481273535766e+00  1.450084280025220e+00  1.248282654343879e-01  1.450084280025220e+00  4.796117701039363e-04 
 1.454084280025220e+00  1.129305293127855e+00  1.454084280025220e+00  1.769949286107015e+00  1.454084280025220e+00  4.976298625720981e-01  1.454084280025220e+00  2.657515903340925e-01  1.454084280025220e+00  3.019085140136712e-03  1.454084280025220e+00  1.449588561598711e+00  1.454084280025220e+00  1.245039681779668e-01  1.454084280025220e+00  4.764410007513591e-04 
 1.458084280025220e+00  1.128519911509965e+00  1.458084280025220e+00  1.770747027853914e+00  1.458084280025220e+00  4.963845137238696e-01  1.458084280025220e+00  2.658902835582271e-01  1.458084280025220e+00  3.022202203988935e-03  1.458084280025220e+00  1.450693761220041e+00  1.458084280025220e+00  1.241789380125156e-01  1.458084280025220e+00  4.732747127091504e-04 
 1.462084280025220e+00  1.127735625454191e+00  1.462084280025220e+00  1.771543629636144e+00  1.462084280025220e+00  4.951403802656447e-01  1.462084280025220e+00  2.660289675740722e-01  1.462084280025220e+00  3.025314919716635e-03  1.462084280025220e+00  1.451796853673691e+00  1.462084280025220e+00  1.238531728207052e-01  1.462084280025220e+00  4.701129495415535e-04 
 1.466084280025220e+00  1.126952444696848e+00  1.466084280025220e+00  1.772339080373070e+00  1.466084280025220e+00  4.938974738882030e-01  1.466084280025220e+00  2.661676432827677e-01  1.466084280025220e+00  3.028423248677810e-03  1.466084280025220e+00  1.452897820032898e+00  1.466084280025220e+00  1.235266705033894e-01  1.466084280025220e+00  4.669557552631348e-04 
 1.470084280025220e+00  1.126170379084861e+00  1.470084280025220e+00  1.773133368878063e+00  1.470084280025220e+00  4.926558064107519e-01  1.470084280025220e+00  2.663063115918604e-01  1.470084280025220e+00  3.031527151791483e-03  1.470084280025220e+00  1.453996641171513e+00  1.470084280025220e+00  1.231994289769962e-01  1.470084280025220e+00  4.638031743095428e-04 
 1.474084280025220e+00  1.125389438558646e+00  1.474084280025220e+00  1.773926483813180e+00  1.474084280025220e+00  4.914153897699499e-01  1.474084280025220e+00  2.664449734180543e-01  1.474084280025220e+00  3.034626589605600e-03  1.474084280025220e+00  1.455093297742530e+00  1.474084280025220e+00  1.228714461922760e-01  1.474084280025220e+00  4.606552517174235e-04 
 1.478084280025220e+00  1.124609633172230e+00  1.478084280025220e+00  1.774718413733236e+00  1.478084280025220e+00  4.901762360340149e-01  1.478084280025220e+00  2.665836296844845e-01  1.478084280025220e+00  3.037721522217190e-03  1.478084280025220e+00  1.456187770195412e+00  1.478084280025220e+00  1.225427201170072e-01  1.478084280025220e+00  4.575120329494183e-04 
 1.482084280025220e+00  1.123830973090276e+00  1.482084280025220e+00  1.775509147074221e+00  1.482084280025220e+00  4.889383574012792e-01  1.482084280025220e+00  2.667222813213880e-01  1.482084280025220e+00  3.040811909284232e-03  1.482084280025220e+00  1.457280038769109e+00  1.482084280025220e+00  1.222132487411121e-01  1.482084280025220e+00  4.543735639402416e-04 
 1.486084280025220e+00  1.123053468575519e+00  1.486084280025220e+00  1.776298672119180e+00  1.486084280025220e+00  4.877017661922914e-01  1.486084280025220e+00  2.668609292681847e-01  1.486084280025220e+00  3.043897710075433e-03  1.486084280025220e+00  1.458370083475661e+00  1.486084280025220e+00  1.218830300911331e-01  1.486084280025220e+00  4.512398912319791e-04 
 1.490084280025220e+00  1.122277130010177e+00  1.490084280025220e+00  1.777086977044818e+00  1.490084280025220e+00  4.864664748647788e-01  1.490084280025220e+00  2.669995744705557e-01  1.490084280025220e+00  3.046978883385287e-03  1.490084280025220e+00  1.459457884118210e+00  1.490084280025220e+00  1.215520622117558e-01  1.490084280025220e+00  4.481110617891708e-04 
 1.494084280025220e+00  1.121501967886182e+00  1.494084280025220e+00  1.777874049893822e+00  1.494084280025220e+00  4.852324960076346e-01  1.494084280025220e+00  2.671382178821161e-01  1.494084280025220e+00  3.050055387572904e-03  1.494084280025220e+00  1.460543420277239e+00  1.494084280025220e+00  1.212203431776701e-01  1.494084280025220e+00  4.449871231086794e-04 
 1.498084280025220e+00  1.120727992807300e+00  1.498084280025220e+00  1.778659878575632e+00  1.498084280025220e+00  4.839998423428827e-01  1.498084280025220e+00  2.672768604643274e-01  1.498084280025220e+00  3.053127180553456e-03  1.498084280025220e+00  1.461626671308989e+00  1.498084280025220e+00  1.208878710938705e-01  1.498084280025220e+00  4.418681232165577e-04 
 1.502084280025220e+00  1.119955215483606e+00  1.502084280025220e+00  1.779444450849109e+00  1.502084280025220e+00  4.827685267225528e-01  1.502084280025220e+00  2.674155031875483e-01  1.502084280025220e+00  3.056194219820243e-03  1.502084280025220e+00  1.462707616336333e+00  1.502084280025220e+00  1.205546441035373e-01  1.502084280025220e+00  4.387541107368897e-04 
 1.506084280025220e+00  1.119183646754383e+00  1.506084280025220e+00  1.780227754371773e+00  1.506084280025220e+00  4.815385621445751e-01  1.506084280025220e+00  2.675541470278804e-01  1.506084280025220e+00  3.059256462353760e-03  1.506084280025220e+00  1.463786234267296e+00  1.506084280025220e+00  1.202206603681919e-01  1.506084280025220e+00  4.356451346963259e-04 
 1.510084280025220e+00  1.118413297562639e+00  1.510084280025220e+00  1.781009776635808e+00  1.510084280025220e+00  4.803099617362401e-01  1.510084280025220e+00  2.676927929711567e-01  1.510084280025220e+00  3.062313864722827e-03  1.510084280025220e+00  1.464862503766437e+00  1.510084280025220e+00  1.198859180950432e-01  1.510084280025220e+00  4.325412447780935e-04 
 1.514084280025220e+00  1.117644178975084e+00  1.514084280025220e+00  1.781790505010282e+00  1.514084280025220e+00  4.790827387681486e-01  1.514084280025220e+00  2.678314420102157e-01  1.514084280025220e+00  3.065366383005283e-03  1.514084280025220e+00  1.465936403270369e+00  1.514084280025220e+00  1.195504155201012e-01  1.514084280025220e+00  4.294424911543850e-04 
 1.518084280025220e+00  1.116876302175348e+00  1.518084280025220e+00  1.782569926720888e+00  1.518084280025220e+00  4.778569066501982e-01  1.518084280025220e+00  2.679700951461286e-01  1.518084280025220e+00  3.068413972814951e-03  1.518084280025220e+00  1.467007910977346e+00  1.518084280025220e+00  1.192141509174071e-01  1.518084280025220e+00  4.263489245668215e-04 
 1.522084280025220e+00  1.116109678471246e+00  1.522084280025220e+00  1.783348028862274e+00  1.522084280025220e+00  4.766324789369886e-01  1.522084280025220e+00  2.681087533873444e-01  1.522084280025220e+00  3.071456589272816e-03  1.522084280025220e+00  1.468077004850216e+00  1.522084280025220e+00  1.188771225945884e-01  1.522084280025220e+00  4.232605962774211e-04 
 1.526084280025220e+00  1.115344319280441e+00  1.526084280025220e+00  1.784124798360717e+00  1.526084280025220e+00  4.754094693187665e-01  1.526084280025220e+00  2.682474177520293e-01  1.526084280025220e+00  3.074494187063820e-03  1.526084280025220e+00  1.469143662599287e+00  1.526084280025220e+00  1.185393289095646e-01  1.526084280025220e+00  4.201775582168120e-04 
 1.530084280025220e+00  1.114580236158945e+00  1.530084280025220e+00  1.784900222034955e+00  1.530084280025220e+00  4.741878916410135e-01  1.530084280025220e+00  2.683860892640658e-01  1.530084280025220e+00  3.077526720323857e-03  1.530084280025220e+00  1.470207861704732e+00  1.530084280025220e+00  1.182007682454952e-01  1.530084280025220e+00  4.170998627427357e-04 
 1.534084280025220e+00  1.113817440771547e+00  1.534084280025220e+00  1.785674286524183e+00  1.534084280025220e+00  4.729677598852041e-01  1.534084280025220e+00  2.685247689576443e-01  1.534084280025220e+00  3.080554142757108e-03  1.534084280025220e+00  1.471269579385583e+00  1.534084280025220e+00  1.178614390424041e-01  1.534084280025220e+00  4.140275629258415e-04 
 1.538084280025220e+00  1.113055944918859e+00  1.538084280025220e+00  1.786446978345210e+00  1.538084280025220e+00  4.717490881873846e-01  1.538084280025220e+00  2.686634578734667e-01  1.538084280025220e+00  3.083576407528681e-03  1.538084280025220e+00  1.472328792620447e+00  1.538084280025220e+00  1.175213397736557e-01  1.538084280025220e+00  4.109607123227997e-04 
 1.542084280025220e+00  1.112295760524442e+00  1.542084280025220e+00  1.787218283858679e+00  1.542084280025220e+00  4.705318908300986e-01  1.542084280025220e+00  2.688021570608595e-01  1.542084280025220e+00  3.086593467315725e-03  1.542084280025220e+00  1.473385478131882e+00  1.542084280025220e+00  1.171804689613962e-01  1.542084280025220e+00  4.078993651104215e-04 
 1.546084280025220e+00  1.111536899638664e+00  1.546084280025220e+00  1.787988189273472e+00  1.546084280025220e+00  4.693161822454458e-01  1.546084280025220e+00  2.689408675774066e-01  1.546084280025220e+00  3.089605274292107e-03  1.546084280025220e+00  1.474439612386015e+00  1.546084280025220e+00  1.168388251756971e-01  1.546084280025220e+00  4.048435760680834e-04 
 1.550084280025220e+00  1.110779374439418e+00  1.550084280025220e+00  1.788756680643850e+00  1.550084280025220e+00  4.681019770160705e-01  1.550084280025220e+00  2.690795904890402e-01  1.550084280025220e+00  3.092611780125557e-03  1.550084280025220e+00  1.475491171589280e+00  1.550084280025220e+00  1.164964070368768e-01  1.550084280025220e+00  4.017934005891132e-04 
 1.554084280025220e+00  1.110023197238441e+00  1.554084280025220e+00  1.789523743879174e+00  1.554084280025220e+00  4.668892898798560e-01  1.554084280025220e+00  2.692183268692988e-01  1.554084280025220e+00  3.095612935952615e-03  1.554084280025220e+00  1.476540131689959e+00  1.554084280025220e+00  1.161532132123440e-01  1.554084280025220e+00  3.987488946422250e-04 
 1.558084280025220e+00  1.109268380476298e+00  1.558084280025220e+00  1.790289364728256e+00  1.558084280025220e+00  4.656781357270434e-01  1.558084280025220e+00  2.693570778002600e-01  1.558084280025220e+00  3.098608692398501e-03  1.558084280025220e+00  1.477586468369920e+00  1.558084280025220e+00  1.158092424245686e-01  1.558084280025220e+00  3.957101148335418e-04 
 1.562084280025220e+00  1.108514936728771e+00  1.562084280025220e+00  1.791053528789142e+00  1.562084280025220e+00  4.644685296049649e-01  1.562084280025220e+00  2.694958443717770e-01  1.562084280025220e+00  3.101598999551801e-03  1.562084280025220e+00  1.478630157046130e+00  1.562084280025220e+00  1.154644934479799e-01  1.562084280025220e+00  3.926771183678138e-04 
 1.566084280025220e+00  1.107762878706009e+00  1.566084280025220e+00  1.791816221502744e+00  1.566084280025220e+00  4.632604867179159e-01  1.566084280025220e+00  2.696346276817828e-01  1.566084280025220e+00  3.104583806967805e-03  1.566084280025220e+00  1.479671172865939e+00  1.566084280025220e+00  1.151189651129854e-01  1.566084280025220e+00  3.896499630736870e-04 
 1.570084280025220e+00  1.107012219247423e+00  1.570084280025220e+00  1.792577428137447e+00  1.570084280025220e+00  4.620540224241996e-01  1.570084280025220e+00  2.697734288372239e-01  1.570084280025220e+00  3.107563063688766e-03  1.570084280025220e+00  1.480709490699104e+00  1.570084280025220e+00  1.147726563141294e-01  1.570084280025220e+00  3.866287074647235e-04 
 1.574084280025220e+00  1.106262971335249e+00  1.574084280025220e+00  1.793337133814352e+00  1.574084280025220e+00  4.608491522455851e-01  1.574084280025220e+00  2.699122489522105e-01  1.574084280025220e+00  3.110536718190135e-03  1.574084280025220e+00  1.481745085144960e+00  1.574084280025220e+00  1.144255660002016e-01  1.574084280025220e+00  3.836134106392634e-04 
 1.578084280025220e+00  1.105515148093234e+00  1.578084280025220e+00  1.794095323499917e+00  1.578084280025220e+00  4.596458918668150e-01  1.578084280025220e+00  2.700510891483655e-01  1.578084280025220e+00  3.113504718385660e-03  1.578084280025220e+00  1.482777930527232e+00  1.578084280025220e+00  1.140776931788076e-01  1.578084280025220e+00  3.806041323095821e-04 
 1.582084280025220e+00  1.104768762772283e+00  1.582084280025220e+00  1.794851981970630e+00  1.582084280025220e+00  4.584442571264860e-01  1.582084280025220e+00  2.701899505571262e-01  1.582084280025220e+00  3.116467011684489e-03  1.582084280025220e+00  1.483808000878842e+00  1.582084280025220e+00  1.137290369337602e-01  1.582084280025220e+00  3.776009329421236e-04 
 1.586084280025220e+00  1.104023828776410e+00  1.586084280025220e+00  1.795607093864858e+00  1.586084280025220e+00  4.572442640346484e-01  1.586084280025220e+00  2.703288343160112e-01  1.586084280025220e+00  3.119423544888035e-03  1.586084280025220e+00  1.484835269958544e+00  1.586084280025220e+00  1.133795964031904e-01  1.586084280025220e+00  3.746038735516390e-04 
 1.590084280025220e+00  1.103280359640117e+00  1.590084280025220e+00  1.796360643629827e+00  1.590084280025220e+00  4.560459287581582e-01  1.590084280025220e+00  2.704677415721405e-01  1.590084280025220e+00  3.122374264279877e-03  1.590084280025220e+00  1.485859711229328e+00  1.590084280025220e+00  1.130293708051011e-01  1.590084280025220e+00  3.716130159116754e-04 
 1.594084280025220e+00  1.102538369054080e+00  1.594084280025220e+00  1.797112615572454e+00  1.594084280025220e+00  4.548492676380393e-01  1.594084280025220e+00  2.706066734785230e-01  1.594084280025220e+00  3.125319115523721e-03  1.594084280025220e+00  1.486881297874344e+00  1.594084280025220e+00  1.126783594158402e-01  1.594084280025220e+00  3.686284223527559e-04 
 1.598084280025220e+00  1.101797870839440e+00  1.598084280025220e+00  1.797862993800286e+00  1.598084280025220e+00  4.536542971727773e-01  1.598084280025220e+00  2.707456311980228e-01  1.598084280025220e+00  3.128258043765505e-03  1.598084280025220e+00  1.487900002773473e+00  1.598084280025220e+00  1.123265615987608e-01  1.598084280025220e+00  3.656501559968099e-04 
 1.602084280025220e+00  1.101058878973548e+00  1.602084280025220e+00  1.798611762272133e+00  1.602084280025220e+00  4.524610340356570e-01  1.602084280025220e+00  2.708846158996164e-01  1.602084280025220e+00  3.131190993531189e-03  1.602084280025220e+00  1.488915798518937e+00  1.602084280025220e+00  1.119739767827638e-01  1.602084280025220e+00  3.626782805561800e-04 
 1.606084280025220e+00  1.100321407576164e+00  1.606084280025220e+00  1.799358904764619e+00  1.606084280025220e+00  4.512694950659114e-01  1.606084280025220e+00  2.710236287605590e-01  1.606084280025220e+00  3.134117908781523e-03  1.606084280025220e+00  1.489928657401088e+00  1.606084280025220e+00  1.116206044794443e-01  1.606084280025220e+00  3.597128604663509e-04 
 1.610084280025220e+00  1.099585470914560e+00  1.610084280025220e+00  1.800104404879019e+00  1.610084280025220e+00  4.500796972723397e-01  1.610084280025220e+00  2.711626709657101e-01  1.610084280025220e+00  3.137038732891815e-03  1.610084280025220e+00  1.490938551408484e+00  1.610084280025220e+00  1.112664442818548e-01  1.610084280025220e+00  3.567539608588379e-04 
 1.614084280025220e+00  1.098851083404323e+00  1.614084280025220e+00  1.800848246038970e+00  1.614084280025220e+00  4.488916578340668e-01  1.614084280025220e+00  2.713017437074906e-01  1.614084280025220e+00  3.139953408648690e-03  1.614084280025220e+00  1.491945452224735e+00  1.614084280025220e+00  1.109114958675190e-01  1.614084280025220e+00  3.538016475702216e-04 
 1.618084280025220e+00  1.098118259612976e+00  1.618084280025220e+00  1.801590411494009e+00  1.618084280025220e+00  4.477053941031419e-01  1.618084280025220e+00  2.714408481854100e-01  1.618084280025220e+00  3.142861878235852e-03  1.618084280025220e+00  1.492949331227314e+00  1.618084280025220e+00  1.105557589987819e-01  1.618084280025220e+00  3.508559871280696e-04 
 1.622084280025220e+00  1.097387014263854e+00  1.622084280025220e+00  1.802330884323736e+00  1.622084280025220e+00  4.465209236072438e-01  1.622084280025220e+00  2.715799856055288e-01  1.622084280025220e+00  3.145764083218519e-03  1.622084280025220e+00  1.493950159486470e+00  1.622084280025220e+00  1.101992335228859e-01  1.622084280025220e+00  3.479170467344688e-04 
 1.626084280025220e+00  1.096657362223286e+00  1.626084280025220e+00  1.803069647407463e+00  1.626084280025220e+00  4.453382640413843e-01  1.626084280025220e+00  2.717191571824329e-01  1.626084280025220e+00  3.148659964594418e-03  1.626084280025220e+00  1.494947907752762e+00  1.626084280025220e+00  1.098419193884835e-01  1.626084280025220e+00  3.449848943863671e-04 
 1.630084280025220e+00  1.095929318521009e+00  1.630084280025220e+00  1.803806683462601e+00  1.630084280025220e+00  4.441574332814613e-01  1.630084280025220e+00  2.718583641361889e-01  1.630084280025220e+00  3.151549462712774e-03  1.630084280025220e+00  1.495942546467391e+00  1.630084280025220e+00  1.094838166297172e-01  1.630084280025220e+00  3.420595987232949e-04 
 1.634084280025220e+00  1.095202898335442e+00  1.634084280025220e+00  1.804541975010677e+00  1.634084280025220e+00  4.429784493746342e-01  1.634084280025220e+00  2.719976076945678e-01  1.634084280025220e+00  3.154432517332632e-03  1.634084280025220e+00  1.496934045748603e+00  1.634084280025220e+00  1.091249253846556e-01  1.634084280025220e+00  3.391412291621447e-04 
 1.638084280025220e+00  1.094478117004523e+00  1.638084280025220e+00  1.805275504395941e+00  1.638084280025220e+00  4.418013305464970e-01  1.638084280025220e+00  2.721368890914138e-01  1.638084280025220e+00  3.157309067579998e-03  1.638084280025220e+00  1.497922375395382e+00  1.638084280025220e+00  1.087652458888455e-01  1.638084280025220e+00  3.362298558233622e-04 
 1.642084280025220e+00  1.093754990019124e+00  1.642084280025220e+00  1.806007253768465e+00  1.642084280025220e+00  4.406260951967491e-01  1.642084280025220e+00  2.722762095676183e-01  1.642084280025220e+00  3.160179051973900e-03  1.642084280025220e+00  1.498907504879654e+00  1.642084280025220e+00  1.084047784859174e-01  1.642084280025220e+00  3.333255495979572e-04 
 1.646084280025220e+00  1.093033533034867e+00  1.646084280025220e+00  1.806737205104559e+00  1.646084280025220e+00  4.394527619069203e-01  1.646084280025220e+00  2.724155703692945e-01  1.646084280025220e+00  3.163042408379475e-03  1.646084280025220e+00  1.499889403350334e+00  1.646084280025220e+00  1.080435236202937e-01  1.646084280025220e+00  3.304283820664816e-04 
 1.650084280025220e+00  1.092313761862798e+00  1.650084280025220e+00  1.807465340184624e+00  1.650084280025220e+00  4.382813494341627e-01  1.650084280025220e+00  2.725549727491346e-01  1.650084280025220e+00  3.165899074044996e-03  1.650084280025220e+00  1.500868039623970e+00  1.650084280025220e+00  1.076814818505544e-01  1.650084280025220e+00  3.275384255868928e-04 
 1.654084280025220e+00  1.091595692471279e+00  1.654084280025220e+00  1.808191640593830e+00  1.654084280025220e+00  4.371118767123796e-01  1.654084280025220e+00  2.726944179660550e-01  1.654084280025220e+00  3.168748985594393e-03  1.654084280025220e+00  1.501843382182701e+00  1.654084280025220e+00  1.073186538519478e-01  1.654084280025220e+00  3.246557532918499e-04 
 1.658084280025220e+00  1.090879340993018e+00  1.658084280025220e+00  1.808916087732997e+00  1.658084280025220e+00  4.359443628566745e-01  1.658084280025220e+00  2.728339072840372e-01  1.658084280025220e+00  3.171592078999353e-03  1.658084280025220e+00  1.502815399175236e+00  1.658084280025220e+00  1.069550404139233e-01  1.658084280025220e+00  3.217804390454998e-04 
 1.662084280025220e+00  1.090164723723111e+00  1.662084280025220e+00  1.809638662811617e+00  1.662084280025220e+00  4.347788271618390e-01  1.662084280025220e+00  2.729734419723111e-01  1.662084280025220e+00  3.174428289587014e-03  1.662084280025220e+00  1.503784058412347e+00  1.662084280025220e+00  1.065906424464797e-01  1.662084280025220e+00  3.189125574711540e-04 
 1.666084280025220e+00  1.089451857119262e+00  1.666084280025220e+00  1.810359346845360e+00  1.666084280025220e+00  4.336152891022396e-01  1.666084280025220e+00  2.731130233051896e-01  1.666084280025220e+00  3.177257552039170e-03  1.666084280025220e+00  1.504749327363804e+00  1.666084280025220e+00  1.062254609844575e-01  1.666084280025220e+00  3.160521839611474e-04 
 1.670084280025220e+00  1.088740757802744e+00  1.670084280025220e+00  1.811078120655207e+00  1.670084280025220e+00  4.324537683321436e-01  1.670084280025220e+00  2.732526525617671e-01  1.670084280025220e+00  3.180079800388445e-03  1.670084280025220e+00  1.505711173155841e+00  1.670084280025220e+00  1.058594971911493e-01  1.670084280025220e+00  3.131993946803026e-04 
 1.674084280025220e+00  1.088031442555419e+00  1.674084280025220e+00  1.811794964859067e+00  1.674084280025220e+00  4.312942846833919e-01  1.674084280025220e+00  2.733923310261980e-01  1.674084280025220e+00  3.182894968030128e-03  1.674084280025220e+00  1.506669562566515e+00  1.674084280025220e+00  1.054927523657936e-01  1.674084280025220e+00  3.103542665990798e-04 
 1.678084280025220e+00  1.087323928333509e+00  1.678084280025220e+00  1.812509859895922e+00  1.678084280025220e+00  4.301368581739747e-01  1.678084280025220e+00  2.735320599853917e-01  1.678084280025220e+00  3.185702987667439e-03  1.678084280025220e+00  1.507624462030302e+00  1.678084280025220e+00  1.051252279348258e-01  1.678084280025220e+00  3.075168773978653e-04 
 1.682084280025220e+00  1.086618232249732e+00  1.682084280025220e+00  1.813222785988877e+00  1.682084280025220e+00  4.289815089958889e-01  1.682084280025220e+00  2.736718407315136e-01  1.682084280025220e+00  3.188503791382539e-03  1.682084280025220e+00  1.508575837625431e+00  1.682084280025220e+00  1.047569254739738e-01  1.682084280025220e+00  3.046873056134480e-04 
 1.686084280025220e+00  1.085914371589276e+00  1.686084280025220e+00  1.813933723173782e+00  1.686084280025220e+00  4.278282575250201e-01  1.686084280025220e+00  2.738116745592928e-01  1.686084280025220e+00  3.191297310573059e-03  1.686084280025220e+00  1.509523655079759e+00  1.686084280025220e+00  1.043878466974604e-01  1.686084280025220e+00  3.018656305255078e-04 
 1.690084280025220e+00  1.085212363801055e+00  1.690084280025220e+00  1.814642651280360e+00  1.690084280025220e+00  4.266771243148337e-01  1.690084280025220e+00  2.739515627670777e-01  1.690084280025220e+00  3.194083475986834e-03  1.690084280025220e+00  1.510467879763397e+00  1.690084280025220e+00  1.040179934713091e-01  1.690084280025220e+00  2.990519322314171e-04 
 1.694084280025220e+00  1.084512226505447e+00  1.694084280025220e+00  1.815349549945020e+00  1.694084280025220e+00  4.255281301007392e-01  1.694084280025220e+00  2.740915066553472e-01  1.694084280025220e+00  3.196862217691193e-03  1.694084280025220e+00  1.511408476690062e+00  1.694084280025220e+00  1.036473678106764e-01  1.694084280025220e+00  2.962462915954101e-04 
 1.698084280025220e+00  1.083813977488030e+00  1.698084280025220e+00  1.816054398597263e+00  1.698084280025220e+00  4.243812957952835e-01  1.698084280025220e+00  2.742315075273266e-01  1.698084280025220e+00  3.199633465097769e-03  1.698084280025220e+00  1.512345410511398e+00  1.698084280025220e+00  1.032759718908264e-01  1.698084280025220e+00  2.934487903024939e-04 
 1.702084280025220e+00  1.083117634708216e+00  1.702084280025220e+00  1.816757176474267e+00  1.702084280025220e+00  4.232366424929315e-01  1.702084280025220e+00  2.743715666873031e-01  1.702084280025220e+00  3.202397146928335e-03  1.702084280025220e+00  1.513278645518722e+00  1.702084280025220e+00  1.029038080437147e-01  1.702084280025220e+00  2.906595108005104e-04 
 1.706084280025220e+00  1.082423216286161e+00  1.706084280025220e+00  1.817457862595210e+00  1.706084280025220e+00  4.220941914607075e-01  1.706084280025220e+00  2.745116854422320e-01  1.706084280025220e+00  3.205153191266650e-03  1.706084280025220e+00  1.514208145634546e+00  1.706084280025220e+00  1.025308787756217e-01  1.706084280025220e+00  2.878785364020388e-04 
 1.710084280025220e+00  1.081730740519512e+00  1.710084280025220e+00  1.818156435791112e+00  1.710084280025220e+00  4.209539641480774e-01  1.710084280025220e+00  2.746518650987342e-01  1.710084280025220e+00  3.207901525492049e-03  1.710084280025220e+00  1.515133874418199e+00  1.710084280025220e+00  1.021571867560166e-01  1.710084280025220e+00  2.851059511659375e-04 
 1.714084280025220e+00  1.081040225871104e+00  1.714084280025220e+00  1.818852874681111e+00  1.714084280025220e+00  4.198159821779401e-01  1.714084280025220e+00  2.747921069645225e-01  1.714084280025220e+00  3.210642076328243e-03  1.714084280025220e+00  1.516055795058036e+00  1.714084280025220e+00  1.017827348344998e-01  1.714084280025220e+00  2.823418399914474e-04 
 1.718084280025220e+00  1.080351690978143e+00  1.718084280025220e+00  1.819547157688501e+00  1.718084280025220e+00  4.186802673514431e-01  1.718084280025220e+00  2.749324123464871e-01  1.718084280025220e+00  3.213374769806940e-03  1.718084280025220e+00  1.516973870373546e+00  1.718084280025220e+00  1.014075260370663e-01  1.718084280025220e+00  2.795862885545269e-04 
 1.722084280025220e+00  1.079665154639698e+00  1.722084280025220e+00  1.820239263017471e+00  1.722084280025220e+00  4.175468416386886e-01  1.722084280025220e+00  2.750727825520905e-01  1.722084280025220e+00  3.216099531317399e-03  1.722084280025220e+00  1.517888062808190e+00  1.722084280025220e+00  1.010315635833268e-01  1.722084280025220e+00  2.768393834001466e-04 
 1.726084280025220e+00  1.078980635837973e+00  1.726084280025220e+00  1.820929168691213e+00  1.726084280025220e+00  4.164157271911657e-01  1.726084280025220e+00  2.752132188855048e-01  1.726084280025220e+00  3.218816285522028e-03  1.726084280025220e+00  1.518798334436531e+00  1.726084280025220e+00  1.006548508711772e-01  1.726084280025220e+00  2.741012117909804e-04 
 1.730084280025220e+00  1.078298153708650e+00  1.730084280025220e+00  1.821616852498430e+00  1.730084280025220e+00  4.152869463212339e-01  1.730084280025220e+00  2.753537226515907e-01  1.730084280025220e+00  3.221524956474151e-03  1.730084280025220e+00  1.519704646950558e+00  1.730084280025220e+00  1.002773915106415e-01  1.730084280025220e+00  2.713718619197200e-04 
 1.734084280025220e+00  1.077617727573412e+00  1.734084280025220e+00  1.822302292051784e+00  1.734084280025220e+00  4.141605215215938e-01  1.734084280025220e+00  2.754942951502064e-01  1.734084280025220e+00  3.224225467488847e-03  1.734084280025220e+00  1.520606961671262e+00  1.734084280025220e+00  9.989918929778331e-02  1.734084280025220e+00  2.686514226770442e-04 
 1.738084280025220e+00  1.076939376914629e+00  1.738084280025220e+00  1.822985464742984e+00  1.738084280025220e+00  4.130364754473939e-01  1.738084280025220e+00  2.756349376794375e-01  1.738084280025220e+00  3.226917741243453e-03  1.738084280025220e+00  1.521505239537301e+00  1.738084280025220e+00  9.952024824440632e-02  1.738084280025220e+00  2.659399838298333e-04 
 1.742084280025220e+00  1.076263121385077e+00  1.742084280025220e+00  1.823666347760882e+00  1.742084280025220e+00  4.119148309208112e-01  1.742084280025220e+00  2.757756515333574e-01  1.742084280025220e+00  3.229601699739025e-03  1.742084280025220e+00  1.522399441107756e+00  1.742084280025220e+00  9.914057257401150e-02  1.742084280025220e+00  2.632376359493535e-04 
 1.746084280025220e+00  1.075588980807695e+00  1.746084280025220e+00  1.824344918091855e+00  1.746084280025220e+00  4.107956109290952e-01  1.746084280025220e+00  2.759164380012810e-01  1.746084280025220e+00  3.232277264301196e-03  1.746084280025220e+00  1.523289526560985e+00  1.746084280025220e+00  9.876016672741621e-02  1.746084280025220e+00  2.605444704096598e-04 
 1.750084280025220e+00  1.074916975172013e+00  1.750084280025220e+00  1.825021152514797e+00  1.750084280025220e+00  4.096788386203785e-01  1.750084280025220e+00  2.760572983675028e-01  1.750084280025220e+00  3.234944355594504e-03  1.750084280025220e+00  1.524175455692559e+00  1.750084280025220e+00  9.837903537156446e-02  1.750084280025220e+00  2.578605794074667e-04 
 1.754084280025220e+00  1.074247124642794e+00  1.754084280025220e+00  1.825695027617472e+00  1.754084280025220e+00  4.085645373072064e-01  1.754084280025220e+00  2.761982339090694e-01  1.754084280025220e+00  3.237602893587967e-03  1.754084280025220e+00  1.525057187917414e+00  1.754084280025220e+00  9.799718339665704e-02  1.754084280025220e+00  2.551860558972039e-04 
 1.758084280025220e+00  1.073579449540420e+00  1.758084280025220e+00  1.826366519764497e+00  1.758084280025220e+00  4.074527304518464e-01  1.758084280025220e+00  2.763392458979316e-01  1.758084280025220e+00  3.240252797632999e-03  1.758084280025220e+00  1.525934682262994e+00  1.758084280025220e+00  9.761461594041287e-02  1.758084280025220e+00  2.525209937180667e-04 
 1.762084280025220e+00  1.072913970359423e+00  1.762084280025220e+00  1.827035605131364e+00  1.762084280025220e+00  4.063434416759147e-01  1.762084280025220e+00  2.764803355970768e-01  1.762084280025220e+00  3.242893986389779e-03  1.762084280025220e+00  1.526807897374987e+00  1.762084280025220e+00  9.723133837574258e-02  1.762084280025220e+00  2.498654874589332e-04 
 1.766084280025220e+00  1.072250707759288e+00  1.766084280025220e+00  1.827702259690917e+00  1.766084280025220e+00  4.052366947521199e-01  1.766084280025220e+00  2.766215042609521e-01  1.766084280025220e+00  3.245526377863892e-03  1.766084280025220e+00  1.527676791514169e+00  1.766084280025220e+00  9.684735632507015e-02  1.766084280025220e+00  2.472196325120135e-04 
 1.770084280025220e+00  1.071589682559337e+00  1.770084280025220e+00  1.828366459207565e+00  1.770084280025220e+00  4.041325135985233e-01  1.770084280025220e+00  2.767627531351981e-01  1.770084280025220e+00  3.248149889426510e-03  1.770084280025220e+00  1.528541322555121e+00  1.770084280025220e+00  9.646267567069758e-02  1.770084280025220e+00  2.445835250957922e-04 
 1.774084280025220e+00  1.070930915746958e+00  1.774084280025220e+00  1.829028179254159e+00  1.774084280025220e+00  4.030309222811641e-01  1.774084280025220e+00  2.769040834542352e-01  1.774084280025220e+00  3.250764437781779e-03  1.774084280025220e+00  1.529401447988839e+00  1.774084280025220e+00  9.607730255245969e-02  1.774084280025220e+00  2.419572621879811e-04 
 1.778084280025220e+00  1.070274428469678e+00  1.778084280025220e+00  1.829687395202082e+00  1.778084280025220e+00  4.019319450062643e-01  1.778084280025220e+00  2.770454964413327e-01  1.778084280025220e+00  3.253369938998268e-03  1.778084280025220e+00  1.530257124920980e+00  1.778084280025220e+00  9.569124338080341e-02  1.778084280025220e+00  2.393409415648588e-04 
 1.782084280025220e+00  1.069620242033332e+00  1.782084280025220e+00  1.830344082222037e+00  1.782084280025220e+00  4.008356061161871e-01  1.782084280025220e+00  2.771869933076708e-01  1.782084280025220e+00  3.255966308516285e-03  1.782084280025220e+00  1.531108310072195e+00  1.782084280025220e+00  9.530450484405903e-02  1.782084280025220e+00  2.367346617980424e-04 
 1.786084280025220e+00  1.068968377902656e+00  1.786084280025220e+00  1.830998215289219e+00  1.786084280025220e+00  3.997419300868118e-01  1.786084280025220e+00  2.773285752509580e-01  1.786084280025220e+00  3.258553461145456e-03  1.786084280025220e+00  1.531954959779279e+00  1.786084280025220e+00  9.491709391340264e-02  1.786084280025220e+00  2.341385222340143e-04 
 1.790084280025220e+00  1.068318857704453e+00  1.790084280025220e+00  1.831649769192878e+00  1.790084280025220e+00  3.986509415263660e-01  1.790084280025220e+00  2.774702434535842e-01  1.790084280025220e+00  3.261131311052185e-03  1.790084280025220e+00  1.532797029996922e+00  1.790084280025220e+00  9.452901784536535e-02  1.790084280025220e+00  2.315526229560551e-04 
 1.794084280025220e+00  1.067671703214736e+00  1.794084280025220e+00  1.832298718520297e+00  1.794084280025220e+00  3.975626651639779e-01  1.794084280025220e+00  2.776119990832537e-01  1.794084280025220e+00  3.263699771810661e-03  1.794084280025220e+00  1.533634476296237e+00  1.794084280025220e+00  9.414028419958280e-02  1.794084280025220e+00  2.289770648478319e-04 
 1.798084280025220e+00  1.067026936363902e+00  1.798084280025220e+00  1.832945037670569e+00  1.798084280025220e+00  3.964771258495297e-01  1.798084280025220e+00  2.777538432907029e-01  1.798084280025220e+00  3.266258756382381e-03  1.798084280025220e+00  1.534467253867658e+00  1.798084280025220e+00  9.375090083939251e-02  1.798084280025220e+00  2.264119495386911e-04 
 1.802084280025220e+00  1.066384579231281e+00  1.802084280025220e+00  1.833588700851596e+00  1.802084280025220e+00  3.953943485466054e-01  1.802084280025220e+00  2.778957772090462e-01  1.802084280025220e+00  3.268808177137757e-03  1.802084280025220e+00  1.535295317521753e+00  1.802084280025220e+00  9.336087594247777e-02  1.802084280025220e+00  2.238573794155001e-04 
 1.806084280025220e+00  1.065744654050933e+00  1.806084280025220e+00  1.834229682095297e+00  1.806084280025220e+00  3.943143583324034e-01  1.806084280025220e+00  2.780378019512578e-01  1.806084280025220e+00  3.271347945833065e-03  1.806084280025220e+00  1.536118621692335e+00  1.806084280025220e+00  9.297021800090277e-02  1.806084280025220e+00  2.213134575622846e-04 
 1.810084280025220e+00  1.065107183199336e+00  1.810084280025220e+00  1.834867955244619e+00  1.810084280025220e+00  3.932371803860700e-01  1.810084280025220e+00  2.781799186104899e-01  1.810084280025220e+00  3.273877973659377e-03  1.810084280025220e+00  1.536937120436643e+00  1.810084280025220e+00  9.257893583821478e-02  1.810084280025220e+00  2.187802878117359e-04 
 1.814084280025220e+00  1.064472189192641e+00  1.814084280025220e+00  1.835503493956411e+00  1.814084280025220e+00  3.921628399829266e-01  1.814084280025220e+00  2.783221282587992e-01  1.814084280025220e+00  3.276398171253385e-03  1.814084280025220e+00  1.537750767437809e+00  1.814084280025220e+00  9.218703861745653e-02  1.814084280025220e+00  2.162579747337487e-04 
 1.818084280025220e+00  1.063839694688926e+00  1.818084280025220e+00  1.836136271712452e+00  1.818084280025220e+00  3.910913624916778e-01  1.818084280025220e+00  2.784644319450129e-01  1.818084280025220e+00  3.278908448688514e-03  1.818084280025220e+00  1.538559516008241e+00  1.818084280025220e+00  9.179453584444290e-02  1.818084280025220e+00  2.137466235916433e-04 
 1.822084280025220e+00  1.063209722488772e+00  1.822084280025220e+00  1.836766261828047e+00  1.822084280025220e+00  3.900227733703889e-01  1.822084280025220e+00  2.786068306927877e-01  1.822084280025220e+00  3.281408715472671e-03  1.822084280025220e+00  1.539363319092765e+00  1.822084280025220e+00  9.140143737262456e-02  1.822084280025220e+00  2.112463403080249e-04 
 1.826084280025220e+00  1.062582295515972e+00  1.826084280025220e+00  1.837393437430910e+00  1.826084280025220e+00  3.889570981498550e-01  1.826084280025220e+00  2.787493255018018e-01  1.826084280025220e+00  3.283898880624627e-03  1.826084280025220e+00  1.540162129269934e+00  1.826084280025220e+00  9.100775342653719e-02  1.826084280025220e+00  2.087572315484835e-04 
 1.830084280025220e+00  1.061957436836384e+00  1.830084280025220e+00  1.838017771498812e+00  1.830084280025220e+00  3.878943624407067e-01  1.830084280025220e+00  2.788919173427483e-01  1.830084280025220e+00  3.286378852599445e-03  1.830084280025220e+00  1.540955898758040e+00  1.830084280025220e+00  9.061349458938416e-02  1.830084280025220e+00  2.062794045722407e-04 
 1.834084280025220e+00  1.061335169637231e+00  1.834084280025220e+00  1.838639236837366e+00  1.834084280025220e+00  3.868345919155874e-01  1.834084280025220e+00  2.790346071586224e-01  1.834084280025220e+00  3.288848539370430e-03  1.834084280025220e+00  1.541744579417031e+00  1.834084280025220e+00  9.021867182772800e-02  1.834084280025220e+00  2.038129673202078e-04 
 1.838084280025220e+00  1.060715517222670e+00  1.838084280025220e+00  1.839257806083612e+00  1.838084280025220e+00  3.857778123013738e-01  1.838084280025220e+00  2.791773958633393e-01  1.838084280025220e+00  3.291307848446847e-03  1.838084280025220e+00  1.542528122753002e+00  1.838084280025220e+00  8.982329650075521e-02  1.838084280025220e+00  2.013580284007453e-04 
 1.842084280025220e+00  1.060098503023168e+00  1.842084280025220e+00  1.839873451730324e+00  1.842084280025220e+00  3.847240493798116e-01  1.842084280025220e+00  2.793202843380339e-01  1.842084280025220e+00  3.293756686836572e-03  1.842084280025220e+00  1.543306479923748e+00  1.842084280025220e+00  8.942738035665118e-02  1.842084280025220e+00  1.989146969931771e-04 
 1.846084280025220e+00  1.059484150582419e+00  1.846084280025220e+00  1.840486146117390e+00  1.846084280025220e+00  3.836733289739892e-01  1.846084280025220e+00  2.794632734309372e-01  1.846084280025220e+00  3.296194961098186e-03  1.846084280025220e+00  1.544079601742951e+00  1.846084280025220e+00  8.903093554987369e-02  1.846084280025220e+00  1.964830828819361e-04 
 1.850084280025220e+00  1.058872483549544e+00  1.850084280025220e+00  1.841095861431974e+00  1.850084280025220e+00  3.826256769379638e-01  1.850084280025220e+00  2.796063639563324e-01  1.850084280025220e+00  3.298622577371828e-03  1.850084280025220e+00  1.544847438685540e+00  1.850084280025220e+00  8.863397465337124e-02  1.850084280025220e+00  1.940632964558922e-04 
