-1.552796942839131e+00  1.756703060622139e+00 -1.552796942839131e+00  9.968490517008302e-01 -1.552796942839131e+00  1.500403774988195e+00 -1.552796942839131e+00  1.423470243997652e-01 -1.552796942839131e+00  5.234681811053866e-04 -1.552796942839131e+00  3.790593238779769e-01 -1.552796942839131e+00  3.188207978093122e-01 -1.552796942839131e+00  3.507701528400620e-03 
-1.548796942839131e+00  1.755859670640176e+00 -1.548796942839131e+00  9.976163075536183e-01 -1.548796942839131e+00  1.499189291567971e+00 -1.548796942839131e+00  1.427030664329230e-01 -1.548796942839131e+00  5.267863703014549e-04 -1.548796942839131e+00  3.802040588060578e-01 -1.548796942839131e+00  3.186047146346566e-01 -1.548796942839131e+00  3.504666534582679e-03 
-1.544796942839131e+00  1.755012172177011e+00 -1.544796942839131e+00  9.983884698812509e-01 -1.544796942839131e+00  1.497969862825444e+00 -1.544796942839131e+00  1.430583960134254e-01 -1.544796942839131e+00  5.301094281629082e-04 -1.544796942839131e+00  3.813575136192000e-01 -1.544796942839131e+00  3.183901556087018e-01 -1.544796942839131e+00  3.501655719908156e-03 
-1.540796942839131e+00  1.754163669669411e+00 -1.540796942839131e+00  9.991618322019844e-01 -1.540796942839131e+00  1.496749219644379e+00 -1.540796942839131e+00  1.434134914699602e-01 -1.540796942839131e+00  5.334420627298100e-04 -1.540796942839131e+00  3.825130952015341e-01 -1.540796942839131e+00  3.181758704375198e-01 -1.540796942839131e+00  3.498618468386992e-03 
-1.536796942839131e+00  1.753313149035380e+00 -1.536796942839131e+00  9.999376060511270e-01 -1.536796942839131e+00  1.495526137978094e+00 -1.536796942839131e+00  1.437681882052995e-01 -1.536796942839131e+00  5.367826232212199e-04 -1.536796942839131e+00  3.836729533383911e-01 -1.536796942839131e+00  3.179622673896954e-01 -1.536796942839131e+00  3.495571745832381e-03 
-1.532796942839131e+00  1.752460625992362e+00 -1.532796942839131e+00  1.000715773302280e+00 -1.532796942839131e+00  1.494300632592483e+00 -1.532796942839131e+00  1.441224823549939e-01 -1.532796942839131e+00  5.401310478371257e-04 -1.532796942839131e+00  3.848370516584680e-01 -1.532796942839131e+00  3.177493399461786e-01 -1.532796942839131e+00  3.492515623615428e-03 
-1.528796942839131e+00  1.751606116382733e+00 -1.528796942839131e+00  1.001496315616879e+00 -1.528796942839131e+00  1.493072718323770e+00 -1.528796942839131e+00  1.444763700680284e-01 -1.528796942839131e+00  5.434872743190599e-04 -1.528796942839131e+00  3.860053533892015e-01 -1.528796942839131e+00  3.175370814829550e-01 -1.528796942839131e+00  3.489450173732464e-03 
-1.524796942839131e+00  1.750749636176560e+00 -1.524796942839131e+00  1.002279214555511e+00 -1.524796942839131e+00  1.491842410075054e+00 -1.524796942839131e+00  1.448298475018889e-01 -1.524796942839131e+00  5.468512399035660e-04 -1.524796942839131e+00  3.871778214591064e-01 -1.524796942839131e+00  3.173254852670599e-01 -1.524796942839131e+00  3.486375468601212e-03 
-1.520796942839131e+00  1.749891201442839e+00 -1.520796942839131e+00  1.003064451510739e+00 -1.520796942839131e+00  1.490609722803967e+00 -1.520796942839131e+00  1.451829108343840e-01 -1.520796942839131e+00  5.502228814390828e-04 -1.520796942839131e+00  3.883544184807423e-01 -1.520796942839131e+00  3.171145444780945e-01 -1.520796942839131e+00  3.483291581299295e-03 
-1.516796942839131e+00  1.749030828364917e+00 -1.516796942839131e+00  1.003852007820172e+00 -1.516796942839131e+00  1.489374671529768e+00 -1.516796942839131e+00  1.455355562571571e-01 -1.516796942839131e+00  5.536021353253922e-04 -1.516796942839131e+00  3.895351068376849e-01 -1.516796942839131e+00  3.169042521968491e-01 -1.516796942839131e+00  3.480198585120123e-03 
-1.512796942839131e+00  1.748168533200456e+00 -1.512796942839131e+00  1.004641864658100e+00 -1.512796942839131e+00  1.488137271315064e+00 -1.512796942839131e+00  1.458877799914289e-01 -1.512796942839131e+00  5.569889376708960e-04 -1.512796942839131e+00  3.907198486446407e-01 -1.512796942839131e+00  3.166946014348253e-01 -1.512796942839131e+00  3.477096553998555e-03 
-1.508796942839131e+00  1.747304332298980e+00 -1.508796942839131e+00  1.005434003156028e+00 -1.508796942839131e+00  1.486897537273717e+00 -1.508796942839131e+00  1.462395782805403e-01 -1.508796942839131e+00  5.603832242236785e-04 -1.508796942839131e+00  3.919086058379933e-01 -1.508796942839131e+00  3.164855851212247e-01 -1.508796942839131e+00  3.473985562037457e-03 
-1.504796942839131e+00  1.746438242071742e+00 -1.504796942839131e+00  1.006228404331993e+00 -1.504796942839131e+00  1.485655484556844e+00 -1.504796942839131e+00  1.465909474015190e-01 -1.504796942839131e+00  5.637849304898830e-04 -1.504796942839131e+00  3.931013401563019e-01 -1.504796942839131e+00  3.162771961250641e-01 -1.504796942839131e+00  3.470865683785326e-03 
-1.500796942839131e+00  1.745570278992567e+00 -1.500796942839131e+00  1.007025049142771e+00 -1.500796942839131e+00  1.484411128352923e+00 -1.500796942839131e+00  1.469418836641830e-01 -1.500796942839131e+00  5.671939917303738e-04 -1.500796942839131e+00  3.942980131907717e-01 -1.500796942839131e+00  3.160694272544329e-01 -1.500796942839131e+00  3.467736994031251e-03 
-1.496796942839131e+00  1.744700459597132e+00 -1.496796942839131e+00  1.007823918529372e+00 -1.496796942839131e+00  1.483164483887194e+00 -1.496796942839131e+00  1.472923834108809e-01 -1.496796942839131e+00  5.706103429636002e-04 -1.496796942839131e+00  3.954985864316699e-01 -1.496796942839131e+00  3.158622712568934e-01 -1.496796942839131e+00  3.464599567626226e-03 
-1.492796942839131e+00  1.743828800448437e+00 -1.492796942839131e+00  1.008624993325149e+00 -1.492796942839131e+00  1.481915566405232e+00 -1.492796942839131e+00  1.476424430294712e-01 -1.492796942839131e+00  5.740339191012137e-04 -1.492796942839131e+00  3.967030212344338e-01 -1.492796942839131e+00  3.156557208446746e-01 -1.492796942839131e+00  3.461453479844093e-03 
-1.488796942839131e+00  1.742955318159417e+00 -1.488796942839131e+00  1.009428254393125e+00 -1.488796942839131e+00  1.480664391183036e+00 -1.488796942839131e+00  1.479920589437311e-01 -1.488796942839131e+00  5.774646548592443e-04 -1.488796942839131e+00  3.979112789181884e-01 -1.488796942839131e+00  3.154497686778948e-01 -1.488796942839131e+00  3.458298805842146e-03 
-1.484796942839131e+00  1.742080029357037e+00 -1.484796942839131e+00  1.010233682526139e+00 -1.484796942839131e+00  1.479410973509785e+00 -1.484796942839131e+00  1.483412276267213e-01 -1.484796942839131e+00  5.809024848991425e-04 -1.484796942839131e+00  3.991233207259265e-01 -1.484796942839131e+00  3.152444073906904e-01 -1.484796942839131e+00  3.455135621053270e-03 
-1.480796942839131e+00  1.741202950691961e+00 -1.480796942839131e+00  1.011041258529925e+00 -1.480796942839131e+00  1.478155328691804e+00 -1.480796942839131e+00  1.486899455962099e-01 -1.480796942839131e+00  5.843473437898211e-04 -1.480796942839131e+00  4.003391078904929e-01 -1.480796942839131e+00  3.150396295838985e-01 -1.480796942839131e+00  3.451964000859787e-03 
-1.476796942839131e+00  1.740324098825856e+00 -1.476796942839131e+00  1.011850963214573e+00 -1.476796942839131e+00  1.476897472046032e+00 -1.476796942839131e+00  1.490382094188213e-01 -1.476796942839131e+00  5.877991660574730e-04 -1.476796942839131e+00  4.015586016466977e-01 -1.476796942839131e+00  3.148354278341300e-01 -1.476796942839131e+00  3.448784020626833e-03 
-1.472796942839131e+00  1.739443490412790e+00 -1.472796942839131e+00  1.012662777360509e+00 -1.472796942839131e+00  1.475637418890591e+00 -1.472796942839131e+00  1.493860157163817e-01 -1.472796942839131e+00  5.912578862586987e-04 -1.472796942839131e+00  4.027817632276470e-01 -1.472796942839131e+00  3.146317947071097e-01 -1.472796942839131e+00  3.445595755836126e-03 
-1.468796942839131e+00  1.738561142113807e+00 -1.468796942839131e+00  1.013476681818311e+00 -1.468796942839131e+00  1.474375184551026e+00 -1.468796942839131e+00  1.497333611593950e-01 -1.468796942839131e+00  5.947234389232253e-04 -1.468796942839131e+00  4.040085539391722e-01 -1.468796942839131e+00  3.144287227467645e-01 -1.468796942839131e+00  3.442399281693807e-03 
-1.464796942839131e+00  1.737677070565473e+00 -1.464796942839131e+00  1.014292657419663e+00 -1.464796942839131e+00  1.473110784344671e+00 -1.464796942839131e+00  1.500802424782558e-01 -1.464796942839131e+00  5.981957586774702e-04 -1.464796942839131e+00  4.052389351225510e-01 -1.464796942839131e+00  3.142262044979207e-01 -1.464796942839131e+00  3.439194673480260e-03 
-1.460796942839131e+00  1.736791292386382e+00 -1.460796942839131e+00  1.015110685041674e+00 -1.460796942839131e+00  1.471844233582981e+00 -1.460796942839131e+00  1.504266564597620e-01 -1.460796942839131e+00  6.016747802189671e-04 -1.460796942839131e+00  4.064728682068275e-01 -1.460796942839131e+00  3.140242325012575e-01 -1.460796942839131e+00  3.435982006297433e-03 
-1.456796942839131e+00  1.735903824175611e+00 -1.456796942839131e+00  1.015930745637377e+00 -1.456796942839131e+00  1.470575547570062e+00 -1.456796942839131e+00  1.507725999467605e-01 -1.456796942839131e+00  6.051604383224838e-04 -1.456796942839131e+00  4.077103147408682e-01 -1.456796942839131e+00  3.138227992941511e-01 -1.456796942839131e+00  3.432761354949138e-03 
-1.452796942839131e+00  1.735014682485000e+00 -1.452796942839131e+00  1.016752820157260e+00 -1.452796942839131e+00  1.469304741588571e+00 -1.452796942839131e+00  1.511180698476970e-01 -1.452796942839131e+00  6.086526679488262e-04 -1.452796942839131e+00  4.089512363599994e-01 -1.452796942839131e+00  3.136218974305622e-01 -1.452796942839131e+00  3.429532794249136e-03 
-1.448796942839131e+00  1.734123883833830e+00 -1.448796942839131e+00  1.017576889643417e+00 -1.448796942839131e+00  1.468031830905939e+00 -1.448796942839131e+00  1.514630631299866e-01 -1.448796942839131e+00  6.121514041872597e-04 -1.448796942839131e+00  4.101955948544991e-01 -1.448796942839131e+00  3.134215194700404e-01 -1.448796942839131e+00  3.426296398651479e-03 
-1.444796942839131e+00  1.733231444691938e+00 -1.444796942839131e+00  1.018402935192880e+00 -1.444796942839131e+00  1.466756830765412e+00 -1.444796942839131e+00  1.518075768253794e-01 -1.444796942839131e+00  6.156565823218213e-04 -1.444796942839131e+00  4.114433521598424e-01 -1.444796942839131e+00  3.132216579896890e-01 -1.444796942839131e+00  3.423052242394393e-03 
-1.440796942839131e+00  1.732337381481716e+00 -1.440796942839131e+00  1.019230937997166e+00 -1.440796942839131e+00  1.465479756386173e+00 -1.440796942839131e+00  1.521516080281344e-01 -1.440796942839131e+00  6.191681378234283e-04 -1.440796942839131e+00  4.126944703917184e-01 -1.440796942839131e+00  3.130223055824102e-01 -1.440796942839131e+00  3.419800399345081e-03 
-1.436796942839131e+00  1.731441710557067e+00 -1.436796942839131e+00  1.020060879285345e+00 -1.436796942839131e+00  1.464200622952237e+00 -1.436796942839131e+00  1.524951539018471e-01 -1.436796942839131e+00  6.226860064325721e-04 -1.436796942839131e+00  4.139489118227406e-01 -1.436796942839131e+00  3.128234548718607e-01 -1.436796942839131e+00  3.416540943223247e-03 
-1.432796942839131e+00  1.730544448219008e+00 -1.432796942839131e+00  1.020892740417271e+00 -1.432796942839131e+00  1.462919445619174e+00 -1.432796942839131e+00  1.528382116724847e-01 -1.432796942839131e+00  6.262101240980234e-04 -1.432796942839131e+00  4.152066389485185e-01 -1.432796942839131e+00  3.126250985008021e-01 -1.432796942839131e+00  3.413273947234955e-03 
-1.428796942839131e+00  1.729645610689560e+00 -1.428796942839131e+00  1.021726502802790e+00 -1.428796942839131e+00  1.461636239500474e+00 -1.428796942839131e+00  1.531807786370455e-01 -1.428796942839131e+00  6.297404270793797e-04 -1.428796942839131e+00  4.164676144488272e-01 -1.428796942839131e+00  3.124272291497249e-01 -1.428796942839131e+00  3.409999484389942e-03 
-1.424796942839130e+00  1.728745214121476e+00 -1.424796942839130e+00  1.022562147968115e+00 -1.424796942839130e+00  1.460351019671385e+00 -1.424796942839130e+00  1.535228521587857e-01 -1.424796942839130e+00  6.332768519088736e-04 -1.424796942839130e+00  4.177318012365182e-01 -1.424796942839130e+00  3.122298395294669e-01 -1.424796942839130e+00  3.406717627240913e-03 
-1.420796942839130e+00  1.727843274595701e+00 -1.420796942839130e+00  1.023399657570194e+00 -1.420796942839130e+00  1.459063801166817e+00 -1.420796942839130e+00  1.538644296670611e-01 -1.420796942839130e+00  6.368193354013426e-04 -1.420796942839130e+00  4.189991624748661e-01 -1.420796942839130e+00  3.120329223827565e-01 -1.420796942839130e+00  3.403428447827164e-03 
-1.416796942839130e+00  1.726939808095233e+00 -1.416796942839130e+00  1.024239013311450e+00 -1.416796942839130e+00  1.457774598967519e+00 -1.416796942839130e+00  1.542055086658479e-01 -1.416796942839130e+00  6.403678147568838e-04 -1.416796942839130e+00  4.202696615339778e-01 -1.416796942839130e+00  3.118364705027822e-01 -1.416796942839130e+00  3.400132018009379e-03 
-1.412796942839130e+00  1.726034830524938e+00 -1.412796942839130e+00  1.025080197044447e+00 -1.412796942839130e+00  1.456483428008946e+00 -1.412796942839130e+00  1.545460867252577e-01 -1.412796942839130e+00  6.439222274830561e-04 -1.412796942839130e+00  4.215432620615114e-01 -1.412796942839130e+00  3.116404767185602e-01 -1.412796942839130e+00  3.396828409058601e-03 
-1.408796942839130e+00  1.725128357704649e+00 -1.408796942839130e+00  1.025923190764367e+00 -1.408796942839130e+00  1.455190303176987e+00 -1.408796942839130e+00  1.548861614829709e-01 -1.408796942839130e+00  6.474825114219642e-04 -1.408796942839130e+00  4.228199279852444e-01 -1.408796942839130e+00  3.114449338996333e-01 -1.408796942839130e+00  3.393517691685717e-03 
-1.404796942839130e+00  1.724220405342706e+00 -1.404796942839130e+00  1.026767976518252e+00 -1.404796942839130e+00  1.453895239293880e+00 -1.404796942839130e+00  1.552257306527664e-01 -1.404796942839130e+00  6.510486048541748e-04 -1.404796942839130e+00  4.240996234643494e-01 -1.404796942839130e+00  3.112498349748375e-01 -1.404796942839130e+00  3.390199936398033e-03 
-1.400796942839130e+00  1.723310989065288e+00 -1.400796942839130e+00  1.027614536546319e+00 -1.400796942839130e+00  1.452598251131915e+00 -1.400796942839130e+00  1.555647920126359e-01 -1.400796942839130e+00  6.546204463835518e-04 -1.400796942839130e+00  4.253823129812970e-01 -1.400796942839130e+00  3.110551729108547e-01 -1.400796942839130e+00  3.386875212944100e-03 
-1.396796942839130e+00  1.722400124385185e+00 -1.396796942839130e+00  1.028462853168663e+00 -1.396796942839130e+00  1.451299353396974e+00 -1.396796942839130e+00  1.559033434150338e-01 -1.396796942839130e+00  6.581979750598642e-04 -1.396796942839130e+00  4.266679612784423e-01 -1.396796942839130e+00  3.108609407344462e-01 -1.396796942839130e+00  3.383543590758807e-03 
-1.392796942839130e+00  1.721487826717420e+00 -1.392796942839130e+00  1.029312908867315e+00 -1.392796942839130e+00  1.449998560735432e+00 -1.392796942839130e+00  1.562413827800353e-01 -1.392796942839130e+00  6.617811303174583e-04 -1.392796942839130e+00  4.279565334131177e-01 -1.392796942839130e+00  3.106671315208753e-01 -1.392796942839130e+00  3.380205138641059e-03 
-1.388796942839130e+00  1.720574111367970e+00 -1.388796942839130e+00  1.030164686254111e+00 -1.388796942839130e+00  1.448695887727646e+00 -1.388796942839130e+00  1.565789080982931e-01 -1.388796942839130e+00  6.653698520195182e-04 -1.388796942839130e+00  4.292479947427154e-01 -1.388796942839130e+00  3.104737384017759e-01 -1.388796942839130e+00  3.376859924879990e-03 
-1.384796942839130e+00  1.719658993523744e+00 -1.384796942839130e+00  1.031018168042561e+00 -1.384796942839130e+00  1.447391348882007e+00 -1.384796942839130e+00  1.569159174334956e-01 -1.384796942839130e+00  6.689640804975077e-04 -1.384796942839130e+00  4.305423109115938e-01 -1.384796942839130e+00  3.102807545720872e-01 -1.384796942839130e+00  3.373508017365399e-03 
-1.380796942839130e+00  1.718742488273242e+00 -1.380796942839130e+00  1.031873337148441e+00 -1.380796942839130e+00  1.446084958644513e+00 -1.380796942839130e+00  1.572524089137988e-01 -1.380796942839130e+00  6.725637564699243e-04 -1.380796942839130e+00  4.318394479166588e-01 -1.380796942839130e+00  3.100881732748959e-01 -1.380796942839130e+00  3.370149483192714e-03 
-1.376796942839130e+00  1.717824610578393e+00 -1.376796942839130e+00  1.032730176582979e+00 -1.376796942839130e+00  1.444776731383698e+00 -1.376796942839130e+00  1.575883807408278e-01 -1.376796942839130e+00  6.761688211529892e-04 -1.376796942839130e+00  4.331393720452584e-01 -1.376796942839130e+00  3.098959878214617e-01 -1.376796942839130e+00  3.366784389082523e-03 
-1.372796942839130e+00  1.716905375288837e+00 -1.372796942839130e+00  1.033588669524449e+00 -1.372796942839130e+00  1.443466681397009e+00 -1.372796942839130e+00  1.579238311834237e-01 -1.372796942839130e+00  6.797792162045249e-04 -1.372796942839130e+00  4.344420499222348e-01 -1.372796942839130e+00  3.097041915806830e-01 -1.372796942839130e+00  3.363412801099384e-03 
-1.368796942839130e+00  1.715984797130686e+00 -1.368796942839130e+00  1.034448799280960e+00 -1.368796942839130e+00  1.442154822904275e+00 -1.368796942839130e+00  1.582587585805469e-01 -1.368796942839130e+00  6.833948837680793e-04 -1.368796942839130e+00  4.357474484897306e-01 -1.368796942839130e+00  3.095127779869130e-01 -1.368796942839130e+00  3.360034784797857e-03 
-1.364796942839130e+00  1.715062890712788e+00 -1.364796942839130e+00  1.035310549326345e+00 -1.364796942839130e+00  1.440841170050090e+00 -1.364796942839130e+00  1.585931613379481e-01 -1.364796942839130e+00  6.870157664483432e-04 -1.364796942839130e+00  4.370555350317561e-01 -1.364796942839130e+00  3.093217405352415e-01 -1.364796942839130e+00  3.356650405081763e-03 
-1.360796942839130e+00  1.714139670516455e+00 -1.360796942839130e+00  1.036173903265011e+00 -1.360796942839130e+00  1.439525736897771e+00 -1.360796942839130e+00  1.589270379307211e-01 -1.360796942839130e+00  6.906418073515049e-04 -1.360796942839130e+00  4.383662771544937e-01 -1.360796942839130e+00  3.091310727886392e-01 -1.360796942839130e+00  3.353259726342027e-03 
-1.356796942839130e+00  1.713215150908272e+00 -1.356796942839130e+00  1.037038844894260e+00 -1.356796942839130e+00  1.438208537435137e+00 -1.356796942839130e+00  1.592603868977033e-01 -1.356796942839130e+00  6.942729500348812e-04 -1.356796942839130e+00  4.396796428266986e-01 -1.356796942839130e+00  3.089407683685346e-01 -1.356796942839130e+00  3.349862812212056e-03 
-1.352796942839130e+00  1.712289346113692e+00 -1.352796942839130e+00  1.037905358098570e+00 -1.352796942839130e+00  1.436889585560199e+00 -1.352796942839130e+00  1.595932068497073e-01 -1.352796942839130e+00  6.979091386106989e-04 -1.352796942839130e+00  4.409956003155753e-01 -1.352796942839130e+00  3.087508209735460e-01 -1.352796942839130e+00  3.346459725982878e-03 
-1.348796942839130e+00  1.711362270246984e+00 -1.348796942839130e+00  1.038773426983246e+00 -1.348796942839130e+00  1.435568895095799e+00 -1.348796942839130e+00  1.599254964579411e-01 -1.348796942839130e+00  7.015503176284371e-04 -1.348796942839130e+00  4.423141182709240e-01 -1.348796942839130e+00  3.085612243578257e-01 -1.348796942839130e+00  3.343050530078267e-03 
-1.344796942839130e+00  1.710433937284039e+00 -1.344796942839130e+00  1.039643035763871e+00 -1.344796942839130e+00  1.434246479774880e+00 -1.344796942839130e+00  1.602572544625035e-01 -1.344796942839130e+00  7.051964321815791e-04 -1.344796942839130e+00  4.436351656573891e-01 -1.344796942839130e+00  3.083719723503322e-01 -1.344796942839130e+00  3.339635286488888e-03 
-1.340796942839130e+00  1.709504361076762e+00 -1.340796942839130e+00  1.040514168832304e+00 -1.340796942839130e+00  1.432922353247199e+00 -1.340796942839130e+00  1.605884796663262e-01 -1.340796942839130e+00  7.088474278511978e-04 -1.340796942839130e+00  4.449587117961633e-01 -1.340796942839130e+00  3.081830588443382e-01 -1.340796942839130e+00  3.336214056513123e-03 
-1.336796942839130e+00  1.708573555343203e+00 -1.336796942839130e+00  1.041386810718222e+00 -1.336796942839130e+00  1.431596529073507e+00 -1.336796942839130e+00  1.609191709375892e-01 -1.336796942839130e+00  7.125032507446029e-04 -1.336796942839130e+00  4.462847263414357e-01 -1.336796942839130e+00  3.079944778043433e-01 -1.336796942839130e+00  3.332786900908073e-03 
-1.332796942839130e+00  1.707641533678218e+00 -1.332796942839130e+00  1.042260946138171e+00 -1.332796942839130e+00  1.430269020730421e+00 -1.332796942839130e+00  1.612493272050357e-01 -1.332796942839130e+00  7.161638474535429e-04 -1.332796942839130e+00  4.476131793112459e-01 -1.332796942839130e+00  3.078062232582637e-01 -1.332796942839130e+00  3.329353879696961e-03 
-1.328796942839130e+00  1.706708309537560e+00 -1.328796942839130e+00  1.043136559929972e+00 -1.328796942839130e+00  1.428939841601484e+00 -1.328796942839130e+00  1.615789474624875e-01 -1.328796942839130e+00  7.198291651166188e-04 -1.328796942839130e+00  4.489440410464489e-01 -1.328796942839130e+00  3.076182893086458e-01 -1.328796942839130e+00  3.325915052426743e-03 
-1.324796942839130e+00  1.705773896253073e+00 -1.324796942839130e+00  1.044013637119670e+00 -1.324796942839130e+00  1.427609004984436e+00 -1.324796942839130e+00  1.619080307626374e-01 -1.324796942839130e+00  7.234991513596829e-04 -1.324796942839130e+00  4.502772822523928e-01 -1.324796942839130e+00  3.074306701216958e-01 -1.324796942839130e+00  3.322470477905076e-03 
-1.320796942839130e+00  1.704838307015650e+00 -1.320796942839130e+00  1.044892162849987e+00 -1.320796942839130e+00  1.426276524081684e+00 -1.320796942839130e+00  1.622365762219501e-01 -1.320796942839130e+00  7.271737543626892e-04 -1.320796942839130e+00  4.516128739536676e-01 -1.320796942839130e+00  3.072433599392728e-01 -1.320796942839130e+00  3.319020214481505e-03 
-1.316796942839130e+00  1.703901554896845e+00 -1.316796942839130e+00  1.045772122474006e+00 -1.316796942839130e+00  1.424942412011009e+00 -1.316796942839130e+00  1.625645830123262e-01 -1.316796942839130e+00  7.308529227748820e-04 -1.316796942839130e+00  4.529507875523039e-01 -1.316796942839130e+00  3.070563530633527e-01 -1.316796942839130e+00  3.315564319679342e-03 
-1.312796942839130e+00  1.702963652829137e+00 -1.312796942839130e+00  1.046653501470540e+00 -1.312796942839130e+00  1.423606681794651e+00 -1.312796942839130e+00  1.628920503669397e-01 -1.312796942839130e+00  7.345366057922400e-04 -1.312796942839130e+00  4.542909947739076e-01 -1.312796942839130e+00  3.068696438700081e-01 -1.312796942839130e+00  3.312102850528097e-03 
-1.308796942839130e+00  1.702024613610535e+00 -1.308796942839130e+00  1.047536285463805e+00 -1.308796942839130e+00  1.422269346361128e+00 -1.308796942839130e+00  1.632189775777444e-01 -1.308796942839130e+00  7.382247531394265e-04 -1.308796942839130e+00  4.556334676790338e-01 -1.308796942839130e+00  3.066832268059926e-01 -1.308796942839130e+00  3.308635863486303e-03 
-1.304796942839130e+00  1.701084449911404e+00 -1.304796942839130e+00  1.048420460252267e+00 -1.304796942839130e+00  1.420930418548278e+00 -1.304796942839130e+00  1.635453639922696e-01 -1.304796942839130e+00  7.419173150429791e-04 -1.304796942839130e+00  4.569781786803034e-01 -1.304796942839130e+00  3.064970963837652e-01 -1.304796942839130e+00  3.305163414328097e-03 
-1.300796942839130e+00  1.700143174269072e+00 -1.300796942839130e+00  1.049306011784120e+00 -1.300796942839130e+00  1.419589911099898e+00 -1.300796942839130e+00  1.638712090145817e-01 -1.300796942839130e+00  7.456142422524336e-04 -1.300796942839130e+00  4.583251005257617e-01 -1.300796942839130e+00  3.063112471852771e-01 -1.300796942839130e+00  3.301685558239624e-03 
-1.296796942839130e+00  1.699200799093364e+00 -1.296796942839130e+00  1.050192926179861e+00 -1.296796942839130e+00  1.418247836668150e+00 -1.296796942839130e+00  1.641965121025735e-01 -1.296796942839130e+00  7.493154860186708e-04 -1.296796942839130e+00  4.596742063118172e-01 -1.296796942839130e+00  3.061256738579211e-01 -1.296796942839130e+00  3.298202349730307e-03 
-1.292796942839130e+00  1.698257336654458e+00 -1.292796942839130e+00  1.051081189677757e+00 -1.292796942839130e+00  1.416904207806630e+00 -1.292796942839130e+00  1.645212727712017e-01 -1.292796942839130e+00  7.530209981415208e-04 -1.292796942839130e+00  4.610254694472957e-01 -1.292796942839130e+00  3.059403711231083e-01 -1.292796942839130e+00  3.294713842847058e-03 
-1.288796942839130e+00  1.697312799099807e+00 -1.288796942839130e+00  1.051970788704796e+00 -1.288796942839130e+00  1.415559036978861e+00 -1.288796942839130e+00  1.648454905859854e-01 -1.288796942839130e+00  7.567307309033608e-04 -1.288796942839130e+00  4.623788636967596e-01 -1.288796942839130e+00  3.057553337641595e-01 -1.288796942839130e+00  3.291220090895619e-03 
-1.284796942839130e+00  1.696367198443484e+00 -1.284796942839130e+00  1.052861709827877e+00 -1.284796942839130e+00  1.414212336552181e+00 -1.284796942839130e+00  1.651691651657816e-01 -1.284796942839130e+00  7.604446371109182e-04 -1.284796942839130e+00  4.637343631479657e-01 -1.284796942839130e+00  3.055705566338364e-01 -1.284796942839130e+00  3.287721146632269e-03 
-1.280796942839130e+00  1.695420546564246e+00 -1.280796942839130e+00  1.053753939742391e+00 -1.280796942839130e+00  1.412864118796249e+00 -1.280796942839130e+00  1.654922961826279e-01 -1.280796942839130e+00  7.641626701029045e-04 -1.280796942839130e+00  4.650919422027987e-01 -1.280796942839130e+00  3.053860346556547e-01 -1.280796942839130e+00  3.284217062308651e-03 
-1.276796942839130e+00  1.694472855224031e+00 -1.276796942839130e+00  1.054647465349216e+00 -1.276796942839130e+00  1.411514395892504e+00 -1.276796942839130e+00  1.658148833548244e-01 -1.276796942839130e+00  7.678847836773147e-04 -1.276796942839130e+00  4.664515756243408e-01 -1.276796942839130e+00  3.052017628107047e-01 -1.276796942839130e+00  3.280707889369348e-03 
-1.272796942839130e+00  1.693524136044096e+00 -1.272796942839130e+00  1.055542273647462e+00 -1.272796942839130e+00  1.410163179921003e+00 -1.272796942839130e+00  1.661369264541107e-01 -1.272796942839130e+00  7.716109321851764e-04 -1.272796942839130e+00  4.678132384668001e-01 -1.272796942839130e+00  3.050177361545761e-01 -1.272796942839130e+00  3.277193678873217e-03 
-1.268796942839130e+00  1.692574400522858e+00 -1.268796942839130e+00  1.056438351808120e+00 -1.268796942839130e+00  1.408810482869561e+00 -1.268796942839130e+00  1.664584252990049e-01 -1.268796942839130e+00  7.753410704604839e-04 -1.268796942839130e+00  4.691769061202924e-01 -1.268796942839130e+00  3.048339498046461e-01 -1.268796942839130e+00  3.273674481204065e-03 
-1.264796942839130e+00  1.691623660032943e+00 -1.264796942839130e+00  1.057335687157008e+00 -1.264796942839130e+00  1.407456316631821e+00 -1.264796942839130e+00  1.667793797550723e-01 -1.264796942839130e+00  7.790751538317559e-04 -1.264796942839130e+00  4.705425542979622e-01 -1.264796942839130e+00  3.046503989421815e-01 -1.264796942839130e+00  3.270150346137596e-03 
-1.260796942839130e+00  1.690671925813160e+00 -1.260796942839130e+00  1.058234267135608e+00 -1.260796942839130e+00  1.406100693002551e+00 -1.260796942839130e+00  1.670997897368510e-01 -1.260796942839130e+00  7.828131381535498e-04 -1.260796942839130e+00  4.719101590088483e-01 -1.260796942839130e+00  3.044670788179857e-01 -1.260796942839130e+00  3.266621322995311e-03 
-1.256796942839130e+00  1.689719208985611e+00 -1.256796942839130e+00  1.059134079370808e+00 -1.256796942839130e+00  1.404743623686533e+00 -1.256796942839130e+00  1.674196552015499e-01 -1.256796942839130e+00  7.865549797392554e-04 -1.256796942839130e+00  4.732796966001935e-01 -1.256796942839130e+00  3.042839847402910e-01 -1.256796942839130e+00  3.263087460370584e-03 
-1.252796942839130e+00  1.688765520544597e+00 -1.252796942839130e+00  1.060035111621761e+00 -1.252796942839130e+00  1.403385120292258e+00 -1.252796942839130e+00  1.677389761520311e-01 -1.252796942839130e+00  7.903006354047364e-04 -1.252796942839130e+00  4.746511437213121e-01 -1.252796942839130e+00  3.041011120826257e-01 -1.252796942839130e+00  3.259548806337230e-03 
-1.248796942839130e+00  1.687810871353300e+00 -1.248796942839130e+00  1.060937351760475e+00 -1.248796942839130e+00  1.402025194329800e+00 -1.248796942839130e+00  1.680577526372027e-01 -1.248796942839130e+00  7.940500624811987e-04 -1.248796942839130e+00  4.760244773088318e-01 -1.248796942839130e+00  3.039184562861488e-01 -1.248796942839130e+00  3.256005408525966e-03 
-1.244796942839130e+00  1.686855272163007e+00 -1.244796942839130e+00  1.061840787850372e+00 -1.244796942839130e+00  1.400663857220938e+00 -1.244796942839130e+00  1.683759847451415e-01 -1.244796942839130e+00  7.978032187398492e-04 -1.244796942839130e+00  4.773996746346547e-01 -1.244796942839130e+00  3.037360128460758e-01 -1.244796942839130e+00  3.252457313815706e-03 
-1.240796942839130e+00  1.685898733593531e+00 -1.240796942839130e+00  1.062745408055469e+00 -1.240796942839130e+00  1.399301120288261e+00 -1.240796942839130e+00  1.686936726088247e-01 -1.240796942839130e+00  8.015600624686896e-04 -1.240796942839130e+00  4.787767132454519e-01 -1.240796942839130e+00  3.035537773255578e-01 -1.240796942839130e+00  3.248904568690292e-03 
-1.236796942839130e+00  1.684941266149328e+00 -1.236796942839130e+00  1.063651200705309e+00 -1.236796942839130e+00  1.397936994763650e+00 -1.236796942839130e+00  1.690108164002947e-01 -1.236796942839130e+00  8.053205524092132e-04 -1.236796942839130e+00  4.801555710018736e-01 -1.236796942839130e+00  3.033717453442950e-01 -1.236796942839130e+00  3.245347218983514e-03 
-1.232796942839130e+00  1.683982880210900e+00 -1.232796942839130e+00  1.064558154251706e+00 -1.232796942839130e+00  1.396571491783352e+00 -1.232796942839130e+00  1.693274163328533e-01 -1.232796942839130e+00  8.090846477902405e-04 -1.232796942839130e+00  4.815362260483824e-01 -1.232796942839130e+00  3.031899125846539e-01 -1.232796942839130e+00  3.241785310048920e-03 
-1.228796942839130e+00  1.683023586038958e+00 -1.228796942839130e+00  1.065466257281045e+00 -1.228796942839130e+00  1.395204622390000e+00 -1.228796942839130e+00  1.696434726591221e-01 -1.228796942839130e+00  8.128523083114264e-04 -1.228796942839130e+00  4.829186568187021e-01 -1.228796942839130e+00  3.030082747887795e-01 -1.228796942839130e+00  3.238218886711620e-03 
-1.224796942839130e+00  1.682063393781905e+00 -1.224796942839130e+00  1.066375498541265e+00 -1.224796942839130e+00  1.393836397536490e+00 -1.224796942839130e+00  1.699589856681009e-01 -1.224796942839130e+00  8.166234941140124e-04 -1.224796942839130e+00  4.843028420507152e-01 -1.224796942839130e+00  3.028268277533354e-01 -1.224796942839130e+00  3.234647993162174e-03 
-1.220796942839130e+00  1.681102313463738e+00 -1.220796942839130e+00  1.067285866882864e+00 -1.220796942839130e+00  1.392466828079150e+00 -1.220796942839130e+00  1.702739556884809e-01 -1.220796942839130e+00  8.203981658282333e-04 -1.220796942839130e+00  4.856887607460505e-01 -1.220796942839130e+00  3.026455673381023e-01 -1.220796942839130e+00  3.231072673188416e-03 
-1.216796942839130e+00  1.680140354996009e+00 -1.216796942839130e+00  1.068197351305022e+00 -1.216796942839130e+00  1.391095924784084e+00 -1.216796942839130e+00  1.705883830842884e-01 -1.216796942839130e+00  8.241762845263886e-04 -1.216796942839130e+00  4.870763921972600e-01 -1.216796942839130e+00  3.024644894576076e-01 -1.216796942839130e+00  3.227492969994224e-03 
-1.212796942839130e+00  1.679177528175240e+00 -1.212796942839130e+00  1.069109940938262e+00 -1.212796942839130e+00  1.389723698325583e+00 -1.212796942839130e+00  1.709022682551918e-01 -1.212796942839130e+00  8.279578117329496e-04 -1.212796942839130e+00  4.884657159741775e-01 -1.212796942839130e+00  3.022835900829889e-01 -1.212796942839130e+00  3.223908926267656e-03 
-1.208796942839130e+00  1.678213842681724e+00 -1.208796942839130e+00  1.070023625032819e+00 -1.208796942839130e+00  1.388350159285276e+00 -1.208796942839130e+00  1.712156116363731e-01 -1.208796942839130e+00  8.317427094292854e-04 -1.208796942839130e+00  4.898567119139045e-01 -1.208796942839130e+00  3.021028652429190e-01 -1.208796942839130e+00  3.220320584226635e-03 
-1.204796942839130e+00  1.677249308084325e+00 -1.204796942839130e+00  1.070938392973428e+00 -1.204796942839130e+00  1.386975318154628e+00 -1.204796942839130e+00  1.715284136965137e-01 -1.204796942839130e+00  8.355309400348085e-04 -1.204796942839130e+00  4.912493601278505e-01 -1.204796942839130e+00  3.019223110202790e-01 -1.204796942839130e+00  3.216727985560848e-03 
-1.200796942839130e+00  1.676283933840991e+00 -1.200796942839130e+00  1.071854234275075e+00 -1.200796942839130e+00  1.385599185335062e+00 -1.200796942839130e+00  1.718406749371572e-01 -1.200796942839130e+00  8.393224664049454e-04 -1.200796942839130e+00  4.926436409964933e-01 -1.200796942839130e+00  3.017419235518931e-01 -1.200796942839130e+00  3.213131171448423e-03 
-1.196796942839130e+00  1.675317729300567e+00 -1.196796942839130e+00  1.072771138584677e+00 -1.196796942839130e+00  1.384221771138838e+00 -1.196796942839130e+00  1.721523958916753e-01 -1.196796942839130e+00  8.431172518239931e-04 -1.196796942839130e+00  4.940395351679794e-01 -1.196796942839130e+00  3.015616990273082e-01 -1.196796942839130e+00  3.209530182549363e-03 
-1.192796942839130e+00  1.674350703696947e+00 -1.192796942839130e+00  1.073689095648763e+00 -1.192796942839130e+00  1.382843085785681e+00 -1.192796942839130e+00  1.724635771266471e-01 -1.192796942839130e+00  8.469152600281058e-04 -1.192796942839130e+00  4.954370235347101e-01 -1.192796942839130e+00  3.013816336930142e-01 -1.192796942839130e+00  3.205925059132480e-03 
-1.188796942839130e+00  1.673382866160794e+00 -1.188796942839130e+00  1.074608095358550e+00 -1.188796942839130e+00  1.381463139409155e+00 -1.188796942839130e+00  1.727742192377426e-01 -1.188796942839130e+00  8.507164551592446e-04 -1.188796942839130e+00  4.968360872600145e-01 -1.188796942839130e+00  3.012017238442665e-01 -1.188796942839130e+00  3.202315840898351e-03 
-1.184796942839130e+00  1.672414225713932e+00 -1.184796942839130e+00  1.075528127718688e+00 -1.184796942839130e+00  1.380081942053456e+00 -1.184796942839130e+00  1.730843228510596e-01 -1.184796942839130e+00  8.545208017872275e-04 -1.184796942839130e+00  4.982367077554499e-01 -1.184796942839130e+00  3.010219658291344e-01 -1.184796942839130e+00  3.198702567102021e-03 
-1.180796942839130e+00  1.671444791272897e+00 -1.180796942839130e+00  1.076449182856316e+00 -1.180796942839130e+00  1.378699503675296e+00 -1.180796942839130e+00  1.733938886215903e-01 -1.180796942839130e+00  8.583282648956867e-04 -1.180796942839130e+00  4.996388666841934e-01 -1.180796942839130e+00  3.008423560461004e-01 -1.180796942839130e+00  3.195085276517509e-03 
-1.176796942839130e+00  1.670474571649029e+00 -1.176796942839130e+00  1.077371251015017e+00 -1.176796942839130e+00  1.377315834143856e+00 -1.176796942839130e+00  1.737029172328018e-01 -1.176796942839130e+00  8.621388098818278e-04 -1.176796942839130e+00  5.010425459546741e-01 -1.176796942839130e+00  3.006628909440707e-01 -1.176796942839130e+00  3.191464007461535e-03 
-1.172796942839130e+00  1.669503575547843e+00 -1.172796942839130e+00  1.078294322545241e+00 -1.172796942839130e+00  1.375930943240366e+00 -1.172796942839130e+00  1.740114093964269e-01 -1.172796942839130e+00  8.659524025587981e-04 -1.172796942839130e+00  5.024477277118888e-01 -1.172796942839130e+00  3.004835670229531e-01 -1.172796942839130e+00  3.187838797831082e-03 
-1.168796942839130e+00  1.668531811576099e+00 -1.168796942839130e+00  1.079218387929004e+00 -1.168796942839130e+00  1.374544840661987e+00 -1.168796942839130e+00  1.743193658499019e-01 -1.168796942839130e+00  8.697690091279310e-04 -1.168796942839130e+00  5.038543943510297e-01 -1.168796942839130e+00  3.003043808287691e-01 -1.168796942839130e+00  3.184209685006460e-03 
-1.164796942839130e+00  1.667559288238075e+00 -1.164796942839130e+00  1.080143437756841e+00 -1.164796942839130e+00  1.373157536019674e+00 -1.164796942839130e+00  1.746267873571582e-01 -1.164796942839130e+00  8.735885961934278e-04 -1.164796942839130e+00  5.052625285001148e-01 -1.164796942839130e+00  3.001253289563910e-01 -1.164796942839130e+00  3.180576705941781e-03 
-1.160796942839130e+00  1.666586013934036e+00 -1.160796942839130e+00  1.081069462714480e+00 -1.160796942839130e+00  1.371769038837267e+00 -1.160796942839130e+00  1.749336747087192e-01 -1.160796942839130e+00  8.774111307682819e-04 -1.160796942839130e+00  5.066721130088848e-01 -1.160796942839130e+00  2.999464080507207e-01 -1.160796942839130e+00  3.176939897217259e-03 
-1.156796942839130e+00  1.665611996972267e+00 -1.156796942839130e+00  1.081996453629296e+00 -1.156796942839130e+00  1.370379358558202e+00 -1.156796942839130e+00  1.752400287176734e-01 -1.156796942839130e+00  8.812365802270813e-04 -1.156796942839130e+00  5.080831309766883e-01 -1.156796942839130e+00  2.997676147983641e-01 -1.156796942839130e+00  3.173299294856887e-03 
-1.152796942839130e+00  1.664637245561662e+00 -1.152796942839130e+00  1.082924401431147e+00 -1.152796942839130e+00  1.368988504541321e+00 -1.152796942839130e+00  1.755458502216154e-01 -1.152796942839130e+00  8.850649123350682e-04 -1.152796942839130e+00  5.094955657246526e-01 -1.152796942839130e+00  2.995889459329407e-01 -1.152796942839130e+00  3.169654934482116e-03 
-1.148796942839130e+00  1.663661767807019e+00 -1.148796942839130e+00  1.083853297124999e+00 -1.148796942839130e+00  1.367596486058208e+00 -1.148796942839130e+00  1.758511400837421e-01 -1.148796942839130e+00  8.888960952666552e-04 -1.148796942839130e+00  5.109094007754612e-01 -1.148796942839130e+00  2.994103982385131e-01 -1.148796942839130e+00  3.166006851419464e-03 
-1.144796942839130e+00  1.662685571726290e+00 -1.144796942839130e+00  1.084783131860526e+00 -1.144796942839130e+00  1.366203312302867e+00 -1.144796942839130e+00  1.761558991872839e-01 -1.144796942839130e+00  8.927300975376088e-04 -1.144796942839130e+00  5.123246198964313e-01 -1.144796942839130e+00  2.992319685376043e-01 -1.144796942839130e+00  3.162355080427091e-03 
-1.140796942839130e+00  1.661708665237608e+00 -1.140796942839130e+00  1.085713896868442e+00 -1.140796942839130e+00  1.364808992384415e+00 -1.140796942839130e+00  1.764601284391490e-01 -1.140796942839130e+00  8.965668880560311e-04 -1.140796942839130e+00  5.137412070557086e-01 -1.140796942839130e+00  2.990536537004144e-01 -1.140796942839130e+00  3.158699655944907e-03 
-1.136796942839130e+00  1.660731056174675e+00 -1.136796942839130e+00  1.086645583522036e+00 -1.136796942839130e+00  1.363413535335784e+00 -1.136796942839130e+00  1.767638287649734e-01 -1.136796942839130e+00  9.004064360619235e-04 -1.136796942839130e+00  5.151591464601769e-01 -1.136796942839130e+00  2.988754506341514e-01 -1.136796942839130e+00  3.155040611852908e-03 
-1.132796942839130e+00  1.659752752265387e+00 -1.132796942839130e+00  1.087578183236127e+00 -1.132796942839130e+00  1.362016950101620e+00 -1.132796942839130e+00  1.770670011152840e-01 -1.132796942839130e+00  9.042487112111139e-04 -1.132796942839130e+00  5.165784224871999e-01 -1.132796942839130e+00  2.986973562981742e-01 -1.132796942839130e+00  3.151377981867944e-03 
-1.128796942839130e+00  1.658773761157300e+00 -1.128796942839130e+00  1.088511687573418e+00 -1.128796942839130e+00  1.360619245552716e+00 -1.128796942839130e+00  1.773696464575408e-01 -1.128796942839130e+00  9.080936834752290e-04 -1.128796942839130e+00  5.179990197519020e-01 -1.128796942839130e+00  2.985193676862331e-01 -1.128796942839130e+00  3.147711799126088e-03 
-1.124796942839130e+00  1.657794090404187e+00 -1.124796942839130e+00  1.089446088178640e+00 -1.124796942839130e+00  1.359220430478420e+00 -1.124796942839130e+00  1.776717657799244e-01 -1.124796942839130e+00  9.119413231944922e-04 -1.124796942839130e+00  5.194209230619302e-01 -1.124796942839130e+00  2.983414818360456e-01 -1.124796942839130e+00  3.144042096441254e-03 
-1.120796942839130e+00  1.656813747476241e+00 -1.120796942839130e+00  1.090381376817366e+00 -1.120796942839130e+00  1.357820513592463e+00 -1.120796942839130e+00  1.779733600880238e-01 -1.120796942839130e+00  9.157916010376845e-04 -1.120796942839130e+00  5.208441174407017e-01 -1.120796942839130e+00  2.981636958222810e-01 -1.120796942839130e+00  3.140368906152826e-03 
-1.116796942839130e+00  1.655832739745980e+00 -1.116796942839130e+00  1.091317545307402e+00 -1.116796942839130e+00  1.356419503524958e+00 -1.116796942839130e+00  1.782744304087856e-01 -1.116796942839130e+00  9.196444880573944e-04 -1.116796942839130e+00  5.222685880803180e-01 -1.116796942839130e+00  2.979860067665638e-01 -1.116796942839130e+00  3.136692260394965e-03 
-1.112796942839130e+00  1.654851074509885e+00 -1.112796942839130e+00  1.092254585608392e+00 -1.112796942839130e+00  1.355017408834765e+00 -1.112796942839130e+00  1.785749777838259e-01 -1.112796942839130e+00  9.234999556051230e-04 -1.112796942839130e+00  5.236943203981461e-01 -1.112796942839130e+00  2.978084118224434e-01 -1.112796942839130e+00  3.133012190744855e-03 
-1.108796942839130e+00  1.653868758974006e+00 -1.108796942839130e+00  1.093192489751792e+00 -1.108796942839130e+00  1.353614238001332e+00 -1.108796942839130e+00  1.788750032734884e-01 -1.108796942839130e+00  9.273579753877780e-04 -1.108796942839130e+00  5.251212999888689e-01 -1.108796942839130e+00  2.976309081856399e-01 -1.108796942839130e+00  3.129328728497620e-03 
-1.104796942839130e+00  1.652885800257459e+00 -1.104796942839130e+00  1.094131249850255e+00 -1.104796942839130e+00  1.352209999426738e+00 -1.104796942839130e+00  1.791745079555693e-01 -1.104796942839130e+00  9.312185194539535e-04 -1.104796942839130e+00  5.265495126285267e-01 -1.104796942839130e+00  2.974534930917260e-01 -1.104796942839130e+00  3.125641904629477e-03 
-1.100796942839130e+00  1.651902205404594e+00 -1.100796942839130e+00  1.095070858145748e+00 -1.100796942839130e+00  1.350804701442696e+00 -1.100796942839130e+00  1.794734929215029e-01 -1.100796942839130e+00  9.350815601460592e-04 -1.100796942839130e+00  5.279789443041046e-01 -1.100796942839130e+00  2.972761638077043e-01 -1.100796942839130e+00  3.121951749608835e-03 
-1.096796942839130e+00  1.650917981368704e+00 -1.096796942839130e+00  1.096011306930857e+00 -1.096796942839130e+00  1.349398352301300e+00 -1.096796942839130e+00  1.797719592809728e-01 -1.096796942839130e+00  9.389470701644109e-04 -1.096796942839130e+00  5.294095811598408e-01 -1.096796942839130e+00  2.970989176436347e-01 -1.096796942839130e+00  3.118258293705268e-03 
-1.092796942839130e+00  1.649933135029684e+00 -1.092796942839130e+00  1.096952588621526e+00 -1.092796942839130e+00  1.347990960185206e+00 -1.092796942839130e+00  1.800699081564954e-01 -1.092796942839130e+00  9.428150224977587e-04 -1.092796942839130e+00  5.308414095430285e-01 -1.092796942839130e+00  2.969217519403442e-01 -1.092796942839130e+00  3.114561566703920e-03 
-1.088796942839130e+00  1.648947673184125e+00 -1.088796942839130e+00  1.097894695707017e+00 -1.088796942839130e+00  1.346582533202011e+00 -1.088796942839130e+00  1.803673406861545e-01 -1.088796942839130e+00  9.466853904622724e-04 -1.088796942839130e+00  5.322744159691939e-01 -1.088796942839130e+00  2.967446640765387e-01 -1.088796942839130e+00  3.110861598101912e-03 
-1.084796942839130e+00  1.647961602544031e+00 -1.084796942839130e+00  1.098837620738353e+00 -1.084796942839130e+00  1.345173079383592e+00 -1.084796942839130e+00  1.806642580237679e-01 -1.084796942839130e+00  9.505581477065214e-04 -1.084796942839130e+00  5.337085871125433e-01 -1.084796942839130e+00  2.965676514698498e-01 -1.084796942839130e+00  3.107158417153901e-03 
-1.080796942839130e+00  1.646974929755881e+00 -1.080796942839130e+00  1.099781356407197e+00 -1.080796942839130e+00  1.343762606697145e+00 -1.080796942839130e+00  1.809606613331479e-01 -1.080796942839130e+00  9.544332681366252e-04 -1.080796942839130e+00  5.351439098559656e-01 -1.080796942839130e+00  2.963907115636135e-01 -1.080796942839130e+00  3.103452052562144e-03 
-1.076796942839130e+00  1.645987661376030e+00 -1.076796942839130e+00  1.100725895430853e+00 -1.076796942839130e+00  1.342351123031102e+00 -1.076796942839130e+00  1.812565517951021e-01 -1.076796942839130e+00  9.583107260128392e-04 -1.076796942839130e+00  5.365803712134929e-01 -1.076796942839130e+00  2.962138418442594e-01 -1.076796942839130e+00  3.099742532928222e-03 
-1.072796942839130e+00  1.644999803898178e+00 -1.072796942839130e+00  1.101671230668585e+00 -1.072796942839130e+00  1.340938636211053e+00 -1.072796942839130e+00  1.815519305992745e-01 -1.072796942839130e+00  9.621904958417011e-04 -1.072796942839130e+00  5.380179584050339e-01 -1.072796942839130e+00  2.960370398222113e-01 -1.072796942839130e+00  3.096029886296173e-03 
-1.068796942839130e+00  1.644011363729343e+00 -1.068796942839130e+00  1.102617355009262e+00 -1.068796942839130e+00  1.339525153985978e+00 -1.068796942839130e+00  1.818467989509619e-01 -1.068796942839130e+00  9.660725524703555e-04 -1.068796942839130e+00  5.394566587805572e-01 -1.068796942839130e+00  2.958603030488701e-01 -1.068796942839130e+00  3.092314140593811e-03 
-1.064796942839130e+00  1.643022347210586e+00 -1.064796942839130e+00  1.103564261457897e+00 -1.064796942839130e+00  1.338110684040291e+00 -1.064796942839130e+00  1.821411580649525e-01 -1.064796942839130e+00  9.699568710051838e-04 -1.064796942839130e+00  5.408964598753141e-01 -1.064796942839130e+00  2.956836291022350e-01 -1.064796942839130e+00  3.088595323292741e-03 
-1.060796942839130e+00  1.642032760605228e+00 -1.060796942839130e+00  1.104511943077686e+00 -1.060796942839130e+00  1.336695233987141e+00 -1.060796942839130e+00  1.824350091687852e-01 -1.060796942839130e+00  9.738434268580143e-04 -1.060796942839130e+00  5.423373493698818e-01 -1.060796942839130e+00  2.955070155953271e-01 -1.060796942839130e+00  3.084873461636131e-03 
-1.056796942839130e+00  1.641042610108441e+00 -1.056796942839130e+00  1.105460393027273e+00 -1.056796942839130e+00  1.335278811374052e+00 -1.056796942839130e+00  1.827283534998461e-01 -1.056796942839130e+00  9.777321957085377e-04 -1.056796942839130e+00  5.437793151129927e-01 -1.056796942839130e+00  2.953304601696046e-01 -1.056796942839130e+00  3.081148582492265e-03 
-1.052796942839130e+00  1.640051901843327e+00 -1.052796942839130e+00  1.106409604538027e+00 -1.052796942839130e+00  1.333861423680763e+00 -1.052796942839130e+00  1.830211923063614e-01 -1.052796942839130e+00  9.816231535196211e-04 -1.052796942839130e+00  5.452223451048513e-01 -1.052796942839130e+00  2.951539604978473e-01 -1.052796942839130e+00  3.077420712443811e-03 
-1.048796942839130e+00  1.639060641862232e+00 -1.048796942839130e+00  1.107359570914320e+00 -1.048796942839130e+00  1.332443078320092e+00 -1.048796942839130e+00  1.833135268468889e-01 -1.048796942839130e+00  9.855162765321876e-04 -1.048796942839130e+00  5.466664274956277e-01 -1.048796942839130e+00  2.949775142834221e-01 -1.048796942839130e+00  3.073689877786721e-03 
-1.044796942839130e+00  1.638068836147239e+00 -1.044796942839130e+00  1.108310285530643e+00 -1.044796942839130e+00  1.331023782638322e+00 -1.044796942839130e+00  1.836053583900475e-01 -1.044796942839130e+00  9.894115412632520e-04 -1.044796942839130e+00  5.481115505818849e-01 -1.044796942839130e+00  2.948011192600600e-01 -1.044796942839130e+00  3.069956104541591e-03 
-1.040796942839130e+00  1.637076490617909e+00 -1.040796942839130e+00  1.109261741860819e+00 -1.040796942839130e+00  1.329603543919827e+00 -1.040796942839130e+00  1.838966882121980e-01 -1.040796942839130e+00  9.933089244755337e-04 -1.040796942839130e+00  5.495577028242672e-01 -1.040796942839130e+00  2.946247731865891e-01 -1.040796942839130e+00  3.066219418338890e-03 
-1.036796942839130e+00  1.636083611118041e+00 -1.036796942839130e+00  1.110213933413879e+00 -1.036796942839130e+00  1.328182369379474e+00 -1.036796942839130e+00  1.841875176010922e-01 -1.036796942839130e+00  9.972084032294267e-04 -1.036796942839130e+00  5.510048728035056e-01 -1.036796942839130e+00  2.944484738563676e-01 -1.036796942839130e+00  3.062479844670813e-03 
-1.032796942839130e+00  1.635090203430894e+00 -1.032796942839130e+00  1.111166853796802e+00 -1.032796942839130e+00  1.326760266171597e+00 -1.032796942839130e+00  1.844778478514341e-01 -1.032796942839130e+00  1.001109954823200e-03 -1.032796942839130e+00  5.524530492603162e-01 -1.032796942839130e+00  2.942722190867633e-01 -1.032796942839130e+00  3.058737408644901e-03 
-1.028796942839130e+00  1.634096273276525e+00 -1.028796942839130e+00  1.112120496697631e+00 -1.028796942839130e+00  1.325337241388578e+00 -1.028796942839130e+00  1.847676802655498e-01 -1.028796942839130e+00  1.005013556803543e-03 -1.028796942839130e+00  5.539022210826997e-01 -1.028796942839130e+00  2.940960067211711e-01 -1.028796942839130e+00  3.054992135050295e-03 
-1.024796942839130e+00  1.633101826304248e+00 -1.024796942839130e+00  1.113074855846868e+00 -1.024796942839130e+00  1.323913302056562e+00 -1.024796942839130e+00  1.850570161554033e-01 -1.024796942839130e+00  1.008919186995005e-03 -1.024796942839130e+00  5.553523772788556e-01 -1.024796942839130e+00  2.939198346344574e-01 -1.024796942839130e+00  3.051244048509409e-03 
-1.020796942839130e+00  1.632106868105715e+00 -1.020796942839130e+00  1.114029925071013e+00 -1.020796942839130e+00  1.322488455143219e+00 -1.020796942839130e+00  1.853458568388210e-01 -1.020796942839130e+00  1.012826823448782e-03 -1.020796942839130e+00  5.568035070111245e-01 -1.020796942839130e+00  2.937437007239198e-01 -1.020796942839130e+00  3.047493173267644e-03 
-1.016796942839130e+00  1.631111404201761e+00 -1.016796942839130e+00  1.114985698228909e+00 -1.016796942839130e+00  1.321062707550177e+00 -1.016796942839130e+00  1.856342036430967e-01 -1.016796942839130e+00  1.016736444494284e-03 -1.016796942839130e+00  5.582555995523408e-01 -1.016796942839130e+00  2.935676029186851e-01 -1.016796942839130e+00  3.043739533443360e-03 
-1.012796942839130e+00  1.630115440061381e+00 -1.012796942839130e+00  1.115942169291668e+00 -1.012796942839130e+00  1.319636066124251e+00 -1.012796942839130e+00  1.859220578995795e-01 -1.012796942839130e+00  1.020648028664628e-03 -1.012796942839130e+00  5.597086443373469e-01 -1.012796942839130e+00  2.933915391665443e-01 -1.012796942839130e+00  3.039983152714002e-03 
-1.008796942839130e+00  1.629118981086275e+00 -1.008796942839130e+00  1.116899332269015e+00 -1.008796942839130e+00  1.318208537648531e+00 -1.008796942839130e+00  1.862094209479295e-01 -1.008796942839130e+00  1.024561554757301e-03 -1.008796942839130e+00  5.611626309127423e-01 -1.008796942839130e+00  2.932155074449422e-01 -1.008796942839130e+00  3.036224054605407e-03 
-1.004796942839130e+00  1.628122032619480e+00 -1.004796942839130e+00  1.117857181243240e+00 -1.004796942839130e+00  1.316780128847560e+00 -1.004796942839130e+00  1.864962941336221e-01 -1.004796942839130e+00  1.028477001800318e-03 -1.004796942839130e+00  5.626175489579917e-01 -1.004796942839130e+00  2.930395057550546e-01 -1.004796942839130e+00  3.032462262358371e-03 
-1.000796942839130e+00  1.627124599944623e+00 -1.000796942839130e+00  1.118815710361049e+00 -1.000796942839130e+00  1.315350846387036e+00 -1.000796942839130e+00  1.867826788080831e-01 -1.000796942839130e+00  1.032394349055077e-03 -1.000796942839130e+00  5.640733882786275e-01 -1.000796942839130e+00  2.928635321224997e-01 -1.000796942839130e+00  3.028697798960725e-03 
-9.967969428391301e-01  1.626126688286735e+00 -9.967969428391301e-01  1.119774913832849e+00 -9.967969428391301e-01  1.313920696874419e+00 -9.967969428391301e-01  1.870685763283945e-01 -9.967969428391301e-01  1.036313576013203e-03 -9.967969428391301e-01  5.655301388044245e-01 -9.967969428391301e-01  2.926875845968863e-01 -9.967969428391301e-01  3.024930687150160e-03 
-9.927969428391301e-01  1.625128302810841e+00 -9.927969428391301e-01  1.120734785921887e+00 -9.927969428391301e-01  1.312489686858231e+00 -9.927969428391301e-01  1.873539880576181e-01 -9.927969428391301e-01  1.040234662402089e-03 -9.927969428391301e-01  5.669877905808424e-01 -9.927969428391301e-01  2.925116612529635e-01 -9.927969428391301e-01  3.021160949456790e-03 
-9.887969428391301e-01  1.624129448630189e+00 -9.887969428391301e-01  1.121695320976609e+00 -9.887969428391301e-01  1.311057822833050e+00 -9.887969428391301e-01  1.876389153624551e-01 -9.887969428391301e-01  1.044157588152509e-03 -9.887969428391301e-01  5.684463337892027e-01 -9.887969428391301e-01  2.923357601849937e-01 -9.887969428391301e-01  3.017388608076146e-03 
-9.847969428391301e-01  1.623130130798123e+00 -9.847969428391301e-01  1.122656513390011e+00 -9.847969428391301e-01  1.309625111234841e+00 -9.847969428391301e-01  1.879233596154420e-01 -9.847969428391301e-01  1.048082333430607e-03 -9.847969428391301e-01  5.699057587184130e-01 -9.847969428391301e-01  2.921598795126020e-01 -9.847969428391301e-01  3.013613685028845e-03 
-9.807969428391301e-01  1.622130354312570e+00 -9.807969428391301e-01  1.123618357615331e+00 -9.807969428391301e-01  1.308191558443759e+00 -9.807969428391301e-01  1.882073221936489e-01 -9.807969428391301e-01  1.052008878620212e-03 -9.807969428391301e-01  5.713660557740979e-01 -9.807969428391301e-01  2.919840173777787e-01 -9.807969428391301e-01  3.009836202098822e-03 
-9.767969428391301e-01  1.621130124119893e+00 -9.767969428391301e-01  1.124580848178997e+00 -9.767969428391301e-01  1.306757170786550e+00 -9.767969428391301e-01  1.884908044775784e-01 -9.767969428391301e-01  1.055937204307785e-03 -9.767969428391301e-01  5.728272154859765e-01 -9.767969428391301e-01  2.918081719423301e-01 -9.767969428391301e-01  3.006056180782651e-03 
-9.727969428391301e-01  1.620129445107725e+00 -9.727969428391301e-01  1.125543979644605e+00 -9.727969428391301e-01  1.305321954532460e+00 -9.727969428391301e-01  1.887738078530729e-01 -9.727969428391301e-01  1.059867291310408e-03 -9.727969428391301e-01  5.742892284826723e-01 -9.727969428391301e-01  2.916323413930231e-01 -9.727969428391301e-01  3.002273642430904e-03 
-9.687969428391301e-01  1.619128322114157e+00 -9.687969428391301e-01  1.126507746649594e+00 -9.687969428391301e-01  1.303885915898803e+00 -9.687969428391301e-01  1.890563337087631e-01 -9.687969428391301e-01  1.063799120639860e-03 -9.687969428391301e-01  5.757520855148982e-01 -9.687969428391301e-01  2.914565239353200e-01 -9.687969428391301e-01  2.998488608104101e-03 
-9.647969428391301e-01  1.618126759920921e+00 -9.647969428391301e-01  1.127472143870831e+00 -9.647969428391301e-01  1.302449061047073e+00 -9.647969428391301e-01  1.893383834378813e-01 -9.647969428391301e-01  1.067732673529276e-03 -9.647969428391301e-01  5.772157774313739e-01 -9.647969428391301e-01  2.912807177982945e-01 -9.647969428391301e-01  2.994701098708015e-03 
-9.607969428391301e-01  1.617124763265537e+00 -9.607969428391301e-01  1.128437166074865e+00 -9.607969428391301e-01  1.301011396090291e+00 -9.607969428391301e-01  1.896199584349178e-01 -9.607969428391301e-01  1.071667931385465e-03 -9.607969428391301e-01  5.786802952111171e-01 -9.607969428391301e-01  2.911049212262450e-01 -9.607969428391301e-01  2.990911134796137e-03 
-9.567969428391301e-01  1.616122336825443e+00 -9.567969428391301e-01  1.129402808043099e+00 -9.567969428391301e-01  1.299572927083723e+00 -9.567969428391301e-01  1.899010600999061e-01 -9.567969428391301e-01  1.075604875851293e-03 -9.567969428391301e-01  5.801456299124745e-01 -9.567969428391301e-01  2.909291324899726e-01 -9.567969428391301e-01  2.987118736863617e-03 
-9.527969428391301e-01  1.615119485235125e+00 -9.527969428391301e-01  1.130369064644258e+00 -9.527969428391301e-01  1.298133660035199e+00 -9.527969428391301e-01  1.901816898337282e-01 -9.527969428391301e-01  1.079543488738287e-03 -9.527969428391301e-01  5.816117727202498e-01 -9.527969428391301e-01  2.907533498749277e-01 -9.527969428391301e-01  2.983323925062697e-03 
-9.487969428391301e-01  1.614116213078131e+00 -9.487969428391301e-01  1.131335930795016e+00 -9.487969428391301e-01  1.296693600900513e+00 -9.487969428391301e-01  1.904618490402650e-01 -9.487969428391301e-01  1.083483752058100e-03 -9.487969428391301e-01  5.830787149183848e-01 -9.487969428391301e-01  2.905775716869302e-01 -9.487969428391301e-01  2.979526719357299e-03 
-9.447969428391301e-01  1.613112524880657e+00 -9.447969428391301e-01  1.132303401427517e+00 -9.447969428391301e-01  1.295252755579743e+00 -9.447969428391301e-01  1.907415391280842e-01 -9.447969428391301e-01  1.087425648047630e-03 -9.447969428391301e-01  5.845464478672163e-01 -9.447969428391301e-01  2.904017962568153e-01 -9.447969428391301e-01  2.975727139650572e-03 
-9.407969428391301e-01  1.612108425135304e+00 -9.407969428391301e-01  1.133271471591595e+00 -9.407969428391301e-01  1.293811129931551e+00 -9.407969428391301e-01  1.910207615040190e-01 -9.407969428391301e-01  1.091369159075761e-03 -9.407969428391301e-01  5.860149630705389e-01 -9.407969428391301e-01  2.902260219239298e-01 -9.407969428391301e-01  2.971925205383467e-03 
-9.367969428391301e-01  1.611103918274017e+00 -9.367969428391301e-01  1.134240136330499e+00 -9.367969428391301e-01  1.292368729757192e+00 -9.367969428391301e-01  1.912995175804294e-01 -9.367969428391301e-01  1.095314267749576e-03 -9.367969428391301e-01  5.874842520917181e-01 -9.367969428391301e-01  2.900502470552127e-01 -9.367969428391301e-01  2.968120936022811e-03 
-9.327969428391301e-01  1.610099008689887e+00 -9.327969428391301e-01  1.135209390774321e+00 -9.327969428391301e-01  1.290925560813675e+00 -9.327969428391301e-01  1.915778087693245e-01 -9.327969428391301e-01  1.099260956828822e-03 -9.327969428391301e-01  5.889543066149373e-01 -9.327969428391301e-01  2.898744700300845e-01 -9.327969428391301e-01  2.964314350694337e-03 
-9.287969428391301e-01  1.609093700725063e+00 -9.287969428391301e-01  1.136179230082567e+00 -9.287969428391301e-01  1.289481628806681e+00 -9.287969428391301e-01  1.918556364855863e-01 -9.287969428391301e-01  1.103209209273305e-03 -9.287969428391301e-01  5.904251184059008e-01 -9.287969428391301e-01  2.896986892490451e-01 -9.287969428391301e-01  2.960505468408306e-03 
-9.247969428391301e-01  1.608087998678278e+00 -9.247969428391301e-01  1.137149649474216e+00 -9.247969428391301e-01  1.288036939395202e+00 -9.247969428391301e-01  1.921330021449363e-01 -9.247969428391301e-01  1.107159008213306e-03 -9.247969428391301e-01  5.918966793308699e-01 -9.247969428391301e-01  2.895229031285292e-01 -9.247969428391301e-01  2.956694307941345e-03 
-9.207969428391301e-01  1.607081906803163e+00 -9.207969428391301e-01  1.138120644216767e+00 -9.207969428391301e-01  1.286591498190696e+00 -9.207969428391301e-01  1.924099071643835e-01 -9.207969428391301e-01  1.111110336956315e-03 -9.207969428391301e-01  5.933689813484003e-01 -9.207969428391301e-01  2.893471101022186e-01 -9.207969428391301e-01  2.952880887879591e-03 
-9.167969428391300e-01  1.606075429308064e+00 -9.167969428391300e-01  1.139092209621781e+00 -9.167969428391300e-01  1.285145310757107e+00 -9.167969428391300e-01  1.926863529622539e-01 -9.167969428391300e-01  1.115063178987624e-03 -9.167969428391300e-01  5.948420165053796e-01 -9.167969428391300e-01  2.891713086213346e-01 -9.167969428391300e-01  2.949065226636099e-03 
-9.127969428391300e-01  1.605068570359403e+00 -9.127969428391300e-01  1.140064341056679e+00 -9.127969428391300e-01  1.283698382613034e+00 -9.127969428391300e-01  1.929623409572943e-01 -9.127969428391300e-01  1.119017517957191e-03 -9.127969428391300e-01  5.963157769439745e-01 -9.127969428391300e-01  2.889954971523864e-01 -9.127969428391300e-01  2.945247342404559e-03 
-9.087969428391300e-01  1.604061334078752e+00 -9.087969428391300e-01  1.141037033928271e+00 -9.087969428391300e-01  1.282250719230115e+00 -9.087969428391300e-01  1.932378725694396e-01 -9.087969428391300e-01  1.122973337691096e-03 -9.087969428391300e-01  5.977902548897015e-01 -9.087969428391300e-01  2.888196741793683e-01 -9.087969428391300e-01  2.941427253223947e-03 
-9.047969428391300e-01  1.603053724544539e+00 -9.047969428391300e-01  1.142010283687073e+00 -9.047969428391300e-01  1.280802326034203e+00 -9.047969428391300e-01  1.935129492193575e-01 -9.047969428391300e-01  1.126930622184888e-03 -9.047969428391300e-01  5.992654426533912e-01 -9.047969428391300e-01  2.886438382026953e-01 -9.047969428391300e-01  2.937604976961601e-03 
-9.007969428391300e-01  1.602045745795164e+00 -9.007969428391300e-01  1.142984085837976e+00 -9.007969428391300e-01  1.279353208407379e+00 -9.007969428391300e-01  1.937875723276206e-01 -9.007969428391300e-01  1.130889355591265e-03 -9.007969428391300e-01  6.007413326374218e-01 -9.007969428391300e-01  2.884679877371483e-01 -9.007969428391300e-01  2.933780531271338e-03 
-8.967969428391300e-01  1.601037401827742e+00 -8.967969428391300e-01  1.143958435931406e+00 -8.967969428391300e-01  1.277903371687344e+00 -8.967969428391300e-01  1.940617433150432e-01 -8.967969428391300e-01  1.134849522225069e-03 -8.967969428391300e-01  6.022179173289345e-01 -8.967969428391300e-01  2.882921213128879e-01 -8.967969428391300e-01  2.929953933628070e-03 
-8.927969428391300e-01  1.600028696592111e+00 -8.927969428391300e-01  1.144933329533449e+00 -8.927969428391300e-01  1.276452821163953e+00 -8.927969428391300e-01  1.943354636042481e-01 -8.927969428391300e-01  1.138811106586817e-03 -8.927969428391300e-01  6.036951892789938e-01 -8.927969428391300e-01  2.881162374797920e-01 -8.927969428391300e-01  2.926125201445323e-03 
-8.887969428391300e-01  1.599019634010267e+00 -8.887969428391300e-01  1.145908762309451e+00 -8.887969428391300e-01  1.275001562091071e+00 -8.887969428391300e-01  1.946087346145772e-01 -8.887969428391300e-01  1.142774093286296e-03 -8.887969428391300e-01  6.051731411576260e-01 -8.887969428391300e-01  2.879403347939396e-01 -8.887969428391300e-01  2.922294351746647e-03 
-8.847969428391300e-01  1.598010217950029e+00 -8.847969428391300e-01  1.146884729903518e+00 -8.847969428391300e-01  1.273549599670847e+00 -8.847969428391300e-01  1.948815577689912e-01 -8.847969428391300e-01  1.146738467146104e-03 -8.847969428391300e-01  6.066517656724175e-01 -8.847969428391300e-01  2.877644118362198e-01 -8.847969428391300e-01  2.918461401639164e-03 
-8.807969428391300e-01  1.597000452252355e+00 -8.807969428391300e-01  1.147861228057228e+00 -8.807969428391300e-01  1.272096939070325e+00 -8.807969428391300e-01  1.951539344869326e-01 -8.807969428391300e-01  1.150704213094250e-03 -8.807969428391300e-01  6.081310556470745e-01 -8.807969428391300e-01  2.875884671932992e-01 -8.807969428391300e-01  2.914626367847083e-03 
-8.767969428391300e-01  1.595990340713063e+00 -8.767969428391300e-01  1.148838252525197e+00 -8.767969428391300e-01  1.270643585410564e+00 -8.767969428391300e-01  1.954258661891097e-01 -8.767969428391300e-01  1.154671316236031e-03 -8.767969428391300e-01  6.096110039641454e-01 -8.767969428391300e-01  2.874124994705691e-01 -8.767969428391300e-01  2.910789267043433e-03 
-8.727969428391300e-01  1.594979887091201e+00 -8.727969428391300e-01  1.149815799109470e+00 -8.727969428391300e-01  1.269189543771838e+00 -8.727969428391300e-01  1.956973542953196e-01 -8.727969428391300e-01  1.158639761821101e-03 -8.727969428391300e-01  6.110916035872418e-01 -8.727969428391300e-01  2.872365072863969e-01 -8.727969428391300e-01  2.906950115715021e-03 
-8.687969428391300e-01  1.593969095108406e+00 -8.687969428391300e-01  1.150793863653772e+00 -8.687969428391300e-01  1.267734819193386e+00 -8.687969428391300e-01  1.959684002246273e-01 -8.687969428391300e-01  1.162609535246010e-03 -8.687969428391300e-01  6.125728475563968e-01 -8.687969428391300e-01  2.870604892726958e-01 -8.687969428391300e-01  2.903108930184868e-03 
-8.647969428391300e-01  1.592957968448472e+00 -8.647969428391300e-01  1.151772442038679e+00 -8.647969428391300e-01  1.266279416673294e+00 -8.647969428391300e-01  1.962390053954896e-01 -8.647969428391300e-01  1.166580622055885e-03 -8.647969428391300e-01  6.140547289840765e-01 -8.647969428391300e-01  2.868844440753655e-01 -8.647969428391300e-01  2.899265726631371e-03 
-8.607969428391300e-01  1.591946510756618e+00 -8.607969428391300e-01  1.152751530175629e+00 -8.607969428391300e-01  1.264823341168199e+00 -8.607969428391300e-01  1.965091712259518e-01 -8.607969428391300e-01  1.170553007947307e-03 -8.607969428391300e-01  6.155372410504170e-01 -8.607969428391300e-01  2.867083703549106e-01 -8.607969428391300e-01  2.895420521111670e-03 
-8.567969428391300e-01  1.590934725650289e+00 -8.567969428391300e-01  1.153731124052180e+00 -8.567969428391300e-01  1.263366597599976e+00 -8.567969428391300e-01  1.967788991308887e-01 -8.567969428391300e-01  1.174526678725911e-03 -8.567969428391300e-01  6.170203770327852e-01 -8.567969428391300e-01  2.865322667789981e-01 -8.567969428391300e-01  2.891573329383949e-03 
-8.527969428391300e-01  1.589922616701680e+00 -8.527969428391300e-01  1.154711219651453e+00 -8.527969428391300e-01  1.261909190845283e+00 -8.527969428391300e-01  1.970481905265128e-01 -8.527969428391300e-01  1.178501620374980e-03 -8.527969428391300e-01  6.185041302511116e-01 -8.527969428391300e-01  2.863561320348376e-01 -8.527969428391300e-01  2.887724167223827e-03 
-8.487969428391300e-01  1.588910187454387e+00 -8.487969428391300e-01  1.155691813023765e+00 -8.487969428391300e-01  1.260451125745805e+00 -8.487969428391300e-01  1.973170468261116e-01 -8.487969428391300e-01  1.182477818990063e-03 -8.487969428391300e-01  6.199884941151546e-01 -8.487969428391300e-01  2.861799648175914e-01 -8.487969428391300e-01  2.883873050143039e-03 
-8.447969428391300e-01  1.587897441410314e+00 -8.447969428391300e-01  1.156672900225379e+00 -8.447969428391300e-01  1.258992407100439e+00 -8.447969428391300e-01  1.975854694434216e-01 -8.447969428391300e-01  1.186455260830400e-03 -8.447969428391300e-01  6.214734620827549e-01 -8.447969428391300e-01  2.860037638397280e-01 -8.447969428391300e-01  2.880019993629946e-03 
-8.407969428391300e-01  1.586884382047406e+00 -8.407969428391300e-01  1.157654477395080e+00 -8.407969428391300e-01  1.257533039676223e+00 -8.407969428391300e-01  1.978534597881162e-01 -8.407969428391300e-01  1.190433932249288e-03 -8.407969428391300e-01  6.229590277104682e-01 -8.407969428391300e-01  2.858275278186552e-01 -8.407969428391300e-01  2.876165012848834e-03 
-8.367969428391300e-01  1.585871012799578e+00 -8.367969428391300e-01  1.158636540662171e+00 -8.367969428391300e-01  1.256073028196259e+00 -8.367969428391300e-01  1.981210192709489e-01 -8.367969428391300e-01  1.194413819772887e-03 -8.367969428391300e-01  6.244451845912271e-01 -8.367969428391300e-01  2.856512554909368e-01 -8.367969428391300e-01  2.872308123001226e-03 
-8.327969428391300e-01  1.584857337075709e+00 -8.327969428391300e-01  1.159619086228427e+00 -8.327969428391300e-01  1.254612377351418e+00 -8.327969428391300e-01  1.983881492989294e-01 -8.327969428391300e-01  1.198394910025573e-03 -8.327969428391300e-01  6.259319264085994e-01 -8.327969428391300e-01  2.854749455990842e-01 -8.327969428391300e-01  2.868449339004013e-03 
-8.287969428391300e-01  1.583843358247446e+00 -8.287969428391300e-01  1.160602110311428e+00 -8.287969428391300e-01  1.253151091793053e+00 -8.287969428391300e-01  1.986548512784605e-01 -8.287969428391300e-01  1.202377189777968e-03 -8.287969428391300e-01  6.274192468981578e-01 -8.287969428391300e-01  2.852985969002118e-01 -8.287969428391300e-01  2.864588675712002e-03 
-8.247969428391300e-01  1.582829079653670e+00 -8.247969428391300e-01  1.161585609161907e+00 -8.247969428391300e-01  1.251689176135848e+00 -8.247969428391300e-01  1.989211266142134e-01 -8.247969428391300e-01  1.206360645929258e-03 -8.247969428391300e-01  6.289071398584607e-01 -8.247969428391300e-01  2.851222081630296e-01 -8.247969428391300e-01  2.860726147849828e-03 
-8.207969428391300e-01  1.581814504603216e+00 -8.207969428391300e-01  1.162569579073333e+00 -8.207969428391300e-01  1.250226634959624e+00 -8.207969428391300e-01  1.991869767084687e-01 -8.207969428391300e-01  1.210345265496567e-03 -8.207969428391300e-01  6.303955991568380e-01 -8.207969428391300e-01  2.849457781660573e-01 -8.207969428391300e-01  2.856861769974291e-03 
-8.167969428391300e-01  1.580799636373649e+00 -8.167969428391300e-01  1.163554016374196e+00 -8.167969428391300e-01  1.248763472808731e+00 -8.167969428391300e-01  1.994524029614547e-01 -8.167969428391300e-01  1.214331035619788e-03 -8.167969428391300e-01  6.318846187236118e-01 -8.167969428391300e-01  2.847693056985736e-01 -8.167969428391300e-01  2.852995556504612e-03 
-8.127969428391300e-01  1.579784478208393e+00 -8.127969428391300e-01  1.164538917412927e+00 -8.127969428391300e-01  1.247299694190421e+00 -8.127969428391300e-01  1.997174067720935e-01 -8.127969428391300e-01  1.218317943572826e-03 -8.127969428391300e-01  6.333741925413586e-01 -8.127969428391300e-01  2.845927895627380e-01 -8.127969428391300e-01  2.849127521781710e-03 
-8.087969428391300e-01  1.578769033329985e+00 -8.087969428391300e-01  1.165524278614326e+00 -8.087969428391300e-01  1.245835303583100e+00 -8.087969428391300e-01  1.999819895346963e-01 -8.087969428391300e-01  1.222305976711512e-03 -8.087969428391300e-01  6.348643146821802e-01 -8.087969428391300e-01  2.844162285644172e-01 -8.087969428391300e-01  2.845257679846613e-03 
-8.047969428391299e-01  1.577753304915799e+00 -8.047969428391299e-01  1.166510096369387e+00 -8.047969428391299e-01  1.244370305421600e+00 -8.047969428391299e-01  2.002461526450892e-01 -8.047969428391299e-01  1.226295122569005e-03 -8.047969428391299e-01  6.363549792331681e-01 -8.047969428391299e-01  2.842396215303409e-01 -8.047969428391299e-01  2.841386044873074e-03 
-8.007969428391299e-01  1.576737296125137e+00 -8.007969428391299e-01  1.167496367153622e+00 -8.007969428391299e-01  1.242904704113903e+00 -8.007969428391299e-01  2.005098974938428e-01 -8.007969428391299e-01  1.230285368749377e-03 -8.007969428391299e-01  6.378461803752419e-01 -8.007969428391299e-01  2.840629672891535e-01 -8.007969428391299e-01  2.837512630702951e-03 
-7.967969428391299e-01  1.575721010082531e+00 -7.967969428391299e-01  1.168483087450394e+00 -7.967969428391299e-01  1.241438504031037e+00 -7.967969428391299e-01  2.007732254704857e-01 -7.967969428391299e-01  1.234276702993150e-03 -7.967969428391299e-01  6.393379123311218e-01 -7.967969428391299e-01  2.838862646832855e-01 -7.967969428391299e-01  2.833637451147242e-03 
-7.927969428391299e-01  1.574704449885068e+00 -7.927969428391299e-01  1.169470253781467e+00 -7.927969428391299e-01  1.239971709511720e+00 -7.927969428391299e-01  2.010361379617030e-01 -7.927969428391299e-01  1.238269113148551e-03 -7.927969428391299e-01  6.408301693852656e-01 -7.927969428391299e-01  2.837095125638821e-01 -7.927969428391299e-01  2.829760519866114e-03 
-7.887969428391299e-01  1.573687618604110e+00 -7.887969428391299e-01  1.170457862712372e+00 -7.887969428391299e-01  1.238504324863529e+00 -7.887969428391299e-01  2.012986363509444e-01 -7.887969428391299e-01  1.242262587164788e-03 -7.887969428391299e-01  6.423229458869359e-01 -7.887969428391299e-01  2.835327097897177e-01 -7.887969428391299e-01  2.825881850347908e-03 
-7.847969428391299e-01  1.572670519276473e+00 -7.847969428391299e-01  1.171445910811070e+00 -7.847969428391299e-01  1.237036354357622e+00 -7.847969428391299e-01  2.015607220206446e-01 -7.847969428391299e-01  1.246257113126658e-03 -7.847969428391299e-01  6.438162362218944e-01 -7.847969428391299e-01  2.833558552335025e-01 -7.847969428391299e-01  2.822001456071368e-03 
-7.807969428391299e-01  1.571653154918808e+00 -7.807969428391299e-01  1.172434394709788e+00 -7.807969428391299e-01  1.235567802237707e+00 -7.807969428391299e-01  2.018223963486857e-01 -7.807969428391299e-01  1.250252679198062e-03 -7.807969428391299e-01  6.453100348533942e-01 -7.807969428391299e-01  2.831789477718631e-01 -7.807969428391299e-01  2.818119350262864e-03 
-7.767969428391299e-01  1.570635528511859e+00 -7.767969428391299e-01  1.173423311033007e+00 -7.767969428391299e-01  1.234098672710489e+00 -7.767969428391299e-01  2.020836607123300e-01 -7.767969428391299e-01  1.254249273683827e-03 -7.767969428391299e-01  6.468043362732945e-01 -7.767969428391299e-01  2.830019862965234e-01 -7.767969428391299e-01  2.814235546179191e-03 
-7.727969428391299e-01  1.569617643017903e+00 -7.727969428391299e-01  1.174412656472905e+00 -7.727969428391299e-01  1.232628969956533e+00 -7.727969428391299e-01  2.023445164839434e-01 -7.727969428391299e-01  1.258246884961248e-03 -7.727969428391299e-01  6.482991350522180e-01 -7.727969428391299e-01  2.828249697021267e-01 -7.727969428391299e-01  2.810350056811254e-03 
-7.687969428391299e-01  1.568599501365027e+00 -7.687969428391299e-01  1.175402427717411e+00 -7.687969428391299e-01  1.231158698120713e+00 -7.687969428391299e-01  2.026049650349075e-01 -7.687969428391299e-01  1.262245501541807e-03 -7.687969428391299e-01  6.497944257907198e-01 -7.687969428391299e-01  2.826478968974208e-01 -7.687969428391299e-01  2.806462895166655e-03 
-7.647969428391299e-01  1.567581106458386e+00 -7.647969428391299e-01  1.176392621498377e+00 -7.647969428391299e-01  1.229687861319266e+00 -7.647969428391299e-01  2.028650077328764e-01 -7.647969428391299e-01  1.266245112026926e-03 -7.647969428391299e-01  6.512902031511469e-01 -7.647969428391299e-01  2.824707667974081e-01 -7.647969428391299e-01  2.802574074080529e-03 
-7.607969428391299e-01  1.566562461180297e+00 -7.607969428391299e-01  1.177383234589858e+00 -7.607969428391299e-01  1.228216463639994e+00 -7.607969428391299e-01  2.031246459417992e-01 -7.607969428391299e-01  1.270245705107673e-03 -7.607969428391299e-01  6.527864618560012e-01 -7.607969428391299e-01  2.822935783234003e-01 -7.607969428391299e-01  2.798683606222225e-03 
-7.567969428391299e-01  1.565543568380658e+00 -7.567969428391299e-01  1.178374263763728e+00 -7.567969428391299e-01  1.226744509136468e+00 -7.567969428391299e-01  2.033838810243003e-01 -7.567969428391299e-01  1.274247269602337e-03 -7.567969428391299e-01  6.542831966576254e-01 -7.567969428391299e-01  2.821163304098549e-01 -7.567969428391299e-01  2.794791504269664e-03 
-7.527969428391299e-01  1.564524430891340e+00 -7.527969428391299e-01  1.179365705851762e+00 -7.527969428391299e-01  1.225272001837042e+00 -7.527969428391299e-01  2.036427143381894e-01 -7.527969428391299e-01  1.278249794399899e-03 -7.527969428391299e-01  6.557804023794640e-01 -7.527969428391299e-01  2.819390219943164e-01 -7.527969428391299e-01  2.790897780665522e-03 
-7.487969428391299e-01  1.563505051512723e+00 -7.487969428391299e-01  1.180357557683802e+00 -7.487969428391299e-01  1.223798945736662e+00 -7.487969428391299e-01  2.039011472397941e-01 -7.487969428391299e-01  1.282253268512952e-03 -7.487969428391299e-01  6.572780738740258e-01 -7.487969428391299e-01  2.817616520270322e-01 -7.487969428391299e-01  2.787002447860068e-03 
-7.447969428391299e-01  1.562485433025826e+00 -7.447969428391299e-01  1.181349816139863e+00 -7.447969428391299e-01  1.222325344804483e+00 -7.447969428391299e-01  2.041591810810313e-01 -7.447969428391299e-01  1.286257681030015e-03 -7.447969428391299e-01  6.587762060574623e-01 -7.447969428391299e-01  2.815842194624771e-01 -7.447969428391299e-01  2.783105518106523e-03 
-7.407969428391299e-01  1.561465578184537e+00 -7.407969428391299e-01  1.182342478113832e+00 -7.407969428391299e-01  1.220851202979197e+00 -7.407969428391299e-01  2.044168172113431e-01 -7.407969428391299e-01  1.290263021146085e-03 -7.407969428391299e-01  6.602747938847146e-01 -7.407969428391299e-01  2.814067232649257e-01 -7.407969428391299e-01  2.779207003603633e-03 
-7.367969428391299e-01  1.560445489719265e+00 -7.367969428391299e-01  1.183335540527780e+00 -7.367969428391299e-01  1.219376524171401e+00 -7.367969428391299e-01  2.046740569768389e-01 -7.367969428391299e-01  1.294269278148233e-03 -7.367969428391299e-01  6.617738323586838e-01 -7.367969428391299e-01  2.812291624059851e-01 -7.367969428391299e-01  2.775306916439455e-03 
-7.327969428391299e-01  1.559425170338011e+00 -7.327969428391299e-01  1.184329000335083e+00 -7.327969428391299e-01  1.217901312264398e+00 -7.327969428391299e-01  2.049309017200837e-01 -7.327969428391299e-01  1.298276441411507e-03 -7.327969428391299e-01  6.632733165319047e-01 -7.327969428391299e-01  2.810515358639079e-01 -7.327969428391299e-01  2.771405268579080e-03 
-7.287969428391299e-01  1.558404622721687e+00 -7.287969428391299e-01  1.185322854497806e+00 -7.287969428391299e-01  1.216425571111404e+00 -7.287969428391299e-01  2.051873527812588e-01 -7.287969428391299e-01  1.302284500417200e-03 -7.287969428391299e-01  6.647732414909061e-01 -7.287969428391299e-01  2.808738426270076e-01 -7.287969428391299e-01  2.767502071953502e-03 
-7.247969428391299e-01  1.557383849535867e+00 -7.247969428391299e-01  1.186317100037059e+00 -7.247969428391299e-01  1.214949304542963e+00 -7.247969428391299e-01  2.054434114953684e-01 -7.247969428391299e-01  1.306293444706752e-03 -7.247969428391299e-01  6.662736023896594e-01 -7.247969428391299e-01  2.806960816854553e-01 -7.247969428391299e-01  2.763597338261819e-03 
-7.207969428391299e-01  1.556362853415539e+00 -7.207969428391299e-01  1.187311733963815e+00 -7.207969428391299e-01  1.213472516357605e+00 -7.207969428391299e-01  2.056990791959569e-01 -7.207969428391299e-01  1.310303263941634e-03 -7.207969428391299e-01  6.677743944026313e-01 -7.207969428391299e-01  2.805182520421153e-01 -7.207969428391299e-01  2.759691079242919e-03 
-7.167969428391299e-01  1.555341636975328e+00 -7.167969428391299e-01  1.188306753322434e+00 -7.167969428391299e-01  1.211995210328310e+00 -7.167969428391299e-01  2.059543572126798e-01 -7.167969428391299e-01  1.314313947863194e-03 -7.167969428391299e-01  6.692756127536529e-01 -7.167969428391299e-01  2.803403527054407e-01 -7.167969428391299e-01  2.755783306504616e-03 
-7.127969428391299e-01  1.554320202811069e+00 -7.127969428391299e-01  1.189302155196076e+00 -7.127969428391299e-01  1.210517390203598e+00 -7.127969428391299e-01  2.062092468709713e-01 -7.127969428391299e-01  1.318325486286495e-03 -7.127969428391299e-01  6.707772527191621e-01 -7.127969428391299e-01  2.801623826884280e-01 -7.127969428391299e-01  2.751874031502300e-03 
-7.087969428391299e-01  1.553298553495978e+00 -7.087969428391299e-01  1.190297936688031e+00 -7.087969428391299e-01  1.209039059705280e+00 -7.087969428391299e-01  2.064637494930040e-01 -7.087969428391299e-01  1.322337869115297e-03 -7.087969428391299e-01  6.722793096152551e-01 -7.087969428391299e-01  2.799843410114210e-01 -7.087969428391299e-01  2.747963265612293e-03 
-7.047969428391299e-01  1.552276691578286e+00 -7.047969428391299e-01  1.191294094909651e+00 -7.047969428391299e-01  1.207560222527093e+00 -7.047969428391299e-01  2.067178663982928e-01 -7.047969428391299e-01  1.326351086351419e-03 -7.047969428391299e-01  6.737817787891707e-01 -7.047969428391299e-01  2.798062267038710e-01 -7.047969428391299e-01  2.744051020179303e-03 
-7.007969428391299e-01  1.551254619589686e+00 -7.007969428391299e-01  1.192290627016170e+00 -7.007969428391299e-01  1.206080882340071e+00 -7.007969428391299e-01  2.069715989017160e-01 -7.007969428391299e-01  1.330365128061504e-03 -7.007969428391299e-01  6.752846556430208e-01 -7.007969428391299e-01  2.796280387984515e-01 -7.007969428391299e-01  2.740137306375681e-03 
-6.967969428391299e-01  1.550232340035731e+00 -6.967969428391299e-01  1.193287530162644e+00 -6.967969428391299e-01  1.204601042786686e+00 -6.967969428391299e-01  2.072249483158474e-01 -6.967969428391299e-01  1.334379984414785e-03 -6.967969428391299e-01  6.767879356037578e-01 -6.967969428391299e-01  2.794497763379271e-01 -6.967969428391299e-01  2.736222135374459e-03 
-6.927969428391298e-01  1.549209855405052e+00 -6.927969428391298e-01  1.194284801543282e+00 -6.927969428391298e-01  1.203120707486702e+00 -6.927969428391298e-01  2.074779159487995e-01 -6.927969428391298e-01  1.338395645646830e-03 -6.927969428391298e-01  6.782916141492835e-01 -6.927969428391298e-01  2.792714383687119e-01 -6.927969428391298e-01  2.732305518194898e-03 
-6.887969428391298e-01  1.548187168170289e+00 -6.887969428391298e-01  1.195282438393837e+00 -6.887969428391298e-01  1.201639880037875e+00 -6.887969428391298e-01  2.077305031040518e-01 -6.887969428391298e-01  1.342412102055926e-03 -6.887969428391298e-01  6.797956868096925e-01 -6.887969428391298e-01  2.790930239403221e-01 -6.887969428391298e-01  2.728387465693143e-03 
-6.847969428391298e-01  1.547164280771268e+00 -6.847969428391298e-01  1.196280437915895e+00 -6.847969428391298e-01  1.200158564005567e+00 -6.847969428391298e-01  2.079827110844758e-01 -6.847969428391298e-01  1.346429344069113e-03 -6.847969428391298e-01  6.813001491159539e-01 -6.847969428391298e-01  2.789145321173285e-01 -6.847969428391298e-01  2.724467988859489e-03 
-6.807969428391298e-01  1.546141195641947e+00 -6.807969428391298e-01  1.197278797394489e+00 -6.807969428391298e-01  1.198676762939670e+00 -6.807969428391298e-01  2.082345411859938e-01 -6.807969428391298e-01  1.350447362136394e-03 -6.807969428391298e-01  6.828049966787316e-01 -6.807969428391298e-01  2.787359619603889e-01 -6.807969428391298e-01  2.720547098356517e-03 
-6.767969428391298e-01  1.545117915187118e+00 -6.767969428391298e-01  1.198277514093555e+00 -6.767969428391298e-01  1.197194480360183e+00 -6.767969428391298e-01  2.084859947031362e-01 -6.767969428391298e-01  1.354466146822220e-03 -6.767969428391298e-01  6.843102251176670e-01 -6.767969428391298e-01  2.785573125428223e-01 -6.767969428391298e-01  2.716624804929665e-03 
-6.727969428391298e-01  1.544094441796670e+00 -6.727969428391298e-01  1.199276585317731e+00 -6.727969428391298e-01  1.195711719766218e+00 -6.727969428391298e-01  2.087370729257076e-01 -6.727969428391298e-01  1.358485688749446e-03 -6.727969428391298e-01  6.858158301026370e-01 -6.727969428391298e-01  2.783785829405689e-01 -6.727969428391298e-01  2.712701119164508e-03 
-6.687969428391298e-01  1.543070777842058e+00 -6.687969428391298e-01  1.200276008395169e+00 -6.687969428391298e-01  1.194228484633913e+00 -6.687969428391298e-01  2.089877771396685e-01 -6.687969428391298e-01  1.362505978613230e-03 -6.687969428391298e-01  6.873218073418501e-01 -6.687969428391298e-01  2.781997722347909e-01 -6.687969428391298e-01  2.708776051554291e-03 
-6.647969428391298e-01  1.542046925673771e+00 -6.647969428391298e-01  1.201275780664963e+00 -6.647969428391298e-01  1.192744778414956e+00 -6.647969428391298e-01  2.092381086277715e-01 -6.647969428391298e-01  1.366527007190996e-03 -6.647969428391298e-01  6.888281525730556e-01 -6.647969428391298e-01  2.780208795137442e-01 -6.647969428391298e-01  2.704849612549291e-03 
-6.607969428391298e-01  1.541022887624850e+00 -6.607969428391298e-01  1.202275899491348e+00 -6.607969428391298e-01  1.191260604538891e+00 -6.607969428391298e-01  2.094880686687733e-01 -6.607969428391298e-01  1.370548765328553e-03 -6.607969428391298e-01  6.903348615727747e-01 -6.607969428391298e-01  2.778419038703575e-01 -6.607969428391298e-01  2.700921812501013e-03 
-6.567969428391298e-01  1.539998666010053e+00 -6.567969428391298e-01  1.203276362258683e+00 -6.567969428391298e-01  1.189775966412700e+00 -6.567969428391298e-01  2.097376585376776e-01 -6.567969428391298e-01  1.374571243943441e-03 -6.567969428391298e-01  6.918419301526102e-01 -6.567969428391298e-01  2.776628444028976e-01 -6.567969428391298e-01  2.696992661681981e-03 
-6.527969428391298e-01  1.538974263126417e+00 -6.527969428391298e-01  1.204277166372548e+00 -6.527969428391298e-01  1.188290867421272e+00 -6.527969428391298e-01  2.099868795056430e-01 -6.527969428391298e-01  1.378594434022674e-03 -6.527969428391298e-01  6.933493541596675e-01 -6.527969428391298e-01  2.774837002146492e-01 -6.527969428391298e-01  2.693062170281292e-03 
-6.487969428391298e-01  1.537949681251970e+00 -6.487969428391298e-01  1.205278309252703e+00 -6.487969428391298e-01  1.186805310926695e+00 -6.487969428391298e-01  2.102357328403269e-01 -6.487969428391298e-01  1.382618326627836e-03 -6.487969428391298e-01  6.948571294715052e-01 -6.487969428391298e-01  2.773044704149182e-01 -6.487969428391298e-01  2.689130348432488e-03 
-6.447969428391298e-01  1.536924922647656e+00 -6.447969428391298e-01  1.206279788340353e+00 -6.447969428391298e-01  1.185319300269559e+00 -6.447969428391298e-01  2.104842198054787e-01 -6.447969428391298e-01  1.386642912887499e-03 -6.447969428391298e-01  6.963652520007224e-01 -6.447969428391298e-01  2.771251541177179e-01 -6.447969428391298e-01  2.685197206184732e-03 
-6.407969428391298e-01  1.535899989561924e+00 -6.407969428391298e-01  1.207281601117016e+00 -6.407969428391298e-01  1.183832838771963e+00 -6.407969428391298e-01  2.107323416599190e-01 -6.407969428391298e-01  1.390668183979202e-03 -6.407969428391298e-01  6.978737177073773e-01 -6.407969428391298e-01  2.769457504386094e-01 -6.407969428391298e-01  2.681262753429002e-03 
-6.367969428391298e-01  1.534874884215571e+00 -6.367969428391298e-01  1.208283745036471e+00 -6.367969428391298e-01  1.182345929728079e+00 -6.367969428391298e-01  2.109800996610961e-01 -6.367969428391298e-01  1.394694131188977e-03 -6.367969428391298e-01  6.993825225528398e-01 -6.367969428391298e-01  2.767662585055142e-01 -6.367969428391298e-01  2.677327000165123e-03 
-6.327969428391298e-01  1.533849608823742e+00 -6.327969428391298e-01  1.209286217620466e+00 -6.327969428391298e-01  1.180858576418089e+00 -6.327969428391298e-01  2.112274950600324e-01 -6.327969428391298e-01  1.398720745824974e-03 -6.327969428391298e-01  7.008916625639816e-01 -6.327969428391298e-01  2.765866774431855e-01 -6.327969428391298e-01  2.673389956126027e-03 
-6.287969428391298e-01  1.532824165576939e+00 -6.287969428391298e-01  1.210289016373807e+00 -6.287969428391298e-01  1.179370782096346e+00 -6.287969428391298e-01  2.114745291057616e-01 -6.287969428391298e-01  1.402748019292016e-03 -6.287969428391298e-01  7.024011337756924e-01 -6.287969428391298e-01  2.764070063867488e-01 -6.287969428391298e-01  2.669451631111172e-03 
-6.247969428391298e-01  1.531798556657838e+00 -6.247969428391298e-01  1.211292138857198e+00 -6.247969428391298e-01  1.177882550002051e+00 -6.247969428391298e-01  2.117212030414866e-01 -6.247969428391298e-01  1.406775943025541e-03 -6.247969428391298e-01  7.039109322796608e-01 -6.247969428391298e-01  2.762272444698413e-01 -6.247969428391298e-01  2.665512034700484e-03 
-6.207969428391298e-01  1.530772784221124e+00 -6.207969428391298e-01  1.212295582597232e+00 -6.207969428391298e-01  1.176393883346668e+00 -6.207969428391298e-01  2.119675181092733e-01 -6.207969428391298e-01  1.410804508570831e-03 -6.207969428391298e-01  7.054210541634691e-01 -6.207969428391298e-01  2.760473908390010e-01 -6.207969428391298e-01  2.661571176607860e-03 
-6.167969428391298e-01  1.529746850419151e+00 -6.167969428391298e-01  1.213299345198165e+00 -6.167969428391298e-01  1.174904785330177e+00 -6.167969428391298e-01  2.122134755441841e-01 -6.167969428391298e-01  1.414833707482229e-03 -6.167969428391298e-01  7.069314955856204e-01 -6.167969428391298e-01  2.758674446355142e-01 -6.167969428391298e-01  2.657629066242188e-03 
-6.127969428391298e-01  1.528720757377629e+00 -6.127969428391298e-01  1.214303424233724e+00 -6.127969428391298e-01  1.173415259125857e+00 -6.127969428391298e-01  2.124590765799137e-01 -6.127969428391298e-01  1.418863531418610e-03 -6.127969428391298e-01  7.084422527023774e-01 -6.127969428391298e-01  2.756874050127535e-01 -6.127969428391298e-01  2.653685713132237e-03 
-6.087969428391298e-01  1.527694507211155e+00 -6.087969428391298e-01  1.215307817314408e+00 -6.087969428391298e-01  1.171925307890175e+00 -6.087969428391298e-01  2.127043224452599e-01 -6.087969428391298e-01  1.422893972082392e-03 -6.087969428391298e-01  7.099533217128411e-01 -6.087969428391298e-01  2.755072711251996e-01 -6.087969428391298e-01  2.649741126662397e-03 
-6.047969428391298e-01  1.526668102019626e+00 -6.047969428391298e-01  1.216312522070343e+00 -6.047969428391298e-01  1.170434934760619e+00 -6.047969428391298e-01  2.129492143649961e-01 -6.047969428391298e-01  1.426925021233643e-03 -6.047969428391298e-01  7.114646988471433e-01 -6.047969428391298e-01  2.753270421310870e-01 -6.047969428391298e-01  2.645795316139944e-03 
-6.007969428391298e-01  1.525641543886875e+00 -6.007969428391298e-01  1.217317536144356e+00 -6.007969428391298e-01  1.168944142854936e+00 -6.007969428391298e-01  2.131937535602216e-01 -6.007969428391298e-01  1.430956670695398e-03 -6.007969428391298e-01  7.129763803615250e-01 -6.007969428391298e-01  2.751467171934100e-01 -6.007969428391298e-01  2.641848290822259e-03 
-5.967969428391298e-01  1.524614834880088e+00 -5.967969428391298e-01  1.218322857188201e+00 -5.967969428391298e-01  1.167452935270864e+00 -5.967969428391298e-01  2.134379412485389e-01 -5.967969428391298e-01  1.434988912355986e-03 -5.967969428391298e-01  7.144883625355348e-01 -5.967969428391298e-01  2.749662954804255e-01 -5.967969428391298e-01  2.637900059931721e-03 
-5.927969428391298e-01  1.523587977057587e+00 -5.927969428391298e-01  1.219328482895639e+00 -5.927969428391298e-01  1.165961315091138e+00 -5.927969428391298e-01  2.136817786423248e-01 -5.927969428391298e-01  1.439021738138455e-03 -5.927969428391298e-01  7.160006416940747e-01 -5.927969428391298e-01  2.747857761601785e-01 -5.927969428391298e-01  2.633950632525694e-03 
-5.887969428391298e-01  1.522560972458497e+00 -5.887969428391298e-01  1.220334410956091e+00 -5.887969428391298e-01  1.164469285377058e+00 -5.887969428391298e-01  2.139252669511245e-01 -5.887969428391298e-01  1.443055140041133e-03 -5.887969428391298e-01  7.175132141759272e-01 -5.887969428391298e-01  2.746051584078978e-01 -5.887969428391298e-01  2.630000017678569e-03 
-5.847969428391298e-01  1.521533823107768e+00 -5.847969428391298e-01  1.221340639075464e+00 -5.847969428391298e-01  1.162976849171760e+00 -5.847969428391298e-01  2.141684073805520e-01 -5.847969428391298e-01  1.447089110117938e-03 -5.847969428391298e-01  7.190260763475449e-01 -5.847969428391298e-01  2.744244414025192e-01 -5.847969428391298e-01  2.626048224400032e-03 
-5.807969428391297e-01  1.520506531018974e+00 -5.807969428391297e-01  1.222347164987462e+00 -5.807969428391297e-01  1.161484009502077e+00 -5.807969428391297e-01  2.144112011316972e-01 -5.807969428391297e-01  1.451123640467342e-03 -5.807969428391297e-01  7.205392246104394e-01 -5.807969428391297e-01  2.742436243247388e-01 -5.807969428391297e-01  2.622095261590569e-03 
-5.767969428391297e-01  1.519479098186043e+00 -5.767969428391297e-01  1.223353986416244e+00 -5.767969428391297e-01  1.159990769373397e+00 -5.767969428391297e-01  2.146536494030422e-01 -5.767969428391297e-01  1.455158723264908e-03 -5.767969428391297e-01  7.220526553757782e-01 -5.767969428391297e-01  2.740627063629716e-01 -5.767969428391297e-01  2.618141138188197e-03 
-5.727969428391297e-01  1.518451526595616e+00 -5.727969428391297e-01  1.224361101129623e+00 -5.727969428391297e-01  1.158497131777582e+00 -5.727969428391297e-01  2.148957533877084e-01 -5.727969428391297e-01  1.459194350714711e-03 -5.727969428391297e-01  7.235663651000048e-01 -5.727969428391297e-01  2.738816867046059e-01 -5.727969428391297e-01  2.614185862959420e-03 
-5.687969428391297e-01  1.517423818221669e+00 -5.687969428391297e-01  1.225368506914433e+00 -5.687969428391297e-01  1.157003099689661e+00 -5.687969428391297e-01  2.151375142747218e-01 -5.687969428391297e-01  1.463230515070485e-03 -5.687969428391297e-01  7.250803502680223e-01 -5.687969428391297e-01  2.737005645398992e-01 -5.687969428391297e-01  2.610229444596113e-03 
-5.647969428391297e-01  1.516395975016790e+00 -5.647969428391297e-01  1.226376201537315e+00 -5.647969428391297e-01  1.155508676062378e+00 -5.647969428391297e-01  2.153789332510094e-01 -5.647969428391297e-01  1.467267208669826e-03 -5.647969428391297e-01  7.265946073665288e-01 -5.647969428391297e-01  2.735193390682535e-01 -5.647969428391297e-01  2.606271891869389e-03 
-5.607969428391297e-01  1.515367998927748e+00 -5.607969428391297e-01  1.227384182811964e+00 -5.607969428391297e-01  1.154013863836165e+00 -5.607969428391297e-01  2.156200114979465e-01 -5.607969428391297e-01  1.471304423873134e-03 -5.607969428391297e-01  7.281091329291280e-01 -5.607969428391297e-01  2.733380094871832e-01 -5.607969428391297e-01  2.602313213365626e-03 
-5.567969428391297e-01  1.514339891885692e+00 -5.567969428391297e-01  1.228392448555128e+00 -5.567969428391297e-01  1.152518665933010e+00 -5.567969428391297e-01  2.158607501935982e-01 -5.567969428391297e-01  1.475342153102026e-03 -5.567969428391297e-01  7.296239235064517e-01 -5.567969428391297e-01  2.731565749993680e-01 -5.567969428391297e-01  2.598353417659168e-03 
-5.527969428391297e-01  1.513311655810390e+00 -5.527969428391297e-01  1.229400996604316e+00 -5.527969428391297e-01  1.151023085259235e+00 -5.527969428391297e-01  2.161011505118158e-01 -5.527969428391297e-01  1.479380388822779e-03 -5.527969428391297e-01  7.311389756778779e-01 -5.527969428391297e-01  2.729750348096764e-01 -5.527969428391297e-01  2.594392513242834e-03 
-5.487969428391297e-01  1.512283292606365e+00 -5.487969428391297e-01  1.230409824799903e+00 -5.487969428391297e-01  1.149527124703137e+00 -5.487969428391297e-01  2.163412136231362e-01 -5.487969428391297e-01  1.483419123561365e-03 -5.487969428391297e-01  7.326542860392768e-01 -5.487969428391297e-01  2.727933881279855e-01 -5.487969428391297e-01  2.590430508598203e-03 
-5.447969428391297e-01  1.511254804168032e+00 -5.447969428391297e-01  1.231418931006561e+00 -5.447969428391297e-01  1.148030787138332e+00 -5.447969428391297e-01  2.165809406936832e-01 -5.447969428391297e-01  1.487458349883439e-03 -5.447969428391297e-01  7.341698512172227e-01 -5.447969428391297e-01  2.726116341655914e-01 -5.447969428391297e-01  2.586467412111405e-03 
-5.407969428391297e-01  1.510226192375831e+00 -5.407969428391297e-01  1.232428313095624e+00 -5.407969428391297e-01  1.146534075421386e+00 -5.407969428391297e-01  2.168203328860695e-01 -5.407969428391297e-01  1.491498060409428e-03 -5.407969428391297e-01  7.356856678569225e-01 -5.407969428391297e-01  2.724297721379944e-01 -5.407969428391297e-01  2.582503232142428e-03 
-5.367969428391297e-01  1.509197459101872e+00 -5.367969428391297e-01  1.233437968968680e+00 -5.367969428391297e-01  1.145036992395497e+00 -5.367969428391297e-01  2.170593913581831e-01 -5.367969428391297e-01  1.495538247792365e-03 -5.367969428391297e-01  7.372017326379057e-01 -5.367969428391297e-01  2.722478012609509e-01 -5.367969428391297e-01  2.578537976932453e-03 
-5.327969428391297e-01  1.508168606202918e+00 -5.327969428391297e-01  1.234447896525998e+00 -5.327969428391297e-01  1.143539540886108e+00 -5.327969428391297e-01  2.172981172647902e-01 -5.327969428391297e-01  1.499578904745467e-03 -5.327969428391297e-01  7.387180422525479e-01 -5.327969428391297e-01  2.720657207555389e-01 -5.327969428391297e-01  2.574571654727781e-03 
-5.287969428391297e-01  1.507139635522631e+00 -5.287969428391297e-01  1.235458093675533e+00 -5.287969428391297e-01  1.142041723702432e+00 -5.287969428391297e-01  2.175365117570773e-01 -5.287969428391297e-01  1.503620024033350e-03 -5.287969428391297e-01  7.402345934119523e-01 -5.287969428391297e-01  2.718835298466060e-01 -5.287969428391297e-01  2.570604273744624e-03 
-5.247969428391297e-01  1.506110548897181e+00 -5.247969428391297e-01  1.236468558356519e+00 -5.247969428391297e-01  1.140543543641092e+00 -5.247969428391297e-01  2.177745759814479e-01 -5.247969428391297e-01  1.507661598449914e-03 -5.247969428391297e-01  7.417513828616418e-01 -5.247969428391297e-01  2.717012277588118e-01 -5.247969428391297e-01  2.566635842076257e-03 
-5.207969428391297e-01  1.505081348149508e+00 -5.207969428391297e-01  1.237479288513496e+00 -5.207969428391297e-01  1.139045003482569e+00 -5.207969428391297e-01  2.180123110808418e-01 -5.207969428391297e-01  1.511703620840992e-03 -5.207969428391297e-01  7.432684073638761e-01 -5.207969428391297e-01  2.715188137207937e-01 -5.207969428391297e-01  2.562666367795169e-03 
-5.167969428391297e-01  1.504052035090010e+00 -5.167969428391297e-01  1.238490282098490e+00 -5.167969428391297e-01  1.137546105991712e+00 -5.167969428391297e-01  2.182497181946155e-01 -5.167969428391297e-01  1.515746084101530e-03 -5.167969428391297e-01  7.447856636989330e-01 -5.167969428391297e-01  2.713362869647255e-01 -5.167969428391297e-01  2.558695858944433e-03 
-5.127969428391297e-01  1.503022611519751e+00 -5.127969428391297e-01  1.239501537084159e+00 -5.127969428391297e-01  1.136046853919864e+00 -5.127969428391297e-01  2.184867984578835e-01 -5.127969428391297e-01  1.519788981163095e-03 -5.127969428391297e-01  7.463031486737750e-01 -5.127969428391297e-01  2.711536467240768e-01 -5.127969428391297e-01  2.554724323486110e-03 
-5.087969428391297e-01  1.501993079229415e+00 -5.087969428391297e-01  1.240513051458325e+00 -5.087969428391297e-01  1.134547250004295e+00 -5.087969428391297e-01  2.187235530017870e-01 -5.087969428391297e-01  1.523832304997894e-03 -5.087969428391297e-01  7.478208591181912e-01 -5.087969428391297e-01  2.709708922344225e-01 -5.087969428391297e-01  2.550751769322683e-03 
-5.047969428391297e-01  1.500963439997578e+00 -5.047969428391297e-01  1.241524823215727e+00 -5.047969428391297e-01  1.133047296967153e+00 -5.047969428391297e-01  2.189599829539173e-01 -5.047969428391297e-01  1.527876048625615e-03 -5.047969428391297e-01  7.493387918790551e-01 -5.047969428391297e-01  2.707880227347131e-01 -5.047969428391297e-01  2.546778204329476e-03 
-5.007969428391297e-01  1.499933695592298e+00 -5.007969428391297e-01  1.242536850363992e+00 -5.007969428391297e-01  1.131546997516586e+00 -5.007969428391297e-01  2.191960894380083e-01 -5.007969428391297e-01  1.531920205107190e-03 -5.007969428391297e-01  7.508569438241677e-01 -5.007969428391297e-01  2.706050374662158e-01 -5.007969428391297e-01  2.542803636331203e-03 
-4.967969428391297e-01  1.498903847770620e+00 -4.967969428391297e-01  1.243549130920790e+00 -4.967969428391297e-01  1.130046354346494e+00 -4.967969428391297e-01  2.194318735740828e-01 -4.967969428391297e-01  1.535964767546699e-03 -4.967969428391297e-01  7.523753118401781e-01 -4.967969428391297e-01  2.704219356729001e-01 -4.967969428391297e-01  2.538828073113151e-03 
-4.927969428391297e-01  1.497873898280235e+00 -4.927969428391297e-01  1.244561662920188e+00 -4.927969428391297e-01  1.128545370137668e+00 -4.927969428391297e-01  2.196673364781341e-01 -4.927969428391297e-01  1.540009729084887e-03 -4.927969428391297e-01  7.538938928366783e-01 -4.927969428391297e-01  2.702387166003110e-01 -4.927969428391297e-01  2.534851522396190e-03 
-4.887969428391297e-01  1.496843848859668e+00 -4.887969428391297e-01  1.245574444412706e+00 -4.887969428391297e-01  1.127044047557993e+00 -4.887969428391297e-01  2.199024792621260e-01 -4.887969428391297e-01  1.544055082898405e-03 -4.887969428391297e-01  7.554126837460772e-01 -4.887969428391297e-01  2.700553794954786e-01 -4.887969428391297e-01  2.530873991836564e-03 
-4.847969428391297e-01  1.495813701236565e+00 -4.847969428391297e-01  1.246587473457030e+00 -4.847969428391297e-01  1.125542389261434e+00 -4.847969428391297e-01  2.201373030344088e-01 -4.847969428391297e-01  1.548100822206556e-03 -4.847969428391297e-01  7.569316815178549e-01 -4.847969428391297e-01  2.698719236082054e-01 -4.847969428391297e-01  2.526895489058450e-03 
-4.807969428391297e-01  1.494783457124971e+00 -4.807969428391297e-01  1.247600748107408e+00 -4.807969428391297e-01  1.124040397886368e+00 -4.807969428391297e-01  2.203718089003474e-01 -4.807969428391297e-01  1.552146940281977e-03 -4.807969428391297e-01  7.584508831098939e-01 -4.807969428391297e-01  2.696883481930734e-01 -4.807969428391297e-01  2.522916021703506e-03 
-4.767969428391297e-01  1.493753118235467e+00 -4.767969428391297e-01  1.248614266457080e+00 -4.767969428391297e-01  1.122538076062150e+00 -4.767969428391297e-01  2.206059979601656e-01 -4.767969428391297e-01  1.556193430410873e-03 -4.767969428391297e-01  7.599702855175859e-01 -4.767969428391297e-01  2.695046525021974e-01 -4.767969428391297e-01  2.518935597260184e-03 
-4.727969428391297e-01  1.492722686265469e+00 -4.727969428391297e-01  1.249628026595214e+00 -4.727969428391297e-01  1.121035426402983e+00 -4.727969428391297e-01  2.208398713110848e-01 -4.727969428391297e-01  1.560240285930977e-03 -4.727969428391297e-01  7.614898857446544e-01 -4.727969428391297e-01  2.693208357922576e-01 -4.727969428391297e-01  2.514954223232959e-03 
-4.687969428391296e-01  1.491692162903044e+00 -4.687969428391296e-01  1.250642026622771e+00 -4.687969428391296e-01  1.119532451510439e+00 -4.687969428391296e-01  2.210734300465472e-01 -4.687969428391296e-01  1.564287500216775e-03 -4.687969428391296e-01  7.630096808136797e-01 -4.687969428391296e-01  2.691368973218068e-01 -4.687969428391296e-01  2.510971907079989e-03 
-4.647969428391296e-01  1.490661549825976e+00 -4.647969428391296e-01  1.251656264647776e+00 -4.647969428391296e-01  1.118029153972925e+00 -4.647969428391296e-01  2.213066752564473e-01 -4.647969428391296e-01  1.568335066682992e-03 -4.647969428391296e-01  7.645296677627744e-01 -4.647969428391296e-01  2.689528363519828e-01 -4.647969428391296e-01  2.506988656231710e-03 
-4.607969428391296e-01  1.489630848708059e+00 -4.607969428391296e-01  1.252670738811835e+00 -4.607969428391296e-01  1.116525536369811e+00 -4.607969428391296e-01  2.215396080258213e-01 -4.607969428391296e-01  1.572382978759941e-03 -4.607969428391296e-01  7.660498436632583e-01 -4.607969428391296e-01  2.687686521420396e-01 -4.607969428391296e-01  2.503004477986634e-03 
-4.567969428391296e-01  1.488600061210362e+00 -4.567969428391296e-01  1.253685447251565e+00 -4.567969428391296e-01  1.115021601265895e+00 -4.567969428391296e-01  2.217722294367732e-01 -4.567969428391296e-01  1.576431229927873e-03 -4.567969428391296e-01  7.675702055935674e-01 -4.567969428391296e-01  2.685843439556614e-01 -4.567969428391296e-01  2.499019379662899e-03 
-4.527969428391296e-01  1.487569188978861e+00 -4.527969428391296e-01  1.254700388087435e+00 -4.527969428391296e-01  1.113517351209955e+00 -4.527969428391296e-01  2.220045405690164e-01 -4.527969428391296e-01  1.580479813726261e-03 -4.527969428391296e-01  7.690907506315459e-01 -4.527969428391296e-01  2.683999110627509e-01 -4.527969428391296e-01  2.495033368642039e-03 
-4.487969428391296e-01  1.486538233664852e+00 -4.487969428391296e-01  1.255715559511991e+00 -4.487969428391296e-01  1.112012788747929e+00 -4.487969428391296e-01  2.222365424955270e-01 -4.487969428391296e-01  1.584528723673534e-03 -4.487969428391296e-01  7.706114759137545e-01 -4.487969428391296e-01  2.682153527247261e-01 -4.487969428391296e-01  2.491046452022544e-03 
-4.447969428391296e-01  1.485507196896935e+00 -4.447969428391296e-01  1.256730959667198e+00 -4.447969428391296e-01  1.110507916404997e+00 -4.447969428391296e-01  2.224682362886050e-01 -4.447969428391296e-01  1.588577953377250e-03 -4.447969428391296e-01  7.721323785526941e-01 -4.447969428391296e-01  2.680306682147952e-01 -4.447969428391296e-01  2.487058637101515e-03 
-4.407969428391296e-01  1.484476080305289e+00 -4.407969428391296e-01  1.257746586749359e+00 -4.407969428391296e-01  1.109002736701252e+00 -4.407969428391296e-01  2.226996230147032e-01 -4.407969428391296e-01  1.592627496438686e-03 -4.407969428391296e-01  7.736534557073242e-01 -4.407969428391296e-01  2.678458568004789e-01 -4.407969428391296e-01  2.483069930962691e-03 
-4.367969428391296e-01  1.483444885505056e+00 -4.367969428391296e-01  1.258762438936152e+00 -4.367969428391296e-01  1.107497252141094e+00 -4.367969428391296e-01  2.229307037380268e-01 -4.367969428391296e-01  1.596677346518074e-03 -4.367969428391296e-01  7.751747045337883e-01 -4.367969428391296e-01  2.676609177556580e-01 -4.367969428391296e-01  2.479080340762938e-03 
-4.327969428391296e-01  1.482413614105810e+00 -4.327969428391296e-01  1.259778514427189e+00 -4.327969428391296e-01  1.105991465219383e+00 -4.327969428391296e-01  2.231614795185465e-01 -4.327969428391296e-01  1.600727497297471e-03 -4.327969428391296e-01  7.766961222125839e-01 -4.327969428391296e-01  2.674758503537666e-01 -4.327969428391296e-01  2.475089873572954e-03 
-4.287969428391296e-01  1.481382267708801e+00 -4.287969428391296e-01  1.260794811431296e+00 -4.287969428391296e-01  1.104485378419745e+00 -4.287969428391296e-01  2.233919514126294e-01 -4.287969428391296e-01  1.604777942491561e-03 -4.287969428391296e-01  7.782177059398592e-01 -4.287969428391296e-01  2.672906538698441e-01 -4.287969428391296e-01  2.471098536427315e-03 
-4.247969428391296e-01  1.480350847909163e+00 -4.247969428391296e-01  1.261811328175506e+00 -4.247969428391296e-01  1.102978994216068e+00 -4.247969428391296e-01  2.236221204726071e-01 -4.247969428391296e-01  1.608828675838960e-03 -4.247969428391296e-01  7.797394529333288e-01 -4.247969428391296e-01  2.671053275789635e-01 -4.247969428391296e-01  2.467106336289018e-03 
-4.207969428391296e-01  1.479319356293806e+00 -4.207969428391296e-01  1.262828062895136e+00 -4.207969428391296e-01  1.101472315071206e+00 -4.207969428391296e-01  2.238519877472659e-01 -4.207969428391296e-01  1.612879691110528e-03 -4.207969428391296e-01  7.812613604254561e-01 -4.207969428391296e-01  2.669198707578231e-01 -4.207969428391296e-01  2.463113280088581e-03 
-4.167969428391296e-01  1.478287794433053e+00 -4.167969428391296e-01  1.263845013797066e+00 -4.167969428391296e-01  1.099965343431669e+00 -4.167969428391296e-01  2.240815542836562e-01 -4.167969428391296e-01  1.616930982142227e-03 -4.167969428391296e-01  7.827834256386054e-01 -4.167969428391296e-01  2.667342826908152e-01 -4.167969428391296e-01  2.459119374868180e-03 
-4.127969428391296e-01  1.477256163905381e+00 -4.127969428391296e-01  1.264862179166130e+00 -4.127969428391296e-01  1.098458081743632e+00 -4.127969428391296e-01  2.243108211218853e-01 -4.127969428391296e-01  1.620982542737865e-03 -4.127969428391296e-01  7.843056458565230e-01 -4.127969428391296e-01  2.665485626521998e-01 -4.127969428391296e-01  2.455124627363835e-03 
-4.087969428391296e-01  1.476224466267360e+00 -4.087969428391296e-01  1.265879557234431e+00 -4.087969428391296e-01  1.096950532433628e+00 -4.087969428391296e-01  2.245397893015283e-01 -4.087969428391296e-01  1.625034366787265e-03 -4.087969428391296e-01  7.858280183362445e-01 -4.087969428391296e-01  2.663627099278657e-01 -4.087969428391296e-01  2.451129044518682e-03 
-4.047969428391296e-01  1.475192703076192e+00 -4.047969428391296e-01  1.266897146278181e+00 -4.047969428391296e-01  1.095442697923158e+00 -4.047969428391296e-01  2.247684598568964e-01 -4.047969428391296e-01  1.629086448177733e-03 -4.047969428391296e-01  7.873505403731383e-01 -4.047969428391296e-01  2.661767237990905e-01 -4.047969428391296e-01  2.447132633102595e-03 
-4.007969428391296e-01  1.474160875878665e+00 -4.007969428391296e-01  1.267914944569386e+00 -4.007969428391296e-01  1.093934580621617e+00 -4.007969428391296e-01  2.249968338194062e-01 -4.007969428391296e-01  1.633138780837360e-03 -4.007969428391296e-01  7.888732092682751e-01 -4.007969428391296e-01  2.659906035505551e-01 -4.007969428391296e-01  2.443135399901995e-03 
-3.967969428391296e-01  1.473128986215068e+00 -3.967969428391296e-01  1.268932950392083e+00 -3.967969428391296e-01  1.092426182928906e+00 -3.967969428391296e-01  2.252249122167960e-01 -3.967969428391296e-01  1.637191358719725e-03 -3.967969428391296e-01  7.903960223392158e-01 -3.967969428391296e-01  2.658043484675677e-01 -3.967969428391296e-01  2.439137351656030e-03 
-3.927969428391296e-01  1.472097035619569e+00 -3.927969428391296e-01  1.269951162043405e+00 -3.927969428391296e-01  1.090917507235740e+00 -3.927969428391296e-01  2.254526960730850e-01 -3.927969428391296e-01  1.641244175802399e-03 -3.927969428391296e-01  7.919189769206137e-01 -3.927969428391296e-01  2.656179578358235e-01 -3.927969428391296e-01  2.435138495052436e-03 
-3.887969428391296e-01  1.471065025617290e+00 -3.887969428391296e-01  1.270969577820326e+00 -3.887969428391296e-01  1.089408555921818e+00 -3.887969428391296e-01  2.256801864092225e-01 -3.887969428391296e-01  1.645297226098393e-03 -3.887969428391296e-01  7.934420703551675e-01 -3.887969428391296e-01  2.654314309435687e-01 -3.887969428391296e-01  2.431138836779565e-03 
-3.847969428391296e-01  1.470032957730940e+00 -3.847969428391296e-01  1.271988196047751e+00 -3.847969428391296e-01  1.087899331360183e+00 -3.847969428391296e-01  2.259073842417395e-01 -3.847969428391296e-01  1.649350503630133e-03 -3.847969428391296e-01  7.949653000124034e-01 -3.847969428391296e-01  2.652447670768250e-01 -3.847969428391296e-01  2.427138383416059e-03 
-3.807969428391296e-01  1.469000833470300e+00 -3.807969428391296e-01  1.273007015032468e+00 -3.807969428391296e-01  1.086389835910498e+00 -3.807969428391296e-01  2.261342905849884e-01 -3.807969428391296e-01  1.653404002470802e-03 -3.807969428391296e-01  7.964886632575694e-01 -3.807969428391296e-01  2.650579655270675e-01 -3.807969428391296e-01  2.423137141611738e-03 
-3.767969428391296e-01  1.467968654340352e+00 -3.767969428391296e-01  1.274026033097767e+00 -3.767969428391296e-01  1.084880071924350e+00 -3.767969428391296e-01  2.263609064494741e-01 -3.767969428391296e-01  1.657457716712344e-03 -3.767969428391296e-01  7.980121574748221e-01 -3.767969428391296e-01  2.648710255853543e-01 -3.767969428391296e-01  2.419135117951589e-03 
-3.727969428391296e-01  1.466936421843881e+00 -3.727969428391296e-01  1.275045248593969e+00 -3.727969428391296e-01  1.083370041747014e+00 -3.727969428391296e-01  2.265872328413545e-01 -3.727969428391296e-01  1.661511640455253e-03 -3.727969428391296e-01  7.995357800741744e-01 -3.727969428391296e-01  2.646839465404906e-01 -3.727969428391296e-01  2.415132318914460e-03 
-3.687969428391296e-01  1.465904137470914e+00 -3.687969428391296e-01  1.276064659852378e+00 -3.687969428391296e-01  1.081859747710685e+00 -3.687969428391296e-01  2.268132707646817e-01 -3.687969428391296e-01  1.665565767850130e-03 -3.687969428391296e-01  8.010595284604184e-01 -3.687969428391296e-01  2.644967276867263e-01 -3.687969428391296e-01  2.411128751053875e-03 
-3.647969428391296e-01  1.464871802709323e+00 -3.647969428391296e-01  1.277084265230403e+00 -3.647969428391296e-01  1.080349192141395e+00 -3.647969428391296e-01  2.270390212192261e-01 -3.647969428391296e-01  1.669620093055939e-03 -3.647969428391296e-01  8.025834000633548e-01 -3.647969428391296e-01  2.643093683161005e-01 -3.647969428391296e-01  2.407124420820834e-03 
-3.607969428391296e-01  1.463839419041583e+00 -3.607969428391296e-01  1.278104063097036e+00 -3.607969428391296e-01  1.078838377356991e+00 -3.607969428391296e-01  2.272644852011932e-01 -3.607969428391296e-01  1.673674610252803e-03 -3.607969428391296e-01  8.041073923279144e-01 -3.607969428391296e-01  2.641218677208287e-01 -3.607969428391296e-01  2.403119334620833e-03 
-3.567969428391295e-01  1.462806987941007e+00 -3.567969428391295e-01  1.279124051816095e+00 -3.567969428391295e-01  1.077327305664752e+00 -3.567969428391295e-01  2.274896637040420e-01 -3.567969428391295e-01  1.677729313656772e-03 -3.567969428391295e-01  8.056315027027849e-01 -3.567969428391295e-01  2.639342251960811e-01 -3.567969428391295e-01  2.399113498879752e-03 
-3.527969428391295e-01  1.461774510874658e+00 -3.527969428391295e-01  1.280144229758208e+00 -3.527969428391295e-01  1.075815979363349e+00 -3.527969428391295e-01  2.277145577179155e-01 -3.527969428391295e-01  1.681784197508411e-03 -3.527969428391295e-01  8.071557286483474e-01 -3.527969428391295e-01  2.637464400379025e-01 -3.527969428391295e-01  2.395106919996620e-03 
-3.487969428391295e-01  1.460741989304612e+00 -3.487969428391295e-01  1.281164595305701e+00 -3.487969428391295e-01  1.074304400743715e+00 -3.487969428391295e-01  2.279391682294145e-01 -3.487969428391295e-01  1.685839256067774e-03 -3.487969428391295e-01  8.086800676398668e-01 -3.487969428391295e-01  2.635585115423392e-01 -3.487969428391295e-01  2.391099604324595e-03 
-3.447969428391295e-01  1.459709424690756e+00 -3.447969428391295e-01  1.282185146864154e+00 -3.447969428391295e-01  1.072792572090925e+00 -3.447969428391295e-01  2.281634962210633e-01 -3.447969428391295e-01  1.689894483603504e-03 -3.447969428391295e-01  8.102045171751489e-01 -3.447969428391295e-01  2.633704390034219e-01 -3.447969428391295e-01  2.387091558125530e-03 
-3.407969428391295e-01  1.458676818480493e+00 -3.407969428391295e-01  1.283205882817459e+00 -3.407969428391295e-01  1.071280495677600e+00 -3.407969428391295e-01  2.283875426734668e-01 -3.407969428391295e-01  1.693949874433204e-03 -3.407969428391295e-01  8.117290747442146e-01 -3.407969428391295e-01  2.631822217207230e-01 -3.407969428391295e-01  2.383082787746372e-03 
-3.367969428391295e-01  1.457644172119274e+00 -3.367969428391295e-01  1.284226801572736e+00 -3.367969428391295e-01  1.069768173770773e+00 -3.367969428391295e-01  2.286113085631756e-01 -3.367969428391295e-01  1.698005422882117e-03 -3.367969428391295e-01  8.132537378594014e-01 -3.367969428391295e-01  2.629938589917038e-01 -3.367969428391295e-01  2.379073299442931e-03 
-3.327969428391295e-01  1.456611487049869e+00 -3.327969428391295e-01  1.285247901556628e+00 -3.327969428391295e-01  1.068255608631498e+00 -3.327969428391295e-01  2.288347948628748e-01 -3.327969428391295e-01  1.702061123285930e-03 -3.327969428391295e-01  8.147785040527596e-01 -3.327969428391295e-01  2.628053501122773e-01 -3.327969428391295e-01  2.375063099394281e-03 
-3.287969428391295e-01  1.455578764705424e+00 -3.287969428391295e-01  1.286269181184812e+00 -3.287969428391295e-01  1.066742802510404e+00 -3.287969428391295e-01  2.290580025428501e-01 -3.287969428391295e-01  1.706116970018115e-03 -3.287969428391295e-01  8.163033708554601e-01 -3.287969428391295e-01  2.626166943819356e-01 -3.287969428391295e-01  2.371052193822584e-03 
-3.247969428391295e-01  1.454546006513238e+00 -3.247969428391295e-01  1.287290638877998e+00 -3.247969428391295e-01  1.065229757650202e+00 -3.247969428391295e-01  2.292809325702422e-01 -3.247969428391295e-01  1.710172957475028e-03 -3.247969428391295e-01  8.178283358084475e-01 -3.247969428391295e-01  2.624278911009895e-01 -3.247969428391295e-01  2.367040588930243e-03 
-3.207969428391295e-01  1.453513213900131e+00 -3.207969428391295e-01  1.288312273084208e+00 -3.207969428391295e-01  1.063716476289240e+00 -3.207969428391295e-01  2.295035859079898e-01 -3.207969428391295e-01  1.714229080054915e-03 -3.207969428391295e-01  8.193533964773073e-01 -3.207969428391295e-01  2.622389395667221e-01 -3.207969428391295e-01  2.363028290812385e-03 
-3.167969428391295e-01  1.452480388283009e+00 -3.167969428391295e-01  1.289334082237874e+00 -3.167969428391295e-01  1.062202960655427e+00 -3.167969428391295e-01  2.297259635167921e-01 -3.167969428391295e-01  1.718285332194859e-03 -3.167969428391295e-01  8.208785504246912e-01 -3.167969428391295e-01  2.620498390803011e-01 -3.167969428391295e-01  2.359015305617525e-03 
-3.127969428391295e-01  1.451447531074956e+00 -3.127969428391295e-01  1.290356064785547e+00 -3.127969428391295e-01  1.060689212970253e+00 -3.127969428391295e-01  2.299480663539000e-01 -3.127969428391295e-01  1.722341708346921e-03 -3.127969428391295e-01  8.224037952274810e-01 -3.127969428391295e-01  2.618605889423549e-01 -3.127969428391295e-01  2.355001639446568e-03 
-3.087969428391295e-01  1.450414643685902e+00 -3.087969428391295e-01  1.291378219188177e+00 -3.087969428391295e-01  1.059175235449293e+00 -3.087969428391295e-01  2.301698953730186e-01 -3.087969428391295e-01  1.726398202975528e-03 -3.087969428391295e-01  8.239291284782352e-01 -3.087969428391295e-01  2.616711884525315e-01 -3.087969428391295e-01  2.350987298343878e-03 
-3.047969428391295e-01  1.449381727518421e+00 -3.047969428391295e-01  1.292400543902584e+00 -3.047969428391295e-01  1.057661030299528e+00 -3.047969428391295e-01  2.303914515251979e-01 -3.047969428391295e-01  1.730454810573961e-03 -3.047969428391295e-01  8.254545477726359e-01 -3.047969428391295e-01  2.614816369126112e-01 -3.047969428391295e-01  2.346972288370026e-03 
-3.007969428391295e-01  1.448348783971285e+00 -3.007969428391295e-01  1.293423037396406e+00 -3.007969428391295e-01  1.056146599721712e+00 -3.007969428391295e-01  2.306127357581414e-01 -3.007969428391295e-01  1.734511525650339e-03 -3.007969428391295e-01  8.269800507194442e-01 -3.007969428391295e-01  2.612919336239107e-01 -3.007969428391295e-01  2.342956615543124e-03 
-2.967969428391295e-01  1.447315814439449e+00 -2.967969428391295e-01  1.294445698147322e+00 -2.967969428391295e-01  1.054631945910431e+00 -2.967969428391295e-01  2.308337490162520e-01 -2.967969428391295e-01  1.738568342727788e-03 -2.967969428391295e-01  8.285056349398765e-01 -2.967969428391295e-01  2.611020778873630e-01 -2.967969428391295e-01  2.338940285841827e-03 
-2.927969428391295e-01  1.446282820314075e+00 -2.927969428391295e-01  1.295468524642752e+00 -2.927969428391295e-01  1.053117071054174e+00 -2.927969428391295e-01  2.310544922406585e-01 -2.927969428391295e-01  1.742625256344263e-03 -2.927969428391295e-01  8.300312980673147e-01 -2.927969428391295e-01  2.609120690035188e-01 -2.927969428391295e-01  2.334923305206518e-03 
-2.887969428391295e-01  1.445249802980022e+00 -2.887969428391295e-01  1.296491515368680e+00 -2.887969428391295e-01  1.051601977333755e+00 -2.887969428391295e-01  2.312749663697614e-01 -2.887969428391295e-01  1.746682261062445e-03 -2.887969428391295e-01  8.315570377397026e-01 -2.887969428391295e-01  2.607219062744184e-01 -2.887969428391295e-01  2.330905679583263e-03 
-2.847969428391295e-01  1.444216763816790e+00 -2.847969428391295e-01  1.297514668813254e+00 -2.847969428391295e-01  1.050086666922996e+00 -2.847969428391295e-01  2.314951723390742e-01 -2.847969428391295e-01  1.750739351466007e-03 -2.847969428391295e-01  8.330828516018840e-01 -2.847969428391295e-01  2.605315890029289e-01 -2.847969428391295e-01  2.326887414909600e-03 
-2.807969428391295e-01  1.443183704200637e+00 -2.807969428391295e-01  1.298537983475280e+00 -2.807969428391295e-01  1.048571141990151e+00 -2.807969428391295e-01  2.317151110808338e-01 -2.807969428391295e-01  1.754796522151351e-03 -2.807969428391295e-01  8.346087373112059e-01 -2.807969428391295e-01  2.603411164912424e-01 -2.807969428391295e-01  2.322868517081195e-03 
-2.767969428391295e-01  1.442150625504914e+00 -2.767969428391295e-01  1.299561457865240e+00 -2.767969428391295e-01  1.047055404698188e+00 -2.767969428391295e-01  2.319347835239641e-01 -2.767969428391295e-01  1.758853767726215e-03 -2.767969428391295e-01  8.361346925381117e-01 -2.767969428391295e-01  2.601504880406531e-01 -2.767969428391295e-01  2.318848991947890e-03 
-2.727969428391295e-01  1.441117529098552e+00 -2.727969428391295e-01  1.300585090498498e+00 -2.727969428391295e-01  1.045539457203872e+00 -2.727969428391295e-01  2.321541905944219e-01 -2.727969428391295e-01  1.762911082815689e-03 -2.727969428391295e-01  8.376607149615053e-01 -2.727969428391295e-01  2.599597029526780e-01 -2.727969428391295e-01  2.314828845340379e-03 
-2.687969428391295e-01  1.440084416343487e+00 -2.687969428391295e-01  1.301608879883585e+00 -2.687969428391295e-01  1.044023301656124e+00 -2.687969428391295e-01  2.323733332157454e-01 -2.687969428391295e-01  1.766968462072300e-03 -2.687969428391295e-01  8.391868022607870e-01 -2.687969428391295e-01  2.597687605310262e-01 -2.687969428391295e-01  2.310808083116110e-03 
-2.647969428391295e-01  1.439051288602115e+00 -2.647969428391295e-01  1.302632824553796e+00 -2.647969428391295e-01  1.042506940200956e+00 -2.647969428391295e-01  2.325922123075918e-01 -2.647969428391295e-01  1.771025900146715e-03 -2.647969428391295e-01  8.407129521369754e-01 -2.647969428391295e-01  2.595776600761215e-01 -2.647969428391295e-01  2.306786711035341e-03 
-2.607969428391295e-01  1.438018147230509e+00 -2.607969428391295e-01  1.303656923037722e+00 -2.607969428391295e-01  1.040990374977099e+00 -2.607969428391295e-01  2.328108287871358e-01 -2.607969428391295e-01  1.775083391714425e-03 -2.607969428391295e-01  8.422391622928500e-01 -2.607969428391295e-01  2.593864008901243e-01 -2.607969428391295e-01  2.302764734876748e-03 
-2.567969428391295e-01  1.436984993577827e+00 -2.567969428391295e-01  1.304681173856302e+00 -2.567969428391295e-01  1.039473608115668e+00 -2.567969428391295e-01  2.330291835692183e-01 -2.567969428391295e-01  1.779140931478032e-03 -2.567969428391295e-01  8.437654304308951e-01 -2.567969428391295e-01  2.591949822774122e-01 -2.567969428391295e-01  2.298742160449138e-03 
-2.527969428391295e-01  1.435951828994922e+00 -2.527969428391295e-01  1.305705575559087e+00 -2.527969428391295e-01  1.037956641745844e+00 -2.527969428391295e-01  2.332472775646583e-01 -2.527969428391295e-01  1.783198514133432e-03 -2.527969428391295e-01  8.452917542775336e-01 -2.527969428391295e-01  2.590034035382670e-01 -2.527969428391295e-01  2.294718993448871e-03 
-2.487969428391295e-01  1.434918654827360e+00 -2.487969428391295e-01  1.306730126694041e+00 -2.487969428391295e-01  1.036439477990376e+00 -2.487969428391295e-01  2.334651116816878e-01 -2.487969428391295e-01  1.787256134397291e-03 -2.487969428391295e-01  8.468181315627921e-01 -2.487969428391295e-01  2.588116639740461e-01 -2.487969428391295e-01  2.290695239578580e-03 
-2.447969428391294e-01  1.433885472415870e+00 -2.447969428391294e-01  1.307754825809090e+00 -2.447969428391294e-01  1.034922118965921e+00 -2.447969428391294e-01  2.336826868258927e-01 -2.447969428391294e-01  1.791313787005215e-03 -2.447969428391294e-01  8.483445600212606e-01 -2.447969428391294e-01  2.586197628868770e-01 -2.447969428391294e-01  2.286670904541047e-03 
-2.407969428391294e-01  1.432852283098501e+00 -2.407969428391294e-01  1.308779671460734e+00 -2.407969428391294e-01  1.033404566784522e+00 -2.407969428391294e-01  2.339000038998165e-01 -2.407969428391294e-01  1.795371466703300e-03 -2.407969428391294e-01  8.498710373977724e-01 -2.407969428391294e-01  2.584276995781218e-01 -2.407969428391294e-01  2.282645994005364e-03 
-2.367969428391294e-01  1.431819088208099e+00 -2.367969428391294e-01  1.309804662203111e+00 -2.367969428391294e-01  1.031886823552000e+00 -2.367969428391294e-01  2.341170638034982e-01 -2.367969428391294e-01  1.799429168258078e-03 -2.367969428391294e-01  8.513975614400120e-01 -2.367969428391294e-01  2.582354733502339e-01 -2.367969428391294e-01  2.278620513649906e-03 
-2.327969428391294e-01  1.430785889077162e+00 -2.327969428391294e-01  1.310829796607988e+00 -2.327969428391294e-01  1.030368891371199e+00 -2.327969428391294e-01  2.343338674335376e-01 -2.327969428391294e-01  1.803486886437366e-03 -2.327969428391294e-01  8.529241299118258e-01 -2.327969428391294e-01  2.580430835032472e-01 -2.327969428391294e-01  2.274594469083818e-03 
-2.287969428391294e-01  1.429752687037064e+00 -2.287969428391294e-01  1.311855073261188e+00 -2.287969428391294e-01  1.028850772341523e+00 -2.287969428391294e-01  2.345504156832920e-01 -2.287969428391294e-01  1.807544616013408e-03 -2.287969428391294e-01  8.544507405907427e-01 -2.287969428391294e-01  2.578505293353449e-01 -2.287969428391294e-01  2.270567865861029e-03 
-2.247969428391294e-01  1.428719483405253e+00 -2.247969428391294e-01  1.312880490707762e+00 -2.247969428391294e-01  1.027332468550624e+00 -2.247969428391294e-01  2.347667094454410e-01 -2.247969428391294e-01  1.811602351813122e-03 -2.247969428391294e-01  8.559773912311557e-01 -2.247969428391294e-01  2.576578101523588e-01 -2.247969428391294e-01  2.266540709695614e-03 
-2.207969428391294e-01  1.427686279509378e+00 -2.207969428391294e-01  1.313906047554054e+00 -2.207969428391294e-01  1.025813982090238e+00 -2.207969428391294e-01  2.349827496072412e-01 -2.207969428391294e-01  1.815660088623295e-03 -2.207969428391294e-01  8.575040796326463e-01 -2.207969428391294e-01  2.574649252499751e-01 -2.207969428391294e-01  2.262513006060898e-03 
-2.167969428391294e-01  1.426653076665787e+00 -2.167969428391294e-01  1.314931742375932e+00 -2.167969428391294e-01  1.024295315042175e+00 -2.167969428391294e-01  2.351985370548209e-01 -2.167969428391294e-01  1.819717821275118e-03 -2.167969428391294e-01  8.590308035784056e-01 -2.167969428391294e-01  2.572718739296601e-01 -2.167969428391294e-01  2.258484760549948e-03 
-2.127969428391294e-01  1.425619876190606e+00 -2.127969428391294e-01  1.315957573765525e+00 -2.127969428391294e-01  1.022776469485618e+00 -2.127969428391294e-01  2.354140726710162e-01 -2.127969428391294e-01  1.823775544600573e-03 -2.127969428391294e-01  8.605575608664815e-01 -2.127969428391294e-01  2.570786554904818e-01 -2.127969428391294e-01  2.254455978691899e-03 
-2.087969428391294e-01  1.424586679397220e+00 -2.087969428391294e-01  1.316983540319975e+00 -2.087969428391294e-01  1.021257447495535e+00 -2.087969428391294e-01  2.356293573359083e-01 -2.087969428391294e-01  1.827833253442411e-03 -2.087969428391294e-01  8.620843493021586e-01 -2.087969428391294e-01  2.568852692310319e-01 -2.087969428391294e-01  2.250426665996241e-03 
-2.047969428391294e-01  1.423553487595026e+00 -2.047969428391294e-01  1.318009640635901e+00 -2.047969428391294e-01  1.019738251141915e+00 -2.047969428391294e-01  2.358443919270999e-01 -2.047969428391294e-01  1.831890942659043e-03 -2.047969428391294e-01  8.636111666941791e-01 -2.047969428391294e-01  2.566917144503509e-01 -2.047969428391294e-01  2.246396827974523e-03 
-2.007969428391294e-01  1.422520302089425e+00 -2.007969428391294e-01  1.319035873308935e+00 -2.007969428391294e-01  1.018218882489813e+00 -2.007969428391294e-01  2.360591773197480e-01 -2.007969428391294e-01  1.835948607124502e-03 -2.007969428391294e-01  8.651380108543671e-01 -2.007969428391294e-01  2.564979904479736e-01 -2.007969428391294e-01  2.242366470142143e-03 
-1.967969428391294e-01  1.421487124188406e+00 -1.967969428391294e-01  1.320062236961099e+00 -1.967969428391294e-01  1.016699343603726e+00 -1.967969428391294e-01  2.362737143853068e-01 -1.967969428391294e-01  1.840006241702665e-03 -1.967969428391294e-01  8.666648796158773e-01 -1.967969428391294e-01  2.563040965190969e-01 -1.967969428391294e-01  2.238335597910892e-03 
-1.927969428391294e-01  1.420453955193660e+00 -1.927969428391294e-01  1.321088730202962e+00 -1.927969428391294e-01  1.015179636541819e+00 -1.927969428391294e-01  2.364880039933074e-01 -1.927969428391294e-01  1.844063841282137e-03 -1.927969428391294e-01  8.681917708077733e-01 -1.927969428391294e-01  2.561100319611593e-01 -1.927969428391294e-01  2.234304216737463e-03 
-1.887969428391294e-01  1.419420796402489e+00 -1.887969428391294e-01  1.322115351641252e+00 -1.887969428391294e-01  1.013659763357226e+00 -1.887969428391294e-01  2.367020470110082e-01 -1.887969428391294e-01  1.848121400768668e-03 -1.887969428391294e-01  8.697186822600778e-01 -1.887969428391294e-01  2.559157960724829e-01 -1.887969428391294e-01  2.230272332093752e-03 
-1.847969428391294e-01  1.418387649113950e+00 -1.847969428391294e-01  1.323142099904369e+00 -1.847969428391294e-01  1.012139726102143e+00 -1.847969428391294e-01  2.369158443022334e-01 -1.847969428391294e-01  1.852178915061158e-03 -1.847969428391294e-01  8.712456118207598e-01 -1.847969428391294e-01  2.557213881477510e-01 -1.847969428391294e-01  2.226239949366450e-03 
-1.807969428391294e-01  1.417354514621801e+00 -1.807969428391294e-01  1.324168973612330e+00 -1.807969428391294e-01  1.010619526823246e+00 -1.807969428391294e-01  2.371293967287828e-01 -1.807969428391294e-01  1.856236379079297e-03 -1.807969428391294e-01  8.727725573355498e-01 -1.807969428391294e-01  2.555268074832450e-01 -1.807969428391294e-01  2.222207073975168e-03 
-1.767969428391294e-01  1.416321394218560e+00 -1.767969428391294e-01  1.325195971393472e+00 -1.767969428391294e-01  1.009099167564415e+00 -1.767969428391294e-01  2.373427051496687e-01 -1.767969428391294e-01  1.860293787747569e-03 -1.767969428391294e-01  8.742995166590568e-01 -1.767969428391294e-01  2.553320533738779e-01 -1.767969428391294e-01  2.218173711306907e-03 
-1.727969428391294e-01  1.415288289197445e+00 -1.727969428391294e-01  1.326223091892219e+00 -1.727969428391294e-01  1.007578650368055e+00 -1.727969428391294e-01  2.375557704207785e-01 -1.727969428391294e-01  1.864351135987750e-03 -1.727969428391294e-01  8.758264876598801e-01 -1.727969428391294e-01  2.551371251117791e-01 -1.727969428391294e-01  2.214139866685435e-03 
-1.687969428391294e-01  1.414255200842837e+00 -1.687969428391294e-01  1.327250333728489e+00 -1.687969428391294e-01  1.006057977268887e+00 -1.687969428391294e-01  2.377685933967585e-01 -1.687969428391294e-01  1.868408418756284e-03 -1.687969428391294e-01  8.773534681933952e-01 -1.687969428391294e-01  2.549420219934111e-01 -1.687969428391294e-01  2.210105545530776e-03 
-1.647969428391294e-01  1.413222130444583e+00 -1.647969428391294e-01  1.328277695557770e+00 -1.647969428391294e-01  1.004537150303404e+00 -1.647969428391294e-01  2.379811749282642e-01 -1.647969428391294e-01  1.872465630988080e-03 -1.647969428391294e-01  8.788804561418611e-01 -1.647969428391294e-01  2.547467433089448e-01 -1.647969428391294e-01  2.206070753123269e-03 
-1.607969428391294e-01  1.412189079284247e+00 -1.607969428391294e-01  1.329305176012533e+00 -1.607969428391294e-01  1.003016171500880e+00 -1.607969428391294e-01  2.381935158646701e-01 -1.607969428391294e-01  1.876522767650623e-03 -1.607969428391294e-01  8.804074493751801e-01 -1.607969428391294e-01  2.545512883525532e-01 -1.607969428391294e-01  2.202035494833648e-03 
-1.567969428391294e-01  1.411156048644302e+00 -1.567969428391294e-01  1.330332773740790e+00 -1.567969428391294e-01  1.001495042889471e+00 -1.567969428391294e-01  2.384056170523128e-01 -1.567969428391294e-01  1.880579823707791e-03 -1.567969428391294e-01  8.819344457765959e-01 -1.567969428391294e-01  2.543556564155710e-01 -1.567969428391294e-01  2.197999775971566e-03 
-1.527969428391294e-01  1.410123039807954e+00 -1.527969428391294e-01  1.331360487404939e+00 -1.527969428391294e-01  9.999737664961532e-01 -1.527969428391294e-01  2.386174793345618e-01 -1.527969428391294e-01  1.884636794120558e-03 -1.527969428391294e-01  8.834614432418764e-01 -1.527969428391294e-01  2.541598467866560e-01 -1.527969428391294e-01  2.193963601790248e-03 
-1.487969428391294e-01  1.409090054051279e+00 -1.487969428391294e-01  1.332388315648226e+00 -1.487969428391294e-01  9.984523443416002e-01 -1.487969428391294e-01  2.388291035533716e-01 -1.487969428391294e-01  1.888693673877862e-03 -1.487969428391294e-01  8.849884396568015e-01 -1.487969428391294e-01  2.539638587576863e-01 -1.487969428391294e-01  2.189926977618074e-03 
-1.447969428391294e-01  1.408057092653860e+00 -1.447969428391294e-01  1.333416257139245e+00 -1.447969428391294e-01  9.969307784472344e-01 -1.447969428391294e-01  2.390404905472605e-01 -1.447969428391294e-01  1.892750457954883e-03 -1.447969428391294e-01  8.865154329268663e-01 -1.447969428391294e-01  2.537676916158456e-01 -1.447969428391294e-01  2.185889908683904e-03 
-1.407969428391294e-01  1.407024156888605e+00 -1.407969428391294e-01  1.334444310528651e+00 -1.407969428391294e-01  9.954090708285859e-01 -1.407969428391294e-01  2.392516411533073e-01 -1.407969428391294e-01  1.896807141352998e-03 -1.407969428391294e-01  8.880424209482608e-01 -1.407969428391294e-01  2.535713446512608e-01 -1.407969428391294e-01  2.181852400287049e-03 
-1.367969428391294e-01  1.405991248028531e+00 -1.367969428391294e-01  1.335472474477439e+00 -1.367969428391294e-01  9.938872234997985e-01 -1.367969428391294e-01  2.394625562058728e-01 -1.367969428391294e-01  1.900863719073114e-03 -1.367969428391294e-01  8.895694016267255e-01 -1.367969428391294e-01  2.533748171519507e-01 -1.367969428391294e-01  2.177814457686198e-03 
-1.327969428391294e-01  1.404958367349804e+00 -1.327969428391294e-01  1.336500747669211e+00 -1.327969428391294e-01  9.923652384756974e-01 -1.327969428391294e-01  2.396732365360536e-01 -1.327969428391294e-01  1.904920186103787e-03 -1.327969428391294e-01  8.910963728856649e-01 -1.327969428391294e-01  2.531781084016029e-01 -1.327969428391294e-01  2.173776086051257e-03 
-1.287969428391293e-01  1.403925516120289e+00 -1.287969428391293e-01  1.337529128761824e+00 -1.287969428391293e-01  9.908431177642885e-01 -1.287969428391293e-01  2.398836829739126e-01 -1.287969428391293e-01  1.908976537466139e-03 -1.287969428391293e-01  8.926233326337851e-01 -1.287969428391293e-01  2.529812176881366e-01 -1.287969428391293e-01  2.169737290653249e-03 
-1.247969428391293e-01  1.402892695610118e+00 -1.247969428391293e-01  1.338557616431357e+00 -1.247969428391293e-01  9.893208633737857e-01 -1.247969428391293e-01  2.400938963464799e-01 -1.247969428391293e-01  1.913032768172371e-03 -1.247969428391293e-01  8.941502787944037e-01 -1.247969428391293e-01  2.527841442958477e-01 -1.247969428391293e-01  2.165698076691603e-03 
-1.207969428391293e-01  1.401859907091042e+00 -1.207969428391293e-01  1.339586209369074e+00 -1.207969428391293e-01  9.877984773122224e-01 -1.207969428391293e-01  2.403038774779152e-01 -1.207969428391293e-01  1.917088873228328e-03 -1.207969428391293e-01  8.956772093033498e-01 -1.207969428391293e-01  2.525868875059049e-01 -1.207969428391293e-01  2.161658449306163e-03 
-1.167969428391293e-01  1.400827151823020e+00 -1.167969428391293e-01  1.340614906224804e+00 -1.167969428391293e-01  9.862759615786764e-01 -1.167969428391293e-01  2.405136271921024e-01 -1.167969428391293e-01  1.921144847686123e-03 -1.167969428391293e-01  8.972041220710978e-01 -1.167969428391293e-01  2.523894466064218e-01 -1.167969428391293e-01  2.157618413799429e-03 
-1.127969428391293e-01  1.399794431079425e+00 -1.127969428391293e-01  1.341643705712229e+00 -1.127969428391293e-01  9.847533181799351e-01 -1.127969428391293e-01  2.407231463078642e-01 -1.127969428391293e-01  1.925200686545216e-03 -1.127969428391293e-01  8.987310150530007e-01 -1.127969428391293e-01  2.521918208736221e-01 -1.127969428391293e-01  2.153577975223208e-03 
-1.087969428391293e-01  1.398761746122459e+00 -1.087969428391293e-01  1.342672606505520e+00 -1.087969428391293e-01  9.832305491143356e-01 -1.087969428391293e-01  2.409324356436913e-01 -1.087969428391293e-01  1.929256384848869e-03 -1.087969428391293e-01  9.002578861802180e-01 -1.087969428391293e-01  2.519940095902641e-01 -1.087969428391293e-01  2.149537138784408e-03 
-1.047969428391293e-01  1.397729098213540e+00 -1.047969428391293e-01  1.343701607282632e+00 -1.047969428391293e-01  9.817076563786657e-01 -1.047969428391293e-01  2.411414960157918e-01 -1.047969428391293e-01  1.933311937643472e-03 -1.047969428391293e-01  9.017847333885665e-01 -1.047969428391293e-01  2.517960120378821e-01 -1.047969428391293e-01  2.145495909675112e-03 
-1.007969428391293e-01  1.396696488618134e+00 -1.007969428391293e-01  1.344730706744926e+00 -1.007969428391293e-01  9.801846419714113e-01 -1.007969428391293e-01  2.413503282372000e-01 -1.007969428391293e-01  1.937367339959466e-03 -1.007969428391293e-01  9.033115546315400e-01 -1.007969428391293e-01  2.515978274932266e-01 -1.007969428391293e-01  2.141454292995481e-03 
-9.679694283912932e-02  1.395663918596733e+00 -9.679694283912932e-02  1.345759903579287e+00 -9.679694283912932e-02  9.786615078868459e-01 -9.679694283912932e-02  2.415589331195297e-01 -9.679694283912932e-02  1.941422586846817e-03 -9.679694283912932e-02  9.048383478549789e-01 -9.679694283912932e-02  2.513994552350184e-01 -9.679694283912932e-02  2.137412293902507e-03 
-9.279694283912931e-02  1.394631389413402e+00 -9.279694283912931e-02  1.346789196493426e+00 -9.279694283912931e-02  9.771382561207391e-01 -9.279694283912931e-02  2.417673114713814e-01 -9.279694283912931e-02  1.945477673341471e-03 -9.279694283912931e-02  9.063651110205487e-01 -9.279694283912931e-02  2.512008945375779e-01 -9.279694283912931e-02  2.133369917471384e-03 
-8.879694283912931e-02  1.393598902325093e+00 -8.879694283912931e-02  1.347818584170874e+00 -8.879694283912931e-02  9.756148886633320e-01 -8.879694283912931e-02  2.419754641004009e-01 -8.879694283912931e-02  1.949532594507264e-03 -8.879694283912931e-02  9.078918420756802e-01 -8.879694283912931e-02  2.510021446788813e-01 -8.879694283912931e-02  2.129327168872295e-03 
-8.479694283912931e-02  1.392566458595130e+00 -8.479694283912931e-02  1.348848065327007e+00 -8.479694283912931e-02  9.740914075083161e-01 -8.479694283912931e-02  2.421833918107564e-01 -8.479694283912931e-02  1.953587345383028e-03 -8.479694283912931e-02  9.094185389908523e-01 -8.479694283912931e-02  2.508032049304478e-01 -8.479694283912931e-02  2.125284053150320e-03 
-8.079694283912930e-02  1.391534059479187e+00 -8.079694283912930e-02  1.349877638650143e+00 -8.079694283912930e-02  9.725678146436105e-01 -8.079694283912930e-02  2.423910954058245e-01 -8.079694283912930e-02  1.957641921037591e-03 -8.079694283912930e-02  9.109451997202636e-01 -8.079694283912930e-02  2.506040745679117e-01 -8.079694283912930e-02  2.121240575456849e-03 
-7.679694283912930e-02  1.390501706237364e+00 -7.679694283912930e-02  1.350907302851622e+00 -7.679694283912930e-02  9.710441120593978e-01 -7.679694283912930e-02  2.425985756859385e-01 -7.679694283912930e-02  1.961696316522421e-03 -7.679694283912930e-02  9.124718222351702e-01 -7.679694283912930e-02  2.504047528619635e-01 -7.679694283912930e-02  2.117196740852804e-03 
-7.279694283912930e-02  1.389469400129253e+00 -7.279694283912930e-02  1.351937056644799e+00 -7.279694283912930e-02  9.695203017449159e-01 -7.279694283912930e-02  2.428058334493539e-01 -7.279694283912930e-02  1.965750526890944e-03 -7.279694283912930e-02  9.139984045098002e-01 -7.279694283912930e-02  2.502052390820994e-01 -7.279694283912930e-02  2.113152554391220e-03 
-6.879694283912929e-02  1.388437142410158e+00 -6.879694283912929e-02  1.352966898729062e+00 -6.879694283912929e-02  9.679963856860105e-01 -6.879694283912929e-02  2.430128694929946e-01 -6.879694283912929e-02  1.969804547213456e-03 -6.879694283912929e-02  9.155249445106708e-01 -6.879694283912929e-02  2.500055324994803e-01 -6.879694283912929e-02  2.109108021179995e-03 
-6.479694283912929e-02  1.387404934337710e+00 -6.479694283912929e-02  1.353996827816962e+00 -6.479694283912929e-02  9.664723658695606e-01 -6.479694283912929e-02  2.432196846112331e-01 -6.479694283912929e-02  1.973858372551065e-03 -6.479694283912929e-02  9.170514402145885e-01 -6.479694283912929e-02  2.498056323819937e-01 -6.479694283912929e-02  2.105063146275277e-03 
-6.079694283912929e-02  1.386372777172008e+00 -6.079694283912929e-02  1.355026842634503e+00 -6.079694283912929e-02  9.649482442836281e-01 -6.079694283912929e-02  2.434262795959027e-01 -6.079694283912929e-02  1.977911997955208e-03 -6.079694283912929e-02  9.185778896087873e-01 -6.079694283912929e-02  2.496055379941601e-01 -6.079694283912929e-02  2.101017934680444e-03 
-5.679694283912928e-02  1.385340672165801e+00 -5.679694283912928e-02  1.356056941879983e+00 -5.679694283912928e-02  9.634240229110107e-01 -5.679694283912928e-02  2.436326552381713e-01 -5.679694283912928e-02  1.981965418506144e-03 -5.679694283912928e-02  9.201042906634612e-01 -5.679694283912928e-02  2.494052486045623e-01 -5.679694283912928e-02  2.096972391507620e-03 
-5.279694283912928e-02  1.384308620580642e+00 -5.279694283912928e-02  1.357087124290742e+00 -5.279694283912928e-02  9.618997037399861e-01 -5.279694283912928e-02  2.438388123255406e-01 -5.279694283912928e-02  1.986018629249558e-03 -5.279694283912928e-02  9.216306413761519e-01 -5.279694283912928e-02  2.492047634737045e-01 -5.279694283912928e-02  2.092926521715667e-03 
-4.879694283912928e-02  1.383276623667201e+00 -4.879694283912928e-02  1.358117388561136e+00 -4.879694283912928e-02  9.603752887513357e-01 -4.879694283912928e-02  2.440447516455732e-01 -4.879694283912928e-02  1.990071625273890e-03 -4.879694283912928e-02  9.231569397170744e-01 -4.879694283912928e-02  2.490040818688710e-01 -4.879694283912928e-02  2.088880330432144e-03 
-4.479694283912927e-02  1.382244682687244e+00 -4.479694283912927e-02  1.359147733433411e+00 -4.479694283912927e-02  9.588507799329455e-01 -4.479694283912927e-02  2.442504739818021e-01 -4.479694283912927e-02  1.994124401623981e-03 -4.479694283912927e-02  9.246831836895704e-01 -4.479694283912927e-02  2.488032030475824e-01 -4.479694283912927e-02  2.084833822596639e-03 
-4.079694283912927e-02  1.381212798893193e+00 -4.079694283912927e-02  1.360178157612498e+00 -4.079694283912927e-02  9.573261792663246e-01 -4.079694283912927e-02  2.444559801175928e-01 -4.079694283912927e-02  1.998176953381346e-03 -4.079694283912927e-02  9.262093712733152e-01 -4.079694283912927e-02  2.486021262730566e-01 -4.079694283912927e-02  2.080787003295243e-03 
-3.679694283912927e-02  1.380180973545807e+00 -3.679694283912927e-02  1.361208659839110e+00 -3.679694283912927e-02  9.558014887383710e-01 -3.679694283912927e-02  2.446612708328669e-01 -3.679694283912927e-02  2.002229275594767e-03 -3.679694283912927e-02  9.277355004729269e-01 -3.679694283912927e-02  2.484008508008647e-01 -3.679694283912927e-02  2.076739877473503e-03 
-3.279694283912926e-02  1.379149207899045e+00 -3.279694283912926e-02  1.362239238826616e+00 -3.279694283912926e-02  9.542767103313931e-01 -3.279694283912926e-02  2.448663469069644e-01 -3.279694283912926e-02  2.006281363339721e-03 -3.279694283912926e-02  9.292615692758931e-01 -3.279694283912926e-02  2.481993758904073e-01 -3.279694283912926e-02  2.072692450184371e-03 
-2.879694283912926e-02  1.378117503209936e+00 -2.879694283912926e-02  1.363269893301554e+00 -2.879694283912926e-02  9.527518460297071e-01 -2.879694283912926e-02  2.450712091168305e-01 -2.879694283912926e-02  2.010333211679627e-03 -2.879694283912926e-02  9.307875756794786e-01 -2.879694283912926e-02  2.479977007974921e-01 -2.879694283912926e-02  2.068644726429053e-03 
-2.479694283912926e-02  1.377085860737886e+00 -2.479694283912926e-02  1.364300622000543e+00 -2.479694283912926e-02  9.512268978192250e-01 -2.479694283912926e-02  2.452758582371793e-01 -2.479694283912926e-02  2.014384815668551e-03 -2.479694283912926e-02  9.323135176886050e-01 -2.479694283912926e-02  2.477958247748589e-01 -2.479694283912926e-02  2.064596711169182e-03 
-2.079694283912926e-02  1.376054281740748e+00 -2.079694283912926e-02  1.365331423653587e+00 -2.079694283912926e-02  9.497018676849123e-01 -2.079694283912926e-02  2.454802950412581e-01 -2.079694283912926e-02  2.018436170366642e-03 -2.079694283912926e-02  9.338393933046951e-01 -2.079694283912926e-02  2.475937470751974e-01 -2.079694283912926e-02  2.060548409392356e-03 
-1.679694283912926e-02  1.375022767472883e+00 -1.679694283912926e-02  1.366362296975778e+00 -1.679694283912926e-02  9.481767576095410e-01 -1.679694283912926e-02  2.456845203012393e-01 -1.679694283912926e-02  2.022487270847805e-03 -1.679694283912926e-02  9.353652005201022e-01 -1.679694283912926e-02  2.473914669526481e-01 -1.679694283912926e-02  2.056499826144726e-03 
-1.279694283912926e-02  1.373991319196904e+00 -1.279694283912926e-02  1.367393240715534e+00 -1.279694283912926e-02  9.466515695815478e-01 -1.279694283912926e-02  2.458885347860680e-01 -1.279694283912926e-02  2.026538112153441e-03 -1.279694283912926e-02  9.368909373501273e-01 -1.279694283912926e-02  2.471889836539175e-01 -1.279694283912926e-02  2.052450966341599e-03 
-8.796942839129261e-03  1.372959938172979e+00 -8.796942839129261e-03  1.368424253609976e+00 -8.796942839129261e-03  9.451263055879850e-01 -8.796942839129261e-03  2.460923392634890e-01 -8.796942839129261e-03  2.030588689334661e-03 -8.796942839129261e-03  9.384166018032852e-01 -8.796942839129261e-03  2.469862964264222e-01 -8.796942839129261e-03  2.048401834942568e-03 
-4.796942839129261e-03  1.371928625656260e+00 -4.796942839129261e-03  1.369455334374069e+00 -4.796942839129261e-03  9.436009676128601e-01 -4.796942839129261e-03  2.462959345005429e-01 -4.796942839129261e-03  2.034638997462163e-03 -4.796942839129261e-03  9.399421918740595e-01 -4.796942839129261e-03  2.467834045202772e-01 -4.796942839129261e-03  2.044352436994309e-03 
-7.969428391292610e-04  1.370897382909471e+00 -7.969428391292610e-04  1.370486481752252e+00 -7.969428391292610e-04  9.420755576455611e-01 -7.969428391292610e-04  2.464993212612747e-01 -7.969428391292610e-04  2.038689031576960e-03 -7.969428391292610e-04  9.414677055771359e-01 -7.969428391292610e-04  2.465803071787550e-01 -7.969428391292610e-04  2.040302777427692e-03 
 3.203057160870739e-03  1.369866209212966e+00  3.203057160870739e-03  1.371517696468826e+00  3.203057160870739e-03  9.405500747432434e-01  3.203057160870739e-03  2.467025006985800e-01  3.203057160870739e-03  2.042738794505485e-03  3.203057160870739e-03  9.429931438585635e-01  3.203057160870739e-03  2.463770032531218e-01  3.203057160870739e-03  2.036252853398017e-03 
 7.203057160870739e-03  1.368835101751382e+00  7.203057160870739e-03  1.372548981338045e+00  7.203057160870739e-03  9.390245148627837e-01  7.203057160870739e-03  2.469054743746687e-01  7.203057160870739e-03  2.046788297304708e-03  7.203057160870739e-03  9.445185107606060e-01  7.203057160870739e-03  2.461734911789424e-01  7.203057160870739e-03  2.032202653852662e-03 
 1.120305716087074e-02  1.367804061665019e+00  1.120305716087074e-02  1.373580335216429e+00  1.120305716087074e-02  9.374988798126820e-01  1.120305716087074e-02  2.471082430696641e-01  1.120305716087074e-02  2.050837535496448e-03  1.120305716087074e-02  9.460438044729580e-01  1.120305716087074e-02  2.459697701692557e-01  1.120305716087074e-02  2.028152183282275e-03 
 1.520305716087074e-02  1.366773090218313e+00  1.520305716087074e-02  1.374611756840310e+00  1.520305716087074e-02  9.359731715845139e-01  1.520305716087074e-02  2.473108075378032e-01  1.520305716087074e-02  2.054886504114954e-03  1.520305716087074e-02  9.475690230058276e-01  1.520305716087074e-02  2.457658394592397e-01  1.520305716087074e-02  2.024101446649596e-03 
 1.920305716087074e-02  1.365742188680459e+00  1.920305716087074e-02  1.375643244961889e+00  1.920305716087074e-02  9.344473921736804e-01  1.920305716087074e-02  2.475131685310511e-01  1.920305716087074e-02  2.058935198175786e-03  1.920305716087074e-02  9.490941643802637e-01  1.920305716087074e-02  2.455616982795137e-01  1.920305716087074e-02  2.020050448854994e-03 
 2.320305716087074e-02  1.364711358318280e+00  2.320305716087074e-02  1.376674798319669e+00  2.320305716087074e-02  9.329215435747131e-01  2.320305716087074e-02  2.477153268004414e-01  2.320305716087074e-02  2.062983612703801e-03  2.320305716087074e-02  9.506192266084819e-01  2.320305716087074e-02  2.453573458615855e-01  2.320305716087074e-02  2.015999194852621e-03 
 2.720305716087074e-02  1.363680600398569e+00  2.720305716087074e-02  1.377706415647734e+00  2.720305716087074e-02  9.313956277828945e-01  2.720305716087074e-02  2.479172830956808e-01  2.720305716087074e-02  2.067031742724000e-03  2.720305716087074e-02  9.521442076999742e-01  2.720305716087074e-02  2.451527814361083e-01  2.720305716087074e-02  2.011947689613997e-03 
 3.120305716087074e-02  1.362649916193862e+00  3.120305716087074e-02  1.378738095699090e+00  3.120305716087074e-02  9.298696467981495e-01  3.120305716087074e-02  2.481190381641200e-01  3.120305716087074e-02  2.071079583238796e-03  3.120305716087074e-02  9.536691056769305e-01  3.120305716087074e-02  2.449480042285065e-01  3.120305716087074e-02  2.007895938036309e-03 
 3.520305716087074e-02  1.361619306973615e+00  3.520305716087074e-02  1.379769837209200e+00  3.520305716087074e-02  9.283436026192302e-01  3.520305716087074e-02  2.483205927524066e-01  3.520305716087074e-02  2.075127129262731e-03  3.520305716087074e-02  9.551939185500177e-01  3.520305716087074e-02  2.447430134657230e-01  3.520305716087074e-02  2.003843945085656e-03 
 3.920305716087075e-02  1.360588774009142e+00  3.920305716087075e-02  1.380801638915847e+00  3.920305716087075e-02  9.268174972470573e-01  3.920305716087075e-02  2.485219476056092e-01  3.920305716087075e-02  2.079174375802995e-03  3.920305716087075e-02  9.567186443314737e-01  3.920305716087075e-02  2.445378083724978e-01  3.920305716087075e-02  1.999791715719002e-03 
 4.320305716087075e-02  1.359558318576770e+00  4.320305716087075e-02  1.381833499571809e+00  4.320305716087075e-02  9.252913326868724e-01  4.320305716087075e-02  2.487231034666779e-01  4.320305716087075e-02  2.083221317847126e-03  4.320305716087075e-02  9.582432810434741e-01  4.320305716087075e-02  2.443323881689641e-01  4.320305716087075e-02  1.995739254834396e-03 
 4.720305716087075e-02  1.358527941949911e+00  4.720305716087075e-02  1.382865417911937e+00  4.720305716087075e-02  9.237651109430317e-01  4.720305716087075e-02  2.489240610779234e-01  4.720305716087075e-02  2.087267950394091e-03  4.720305716087075e-02  9.597678266962533e-01  4.720305716087075e-02  2.441267520767629e-01  4.720305716087075e-02  1.991686567400320e-03 
 5.120305716087076e-02  1.357497645407930e+00  5.120305716087076e-02  1.383897392689258e+00  5.120305716087076e-02  9.222388340249464e-01  5.120305716087076e-02  2.491248211794323e-01  5.120305716087076e-02  2.091314268419473e-03  5.120305716087076e-02  9.612922793119707e-01  5.120305716087076e-02  2.439208993122651e-01  5.120305716087076e-02  1.987633658313857e-03 
 5.520305716087076e-02  1.356467430227304e+00  5.520305716087076e-02  1.384929422638327e+00  5.520305716087076e-02  9.207125039412687e-01  5.520305716087076e-02  2.493253845107127e-01  5.520305716087076e-02  2.095360266910218e-03  5.520305716087076e-02  9.628166369003823e-01  5.520305716087076e-02  2.437148290933916e-01  5.520305716087076e-02  1.983580532544603e-03 
 5.920305716087076e-02  1.355437297691209e+00  5.920305716087076e-02  1.385961506514271e+00  5.920305716087076e-02  9.191861227063199e-01  5.920305716087076e-02  2.495257518089797e-01  5.920305716087076e-02  2.099405940826924e-03  5.920305716087076e-02  9.643408974846512e-01  5.920305716087076e-02  2.435085406322748e-01  5.920305716087076e-02  1.979527194981376e-03 
 6.320305716087077e-02  1.354407249076627e+00  6.320305716087077e-02  1.386993643039646e+00  6.320305716087077e-02  9.176596923315729e-01  6.320305716087077e-02  2.497259238115341e-01  6.320305716087077e-02  2.103451285154524e-03  6.320305716087077e-02  9.658650590661015e-01  6.320305716087077e-02  2.433020331451881e-01  6.320305716087077e-02  1.975473650640898e-03 
 6.720305716087077e-02  1.353377285672608e+00  6.720305716087077e-02  1.388025830978743e+00  6.720305716087077e-02  9.161332148378654e-01  6.720305716087077e-02  2.499259012524786e-01  6.720305716087077e-02  2.107496294830569e-03  6.720305716087077e-02  9.673891196733597e-01  6.720305716087077e-02  2.430953058385704e-01  6.720305716087077e-02  1.971419904375973e-03 
 7.120305716087078e-02  1.352347408763691e+00  7.120305716087078e-02  1.389058069069538e+00  7.120305716087078e-02  9.146066922444118e-01  7.120305716087078e-02  2.501256848657604e-01  7.120305716087078e-02  2.111540964810283e-03  7.120305716087078e-02  9.689130773172528e-01  7.120305716087078e-02  2.428883579217675e-01  7.120305716087078e-02  1.967365961142759e-03 
 7.520305716087078e-02  1.351317619634104e+00  7.520305716087078e-02  1.390090356040589e+00  7.520305716087078e-02  9.130801265716715e-01  7.520305716087078e-02  2.503252753844435e-01  7.520305716087078e-02  2.115585290050165e-03  7.520305716087078e-02  9.704369300019525e-01  7.520305716087078e-02  2.426811886038382e-01  7.520305716087078e-02  1.963311825934345e-03 
 7.920305716087078e-02  1.350287919577843e+00  7.920305716087078e-02  1.391122690651686e+00  7.920305716087078e-02  9.115535198481077e-01  7.920305716087078e-02  2.505246735389145e-01  7.920305716087078e-02  2.119629265468321e-03  7.920305716087078e-02  9.719606757518053e-01  7.920305716087078e-02  2.424737970858614e-01  7.920305716087078e-02  1.959257503621195e-03 
 8.320305716087079e-02  1.349258309885011e+00  8.320305716087079e-02  1.392155071637921e+00  8.320305716087079e-02  9.100268741011491e-01  8.320305716087079e-02  2.507238800593902e-01  8.320305716087079e-02  2.123672885998104e-03  8.320305716087079e-02  9.734843125742851e-01  8.320305716087079e-02  2.422661825714411e-01  8.320305716087079e-02  1.955202999170774e-03 
 8.720305716087079e-02  1.348228791850017e+00  8.720305716087079e-02  1.393187497742724e+00  8.720305716087079e-02  9.085001913627210e-01  8.720305716087079e-02  2.509228956744713e-01  8.720305716087079e-02  2.127716146556037e-03  8.720305716087079e-02  9.750078384817911e-01  8.720305716087079e-02  2.420583442604463e-01  8.720305716087079e-02  1.951148317517760e-03 
 9.120305716087079e-02  1.347199366768721e+00  9.120305716087079e-02  1.394219967705878e+00  9.120305716087079e-02  9.069734736673858e-01  9.120305716087079e-02  2.511217211116872e-01  9.120305716087079e-02  2.131759042052878e-03  9.120305716087079e-02  9.765312514836721e-01  9.120305716087079e-02  2.418502813512403e-01  9.120305716087079e-02  1.947093463611117e-03 
 9.520305716087080e-02  1.346170035939131e+00  9.520305716087080e-02  1.395252480266095e+00  9.520305716087080e-02  9.054467230528784e-01  9.520305716087080e-02  2.513203570974064e-01  9.520305716087080e-02  2.135801567390940e-03  9.520305716087080e-02  9.780545495878737e-01  9.520305716087080e-02  2.416419930401684e-01  9.520305716087080e-02  1.943038442404078e-03 
 9.920305716087080e-02  1.345140800663035e+00  9.920305716087080e-02  1.396285034167263e+00  9.920305716087080e-02  9.039199415612511e-01  9.920305716087080e-02  2.515188043565799e-01  9.920305716087080e-02  2.139843717457756e-03  9.920305716087080e-02  9.795777308050198e-01  9.920305716087080e-02  2.414334785203322e-01  9.920305716087080e-02  1.938983258829468e-03 
 1.032030571608708e-01  1.344111662241942e+00  1.032030571608708e-01  1.397317628141549e+00  1.032030571608708e-01  9.023931312362261e-01  1.032030571608708e-01  2.517170636135003e-01  1.032030571608708e-01  2.143885487141888e-03  1.032030571608708e-01  9.811007931371858e-01  1.032030571608708e-01  2.412247369847711e-01  1.032030571608708e-01  1.934927917866192e-03 
 1.072030571608708e-01  1.343082621984083e+00  1.072030571608708e-01  1.398350260937703e+00  1.072030571608708e-01  9.008662941279261e-01  1.072030571608708e-01  2.519151355905823e-01  1.072030571608708e-01  2.147926871305533e-03  1.072030571608708e-01  9.826237345965554e-01  1.072030571608708e-01  2.410157676210461e-01  1.072030571608708e-01  1.930872424427939e-03 
 1.112030571608708e-01  1.342053681196066e+00  1.112030571608708e-01  1.399382931286635e+00  1.112030571608708e-01  8.993394322873696e-01  1.112030571608708e-01  2.521130210098928e-01  1.112030571608708e-01  2.151967864817212e-03  1.112030571608708e-01  9.841465531826231e-01  1.112030571608708e-01  2.408065696177589e-01  1.112030571608708e-01  1.926816783498534e-03 
 1.152030571608708e-01  1.341024841188561e+00  1.152030571608708e-01  1.400415637924165e+00  1.152030571608708e-01  8.978125477703204e-01  1.152030571608708e-01  2.523107205921686e-01  1.152030571608708e-01  2.156008462529555e-03  1.152030571608708e-01  9.856692468971735e-01  1.152030571608708e-01  2.405971421601898e-01  1.152030571608708e-01  1.922761000042473e-03 
 1.192030571608708e-01  1.339996103273607e+00  1.192030571608708e-01  1.401448379579887e+00  1.192030571608708e-01  8.962856426355605e-01  1.192030571608708e-01  2.525082350573302e-01  1.192030571608708e-01  2.160048659289788e-03  1.192030571608708e-01  9.871918137368754e-01  1.192030571608708e-01  2.403874844323889e-01  1.192030571608708e-01  1.918705079048659e-03 
 1.232030571608708e-01  1.338967468772557e+00  1.232030571608708e-01  1.402481155008963e+00  1.232030571608708e-01  8.947587189502444e-01  1.232030571608708e-01  2.527055651230980e-01  1.232030571608708e-01  2.164088449908528e-03  1.232030571608708e-01  9.887142517142000e-01  1.232030571608708e-01  2.401775956110666e-01  1.232030571608708e-01  1.914649025405607e-03 
 1.272030571608708e-01  1.337938938998264e+00  1.272030571608708e-01  1.403513962919519e+00  1.272030571608708e-01  8.932317787780822e-01  1.272030571608708e-01  2.529027115082121e-01  1.272030571608708e-01  2.168127829229819e-03  1.272030571608708e-01  9.902365588094812e-01  1.272030571608708e-01  2.399674748794411e-01  1.272030571608708e-01  1.910592844186525e-03 
 1.312030571608708e-01  1.336910515277321e+00  1.312030571608708e-01  1.404546802062524e+00  1.312030571608708e-01  8.917048241942375e-01  1.312030571608708e-01  2.530996749284921e-01  1.312030571608708e-01  2.172166792043704e-03  1.312030571608708e-01  9.917587330301456e-01  1.312030571608708e-01  2.397571214100171e-01  1.312030571608708e-01  1.906536540296369e-03 
 1.352030571608708e-01  1.335882198932671e+00  1.352030571608708e-01  1.405579671160905e+00  1.352030571608708e-01  8.901778572737894e-01  1.352030571608708e-01  2.532964560999801e-01  1.352030571608708e-01  2.176205333154574e-03  1.352030571608708e-01  9.932807723639013e-01  1.352030571608708e-01  2.395465343781183e-01  1.352030571608708e-01  1.902480118750206e-03 
 1.392030571608708e-01  1.334853991290488e+00  1.392030571608708e-01  1.406612568937197e+00  1.392030571608708e-01  8.886508800963824e-01  1.392030571608708e-01  2.534930557377455e-01  1.392030571608708e-01  2.180243447354147e-03  1.392030571608708e-01  9.948026747969425e-01  1.392030571608708e-01  2.393357129565638e-01  1.392030571608708e-01  1.898423584564567e-03 
 1.432030571608708e-01  1.333825893685159e+00  1.432030571608708e-01  1.407645494133192e+00  1.432030571608708e-01  8.871238947496236e-01  1.432030571608708e-01  2.536894745550355e-01  1.432030571608708e-01  2.184281129401844e-03  1.432030571608708e-01  9.963244383268155e-01  1.432030571608708e-01  2.391246563118620e-01  1.432030571608708e-01  1.894366942680470e-03 
 1.472030571608708e-01  1.332797907450269e+00  1.472030571608708e-01  1.408678445473204e+00  1.472030571608708e-01  8.855969033231317e-01  1.472030571608708e-01  2.538857132649177e-01  1.472030571608708e-01  2.188318374060292e-03  1.472030571608708e-01  9.978460609381792e-01  1.472030571608708e-01  2.389133636112223e-01  1.472030571608708e-01  1.890310198107420e-03 
 1.512030571608708e-01  1.331770033921590e+00  1.512030571608708e-01  1.409711421675817e+00  1.512030571608708e-01  8.840699079105792e-01  1.512030571608708e-01  2.540817725797765e-01  1.512030571608708e-01  2.192355176083426e-03  1.512030571608708e-01  9.993675406104874e-01  1.512030571608708e-01  2.387018340202834e-01  1.512030571608708e-01  1.886253355877465e-03 
 1.552030571608708e-01  1.330742274439988e+00  1.552030571608708e-01  1.410744421465267e+00  1.552030571608708e-01  8.825429106117212e-01  1.552030571608708e-01  2.542776532108436e-01  1.552030571608708e-01  2.196391530205301e-03  1.552030571608708e-01  1.000888875325441e+00  1.552030571608708e-01  2.384900667008862e-01  1.552030571608708e-01  1.882196421000491e-03 
 1.592030571608709e-01  1.329714630351680e+00  1.592030571608709e-01  1.411777443572115e+00  1.592030571608709e-01  8.810159135326174e-01  1.592030571608709e-01  2.544733558681830e-01  1.592030571608709e-01  2.200427431138913e-03  1.592030571608709e-01  1.002410063067358e+00  1.592030571608709e-01  2.382780608108951e-01  1.592030571608709e-01  1.878139398461453e-03 
 1.632030571608709e-01  1.328687103003197e+00  1.632030571608709e-01  1.412810486712522e+00  1.632030571608709e-01  8.794889187823420e-01  1.632030571608709e-01  2.546688812616175e-01  1.632030571608709e-01  2.204462873595935e-03  1.632030571608709e-01  1.003931101809490e+00  1.632030571608709e-01  2.380658155081767e-01  1.632030571608709e-01  1.874082293301869e-03 
 1.672030571608709e-01  1.327659693744417e+00  1.672030571608709e-01  1.413843549600192e+00  1.672030571608709e-01  8.779619284750743e-01  1.672030571608709e-01  2.548642301002371e-01  1.672030571608709e-01  2.208497852275020e-03  1.672030571608709e-01  1.005451989521840e+00  1.672030571608709e-01  2.378533299482658e-01  1.672030571608709e-01  1.870025110572905e-03 
 1.712030571608709e-01  1.326632403929614e+00  1.712030571608709e-01  1.414876630950315e+00  1.712030571608709e-01  8.764349447308635e-01  1.712030571608709e-01  2.550594030922406e-01  1.712030571608709e-01  2.212532361857486e-03  1.712030571608709e-01  1.006972724173687e+00  1.712030571608709e-01  2.376406032835635e-01  1.712030571608709e-01  1.865967855319818e-03 
 1.752030571608709e-01  1.325605234918194e+00  1.752030571608709e-01  1.415909729481925e+00  1.752030571608709e-01  8.749079696761959e-01  1.752030571608709e-01  2.552544009448494e-01  1.752030571608709e-01  2.216566397004506e-03  1.752030571608709e-01  1.008493303735094e+00  1.752030571608709e-01  2.374276346628475e-01  1.752030571608709e-01  1.861910532572836e-03 
 1.792030571608709e-01  1.324578188074486e+00  1.792030571608709e-01  1.416942843916924e+00  1.792030571608709e-01  8.733810054439165e-01  1.792030571608709e-01  2.554492243643813e-01  1.792030571608709e-01  2.220599952357925e-03  1.792030571608709e-01  1.010013726176200e+00  1.792030571608709e-01  2.372144232314156e-01  1.792030571608709e-01  1.857853147350823e-03 
 1.832030571608709e-01  1.323551264759473e+00  1.832030571608709e-01  1.417975972946360e+00  1.832030571608709e-01  8.718540541677724e-01  1.832030571608709e-01  2.556438740577425e-01  1.832030571608709e-01  2.224633022572704e-03  1.832030571608709e-01  1.011533989445009e+00  1.832030571608709e-01  2.370009681376280e-01  1.832030571608709e-01  1.853795704793839e-03 
 1.872030571608709e-01  1.322524466345154e+00  1.872030571608709e-01  1.419009115287799e+00  1.872030571608709e-01  8.703271179920855e-01  1.872030571608709e-01  2.558383507299395e-01  1.872030571608709e-01  2.228665602260612e-03  1.872030571608709e-01  1.013054091505050e+00  1.872030571608709e-01  2.367872685217059e-01  1.872030571608709e-01  1.849738209937780e-03 
 1.912030571608709e-01  1.321497794205622e+00  1.912030571608709e-01  1.420042269649154e+00  1.912030571608709e-01  8.688001990658576e-01  1.912030571608709e-01  2.560326550856831e-01  1.912030571608709e-01  2.232697686025098e-03  1.912030571608709e-01  1.014574030311541e+00  1.912030571608709e-01  2.365733235227333e-01  1.912030571608709e-01  1.845680667856408e-03 
 1.952030571608709e-01  1.320471249720265e+00  1.952030571608709e-01  1.421075434741123e+00  1.952030571608709e-01  8.672732995449789e-01  1.952030571608709e-01  2.562267878288694e-01  1.952030571608709e-01  2.236729268448882e-03  1.952030571608709e-01  1.016093803819507e+00  1.952030571608709e-01  2.363591322761991e-01  1.952030571608709e-01  1.841623083612541e-03 
 1.992030571608709e-01  1.319444834267214e+00  1.992030571608709e-01  1.422108609250521e+00  1.992030571608709e-01  8.657464215879125e-01  1.992030571608709e-01  2.564207496637625e-01  1.992030571608709e-01  2.240760344119567e-03  1.992030571608709e-01  1.017613409966227e+00  1.992030571608709e-01  2.361446939191878e-01  1.992030571608709e-01  1.837565462362784e-03 
 2.032030571608709e-01  1.318418549233084e+00  2.032030571608709e-01  1.423141791879014e+00  2.032030571608709e-01  8.642195673622939e-01  2.032030571608709e-01  2.566145412933283e-01  2.032030571608709e-01  2.244790907591496e-03  2.032030571608709e-01  1.019132846696605e+00  2.032030571608709e-01  2.359300075827652e-01  2.032030571608709e-01  1.833507809205362e-03 
 2.072030571608709e-01  1.317392396009682e+00  2.072030571608709e-01  1.424174981329585e+00  2.072030571608709e-01  8.626927390427925e-01  2.072030571608709e-01  2.568081634198494e-01  2.072030571608709e-01  2.248820953398581e-03  2.072030571608709e-01  1.020652111954223e+00  2.072030571608709e-01  2.357150723945893e-01  2.072030571608709e-01  1.829450129233348e-03 
 2.112030571608709e-01  1.316366375990285e+00  2.112030571608709e-01  1.425208176291103e+00  2.112030571608709e-01  8.611659388086912e-01  2.112030571608709e-01  2.570016167456154e-01  2.112030571608709e-01  2.252850476068959e-03  2.112030571608709e-01  1.022171203671176e+00  2.112030571608709e-01  2.354998874819031e-01  2.112030571608709e-01  1.825392427595184e-03 
 2.152030571608709e-01  1.315340490575050e+00  2.152030571608709e-01  1.426241375459683e+00  2.152030571608709e-01  8.596391688475920e-01  2.152030571608709e-01  2.571949019720174e-01  2.152030571608709e-01  2.256879470103777e-03  2.152030571608709e-01  1.023690119782014e+00  2.152030571608709e-01  2.352844519673107e-01  2.152030571608709e-01  1.821334709410835e-03 
 2.192030571608709e-01  1.314314741164829e+00  2.192030571608709e-01  1.427274577513660e+00  2.192030571608709e-01  8.581124313513355e-01  2.192030571608709e-01  2.573880198006663e-01  2.192030571608709e-01  2.260907930001423e-03  2.192030571608709e-01  1.025208858207293e+00  2.192030571608709e-01  2.350687649736679e-01  2.192030571608709e-01  1.817276979870095e-03 
 2.232030571608709e-01  1.313289129169824e+00  2.232030571608709e-01  1.428307781147634e+00  2.232030571608709e-01  8.565857285218812e-01  2.232030571608709e-01  2.575809709319221e-01  2.232030571608709e-01  2.264935850223550e-03  2.232030571608709e-01  1.026727416875830e+00  2.232030571608709e-01  2.348528256173421e-01  2.232030571608709e-01  1.813219244098845e-03 
 2.272030571608709e-01  1.312263656001387e+00  2.272030571608709e-01  1.429340985039398e+00  2.272030571608709e-01  8.550590625658889e-01  2.272030571608709e-01  2.577737560663678e-01  2.272030571608709e-01  2.268963225227358e-03  2.272030571608709e-01  1.028245793702970e+00  2.272030571608709e-01  2.346366330146951e-01  2.272030571608709e-01  1.809161507288926e-03 
 2.312030571608709e-01  1.311238323079233e+00  2.312030571608709e-01  1.430374187878414e+00  2.312030571608709e-01  8.535324356996223e-01  2.312030571608709e-01  2.579663759035870e-01  2.312030571608709e-01  2.272990049437118e-03  2.312030571608709e-01  1.029763986609199e+00  2.312030571608709e-01  2.344201862764276e-01  2.312030571608709e-01  1.805103774586337e-03 
 2.352030571608709e-01  1.310213131821619e+00  2.352030571608709e-01  1.431407388326034e+00  2.352030571608709e-01  8.520058501424521e-01  2.352030571608709e-01  2.581588311439202e-01  2.352030571608709e-01  2.277016317282914e-03  2.352030571608709e-01  1.031281993494020e+00  2.352030571608709e-01  2.342034845154170e-01  2.352030571608709e-01  1.801046051247441e-03 
 2.392030571608709e-01  1.309188083656280e+00  2.392030571608709e-01  1.432440585059035e+00  2.392030571608709e-01  8.504793081242565e-01  2.392030571608709e-01  2.583511224865969e-01  2.392030571608709e-01  2.281042023157517e-03  2.392030571608709e-01  1.032799812264427e+00  2.392030571608709e-01  2.339865268380709e-01  2.392030571608709e-01  1.796988342468034e-03 
 2.432030571608709e-01  1.308163180019364e+00  2.432030571608709e-01  1.433473776764669e+00  2.432030571608709e-01  8.489528118847864e-01  2.432030571608709e-01  2.585432506299704e-01  2.432030571608709e-01  2.285067161420738e-03  2.432030571608709e-01  1.034317440831582e+00  2.432030571608709e-01  2.337693123452498e-01  2.432030571608709e-01  1.792930653402712e-03 
 2.472030571608709e-01  1.307138422340672e+00  2.472030571608709e-01  1.434506962081619e+00  2.472030571608709e-01  8.474263636638519e-01  2.472030571608709e-01  2.587352162741131e-01  2.472030571608709e-01  2.289091726457244e-03  2.472030571608709e-01  1.035834877072139e+00  2.472030571608709e-01  2.335518401439745e-01  2.472030571608709e-01  1.788872989396764e-03 
 2.512030571608709e-01  1.306113812069203e+00  2.512030571608709e-01  1.435540139701263e+00  2.512030571608709e-01  8.458999657185295e-01  2.512030571608709e-01  2.589270201164353e-01  2.512030571608709e-01  2.293115712576379e-03  2.512030571608709e-01  1.037352118894433e+00  2.512030571608709e-01  2.333341093272610e-01  2.512030571608709e-01  1.784815355588547e-03 
 2.552030571608709e-01  1.305089350646756e+00  2.552030571608709e-01  1.436573308262296e+00  2.552030571608709e-01  8.443736203055394e-01  2.552030571608709e-01  2.591186628562954e-01  2.552030571608709e-01  2.297139114115690e-03  2.552030571608709e-01  1.038869164169498e+00  2.552030571608709e-01  2.331161189950503e-01  2.552030571608709e-01  1.780757757323257e-03 
 2.592030571608709e-01  1.304065039528176e+00  2.592030571608709e-01  1.437606466430712e+00  2.592030571608709e-01  8.428473296948971e-01  2.592030571608709e-01  2.593101451915409e-01  2.592030571608709e-01  2.301161925361543e-03  2.592030571608709e-01  1.040386010783320e+00  2.592030571608709e-01  2.328978682382521e-01  2.592030571608709e-01  1.776700199838892e-03 
 2.632030571608709e-01  1.303040880169718e+00  2.632030571608709e-01  1.438639612853275e+00  2.632030571608709e-01  8.413210961622071e-01  2.632030571608709e-01  2.595014678205620e-01  2.632030571608709e-01  2.305184140594735e-03  2.632030571608709e-01  1.041902656606351e+00  2.632030571608709e-01  2.326793561479781e-01  2.632030571608709e-01  1.772642688448870e-03 
 2.672030571608709e-01  1.302016874039061e+00  2.672030571608709e-01  1.439672746196786e+00  2.672030571608709e-01  8.397949219954488e-01  2.672030571608709e-01  2.596926314406066e-01  2.672030571608709e-01  2.309205754051199e-03  2.672030571608709e-01  1.043419099519122e+00  2.672030571608709e-01  2.324605818076629e-01  2.672030571608709e-01  1.768585228387945e-03 
 2.712030571608710e-01  1.300993022598617e+00  2.712030571608710e-01  1.440705865081422e+00  2.712030571608710e-01  8.382688094838717e-01  2.712030571608710e-01  2.598836367507023e-01  2.712030571608710e-01  2.313226759987561e-03  2.712030571608710e-01  1.044935337368629e+00  2.712030571608710e-01  2.322415443063768e-01  2.712030571608710e-01  1.764527825073926e-03 
 2.752030571608710e-01  1.299969327326758e+00  2.752030571608710e-01  1.441738968164654e+00  2.752030571608710e-01  8.367427609323068e-01  2.752030571608710e-01  2.600744844480402e-01  2.752030571608710e-01  2.317247152597777e-03  2.752030571608710e-01  1.046451368023098e+00  2.752030571608710e-01  2.320222427219782e-01  2.752030571608710e-01  1.760470483778108e-03 
 2.792030571608710e-01  1.298945789702657e+00  2.792030571608710e-01  1.442772054080537e+00  2.792030571608710e-01  8.352167786511064e-01  2.792030571608710e-01  2.602651752306316e-01  2.792030571608710e-01  2.321266926072637e-03  2.792030571608710e-01  1.047967189332277e+00  2.792030571608710e-01  2.318026761332477e-01  2.792030571608710e-01  1.756413209863744e-03 
 2.832030571608710e-01  1.297922411213793e+00  2.832030571608710e-01  1.443805121469099e+00  2.832030571608710e-01  8.336908649612387e-01  2.832030571608710e-01  2.604557097960609e-01  2.832030571608710e-01  2.325286074570329e-03  2.832030571608710e-01  1.049482799146559e+00  2.832030571608710e-01  2.315828436139527e-01  2.832030571608710e-01  1.752356008670598e-03 
 2.872030571608710e-01  1.296899193346768e+00  2.872030571608710e-01  1.444838168939636e+00  2.872030571608710e-01  8.321650221882280e-01  2.872030571608710e-01  2.606460888431057e-01  2.872030571608710e-01  2.329304592252445e-03  2.872030571608710e-01  1.050998195292988e+00  2.872030571608710e-01  2.313627442402075e-01  2.872030571608710e-01  1.748298885659039e-03 
 2.912030571608710e-01  1.295876137604520e+00  2.912030571608710e-01  1.445871195138269e+00  2.912030571608710e-01  8.306392526737869e-01  2.912030571608710e-01  2.608363130688299e-01  2.912030571608710e-01  2.333322473216490e-03  2.912030571608710e-01  1.052513375619260e+00  2.912030571608710e-01  2.311423770768210e-01  2.912030571608710e-01  1.744241846144822e-03 
 2.952030571608710e-01  1.294853245489275e+00  2.952030571608710e-01  1.446904198680115e+00  2.952030571608710e-01  8.291135587644738e-01  2.952030571608710e-01  2.610263831715526e-01  2.952030571608710e-01  2.337339711562712e-03  2.952030571608710e-01  1.054028337949428e+00  2.952030571608710e-01  2.309217411909347e-01  2.952030571608710e-01  1.740184895565432e-03 
 2.992030571608710e-01  1.293830518510046e+00  2.992030571608710e-01  1.447937178178572e+00  2.992030571608710e-01  8.275879428168003e-01  2.992030571608710e-01  2.612162998496070e-01  2.992030571608710e-01  2.341356301364690e-03  2.992030571608710e-01  1.055543080102942e+00  2.992030571608710e-01  2.307008356460871e-01  2.992030571608710e-01  1.736128039365052e-03 
 3.032030571608710e-01  1.292807958183038e+00  3.032030571608710e-01  1.448970132246371e+00  3.032030571608710e-01  8.260624071976053e-01  3.032030571608710e-01  2.614060638013201e-01  3.032030571608710e-01  2.345372236667816e-03  3.032030571608710e-01  1.057057599895281e+00  3.032030571608710e-01  2.304796595019607e-01  3.032030571608710e-01  1.732071282990420e-03 
 3.072030571608710e-01  1.291785566030126e+00  3.072030571608710e-01  1.450003059489224e+00  3.072030571608710e-01  8.245369542831220e-01  3.072030571608710e-01  2.615956757253168e-01  3.072030571608710e-01  2.349387511495163e-03  3.072030571608710e-01  1.058571895133742e+00  3.072030571608710e-01  2.302582118156358e-01  3.072030571608710e-01  1.728014631915853e-03 
 3.112030571608710e-01  1.290763343581491e+00  3.112030571608710e-01  1.451035958515662e+00  3.112030571608710e-01  8.230115864608395e-01  3.112030571608710e-01  2.617851363201180e-01  3.112030571608710e-01  2.353402119837205e-03  3.112030571608710e-01  1.060085963623805e+00  3.112030571608710e-01  2.300364916395537e-01  3.112030571608710e-01  1.723958091604558e-03 
 3.152030571608710e-01  1.289741292370632e+00  3.152030571608710e-01  1.452068827917018e+00  3.152030571608710e-01  8.214863061262423e-01  3.152030571608710e-01  2.619744462850410e-01  3.152030571608710e-01  2.357416055671396e-03  3.152030571608710e-01  1.061599803156022e+00  3.152030571608710e-01  2.298144980255459e-01  3.152030571608710e-01  1.719901667587154e-03 
 3.192030571608710e-01  1.288719413941715e+00  3.192030571608710e-01  1.453101666295807e+00  3.192030571608710e-01  8.199611156878506e-01  3.192030571608710e-01  2.621636063189898e-01  3.192030571608710e-01  2.361429312933269e-03  3.192030571608710e-01  1.063113411524441e+00  3.192030571608710e-01  2.295922300190334e-01  3.192030571608710e-01  1.715845365350413e-03 
 3.232030571608710e-01  1.287697709839241e+00  3.232030571608710e-01  1.454134472224778e+00  3.232030571608710e-01  8.184360175603640e-01  3.232030571608710e-01  2.623526171222679e-01  3.232030571608710e-01  2.365441885557053e-03  3.232030571608710e-01  1.064626786499906e+00  3.232030571608710e-01  2.293696866673295e-01  3.232030571608710e-01  1.711789190497892e-03 
 3.272030571608710e-01  1.286676181622640e+00  3.272030571608710e-01  1.455167244303685e+00  3.272030571608710e-01  8.169110141745712e-01  3.272030571608710e-01  2.625414793941395e-01  3.272030571608710e-01  2.369453767418362e-03  3.272030571608710e-01  1.066139925866911e+00  3.272030571608710e-01  2.291468670080224e-01  3.272030571608710e-01  1.707733148527091e-03 
 3.312030571608710e-01  1.285654830851941e+00  3.312030571608710e-01  1.456199981102535e+00  3.312030571608710e-01  8.153861079678177e-01  3.312030571608710e-01  2.627301938353198e-01  3.312030571608710e-01  2.373464952390464e-03  3.312030571608710e-01  1.067652827386649e+00  3.312030571608710e-01  2.289237700805271e-01  3.312030571608710e-01  1.703677245052296e-03 
 3.352030571608710e-01  1.284633659096359e+00  3.352030571608710e-01  1.457232681194924e+00  3.352030571608710e-01  8.138613013898639e-01  3.352030571608710e-01  2.629187611465584e-01  3.352030571608710e-01  2.377475434310468e-03  3.352030571608710e-01  1.069165488818612e+00  3.352030571608710e-01  2.287003949192366e-01  3.352030571608710e-01  1.699621485673598e-03 
 3.392030571608710e-01  1.283612667934697e+00  3.392030571608710e-01  1.458265343158998e+00  3.392030571608710e-01  8.123365969032765e-01  3.392030571608710e-01  2.631071820286284e-01  3.392030571608710e-01  2.381485206977915e-03  3.392030571608710e-01  1.070677907921151e+00  3.392030571608710e-01  2.284767405532819e-01  3.392030571608710e-01  1.695565875973229e-03 
 3.432030571608710e-01  1.282591858945994e+00  3.432030571608710e-01  1.459297965540464e+00  3.432030571608710e-01  8.108119969772234e-01  3.432030571608710e-01  2.632954571839637e-01  3.432030571608710e-01  2.385494264191442e-03  3.432030571608710e-01  1.072190082427403e+00  3.432030571608710e-01  2.282528060140922e-01  3.432030571608710e-01  1.691510421660743e-03 
 3.472030571608710e-01  1.281571233721899e+00  3.472030571608710e-01  1.460330546900504e+00  3.472030571608710e-01  8.092875040959013e-01  3.472030571608710e-01  2.634835873146008e-01  3.472030571608710e-01  2.389502599700052e-03  3.472030571608710e-01  1.073702010076339e+00  3.472030571608710e-01  2.280285903255216e-01  3.472030571608710e-01  1.687455128384892e-03 
 3.512030571608710e-01  1.280550793862822e+00  3.512030571608710e-01  1.461363085800193e+00  3.512030571608710e-01  8.077631207560556e-01  3.512030571608710e-01  2.636715731228959e-01  3.512030571608710e-01  2.393510207218433e-03  3.512030571608710e-01  1.075213688602565e+00  3.512030571608710e-01  2.278040925069967e-01  3.512030571608710e-01  1.683400001794800e-03 
 3.552030571608710e-01  1.279530540971325e+00  3.552030571608710e-01  1.462395580774177e+00  3.552030571608710e-01  8.062388494626308e-01  3.552030571608710e-01  2.638594153126885e-01  3.552030571608710e-01  2.397517080452789e-03  3.552030571608710e-01  1.076725115719206e+00  3.552030571608710e-01  2.275793115789160e-01  3.552030571608710e-01  1.679345047643316e-03 
 3.592030571608710e-01  1.278510476661593e+00  3.592030571608710e-01  1.463428030367245e+00  3.592030571608710e-01  8.047146927352533e-01  3.592030571608710e-01  2.640471145877531e-01  3.592030571608710e-01  2.401523213063679e-03  3.592030571608710e-01  1.078236289141553e+00  3.592030571608710e-01  2.273542465550695e-01  3.592030571608710e-01  1.675290271643407e-03 
 3.632030571608710e-01  1.277490602553148e+00  3.632030571608710e-01  1.464460433109256e+00  3.632030571608710e-01  8.031906531041082e-01  3.632030571608710e-01  2.642346716529134e-01  3.632030571608710e-01  2.405528598690677e-03  3.632030571608710e-01  1.079747206570749e+00  3.632030571608710e-01  2.271288964477801e-01  3.632030571608710e-01  1.671235679566651e-03 
 3.672030571608710e-01  1.276470920276866e+00  3.672030571608710e-01  1.465492787538011e+00  3.672030571608710e-01  8.016667331140933e-01  3.672030571608710e-01  2.644220872130815e-01  3.672030571608710e-01  2.409533230928804e-03  3.672030571608710e-01  1.081257865708537e+00  3.672030571608710e-01  2.269032602631261e-01  3.672030571608710e-01  1.667181277153349e-03 
 3.712030571608710e-01  1.275451431465446e+00  3.712030571608710e-01  1.466525092161761e+00  3.712030571608710e-01  8.001429353185181e-01  3.712030571608710e-01  2.646093619749214e-01  3.712030571608710e-01  2.413537103365920e-03  3.712030571608710e-01  1.082768264232919e+00  3.712030571608710e-01  2.266773370086860e-01  3.712030571608710e-01  1.663127070259859e-03 
 3.752030571608710e-01  1.274432137766118e+00  3.752030571608710e-01  1.467557345508056e+00  3.752030571608710e-01  7.986192622877624e-01  3.752030571608710e-01  2.647964966447551e-01  3.752030571608710e-01  2.417540209532801e-03  3.752030571608710e-01  1.084278399829726e+00  3.752030571608710e-01  2.264511256833544e-01  3.752030571608710e-01  1.659073064666612e-03 
 3.792030571608710e-01  1.273413040831482e+00  3.792030571608710e-01  1.468589546087641e+00  3.792030571608710e-01  7.970957166032271e-01  3.792030571608710e-01  2.649834919301669e-01  3.792030571608710e-01  2.421542542939126e-03  3.792030571608710e-01  1.085788270169165e+00  3.792030571608710e-01  2.262246252848053e-01  3.792030571608710e-01  1.655019266220048e-03 
 3.832030571608711e-01  1.272394142317191e+00  3.832030571608711e-01  1.469621692384898e+00  3.832030571608711e-01  7.955723008558865e-01  3.832030571608711e-01  2.651703485404471e-01  3.832030571608711e-01  2.425544097082617e-03  3.832030571608711e-01  1.087297872899594e+00  3.832030571608711e-01  2.259978348114637e-01  3.832030571608711e-01  1.650965680870103e-03 
 3.872030571608711e-01  1.271375443898268e+00  3.872030571608711e-01  1.470653782920774e+00  3.872030571608711e-01  7.940490176573750e-01  3.872030571608711e-01  2.653570671838991e-01  3.872030571608711e-01  2.429544865384875e-03  3.872030571608711e-01  1.088807205688149e+00  3.872030571608711e-01  2.257707532493270e-01  3.872030571608711e-01  1.646912314422947e-03 
 3.912030571608711e-01  1.270356947248804e+00  3.912030571608711e-01  1.471685816173266e+00  3.912030571608711e-01  7.925258696264628e-01  3.912030571608711e-01  2.655436485713167e-01  3.912030571608711e-01  2.433544841271180e-03  3.912030571608711e-01  1.090316266169255e+00  3.912030571608711e-01  2.255433795885350e-01  3.912030571608711e-01  1.642859172853520e-03 
 3.952030571608711e-01  1.269338654053298e+00  3.952030571608711e-01  1.472717790621078e+00  3.952030571608711e-01  7.910028593967793e-01  3.952030571608711e-01  2.657300934141306e-01  3.952030571608711e-01  2.437544018125969e-03  3.952030571608711e-01  1.091825051972794e+00  3.952030571608711e-01  2.253157128142119e-01  3.952030571608711e-01  1.638806262133784e-03 
 3.992030571608711e-01  1.268320566006235e+00  3.992030571608711e-01  1.473749704741352e+00  3.992030571608711e-01  7.894799896166657e-01  3.992030571608711e-01  2.659164024245386e-01  3.992030571608711e-01  2.441542389294443e-03  3.992030571608711e-01  1.093333560722569e+00  3.992030571608711e-01  2.250877519069071e-01  3.992030571608711e-01  1.634753588241901e-03 
 4.032030571608711e-01  1.267302684815104e+00  4.032030571608711e-01  1.474781557020769e+00  4.032030571608711e-01  7.879572629513124e-01  4.032030571608711e-01  2.661025763150571e-01  4.032030571608711e-01  2.445539948070685e-03  4.032030571608711e-01  1.094841790043398e+00  4.032030571608711e-01  2.248594958402035e-01  4.032030571608711e-01  1.630701157118446e-03 
 4.072030571608711e-01  1.266285012186795e+00  4.072030571608711e-01  1.475813345902383e+00  4.072030571608711e-01  7.864346820737411e-01  4.072030571608711e-01  2.662886158008641e-01  4.072030571608711e-01  2.449536687751200e-03  4.072030571608711e-01  1.096349737526721e+00  4.072030571608711e-01  2.246309435918615e-01  4.072030571608711e-01  1.626648974875273e-03 
 4.112030571608711e-01  1.265267549842463e+00  4.112030571608711e-01  1.476845069842592e+00  4.112030571608711e-01  7.849122496749215e-01  4.112030571608711e-01  2.664745215973633e-01  4.112030571608711e-01  2.453532601576423e-03  4.112030571608711e-01  1.097857400767320e+00  4.112030571608711e-01  2.244020941318147e-01  4.112030571608711e-01  1.622597047571787e-03 
 4.152030571608711e-01  1.264250299514470e+00  4.152030571608711e-01  1.477876727298723e+00  4.152030571608711e-01  7.833899684618351e-01  4.152030571608711e-01  2.666602944207606e-01  4.152030571608711e-01  2.457527682742802e-03  4.152030571608711e-01  1.099364777355222e+00  4.152030571608711e-01  2.241729464247208e-01  4.152030571608711e-01  1.618545381263669e-03 
 4.192030571608711e-01  1.263233262941027e+00  4.192030571608711e-01  1.478908316707701e+00  4.192030571608711e-01  7.818678411540088e-01  4.192030571608711e-01  2.668459349890212e-01  4.192030571608711e-01  2.461521924423809e-03  4.192030571608711e-01  1.100871864861875e+00  4.192030571608711e-01  2.239434994344280e-01  4.192030571608711e-01  1.614493982086684e-03 
 4.232030571608711e-01  1.262216441872320e+00  4.232030571608711e-01  1.479939836509241e+00  4.232030571608711e-01  7.803458704877548e-01  4.232030571608711e-01  2.670314440209045e-01  4.232030571608711e-01  2.465515319745863e-03  4.232030571608711e-01  1.102378660855036e+00  4.232030571608711e-01  2.237137521190383e-01  4.232030571608711e-01  1.610442856165559e-03 
 4.272030571608711e-01  1.261199838061275e+00  4.272030571608711e-01  1.480971285109523e+00  4.272030571608711e-01  7.788240592100838e-01  4.272030571608711e-01  2.672168222375707e-01  4.272030571608711e-01  2.469507861824628e-03  4.272030571608711e-01  1.103885162875291e+00  4.272030571608711e-01  2.234837034385657e-01  4.272030571608711e-01  1.606392009756668e-03 
 4.312030571608711e-01  1.260183453280694e+00  4.312030571608711e-01  1.482002660946771e+00  4.312030571608711e-01  7.773024100903806e-01  4.312030571608711e-01  2.674020703597856e-01  4.312030571608711e-01  2.473499543697761e-03  4.312030571608711e-01  1.105391368478243e+00  4.312030571608711e-01  2.232533523409918e-01  4.312030571608711e-01  1.602341448990457e-03 
 4.352030571608711e-01  1.259167289304540e+00  4.352030571608711e-01  1.483033962418498e+00  4.352030571608711e-01  7.757809259079285e-01  4.352030571608711e-01  2.675871891111020e-01  4.352030571608711e-01  2.477490358398292e-03  4.352030571608711e-01  1.106897275187559e+00  4.352030571608711e-01  2.230226977776603e-01  4.352030571608711e-01  1.598291180157209e-03 
 4.392030571608711e-01  1.258151347922613e+00  4.392030571608711e-01  1.484065187937386e+00  4.392030571608711e-01  7.742596094619298e-01  4.392030571608711e-01  2.677721792154806e-01  4.392030571608711e-01  2.481480298897077e-03  4.392030571608711e-01  1.108402880530905e+00  4.392030571608711e-01  2.227917386913694e-01  4.392030571608711e-01  1.594241209487560e-03 
 4.432030571608711e-01  1.257135630929053e+00  4.432030571608711e-01  1.485096335886530e+00  4.432030571608711e-01  7.727384635639003e-01  4.432030571608711e-01  2.679570413992702e-01  4.432030571608711e-01  2.485469358147941e-03  4.432030571608711e-01  1.109908182011051e+00  4.432030571608711e-01  2.225604740258567e-01  4.432030571608711e-01  1.590191543328271e-03 
 4.472030571608711e-01  1.256120140132494e+00  4.472030571608711e-01  1.486127404657770e+00  4.472030571608711e-01  7.712174910446423e-01  4.472030571608711e-01  2.681417763895821e-01  4.472030571608711e-01  2.489457529047767e-03  4.472030571608711e-01  1.111413177130473e+00  4.472030571608711e-01  2.223289027175940e-01  4.472030571608711e-01  1.586142187991717e-03 
 4.512030571608711e-01  1.255104877348587e+00  4.512030571608711e-01  1.487158392622481e+00  4.512030571608711e-01  7.696966947493543e-01  4.512030571608711e-01  2.683263849156009e-01  4.512030571608711e-01  2.493444804465898e-03  4.512030571608711e-01  1.112917863372487e+00  4.512030571608711e-01  2.220970237019778e-01  4.512030571608711e-01  1.582093149870547e-03 
 4.552030571608711e-01  1.254089844406841e+00  4.552030571608711e-01  1.488189298157032e+00  4.552030571608711e-01  7.681760775423742e-01  4.552030571608711e-01  2.685108677075161e-01  4.552030571608711e-01  2.497431177217230e-03  4.552030571608711e-01  1.114422238217547e+00  4.552030571608711e-01  2.218648359078459e-01  4.552030571608711e-01  1.578044435337732e-03 
 4.592030571608711e-01  1.253075043142856e+00  4.592030571608711e-01  1.489220119612498e+00  4.592030571608711e-01  7.666556423020982e-01  4.592030571608711e-01  2.686952254978796e-01  4.592030571608711e-01  2.501416640092772e-03  4.592030571608711e-01  1.115926299123708e+00  4.592030571608711e-01  2.216323382639261e-01  4.592030571608711e-01  1.573996050865513e-03 
 4.632030571608711e-01  1.252060475409523e+00  4.632030571608711e-01  1.490250855356877e+00  4.632030571608711e-01  7.651353919286632e-01  4.632030571608711e-01  2.688794590198145e-01  4.632030571608711e-01  2.505401185815570e-03  4.632030571608711e-01  1.117430043553664e+00  4.632030571608711e-01  2.213995296897345e-01  4.632030571608711e-01  1.569948002859590e-03 
 4.672030571608711e-01  1.251046143059936e+00  4.672030571608711e-01  1.491281503709044e+00  4.672030571608711e-01  7.636153293325929e-01  4.672030571608711e-01  2.690635690099227e-01  4.672030571608711e-01  2.509384807107952e-03  4.672030571608711e-01  1.118933468932279e+00  4.672030571608711e-01  2.211664091097370e-01  4.672030571608711e-01  1.565900297918556e-03 
 4.712030571608711e-01  1.250032047968263e+00  4.712030571608711e-01  1.492312063017990e+00  4.712030571608711e-01  7.620954574489935e-01  4.712030571608711e-01  2.692475562048901e-01  4.712030571608711e-01  2.513367496609372e-03  4.712030571608711e-01  1.120436572697368e+00  4.712030571608711e-01  2.209329754362561e-01  4.712030571608711e-01  1.561852942522576e-03 
 4.752030571608711e-01  1.249018192015656e+00  4.752030571608711e-01  1.493342531608201e+00  4.752030571608711e-01  7.605757792282273e-01  4.752030571608711e-01  2.694314213439006e-01  4.752030571608711e-01  2.517349246931983e-03  4.752030571608711e-01  1.121939352264567e+00  4.752030571608711e-01  2.206992275811883e-01  4.752030571608711e-01  1.557805943248054e-03 
 4.792030571608711e-01  1.248004577094850e+00  4.792030571608711e-01  1.494372907796611e+00  4.792030571608711e-01  7.590562976391562e-01  4.792030571608711e-01  2.696151651679390e-01  4.792030571608711e-01  2.521330050642335e-03  4.792030571608711e-01  1.123441805038134e+00  4.792030571608711e-01  2.204651644523106e-01  4.792030571608711e-01  1.553759306700925e-03 
 4.832030571608711e-01  1.246991205106935e+00  4.832030571608711e-01  1.495403189879609e+00  4.832030571608711e-01  7.575370156671271e-01  4.832030571608711e-01  2.697987884204051e-01  4.832030571608711e-01  2.525309900274257e-03  4.832030571608711e-01  1.124943928402550e+00  4.832030571608711e-01  2.202307849560589e-01  4.832030571608711e-01  1.549713039567761e-03 
 4.872030571608711e-01  1.245978077965995e+00  4.872030571608711e-01  1.496433376150135e+00  4.872030571608711e-01  7.560179363172523e-01  4.872030571608711e-01  2.699822918464121e-01  4.872030571608711e-01  2.529288788310471e-03  4.872030571608711e-01  1.126445719733409e+00  4.872030571608711e-01  2.199960879937913e-01  4.872030571608711e-01  1.545667148548608e-03 
 4.912030571608711e-01  1.244965197602172e+00  4.912030571608711e-01  1.497463464908523e+00  4.912030571608711e-01  7.544990626166272e-01  4.912030571608711e-01  2.701656761923653e-01  4.912030571608711e-01  2.533266707170677e-03  4.912030571608711e-01  1.127947176404261e+00  4.912030571608711e-01  2.197610724593752e-01  4.912030571608711e-01  1.541621640314390e-03 
 4.952030571608712e-01  1.243952565952107e+00  4.952030571608712e-01  1.498493454425468e+00  4.952030571608712e-01  7.529803976080718e-01  4.952030571608712e-01  2.703489422076109e-01  4.952030571608712e-01  2.537243649249040e-03  4.952030571608712e-01  1.129448295762831e+00  4.952030571608712e-01  2.195257372471893e-01  4.952030571608712e-01  1.537576521652320e-03 
 4.992030571608712e-01  1.242940184966076e+00  4.992030571608712e-01  1.499523342968465e+00  4.992030571608712e-01  7.514619443550821e-01  4.992030571608712e-01  2.705320906433358e-01  4.992030571608712e-01  2.541219606886167e-03  4.992030571608712e-01  1.130949075147864e+00  4.992030571608712e-01  2.192900812463487e-01  4.992030571608712e-01  1.533531799362146e-03 
 5.032030571608711e-01  1.241928056606294e+00  5.032030571608711e-01  1.500553128794696e+00  5.032030571608711e-01  7.499437059408611e-01  5.032030571608711e-01  2.707151222529273e-01  5.032030571608711e-01  2.545194572375805e-03  5.032030571608711e-01  1.132449511884501e+00  5.032030571608711e-01  2.190541033422029e-01  5.032030571608711e-01  1.529487480284033e-03 
 5.072030571608711e-01  1.240916182846917e+00  5.072030571608711e-01  1.501582810150274e+00  5.072030571608711e-01  7.484256854684981e-01  5.072030571608711e-01  2.708980377920487e-01  5.072030571608711e-01  2.549168537964774e-03  5.072030571608711e-01  1.133949603283712e+00  5.072030571608711e-01  2.188178024164628e-01  5.072030571608711e-01  1.525443571301522e-03 
 5.112030571608711e-01  1.239904565672922e+00  5.112030571608711e-01  1.502612385265290e+00  5.112030571608711e-01  7.469078860603706e-01  5.112030571608711e-01  2.710808380189041e-01  5.112030571608711e-01  2.553141495857392e-03  5.112030571608711e-01  1.135449346639054e+00  5.112030571608711e-01  2.185811773482454e-01  5.112030571608711e-01  1.521400079360996e-03 
 5.152030571608711e-01  1.238893207084195e+00  5.152030571608711e-01  1.503641852368570e+00  5.152030571608711e-01  7.453903108610833e-01  5.152030571608711e-01  2.712635236936496e-01  5.152030571608711e-01  2.557113438199466e-03  5.152030571608711e-01  1.136948739236012e+00  5.152030571608711e-01  2.183442270108003e-01  5.152030571608711e-01  1.517357011413704e-03 
 5.192030571608711e-01  1.237882109092535e+00  5.192030571608711e-01  1.504671209675573e+00  5.192030571608711e-01  7.438729630356213e-01  5.192030571608711e-01  2.714460955789634e-01  5.192030571608711e-01  2.561084357089989e-03  5.192030571608711e-01  1.138447778344200e+00  5.192030571608711e-01  2.181069502741177e-01  5.192030571608711e-01  1.513314374463348e-03 
 5.232030571608711e-01  1.236871273723537e+00  5.232030571608711e-01  1.505700455394801e+00  5.232030571608711e-01  7.423558457707988e-01  5.232030571608711e-01  2.716285544398233e-01  5.232030571608711e-01  2.565054244573757e-03  5.232030571608711e-01  1.139946461221356e+00  5.232030571608711e-01  2.178693460034738e-01  5.232030571608711e-01  1.509272175540840e-03 
 5.272030571608711e-01  1.235860703013486e+00  5.272030571608711e-01  1.506729587715219e+00  5.272030571608711e-01  7.408389622733464e-01  5.272030571608711e-01  2.718109010440980e-01  5.272030571608711e-01  2.569023092653612e-03  5.272030571608711e-01  1.141444785105239e+00  5.272030571608711e-01  2.176314130621663e-01  5.272030571608711e-01  1.505230421753777e-03 
 5.312030571608711e-01  1.234850399011871e+00  5.312030571608711e-01  1.507758604815089e+00  5.312030571608711e-01  7.393223157717881e-01  5.312030571608711e-01  2.719931361622196e-01  5.312030571608711e-01  2.572990893280505e-03  5.312030571608711e-01  1.142942747219189e+00  5.312030571608711e-01  2.173931503095253e-01  5.312030571608711e-01  1.501189120251636e-03 
 5.352030571608711e-01  1.233840363781384e+00  5.352030571608711e-01  1.508787504861093e+00  5.352030571608711e-01  7.378059095166315e-01  5.352030571608711e-01  2.721752605672729e-01  5.352030571608711e-01  2.576957638353604e-03  5.352030571608711e-01  1.144440344771487e+00  5.352030571608711e-01  2.171545566010724e-01  5.352030571608711e-01  1.497148278229335e-03 
 5.392030571608711e-01  1.232830599404409e+00  5.392030571608711e-01  1.509816286032087e+00  5.392030571608711e-01  7.362897467849245e-01  5.392030571608711e-01  2.723572750340156e-01  5.392030571608711e-01  2.580923319694661e-03  5.392030571608711e-01  1.145937574970382e+00  5.392030571608711e-01  2.169156307832031e-01  5.392030571608711e-01  1.493107902833870e-03 
 5.432030571608711e-01  1.231821107964213e+00  5.432030571608711e-01  1.510844946447427e+00  5.432030571608711e-01  7.347738308677764e-01  5.432030571608711e-01  2.725391803420473e-01  5.432030571608711e-01  2.584887929121980e-03  5.432030571608711e-01  1.147434434978386e+00  5.432030571608711e-01  2.166763717090384e-01  5.432030571608711e-01  1.489068001445867e-03 
 5.472030571608711e-01  1.230811891572443e+00  5.472030571608711e-01  1.511873484269624e+00  5.472030571608711e-01  7.332581650890770e-01  5.472030571608711e-01  2.727209772714033e-01  5.472030571608711e-01  2.588851458342432e-03  5.472030571608711e-01  1.148930921977525e+00  5.472030571608711e-01  2.164367782156054e-01  5.472030571608711e-01  1.485028581276309e-03 
 5.512030571608711e-01  1.229802952341359e+00  5.512030571608711e-01  1.512901897599104e+00  5.512030571608711e-01  7.317427527869909e-01  5.512030571608711e-01  2.729026666071819e-01  5.512030571608711e-01  2.592813899060493e-03  5.512030571608711e-01  1.150427033102284e+00  5.512030571608711e-01  2.161968491471740e-01  5.512030571608711e-01  1.480989649779978e-03 
 5.552030571608711e-01  1.228794292406849e+00  5.552030571608711e-01  1.513930184560019e+00  5.552030571608711e-01  7.302275973296539e-01  5.552030571608711e-01  2.730842491358747e-01  5.552030571608711e-01  2.596775242887770e-03  5.552030571608711e-01  1.151922765494120e+00  5.552030571608711e-01  2.159565833361311e-01  5.552030571608711e-01  1.476951214318357e-03 
 5.592030571608712e-01  1.227785913915346e+00  5.592030571608712e-01  1.514958343250062e+00  5.592030571608712e-01  7.287127021065800e-01  5.592030571608712e-01  2.732657256476025e-01  5.592030571608712e-01  2.600735481394563e-03  5.592030571608712e-01  1.153418116269445e+00  5.592030571608712e-01  2.157159796141053e-01  5.592030571608712e-01  1.472913282356786e-03 
 5.632030571608712e-01  1.226777819026008e+00  5.632030571608712e-01  1.515986371747960e+00  5.632030571608712e-01  7.271980705303132e-01  5.632030571608712e-01  2.734470969358449e-01  5.632030571608712e-01  2.604694606101092e-03  5.632030571608712e-01  1.154913082524314e+00  5.632030571608712e-01  2.154750368102656e-01  5.632030571608712e-01  1.468875861434932e-03 
 5.672030571608712e-01  1.225770009915741e+00  5.672030571608712e-01  1.517014268131432e+00  5.672030571608712e-01  7.256837060400407e-01  5.672030571608712e-01  2.736283637967236e-01  5.672030571608712e-01  2.608652608457932e-03  5.672030571608712e-01  1.156407661345745e+00  5.672030571608712e-01  2.152337537472666e-01  5.672030571608712e-01  1.464838959096398e-03 
 5.712030571608712e-01  1.224762488777266e+00  5.712030571608712e-01  1.518042030468993e+00  5.712030571608712e-01  7.241696121004899e-01  5.712030571608712e-01  2.738095270294136e-01  5.712030571608712e-01  2.612609479853539e-03  5.712030571608712e-01  1.157901849806414e+00  5.712030571608712e-01  2.149921292430198e-01  5.712030571608712e-01  1.460802582920793e-03 
 5.752030571608712e-01  1.223755257813957e+00  5.752030571608712e-01  1.519069656799863e+00  5.752030571608712e-01  7.226557921986746e-01  5.752030571608712e-01  2.739905874370807e-01  5.752030571608712e-01  2.616565211634540e-03  5.752030571608712e-01  1.159395644951825e+00  5.752030571608712e-01  2.147501621151765e-01  5.752030571608712e-01  1.456766740602731e-03 
 5.792030571608712e-01  1.222748319246961e+00  5.792030571608712e-01  1.520097145159699e+00  5.792030571608712e-01  7.211422498489080e-01  5.792030571608712e-01  2.741715458258214e-01  5.792030571608712e-01  2.620519795077740e-03  5.792030571608712e-01  1.160889043816546e+00  5.792030571608712e-01  2.145078511753021e-01  5.792030571608712e-01  1.452731439850672e-03 
 5.832030571608712e-01  1.221741675312248e+00  5.832030571608712e-01  1.521124493568615e+00  5.832030571608712e-01  7.196289885910374e-01  5.832030571608712e-01  2.743524030052458e-01  5.832030571608712e-01  2.624473221401746e-03  5.832030571608712e-01  1.162382043416516e+00  5.832030571608712e-01  2.142651952315291e-01  5.832030571608712e-01  1.448696688434060e-03 
 5.872030571608712e-01  1.220735328263099e+00  5.872030571608712e-01  1.522151700039618e+00  5.872030571608712e-01  7.181160119923429e-01  5.872030571608712e-01  2.745331597881750e-01  5.872030571608712e-01  2.628425481757169e-03  5.872030571608712e-01  1.163874640754300e+00  5.872030571608712e-01  2.140221930866049e-01  5.872030571608712e-01  1.444662494150145e-03 
 5.912030571608712e-01  1.219729280365951e+00  5.912030571608712e-01  1.523178762562193e+00  5.912030571608712e-01  7.166033236449673e-01  5.912030571608712e-01  2.747138169914184e-01  5.912030571608712e-01  2.632376567242930e-03  5.912030571608712e-01  1.165366832808602e+00  5.912030571608712e-01  2.137788435415603e-01  5.912030571608712e-01  1.440628864888466e-03 
 5.952030571608712e-01  1.218723533903288e+00  5.952030571608712e-01  1.524205679112127e+00  5.952030571608712e-01  7.150909271681075e-01  5.952030571608712e-01  2.748943754354136e-01  5.952030571608712e-01  2.636326468895000e-03  5.952030571608712e-01  1.166858616540390e+00  5.952030571608712e-01  2.135351453934523e-01  5.952030571608712e-01  1.436595808592246e-03 
 5.992030571608712e-01  1.217718091176242e+00  5.992030571608712e-01  1.525232447660291e+00  5.992030571608712e-01  7.135788262099823e-01  5.992030571608712e-01  2.750748359439056e-01  5.992030571608712e-01  2.640275177676037e-03  5.992030571608712e-01  1.168349988898369e+00  5.992030571608712e-01  2.132910974333237e-01  5.992030571608712e-01  1.432563333223941e-03 
 6.032030571608712e-01  1.216712954500835e+00  6.032030571608712e-01  1.526259066157662e+00  6.032030571608712e-01  7.120670244455598e-01  6.032030571608712e-01  2.752551993446695e-01  6.032030571608712e-01  2.644222684490264e-03  6.032030571608712e-01  1.169840946809395e+00  6.032030571608712e-01  2.130466984495541e-01  6.032030571608712e-01  1.428531446824016e-03 
 6.072030571608712e-01  1.215708126210357e+00  6.072030571608712e-01  1.527285532543202e+00  6.072030571608712e-01  7.105555255783879e-01  6.072030571608712e-01  2.754354664692305e-01  6.072030571608712e-01  2.648168980174040e-03  6.072030571608712e-01  1.171331487183374e+00  6.072030571608712e-01  2.128019472260321e-01  6.072030571608712e-01  1.424500157480060e-03 
 6.112030571608712e-01  1.214703608652834e+00  6.112030571608712e-01  1.528311844733521e+00  6.112030571608712e-01  7.090443333391437e-01  6.112030571608712e-01  2.756156381533912e-01  6.112030571608712e-01  2.652114055505937e-03  6.112030571608712e-01  1.172821606906632e+00  6.112030571608712e-01  2.125568425444665e-01  6.112030571608712e-01  1.420469473367312e-03 
 6.152030571608712e-01  1.213699404195361e+00  6.152030571608712e-01  1.529338000637981e+00  6.152030571608712e-01  7.075334514887971e-01  6.152030571608712e-01  2.757957152366356e-01  6.152030571608712e-01  2.656057901189550e-03  6.152030571608712e-01  1.174311302851363e+00  6.152030571608712e-01  2.123113831809017e-01  6.152030571608712e-01  1.416439402689399e-03 
 6.192030571608712e-01  1.212695515221444e+00  6.192030571608712e-01  1.530363998147763e+00  6.192030571608712e-01  7.060228838170852e-01  6.192030571608712e-01  2.759756985626797e-01  6.192030571608712e-01  2.660000507864062e-03  6.192030571608712e-01  1.175800571868626e+00  6.192030571608712e-01  2.120655679081657e-01  6.192030571608712e-01  1.412409953721226e-03 
 6.232030571608712e-01  1.211691944133034e+00  6.232030571608712e-01  1.531389835142468e+00  6.232030571608712e-01  7.045126341441215e-01  6.232030571608712e-01  2.761555889792564e-01  6.232030571608712e-01  2.663941866096213e-03  6.232030571608712e-01  1.177289410792405e+00  6.232030571608712e-01  2.118193954943181e-01  6.232030571608712e-01  1.408381134783128e-03 
 6.272030571608712e-01  1.210688693347330e+00  6.272030571608712e-01  1.532415509477225e+00  6.272030571608712e-01  7.030027063185309e-01  6.272030571608712e-01  2.763353873387493e-01  6.272030571608712e-01  2.667881966392853e-03  6.272030571608712e-01  1.178777816431397e+00  6.272030571608712e-01  2.115728647055646e-01  6.272030571608712e-01  1.404352954291387e-03 
 6.312030571608712e-01  1.209685765299998e+00  6.312030571608712e-01  1.533441018993605e+00  6.312030571608712e-01  7.014931042198590e-01  6.312030571608712e-01  2.765150944977939e-01  6.312030571608712e-01  2.671820799188319e-03  6.312030571608712e-01  1.180265785575789e+00  6.312030571608712e-01  2.113259743037175e-01  6.312030571608712e-01  1.400325420715479e-03 
 6.352030571608712e-01  1.208683162449938e+00  6.352030571608712e-01  1.534466361536132e+00  6.352030571608712e-01  6.999838317620696e-01  6.352030571608712e-01  2.766947113166286e-01  6.352030571608712e-01  2.675758354825674e-03  6.352030571608712e-01  1.181753315007546e+00  6.352030571608712e-01  2.110787230423307e-01  6.352030571608712e-01  1.396298542513183e-03 
 6.392030571608712e-01  1.207680887266015e+00  6.392030571608712e-01  1.535491534902225e+00  6.392030571608712e-01  6.984748928848744e-01  6.392030571608712e-01  2.768742386613597e-01  6.392030571608712e-01  2.679694623608884e-03  6.392030571608712e-01  1.183240401468796e+00  6.392030571608712e-01  2.108311096782057e-01  6.392030571608712e-01  1.392272328327132e-03 
 6.432030571608712e-01  1.206678942243212e+00  6.432030571608712e-01  1.536516536900746e+00  6.432030571608712e-01  6.969662915648975e-01  6.432030571608712e-01  2.770536774014787e-01  6.432030571608712e-01  2.683629595739298e-03  6.432030571608712e-01  1.184727041698586e+00  6.432030571608712e-01  2.105831329578352e-01  6.432030571608712e-01  1.388246786754974e-03 
 6.472030571608712e-01  1.205677329887691e+00  6.472030571608712e-01  1.537541365295839e+00  6.472030571608712e-01  6.954580318058914e-01  6.472030571608712e-01  2.772330284124001e-01  6.472030571608712e-01  2.687563261374395e-03  6.472030571608712e-01  1.186213232397450e+00  6.472030571608712e-01  2.103347916303490e-01  6.472030571608712e-01  1.384221926569842e-03 
 6.512030571608712e-01  1.204676052732884e+00  6.512030571608712e-01  1.538566017865106e+00  6.512030571608712e-01  6.939501176498651e-01  6.512030571608712e-01  2.774122925729953e-01  6.512030571608712e-01  2.691495610564545e-03  6.512030571608712e-01  1.187698970263874e+00  6.512030571608712e-01  2.100860844339879e-01  6.512030571608712e-01  1.380197756491895e-03 
 6.552030571608712e-01  1.203675113323129e+00  6.552030571608712e-01  1.539590492338224e+00  6.552030571608712e-01  6.924425531663569e-01  6.552030571608712e-01  2.775914707683590e-01  6.552030571608712e-01  2.695426633317290e-03  6.552030571608712e-01  1.189184251955632e+00  6.552030571608712e-01  2.098370101103141e-01  6.552030571608712e-01  1.376174285429469e-03 
 6.592030571608712e-01  1.202674514232300e+00  6.592030571608712e-01  1.540614786464349e+00  6.592030571608712e-01  6.909353424652769e-01  6.592030571608712e-01  2.777705638869433e-01  6.592030571608712e-01  2.699356319524128e-03  6.592030571608712e-01  1.190669074132005e+00  6.592030571608712e-01  2.095875673884842e-01  6.592030571608712e-01  1.372151522214271e-03 
 6.632030571608712e-01  1.201674258041783e+00  6.632030571608712e-01  1.541638897930050e+00  6.632030571608712e-01  6.894284896823754e-01  6.632030571608712e-01  2.779495728242354e-01  6.632030571608712e-01  2.703284659047153e-03  6.632030571608712e-01  1.192153433402167e+00  6.632030571608712e-01  2.093377550043308e-01  6.632030571608712e-01  1.368129475923675e-03 
 6.672030571608712e-01  1.200674347364811e+00  6.672030571608712e-01  1.542662824447455e+00  6.672030571608712e-01  6.879219989959364e-01  6.672030571608712e-01  2.781284984789795e-01  6.672030571608712e-01  2.707211641623282e-03  6.672030571608712e-01  1.193637326380381e+00  6.672030571608712e-01  2.090875716797579e-01  6.672030571608712e-01  1.364108155534627e-03 
 6.712030571608713e-01  1.199674784826411e+00  6.712030571608713e-01  1.543686563679556e+00  6.712030571608713e-01  6.864158746135941e-01  6.712030571608713e-01  2.783073417565405e-01  6.712030571608713e-01  2.711137256943192e-03  6.712030571608713e-01  1.195120749639054e+00  6.712030571608713e-01  2.088370161401399e-01  6.712030571608713e-01  1.360087570216899e-03 
 6.752030571608713e-01  1.198675573076961e+00  6.752030571608713e-01  1.544710113288706e+00  6.752030571608713e-01  6.849101207817664e-01  6.752030571608713e-01  2.784861035668638e-01  6.752030571608713e-01  2.715061494597939e-03  6.752030571608713e-01  1.196603699739022e+00  6.752030571608713e-01  2.085860871029417e-01  6.752030571608713e-01  1.356067729142711e-03 
 6.792030571608713e-01  1.197676714783689e+00  6.792030571608713e-01  1.545733470904224e+00  6.792030571608713e-01  6.834047417802588e-01  6.792030571608713e-01  2.786647848259857e-01  6.792030571608713e-01  2.718984344112449e-03  6.792030571608713e-01  1.198086173209163e+00  6.792030571608713e-01  2.083347832852687e-01  6.792030571608713e-01  1.352048641613884e-03 
 6.832030571608713e-01  1.196678212640490e+00  6.832030571608713e-01  1.546756634157143e+00  6.832030571608713e-01  6.818997419292004e-01  6.832030571608713e-01  2.788433864546012e-01  6.832030571608713e-01  2.722905794906875e-03  6.832030571608713e-01  1.199568166568022e+00  6.832030571608713e-01  2.080831033956549e-01  6.832030571608713e-01  1.348030316925434e-03 
 6.872030571608713e-01  1.195680069354710e+00  6.872030571608713e-01  1.547779600630678e+00  6.872030571608713e-01  6.803951255804788e-01  6.872030571608713e-01  2.790219093803308e-01  6.872030571608713e-01  2.726825836348594e-03  6.872030571608713e-01  1.201049676292727e+00  6.872030571608713e-01  2.078310461456887e-01  6.872030571608713e-01  1.344012764560057e-03 
 6.912030571608713e-01  1.194682287664097e+00  6.912030571608713e-01  1.548802367920753e+00  6.912030571608713e-01  6.788908971294916e-01  6.912030571608713e-01  2.792003545351535e-01  6.912030571608713e-01  2.730744457685551e-03  6.912030571608713e-01  1.202530698856718e+00  6.912030571608713e-01  2.075786102356923e-01  6.912030571608713e-01  1.339995993950432e-03 
 6.952030571608713e-01  1.193684870321754e+00  6.952030571608713e-01  1.549824933579985e+00  6.952030571608713e-01  6.773870610053475e-01  6.952030571608713e-01  2.793787228579678e-01  6.952030571608713e-01  2.734661648105379e-03  6.952030571608713e-01  1.204011230694632e+00  6.952030571608713e-01  2.073257943679080e-01  6.952030571608713e-01  1.335980014699248e-03 
 6.992030571608713e-01  1.192687820103780e+00  6.992030571608713e-01  1.550847295144204e+00  6.992030571608713e-01  6.758836216763771e-01  6.992030571608713e-01  2.795570152935214e-01  6.992030571608713e-01  2.738577396705408e-03  6.992030571608713e-01  1.205491268218760e+00  6.992030571608713e-01  2.070725972401986e-01  6.992030571608713e-01  1.331964836474982e-03 
 7.032030571608713e-01  1.191691139812717e+00  7.032030571608713e-01  1.551869450143577e+00  7.032030571608713e-01  6.743805836527947e-01  7.032030571608713e-01  2.797352327920199e-01  7.032030571608713e-01  2.742491692479147e-03  7.032030571608713e-01  1.206970807825875e+00  7.032030571608713e-01  2.068190175433505e-01  7.032030571608713e-01  1.327950468968274e-03 
 7.072030571608713e-01  1.190694832268306e+00  7.072030571608713e-01  1.552891396067860e+00  7.072030571608713e-01  6.728779514808377e-01  7.072030571608713e-01  2.799133763107580e-01  7.072030571608713e-01  2.746404524352516e-03  7.072030571608713e-01  1.208449845875437e+00  7.072030571608713e-01  2.065650539692938e-01  7.072030571608713e-01  1.323936922028369e-03 
 7.112030571608713e-01  1.189698900318544e+00  7.112030571608713e-01  1.553913130405085e+00  7.112030571608713e-01  6.713757297505795e-01  7.112030571608713e-01  2.800914468125174e-01  7.112030571608713e-01  2.750315881140473e-03  7.112030571608713e-01  1.209928378713606e+00  7.112030571608713e-01  2.063107052018533e-01  7.112030571608713e-01  1.319924205511184e-03 
 7.152030571608713e-01  1.188703346829760e+00  7.152030571608713e-01  1.554934650604176e+00  7.152030571608713e-01  6.698739230896200e-01  7.152030571608713e-01  2.802694452673151e-01  7.152030571608713e-01  2.754225751586012e-03  7.152030571608713e-01  1.211406402649832e+00  7.152030571608713e-01  2.060559699256224e-01  7.152030571608713e-01  1.315912329426129e-03 
 7.192030571608713e-01  1.187708174697246e+00  7.192030571608713e-01  1.555955954112241e+00  7.192030571608713e-01  6.683725361706107e-01  7.192030571608713e-01  2.804473726508705e-01  7.192030571608713e-01  2.758134124318335e-03  7.192030571608713e-01  1.212883913979959e+00  7.192030571608713e-01  2.058008468170093e-01  7.192030571608713e-01  1.311901303789635e-03 
 7.232030571608713e-01  1.186713386835234e+00  7.232030571608713e-01  1.556977038336744e+00  7.232030571608713e-01  6.668715737049117e-01  7.232030571608713e-01  2.806252299463757e-01  7.232030571608713e-01  2.762040987892293e-03  7.232030571608713e-01  1.214360908962564e+00  7.232030571608713e-01  2.055453345532517e-01  7.232030571608713e-01  1.307891138773737e-03 
 7.272030571608713e-01  1.185718986185592e+00  7.272030571608713e-01  1.557997900675606e+00  7.272030571608713e-01  6.653710404488127e-01  7.272030571608713e-01  2.808030181432788e-01  7.272030571608713e-01  2.765946330754199e-03  7.272030571608713e-01  1.215837383837571e+00  7.272030571608713e-01  2.052894318051652e-01  7.272030571608713e-01  1.303881844587877e-03 
 7.312030571608713e-01  1.184724975710952e+00  7.312030571608713e-01  1.559018538490980e+00  7.312030571608713e-01  6.638709411993228e-01  7.312030571608713e-01  2.809807382385512e-01  7.312030571608713e-01  2.769850141268764e-03  7.312030571608713e-01  1.217313334809833e+00  7.312030571608713e-01  2.050331372434011e-01  7.312030571608713e-01  1.299873431581827e-03 
 7.352030571608713e-01  1.183731358402436e+00  7.352030571608713e-01  1.560038949135640e+00  7.352030571608713e-01  6.623712807997700e-01  7.352030571608713e-01  2.811583912356398e-01  7.352030571608713e-01  2.773752407688922e-03  7.352030571608713e-01  1.218788758065403e+00  7.352030571608713e-01  2.047764495320603e-01  7.352030571608713e-01  1.295865910142126e-03 
 7.392030571608713e-01  1.182738137275189e+00  7.392030571608713e-01  1.561059129935359e+00  7.392030571608713e-01  6.608720641371931e-01  7.392030571608713e-01  2.813359781453496e-01  7.392030571608713e-01  2.777653118173133e-03  7.392030571608713e-01  1.220263649760468e+00  7.392030571608713e-01  2.045193673328906e-01  7.392030571608713e-01  1.291859290761248e-03 
 7.432030571608713e-01  1.181745315371092e+00  7.432030571608713e-01  1.562079078197334e+00  7.432030571608713e-01  6.593732961446024e-01  7.432030571608713e-01  2.815134999856017e-01  7.432030571608713e-01  2.781552260774949e-03  7.432030571608713e-01  1.221738006026460e+00  7.432030571608713e-01  2.042618893032144e-01  7.432030571608713e-01  1.287853584004538e-03 
 7.472030571608713e-01  1.180752895754811e+00  7.472030571608713e-01  1.563098791194296e+00  7.472030571608713e-01  6.578749817987347e-01  7.472030571608713e-01  2.816909577822435e-01  7.472030571608713e-01  2.785449823458404e-03  7.472030571608713e-01  1.223211822960080e+00  7.472030571608713e-01  2.040040140997406e-01  7.472030571608713e-01  1.283848800572604e-03 
 7.512030571608713e-01  1.179760881519707e+00  7.512030571608713e-01  1.564118266184259e+00  7.512030571608713e-01  6.563771261244636e-01  7.512030571608713e-01  2.818683525682980e-01  7.512030571608713e-01  2.789345794074841e-03  7.512030571608713e-01  1.224685096635423e+00  7.512030571608713e-01  2.037457403737403e-01  7.512030571608713e-01  1.279844951223743e-03 
 7.552030571608713e-01  1.178769275782701e+00  7.552030571608713e-01  1.565137500390637e+00  7.552030571608713e-01  6.548797341917840e-01  7.552030571608713e-01  2.820456853849702e-01  7.552030571608713e-01  2.793240160383059e-03  7.552030571608713e-01  1.226157823091547e+00  7.552030571608713e-01  2.034870667758427e-01  7.552030571608713e-01  1.275842046852059e-03 
 7.592030571608713e-01  1.177778081692940e+00  7.592030571608713e-01  1.566156491031670e+00  7.592030571608713e-01  6.533828111220898e-01  7.592030571608713e-01  2.822229572804654e-01  7.592030571608713e-01  2.797132910015296e-03  7.592030571608713e-01  1.227629998350539e+00  7.592030571608713e-01  2.032279919488239e-01  7.592030571608713e-01  1.271840098371891e-03 
 7.632030571608713e-01  1.176787302420895e+00  7.632030571608713e-01  1.567175235279697e+00  7.632030571608713e-01  6.518863620812915e-01  7.632030571608713e-01  2.824001693119202e-01  7.632030571608713e-01  2.801024030520073e-03  7.632030571608713e-01  1.229101618392216e+00  7.632030571608713e-01  2.029685145375034e-01  7.632030571608713e-01  1.267839116877734e-03 
 7.672030571608713e-01  1.175796941167481e+00  7.672030571608713e-01  1.568193730292343e+00  7.672030571608713e-01  6.503903922864105e-01  7.672030571608713e-01  2.825773225441530e-01  7.672030571608713e-01  2.804913509326340e-03  7.672030571608713e-01  1.230572679173285e+00  7.672030571608713e-01  2.027086331811007e-01  7.672030571608713e-01  1.263839113521793e-03 
 7.712030571608713e-01  1.174807001163406e+00  7.712030571608713e-01  1.569211973208438e+00  7.712030571608713e-01  6.488949070056154e-01  7.712030571608713e-01  2.827544180499708e-01  7.712030571608713e-01  2.808801333746026e-03  7.712030571608713e-01  1.232043176624678e+00  7.712030571608713e-01  2.024483465141790e-01  7.712030571608713e-01  1.259840099530013e-03 
 7.752030571608713e-01  1.173817485662816e+00  7.752030571608713e-01  1.570229961123639e+00  7.752030571608713e-01  6.473999115544190e-01  7.752030571608713e-01  2.829314569113858e-01  7.752030571608713e-01  2.812687490998994e-03  7.752030571608713e-01  1.233513106636386e+00  7.752030571608713e-01  2.021876531725992e-01  7.752030571608713e-01  1.255842086297780e-03 
 7.792030571608713e-01  1.172828397952590e+00  7.792030571608713e-01  1.571247691122059e+00  7.792030571608713e-01  6.459054113024206e-01  7.792030571608713e-01  2.831084402183514e-01  7.792030571608713e-01  2.816571968176572e-03  7.792030571608713e-01  1.234982465076853e+00  7.792030571608713e-01  2.019265517857161e-01  7.792030571608713e-01  1.251845085265738e-03 
 7.832030571608714e-01  1.171839741347168e+00  7.832030571608714e-01  1.572265160255937e+00  7.832030571608714e-01  6.444114116703203e-01  7.832030571608714e-01  2.832853690697988e-01  7.832030571608714e-01  2.820454752261883e-03  7.832030571608714e-01  1.236451247780300e+00  7.832030571608714e-01  2.016650409813396e-01  7.832030571608714e-01  1.247849107999642e-03 
 7.872030571608714e-01  1.170851519190513e+00  7.872030571608714e-01  1.573282365550980e+00  7.872030571608714e-01  6.429179181317317e-01  7.872030571608714e-01  2.834622445735389e-01  7.872030571608714e-01  2.824335830122045e-03  7.872030571608714e-01  1.237919450549894e+00  7.872030571608714e-01  2.014031193843865e-01  7.872030571608714e-01  1.243854166169333e-03 
 7.912030571608714e-01  1.169863734856790e+00  7.912030571608714e-01  1.574299304007042e+00  7.912030571608714e-01  6.414249362141630e-01  7.912030571608714e-01  2.836390678463791e-01  7.912030571608714e-01  2.828215188505604e-03  7.912030571608714e-01  1.239387069158036e+00  7.912030571608714e-01  2.011407856166783e-01  7.912030571608714e-01  1.239860271546135e-03 
 7.952030571608714e-01  1.168876391747617e+00  7.952030571608714e-01  1.575315972586585e+00  7.952030571608714e-01  6.399324714976796e-01  7.952030571608714e-01  2.838158400147820e-01  7.952030571608714e-01  2.832092814053244e-03  7.952030571608714e-01  1.240854099339141e+00  7.952030571608714e-01  2.008780382997757e-01  7.952030571608714e-01  1.235867436048127e-03 
 7.992030571608714e-01  1.167889493300390e+00  7.992030571608714e-01  1.576332368242313e+00  7.992030571608714e-01  6.384405296210296e-01  7.992030571608714e-01  2.839925622137774e-01  7.992030571608714e-01  2.835968693265200e-03  7.992030571608714e-01  1.242320536806489e+00  7.992030571608714e-01  2.006148760480771e-01  7.992030571608714e-01  1.231875671631613e-03 
 8.032030571608714e-01  1.166903042977762e+00  8.032030571608714e-01  1.577348487878198e+00  8.032030571608714e-01  6.369491162751080e-01  8.032030571608714e-01  2.841692355888566e-01  8.032030571608714e-01  2.839842812542436e-03  8.032030571608714e-01  1.243786377228144e+00  8.032030571608714e-01  2.003512974784823e-01  8.032030571608714e-01  1.227884990444231e-03 
 8.072030571608714e-01  1.165917044280496e+00  8.072030571608714e-01  1.578364328393048e+00  8.072030571608714e-01  6.354582372121457e-01  8.072030571608714e-01  2.843458612941793e-01  8.072030571608714e-01  2.843715158136337e-03  8.072030571608714e-01  1.245251616253582e+00  8.072030571608714e-01  2.000873011995027e-01  8.072030571608714e-01  1.223895404653834e-03 
 8.112030571608714e-01  1.164931500734067e+00  8.112030571608714e-01  1.579379886631164e+00  8.112030571608714e-01  6.339678982372614e-01  8.112030571608714e-01  2.845224404949279e-01  8.112030571608714e-01  2.847585716201157e-03  8.112030571608714e-01  1.246716249483270e+00  8.112030571608714e-01  1.998228858235461e-01  8.112030571608714e-01  1.219906926642226e-03 
 8.152030571608714e-01  1.163946415902839e+00  8.152030571608714e-01  1.580395159430743e+00  8.152030571608714e-01  6.324781052185448e-01  8.152030571608714e-01  2.846989743653126e-01  8.152030571608714e-01  2.851454472738444e-03  8.152030571608714e-01  1.248180272498220e+00  8.152030571608714e-01  1.995580499547868e-01  8.152030571608714e-01  1.215919568815110e-03 
 8.192030571608714e-01  1.162961793377487e+00  8.192030571608714e-01  1.581410143577297e+00  8.192030571608714e-01  6.309888640792009e-01  8.192030571608714e-01  2.848754640908078e-01  8.192030571608714e-01  2.855321413646452e-03  8.192030571608714e-01  1.249643680831314e+00  8.192030571608714e-01  1.992927922008093e-01  8.192030571608714e-01  1.211933343785075e-03 
 8.232030571608714e-01  1.161977636785251e+00  8.232030571608714e-01  1.582424835838010e+00  8.232030571608714e-01  6.295001808050025e-01  8.232030571608714e-01  2.850519108667815e-01  8.232030571608714e-01  2.859186524679786e-03  8.232030571608714e-01  1.251106469988213e+00  8.232030571608714e-01  1.990271111639655e-01  8.232030571608714e-01  1.207948264236603e-03 
 8.272030571608714e-01  1.160993949788989e+00  8.272030571608714e-01  1.583439232956408e+00  8.272030571608714e-01  6.280120614442580e-01  8.272030571608714e-01  2.852283158989012e-01  8.272030571608714e-01  2.863049791453156e-03  8.272030571608714e-01  1.252568635443944e+00  8.272030571608714e-01  1.987610054426617e-01  8.272030571608714e-01  1.203964342947003e-03 
 8.312030571608714e-01  1.160010736082917e+00  8.312030571608714e-01  1.584453331635262e+00  8.312030571608714e-01  6.265245121055613e-01  8.312030571608714e-01  2.854046804040716e-01  8.312030571608714e-01  2.866911199458181e-03  8.312030571608714e-01  1.254030172632310e+00  8.312030571608714e-01  1.984944736356472e-01  8.312030571608714e-01  1.199981592853571e-03 
 8.352030571608714e-01  1.159027999394462e+00  8.352030571608714e-01  1.585467128541074e+00  8.352030571608714e-01  6.250375389596473e-01  8.352030571608714e-01  2.855810056104007e-01  8.352030571608714e-01  2.870770734055991e-03  8.352030571608714e-01  1.255491076948509e+00  8.352030571608714e-01  1.982275143408729e-01  8.352030571608714e-01  1.196000027035999e-03 
 8.392030571608714e-01  1.158045743487985e+00  8.392030571608714e-01  1.586480620315172e+00  8.392030571608714e-01  6.235511482425216e-01  8.392030571608714e-01  2.857572927568858e-01  8.392030571608714e-01  2.874628380462698e-03  8.392030571608714e-01  1.256951343755773e+00  8.392030571608714e-01  1.979601261526549e-01  8.392030571608714e-01  1.192019658672768e-03 
 8.432030571608714e-01  1.157063972164569e+00  8.432030571608714e-01  1.587493803570790e+00  8.432030571608714e-01  6.220653462559547e-01  8.432030571608714e-01  2.859335430937182e-01  8.432030571608714e-01  2.878484123750179e-03  8.432030571608714e-01  1.258410968383427e+00  8.432030571608714e-01  1.976923076623781e-01  8.432030571608714e-01  1.188040501052651e-03 
 8.472030571608714e-01  1.156082689258776e+00  8.472030571608714e-01  1.588506674879505e+00  8.472030571608714e-01  6.205801393659512e-01  8.472030571608714e-01  2.861097578830739e-01  8.472030571608714e-01  2.882337948858801e-03  8.472030571608714e-01  1.259869946118496e+00  8.472030571608714e-01  1.974240574619211e-01  8.472030571608714e-01  1.184062567627933e-03 
 8.512030571608714e-01  1.155101898641355e+00  8.512030571608714e-01  1.589519230778731e+00  8.512030571608714e-01  6.190955340052431e-01  8.512030571608714e-01  2.862859383989726e-01  8.512030571608714e-01  2.886189840586911e-03  8.512030571608714e-01  1.261328272210139e+00  8.512030571608714e-01  1.971553741417441e-01  8.512030571608714e-01  1.180085871985060e-03 
 8.552030571608714e-01  1.154121604222304e+00  8.552030571608714e-01  1.590531467780105e+00  8.552030571608714e-01  6.176115366759919e-01  8.552030571608714e-01  2.864620859270749e-01  8.552030571608714e-01  2.890039783578570e-03  8.552030571608714e-01  1.262785941874600e+00  8.552030571608714e-01  1.968862562887120e-01  8.552030571608714e-01  1.176110427811609e-03 
 8.592030571608714e-01  1.153141809946808e+00  8.592030571608714e-01  1.591543382353022e+00  8.592030571608714e-01  6.161281539477742e-01  8.592030571608714e-01  2.866382017656242e-01  8.592030571608714e-01  2.893887762339758e-03  8.592030571608714e-01  1.264242950285058e+00  8.592030571608714e-01  1.966167024902880e-01  8.592030571608714e-01  1.172136248961019e-03 
 8.632030571608714e-01  1.152162519800532e+00  8.632030571608714e-01  1.592554970940965e+00  8.632030571608714e-01  6.146453924618114e-01  8.632030571608714e-01  2.868142872249043e-01  8.632030571608714e-01  2.897733761217440e-03  8.632030571608714e-01  1.265699292581412e+00  8.632030571608714e-01  1.963467113303295e-01  8.632030571608714e-01  1.168163349388464e-03 
 8.672030571608714e-01  1.151183737805128e+00  8.672030571608714e-01  1.593566229943523e+00  8.672030571608714e-01  6.131632589286696e-01  8.672030571608714e-01  2.869903436282517e-01  8.672030571608714e-01  2.901577764417240e-03  8.672030571608714e-01  1.267154963859212e+00  8.672030571608714e-01  1.960762813936845e-01  8.672030571608714e-01  1.164191743221440e-03 
 8.712030571608714e-01  1.150205468020572e+00  8.712030571608714e-01  1.594577155722164e+00  8.712030571608714e-01  6.116817601305491e-01  8.712030571608714e-01  2.871663723119945e-01  8.712030571608714e-01  2.905419755994262e-03  8.712030571608714e-01  1.268609959173038e+00  8.712030571608714e-01  1.958054112647045e-01  8.712030571608714e-01  1.160221444737108e-03 
 8.752030571608714e-01  1.149227714549812e+00  8.752030571608714e-01  1.595587744614084e+00  8.752030571608714e-01  6.102009029251327e-01  8.752030571608714e-01  2.873423746250357e-01  8.752030571608714e-01  2.909259719834900e-03  8.752030571608714e-01  1.270064273544744e+00  8.752030571608714e-01  1.955340995236483e-01  8.752030571608714e-01  1.156252468307927e-03 
 8.792030571608714e-01  1.148250481535344e+00  8.792030571608714e-01  1.596597992917910e+00  8.792030571608714e-01  6.087206942440396e-01  8.792030571608714e-01  2.875183519297068e-01  8.792030571608714e-01  2.913097639670177e-03  8.792030571608714e-01  1.271517901954636e+00  8.792030571608714e-01  1.952623447503458e-01  8.792030571608714e-01  1.152284828457772e-03 
 8.832030571608714e-01  1.147273773153113e+00  8.832030571608714e-01  1.597607896870055e+00  8.832030571608714e-01  6.072411410895002e-01  8.832030571608714e-01  2.876943056030520e-01  8.832030571608714e-01  2.916933499099735e-03  8.832030571608714e-01  1.272970839327049e+00  8.832030571608714e-01  1.949901455303404e-01  8.832030571608714e-01  1.148318539954835e-03 
 8.872030571608714e-01  1.146297593631915e+00  8.872030571608714e-01  1.598617452709707e+00  8.872030571608714e-01  6.057622505481198e-01  8.872030571608714e-01  2.878702370341077e-01  8.872030571608714e-01  2.920767281515721e-03  8.872030571608714e-01  1.274423080569501e+00  8.872030571608714e-01  1.947175004380030e-01  8.872030571608714e-01  1.144353617556362e-03 
 8.912030571608714e-01  1.145321947232488e+00  8.912030571608714e-01  1.599626656603711e+00  8.912030571608714e-01  6.042840297776664e-01  8.912030571608714e-01  2.880461476275222e-01  8.912030571608714e-01  2.924598970184785e-03  8.912030571608714e-01  1.275874620527131e+00  8.912030571608714e-01  1.944444080560329e-01  8.912030571608714e-01  1.140390076303675e-03 
 8.952030571608715e-01  1.144346838264237e+00  8.952030571608715e-01  1.600635504701957e+00  8.952030571608715e-01  6.028064860190779e-01  8.952030571608715e-01  2.882220388012671e-01  8.952030571608715e-01  2.928428548182457e-03  8.952030571608715e-01  1.277325454016028e+00  8.952030571608715e-01  1.941708669610464e-01  8.952030571608715e-01  1.136427931304690e-03 
 8.992030571608715e-01  1.143372271073397e+00  8.992030571608715e-01  1.601643993094007e+00  8.992030571608715e-01  6.013296265893384e-01  8.992030571608715e-01  2.883979119888441e-01  8.992030571608715e-01  2.932255998439609e-03  8.992030571608715e-01  1.278775575796897e+00  8.992030571608715e-01  1.938968757348806e-01  8.992030571608715e-01  1.132467197904196e-03 
 9.032030571608715e-01  1.142398250056258e+00  9.032030571608715e-01  1.602652117852092e+00  9.032030571608715e-01  5.998534588911713e-01  9.032030571608715e-01  2.885737686375580e-01  9.032030571608715e-01  2.936081303690548e-03  9.032030571608715e-01  1.280224980600862e+00  9.032030571608715e-01  1.936224329533454e-01  9.032030571608715e-01  1.128507891515016e-03 
 9.072030571608715e-01  1.141424779648426e+00  9.072030571608715e-01  1.603659874991353e+00  9.072030571608715e-01  5.983779904066996e-01  9.072030571608715e-01  2.887496102105645e-01  9.072030571608715e-01  2.939904446515195e-03  9.072030571608715e-01  1.281673663105333e+00  9.072030571608715e-01  1.933475371966328e-01  9.072030571608715e-01  1.124550027774208e-03 
 9.112030571608715e-01  1.140451864330975e+00  9.112030571608715e-01  1.604667260488509e+00  9.112030571608715e-01  5.969032287024036e-01  9.112030571608715e-01  2.889254381862621e-01  9.112030571608715e-01  2.943725409314843e-03  9.112030571608715e-01  1.283121617945133e+00  9.112030571608715e-01  1.930721870444259e-01  9.112030571608715e-01  1.120593622469667e-03 
 9.152030571608715e-01  1.139479508631896e+00  9.152030571608715e-01  1.605674270284021e+00  9.152030571608715e-01  5.954291814309907e-01  9.152030571608715e-01  2.891012540584405e-01  9.152030571608715e-01  2.947544174306598e-03  9.152030571608715e-01  1.284568839713637e+00  9.152030571608715e-01  1.927963810753227e-01  9.152030571608715e-01  1.116638691531684e-03 
 9.192030571608715e-01  1.138507717124601e+00  9.192030571608715e-01  1.606680900274292e+00  9.192030571608715e-01  5.939558563312574e-01  9.192030571608715e-01  2.892770593368868e-01  9.192030571608715e-01  2.951360723529123e-03  9.192030571608715e-01  1.286015322957941e+00  9.192030571608715e-01  1.925201178688891e-01  9.192030571608715e-01  1.112685251063600e-03 
 9.232030571608715e-01  1.137536494427545e+00  9.232030571608715e-01  1.607687146307434e+00  9.232030571608715e-01  5.924832612287703e-01  9.232030571608715e-01  2.894528555478317e-01  9.232030571608715e-01  2.955175038844226e-03  9.232030571608715e-01  1.287461062176171e+00  9.232030571608715e-01  1.922433960067875e-01  9.232030571608715e-01  1.108733317358356e-03 
 9.272030571608715e-01  1.136565845209031e+00  9.272030571608715e-01  1.608693004197084e+00  9.272030571608715e-01  5.910114040399728e-01  9.272030571608715e-01  2.896286442335788e-01  9.272030571608715e-01  2.958987101917875e-03  9.272030571608715e-01  1.288906051825635e+00  9.272030571608715e-01  1.919662140691238e-01  9.272030571608715e-01  1.104782906844329e-03 
 9.312030571608715e-01  1.135595774183005e+00  9.312030571608715e-01  1.609698469704959e+00  9.312030571608715e-01  5.895402927703377e-01  9.312030571608715e-01  2.898044269535693e-01  9.312030571608715e-01  2.962796894236893e-03  9.312030571608715e-01  1.290350286312208e+00  9.312030571608715e-01  1.916885706390772e-01  9.312030571608715e-01  1.100834036153759e-03 
 9.352030571608715e-01  1.134626286113346e+00  9.352030571608715e-01  1.610703538552766e+00  9.352030571608715e-01  5.880699355181699e-01  9.352030571608715e-01  2.899802052841004e-01  9.352030571608715e-01  2.966604397091911e-03  9.352030571608715e-01  1.291793759997333e+00  9.352030571608715e-01  1.914104642997537e-01  9.352030571608715e-01  1.096886722076084e-03 
 9.392030571608715e-01  1.133657385811021e+00  9.392030571608715e-01  1.611708206409481e+00  9.392030571608715e-01  5.866003404736885e-01  9.392030571608715e-01  2.901559808191894e-01  9.392030571608715e-01  2.970409591588659e-03  9.392030571608715e-01  1.293236467190255e+00  9.392030571608715e-01  1.911318936375841e-01  9.392030571608715e-01  1.092940981607786e-03 
 9.432030571608715e-01  1.132689078139320e+00  9.432030571608715e-01  1.612712468906188e+00  9.432030571608715e-01  5.851315159235080e-01  9.432030571608715e-01  2.903317551701635e-01  9.432030571608715e-01  2.974212458627365e-03  9.432030571608715e-01  1.294678402156759e+00  9.432030571608715e-01  1.908528572383811e-01  9.432030571608715e-01  1.088996831894220e-03 
 9.472030571608715e-01  1.131721368012534e+00  9.472030571608715e-01  1.613716321628544e+00  9.472030571608715e-01  5.836634702507624e-01  9.472030571608715e-01  2.905075299662933e-01  9.472030571608715e-01  2.978012978907995e-03  9.472030571608715e-01  1.296119559114501e+00  9.472030571608715e-01  1.905733536893505e-01  9.472030571608715e-01  1.085054290259109e-03 
 9.512030571608715e-01  1.130754260393231e+00  9.512030571608715e-01  1.614719760104467e+00  9.512030571608715e-01  5.821962119343113e-01  9.512030571608715e-01  2.906833068556487e-01  9.512030571608715e-01  2.981811132940880e-03  9.512030571608715e-01  1.297559932225532e+00  9.512030571608715e-01  1.902933815824351e-01  9.512030571608715e-01  1.081113374253004e-03 
 9.552030571608715e-01  1.129787760299925e+00  9.552030571608715e-01  1.615722779827080e+00  9.552030571608715e-01  5.807297495548993e-01  9.552030571608715e-01  2.908590875043331e-01  9.552030571608715e-01  2.985606901016625e-03  9.552030571608715e-01  1.298999515609832e+00  9.552030571608715e-01  1.900129395081564e-01  9.552030571608715e-01  1.077174101563102e-03 
 9.592030571608715e-01  1.128821872801149e+00  9.592030571608715e-01  1.616725376231355e+00  9.592030571608715e-01  5.792640917922619e-01  9.592030571608715e-01  2.910348735978607e-01  9.592030571608715e-01  2.989400263229428e-03  9.592030571608715e-01  1.300438303331241e+00  9.592030571608715e-01  1.897320260619307e-01  9.592030571608715e-01  1.073236490105043e-03 
 9.632030571608715e-01  1.127856603018353e+00  9.632030571608715e-01  1.617727544700804e+00  9.632030571608715e-01  5.777992474281473e-01  9.632030571608715e-01  2.912106668411516e-01  9.632030571608715e-01  2.993191199465664e-03  9.632030571608715e-01  1.301876289401312e+00  9.632030571608715e-01  1.894506398423002e-01  9.632030571608715e-01  1.069300557996553e-03 
 9.672030571608715e-01  1.126891956130075e+00  9.672030571608715e-01  1.618729280578350e+00  9.672030571608715e-01  5.763352253501770e-01  9.672030571608715e-01  2.913864689583380e-01  9.672030571608715e-01  2.996979689387461e-03  9.672030571608715e-01  1.303313467785633e+00  9.672030571608715e-01  1.891687794480134e-01  9.672030571608715e-01  1.065366323514821e-03 
 9.712030571608715e-01  1.125927937368388e+00  9.712030571608715e-01  1.619730579150968e+00  9.712030571608715e-01  5.748720345506081e-01  9.712030571608715e-01  2.915622816937897e-01  9.712030571608715e-01  3.000765712446726e-03  9.712030571608715e-01  1.304749832394541e+00  9.712030571608715e-01  1.888864434822157e-01  9.712030571608715e-01  1.061433805156829e-03 
 9.752030571608715e-01  1.124964552021877e+00  9.752030571608715e-01  1.620731435656437e+00  9.752030571608715e-01  5.734096841294571e-01  9.752030571608715e-01  2.917381068121229e-01  9.752030571608715e-01  3.004549247873419e-03  9.752030571608715e-01  1.306185377086998e+00  9.752030571608715e-01  1.886036305506489e-01  9.752030571608715e-01  1.057503021612766e-03 
 9.792030571608715e-01  1.124001805434148e+00  9.792030571608715e-01  1.621731845274852e+00  9.792030571608715e-01  5.719481832946542e-01  9.792030571608715e-01  2.919139460989179e-01  9.792030571608715e-01  3.008330274681442e-03  9.792030571608715e-01  1.307620095665413e+00  9.792030571608715e-01  1.883203392640095e-01  9.792030571608715e-01  1.053573991799429e-03 
 9.832030571608715e-01  1.123039703007640e+00  9.832030571608715e-01  1.622731803138119e+00  9.832030571608715e-01  5.704875413657625e-01  9.832030571608715e-01  2.920898013606106e-01  9.832030571608715e-01  3.012108771653598e-03  9.832030571608715e-01  1.309053981881135e+00  9.832030571608715e-01  1.880365682353984e-01  9.832030571608715e-01  1.049646734822949e-03 
 9.872030571608715e-01  1.122078250202433e+00  9.872030571608715e-01  1.623731304322478e+00  9.872030571608715e-01  5.690277677743838e-01  9.872030571608715e-01  2.922656744251818e-01  9.872030571608715e-01  3.015884717346336e-03  9.872030571608715e-01  1.310487029429875e+00  9.872030571608715e-01  1.877523160824021e-01  9.872030571608715e-01  1.045721270008106e-03 
 9.912030571608715e-01  1.121117452540408e+00  9.912030571608715e-01  1.624730343858797e+00  9.912030571608715e-01  5.675688720681517e-01  9.912030571608715e-01  2.924415671420095e-01  9.912030571608715e-01  3.019658090073391e-03  9.912030571608715e-01  1.311919231957657e+00  9.912030571608715e-01  1.874675814243093e-01  9.912030571608715e-01  1.041797616857955e-03 
 9.952030571608715e-01  1.120157315599894e+00  9.952030571608715e-01  1.625728916711140e+00  9.952030571608715e-01  5.661108639083910e-01  9.952030571608715e-01  2.926174813832280e-01  9.952030571608715e-01  3.023428867926808e-03  9.952030571608715e-01  1.313350583048001e+00  9.952030571608715e-01  1.871823628880513e-01  9.952030571608715e-01  1.037875795137935e-03 
 9.992030571608715e-01  1.119197845020537e+00  9.992030571608715e-01  1.626727017789487e+00  9.992030571608715e-01  5.646537530746349e-01  9.992030571608715e-01  2.927934190434868e-01  9.992030571608715e-01  3.027197028757801e-03  9.992030571608715e-01  1.314781076229324e+00  9.992030571608715e-01  1.868966591047731e-01  9.992030571608715e-01  1.033955824826031e-03 
 1.003203057160871e+00  1.118239046504289e+00  1.003203057160871e+00  1.627724641949266e+00  1.003203057160871e+00  5.631975494665694e-01  1.003203057160871e+00  2.929693820403295e-01  1.003203057160871e+00  3.030962550172914e-03  1.003203057160871e+00  1.316210704974508e+00  1.003203057160871e+00  1.866104687100049e-01  1.003203057160871e+00  1.030037726114485e-03 
 1.007203057160871e+00  1.117280925814482e+00  1.007203057160871e+00  1.628721783984657e+00  1.007203057160871e+00  5.617422631047044e-01  1.007203057160871e+00  2.931453723148823e-01  1.007203057160871e+00  3.034725409537627e-03  1.007203057160871e+00  1.317639462696837e+00  1.007203057160871e+00  1.863237903455846e-01  1.007203057160871e+00  1.026121519436207e-03 
 1.011203057160871e+00  1.116323488782717e+00  1.011203057160871e+00  1.629718438647751e+00  1.011203057160871e+00  5.602879041362874e-01  1.011203057160871e+00  2.933213918313205e-01  1.011203057160871e+00  3.038485583949298e-03  1.011203057160871e+00  1.319067342761104e+00  1.011203057160871e+00  1.860366226543829e-01  1.011203057160871e+00  1.022207225389464e-03 
 1.015203057160871e+00  1.115366741298405e+00  1.015203057160871e+00  1.630714600609747e+00  1.015203057160871e+00  5.588344828297113e-01  1.015203057160871e+00  2.934974425790733e-01  1.015203057160871e+00  3.042243050278232e-03  1.015203057160871e+00  1.320494338460686e+00  1.015203057160871e+00  1.857489642911714e-01  1.015203057160871e+00  1.018294864890316e-03 
 1.019203057160871e+00  1.114410689319319e+00  1.019203057160871e+00  1.631710264492427e+00  1.019203057160871e+00  5.573820095828916e-01  1.019203057160871e+00  2.936735265717355e-01  1.019203057160871e+00  3.045997785126293e-03  1.019203057160871e+00  1.321920443035903e+00  1.019203057160871e+00  1.854608139139392e-01  1.019203057160871e+00  1.014384459049002e-03 
 1.023203057160871e+00  1.113455338869550e+00  1.023203057160871e+00  1.632705424857311e+00  1.023203057160871e+00  5.559304949232974e-01  1.023203057160871e+00  2.938496458479639e-01  1.023203057160871e+00  3.049749764834834e-03  1.023203057160871e+00  1.323345649667516e+00  1.023203057160871e+00  1.851721701869797e-01  1.023203057160871e+00  1.010476029212516e-03 
 1.027203057160871e+00  1.112500696040981e+00  1.027203057160871e+00  1.633700076206512e+00  1.027203057160871e+00  5.544799495103601e-01  1.027203057160871e+00  2.940258024718376e-01  1.027203057160871e+00  3.053498965479024e-03  1.027203057160871e+00  1.324769951477096e+00  1.027203057160871e+00  1.848830317807285e-01  1.027203057160871e+00  1.006569596961282e-03 
 1.031203057160871e+00  1.111546766992584e+00  1.031203057160871e+00  1.634694212976463e+00  1.031203057160871e+00  5.530303841364470e-01  1.031203057160871e+00  2.942019985335605e-01  1.031203057160871e+00  3.057245362870534e-03  1.031203057160871e+00  1.326193341523215e+00  1.031203057160871e+00  1.845933973736065e-01  1.031203057160871e+00  1.002665184133772e-03 
 1.035203057160871e+00  1.110593557949859e+00  1.035203057160871e+00  1.635687829532015e+00  1.035203057160871e+00  5.515818097279573e-01  1.035203057160871e+00  2.943782361501578e-01  1.035203057160871e+00  3.060988932559719e-03  1.035203057160871e+00  1.327615812797905e+00  1.035203057160871e+00  1.843032656537902e-01  1.035203057160871e+00  9.987628128497257e-04 
 1.039203057160871e+00  1.109641075211745e+00  1.039203057160871e+00  1.636680920185055e+00  1.039203057160871e+00  5.501342373513952e-01  1.039203057160871e+00  2.945545174650062e-01  1.039203057160871e+00  3.064729649808564e-03  1.039203057160871e+00  1.329037358237383e+00  1.039203057160871e+00  1.840126353140474e-01  1.039203057160871e+00  9.948625054369833e-04 
 1.043203057160871e+00  1.108689325148272e+00  1.043203057160871e+00  1.637673479182672e+00  1.043203057160871e+00  5.486876782133304e-01  1.043203057160871e+00  2.947308446488264e-01  1.043203057160871e+00  3.068467489599849e-03  1.043203057160871e+00  1.330457970715029e+00  1.043203057160871e+00  1.837215050551638e-01  1.043203057160871e+00  9.909642844780316e-04 
 1.047203057160871e+00  1.107738314201160e+00  1.047203057160871e+00  1.638665500704822e+00  1.047203057160871e+00  5.472421436623343e-01  1.047203057160871e+00  2.949072199002230e-01  1.047203057160871e+00  3.072202426634767e-03  1.047203057160871e+00  1.331877643039895e+00  1.047203057160871e+00  1.834298735867031e-01  1.047203057160871e+00  9.870681728191084e-04 
 1.051203057160871e+00  1.106788048882973e+00  1.051203057160871e+00  1.639656978857222e+00  1.051203057160871e+00  5.457976451899985e-01  1.051203057160871e+00  2.950836454464652e-01  1.051203057160871e+00  3.075934435336333e-03  1.051203057160871e+00  1.333296367952457e+00  1.051203057160871e+00  1.831377396291499e-01  1.051203057160871e+00  9.831741935981812e-04 
 1.055203057160871e+00  1.105838535784070e+00  1.055203057160871e+00  1.640647907689985e+00  1.055203057160871e+00  5.443541944371079e-01  1.055203057160871e+00  2.952601235430444e-01  1.055203057160871e+00  3.079663489821990e-03  1.055203057160871e+00  1.334714138135347e+00  1.055203057160871e+00  1.828451019087073e-01  1.055203057160871e+00  9.792823701717146e-04 
 1.059203057160871e+00  1.104889781565976e+00  1.059203057160871e+00  1.641638281171345e+00  1.059203057160871e+00  5.429118031908962e-01  1.059203057160871e+00  2.954366564753846e-01  1.059203057160871e+00  3.083389563929720e-03  1.059203057160871e+00  1.336130946197963e+00  1.059203057160871e+00  1.825519591649137e-01  1.059203057160871e+00  9.753927262179087e-04 
 1.063203057160871e+00  1.103941792969434e+00  1.063203057160871e+00  1.642628093209674e+00  1.063203057160871e+00  5.414704833919953e-01  1.063203057160871e+00  2.956132465582460e-01  1.063203057160871e+00  3.087112631186372e-03  1.063203057160871e+00  1.337546784689152e+00  1.063203057160871e+00  1.822583101444732e-01  1.063203057160871e+00  9.715052856502094e-04 
 1.067203057160871e+00  1.102994576811280e+00  1.067203057160871e+00  1.643617337638741e+00  1.067203057160871e+00  5.400302471340537e-01  1.067203057160871e+00  2.957898961369046e-01  1.067203057160871e+00  3.090832664819966e-03  1.067203057160871e+00  1.338961646088539e+00  1.067203057160871e+00  1.819641536056008e-01  1.067203057160871e+00  9.676200726752281e-04 
 1.071203057160871e+00  1.102048139986498e+00  1.071203057160871e+00  1.644606008219879e+00  1.071203057160871e+00  5.385911066667868e-01  1.071203057160871e+00  2.959666075875205e-01  1.071203057160871e+00  3.094549637751586e-03  1.071203057160871e+00  1.340375522807693e+00  1.071203057160871e+00  1.816694883175403e-01  1.071203057160871e+00  9.637371117842203e-04 
 1.075203057160872e+00  1.101102489471494e+00  1.075203057160872e+00  1.645594098648040e+00  1.075203057160872e+00  5.371530743998542e-01  1.075203057160872e+00  2.961433833173275e-01  1.075203057160872e+00  3.098263522582580e-03  1.075203057160872e+00  1.341788407193520e+00  1.075203057160872e+00  1.813743130589494e-01  1.075203057160872e+00  9.598564277292949e-04 
 1.079203057160872e+00  1.100157632322340e+00  1.079203057160872e+00  1.646581602541480e+00  1.079203057160872e+00  5.357161629034668e-01  1.079203057160872e+00  2.963202257656237e-01  1.079203057160872e+00  3.101974291601393e-03  1.079203057160872e+00  1.343200291522193e+00  1.079203057160872e+00  1.810786266210218e-01  1.079203057160872e+00  9.559780455639899e-04 
 1.083203057160872e+00  1.099213575675162e+00  1.083203057160872e+00  1.647568513438211e+00  1.083203057160872e+00  5.342803849104037e-01  1.083203057160872e+00  2.964971374044356e-01  1.083203057160872e+00  3.105681916782072e-03  1.083203057160872e+00  1.344611167997031e+00  1.083203057160872e+00  1.807824278086758e-01  1.083203057160872e+00  9.521019906571461e-04 
 1.087203057160872e+00  1.098270326750579e+00  1.087203057160872e+00  1.648554824805752e+00  1.087203057160872e+00  5.328457533207549e-01  1.087203057160872e+00  2.966741207385533e-01  1.087203057160872e+00  3.109386369766850e-03  1.087203057160872e+00  1.346021028754025e+00  1.087203057160872e+00  1.804857154378877e-01  1.087203057160872e+00  9.482282886546594e-04 
 1.091203057160872e+00  1.097327892855607e+00  1.091203057160872e+00  1.649540530042517e+00  1.091203057160872e+00  5.314122812050006e-01  1.091203057160872e+00  2.968511783059736e-01  1.091203057160872e+00  3.113087621858621e-03  1.091203057160872e+00  1.347429865862541e+00  1.091203057160872e+00  1.801884883354281e-01  1.091203057160872e+00  9.443569654740110e-04 
 1.095203057160872e+00  1.096386281377792e+00  1.095203057160872e+00  1.650525622453808e+00  1.095203057160872e+00  5.299799818020068e-01  1.095203057160872e+00  2.970283126795825e-01  1.095203057160872e+00  3.116785644044059e-03  1.095203057160872e+00  1.348837671311421e+00  1.095203057160872e+00  1.798907453460481e-01  1.095203057160872e+00  9.404880473986016e-04 
 1.099203057160872e+00  1.095445499795161e+00  1.099203057160872e+00  1.651510095279260e+00  1.099203057160872e+00  5.285488685274669e-01  1.099203057160872e+00  2.972055264663490e-01  1.099203057160872e+00  3.120480406954436e-03  1.099203057160872e+00  1.350244437024701e+00  1.099203057160872e+00  1.795924853246364e-01  1.099203057160872e+00  9.366215609699037e-04 
 1.103203057160872e+00  1.094505555671657e+00  1.103203057160872e+00  1.652493941673010e+00  1.103203057160872e+00  5.271189549728004e-01  1.103203057160872e+00  2.973828223088211e-01  1.103203057160872e+00  3.124171880883629e-03  1.103203057160872e+00  1.351650154850120e+00  1.103203057160872e+00  1.792937071422039e-01  1.103203057160872e+00  9.327575330654009e-04 
 1.107203057160872e+00  1.093566456659373e+00  1.107203057160872e+00  1.653477154705982e+00  1.107203057160872e+00  5.256902549085741e-01  1.107203057160872e+00  2.975602028855580e-01  1.107203057160872e+00  3.127860035779295e-03  1.107203057160872e+00  1.353054816560389e+00  1.107203057160872e+00  1.789944096854174e-01  1.107203057160872e+00  9.288959908896103e-04 
 1.111203057160872e+00  1.092628210505928e+00  1.111203057160872e+00  1.654459727384550e+00  1.111203057160872e+00  5.242627822913110e-01  1.111203057160872e+00  2.977376709107630e-01  1.111203057160872e+00  3.131544841214016e-03  1.111203057160872e+00  1.354458413863781e+00  1.111203057160872e+00  1.786945918512778e-01  1.111203057160872e+00  9.250369619007787e-04 
 1.115203057160872e+00  1.091690825040804e+00  1.115203057160872e+00  1.655441652601362e+00  1.115203057160872e+00  5.228365512565067e-01  1.115203057160872e+00  2.979152291372427e-01  1.115203057160872e+00  3.135226266438763e-03  1.115203057160872e+00  1.355860938375964e+00  1.115203057160872e+00  1.783942525618623e-01  1.115203057160872e+00  9.211804740040312e-04 
 1.119203057160872e+00  1.090754308196476e+00  1.119203057160872e+00  1.656422923198358e+00  1.119203057160872e+00  5.214115761345339e-01  1.119203057160872e+00  2.980928803538849e-01  1.119203057160872e+00  3.138904280300043e-03  1.119203057160872e+00  1.357262381655947e+00  1.119203057160872e+00  1.780933907458946e-01  1.119203057160872e+00  9.173265553039159e-04 
 1.123203057160872e+00  1.089818667992861e+00  1.123203057160872e+00  1.657403531911287e+00  1.123203057160872e+00  5.199878714424816e-01  1.123203057160872e+00  2.982706273889433e-01  1.123203057160872e+00  3.142578851301005e-03  1.123203057160872e+00  1.358662735174346e+00  1.123203057160872e+00  1.777920053553920e-01  1.123203057160872e+00  9.134752343222288e-04 
 1.127203057160872e+00  1.088883912548599e+00  1.127203057160872e+00  1.658383471400926e+00  1.127203057160872e+00  5.185654518936232e-01  1.127203057160872e+00  2.984484731090851e-01  1.127203057160872e+00  3.146249947557031e-03  1.127203057160872e+00  1.360061990331145e+00  1.127203057160872e+00  1.774900953566373e-01  1.127203057160872e+00  9.096265398754927e-04 
 1.131203057160872e+00  1.087950050074690e+00  1.131203057160872e+00  1.659362734227223e+00  1.131203057160872e+00  5.171443323953635e-01  1.131203057160872e+00  2.986264204212421e-01  1.131203057160872e+00  3.149917536820779e-03  1.131203057160872e+00  1.361460138440949e+00  1.131203057160872e+00  1.771876597381267e-01  1.131203057160872e+00  9.057805011764831e-04 
 1.135203057160872e+00  1.087017088882977e+00  1.135203057160872e+00  1.660341312871205e+00  1.135203057160872e+00  5.157245280569142e-01  1.135203057160872e+00  2.988044722721226e-01  1.135203057160872e+00  3.153581586448881e-03  1.135203057160872e+00  1.362857170745405e+00  1.135203057160872e+00  1.768846975042777e-01  1.135203057160872e+00  9.019371477481975e-04 
 1.139203057160872e+00  1.086085037387788e+00  1.139203057160872e+00  1.661319199734834e+00  1.139203057160872e+00  5.143060541925257e-01  1.139203057160872e+00  2.989826316488092e-01  1.139203057160872e+00  3.157242063395455e-03  1.139203057160872e+00  1.364253078413061e+00  1.139203057160872e+00  1.765812076756874e-01  1.139203057160872e+00  8.980965094244002e-04 
 1.143203057160872e+00  1.085153904099957e+00  1.143203057160872e+00  1.662296387116383e+00  1.143203057160872e+00  5.128889263197450e-01  1.143203057160872e+00  2.991609015805798e-01  1.143203057160872e+00  3.160898934235627e-03  1.143203057160872e+00  1.365647852525380e+00  1.143203057160872e+00  1.762771892967992e-01  1.143203057160872e+00  8.942586164463769e-04 
 1.147203057160872e+00  1.084223697630266e+00  1.147203057160872e+00  1.663272867216001e+00  1.147203057160872e+00  5.114731601638998e-01  1.147203057160872e+00  2.993392851392417e-01  1.147203057160872e+00  3.164552165151992e-03  1.147203057160872e+00  1.367041484079915e+00  1.147203057160872e+00  1.759726414345365e-01  1.147203057160872e+00  8.904234994410692e-04 
 1.151203057160872e+00  1.083294426698635e+00  1.151203057160872e+00  1.664248632159589e+00  1.151203057160872e+00  5.100587716663084e-01  1.151203057160872e+00  2.995177854385592e-01  1.151203057160872e+00  3.168201721898502e-03  1.151203057160872e+00  1.368433964003784e+00  1.151203057160872e+00  1.756675631713562e-01  1.151203057160872e+00  8.865911893273354e-04 
 1.155203057160872e+00  1.082366100125605e+00  1.155203057160872e+00  1.665223673966020e+00  1.155203057160872e+00  5.086457769809858e-01  1.155203057160872e+00  2.996964056365024e-01  1.155203057160872e+00  3.171847569833949e-03  1.155203057160872e+00  1.369825283135133e+00  1.155203057160872e+00  1.753619536154429e-01  1.155203057160872e+00  8.827617174446185e-04 
 1.159203057160872e+00  1.081438726838266e+00  1.159203057160872e+00  1.666197984560492e+00  1.159203057160872e+00  5.072341924807870e-01  1.159203057160872e+00  2.998751489352106e-01  1.159203057160872e+00  3.175489673898696e-03  1.159203057160872e+00  1.371215432230701e+00  1.159203057160872e+00  1.750558118969902e-01  1.159203057160872e+00  8.789351155006230e-04 
 1.163203057160872e+00  1.080512315873208e+00  1.163203057160872e+00  1.667171555778243e+00  1.163203057160872e+00  5.058240347616375e-01  1.163203057160872e+00  3.000540185814307e-01  1.163203057160872e+00  3.179127998603021e-03  1.163203057160872e+00  1.372604401967912e+00  1.163203057160872e+00  1.747491371673583e-01  1.163203057160872e+00  8.751114155566212e-04 
 1.167203057160872e+00  1.079586876376809e+00  1.167203057160872e+00  1.668144379359921e+00  1.167203057160872e+00  5.044153206450365e-01  1.167203057160872e+00  3.002330178673907e-01  1.167203057160872e+00  3.182762508026051e-03  1.167203057160872e+00  1.373992182942265e+00  1.167203057160872e+00  1.744419286007972e-01  1.167203057160872e+00  8.712906500457544e-04 
 1.171203057160872e+00  1.078662417600597e+00  1.171203057160872e+00  1.669116446931077e+00  1.171203057160872e+00  5.030080671773963e-01  1.171203057160872e+00  3.004121501324631e-01  1.171203057160872e+00  3.186393165833988e-03  1.171203057160872e+00  1.375378765655879e+00  1.171203057160872e+00  1.741341854010657e-01  1.171203057160872e+00  8.674728518534589e-04 
 1.175203057160872e+00  1.077738948912444e+00  1.175203057160872e+00  1.670087750032104e+00  1.175203057160872e+00  5.016022916396761e-01  1.175203057160872e+00  3.005914187623100e-01  1.175203057160872e+00  3.190019935236022e-03  1.175203057160872e+00  1.376764140534312e+00  1.175203057160872e+00  1.738259067926097e-01  1.175203057160872e+00  8.636580542000133e-04 
 1.179203057160872e+00  1.076816479791837e+00  1.179203057160872e+00  1.671058280097479e+00  1.179203057160872e+00  5.001980115467090e-01  1.179203057160872e+00  3.007708271905755e-01  1.179203057160872e+00  3.193642779003063e-03  1.179203057160872e+00  1.378148297914974e+00  1.179203057160872e+00  1.735170920272675e-01  1.179203057160872e+00  8.598462907219613e-04 
 1.183203057160872e+00  1.075895019834343e+00  1.183203057160872e+00  1.672028028464095e+00  1.183203057160872e+00  4.987952446524961e-01  1.183203057160872e+00  3.009503788991119e-01  1.183203057160872e+00  3.197261659450131e-03  1.183203057160872e+00  1.379531228051829e+00  1.183203057160872e+00  1.732077403820702e-01  1.183203057160872e+00  8.560375954394400e-04 
 1.187203057160872e+00  1.074974578748482e+00  1.187203057160872e+00  1.672996986355825e+00  1.187203057160872e+00  4.973940089506093e-01  1.187203057160872e+00  3.011300774194257e-01  1.187203057160872e+00  3.200876538448634e-03  1.187203057160872e+00  1.380912921106857e+00  1.187203057160872e+00  1.728978511644018e-01  1.187203057160872e+00  8.522320028168742e-04 
 1.191203057160872e+00  1.074055166364458e+00  1.191203057160872e+00  1.673965144905241e+00  1.191203057160872e+00  4.959943226822771e-01  1.191203057160872e+00  3.013099263322307e-01  1.191203057160872e+00  3.204487377392075e-03  1.191203057160872e+00  1.382293367162223e+00  1.191203057160872e+00  1.725874237056407e-01  1.191203057160872e+00  8.484295476775499e-04 
 1.195203057160872e+00  1.073136792627162e+00  1.195203057160872e+00  1.674932495125764e+00  1.195203057160872e+00  4.945962043343165e-01  1.195203057160872e+00  3.014899292695190e-01  1.195203057160872e+00  3.208094137223567e-03  1.195203057160872e+00  1.383672556204851e+00  1.195203057160872e+00  1.722764573702197e-01  1.195203057160872e+00  8.446302653131287e-04 
 1.199203057160872e+00  1.072219467607214e+00  1.199203057160872e+00  1.675899027940708e+00  1.199203057160872e+00  4.931996726487435e-01  1.199203057160872e+00  3.016700899137482e-01  1.199203057160872e+00  3.211696778392392e-03  1.199203057160872e+00  1.385050478142661e+00  1.199203057160872e+00  1.719649515469765e-01  1.199203057160872e+00  8.408341913694781e-04 
 1.203203057160872e+00  1.071303201489872e+00  1.203203057160872e+00  1.676864734142814e+00  1.203203057160872e+00  4.918047466180702e-01  1.203203057160872e+00  3.018504120005752e-01  1.203203057160872e+00  3.215295260897682e-03  1.203203057160872e+00  1.386427122782209e+00  1.203203057160872e+00  1.716529056622327e-01  1.203203057160872e+00  8.370413620057103e-04 
 1.207203057160872e+00  1.070388004592489e+00  1.207203057160872e+00  1.677829604443063e+00  1.207203057160872e+00  4.904114454990885e-01  1.207203057160872e+00  3.020308993170123e-01  1.207203057160872e+00  3.218889544219722e-03  1.207203057160872e+00  1.387802479855863e+00  1.207203057160872e+00  1.713403191649306e-01  1.207203057160872e+00  8.332518137023930e-04 
 1.211203057160872e+00  1.069473887351395e+00  1.211203057160872e+00  1.678793629424064e+00  1.211203057160872e+00  4.890197888068729e-01  1.211203057160872e+00  3.022115557044893e-01  1.211203057160872e+00  3.222479587371594e-03  1.211203057160872e+00  1.389176538996086e+00  1.211203057160872e+00  1.710271915416970e-01  1.211203057160872e+00  8.294655834446625e-04 
 1.215203057160872e+00  1.068560860328524e+00  1.215203057160872e+00  1.679756799555096e+00  1.215203057160872e+00  4.876297963215696e-01  1.215203057160872e+00  3.023923850587441e-01  1.215203057160872e+00  3.226065348873044e-03  1.215203057160872e+00  1.390549289743940e+00  1.215203057160872e+00  1.707135223126121e-01  1.215203057160872e+00  8.256827086631562e-04 
 1.219203057160872e+00  1.067648934216749e+00  1.219203057160872e+00  1.680719105203016e+00  1.219203057160872e+00  4.862414880943488e-01  1.219203057160872e+00  3.025733913299200e-01  1.219203057160872e+00  3.229646786729612e-03  1.219203057160872e+00  1.391920721555222e+00  1.219203057160872e+00  1.703993110282229e-01  1.219203057160872e+00  8.219032271911564e-04 
 1.223203057160872e+00  1.066738119838012e+00  1.223203057160872e+00  1.681680536620852e+00  1.223203057160872e+00  4.848548844486813e-01  1.223203057160872e+00  3.027545785238129e-01  1.223203057160872e+00  3.233223858439902e-03  1.223203057160872e+00  1.393290823794322e+00  1.223203057160872e+00  1.700845572736199e-01  1.223203057160872e+00  8.181271773094016e-04 
 1.227203057160872e+00  1.065828428143248e+00  1.227203057160872e+00  1.682641083942032e+00  1.227203057160872e+00  4.834700059828089e-01  1.227203057160872e+00  3.029359507028307e-01  1.227203057160872e+00  3.236796520995972e-03  1.227203057160872e+00  1.394659585731229e+00  1.227203057160872e+00  1.697692606707831e-01  1.227203057160872e+00  8.143545977688015e-04 
 1.231203057160872e+00  1.064919870215308e+00  1.231203057160872e+00  1.683600737183880e+00  1.231203057160872e+00  4.820868735741159e-01  1.231203057160872e+00  3.031175119864598e-01  1.231203057160872e+00  3.240364730871728e-03  1.231203057160872e+00  1.396026996543630e+00  1.231203057160872e+00  1.694534208779912e-01  1.231203057160872e+00  8.105855277766446e-04 
 1.235203057160872e+00  1.064012457270779e+00  1.235203057160872e+00  1.684559486247868e+00  1.235203057160872e+00  4.807055083827935e-01  1.235203057160872e+00  3.032992665519065e-01  1.235203057160872e+00  3.243928444015933e-03  1.235203057160872e+00  1.397393045317258e+00  1.235203057160872e+00  1.691370375902724e-01  1.235203057160872e+00  8.068200069956601e-04 
 1.239203057160872e+00  1.063106200663889e+00  1.239203057160872e+00  1.685517320926223e+00  1.239203057160872e+00  4.793259318568338e-01  1.239203057160872e+00  3.034812186343862e-01  1.239203057160872e+00  3.247487615836713e-03  1.239203057160872e+00  1.398757721049684e+00  1.239203057160872e+00  1.688201105378125e-01  1.239203057160872e+00  8.030580755180703e-04 
 1.243203057160872e+00  1.062201111878763e+00  1.243203057160872e+00  1.686474230872752e+00  1.243203057160872e+00  4.779481657295097e-01  1.243203057160872e+00  3.036633725292911e-01  1.243203057160872e+00  3.251042201232114e-03  1.243203057160872e+00  1.400121012634609e+00  1.243203057160872e+00  1.685026394958939e-01  1.243203057160872e+00  7.992997739801595e-04 
 1.247203057160872e+00  1.061297202545397e+00  1.247203057160872e+00  1.687430205646806e+00  1.247203057160872e+00  4.765722320320898e-01  1.247203057160872e+00  3.038457325905075e-01  1.247203057160872e+00  3.254592154527247e-03  1.247203057160872e+00  1.401482908886084e+00  1.247203057160872e+00  1.681846242713157e-01  1.247203057160872e+00  7.955451433896476e-04 
 1.251203057160872e+00  1.060394484426662e+00  1.251203057160872e+00  1.688385234668132e+00  1.251203057160872e+00  4.751981530879197e-01  1.251203057160872e+00  3.040283032334047e-01  1.251203057160872e+00  3.258137429525396e-03  1.251203057160872e+00  1.402843398514146e+00  1.251203057160872e+00  1.678660647175256e-01  1.251203057160872e+00  7.917942253029727e-04 
 1.255203057160872e+00  1.059492969426680e+00  1.255203057160872e+00  1.689339307237570e+00  1.255203057160872e+00  4.738259515202038e-01  1.255203057160872e+00  3.042110889343570e-01  1.255203057160872e+00  3.261677979475111e-03  1.255203057160872e+00  1.404202470136360e+00  1.255203057160872e+00  1.675469607285668e-01  1.255203057160872e+00  7.880470617440510e-04 
 1.259203057160872e+00  1.058592669591164e+00  1.259203057160872e+00  1.690292412533207e+00  1.259203057160872e+00  4.724556502545977e-01  1.259203057160872e+00  3.043940942315403e-01  1.259203057160872e+00  3.265213757068853e-03  1.259203057160872e+00  1.405560112276012e+00  1.259203057160872e+00  1.672273122409330e-01  1.259203057160872e+00  7.843036952193561e-04 
 1.263203057160872e+00  1.057693597111627e+00  1.263203057160872e+00  1.691244539618388e+00  1.263203057160872e+00  4.710872725242349e-01  1.263203057160872e+00  3.045773237250885e-01  1.263203057160872e+00  3.268744714426494e-03  1.263203057160872e+00  1.406916313366714e+00  1.263203057160872e+00  1.669071192315786e-01  1.263203057160872e+00  7.805641686864825e-04 
 1.267203057160872e+00  1.056795764320653e+00  1.267203057160872e+00  1.692195677422576e+00  1.267203057160872e+00  4.697208418690112e-01  1.267203057160872e+00  3.047607820786756e-01  1.267203057160872e+00  3.272270803113869e-03  1.267203057160872e+00  1.408271061742354e+00  1.267203057160872e+00  1.665863817248092e-01  1.267203057160872e+00  7.768285256293083e-04 
 1.271203057160872e+00  1.055899183695728e+00  1.271203057160872e+00  1.693145814748549e+00  1.271203057160872e+00  4.683563821402920e-01  1.271203057160872e+00  3.049444740196860e-01  1.271203057160872e+00  3.275791974127712e-03  1.271203057160872e+00  1.409624345641332e+00  1.271203057160872e+00  1.662650997906170e-01  1.271203057160872e+00  7.730968100297433e-04 
 1.275203057160872e+00  1.055003867864371e+00  1.275203057160872e+00  1.694094940283613e+00  1.275203057160872e+00  4.669939175063998e-01  1.275203057160872e+00  3.051284043391487e-01  1.275203057160872e+00  3.279308177875552e-03  1.275203057160872e+00  1.410976153212919e+00  1.275203057160872e+00  1.659432735416631e-01  1.275203057160872e+00  7.693690663237003e-04 
 1.279203057160872e+00  1.054109829597262e+00  1.279203057160872e+00  1.695043042574476e+00  1.279203057160872e+00  4.656334724503898e-01  1.279203057160872e+00  3.053125778935944e-01  1.279203057160872e+00  3.282819364202702e-03  1.279203057160872e+00  1.412326472504091e+00  1.279203057160872e+00  1.656209031422453e-01  1.279203057160872e+00  7.656453394997818e-04 
 1.283203057160872e+00  1.053217081818303e+00  1.283203057160872e+00  1.695990110053788e+00  1.283203057160872e+00  4.642750717785612e-01  1.283203057160872e+00  3.054969996041201e-01  1.283203057160872e+00  3.286325482352641e-03  1.283203057160872e+00  1.413675291474161e+00  1.283203057160872e+00  1.652979888002540e-01  1.283203057160872e+00  7.619256749950255e-04 
 1.287203057160872e+00  1.052325637595656e+00  1.287203057160872e+00  1.696936131009222e+00  1.287203057160872e+00  4.629187406167834e-01  1.287203057160872e+00  3.056816744585344e-01  1.287203057160872e+00  3.289826481002366e-03  1.287203057160872e+00  1.415022597978581e+00  1.287203057160872e+00  1.649745307781401e-01  1.287203057160872e+00  7.582101188163699e-04 
 1.291203057160872e+00  1.051435510151387e+00  1.291203057160872e+00  1.697881093608904e+00  1.291203057160872e+00  4.615645044186044e-01  1.291203057160872e+00  3.058666075104172e-01  1.291203057160872e+00  3.293322308224435e-03  1.291203057160872e+00  1.416368379782992e+00  1.291203057160872e+00  1.646505293852430e-01  1.291203057160872e+00  7.544987174408027e-04 
 1.295203057160872e+00  1.050546712862056e+00  1.295203057160872e+00  1.698824985899866e+00  1.295203057160872e+00  4.602123889674884e-01  1.295203057160872e+00  3.060518038796191e-01  1.295203057160872e+00  3.296812911484581e-03  1.295203057160872e+00  1.417712624562750e+00  1.295203057160872e+00  1.643259849790192e-01  1.295203057160872e+00  7.507915178213744e-04 
 1.299203057160872e+00  1.049659259252107e+00  1.299203057160872e+00  1.699767795784894e+00  1.299203057160872e+00  4.588624203744335e-01  1.299203057160872e+00  3.062372687539096e-01  1.299203057160872e+00  3.300298237667857e-03  1.299203057160872e+00  1.419055319891049e+00  1.299203057160872e+00  1.640008979735675e-01  1.299203057160872e+00  7.470885674782211e-04 
 1.303203057160872e+00  1.048773162999804e+00  1.303203057160872e+00  1.700709511037619e+00  1.303203057160872e+00  4.575146250834403e-01  1.303203057160872e+00  3.064230073885124e-01  1.303203057160872e+00  3.303778233055151e-03  1.303203057160872e+00  1.420396453247430e+00  1.303203057160872e+00  1.636752688353994e-01  1.303203057160872e+00  7.433899144391988e-04 
 1.307203057160872e+00  1.047888437941243e+00  1.307203057160872e+00  1.701650119311831e+00  1.307203057160872e+00  4.561690298756561e-01  1.307203057160872e+00  3.066090251059098e-01  1.307203057160872e+00  3.307252843307469e-03  1.307203057160872e+00  1.421736012023167e+00  1.307203057160872e+00  1.633490980811030e-01  1.307203057160872e+00  7.396956072034323e-04 
 1.311203057160872e+00  1.047005098062179e+00  1.311203057160872e+00  1.702589608114761e+00  1.311203057160872e+00  4.548256618657044e-01  1.311203057160872e+00  3.067953272976026e-01  1.311203057160872e+00  3.310722013498123e-03  1.311203057160872e+00  1.423073983507615e+00  1.311203057160872e+00  1.630223862871663e-01  1.311203057160872e+00  7.360056948461076e-04 
 1.315203057160872e+00  1.046123157505808e+00  1.315203057160872e+00  1.703527964828236e+00  1.315203057160872e+00  4.534845485079824e-01  1.315203057160872e+00  3.069819194231836e-01  1.315203057160872e+00  3.314185688082043e-03  1.315203057160872e+00  1.424410354899916e+00  1.315203057160872e+00  1.626951340837146e-01  1.315203057160872e+00  7.323202269355187e-04 
 1.319203057160872e+00  1.045242630575486e+00  1.319203057160872e+00  1.704465176715174e+00  1.319203057160872e+00  4.521457175996244e-01  1.319203057160872e+00  3.071688070101842e-01  1.319203057160872e+00  3.317643810885194e-03  1.319203057160872e+00  1.425745113312921e+00  1.319203057160872e+00  1.623673421531209e-01  1.319203057160872e+00  7.286392535074848e-04 
 1.323203057160872e+00  1.044363531723742e+00  1.323203057160872e+00  1.705401230885463e+00  1.323203057160872e+00  4.508091972747029e-01  1.323203057160872e+00  3.073559956561231e-01  1.323203057160872e+00  3.321096325147692e-03  1.323203057160872e+00  1.427078245755767e+00  1.323203057160872e+00  1.620390112424981e-01  1.323203057160872e+00  7.249628251994264e-04 
 1.327203057160872e+00  1.043485875563410e+00  1.327203057160872e+00  1.706336114328133e+00  1.327203057160872e+00  4.494750160122134e-01  1.327203057160872e+00  3.075434910268317e-01  1.327203057160872e+00  3.324543173480040e-03  1.327203057160872e+00  1.428409739151387e+00  1.327203057160872e+00  1.617101421536582e-01  1.327203057160872e+00  7.212909931239376e-04 
 1.331203057160872e+00  1.042609676863226e+00  1.331203057160872e+00  1.707269813897764e+00  1.331203057160872e+00  4.481432026341299e-01  1.331203057160872e+00  3.077312988572781e-01  1.331203057160872e+00  3.327984297880489e-03  1.331203057160872e+00  1.429739580329936e+00  1.331203057160872e+00  1.613807357486526e-01  1.331203057160872e+00  7.176238089222418e-04 
 1.335203057160872e+00  1.041734950550606e+00  1.335203057160872e+00  1.708202316322437e+00  1.335203057160872e+00  4.468137863077963e-01  1.335203057160872e+00  3.079194249511209e-01  1.335203057160872e+00  3.331419639724098e-03  1.335203057160872e+00  1.431067756033553e+00  1.335203057160872e+00  1.610507929479673e-01  1.335203057160872e+00  7.139613247329228e-04 
 1.339203057160872e+00  1.040861711707434e+00  1.339203057160872e+00  1.709133608191560e+00  1.339203057160872e+00  4.454867965437757e-01  1.339203057160872e+00  3.081078751813492e-01  1.339203057160872e+00  3.334849139779307e-03  1.339203057160872e+00  1.432394252910608e+00  1.339203057160872e+00  1.607203147356583e-01  1.339203057160872e+00  7.103035932397620e-04 
 1.343203057160872e+00  1.039989975572934e+00  1.343203057160872e+00  1.710063675965156e+00  1.343203057160872e+00  4.441622631979383e-01  1.343203057160872e+00  3.082966554896531e-01  1.343203057160872e+00  3.338272738196578e-03  1.343203057160872e+00  1.433719057521213e+00  1.343203057160872e+00  1.603893021571278e-01  1.343203057160872e+00  7.066506676352716e-04 
 1.347203057160872e+00  1.039119757544309e+00  1.347203057160872e+00  1.710992505976862e+00  1.347203057160872e+00  4.428402164719680e-01  1.347203057160872e+00  3.084857718860793e-01  1.347203057160872e+00  3.341690374505952e-03  1.347203057160872e+00  1.435042156339410e+00  1.347203057160872e+00  1.600577563190471e-01  1.347203057160872e+00  7.030026016088946e-04 
 1.351203057160872e+00  1.038251073174634e+00  1.351203057160872e+00  1.711920084429467e+00  1.351203057160872e+00  4.415206869119187e-01  1.351203057160872e+00  3.086752304490483e-01  1.351203057160872e+00  3.345101987625351e-03  1.351203057160872e+00  1.436363535751528e+00  1.351203057160872e+00  1.597256783918889e-01  1.351203057160872e+00  6.993594493645616e-04 
 1.355203057160872e+00  1.037383938170754e+00  1.355203057160872e+00  1.712846397390920e+00  1.355203057160872e+00  4.402037054065860e-01  1.355203057160872e+00  3.088650373252693e-01  1.355203057160872e+00  3.348507515868741e-03  1.355203057160872e+00  1.437683182054813e+00  1.355203057160872e+00  1.593930696123379e-01  1.355203057160872e+00  6.957212656363343e-04 
 1.359203057160872e+00  1.036518368396853e+00  1.359203057160872e+00  1.713771430807673e+00  1.359203057160872e+00  4.388893031891483e-01  1.359203057160872e+00  3.090551987286017e-01  1.359203057160872e+00  3.351906896932155e-03  1.359203057160872e+00  1.439001081465032e+00  1.359203057160872e+00  1.590599312796570e-01  1.359203057160872e+00  6.920881056360384e-04 
 1.363203057160872e+00  1.035654379870645e+00  1.363203057160872e+00  1.714695170496740e+00  1.363203057160872e+00  4.375775118339927e-01  1.363203057160872e+00  3.092457209400438e-01  1.363203057160872e+00  3.355300067908742e-03  1.363203057160872e+00  1.440317220113100e+00  1.363203057160872e+00  1.587262647594892e-01  1.363203057160872e+00  6.884600250844603e-04 
 1.367203057160872e+00  1.034791988762769e+00  1.367203057160872e+00  1.715617602147996e+00  1.367203057160872e+00  4.362683632552473e-01  1.367203057160872e+00  3.094366103070600e-01  1.367203057160872e+00  3.358686965290969e-03  1.367203057160872e+00  1.441631584046994e+00  1.367203057160872e+00  1.583920714841013e-01  1.367203057160872e+00  6.848370802022522e-04 
 1.371203057160872e+00  1.033931211394918e+00  1.371203057160872e+00  1.716538711323348e+00  1.371203057160872e+00  4.349618897042901e-01  1.371203057160872e+00  3.096278732430094e-01  1.371203057160872e+00  3.362067524978129e-03  1.371203057160872e+00  1.442944159232112e+00  1.371203057160872e+00  1.580573529537561e-01  1.371203057160872e+00  6.812193277132759e-04 
 1.375203057160872e+00  1.033072064241291e+00  1.375203057160872e+00  1.717458483466090e+00  1.375203057160872e+00  4.336581237689975e-01  1.375203057160872e+00  3.098195162258766e-01  1.375203057160872e+00  3.365441682270530e-03  1.375203057160872e+00  1.444254931556835e+00  1.375203057160872e+00  1.577221107344768e-01  1.375203057160872e+00  6.776068248078472e-04 
 1.379203057160872e+00  1.032214563925019e+00  1.379203057160872e+00  1.718376903896507e+00  1.379203057160872e+00  4.323570983695842e-01  1.379203057160872e+00  3.100115457977231e-01  1.379203057160872e+00  3.368809371883622e-03  1.379203057160872e+00  1.445563886831044e+00  1.379203057160872e+00  1.573863464606725e-01  1.379203057160872e+00  6.739996291599253e-04 
 1.383203057160872e+00  1.031358727216158e+00  1.383203057160872e+00  1.719293957812678e+00  1.383203057160872e+00  4.310588467551210e-01  1.383203057160872e+00  3.102039685637264e-01  1.383203057160872e+00  3.372170527955767e-03  1.383203057160872e+00  1.446871010787361e+00  1.383203057160872e+00  1.570500618359655e-01  1.383203057160872e+00  6.703977989240414e-04 
 1.387203057160872e+00  1.030504571031994e+00  1.387203057160872e+00  1.720209630298762e+00  1.387203057160872e+00  4.297634025011126e-01  1.387203057160872e+00  3.103967911906927e-01  1.387203057160872e+00  3.375525084047182e-03  1.387203057160872e+00  1.448176289086164e+00  1.387203057160872e+00  1.567132586313384e-01  1.387203057160872e+00  6.668013927027598e-04 
 1.391203057160872e+00  1.029652112432694e+00  1.391203057160872e+00  1.721123906320461e+00  1.391203057160872e+00  4.284707995038904e-01  1.391203057160872e+00  3.105900204061946e-01  1.391203057160872e+00  3.378872973156868e-03  1.391203057160872e+00  1.449479707314114e+00  1.391203057160872e+00  1.563759386878611e-01  1.391203057160872e+00  6.632104695644353e-04 
 1.395203057160872e+00  1.028801368616690e+00  1.395203057160872e+00  1.722036770720782e+00  1.395203057160872e+00  4.271810719744782e-01  1.395203057160872e+00  3.107836629976089e-01  1.395203057160872e+00  3.382214127740857e-03  1.395203057160872e+00  1.450781250982892e+00  1.395203057160872e+00  1.560381039193709e-01  1.395203057160872e+00  6.596250890599114e-04 
 1.399203057160872e+00  1.027952356926791e+00  1.399203057160872e+00  1.722948208247270e+00  1.399203057160872e+00  4.258942544386533e-01  1.399203057160872e+00  3.109777258091531e-01  1.399203057160872e+00  3.385548479688173e-03  1.399203057160872e+00  1.452080905543775e+00  1.399203057160872e+00  1.556997563037845e-01  1.399203057160872e+00  6.560453111155251e-04 
 1.403203057160872e+00  1.027105094836728e+00  1.403203057160872e+00  1.723858203523971e+00  1.403203057160872e+00  4.246103817246352e-01  1.403203057160872e+00  3.111722157420920e-01  1.403203057160872e+00  3.388875960373641e-03  1.403203057160872e+00  1.453378656374389e+00  1.403203057160872e+00  1.553608978943546e-01  1.403203057160872e+00  6.524711961432756e-04 
 1.407203057160872e+00  1.026259599957458e+00  1.407203057160872e+00  1.724766741081035e+00  1.407203057160872e+00  4.233294889624548e-01  1.407203057160872e+00  3.113671397513911e-01  1.407203057160872e+00  3.392196500633145e-03  1.407203057160872e+00  1.454674488794456e+00  1.407203057160872e+00  1.550215308100999e-01  1.407203057160872e+00  6.489028049245057e-04 
 1.411203057160872e+00  1.025415890026932e+00  1.411203057160872e+00  1.725673805337608e+00  1.411203057160872e+00  4.220516115727944e-01  1.411203057160872e+00  3.115625048450191e-01  1.411203057160872e+00  3.395510030803853e-03  1.411203057160872e+00  1.455968388058098e+00  1.411203057160872e+00  1.546816572431549e-01  1.411203057160872e+00  6.453401986770980e-04 
 1.415203057160872e+00  1.024573982907268e+00  1.415203057160872e+00  1.726579380607269e+00  1.415203057160872e+00  4.207767852599310e-01  1.415203057160872e+00  3.117583180817930e-01  1.415203057160872e+00  3.398816480735266e-03  1.415203057160872e+00  1.457260339357498e+00  1.415203057160872e+00  1.543412794579866e-01  1.415203057160872e+00  6.417834390341889e-04 
 1.419203057160872e+00  1.023733896589884e+00  1.419203057160872e+00  1.727483451126746e+00  1.419203057160872e+00  4.195050460090437e-01  1.419203057160872e+00  3.119545865676509e-01  1.419203057160872e+00  3.402115779769076e-03  1.419203057160872e+00  1.458550327838048e+00  1.419203057160872e+00  1.540003997820014e-01  1.419203057160872e+00  6.382325879312609e-04 
 1.423203057160872e+00  1.022895649179416e+00  1.423203057160872e+00  1.728386001025405e+00  1.423203057160872e+00  4.182364300701514e-01  1.423203057160872e+00  3.121513174553849e-01  1.423203057160872e+00  3.405407856802371e-03  1.423203057160872e+00  1.459838338584098e+00  1.423203057160872e+00  1.536590206178834e-01  1.423203057160872e+00  6.346877077261123e-04 
 1.427203057160872e+00  1.022059258891774e+00  1.427203057160872e+00  1.729287014335905e+00  1.427203057160872e+00  4.169709739502055e-01  1.427203057160872e+00  3.123485179417307e-01  1.427203057160872e+00  3.408692640295162e-03  1.427203057160872e+00  1.461124356625189e+00  1.427203057160872e+00  1.533171444408840e-01  1.427203057160872e+00  6.311488611568939e-04 
 1.431203057160872e+00  1.021224744060002e+00  1.431203057160872e+00  1.730186475028165e+00  1.431203057160872e+00  4.157087144093481e-01  1.431203057160872e+00  3.125461952628858e-01  1.431203057160872e+00  3.411970058247489e-03  1.431203057160872e+00  1.462408366953733e+00  1.431203057160872e+00  1.529747737874030e-01  1.431203057160872e+00  6.276161112087812e-04 
 1.435203057160872e+00  1.020392123116385e+00  1.435203057160872e+00  1.731084366976765e+00  1.435203057160872e+00  4.144496884423171e-01  1.435203057160872e+00  3.127443566939263e-01  1.435203057160872e+00  3.415240038269630e-03  1.435203057160872e+00  1.463690354509808e+00  1.435203057160872e+00  1.526319112681768e-01  1.435203057160872e+00  6.240895212419629e-04 
 1.439203057160872e+00  1.019561414594545e+00  1.439203057160872e+00  1.731980673986421e+00  1.439203057160872e+00  4.131939332713999e-01  1.439203057160872e+00  3.129430095445361e-01  1.439203057160872e+00  3.418502507573860e-03  1.439203057160872e+00  1.464970304194622e+00  1.439203057160872e+00  1.522885595599860e-01  1.439203057160872e+00  6.205691548916016e-04 
 1.443203057160872e+00  1.018732637118948e+00  1.443203057160872e+00  1.732875379782685e+00  1.443203057160872e+00  4.119414863312696e-01  1.443203057160872e+00  3.131421611566980e-01  1.443203057160872e+00  3.421757393015700e-03  1.443203057160872e+00  1.466248200866866e+00  1.443203057160872e+00  1.519447214102560e-01  1.443203057160872e+00  6.170550761043317e-04 
 1.447203057160872e+00  1.017905809404593e+00  1.447203057160872e+00  1.733768468032641e+00  1.447203057160872e+00  4.106923852593735e-01  1.447203057160872e+00  3.133418189003699e-01  1.447203057160872e+00  3.425004621095100e-03  1.447203057160872e+00  1.467524029353720e+00  1.447203057160872e+00  1.516003996304486e-01  1.447203057160872e+00  6.135473490570147e-04 
 1.451203057160872e+00  1.017080950247996e+00  1.451203057160872e+00  1.734659922342166e+00  1.451203057160872e+00  4.094466678805497e-01  1.451203057160872e+00  3.135419901704481e-01  1.451203057160872e+00  3.428244117991868e-03  1.451203057160872e+00  1.468797774450389e+00  1.451203057160872e+00  1.512555970981794e-01  1.451203057160872e+00  6.100460381674936e-04 
 1.455203057160872e+00  1.016258078519598e+00  1.455203057160872e+00  1.735549726258451e+00  1.455203057160872e+00  4.082043721919083e-01  1.455203057160872e+00  3.137426823832438e-01  1.455203057160872e+00  3.431475809595511e-03  1.455203057160872e+00  1.470069420922206e+00  1.455203057160872e+00  1.509103167573723e-01  1.455203057160872e+00  6.065512080846235e-04 
 1.459203057160872e+00  1.015437213161786e+00  1.459203057160872e+00  1.736437863289231e+00  1.459203057160872e+00  4.069655363504923e-01  1.459203057160872e+00  3.139439029717188e-01  1.459203057160872e+00  3.434699621512936e-03  1.459203057160872e+00  1.471338953514800e+00  1.459203057160872e+00  1.505645616120679e-01  1.459203057160872e+00  6.030629236128038e-04 
 1.463203057160872e+00  1.014618373172569e+00  1.463203057160872e+00  1.737324316883299e+00  1.463203057160872e+00  4.057301986517972e-01  1.463203057160872e+00  3.141456593830156e-01  1.463203057160872e+00  3.437915479132634e-03  1.463203057160872e+00  1.472606356945534e+00  1.463203057160872e+00  1.502183347348865e-01  1.463203057160872e+00  5.995812497885086e-04 
 1.467203057160872e+00  1.013801577607501e+00  1.467203057160872e+00  1.738209070463015e+00  1.467203057160872e+00  4.044983975185560e-01  1.467203057160872e+00  3.143479590725082e-01  1.467203057160872e+00  3.441123307617126e-03  1.467203057160872e+00  1.473871615920018e+00  1.467203057160872e+00  1.498716392557329e-01  1.467203057160872e+00  5.961062517525907e-04 
 1.471203057160872e+00  1.012986845569878e+00  1.471203057160872e+00  1.739092107425385e+00  1.471203057160872e+00  4.032701714819077e-01  1.471203057160872e+00  3.145508094996645e-01  1.471203057160872e+00  3.444323031941341e-03  1.471203057160872e+00  1.475134715133366e+00  1.471203057160872e+00  1.495244783623516e-01  1.471203057160872e+00  5.926379947459872e-04 
 1.475203057160872e+00  1.012174196194431e+00  1.475203057160872e+00  1.739973411126123e+00  1.475203057160872e+00  4.020455591581580e-01  1.475203057160872e+00  3.147542181248381e-01  1.475203057160872e+00  3.447514576956827e-03  1.475203057160872e+00  1.476395639263398e+00  1.475203057160872e+00  1.491768553074703e-01  1.475203057160872e+00  5.891765441724021e-04 
 1.479203057160872e+00  1.011363648652649e+00  1.479203057160872e+00  1.740852964925166e+00  1.479203057160872e+00  4.008245992376890e-01  1.479203057160872e+00  3.149581924019337e-01  1.479203057160872e+00  3.450697867370775e-03  1.479203057160872e+00  1.477654372993096e+00  1.479203057160872e+00  1.488287733922841e-01  1.479203057160872e+00  5.857219654194916e-04 
 1.483203057160872e+00  1.010555222129765e+00  1.483203057160872e+00  1.741730752154604e+00  1.483203057160872e+00  3.996073304565219e-01  1.483203057160872e+00  3.151627397758855e-01  1.483203057160872e+00  3.453872827836362e-03  1.483203057160872e+00  1.478910900996053e+00  1.483203057160872e+00  1.484802359797388e-01  1.483203057160872e+00  5.822743239848009e-04 
 1.487203057160872e+00  1.009748935829111e+00  1.487203057160872e+00  1.742606756163678e+00  1.487203057160872e+00  3.983937915833894e-01  1.487203057160872e+00  3.153678676749849e-01  1.487203057160872e+00  3.457039382935696e-03  1.487203057160872e+00  1.480165207958505e+00  1.487203057160872e+00  1.481312464780527e-01  1.487203057160872e+00  5.788336852990731e-04 
 1.491203057160872e+00  1.008944808949410e+00  1.491203057160872e+00  1.743480960290077e+00  1.491203057160872e+00  3.971840213902832e-01  1.491203057160872e+00  3.155735835078169e-01  1.491203057160872e+00  3.460197457269008e-03  1.491203057160872e+00  1.481417278566405e+00  1.491203057160872e+00  1.477818083527142e-01  1.491203057160872e+00  5.754001148389559e-04 
 1.495203057160872e+00  1.008142860687107e+00  1.495203057160872e+00  1.744353347901391e+00  1.495203057160872e+00  3.959780586370882e-01  1.495203057160872e+00  3.157798946554387e-01  1.495203057160872e+00  3.463346975445439e-03  1.495203057160872e+00  1.482667097525551e+00  1.495203057160872e+00  1.474319251111916e-01  1.495203057160872e+00  5.719736779641526e-04 
 1.499203057160872e+00  1.007343110215552e+00  1.499203057160872e+00  1.745223902374190e+00  1.499203057160872e+00  3.947759420420418e-01  1.499203057160872e+00  3.159868084674984e-01  1.499203057160872e+00  3.466487862164853e-03  1.499203057160872e+00  1.483914649552330e+00  1.499203057160872e+00  1.470816003118962e-01  1.499203057160872e+00  5.685544399996643e-04 
 1.503203057160872e+00  1.006545576682848e+00  1.503203057160872e+00  1.746092607125136e+00  1.503203057160872e+00  3.935777102625181e-01  1.503203057160872e+00  3.161943322547349e-01  1.503203057160872e+00  3.469620042226272e-03  1.503203057160872e+00  1.485159919388792e+00  1.503203057160872e+00  1.467308375527528e-01  1.503203057160872e+00  5.651424661135025e-04 
 1.507203057160872e+00  1.005750279196936e+00  1.507203057160872e+00  1.746959445608354e+00  1.507203057160872e+00  3.923834018677610e-01  1.507203057160872e+00  3.164024732835568e-01  1.507203057160872e+00  3.472743440586435e-03  1.507203057160872e+00  1.486402891801861e+00  1.507203057160872e+00  1.463796404729228e-01  1.507203057160872e+00  5.617378213270794e-04 
 1.511203057160872e+00  1.004957236813280e+00  1.511203057160872e+00  1.747824401320963e+00  1.511203057160872e+00  3.911930553125950e-01  1.511203057160872e+00  3.166112387699312e-01  1.511203057160872e+00  3.475857982408176e-03  1.511203057160872e+00  1.487643551586333e+00  1.511203057160872e+00  1.460280127513011e-01  1.511203057160872e+00  5.583405704934208e-04 
 1.515203057160872e+00  1.004166468531149e+00  1.515203057160872e+00  1.748687457832907e+00  1.515203057160872e+00  3.900067089155079e-01  1.515203057160872e+00  3.168206358714748e-01  1.515203057160872e+00  3.478963593075060e-03  1.515203057160872e+00  1.488881883578994e+00  1.515203057160872e+00  1.456759580952902e-01  1.515203057160872e+00  5.549507781800660e-04 
 1.519203057160872e+00  1.003377993268046e+00  1.519203057160872e+00  1.749548598758216e+00  1.519203057160872e+00  3.888244008236167e-01  1.519203057160872e+00  3.170306716833451e-01  1.519203057160872e+00  3.482060198291697e-03  1.519203057160872e+00  1.490117872645661e+00  1.519203057160872e+00  1.453234802527874e-01  1.519203057160872e+00  5.515685087818772e-04 
 1.523203057160872e+00  1.002591829864393e+00  1.523203057160872e+00  1.750407807809527e+00  1.523203057160872e+00  3.876461689945171e-01  1.523203057160872e+00  3.172413532283797e-01  1.523203057160872e+00  3.485147724065509e-03  1.523203057160872e+00  1.491351503706465e+00  1.523203057160872e+00  1.449705829909542e-01  1.523203057160872e+00  5.481938263069071e-04 
 1.527203057160872e+00  1.001807997058305e+00  1.527203057160872e+00  1.751265068772127e+00  1.527203057160872e+00  3.864720511604517e-01  1.527203057160872e+00  3.174526874525421e-01  1.527203057160872e+00  3.488226096805667e-03  1.527203057160872e+00  1.492582761724048e+00  1.527203057160872e+00  1.446172701070068e-01  1.527203057160872e+00  5.448267944783697e-04 
 1.531203057160872e+00  1.001026513478144e+00  1.531203057160872e+00  1.752120365526850e+00  1.531203057160872e+00  3.853020848022295e-01  1.531203057160872e+00  3.176646812169304e-01  1.531203057160872e+00  3.491295243352350e-03  1.531203057160872e+00  1.493811631714139e+00  1.531203057160872e+00  1.442635454194463e-01  1.531203057160872e+00  5.414674766446915e-04 
 1.535203057160872e+00  1.000247397633035e+00  1.535203057160872e+00  1.752973682068298e+00  1.535203057160872e+00  3.841363071214952e-01  1.535203057160872e+00  3.178773412899882e-01  1.535203057160872e+00  3.494355091014085e-03  1.535203057160872e+00  1.495038098753764e+00  1.535203057160872e+00  1.439094127609985e-01  1.535203057160872e+00  5.381159357079128e-04 
 1.539203057160872e+00  9.994706678935288e-01  1.539203057160872e+00  1.753825002497019e+00  1.539203057160872e+00  3.829747550070159e-01  1.539203057160872e+00  3.180906743414041e-01  1.539203057160872e+00  3.497405567643576e-03  1.539203057160872e+00  1.496262147977608e+00  1.539203057160872e+00  1.435548759820279e-01  1.539203057160872e+00  5.347722341544573e-04 
 1.543203057160872e+00  9.986963424833712e-01  1.543203057160872e+00  1.754674311042016e+00  1.543203057160872e+00  3.818174650068994e-01  1.543203057160872e+00  3.183046869338214e-01  1.543203057160872e+00  3.500446601670116e-03  1.543203057160872e+00  1.497483764588001e+00  1.543203057160872e+00  1.431999389415987e-01  1.543203057160872e+00  5.314364339666609e-04 
 1.547203057160872e+00  9.979244394656466e-01  1.547203057160872e+00  1.755521592068738e+00  1.547203057160872e+00  3.806644732972807e-01  1.547203057160872e+00  3.185193855154757e-01  1.547203057160872e+00  3.503478122153939e-03  1.547203057160872e+00  1.498702933858196e+00  1.547203057160872e+00  1.428446055043125e-01  1.547203057160872e+00  5.281085965914278e-04 
 1.551203057160872e+00  9.971549767280140e-01  1.551203057160872e+00  1.756366830084928e+00  1.551203057160872e+00  3.795158156502257e-01  1.551203057160872e+00  3.187347764129204e-01  1.551203057160872e+00  3.506500058844231e-03  1.551203057160872e+00  1.499919641134610e+00  1.551203057160872e+00  1.424888795379536e-01  1.551203057160872e+00  5.247887829172336e-04 
