-1.853915719974783e+00  1.709764864004288e+00 -1.853915719974783e+00  1.048938201320052e+00 -1.853915719974783e+00  1.228815860928854e+00 -1.853915719974783e+00  3.939503367957405e-02 -1.853915719974783e+00  9.332367647258852e-07 -1.853915719974783e+00  3.286996138818341e-01 -1.853915719974783e+00  2.592165175678576e-01 -1.853915719974783e+00  2.623657447163245e-03 
-1.849915719974783e+00  1.709753992179615e+00 -1.849915719974783e+00  1.049011393086548e+00 -1.849915719974783e+00  1.229392551602532e+00 -1.849915719974783e+00  3.941874522839663e-02 -1.849915719974783e+00  9.773332937089462e-07 -1.849915719974783e+00  3.293941860637508e-01 -1.849915719974783e+00  2.591500851986565e-01 -1.849915719974783e+00  2.623361108819728e-03 
-1.845915719974783e+00  1.709742127233550e+00 -1.845915719974783e+00  1.049085743630037e+00 -1.845915719974783e+00  1.229968522048297e+00 -1.845915719974783e+00  3.944359342020351e-02 -1.845915719974783e+00  1.023446271632853e-06 -1.845915719974783e+00  3.300909890740888e-01 -1.845915719974783e+00  2.590841399687526e-01 -1.845915719974783e+00  2.623071242951686e-03 
-1.841915719974783e+00  1.709729979975746e+00 -1.841915719974783e+00  1.049160414465031e+00 -1.841915719974783e+00  1.230544222660679e+00 -1.841915719974783e+00  3.946962158432234e-02 -1.841915719974783e+00  1.071656351457502e-06 -1.841915719974783e+00  3.307883480061792e-01 -1.841915719974783e+00  2.590182986724304e-01 -1.841915719974783e+00  2.622774885412903e-03 
-1.837915719974783e+00  1.709717281389419e+00 -1.837915719974783e+00  1.049235713807939e+00 -1.837915719974783e+00  1.231119414860146e+00 -1.837915719974783e+00  3.949687779715329e-02 -1.837915719974783e+00  1.122054541916671e-06 -1.837915719974783e+00  3.314868155610793e-01 -1.837915719974783e+00  2.589526732447479e-01 -1.837915719974783e+00  2.622476033422170e-03 
-1.833915719974783e+00  1.709704008016791e+00 -1.833915719974783e+00  1.049311662953045e+00 -1.833915719974783e+00  1.231694044879701e+00 -1.833915719974783e+00  3.952541106962158e-02 -1.833915719974783e+00  1.174733941953221e-06 -1.833915719974783e+00  3.321863987962888e-01 -1.833915719974783e+00  2.588872572053705e-01 -1.833915719974783e+00  2.622174602462112e-03 
-1.829915719974783e+00  1.709690135509419e+00 -1.829915719974783e+00  1.049388283888039e+00 -1.829915719974783e+00  1.232268057252886e+00 -1.829915719974783e+00  3.955527197849438e-02 -1.829915719974783e+00  1.229791185377842e-06 -1.829915719974783e+00  3.328871052697795e-01 -1.829915719974783e+00  2.588220439778831e-01 -1.829915719974783e+00  2.621870505267044e-03 
-1.825915719974783e+00  1.709675638602306e+00 -1.825915719974783e+00  1.049465599534646e+00 -1.825915719974783e+00  1.232841394676114e+00 -1.825915719974783e+00  3.958651268666054e-02 -1.825915719974783e+00  1.287326543603186e-06 -1.825915719974783e+00  3.335889431827601e-01 -1.825915719974783e+00  2.587570268442185e-01 -1.825915719974783e+00  2.621563650863973e-03 
-1.821915719974783e+00  1.709660491086417e+00 -1.821915719974783e+00  1.049543633664857e+00 -1.821915719974783e+00  1.233413997998116e+00 -1.821915719974783e+00  3.961918696394228e-02 -1.821915719974783e+00  1.347444034709491e-06 -1.821915719974783e+00  3.342919213335811e-01 -1.821915719974783e+00  2.586921989620796e-01 -1.821915719974783e+00  2.621253944905405e-03 
-1.817915719974783e+00  1.709644665781072e+00 -1.817915719974783e+00  1.049622410879345e+00 -1.817915719974783e+00  1.233985806184070e+00 -1.817915719974783e+00  3.965335020545348e-02 -1.817915719974783e+00  1.410251533047509e-06 -1.817915719974783e+00  3.349960491076197e-01 -1.817915719974783e+00  2.586275533701916e-01 -1.817915719974783e+00  2.620941289754889e-03 
-1.813915719974783e+00  1.709628134507202e+00 -1.813915719974783e+00  1.049701956833680e+00 -1.813915719974783e+00  1.234556756183344e+00 -1.813915719974783e+00  3.968905944529759e-02 -1.813915719974783e+00  1.475860875332836e-06 -1.813915719974783e+00  3.357013366127282e-01 -1.813915719974783e+00  2.585630829459794e-01 -1.813915719974783e+00  2.620625583589246e-03 
-1.809915719974783e+00  1.709610868058198e+00 -1.809915719974783e+00  1.049782297993079e+00 -1.809915719974783e+00  1.235126782979633e+00 -1.809915719974783e+00  3.972637337208030e-02 -1.809915719974783e+00  1.544387976373589e-06 -1.809915719974783e+00  3.364077945380105e-01 -1.809915719974783e+00  2.584987804538643e-01 -1.809915719974783e+00  2.620306721371902e-03 
-1.805915719974783e+00  1.709592836172835e+00 -1.805915719974783e+00  1.049863461877384e+00 -1.805915719974783e+00  1.235695819450876e+00 -1.805915719974783e+00  3.976535233706091e-02 -1.805915719974783e+00  1.615952936505054e-06 -1.805915719974783e+00  3.371154343004386e-01 -1.805915719974783e+00  2.584346384993933e-01 -1.805915719974783e+00  2.619984593880710e-03 
-1.801915719974783e+00  1.709574007506212e+00 -1.801915719974783e+00  1.049945476927124e+00 -1.801915719974783e+00  1.236263796375362e+00 -1.801915719974783e+00  3.980605836298270e-02 -1.801915719974783e+00  1.690680156949258e-06 -1.801915719974783e+00  3.378242679687672e-01 -1.801915719974783e+00  2.583706495560571e-01 -1.801915719974783e+00  2.619659088239379e-03 
-1.797915719974783e+00  1.709554349602163e+00 -1.797915719974783e+00  1.050028372680071e+00 -1.797915719974783e+00  1.236830642318199e+00 -1.797915719974783e+00  3.984855514644060e-02 -1.797915719974783e+00  1.768698449288685e-06 -1.797915719974783e+00  3.385343083703560e-01 -1.797915719974783e+00  2.583068059327018e-01 -1.797915719974783e+00  2.619330087216849e-03 
-1.793915719974783e+00  1.709533828864369e+00 -1.793915719974783e+00  1.050112179707100e+00 -1.793915719974783e+00  1.237396283610243e+00 -1.793915719974783e+00  3.989290805927731e-02 -1.793915719974783e+00  1.850141150125267e-06 -1.793915719974783e+00  3.392455690561690e-01 -1.793915719974783e+00  2.582430997869817e-01 -1.793915719974783e+00  2.618997469481817e-03 
-1.789915719974783e+00  1.709512410527683e+00 -1.789915719974783e+00  1.050196929602176e+00 -1.789915719974783e+00  1.237960644305958e+00 -1.789915719974783e+00  3.993918414580409e-02 -1.789915719974783e+00  1.935146234878801e-06 -1.789915719974783e+00  3.399580642975054e-01 -1.789915719974783e+00  2.581795231283766e-01 -1.789915719974783e+00  2.618661109642519e-03 
-1.785915719974783e+00  1.709490058630442e+00 -1.785915719974783e+00  1.050282655121006e+00 -1.785915719974783e+00  1.238523646084974e+00 -1.785915719974783e+00  3.998745211414233e-02 -1.785915719974783e+00  2.023856427683546e-06 -1.785915719974783e+00  3.406718091708285e-01 -1.785915719974783e+00  2.581160677929802e-01 -1.785915719974783e+00  2.618320877696337e-03 
-1.781915719974783e+00  1.709466735985531e+00 -1.781915719974783e+00  1.050369390092639e+00 -1.781915719974783e+00  1.239085208240228e+00 -1.781915719974783e+00  4.003778232611062e-02 -1.781915719974783e+00  2.116419316225773e-06 -1.781915719974783e+00  3.413868195081826e-01 -1.781915719974783e+00  2.580527254614592e-01 -1.781915719974783e+00  2.617976639380817e-03 
-1.777915719974783e+00  1.709442404152886e+00 -1.777915719974783e+00  1.050457169529495e+00 -1.777915719974783e+00  1.239645247591177e+00 -1.777915719974783e+00  4.009024678007429e-02 -1.777915719974783e+00  2.212987460876002e-06 -1.777915719974783e+00  3.421031119652029e-01 -1.777915719974783e+00  2.579894876393197e-01 -1.777915719974783e+00  2.617628255736759e-03 
-1.773915719974783e+00  1.709417023411819e+00 -1.773915719974783e+00  1.050546029656500e+00 -1.773915719974783e+00  1.240203678428410e+00 -1.773915719974783e+00  4.014491908994477e-02 -1.773915719974783e+00  2.313718504508556e-06 -1.773915719974783e+00  3.428207040413351e-01 -1.773915719974783e+00  2.579263456526024e-01 -1.773915719974783e+00  2.617275582992825e-03 
-1.769915719974783e+00  1.709390552732315e+00 -1.769915719974783e+00  1.050636007755107e+00 -1.769915719974783e+00  1.240760412528003e+00 -1.769915719974783e+00  4.020187446203726e-02 -1.769915719974783e+00  2.418775286459190e-06 -1.769915719974783e+00  3.435396139896485e-01 -1.769915719974783e+00  2.578632906784106e-01 -1.769915719974783e+00  2.616918473184402e-03 
-1.765915719974783e+00  1.709362949750628e+00 -1.765915719974783e+00  1.050727142528997e+00 -1.765915719974783e+00  1.241315358971436e+00 -1.765915719974783e+00  4.026118965870346e-02 -1.765915719974783e+00  2.528325939331231e-06 -1.765915719974783e+00  3.442598610374685e-01 -1.765915719974783e+00  2.578003136770947e-01 -1.765915719974783e+00  2.616556772702297e-03 
-1.761915719974783e+00  1.709334170740304e+00 -1.761915719974783e+00  1.050819473775386e+00 -1.761915719974783e+00  1.241868424226286e+00 -1.761915719974783e+00  4.032294296699393e-02 -1.761915719974783e+00  2.642544004040689e-06 -1.761915719974783e+00  3.449814651932713e-01 -1.761915719974783e+00  2.577374054553226e-01 -1.761915719974783e+00  2.616190323597224e-03 
-1.757915719974783e+00  1.709304170588491e+00 -1.757915719974783e+00  1.050913042667469e+00 -1.757915719974783e+00  1.242419511999813e+00 -1.757915719974783e+00  4.038721415198459e-02 -1.757915719974783e+00  2.761608523798346e-06 -1.757915719974783e+00  3.457044474179478e-01 -1.757915719974783e+00  2.576745566140445e-01 -1.757915719974783e+00  2.615818962458821e-03 
-1.753915719974783e+00  1.709272902769382e+00 -1.753915719974783e+00  1.051007891573576e+00 -1.753915719974783e+00  1.242968523266317e+00 -1.753915719974783e+00  4.045408441158987e-02 -1.753915719974783e+00  2.885704149553065e-06 -1.753915719974783e+00  3.464288295194971e-01 -1.753915719974783e+00  2.576117575835620e-01 -1.753915719974783e+00  2.615442521133456e-03 
-1.749915719974783e+00  1.709240319322480e+00 -1.749915719974783e+00  1.051104064339491e+00 -1.749915719974783e+00  1.243515356124719e+00 -1.749915719974783e+00  4.052363631699787e-02 -1.749915719974783e+00  3.015021226220485e-06 -1.749915719974783e+00  3.471546343248129e-01 -1.749915719974783e+00  2.575489985717452e-01 -1.749915719974783e+00  2.615060825603664e-03 
-1.745915719974783e+00  1.709206370826014e+00 -1.745915719974783e+00  1.051201605909266e+00 -1.745915719974783e+00  1.244059905901533e+00 -1.745915719974783e+00  4.059595375871116e-02 -1.745915719974783e+00  3.149755898213690e-06 -1.745915719974783e+00  3.478818854551227e-01 -1.745915719974783e+00  2.574862696360347e-01 -1.745915719974783e+00  2.614673697493145e-03 
-1.741915719974783e+00  1.709171006379097e+00 -1.741915719974783e+00  1.051300562780004e+00 -1.741915719974783e+00  1.244602064949244e+00 -1.741915719974783e+00  4.067112187029281e-02 -1.741915719974783e+00  3.290110180234115e-06 -1.741915719974783e+00  3.486106076013961e-01 -1.741915719974783e+00  2.574235605994903e-01 -1.741915719974783e+00  2.614280952261703e-03 
-1.737915719974783e+00  1.709134173579386e+00 -1.737915719974783e+00  1.051400982810315e+00 -1.737915719974783e+00  1.245141722684715e+00 -1.737915719974783e+00  4.074922695717220e-02 -1.737915719974783e+00  3.436292045958101e-06 -1.737915719974783e+00  3.493408264123510e-01 -1.737915719974783e+00  2.573608610877240e-01 -1.737915719974783e+00  2.613882399965630e-03 
-1.733915719974783e+00  1.709095818502560e+00 -1.733915719974783e+00  1.051502915104961e+00 -1.733915719974783e+00  1.245678765600889e+00 -1.733915719974783e+00  4.083035641761815e-02 -1.733915719974783e+00  3.588515509473276e-06 -1.733915719974783e+00  3.500725684274942e-01 -1.733915719974783e+00  2.572981605513057e-01 -1.733915719974783e+00  2.613477845715336e-03 
-1.729915719974783e+00  1.709055885688515e+00 -1.729915719974783e+00  1.051606410374397e+00 -1.729915719974783e+00  1.246213077109347e+00 -1.729915719974783e+00  4.091459864607885e-02 -1.729915719974783e+00  3.747000680073890e-06 -1.729915719974783e+00  3.508058612962492e-01 -1.729915719974783e+00  2.572354481999406e-01 -1.729915719974783e+00  2.613067088248495e-03 
-1.725915719974783e+00  1.709014318122309e+00 -1.725915719974783e+00  1.051711520624768e+00 -1.725915719974783e+00  1.246744537628701e+00 -1.725915719974783e+00  4.100204294359705e-02 -1.725915719974783e+00  3.911973837892048e-06 -1.725915719974783e+00  3.515407335938967e-01 -1.725915719974783e+00  2.571727130610934e-01 -1.725915719974783e+00  2.612649921160395e-03 
-1.721915719974783e+00  1.708971057221945e+00 -1.721915719974783e+00  1.051818299311273e+00 -1.721915719974783e+00  1.247273024508249e+00 -1.721915719974783e+00  4.109277941080737e-02 -1.721915719974783e+00  4.083667482372156e-06 -1.721915719974783e+00  3.522772149164655e-01 -1.721915719974783e+00  2.571099439524366e-01 -1.721915719974783e+00  2.612226132295226e-03 
-1.717915719974783e+00  1.708926042826672e+00 -1.717915719974783e+00  1.051926801332340e+00 -1.717915719974783e+00  1.247798412013085e+00 -1.717915719974783e+00  4.118689883680093e-02 -1.717915719974783e+00  4.262320378735240e-06 -1.717915719974783e+00  3.530153358797739e-01 -1.717915719974783e+00  2.570471294838872e-01 -1.717915719974783e+00  2.611795503769227e-03 
-1.713915719974783e+00  1.708879213188981e+00 -1.713915719974783e+00  1.052037083128700e+00 -1.713915719974783e+00  1.248320571275929e+00 -1.713915719974783e+00  4.128449257767938e-02 -1.713915719974783e+00  4.448177589710045e-06 -1.713915719974783e+00  3.537551281819512e-01 -1.713915719974783e+00  2.569842580402577e-01 -1.713915719974783e+00  2.611357811577452e-03 
-1.709915719974783e+00  1.708830504965579e+00 -1.709915719974783e+00  1.052149202501180e+00 -1.709915719974783e+00  1.248839370353227e+00 -1.709915719974783e+00  4.138565243484938e-02 -1.709915719974783e+00  4.641490511399899e-06 -1.709915719974783e+00  3.544966244955550e-01 -1.709915719974783e+00  2.569213178157811e-01 -1.709915719974783e+00  2.610912826316938e-03 
-1.705915719974783e+00  1.708779853214518e+00 -1.705915719974783e+00  1.052263218706126e+00 -1.705915719974783e+00  1.249354674186815e+00 -1.705915719974783e+00  4.149047051884856e-02 -1.705915719974783e+00  4.842516884638776e-06 -1.705915719974783e+00  3.552398585275911e-01 -1.705915719974783e+00  2.568582967972924e-01 -1.705915719974783e+00  2.610460312807984e-03 
-1.701915719974783e+00  1.708727191395285e+00 -1.701915719974783e+00  1.052379192529452e+00 -1.701915719974783e+00  1.249866344578906e+00 -1.701915719974783e+00  4.159903910583163e-02 -1.701915719974783e+00  5.051520794680443e-06 -1.701915719974783e+00  3.559848650668193e-01 -1.701915719974783e+00  2.567951827514509e-01 -1.701915719974783e+00  2.610000029800263e-03 
-1.697915719974783e+00  1.708672451370117e+00 -1.697915719974783e+00  1.052497186218078e+00 -1.697915719974783e+00  1.250374240222727e+00 -1.697915719974783e+00  4.171145049067369e-02 -1.697915719974783e+00  5.268772665954237e-06 -1.697915719974783e+00  3.567316799444484e-01 -1.697915719974783e+00  2.567319632381576e-01 -1.697915719974783e+00  2.609531730244911e-03 
-1.693915719974783e+00  1.708615563408255e+00 -1.693915719974783e+00  1.052617263393998e+00 -1.693915719974783e+00  1.250878216744316e+00 -1.693915719974783e+00  4.182779683385944e-02 -1.693915719974783e+00  5.494549245201031e-06 -1.693915719974783e+00  3.574803399839108e-01 -1.693915719974783e+00  2.566686256270084e-01 -1.693915719974783e+00  2.609055161635632e-03 
-1.689915719974783e+00  1.708556456196891e+00 -1.689915719974783e+00  1.052739489169531e+00 -1.689915719974783e+00  1.251378126680335e+00 -1.689915719974783e+00  4.194816999530570e-02 -1.689915719974783e+00  5.729133558024552e-06 -1.689915719974783e+00  3.582308830729820e-01 -1.689915719974783e+00  2.566051570768200e-01 -1.689915719974783e+00  2.608570065551225e-03 
-1.685915719974783e+00  1.708495056854493e+00 -1.685915719974783e+00  1.052863930150521e+00 -1.685915719974783e+00  1.251873819502017e+00 -1.685915719974783e+00  4.207266136453595e-02 -1.685915719974783e+00  5.972814856020099e-06 -1.685915719974783e+00  3.589833481678453e-01 -1.685915719974783e+00  2.565415445357419e-01 -1.685915719974783e+00  2.608076177642910e-03 
-1.681915719974783e+00  1.708431290945653e+00 -1.681915719974783e+00  1.052990654291900e+00 -1.681915719974783e+00  1.252365141696474e+00 -1.681915719974783e+00  4.220136168958320e-02 -1.681915719974783e+00  6.225888557851105e-06 -1.681915719974783e+00  3.597377752068401e-01 -1.681915719974783e+00  2.564777747682264e-01 -1.681915719974783e+00  2.607573228207580e-03 
-1.677915719974783e+00  1.708365082502544e+00 -1.677915719974783e+00  1.053119730903382e+00 -1.677915719974783e+00  1.252851936803019e+00 -1.677915719974783e+00  4.233436089531129e-02 -1.677915719974783e+00  6.488656164094962e-06 -1.677915719974783e+00  3.604942051154962e-01 -1.677915719974783e+00  2.564138343544352e-01 -1.677915719974783e+00  2.607060942165207e-03 
-1.673915719974783e+00  1.708296354054544e+00 -1.673915719974783e+00  1.053251230839932e+00 -1.673915719974783e+00  1.253334045394922e+00 -1.673915719974783e+00  4.247174788909854e-02 -1.673915719974783e+00  6.761425139676043e-06 -1.673915719974783e+00  3.612526799247054e-01 -1.673915719974783e+00  2.563497096560502e-01 -1.673915719974783e+00  2.606539038302883e-03 
-1.669915719974782e+00  1.708225026651130e+00 -1.669915719974782e+00  1.053385226070951e+00 -1.669915719974782e+00  1.253811305280010e+00 -1.669915719974782e+00  4.261361038399305e-02 -1.669915719974782e+00  7.044508823025801e-06 -1.669915719974782e+00  3.620132425085947e-01 -1.669915719974782e+00  2.562853868950531e-01 -1.669915719974782e+00  2.606007230984655e-03 
-1.665915719974782e+00  1.708151019904963e+00 -1.665915719974782e+00  1.053521790070389e+00 -1.665915719974782e+00  1.254283551431077e+00 -1.665915719974782e+00  4.276003468744073e-02 -1.665915719974782e+00  7.338226255074167e-06 -1.665915719974782e+00  3.627759368246376e-01 -1.665915719974782e+00  2.562208520830964e-01 -1.665915719974782e+00  2.605465228603237e-03 
-1.661915719974782e+00  1.708074252026630e+00 -1.661915719974782e+00  1.053660997490429e+00 -1.661915719974782e+00  1.254750616167410e+00 -1.661915719974782e+00  4.291110551252036e-02 -1.661915719974782e+00  7.642902041393368e-06 -1.661915719974782e+00  3.635408077149856e-01 -1.661915719974782e+00  2.561560910810496e-01 -1.661915719974782e+00  2.604912734875151e-03 
-1.657915719974782e+00  1.707994639873597e+00 -1.657915719974782e+00  1.053802924293966e+00 -1.657915719974782e+00  1.255212329190521e+00 -1.657915719974782e+00  4.306690576856494e-02 -1.657915719974782e+00  7.958866157909313e-06 -1.657915719974782e+00  3.643079009887057e-01 -1.657915719974782e+00  2.560910895751309e-01 -1.657915719974782e+00  2.604349448314855e-03 
-1.653915719974782e+00  1.707912098996762e+00 -1.653915719974782e+00  1.053947647507893e+00 -1.653915719974782e+00  1.255668517755494e+00 -1.653915719974782e+00  4.322751636447056e-02 -1.653915719974782e+00  8.286453766147498e-06 -1.653915719974782e+00  3.650772632710575e-01 -1.653915719974782e+00  2.560258331216373e-01 -1.653915719974782e+00  2.603775063213964e-03 
-1.649915719974782e+00  1.707826543702452e+00 -1.649915719974782e+00  1.054095245428985e+00 -1.649915719974782e+00  1.256119006701728e+00 -1.649915719974782e+00  4.339301599137345e-02 -1.649915719974782e+00  8.626004967221691e-06 -1.649915719974782e+00  3.658489421307105e-01 -1.649915719974782e+00  2.559603071097215e-01 -1.649915719974782e+00  2.603189268824117e-03 
-1.645915719974782e+00  1.707737887108742e+00 -1.645915719974782e+00  1.054245797313752e+00 -1.645915719974782e+00  1.256563618663655e+00 -1.645915719974782e+00  4.356348092620622e-02 -1.645915719974782e+00  8.977864578278188e-06 -1.645915719974782e+00  3.666229858894113e-01 -1.645915719974782e+00  2.558944968173207e-01 -1.645915719974782e+00  2.602591750587915e-03 
-1.641915719974782e+00  1.707646041218700e+00 -1.641915719974782e+00  1.054399383551854e+00 -1.641915719974782e+00  1.257002174132362e+00 -1.641915719974782e+00  4.373898481406468e-02 -1.641915719974782e+00  9.342381841847864e-06 -1.641915719974782e+00  3.673994437290353e-01 -1.641915719974782e+00  2.558283873796975e-01 -1.641915719974782e+00  2.601982189450661e-03 
-1.637915719974782e+00  1.707550916988864e+00 -1.637915719974782e+00  1.054556085386831e+00 -1.637915719974782e+00  1.257434491674911e+00 -1.637915719974782e+00  4.391959847159579e-02 -1.637915719974782e+00  9.719910154064569e-06 -1.637915719974782e+00  3.681783655195225e-01 -1.637915719974782e+00  2.557619638394732e-01 -1.637915719974782e+00  2.601360262968724e-03 
-1.633915719974782e+00  1.707452424412637e+00 -1.633915719974782e+00  1.054715985005577e+00 -1.633915719974782e+00  1.257860388043650e+00 -1.633915719974782e+00  4.410538967520696e-02 -1.633915719974782e+00  1.011080673370606e-05 -1.633915719974782e+00  3.689598018738676e-01 -1.633915719974782e+00  2.556952111301373e-01 -1.633915719974782e+00  2.600725644954427e-03 
-1.629915719974782e+00  1.707350472601575e+00 -1.629915719974782e+00  1.054879165308492e+00 -1.629915719974782e+00  1.258279678398444e+00 -1.629915719974782e+00  4.429642296708541e-02 -1.629915719974782e+00  1.051543229959866e-05 -1.629915719974782e+00  3.697438040057434e-01 -1.629915719974782e+00  2.556281141168502e-01 -1.629915719974782e+00  2.600078006388312e-03 
-1.625915719974782e+00  1.707244969880450e+00 -1.625915719974782e+00  1.055045709977104e+00 -1.625915719974782e+00  1.258692176443450e+00 -1.625915719974782e+00  4.449275945030468e-02 -1.625915719974782e+00  1.093415069332779e-05 -1.625915719974782e+00  3.705304237706419e-01 -1.625915719974782e+00  2.555606575837071e-01 -1.625915719974782e+00  2.599417015150740e-03 
-1.621915719974782e+00  1.707135823882647e+00 -1.621915719974782e+00  1.055215703327261e+00 -1.621915719974782e+00  1.259097694642462e+00 -1.621915719974782e+00  4.469445659897110e-02 -1.621915719974782e+00  1.136732850063534e-05 -1.621915719974782e+00  3.713197135742373e-01 -1.621915719974782e+00  2.554928262593892e-01 -1.621915719974782e+00  2.598742336604526e-03 
-1.617915719974782e+00  1.707022941650206e+00 -1.617915719974782e+00  1.055389230134820e+00 -1.617915719974782e+00  1.259496044451603e+00 -1.617915719974782e+00  4.490156807603073e-02 -1.617915719974782e+00  1.181533465440909e-05 -1.617915719974782e+00  3.721117262632287e-01 -1.617915719974782e+00  2.554246048475176e-01 -1.617915719974782e+00  2.598053634286823e-03 
-1.613915719974782e+00  1.706906229744482e+00 -1.613915719974782e+00  1.055566375631509e+00 -1.613915719974782e+00  1.259887036507982e+00 -1.613915719974782e+00  4.511414354867466e-02 -1.613915719974782e+00  1.227853999547255e-05 -1.613915719974782e+00  3.729065151212746e-01 -1.613915719974782e+00  2.553559780264342e-01 -1.613915719974782e+00  2.597350569925456e-03 
-1.609915719974782e+00  1.706785594361757e+00 -1.609915719974782e+00  1.055747225467036e+00 -1.609915719974782e+00  1.260270480838894e+00 -1.609915719974782e+00  4.533222851260475e-02 -1.609915719974782e+00  1.275731681379172e-05 -1.609915719974782e+00  3.737041338439627e-01 -1.609915719974782e+00  2.552869304549861e-01 -1.609915719974782e+00  2.596632803589369e-03 
-1.605915719974782e+00  1.706660941443042e+00 -1.605915719974782e+00  1.055931865335104e+00 -1.605915719974782e+00  1.260646187182238e+00 -1.605915719974782e+00  4.555586414463458e-02 -1.605915719974782e+00  1.325203841267265e-05 -1.605915719974782e+00  3.745046363045124e-01 -1.605915719974782e+00  2.552174468380088e-01 -1.605915719974782e+00  2.595899995172894e-03 
-1.601915719974782e+00  1.706532176809359e+00 -1.601915719974782e+00  1.056120381229580e+00 -1.601915719974782e+00  1.261013965122150e+00 -1.601915719974782e+00  4.578508712843360e-02 -1.601915719974782e+00  1.376307857188930e-05 -1.601915719974782e+00  3.753080767107493e-01 -1.601915719974782e+00  2.551475118794204e-01 -1.601915719974782e+00  2.595151803379031e-03 
-1.597915719974782e+00  1.706399206276126e+00 -1.597915719974782e+00  1.056312858931946e+00 -1.597915719974782e+00  1.261373624466297e+00 -1.597915719974782e+00  4.601992953618848e-02 -1.597915719974782e+00  1.429081109370991e-05 -1.597915719974782e+00  3.761145092837452e-01 -1.597915719974782e+00  2.550771103720042e-01 -1.597915719974782e+00  2.594387887753758e-03 
-1.593915719974782e+00  1.706261935797411e+00 -1.593915719974782e+00  1.056509384251583e+00 -1.593915719974782e+00  1.261724975402079e+00 -1.593915719974782e+00  4.626041867666756e-02 -1.593915719974782e+00  1.483560923039832e-05 -1.593915719974782e+00  3.769239884045257e-01 -1.593915719974782e+00  2.550062271531587e-01 -1.593915719974782e+00  2.593607907732293e-03 
-1.589915719974782e+00  1.706120271592937e+00 -1.589915719974782e+00  1.056710042656632e+00 -1.589915719974782e+00  1.262067828842730e+00 -1.589915719974782e+00  4.650657699277570e-02 -1.589915719974782e+00  1.539784518016727e-05 -1.589915719974782e+00  3.777365683810456e-01 -1.589915719974782e+00  2.549348471688105e-01 -1.589915719974782e+00  2.592811524104166e-03 
-1.585915719974782e+00  1.705974120291496e+00 -1.585915719974782e+00  1.056914919273608e+00 -1.585915719974782e+00  1.262401996668148e+00 -1.585915719974782e+00  4.675842194959193e-02 -1.585915719974782e+00  1.597788951800765e-05 -1.585915719974782e+00  3.785523034444698e-01 -1.585915719974782e+00  2.548629554716964e-01 -1.585915719974782e+00  2.591998399014827e-03 
-1.581915719974782e+00  1.705823389070055e+00 -1.581915719974782e+00  1.057124098689924e+00 -1.581915719974782e+00  1.262727292028909e+00 -1.581915719974782e+00  4.701596594887125e-02 -1.581915719974782e+00  1.657611064360315e-05 -1.581915719974782e+00  3.793712476222337e-01 -1.581915719974782e+00  2.547905372544553e-01 -1.581915719974782e+00  2.591168196749288e-03 
-1.577915719974782e+00  1.705667985798905e+00 -1.577915719974782e+00  1.057337664854698e+00 -1.577915719974782e+00  1.263043529624837e+00 -1.577915719974782e+00  4.727921625185858e-02 -1.577915719974782e+00  1.719287420529110e-05 -1.577915719974782e+00  3.801934546720529e-01 -1.577915719974782e+00  2.547175778651654e-01 -1.577915719974782e+00  2.590320584125895e-03 
-1.573915719974782e+00  1.705507819185017e+00 -1.573915719974782e+00  1.057555700892255e+00 -1.573915719974782e+00  1.263350526011375e+00 -1.573915719974782e+00  4.754817492334357e-02 -1.573915719974782e+00  1.782854253110249e-05 -1.573915719974782e+00  3.810189779609809e-01 -1.573915719974782e+00  2.546440628381623e-01 -1.573915719974782e+00  2.589455231236441e-03 
-1.569915719974782e+00  1.705342798923852e+00 -1.569915719974782e+00  1.057778289086738e+00 -1.569915719974782e+00  1.263648099858889e+00 -1.569915719974782e+00  4.782283877936437e-02 -1.569915719974782e+00  1.848347402628279e-05 -1.569915719974782e+00  3.818478704512440e-01 -1.569915719974782e+00  2.545699778945460e-01 -1.569915719974782e+00  2.588571811507319e-03 
-1.565915719974782e+00  1.705172835840223e+00 -1.565915719974782e+00  1.058005510598214e+00 -1.565915719974782e+00  1.263936072288765e+00 -1.565915719974782e+00  4.810319937013615e-02 -1.565915719974782e+00  1.915802261422725e-05 -1.565915719974782e+00  3.826801845175926e-01 -1.565915719974782e+00  2.544953089898960e-01 -1.565915719974782e+00  2.587670002826163e-03 
-1.561915719974782e+00  1.704997842043741e+00 -1.561915719974782e+00  1.058237445512630e+00 -1.561915719974782e+00  1.264214267114973e+00 -1.561915719974782e+00  4.838924295525605e-02 -1.561915719974782e+00  1.985253711956125e-05 -1.561915719974782e+00  3.835159719735221e-01 -1.561915719974782e+00  2.544200423030612e-01 -1.561915719974782e+00  2.586749487343700e-03 
-1.557915719974782e+00  1.704817731066598e+00 -1.557915719974782e+00  1.058474172516519e+00 -1.557915719974782e+00  1.264482511188804e+00 -1.557915719974782e+00  4.868095052319555e-02 -1.557915719974782e+00  2.056736072132311e-05 -1.557915719974782e+00  3.843552838618776e-01 -1.557915719974782e+00  2.543441642908614e-01 -1.557915719974782e+00  2.585809952764673e-03 
-1.553915719974782e+00  1.704632418010291e+00 -1.553915719974782e+00  1.058715768810092e+00 -1.553915719974782e+00  1.264740634673492e+00 -1.553915719974782e+00  4.897829781034058e-02 -1.553915719974782e+00  2.130283037062370e-05 -1.553915719974782e+00  3.851981703944883e-01 -1.553915719974782e+00  2.542676617006837e-01 -1.553915719974782e+00  2.584851092692809e-03 
-1.549915719974782e+00  1.704441819693460e+00 -1.549915719974782e+00  1.058962310077096e+00 -1.549915719974782e+00  1.264988471300448e+00 -1.549915719974782e+00  4.928125533182740e-02 -1.549915719974782e+00  2.205927620393773e-05 -1.549915719974782e+00  3.860446809273737e-01 -1.549915719974782e+00  2.541905215730853e-01 -1.549915719974782e+00  2.583872606750518e-03 
-1.545915719974782e+00  1.704245854789394e+00 -1.545915719974782e+00  1.059213870298564e+00 -1.545915719974782e+00  1.265225858663014e+00 -1.545915719974782e+00  4.958978844101181e-02 -1.545915719974782e+00  2.283702099735515e-05 -1.545915719974782e+00  3.868948638376141e-01 -1.545915719974782e+00  2.541127312716956e-01 -1.545915719974782e+00  2.582874201317962e-03 
-1.541915719974782e+00  1.704044443961603e+00 -1.541915719974782e+00  1.059470521605325e+00 -1.541915719974782e+00  1.265452638492721e+00 -1.541915719974782e+00  4.990385740264719e-02 -1.541915719974782e+00  2.363637962851905e-05 -1.541915719974782e+00  3.877487664241719e-01 -1.541915719974782e+00  2.540342785061975e-01 -1.541915719974782e+00  2.581855590118530e-03 
-1.537915719974782e+00  1.703837509996488e+00 -1.537915719974782e+00  1.059732334158197e+00 -1.537915719974782e+00  1.265668656920554e+00 -1.537915719974782e+00  5.022341748003671e-02 -1.537915719974782e+00  2.445765855010419e-05 -1.537915719974782e+00  3.886064348258701e-01 -1.537915719974782e+00  2.539551513503542e-01 -1.537915719974782e+00  2.580816494694274e-03 
-1.533915719974782e+00  1.703624977932189e+00 -1.533915719974782e+00  1.059999376047090e+00 -1.533915719974782e+00  1.265873764724752e+00 -1.533915719974782e+00  5.054841903622176e-02 -1.533915719974782e+00  2.530115527842865e-05 -1.533915719974782e+00  3.894679139510634e-01 -1.533915719974782e+00  2.538753382566708e-01 -1.533915719974782e+00  2.579756644806387e-03 
-1.529915719974782e+00  1.703406775181581e+00 -1.529915719974782e+00  1.060271713182541e+00 -1.529915719974782e+00  1.266067817571101e+00 -1.529915719974782e+00  5.087880765086092e-02 -1.529915719974782e+00  2.616715790530080e-05 -1.529915719974782e+00  3.903332474023247e-01 -1.529915719974782e+00  2.537948280723193e-01 -1.529915719974782e+00  2.578675778865686e-03 
-1.525915719974782e+00  1.703182831649874e+00 -1.525915719974782e+00  1.060549409199242e+00 -1.525915719974782e+00  1.266250676239595e+00 -1.525915719974782e+00  5.121452425055530e-02 -1.525915719974782e+00  2.705594463129322e-05 -1.525915719974782e+00  3.912024774085449e-01 -1.525915719974782e+00  2.537136100529161e-01 -1.525915719974782e+00  2.577573644315434e-03 
-1.521915719974782e+00  1.702953079845728e+00 -1.521915719974782e+00  1.060832525361977e+00 -1.521915719974782e+00  1.266422206839072e+00 -1.521915719974782e+00  5.155550525270843e-02 -1.521915719974782e+00  2.796778332474335e-05 -1.521915719974782e+00  3.920756447583666e-01 -1.521915719974782e+00  2.536316738758497e-01 -1.521915719974782e+00  2.576449998004764e-03 
-1.517915719974782e+00  1.702717454977301e+00 -1.517915719974782e+00  1.061121120347681e+00 -1.517915719974782e+00  1.266582281039320e+00 -1.517915719974782e+00  5.190168273376947e-02 -1.517915719974782e+00  2.890293114053310e-05 -1.517915719974782e+00  3.929527886550411e-01 -1.517915719974782e+00  2.535490096750756e-01 -1.517915719974782e+00  2.575304607053546e-03 
-1.513915719974782e+00  1.702475895061699e+00 -1.513915719974782e+00  1.061415250369365e+00 -1.513915719974782e+00  1.266730776206075e+00 -1.513915719974782e+00  5.225298457872022e-02 -1.513915719974782e+00  2.986163408572483e-05 -1.513915719974782e+00  3.938339467874482e-01 -1.513915719974782e+00  2.534656080164608e-01 -1.513915719974782e+00  2.574137248360659e-03 
-1.509915719974782e+00  1.702228341003547e+00 -1.509915719974782e+00  1.061714968930384e+00 -1.509915719974782e+00  1.266867575612894e+00 -1.509915719974782e+00  5.260933467512823e-02 -1.509915719974782e+00  3.084412670769537e-05 -1.509915719974782e+00  3.947191551671393e-01 -1.509915719974782e+00  2.533814599373824e-01 -1.509915719974782e+00  2.572947709579167e-03 
-1.505915719974782e+00  1.701974736681324e+00 -1.505915719974782e+00  1.062020326839900e+00 -1.505915719974782e+00  1.266992568574666e+00 -1.505915719974782e+00  5.297065309369540e-02 -1.505915719974782e+00  3.185063175148386e-05 -1.505915719974782e+00  3.956084481306219e-01 -1.505915719974782e+00  2.532965569409271e-01 -1.505915719974782e+00  2.571735789054988e-03 
-1.501915719974782e+00  1.701715029014836e+00 -1.501915719974782e+00  1.062331372073378e+00 -1.501915719974782e+00  1.267105650603050e+00 -1.501915719974782e+00  5.333685629241287e-02 -1.501915719974782e+00  3.288135989199906e-05 -1.501915719974782e+00  3.965018582433636e-01 -1.501915719974782e+00  2.532108910169942e-01 -1.501915719974782e+00  2.570501296380575e-03 
-1.497915719974782e+00  1.701449168034905e+00 -1.497915719974782e+00  1.062648149801703e+00 -1.497915719974782e+00  1.267206723506937e+00 -1.497915719974782e+00  5.370785731285952e-02 -1.497915719974782e+00  3.393650945741712e-05 -1.497915719974782e+00  3.973994163107576e-01 -1.497915719974782e+00  2.531244546341909e-01 -1.497915719974782e+00  2.569244052279358e-03 
-1.493915719974782e+00  1.701177106930545e+00 -1.493915719974782e+00  1.062970702228734e+00 -1.493915719974782e+00  1.267295695521175e+00 -1.493915719974782e+00  5.408356600201542e-02 -1.493915719974782e+00  3.501626624192761e-05 -1.493915719974782e+00  3.983011512674330e-01 -1.493915719974782e+00  2.530372407649146e-01 -1.493915719974782e+00  2.567963889250432e-03 
-1.489915719974782e+00  1.700898802103849e+00 -1.489915719974782e+00  1.063299068672902e+00 -1.489915719974782e+00  1.267372481363584e+00 -1.489915719974782e+00  5.446388921625347e-02 -1.489915719974782e+00  3.612080328790544e-05 -1.489915719974782e+00  3.992070902216233e-01 -1.489915719974782e+00  2.529492428682617e-01 -1.489915719974782e+00  2.566660651244756e-03 
-1.485915719974782e+00  1.700614213201175e+00 -1.485915719974782e+00  1.063633285448525e+00 -1.485915719974782e+00  1.267437002321322e+00 -1.485915719974782e+00  5.484873104976072e-02 -1.485915719974782e+00  3.725028076209740e-05 -1.485915719974782e+00  4.001172583723055e-01 -1.485915719974782e+00  2.528604549076144e-01 -1.485915719974782e+00  2.565334194136147e-03 
-1.481915719974782e+00  1.700323303145196e+00 -1.481915719974782e+00  1.063973385891061e+00 -1.481915719974782e+00  1.267489186288763e+00 -1.481915719974782e+00  5.523799305246011e-02 -1.481915719974782e+00  3.840484582842061e-05 -1.481915719974782e+00  4.010316790179296e-01 -1.481915719974782e+00  2.527708713434149e-01 -1.481915719974782e+00  2.563984385621068e-03 
-1.477915719974782e+00  1.700026038149003e+00 -1.477915719974782e+00  1.064319400271016e+00 -1.477915719974782e+00  1.267528967813489e+00 -1.477915719974782e+00  5.563157446186916e-02 -1.477915719974782e+00  3.958463259195404e-05 -1.477915719974782e+00  4.019503734943315e-01 -1.477915719974782e+00  2.526804871452080e-01 -1.477915719974782e+00  2.562611105560364e-03 
-1.473915719974782e+00  1.699722387735912e+00 -1.473915719974782e+00  1.064671355901667e+00 -1.473915719974782e+00  1.267556288085099e+00 -1.473915719974782e+00  5.602937241658211e-02 -1.473915719974782e+00  4.078976202033738e-05 -1.473915719974782e+00  4.028733612362650e-01 -1.473915719974782e+00  2.525892977703695e-01 -1.473915719974782e+00  2.561214245551658e-03 
-1.469915719974782e+00  1.699412324729904e+00 -1.469915719974782e+00  1.065029276991903e+00 -1.469915719974782e+00  1.267571094962210e+00 -1.469915719974782e+00  5.643128219668202e-02 -1.469915719974782e+00  4.202034198165188e-05 -1.469915719974782e+00  4.038006596765761e-01 -1.469915719974782e+00  2.524972991867999e-01 -1.469915719974782e+00  2.559793709513427e-03 
-1.465915719974782e+00  1.699095825258453e+00 -1.465915719974782e+00  1.065393184768789e+00 -1.465915719974782e+00  1.267573342927599e+00 -1.465915719974782e+00  5.683719743564990e-02 -1.465915719974782e+00  4.327646723321742e-05 -1.465915719974782e+00  4.047322843175355e-01 -1.465915719974782e+00  2.524044878492874e-01 -1.465915719974782e+00  2.558349413198590e-03 
-1.461915719974782e+00  1.698772868731892e+00 -1.461915719974782e+00  1.065763097418029e+00 -1.461915719974782e+00  1.267562993066392e+00 -1.461915719974782e+00  5.724701034988746e-02 -1.461915719974782e+00  4.455821950343573e-05 -1.461915719974782e+00  4.056682486861592e-01 -1.461915719974782e+00  2.523108607072891e-01 -1.461915719974782e+00  2.556881284430765e-03 
-1.457915719974782e+00  1.698443437830085e+00 -1.457915719974782e+00  1.066139030211648e+00 -1.457915719974782e+00  1.267540012992453e+00 -1.457915719974782e+00  5.766061194584829e-02 -1.457915719974782e+00  4.586566754467069e-05 -1.457915719974782e+00  4.066085644093353e-01 -1.457915719974782e+00  2.522164151806733e-01 -1.457915719974782e+00  2.555389262597528e-03 
-1.453915719974782e+00  1.698107518456681e+00 -1.453915719974782e+00  1.066520995355636e+00 -1.453915719974782e+00  1.267504376816114e+00 -1.453915719974782e+00  5.807789225436825e-02 -1.453915719974782e+00  4.719886731478362e-05 -1.453915719974782e+00  4.075532411101048e-01 -1.453915719974782e+00  2.521211491836002e-01 -1.453915719974782e+00  2.553873299255097e-03 
-1.449915719974782e+00  1.697765099718284e+00 -1.449915719974782e+00  1.066909002213217e+00 -1.449915719974782e+00  1.267456065025431e+00 -1.449915719974782e+00  5.849874052014137e-02 -1.449915719974782e+00  4.855786205978345e-05 -1.449915719974782e+00  4.085022865443896e-01 -1.449915719974782e+00  2.520250610841063e-01 -1.449915719974782e+00  2.552333357242218e-03 
-1.445915719974782e+00  1.697416173872767e+00 -1.445915719974782e+00  1.067303057257632e+00 -1.445915719974782e+00  1.267395064408180e+00 -1.445915719974782e+00  5.892304541586090e-02 -1.445915719974782e+00  4.994268251893438e-05 -1.445915719974782e+00  4.094557065649804e-01 -1.445915719974782e+00  2.519281497101944e-01 -1.445915719974782e+00  2.550769410867539e-03 
-1.441915719974782e+00  1.697060736268936e+00 -1.441915719974782e+00  1.067703164017123e+00 -1.441915719974782e+00  1.267321367961815e+00 -1.441915719974782e+00  5.935069525236412e-02 -1.441915719974782e+00  5.135334716417284e-05 -1.441915719974782e+00  4.104135050805706e-01 -1.441915719974782e+00  2.518304143573040e-01 -1.441915719974782e+00  2.549181446128010e-03 
-1.437915719974782e+00  1.696698785313355e+00 -1.437915719974782e+00  1.068109323376821e+00 -1.437915719974782e+00  1.267234974727919e+00 -1.437915719974782e+00  5.978157814255863e-02 -1.437915719974782e+00  5.278986233180537e-05 -1.437915719974782e+00  4.113756842438854e-01 -1.437915719974782e+00  2.517318547349083e-01 -1.437915719974782e+00  2.547569459510642e-03 
-1.433915719974782e+00  1.696330322388900e+00 -1.433915719974782e+00  1.068521533428611e+00 -1.433915719974782e+00  1.267135889699436e+00 -1.433915719974782e+00  6.021558220955675e-02 -1.433915719974782e+00  5.425222254565463e-05 -1.433915719974782e+00  4.123422443503572e-01 -1.433915719974782e+00  2.516324709905259e-01 -1.433915719974782e+00  2.545933458588488e-03 
-1.429915719974782e+00  1.695955351795324e+00 -1.429915719974782e+00  1.068939789615829e+00 -1.429915719974782e+00  1.267024123664806e+00 -1.429915719974782e+00  6.065259575473324e-02 -1.429915719974782e+00  5.574041075298376e-05 -1.429915719974782e+00  4.133131839260493e-01 -1.429915719974782e+00  2.515322636834470e-01 -1.429915719974782e+00  2.544273461446249e-03 
-1.425915719974782e+00  1.695573880667951e+00 -1.425915719974782e+00  1.069364084705950e+00 -1.425915719974782e+00  1.266899693073832e+00 -1.425915719974782e+00  6.109250743803168e-02 -1.425915719974782e+00  5.725439864712515e-05 -1.425915719974782e+00  4.142884997054372e-01 -1.425915719974782e+00  2.514312337879497e-01 -1.425915719974782e+00  2.542589496788742e-03 
-1.421915719974782e+00  1.695185918922655e+00 -1.421915719974782e+00  1.069794409068539e+00 -1.421915719974782e+00  1.266762619844757e+00 -1.421915719974782e+00  6.153520641516923e-02 -1.421915719974782e+00  5.879414688584573e-05 -1.421915719974782e+00  4.152681868057292e-01 -1.421915719974782e+00  2.513293826446256e-01 -1.421915719974782e+00  2.540881602837754e-03 
-1.417915719974782e+00  1.694791479148201e+00 -1.417915719974782e+00  1.070230750474867e+00 -1.417915719974782e+00  1.266612931244749e+00 -1.417915719974782e+00  6.198058252237565e-02 -1.417915719974782e+00  6.035960551858641e-05 -1.417915719974782e+00  4.162522385939139e-01 -1.417915719974782e+00  2.512267119933267e-01 -1.417915719974782e+00  2.539149828127298e-03 
-1.413915719974782e+00  1.694390576550754e+00 -1.413915719974782e+00  1.070673094441212e+00 -1.413915719974782e+00  1.266450659674685e+00 -1.413915719974782e+00  6.242852638955521e-02 -1.413915719974782e+00  6.195071420669166e-05 -1.413915719974782e+00  4.172406469038028e-01 -1.413915719974782e+00  2.511232239136552e-01 -1.413915719974782e+00  2.537394230141132e-03 
-1.409915719974782e+00  1.693983228843699e+00 -1.409915719974782e+00  1.071121424075888e+00 -1.409915719974782e+00  1.266275842529753e+00 -1.409915719974782e+00  6.287892960323160e-02 -1.409915719974782e+00  6.356740266064857e-05 -1.409915719974782e+00  4.182334019340217e-01 -1.409915719974782e+00  2.510189208500439e-01 -1.409915719974782e+00  2.535614875919866e-03 
-1.405915719974782e+00  1.693569456181178e+00 -1.405915719974782e+00  1.071575720364077e+00 -1.405915719974782e+00  1.266088521986188e+00 -1.405915719974782e+00  6.333168480938879e-02 -1.405915719974782e+00  6.520959090387667e-05 -1.405915719974782e+00  4.192304924281876e-01 -1.405915719974782e+00  2.509138055625036e-01 -1.405915719974782e+00  2.533811840930494e-03 
-1.401915719974782e+00  1.693149281048448e+00 -1.401915719974782e+00  1.072035962071201e+00 -1.401915719974782e+00  1.265888744844205e+00 -1.401915719974782e+00  6.378668585306616e-02 -1.401915719974782e+00  6.687718970782210e-05 -1.401915719974782e+00  4.202319056096426e-01 -1.401915719974782e+00  2.508078811423280e-01 -1.401915719974782e+00  2.531985209449929e-03 
-1.397915719974782e+00  1.692722728183339e+00 -1.397915719974782e+00  1.072502125947964e+00 -1.397915719974782e+00  1.265676562321915e+00 -1.397915719974782e+00  6.424382787350770e-02 -1.397915719974782e+00  6.857010090368951e-05 -1.397915719974782e+00  4.212376273108728e-01 -1.397915719974782e+00  2.507011509766677e-01 -1.397915719974782e+00  2.530135073751185e-03 
-1.393915719974782e+00  1.692289824482561e+00 -1.393915719974782e+00  1.072974186805741e+00 -1.393915719974782e+00  1.265452029867804e+00 -1.393915719974782e+00  6.470300740623489e-02 -1.393915719974782e+00  7.028821775423829e-05 -1.393915719974782e+00  4.222476420197515e-01 -1.393915719974782e+00  2.505936187352688e-01 -1.393915719974782e+00  2.528261533804212e-03 
-1.389915719974782e+00  1.691850598893103e+00 -1.389915719974782e+00  1.073452117473549e+00 -1.389915719974782e+00  1.265215206987964e+00 -1.389915719974782e+00  6.516412249125837e-02 -1.389915719974782e+00  7.203142538481948e-05 -1.389915719974782e+00  4.232619328494419e-01 -1.389915719974782e+00  2.504852883773563e-01 -1.389915719974782e+00  2.526364697446636e-03 
-1.385915719974782e+00  1.691405082342565e+00 -1.385915719974782e+00  1.073935889094710e+00 -1.385915719974782e+00  1.264966157025344e+00 -1.385915719974782e+00  6.562707273173118e-02 -1.385915719974782e+00  7.379960105983800e-05 -1.385915719974782e+00  4.242804817280695e-01 -1.385915719974782e+00  2.503761641010899e-01 -1.385915719974782e+00  2.524444679206328e-03 
-1.381915719974782e+00  1.690953307621430e+00 -1.381915719974782e+00  1.074425471011085e+00 -1.381915719974782e+00  1.264704946996564e+00 -1.381915719974782e+00  6.609175939471909e-02 -1.381915719974782e+00  7.559261464996293e-05 -1.381915719974782e+00  4.253032693221913e-01 -1.381915719974782e+00  2.502662503629846e-01 -1.381915719974782e+00  2.522501600760930e-03 
-1.377915719974782e+00  1.690495309314047e+00 -1.377915719974782e+00  1.074920831056965e+00 -1.377915719974782e+00  1.264431647373971e+00 -1.377915719974782e+00  6.655808545399203e-02 -1.377915719974782e+00  7.741032890607736e-05 -1.377915719974782e+00  4.263302752253650e-01 -1.377915719974782e+00  2.501555518280938e-01 -1.377915719974782e+00  2.520535589771412e-03 
-1.373915719974782e+00  1.690031123672979e+00 -1.373915719974782e+00  1.075421935377881e+00 -1.373915719974782e+00  1.264146331931311e+00 -1.373915719974782e+00  6.702595568350761e-02 -1.373915719974782e+00  7.925259995788066e-05 -1.373915719974782e+00  4.273614778396222e-01 -1.373915719974782e+00  2.500440734006415e-01 -1.373915719974782e+00  2.518546780601154e-03 
-1.369915719974782e+00  1.689560788560200e+00 -1.369915719974782e+00  1.075928748791588e+00 -1.369915719974782e+00  1.263849077521299e+00 -1.369915719974782e+00  6.749527667666114e-02 -1.369915719974782e+00  8.111927754733926e-05 -1.369915719974782e+00  4.283968546081118e-01 -1.369915719974782e+00  2.499318201630903e-01 -1.369915719974782e+00  2.516535312883294e-03 
-1.365915719974782e+00  1.689084343333652e+00 -1.365915719974782e+00  1.076441234692210e+00 -1.365915719974782e+00  1.263539963913914e+00 -1.365915719974782e+00  6.796595691470224e-02 -1.365915719974782e+00  8.301020547882888e-05 -1.365915719974782e+00  4.294363819522469e-01 -1.365915719974782e+00  2.498187973925228e-01 -1.365915719974782e+00  2.514501331901176e-03 
-1.361915719974782e+00  1.688601828762099e+00 -1.361915719974782e+00  1.076959355174683e+00 -1.361915719974782e+00  1.263219073609050e+00 -1.361915719974782e+00  6.843790680106758e-02 -1.361915719974782e+00  8.492522195711026e-05 -1.361915719974782e+00  4.304800353516818e-01 -1.361915719974782e+00  2.497050105398605e-01 -1.361915719974782e+00  2.512444988094366e-03 
-1.357915719974782e+00  1.688113286938237e+00 -1.357915719974782e+00  1.077483071130277e+00 -1.357915719974782e+00  1.262886491656234e+00 -1.357915719974782e+00  6.891103869263196e-02 -1.357915719974782e+00  8.686415993214815e-05 -1.357915719974782e+00  4.315277894058347e-01 -1.357915719974782e+00  2.495904652140731e-01 -1.357915719974782e+00  2.510366436679688e-03 
-1.353915719974782e+00  1.687618761201993e+00 -1.353915719974782e+00  1.078012342403351e+00 -1.353915719974782e+00  1.262542305471504e+00 -1.353915719974782e+00  6.938526691687827e-02 -1.353915719974782e+00  8.882684740349893e-05 -1.353915719974782e+00  4.325796179354325e-01 -1.353915719974782e+00  2.494751671561484e-01 -1.353915719974782e+00  2.508265837028945e-03 
-1.349915719974782e+00  1.687118296028704e+00 -1.349915719974782e+00  1.078547127666353e+00 -1.349915719974782e+00  1.262186604688792e+00 -1.349915719974782e+00  6.986050781843188e-02 -1.349915719974782e+00  9.081310786412289e-05 -1.349915719974782e+00  4.336354939012869e-01 -1.349915719974782e+00  2.493591222606105e-01 -1.349915719974782e+00  2.506143353165067e-03 
-1.345915719974782e+00  1.686611936969248e+00 -1.345915719974782e+00  1.079087384674106e+00 -1.345915719974782e+00  1.261819480973253e+00 -1.345915719974782e+00  7.033667975229524e-02 -1.345915719974782e+00  9.282276053798871e-05 -1.345915719974782e+00  4.346953895695289e-01 -1.345915719974782e+00  2.492423365331904e-01 -1.345915719974782e+00  2.503999152752989e-03 
-1.341915719974782e+00  1.686099730570907e+00 -1.341915719974782e+00  1.079633070348514e+00 -1.341915719974782e+00  1.261441027858749e+00 -1.341915719974782e+00  7.081370309282420e-02 -1.341915719974782e+00  9.485562069414261e-05 -1.341915719974782e+00  4.357592765670291e-01 -1.341915719974782e+00  2.491248160771571e-01 -1.341915719974782e+00  2.501833406763276e-03 
-1.337915719974782e+00  1.685581724269827e+00 -1.337915719974782e+00  1.080184140641177e+00 -1.337915719974782e+00  1.261051340611088e+00 -1.337915719974782e+00  7.129150026577732e-02 -1.337915719974782e+00  9.691150007347076e-05 -1.337915719974782e+00  4.368271257924831e-01 -1.337915719974782e+00  2.490065671170581e-01 -1.337915719974782e+00  2.499646290017555e-03 
-1.333915719974782e+00  1.685057966353855e+00 -1.333915719974782e+00  1.080740550890255e+00 -1.333915719974782e+00  1.260650516046577e+00 -1.333915719974782e+00  7.176999571303939e-02 -1.333915719974782e+00  9.899020703627143e-05 -1.333915719974782e+00  4.378989076491139e-01 -1.333915719974782e+00  2.488875959393616e-01 -1.333915719974782e+00  2.497437979772051e-03 
-1.329915719974782e+00  1.684528505855826e+00 -1.329915719974782e+00  1.081302255652042e+00 -1.329915719974782e+00  1.260238652407311e+00 -1.329915719974782e+00  7.224911591931531e-02 -1.329915719974782e+00  1.010915469856930e-04 -1.329915719974782e+00  4.389745919358542e-01 -1.329915719974782e+00  2.487679089215105e-01 -1.329915719974782e+00  2.495208656386175e-03 
-1.325915719974782e+00  1.683993392502769e+00 -1.325915719974782e+00  1.081869208916493e+00 -1.325915719974782e+00  1.259815849204011e+00 -1.325915719974782e+00  7.272878938599249e-02 -1.325915719974782e+00  1.032153225693702e-04 -1.325915719974782e+00  4.400541479884927e-01 -1.325915719974782e+00  2.486475124964513e-01 -1.325915719974782e+00  2.492958502466983e-03 
-1.321915719974782e+00  1.683452676635932e+00 -1.321915719974782e+00  1.082441364093567e+00 -1.321915719974782e+00  1.259382207085546e+00 -1.321915719974782e+00  7.320894663015948e-02 -1.321915719974782e+00  1.053613339968311e-04 -1.321915719974782e+00  4.411375446717969e-01 -1.321915719974782e+00  2.485264131557373e-01 -1.321915719974782e+00  2.490687702923491e-03 
-1.317915719974782e+00  1.682906409141162e+00 -1.317915719974782e+00  1.083018674055421e+00 -1.317915719974782e+00  1.258937827707621e+00 -1.317915719974782e+00  7.368952017294220e-02 -1.317915719974782e+00  1.075293793157725e-04 -1.317915719974782e+00  4.422247504080579e-01 -1.317915719974782e+00  2.484046174432610e-01 -1.317915719974782e+00  2.488396444799144e-03 
-1.313915719974782e+00  1.682354641400805e+00 -1.313915719974782e+00  1.083601091305006e+00 -1.313915719974782e+00  1.258482813596335e+00 -1.313915719974782e+00  7.417044450835289e-02 -1.313915719974782e+00  1.097192546029943e-04 -1.313915719974782e+00  4.433157332882376e-01 -1.313915719974782e+00  2.482821319278273e-01 -1.313915719974782e+00  2.486084916602753e-03 
-1.309915719974782e+00  1.681797425215202e+00 -1.309915719974782e+00  1.084188567916460e+00 -1.309915719974782e+00  1.258017268035758e+00 -1.309915719974782e+00  7.465165609816120e-02 -1.309915719974782e+00  1.119307542759470e-04 -1.309915719974782e+00  4.444104610343982e-01 -1.309915719974782e+00  2.481589632140400e-01 -1.309915719974782e+00  2.483753308544975e-03 
-1.305915719974782e+00  1.681234812751723e+00 -1.305915719974782e+00  1.084781055644855e+00 -1.305915719974782e+00  1.257541294946344e+00 -1.305915719974782e+00  7.513309334234820e-02 -1.305915719974782e+00  1.141636712950259e-04 -1.305915719974782e+00  4.455089010726774e-01 -1.305915719974782e+00  2.480351179248032e-01 -1.305915719974782e+00  2.481401812102827e-03 
-1.301915719974782e+00  1.680666856487196e+00 -1.301915719974782e+00  1.085378505970830e+00 -1.301915719974782e+00  1.257054998773784e+00 -1.301915719974782e+00  7.561469655528677e-02 -1.301915719974782e+00  1.164177973920393e-04 -1.301915719974782e+00  4.466110205638947e-01 -1.301915719974782e+00  2.479106026947666e-01 -1.301915719974782e+00  2.479030619842483e-03 
-1.297915719974782e+00  1.680093609155235e+00 -1.297915719974782e+00  1.085980870158799e+00 -1.297915719974782e+00  1.256558484381808e+00 -1.297915719974782e+00  7.609640793785338e-02 -1.297915719974782e+00  1.186929232792928e-04 -1.297915719974782e+00  4.477167864431236e-01 -1.297915719974782e+00  2.477854241615213e-01 -1.297915719974782e+00  2.476639925188318e-03 
-1.293915719974782e+00  1.679515123686776e+00 -1.293915719974782e+00  1.086588099253128e+00 -1.293915719974782e+00  1.256051856953963e+00 -1.293915719974782e+00  7.657817155536736e-02 -1.293915719974782e+00  1.209888388855479e-04 -1.293915719974782e+00  4.488261654187614e-01 -1.293915719974782e+00  2.476595889671888e-01 -1.293915719974782e+00  2.474229922438011e-03 
-1.289915719974782e+00  1.678931453173746e+00 -1.289915719974782e+00  1.087200144206222e+00 -1.289915719974782e+00  1.255535221891308e+00 -1.289915719974782e+00  7.705993329674563e-02 -1.289915719974782e+00  1.233053335002523e-04 -1.289915719974782e+00  4.499391240579289e-01 -1.289915719974782e+00  2.475331037379464e-01 -1.289915719974782e+00  2.471800806254267e-03 
-1.285915719974782e+00  1.678342650814609e+00 -1.285915719974782e+00  1.087816955870846e+00 -1.285915719974782e+00  1.255008684724141e+00 -1.285915719974782e+00  7.754164084935226e-02 -1.285915719974782e+00  1.256421959896745e-04 -1.285915719974782e+00  4.510556287831760e-01 -1.285915719974782e+00  2.474059750862879e-01 -1.285915719974782e+00  2.469352771695177e-03 
-1.281915719974782e+00  1.677748769865654e+00 -1.281915719974782e+00  1.088438485014190e+00 -1.281915719974782e+00  1.254472351026334e+00 -1.281915719974782e+00  7.802324366955785e-02 -1.281915719974782e+00  1.279992149901817e-04 -1.281915719974782e+00  4.521756458834141e-01 -1.281915719974782e+00  2.472782096096497e-01 -1.281915719974782e+00  2.466886014158512e-03 
-1.277915719974782e+00  1.677149863605816e+00 -1.277915719974782e+00  1.089064682400688e+00 -1.277915719974782e+00  1.253926326330122e+00 -1.277915719974782e+00  7.850469294319093e-02 -1.277915719974782e+00  1.303761790479195e-04 -1.277915719974782e+00  4.532991415699008e-01 -1.277915719974782e+00  2.471498138775372e-01 -1.277915719974782e+00  2.464400729052988e-03 
-1.273915719974782e+00  1.676545985295687e+00 -1.273915719974782e+00  1.089695498821129e+00 -1.273915719974782e+00  1.253370716048735e+00 -1.273915719974782e+00  7.898594155171100e-02 -1.273915719974782e+00  1.327728767814734e-04 -1.273915719974782e+00  4.544260819971309e-01 -1.273915719974782e+00  2.470207944276425e-01 -1.273915719974782e+00  2.461897111682716e-03 
-1.269915719974782e+00  1.675937188146488e+00 -1.269915719974782e+00  1.090330885167583e+00 -1.269915719974782e+00  1.252805625401014e+00 -1.269915719974782e+00  7.946694403155474e-02 -1.269915719974782e+00  1.351890970050368e-04 -1.269915719974782e+00  4.555564333138177e-01 -1.269915719974782e+00  2.468911577543087e-01 -1.269915719974782e+00  2.459375356949806e-03 
-1.265915719974782e+00  1.675323525268194e+00 -1.265915719974782e+00  1.090970792365623e+00 -1.265915719974782e+00  1.252231159347366e+00 -1.265915719974782e+00  7.994765655088797e-02 -1.265915719974782e+00  1.376246289342606e-04 -1.265915719974782e+00  4.566901616203264e-01 -1.265915719974782e+00  2.467609103208368e-01 -1.265915719974782e+00  2.456835659623425e-03 
-1.261915719974782e+00  1.674705049641672e+00 -1.261915719974782e+00  1.091615171441038e+00 -1.261915719974782e+00  1.251647422522437e+00 -1.261915719974782e+00  8.042803686846166e-02 -1.261915719974782e+00  1.400792622968814e-04 -1.261915719974782e+00  4.578272330142600e-01 -1.261915719974782e+00  2.466300585493079e-01 -1.261915719974782e+00  2.454278214075025e-03 
-1.257915719974782e+00  1.674081814102996e+00 -1.257915719974782e+00  1.092263973643704e+00 -1.257915719974782e+00  1.251054519169914e+00 -1.257915719974782e+00  8.090804428463316e-02 -1.257915719974782e+00  1.425527873949740e-04 -1.257915719974782e+00  4.589676136736529e-01 -1.257915719974782e+00  2.464986088008654e-01 -1.257915719974782e+00  2.451703213786652e-03 
-1.253915719974782e+00  1.673453871292571e+00 -1.253915719974782e+00  1.092917150346069e+00 -1.253915719974782e+00  1.250452553091221e+00 -1.253915719974782e+00  8.138763962072383e-02 -1.253915719974782e+00  1.450449953068539e-04 -1.253915719974782e+00  4.601112697922762e-01 -1.253915719974782e+00  2.463665673936318e-01 -1.253915719974782e+00  2.449110851753869e-03 
-1.249915719974782e+00  1.672821273641510e+00 -1.249915719974782e+00  1.093574653153370e+00 -1.249915719974782e+00  1.249841627588341e+00 -1.249915719974782e+00  8.186678517103546e-02 -1.249915719974782e+00  1.475556779411762e-04 -1.249915719974782e+00  4.612581676539047e-01 -1.249915719974782e+00  2.462339405852592e-01 -1.249915719974782e+00  2.446501320048380e-03 
-1.245915719974782e+00  1.672184073326590e+00 -1.245915719974782e+00  1.094236433814931e+00 -1.245915719974782e+00  1.249221845418131e+00 -1.245915719974782e+00  8.234544467997877e-02 -1.245915719974782e+00  1.500846282157053e-04 -1.245915719974782e+00  4.624082735759432e-01 -1.245915719974782e+00  2.461007345886707e-01 -1.245915719974782e+00  2.443874810169988e-03 
-1.241915719974782e+00  1.671542322279553e+00 -1.241915719974782e+00  1.094902444443021e+00 -1.241915719974782e+00  1.248593308738745e+00 -1.241915719974782e+00  8.282358327993274e-02 -1.241915719974782e+00  1.526316400204099e-04 -1.241915719974782e+00  4.635615540551459e-01 -1.241915719974782e+00  2.459669555364700e-01 -1.241915719974782e+00  2.441231512178029e-03 
-1.237915719974782e+00  1.670896072132565e+00 -1.237915719974782e+00  1.095572637345892e+00 -1.237915719974782e+00  1.247956119073371e+00 -1.237915719974782e+00  8.330116747819345e-02 -1.237915719974782e+00  1.551965084339331e-04 -1.237915719974782e+00  4.647179756598286e-01 -1.237915719974782e+00  2.458326095097227e-01 -1.237915719974782e+00  2.438571615354056e-03 
-1.233915719974782e+00  1.670245374211995e+00 -1.233915719974782e+00  1.096246965133538e+00 -1.233915719974782e+00  1.247310377267129e+00 -1.233915719974782e+00  8.377816510923501e-02 -1.233915719974782e+00  1.577790297483040e-04 -1.233915719974782e+00  4.658775051012616e-01 -1.233915719974782e+00  2.456977025212067e-01 -1.233915719974782e+00  2.435895307781992e-03 
-1.229915719974782e+00  1.669590279510647e+00 -1.229915719974782e+00  1.096925380687944e+00 -1.229915719974782e+00  1.246656183451524e+00 -1.229915719974782e+00  8.425454530432989e-02 -1.229915719974782e+00  1.603790015791438e-04 -1.229915719974782e+00  4.670401092159850e-01 -1.229915719974782e+00  2.455622405212679e-01 -1.229915719974782e+00  2.433202776466302e-03 
-1.225915719974782e+00  1.668930838688710e+00 -1.225915719974782e+00  1.097607837287102e+00 -1.225915719974782e+00  1.245993637007672e+00 -1.225915719974782e+00  8.473027844185310e-02 -1.225915719974782e+00  1.629962228618961e-04 -1.225915719974782e+00  4.682057550492986e-01 -1.225915719974782e+00  2.454262293780115e-01 -1.225915719974782e+00  2.430494206839734e-03 
-1.221915719974782e+00  1.668267102033802e+00 -1.221915719974782e+00  1.098294288487280e+00 -1.221915719974782e+00  1.245322836538610e+00 -1.221915719974782e+00  8.520533612848308e-02 -1.221915719974782e+00  1.656304940104182e-04 -1.221915719974782e+00  4.693744097796437e-01 -1.221915719974782e+00  2.452896748977930e-01 -1.221915719974782e+00  2.427769783230629e-03 
-1.217915719974782e+00  1.667599119459919e+00 -1.217915719974782e+00  1.098984688217726e+00 -1.217915719974782e+00  1.244643879838632e+00 -1.217915719974782e+00  8.567969115377527e-02 -1.217915719974782e+00  1.682816169212005e-04 -1.217915719974782e+00  4.705460407827765e-01 -1.217915719974782e+00  2.451525828102657e-01 -1.217915719974782e+00  2.425029688486996e-03 
-1.213915719974782e+00  1.666926940480594e+00 -1.213915719974782e+00  1.099678990721991e+00 -1.213915719974782e+00  1.243956863868610e+00 -1.213915719974782e+00  8.615331746447875e-02 -1.213915719974782e+00  1.709493950798199e-04 -1.213915719974782e+00  4.717206155949270e-01 -1.213915719974782e+00  2.450149587789854e-01 -1.213915719974782e+00  2.422274104209441e-03 
-1.209915719974782e+00  1.666250614217600e+00 -1.209915719974782e+00  1.100377150688814e+00 -1.209915719974782e+00  1.243261884730180e+00 -1.209915719974782e+00  8.662619011534507e-02 -1.209915719974782e+00  1.736336335265083e-04 -1.209915719974782e+00  4.728981020008327e-01 -1.209915719974782e+00  2.448768083804039e-01 -1.209915719974782e+00  2.419503210231703e-03 
-1.205915719974782e+00  1.665570189374055e+00 -1.205915719974782e+00  1.101079123177574e+00 -1.205915719974782e+00  1.242559037646106e+00 -1.205915719974782e+00  8.709828524628568e-02 -1.205915719974782e+00  1.763341389628039e-04 -1.205915719974782e+00  4.740784679864136e-01 -1.205915719974782e+00  2.447381371170786e-01 -1.205915719974782e+00  2.416717184916443e-03 
-1.201915719974782e+00  1.664885714213594e+00 -1.201915719974782e+00  1.101784863572551e+00 -1.201915719974782e+00  1.241848416941446e+00 -1.201915719974782e+00  8.756958005628916e-02 -1.201915719974782e+00  1.790507198343093e-04 -1.201915719974782e+00  4.752616817103198e-01 -1.201915719974782e+00  2.445989504260636e-01 -1.201915719974782e+00  2.413916205336893e-03 
-1.197915719974782e+00  1.664197236571328e+00 -1.197915719974782e+00  1.102494327703945e+00 -1.197915719974782e+00  1.241130116024801e+00 -1.197915719974782e+00  8.804005275691212e-02 -1.197915719974782e+00  1.817831862871516e-04 -1.197915719974782e+00  4.764477115854431e-01 -1.197915719974782e+00  2.444592536594945e-01 -1.197915719974782e+00  2.411100446796480e-03 
-1.193915719974782e+00  1.663504803851712e+00 -1.193915719974782e+00  1.103207471888442e+00 -1.193915719974782e+00  1.240404227373362e+00 -1.193915719974782e+00  8.850968253646449e-02 -1.193915719974782e+00  1.845313501764867e-04 -1.193915719974782e+00  4.776365263074190e-01 -1.193915719974782e+00  2.443190520785668e-01 -1.193915719974782e+00  2.408270082667834e-03 
-1.189915719974782e+00  1.662808462979624e+00 -1.189915719974782e+00  1.103924252714129e+00 -1.189915719974782e+00  1.239670842521046e+00 -1.189915719974782e+00  8.897844955667462e-02 -1.189915719974782e+00  1.872950252606299e-04 -1.189915719974782e+00  4.788280947143384e-01 -1.189915719974782e+00  2.441783508900748e-01 -1.189915719974782e+00  2.405425285246436e-03 
-1.185915719974782e+00  1.662108260443783e+00 -1.185915719974782e+00  1.104644627315836e+00 -1.185915719974782e+00  1.238930052044970e+00 -1.185915719974782e+00  8.944633488858285e-02 -1.185915719974782e+00  1.900740270287873e-04 -1.185915719974782e+00  4.800223859701014e-01 -1.185915719974782e+00  2.440371552012429e-01 -1.185915719974782e+00  2.402566224657825e-03 
-1.181915719974782e+00  1.661404242257432e+00 -1.181915719974782e+00  1.105368553201069e+00 -1.181915719974782e+00  1.238181945556573e+00 -1.181915719974782e+00  8.991332050520330e-02 -1.181915719974782e+00  1.928681728570724e-04 -1.181915719974782e+00  4.812193694511179e-01 -1.181915719974782e+00  2.438954700493932e-01 -1.181915719974782e+00  2.399693069548471e-03 
-1.177915719974782e+00  1.660696453963928e+00 -1.177915719974782e+00  1.106095988311961e+00 -1.177915719974782e+00  1.237426611692721e+00 -1.177915719974782e+00  9.037938924527371e-02 -1.177915719974782e+00  1.956772819863561e-04 -1.177915719974782e+00  4.824190147887668e-01 -1.177915719974782e+00  2.437533003922816e-01 -1.177915719974782e+00  2.396805986839821e-03 
-1.173915719974782e+00  1.659984940636421e+00 -1.173915719974782e+00  1.106826891050070e+00 -1.173915719974782e+00  1.236664138108784e+00 -1.173915719974782e+00  9.084452478228498e-02 -1.173915719974782e+00  1.985011755235358e-04 -1.173915719974782e+00  4.836212918873233e-01 -1.173915719974782e+00  2.436106511046055e-01 -1.173915719974782e+00  2.393905141629963e-03 
-1.169915719974782e+00  1.659269746860429e+00 -1.169915719974782e+00  1.107561220207619e+00 -1.169915719974782e+00  1.235894611472761e+00 -1.169915719974782e+00  9.130871160570152e-02 -1.169915719974782e+00  2.013396765107027e-04 -1.169915719974782e+00  4.848261708800127e-01 -1.169915719974782e+00  2.434675269900737e-01 -1.169915719974782e+00  2.390990697466486e-03 
-1.165915719974782e+00  1.658550916755000e+00 -1.165915719974782e+00  1.108298935095759e+00 -1.165915719974782e+00  1.235118117461440e+00 -1.165915719974782e+00  9.177193497841241e-02 -1.165915719974782e+00  2.041926098411633e-04 -1.165915719974782e+00  4.860336222152694e-01 -1.165915719974782e+00  2.433239327606428e-01 -1.165915719974782e+00  2.388062815837454e-03 
-1.161915719974782e+00  1.657828493946673e+00 -1.161915719974782e+00  1.109039995423354e+00 -1.161915719974782e+00  1.234334740756735e+00 -1.161915719974782e+00  9.223418092567860e-02 -1.161915719974782e+00  2.070598023627840e-04 -1.161915719974782e+00  4.872436165780493e-01 -1.161915719974782e+00  2.431798730572834e-01 -1.161915719974782e+00  2.385121656652413e-03 
-1.157915719974782e+00  1.657102521572681e+00 -1.157915719974782e+00  1.109784361325007e+00 -1.157915719974782e+00  1.233544565043522e+00 -1.157915719974782e+00  9.269543620618878e-02 -1.157915719974782e+00  2.099410828653131e-04 -1.157915719974782e+00  4.884561249097178e-01 -1.157915719974782e+00  2.430353524458784e-01 -1.157915719974782e+00  2.382167378131276e-03 
-1.153915719974782e+00  1.656373042288035e+00 -1.153915719974782e+00  1.110531993404828e+00 -1.153915719974782e+00  1.232747673009055e+00 -1.153915719974782e+00  9.315568828185650e-02 -1.153915719974782e+00  2.128362820522313e-04 -1.153915719974782e+00  4.896711184383944e-01 -1.153915719974782e+00  2.428903754104725e-01 -1.153915719974782e+00  2.379200136630505e-03 
-1.149915719974782e+00  1.655640098271768e+00 -1.149915719974782e+00  1.111282852771437e+00 -1.149915719974782e+00  1.231944146343727e+00 -1.149915719974782e+00  9.361492528936305e-02 -1.149915719974782e+00  2.157452325160283e-04 -1.149915719974782e+00  4.908885687034760e-01 -1.149915719974782e+00  2.427449463479686e-01 -1.149915719974782e+00  2.376220086504271e-03 
-1.145915719974782e+00  1.654903731205195e+00 -1.145915719974782e+00  1.112036900928760e+00 -1.145915719974782e+00  1.231134065740625e+00 -1.145915719974782e+00  9.407313602997586e-02 -1.145915719974782e+00  2.186677688244422e-04 -1.145915719974782e+00  4.921084474846495e-01 -1.145915719974782e+00  2.425990695868217e-01 -1.145915719974782e+00  2.373227380537795e-03 
-1.141915719974782e+00  1.654163982272839e+00 -1.141915719974782e+00  1.112794099780417e+00 -1.141915719974782e+00  1.230317510896972e+00 -1.141915719974782e+00  9.453030994596673e-02 -1.141915719974782e+00  2.216037275168252e-04 -1.141915719974782e+00  4.933307268060336e-01 -1.141915719974782e+00  2.424527493868022e-01 -1.141915719974782e+00  2.370222169930008e-03 
-1.137915719974782e+00  1.653420892187860e+00 -1.137915719974782e+00  1.113554411753590e+00 -1.137915719974782e+00  1.229494560518869e+00 -1.137915719974782e+00  9.498643708314522e-02 -1.137915719974782e+00  2.245529470032336e-04 -1.137915719974782e+00  4.945553790194472e-01 -1.137915719974782e+00  2.423059899188302e-01 -1.137915719974782e+00  2.367204603801886e-03 
-1.133915719974782e+00  1.652674501177487e+00 -1.133915719974782e+00  1.114317799718925e+00 -1.133915719974782e+00  1.228665292323549e+00 -1.133915719974782e+00  9.544150807890051e-02 -1.133915719974782e+00  2.275152676222165e-04 -1.133915719974782e+00  4.957823767525873e-01 -1.133915719974782e+00  2.421587952787732e-01 -1.133915719974782e+00  2.364174829514353e-03 
-1.129915719974782e+00  1.651924848979211e+00 -1.129915719974782e+00  1.115084226963504e+00 -1.129915719974782e+00  1.227829783042791e+00 -1.129915719974782e+00  9.589551414429553e-02 -1.129915719974782e+00  2.304905316559727e-04 -1.129915719974782e+00  4.970116928922758e-01 -1.129915719974782e+00  2.420111694923866e-01 -1.129915719974782e+00  2.361132992775556e-03 
-1.125915719974782e+00  1.651171974849450e+00 -1.125915719974782e+00  1.115853657223886e+00 -1.125915719974782e+00  1.226988108428248e+00 -1.125915719974782e+00  9.634844703946206e-02 -1.125915719974782e+00  2.334785832959346e-04 -1.125915719974782e+00  4.982433006074823e-01 -1.125915719974782e+00  2.418631165102338e-01 -1.125915719974782e+00  2.358079237509782e-03 
-1.121915719974782e+00  1.650415917560056e+00 -1.121915719974782e+00  1.116626054656789e+00 -1.121915719974782e+00  1.226140343256041e+00 -1.121915719974782e+00  9.680029905712365e-02 -1.121915719974782e+00  2.364792686566626e-04 -1.121915719974782e+00  4.994771733309877e-01 -1.121915719974782e+00  2.417146402129725e-01 -1.121915719974782e+00  2.355013705973732e-03 
-1.117915719974782e+00  1.649656715423782e+00 -1.117915719974782e+00  1.117401383950009e+00 -1.117915719974782e+00  1.225286561335687e+00 -1.117915719974782e+00  9.725106298982145e-02 -1.117915719974782e+00  2.394924356747605e-04 -1.117915719974782e+00  5.007132848340222e-01 -1.117915719974782e+00  2.415657443932545e-01 -1.117915719974782e+00  2.351936538316282e-03 
-1.113915719974782e+00  1.648894406249697e+00 -1.113915719974782e+00  1.118179610089026e+00 -1.113915719974782e+00  1.224426835510135e+00 -1.113915719974782e+00  9.770073213910974e-02 -1.113915719974782e+00  2.425179342858444e-04 -1.113915719974782e+00  5.019516090725108e-01 -1.113915719974782e+00  2.414164327950104e-01 -1.113915719974782e+00  2.348847873504955e-03 
-1.109915719974782e+00  1.648129027396114e+00 -1.109915719974782e+00  1.118960698599060e+00 -1.109915719974782e+00  1.223561237669292e+00 -1.109915719974782e+00  9.814930026811682e-02 -1.109915719974782e+00  2.455556162144857e-04 -1.109915719974782e+00  5.031921203486296e-01 -1.109915719974782e+00  2.412667090734501e-01 -1.109915719974782e+00  2.345747848365063e-03 
-1.105915719974782e+00  1.647360615744120e+00 -1.105915719974782e+00  1.119744615397696e+00 -1.105915719974782e+00  1.222689838753238e+00 -1.105915719974782e+00  9.859676160145672e-02 -1.105915719974782e+00  2.486053350792574e-04 -1.105915719974782e+00  5.044347932140232e-01 -1.105915719974782e+00  2.411165768199764e-01 -1.105915719974782e+00  2.342636598164677e-03 
-1.101915719974782e+00  1.646589207713923e+00 -1.101915719974782e+00  1.120531326855148e+00 -1.101915719974782e+00  1.221812708761753e+00 -1.101915719974782e+00  9.904311080075746e-02 -1.101915719974782e+00  2.516669463278770e-04 -1.101915719974782e+00  5.056796025107484e-01 -1.101915719974782e+00  2.409660395524647e-01 -1.101915719974782e+00  2.339514256375450e-03 
-1.097915719974782e+00  1.645814839252780e+00 -1.097915719974782e+00  1.121320799716087e+00 -1.097915719974782e+00  1.220929916759718e+00 -1.097915719974782e+00  9.948834295720728e-02 -1.097915719974782e+00  2.547403072851200e-04 -1.097915719974782e+00  5.069265233202929e-01 -1.097915719974782e+00  2.408151007286163e-01 -1.097915719974782e+00  2.336380954982882e-03 
-1.093915719974782e+00  1.645037545862058e+00 -1.093915719974782e+00  1.122113001208457e+00 -1.093915719974782e+00  1.220041530889312e+00 -1.093915719974782e+00  9.993245356237597e-02 -1.093915719974782e+00  2.578252770454245e-04 -1.093915719974782e+00  5.081755310367038e-01 -1.093915719974782e+00  2.406637637281067e-01 -1.093915719974782e+00  2.333236824054443e-03 
-1.089915719974782e+00  1.644257362585870e+00 -1.089915719974782e+00  1.122907898966676e+00 -1.089915719974782e+00  1.219147618376134e+00 -1.089915719974782e+00  1.003754385016173e-01 -1.089915719974782e+00  2.609217165180009e-04 -1.089915719974782e+00  5.094266013164764e-01 -1.089915719974782e+00  2.405120318656803e-01 -1.089915719974782e+00  2.330081992044373e-03 
-1.085915719974782e+00  1.643474324005487e+00 -1.085915719974782e+00  1.123705460983020e+00 -1.085915719974782e+00  1.218248245536104e+00 -1.085915719974782e+00  1.008172940445084e-01 -1.085915719974782e+00  2.640294884489847e-04 -1.085915719974782e+00  5.106797100470701e-01 -1.085915719974782e+00  2.403599083995397e-01 -1.085915719974782e+00  2.326916585986590e-03 
-1.081915719974782e+00  1.642688464271165e+00 -1.081915719974782e+00  1.124505655735055e+00 -1.081915719974782e+00  1.217343477789723e+00 -1.081915719974782e+00  1.012580168150150e-01 -1.081915719974782e+00  2.671484572952051e-04 -1.081915719974782e+00  5.119348334323699e-01 -1.081915719974782e+00  2.402073965103380e-01 -1.081915719974782e+00  2.323740730988970e-03 
-1.077915719974782e+00  1.641899817077202e+00 -1.077915719974782e+00  1.125308452043721e+00 -1.077915719974782e+00  1.216433379665795e+00 -1.077915719974782e+00  1.016976037938837e-01 -1.077915719974782e+00  2.702784893230813e-04 -1.077915719974782e+00  5.131919478991784e-01 -1.077915719974782e+00  2.400544993251166e-01 -1.077915719974782e+00  2.320554550796626e-03 
-1.073915719974782e+00  1.641108415691787e+00 -1.073915719974782e+00  1.126113819189479e+00 -1.073915719974782e+00  1.215518014815911e+00 -1.073915719974782e+00  1.021360522911027e-01 -1.073915719974782e+00  2.734194524902334e-04 -1.073915719974782e+00  5.144510301751481e-01 -1.073915719974782e+00  2.399012198981452e-01 -1.073915719974782e+00  2.317358167330888e-03 
-1.069915719974782e+00  1.640314292936263e+00 -1.069915719974782e+00  1.126921726790103e+00 -1.069915719974782e+00  1.214597446018938e+00 -1.069915719974782e+00  1.025733599467767e-01 -1.069915719974782e+00  2.765712165277635e-04 -1.069915719974782e+00  5.157120572082756e-01 -1.069915719974782e+00  2.397475612315567e-01 -1.069915719974782e+00  2.314151701174310e-03 
-1.065915719974782e+00  1.639517481223628e+00 -1.065915719974782e+00  1.127732144955064e+00 -1.065915719974782e+00  1.213671735197996e+00 -1.065915719974782e+00  1.030095247000727e-01 -1.065915719974782e+00  2.797336527874589e-04 -1.065915719974782e+00  5.169750062702467e-01 -1.065915719974782e+00  2.395935262497663e-01 -1.065915719974782e+00  2.310935270958022e-03 
-1.061915719974782e+00  1.638718012520414e+00 -1.061915719974782e+00  1.128545044082220e+00 -1.061915719974782e+00  1.212740943421148e+00 -1.061915719974782e+00  1.034445448003214e-01 -1.061915719974782e+00  2.829066343930992e-04 -1.061915719974782e+00  5.182398548219198e-01 -1.061915719974782e+00  2.394391178336402e-01 -1.061915719974782e+00  2.307708994168533e-03 
-1.057915719974782e+00  1.637915918376377e+00 -1.057915719974782e+00  1.129360394970623e+00 -1.057915719974782e+00  1.211805130916629e+00 -1.057915719974782e+00  1.038784187816331e-01 -1.057915719974782e+00  2.860900361226058e-04 -1.057915719974782e+00  5.195065805889878e-01 -1.057915719974782e+00  2.392843388018443e-01 -1.057915719974782e+00  2.304472986700115e-03 
-1.053915719974782e+00  1.637111229947559e+00 -1.053915719974782e+00  1.130178168899900e+00 -1.053915719974782e+00  1.210864357087440e+00 -1.053915719974782e+00  1.043111454419389e-01 -1.053915719974782e+00  2.892837343165370e-04 -1.053915719974782e+00  5.207751616154066e-01 -1.053915719974782e+00  2.391291918977371e-01 -1.053915719974782e+00  2.301227362539701e-03 
-1.049915719974782e+00  1.636303977948544e+00 -1.049915719974782e+00  1.130998337384272e+00 -1.049915719974782e+00  1.209918680509142e+00 -1.049915719974782e+00  1.047427238600236e-01 -1.049915719974782e+00  2.924876070675642e-04 -1.049915719974782e+00  5.220455761003822e-01 -1.049915719974782e+00  2.389736798306761e-01 -1.049915719974782e+00  2.297972234743137e-03 
-1.045915719974782e+00  1.635494192709437e+00 -1.045915719974782e+00  1.131820872408168e+00 -1.045915719974782e+00  1.208968158952324e+00 -1.045915719974782e+00  1.051731533572095e-01 -1.045915719974782e+00  2.957015339943600e-04 -1.045915719974782e+00  5.233178025556773e-01 -1.045915719974782e+00  2.388178052367717e-01 -1.045915719974782e+00  2.294707714500081e-03 
-1.041915719974782e+00  1.634681904153330e+00 -1.041915719974782e+00  1.132645746295906e+00 -1.041915719974782e+00  1.208012849386370e+00 -1.041915719974782e+00  1.056024335017202e-01 -1.041915719974782e+00  2.989253963309850e-04 -1.041915719974782e+00  5.245918197194841e-01 -1.041915719974782e+00  2.386615707008325e-01 -1.041915719974782e+00  2.291433911651279e-03 
-1.037915719974782e+00  1.633867141807897e+00 -1.037915719974782e+00  1.133472931738174e+00 -1.037915719974782e+00  1.207052807991319e+00 -1.037915719974782e+00  1.060305640952760e-01 -1.037915719974782e+00  3.021590768809492e-04 -1.037915719974782e+00  5.258676065745660e-01 -1.037915719974782e+00  2.385049787520727e-01 -1.037915719974782e+00  2.288150934583322e-03 
-1.033915719974782e+00  1.633049934809783e+00 -1.033915719974782e+00  1.134302401785348e+00 -1.033915719974782e+00  1.206088090168003e+00 -1.033915719974782e+00  1.064575451638459e-01 -1.033915719974782e+00  3.054024599997112e-04 -1.033915719974782e+00  5.271451423443375e-01 -1.033915719974782e+00  2.383480318653625e-01 -1.033915719974782e+00  2.284858890255305e-03 
-1.029915719974782e+00  1.632230311910768e+00 -1.029915719974782e+00  1.135134129848705e+00 -1.029915719974782e+00  1.205118750548665e+00 -1.029915719974782e+00  1.068833769478378e-01 -1.029915719974782e+00  3.086554315702851e-04 -1.029915719974782e+00  5.284244064941632e-01 -1.029915719974782e+00  2.381907324611453e-01 -1.029915719974782e+00  2.281557884193959e-03 
-1.025915719974782e+00  1.631408301474033e+00 -1.025915719974782e+00  1.135968089657100e+00 -1.025915719974782e+00  1.204144843004864e+00 -1.025915719974782e+00  1.073080598976509e-01 -1.025915719974782e+00  3.119178790180205e-04 -1.025915719974782e+00  5.297053787029753e-01 -1.025915719974782e+00  2.380330829128098e-01 -1.025915719974782e+00  2.278248020665573e-03 
-1.021915719974782e+00  1.630583931496255e+00 -1.021915719974782e+00  1.136804255329950e+00 -1.021915719974782e+00  1.203166420662371e+00 -1.021915719974782e+00  1.077315946563416e-01 -1.021915719974782e+00  3.151896912229217e-04 -1.021915719974782e+00  5.309880389123494e-01 -1.021915719974782e+00  2.378750855345636e-01 -1.021915719974782e+00  2.274929402386389e-03 
-1.017915719974782e+00  1.629757229604361e+00 -1.017915719974782e+00  1.137642601335759e+00 -1.017915719974782e+00  1.202183535909282e+00 -1.017915719974782e+00  1.081539820556184e-01 -1.017915719974782e+00  3.184707585325564e-04 -1.017915719974782e+00  5.322723672993120e-01 -1.017915719974782e+00  2.377167425884719e-01 -1.017915719974782e+00  2.271602130687117e-03 
-1.013915719974782e+00  1.628928223041836e+00 -1.013915719974782e+00  1.138483102404918e+00 -1.013915719974782e+00  1.201196240400857e+00 -1.013915719974782e+00  1.085752231171962e-01 -1.013915719974782e+00  3.217609728163810e-04 -1.013915719974782e+00  5.335583442186754e-01 -1.013915719974782e+00  2.375580562991823e-01 -1.013915719974782e+00  2.268266305859134e-03 
-1.009915719974782e+00  1.628096938706471e+00 -1.009915719974782e+00  1.139325733672120e+00 -1.009915719974782e+00  1.200204585078931e+00 -1.009915719974782e+00  1.089953190285532e-01 -1.009915719974782e+00  3.250602273159195e-04 -1.009915719974782e+00  5.348459502983061e-01 -1.009915719974782e+00  2.373990288301122e-01 -1.009915719974782e+00  2.264922026589178e-03 
-1.005915719974782e+00  1.627263403134165e+00 -1.005915719974782e+00  1.140170470577824e+00 -1.005915719974782e+00  1.199208620176063e+00 -1.005915719974782e+00  1.094142711461599e-01 -1.005915719974782e+00  3.283684167090448e-04 -1.005915719974782e+00  5.361351663738679e-01 -1.005915719974782e+00  2.372396623000520e-01 -1.005915719974782e+00  2.261569390350440e-03 
-1.001915719974782e+00  1.626427642510601e+00 -1.001915719974782e+00  1.141017288894218e+00 -1.001915719974782e+00  1.198208395227528e+00 -1.001915719974782e+00  1.098320809849185e-01 -1.001915719974782e+00  3.316854370637050e-04 -1.001915719974782e+00  5.374259735064850e-01 -1.001915719974782e+00  2.370799587788742e-01 -1.001915719974782e+00  2.258208493299529e-03 
-9.979157199747819e-01  1.625589682669292e+00 -9.979157199747819e-01  1.141866164691031e+00 -9.979157199747819e-01  1.197203959079221e+00 -9.979157199747819e-01  1.102487502146022e-01 -9.979157199747819e-01  3.350111858455853e-04 -9.979157199747819e-01  5.387183529603072e-01 -9.979157199747819e-01  2.369199202933388e-01 -9.979157199747819e-01  2.254839430412169e-03 
-9.939157199747819e-01  1.624749549102688e+00 -9.939157199747819e-01  1.142717074359184e+00 -9.939157199747819e-01  1.196195359899411e+00 -9.939157199747819e-01  1.106642806500849e-01 -9.939157199747819e-01  3.383455618740918e-04 -9.939157199747819e-01  5.400122862186116e-01 -9.939157199747819e-01  2.367595488231724e-01 -9.939157199747819e-01  2.251462295389293e-03 
-9.899157199747819e-01  1.623907266974420e+00 -9.899157199747819e-01  1.143569994639000e+00 -9.899157199747819e-01  1.195182645190938e+00 -9.899157199747819e-01  1.110786742413386e-01 -9.899157199747819e-01  3.416884652737512e-04 -9.899157199747819e-01  5.413077550029211e-01 -9.899157199747819e-01  2.365988462963711e-01 -9.899157199747819e-01  2.248077180545181e-03 
-9.859157199747819e-01  1.623062861103858e+00 -9.859157199747819e-01  1.144424902527494e+00 -9.859157199747819e-01  1.194165861794684e+00 -9.859157199747819e-01  1.114919330770746e-01 -9.859157199747819e-01  3.450397975354678e-04 -9.859157199747819e-01  5.426047412115094e-01 -9.859157199747819e-01  2.364378146048241e-01 -9.859157199747819e-01  2.244684177175241e-03 
-9.819157199747819e-01  1.622216355983297e+00 -9.819157199747819e-01  1.145281775329080e+00 -9.819157199747819e-01  1.193145055903041e+00 -9.819157199747819e-01  1.119040593726745e-01 -9.819157199747819e-01  3.483994614483554e-04 -9.819157199747819e-01  5.439032269534918e-01 -9.819157199747819e-01  2.362764555958335e-01 -9.819157199747819e-01  2.241283375354929e-03 
-9.779157199747819e-01  1.621367775791665e+00 -9.779157199747819e-01  1.146140590690489e+00 -9.779157199747819e-01  1.192120273072435e+00 -9.779157199747819e-01  1.123150554601560e-01 -9.779157199747819e-01  3.517673610453105e-04 -9.779157199747819e-01  5.452031945723859e-01 -9.779157199747819e-01  2.361147710662542e-01 -9.779157199747819e-01  2.237874863801058e-03 
-9.739157199747819e-01  1.620517144375361e+00 -9.739157199747819e-01  1.147001326493144e+00 -9.739157199747819e-01  1.191091558225152e+00 -9.739157199747819e-01  1.127249237940341e-01 -9.739157199747819e-01  3.551434016790619e-04 -9.739157199747819e-01  5.465046265746102e-01 -9.739157199747819e-01  2.359527627806424e-01 -9.739157199747819e-01  2.234458730299020e-03 
-9.699157199747819e-01  1.619664485273326e+00 -9.699157199747819e-01  1.147863960938087e+00 -9.699157199747819e-01  1.190058955665286e+00 -9.699157199747819e-01  1.131336669361713e-01 -9.699157199747819e-01  3.585274899226971e-04 -9.699157199747819e-01  5.478075056863547e-01 -9.699157199747819e-01  2.357904324569724e-01 -9.699157199747819e-01  2.231035061365650e-03 
-9.659157199747819e-01  1.618809821712767e+00 -9.659157199747819e-01  1.148728472503642e+00 -9.659157199747819e-01  1.189022509085188e+00 -9.659157199747819e-01  1.135412875548494e-01 -9.659157199747819e-01  3.619195335865702e-04 -9.659157199747819e-01  5.491118148255938e-01 -9.659157199747819e-01  2.356277817737816e-01 -9.659157199747819e-01  2.227603942417319e-03 
-9.619157199747819e-01  1.617953176617185e+00 -9.619157199747819e-01  1.149594839956537e+00 -9.619157199747819e-01  1.187982261575800e+00 -9.619157199747819e-01  1.139477884181609e-01 -9.619157199747819e-01  3.653194416865404e-04 -9.619157199747819e-01  5.504175371097244e-01 -9.619157199747819e-01  2.354648123683026e-01 -9.619157199747819e-01  2.224165457725744e-03 
-9.579157199747819e-01  1.617094572615434e+00 -9.579157199747819e-01  1.150463042367421e+00 -9.579157199747819e-01  1.186938255637378e+00 -9.579157199747819e-01  1.143531723871062e-01 -9.579157199747819e-01  3.687271244079142e-04 -9.579157199747819e-01  5.517246558661294e-01 -9.579157199747819e-01  2.353015258338453e-01 -9.579157199747819e-01  2.220719690356452e-03 
-9.539157199747819e-01  1.616234032021956e+00 -9.539157199747819e-01  1.151333059003485e+00 -9.539157199747819e-01  1.185890533180125e+00 -9.539157199747819e-01  1.147574424222377e-01 -9.539157199747819e-01  3.721424931839698e-04 -9.539157199747819e-01  5.530331545607369e-01 -9.539157199747819e-01  2.351379237379218e-01 -9.539157199747819e-01  2.217266722594883e-03 
-9.499157199747819e-01  1.615371576870677e+00 -9.499157199747819e-01  1.152204869451137e+00 -9.499157199747819e-01  1.184839135543163e+00 -9.499157199747819e-01  1.151606015654482e-01 -9.499157199747819e-01  3.755654605613781e-04 -9.499157199747819e-01  5.543430168800539e-01 -9.499157199747819e-01  2.349740076015386e-01 -9.499157199747819e-01  2.213806635459566e-03 
-9.459157199747819e-01  1.614507228913004e+00 -9.459157199747819e-01  1.153078453584645e+00 -9.459157199747819e-01  1.183784103501257e+00 -9.459157199747819e-01  1.155626529387279e-01 -9.459157199747819e-01  3.789959402081769e-04 -9.459157199747819e-01  5.556542267104283e-01 -9.459157199747819e-01  2.348097789044709e-01 -9.459157199747819e-01  2.210339508826603e-03 
-9.419157199747819e-01  1.613641009610074e+00 -9.419157199747819e-01  1.153953791511130e+00 -9.419157199747819e-01  1.182725477269244e+00 -9.419157199747819e-01  1.159635997455798e-01 -9.419157199747819e-01  3.824338469445476e-04 -9.419157199747819e-01  5.569667681015095e-01 -9.419157199747819e-01  2.346452390945390e-01 -9.419157199747819e-01  2.206865421647857e-03 
-9.379157199747818e-01  1.612772940134049e+00 -9.379157199747818e-01  1.154830863554733e+00 -9.379157199747818e-01  1.181663296509405e+00 -9.379157199747818e-01  1.163634452682968e-01 -9.379157199747818e-01  3.858790967376142e-04 -9.379157199747818e-01  5.582806252558286e-01 -9.379157199747818e-01  2.344803895902896e-01 -9.379157199747818e-01  2.203384452013929e-03 
-9.339157199747818e-01  1.611903041404997e+00 -9.339157199747818e-01  1.155709650391225e+00 -9.339157199747818e-01  1.180597600351727e+00 -9.339157199747818e-01  1.167621928493210e-01 -9.339157199747818e-01  3.893316065551738e-04 -9.339157199747818e-01  5.595957826187914e-01 -9.339157199747818e-01  2.343152317581893e-01 -9.339157199747818e-01  2.199896676619850e-03 
-9.299157199747818e-01  1.611031334045049e+00 -9.299157199747818e-01  1.156590132833038e+00 -9.299157199747818e-01  1.179528427384156e+00 -9.299157199747818e-01  1.171598459101987e-01 -9.299157199747818e-01  3.927912945475117e-04 -9.299157199747818e-01  5.609122247353353e-01 -9.299157199747818e-01  2.341497669489838e-01 -9.299157199747818e-01  2.196402171618228e-03 
-9.259157199747818e-01  1.610157838427680e+00 -9.259157199747818e-01  1.157472292016645e+00 -9.259157199747818e-01  1.178455815677229e+00 -9.259157199747818e-01  1.175564079275983e-01 -9.259157199747818e-01  3.962580798519305e-04 -9.259157199747818e-01  5.622299363751251e-01 -9.259157199747818e-01  2.339839964659511e-01 -9.259157199747818e-01  2.192901011875622e-03 
-9.219157199747818e-01  1.609282574655087e+00 -9.219157199747818e-01  1.158356109286409e+00 -9.219157199747818e-01  1.177379802782475e+00 -9.219157199747818e-01  1.179518824419166e-01 -9.219157199747818e-01  3.997318826824614e-04 -9.219157199747818e-01  5.635489024551418e-01 -9.219157199747818e-01  2.338179215845388e-01 -9.219157199747818e-01  2.189393271433519e-03 
-9.179157199747818e-01  1.608405562575985e+00 -9.179157199747818e-01  1.159241566249341e+00 -9.179157199747818e-01  1.176300425745514e+00 -9.179157199747818e-01  1.183462730478031e-01 -9.179157199747818e-01  4.032126242592538e-04 -9.179157199747818e-01  5.648691080763448e-01 -9.179157199747818e-01  2.336515435430482e-01 -9.179157199747818e-01  2.185879023290968e-03 
-9.139157199747818e-01  1.607526821784393e+00 -9.139157199747818e-01  1.160128644749770e+00 -9.139157199747818e-01  1.175217721112079e+00 -9.139157199747818e-01  1.187395833933135e-01 -9.139157199747818e-01  4.067002268133843e-04 -9.139157199747818e-01  5.661905385068682e-01 -9.139157199747818e-01  2.334848635468884e-01 -9.139157199747818e-01  2.182358339505149e-03 
-9.099157199747818e-01  1.606646371607224e+00 -9.099157199747818e-01  1.161017326798221e+00 -9.099157199747818e-01  1.174131724929539e+00 -9.099157199747818e-01  1.191318171839984e-01 -9.099157199747818e-01  4.101946136361678e-04 -9.099157199747818e-01  5.675131791346294e-01 -9.099157199747818e-01  2.333178827806199e-01 -9.099157199747818e-01  2.178831291473642e-03 
-9.059157199747818e-01  1.605764231146150e+00 -9.059157199747818e-01  1.161907594726670e+00 -9.059157199747818e-01  1.173042472769086e+00 -9.059157199747818e-01  1.195229781632309e-01 -9.059157199747818e-01  4.136957089128858e-04 -9.059157199747818e-01  5.688370155710616e-01 -9.059157199747818e-01  2.331506023815447e-01 -9.059157199747818e-01  2.175297949318242e-03 
-9.019157199747818e-01  1.604880419241360e+00 -9.019157199747818e-01  1.162799431018350e+00 -9.019157199747818e-01  1.171949999717989e+00 -9.019157199747818e-01  1.199130701269661e-01 -9.019157199747818e-01  4.172034378667333e-04 -9.019157199747818e-01  5.701620335375702e-01 -9.019157199747818e-01  2.329830234685664e-01 -9.019157199747818e-01  2.171758382560374e-03 
-8.979157199747818e-01  1.603994954500382e+00 -8.979157199747818e-01  1.163692818409110e+00 -8.979157199747818e-01  1.170854340396672e+00 -8.979157199747818e-01  1.203020969100131e-01 -8.979157199747818e-01  4.207177266443968e-04 -8.979157199747818e-01  5.714882189332724e-01 -8.979157199747818e-01  2.328151471249297e-01 -8.979157199747818e-01  2.168212659718968e-03 
-8.939157199747818e-01  1.603107855289362e+00 -8.939157199747818e-01  1.164587739832681e+00 -8.939157199747818e-01  1.169755528961251e+00 -8.939157199747818e-01  1.206900623888103e-01 -8.939157199747818e-01  4.242385023506299e-04 -8.939157199747818e-01  5.728155577985189e-01 -8.939157199747818e-01  2.326469744074678e-01 -8.939157199747818e-01  2.164660848527479e-03 
-8.899157199747818e-01  1.602219139757007e+00 -8.899157199747818e-01  1.165484178501303e+00 -8.899157199747818e-01  1.168653599118809e+00 -8.899157199747818e-01  1.210769704701787e-01 -8.899157199747818e-01  4.277656929532590e-04 -8.899157199747818e-01  5.741440363687829e-01 -8.899157199747818e-01  2.324785063328248e-01 -8.899157199747818e-01  2.161103015614070e-03 
-8.859157199747818e-01  1.601328825808523e+00 -8.859157199747818e-01  1.166382117780252e+00 -8.859157199747818e-01  1.167548584122834e+00 -8.859157199747818e-01  1.214628251016578e-01 -8.859157199747818e-01  4.312992273866378e-04 -8.859157199747818e-01  5.754736409909322e-01 -8.859157199747818e-01  2.323097438987611e-01 -8.859157199747818e-01  2.157539226999506e-03 
-8.819157199747818e-01  1.600436931111341e+00 -8.819157199747818e-01  1.167281541194397e+00 -8.819157199747818e-01  1.166440516780927e+00 -8.819157199747818e-01  1.218476302680957e-01 -8.819157199747818e-01  4.348390355288675e-04 -8.819157199747818e-01  5.768043581276449e-01 -8.819157199747818e-01  2.321406880830069e-01 -8.819157199747818e-01  2.153969548071160e-03 
-8.779157199747818e-01  1.599543473138354e+00 -8.779157199747818e-01  1.168182432588249e+00 -8.779157199747818e-01  1.165329429477758e+00 -8.779157199747818e-01  1.222313899725322e-01 -8.779157199747818e-01  4.383850480302342e-04 -8.779157199747818e-01  5.781361744643269e-01 -8.779157199747818e-01  2.319713398159007e-01 -8.779157199747818e-01  2.150394042947782e-03 
-8.739157199747818e-01  1.598648469125784e+00 -8.739157199747818e-01  1.169084775935911e+00 -8.739157199747818e-01  1.164215354163576e+00 -8.739157199747818e-01  1.226141082534250e-01 -8.739157199747818e-01  4.419371964804265e-04 -8.739157199747818e-01  5.794690767822316e-01 -8.739157199747818e-01  2.318017000127374e-01 -8.739157199747818e-01  2.146812775233797e-03 
-8.699157199747818e-01  1.597751936100239e+00 -8.699157199747818e-01  1.169988555435286e+00 -8.699157199747818e-01  1.163098322370440e+00 -8.699157199747818e-01  1.229957891725087e-01 -8.699157199747818e-01  4.454954133011399e-04 -8.699157199747818e-01  5.808030520213991e-01 -8.699157199747818e-01  2.316317695576361e-01 -8.699157199747818e-01  2.143225807645381e-03 
-8.659157199747818e-01  1.596853890867338e+00 -8.659157199747818e-01  1.170893755445179e+00 -8.659157199747818e-01  1.161978365212808e+00 -8.659157199747818e-01  1.233764368189664e-01 -8.659157199747818e-01  4.490596317912025e-04 -8.659157199747818e-01  5.821380872386650e-01 -8.659157199747818e-01  2.314615493142240e-01 -8.659157199747818e-01  2.139633202260155e-03 
-8.619157199747818e-01  1.595954350031609e+00 -8.619157199747818e-01  1.171800360550285e+00 -8.619157199747818e-01  1.160855513400861e+00 -8.619157199747818e-01  1.237560553005509e-01 -8.619157199747818e-01  4.526297860476499e-04 -8.619157199747818e-01  5.834741696510859e-01 -8.619157199747818e-01  2.312910401144599e-01 -8.619157199747818e-01  2.136035020259183e-03 
-8.579157199747818e-01  1.595053329994280e+00 -8.579157199747818e-01  1.172708355535915e+00 -8.579157199747818e-01  1.159729797244718e+00 -8.579157199747818e-01  1.241346487440495e-01 -8.579157199747818e-01  4.562058109744493e-04 -8.579157199747818e-01  5.848112866190646e-01 -8.579157199747818e-01  2.311202427628798e-01 -8.579157199747818e-01  2.132431322027319e-03 
-8.539157199747818e-01  1.594150846936281e+00 -8.539157199747818e-01  1.173617725303699e+00 -8.539157199747818e-01  1.158601246652245e+00 -8.539157199747818e-01  1.245122213018131e-01 -8.539157199747818e-01  4.597876423499747e-04 -8.539157199747818e-01  5.861494255900626e-01 -8.539157199747818e-01  2.309491580509676e-01 -8.539157199747818e-01  2.128822167487765e-03 
-8.499157199747818e-01  1.593246916866746e+00 -8.499157199747818e-01  1.174528455052463e+00 -8.499157199747818e-01  1.157469891154313e+00 -8.499157199747818e-01  1.248887771313534e-01 -8.499157199747818e-01  4.633752166345186e-04 -8.499157199747818e-01  5.874885742193927e-01 -8.499157199747818e-01  2.307777867261008e-01 -8.499157199747818e-01  2.125207615384205e-03 
-8.459157199747818e-01  1.592341555568678e+00 -8.459157199747818e-01  1.175440530043350e+00 -8.459157199747818e-01  1.156335759886692e+00 -8.459157199747818e-01  1.252643204173106e-01 -8.459157199747818e-01  4.669684711859158e-04 -8.459157199747818e-01  5.888287202133617e-01 -8.459157199747818e-01  2.306061295317262e-01 -8.459157199747818e-01  2.121587724212986e-03 
-8.419157199747818e-01  1.591434778652840e+00 -8.419157199747818e-01  1.176353935802623e+00 -8.419157199747818e-01  1.155198881617565e+00 -8.419157199747818e-01  1.256388553490179e-01 -8.419157199747818e-01  4.705673440457005e-04 -8.419157199747818e-01  5.901698514646907e-01 -8.419157199747818e-01  2.304341871725226e-01 -8.419157199747818e-01  2.117962551418251e-03 
-8.379157199747818e-01  1.590526601530335e+00 -8.379157199747818e-01  1.177268657996270e+00 -8.379157199747818e-01  1.154059284740534e+00 -8.379157199747818e-01  1.260123861314344e-01 -8.379157199747818e-01  4.741717740478629e-04 -8.379157199747818e-01  5.915119559687685e-01 -8.379157199747818e-01  2.302619603358262e-01 -8.379157199747818e-01  2.114332153889563e-03 
-8.339157199747818e-01  1.589617039421266e+00 -8.339157199747818e-01  1.178184682450676e+00 -8.339157199747818e-01  1.152916997282814e+00 -8.339157199747818e-01  1.263849169813234e-01 -8.339157199747818e-01  4.777817007845469e-04 -8.339157199747818e-01  5.928550218374347e-01 -8.339157199747818e-01  2.300894496880198e-01 -8.339157199747818e-01  2.110696587879905e-03 
-8.299157199747818e-01  1.588706107370964e+00 -8.299157199747818e-01  1.179101995203430e+00 -8.299157199747818e-01  1.151772046916733e+00 -8.299157199747818e-01  1.267564521204894e-01 -8.299157199747818e-01  4.813970645415870e-04 -8.299157199747818e-01  5.941990373328925e-01 -8.299157199747818e-01  2.299166558657195e-01 -8.299157199747818e-01  2.107055908804033e-03 
-8.259157199747817e-01  1.587793820226670e+00 -8.259157199747817e-01  1.180020582396147e+00 -8.259157199747817e-01  1.150624460953978e+00 -8.259157199747817e-01  1.271269957849506e-01 -8.259157199747817e-01  4.850178063911110e-04 -8.259157199747817e-01  5.955439907961133e-01 -8.259157199747817e-01  2.297435794941321e-01 -8.259157199747817e-01  2.103410171663850e-03 
-8.219157199747817e-01  1.586880192681856e+00 -8.219157199747817e-01  1.180940430437842e+00 -8.219157199747817e-01  1.149474266369264e+00 -8.219157199747817e-01  1.274965522070465e-01 -8.219157199747817e-01  4.886438680155770e-04 -8.219157199747817e-01  5.968898707558978e-01 -8.219157199747817e-01  2.295702211588520e-01 -8.219157199747817e-01  2.099759430399960e-03 
-8.179157199747817e-01  1.585965239222912e+00 -8.179157199747817e-01  1.181861525778639e+00 -8.179157199747817e-01  1.148321489781199e+00 -8.179157199747817e-01  1.278651256365629e-01 -8.179157199747817e-01  4.922751919193909e-04 -8.179157199747817e-01  5.982366657777428e-01 -8.179157199747817e-01  2.293965814447529e-01 -8.179157199747817e-01  2.096103738789832e-03 
-8.139157199747817e-01  1.585048974176785e+00 -8.139157199747817e-01  1.182783855086800e+00 -8.139157199747817e-01  1.147166157477306e+00 -8.139157199747817e-01  1.282327203216279e-01 -8.139157199747817e-01  4.959117212398570e-04 -8.139157199747817e-01  5.995843645820131e-01 -8.139157199747817e-01  2.292226609054227e-01 -8.139157199747817e-01  2.092443149745141e-03 
-8.099157199747817e-01  1.584131411708630e+00 -8.099157199747817e-01  1.183707405225908e+00 -8.099157199747817e-01  1.146008295417203e+00 -8.099157199747817e-01  1.285993405096545e-01 -8.099157199747817e-01  4.995533997564372e-04 -8.099157199747817e-01  6.009329560286760e-01 -8.099157199747817e-01  2.290484600669893e-01 -8.099157199747817e-01  2.088777715402420e-03 
-8.059157199747817e-01  1.583212565796876e+00 -8.059157199747817e-01  1.184632163143236e+00 -8.059157199747817e-01  1.144847929225474e+00 -8.059157199747817e-01  1.289649904570828e-01 -8.059157199747817e-01  5.032001719897693e-04 -8.059157199747817e-01  6.022824290427142e-01 -8.059157199747817e-01  2.288739794473088e-01 -8.059157199747817e-01  2.085107487566002e-03 
-8.019157199747817e-01  1.582292450269453e+00 -8.019157199747817e-01  1.185558116000794e+00 -8.019157199747817e-01  1.143685084211776e+00 -8.019157199747817e-01  1.293296744151182e-01 -8.019157199747817e-01  5.068519830578693e-04 -8.019157199747817e-01  6.036327727015807e-01 -8.019157199747817e-01  2.286992195332582e-01 -8.019157199747817e-01  2.081432517187985e-03 
-7.979157199747817e-01  1.581371078776702e+00 -7.979157199747817e-01  1.186485251055829e+00 -7.979157199747817e-01  1.142519785362547e+00 -7.979157199747817e-01  1.296933966403157e-01 -7.979157199747817e-01  5.105087787836214e-04 -7.979157199747817e-01  6.049839761553709e-01 -7.979157199747817e-01  2.285241808013001e-01 -7.979157199747817e-01  2.077752854842474e-03 
-7.939157199747817e-01  1.580448464821548e+00 -7.939157199747817e-01  1.187413555767901e+00 -7.939157199747817e-01  1.141352057358404e+00 -7.939157199747817e-01  1.300561613828499e-01 -7.939157199747817e-01  5.141705055750651e-04 -7.939157199747817e-01  6.063360286982595e-01 -7.939157199747817e-01  2.283488636988815e-01 -7.939157199747817e-01  2.074068550300621e-03 
-7.899157199747817e-01  1.579524621734968e+00 -7.899157199747817e-01  1.188343017690107e+00 -7.899157199747817e-01  1.140181924566759e+00 -7.899157199747817e-01  1.304179728960563e-01 -7.899157199747817e-01  5.178371105227168e-04 -7.899157199747817e-01  6.076889196958267e-01 -7.899157199747817e-01  2.281732686631757e-01 -7.899157199747817e-01  2.070379652962361e-03 
-7.859157199747817e-01  1.578599562695591e+00 -7.859157199747817e-01  1.189273624534823e+00 -7.859157199747817e-01  1.139009411054343e+00 -7.859157199747817e-01  1.307788354288833e-01 -7.859157199747817e-01  5.215085413218152e-04 -7.859157199747817e-01  6.090426386288932e-01 -7.859157199747817e-01  2.279973961096205e-01 -7.859157199747817e-01  2.066686211595443e-03 
-7.819157199747817e-01  1.577673300740412e+00 -7.819157199747817e-01  1.190205364203923e+00 -7.819157199747817e-01  1.137834540595778e+00 -7.819157199747817e-01  1.311387532219027e-01 -7.819157199747817e-01  5.251847462297654e-04 -7.819157199747817e-01  6.103971751136342e-01 -7.819157199747817e-01  2.278212464265771e-01 -7.819157199747817e-01  2.062988274215554e-03 
-7.779157199747817e-01  1.576745848734500e+00 -7.779157199747817e-01  1.191138224658835e+00 -7.779157199747817e-01  1.136657336663158e+00 -7.779157199747817e-01  1.314977305189717e-01 -7.779157199747817e-01  5.288656741863969e-04 -7.779157199747817e-01  6.117525188147814e-01 -7.779157199747817e-01  2.276448199977935e-01 -7.779157199747817e-01  2.059285888602036e-03 
-7.739157199747817e-01  1.575817219409423e+00 -7.739157199747817e-01  1.192072194059928e+00 -7.739157199747817e-01  1.135477822447196e+00 -7.739157199747817e-01  1.318557715526604e-01 -7.739157199747817e-01  5.325512746614307e-04 -7.739157199747817e-01  6.131086595386024e-01 -7.739157199747817e-01  2.274681171781254e-01 -7.739157199747817e-01  2.055579101744606e-03 
-7.699157199747817e-01  1.574887425346099e+00 -7.699157199747817e-01  1.193007260688399e+00 -7.699157199747817e-01  1.134296020852751e+00 -7.699157199747817e-01  1.322128805509326e-01 -7.699157199747817e-01  5.362414977225379e-04 -7.699157199747817e-01  6.144655871806922e-01 -7.699157199747817e-01  2.272911383070077e-01 -7.699157199747817e-01  2.051867960153476e-03 
-7.659157199747817e-01  1.573956478968086e+00 -7.659157199747817e-01  1.193943412909571e+00 -7.659157199747817e-01  1.133111954498966e+00 -7.659157199747817e-01  1.325690617397652e-01 -7.659157199747817e-01  5.399362940620180e-04 -7.659157199747817e-01  6.158232917014210e-01 -7.659157199747817e-01  2.271138837147683e-01 -7.659157199747817e-01  2.048152510004968e-03 
-7.619157199747817e-01  1.573024392582110e+00 -7.619157199747817e-01  1.194880639320044e+00 -7.619157199747817e-01  1.131925645741522e+00 -7.619157199747817e-01  1.329243193280617e-01 -7.619157199747817e-01  5.436356148358740e-04 -7.619157199747817e-01  6.171817632240703e-01 -7.619157199747817e-01  2.269363536969173e-01 -7.619157199747817e-01  2.044432796557486e-03 
-7.579157199747817e-01  1.572091178332401e+00 -7.579157199747817e-01  1.195818928559692e+00 -7.579157199747817e-01  1.130737116654477e+00 -7.579157199747817e-01  1.332786575249802e-01 -7.579157199747817e-01  5.473394118451043e-04 -7.579157199747817e-01  6.185409919092900e-01 -7.579157199747817e-01  2.267585485467967e-01 -7.579157199747817e-01  2.040708864897706e-03 
-7.539157199747817e-01  1.571156848236470e+00 -7.539157199747817e-01  1.196758269440522e+00 -7.539157199747817e-01  1.129546389050210e+00 -7.539157199747817e-01  1.336320805266843e-01 -7.539157199747817e-01  5.510476373936659e-04 -7.539157199747817e-01  6.199009680410328e-01 -7.539157199747817e-01  2.265804685330458e-01 -7.539157199747817e-01  2.036980759429122e-03 
-7.499157199747817e-01  1.570221414164562e+00 -7.499157199747817e-01  1.197698650857010e+00 -7.499157199747817e-01  1.128353484472820e+00 -7.499157199747817e-01  1.339845925241938e-01 -7.499157199747817e-01  5.547602443700798e-04 -7.499157199747817e-01  6.212616819666351e-01 -7.499157199747817e-01  2.264021139151536e-01 -7.499157199747817e-01  2.033248524227923e-03 
-7.459157199747817e-01  1.569284887856541e+00 -7.459157199747817e-01  1.198640061841715e+00 -7.459157199747817e-01  1.127158424209147e+00 -7.459157199747817e-01  1.343361976972808e-01 -7.459157199747817e-01  5.584771861803226e-04 -7.459157199747817e-01  6.226231241338626e-01 -7.459157199747817e-01  2.262234849336705e-01 -7.459157199747817e-01  2.029512202822245e-03 
-7.419157199747817e-01  1.568347280934157e+00 -7.419157199747817e-01  1.199582491602839e+00 -7.419157199747817e-01  1.125961229297685e+00 -7.419157199747817e-01  1.346869002102175e-01 -7.419157199747817e-01  5.621984166992553e-04 -7.419157199747817e-01  6.239852851158902e-01 -7.419157199747817e-01  2.260445818035357e-01 -7.419157199747817e-01  2.025771838043168e-03 
-7.379157199747817e-01  1.567408604870931e+00 -7.379157199747817e-01  1.200525929398411e+00 -7.379157199747817e-01  1.124761920517114e+00 -7.379157199747817e-01  1.350367042230634e-01 -7.379157199747817e-01  5.659238903900517e-04 -7.379157199747817e-01  6.253481555272761e-01 -7.379157199747817e-01  2.258654047359902e-01 -7.379157199747817e-01  2.022027472523972e-03 
-7.339157199747817e-01  1.566468871024843e+00 -7.339157199747817e-01  1.201470364653177e+00 -7.339157199747817e-01  1.123560518404826e+00 -7.339157199747817e-01  1.353856138798804e-01 -7.339157199747817e-01  5.696535621744705e-04 -7.339157199747817e-01  6.267117261018723e-01 -7.339157199747817e-01  2.256859539180427e-01 -7.339157199747817e-01  2.018279148236292e-03 
-7.299157199747817e-01  1.565528090611110e+00 -7.299157199747817e-01  1.202415786844536e+00 -7.299157199747817e-01  1.122357043246661e+00 -7.299157199747817e-01  1.357336333189137e-01 -7.299157199747817e-01  5.733873875409607e-04 -7.299157199747817e-01  6.280759876166527e-01 -7.299157199747817e-01  2.255062295323631e-01 -7.299157199747817e-01  2.014526906942784e-03 
-7.259157199747817e-01  1.564586274742181e+00 -7.259157199747817e-01  1.203362185647258e+00 -7.259157199747817e-01  1.121151515099007e+00 -7.259157199747817e-01  1.360807666582844e-01 -7.259157199747817e-01  5.771253223858690e-04 -7.259157199747817e-01  6.294409309881634e-01 -7.259157199747817e-01  2.253262317318157e-01 -7.259157199747817e-01  2.010770789622757e-03 
-7.219157199747817e-01  1.563643434389083e+00 -7.219157199747817e-01  1.204309550776218e+00 -7.219157199747817e-01  1.119943953772824e+00 -7.219157199747817e-01  1.364270180102739e-01 -7.219157199747817e-01  5.808673231668576e-04 -7.219157199747817e-01  6.308065471675429e-01 -7.219157199747817e-01  2.251459606669612e-01 -7.219157199747817e-01  2.007010837096355e-03 
-7.179157199747817e-01  1.562699580410087e+00 -7.179157199747817e-01  1.205257872087629e+00 -7.179157199747817e-01  1.118734378850211e+00 -7.179157199747817e-01  1.367723914711885e-01 -7.179157199747817e-01  5.846133467891488e-04 -7.179157199747817e-01  6.321728272079560e-01 -7.179157199747817e-01  2.249654164682055e-01 -7.179157199747817e-01  2.003247089622791e-03 
-7.139157199747816e-01  1.561754723549350e+00 -7.139157199747816e-01  1.206207139565151e+00 -7.139157199747816e-01  1.117522809686445e+00 -7.139157199747816e-01  1.371168911221564e-01 -7.139157199747816e-01  5.883633506109054e-04 -7.139157199747816e-01  6.335397622552443e-01 -7.139157199747816e-01  2.247845992481319e-01 -7.139157199747816e-01  1.999479586955410e-03 
-7.099157199747816e-01  1.560808874430158e+00 -7.099157199747816e-01  1.207157343285598e+00 -7.099157199747816e-01  1.116309265409249e+00 -7.099157199747816e-01  1.374605210318255e-01 -7.099157199747816e-01  5.921172924700387e-04 -7.099157199747816e-01  6.349073435249692e-01 -7.099157199747816e-01  2.246035091074455e-01 -7.099157199747816e-01  1.995708368477893e-03 
-7.059157199747816e-01  1.559862043556561e+00 -7.059157199747816e-01  1.208108473417068e+00 -7.059157199747816e-01  1.115093764922118e+00 -7.059157199747816e-01  1.378032852560355e-01 -7.059157199747816e-01  5.958751306777399e-04 -7.059157199747816e-01  6.362755623010803e-01 -7.059157199747816e-01  2.244221461352227e-01 -7.059157199747816e-01  1.991933473211601e-03 
-7.019157199747816e-01  1.558914241327086e+00 -7.019157199747816e-01  1.209060520262881e+00 -7.019157199747816e-01  1.113876326913579e+00 -7.019157199747816e-01  1.381451878332275e-01 -7.019157199747816e-01  5.996368239640226e-04 -7.019157199747816e-01  6.376444099651197e-01 -7.019157199747816e-01  2.242405104010733e-01 -7.019157199747816e-01  1.988154939641230e-03 
-6.979157199747816e-01  1.557965478013296e+00 -6.979157199747816e-01  1.210013474172257e+00 -6.979157199747816e-01  1.112656969849024e+00 -6.979157199747816e-01  1.384862327923237e-01 -6.979157199747816e-01  6.034023315628580e-04 -6.979157199747816e-01  6.390138779365913e-01 -6.979157199747816e-01  2.240586019708171e-01 -6.979157199747816e-01  1.984372806069320e-03 
-6.939157199747816e-01  1.557015763790424e+00 -6.939157199747816e-01  1.210967325648667e+00 -6.939157199747816e-01  1.111435711988305e+00 -6.939157199747816e-01  1.388264241421805e-01 -6.939157199747816e-01  6.071716130905312e-04 -6.939157199747816e-01  6.403839577450953e-01 -6.939157199747816e-01  2.238764208872654e-01 -6.939157199747816e-01  1.980587110186176e-03 
-6.899157199747816e-01  1.556065108721430e+00 -6.899157199747816e-01  1.211922065281628e+00 -6.899157199747816e-01  1.110212571380205e+00 -6.899157199747816e-01  1.391657658775443e-01 -6.899157199747816e-01  6.109446286090060e-04 -6.899157199747816e-01  6.417546409847733e-01 -6.899157199747816e-01  2.236939671821722e-01 -6.899157199747816e-01  1.976797889340627e-03 
-6.859157199747816e-01  1.555113522759793e+00 -6.859157199747816e-01  1.212877683749654e+00 -6.859157199747816e-01  1.108987565866129e+00 -6.859157199747816e-01  1.395042619783450e-01 -6.859157199747816e-01  6.147213386147493e-04 -6.859157199747816e-01  6.431259193161815e-01 -6.859157199747816e-01  2.235112408756285e-01 -6.859157199747816e-01  1.973005180528268e-03 
-6.819157199747816e-01  1.554161015765415e+00 -6.819157199747816e-01  1.213834171872880e+00 -6.819157199747816e-01  1.107760713090387e+00 -6.819157199747816e-01  1.398419164044750e-01 -6.819157199747816e-01  6.185017039756790e-04 -6.819157199747816e-01  6.444977845012696e-01 -6.819157199747816e-01  2.233282419666469e-01 -6.819157199747816e-01  1.969209020182642e-03 
-6.779157199747816e-01  1.553207597466164e+00 -6.779157199747816e-01  1.214791520460717e+00 -6.779157199747816e-01  1.106532030483063e+00 -6.779157199747816e-01  1.401787331094441e-01 -6.779157199747816e-01  6.222856860837317e-04 -6.779157199747816e-01  6.458702283017717e-01 -6.779157199747816e-01  2.231449704600862e-01 -6.779157199747816e-01  1.965409444779815e-03 
-6.739157199747816e-01  1.552253277523510e+00 -6.739157199747816e-01  1.215749720551955e+00 -6.739157199747816e-01  1.105301535295300e+00 -6.739157199747816e-01  1.405147160179277e-01 -6.739157199747816e-01  6.260732465944279e-04 -6.739157199747816e-01  6.472432426390989e-01 -6.739157199747816e-01  2.229614263239757e-01 -6.739157199747816e-01  1.961606489885534e-03 
-6.699157199747816e-01  1.551298065472291e+00 -6.699157199747816e-01  1.216708763180802e+00 -6.699157199747816e-01  1.104069244571073e+00 -6.699157199747816e-01  1.408498690469522e-01 -6.699157199747816e-01  6.298643476658858e-04 -6.699157199747816e-01  6.486168194383563e-01 -6.699157199747816e-01  2.227776095309354e-01 -6.699157199747816e-01  1.957800191083704e-03 
-6.659157199747816e-01  1.550341970755559e+00 -6.659157199747816e-01  1.217668639501177e+00 -6.659157199747816e-01  1.102835175166903e+00 -6.659157199747816e-01  1.411841960941419e-01 -6.659157199747816e-01  6.336589518205332e-04 -6.659157199747816e-01  6.499909507110637e-01 -6.659157199747816e-01  2.225935200360342e-01 -6.659157199747816e-01  1.953990583483113e-03 
-6.619157199747816e-01  1.549385002722690e+00 -6.619157199747816e-01  1.218629340772493e+00 -6.619157199747816e-01  1.101599343753018e+00 -6.619157199747816e-01  1.415177010387210e-01 -6.619157199747816e-01  6.374570219525926e-04 -6.619157199747816e-01  6.513656285455816e-01 -6.619157199747816e-01  2.224091577792126e-01 -6.619157199747816e-01  1.950177701773853e-03 
-6.579157199747816e-01  1.548427170622489e+00 -6.579157199747816e-01  1.219590858327205e+00 -6.579157199747816e-01  1.100361766811909e+00 -6.579157199747816e-01  1.418503877442021e-01 -6.579157199747816e-01  6.412585213555035e-04 -6.579157199747816e-01  6.527408450854023e-01 -6.579157199747816e-01  2.222245226909696e-01 -6.579157199747816e-01  1.946361580356136e-03 
-6.539157199747816e-01  1.547468483603922e+00 -6.539157199747816e-01  1.220553183566930e+00 -6.539157199747816e-01  1.099122460640660e+00 -6.539157199747816e-01  1.421822600584252e-01 -6.539157199747816e-01  6.450634137189345e-04 -6.539157199747816e-01  6.541165925264760e-01 -6.539157199747816e-01  2.220396146929806e-01 -6.539157199747816e-01  1.942542253355683e-03 
-6.499157199747816e-01  1.546508950730907e+00 -6.499157199747816e-01  1.221516308011254e+00 -6.499157199747816e-01  1.097881441360539e+00 -6.499157199747816e-01  1.425133218088679e-01 -6.499157199747816e-01  6.488716630701284e-04 -6.499157199747816e-01  6.554928631496040e-01 -6.499157199747816e-01  2.218544336892997e-01 -6.499157199747816e-01  1.938719754430011e-03 
-6.459157199747816e-01  1.545548580977066e+00 -6.459157199747816e-01  1.222480223271480e+00 -6.459157199747816e-01  1.096638724916269e+00 -6.459157199747816e-01  1.428435768047818e-01 -6.459157199747816e-01  6.526832337947505e-04 -6.459157199747816e-01  6.568696493028627e-01 -6.459157199747816e-01  2.216689795709399e-01 -6.459157199747816e-01  1.934894116872608e-03 
-6.419157199747816e-01  1.544587383212505e+00 -6.419157199747816e-01  1.223444920995351e+00 -6.419157199747816e-01  1.095394327071102e+00 -6.419157199747816e-01  1.431730288419460e-01 -6.419157199747816e-01  6.564980906892596e-04 -6.419157199747816e-01  6.582469433647143e-01 -6.419157199747816e-01  2.214832522256814e-01 -6.419157199747816e-01  1.931065373832357e-03 
-6.379157199747816e-01  1.543625366226963e+00 -6.379157199747816e-01  1.224410392946893e+00 -6.379157199747816e-01  1.094148263420629e+00 -6.379157199747816e-01  1.435016816952045e-01 -6.379157199747816e-01  6.603161988691691e-04 -6.379157199747816e-01  6.596247377970510e-01 -6.379157199747816e-01  2.212972515237080e-01 -6.379157199747816e-01  1.927233557996617e-03 
-6.339157199747816e-01  1.542662538721508e+00 -6.339157199747816e-01  1.225376630969486e+00 -6.339157199747816e-01  1.092900549390364e+00 -6.339157199747816e-01  1.438295391215959e-01 -6.339157199747816e-01  6.641375238018873e-04 -6.339157199747816e-01  6.610030251205179e-01 -6.339157199747816e-01  2.211109773241193e-01 -6.339157199747816e-01  1.923398701737825e-03 
-6.299157199747816e-01  1.541698909302549e+00 -6.299157199747816e-01  1.226343626957606e+00 -6.299157199747816e-01  1.091651200234415e+00 -6.299157199747816e-01  1.441566048626678e-01 -6.299157199747816e-01  6.679620313305537e-04 -6.299157199747816e-01  6.623817978956106e-01 -6.299157199747816e-01  2.209244294799178e-01 -6.299157199747816e-01  1.919560837225610e-03 
-6.259157199747816e-01  1.540734486514857e+00 -6.259157199747816e-01  1.227311372973260e+00 -6.259157199747816e-01  1.090400231054493e+00 -6.259157199747816e-01  1.444828826338459e-01 -6.259157199747816e-01  6.717896875429450e-04 -6.259157199747816e-01  6.637610488000369e-01 -6.259157199747816e-01  2.207376078170106e-01 -6.259157199747816e-01  1.915719995964686e-03 
-6.219157199747816e-01  1.539769278780207e+00 -6.219157199747816e-01  1.228279861013175e+00 -6.219157199747816e-01  1.089147656769631e+00 -6.219157199747816e-01  1.448083761450995e-01 -6.219157199747816e-01  6.756204590149885e-04 -6.219157199747816e-01  6.651407704737464e-01 -6.219157199747816e-01  2.205505121759503e-01 -6.219157199747816e-01  1.911876209718859e-03 
-6.179157199747816e-01  1.538803294477947e+00 -6.179157199747816e-01  1.229249083300893e+00 -6.179157199747816e-01  1.087893492160010e+00 -6.179157199747816e-01  1.451330890746145e-01 -6.179157199747816e-01  6.794543124910346e-04 -6.179157199747816e-01  6.665209557131221e-01 -6.179157199747816e-01  2.203631423593436e-01 -6.179157199747816e-01  1.908029509351741e-03 
-6.139157199747816e-01  1.537836541871096e+00 -6.139157199747816e-01  1.230219032008307e+00 -6.139157199747816e-01  1.086637751829965e+00 -6.139157199747816e-01  1.454570250935178e-01 -6.139157199747816e-01  6.832912151771457e-04 -6.139157199747816e-01  6.679015972856804e-01 -6.139157199747816e-01  2.201754981818569e-01 -6.139157199747816e-01  1.904179925931967e-03 
-6.099157199747816e-01  1.536869029156961e+00 -6.099157199747816e-01  1.231189699436980e+00 -6.099157199747816e-01  1.085380450236148e+00 -6.099157199747816e-01  1.457801878495106e-01 -6.099157199747816e-01  6.871311345401675e-04 -6.099157199747816e-01  6.692826880505454e-01 -6.099157199747816e-01  2.199875794375031e-01 -6.099157199747816e-01  1.900327490013472e-03 
-6.059157199747816e-01  1.535900764466353e+00 -6.059157199747816e-01  1.232161078009405e+00 -6.059157199747816e-01  1.084121601688861e+00 -6.059157199747816e-01  1.461025809675353e-01 -6.059157199747816e-01  6.909740383109180e-04 -6.059157199747816e-01  6.706642209525266e-01 -6.059157199747816e-01  2.197993859010877e-01 -6.059157199747816e-01  1.896472231670270e-03 
-6.019157199747815e-01  1.534931755822434e+00 -6.019157199747815e-01  1.233133160112730e+00 -6.019157199747815e-01  1.082861220331876e+00 -6.019157199747815e-01  1.464242080634989e-01 -6.019157199747815e-01  6.948198946474258e-04 -6.019157199747815e-01  6.720461889181392e-01 -6.019157199747815e-01  2.196109173563519e-01 -6.019157199747815e-01  1.892614181116659e-03 
-5.979157199747815e-01  1.533962011196023e+00 -5.979157199747815e-01  1.234105938296433e+00 -5.979157199747815e-01  1.081599320173256e+00 -5.979157199747815e-01  1.467450727265875e-01 -5.979157199747815e-01  6.986686719154850e-04 -5.979157199747815e-01  6.734285849868925e-01 -5.979157199747815e-01  2.194221735601817e-01 -5.979157199747815e-01  1.888753367922631e-03 
-5.939157199747815e-01  1.532991538466518e+00 -5.939157199747815e-01  1.235079405123923e+00 -5.939157199747815e-01  1.080335915066223e+00 -5.939157199747815e-01  1.470651785322996e-01 -5.939157199747815e-01  7.025203388437346e-04 -5.939157199747815e-01  6.748114022125642e-01 -5.939157199747815e-01  2.192331542693459e-01 -5.939157199747815e-01  1.884889821602945e-03 
-5.899157199747815e-01  1.532020345454019e+00 -5.899157199747815e-01  1.236053553284907e+00 -5.899157199747815e-01  1.079071018727748e+00 -5.899157199747815e-01  1.473845290323874e-01 -5.899157199747815e-01  7.063748643961899e-04 -5.899157199747815e-01  6.761946337377595e-01 -5.899157199747815e-01  2.190438592200669e-01 -5.899157199747815e-01  1.881023571171077e-03 
-5.859157199747815e-01  1.531048439887138e+00 -5.859157199747815e-01  1.237028375472890e+00 -5.859157199747815e-01  1.077804644722899e+00 -5.859157199747815e-01  1.477031277655541e-01 -5.859157199747815e-01  7.102322178999586e-04 -5.859157199747815e-01  6.775782727124230e-01 -5.859157199747815e-01  2.188542881501371e-01 -5.859157199747815e-01  1.877154645625425e-03 
-5.819157199747815e-01  1.530075829425867e+00 -5.819157199747815e-01  1.238003864463741e+00 -5.819157199747815e-01  1.076536806478488e+00 -5.819157199747815e-01  1.480209782503952e-01 -5.819157199747815e-01  7.140923689544787e-04 -5.819157199747815e-01  6.789623123459392e-01 -5.819157199747815e-01  2.186644407846058e-01 -5.819157199747815e-01  1.873283073637497e-03 
-5.779157199747815e-01  1.529102521674610e+00 -5.779157199747815e-01  1.238980013158274e+00 -5.779157199747815e-01  1.075267517291537e+00 -5.779157199747815e-01  1.483380839816057e-01 -5.779157199747815e-01  7.179552873798606e-04 -5.779157199747815e-01  6.803467459352928e-01 -5.779157199747815e-01  2.184743168279259e-01 -5.779157199747815e-01  1.869408883382900e-03 
-5.739157199747815e-01  1.528128524146968e+00 -5.739157199747815e-01  1.239956814449179e+00 -5.739157199747815e-01  1.073996790311826e+00 -5.739157199747815e-01  1.486544484415351e-01 -5.739157199747815e-01  7.218209433565771e-04 -5.739157199747815e-01  6.817315667766055e-01 -5.739157199747815e-01  2.182839159880688e-01 -5.739157199747815e-01  1.865532103069530e-03 
-5.699157199747815e-01  1.527153844289567e+00 -5.699157199747815e-01  1.240934261303317e+00 -5.699157199747815e-01  1.072724638556037e+00 -5.699157199747815e-01  1.489700750928822e-01 -5.699157199747815e-01  7.256893073309074e-04 -5.699157199747815e-01  6.831167682196897e-01 -5.699157199747815e-01  2.180932379614905e-01 -5.699157199747815e-01  1.861652760610857e-03 
-5.659157199747815e-01  1.526178489496540e+00 -5.659157199747815e-01  1.241912346809334e+00 -5.659157199747815e-01  1.071451074916974e+00 -5.659157199747815e-01  1.492849673744705e-01 -5.659157199747815e-01  7.295603499575102e-04 -5.659157199747815e-01  6.845023436995259e-01 -5.659157199747815e-01  2.179022824243428e-01 -5.659157199747815e-01  1.857770883437019e-03 
-5.619157199747815e-01  1.525202467072398e+00 -5.619157199747815e-01  1.242891064038671e+00 -5.619157199747815e-01  1.070176112144884e+00 -5.619157199747815e-01  1.495991287132976e-01 -5.619157199747815e-01  7.334340422467199e-04 -5.619157199747815e-01  6.858882866439298e-01 -5.619157199747815e-01  2.177110490577491e-01 -5.619157199747815e-01  1.853886499046479e-03 
-5.579157199747815e-01  1.524225784267902e+00 -5.579157199747815e-01  1.243870406171004e+00 -5.579157199747815e-01  1.068899762868143e+00 -5.579157199747815e-01  1.499125625135194e-01 -5.579157199747815e-01  7.373103554222001e-04 -5.579157199747815e-01  6.872745905566858e-01 -5.579157199747815e-01  2.175195375248305e-01 -5.579157199747815e-01  1.849999634508080e-03 
-5.539157199747815e-01  1.523248448268452e+00 -5.539157199747815e-01  1.244850366447812e+00 -5.539157199747815e-01  1.067622039588318e+00 -5.539157199747815e-01  1.502252721604519e-01 -5.539157199747815e-01  7.411892609670409e-04 -5.539157199747815e-01  6.886612489866388e-01 -5.539157199747815e-01  2.173277474790875e-01 -5.539157199747815e-01  1.846110316645375e-03 
-5.499157199747815e-01  1.522270466186852e+00 -5.499157199747815e-01  1.245830938141895e+00 -5.499157199747815e-01  1.066342954677499e+00 -5.499157199747815e-01  1.505372610231350e-01 -5.499157199747815e-01  7.450707306524380e-04 -5.499157199747815e-01  6.900482555073635e-01 -5.499157199747815e-01  2.171356785699090e-01 -5.499157199747815e-01  1.842218572157661e-03 
-5.459157199747815e-01  1.521291845081609e+00 -5.459157199747815e-01  1.246812114619177e+00 -5.459157199747815e-01  1.065062520389533e+00 -5.459157199747815e-01  1.508485324489365e-01 -5.459157199747815e-01  7.489547364651143e-04 -5.459157199747815e-01  6.914356037580559e-01 -5.459157199747815e-01  2.169433304311629e-01 -5.459157199747815e-01  1.838324427374594e-03 
-5.419157199747815e-01  1.520312591941923e+00 -5.419157199747815e-01  1.247793889280362e+00 -5.419157199747815e-01  1.063780748853081e+00 -5.419157199747815e-01  1.511590897685437e-01 -5.419157199747815e-01  7.528412506668368e-04 -5.419157199747815e-01  6.928232874047394e-01 -5.419157199747815e-01  2.167507026918062e-01 -5.419157199747815e-01  1.834427908487795e-03 
-5.379157199747815e-01  1.519332713690236e+00 -5.379157199747815e-01  1.248776255566165e+00 -5.379157199747815e-01  1.062497652074219e+00 -5.379157199747815e-01  1.514689362954616e-01 -5.379157199747815e-01  7.567302457843446e-04 -5.379157199747815e-01  6.942113001436386e-01 -5.379157199747815e-01  2.165577949748657e-01 -5.379157199747815e-01  1.830529041530122e-03 
-5.339157199747815e-01  1.518352217204543e+00 -5.339157199747815e-01  1.249759207033198e+00 -5.339157199747815e-01  1.061213241949866e+00 -5.339157199747815e-01  1.517780753194365e-01 -5.339157199747815e-01  7.606216945207524e-04 -5.339157199747815e-01  6.955996357513620e-01 -5.339157199747815e-01  2.163646068833830e-01 -5.339157199747815e-01  1.826627852074405e-03 
-5.299157199747815e-01  1.517371109284608e+00 -5.299157199747815e-01  1.250742737228792e+00 -5.299157199747815e-01  1.059927530250456e+00 -5.299157199747815e-01  1.520865101171981e-01 -5.299157199747815e-01  7.645155698897100e-04 -5.299157199747815e-01  6.969882880018466e-01 -5.299157199747815e-01  2.161711380233691e-01 -5.299157199747815e-01  1.822724365730355e-03 
-5.259157199747815e-01  1.516389396675894e+00 -5.259157199747815e-01  1.251726839773002e+00 -5.259157199747815e-01  1.058640528634207e+00 -5.259157199747815e-01  1.523942439453637e-01 -5.259157199747815e-01  7.684118451203471e-04 -5.259157199747815e-01  6.983772507205999e-01 -5.259157199747815e-01  2.159773879886405e-01 -5.259157199747815e-01  1.818818607819042e-03 
-5.219157199747815e-01  1.515407086077461e+00 -5.219157199747815e-01  1.252711508382746e+00 -5.219157199747815e-01  1.057352248652648e+00 -5.219157199747815e-01  1.527012800383593e-01 -5.219157199747815e-01  7.723104936259536e-04 -5.219157199747815e-01  6.997665178005706e-01 -5.219157199747815e-01  2.157833563562531e-01 -5.219157199747815e-01  1.814910603277081e-03 
-5.179157199747815e-01  1.514424184110903e+00 -5.179157199747815e-01  1.253696736757091e+00 -5.179157199747815e-01  1.056062701734615e+00 -5.179157199747815e-01  1.530076216182117e-01 -5.179157199747815e-01  7.762114891272890e-04 -5.179157199747815e-01  7.011560831260735e-01 -5.179157199747815e-01  2.155890427076137e-01 -5.179157199747815e-01  1.811000377111945e-03 
-5.139157199747815e-01  1.513440697351687e+00 -5.139157199747815e-01  1.254682518685380e+00 -5.139157199747815e-01  1.054771899204639e+00 -5.139157199747815e-01  1.533132718852667e-01 -5.139157199747815e-01  7.801148055281783e-04 -5.139157199747815e-01  7.025459406442944e-01 -5.139157199747815e-01  2.153944466084305e-01 -5.139157199747815e-01  1.807087953972799e-03 
-5.099157199747815e-01  1.512456632324582e+00 -5.099157199747815e-01  1.255668848027244e+00 -5.099157199747815e-01  1.053479852281538e+00 -5.099157199747815e-01  1.536182340199128e-01 -5.099157199747815e-01  7.840204169336509e-04 -5.099157199747815e-01  7.039360843519460e-01 -5.099157199747815e-01  2.151995676123030e-01 -5.099157199747815e-01  1.803173358229891e-03 
-5.059157199747815e-01  1.511471995484669e+00 -5.059157199747815e-01  1.256655718641170e+00 -5.059157199747815e-01  1.052186572068956e+00 -5.059157199747815e-01  1.539225111886189e-01 -5.059157199747815e-01  7.879282977253120e-04 -5.059157199747815e-01  7.053265082478695e-01 -5.059157199747815e-01  2.150044052738860e-01 -5.059157199747815e-01  1.799256614257955e-03 
-5.019157199747815e-01  1.510486793245997e+00 -5.019157199747815e-01  1.257643124483109e+00 -5.019157199747815e-01  1.050892069572313e+00 -5.019157199747815e-01  1.542261065355611e-01 -5.019157199747815e-01  7.918384224476284e-04 -5.019157199747815e-01  7.067172063982179e-01 -5.019157199747815e-01  2.148089591305281e-01 -5.019157199747815e-01  1.795337746044955e-03 
-4.979157199747815e-01  1.509501031966872e+00 -4.979157199747815e-01  1.258631059550371e+00 -4.979157199747815e-01  1.049596355691693e+00 -4.979157199747815e-01  1.545290231873756e-01 -4.979157199747815e-01  7.957507658662943e-04 -4.979157199747815e-01  7.081081728991931e-01 -4.979157199747815e-01  2.146132287125838e-01 -4.979157199747815e-01  1.791416777414679e-03 
-4.939157199747815e-01  1.508514717942175e+00 -4.939157199747815e-01  1.259619517851113e+00 -4.939157199747815e-01  1.048299441218559e+00 -4.939157199747815e-01  1.548312642557309e-01 -4.939157199747815e-01  7.996653029987241e-04 -4.939157199747815e-01  7.094994018567818e-01 -4.939157199747815e-01  2.144172135490283e-01 -4.939157199747815e-01  1.787493732147846e-03 
-4.899157199747814e-01  1.507527857432674e+00 -4.899157199747814e-01  1.260608493504686e+00 -4.899157199747814e-01  1.047001336853120e+00 -4.899157199747814e-01  1.551328328288461e-01 -4.899157199747814e-01  8.035820089976997e-04 -4.899157199747814e-01  7.108908874530124e-01 -4.899157199747814e-01  2.142209131486923e-01 -4.899157199747814e-01  1.783568633583914e-03 
-4.859157199747814e-01  1.506540456626247e+00 -4.859157199747814e-01  1.261597980600987e+00 -4.859157199747814e-01  1.045702053183656e+00 -4.859157199747814e-01  1.554337319833625e-01 -4.859157199747814e-01  8.075008593053219e-04 -4.859157199747814e-01  7.122826238528437e-01 -4.859157199747814e-01  2.140243270263895e-01 -4.859157199747814e-01  1.779641505179183e-03 
-4.819157199747814e-01  1.505552521673101e+00 -4.819157199747814e-01  1.262587973321862e+00 -4.819157199747814e-01  1.044401600707170e+00 -4.819157199747814e-01  1.557339647741113e-01 -4.819157199747814e-01  8.114218295131748e-04 -4.819157199747814e-01  7.136746052843408e-01 -4.819157199747814e-01  2.138274546802115e-01 -4.819157199747814e-01  1.775712370025071e-03 
-4.779157199747814e-01  1.504564058678018e+00 -4.779157199747814e-01  1.263578465910112e+00 -4.779157199747814e-01  1.043099989826045e+00 -4.779157199747814e-01  1.560335342367389e-01 -4.779157199747814e-01  8.153448953931222e-04 -4.779157199747814e-01  7.150668260180607e-01 -4.779157199747814e-01  2.136302955971986e-01 -4.779157199747814e-01  1.771781250971029e-03 
-4.739157199747814e-01  1.503575073678454e+00 -4.739157199747814e-01  1.264569452589277e+00 -4.739157199747814e-01  1.041797230836655e+00 -4.739157199747814e-01  1.563324433944502e-01 -4.739157199747814e-01  8.192700329842607e-04 -4.739157199747814e-01  7.164592803139482e-01 -4.739157199747814e-01  2.134328492682903e-01 -4.739157199747814e-01  1.767848170942993e-03 
-4.699157199747814e-01  1.502585572689540e+00 -4.699157199747814e-01  1.265560927718823e+00 -4.699157199747814e-01  1.040493333955623e+00 -4.699157199747814e-01  1.566306952450017e-01 -4.699157199747814e-01  8.231972184142261e-04 -4.699157199747814e-01  7.178519625237697e-01 -4.699157199747814e-01  2.132351151591758e-01 -4.699157199747814e-01  1.763913152327423e-03 
-4.659157199747814e-01  1.501595561659027e+00 -4.659157199747814e-01  1.266552885632458e+00 -4.659157199747814e-01  1.039188309295360e+00 -4.659157199747814e-01  1.569282927742744e-01 -4.659157199747814e-01  8.271264280781272e-04 -4.659157199747814e-01  7.192448669841726e-01 -4.659157199747814e-01  2.130370927405053e-01 -4.659157199747814e-01  1.759976217612963e-03 
-4.619157199747814e-01  1.500605046490999e+00 -4.619157199747814e-01  1.267545320718495e+00 -4.619157199747814e-01  1.037882166878317e+00 -4.619157199747814e-01  1.572252389495413e-01 -4.619157199747814e-01  8.310576385443465e-04 -4.619157199747814e-01  7.206379880697027e-01 -4.619157199747814e-01  2.128387814727670e-01 -4.619157199747814e-01  1.756037389071597e-03 
-4.579157199747814e-01  1.499614033047876e+00 -4.579157199747814e-01  1.268538227423825e+00 -4.579157199747814e-01  1.036574916639010e+00 -4.579157199747814e-01  1.575215367191746e-01 -4.579157199747814e-01  8.349908265466454e-04 -4.579157199747814e-01  7.220313201952950e-01 -4.579157199747814e-01  2.126401808054420e-01 -4.579157199747814e-01  1.752096688742789e-03 
-4.539157199747814e-01  1.498622527144474e+00 -4.539157199747814e-01  1.269531600229952e+00 -4.539157199747814e-01  1.035266568421533e+00 -4.539157199747814e-01  1.578171890146514e-01 -4.539157199747814e-01  8.389259690076622e-04 -4.539157199747814e-01  7.234248578003473e-01 -4.539157199747814e-01  2.124412901814283e-01 -4.539157199747814e-01  1.748154138528621e-03 
-4.499157199747814e-01  1.497630534543081e+00 -4.499157199747814e-01  1.270525433633021e+00 -4.499157199747814e-01  1.033957131977617e+00 -4.499157199747814e-01  1.581121987522442e-01 -4.499157199747814e-01  8.428630430585566e-04 -4.499157199747814e-01  7.248185953354537e-01 -4.499157199747814e-01  2.122421090407454e-01 -4.499157199747814e-01  1.744209760273094e-03 
-4.459157199747814e-01  1.496638060979137e+00 -4.459157199747814e-01  1.271519722230516e+00 -4.459157199747814e-01  1.032646616982048e+00 -4.459157199747814e-01  1.584065688258410e-01 -4.459157199747814e-01  8.468020259369861e-04 -4.459157199747814e-01  7.262125273194864e-01 -4.459157199747814e-01  2.120426368040849e-01 -4.459157199747814e-01  1.740263575418005e-03 
-4.419157199747814e-01  1.495645112124847e+00 -4.419157199747814e-01  1.272514460591284e+00 -4.419157199747814e-01  1.031335033012835e+00 -4.419157199747814e-01  1.587003021177538e-01 -4.419157199747814e-01  8.507428951316296e-04 -4.419157199747814e-01  7.276066482537527e-01 -4.419157199747814e-01  2.118428728972760e-01 -4.419157199747814e-01  1.736315605518801e-03 
-4.379157199747814e-01  1.494651693623729e+00 -4.379157199747814e-01  1.273509643373395e+00 -4.379157199747814e-01  1.030022389571665e+00 -4.379157199747814e-01  1.589934014889831e-01 -4.379157199747814e-01  8.546856282449735e-04 -4.379157199747814e-01  7.290009526996257e-01 -4.379157199747814e-01  2.116428167289379e-01 -4.379157199747814e-01  1.732365871776800e-03 
-4.339157199747814e-01  1.493657811071432e+00 -4.339157199747814e-01  1.274505265254296e+00 -4.339157199747814e-01  1.028708696073792e+00 -4.339157199747814e-01  1.592858697850262e-01 -4.339157199747814e-01  8.586302030695099e-04 -4.339157199747814e-01  7.303954352323792e-01 -4.339157199747814e-01  2.114424677036044e-01 -4.339157199747814e-01  1.728414395316427e-03 
-4.299157199747814e-01  1.492663470024080e+00 -4.299157199747814e-01  1.275501320957240e+00 -4.299157199747814e-01  1.027393961853597e+00 -4.299157199747814e-01  1.595777098337274e-01 -4.299157199747814e-01  8.625765975545403e-04 -4.299157199747814e-01  7.317900904585071e-01 -4.299157199747814e-01  2.112418252166448e-01 -4.299157199747814e-01  1.724461197080351e-03 
-4.259157199747814e-01  1.491668675989469e+00 -4.259157199747814e-01  1.276497805217859e+00 -4.259157199747814e-01  1.026078196160319e+00 -4.259157199747814e-01  1.598689244480537e-01 -4.259157199747814e-01  8.665247898412201e-04 -4.259157199747814e-01  7.331849129935825e-01 -4.259157199747814e-01  2.110408886605322e-01 -4.259157199747814e-01  1.720506297962007e-03 
-4.219157199747814e-01  1.490673434434703e+00 -4.219157199747814e-01  1.277494712808263e+00 -4.219157199747814e-01  1.024761408163176e+00 -4.219157199747814e-01  1.601595164241479e-01 -4.219157199747814e-01  8.704747582321846e-04 -4.219157199747814e-01  7.345798974780651e-01 -4.219157199747814e-01  2.108396574202117e-01 -4.219157199747814e-01  1.716549718710152e-03 
-4.179157199747814e-01  1.489677750809982e+00 -4.179157199747814e-01  1.278492038616534e+00 -4.179157199747814e-01  1.023443606965809e+00 -4.179157199747814e-01  1.604494885348439e-01 -4.179157199747814e-01  8.744264810971166e-04 -4.179157199747814e-01  7.359750386295039e-01 -4.179157199747814e-01  2.106381308578493e-01 -4.179157199747814e-01  1.712591479613271e-03 
-4.139157199747814e-01  1.488681630494380e+00 -4.139157199747814e-01  1.279489777456394e+00 -4.139157199747814e-01  1.022124801575883e+00 -4.139157199747814e-01  1.607388435453182e-01 -4.139157199747814e-01  8.783799370880335e-04 -4.139157199747814e-01  7.373703311171155e-01 -4.139157199747814e-01  2.104363083490187e-01 -4.139157199747814e-01  1.708631601254887e-03 
-4.099157199747814e-01  1.487685078845915e+00 -4.099157199747814e-01  1.280487924238075e+00 -4.099157199747814e-01  1.020805000934576e+00 -4.099157199747814e-01  1.610275841991101e-01 -4.099157199747814e-01  8.823351049404697e-04 -4.099157199747814e-01  7.387657696741838e-01 -4.099157199747814e-01  2.102341892500756e-01 -4.099157199747814e-01  1.704670103835563e-03 
-4.059157199747814e-01  1.486688101178215e+00 -4.059157199747814e-01  1.281486473884979e+00 -4.059157199747814e-01  1.019484213903885e+00 -4.059157199747814e-01  1.613157132249905e-01 -4.059157199747814e-01  8.862919635661323e-04 -4.059157199747814e-01  7.401613490430988e-01 -4.059157199747814e-01  2.100317729139634e-01 -4.059157199747814e-01  1.700707007503555e-03 
-4.019157199747814e-01  1.485690702780533e+00 -4.019157199747814e-01  1.282485421400209e+00 -4.019157199747814e-01  1.018162449278901e+00 -4.019157199747814e-01  1.616032333315773e-01 -4.019157199747814e-01  8.902504919735021e-04 -4.019157199747814e-01  7.415570640190006e-01 -4.019157199747814e-01  2.098290586774045e-01 -4.019157199747814e-01  1.696742332090818e-03 
-3.979157199747814e-01  1.484692888879723e+00 -3.979157199747814e-01  1.283484761733109e+00 -3.979157199747814e-01  1.016839715766527e+00 -3.979157199747814e-01  1.618901472182417e-01 -3.979157199747814e-01  8.942106694186454e-04 -3.979157199747814e-01  7.429529093619078e-01 -3.979157199747814e-01  2.096260458863946e-01 -3.979157199747814e-01  1.692776097642659e-03 
-3.939157199747814e-01  1.483694664687311e+00 -3.939157199747814e-01  1.284484489939018e+00 -3.939157199747814e-01  1.015516022013372e+00 -3.939157199747814e-01  1.621764575621444e-01 -3.939157199747814e-01  8.981724752185010e-04 -3.939157199747814e-01  7.443488799016742e-01 -3.939157199747814e-01  2.094227338655133e-01 -3.939157199747814e-01  1.688808323783698e-03 
-3.899157199747814e-01  1.482696035377969e+00 -3.899157199747814e-01  1.285484601102548e+00 -3.899157199747814e-01  1.014191376594010e+00 -3.899157199747814e-01  1.624621670245284e-01 -3.899157199747814e-01  9.021358888362389e-04 -3.899157199747814e-01  7.457449704874183e-01 -3.899157199747814e-01  2.092191219325307e-01 -3.899157199747814e-01  1.684839030022404e-03 
-3.859157199747814e-01  1.481697006075662e+00 -3.859157199747814e-01  1.286485090287853e+00 -3.859157199747814e-01  1.012865788003592e+00 -3.859157199747814e-01  1.627472782547925e-01 -3.859157199747814e-01  9.061008899362868e-04 -3.859157199747814e-01  7.471411759547391e-01 -3.859157199747814e-01  2.090152094079180e-01 -3.859157199747814e-01  1.680868235948407e-03 
-3.819157199747814e-01  1.480697581888530e+00 -3.819157199747814e-01  1.287485952655933e+00 -3.819157199747814e-01  1.011539264678749e+00 -3.819157199747814e-01  1.630317938810223e-01 -3.819157199747814e-01  9.100674582458358e-04 -3.819157199747814e-01  7.485374912026960e-01 -3.819157199747814e-01  2.088109955921919e-01 -3.819157199747814e-01  1.676895960766974e-03 
-3.779157199747814e-01  1.479697767869549e+00 -3.779157199747814e-01  1.288487183327471e+00 -3.779157199747814e-01  1.010211814975389e+00 -3.779157199747814e-01  1.633157165211432e-01 -3.779157199747814e-01  9.140355737110608e-04 -3.779157199747814e-01  7.499339111035929e-01 -3.779157199747814e-01  2.086064797922725e-01 -3.779157199747814e-01  1.672922223843435e-03 
-3.739157199747813e-01  1.478697569055215e+00 -3.739157199747813e-01  1.289488777513094e+00 -3.739157199747813e-01  1.008883447191834e+00 -3.739157199747813e-01  1.635990487724285e-01 -3.739157199747813e-01  9.180052163434858e-04 -3.739157199747813e-01  7.513304305884279e-01 -3.739157199747813e-01  2.084016612962746e-01 -3.739157199747813e-01  1.668947044186065e-03 
-3.699157199747813e-01  1.477696990452558e+00 -3.699157199747813e-01  1.290490730466410e+00 -3.699157199747813e-01  1.007554169561918e+00 -3.699157199747813e-01  1.638817932153558e-01 -3.699157199747813e-01  9.219763662716037e-04 -3.699157199747813e-01  7.527270446159166e-01 -3.699157199747813e-01  2.081965393824654e-01 -3.699157199747813e-01  1.664970440632613e-03 
-3.659157199747813e-01  1.476696037005673e+00 -3.659157199747813e-01  1.291493037367867e+00 -3.659157199747813e-01  1.006223990236052e+00 -3.659157199747813e-01  1.641639524230026e-01 -3.659157199747813e-01  9.259490038736667e-04 -3.659157199747813e-01  7.541237480961869e-01 -3.659157199747813e-01  2.079911133417054e-01 -3.659157199747813e-01  1.660992432311164e-03 
-3.619157199747813e-01  1.475694713667656e+00 -3.619157199747813e-01  1.292495693567748e+00 -3.619157199747813e-01  1.004892917323848e+00 -3.619157199747813e-01  1.644455289415259e-01 -3.619157199747813e-01  9.299231094921733e-04 -3.619157199747813e-01  7.555205360501218e-01 -3.619157199747813e-01  2.077853824302823e-01 -3.619157199747813e-01  1.657013037675760e-03 
-3.579157199747813e-01  1.474693025322661e+00 -3.579157199747813e-01  1.293498694318404e+00 -3.579157199747813e-01  1.003560958849181e+00 -3.579157199747813e-01  1.647265253117553e-01 -3.579157199747813e-01  9.338986637432797e-04 -3.579157199747813e-01  7.569174034335675e-01 -3.579157199747813e-01  2.075793459217586e-01 -3.579157199747813e-01  1.653032275569120e-03 
-3.539157199747813e-01  1.473690976850841e+00 -3.539157199747813e-01  1.294502034993324e+00 -3.539157199747813e-01  1.002228122788756e+00 -3.539157199747813e-01  1.650069440516398e-01 -3.539157199747813e-01  9.378756472589670e-04 -3.539157199747813e-01  7.583143452809274e-01 -3.539157199747813e-01  2.073730030643686e-01 -3.539157199747813e-01  1.649050164353166e-03 
-3.499157199747813e-01  1.472688573086066e+00 -3.499157199747813e-01  1.295505710941033e+00 -3.499157199747813e-01  1.000894417047955e+00 -3.499157199747813e-01  1.652867876680191e-01 -3.499157199747813e-01  9.418540408549263e-04 -3.499157199747813e-01  7.597113566092343e-01 -3.499157199747813e-01  2.071663531093318e-01 -3.499157199747813e-01  1.645066722488944e-03 
-3.459157199747813e-01  1.471685818832233e+00 -3.459157199747813e-01  1.296509717538682e+00 -3.459157199747813e-01  9.995598494709452e-01 -3.459157199747813e-01  1.655660586523754e-01 -3.459157199747813e-01  9.458338254657800e-04 -3.459157199747813e-01  7.611084324531953e-01 -3.459157199747813e-01  2.069593953003698e-01 -3.459157199747813e-01  1.641081968323848e-03 
-3.419157199747813e-01  1.470682718880068e+00 -3.419157199747813e-01  1.297514050246696e+00 -3.419157199747813e-01  9.982244278511485e-01 -3.419157199747813e-01  1.658447594765222e-01 -3.419157199747813e-01  9.498149820784291e-04 -3.419157199747813e-01  7.625055679008655e-01 -3.419157199747813e-01  2.067521288629354e-01 -3.419157199747813e-01  1.637095919874781e-03 
-3.379157199747813e-01  1.469679277961918e+00 -3.379157199747813e-01  1.298518704453776e+00 -3.379157199747813e-01  9.968881599052076e-01 -3.379157199747813e-01  1.661228926050256e-01 -3.379157199747813e-01  9.537974919114380e-04 -3.379157199747813e-01  7.639027579920191e-01 -3.379157199747813e-01  2.065445530344311e-01 -3.379157199747813e-01  1.633108595443308e-03 
-3.339157199747813e-01  1.468675500812623e+00 -3.339157199747813e-01  1.299523675680840e+00 -3.339157199747813e-01  9.955510533093610e-01 -3.339157199747813e-01  1.664004604789949e-01 -3.339157199747813e-01  9.577813361735174e-04 -3.339157199747813e-01  7.652999978515975e-01 -3.339157199747813e-01  2.063366670242468e-01 -3.339157199747813e-01  1.629120012806256e-03 
-3.299157199747813e-01  1.467671392114542e+00 -3.299157199747813e-01  1.300528959393144e+00 -3.299157199747813e-01  9.942131156676103e-01 -3.299157199747813e-01  1.666774655310979e-01 -3.299157199747813e-01  9.617664962815960e-04 -3.299157199747813e-01  7.666972825665790e-01 -3.299157199747813e-01  2.061284700504521e-01 -3.299157199747813e-01  1.625130189961311e-03 
-3.259157199747813e-01  1.466666956530939e+00 -3.259157199747813e-01  1.301534551111228e+00 -3.259157199747813e-01  9.928743545319365e-01 -3.259157199747813e-01  1.669539101767844e-01 -3.259157199747813e-01  9.657529537284358e-04 -3.259157199747813e-01  7.680946072585147e-01 -3.259157199747813e-01  2.059199613180063e-01 -3.259157199747813e-01  1.621139144686851e-03 
-3.219157199747813e-01  1.465662198699307e+00 -3.219157199747813e-01  1.302540446386282e+00 -3.219157199747813e-01  9.915347773988876e-01 -3.219157199747813e-01  1.672297968162914e-01 -3.219157199747813e-01  9.697406901090313e-04 -3.219157199747813e-01  7.694919670672729e-01 -3.219157199747813e-01  2.057111400234847e-01 -3.219157199747813e-01  1.617146894639504e-03 
-3.179157199747813e-01  1.464657123234327e+00 -3.179157199747813e-01  1.303546640808253e+00 -3.179157199747813e-01  9.901943917118743e-01 -3.179157199747813e-01  1.675051278340694e-01 -3.179157199747813e-01  9.737296871089067e-04 -3.179157199747813e-01  7.708893571562333e-01 -3.179157199747813e-01  2.055020053533978e-01 -3.179157199747813e-01  1.613153457322114e-03 
-3.139157199747813e-01  1.463651734708093e+00 -3.139157199747813e-01  1.304553129937444e+00 -3.139157199747813e-01  9.888532048499501e-01 -3.139157199747813e-01  1.677799056042391e-01 -3.139157199747813e-01  9.777199265826281e-04 -3.139157199747813e-01  7.722867726674502e-01 -3.139157199747813e-01  2.052925564976105e-01 -3.139157199747813e-01  1.609158850355205e-03 
-3.099157199747813e-01  1.462646037683218e+00 -3.099157199747813e-01  1.305559909413934e+00 -3.099157199747813e-01  9.875112241479475e-01 -3.099157199747813e-01  1.680541324819845e-01 -3.099157199747813e-01  9.817113904223532e-04 -3.099157199747813e-01  7.736842087930836e-01 -3.099157199747813e-01  2.050827926276842e-01 -3.099157199747813e-01  1.605163091042660e-03 
-3.059157199747813e-01  1.461640036688958e+00 -3.059157199747813e-01  1.306566974875526e+00 -3.059157199747813e-01  9.861684568828180e-01 -3.059157199747813e-01  1.683278108101032e-01 -3.059157199747813e-01  9.857040606526201e-04 -3.059157199747813e-01  7.750816607216414e-01 -3.059157199747813e-01  2.048727129129805e-01 -3.059157199747813e-01  1.601166196697387e-03 
-3.019157199747813e-01  1.460633736227165e+00 -3.019157199747813e-01  1.307574321975908e+00 -3.019157199747813e-01  9.848249102776544e-01 -3.019157199747813e-01  1.686009429176137e-01 -3.019157199747813e-01  9.896979194067579e-04 -3.019157199747813e-01  7.764791236497511e-01 -3.019157199747813e-01  2.046623165170136e-01 -3.019157199747813e-01  1.597168184569230e-03 
-2.979157199747813e-01  1.459627140782282e+00 -2.979157199747813e-01  1.308581946416368e+00 -2.979157199747813e-01  9.834805915081204e-01 -2.979157199747813e-01  1.688735311173173e-01 -2.979157199747813e-01  9.936929488871453e-04 -2.979157199747813e-01  7.778765928027516e-01 -2.979157199747813e-01  2.044516025910858e-01 -2.979157199747813e-01  1.593169071719203e-03 
-2.939157199747813e-01  1.458620254799758e+00 -2.939157199747813e-01  1.309589843871778e+00 -2.939157199747813e-01  9.821355076900802e-01 -2.939157199747813e-01  1.691455777116654e-01 -2.939157199747813e-01  9.976891314508935e-04 -2.939157199747813e-01  7.792740633862608e-01 -2.939157199747813e-01  2.042405702888924e-01 -2.939157199747813e-01  1.589168875313048e-03 
-2.899157199747813e-01  1.457613082717276e+00 -2.899157199747813e-01  1.310598010093190e+00 -2.899157199747813e-01  9.807896658986714e-01 -2.899157199747813e-01  1.694170849847544e-01 -2.899157199747813e-01  1.001686449485978e-03 -2.899157199747813e-01  7.806715306530315e-01 -2.899157199747813e-01  2.040292187460762e-01 -2.899157199747813e-01  1.585167612214240e-03 
-2.859157199747813e-01  1.456605628942322e+00 -2.859157199747813e-01  1.311606440831188e+00 -2.859157199747813e-01  9.794430731554129e-01 -2.859157199747813e-01  1.696880552084059e-01 -2.859157199747813e-01  1.005684885500188e-03 -2.859157199747813e-01  7.820689898528014e-01 -2.859157199747813e-01  2.038175470953607e-01 -2.859157199747813e-01  1.581165299288050e-03 
-2.819157199747813e-01  1.455597897860313e+00 -2.819157199747813e-01  1.312615131861208e+00 -2.819157199747813e-01  9.780957364335076e-01 -2.819157199747813e-01  1.699584906402231e-01 -2.819157199747813e-01  1.009684422088889e-03 -2.819157199747813e-01  7.834664362487044e-01 -2.819157199747813e-01  2.036055544614482e-01 -2.819157199747813e-01  1.577161953301166e-03 
-2.779157199747813e-01  1.454589893827379e+00 -2.779157199747813e-01  1.313624078957988e+00 -2.779157199747813e-01  9.767476626539762e-01 -2.779157199747813e-01  1.702283935256523e-01 -2.779157199747813e-01  1.013685041963667e-03 -2.779157199747813e-01  7.848638651005111e-01 -2.779157199747813e-01  2.033932399660461e-01 -2.779157199747813e-01  1.573157591023048e-03 
-2.739157199747813e-01  1.453581621181899e+00 -2.739157199747813e-01  1.314633277932130e+00 -2.739157199747813e-01  9.753988586930011e-01 -2.739157199747813e-01  1.704977660951654e-01 -2.739157199747813e-01  1.017686727906578e-03 -2.739157199747813e-01  7.862612716883414e-01 -2.739157199747813e-01  2.031806027204884e-01 -2.739157199747813e-01  1.569152229080764e-03 
-2.699157199747813e-01  1.452573084246310e+00 -2.699157199747813e-01  1.315642724634398e+00 -2.699157199747813e-01  9.740493313834626e-01 -2.699157199747813e-01  1.707666105639879e-01 -2.699157199747813e-01  1.021689462762922e-03 -2.699157199747813e-01  7.876586513153307e-01 -2.699157199747813e-01  2.029676418247760e-01 -2.699157199747813e-01  1.565145883942040e-03 
-2.659157199747813e-01  1.451564287308759e+00 -2.659157199747813e-01  1.316652414893293e+00 -2.659157199747813e-01  9.726990875043777e-01 -2.659157199747813e-01  1.710349291370251e-01 -2.659157199747813e-01  1.025693229514081e-03 -2.659157199747813e-01  7.890559992668655e-01 -2.659157199747813e-01  2.027543563800128e-01 -2.659157199747813e-01  1.561138572162924e-03 
-2.619157199747812e-01  1.450555234645568e+00 -2.619157199747812e-01  1.317662344587807e+00 -2.619157199747812e-01  9.713481337947936e-01 -2.619157199747812e-01  1.713027240032324e-01 -2.619157199747812e-01  1.029698011188361e-03 -2.619157199747812e-01  7.904533108578472e-01 -2.619157199747812e-01  2.025407454737430e-01 -2.619157199747812e-01  1.557130310099093e-03 
-2.579157199747812e-01  1.449545930500193e+00 -2.579157199747812e-01  1.318672509576306e+00 -2.579157199747812e-01  9.699964769415751e-01 -2.579157199747812e-01  1.715699973412173e-01 -2.579157199747812e-01  1.033703790944524e-03 -2.579157199747812e-01  7.918505813862844e-01 -2.579157199747812e-01  2.023268081941635e-01 -2.579157199747812e-01  1.553121114188084e-03 
-2.539157199747812e-01  1.448536379120664e+00 -2.539157199747812e-01  1.319682905818429e+00 -2.539157199747812e-01  9.686441236023414e-01 -2.539157199747812e-01  1.718367513098002e-01 -2.539157199747812e-01  1.037710551923111e-03 -2.539157199747812e-01  7.932478062124624e-01 -2.539157199747812e-01  2.021125436054880e-01 -2.539157199747812e-01  1.549111000465473e-03 
-2.499157199747812e-01  1.447526584702119e+00 -2.499157199747812e-01  1.320693529183969e+00 -2.499157199747812e-01  9.672910803713048e-01 -2.499157199747812e-01  1.721029880629356e-01 -2.499157199747812e-01  1.041718277474641e-03 -2.499157199747812e-01  7.946449806345444e-01 -2.499157199747812e-01  2.018979507863945e-01 -2.499157199747812e-01  1.545099985323464e-03 
-2.459157199747812e-01  1.446516551446210e+00 -2.459157199747812e-01  1.321704375647223e+00 -2.459157199747812e-01  9.659373538154246e-01 -2.459157199747812e-01  1.723687097346609e-01 -2.459157199747812e-01  1.045726950923759e-03 -2.459157199747812e-01  7.960421000148111e-01 -2.459157199747812e-01  2.016830287907424e-01 -2.459157199747812e-01  1.541088084739449e-03 
-2.419157199747812e-01  1.445506283517364e+00 -2.419157199747812e-01  1.322715441141285e+00 -2.419157199747812e-01  9.645829504484752e-01 -2.419157199747812e-01  1.726339184504524e-01 -2.419157199747812e-01  1.049736555742787e-03 -2.419157199747812e-01  7.974391596848369e-01 -2.419157199747812e-01  2.014677766769201e-01 -2.419157199747812e-01  1.537075314854398e-03 
-2.379157199747812e-01  1.444495785068948e+00 -2.379157199747812e-01  1.323726721642728e+00 -2.379157199747812e-01  9.632278767472023e-01 -2.379157199747812e-01  1.728986163207237e-01 -2.379157199747812e-01  1.053747075448013e-03 -2.379157199747812e-01  7.988361550004012e-01 -2.379157199747812e-01  2.012521934906479e-01 -2.379157199747812e-01  1.533061691636686e-03 
-2.339157199747812e-01  1.443485060247015e+00 -2.339157199747812e-01  1.324738213182117e+00 -2.339157199747812e-01  9.618721391540025e-01 -2.339157199747812e-01  1.731628054400608e-01 -2.339157199747812e-01  1.057758493584687e-03 -2.339157199747812e-01  8.002330813481531e-01 -2.339157199747812e-01  2.010362782627197e-01 -2.339157199747812e-01  1.529047230840404e-03 
-2.299157199747812e-01  1.442474113149530e+00 -2.299157199747812e-01  1.325749911708981e+00 -2.299157199747812e-01  9.605157440526426e-01 -2.299157199747812e-01  1.734264878977164e-01 -2.299157199747812e-01  1.061770793888945e-03 -2.299157199747812e-01  8.016299340578723e-01 -2.299157199747812e-01  2.008200300363791e-01 -2.299157199747812e-01  1.525031948541290e-03 
-2.259157199747812e-01  1.441462947881051e+00 -2.259157199747812e-01  1.326761813269566e+00 -2.259157199747812e-01  9.591586978017097e-01 -2.259157199747812e-01  1.736896657639230e-01 -2.259157199747812e-01  1.065783960070712e-03 -2.259157199747812e-01  8.030267085177104e-01 -2.259157199747812e-01  2.006034478311119e-01 -2.259157199747812e-01  1.521015860431182e-03 
-2.219157199747812e-01  1.440451568522934e+00 -2.219157199747812e-01  1.327773913907561e+00 -2.219157199747812e-01  9.578010067169802e-01 -2.219157199747812e-01  1.739523410976154e-01 -2.219157199747812e-01  1.069797975932029e-03 -2.219157199747812e-01  8.044234001096272e-01 -2.219157199747812e-01  2.003865306627339e-01 -2.219157199747812e-01  1.516998982212107e-03 
-2.179157199747812e-01  1.439439979130926e+00 -2.179157199747812e-01  1.328786209655036e+00 -2.179157199747812e-01  9.564426770702963e-01 -2.179157199747812e-01  1.742145159471776e-01 -2.179157199747812e-01  1.073812825376530e-03 -2.179157199747812e-01  8.058200042034163e-01 -2.179157199747812e-01  2.001692775451892e-01 -2.179157199747812e-01  1.512981329632178e-03 
-2.139157199747812e-01  1.438428183755929e+00 -2.139157199747812e-01  1.329798696598640e+00 -2.139157199747812e-01  9.550837151025480e-01 -2.139157199747812e-01  1.744761923453937e-01 -2.139157199747812e-01  1.077828492327102e-03 -2.139157199747812e-01  8.072165161994979e-01 -2.139157199747812e-01  1.999516874769434e-01 -2.139157199747812e-01  1.508962918222922e-03 
-2.099157199747812e-01  1.437416186429542e+00 -2.099157199747812e-01  1.330811370830965e+00 -2.099157199747812e-01  9.537241270152579e-01 -2.099157199747812e-01  1.747373723132483e-01 -2.099157199747812e-01  1.081844960783224e-03 -2.099157199747812e-01  8.086129314972410e-01 -2.099157199747812e-01  1.997337594508217e-01 -2.099157199747812e-01  1.504943763492236e-03 
-2.059157199747812e-01  1.436403991151427e+00 -2.059157199747812e-01  1.331824228408227e+00 -2.059157199747812e-01  9.523639189632400e-01 -2.059157199747812e-01  1.749980578632227e-01 -2.059157199747812e-01  1.085862214871105e-03 -2.059157199747812e-01  8.100092454674811e-01 -2.059157199747812e-01  1.995154924626470e-01 -2.059157199747812e-01  1.500923881092426e-03 
-2.019157199747812e-01  1.435391601929764e+00 -2.019157199747812e-01  1.332837265480239e+00 -2.019157199747812e-01  9.510030970795675e-01 -2.019157199747812e-01  1.752582509893649e-01 -2.019157199747812e-01  1.089880238683181e-03 -2.019157199747812e-01  8.114054535365215e-01 -2.019157199747812e-01  1.992968854844680e-01 -2.019157199747812e-01  1.496903286304315e-03 
-1.979157199747812e-01  1.434379022737943e+00 -1.979157199747812e-01  1.333850478148372e+00 -1.979157199747812e-01  9.496416674495641e-01 -1.979157199747812e-01  1.755179536782437e-01 -1.979157199747812e-01  1.093899016449920e-03 -1.979157199747812e-01  8.128015510940663e-01 -1.979157199747812e-01  1.990779374936468e-01 -1.979157199747812e-01  1.492881994600940e-03 
-1.939157199747812e-01  1.433366257541544e+00 -1.939157199747812e-01  1.334863862551783e+00 -1.939157199747812e-01  9.482796361275670e-01 -1.939157199747812e-01  1.757771679023803e-01 -1.939157199747812e-01  1.097918532432779e-03 -1.939157199747812e-01  8.141975335489074e-01 -1.939157199747812e-01  1.988586474550701e-01 -1.939157199747812e-01  1.488860021305483e-03 
-1.899157199747812e-01  1.432353310285253e+00 -1.899157199747812e-01  1.335877414823596e+00 -1.899157199747812e-01  9.469170091292899e-01 -1.899157199747812e-01  1.760358956236548e-01 -1.899157199747812e-01  1.101938770976155e-03 -1.899157199747812e-01  8.155933963004505e-01 -1.899157199747812e-01  1.986390143300804e-01 -1.899157199747812e-01  1.484837381764927e-03 
-1.859157199747812e-01  1.431340184912175e+00 -1.859157199747812e-01  1.336891131152085e+00 -1.859157199747812e-01  9.455537924439548e-01 -1.859157199747812e-01  1.762941387886864e-01 -1.859157199747812e-01  1.105959716430723e-03 -1.859157199747812e-01  8.169891347781274e-01 -1.859157199747812e-01  1.984190370637577e-01 -1.859157199747812e-01  1.480814091107502e-03 
-1.819157199747812e-01  1.430326885346754e+00 -1.819157199747812e-01  1.337905007723923e+00 -1.819157199747812e-01  9.441899920241930e-01 -1.819157199747812e-01  1.765518993332134e-01 -1.819157199747812e-01  1.109981353221173e-03 -1.819157199747812e-01  8.183847444045725e-01 -1.819157199747812e-01  1.981987145965367e-01 -1.819157199747812e-01  1.476790164467686e-03 
-1.779157199747812e-01  1.429313415480241e+00 -1.779157199747812e-01  1.338919040676176e+00 -1.779157199747812e-01  9.428256137774687e-01 -1.779157199747812e-01  1.768091791857996e-01 -1.779157199747812e-01  1.114003665903959e-03 -1.779157199747812e-01  8.197802205645358e-01 -1.779157199747812e-01  1.979780458741340e-01 -1.779157199747812e-01  1.472765617176914e-03 
-1.739157199747812e-01  1.428299779212640e+00 -1.739157199747812e-01  1.339933226230269e+00 -1.739157199747812e-01  9.414606635920562e-01 -1.739157199747812e-01  1.770659802576688e-01 -1.739157199747812e-01  1.118026639000776e-03 -1.739157199747812e-01  8.211755586912411e-01 -1.739157199747812e-01  1.977570298196644e-01 -1.739157199747812e-01  1.468740464231756e-03 
-1.699157199747812e-01  1.427285980430116e+00 -1.699157199747812e-01  1.340947560617647e+00 -1.699157199747812e-01  9.400951473235588e-01 -1.699157199747812e-01  1.773223044484281e-01 -1.699157199747812e-01  1.122050257088258e-03 -1.699157199747812e-01  8.225707542182333e-01 -1.699157199747812e-01  1.975356653489460e-01 -1.699157199747812e-01  1.464714720589075e-03 
-1.659157199747812e-01  1.426272022980808e+00 -1.659157199747812e-01  1.341962040000903e+00 -1.659157199747812e-01  9.387290707803666e-01 -1.659157199747812e-01  1.775781536521037e-01 -1.659157199747812e-01  1.126074504893922e-03 -1.659157199747812e-01  8.239658025284059e-01 -1.659157199747812e-01  1.973139513868910e-01 -1.659157199747812e-01  1.460688401478956e-03 
-1.619157199747812e-01  1.425257910739693e+00 -1.619157199747812e-01  1.342976660680791e+00 -1.619157199747812e-01  9.373624397637608e-01 -1.619157199747812e-01  1.778335297414542e-01 -1.619157199747812e-01  1.130099367038756e-03 -1.619157199747812e-01  8.253606990873470e-01 -1.619157199747812e-01  1.970918868242407e-01 -1.619157199747812e-01  1.456661521583141e-03 
-1.579157199747812e-01  1.424243647528423e+00 -1.579157199747812e-01  1.343991418837604e+00 -1.579157199747812e-01  9.359952600190233e-01 -1.579157199747812e-01  1.780884345876691e-01 -1.579157199747812e-01  1.134124828355463e-03 -1.579157199747812e-01  8.267554392764831e-01 -1.579157199747812e-01  1.968694705714684e-01 -1.579157199747812e-01  1.452634096061467e-03 
-1.539157199747812e-01  1.423229237188703e+00 -1.539157199747812e-01  1.345006310765355e+00 -1.539157199747812e-01  9.346275372807944e-01 -1.539157199747812e-01  1.783428700426329e-01 -1.539157199747812e-01  1.138150873597036e-03 -1.539157199747812e-01  8.281500185438707e-01 -1.539157199747812e-01  1.966467015097576e-01 -1.539157199747812e-01  1.448606139622453e-03 
-1.499157199747811e-01  1.422214683528090e+00 -1.499157199747811e-01  1.346021332696699e+00 -1.499157199747811e-01  9.332592772400669e-01 -1.499157199747811e-01  1.785968379522538e-01 -1.499157199747811e-01  1.142177487652082e-03 -1.499157199747811e-01  8.295444322912621e-01 -1.499157199747811e-01  1.964235785275506e-01 -1.499157199747811e-01  1.444577667218124e-03 
-1.459157199747811e-01  1.421199990357772e+00 -1.459157199747811e-01  1.347036480922670e+00 -1.459157199747811e-01  9.318904855677117e-01 -1.459157199747811e-01  1.788503401474333e-01 -1.459157199747811e-01  1.146204655394739e-03 -1.459157199747811e-01  8.309386759510762e-01 -1.459157199747811e-01  1.962001004953681e-01 -1.459157199747811e-01  1.440548693568793e-03 
-1.419157199747811e-01  1.420185161460109e+00 -1.419157199747811e-01  1.348051751687778e+00 -1.419157199747811e-01  9.305211678947871e-01 -1.419157199747811e-01  1.791033784520578e-01 -1.419157199747811e-01  1.150232361813586e-03 -1.419157199747811e-01  8.323327449187621e-01 -1.419157199747811e-01  1.959762662877692e-01 -1.419157199747811e-01  1.436519233579459e-03 
-1.379157199747811e-01  1.419170200632206e+00 -1.379157199747811e-01  1.349067141327642e+00 -1.379157199747811e-01  9.291513298396722e-01 -1.379157199747811e-01  1.793559546726279e-01 -1.379157199747811e-01  1.154260591838648e-03 -1.379157199747811e-01  8.337266346411659e-01 -1.379157199747811e-01  1.957520747542785e-01 -1.379157199747811e-01  1.432489301793474e-03 
-1.339157199747811e-01  1.418155111637035e+00 -1.339157199747811e-01  1.350082646112044e+00 -1.339157199747811e-01  9.277809769782310e-01 -1.339157199747811e-01  1.796080706101748e-01 -1.339157199747811e-01  1.158289330535437e-03 -1.339157199747811e-01  8.351203405154755e-01 -1.339157199747811e-01  1.955275247523738e-01 -1.339157199747811e-01  1.428458913015499e-03 
-1.299157199747811e-01  1.417139898236946e+00 -1.299157199747811e-01  1.351098262350468e+00 -1.299157199747811e-01  9.264101148647397e-01 -1.299157199747811e-01  1.798597280523226e-01 -1.299157199747811e-01  1.162318562971906e-03 -1.299157199747811e-01  8.365138579569514e-01 -1.299157199747811e-01  1.953026151251588e-01 -1.299157199747811e-01  1.424428081892675e-03 
-1.259157199747811e-01  1.416124564176589e+00 -1.259157199747811e-01  1.352113986336565e+00 -1.259157199747811e-01  9.250387490216299e-01 -1.259157199747811e-01  1.801109287775255e-01 -1.259157199747811e-01  1.166348274286281e-03 -1.259157199747811e-01  8.379071823630854e-01 -1.259157199747811e-01  1.950773447130058e-01 -1.259157199747811e-01  1.420396823134896e-03 
-1.219157199747811e-01  1.415109113206878e+00 -1.219157199747811e-01  1.353129814423007e+00 -1.219157199747811e-01  9.236668849545770e-01 -1.219157199747811e-01  1.803616745494756e-01 -1.219157199747811e-01  1.170378449591904e-03 -1.219157199747811e-01  8.393003091615149e-01 -1.219157199747811e-01  1.948517123375968e-01 -1.219157199747811e-01  1.416365151217877e-03 
-1.179157199747811e-01  1.414093549057583e+00 -1.179157199747811e-01  1.354145742933274e+00 -1.179157199747811e-01  9.222945281358290e-01 -1.179157199747811e-01  1.806119671237868e-01 -1.179157199747811e-01  1.174409074086011e-03 -1.179157199747811e-01  8.406932337532533e-01 -1.179157199747811e-01  1.946257168205338e-01 -1.179157199747811e-01  1.412333080733175e-03 
-1.139157199747811e-01  1.413077875447076e+00 -1.139157199747811e-01  1.355161768191455e+00 -1.139157199747811e-01  9.209216840104890e-01 -1.139157199747811e-01  1.808618082457926e-01 -1.139157199747811e-01  1.178440133011124e-03 -1.139157199747811e-01  8.420859515316831e-01 -1.139157199747811e-01  1.943993569769550e-01 -1.139157199747811e-01  1.408300626269890e-03 
-1.099157199747811e-01  1.412062096096873e+00 -1.099157199747811e-01  1.356177886567060e+00 -1.099157199747811e-01  9.195483580057935e-01 -1.099157199747811e-01  1.811111996472239e-01 -1.099157199747811e-01  1.182471611597230e-03 -1.099157199747811e-01  8.434784579111345e-01 -1.099157199747811e-01  1.941726316058824e-01 -1.099157199747811e-01  1.404267802236897e-03 
-1.059157199747811e-01  1.411046214695159e+00 -1.059157199747811e-01  1.357194094358613e+00 -1.059157199747811e-01  9.181745555087584e-01 -1.059157199747811e-01  1.813601430549867e-01 -1.059157199747811e-01  1.186503495206622e-03 -1.059157199747811e-01  8.448707482521512e-01 -1.059157199747811e-01  1.939455395149861e-01 -1.059157199747811e-01  1.400234623324799e-03 
-1.019157199747811e-01  1.410030234952104e+00 -1.019157199747811e-01  1.358210387967050e+00 -1.019157199747811e-01  9.168002819007496e-01 -1.019157199747811e-01  1.816086401781932e-01 -1.019157199747811e-01  1.190535769114323e-03 -1.019157199747811e-01  8.462628179724154e-01 -1.019157199747811e-01  1.937180794834427e-01 -1.019157199747811e-01  1.396201103817724e-03 
-9.791571997478110e-02  1.409014160557731e+00 -9.791571997478110e-02  1.359226763761568e+00 -9.791571997478110e-02  9.154255425316075e-01 -9.791571997478110e-02  1.818566927182732e-01 -9.791571997478110e-02  1.194568418675316e-03 -9.791571997478110e-02  8.476546624606510e-01 -9.791571997478110e-02  1.934902502904943e-01 -9.791571997478110e-02  1.392167258125768e-03 
-9.391571997478110e-02  1.407997995174179e+00 -9.391571997478110e-02  1.360243218054418e+00 -9.391571997478110e-02  9.140503427150577e-01 -9.391571997478110e-02  1.821043023708872e-01 -9.391571997478110e-02  1.198601429355252e-03 -9.391571997478110e-02  8.490462770604208e-01 -9.391571997478110e-02  1.932620507208518e-01 -9.391571997478110e-02  1.388133100885041e-03 
-8.991571997478109e-02  1.406981742494887e+00 -8.991571997478109e-02  1.361259747285660e+00 -8.991571997478109e-02  9.126746877657728e-01 -8.991571997478109e-02  1.823514708121418e-01 -8.991571997478109e-02  1.202634786495542e-03 -8.991571997478109e-02  8.504376571881177e-01 -8.991571997478109e-02  1.930334795248883e-01 -8.991571997478109e-02  1.384098646224410e-03 
-8.591571997478109e-02  1.405965406170887e+00 -8.591571997478109e-02  1.362276347790538e+00 -8.591571997478109e-02  9.112985829537670e-01 -8.591571997478109e-02  1.825981997160391e-01 -8.591571997478109e-02  1.206668475605937e-03 -8.591571997478109e-02  8.518287981840622e-01 -8.591571997478109e-02  1.928045354685577e-01 -8.591571997478109e-02  1.380063908688713e-03 
-8.191571997478109e-02  1.404948989863093e+00 -8.191571997478109e-02  1.363293015962471e+00 -8.191571997478109e-02  9.099220335371785e-01 -8.191571997478109e-02  1.828444907423125e-01 -8.191571997478109e-02  1.210702482156879e-03 -8.191571997478109e-02  8.532196954165545e-01 -8.191571997478109e-02  1.925752172982497e-01 -8.191571997478109e-02  1.376028902591930e-03 
-7.791571997478108e-02  1.403932497231187e+00 -7.791571997478108e-02  1.364309748216930e+00 -7.791571997478108e-02  9.085450447556025e-01 -7.791571997478108e-02  1.830903455391876e-01 -7.791571997478108e-02  1.214736791623802e-03 -7.791571997478108e-02  8.546103442585966e-01 -7.791571997478108e-02  1.923455237484216e-01 -7.791571997478108e-02  1.371993642160474e-03 
-7.391571997478108e-02  1.402915931904728e+00 -7.391571997478108e-02  1.365326540900074e+00 -7.391571997478108e-02  9.071676218123101e-01 -7.391571997478108e-02  1.833357657502218e-01 -7.391571997478108e-02  1.218771389601624e-03 -7.391571997478108e-02  8.560007400294387e-01 -7.391571997478108e-02  1.921154535613117e-01 -7.391571997478108e-02  1.367958141895885e-03 
-6.991571997478108e-02  1.401899297532723e+00 -6.991571997478108e-02  1.366343390442557e+00 -6.991571997478108e-02  9.057897699053927e-01 -6.991571997478108e-02  1.835807530028776e-01 -6.991571997478108e-02  1.222806261608075e-03 -6.991571997478108e-02  8.573908780925815e-01 -6.991571997478108e-02  1.918850054535355e-01 -6.991571997478108e-02  1.363922415964371e-03 
-6.591571997478107e-02  1.400882597748100e+00 -6.591571997478107e-02  1.367360293247252e+00 -6.591571997478107e-02  9.044114942058521e-01 -6.591571997478107e-02  1.838253089169271e-01 -6.591571997478107e-02  1.226841393224734e-03 -6.591571997478107e-02  8.587807537839471e-01 -6.591571997478107e-02  1.916541781402952e-01 -6.591571997478107e-02  1.359886478642330e-03 
-6.191571997478107e-02  1.399865836181089e+00 -6.191571997478107e-02  1.368377245730056e+00 -6.191571997478107e-02  9.030327998661691e-01 -6.191571997478107e-02  1.840694351014526e-01 -6.191571997478107e-02  1.230876770043841e-03 -6.191571997478107e-02  8.601703624377639e-01 -6.191571997478107e-02  1.914229703264458e-01 -6.191571997478107e-02  1.355850344154530e-03 
-5.791571997478107e-02  1.398849016439998e+00 -5.791571997478107e-02  1.369394244259057e+00 -5.791571997478107e-02  9.016536920085083e-01 -5.791571997478107e-02  1.843131331594090e-01 -5.791571997478107e-02  1.234912377744646e-03 -5.791571997478107e-02  8.615596993476702e-01 -5.791571997478107e-02  1.911913807196769e-01 -5.791571997478107e-02  1.351814026915460e-03 
-5.391571997478106e-02  1.397832142153420e+00 -5.391571997478106e-02  1.370411285284428e+00 -5.391571997478106e-02  9.002741757513459e-01 -5.391571997478106e-02  1.845564046779899e-01 -5.391571997478106e-02  1.238948201925924e-03 -5.391571997478106e-02  8.629487598492540e-01 -5.391571997478106e-02  1.909594080020714e-01 -5.391571997478106e-02  1.347777541013817e-03 
-4.991571997478106e-02  1.396815216921450e+00 -4.991571997478106e-02  1.371428365186001e+00 -4.991571997478106e-02  8.988942561791713e-01 -4.991571997478106e-02  1.847992512400053e-01 -4.991571997478106e-02  1.242984228299526e-03 -4.991571997478106e-02  8.643375392228614e-01 -4.991571997478106e-02  1.907270508632951e-01 -4.991571997478106e-02  1.343740900817475e-03 
-4.591571997478106e-02  1.395798244367117e+00 -4.591571997478106e-02  1.372445480431539e+00 -4.591571997478106e-02  8.975139383749051e-01 -4.591571997478106e-02  1.850416744121525e-01 -4.591571997478106e-02  1.247020442486250e-03 -4.591571997478106e-02  8.657260327941104e-01 -4.591571997478106e-02  1.904943079658622e-01 -4.591571997478106e-02  1.339704120345346e-03 
-4.191571997478105e-02  1.394781228077685e+00 -4.191571997478105e-02  1.373462627393906e+00 -4.191571997478105e-02  8.961332273833504e-01 -4.191571997478105e-02  1.852836757586299e-01 -4.191571997478105e-02  1.251056830248899e-03 -4.191571997478105e-02  8.671142358174730e-01 -4.191571997478105e-02  1.902611779851177e-01 -4.191571997478105e-02  1.335667213992939e-03 
-3.791571997478105e-02  1.393764171657418e+00 -3.791571997478105e-02  1.374479802513259e+00 -3.791571997478105e-02  8.947521282444661e-01 -3.791571997478105e-02  1.855252568291225e-01 -3.791571997478105e-02  1.255093377282733e-03 -3.791571997478105e-02  8.685021435792220e-01 -3.791571997478105e-02  1.900276595735636e-01 -3.791571997478105e-02  1.331630195888716e-03 
-3.391571997478104e-02  1.392747078708504e+00 -3.391571997478104e-02  1.375497002236868e+00 -3.391571997478104e-02  8.933706459816444e-01 -3.391571997478104e-02  1.857664191633198e-01 -3.391571997478104e-02  1.259130069291323e-03 -3.391571997478104e-02  8.698897513589692e-01 -3.391571997478104e-02  1.897937513739267e-01 -3.391571997478104e-02  1.327593080132907e-03 
-2.991571997478104e-02  1.391729952809904e+00 -2.991571997478104e-02  1.376514222952937e+00 -2.991571997478104e-02  8.919887855886197e-01 -2.991571997478104e-02  1.860071642958349e-01 -2.991571997478104e-02  1.263166892070345e-03 -2.991571997478104e-02  8.712770543875208e-01 -2.991571997478104e-02  1.895594520336967e-01 -2.991571997478104e-02  1.323555881060149e-03 
-2.591571997478104e-02  1.390712797560304e+00 -2.591571997478104e-02  1.377531461121759e+00 -2.591571997478104e-02  8.906065520566651e-01 -2.591571997478104e-02  1.862474937465274e-01 -2.591571997478104e-02  1.267203831337240e-03 -2.591571997478104e-02  8.726640479299186e-01 -2.591571997478104e-02  1.893247601760641e-01 -2.591571997478104e-02  1.319518612718955e-03 
-2.191571997478104e-02  1.389695616537383e+00 -2.191571997478104e-02  1.378548713149388e+00 -2.191571997478104e-02  8.892239503492083e-01 -2.191571997478104e-02  1.864874090298932e-01 -2.191571997478104e-02  1.271240872892810e-03 -2.191571997478104e-02  8.740507272051405e-01 -2.191571997478104e-02  1.890896744277464e-01 -2.191571997478104e-02  1.315481289373155e-03 
-1.791571997478104e-02  1.388678413325606e+00 -1.791571997478104e-02  1.379565975471933e+00 -1.791571997478104e-02  8.878409854194926e-01 -1.791571997478104e-02  1.867269116488487e-01 -1.791571997478104e-02  1.275278002510909e-03 -1.791571997478104e-02  8.754370874393692e-01 -1.791571997478104e-02  1.888541934002307e-01 -1.791571997478104e-02  1.311443925167215e-03 
-1.391571997478104e-02  1.387661191502453e+00 -1.391571997478104e-02  1.380583244512275e+00 -1.391571997478104e-02  8.864576622021303e-01 -1.391571997478104e-02  1.869660030979700e-01 -1.391571997478104e-02  1.279315205993112e-03 -1.391571997478104e-02  8.768231238383811e-01 -1.391571997478104e-02  1.886183156992732e-01 -1.391571997478104e-02  1.307406534298193e-03 
-9.915719974781044e-03  1.386643954651107e+00 -9.915719974781044e-03  1.381600516717756e+00 -9.915719974781044e-03  8.850739856212914e-01 -9.915719974781044e-03  1.872046848607356e-01 -9.915719974781044e-03  1.283352469118386e-03 -9.915719974781044e-03  8.782088316112213e-01 -9.915719974781044e-03  1.883820399163968e-01 -9.915719974781044e-03  1.303369130865973e-03 
-5.915719974781044e-03  1.385626706340179e+00 -5.915719974781044e-03  1.382617788497161e+00 -5.915719974781044e-03  8.836899605781269e-01 -5.915719974781044e-03  1.874429584142077e-01 -5.915719974781044e-03  1.287389777723483e-03 -5.915719974781044e-03  8.795942059301508e-01 -5.915719974781044e-03  1.881453646428492e-01 -5.915719974781044e-03  1.299331729123525e-03 
-1.915719974781044e-03  1.384609450148123e+00 -1.915719974781044e-03  1.383635056294330e+00 -1.915719974781044e-03  8.823055919663463e-01 -1.915719974781044e-03  1.876808252236337e-01 -1.915719974781044e-03  1.291427117606111e-03 -1.915719974781044e-03  8.809792419770316e-01 -1.915719974781044e-03  1.879082884530708e-01 -1.915719974781044e-03  1.295294343184666e-03 
 2.084280025218956e-03  1.383592188749354e+00  2.084280025218956e-03  1.384652317464633e+00  2.084280025218956e-03  8.809208834347343e-01  2.084280025218956e-03  1.879182869556450e-01  2.084280025218956e-03  1.295464478151971e-03  2.084280025218956e-03  8.823639361567024e-01  2.084280025218956e-03  1.876708096994760e-01  2.084280025218956e-03  1.291256983545486e-03 
 6.084280025218956e-03  1.382574920701174e+00  6.084280025218956e-03  1.385669573380652e+00  6.084280025218956e-03  8.795358330284362e-01  6.084280025218956e-03  1.881553462244763e-01  6.084280025218956e-03  1.299501865086976e-03  6.084280025218956e-03  8.837482903788951e-01  6.084280025218956e-03  1.874329257829251e-01  6.084280025218956e-03  1.287219644758368e-03 
 1.008428002521896e-02  1.381557648823332e+00  1.008428002521896e-02  1.386686821276567e+00  1.008428002521896e-02  8.781504445550917e-01  1.008428002521896e-02  1.883920046367183e-01  1.008428002521896e-02  1.303539267220059e-03  1.008428002521896e-02  8.851323008339862e-01  1.008428002521896e-02  1.871946350581228e-01  1.008428002521896e-02  1.283182337800337e-03 
 1.408428002521896e-02  1.380540376683678e+00  1.408428002521896e-02  1.387704057572063e+00  1.408428002521896e-02  8.767647228397060e-01  1.408428002521896e-02  1.886282636149439e-01  1.408428002521896e-02  1.307576670390963e-03  1.408428002521896e-02  8.865159626265090e-01  1.408428002521896e-02  1.869559360598261e-01  1.408428002521896e-02  1.279145076881093e-03 
 1.808428002521896e-02  1.379523107851770e+00  1.808428002521896e-02  1.388721278690943e+00  1.808428002521896e-02  8.753786726957957e-01  1.808428002521896e-02  1.888641245723675e-01  1.808428002521896e-02  1.311614060432702e-03  1.808428002521896e-02  8.878992708499485e-01  1.808428002521896e-02  1.867168273122691e-01  1.808428002521896e-02  1.275107876193968e-03 
 2.208428002521896e-02  1.378505845892832e+00  2.208428002521896e-02  1.389738481041864e+00  2.208428002521896e-02  8.739922989217479e-01  2.208428002521896e-02  1.890995889142908e-01  2.208428002521896e-02  1.315651423195471e-03  2.208428002521896e-02  8.892822205744072e-01  2.208428002521896e-02  1.864773073334100e-01  2.208428002521896e-02  1.271070749992402e-03 
 2.608428002521896e-02  1.377488594374367e+00  2.608428002521896e-02  1.390755661037181e+00  2.608428002521896e-02  8.726056063051865e-01  2.608428002521896e-02  1.893346580367311e-01  2.608428002521896e-02  1.319688744520438e-03  2.608428002521896e-02  8.906648068582922e-01  2.608428002521896e-02  1.862373746305733e-01  2.608428002521896e-02  1.267033712515173e-03 
 3.008428002521896e-02  1.376471356877163e+00  3.008428002521896e-02  1.391772815125124e+00  3.008428002521896e-02  8.712185996301343e-01  3.008428002521896e-02  1.895693333240891e-01  3.008428002521896e-02  1.323726010196019e-03  3.008428002521896e-02  8.920470247683202e-01  3.008428002521896e-02  1.859970276930005e-01  3.008428002521896e-02  1.262996777858628e-03 
 3.408428002521896e-02  1.375454136968770e+00  3.408428002521896e-02  1.392789939708664e+00  3.408428002521896e-02  8.698312836603899e-01  3.408428002521896e-02  1.898036161551378e-01  3.408428002521896e-02  1.327763206063204e-03  3.408428002521896e-02  8.934288693282814e-01  3.408428002521896e-02  1.857562650101623e-01  3.408428002521896e-02  1.258959960298808e-03 
 3.808428002521896e-02  1.374436938222027e+00  3.808428002521896e-02  1.393807031200390e+00  3.808428002521896e-02  8.684436631514328e-01  3.808428002521896e-02  1.900375078990044e-01  3.808428002521896e-02  1.331800317941932e-03  3.808428002521896e-02  8.948103355533605e-01  3.808428002521896e-02  1.855150850591960e-01  3.808428002521896e-02  1.254923274073510e-03 
 4.208428002521897e-02  1.373419764204677e+00  4.208428002521897e-02  1.394824085990207e+00  4.208428002521897e-02  8.670557428440172e-01  4.208428002521897e-02  1.902710099175700e-01  4.208428002521897e-02  1.335837331672423e-03  4.208428002521897e-02  8.961914184296439e-01  4.208428002521897e-02  1.852734863121640e-01  4.208428002521897e-02  1.250886733510579e-03 
 4.608428002521897e-02  1.372402618501505e+00  4.608428002521897e-02  1.395841100510823e+00  4.608428002521897e-02  8.656675274784039e-01  4.608428002521897e-02  1.905041235606868e-01  4.608428002521897e-02  1.339874233027233e-03  4.608428002521897e-02  8.975721129550109e-01  4.608428002521897e-02  1.850314672209693e-01  4.608428002521897e-02  1.246850352768028e-03 
 5.008428002521897e-02  1.371385504686791e+00  5.008428002521897e-02  1.396858071153822e+00  5.008428002521897e-02  8.642790217770405e-01  5.008428002521897e-02  1.907368501723510e-01  5.008428002521897e-02  1.343911007820598e-03  5.008428002521897e-02  8.989524140862321e-01  5.008428002521897e-02  1.847890262364138e-01  5.008428002521897e-02  1.242814146166991e-03 
 5.408428002521898e-02  1.370368426339193e+00  5.408428002521898e-02  1.397874994313486e+00  5.408428002521898e-02  8.628902304541762e-01  5.408428002521898e-02  1.909691910875186e-01  5.408428002521898e-02  1.347947641849404e-03  5.408428002521898e-02  9.003323167662847e-01  5.408428002521898e-02  1.845461617980890e-01  5.408428002521898e-02  1.238778128017976e-03 
 5.808428002521898e-02  1.369351387038695e+00  5.808428002521898e-02  1.398891866376471e+00  5.808428002521898e-02  8.615011582141018e-01  5.808428002521898e-02  1.912011476328727e-01  5.808428002521898e-02  1.351984120905251e-03  5.808428002521898e-02  9.017118159176482e-01  5.808428002521898e-02  1.843028723366196e-01  5.808428002521898e-02  1.234742312661707e-03 
 6.208428002521899e-02  1.368334390372763e+00  6.208428002521899e-02  1.399908683739148e+00  6.208428002521899e-02  8.601118097552239e-01  6.208428002521899e-02  1.914327211255760e-01  6.208428002521899e-02  1.356020430750062e-03  6.208428002521899e-02  9.030909064529455e-01  6.208428002521899e-02  1.840591562695517e-01  6.208428002521899e-02  1.230706714400361e-03 
 6.608428002521899e-02  1.367317439923694e+00  6.608428002521899e-02  1.400925442768894e+00  6.608428002521899e-02  8.587221897621851e-01  6.608428002521899e-02  1.916639128761292e-01  6.608428002521899e-02  1.360056557166223e-03  6.608428002521899e-02  9.044695832505041e-01  6.608428002521899e-02  1.838150120101648e-01  6.608428002521899e-02  1.226671347651175e-03 
 7.008428002521899e-02  1.366300539295385e+00  7.008428002521899e-02  1.401942139882576e+00  7.008428002521899e-02  8.573323029230857e-01  7.008428002521899e-02  1.918947241826370e-01  7.008428002521899e-02  1.364092485850479e-03  7.008428002521899e-02  9.058478412031915e-01  7.008428002521899e-02  1.835704379492027e-01  7.008428002521899e-02  1.222636226634974e-03 
 7.408428002521900e-02  1.365283692063181e+00  7.408428002521900e-02  1.402958771396443e+00  7.408428002521900e-02  8.559421538976755e-01  7.408428002521900e-02  1.921251563418169e-01  7.408428002521900e-02  1.368128202612824e-03  7.408428002521900e-02  9.072256751243922e-01  7.408428002521900e-02  1.833254324895224e-01  7.408428002521900e-02  1.218601365971928e-03 
 7.808428002521900e-02  1.364266901847273e+00  7.808428002521900e-02  1.403975333743181e+00  7.808428002521900e-02  8.545517473643108e-01  7.808428002521900e-02  1.923552106331325e-01  7.808428002521900e-02  1.372163693085279e-03  7.808428002521900e-02  9.086030798833629e-01  7.808428002521900e-02  1.830799939956375e-01  7.808428002521900e-02  1.214566779820050e-03 
 8.208428002521900e-02  1.363250172232981e+00  8.208428002521900e-02  1.404991823234058e+00  8.208428002521900e-02  8.531610879692865e-01  8.208428002521900e-02  1.925848883362092e-01  8.208428002521900e-02  1.376198943038266e-03  8.208428002521900e-02  9.099800502564829e-01  8.208428002521900e-02  1.828341208488281e-01  8.208428002521900e-02  1.210532482819278e-03 
 8.608428002521901e-02  1.362233506834855e+00  8.608428002521901e-02  1.406008236248141e+00  8.608428002521901e-02  8.517701803678716e-01  8.608428002521901e-02  1.928141907170121e-01  8.608428002521901e-02  1.380233938126206e-03  8.608428002521901e-02  9.113565810451307e-01  8.608428002521901e-02  1.825878114030388e-01  8.608428002521901e-02  1.206498489340434e-03 
 9.008428002521901e-02  1.361216909257940e+00  9.008428002521901e-02  1.407024569116409e+00  9.008428002521901e-02  8.503790291997603e-01  9.008428002521901e-02  1.930431190363353e-01  9.008428002521901e-02  1.384268664041232e-03  9.008428002521901e-02  9.127326670031486e-01  9.008428002521901e-02  1.823410640117379e-01  9.008428002521901e-02  1.202464813945194e-03 
 9.408428002521901e-02  1.360200383121049e+00  9.408428002521901e-02  1.408040818189531e+00  9.408428002521901e-02  8.489876391040786e-01  9.408428002521901e-02  1.932716745448602e-01  9.408428002521901e-02  1.388303106420808e-03  9.408428002521901e-02  9.141083028788655e-01  9.408428002521901e-02  1.820938770119817e-01  9.408428002521901e-02  1.198431471117114e-03 
 9.808428002521902e-02  1.359183932050968e+00  9.808428002521902e-02  1.409056979819541e+00  9.808428002521902e-02  8.475960147158543e-01  9.808428002521902e-02  1.934998584845117e-01  9.808428002521902e-02  1.392337250870820e-03  9.808428002521902e-02  9.154834834033991e-01  9.808428002521902e-02  1.818462487285345e-01  9.808428002521902e-02  1.194398475334275e-03 
 1.020842800252190e-01  1.358167559664936e+00  1.020842800252190e-01  1.410073050307310e+00  1.020842800252190e-01  8.462041606549547e-01  1.020842800252190e-01  1.937276720923080e-01  1.020842800252190e-01  1.396371083034974e-03  1.020842800252190e-01  9.168582032577579e-01  1.020842800252190e-01  1.815981774861105e-01  1.020842800252190e-01  1.190365841277852e-03 
 1.060842800252190e-01  1.357151269595388e+00  1.060842800252190e-01  1.411089025974286e+00  1.060842800252190e-01  8.448120815420657e-01  1.060842800252190e-01  1.939551165951312e-01  1.060842800252190e-01  1.400404588496711e-03  1.060842800252190e-01  9.182324571172392e-01  1.060842800252190e-01  1.813496615924057e-01  1.060842800252190e-01  1.186333583547349e-03 
 1.100842800252190e-01  1.356135065486424e+00  1.100842800252190e-01  1.412104903150897e+00  1.100842800252190e-01  8.434197819965913e-01  1.100842800252190e-01  1.941821932105869e-01  1.100842800252190e-01  1.404437752793135e-03  1.100842800252190e-01  9.196062396439069e-01  1.100842800252190e-01  1.811006993406480e-01  1.100842800252190e-01  1.182301716706603e-03 
 1.140842800252190e-01  1.355118950972398e+00  1.140842800252190e-01  1.413120678112765e+00  1.140842800252190e-01  8.420272666230958e-01  1.140842800252190e-01  1.944089031516774e-01  1.140842800252190e-01  1.408470561500078e-03  1.140842800252190e-01  9.209795454467747e-01  1.140842800252190e-01  1.808512890245567e-01  1.140842800252190e-01  1.178270255536975e-03 
 1.180842800252190e-01  1.354102929716251e+00  1.180842800252190e-01  1.414136347191866e+00  1.180842800252190e-01  8.406345400360001e-01  1.180842800252190e-01  1.946352476186926e-01  1.180842800252190e-01  1.412503000079858e-03  1.180842800252190e-01  9.223523691505089e-01  1.180842800252190e-01  1.806014289119123e-01  1.180842800252190e-01  1.174239214596165e-03 
 1.220842800252190e-01  1.353087005364124e+00  1.220842800252190e-01  1.415151906642588e+00  1.220842800252190e-01  8.392416068306563e-01  1.220842800252190e-01  1.948612278089948e-01  1.220842800252190e-01  1.416535054061503e-03  1.220842800252190e-01  9.237247053121027e-01  1.220842800252190e-01  1.803511172761620e-01  1.220842800252190e-01  1.170208608749802e-03 
 1.260842800252190e-01  1.352071181583335e+00  1.260842800252190e-01  1.416167352751845e+00  1.260842800252190e-01  8.378484716078207e-01  1.260842800252190e-01  1.950868449090027e-01  1.260842800252190e-01  1.420566708890003e-03  1.260842800252190e-01  9.250965484889008e-01  1.260842800252190e-01  1.801003523701827e-01  1.260842800252190e-01  1.166178452734406e-03 
 1.300842800252190e-01  1.351055462048984e+00  1.300842800252190e-01  1.417182681798581e+00  1.300842800252190e-01  8.364551389652358e-01  1.300842800252190e-01  1.953121000971424e-01  1.300842800252190e-01  1.424597949979442e-03  1.300842800252190e-01  9.264678932131939e-01  1.300842800252190e-01  1.798491324357325e-01  1.300842800252190e-01  1.162148761318147e-03 
 1.340842800252190e-01  1.350039850438967e+00  1.340842800252190e-01  1.418197890038285e+00  1.340842800252190e-01  8.350616134945550e-01  1.340842800252190e-01  1.955369945449920e-01  1.340842800252190e-01  1.428628762732801e-03  1.340842800252190e-01  9.278387339823939e-01  1.340842800252190e-01  1.795974557070230e-01  1.340842800252190e-01  1.158119549362272e-03 
 1.380842800252191e-01  1.349024350436645e+00  1.380842800252191e-01  1.419212973709713e+00  1.380842800252191e-01  8.336678997832099e-01  1.380842800252191e-01  1.957615294167984e-01  1.380842800252191e-01  1.432659132531383e-03  1.380842800252191e-01  9.292090652629332e-01  1.380842800252191e-01  1.793453204090051e-01  1.380842800252191e-01  1.154090831794421e-03 
 1.420842800252191e-01  1.348008965738519e+00  1.420842800252191e-01  1.420227929056008e+00  1.420842800252191e-01  8.322740024194745e-01  1.420842800252191e-01  1.959857058679409e-01  1.420842800252191e-01  1.436689044704332e-03  1.420842800252191e-01  9.305788815030425e-01  1.420842800252191e-01  1.790927247521714e-01  1.420842800252191e-01  1.150062623524828e-03 
 1.460842800252191e-01  1.346993700051494e+00  1.460842800252191e-01  1.421242752315624e+00  1.460842800252191e-01  8.308799259908521e-01  1.460842800252191e-01  1.962095250456023e-01  1.460842800252191e-01  1.440718484539493e-03  1.460842800252191e-01  9.319481771268407e-01  1.460842800252191e-01  1.788396669345722e-01  1.460842800252191e-01  1.146034939482326e-03 
 1.500842800252191e-01  1.345978557082455e+00  1.500842800252191e-01  1.422257439691045e+00  1.500842800252191e-01  8.294856750775268e-01  1.500842800252191e-01  1.964329880910536e-01  1.500842800252191e-01  1.444747437324823e-03  1.500842800252191e-01  9.333169465147756e-01  1.500842800252191e-01  1.785861451492208e-01  1.500842800252191e-01  1.142007794738513e-03 
 1.540842800252191e-01  1.344963540549044e+00  1.540842800252191e-01  1.423271987378936e+00  1.540842800252191e-01  8.280912542594028e-01  1.540842800252191e-01  1.966560961374590e-01  1.540842800252191e-01  1.448775888305550e-03  1.540842800252191e-01  9.346851840219546e-01  1.540842800252191e-01  1.783321575767190e-01  1.540842800252191e-01  1.137981204388075e-03 
 1.580842800252191e-01  1.343948654186055e+00  1.580842800252191e-01  1.424286391587336e+00  1.580842800252191e-01  8.266966681203891e-01  1.580842800252191e-01  1.968788503086270e-01  1.580842800252191e-01  1.452803822658830e-03  1.580842800252191e-01  9.360528839884172e-01  1.580842800252191e-01  1.780777023809337e-01  1.580842800252191e-01  1.133955183480531e-03 
 1.620842800252191e-01  1.342933901742809e+00  1.620842800252191e-01  1.425300648526921e+00  1.620842800252191e-01  8.253019212468358e-01  1.620842800252191e-01  1.971012517196594e-01  1.620842800252191e-01  1.456831225504181e-03  1.620842800252191e-01  9.374200407334239e-01  1.620842800252191e-01  1.778227777109252e-01  1.620842800252191e-01  1.129929747054969e-03 
 1.660842800252191e-01  1.341919286949629e+00  1.660842800252191e-01  1.426314754313428e+00  1.660842800252191e-01  8.239070182060870e-01  1.660842800252191e-01  1.973233014840467e-01  1.660842800252191e-01  1.460858082036522e-03  1.660842800252191e-01  9.387866484952141e-01  1.660842800252191e-01  1.775673817245362e-01  1.660842800252191e-01  1.125904910527218e-03 
 1.700842800252191e-01  1.340904813585232e+00  1.700842800252191e-01  1.427328705160292e+00  1.700842800252191e-01  8.225119635900170e-01  1.700842800252191e-01  1.975450006996484e-01  1.700842800252191e-01  1.464884377258681e-03  1.700842800252191e-01  9.401527015490887e-01  1.700842800252191e-01  1.773115125414374e-01  1.700842800252191e-01  1.121880688925410e-03 
 1.740842800252191e-01  1.339890485402138e+00  1.740842800252191e-01  1.428342497163315e+00  1.740842800252191e-01  8.211167619671101e-01  1.740842800252191e-01  1.977663504643745e-01  1.740842800252191e-01  1.468910096277447e-03  1.740842800252191e-01  9.415181940748401e-01  1.740842800252191e-01  1.770551682953770e-01  1.740842800252191e-01  1.117857097744476e-03 
 1.780842800252191e-01  1.338876306197321e+00  1.780842800252191e-01  1.429356126502046e+00  1.780842800252191e-01  8.197214179281362e-01  1.780842800252191e-01  1.979873518615242e-01  1.780842800252191e-01  1.472935224023258e-03  1.780842800252191e-01  9.428831202800629e-01  1.780842800252191e-01  1.767983470849379e-01  1.780842800252191e-01  1.113834152147007e-03 
 1.820842800252191e-01  1.337862279756750e+00  1.820842800252191e-01  1.430369589279745e+00  1.820842800252191e-01  8.183259360505187e-01  1.820842800252191e-01  1.982080059714289e-01  1.820842800252191e-01  1.476959745470122e-03  1.820842800252191e-01  9.442474743016464e-01  1.820842800252191e-01  1.765410470124610e-01  1.820842800252191e-01  1.109811867598370e-03 
 1.860842800252191e-01  1.336848409878803e+00  1.860842800252191e-01  1.431382881589406e+00  1.860842800252191e-01  8.169303209135708e-01  1.860842800252191e-01  1.984283138666547e-01  1.860842800252191e-01  1.480983645542863e-03  1.860842800252191e-01  9.456112502459997e-01  1.860842800252191e-01  1.762832661678031e-01  1.860842800252191e-01  1.105790259604643e-03 
 1.900842800252191e-01  1.335834700375395e+00  1.900842800252191e-01  1.432395999515708e+00  1.900842800252191e-01  8.155345770993471e-01  1.900842800252191e-01  1.986482766118501e-01  1.900842800252191e-01  1.485006909112546e-03  1.900842800252191e-01  9.469744421899142e-01  1.900842800252191e-01  1.760250026277005e-01  1.900842800252191e-01  1.101769343704895e-03 
 1.940842800252191e-01  1.334821155087235e+00  1.940842800252191e-01  1.433408939177145e+00  1.940842800252191e-01  8.141387092026426e-01  1.940842800252191e-01  1.988678952606830e-01  1.940842800252191e-01  1.489029520935991e-03  1.940842800252191e-01  9.483370442059568e-01  1.940842800252191e-01  1.757662544451856e-01  1.940842800252191e-01  1.097749135304009e-03 
 1.980842800252191e-01  1.333807777850174e+00  1.980842800252191e-01  1.434421696629105e+00  1.980842800252191e-01  8.127427218093846e-01  1.980842800252191e-01  1.990871708628903e-01  1.980842800252191e-01  1.493051465789282e-03  1.980842800252191e-01  9.496990503028901e-01  1.980842800252191e-01  1.755070196733304e-01  1.980842800252191e-01  1.093729650057328e-03 
 2.020842800252191e-01  1.332794572504056e+00  2.020842800252191e-01  1.435434267888046e+00  2.020842800252191e-01  8.113466195024596e-01  2.020842800252191e-01  1.993061044625074e-01  2.020842800252191e-01  1.497072728432622e-03  2.020842800252191e-01  9.510604544402093e-01  2.020842800252191e-01  1.752472963592159e-01  2.020842800252191e-01  1.089710903774658e-03 
 2.060842800252191e-01  1.331781542928211e+00  2.060842800252191e-01  1.436446649030791e+00  2.060842800252191e-01  8.099504068848098e-01  2.060842800252191e-01  1.995246970906454e-01  2.060842800252191e-01  1.501093293469562e-03  2.060842800252191e-01  9.524212505883348e-01  2.060842800252191e-01  1.749870825191276e-01  2.060842800252191e-01  1.085692912026238e-03 
 2.100842800252191e-01  1.330768692982912e+00  2.100842800252191e-01  1.437458836027640e+00  2.100842800252191e-01  8.085540885416816e-01  2.100842800252191e-01  1.997429497776271e-01  2.100842800252191e-01  1.505113145579237e-03  2.100842800252191e-01  9.537814326265333e-01  2.100842800252191e-01  1.747263761798348e-01  2.100842800252191e-01  1.081675690805088e-03 
 2.140842800252191e-01  1.329756026581527e+00  2.140842800252191e-01  1.438470824945000e+00  2.140842800252191e-01  8.071576690874513e-01  2.140842800252191e-01  1.999608635382317e-01  2.140842800252191e-01  1.509132269230063e-03  2.140842800252191e-01  9.551409944660016e-01  2.140842800252191e-01  1.744651753280100e-01  2.140842800252191e-01  1.077659255722753e-03 
 2.180842800252191e-01  1.328743547611992e+00  2.180842800252191e-01  1.439482611722497e+00  2.180842800252191e-01  8.057611531149136e-01  2.180842800252191e-01  2.001784393879111e-01  2.180842800252191e-01  1.513150648991419e-03  2.180842800252191e-01  9.564999299138416e-01  2.180842800252191e-01  1.742034779656270e-01  2.180842800252191e-01  1.073643622893966e-03 
 2.220842800252191e-01  1.327731259996797e+00  2.220842800252191e-01  1.440494192341074e+00  2.220842800252191e-01  8.043645452342492e-01  2.220842800252191e-01  2.003956783305483e-01  2.220842800252191e-01  1.517168269295515e-03  2.220842800252191e-01  9.578582327750134e-01  2.220842800252191e-01  1.739412820678851e-01  2.220842800252191e-01  1.069628808269481e-03 
 2.260842800252191e-01  1.326719167669379e+00  2.260842800252191e-01  1.441505562755055e+00  2.260842800252191e-01  8.029678500578553e-01  2.260842800252191e-01  2.006125813633892e-01  2.260842800252191e-01  1.521185114531132e-03  2.260842800252191e-01  9.592158968106334e-01  2.260842800252191e-01  1.736785855999888e-01  2.260842800252191e-01  1.065614827905680e-03 
 2.300842800252191e-01  1.325707274583603e+00  2.300842800252191e-01  1.442516718917537e+00  2.300842800252191e-01  8.015710722066232e-01  2.300842800252191e-01  2.008291494751856e-01  2.300842800252191e-01  1.525201169005964e-03  2.300842800252191e-01  9.605729157530218e-01  2.300842800252191e-01  1.734153865106078e-01  2.300842800252191e-01  1.061601697863802e-03 
 2.340842800252191e-01  1.324695584696427e+00  2.340842800252191e-01  1.443527656730616e+00  2.340842800252191e-01  8.001742162988197e-01  2.340842800252191e-01  2.010453836498103e-01  2.340842800252191e-01  1.529216417015428e-03  2.340842800252191e-01  9.619292832751731e-01  2.340842800252191e-01  1.731516827442577e-01  2.340842800252191e-01  1.057589434407525e-03 
 2.380842800252191e-01  1.323684101988432e+00  2.380842800252191e-01  1.444538372101587e+00  2.380842800252191e-01  7.987772869635167e-01  2.380842800252191e-01  2.012612848621506e-01  2.380842800252191e-01  1.533230842761204e-03  2.380842800252191e-01  9.632849930244519e-01  2.380842800252191e-01  1.728874722269818e-01  2.380842800252191e-01  1.053578053779831e-03 
 2.420842800252191e-01  1.322672830452224e+00  2.420842800252191e-01  1.445548860909228e+00  2.420842800252191e-01  7.973802888331959e-01  2.420842800252191e-01  2.014768540805515e-01  2.420842800252191e-01  1.537244430397228e-03  2.420842800252191e-01  9.646400386017941e-01  2.420842800252191e-01  1.726227528746907e-01  2.420842800252191e-01  1.049567572336926e-03 
 2.460842800252191e-01  1.321661774105262e+00  2.460842800252191e-01  1.446559119038296e+00  2.460842800252191e-01  7.959832265521970e-01  2.460842800252191e-01  2.016920922642917e-01  2.460842800252191e-01  1.541257163978790e-03  2.460842800252191e-01  9.659944135821694e-01  2.460842800252191e-01  1.723575225842369e-01  2.460842800252191e-01  1.045558006411251e-03 
 2.500842800252192e-01  1.320650936965339e+00  2.500842800252192e-01  1.447569142309898e+00  2.500842800252192e-01  7.945861047609191e-01  2.500842800252192e-01  2.019070003686363e-01  2.500842800252192e-01  1.545269027559872e-03  2.500842800252192e-01  9.673481114721403e-01  2.500842800252192e-01  1.720917792509463e-01  2.500842800252192e-01  1.041549372587857e-03 
 2.540842800252192e-01  1.319640323083007e+00  2.540842800252192e-01  1.448578926570475e+00  2.540842800252192e-01  7.931889281169912e-01  2.540842800252192e-01  2.021215793383434e-01  2.540842800252192e-01  1.549280005064418e-03  2.540842800252192e-01  9.687011257632150e-01  2.540842800252192e-01  1.718255207458168e-01  2.540842800252192e-01  1.037541687351244e-03 
 2.580842800252192e-01  1.318629936512983e+00  2.580842800252192e-01  1.449588467611017e+00  2.580842800252192e-01  7.917917012768280e-01  2.580842800252192e-01  2.023358301135350e-01  2.580842800252192e-01  1.553290080399887e-03  2.580842800252192e-01  9.700534498826869e-01  2.580842800252192e-01  1.715587449359302e-01  2.580842800252192e-01  1.033534967406008e-03 
 2.620842800252192e-01  1.317619781344026e+00  2.620842800252192e-01  1.450597761248526e+00  2.620842800252192e-01  7.903944289151591e-01  2.620842800252192e-01  2.025497536237374e-01  2.620842800252192e-01  1.557299237338569e-03  2.620842800252192e-01  9.714050772423335e-01  2.620842800252192e-01  1.712914496634459e-01  2.620842800252192e-01  1.029529229353453e-03 
 2.660842800252192e-01  1.316609861664268e+00  2.660842800252192e-01  1.451606803228710e+00  2.660842800252192e-01  7.889971157026164e-01  2.660842800252192e-01  2.027633507949604e-01  2.660842800252192e-01  1.561307459655325e-03  2.660842800252192e-01  9.727560011794154e-01  2.660842800252192e-01  1.710236327703571e-01  2.660842800252192e-01  1.025524490077861e-03 
 2.700842800252192e-01  1.315600181584259e+00  2.700842800252192e-01  1.452615589288523e+00  2.700842800252192e-01  7.875997663208163e-01  2.700842800252192e-01  2.029766225451146e-01  2.700842800252192e-01  1.565314731035932e-03  2.700842800252192e-01  9.741062149939425e-01  2.700842800252192e-01  1.707552920823176e-01  2.700842800252192e-01  1.021520766498224e-03 
 2.740842800252192e-01  1.314590745241490e+00  2.740842800252192e-01  1.453624115167162e+00  2.740842800252192e-01  7.862023854654472e-01  2.740842800252192e-01  2.031895697831991e-01  2.740842800252192e-01  1.569321035059342e-03  2.740842800252192e-01  9.754557119548248e-01  2.740842800252192e-01  1.704864254055871e-01  2.740842800252192e-01  1.017518075524655e-03 
 2.780842800252192e-01  1.313581556792438e+00  2.780842800252192e-01  1.454632376582637e+00  2.780842800252192e-01  7.848049778411994e-01  2.780842800252192e-01  2.034021934109769e-01  2.780842800252192e-01  1.573326355229086e-03  2.780842800252192e-01  9.768044852853384e-01  2.780842800252192e-01  1.702170305328547e-01  2.780842800252192e-01  1.013516434151334e-03 
 2.820842800252192e-01  1.312572620407134e+00  2.820842800252192e-01  1.455640369215520e+00  2.820842800252192e-01  7.834075481583466e-01  2.820842800252192e-01  2.036144943241442e-01  2.820842800252192e-01  1.577330674994952e-03  2.820842800252192e-01  9.781525281529707e-01  2.820842800252192e-01  1.699471052472836e-01  2.820842800252192e-01  1.009515859521013e-03 
 2.860842800252192e-01  1.311563940266851e+00  2.860842800252192e-01  1.456648088701419e+00  2.860842800252192e-01  7.820101011313474e-01  2.860842800252192e-01  2.038264734128578e-01  2.860842800252192e-01  1.581333977762066e-03  2.860842800252192e-01  9.794998336645331e-01  2.860842800252192e-01  1.696766473243358e-01  2.860842800252192e-01  1.005516368954882e-03 
 2.900842800252192e-01  1.310555520585002e+00  2.900842800252192e-01  1.457655530686765e+00  2.900842800252192e-01  7.806126414925842e-01  2.900842800252192e-01  2.040381315576399e-01  2.900842800252192e-01  1.585336246808021e-03  2.900842800252192e-01  9.808463948991062e-01  2.900842800252192e-01  1.694056545170889e-01  2.900842800252192e-01  1.001517979731189e-03 
 2.940842800252192e-01  1.309547365599824e+00  2.940842800252192e-01  1.458662690807193e+00  2.940842800252192e-01  7.792151739877106e-01  2.940842800252192e-01  2.042494696309268e-01  2.940842800252192e-01  1.589337465311872e-03  2.940842800252192e-01  9.821922048945917e-01  2.940842800252192e-01  1.691341245616058e-01  2.940842800252192e-01  9.975207091710125e-04 
 2.980842800252192e-01  1.308539479548321e+00  2.980842800252192e-01  1.459669564615155e+00  2.980842800252192e-01  7.778177033587762e-01  2.980842800252192e-01  2.044604885023336e-01  2.980842800252192e-01  1.593337616457594e-03  2.980842800252192e-01  9.835372566040774e-01  2.980842800252192e-01  1.688620551957082e-01  2.980842800252192e-01  9.935245749255681e-04 
 3.020842800252192e-01  1.307531866719191e+00  3.020842800252192e-01  1.460676147722709e+00  3.020842800252192e-01  7.764202343788572e-01  3.020842800252192e-01  2.046711890281963e-01  3.020842800252192e-01  1.597336683223977e-03  3.020842800252192e-01  9.848815429805766e-01  3.020842800252192e-01  1.685894441214074e-01  3.020842800252192e-01  9.895295944094718e-04 
 3.060842800252192e-01  1.306524531400578e+00  3.060842800252192e-01  1.461682435657703e+00  3.060842800252192e-01  7.750227718180918e-01  3.060842800252192e-01  2.048815720620464e-01  3.060842800252192e-01  1.601334648592016e-03  3.060842800252192e-01  9.862250568907669e-01  3.060842800252192e-01  1.683162890423821e-01  3.060842800252192e-01  9.855357853715847e-04 
 3.100842800252192e-01  1.305517477906983e+00  3.100842800252192e-01  1.462688423935712e+00  3.100842800252192e-01  7.736253204613499e-01  3.100842800252192e-01  2.050916384493308e-01  3.100842800252192e-01  1.605331495438063e-03  3.100842800252192e-01  9.875677911574415e-01  3.100842800252192e-01  1.680425876449539e-01  3.100842800252192e-01  9.815431656094327e-04 
 3.140842800252192e-01  1.304510710579606e+00  3.140842800252192e-01  1.463694108059300e+00  3.140842800252192e-01  7.722278851085659e-01  3.140842800252192e-01  2.053013890274337e-01  3.140842800252192e-01  1.609327206532588e-03  3.140842800252192e-01  9.889097385585575e-01  3.140842800252192e-01  1.677683375980528e-01  3.140842800252192e-01  9.775517529721871e-04 
 3.180842800252192e-01  1.303504233775743e+00  3.180842800252192e-01  1.464699483487901e+00  3.180842800252192e-01  7.708304705679353e-01  3.180842800252192e-01  2.055108246278431e-01  3.180842800252192e-01  1.613321764582080e-03  3.180842800252192e-01  9.902508918088503e-01  3.180842800252192e-01  1.674935365609848e-01  3.180842800252192e-01  9.735615654802018e-04 
 3.220842800252192e-01  1.302498051872982e+00  3.220842800252192e-01  1.465704545647767e+00  3.220842800252192e-01  7.694330816587566e-01  3.220842800252192e-01  2.057199460754014e-01  3.220842800252192e-01  1.617315152212569e-03  3.220842800252192e-01  9.915912435652880e-01  3.220842800252192e-01  1.672181821806381e-01  3.220842800252192e-01  9.695726212854956e-04 
 3.260842800252192e-01  1.301492169291712e+00  3.260842800252192e-01  1.466709289990963e+00  3.260842800252192e-01  7.680357232262617e-01  3.260842800252192e-01  2.059287541839430e-01  3.260842800252192e-01  1.621307351880157e-03  3.260842800252192e-01  9.929307864614948e-01  3.260842800252192e-01  1.669422720755641e-01  3.260842800252192e-01  9.655849384376352e-04 
 3.300842800252192e-01  1.300486590462589e+00  3.300842800252192e-01  1.467713711906108e+00  3.300842800252192e-01  7.666384001204738e-01  3.300842800252192e-01  2.061372497627953e-01  3.300842800252192e-01  1.625298346000241e-03  3.300842800252192e-01  9.942695130543298e-01  3.300842800252192e-01  1.666658038594898e-01  3.300842800252192e-01  9.615985352379981e-04 
 3.340842800252192e-01  1.299481319830223e+00  3.340842800252192e-01  1.468717806727097e+00  3.340842800252192e-01  7.652411171986967e-01  3.340842800252192e-01  2.063454336161117e-01  3.340842800252192e-01  1.629288116932822e-03  3.340842800252192e-01  9.956074158286430e-01  3.340842800252192e-01  1.663887751388938e-01  3.340842800252192e-01  9.576134302051137e-04 
 3.380842800252192e-01  1.298476361880022e+00  3.380842800252192e-01  1.469721569803477e+00  3.380842800252192e-01  7.638438793432094e-01  3.380842800252192e-01  2.065533065376742e-01  3.380842800252192e-01  1.633276646875983e-03  3.380842800252192e-01  9.969444872383268e-01  3.380842800252192e-01  1.661111834939716e-01  3.380842800252192e-01  9.536296417954160e-04 
 3.420842800252192e-01  1.297471721120177e+00  3.420842800252192e-01  1.470724996450443e+00  3.420842800252192e-01  7.624466914495821e-01  3.420842800252192e-01  2.067608693145169e-01  3.420842800252192e-01  1.637263917937356e-03  3.420842800252192e-01  9.982807196762049e-01  3.420842800252192e-01  1.658330264917620e-01  3.420842800252192e-01  9.496471886016459e-04 
 3.460842800252192e-01  1.296467402077213e+00  3.460842800252192e-01  1.471728081935426e+00  3.460842800252192e-01  7.610495584238741e-01  3.460842800252192e-01  2.069681227278720e-01  3.460842800252192e-01  1.641249912151852e-03  3.460842800252192e-01  9.996161054656181e-01  3.460842800252192e-01  1.655543016895878e-01  3.460842800252192e-01  9.456660894061099e-04 
 3.500842800252192e-01  1.295463409304669e+00  3.500842800252192e-01  1.472730821499823e+00  3.500842800252192e-01  7.596524851884269e-01  3.500842800252192e-01  2.071750675515411e-01  3.500842800252192e-01  1.645234611447146e-03  3.500842800252192e-01  1.000950636872716e+00  3.500842800252192e-01  1.652750066290211e-01  3.500842800252192e-01  9.416863630944358e-04 
 3.540842800252192e-01  1.294459747400796e+00  3.540842800252192e-01  1.473733210404191e+00  3.540842800252192e-01  7.582554766935682e-01  3.540842800252192e-01  2.073817045485233e-01  3.540842800252192e-01  1.649217997573448e-03  3.540842800252192e-01  1.002284306132412e+00  3.540842800252192e-01  1.649951388233880e-01  3.540842800252192e-01  9.377080284761962e-04 
 3.580842800252192e-01  1.293456420960732e+00  3.580842800252192e-01  1.474735243799599e+00  3.580842800252192e-01  7.568585378863898e-01  3.580842800252192e-01  2.075880344804276e-01  3.580842800252192e-01  1.653200052293354e-03  3.580842800252192e-01  1.003617105372249e+00  3.580842800252192e-01  1.647146957924181e-01  3.580842800252192e-01  9.337311047954917e-04 
 3.620842800252193e-01  1.292453434622415e+00  3.620842800252193e-01  1.475736916848065e+00  3.620842800252193e-01  7.554616737409351e-01  3.620842800252193e-01  2.077940580985818e-01  3.620842800252193e-01  1.657180757199551e-03  3.620842800252193e-01  1.004949026682616e+00  3.620842800252193e-01  1.644336750294254e-01  3.620842800252193e-01  9.297556112529624e-04 
 3.660842800252193e-01  1.291450793061020e+00  3.660842800252193e-01  1.476738224705774e+00  3.660842800252193e-01  7.540648892546727e-01  3.660842800252193e-01  2.079997761452134e-01  3.660842800252193e-01  1.661160093736950e-03  3.660842800252193e-01  1.006280062106208e+00  3.660842800252193e-01  1.641520740055398e-01  3.660842800252193e-01  9.257815670723777e-04 
 3.700842800252193e-01  1.290448500962090e+00  3.700842800252193e-01  1.477739162450428e+00  3.700842800252193e-01  7.526681894309866e-01  3.700842800252193e-01  2.082051893587475e-01  3.700842800252193e-01  1.665138043309355e-03  3.700842800252193e-01  1.007610203594926e+00  3.700842800252193e-01  1.638698901893380e-01  3.700842800252193e-01  9.218089917890108e-04 
 3.740842800252193e-01  1.289446563047018e+00  3.740842800252193e-01  1.478739725147023e+00  3.740842800252193e-01  7.512715792959844e-01  3.740842800252193e-01  2.084102984689230e-01  3.740842800252193e-01  1.669114587178233e-03  3.740842800252193e-01  1.008939443047812e+00  3.740842800252193e-01  1.635871210286887e-01  3.740842800252193e-01  9.178379049885366e-04 
 3.780842800252193e-01  1.288444984075544e+00  3.780842800252193e-01  1.479739907852375e+00  3.780842800252193e-01  7.498750639002680e-01  3.780842800252193e-01  2.086151041964009e-01  3.780842800252193e-01  1.673089706452877e-03  3.780842800252193e-01  1.010267772313017e+00  3.780842800252193e-01  1.633037639492147e-01  3.780842800252193e-01  9.138683262890650e-04 
 3.820842800252193e-01  1.287443768820514e+00  3.820842800252193e-01  1.480739705547173e+00  3.820842800252193e-01  7.484786483024539e-01  3.820842800252193e-01  2.088196072577238e-01  3.820842800252193e-01  1.677063382190591e-03  3.820842800252193e-01  1.011595183147564e+00  3.820842800252193e-01  1.630198163727747e-01  3.820842800252193e-01  9.099002756108934e-04 
 3.860842800252193e-01  1.286442922094110e+00  3.860842800252193e-01  1.481739113203118e+00  3.860842800252193e-01  7.470823375865084e-01  3.860842800252193e-01  2.090238083603129e-01  3.860842800252193e-01  1.681035595292494e-03  3.860842800252193e-01  1.012921667255893e+00  3.860842800252193e-01  1.627352756987712e-01  3.860842800252193e-01  9.059337729099294e-04 
 3.900842800252193e-01  1.285442448735340e+00  3.900842800252193e-01  1.482738125748313e+00  3.900842800252193e-01  7.456861368536437e-01  3.900842800252193e-01  2.092277082049704e-01  3.900842800252193e-01  1.685006326553315e-03  3.900842800252193e-01  1.014247216269063e+00  3.900842800252193e-01  1.624501393134564e-01  3.900842800252193e-01  9.019688383150967e-04 
 3.940842800252193e-01  1.284442353619169e+00  3.940842800252193e-01  1.483736738089355e+00  3.940842800252193e-01  7.442900512284131e-01  3.940842800252193e-01  2.094313074841890e-01  3.940842800252193e-01  1.688975556624996e-03  3.940842800252193e-01  1.015571821756944e+00  3.940842800252193e-01  1.621644045835852e-01  3.940842800252193e-01  8.980054920407392e-04 
 3.980842800252193e-01  1.283442641652401e+00  3.980842800252193e-01  1.484734945098578e+00  3.980842800252193e-01  7.428940858561304e-01  3.980842800252193e-01  2.096346068830336e-01  3.980842800252193e-01  1.692943266033213e-03  3.980842800252193e-01  1.016895475220136e+00  3.980842800252193e-01  1.618780688596901e-01  3.980842800252193e-01  8.940437544370825e-04 
 4.020842800252193e-01  1.282443317765876e+00  4.020842800252193e-01  1.485732741592170e+00  4.020842800252193e-01  7.414982458978291e-01  4.020842800252193e-01  2.098376070807067e-01  4.020842800252193e-01  1.696909435208133e-03  4.020842800252193e-01  1.018218168076652e+00  4.020842800252193e-01  1.615911294819823e-01  4.020842800252193e-01  8.900836460772339e-04 
 4.060842800252193e-01  1.281444386926546e+00  4.060842800252193e-01  1.486730122359608e+00  4.060842800252193e-01  7.401025365383166e-01  4.060842800252193e-01  2.100403087483099e-01  4.060842800252193e-01  1.700874044436684e-03  4.060842800252193e-01  1.019539891678320e+00  4.060842800252193e-01  1.613035837719211e-01  4.060842800252193e-01  8.861251876403076e-04 
 4.100842800252193e-01  1.280445854145962e+00  4.100842800252193e-01  1.487727082183679e+00  4.100842800252193e-01  7.387069629918670e-01  4.100842800252193e-01  2.102427125472972e-01  4.100842800252193e-01  1.704837073828751e-03  4.100842800252193e-01  1.020860637321615e+00  4.100842800252193e-01  1.610154290262992e-01  4.100842800252193e-01  8.821683998319332e-04 
 4.140842800252193e-01  1.279447724451166e+00  4.140842800252193e-01  1.488723615763285e+00  4.140842800252193e-01  7.373115304831769e-01  4.140842800252193e-01  2.104448191351302e-01  4.140842800252193e-01  1.708798503432769e-03  4.140842800252193e-01  1.022180396202400e+00  4.140842800252193e-01  1.607266625386919e-01  4.140842800252193e-01  8.782133036906709e-04 
 4.180842800252193e-01  1.278450002913169e+00  4.180842800252193e-01  1.489719717785208e+00  4.180842800252193e-01  7.359162442661993e-01  4.180842800252193e-01  2.106466291598950e-01  4.180842800252193e-01  1.712758313122598e-03  4.180842800252193e-01  1.023499159456664e+00  4.180842800252193e-01  1.604372815790693e-01  4.180842800252193e-01  8.742599203031790e-04 
 4.220842800252193e-01  1.277452694633462e+00  4.220842800252193e-01  1.490715382887263e+00  4.220842800252193e-01  7.345211096153899e-01  4.220842800252193e-01  2.108481432629686e-01  4.220842800252193e-01  1.716716482651207e-03  4.220842800252193e-01  1.024816918138562e+00  4.220842800252193e-01  1.601472834039153e-01  4.220842800252193e-01  8.703082709504440e-04 
 4.260842800252193e-01  1.276455804761721e+00  4.260842800252193e-01  1.491710605701907e+00  4.260842800252193e-01  7.331261318374543e-01  4.260842800252193e-01  2.110493620757151e-01  4.260842800252193e-01  1.720672991580275e-03  4.260842800252193e-01  1.026133663244734e+00  4.260842800252193e-01  1.598566652436076e-01  4.260842800252193e-01  8.663583769347013e-04 
 4.300842800252193e-01  1.275459338453958e+00  4.300842800252193e-01  1.492705380746831e+00  4.300842800252193e-01  7.317313162439052e-01  4.300842800252193e-01  2.112502862275385e-01  4.300842800252193e-01  1.724627819446373e-03  4.300842800252193e-01  1.027449385650789e+00  4.300842800252193e-01  1.595654243332710e-01  4.300842800252193e-01  8.624102600137061e-04 
 4.340842800252193e-01  1.274463300937065e+00  4.340842800252193e-01  1.493699702588426e+00  4.340842800252193e-01  7.303366681936699e-01  4.340842800252193e-01  2.114509163336666e-01  4.340842800252193e-01  1.728580945504710e-03  4.340842800252193e-01  1.028764076204330e+00  4.340842800252193e-01  1.592735578660263e-01  4.340842800252193e-01  8.584639417518594e-04 
 4.380842800252193e-01  1.273467697457449e+00  4.380842800252193e-01  1.494693565708072e+00  4.380842800252193e-01  7.289421930593768e-01  4.380842800252193e-01  2.116512530050147e-01  4.380842800252193e-01  1.732532348933094e-03  4.380842800252193e-01  1.030077725647495e+00  4.380842800252193e-01  1.589810630307739e-01  4.380842800252193e-01  8.545194440510105e-04 
 4.420842800252193e-01  1.272472533292464e+00  4.420842800252193e-01  1.495686964529626e+00  4.420842800252193e-01  7.275478962349684e-01  4.420842800252193e-01  2.118512968460719e-01  4.420842800252193e-01  1.736482008786463e-03  4.420842800252193e-01  1.031390324632030e+00  4.420842800252193e-01  1.586879370041946e-01  4.420842800252193e-01  8.505767890412625e-04 
 4.460842800252193e-01  1.271477813769594e+00  4.460842800252193e-01  1.496679893466086e+00  4.460842800252193e-01  7.261537831484688e-01  4.460842800252193e-01  2.120510484513486e-01  4.460842800252193e-01  1.740429903920839e-03  4.460842800252193e-01  1.032701863745151e+00  4.460842800252193e-01  1.583941769370947e-01  4.460842800252193e-01  8.466359988958262e-04 
 4.500842800252193e-01  1.270483544252624e+00  4.500842800252193e-01  1.497672346882233e+00  4.500842800252193e-01  7.247598592529645e-01  4.500842800252193e-01  2.122505084080752e-01  4.500842800252193e-01  1.744376013048122e-03  4.500842800252193e-01  1.034012333487385e+00  4.500842800252193e-01  1.580997799648333e-01  4.500842800252193e-01  8.426970959792699e-04 
 4.540842800252193e-01  1.269489730139482e+00  4.540842800252193e-01  1.498664319087128e+00  4.540842800252193e-01  7.233661300252879e-01  4.540842800252193e-01  2.124496772966915e-01  4.540842800252193e-01  1.748320314744775e-03  4.540842800252193e-01  1.035321724267519e+00  4.540842800252193e-01  1.578047432092587e-01  4.540842800252193e-01  8.387601028772826e-04 
 4.580842800252193e-01  1.268496376870255e+00  4.580842800252193e-01  1.499655804352237e+00  4.580842800252193e-01  7.219726009714117e-01  4.580842800252193e-01  2.126485556894006e-01  4.580842800252193e-01  1.752262787419864e-03  4.580842800252193e-01  1.036630026412113e+00  4.580842800252193e-01  1.575090637732266e-01  4.580842800252193e-01  8.348250423247934e-04 
 4.620842800252193e-01  1.267503489927913e+00  4.620842800252193e-01  1.500646796911074e+00  4.620842800252193e-01  7.205792776270257e-01  4.620842800252193e-01  2.128471441501192e-01  4.620842800252193e-01  1.756203409312295e-03  4.620842800252193e-01  1.037937230164440e+00  4.620842800252193e-01  1.572127387404067e-01  4.620842800252193e-01  8.308919372073001e-04 
 4.660842800252193e-01  1.266511074835864e+00  4.660842800252193e-01  1.501637290950772e+00  4.660842800252193e-01  7.191861655560342e-01  4.660842800252193e-01  2.130454432350157e-01  4.660842800252193e-01  1.760142158500458e-03  4.660842800252193e-01  1.039243325678854e+00  4.660842800252193e-01  1.569157651774617e-01  4.660842800252193e-01  8.269608105944092e-04 
 4.700842800252193e-01  1.265519137161699e+00  4.700842800252193e-01  1.502627280619261e+00  4.700842800252193e-01  7.177932703531398e-01  4.700842800252193e-01  2.132434534918885e-01  4.700842800252193e-01  1.764079012887458e-03  4.700842800252193e-01  1.040548303023974e+00  4.700842800252193e-01  1.566181401316727e-01  4.700842800252193e-01  8.230316857112950e-04 
 4.740842800252194e-01  1.264527682502064e+00  4.740842800252194e-01  1.503616759985142e+00  4.740842800252194e-01  7.164005976339420e-01  4.740842800252194e-01  2.134411754630769e-01  4.740842800252194e-01  1.768013950260978e-03  4.740842800252194e-01  1.041852152159190e+00  4.740842800252194e-01  1.563198606424496e-01  4.740842800252194e-01  8.191045860980031e-04 
 4.780842800252194e-01  1.263536716505018e+00  4.780842800252194e-01  1.504605723091496e+00  4.780842800252194e-01  7.150081530498165e-01  4.780842800252194e-01  2.136386096813453e-01  4.780842800252194e-01  1.771946948204725e-03  4.780842800252194e-01  1.043154862964182e+00  4.780842800252194e-01  1.560209237253108e-01  4.780842800252194e-01  8.151795353957994e-04 
 4.820842800252194e-01  1.262546244873938e+00  4.820842800252194e-01  1.505594163963093e+00  4.820842800252194e-01  7.136159422905997e-01  4.820842800252194e-01  2.138357566692367e-01  4.820842800252194e-01  1.775877984082838e-03  4.820842800252194e-01  1.044456425241977e+00  4.820842800252194e-01  1.557213263693916e-01  4.820842800252194e-01  8.112565573186665e-04 
 4.860842800252194e-01  1.261556273341844e+00  4.860842800252194e-01  1.506582076539959e+00  4.860842800252194e-01  7.122239710677345e-01  4.860842800252194e-01  2.140326169439632e-01  4.860842800252194e-01  1.779807035141809e-03  4.860842800252194e-01  1.045756828680650e+00  4.860842800252194e-01  1.554210655567515e-01  4.860842800252194e-01  8.073356759169000e-04 
 4.900842800252194e-01  1.260566807678722e+00  4.900842800252194e-01  1.507569454693589e+00  4.900842800252194e-01  7.108322451192028e-01  4.900842800252194e-01  2.142291910161018e-01  4.900842800252194e-01  1.783734078481408e-03  4.900842800252194e-01  1.047056062861632e+00  4.900842800252194e-01  1.551201382574224e-01  4.900842800252194e-01  8.034169155127888e-04 
 4.940842800252194e-01  1.259577853728592e+00  4.940842800252194e-01  1.508556292316364e+00  4.940842800252194e-01  7.094407702341399e-01  4.940842800252194e-01  2.144254793827561e-01  4.940842800252194e-01  1.787659090907589e-03  4.940842800252194e-01  1.048354117308835e+00  4.940842800252194e-01  1.548185414025221e-01  4.940842800252194e-01  7.995003003457067e-04 
 4.980842800252194e-01  1.258589417348342e+00  4.980842800252194e-01  1.509542583167505e+00  4.980842800252194e-01  7.080495522125004e-01  4.980842800252194e-01  2.146214825390535e-01  4.980842800252194e-01  1.791582049175205e-03  4.980842800252194e-01  1.049650981401403e+00  4.980842800252194e-01  1.545162719297764e-01  4.980842800252194e-01  7.955858551835377e-04 
 5.020842800252193e-01  1.257601504468778e+00  5.020842800252193e-01  1.510528321021749e+00  5.020842800252193e-01  7.066585969055252e-01  5.020842800252193e-01  2.148172009668384e-01  5.020842800252193e-01  1.795502929745791e-03  5.020842800252193e-01  1.050946644455954e+00  5.020842800252193e-01  1.542133267389558e-01  5.020842800252193e-01  7.916736047325662e-04 
 5.060842800252193e-01  1.256614121048109e+00  5.060842800252193e-01  1.511513499551962e+00  5.060842800252193e-01  7.052679101850877e-01  5.060842800252193e-01  2.150126351434172e-01  5.060842800252193e-01  1.799421708972069e-03  5.060842800252193e-01  1.052241095659975e+00  5.060842800252193e-01  1.539097027266374e-01  5.060842800252193e-01  7.877635741033667e-04 
 5.100842800252193e-01  1.255627273109873e+00  5.100842800252193e-01  1.512498112420060e+00  5.100842800252193e-01  7.038774979688844e-01  5.100842800252193e-01  2.152077855345831e-01  5.100842800252193e-01  1.803338362947523e-03  5.100842800252193e-01  1.053534324121544e+00  5.100842800252193e-01  1.536053967586823e-01  5.100842800252193e-01  7.838557884500138e-04 
 5.140842800252193e-01  1.254640966719015e+00  5.140842800252193e-01  1.513482153215508e+00  5.140842800252193e-01  7.024873662047153e-01  5.140842800252193e-01  2.154026525991461e-01  5.140842800252193e-01  1.807252867601282e-03  5.140842800252193e-01  1.054826318834014e+00  5.140842800252193e-01  1.533004056883774e-01  5.140842800252193e-01  7.799502732140872e-04 
 5.180842800252193e-01  1.253655207984211e+00  5.180842800252193e-01  1.514465615458664e+00  5.180842800252193e-01  7.010975208721203e-01  5.180842800252193e-01  2.155972367885738e-01  5.180842800252193e-01  1.811165198688891e-03  5.180842800252193e-01  1.056117068676913e+00  5.180842800252193e-01  1.529947263552131e-01  5.180842800252193e-01  7.760470541114759e-04 
 5.220842800252193e-01  1.252670003077682e+00  5.220842800252193e-01  1.515448492646525e+00  5.220842800252193e-01  6.997079679956004e-01  5.220842800252193e-01  2.157915385434051e-01  5.220842800252193e-01  1.815075331713737e-03  5.220842800252193e-01  1.057406562440220e+00  5.220842800252193e-01  1.526883555707096e-01  5.220842800252193e-01  7.721461569507316e-04 
 5.260842800252193e-01  1.251685358209182e+00  5.260842800252193e-01  1.516430778186574e+00  5.260842800252193e-01  6.983187136275020e-01  5.260842800252193e-01  2.159855582981453e-01  5.260842800252193e-01  1.818983242030210e-03  5.260842800252193e-01  1.058694788786666e+00  5.260842800252193e-01  1.523812901381957e-01  5.260842800252193e-01  7.682476078957183e-04 
 5.300842800252193e-01  1.250701279642871e+00  5.300842800252193e-01  1.517412465435378e+00  5.300842800252193e-01  6.969297638592867e-01  5.300842800252193e-01  2.161792964782210e-01  5.300842800252193e-01  1.822888904776785e-03  5.300842800252193e-01  1.059981736272050e+00  5.300842800252193e-01  1.520735268408249e-01  5.300842800252193e-01  7.643514333123627e-04 
 5.340842800252193e-01  1.249717773714087e+00  5.340842800252193e-01  1.518393547736251e+00  5.340842800252193e-01  6.955411248327555e-01  5.340842800252193e-01  2.163727534969723e-01  5.340842800252193e-01  1.826792294809432e-03  5.340842800252193e-01  1.061267393364778e+00  5.340842800252193e-01  1.517650624296705e-01  5.340842800252193e-01  7.604576596191694e-04 
 5.380842800252194e-01  1.248734846779529e+00  5.380842800252194e-01  1.519374018296088e+00  5.380842800252194e-01  6.941528027071410e-01  5.380842800252194e-01  2.165659297649246e-01  5.380842800252194e-01  1.830693386899358e-03  5.380842800252194e-01  1.062551748376994e+00  5.380842800252194e-01  1.514558936611923e-01  5.380842800252194e-01  7.565663137761090e-04 
 5.420842800252194e-01  1.247752505284610e+00  5.420842800252194e-01  1.520353870345244e+00  5.420842800252194e-01  6.927648037038425e-01  5.420842800252194e-01  2.167588256774508e-01  5.420842800252194e-01  1.834592155465682e-03  5.420842800252194e-01  1.063834789551303e+00  5.420842800252194e-01  1.511460172478447e-01  5.420842800252194e-01  7.526774226500010e-04 
 5.460842800252194e-01  1.246770755707295e+00  5.460842800252194e-01  1.521333096999165e+00  5.460842800252194e-01  6.913771340693160e-01  5.460842800252194e-01  2.169514416252018e-01  5.460842800252194e-01  1.838488574798290e-03  5.460842800252194e-01  1.065116504983618e+00  5.460842800252194e-01  1.508354299003062e-01  5.460842800252194e-01  7.487910135637548e-04 
 5.500842800252194e-01  1.245789604581533e+00  5.500842800252194e-01  1.522311691312249e+00  5.500842800252194e-01  6.899898000906961e-01  5.500842800252194e-01  2.171437779898704e-01  5.500842800252194e-01  1.842382618964923e-03  5.500842800252194e-01  1.066396882651607e+00  5.500842800252194e-01  1.505241283106635e-01  5.500842800252194e-01  7.449071140825453e-04 
 5.540842800252194e-01  1.244809058511162e+00  5.540842800252194e-01  1.523289646308070e+00  5.540842800252194e-01  6.886028081051256e-01  5.540842800252194e-01  2.173358351417195e-01  5.540842800252194e-01  1.846274261755910e-03  5.540842800252194e-01  1.067675910429934e+00  5.540842800252194e-01  1.502121091426716e-01  5.540842800252194e-01  7.410257518939064e-04 
 5.580842800252194e-01  1.243829124149575e+00  5.580842800252194e-01  1.524266954927718e+00  5.580842800252194e-01  6.872161644863793e-01  5.580842800252194e-01  2.175276134434038e-01  5.580842800252194e-01  1.850163476764905e-03  5.580842800252194e-01  1.068953576060818e+00  5.580842800252194e-01  1.498993690474603e-01  5.580842800252194e-01  7.371469550127324e-04 
 5.620842800252194e-01  1.242849808210850e+00  5.620842800252194e-01  1.525243610053501e+00  5.620842800252194e-01  6.858298756523420e-01  5.620842800252194e-01  2.177191132480073e-01  5.620842800252194e-01  1.854050237344737e-03  5.620842800252194e-01  1.070229867165728e+00  5.620842800252194e-01  1.495859046558707e-01  5.620842800252194e-01  7.332707516872138e-04 
 5.660842800252194e-01  1.241871117463657e+00  5.660842800252194e-01  1.526219604491465e+00  5.660842800252194e-01  6.844439480610759e-01  5.660842800252194e-01  2.179103349002412e-01  5.660842800252194e-01  1.857934516631566e-03  5.660842800252194e-01  1.071504771234637e+00  5.660842800252194e-01  1.492717125836187e-01  5.660842800252194e-01  7.293971704682175e-04 
 5.700842800252194e-01  1.240893058739093e+00  5.700842800252194e-01  1.527194930986952e+00  5.700842800252194e-01  6.830583882161150e-01  5.700842800252194e-01  2.181012787350901e-01  5.700842800252194e-01  1.861816287513758e-03  5.700842800252194e-01  1.072778275633187e+00  5.700842800252194e-01  1.489567894261162e-01  5.700842800252194e-01  7.255262401475247e-04 
 5.740842800252194e-01  1.239915638939642e+00  5.740842800252194e-01  1.528169582242627e+00  5.740842800252194e-01  6.816732026725167e-01  5.740842800252194e-01  2.182919450762651e-01  5.740842800252194e-01  1.865695522596347e-03  5.740842800252194e-01  1.074050367611070e+00  5.740842800252194e-01  1.486411317524183e-01  5.740842800252194e-01  7.216579896863468e-04 
 5.780842800252194e-01  1.238938865016131e+00  5.780842800252194e-01  1.529143550860874e+00  5.780842800252194e-01  6.802883980216793e-01  5.780842800252194e-01  2.184823342404958e-01  5.780842800252194e-01  1.869572194292571e-03  5.780842800252194e-01  1.075321034269582e+00  5.780842800252194e-01  1.483247361230884e-01  5.780842800252194e-01  7.177924484438494e-04 
 5.820842800252194e-01  1.237962743981709e+00  5.820842800252194e-01  1.530116829373791e+00  5.820842800252194e-01  6.789039809007082e-01  5.820842800252194e-01  2.186724465350524e-01  5.820842800252194e-01  1.873446274768264e-03  5.820842800252194e-01  1.076590262576546e+00  5.820842800252194e-01  1.480075990804754e-01  5.820842800252194e-01  7.139296460581638e-04 
 5.860842800252194e-01  1.236987282927710e+00  5.860842800252194e-01  1.531089410277149e+00  5.860842800252194e-01  6.775199580030621e-01  5.860842800252194e-01  2.188622822549479e-01  5.860842800252194e-01  1.877317735878948e-03  5.860842800252194e-01  1.077858039383120e+00  5.860842800252194e-01  1.476897171375360e-01  5.860842800252194e-01  7.100696123116501e-04 
 5.900842800252194e-01  1.236012489001588e+00  5.900842800252194e-01  1.532061285975207e+00  5.900842800252194e-01  6.761363360640005e-01  5.900842800252194e-01  2.190518416870432e-01  5.900842800252194e-01  1.881186549257454e-03  5.900842800252194e-01  1.079124351392719e+00  5.900842800252194e-01  1.473710867950447e-01  5.900842800252194e-01  7.062123773498126e-04 
 5.940842800252194e-01  1.235038369415766e+00  5.940842800252194e-01  1.533032448798333e+00  5.940842800252194e-01  6.747531218665643e-01  5.940842800252194e-01  2.192411251085138e-01  5.940842800252194e-01  1.885052686278723e-03  5.940842800252194e-01  1.080389185169105e+00  5.940842800252194e-01  1.470517045357052e-01  5.940842800252194e-01  7.023579716114618e-04 
 5.980842800252194e-01  1.234064931445992e+00  5.980842800252194e-01  1.534002890995828e+00  5.980842800252194e-01  6.733703222405796e-01  5.980842800252194e-01  2.194301327872331e-01  5.980842800252194e-01  1.888916118066378e-03  5.980842800252194e-01  1.081652527131127e+00  5.980842800252194e-01  1.467315668261491e-01  5.980842800252194e-01  6.985064258571608e-04 
 6.020842800252194e-01  1.233092182450473e+00  6.020842800252194e-01  1.534972604776935e+00  6.020842800252194e-01  6.719879440754832e-01  6.020842800252194e-01  2.196188649783929e-01  6.020842800252194e-01  1.892776815416804e-03  6.020842800252194e-01  1.082914363573052e+00  6.020842800252194e-01  1.464106701033575e-01  6.020842800252194e-01  6.946577710064325e-04 
 6.060842800252194e-01  1.232120129836809e+00  6.060842800252194e-01  1.535941582230731e+00  6.060842800252194e-01  6.706059942984434e-01  6.060842800252194e-01  2.198073219305738e-01  6.060842800252194e-01  1.896634748930310e-03  6.060842800252194e-01  1.084174680620452e+00  6.060842800252194e-01  1.460890108002039e-01  6.060842800252194e-01  6.908120384557649e-04 
 6.100842800252194e-01  1.231148781089478e+00  6.100842800252194e-01  1.536909815386418e+00  6.100842800252194e-01  6.692244798927290e-01  6.100842800252194e-01  2.199955038808534e-01  6.100842800252194e-01  1.900489888902116e-03  6.100842800252194e-01  1.085433464260789e+00  6.100842800252194e-01  1.457665853256896e-01  6.100842800252194e-01  6.869692598392656e-04 
 6.140842800252194e-01  1.230178143783859e+00  6.140842800252194e-01  1.537877296241855e+00  6.140842800252194e-01  6.678434079071358e-01  6.140842800252194e-01  2.201834110523650e-01  6.140842800252194e-01  1.904342205266643e-03  6.140842800252194e-01  1.086690700356804e+00  6.140842800252194e-01  1.454433900551965e-01  6.140842800252194e-01  6.831294669154855e-04 
 6.180842800252194e-01  1.229208225535253e+00  6.180842800252194e-01  1.538844016642627e+00  6.180842800252194e-01  6.664627854221984e-01  6.180842800252194e-01  2.203710436635901e-01  6.180842800252194e-01  1.908191667799904e-03  6.180842800252194e-01  1.087946374581066e+00  6.180842800252194e-01  1.451194213696035e-01  6.180842800252194e-01  6.792926920472855e-04 
 6.220842800252194e-01  1.228239034048459e+00  6.220842800252194e-01  1.539809968392670e+00  6.220842800252194e-01  6.650826195832487e-01  6.220842800252194e-01  2.205584019194878e-01  6.220842800252194e-01  1.912038245922688e-03  6.220842800252194e-01  1.089200472472843e+00  6.220842800252194e-01  1.447946756189195e-01  6.220842800252194e-01  6.754589677628801e-04 
 6.260842800252194e-01  1.227270577096597e+00  6.260842800252194e-01  1.540775143201824e+00  6.260842800252194e-01  6.637029175864346e-01  6.260842800252194e-01  2.207454860154032e-01  6.260842800252194e-01  1.915881908784609e-03  6.260842800252194e-01  1.090452979408787e+00  6.260842800252194e-01  1.444691491390745e-01  6.260842800252194e-01  6.716283269639473e-04 
 6.300842800252194e-01  1.226302862548234e+00  6.300842800252194e-01  1.541739532743920e+00  6.300842800252194e-01  6.623236866968663e-01  6.300842800252194e-01  2.209322961322776e-01  6.300842800252194e-01  1.919722625156500e-03  6.300842800252194e-01  1.091703880631678e+00  6.300842800252194e-01  1.441428382323982e-01  6.300842800252194e-01  6.678008026950750e-04 
 6.340842800252194e-01  1.225335898311540e+00  6.340842800252194e-01  1.542703128525948e+00  6.340842800252194e-01  6.609449342115685e-01  6.340842800252194e-01  2.211188324467711e-01  6.340842800252194e-01  1.923560363651978e-03  6.340842800252194e-01  1.092953161180297e+00  6.340842800252194e-01  1.438157392105589e-01  6.340842800252194e-01  6.639764286630357e-04 
 6.380842800252194e-01  1.224369692407566e+00  6.380842800252194e-01  1.543665922050877e+00  6.380842800252194e-01  6.595666675083288e-01  6.380842800252194e-01  2.213050951181824e-01  6.380842800252194e-01  1.927395092436717e-03  6.380842800252194e-01  1.094200805972820e+00  6.380842800252194e-01  1.434878483403463e-01  6.380842800252194e-01  6.601552385905910e-04 
 6.420842800252194e-01  1.223404252914648e+00  6.420842800252194e-01  1.544627904687456e+00  6.420842800252194e-01  6.581888940088054e-01  6.420842800252194e-01  2.214910842985184e-01  6.420842800252194e-01  1.931226779448957e-03  6.420842800252194e-01  1.095446799737081e+00  6.420842800252194e-01  1.431591618864920e-01  6.420842800252194e-01  6.563372667331884e-04 
 6.460842800252194e-01  1.222439588000267e+00  6.460842800252194e-01  1.545589067738521e+00  6.460842800252194e-01  6.568116211998337e-01  6.460842800252194e-01  2.216768001268659e-01  6.460842800252194e-01  1.935055392273174e-03  6.460842800252194e-01  1.096691127044400e+00  6.460842800252194e-01  1.428296760886589e-01  6.460842800252194e-01  6.525225476079404e-04 
 6.500842800252195e-01  1.221475705910428e+00  6.500842800252195e-01  1.546549402412993e+00  6.500842800252195e-01  6.554348566264502e-01  6.500842800252195e-01  2.218622427313829e-01  6.500842800252195e-01  1.938880898182201e-03  6.500842800252195e-01  1.097933772293194e+00  6.500842800252195e-01  1.424993871704252e-01  6.500842800252195e-01  6.487111161046681e-04 
 6.540842800252195e-01  1.220512614970606e+00  6.540842800252195e-01  1.547508899823978e+00  6.540842800252195e-01  6.540586078926245e-01  6.540842800252195e-01  2.220474122292142e-01  6.540842800252195e-01  1.942703264133448e-03  6.540842800252195e-01  1.099174719706192e+00  6.540842800252195e-01  1.421682913396305e-01  6.540842800252195e-01  6.449030074935006e-04 
 6.580842800252195e-01  1.219550323590495e+00  6.580842800252195e-01  1.548467550995401e+00  6.580842800252195e-01  6.526828826645131e-01  6.580842800252195e-01  2.222323087257295e-01  6.580842800252195e-01  1.946522456750088e-03  6.580842800252195e-01  1.100413953331986e+00  6.580842800252195e-01  1.418363847858268e-01  6.580842800252195e-01  6.410982573985401e-04 
 6.620842800252195e-01  1.218588840276191e+00  6.620842800252195e-01  1.549425346884873e+00  6.620842800252195e-01  6.513076886786793e-01  6.620842800252195e-01  2.224169323124378e-01  6.620842800252195e-01  1.950338442272659e-03  6.620842800252195e-01  1.101651457054806e+00  6.620842800252195e-01  1.415036636721464e-01  6.620842800252195e-01  6.372969017070912e-04 
 6.660842800252195e-01  1.217628173589482e+00  6.660842800252195e-01  1.550382278289033e+00  6.660842800252195e-01  6.499330337150748e-01  6.660842800252195e-01  2.226012830743377e-01  6.660842800252195e-01  1.954151186720720e-03  6.660842800252195e-01  1.102887214544111e+00  6.660842800252195e-01  1.411701241671814e-01  6.660842800252195e-01  6.334989769453568e-04 
 6.700842800252195e-01  1.216668332223885e+00  6.700842800252195e-01  1.551338336008045e+00  6.700842800252195e-01  6.485589256477741e-01  6.700842800252195e-01  2.227853610764466e-01  6.700842800252195e-01  1.957960655590960e-03  6.700842800252195e-01  1.104121209336730e+00  6.700842800252195e-01  1.408357623886191e-01  6.700842800252195e-01  6.297045196255689e-04 
 6.740842800252195e-01  1.215709324922199e+00  6.740842800252195e-01  1.552293510658477e+00  6.740842800252195e-01  6.471853723901630e-01  6.740842800252195e-01  2.229691663785837e-01  6.740842800252195e-01  1.961766814184494e-03  6.740842800252195e-01  1.105353424739260e+00  6.740842800252195e-01  1.405005744667494e-01  6.740842800252195e-01  6.259135669886733e-04 
 6.780842800252195e-01  1.214751160536361e+00  6.780842800252195e-01  1.553247792801494e+00  6.780842800252195e-01  6.458123819349043e-01  6.780842800252195e-01  2.231526990247948e-01  6.780842800252195e-01  1.965569627369297e-03  6.780842800252195e-01  1.106583843891442e+00  6.780842800252195e-01  1.401645565003684e-01  6.780842800252195e-01  6.221261564954870e-04 
 6.820842800252195e-01  1.213793848003494e+00  6.820842800252195e-01  1.554201172885440e+00  6.820842800252195e-01  6.444399623380731e-01  6.820842800252195e-01  2.233359590477059e-01  6.820842800252195e-01  1.969369059675261e-03  6.820842800252195e-01  1.107812449734815e+00  6.820842800252195e-01  1.398277045761098e-01  6.820842800252195e-01  6.183423260546400e-04 
 6.860842800252195e-01  1.212837396358509e+00  6.860842800252195e-01  1.555153641269004e+00  6.860842800252195e-01  6.430681217276518e-01  6.860842800252195e-01  2.235189464663706e-01  6.860842800252195e-01  1.973165075244142e-03  6.860842800252195e-01  1.109039225022333e+00  6.860842800252195e-01  1.394900147601450e-01  6.860842800252195e-01  6.145621139306361e-04 
 6.900842800252195e-01  1.211881814728174e+00  6.900842800252195e-01  1.556105188203618e+00  6.900842800252195e-01  6.416968682996671e-01  6.900842800252195e-01  2.237016612874137e-01  6.900842800252195e-01  1.976957637853125e-03  6.900842800252195e-01  1.110264152307284e+00  6.900842800252195e-01  1.391514831039357e-01  6.900842800252195e-01  6.107855588136452e-04 
 6.940842800252195e-01  1.210927112325296e+00  6.940842800252195e-01  1.557055803816321e+00  6.940842800252195e-01  6.403262103144206e-01  6.940842800252195e-01  2.238841035061500e-01  6.940842800252195e-01  1.980746710937973e-03  6.940842800252195e-01  1.111487213932561e+00  6.940842800252195e-01  1.388121056499602e-01  6.940842800252195e-01  6.070126998876228e-04 
 6.980842800252195e-01  1.209973298483938e+00  6.980842800252195e-01  1.558005478181432e+00  6.980842800252195e-01  6.389561561200284e-01  6.980842800252195e-01  2.240662731004337e-01  6.980842800252195e-01  1.984532257453141e-03  6.980842800252195e-01  1.112708392064264e+00  6.980842800252195e-01  1.384718784063153e-01  6.980842800252195e-01  6.032435765457561e-04 
 7.020842800252195e-01  1.209020382605202e+00  7.020842800252195e-01  1.558954201198282e+00  7.020842800252195e-01  6.375867141164036e-01  7.020842800252195e-01  2.242481700403475e-01  7.020842800252195e-01  1.988314240087070e-03  7.020842800252195e-01  1.113927668628287e+00  7.020842800252195e-01  1.381307973892283e-01  7.020842800252195e-01  5.994782288757505e-04 
 7.060842800252195e-01  1.208068374208370e+00  7.060842800252195e-01  1.559901962697202e+00  7.060842800252195e-01  6.362178927894184e-01  7.060842800252195e-01  2.244297942792363e-01  7.060842800252195e-01  1.992092621059092e-03  7.060842800252195e-01  1.115145025360996e+00  7.060842800252195e-01  1.377888585856436e-01  7.060842800252195e-01  5.957166972392412e-04 
 7.100842800252195e-01  1.207117282924518e+00  7.100842800252195e-01  1.560848752420413e+00  7.100842800252195e-01  6.348497007067397e-01  7.100842800252195e-01  2.246111457549424e-01  7.100842800252195e-01  1.995867362144904e-03  7.100842800252195e-01  1.116360443797098e+00  7.100842800252195e-01  1.374460579594520e-01  7.100842800252195e-01  5.919590223475476e-04 
 7.140842800252195e-01  1.206167118462541e+00  7.140842800252195e-01  1.561794559944187e+00  7.140842800252195e-01  6.334821464952842e-01  7.140842800252195e-01  2.247922243958817e-01  7.140842800252195e-01  1.999638424811340e-03  7.140842800252195e-01  1.117573905228771e+00  7.140842800252195e-01  1.371023914788285e-01  7.140842800252195e-01  5.882052455706849e-04 
 7.180842800252195e-01  1.205217890643622e+00  7.180842800252195e-01  1.562739374748050e+00  7.180842800252195e-01  6.321152388642644e-01  7.180842800252195e-01  2.249730301150493e-01  7.180842800252195e-01  2.003405770079579e-03  7.180842800252195e-01  1.118785390737553e+00  7.180842800252195e-01  1.367578550914988e-01  7.180842800252195e-01  5.844554086626286e-04 
 7.220842800252195e-01  1.204269609409563e+00  7.220842800252195e-01  1.563683186227020e+00  7.220842800252195e-01  6.307489866108523e-01  7.220842800252195e-01  2.251535628086464e-01  7.220842800252195e-01  2.007169358492044e-03  7.220842800252195e-01  1.119994881197698e+00  7.220842800252195e-01  1.364124447199497e-01  7.220842800252195e-01  5.807095537128467e-04 
 7.260842800252195e-01  1.203322284797380e+00  7.260842800252195e-01  1.564625983632342e+00  7.260842800252195e-01  6.293833986033189e-01  7.260842800252195e-01  2.253338223606481e-01  7.260842800252195e-01  2.010929150213330e-03  7.260842800252195e-01  1.121202357244490e+00  7.260842800252195e-01  1.360661562823124e-01  7.260842800252195e-01  5.769677233814023e-04 
 7.300842800252195e-01  1.202375926953720e+00  7.300842800252195e-01  1.565567756097034e+00  7.300842800252195e-01  6.280184837907291e-01  7.300842800252195e-01  2.255138086403468e-01  7.300842800252195e-01  2.014685104972875e-03  7.300842800252195e-01  1.122407799284285e+00  7.300842800252195e-01  1.357189856830203e-01  7.300842800252195e-01  5.732299607976779e-04 
 7.340842800252195e-01  1.201430546134116e+00  7.340842800252195e-01  1.566508492628980e+00  7.340842800252195e-01  6.266542512025410e-01  7.340842800252195e-01  2.256935215025752e-01  7.340842800252195e-01  2.018437182067988e-03  7.340842800252195e-01  1.123611187488495e+00  7.340842800252195e-01  1.353709288150335e-01  7.340842800252195e-01  5.694963095876931e-04 
 7.380842800252195e-01  1.200486152714575e+00  7.380842800252195e-01  1.567448182129877e+00  7.380842800252195e-01  6.252907099564075e-01  7.380842800252195e-01  2.258729607857607e-01  7.380842800252195e-01  2.022185340317827e-03  7.380842800252195e-01  1.124812501800083e+00  7.380842800252195e-01  1.350219815526948e-01  7.380842800252195e-01  5.657668137989467e-04 
 7.420842800252195e-01  1.199542757182812e+00  7.420842800252195e-01  1.568386813371309e+00  7.420842800252195e-01  6.239278692524202e-01  7.420842800252195e-01  2.260521263135556e-01  7.420842800252195e-01  2.025929538098194e-03  7.420842800252195e-01  1.126011721919187e+00  7.420842800252195e-01  1.346721397601243e-01  7.420842800252195e-01  5.620415179954133e-04 
 7.460842800252195e-01  1.198600370138755e+00  7.460842800252195e-01  1.569324374990268e+00  7.460842800252195e-01  6.225657383735254e-01  7.460842800252195e-01  2.262310178948346e-01  7.460842800252195e-01  2.029669733339535e-03  7.460842800252195e-01  1.127208827298224e+00  7.460842800252195e-01  1.343213992926486e-01  7.460842800252195e-01  5.583204672752529e-04 
 7.500842800252195e-01  1.197659002300830e+00  7.500842800252195e-01  1.570260855496762e+00  7.500842800252195e-01  6.212043266897951e-01  7.500842800252195e-01  2.264096353226823e-01  7.500842800252195e-01  2.033405883502001e-03  7.500842800252195e-01  1.128403797142756e+00  7.500842800252195e-01  1.339697559938119e-01  7.500842800252195e-01  5.546037072406723e-04 
 7.540842800252195e-01  1.196718664515071e+00  7.540842800252195e-01  1.571196243286912e+00  7.540842800252195e-01  6.198436436645883e-01  7.540842800252195e-01  2.265879783728901e-01  7.540842800252195e-01  2.037137945539275e-03  7.540842800252195e-01  1.129596610414796e+00  7.540842800252195e-01  1.336172056902779e-01  7.540842800252195e-01  5.508912839459092e-04 
 7.580842800252195e-01  1.195779367740632e+00  7.580842800252195e-01  1.572130526607083e+00  7.580842800252195e-01  6.184836988449595e-01  7.580842800252195e-01  2.267660468065791e-01  7.580842800252195e-01  2.040865875956100e-03  7.580842800252195e-01  1.130787245812743e+00  7.580842800252195e-01  1.332637442048299e-01  7.580842800252195e-01  5.471832440396131e-04 
 7.620842800252196e-01  1.194841123055608e+00  7.620842800252196e-01  1.573063693560335e+00  7.620842800252196e-01  6.171245018656160e-01  7.620842800252196e-01  2.269438403692651e-01  7.620842800252196e-01  2.044589630785140e-03  7.620842800252196e-01  1.131975681771578e+00  7.620842800252196e-01  1.329093673538716e-01  7.620842800252196e-01  5.434796347392390e-04 
 7.660842800252196e-01  1.193903941684994e+00  7.660842800252196e-01  1.573995732157692e+00  7.660842800252196e-01  6.157660624676535e-01  7.660842800252196e-01  2.271213587860754e-01  7.660842800252196e-01  2.048309165476060e-03  7.660842800252196e-01  1.133161896483960e+00  7.660842800252196e-01  1.325540709280738e-01  7.660842800252196e-01  5.397805036275759e-04 
 7.700842800252196e-01  1.192967834960028e+00  7.700842800252196e-01  1.574926630228703e+00  7.700842800252196e-01  6.144083904714992e-01  7.700842800252196e-01  2.272986017689249e-01  7.700842800252196e-01  2.052024435056829e-03  7.700842800252196e-01  1.134345867854869e+00  7.700842800252196e-01  1.321978507255057e-01  7.700842800252196e-01  5.360858990076812e-04 
 7.740842800252196e-01  1.192032814335589e+00  7.740842800252196e-01  1.575856375451327e+00  7.740842800252196e-01  6.130514957885878e-01  7.740842800252196e-01  2.274755690135664e-01  7.740842800252196e-01  2.055735394064734e-03  7.740842800252196e-01  1.135527573512764e+00  7.740842800252196e-01  1.318407025404871e-01  7.740842800252196e-01  5.323958697843410e-04 
 7.780842800252196e-01  1.191098891432675e+00  7.780842800252196e-01  1.576784955431819e+00  7.780842800252196e-01  6.116953884497813e-01  7.780842800252196e-01  2.276522601922885e-01  7.780842800252196e-01  2.059441996377746e-03  7.780842800252196e-01  1.136706990843509e+00  7.780842800252196e-01  1.314826221331981e-01  7.780842800252196e-01  5.287104651469555e-04 
 7.820842800252196e-01  1.190166077958556e+00  7.820842800252196e-01  1.577712357536478e+00  7.820842800252196e-01  6.103400785521508e-01  7.820842800252196e-01  2.278286749678933e-01  7.820842800252196e-01  2.063144195531437e-03  7.820842800252196e-01  1.137884096908683e+00  7.820842800252196e-01  1.311236052930562e-01  7.820842800252196e-01  5.250297352373155e-04 
 7.860842800252196e-01  1.189234385795021e+00  7.860842800252196e-01  1.578638569064006e+00  7.860842800252196e-01  6.089855763179385e-01  7.860842800252196e-01  2.280048129784392e-01  7.860842800252196e-01  2.066841944368749e-03  7.860842800252196e-01  1.139058868522429e+00  7.860842800252196e-01  1.307636477734027e-01  7.860842800252196e-01  5.213537304655764e-04 
 7.900842800252196e-01  1.188303826947656e+00  7.900842800252196e-01  1.579563577136259e+00  7.900842800252196e-01  6.076318920607618e-01  7.900842800252196e-01  2.281806738461435e-01  7.900842800252196e-01  2.070535195241235e-03  7.900842800252196e-01  1.140231282197230e+00  7.900842800252196e-01  1.304027453326996e-01  7.900842800252196e-01  5.176825019438082e-04 
 7.940842800252196e-01  1.187374413542678e+00  7.940842800252196e-01  1.580487368685978e+00  7.940842800252196e-01  6.062790361835708e-01  7.940842800252196e-01  2.283562571780158e-01  7.940842800252196e-01  2.074223900021782e-03  7.940842800252196e-01  1.141401314135109e+00  7.940842800252196e-01  1.300408937393560e-01  7.940842800252196e-01  5.140161015347204e-04 
 7.980842800252196e-01  1.186446157882264e+00  7.980842800252196e-01  1.581409930560554e+00  7.980842800252196e-01  6.049270192156332e-01  7.980842800252196e-01  2.285315625563426e-01  7.980842800252196e-01  2.077908009884836e-03  7.980842800252196e-01  1.142568940271567e+00  7.980842800252196e-01  1.296780887317685e-01  7.980842800252196e-01  5.103545814398022e-04 
 8.020842800252196e-01  1.185519072383590e+00  8.020842800252196e-01  1.582331249393694e+00  8.020842800252196e-01  6.035758517718989e-01  8.020842800252196e-01  2.287065895493468e-01  8.020842800252196e-01  2.081587475548461e-03  8.020842800252196e-01  1.143734136213294e+00  8.020842800252196e-01  1.293143260675713e-01  8.020842800252196e-01  5.066979947087040e-04 
 8.060842800252196e-01  1.184593169633877e+00  8.060842800252196e-01  1.583251311707952e+00  8.060842800252196e-01  6.022255445898056e-01  8.060842800252196e-01  2.288813377017351e-01  8.060842800252196e-01  2.085262247055829e-03  8.060842800252196e-01  1.144896877281196e+00  8.060842800252196e-01  1.289496014840218e-01  8.060842800252196e-01  5.030463948322661e-04 
 8.100842800252196e-01  1.183668462339847e+00  8.100842800252196e-01  1.584170103807948e+00  8.100842800252196e-01  6.008761084955818e-01  8.100842800252196e-01  2.290558065435289e-01  8.100842800252196e-01  2.088932273975851e-03  8.100842800252196e-01  1.146057138458363e+00  8.100842800252196e-01  1.285839107394122e-01  8.100842800252196e-01  4.993998361663520e-04 
 8.140842800252196e-01  1.182744963386671e+00  8.140842800252196e-01  1.585087611889528e+00  8.140842800252196e-01  5.995275544436566e-01  8.140842800252196e-01  2.292299955799522e-01  8.140842800252196e-01  2.092597505169147e-03  8.140842800252196e-01  1.147214894435492e+00  8.140842800252196e-01  1.282172495705662e-01  8.140842800252196e-01  4.957583734986152e-04 
 8.180842800252196e-01  1.181822685792349e+00  8.180842800252196e-01  1.586003821942968e+00  8.180842800252196e-01  5.981798934862447e-01  8.180842800252196e-01  2.294039042994035e-01  8.180842800252196e-01  2.096257888969213e-03  8.180842800252196e-01  1.148370119563498e+00  8.180842800252196e-01  1.278496137306196e-01  8.180842800252196e-01  4.921220624325984e-04 
 8.220842800252196e-01  1.180901642747111e+00  8.220842800252196e-01  1.586918719822853e+00  8.220842800252196e-01  5.968331367997016e-01  8.220842800252196e-01  2.295775321667328e-01  8.220842800252196e-01  2.099913373026000e-03  8.220842800252196e-01  1.149522787880827e+00  8.220842800252196e-01  1.274809989616575e-01  8.220842800252196e-01  4.884909591105028e-04 
 8.260842800252196e-01  1.179981847585699e+00  8.260842800252196e-01  1.587832291186733e+00  8.260842800252196e-01  5.954872956660510e-01  8.260842800252196e-01  2.297508786281037e-01  8.260842800252196e-01  2.103563904415830e-03  8.260842800252196e-01  1.150672873082139e+00  8.260842800252196e-01  1.271114010189102e-01  8.260842800252196e-01  4.848651204565505e-04 
 8.300842800252196e-01  1.179063313800882e+00  8.300842800252196e-01  1.588744521514228e+00  8.300842800252196e-01  5.941423814820543e-01  8.300842800252196e-01  2.299239431087469e-01  8.300842800252196e-01  2.107209429587954e-03  8.300842800252196e-01  1.151820348522842e+00  8.300842800252196e-01  1.267408156634060e-01  8.300842800252196e-01  4.812446041012658e-04 
 8.340842800252196e-01  1.178146055060825e+00  8.340842800252196e-01  1.589655396132940e+00  8.340842800252196e-01  5.927984057708340e-01  8.340842800252196e-01  2.300967250100422e-01  8.340842800252196e-01  2.110849894295381e-03  8.340842800252196e-01  1.152965187226210e+00  8.340842800252196e-01  1.263692386516793e-01  8.340842800252196e-01  4.776294682785170e-04 
 8.380842800252196e-01  1.177230085195617e+00  8.380842800252196e-01  1.590564900184662e+00  8.380842800252196e-01  5.914553801729204e-01  8.380842800252196e-01  2.302692237119284e-01  8.380842800252196e-01  2.114485243648553e-03  8.380842800252196e-01  1.154107361864267e+00  8.380842800252196e-01  1.259966657493293e-01  8.380842800252196e-01  4.740197719597375e-04 
 8.420842800252196e-01  1.176315418196114e+00  8.420842800252196e-01  1.591473018615722e+00  8.420842800252196e-01  5.901133164454972e-01  8.420842800252196e-01  2.304414385731734e-01  8.420842800252196e-01  2.118115422119829e-03  8.420842800252196e-01  1.155246844749365e+00  8.420842800252196e-01  1.256230927351300e-01  8.420842800252196e-01  4.704155748921692e-04 
 8.460842800252196e-01  1.175402068225344e+00  8.460842800252196e-01  1.592379736191035e+00  8.460842800252196e-01  5.887722264700466e-01  8.460842800252196e-01  2.306133689294902e-01  8.460842800252196e-01  2.121740373498234e-03  8.460842800252196e-01  1.156383607835956e+00  8.460842800252196e-01  1.252485153956155e-01  8.460842800252196e-01  4.668169375431547e-04 
 8.500842800252196e-01  1.174490049617138e+00  8.500842800252196e-01  1.593285037483648e+00  8.500842800252196e-01  5.874321222514524e-01  8.500842800252196e-01  2.307850140938490e-01  8.500842800252196e-01  2.125360040894899e-03  8.500842800252196e-01  1.157517622711611e+00  8.500842800252196e-01  1.248729295295345e-01  8.500842800252196e-01  4.632239211415938e-04 
 8.540842800252196e-01  1.173579376897938e+00  8.540842800252196e-01  1.594188906907671e+00  8.540842800252196e-01  5.860930159325836e-01  8.540842800252196e-01  2.309563733528130e-01  8.540842800252196e-01  2.128974366656525e-03  8.540842800252196e-01  1.158648860606404e+00  8.540842800252196e-01  1.244963309346171e-01  8.540842800252196e-01  4.596365875472494e-04 
 8.580842800252196e-01  1.172670064744561e+00  8.580842800252196e-01  1.595091328630803e+00  8.580842800252196e-01  5.847549197661005e-01  8.580842800252196e-01  2.311274459738551e-01  8.580842800252196e-01  2.132583292532986e-03  8.580842800252196e-01  1.159777292351150e+00  8.580842800252196e-01  1.241187154436413e-01  8.580842800252196e-01  4.560549995979545e-04 
 8.620842800252196e-01  1.171762128041689e+00  8.620842800252196e-01  1.595992286674079e+00  8.620842800252196e-01  5.834178461528526e-01  8.620842800252196e-01  2.312982311955752e-01  8.620842800252196e-01  2.136186759449178e-03  8.620842800252196e-01  1.160902888414951e+00  8.620842800252196e-01  1.237400788839158e-01  8.620842800252196e-01  4.524792207136716e-04 
 8.660842800252196e-01  1.170855581833857e+00  8.660842800252196e-01  1.596891764813760e+00  8.660842800252196e-01  5.820818076098201e-01  8.660842800252196e-01  2.314687282359972e-01  8.660842800252196e-01  2.139784707695557e-03  8.660842800252196e-01  1.162025618859035e+00  8.660842800252196e-01  1.233604171180001e-01  8.660842800252196e-01  4.489093152859310e-04 
 8.700842800252196e-01  1.169950441371403e+00  8.700842800252196e-01  1.597789746658531e+00  8.700842800252196e-01  5.807468168008049e-01  8.700842800252196e-01  2.316389362847725e-01  8.700842800252196e-01  2.143377076745790e-03  8.700842800252196e-01  1.163145453364261e+00  8.700842800252196e-01  1.229797260122623e-01  8.700842800252196e-01  4.453453483714350e-04 
 8.740842800252197e-01  1.169046722087195e+00  8.740842800252197e-01  1.598686215597605e+00  8.740842800252197e-01  5.794128865208725e-01  8.740842800252197e-01  2.318088545072312e-01  8.740842800252197e-01  2.146963805349064e-03  8.740842800252197e-01  1.164262361204393e+00  8.740842800252197e-01  1.225980014587725e-01  8.740842800252197e-01  4.417873858979857e-04 
 8.780842800252197e-01  1.168144439599414e+00  8.780842800252197e-01  1.599581154797545e+00  8.780842800252197e-01  5.780800296982113e-01  8.780842800252197e-01  2.319784820439750e-01  8.780842800252197e-01  2.150544831519156e-03  8.780842800252197e-01  1.165376311239906e+00  8.780842800252197e-01  1.222152393772631e-01  8.780842800252197e-01  4.382354946771656e-04 
 8.820842800252197e-01  1.167243609736741e+00  8.820842800252197e-01  1.600474547239656e+00  8.820842800252197e-01  5.767482594109301e-01  8.820842800252197e-01  2.321478180066373e-01  8.820842800252197e-01  2.154120092434383e-03  8.820842800252197e-01  1.166487271928099e+00  8.820842800252197e-01  1.218314356999501e-01  8.820842800252197e-01  4.346897422558746e-04 
 8.860842800252197e-01  1.166344248517751e+00  8.860842800252197e-01  1.601366375673298e+00  8.860842800252197e-01  5.754175888732775e-01  8.860842800252197e-01  2.323168614814653e-01  8.860842800252197e-01  2.157689524519311e-03  8.860842800252197e-01  1.167595211298709e+00  8.860842800252197e-01  1.214465863917236e-01  8.860842800252197e-01  4.311501971016548e-04 
 8.900842800252197e-01  1.165446372161895e+00  8.900842800252197e-01  1.602256622627146e+00  8.900842800252197e-01  5.740880314429541e-01  8.900842800252197e-01  2.324856115275153e-01  8.900842800252197e-01  2.161253063401396e-03  8.900842800252197e-01  1.168700096953262e+00  8.900842800252197e-01  1.210606874461282e-01  8.900842800252197e-01  4.276169285579930e-04 
 8.940842800252197e-01  1.164549997099769e+00  8.940842800252197e-01  1.603145270418662e+00  8.940842800252197e-01  5.727596006279309e-01  8.940842800252197e-01  2.326540671749538e-01  8.940842800252197e-01  2.164810643870002e-03  8.940842800252197e-01  1.169801896063385e+00  8.940842800252197e-01  1.206737348820038e-01  8.940842800252197e-01  4.240900068067539e-04 
 8.980842800252197e-01  1.163655139953200e+00  8.980842800252197e-01  1.604032301109176e+00  8.980842800252197e-01  5.714323100731157e-01  8.980842800252197e-01  2.328222274285126e-01  8.980842800252197e-01  2.168362199955553e-03  8.980842800252197e-01  1.170900575347434e+00  8.980842800252197e-01  1.202857247634978e-01  8.980842800252197e-01  4.205695030464146e-04 
 9.020842800252197e-01  1.162761817578216e+00  9.020842800252197e-01  1.604917696571735e+00  9.020842800252197e-01  5.701061735890079e-01  9.020842800252197e-01  2.329900912602258e-01  9.020842800252197e-01  2.171907664758932e-03  9.020842800252197e-01  1.171996101091758e+00  9.020842800252197e-01  1.198966531717672e-01  9.020842800252197e-01  4.170554892227909e-04 
 9.060842800252197e-01  1.161870047031501e+00  9.060842800252197e-01  1.605801438421481e+00  9.060842800252197e-01  5.687812051292419e-01  9.060842800252197e-01  2.331576576152000e-01  9.060842800252197e-01  2.175446970584712e-03  9.060842800252197e-01  1.173088439117386e+00  9.060842800252197e-01  1.195065162357585e-01  9.060842800252197e-01  4.135480383053973e-04 
 9.100842800252197e-01  1.160979845591856e+00  9.100842800252197e-01  1.606683508044633e+00  9.100842800252197e-01  5.674574188048639e-01  9.100842800252197e-01  2.333249254080098e-01  9.100842800252197e-01  2.178980048855861e-03  9.100842800252197e-01  1.174177554785686e+00  9.100842800252197e-01  1.191153101207110e-01  9.100842800252197e-01  4.100472241723845e-04 
 9.140842800252197e-01  1.160091230749082e+00  9.140842800252197e-01  1.607563886569279e+00  9.140842800252197e-01  5.661348288768473e-01  9.140842800252197e-01  2.334918935246396e-01  9.140842800252197e-01  2.182506830157952e-03  9.140842800252197e-01  1.175263412981157e+00  9.140842800252197e-01  1.187230310419254e-01  9.140842800252197e-01  4.065531217264713e-04 
 9.180842800252197e-01  1.159204220235177e+00  9.180842800252197e-01  1.608442554910582e+00  9.180842800252197e-01  5.648134497768414e-01  9.180842800252197e-01  2.336585608172281e-01  9.180842800252197e-01  2.186027244115275e-03  9.180842800252197e-01  1.176345978122769e+00  9.180842800252197e-01  1.183296752460593e-01  9.180842800252197e-01  4.030658067155332e-04 
 9.220842800252197e-01  1.158318831995262e+00  9.220842800252197e-01  1.609319493709839e+00  9.220842800252197e-01  5.634932960876952e-01  9.220842800252197e-01  2.338249261090567e-01  9.220842800252197e-01  2.189541219506311e-03  9.220842800252197e-01  1.177425214134461e+00  9.220842800252197e-01  1.179352390390016e-01  9.220842800252197e-01  3.995853559744595e-04 
 9.260842800252197e-01  1.157435084214347e+00  9.260842800252197e-01  1.610194683371505e+00  9.260842800252197e-01  5.621743825612315e-01  9.260842800252197e-01  2.339909881900436e-01  9.260842800252197e-01  2.193048684157421e-03  9.260842800252197e-01  1.178501084453071e+00  9.260842800252197e-01  1.175397187708690e-01  9.260842800252197e-01  3.961118472782122e-04 
 9.300842800252197e-01  1.156552995310285e+00  9.300842800252197e-01  1.611068104040772e+00  9.300842800252197e-01  5.608567241134563e-01  9.300842800252197e-01  2.341567458179820e-01  9.300842800252197e-01  2.196549564970878e-03  9.300842800252197e-01  1.179573552013484e+00  9.300842800252197e-01  1.171431108472131e-01  9.300842800252197e-01  3.926453594308401e-04 
 9.340842800252197e-01  1.155672583935516e+00  9.340842800252197e-01  1.611939735596678e+00  9.340842800252197e-01  5.595403358256136e-01  9.340842800252197e-01  2.343221977182788e-01  9.340842800252197e-01  2.200043787917870e-03  9.340842800252197e-01  1.180642579239706e+00  9.340842800252197e-01  1.167454117335626e-01  9.340842800252197e-01  3.891859722927819e-04 
 9.380842800252197e-01  1.154793868988881e+00  9.380842800252197e-01  1.612809557662123e+00  9.380842800252197e-01  5.582252329519691e-01  9.380842800252197e-01  2.344873425819883e-01  9.380842800252197e-01  2.203531277991712e-03  9.380842800252197e-01  1.181708128042047e+00  9.380842800252197e-01  1.163466179524591e-01  9.380842800252197e-01  3.857337667411480e-04 
 9.420842800252197e-01  1.153916869617233e+00  9.420842800252197e-01  1.613677549596243e+00  9.420842800252197e-01  5.569114309207658e-01  9.420842800252197e-01  2.346521790655699e-01  9.420842800252197e-01  2.207011959201369e-03  9.420842800252197e-01  1.182770159807589e+00  9.420842800252197e-01  1.159467260884324e-01  9.420842800252197e-01  3.822888246999734e-04 
 9.460842800252197e-01  1.153041605207363e+00  9.460842800252197e-01  1.614543690470418e+00  9.460842800252197e-01  5.555989453286961e-01  9.460842800252197e-01  2.348167057922798e-01  9.460842800252197e-01  2.210485754603486e-03  9.460842800252197e-01  1.183828635384817e+00  9.460842800252197e-01  1.155457328006096e-01  9.460842800252197e-01  3.788512292354243e-04 
 9.500842800252197e-01  1.152168095412464e+00  9.500842800252197e-01  1.615407959102487e+00  9.500842800252197e-01  5.542877919584486e-01  9.500842800252197e-01  2.349809213477217e-01  9.500842800252197e-01  2.213952586197484e-03  9.500842800252197e-01  1.184883515089078e+00  9.500842800252197e-01  1.151436348089789e-01  9.500842800252197e-01  3.754210644200611e-04 
 9.540842800252197e-01  1.151296360125381e+00  9.540842800252197e-01  1.616270334001242e+00  9.540842800252197e-01  5.529779867606878e-01  9.540842800252197e-01  2.351448242843872e-01  9.540842800252197e-01  2.217412375031585e-03  9.540842800252197e-01  1.185934758675836e+00  9.540842800252197e-01  1.147404289216538e-01  9.540842800252197e-01  3.719984155530521e-04 
 9.580842800252197e-01  1.150426419526879e+00  9.580842800252197e-01  1.617130793436375e+00  9.580842800252197e-01  5.516695458861184e-01  9.580842800252197e-01  2.353084131135149e-01  9.580842800252197e-01  2.220865041011288e-03  9.580842800252197e-01  1.186982325358261e+00  9.580842800252197e-01  1.143361120047738e-01  9.580842800252197e-01  3.685833688826394e-04 
 9.620842800252197e-01  1.149558294040337e+00  9.620842800252197e-01  1.617989315352094e+00  9.620842800252197e-01  5.503624856550859e-01  9.620842800252197e-01  2.354716863127618e-01  9.620842800252197e-01  2.224310503079221e-03  9.620842800252197e-01  1.188026173769698e+00  9.620842800252197e-01  1.139306810243916e-01  9.620842800252197e-01  3.651760119489051e-04 
 9.660842800252197e-01  1.148692004358510e+00  9.660842800252197e-01  1.618845877401125e+00  9.660842800252197e-01  5.490568225752538e-01  9.660842800252197e-01  2.356346423216867e-01  9.660842800252197e-01  2.227748679108891e-03  9.660842800252197e-01  1.189066261968534e+00  9.660842800252197e-01  1.135241330332347e-01  9.660842800252197e-01  3.617764334489103e-04 
 9.700842800252197e-01  1.147827571455503e+00  9.700842800252197e-01  1.619700456953328e+00  9.700842800252197e-01  5.477525733494054e-01  9.700842800252197e-01  2.357972795397354e-01  9.700842800252197e-01  2.231179485857156e-03  9.700842800252197e-01  1.190102547433645e+00  9.700842800252197e-01  1.131164651690124e-01  9.700842800252197e-01  3.583847232024363e-04 
 9.740842800252197e-01  1.146965016589209e+00  9.740842800252197e-01  1.620553031088291e+00  9.740842800252197e-01  5.464497548768719e-01  9.740842800252197e-01  2.359595963258347e-01  9.740842800252197e-01  2.234602838954602e-03  9.740842800252197e-01  1.191134987054165e+00  9.740842800252197e-01  1.127076746602763e-01  9.740842800252197e-01  3.550009721814045e-04 
 9.780842800252197e-01  1.146104361271184e+00  9.780842800252197e-01  1.621403576535572e+00  9.780842800252197e-01  5.451483842332182e-01  9.780842800252197e-01  2.361215910034615e-01  9.780842800252197e-01  2.238018653025004e-03  9.780842800252197e-01  1.192163537102130e+00  9.780842800252197e-01  1.122977588573939e-01  9.780842800252197e-01  3.516252727469965e-04 
 9.820842800252197e-01  1.145245627332488e+00  9.820842800252197e-01  1.622252069770163e+00  9.820842800252197e-01  5.438484787139477e-01  9.820842800252197e-01  2.362832618495402e-01  9.820842800252197e-01  2.241426841424130e-03  9.820842800252197e-01  1.193188153256425e+00  9.820842800252197e-01  1.118867151902221e-01  9.820842800252197e-01  3.482577182708836e-04 
 9.860842800252198e-01  1.144388836869704e+00  9.860842800252198e-01  1.623098486913913e+00  9.860842800252198e-01  5.425500557982479e-01  9.860842800252198e-01  2.364446071035230e-01  9.860842800252198e-01  2.244827316453880e-03  9.860842800252198e-01  1.194208790562423e+00  9.860842800252198e-01  1.114745412177970e-01  9.860842800252198e-01  3.448984035263352e-04 
 9.900842800252198e-01  1.143534012284619e+00  9.900842800252198e-01  1.623942803788160e+00  9.900842800252198e-01  5.412531331752204e-01  9.900842800252198e-01  2.366056249606892e-01  9.900842800252198e-01  2.248219989204870e-03  9.900842800252198e-01  1.195225403441385e+00  9.900842800252198e-01  1.110612346064881e-01  9.900842800252198e-01  3.415474244794066e-04 
 9.940842800252198e-01  1.142681176272371e+00  9.940842800252198e-01  1.624784995883256e+00  9.940842800252198e-01  5.399577287357044e-01  9.940842800252198e-01  2.367663135741164e-01  9.940842800252198e-01  2.251604769603453e-03  9.940842800252198e-01  1.196237945672580e+00  9.940842800252198e-01  1.106467931478708e-01  9.940842800252198e-01  3.382048784098594e-04 
 9.980842800252198e-01  1.141830351830935e+00  9.980842800252198e-01  1.625625038362284e+00  9.980842800252198e-01  5.386638605783253e-01  9.980842800252198e-01  2.369266710530531e-01  9.980842800252198e-01  2.254981566374044e-03  9.980842800252198e-01  1.197246370386429e+00  9.980842800252198e-01  1.102312147604717e-01  9.980842800252198e-01  3.348708638964366e-04 
 1.002084280025220e+00  1.140981562254347e+00  1.002084280025220e+00  1.626462906039094e+00  1.002084280025220e+00  5.373715470046990e-01  1.002084280025220e+00  2.370866954640233e-01  1.002084280025220e+00  2.258350287066033e-03  1.002084280025220e+00  1.198250630049612e+00  1.002084280025220e+00  1.098144975041974e-01  1.002084280025220e+00  3.315454809039768e-04 
 1.006084280025220e+00  1.140134831173536e+00  1.006084280025220e+00  1.627298573430432e+00  1.006084280025220e+00  5.360808065463328e-01  1.006084280025220e+00  2.372463848239242e-01  1.006084280025220e+00  2.261710837891798e-03  1.006084280025220e+00  1.199250676472623e+00  1.006084280025220e+00  1.093966395586328e-01  1.006084280025220e+00  3.282288305766063e-04 
 1.010084280025220e+00  1.139290182504535e+00  1.010084280025220e+00  1.628132014663742e+00  1.010084280025220e+00  5.347916579297910e-01  1.010084280025220e+00  2.374057371086780e-01  1.010084280025220e+00  2.265063123932083e-03  1.010084280025220e+00  1.200246460773390e+00  1.010084280025220e+00  1.089776392723554e-01  1.010084280025220e+00  3.249210156035506e-04 
 1.014084280025220e+00  1.138447640501989e+00  1.014084280025220e+00  1.628963203548726e+00  1.014084280025220e+00  5.335041201120212e-01  1.014084280025220e+00  2.375647502441907e-01  1.014084280025220e+00  2.268407048923765e-03  1.014084280025220e+00  1.201237933390509e+00  1.014084280025220e+00  1.085574951320685e-01  1.014084280025220e+00  3.216221399352342e-04 
 1.018084280025220e+00  1.137607229738691e+00  1.018084280025220e+00  1.629792113533880e+00  1.018084280025220e+00  5.322182122663737e-01  1.018084280025220e+00  2.377234221097341e-01  1.018084280025220e+00  2.271742515341123e-03  1.018084280025220e+00  1.202225044061604e+00  1.018084280025220e+00  1.081362057885032e-01  1.018084280025220e+00  3.183323089556924e-04 
 1.022084280025220e+00  1.136768975116984e+00  1.022084280025220e+00  1.630618717712438e+00  1.022084280025220e+00  5.309339537898143e-01  1.022084280025220e+00  2.378817505359548e-01  1.022084280025220e+00  2.275069424350362e-03  1.022084280025220e+00  1.203207741816533e+00  1.022084280025220e+00  1.077137700582487e-01  1.022084280025220e+00  3.150516294590401e-04 
 1.026084280025220e+00  1.135932901872694e+00  1.026084280025220e+00  1.631442988816665e+00  1.026084280025220e+00  5.296513643051773e-01  1.026084280025220e+00  2.380397333041499e-01  1.026084280025220e+00  2.278387675794226e-03  1.026084280025220e+00  1.204185974967035e+00  1.026084280025220e+00  1.072901869315569e-01  1.026084280025220e+00  3.117802096720339e-04 
 1.030084280025220e+00  1.135099035579920e+00  1.030084280025220e+00  1.632264899213392e+00  1.030084280025220e+00  5.283704636639455e-01  1.030084280025220e+00  2.381973681453793e-01  1.030084280025220e+00  2.281697168172902e-03  1.030084280025220e+00  1.205159691096683e+00  1.030084280025220e+00  1.068654555798191e-01  1.030084280025220e+00  3.085181592719336e-04 
 1.034084280025220e+00  1.134267402150405e+00  1.034084280025220e+00  1.633084420891570e+00  1.034084280025220e+00  5.270912719454103e-01  1.034084280025220e+00  2.383546527404795e-01  1.034084280025220e+00  2.284997798646465e-03  1.034084280025220e+00  1.206128837048666e+00  1.034084280025220e+00  1.064395753673746e-01  1.034084280025220e+00  3.052655894357405e-04 
 1.038084280025220e+00  1.133438027828943e+00  1.038084280025220e+00  1.633901525444186e+00  1.038084280025220e+00  5.258138094531903e-01  1.038084280025220e+00  2.385115847207421e-01  1.038084280025220e+00  2.288289463053267e-03  1.038084280025220e+00  1.207093358912282e+00  1.038084280025220e+00  1.060125458666869e-01  1.038084280025220e+00  3.020226129120762e-04 
 1.042084280025220e+00  1.132610939246009e+00  1.042084280025220e+00  1.634716184134191e+00  1.042084280025220e+00  5.245380967497995e-01  1.042084280025220e+00  2.386681616589820e-01  1.042084280025220e+00  2.291572055700806e-03  1.042084280025220e+00  1.208053202031312e+00  1.042084280025220e+00  1.055843668303467e-01  1.042084280025220e+00  2.987893437594823e-04 
 1.046084280025220e+00  1.131786163363300e+00  1.046084280025220e+00  1.635528367802550e+00  1.046084280025220e+00  5.232641546199238e-01  1.046084280025220e+00  2.388243810785595e-01  1.046084280025220e+00  2.294845469582110e-03  1.046084280025220e+00  1.209008310970632e+00  1.046084280025220e+00  1.051550382446967e-01  1.046084280025220e+00  2.955658977113241e-04 
 1.050084280025220e+00  1.130963727496515e+00  1.050084280025220e+00  1.636338046890810e+00  1.050084280025220e+00  5.219920040850877e-01  1.050084280025220e+00  2.389802404494354e-01  1.050084280025220e+00  2.298109596285204e-03  1.050084280025220e+00  1.209958629513602e+00  1.050084280025220e+00  1.047245603251111e-01  1.050084280025220e+00  2.923523920863060e-04 
 1.054084280025220e+00  1.130143659349975e+00  1.054084280025220e+00  1.637145191479518e+00  1.054084280025220e+00  5.207216664261843e-01  1.054084280025220e+00  2.391357371822459e-01  1.054084280025220e+00  2.301364325855709e-03  1.054084280025220e+00  1.210904100662408e+00  1.054084280025220e+00  1.042929335027062e-01  1.054084280025220e+00  2.891489456358860e-04 
 1.058084280025220e+00  1.129325986974985e+00  1.058084280025220e+00  1.637949771216815e+00  1.058084280025220e+00  5.194531631552161e-01  1.058084280025220e+00  2.392908686351362e-01  1.058084280025220e+00  2.304609546962139e-03  1.058084280025220e+00  1.211844666611256e+00  1.058084280025220e+00  1.038601584690848e-01  1.058084280025220e+00  2.859556788277422e-04 
 1.062084280025220e+00  1.128510738797351e+00  1.062084280025220e+00  1.638751755347137e+00  1.062084280025220e+00  5.181865160330653e-01  1.062084280025220e+00  2.394456321090027e-01  1.062084280025220e+00  2.307845146786669e-03  1.062084280025220e+00  1.212780268744680e+00  1.062084280025220e+00  1.034262361690709e-01  1.062084280025220e+00  2.827727137318651e-04 
 1.066084280025220e+00  1.127697943637435e+00  1.066084280025220e+00  1.639551112728220e+00  1.066084280025220e+00  5.169217470822335e-01  1.066084280025220e+00  2.396000248439816e-01  1.066084280025220e+00  2.311071010945512e-03  1.066084280025220e+00  1.213710847632178e+00  1.066084280025220e+00  1.029911677994827e-01  1.066084280025220e+00  2.796001739529848e-04 
 1.070084280025220e+00  1.126887630683406e+00  1.070084280025220e+00  1.640347811782268e+00  1.070084280025220e+00  5.156588785684588e-01  1.070084280025220e+00  2.397540440237553e-01  1.070084280025220e+00  2.314287023595131e-03  1.070084280025220e+00  1.214636343007806e+00  1.070084280025220e+00  1.025549548435904e-01  1.070084280025220e+00  2.764381848244861e-04 
 1.074084280025220e+00  1.126079829511950e+00  1.074084280025220e+00  1.641141820514493e+00  1.074084280025220e+00  5.143979330138601e-01  1.074084280025220e+00  2.399076867719100e-01  1.074084280025220e+00  2.317493067350038e-03  1.074084280025220e+00  1.215556693765609e+00  1.074084280025220e+00  1.021175990700707e-01  1.074084280025220e+00  2.732868733347305e-04 
 1.078084280025220e+00  1.125274570088230e+00  1.078084280025220e+00  1.641933106502438e+00  1.078084280025220e+00  5.131389331962539e-01  1.078084280025220e+00  2.400609501517497e-01  1.078084280025220e+00  2.320689023282895e-03  1.078084280025220e+00  1.216471837948312e+00  1.078084280025220e+00  1.016791025479884e-01  1.078084280025220e+00  2.701463681694829e-04 
 1.082084280025220e+00  1.124471882782592e+00  1.082084280025220e+00  1.642721636908387e+00  1.082084280025220e+00  5.118819021595933e-01  1.082084280025220e+00  2.402138311633095e-01  1.082084280025220e+00  2.323874770858290e-03  1.082084280025220e+00  1.217381712740940e+00  1.082084280025220e+00  1.012394676495807e-01  1.082084280025220e+00  2.670167996626082e-04 
 1.086084280025220e+00  1.123671798347565e+00  1.086084280025220e+00  1.643507378437771e+00  1.086084280025220e+00  5.106268631979763e-01  1.086084280025220e+00  2.403663267469821e-01  1.086084280025220e+00  2.327050188023973e-03  1.086084280025220e+00  1.218286254453433e+00  1.086084280025220e+00  1.007986970831758e-01  1.086084280025220e+00  2.638982999612003e-04 
 1.090084280025220e+00  1.122874347961965e+00  1.090084280025220e+00  1.644290297389019e+00  1.090084280025220e+00  5.093738398842291e-01  1.090084280025220e+00  2.405184337759291e-01  1.090084280025220e+00  2.330215151035814e-03  1.090084280025220e+00  1.219185398521930e+00  1.090084280025220e+00  1.003567938762172e-01  1.090084280025220e+00  2.607910028276804e-04 
 1.094084280025220e+00  1.122079563189733e+00  1.094084280025220e+00  1.645070359588144e+00  1.094084280025220e+00  5.081228560418098e-01  1.094084280025220e+00  2.406701490627191e-01  1.094084280025220e+00  2.333369534621174e-03  1.094084280025220e+00  1.220079079487252e+00  1.094084280025220e+00  9.991376142251419e-02  1.094084280025220e+00  2.576950438994373e-04 
 1.098084280025220e+00  1.121287476016380e+00  1.098084280025220e+00  1.645847530428487e+00  1.098084280025220e+00  5.068739357682319e-01  1.098084280025220e+00  2.408214693529954e-01  1.098084280025220e+00  2.336513211834280e-03  1.098084280025220e+00  1.220967230994275e+00  1.098084280025220e+00  9.946960347175900e-02  1.098084280025220e+00  2.546105605310811e-04 
 1.102084280025220e+00  1.120498118842024e+00  1.102084280025220e+00  1.646621774851944e+00  1.102084280025220e+00  5.056271034296456e-01  1.102084280025220e+00  2.409723913263779e-01  1.102084280025220e+00  2.339646054083851e-03  1.102084280025220e+00  1.221849785779936e+00  1.102084280025220e+00  9.902432415198831e-02  1.102084280025220e+00  2.515376918689274e-04 
 1.106084280025220e+00  1.119711524484831e+00  1.106084280025220e+00  1.647393057344753e+00  1.106084280025220e+00  5.043823836622814e-01  1.106084280025220e+00  2.411229115956150e-01  1.106084280025220e+00  2.342767931119431e-03  1.106084280025220e+00  1.222726675664382e+00  1.106084280025220e+00  9.857792798457664e-02  1.106084280025220e+00  2.484765788677391e-04 
 1.110084280025220e+00  1.118927726184237e+00  1.110084280025220e+00  1.648161341933228e+00  1.110084280025220e+00  5.031398013737334e-01  1.110084280025220e+00  2.412730267057586e-01  1.110084280025220e+00  2.345878711018565e-03  1.110084280025220e+00  1.223597831542360e+00  1.110084280025220e+00  9.813041989983952e-02  1.110084280025220e+00  2.454273643076188e-04 
 1.114084280025220e+00  1.118146757608380e+00  1.114084280025220e+00  1.648926592185257e+00  1.114084280025220e+00  5.018993817469989e-01  1.114084280025220e+00  2.414227331326270e-01  1.114084280025220e+00  2.348978260157414e-03  1.114084280025220e+00  1.224463183375740e+00  1.114084280025220e+00  9.768180524991590e-02  1.114084280025220e+00  2.423901927881179e-04 
 1.118084280025220e+00  1.117368652836076e+00  1.118084280025220e+00  1.649688771179800e+00  1.118084280025220e+00  5.006611502276030e-01  1.118084280025220e+00  2.415720272854909e-01  1.118084280025220e+00  2.352066443282162e-03  1.118084280025220e+00  1.225322660181632e+00  1.118084280025220e+00  9.723208984085464e-02  1.118084280025220e+00  2.393652108492040e-04 
 1.122084280025220e+00  1.116593446404489e+00  1.122084280025220e+00  1.650447841560405e+00  1.122084280025220e+00  4.994251325542771e-01  1.122084280025220e+00  2.417209054988004e-01  1.122084280025220e+00  2.355143123319890e-03  1.122084280025220e+00  1.226176190033161e+00  1.122084280025220e+00  9.678127991653766e-02  1.122084280025220e+00  2.363525667589280e-04 
 1.126084280025220e+00  1.115821173282974e+00  1.126084280025220e+00  1.651203765494665e+00  1.126084280025220e+00  4.981913547406206e-01  1.126084280025220e+00  2.418693640362025e-01  1.126084280025220e+00  2.358208161482410e-03  1.126084280025220e+00  1.227023700046337e+00  1.126084280025220e+00  9.632938219768686e-02  1.126084280025220e+00  2.333524106743091e-04 
 1.130084280025220e+00  1.115051868847288e+00  1.130084280025220e+00  1.651956504636438e+00  1.130084280025220e+00  4.969598430569946e-01  1.130084280025220e+00  2.420173990944770e-01  1.130084280025220e+00  2.361261417368515e-03  1.130084280025220e+00  1.227865116369255e+00  1.130084280025220e+00  9.587640392078751e-02  1.130084280025220e+00  2.303648947912385e-04 
 1.134084280025220e+00  1.114285568947058e+00  1.134084280025220e+00  1.652706020204295e+00  1.134084280025220e+00  4.957306240742198e-01  1.134084280025220e+00  2.421650067919236e-01  1.134084280025220e+00  2.364302748696361e-03  1.134084280025220e+00  1.228700364186185e+00  1.134084280025220e+00  9.542235280878872e-02  1.134084280025220e+00  2.273901730331797e-04 
 1.138084280025220e+00  1.113522309862645e+00  1.138084280025220e+00  1.653452272922488e+00  1.138084280025220e+00  4.945037246339040e-01  1.138084280025220e+00  2.423121831751567e-01  1.138084280025220e+00  2.367332011474538e-03  1.138084280025220e+00  1.229529367704315e+00  1.138084280025220e+00  9.496723712372010e-02  1.138084280025220e+00  2.244284012854039e-04 
 1.142084280025220e+00  1.112762128309673e+00  1.142084280025220e+00  1.654195223022660e+00  1.142084280025220e+00  4.932791718503333e-01  1.142084280025220e+00  2.424589242179455e-01  1.142084280025220e+00  2.370349059984116e-03  1.142084280025220e+00  1.230352050149392e+00  1.142084280025220e+00  9.451106568448780e-02  1.142084280025220e+00  2.214797373882217e-04 
 1.146084280025220e+00  1.112005061458238e+00  1.146084280025220e+00  1.654934830263444e+00  1.146084280025220e+00  4.920569931220787e-01  1.146084280025220e+00  2.426052258175957e-01  1.146084280025220e+00  2.373353746702492e-03  1.146084280025220e+00  1.231168333763305e+00  1.146084280025220e+00  9.405384787442200e-02  1.146084280025220e+00  2.185443410591819e-04 
 1.150084280025220e+00  1.111251146926298e+00  1.150084280025220e+00  1.655671053919262e+00  1.150084280025220e+00  4.908372161264262e-01  1.150084280025220e+00  2.427510837956075e-01  1.150084280025220e+00  2.376345922329535e-03  1.150084280025220e+00  1.231978139798853e+00  1.150084280025220e+00  9.359559366813666e-02  1.150084280025220e+00  2.156223739375250e-04 
 1.154084280025220e+00  1.110500422777167e+00  1.154084280025220e+00  1.656403852775171e+00  1.154084280025220e+00  4.896198688165352e-01  1.154084280025220e+00  2.428964938976405e-01  1.154084280025220e+00  2.379325435797544e-03  1.154084280025220e+00  1.232781388516079e+00  1.154084280025220e+00  9.313631365573406e-02  1.154084280025220e+00  2.127139996046158e-04 
 1.158084280025220e+00  1.109752927527885e+00  1.158084280025220e+00  1.657133185135283e+00  1.158084280025220e+00  4.884049794257268e-01  1.158084280025220e+00  2.430414517916473e-01  1.158084280025220e+00  2.382292134238101e-03  1.158084280025220e+00  1.233577999180349e+00  1.158084280025220e+00  9.267601905951590e-02  1.158084280025220e+00  2.098193835505536e-04 
 1.162084280025220e+00  1.109008700123769e+00  1.162084280025220e+00  1.657859008792859e+00  1.162084280025220e+00  4.871925764493794e-01  1.162084280025220e+00  2.431859530716194e-01  1.162084280025220e+00  2.385245863082938e-03  1.162084280025220e+00  1.234367890058807e+00  1.162084280025220e+00  9.221472177552865e-02  1.162084280025220e+00  2.069386932928055e-04 
 1.166084280025220e+00  1.108267779985467e+00  1.166084280025220e+00  1.658581281085233e+00  1.166084280025220e+00  4.859826886747713e-01  1.166084280025220e+00  2.433299932492468e-01  1.166084280025220e+00  2.388186465877347e-03  1.166084280025220e+00  1.235150978422789e+00  1.166084280025220e+00  9.175243436300262e-02  1.166084280025220e+00  2.040720981582767e-04 
 1.170084280025220e+00  1.107530206959793e+00  1.170084280025220e+00  1.659299958838501e+00  1.170084280025220e+00  4.847753451471961e-01  1.170084280025220e+00  2.434735677615778e-01  1.170084280025220e+00  2.391113784475198e-03  1.170084280025220e+00  1.235927180544629e+00  1.170084280025220e+00  9.128917010377688e-02  1.170084280025220e+00  2.012197695027379e-04 
 1.174084280025220e+00  1.106796021353824e+00  1.174084280025220e+00  1.660014998409099e+00  1.174084280025220e+00  4.835705751911664e-01  1.174084280025220e+00  2.436166719647957e-01  1.174084280025220e+00  2.394027658903615e-03  1.174084280025220e+00  1.236696411700740e+00  1.174084280025220e+00  9.082494300187222e-02  1.174084280025220e+00  1.983818805459065e-04 
 1.178084280025220e+00  1.106065263923569e+00  1.178084280025220e+00  1.660726355674119e+00  1.178084280025220e+00  4.823684084015032e-01  1.178084280025220e+00  2.437593011355485e-01  1.178084280025220e+00  2.396927927408058e-03  1.178084280025220e+00  1.237458586172796e+00  1.178084280025220e+00  9.035976781622485e-02  1.178084280025220e+00  1.955586064097788e-04 
 1.182084280025220e+00  1.105337975842839e+00  1.182084280025220e+00  1.661433986001809e+00  1.182084280025220e+00  4.811688746213225e-01  1.182084280025220e+00  2.439014504755445e-01  1.182084280025220e+00  2.399814426575674e-03  1.182084280025220e+00  1.238213617250683e+00  1.182084280025220e+00  8.989366010778216e-02  1.182084280025220e+00  1.927501242357569e-04 
 1.186084280025220e+00  1.104614198760104e+00  1.186084280025220e+00  1.662137844320280e+00  1.186084280025220e+00  4.799720039781520e-01  1.186084280025220e+00  2.440431151014936e-01  1.186084280025220e+00  2.402686991109891e-03  1.186084280025220e+00  1.238961417237785e+00  1.186084280025220e+00  8.942663622393203e-02  1.186084280025220e+00  1.899566129119408e-04 
 1.190084280025220e+00  1.103893974741783e+00  1.190084280025220e+00  1.662837885062183e+00  1.190084280025220e+00  4.787778268449311e-01  1.190084280025220e+00  2.441842900539239e-01  1.190084280025220e+00  2.405545454055258e-03  1.190084280025220e+00  1.239701897455855e+00  1.190084280025220e+00  8.895871336444842e-02  1.190084280025220e+00  1.871782532926670e-04 
 1.194084280025220e+00  1.103177346270769e+00  1.194084280025220e+00  1.663534062172741e+00  1.194084280025220e+00  4.775863738375331e-01  1.194084280025220e+00  2.443249702967964e-01  1.194084280025220e+00  2.408389646803428e-03  1.194084280025220e+00  1.240434968253104e+00  1.194084280025220e+00  8.848990960797809e-02  1.194084280025220e+00  1.844152281666486e-04 
 1.198084280025220e+00  1.102464356306705e+00  1.198084280025220e+00  1.664226329183708e+00  1.198084280025220e+00  4.763976758529808e-01  1.198084280025220e+00  2.444651507068070e-01  1.198084280025220e+00  2.411219398853922e-03  1.198084280025220e+00  1.241160539010885e+00  1.198084280025220e+00  8.802024389521899e-02  1.198084280025220e+00  1.816677219634419e-04 
 1.202084280025220e+00  1.101755048185088e+00  1.202084280025220e+00  1.664914639117647e+00  1.202084280025220e+00  4.752117640012317e-01  1.202084280025220e+00  2.446048260895165e-01  1.202084280025220e+00  2.414034538214540e-03  1.202084280025220e+00  1.241878518156246e+00  1.202084280025220e+00  8.754973612637190e-02  1.202084280025220e+00  1.789359211332928e-04 
 1.206084280025220e+00  1.101049465678689e+00  1.206084280025220e+00  1.665598944566509e+00  1.206084280025220e+00  4.740286696441045e-01  1.206084280025220e+00  2.447439911684259e-01  1.206084280025220e+00  2.416834891157637e-03  1.206084280025220e+00  1.242588813171918e+00  1.206084280025220e+00  8.707840714377095e-02  1.206084280025220e+00  1.762200138353264e-04 
 1.210084280025220e+00  1.100347652968376e+00  1.210084280025220e+00  1.666279197675559e+00  1.210084280025220e+00  4.728484243743470e-01  1.210084280025220e+00  2.448826405891207e-01  1.210084280025220e+00  2.419620282335817e-03  1.210084280025220e+00  1.243291330610336e+00  1.210084280025220e+00  8.660627877878393e-02  1.210084280025220e+00  1.735201900012782e-04 
 1.214084280025220e+00  1.099649654634641e+00  1.214084280025220e+00  1.666955350151380e+00  1.214084280025220e+00  4.716710600083658e-01  1.214084280025220e+00  2.450207689199524e-01  1.214084280025220e+00  2.422390534815678e-03  1.214084280025220e+00  1.243985976109151e+00  1.214084280025220e+00  8.613337388404346e-02  1.214084280025220e+00  1.708366413037601e-04 
 1.218084280025220e+00  1.098955515673528e+00  1.218084280025220e+00  1.667627353295954e+00  1.218084280025220e+00  4.704966085950059e-01  1.218084280025220e+00  2.451583706486343e-01  1.218084280025220e+00  2.425145470014597e-03  1.218084280025220e+00  1.244672654406169e+00  1.218084280025220e+00  8.565971634876068e-02  1.218084280025220e+00  1.681695610209562e-04 
 1.222084280025220e+00  1.098265281417287e+00  1.222084280025220e+00  1.668295157947757e+00  1.222084280025220e+00  4.693251023614963e-01  1.222084280025220e+00  2.452954401946874e-01  1.222084280025220e+00  2.427884908015520e-03  1.222084280025220e+00  1.245351269365182e+00  1.222084280025220e+00  8.518533118019479e-02  1.222084280025220e+00  1.655191442704072e-04 
 1.226084280025220e+00  1.097578997618229e+00  1.226084280025220e+00  1.668958714587636e+00  1.226084280025220e+00  4.681565737669549e-01  1.226084280025220e+00  2.454319718946844e-01  1.226084280025220e+00  2.430608667234281e-03  1.226084280025220e+00  1.246021723988584e+00  1.226084280025220e+00  8.471024447161736e-02  1.226084280025220e+00  1.628855875888211e-04 
 1.230084280025220e+00  1.096896710362198e+00  1.230084280025220e+00  1.669617973277406e+00  1.230084280025220e+00  4.669910554435711e-01  1.230084280025220e+00  2.455679600158608e-01  1.230084280025220e+00  2.433316564762957e-03  1.230084280025220e+00  1.246683920448504e+00  1.230084280025220e+00  8.423448348842029e-02  1.230084280025220e+00  1.602690891757158e-04 
 1.234084280025220e+00  1.096218466098119e+00  1.234084280025220e+00  1.670272883715559e+00  1.234084280025220e+00  4.658285802142559e-01  1.234084280025220e+00  2.457033987503672e-01  1.234084280025220e+00  2.436008416252628e-03  1.234084280025220e+00  1.247337760108413e+00  1.234084280025220e+00  8.375807667352805e-02  1.234084280025220e+00  1.576698486723489e-04 
 1.238084280025220e+00  1.095544311619320e+00  1.238084280025220e+00  1.670923395247397e+00  1.238084280025220e+00  4.646691810784924e-01  1.238084280025220e+00  2.458382822175389e-01  1.238084280025220e+00  2.438684035987452e-03  1.238084280025220e+00  1.247983143551737e+00  1.238084280025220e+00  8.328105368599301e-02  1.238084280025220e+00  1.550880671214623e-04 
 1.242084280025220e+00  1.094874294007623e+00  1.242084280025220e+00  1.671569456843560e+00  1.242084280025220e+00  4.635128911736957e-01  1.242084280025220e+00  2.459726044723636e-01  1.242084280025220e+00  2.441343237106629e-03  1.242084280025220e+00  1.248619970619527e+00  1.242084280025220e+00  8.280344546441981e-02  1.242084280025220e+00  1.525239470525059e-04 
 1.246084280025220e+00  1.094208460658308e+00  1.246084280025220e+00  1.672211017157652e+00  1.246084280025220e+00  4.623597437897699e-01  1.246084280025220e+00  2.461063595004441e-01  1.246084280025220e+00  2.443985831505265e-03  1.246084280025220e+00  1.249248140438914e+00  1.246084280025220e+00  8.232528423462102e-02  1.246084280025220e+00  1.499776922529490e-04 
 1.250084280025220e+00  1.093546859293947e+00  1.250084280025220e+00  1.672848024573657e+00  1.250084280025220e+00  4.612097723762940e-01  1.250084280025220e+00  2.462395412147997e-01  1.250084280025220e+00  2.446611629779527e-03  1.250084280025220e+00  1.249867551453447e+00  1.250084280025220e+00  8.184660352490684e-02  1.250084280025220e+00  1.474495075800312e-04 
 1.254084280025220e+00  1.092889537825825e+00  1.254084280025220e+00  1.673480427118487e+00  1.254084280025220e+00  4.600630104495308e-01  1.254084280025220e+00  2.463721434780810e-01  1.254084280025220e+00  2.449220441776583e-03  1.254084280025220e+00  1.250478101485079e+00  1.254084280025220e+00  8.136743828333914e-02  1.254084280025220e+00  1.449395993078485e-04 
 1.258084280025220e+00  1.092236544495423e+00  1.258084280025220e+00  1.674108172631364e+00  1.258084280025220e+00  4.589194916834970e-01  1.258084280025220e+00  2.465041600780452e-01  1.258084280025220e+00  2.451812076033088e-03  1.258084280025220e+00  1.251079687747001e+00  1.258084280025220e+00  8.088782480545767e-02  1.258084280025220e+00  1.424481744551566e-04 
 1.262084280025220e+00  1.091587927702375e+00  1.262084280025220e+00  1.674731208653441e+00  1.262084280025220e+00  4.577792497950126e-01  1.262084280025220e+00  2.466355847553375e-01  1.262084280025220e+00  2.454386340458072e-03  1.262084280025220e+00  1.251672206919301e+00  1.262084280025220e+00  8.040780087209495e-02  1.262084280025220e+00  1.399754412233336e-04 
 1.266084280025220e+00  1.090943736061550e+00  1.266084280025220e+00  1.675349482526688e+00  1.266084280025220e+00  4.566423185793006e-01  1.266084280025220e+00  2.467664111930217e-01  1.266084280025220e+00  2.456943042106236e-03  1.266084280025220e+00  1.252255555183511e+00  1.266084280025220e+00  7.992740573217376e-02  1.266084280025220e+00  1.375216086040225e-04 
 1.270084280025220e+00  1.090304018399982e+00  1.270084280025220e+00  1.675962941439659e+00  1.270084280025220e+00  4.555087319060219e-01  1.270084280025220e+00  2.468966330161396e-01  1.270084280025220e+00  2.459481987190325e-03  1.270084280025220e+00  1.252829628269727e+00  1.270084280025220e+00  7.944668012541203e-02  1.270084280025220e+00  1.350868861973912e-04 
 1.274084280025220e+00  1.089668823641122e+00  1.274084280025220e+00  1.676571532381235e+00  1.274084280025220e+00  4.543785236414203e-01  1.274084280025220e+00  2.470262438100745e-01  1.274084280025220e+00  2.462002981540338e-03  1.274084280025220e+00  1.253394321534973e+00  1.274084280025220e+00  7.896566637797667e-02  1.274084280025220e+00  1.326714843957481e-04 
 1.278084280025220e+00  1.089038200860300e+00  1.278084280025220e+00  1.677175202244373e+00  1.278084280025220e+00  4.532517276828076e-01  1.278084280025220e+00  2.471552371103245e-01  1.278084280025220e+00  2.464505830383535e-03  1.278084280025220e+00  1.253949530004331e+00  1.278084280025220e+00  7.848440838360560e-02  1.278084280025220e+00  1.302756139717921e-04 
 1.282084280025220e+00  1.088412199186795e+00  1.282084280025220e+00  1.677773897803335e+00  1.282084280025220e+00  4.521283778924676e-01  1.282084280025220e+00  2.472836064178867e-01  1.282084280025220e+00  2.466990338733078e-03  1.282084280025220e+00  1.254495148453393e+00  1.282084280025220e+00  7.800295168421230e-02  1.282084280025220e+00  1.278994861689283e-04 
 1.286084280025220e+00  1.087790867863249e+00  1.286084280025220e+00  1.678367565824749e+00  1.286084280025220e+00  4.510085081347102e-01  1.286084280025220e+00  2.474113451883413e-01  1.286084280025220e+00  2.469456311152148e-03  1.286084280025220e+00  1.255031071452324e+00  1.286084280025220e+00  7.752134344609260e-02  1.286084280025220e+00  1.255433122605442e-04 
 1.290084280025220e+00  1.087174256083068e+00  1.290084280025220e+00  1.678956153001243e+00  1.290084280025220e+00  4.498921521675016e-01  1.290084280025220e+00  2.475384468580553e-01  1.290084280025220e+00  2.471903552399369e-03  1.290084280025220e+00  1.255557193475623e+00  1.290084280025220e+00  7.703963257846197e-02  1.290084280025220e+00  1.232073038133257e-04 
 1.294084280025220e+00  1.086562413078327e+00  1.294084280025220e+00  1.679539606091931e+00  1.294084280025220e+00  4.487793436982208e-01  1.294084280025220e+00  2.476649048285000e-01  1.294084280025220e+00  2.474331867079907e-03  1.294084280025220e+00  1.256073408944473e+00  1.294084280025220e+00  7.655786968767801e-02  1.294084280025220e+00  1.208916721297638e-04 
 1.298084280025220e+00  1.085955387989933e+00  1.298084280025220e+00  1.680117871891737e+00  1.298084280025220e+00  4.476701162968768e-01  1.298084280025220e+00  2.477907124869804e-01  1.298084280025220e+00  2.476741060160747e-03  1.298084280025220e+00  1.256579612336412e+00  1.298084280025220e+00  7.607610716987284e-02  1.298084280025220e+00  1.185966283698227e-04 
 1.302084280025220e+00  1.085353229886999e+00  1.302084280025220e+00  1.680690897323228e+00  1.302084280025220e+00  4.465645034070355e-01  1.302084280025220e+00  2.479158632024185e-01  1.302084280025220e+00  2.479130936893818e-03  1.302084280025220e+00  1.257075698254150e+00  1.302084280025220e+00  7.559439920524569e-02  1.302084280025220e+00  1.163223831865166e-04 
 1.306084280025220e+00  1.084755987703998e+00  1.306084280025220e+00  1.681258629467285e+00  1.306084280025220e+00  4.454625383030021e-01  1.306084280025220e+00  2.480403503348912e-01  1.306084280025220e+00  2.481501303065399e-03  1.306084280025220e+00  1.257561561523331e+00  1.306084280025220e+00  7.511280180259056e-02  1.306084280025220e+00  1.140691466041709e-04 
 1.310084280025220e+00  1.084163710155504e+00  1.310084280025220e+00  1.681821015582767e+00  1.310084280025220e+00  4.443642540324556e-01  1.310084280025220e+00  2.481641672489457e-01  1.310084280025220e+00  2.483851965334528e-03  1.310084280025220e+00  1.258037097303957e+00  1.310084280025220e+00  7.463137285453166e-02  1.310084280025220e+00  1.118371279403203e-04 
 1.314084280025220e+00  1.083576445774560e+00  1.314084280025220e+00  1.682378003221893e+00  1.314084280025220e+00  4.432696834399114e-01  1.314084280025220e+00  2.482873073062157e-01  1.314084280025220e+00  2.486182731080722e-03  1.314084280025220e+00  1.258502201162061e+00  1.314084280025220e+00  7.415017211238761e-02  1.314084280025220e+00  1.096265353478906e-04 
 1.318084280025220e+00  1.082994242779754e+00  1.318084280025220e+00  1.682929540222573e+00  1.318084280025220e+00  4.421788590783712e-01  1.318084280025220e+00  2.484097638867478e-01  1.318084280025220e+00  2.488493408931512e-03  1.318084280025220e+00  1.258956769206205e+00  1.318084280025220e+00  7.366926126504450e-02  1.318084280025220e+00  1.074375758454919e-04 
 1.322084280025220e+00  1.082417149082895e+00  1.322084280025220e+00  1.683475574808510e+00  1.322084280025220e+00  4.410918132128738e-01  1.322084280025220e+00  2.485315303867900e-01  1.322084280025220e+00  2.490783808731977e-03  1.322084280025220e+00  1.259400698177667e+00  1.322084280025220e+00  7.318870392659131e-02  1.322084280025220e+00  1.052704549202498e-04 
 1.326084280025220e+00  1.081845212184098e+00  1.326084280025220e+00  1.684016055612130e+00  1.326084280025220e+00  4.400085777506642e-01  1.326084280025220e+00  2.486526002354801e-01  1.326084280025220e+00  2.493053741961182e-03  1.326084280025220e+00  1.259833885587073e+00  1.326084280025220e+00  7.270856568996706e-02  1.326084280025220e+00  1.031253764367043e-04 
 1.330084280025220e+00  1.081278479160864e+00  1.330084280025220e+00  1.684550931768517e+00  1.330084280025220e+00  4.389291842327769e-01  1.330084280025220e+00  2.487729668957924e-01  1.330084280025220e+00  2.495303021775463e-03  1.330084280025220e+00  1.260256229818961e+00  1.330084280025220e+00  7.222891411879533e-02  1.330084280025220e+00  1.010025422640829e-04 
 1.334084280025220e+00  1.080716996568570e+00  1.334084280025220e+00  1.685080152951518e+00  1.334084280025220e+00  4.378536637679709e-01  1.334084280025220e+00  2.488926238803802e-01  1.334084280025220e+00  2.497531463403398e-03  1.334084280025220e+00  1.260667630275913e+00  1.334084280025220e+00  7.174981878916893e-02  1.334084280025220e+00  9.890215213292493e-05 
 1.338084280025220e+00  1.080160810435470e+00  1.338084280025220e+00  1.685603669478349e+00  1.338084280025220e+00  4.367820470283666e-01  1.338084280025220e+00  2.490115647515838e-01  1.338084280025220e+00  2.499738884165629e-03  1.338084280025220e+00  1.261067987487499e+00  1.338084280025220e+00  7.127135126983204e-02  1.338084280025220e+00  9.682440322000280e-05 
 1.342084280025220e+00  1.079609966136698e+00  1.342084280025220e+00  1.686121432336795e+00  1.342084280025220e+00  4.357143641663894e-01  1.342084280025220e+00  2.491297831417969e-01  1.342084280025220e+00  2.501925103974936e-03  1.342084280025220e+00  1.261457203274847e+00  1.342084280025220e+00  7.079358517041723e-02  1.342084280025220e+00  9.476949004027682e-05 
 1.346084280025220e+00  1.079064508370298e+00  1.346084280025220e+00  1.686633393284854e+00  1.346084280025220e+00  4.346506447983215e-01  1.346084280025220e+00  2.492472727567374e-01  1.346084280025220e+00  2.504089945431364e-03  1.346084280025220e+00  1.261835180875744e+00  1.346084280025220e+00  7.031659612342100e-02  1.346084280025220e+00  9.273760405152691e-05 
 1.350084280025220e+00  1.078524481064499e+00  1.350084280025220e+00  1.687139504908805e+00  1.350084280025220e+00  4.335909179432240e-01  1.350084280025220e+00  2.493640273903191e-01  1.350084280025220e+00  2.506233234190263e-03  1.350084280025220e+00  1.262201825103843e+00  1.350084280025220e+00  6.984046180194912e-02  1.350084280025220e+00  9.072893342380981e-05 
 1.354084280025220e+00  1.077989927317587e+00  1.354084280025220e+00  1.687639720706504e+00  1.354084280025220e+00  4.325352119832487e-01  1.354084280025220e+00  2.494800409340914e-01  1.354084280025220e+00  2.508354799200883e-03  1.354084280025220e+00  1.262557042497453e+00  1.354084280025220e+00  6.936526191252802e-02  1.354084280025220e+00  8.874366270893965e-05 
 1.358084280025220e+00  1.077460889341539e+00  1.358084280025220e+00  1.688133995175815e+00  1.358084280025220e+00  4.314835546265382e-01  1.358084280025220e+00  2.495953073860981e-01  1.358084280025220e+00  2.510454472930128e-03  1.358084280025220e+00  1.262900741469463e+00  1.358084280025220e+00  6.889107818028226e-02  1.358084280025220e+00  8.678197248949148e-05 
 1.362084280025220e+00  1.076937408342853e+00  1.362084280025220e+00  1.688622283868560e+00  1.362084280025220e+00  4.304359728295095e-01  1.362084280025220e+00  2.497098208703722e-01  1.362084280025220e+00  2.512532091835476e-03  1.362084280025220e+00  1.263232832492087e+00  1.362084280025220e+00  6.841799436411254e-02  1.362084280025220e+00  8.484403916468537e-05 
 1.366084280025220e+00  1.076419524525036e+00  1.366084280025220e+00  1.689104543520741e+00  1.366084280025220e+00  4.293924927983379e-01  1.366084280025220e+00  2.498235756359953e-01  1.366084280025220e+00  2.514587496355129e-03  1.366084280025220e+00  1.263553228224175e+00  1.366084280025220e+00  6.794609619599520e-02  1.366084280025220e+00  8.293003443361343e-05 
 1.370084280025220e+00  1.075907276912769e+00  1.370084280025220e+00  1.689580732079787e+00  1.370084280025220e+00  4.283531398748690e-01  1.370084280025220e+00  2.499365660862827e-01  1.370084280025220e+00  2.516620531605894e-03  1.370084280025220e+00  1.263861843732050e+00  1.370084280025220e+00  6.747547141530906e-02  1.370084280025220e+00  8.104012518703116e-05 
 1.374084280025220e+00  1.075400703349964e+00  1.374084280025220e+00  1.690050808837433e+00  1.374084280025220e+00  4.273179385355974e-01  1.374084280025220e+00  2.500487867787239e-01  1.374084280025220e+00  2.518631047390864e-03  1.374084280025220e+00  1.264158596624746e+00  1.374084280025220e+00  6.700620969758526e-02  1.374084280025220e+00  7.917447298007283e-05 
 1.378084280025220e+00  1.074899840389833e+00  1.378084280025220e+00  1.690514734501298e+00  1.378084280025220e+00  4.262869123207921e-01  1.378084280025220e+00  2.501602324432061e-01  1.378084280025220e+00  2.520618898635707e-03  1.378084280025220e+00  1.264443407247049e+00  1.378084280025220e+00  6.653840263759468e-02  1.378084280025220e+00  7.733323374812562e-05 
 1.382084280025220e+00  1.074404723176883e+00  1.382084280025220e+00  1.690972471266209e+00  1.382084280025220e+00  4.252600837586779e-01  1.382084280025220e+00  2.502708980017023e-01  1.382084280025220e+00  2.522583945857101e-03  1.382084280025220e+00  1.264716198881505e+00  1.382084280025220e+00  6.607214372876684e-02  1.382084280025220e+00  7.551655752378839e-05 
 1.386084280025220e+00  1.073915385454073e+00  1.386084280025220e+00  1.691423982955209e+00  1.386084280025220e+00  4.242374743708679e-01  1.386084280025220e+00  2.503807785668882e-01  1.386084280025220e+00  2.524526055134198e-03  1.386084280025220e+00  1.264976897882315e+00  1.386084280025220e+00  6.560752826691249e-02  1.386084280025220e+00  7.372458787728471e-05 
 1.390084280025220e+00  1.073431859362080e+00  1.390084280025220e+00  1.691869235049666e+00  1.390084280025220e+00  4.232191045434798e-01  1.390084280025220e+00  2.504898694759899e-01  1.390084280025220e+00  2.526445098905385e-03  1.390084280025220e+00  1.265225433927821e+00  1.390084280025220e+00  6.514465335965573e-02  1.390084280025220e+00  7.195746179688349e-05 
 1.394084280025220e+00  1.072954175477167e+00  1.394084280025220e+00  1.692308194847841e+00  1.394084280025220e+00  4.222049935529024e-01  1.394084280025220e+00  2.505981662843840e-01  1.394084280025220e+00  2.528340955817989e-03  1.394084280025220e+00  1.265461740138595e+00  1.394084280025220e+00  6.468361779896199e-02  1.394084280025220e+00  7.021530905971793e-05 
 1.398084280025220e+00  1.072482362611369e+00  1.398084280025220e+00  1.692740831499441e+00  1.398084280025220e+00  4.211951594380750e-01  1.398084280025220e+00  2.507056647995020e-01  1.398084280025220e+00  2.530213511521320e-03  1.398084280025220e+00  1.265685753333911e+00  1.398084280025220e+00  6.422452205342481e-02  1.398084280025220e+00  6.849825209451702e-05 
 1.402084280025220e+00  1.072016447785473e+00  1.402084280025220e+00  1.693167116130938e+00  1.402084280025220e+00  4.201896189848103e-01  1.402084280025220e+00  2.508123610856048e-01  1.402084280025220e+00  2.532062658773811e-03  1.402084280025220e+00  1.265897414188695e+00  1.402084280025220e+00  6.376746815990726e-02  1.402084280025220e+00  6.680640548439379e-05 
 1.406084280025220e+00  1.071556456155264e+00  1.406084280025220e+00  1.693587021945015e+00  1.406084280025220e+00  4.191883876801059e-01  1.406084280025220e+00  2.509182514765681e-01  1.406084280025220e+00  2.533888297735919e-03  1.406084280025220e+00  1.266096667416365e+00  1.406084280025220e+00  6.331255963282335e-02  1.406084280025220e+00  6.513987557209208e-05 
 1.410084280025220e+00  1.071102410897895e+00  1.410084280025220e+00  1.694000524300267e+00  1.410084280025220e+00  4.181914796410280e-01  1.410084280025220e+00  2.510233325955267e-01  1.410084280025220e+00  2.535690336420896e-03  1.410084280025220e+00  1.266283461976268e+00  1.410084280025220e+00  6.285990138583966e-02  1.410084280025220e+00  6.349876014369694e-05 
 1.414084280025220e+00  1.070654333119082e+00  1.414084280025220e+00  1.694407600800910e+00  1.414084280025220e+00  4.171989075573418e-01  1.414084280025220e+00  2.511276013711324e-01  1.414084280025220e+00  2.537468691063297e-03  1.414084280025220e+00  1.266457751268467e+00  1.414084280025220e+00  6.240959963416651e-02  1.414084280025220e+00  6.188314807264729e-05 
 1.418084280025220e+00  1.070212241784189e+00  1.418084280025220e+00  1.694808231395881e+00  1.418084280025220e+00  4.162106826498401e-01  1.418084280025220e+00  2.512310550498599e-01  1.418084280025220e+00  2.539223286392391e-03  1.418084280025220e+00  1.266619493311788e+00  1.418084280025220e+00  6.196176177672325e-02  1.418084280025220e+00  6.029311892642000e-05 
 1.422084280025220e+00  1.069776153648773e+00  1.422084280025220e+00  1.695202398474636e+00  1.422084280025220e+00  4.152268146285989e-01  1.422084280025220e+00  2.513336912085237e-01  1.422084280025220e+00  2.540954055907842e-03  1.422084280025220e+00  1.266768650919461e+00  1.422084280025220e+00  6.151649627109110e-02  1.422084280025220e+00  5.872874258635470e-05 
 1.426084280025220e+00  1.069346083137257e+00  1.426084280025220e+00  1.695590086937504e+00  1.426084280025220e+00  4.142473116181252e-01  1.426084280025220e+00  2.514355077757424e-01  1.426084280025220e+00  2.542660942361245e-03  1.426084280025220e+00  1.266905191906985e+00  1.426084280025220e+00  6.107391252602370e-02  1.426084280025220e+00  5.719007896843279e-05 
 1.430084280025220e+00  1.068922042349200e+00  1.430084280025220e+00  1.695971284317892e+00  1.430084280025220e+00  4.132721801649276e-01  1.430084280025220e+00  2.515365030318131e-01  1.430084280025220e+00  2.544343897731238e-03  1.430084280025220e+00  1.267029089210963e+00  1.430084280025220e+00  6.063412072419091e-02  1.430084280025220e+00  5.567717753834779e-05 
 1.434084280025220e+00  1.068504040830276e+00  1.434084280025220e+00  1.696345980800569e+00  1.434084280025220e+00  4.123014250940359e-01  1.434084280025220e+00  2.516366756487819e-01  1.434084280025220e+00  2.546002884132462e-03  1.434084280025220e+00  1.267140321164788e+00  1.434084280025220e+00  6.019723175096842e-02  1.434084280025220e+00  5.419007723885159e-05 
 1.438084280025220e+00  1.068092085684917e+00  1.438084280025220e+00  1.696714169379191e+00  1.438084280025220e+00  4.113350495855278e-01  1.438084280025220e+00  2.517360246724431e-01  1.438084280025220e+00  2.547637873368461e-03  1.438084280025220e+00  1.267238871535570e+00  1.438084280025220e+00  5.976335695218941e-02  1.438084280025220e+00  5.272880586475398e-05 
 1.442084280025220e+00  1.067686181345380e+00  1.442084280025220e+00  1.697075845865663e+00  1.442084280025220e+00  4.103730550304849e-01  1.442084280025220e+00  2.518345495630167e-01  1.442084280025220e+00  2.549248847848266e-03  1.442084280025220e+00  1.267324729793702e+00  1.442084280025220e+00  5.933260804897487e-02  1.442084280025220e+00  5.129338002559935e-05 
 1.446084280025220e+00  1.067286329625400e+00  1.446084280025220e+00  1.697431009010121e+00  1.446084280025220e+00  4.094154410700935e-01  1.446084280025220e+00  2.519322501874335e-01  1.446084280025220e+00  2.550835800373452e-03  1.446084280025220e+00  1.267397891178105e+00  1.446084280025220e+00  5.890509691180340e-02  1.446084280025220e+00  4.988380466966851e-05 
 1.450084280025220e+00  1.066892529574497e+00  1.450084280025220e+00  1.697779660534745e+00  1.450084280025220e+00  4.084622055070126e-01  1.450084280025220e+00  2.520291268457581e-01  1.450084280025220e+00  2.552398734716326e-03  1.450084280025220e+00  1.267458356896451e+00  1.450084280025220e+00  5.848093542175130e-02  1.450084280025220e+00  4.850007294968919e-05 
 1.454084280025220e+00  1.066504777453096e+00  1.454084280025220e+00  1.698121805208712e+00  1.454084280025220e+00  4.075133442946108e-01  1.454084280025220e+00  2.521251802771282e-01  1.454084280025220e+00  2.553937665718729e-03  1.454084280025220e+00  1.267506134232983e+00  1.454084280025220e+00  5.806023527015818e-02  1.454084280025220e+00  4.714216592546829e-05 
 1.458084280025220e+00  1.066123066723502e+00  1.458084280025220e+00  1.698457450919572e+00  1.458084280025220e+00  4.065688515365140e-01  1.458084280025220e+00  2.522204116630777e-01  1.458084280025220e+00  2.555452619327785e-03  1.458084280025220e+00  1.267541236635323e+00  1.458084280025220e+00  5.764310774770479e-02  1.458084280025220e+00  4.581005228058809e-05 
 1.462084280025220e+00  1.065747387892006e+00  1.462084280025220e+00  1.698786608683683e+00  1.462084280025220e+00  4.056287193911540e-01  1.462084280025220e+00  2.523148226564833e-01  1.462084280025220e+00  2.556943633222650e-03  1.462084280025220e+00  1.267563683905878e+00  1.462084280025220e+00  5.722966359443538e-02  1.462084280025220e+00  4.450368828100008e-05 
 1.466084280025220e+00  1.065377728598193e+00  1.466084280025220e+00  1.699109292736316e+00  1.466084280025220e+00  4.046929381347978e-01  1.466084280025220e+00  2.524084153682976e-01  1.466084280025220e+00  2.558410756459984e-03  1.466084280025220e+00  1.267573502198765e+00  1.466084280025220e+00  5.682001273808213e-02  1.466084280025220e+00  4.322301741752438e-05 
 1.470084280025220e+00  1.065014073493309e+00  1.470084280025220e+00  1.699425520537723e+00  1.470084280025220e+00  4.037614960897984e-01  1.470084280025220e+00  2.525011923905285e-01  1.470084280025220e+00  2.559854049956731e-03  1.470084280025220e+00  1.267570724167123e+00  1.470084280025220e+00  5.641426412189043e-02  1.470084280025220e+00  4.196797038167828e-05 
 1.474084280025220e+00  1.064656404230754e+00  1.474084280025220e+00  1.699735312809827e+00  1.474084280025220e+00  4.028343796248490e-01  1.474084280025220e+00  2.525931568001343e-01  1.474084280025220e+00  2.561273586527859e-03  1.474084280025220e+00  1.267555389016795e+00  1.474084280025220e+00  5.601252548142875e-02  1.474084280025220e+00  4.073846492017263e-05 
 1.478084280025220e+00  1.064304699492649e+00  1.478084280025220e+00  1.700038693573304e+00  1.478084280025220e+00  4.019115731784322e-01  1.478084280025220e+00  2.526843121568045e-01  1.478084280025220e+00  2.562669450780871e-03  1.478084280025220e+00  1.267527542520486e+00  1.478084280025220e+00  5.561490310648443e-02  1.478084280025220e+00  3.953440568771698e-05 
 1.482084280025220e+00  1.063958934883519e+00  1.482084280025220e+00  1.700335690132486e+00  1.482084280025220e+00  4.009930591976191e-01  1.482084280025220e+00  2.527746625236927e-01  1.482084280025220e+00  2.564041739537827e-03  1.482084280025220e+00  1.267487237127643e+00  1.482084280025220e+00  5.522150165706127e-02  1.482084280025220e+00  3.835568430696624e-05 
 1.486084280025220e+00  1.063619083021875e+00  1.486084280025220e+00  1.700626333112084e+00  1.486084280025220e+00  4.000788182033687e-01  1.486084280025220e+00  2.528642124542185e-01  1.486084280025220e+00  2.565390561471818e-03  1.486084280025220e+00  1.267434531906360e+00  1.486084280025220e+00  5.483242389963922e-02  1.486084280025220e+00  3.720217922281113e-05 
 1.490084280025220e+00  1.063285113460050e+00  1.490084280025220e+00  1.700910656429860e+00  1.490084280025220e+00  3.991688287464149e-01  1.490084280025220e+00  2.529529670085059e-01  1.490084280025220e+00  2.566716037425143e-03  1.490084280025220e+00  1.267369492612314e+00  1.490084280025220e+00  5.444777051453620e-02  1.490084280025220e+00  3.607375581083558e-05 
 1.494084280025220e+00  1.062956992780803e+00  1.494084280025220e+00  1.701188697311139e+00  1.494084280025220e+00  3.982630674759279e-01  1.494084280025220e+00  2.530409317394584e-01  1.494084280025220e+00  2.568018300025915e-03  1.494084280025220e+00  1.267292191603050e+00  1.494084280025220e+00  5.406763983643522e-02  1.494084280025220e+00  3.497026631976119e-05 
 1.498084280025220e+00  1.062634684495144e+00  1.498084280025220e+00  1.701460496234972e+00  1.498084280025220e+00  3.973615090817342e-01  1.498084280025220e+00  2.531281127131854e-01  1.498084280025220e+00  2.569297494093551e-03  1.498084280025220e+00  1.267202707905277e+00  1.498084280025220e+00  5.369212767543728e-02  1.498084280025220e+00  3.389155008511223e-05 
 1.502084280025220e+00  1.062318149229884e+00  1.502084280025220e+00  1.701726096950362e+00  1.502084280025220e+00  3.964641264209762e-01  1.502084280025220e+00  2.532145164794921e-01  1.502084280025220e+00  2.570553775894444e-03  1.502084280025220e+00  1.267101127029722e+00  1.502084280025220e+00  5.332132703319523e-02  1.502084280025220e+00  3.283743346488154e-05 
 1.506084280025220e+00  1.062007344584508e+00  1.506084280025220e+00  1.701985546390320e+00  1.506084280025220e+00  3.955708904345163e-01  1.506084280025220e+00  2.533001500995322e-01  1.506084280025220e+00  2.571787313709981e-03  1.506084280025220e+00  1.266987541052165e+00  1.506084280025220e+00  5.295532794900862e-02  1.506084280025220e+00  3.180773018056170e-05 
 1.510084280025220e+00  1.061702225307291e+00  1.510084280025220e+00  1.702238894661525e+00  1.510084280025220e+00  3.946817702663727e-01  1.510084280025220e+00  2.533850211183512e-01  1.510084280025220e+00  2.572998287137568e-03  1.510084280025220e+00  1.266862048414483e+00  1.510084280025220e+00  5.259421723431999e-02  1.510084280025220e+00  3.080224135829610e-05 
 1.514084280025220e+00  1.061402743291784e+00  1.514084280025220e+00  1.702486194974268e+00  1.514084280025220e+00  3.937967332689438e-01  1.514084280025220e+00  2.534691375685071e-01  1.514084280025220e+00  2.574186887104664e-03  1.514084280025220e+00  1.266724753866126e+00  1.514084280025220e+00  5.223807828208767e-02  1.514084280025220e+00  2.982075580684812e-05 
 1.518084280025220e+00  1.061108847608882e+00  1.518084280025220e+00  1.702727503572435e+00  1.518084280025220e+00  3.929157450309263e-01  1.518084280025220e+00  2.535525079675866e-01  1.518084280025220e+00  2.575353315741314e-03  1.518084280025220e+00  1.266575768366027e+00  1.518084280025220e+00  5.188699087109688e-02  1.518084280025220e+00  2.886305029554934e-05 
 1.522084280025220e+00  1.060820484641030e+00  1.522084280025220e+00  1.702962879677250e+00  1.522084280025220e+00  3.920387694699318e-01  1.522084280025220e+00  2.536351412980255e-01  1.522084280025220e+00  2.576497785847704e-03  1.522084280025220e+00  1.266415208884242e+00  1.522084280025220e+00  5.154103094556956e-02  1.522084280025220e+00  2.792888977757425e-05 
 1.526084280025220e+00  1.060537598115062e+00  1.526084280025220e+00  1.703192385396025e+00  1.526084280025220e+00  3.911657688607457e-01  1.526084280025220e+00  2.537170470045005e-01  1.526084280025220e+00  2.577620520763767e-03  1.526084280025220e+00  1.266243198281642e+00  1.526084280025220e+00  5.120027044125476e-02  1.526084280025220e+00  2.701802775208618e-05 
 1.530084280025220e+00  1.060260129179641e+00  1.530084280025220e+00  1.703416085632482e+00  1.530084280025220e+00  3.902967038918029e-01  1.530084280025220e+00  2.537982349835905e-01  1.530084280025220e+00  2.578721754061741e-03  1.530084280025220e+00  1.266059865141328e+00  1.530084280025220e+00  5.086477710770576e-02  1.530084280025220e+00  2.613020662018029e-05 
 1.534084280025220e+00  1.059988016479186e+00  1.534084280025220e+00  1.703634047987333e+00  1.534084280025220e+00  3.894315337193838e-01  1.534084280025220e+00  2.538787155740508e-01  1.534084280025220e+00  2.579801729252919e-03  1.534084280025220e+00  1.265865343594160e+00  1.534084280025220e+00  5.053461434432706e-02  1.534084280025220e+00  2.526515807946162e-05 
 1.538084280025220e+00  1.059721196292269e+00  1.538084280025220e+00  1.703846342663658e+00  1.538084280025220e+00  3.885702160623675e-01  1.538084280025220e+00  2.539584995358187e-01  1.538084280025220e+00  2.580860699238221e-03  1.538084280025220e+00  1.265659773076853e+00  1.538084280025220e+00  5.020984102988142e-02  1.538084280025220e+00  2.442260349959773e-05 
 1.542084280025220e+00  1.059459602630262e+00  1.542084280025220e+00  1.704053042354886e+00  1.542084280025220e+00  3.877127072716807e-01  1.542084280025220e+00  2.540375980358918e-01  1.542084280025220e+00  2.581898925916782e-03  1.542084280025220e+00  1.265443298116876e+00  1.542084280025220e+00  4.989051137988154e-02  1.542084280025220e+00  2.360225436690301e-05 
 1.546084280025220e+00  1.059203167298170e+00  1.546084280025220e+00  1.704254222118345e+00  1.546084280025220e+00  3.868589623757328e-01  1.546084280025220e+00  2.541160226407722e-01  1.546084280025220e+00  2.582916679944488e-03  1.546084280025220e+00  1.265216068145128e+00  1.546084280025220e+00  4.957667482995256e-02  1.546084280025220e+00  2.280381278617131e-05 
 1.550084280025220e+00  1.058951820045785e+00  1.550084280025220e+00  1.704449959260157e+00  1.550084280025220e+00  3.860089351826647e-01  1.550084280025220e+00  2.541937852930931e-01  1.550084280025220e+00  2.583914240134050e-03  1.550084280025220e+00  1.264978237218699e+00  1.550084280025220e+00  4.926837590728749e-02  1.550084280025220e+00  2.202697193755966e-05 
 1.554084280025220e+00  1.058705488633771e+00  1.554084280025220e+00  1.704640333197626e+00  1.554084280025220e+00  3.851625783287480e-01  1.554084280025220e+00  2.542708983030519e-01  1.554084280025220e+00  2.584891893192743e-03  1.554084280025220e+00  1.264729963816097e+00  1.554084280025220e+00  4.896565414341002e-02  1.554084280025220e+00  2.127141662268483e-05 
 1.558084280025220e+00  1.058464099081749e+00  1.558084280025220e+00  1.704825425349114e+00  1.558084280025220e+00  3.843198434410795e-01  1.558084280025220e+00  2.543473743078901e-01  1.558084280025220e+00  2.585849932737780e-03  1.558084280025220e+00  1.264471410455810e+00  1.558084280025220e+00  4.866854395192773e-02  1.558084280025220e+00  2.053682370175708e-05 
 1.562084280025220e+00  1.058227575605327e+00  1.562084280025220e+00  1.705005318963561e+00  1.562084280025220e+00  3.834806811043139e-01  1.562084280025220e+00  2.544232262857792e-01  1.562084280025220e+00  2.586788659546245e-03  1.562084280025220e+00  1.264202743602869e+00  1.562084280025220e+00  4.837707461070084e-02  1.562084280025220e+00  1.982286277008903e-05 
 1.566084280025220e+00  1.057995840907899e+00  1.566084280025220e+00  1.705180099009171e+00  1.566084280025220e+00  3.826450410502849e-01  1.566084280025220e+00  2.544984675074508e-01  1.566084280025220e+00  2.587708380396926e-03  1.566084280025220e+00  1.263924133236584e+00  1.566084280025220e+00  4.809127016168616e-02  1.566084280025220e+00  1.912919659996969e-05 
 1.570084280025220e+00  1.057768816240151e+00  1.570084280025220e+00  1.705349852017650e+00  1.570084280025220e+00  3.818128722012070e-01  1.570084280025220e+00  2.545731115284299e-01  1.570084280025220e+00  2.588609407834270e-03  1.570084280025220e+00  1.263635752633997e+00  1.570084280025220e+00  4.781114939300768e-02  1.570084280025220e+00  1.845548175877649e-05 
 1.574084280025220e+00  1.057546421522819e+00  1.574084280025220e+00  1.705514665937909e+00  1.574084280025220e+00  3.809841227524059e-01  1.574084280025220e+00  2.546471721700881e-01  1.574084280025220e+00  2.589492059681078e-03  1.574084280025220e+00  1.263337778091544e+00  1.574084280025220e+00  4.753672581978580e-02  1.574084280025220e+00  1.780136918964594e-05 
 1.578084280025220e+00  1.057328575506673e+00  1.578084280025220e+00  1.705674629993833e+00  1.578084280025220e+00  3.801587402780586e-01  1.578084280025220e+00  2.547206634940313e-01  1.578084280025220e+00  2.590356658403538e-03  1.578084280025220e+00  1.263030388608707e+00  1.578084280025220e+00  4.726800767261604e-02  1.578084280025220e+00  1.716650477592225e-05 
 1.582084280025220e+00  1.057115195922574e+00  1.582084280025220e+00  1.705829834539059e+00  1.582084280025220e+00  3.793366718303298e-01  1.582084280025220e+00  2.547935997780860e-01  1.582084280025220e+00  2.591203530515724e-03  1.582084280025220e+00  1.262713765579382e+00  1.582084280025220e+00  4.700499790611967e-02  1.582084280025220e+00  1.655052991752065e-05 
 1.586084280025220e+00  1.056906199522871e+00  1.586084280025220e+00  1.705980370896485e+00  1.586084280025220e+00  3.785178639701882e-01  1.586084280025220e+00  2.548659955113526e-01  1.586084280025220e+00  2.592033006415308e-03  1.586084280025220e+00  1.262388092589900e+00  1.586084280025220e+00  4.674769424951278e-02  1.586084280025220e+00  1.595308216788023e-05 
 1.590084280025220e+00  1.056701502378789e+00  1.590084280025220e+00  1.706126331234554e+00  1.590084280025220e+00  3.777022629580267e-01  1.590084280025220e+00  2.549378653439231e-01  1.590084280025220e+00  2.592845419203186e-03  1.590084280025220e+00  1.262053554965494e+00  1.590084280025220e+00  4.649608921255356e-02  1.590084280025220e+00  1.537379572496599e-05 
 1.594084280025220e+00  1.056501019849915e+00  1.594084280025220e+00  1.706267808398804e+00  1.594084280025220e+00  3.768898147388383e-01  1.594084280025220e+00  2.550092240943744e-01  1.594084280025220e+00  2.593641104804695e-03  1.594084280025220e+00  1.261710339640556e+00  1.594084280025220e+00  4.625017018441049e-02  1.594084280025220e+00  1.481230209977395e-05 
 1.598084280025220e+00  1.056304666819986e+00  1.598084280025220e+00  1.706404895782366e+00  1.598084280025220e+00  3.760804650935461e-01  1.598084280025220e+00  2.550800867100733e-01  1.598084280025220e+00  2.594420401033738e-03  1.598084280025220e+00  1.261358634767869e+00  1.598084280025220e+00  4.600991948518610e-02  1.598084280025220e+00  1.426823063032932e-05 
 1.602084280025220e+00  1.056112357775183e+00  1.602084280025220e+00  1.706537687177629e+00  1.602084280025220e+00  3.752741596915378e-01  1.602084280025220e+00  2.551504682551835e-01  1.602084280025220e+00  2.595183647282042e-03  1.602084280025220e+00  1.260998629485850e+00  1.602084280025220e+00  4.577531446797477e-02  1.602084280025220e+00  1.374120907036154e-05 
 1.606084280025220e+00  1.055924006988883e+00  1.606084280025220e+00  1.706666276644492e+00  1.606084280025220e+00  3.744708442092667e-01  1.606084280025220e+00  2.552203838796601e-01  1.606084280025220e+00  2.595931183785913e-03  1.606084280025220e+00  1.260630513582125e+00  1.606084280025220e+00  4.554632761133871e-02  1.606084280025220e+00  1.323086411220014e-05 
 1.610084280025220e+00  1.055739528540252e+00  1.610084280025220e+00  1.706790758362513e+00  1.610084280025220e+00  3.736704643449833e-01  1.610084280025220e+00  2.552898488176089e-01  1.610084280025220e+00  2.596663351552486e-03  1.610084280025220e+00  1.260254477327968e+00  1.610084280025220e+00  4.532292665906847e-02  1.610084280025220e+00  1.273682197351439e-05 
 1.614084280025220e+00  1.055558836557548e+00  1.614084280025220e+00  1.706911226513607e+00  1.614084280025220e+00  3.728729659730229e-01  1.614084280025220e+00  2.553588783455739e-01  1.614084280025220e+00  2.597380491394042e-03  1.614084280025220e+00  1.259870711089466e+00  1.614084280025220e+00  4.510507472560830e-02  1.614084280025220e+00  1.225870886289385e-05 
 1.618084280025220e+00  1.055381845242755e+00  1.618084280025220e+00  1.707027775143947e+00  1.618084280025220e+00  3.720782951616367e-01  1.618084280025220e+00  2.554274877795460e-01  1.618084280025220e+00  2.598082943830262e-03  1.618084280025220e+00  1.259479405164245e+00  1.618084280025220e+00  4.489273045704314e-02  1.618084280025220e+00  1.179615152790640e-05 
 1.622084280025220e+00  1.055208469062721e+00  1.622084280025220e+00  1.707140498049392e+00  1.622084280025220e+00  3.712863982940012e-01  1.622084280025220e+00  2.554956924421919e-01  1.622084280025220e+00  2.598771048329581e-03  1.622084280025220e+00  1.259080749453398e+00  1.622084280025220e+00  4.468584816925464e-02  1.622084280025220e+00  1.134877770979952e-05 
 1.626084280025220e+00  1.055038622765436e+00  1.626084280025220e+00  1.707249488647734e+00  1.626084280025220e+00  3.704972220802971e-01  1.626084280025220e+00  2.555635076611192e-01  1.626084280025220e+00  2.599445143244677e-03  1.626084280025220e+00  1.258674933317382e+00  1.626084280025220e+00  4.448437802824045e-02  1.626084280025220e+00  1.091621665050082e-05 
 1.630084280025220e+00  1.054872221559211e+00  1.630084280025220e+00  1.707354839873454e+00  1.630084280025220e+00  3.697107136705784e-01  1.630084280025220e+00  2.556309487379364e-01  1.630084280025220e+00  2.600105565101269e-03  1.630084280025220e+00  1.258262145270079e+00  1.630084280025220e+00  4.428826620807740e-02  1.630084280025220e+00  1.049809951033125e-05 
 1.634084280025220e+00  1.054709181183099e+00  1.634084280025220e+00  1.707456644066989e+00  1.634084280025220e+00  3.689268206997859e-01  1.634084280025220e+00  2.556980309365752e-01  1.634084280025220e+00  2.600752648318607e-03  1.634084280025220e+00  1.257842572789866e+00  1.634084280025220e+00  4.409745507623638e-02  1.634084280025220e+00  1.009405980744669e-05 
 1.638084280025220e+00  1.054549417997330e+00  1.638084280025220e+00  1.707554992872252e+00  1.638084280025220e+00  3.681454913449229e-01  1.638084280025220e+00  2.557647694679209e-01  1.638084280025220e+00  2.601386724850622e-03  1.638084280025220e+00  1.257416402116055e+00  1.638084280025220e+00  4.391188338093334e-02  1.638084280025220e+00  9.703733824553018e-06 
 1.642084280025220e+00  1.054392849116466e+00  1.642084280025220e+00  1.707649977143828e+00  1.642084280025220e+00  3.673666744082617e-01  1.642084280025220e+00  2.558311794666266e-01  1.642084280025220e+00  2.602008123657365e-03  1.642084280025220e+00  1.256983818006256e+00  1.642084280025220e+00  4.373148643685729e-02  1.642084280025220e+00  9.326760977213664e-06 
 1.646084280025220e+00  1.054239392366168e+00  1.646084280025220e+00  1.707741686845495e+00  1.646084280025220e+00  3.665903192913396e-01  1.646084280025220e+00  2.558972759994916e-01  1.646084280025220e+00  2.602617170876707e-03  1.646084280025220e+00  1.256545003684637e+00  1.646084280025220e+00  4.355619634272475e-02  1.646084280025220e+00  8.962784216599783e-06 
 1.650084280025220e+00  1.054088966566177e+00  1.650084280025220e+00  1.707830210982267e+00  1.650084280025220e+00  3.658163761700700e-01  1.650084280025220e+00  2.559630740150772e-01  1.650084280025220e+00  2.603214188701103e-03  1.650084280025220e+00  1.256100140453748e+00  1.650084280025220e+00  4.338594215088091e-02  1.650084280025220e+00  8.611450299174157e-06 
 1.654084280025220e+00  1.053941491398018e+00  1.654084280025220e+00  1.707915637504408e+00  1.654084280025220e+00  3.650447959132386e-01  1.654084280025220e+00  2.560285883678733e-01  1.654084280025220e+00  2.603799495902739e-03  1.654084280025220e+00  1.255649407748647e+00  1.654084280025220e+00  4.322065010324607e-02  1.654084280025220e+00  8.272410167627752e-06 
 1.658084280025220e+00  1.053796887582064e+00  1.658084280025220e+00  1.707998053243206e+00  1.658084280025220e+00  3.642755301917071e-01  1.658084280025220e+00  2.560938337867175e-01  1.658084280025220e+00  2.604373407130778e-03  1.658084280025220e+00  1.255192982871960e+00  1.658084280025220e+00  4.306024382057250e-02  1.658084280025220e+00  7.945319205782589e-06 
 1.662084280025220e+00  1.053655076942503e+00  1.662084280025220e+00  1.708077543843372e+00  1.662084280025220e+00  3.635085315180668e-01  1.662084280025220e+00  2.561588248632317e-01  1.662084280025220e+00  2.604936232653477e-03  1.662084280025220e+00  1.254731040852233e+00  1.662084280025220e+00  4.290464450975779e-02  1.662084280025220e+00  7.629837506863656e-06 
 1.666084280025220e+00  1.053515982428088e+00  1.666084280025220e+00  1.708154193698585e+00  1.666084280025220e+00  3.627437532589367e-01  1.666084280025220e+00  2.562235760481544e-01  1.666084280025220e+00  2.605488278275894e-03  1.666084280025220e+00  1.254263754355465e+00  1.666084280025220e+00  4.275377117624485e-02  1.666084280025220e+00  7.325630129297599e-06 
 1.670084280025220e+00  1.053379528164158e+00  1.670084280025220e+00  1.708228085895559e+00  1.670084280025220e+00  3.619811496663063e-01  1.670084280025220e+00  2.562881016419460e-01  1.670084280025220e+00  2.606029845133334e-03  1.670084280025220e+00  1.253791293569473e+00  1.670084280025220e+00  4.260754083017329e-02  1.670084280025220e+00  7.032367318704480e-06 
 1.674084280025220e+00  1.053245639546975e+00  1.674084280025220e+00  1.708299302166496e+00  1.674084280025220e+00  3.612206759345868e-01  1.674084280025220e+00  2.563524157776061e-01  1.674084280025220e+00  2.606561229317076e-03  1.674084280025220e+00  1.253313826048265e+00  1.674084280025220e+00  4.246586868528068e-02  1.674084280025220e+00  6.749724696579673e-06 
 1.678084280025220e+00  1.053114243216700e+00  1.678084280025220e+00  1.708367922839392e+00  1.678084280025220e+00  3.604622881830121e-01  1.678084280025220e+00  2.564165324253985e-01  1.678084280025220e+00  2.607082721981469e-03  1.678084280025220e+00  1.252831516692062e+00  1.678084280025220e+00  4.232866837002582e-02  1.678084280025220e+00  6.477383457507803e-06 
 1.682084280025220e+00  1.052985267120520e+00  1.682084280025220e+00  1.708434026799899e+00  1.682084280025220e+00  3.597059434932142e-01  1.682084280025220e+00  2.564804653811726e-01  1.682084280025220e+00  2.607594609093524e-03  1.682084280025220e+00  1.252344527636229e+00  1.682084280025220e+00  4.219585212335936e-02  1.682084280025220e+00  6.215030520530787e-06 
 1.686084280025220e+00  1.052858640590935e+00  1.686084280025220e+00  1.708497691458922e+00  1.686084280025220e+00  3.589515999557786e-01  1.686084280025220e+00  2.565442282517872e-01  1.686084280025220e+00  2.608097171122126e-03  1.686084280025220e+00  1.251853018128380e+00  1.686084280025220e+00  4.206733098524173e-02  1.686084280025220e+00  5.962358657718849e-06 
 1.690084280025220e+00  1.052734294332321e+00  1.690084280025220e+00  1.708558992719929e+00  1.690084280025220e+00  3.581992166604918e-01  1.690084280025220e+00  2.566078344571459e-01  1.690084280025220e+00  2.608590683091396e-03  1.690084280025220e+00  1.251357144509457e+00  1.690084280025220e+00  4.194301499291055e-02  1.690084280025220e+00  5.719066623937705e-06 
 1.694084280025220e+00  1.052612160398816e+00  1.694084280025220e+00  1.708618004951212e+00  1.694084280025220e+00  3.574487536813106e-01  1.694084280025220e+00  2.566712972338033e-01  1.694084280025220e+00  2.609075414668427e-03  1.694084280025220e+00  1.250857060209655e+00  1.694084280025220e+00  4.182281337171512e-02  1.694084280025220e+00  5.484859266880691e-06 
 1.698084280025220e+00  1.052492172326672e+00  1.698084280025220e+00  1.708674800970835e+00  1.698084280025220e+00  3.567001721553911e-01  1.698084280025220e+00  2.567346296102788e-01  1.698084280025220e+00  2.609551629638050e-03  1.698084280025220e+00  1.250352915580704e+00  1.698084280025220e+00  4.170663470420054e-02  1.698084280025220e+00  5.259447586860886e-06 
 1.702084280025220e+00  1.052374265055936e+00  1.702084280025220e+00  1.708729452024837e+00  1.702084280025220e+00  3.559534342334342e-01  1.702084280025220e+00  2.567978444207740e-01  1.702084280025220e+00  2.610019586213625e-03  1.702084280025220e+00  1.249844857961515e+00  1.702084280025220e+00  4.159438711506282e-02  1.702084280025220e+00  5.042548823252668e-06 
 1.706084280025220e+00  1.052258374956869e+00  1.706084280025220e+00  1.708782027775419e+00  1.706084280025220e+00  3.552085030939072e-01  1.706084280025220e+00  2.568609542997364e-01  1.706084280025220e+00  2.610479536932189e-03  1.706084280025220e+00  1.249333031634302e+00  1.706084280025220e+00  4.148597843810885e-02  1.706084280025220e+00  4.833886501418380e-06 
 1.710084280025220e+00  1.052144439895457e+00  1.710084280025220e+00  1.708832596294561e+00  1.710084280025220e+00  3.544653429808106e-01  1.710084280025220e+00  2.569239716691544e-01  1.710084280025220e+00  2.610931728394510e-03  1.710084280025220e+00  1.248817577741275e+00  1.710084280025220e+00  4.138131637327177e-02  1.710084280025220e+00  4.633190458001874e-06 
 1.714084280025220e+00  1.052032399171866e+00  1.714084280025220e+00  1.708881224055524e+00  1.714084280025220e+00  3.537239191641056e-01  1.714084280025220e+00  2.569869087491148e-01  1.714084280025220e+00  2.611376401509271e-03  1.714084280025220e+00  1.248298634344288e+00  1.714084280025220e+00  4.128030864824204e-02  1.714084280025220e+00  4.440196874672186e-06 
 1.718084280025220e+00  1.051922193523872e+00  1.718084280025220e+00  1.708927975931093e+00  1.718084280025220e+00  3.529841979396584e-01  1.718084280025220e+00  2.570497775564347e-01  1.718084280025220e+00  2.611813791479493e-03  1.718084280025220e+00  1.247776336417010e+00  1.718084280025220e+00  4.118286316624870e-02  1.718084280025220e+00  4.254648285070615e-06 
 1.722084280025220e+00  1.051813765239140e+00  1.722084280025220e+00  1.708972915199211e+00  1.722084280025220e+00  3.522461466949480e-01  1.722084280025220e+00  2.571125898831347e-01  1.722084280025220e+00  2.612244127356928e-03  1.722084280025220e+00  1.247250815719645e+00  1.722084280025220e+00  4.108888813796546e-02  1.722084280025220e+00  4.076293552471228e-06 
 1.726084280025220e+00  1.051707057954170e+00  1.726084280025220e+00  1.709016103539095e+00  1.726084280025220e+00  3.515097337849070e-01  1.726084280025220e+00  2.571753573326738e-01  1.726084280025220e+00  2.612667632840009e-03  1.726084280025220e+00  1.246722201022887e+00  1.726084280025220e+00  4.099829223126263e-02  1.726084280025220e+00  3.904887885172864e-06 
 1.730084280025220e+00  1.051602016843300e+00  1.730084280025220e+00  1.709057601045709e+00  1.730084280025220e+00  3.507749286439430e-01  1.730084280025220e+00  2.572380912841784e-01  1.730084280025220e+00  2.613084525523698e-03  1.730084280025220e+00  1.246190617903450e+00  1.730084280025220e+00  4.091098468179262e-02  1.730084280025220e+00  3.740192779056244e-06 
 1.734084280025220e+00  1.051498588478301e+00  1.734084280025220e+00  1.709097466233968e+00  1.734084280025220e+00  3.500417016984942e-01  1.734084280025220e+00  2.573008029174660e-01  1.734084280025220e+00  2.613495017456761e-03  1.734084280025220e+00  1.245656188906645e+00  1.734084280025220e+00  4.082687542203961e-02  1.734084280025220e+00  3.581976000901916e-06 
 1.738084280025220e+00  1.051396720893992e+00  1.738084280025220e+00  1.709135756053166e+00  1.738084280025220e+00  3.493100244041671e-01  1.738084280025220e+00  2.573635031999586e-01  1.738084280025220e+00  2.613899314881343e-03  1.738084280025220e+00  1.245119033483002e+00  1.738084280025220e+00  4.074587518678911e-02  1.738084280025220e+00  3.430011531126347e-06 
 1.742084280025220e+00  1.051296363533717e+00  1.742084280025220e+00  1.709172525899225e+00  1.742084280025220e+00  3.485798692102329e-01  1.742084280025220e+00  2.574262028958109e-01  1.742084280025220e+00  2.614297618449346e-03  1.742084280025220e+00  1.244579268060475e+00  1.742084280025220e+00  4.066789561990460e-02  1.742084280025220e+00  3.284079515162088e-06 
 1.746084280025220e+00  1.051197467264602e+00  1.746084280025220e+00  1.709207829631379e+00  1.746084280025220e+00  3.478512095662175e-01  1.746084280025220e+00  2.574889125620803e-01  1.746084280025220e+00  2.614690123161934e-03  1.746084280025220e+00  1.244037006040925e+00  1.746084280025220e+00  4.059284936861635e-02  1.746084280025220e+00  3.143966197232500e-06 
 1.750084280025220e+00  1.051099984278099e+00  1.750084280025220e+00  1.709241719587171e+00  1.750084280025220e+00  3.471240198594785e-01  1.750084280025220e+00  2.575516425662421e-01  1.750084280025220e+00  2.615077018764159e-03  1.750084280025220e+00  1.243492357926810e+00  1.750084280025220e+00  4.052065017760262e-02  1.750084280025220e+00  3.009463860846039e-06 
 1.754084280025220e+00  1.051003868260038e+00  1.754084280025220e+00  1.709274246607120e+00  1.754084280025220e+00  3.463982755146707e-01  1.754084280025220e+00  2.576144030534354e-01  1.754084280025220e+00  2.615458489070145e-03  1.754084280025220e+00  1.242945431147553e+00  1.754084280025220e+00  4.045121295931667e-02  1.754084280025220e+00  2.880370730878677e-06 
 1.758084280025220e+00  1.050909074154670e+00  1.758084280025220e+00  1.709305460048843e+00  1.758084280025220e+00  3.456739528493276e-01  1.758084280025220e+00  2.576772039894183e-01  1.758084280025220e+00  2.615834712899512e-03  1.758084280025220e+00  1.242396330342283e+00  1.758084280025220e+00  4.038445388189701e-02  1.758084280025220e+00  2.756490917538758e-06 
 1.762084280025220e+00  1.050815558268769e+00  1.762084280025220e+00  1.709335407812612e+00  1.762084280025220e+00  3.449510291337038e-01  1.762084280025220e+00  2.577400551400935e-01  1.762084280025220e+00  2.616205863664249e-03  1.762084280025220e+00  1.241845157262974e+00  1.762084280025220e+00  4.032029042938415e-02  1.762084280025220e+00  2.637634314925456e-06 
 1.766084280025220e+00  1.050723278248193e+00  1.766084280025220e+00  1.709364136364166e+00  1.766084280025220e+00  3.442294825739067e-01  1.766084280025220e+00  2.578029660747725e-01  1.766084280025220e+00  2.616572109461683e-03  1.766084280025220e+00  1.241292010821359e+00  1.766084280025220e+00  4.025864146325831e-02  1.766084280025220e+00  2.523616510499604e-06 
 1.770084280025220e+00  1.050632193025512e+00  1.770084280025220e+00  1.709391690757917e+00  1.770084280025220e+00  3.435092922777832e-01  1.770084280025220e+00  2.578659461748835e-01  1.770084280025220e+00  2.616933613282399e-03  1.770084280025220e+00  1.240736987169670e+00  1.770084280025220e+00  4.019942727877103e-02  1.770084280025220e+00  2.414258692967723e-06 
 1.774084280025220e+00  1.050542262785173e+00  1.774084280025220e+00  1.709418114661659e+00  1.774084280025220e+00  3.427904382313871e-01  1.774084280025220e+00  2.579290046394229e-01  1.774084280025220e+00  2.617290533148465e-03  1.774084280025220e+00  1.240180179762769e+00  1.774084280025220e+00  4.014256965377216e-02  1.774084280025220e+00  2.309387554231308e-06 
 1.778084280025220e+00  1.050453448981851e+00  1.778084280025220e+00  1.709443450383270e+00  1.778084280025220e+00  3.420729013071588e-01  1.778084280025220e+00  2.579921504803790e-01  1.778084280025220e+00  2.617643022040566e-03  1.778084280025220e+00  1.239621679360844e+00  1.778084280025220e+00  4.008799188898855e-02  1.778084280025220e+00  2.208835183410818e-06 
 1.782084280025220e+00  1.050365714266306e+00  1.782084280025220e+00  1.709467738895948e+00  1.782084280025220e+00  3.413566632169556e-01  1.782084280025220e+00  2.580553925355812e-01  1.782084280025220e+00  2.617991228192379e-03  1.782084280025220e+00  1.239061574137458e+00  1.782084280025220e+00  4.003561884686899e-02  1.782084280025220e+00  2.112438966674190e-06 
 1.786084280025220e+00  1.050279022530592e+00  1.786084280025220e+00  1.709491019866648e+00  1.786084280025220e+00  3.406417065361721e-01  1.786084280025220e+00  2.581187394590153e-01  1.786084280025220e+00  2.618335294910970e-03  1.786084280025220e+00  1.238499949652879e+00  1.786084280025220e+00  3.998537697947483e-02  1.786084280025220e+00  2.020041474392863e-06 
 1.790084280025220e+00  1.050193338803613e+00  1.790084280025220e+00  1.709513331681788e+00  1.790084280025220e+00  3.399280146388390e-01  1.790084280025220e+00  2.581821997394251e-01  1.790084280025220e+00  2.618675360991478e-03  1.790084280025220e+00  1.237936888997730e+00  1.790084280025220e+00  3.993719435760136e-02  1.790084280025220e+00  1.931490359105968e-06 
 1.794084280025220e+00  1.050108629301205e+00  1.794084280025220e+00  1.709534711476535e+00  1.794084280025220e+00  3.392155717245953e-01  1.794084280025220e+00  2.582457816896812e-01  1.794084280025220e+00  2.619011560518302e-03  1.794084280025220e+00  1.237372472761502e+00  1.794084280025220e+00  3.989100068829746e-02  1.794084280025220e+00  1.846638239302792e-06 
 1.798084280025220e+00  1.050024861317506e+00  1.798084280025220e+00  1.709555195161250e+00  1.798084280025220e+00  3.385043627514823e-01  1.798084280025220e+00  2.583094934662317e-01  1.798084280025220e+00  2.619344023296140e-03  1.798084280025220e+00  1.236806779181919e+00  1.798084280025220e+00  3.984672733398299e-02  1.798084280025220e+00  1.765342594450393e-06 
 1.802084280025220e+00  1.049942003258663e+00  1.802084280025220e+00  1.709574817450897e+00  1.802084280025220e+00  3.377943734532073e-01  1.802084280025220e+00  2.583733430615744e-01  1.802084280025220e+00  2.619672874716360e-03  1.802084280025220e+00  1.236239884132607e+00  1.802084280025220e+00  3.980430732142562e-02  1.802084280025220e+00  1.687465648291990e-06 
 1.806084280025220e+00  1.049860024655842e+00  1.806084280025220e+00  1.709593611893981e+00  1.806084280025220e+00  3.370855903439469e-01  1.806084280025220e+00  2.584373383005686e-01  1.806084280025220e+00  2.619998235705281e-03  1.806084280025220e+00  1.235671861133917e+00  1.806084280025220e+00  3.976367534770284e-02  1.806084280025220e+00  1.612874253995508e-06 
 1.810084280025220e+00  1.049778896038325e+00  1.810084280025220e+00  1.709611610899252e+00  1.810084280025220e+00  3.363780006405892e-01  1.810084280025220e+00  2.585014868634527e-01  1.810084280025220e+00  2.620320223227821e-03  1.810084280025220e+00  1.235102781524083e+00  1.810084280025220e+00  3.972476778682065e-02  1.810084280025220e+00  1.541439788155106e-06 
 1.814084280025220e+00  1.049698588919993e+00  1.814084280025220e+00  1.709628845764490e+00  1.814084280025220e+00  3.356715922521711e-01  1.814084280025220e+00  2.585657962873315e-01  1.814084280025220e+00  2.620638950341193e-03  1.814084280025220e+00  1.234532714501058e+00  1.814084280025220e+00  3.968752268836222e-02  1.814084280025220e+00  1.473038036570681e-06 
 1.818084280025220e+00  1.049619075899310e+00  1.818084280025220e+00  1.709645346706751e+00  1.818084280025220e+00  3.349663538359471e-01  1.818084280025220e+00  2.586302739458524e-01  1.818084280025220e+00  2.620954525798063e-03  1.818084280025220e+00  1.233961727033662e+00  1.818084280025220e+00  3.965187976959710e-02  1.818084280025220e+00  1.407549074194242e-06 
 1.822084280025220e+00  1.049540330489735e+00  1.822084280025220e+00  1.709661142888417e+00  1.822084280025220e+00  3.342622746947735e-01  1.822084280025220e+00  2.586949270804901e-01  1.822084280025220e+00  2.621267054719606e-03  1.822084280025220e+00  1.233389884081961e+00  1.822084280025220e+00  3.961778041259563e-02  1.822084280025220e+00  1.344857161751699e-06 
 1.826084280025220e+00  1.049462327140467e+00  1.826084280025220e+00  1.709676262446057e+00  1.826084280025220e+00  3.335593447867000e-01  1.826084280025220e+00  2.587597627954544e-01  1.826084280025220e+00  2.621576638513179e-03  1.826084280025220e+00  1.232817248599304e+00  1.826084280025220e+00  3.958516765233343e-02  1.826084280025220e+00  1.284850631195121e-06 
 1.830084280025220e+00  1.049385041234951e+00  1.830084280025220e+00  1.709690732518634e+00  1.830084280025220e+00  3.328575547213483e-01  1.830084280025220e+00  2.588247880568039e-01  1.830084280025220e+00  2.621883374878262e-03  1.830084280025220e+00  1.232243881559501e+00  1.830084280025220e+00  3.955398616294894e-02  1.830084280025220e+00  1.227421773748642e-06 
 1.834084280025220e+00  1.049308449054523e+00  1.834084280025220e+00  1.709704579274980e+00  1.834084280025220e+00  3.321568957358582e-01  1.834084280025220e+00  2.588900096982629e-01  1.834084280025220e+00  2.622187357950733e-03  1.834084280025220e+00  1.231669842023821e+00  1.834084280025220e+00  3.952418224244902e-02  1.834084280025220e+00  1.172466730877569e-06 
 1.838084280025220e+00  1.049232527753007e+00  1.838084280025220e+00  1.709717827941145e+00  1.838084280025220e+00  3.314573596772948e-01  1.838084280025220e+00  2.589554344249460e-01  1.838084280025220e+00  2.622488678403707e-03  1.838084280025220e+00  1.231095187195194e+00  1.838084280025220e+00  3.949570379477048e-02  1.838084280025220e+00  1.119885385743282e-06 
 1.842084280025220e+00  1.049157255293408e+00  1.842084280025220e+00  1.709730502827022e+00  1.842084280025220e+00  3.307589389630198e-01  1.842084280025220e+00  2.590210688244485e-01  1.842084280025220e+00  2.622787423698748e-03  1.842084280025220e+00  1.230519972515996e+00  1.842084280025220e+00  3.946850031052852e-02  1.842084280025220e+00  1.069581257535445e-06 
 1.846084280025220e+00  1.049082610504431e+00  1.846084280025220e+00  1.709742627353971e+00  1.846084280025220e+00  3.300616266109685e-01  1.846084280025220e+00  2.590869193547340e-01  1.846084280025220e+00  2.623083677861636e-03  1.846084280025220e+00  1.229944251626937e+00  1.846084280025220e+00  3.944252284322364e-02  1.846084280025220e+00  1.021461391825629e-06 
 1.850084280025220e+00  1.049008572980845e+00  1.850084280025220e+00  1.709754224080304e+00  1.850084280025220e+00  3.293654161788723e-01  1.850084280025220e+00  2.591529923622684e-01  1.850084280025220e+00  2.623377521877692e-03  1.850084280025220e+00  1.229368076506165e+00  1.850084280025220e+00  3.941772398721018e-02  1.850084280025220e+00  9.754362594496821e-07 
