-1.703356331406957e+00  1.760171192422887e+00 -1.703356331406957e+00  1.028277139928725e+00 -1.703356331406957e+00  1.439219141159577e+00 -1.703356331406957e+00  9.039880026346486e-02 -1.703356331406957e+00  1.564117367223981e-04 -1.703356331406957e+00  3.507710748047405e-01 -1.703356331406957e+00  2.988338731638033e-01 -1.703356331406957e+00  3.030812948341353e-03 
-1.699356331406957e+00  1.759611400222481e+00 -1.699356331406957e+00  1.028842959336671e+00 -1.699356331406957e+00  1.438526403889934e+00 -1.699356331406957e+00  9.083941747267350e-02 -1.699356331406957e+00  1.586218781425388e-04 -1.699356331406957e+00  3.517536823360063e-01 -1.699356331406957e+00  2.986495505633843e-01 -1.699356331406957e+00  3.028574502005503e-03 
-1.695356331406957e+00  1.759044209642591e+00 -1.695356331406957e+00  1.029415647838436e+00 -1.695356331406957e+00  1.437821018032674e+00 -1.695356331406957e+00  9.127820839773816e-02 -1.695356331406957e+00  1.608376681813207e-04 -1.695356331406957e+00  3.527447525849561e-01 -1.695356331406957e+00  2.984658397977480e-01 -1.695356331406957e+00  3.026341644108673e-03 
-1.691356331406957e+00  1.758475206837339e+00 -1.691356331406957e+00  1.029990021489934e+00 -1.691356331406957e+00  1.437112539191216e+00 -1.691356331406957e+00  9.171772996450191e-02 -1.691356331406957e+00  1.630723048739215e-04 -1.691356331406957e+00  3.537379055690331e-01 -1.691356331406957e+00  2.982822081470141e-01 -1.691356331406957e+00  3.024085887731056e-03 
-1.687356331406957e+00  1.757902562958166e+00 -1.687356331406957e+00  1.030567779599764e+00 -1.687356331406957e+00  1.436397842978474e+00 -1.687356331406957e+00  9.215709797399881e-02 -1.687356331406957e+00  1.653212437183882e-04 -1.687356331406957e+00  3.547352378658056e-01 -1.687356331406957e+00  2.980988331754411e-01 -1.687356331406957e+00  3.021816838941079e-03 
-1.683356331406957e+00  1.757326304227062e+00 -1.683356331406957e+00  1.031148899455378e+00 -1.683356331406957e+00  1.435676977786733e+00 -1.683356331406957e+00  9.259629023539774e-02 -1.683356331406957e+00  1.675843807529734e-04 -1.683356331406957e+00  3.557367258937217e-01 -1.683356331406957e+00  2.979157149584848e-01 -1.683356331406957e+00  3.019534587539121e-03 
-1.679356331406957e+00  1.756746457133751e+00 -1.679356331406957e+00  1.031733358054320e+00 -1.679356331406957e+00  1.434949992240459e+00 -1.679356331406957e+00  9.303528516121075e-02 -1.679356331406957e+00  1.698616120830591e-04 -1.679356331406957e+00  3.567423454590497e-01 -1.679356331406957e+00  2.977328534260512e-01 -1.679356331406957e+00  3.017239223778981e-03 
-1.675356331406957e+00  1.756163048247742e+00 -1.675356331406957e+00  1.032321132221994e+00 -1.675356331406957e+00  1.434216934841147e+00 -1.675356331406957e+00  9.347406165246894e-02 -1.675356331406957e+00  1.721528333604937e-04 -1.675356331406957e+00  3.577520718897260e-01 -1.675356331406957e+00  2.975502483694111e-01 -1.675356331406957e+00  3.014930838675049e-03 
-1.671356331406957e+00  1.755576104244032e+00 -1.671356331406957e+00  1.032912198692526e+00 -1.671356331406957e+00  1.433477853992704e+00 -1.671356331406957e+00  9.391259909178276e-02 -1.671356331406957e+00  1.744579398220084e-04 -1.671356331406957e+00  3.587658800879514e-01 -1.671356331406957e+00  2.973678994281687e-01 -1.671356331406957e+00  3.012609523600132e-03 
-1.667356331406957e+00  1.754985651876334e+00 -1.667356331406957e+00  1.033506534032520e+00 -1.667356331406957e+00  1.432732797993863e+00 -1.667356331406957e+00  9.435087734905873e-02 -1.667356331406957e+00  1.767768263943802e-04 -1.667356331406957e+00  3.597837445023158e-01 -1.667356331406957e+00  2.971858061114456e-01 -1.667356331406957e+00  3.010275370585026e-03 
-1.663356331406957e+00  1.754391717980204e+00 -1.663356331406957e+00  1.034104114716840e+00 -1.663356331406957e+00  1.431981815026927e+00 -1.663356331406957e+00  9.478887676519139e-02 -1.663356331406957e+00  1.791093876822052e-04 -1.663356331406957e+00  3.608056391839480e-01 -1.663356331406957e+00  2.970039677887444e-01 -1.663356331406957e+00  3.007928472020747e-03 
-1.659356331406957e+00  1.753794329458285e+00 -1.659356331406957e+00  1.034704917112237e+00 -1.659356331406957e+00  1.431224953149250e+00 -1.659356331406957e+00  9.522657814914007e-02 -1.659356331406957e+00  1.814555180258197e-04 -1.659356331406957e+00  3.618315377918088e-01 -1.659356331406957e+00  2.968223836992537e-01 -1.659356331406957e+00  3.005568920722947e-03 
-1.655356331406957e+00  1.753193513269050e+00 -1.655356331406957e+00  1.035308917478111e+00 -1.655356331406957e+00  1.430462260284475e+00 -1.655356331406957e+00  9.566396277251078e-02 -1.655356331406957e+00  1.838151115455471e-04 -1.655356331406957e+00  3.628614136073679e-01 -1.655356331406957e+00  2.966410529577178e-01 -1.655356331406957e+00  3.003196809928906e-03 
-1.651356331406957e+00  1.752589296418096e+00 -1.651356331406957e+00  1.035916091979319e+00 -1.651356331406957e+00  1.429693784213804e+00 -1.651356331406957e+00  9.610101236241868e-02 -1.651356331406957e+00  1.861880621758924e-04 -1.651356331406957e+00  3.638952395559414e-01 -1.651356331406957e+00  2.964599745579247e-01 -1.651356331406957e+00  3.000812233247148e-03 
-1.647356331406957e+00  1.751981705957478e+00 -1.647356331406957e+00  1.036526416738651e+00 -1.647356331406957e+00  1.428919572567164e+00 -1.647356331406957e+00  9.653770908884457e-02 -1.647356331406957e+00  1.885742636681942e-04 -1.647356331406957e+00  3.649329882503756e-01 -1.647356331406957e+00  2.962791473684391e-01 -1.647356331406957e+00  2.998415284451435e-03 
-1.643356331406957e+00  1.751370768963749e+00 -1.643356331406957e+00  1.037139867780636e+00 -1.643356331406957e+00  1.428139672816196e+00 -1.643356331406957e+00  9.697403556731757e-02 -1.643356331406957e+00  1.909736096768585e-04 -1.643356331406957e+00  3.659746319736882e-01 -1.643356331406957e+00  2.960985701496842e-01 -1.643356331406957e+00  2.996006057701460e-03 
-1.639356331406957e+00  1.750756512536678e+00 -1.639356331406957e+00  1.037756421079164e+00 -1.639356331406957e+00  1.427354132265958e+00 -1.639356331406957e+00  9.740997484698187e-02 -1.639356331406957e+00  1.933859937644205e-04 -1.639356331406957e+00  3.670201427198133e-01 -1.639356331406957e+00  2.959182415505687e-01 -1.639356331406957e+00  2.993584647355754e-03 
-1.635356331406957e+00  1.750138963788078e+00 -1.635356331406957e+00  1.038376052553926e+00 -1.635356331406957e+00  1.426562998047664e+00 -1.635356331406957e+00  9.784551040588246e-02 -1.635356331406957e+00  1.958113094454521e-04 -1.635356331406957e+00  3.680694922055241e-01 -1.635356331406957e+00  2.957381601151553e-01 -1.635356331406957e+00  2.991151147985701e-03 
-1.631356331406957e+00  1.749518149833725e+00 -1.631356331406957e+00  1.038998738081503e+00 -1.631356331406957e+00  1.425766317111452e+00 -1.631356331406957e+00  9.828062614420277e-02 -1.631356331406957e+00  1.982494502182759e-04 -1.631356331406957e+00  3.691226518904700e-01 -1.631356331406957e+00  2.955583242864041e-01 -1.631356331406957e+00  2.988705654332026e-03 
-1.627356331406957e+00  1.748894097786772e+00 -1.627356331406957e+00  1.039624453512980e+00 -1.627356331406957e+00  1.424964136219443e+00 -1.627356331406957e+00  9.871530637666541e-02 -1.627356331406957e+00  2.007003095908933e-04 -1.627356331406957e+00  3.701795930007828e-01 -1.627356331406957e+00  2.953787324086138e-01 -1.627356331406957e+00  2.986248261235582e-03 
-1.623356331406957e+00  1.748266834751506e+00 -1.623356331406957e+00  1.040253174692021e+00 -1.623356331406957e+00  1.424156501939119e+00 -1.623356331406957e+00  9.914953582489161e-02 -1.623356331406957e+00  2.031637811054852e-04 -1.623356331406957e+00  3.712402865528577e-01 -1.623356331406957e+00  2.951993827297376e-01 -1.623356331406957e+00  2.983779063566331e-03 
-1.619356331406957e+00  1.747636387802711e+00 -1.619356331406957e+00  1.040884877400027e+00 -1.619356331406957e+00  1.423343460636972e+00 -1.619356331406957e+00  9.958329961970894e-02 -1.619356331406957e+00  2.056397584194767e-04 -1.619356331406957e+00  3.723047033353007e-01 -1.619356331406957e+00  2.950202734176970e-01 -1.619356331406957e+00  2.981298156438788e-03 
-1.615356331406957e+00  1.747002783993900e+00 -1.615356331406957e+00  1.041519537444567e+00 -1.615356331406957e+00  1.422525058472129e+00 -1.615356331406957e+00  1.000165832839097e-01 -1.615356331406957e+00  2.081281352732604e-04 -1.615356331406957e+00  3.733728139723452e-01 -1.615356331406957e+00  2.948414025489331e-01 -1.615356331406957e+00  2.978805634864707e-03 
-1.611356331406957e+00  1.746366050345909e+00 -1.611356331406957e+00  1.042157130648266e+00 -1.611356331406957e+00  1.421701341390580e+00 -1.611356331406957e+00  1.004493727286802e-01 -1.611356331406957e+00  2.106288055349824e-04 -1.611356331406957e+00  3.744445889304679e-01 -1.611356331406957e+00  2.946627681161656e-01 -1.611356331406957e+00  2.976301593796697e-03 
-1.607356331406957e+00  1.745726213833841e+00 -1.607356331406957e+00  1.042797632828639e+00 -1.607356331406957e+00  1.420872355119385e+00 -1.607356331406957e+00  1.008816542511953e-01 -1.607356331406957e+00  2.131416632518152e-04 -1.607356331406957e+00  3.755199985194067e-01 -1.607356331406957e+00  2.944843680377426e-01 -1.607356331406957e+00  2.973786128207424e-03 
-1.603356331406957e+00  1.745083301374964e+00 -1.603356331406957e+00  1.043441019781666e+00 -1.603356331406957e+00  1.420038145160833e+00 -1.603356331406957e+00  1.013134145316211e-01 -1.603356331406957e+00  2.156666026975379e-04 -1.603356331406957e+00  3.765990128948986e-01 -1.603356331406957e+00  2.943062001661119e-01 -1.603356331406957e+00  2.971259333154194e-03 
-1.599356331406957e+00  1.744437339844999e+00 -1.599356331406957e+00  1.044087267404971e+00 -1.599356331406957e+00  1.419198756787910e+00 -1.599356331406957e+00  1.017446406115407e-01 -1.599356331406957e+00  2.182035183085954e-04 -1.599356331406957e+00  3.776816021417092e-01 -1.599356331406957e+00  2.941282622695602e-01 -1.599356331406957e+00  2.968721303295020e-03 
-1.595356331406957e+00  1.743788356041538e+00 -1.595356331406957e+00  1.044736351557612e+00 -1.595356331406957e+00  1.418354235038195e+00 -1.595356331406957e+00  1.021753199075608e-01 -1.595356331406957e+00  2.207523048277064e-04 -1.595356331406957e+00  3.787677362046321e-01 -1.595356331406957e+00  2.939505520641615e-01 -1.595356331406957e+00  2.966172133439448e-03 
-1.591356331406957e+00  1.743136376699331e+00 -1.591356331406957e+00  1.045388248175754e+00 -1.591356331406957e+00  1.417504624709768e+00 -1.591356331406957e+00  1.026054401907936e-01 -1.591356331406957e+00  2.233128572439526e-04 -1.591356331406957e+00  3.798573849667181e-01 -1.591356331406957e+00  2.937730671967602e-01 -1.591356331406957e+00  2.963611918094183e-03 
-1.587356331406957e+00  1.742481428472977e+00 -1.587356331406957e+00  1.046042933225881e+00 -1.587356331406957e+00  1.416649970356046e+00 -1.587356331406957e+00  1.030349895879901e-01 -1.587356331406957e+00  2.258850708606881e-04 -1.587356331406957e+00  3.809505182334862e-01 -1.587356331406957e+00  2.935958052588281e-01 -1.587356331406957e+00  2.961040751646845e-03 
-1.583356331406957e+00  1.741823537936313e+00 -1.583356331406957e+00  1.046700382739096e+00 -1.583356331406957e+00  1.415790316281601e+00 -1.583356331406957e+00  1.034639565719157e-01 -1.583356331406957e+00  2.284688412980181e-04 -1.583356331406957e+00  3.820471057637457e-01 -1.583356331406957e+00  2.934187637847775e-01 -1.583356331406957e+00  2.958458728231314e-03 
-1.579356331406957e+00  1.741162731572321e+00 -1.579356331406957e+00  1.047360572797755e+00 -1.579356331406957e+00  1.414925706537601e+00 -1.579356331406957e+00  1.038923299580410e-01 -1.579356331406957e+00  2.310640645323918e-04 -1.579356331406957e+00  3.831471172724635e-01 -1.579356331406957e+00  2.932419402591899e-01 -1.579356331406957e+00  2.955865941780124e-03 
-1.575356331406957e+00  1.740499035768582e+00 -1.575356331406957e+00  1.048023479548081e+00 -1.575356331406957e+00  1.414056184917747e+00 -1.575356331406957e+00  1.043200988978173e-01 -1.575356331406957e+00  2.336706369145435e-04 -1.575356331406957e+00  3.842505224484243e-01 -1.575356331406957e+00  2.930653321190024e-01 -1.575356331406957e+00  2.953262485975005e-03 
-1.571356331406957e+00  1.739832476811183e+00 -1.571356331406957e+00  1.048689079203947e+00 -1.571356331406957e+00  1.413181794954296e+00 -1.571356331406957e+00  1.047472528731011e-01 -1.571356331406957e+00  2.362884551933798e-04 -1.571356331406957e+00  3.853572909664403e-01 -1.571356331406957e+00  2.928889367572383e-01 -1.571356331406957e+00  2.950648454232051e-03 
-1.567356331406957e+00  1.739163080881642e+00 -1.567356331406957e+00  1.049357348064393e+00 -1.567356331406957e+00  1.412302579914523e+00 -1.567356331406957e+00  1.051737816888608e-01 -1.567356331406957e+00  2.389174165281037e-04 -1.567356331406957e+00  3.864673925073168e-01 -1.567356331406957e+00  2.927127515240329e-01 -1.567356331406957e+00  2.948023939632778e-03 
-1.563356331406957e+00  1.738490874052815e+00 -1.563356331406957e+00  1.050028262524852e+00 -1.563356331406957e+00  1.411418582797344e+00 -1.563356331406957e+00  1.055996754667285e-01 -1.563356331406957e+00  2.415574185042917e-04 -1.563356331406957e+00  3.875807967739060e-01 -1.563356331406957e+00  2.925367737287474e-01 -1.563356331406957e+00  2.945389034880245e-03 
-1.559356331406957e+00  1.737815882274115e+00 -1.559356331406957e+00  1.050701799034778e+00 -1.559356331406957e+00  1.410529846328876e+00 -1.559356331406957e+00  1.060249246453607e-01 -1.559356331406957e+00  2.442083591919918e-04 -1.559356331406957e+00  3.886974734752530e-01 -1.559356331406957e+00  2.923610006519327e-01 -1.559356331406957e+00  2.942743832465262e-03 
-1.555356331406957e+00  1.737138131381824e+00 -1.555356331406957e+00  1.051377934177180e+00 -1.555356331406957e+00  1.409636412960865e+00 -1.555356331406957e+00  1.064495199653046e-01 -1.555356331406957e+00  2.468701371051859e-04 -1.555356331406957e+00  3.898173923821671e-01 -1.555356331406957e+00  2.921854295344117e-01 -1.555356331406957e+00  2.940088424354180e-03 
-1.551356331406957e+00  1.736457647078024e+00 -1.551356331406957e+00  1.052056644593307e+00 -1.551356331406957e+00  1.408738324865772e+00 -1.551356331406957e+00  1.068734524735682e-01 -1.551356331406957e+00  2.495426512846122e-04 -1.551356331406957e+00  3.909405232913221e-01 -1.551356331406957e+00  2.920100575951179e-01 -1.551356331406957e+00  2.937422902284589e-03 
-1.547356331406957e+00  1.735774454944275e+00 -1.547356331406957e+00  1.052737907075883e+00 -1.547356331406957e+00  1.407835623936117e+00 -1.547356331406957e+00  1.072967135068535e-01 -1.547356331406957e+00  2.522258012440302e-04 -1.547356331406957e+00  3.920668360884543e-01 -1.547356331406957e+00  2.918348820174214e-01 -1.547356331406957e+00  2.934747357399195e-03 
-1.543356331406957e+00  1.735088580416230e+00 -1.543356331406957e+00  1.053421698470836e+00 -1.543356331406957e+00  1.406928351779069e+00 -1.543356331406957e+00  1.077192946989668e-01 -1.543356331406957e+00  2.549194870699176e-04 -1.543356331406957e+00  3.931963006981003e-01 -1.543356331406957e+00  2.916598999709120e-01 -1.543356331406957e+00  2.932061880631787e-03 
-1.539356331406957e+00  1.734400048797622e+00 -1.539356331406957e+00  1.054107995769600e+00 -1.539356331406957e+00  1.406016549716241e+00 -1.539356331406957e+00  1.081411879642770e-01 -1.539356331406957e+00  2.576236093665958e-04 -1.539356331406957e+00  3.943288871457454e-01 -1.539356331406957e+00  2.914851085976765e-01 -1.539356331406957e+00  2.929366562344653e-03 
-1.535356331406957e+00  1.733708885252626e+00 -1.535356331406957e+00  1.054796776094981e+00 -1.535356331406957e+00  1.405100258780942e+00 -1.535356331406957e+00  1.085623854946320e-01 -1.535356331406957e+00  2.603380692862266e-04 -1.535356331406957e+00  3.954645655568091e-01 -1.535356331406957e+00  2.913105050182367e-01 -1.535356331406957e+00  2.926661492384167e-03 
-1.531356331406957e+00  1.733015114793085e+00 -1.531356331406957e+00  1.055488016661050e+00 -1.531356331406957e+00  1.404179519714585e+00 -1.531356331406957e+00  1.089828797594134e-01 -1.531356331406957e+00  2.630627685789716e-04 -1.531356331406957e+00  3.966033061397086e-01 -1.531356331406957e+00  2.911360863420936e-01 -1.531356331406957e+00  2.923946760238278e-03 
-1.527356331406957e+00  1.732318762285240e+00 -1.527356331406957e+00  1.056181694826650e+00 -1.527356331406957e+00  1.403254372966152e+00 -1.527356331406957e+00  1.094026634940370e-01 -1.527356331406957e+00  2.657976095666151e-04 -1.527356331406957e+00  3.977450792243418e-01 -1.527356331406957e+00  2.909618496608801e-01 -1.527356331406957e+00  2.921222454826341e-03 
-1.523356331406957e+00  1.731619852438309e+00 -1.523356331406957e+00  1.056877788059836e+00 -1.523356331406957e+00  1.402324858689020e+00 -1.523356331406957e+00  1.098217296994879e-01 -1.523356331406957e+00  2.685424951874222e-04 -1.523356331406957e+00  3.988898552472349e-01 -1.523356331406957e+00  2.907877920578069e-01 -1.523356331406957e+00  2.918488664638832e-03 
-1.519356331406957e+00  1.730918409805820e+00 -1.519356331406957e+00  1.057576273963009e+00 -1.519356331406957e+00  1.401391016739874e+00 -1.519356331406957e+00  1.102400716343846e-01 -1.519356331406957e+00  2.712973289908802e-04 -1.519356331406957e+00  4.000376047725985e-01 -1.519356331406957e+00  2.906139106058084e-01 -1.519356331406957e+00  2.915745477638576e-03 
-1.515356331406957e+00  1.730214458791558e+00 -1.515356331406957e+00  1.058277130319353e+00 -1.515356331406957e+00  1.400452886678750e+00 -1.515356331406957e+00  1.106576828046119e-01 -1.515356331406957e+00  2.740620151144290e-04 -1.515356331406957e+00  4.011882985260048e-01 -1.515356331406957e+00  2.904402023617277e-01 -1.515356331406957e+00  2.912992981078435e-03 
-1.511356331406957e+00  1.729508023621090e+00 -1.511356331406957e+00  1.058980334971697e+00 -1.511356331406957e+00  1.399510507763007e+00 -1.511356331406957e+00  1.110745569731972e-01 -1.511356331406957e+00  2.768364583952463e-04 -1.511356331406957e+00  4.023419073272435e-01 -1.511356331406957e+00  2.902666643909917e-01 -1.511356331406957e+00  2.910231261976996e-03 
-1.507356331406957e+00  1.728799128370663e+00 -1.507356331406957e+00  1.059685865977856e+00 -1.507356331406957e+00  1.398563918951650e+00 -1.507356331406957e+00  1.114906881368092e-01 -1.507356331406957e+00  2.796205642567988e-04 -1.507356331406957e+00  4.034984021887814e-01 -1.507356331406957e+00  2.900932937416520e-01 -1.507356331406957e+00  2.907460406508535e-03 
-1.503356331406957e+00  1.728087796944320e+00 -1.503356331406957e+00  1.060393701514737e+00 -1.503356331406957e+00  1.397613158900508e+00 -1.503356331406957e+00  1.119060705326705e-01 -1.503356331406957e+00  2.824142387987284e-04 -1.503356331406957e+00  4.046577542632215e-01 -1.503356331406957e+00  2.899200874642151e-01 -1.503356331406957e+00  2.904680500379610e-03 
-1.499356331406957e+00  1.727374053068754e+00 -1.499356331406957e+00  1.061103819867241e+00 -1.499356331406957e+00  1.396658265960480e+00 -1.499356331406957e+00  1.123206986351267e-01 -1.499356331406957e+00  2.852173888170681e-04 -1.499356331406957e+00  4.058199348412099e-01 -1.499356331406957e+00  2.897470426158079e-01 -1.499356331406957e+00  2.901891628872686e-03 
-1.495356331406957e+00  1.726657920314148e+00 -1.495356331406957e+00  1.061816199541493e+00 -1.495356331406957e+00  1.395699278181204e+00 -1.495356331406957e+00  1.127345671375721e-01 -1.495356331406957e+00  2.880299217224035e-04 -1.495356331406957e+00  4.069849154242261e-01 -1.495356331406957e+00  2.895741562417050e-01 -1.495356331406957e+00  2.899093876401347e-03 
-1.491356331406957e+00  1.725939422067339e+00 -1.491356331406957e+00  1.062530819147291e+00 -1.491356331406957e+00  1.394736233305354e+00 -1.491356331406957e+00  1.131476709618423e-01 -1.491356331406957e+00  2.908517456453142e-04 -1.491356331406957e+00  4.081526676579160e-01 -1.491356331406957e+00  2.894014253986538e-01 -1.491356331406957e+00  2.896287326972044e-03 
-1.487356331406957e+00  1.725218581540274e+00 -1.487356331406957e+00  1.063247657449971e+00 -1.487356331406957e+00  1.393769168769992e+00 -1.487356331406957e+00  1.135600052474829e-01 -1.487356331406957e+00  2.936827694031290e-04 -1.487356331406957e+00  4.093231633673363e-01 -1.487356331406957e+00  2.892288471473179e-01 -1.487356331406957e+00  2.893472063980408e-03 
-1.483356331406957e+00  1.724495421769261e+00 -1.483356331406957e+00  1.063966693376778e+00 -1.483356331406957e+00  1.392798121706256e+00 -1.483356331406957e+00  1.139715653464974e-01 -1.483356331406957e+00  2.965229025029268e-04 -1.483356331406957e+00  4.104963745645824e-01 -1.483356331406957e+00  2.890564185528981e-01 -1.483356331406957e+00  2.890648170186152e-03 
-1.479356331406957e+00  1.723769965615250e+00 -1.479356331406957e+00  1.064687906027469e+00 -1.479356331406957e+00  1.391823128939411e+00 -1.479356331406957e+00  1.143823468176660e-01 -1.479356331406957e+00  2.993720551404153e-04 -1.479356331406957e+00  4.116722734588047e-01 -1.479356331406957e+00  2.888841366849055e-01 -1.479356331406957e+00  2.887815727671503e-03 
-1.475356331406957e+00  1.723042235757926e+00 -1.475356331406957e+00  1.065411274654390e+00 -1.475356331406957e+00  1.390844226987576e+00 -1.475356331406957e+00  1.147923454244620e-01 -1.475356331406957e+00  3.022301382231565e-04 -1.475356331406957e+00  4.128508324474389e-01 -1.475356331406957e+00  2.887119986223330e-01 -1.475356331406957e+00  2.884974817919422e-03 
-1.471356331406957e+00  1.722312254692807e+00 -1.471356331406957e+00  1.066136778656148e+00 -1.471356331406957e+00  1.389861452061153e+00 -1.471356331406957e+00  1.152015571313684e-01 -1.471356331406957e+00  3.050970633819620e-04 -1.471356331406957e+00  4.140320241154253e-01 -1.471356331406957e+00  2.885400014562597e-01 -1.471356331406957e+00  2.882125521838439e-03 
-1.467356331406957e+00  1.721580044737261e+00 -1.467356331406957e+00  1.066864397613474e+00 -1.467356331406957e+00  1.388874840064415e+00 -1.467356331406957e+00  1.156099780954268e-01 -1.467356331406957e+00  3.079727429473053e-04 -1.467356331406957e+00  4.152158212599485e-01 -1.467356331406957e+00  2.883681422847977e-01 -1.467356331406957e+00  2.879267919621837e-03 
-1.463356331406957e+00  1.720845628021410e+00 -1.463356331406957e+00  1.067594111251609e+00 -1.463356331406957e+00  1.387884426593666e+00 -1.463356331406957e+00  1.160176046662579e-01 -1.463356331406957e+00  3.108570899850138e-04 -1.463356331406957e+00  4.164021968702122e-01 -1.463356331406957e+00  2.881964182211481e-01 -1.463356331406957e+00  2.876402090895375e-03 
-1.459356331406957e+00  1.720109026491478e+00 -1.459356331406957e+00  1.068325899461918e+00 -1.459356331406957e+00  1.386890246938375e+00 -1.459356331406957e+00  1.164244333793451e-01 -1.459356331406957e+00  3.137500182831773e-04 -1.459356331406957e+00  4.175911241431084e-01 -1.459356331406957e+00  2.880248263909275e-01 -1.459356331406957e+00  2.873528114632329e-03 
-1.455356331406957e+00  1.719370261914123e+00 -1.455356331406957e+00  1.069059742327182e+00 -1.455356331406957e+00  1.385892336082732e+00 -1.455356331406957e+00  1.168304609489744e-01 -1.455356331406957e+00  3.166514423350904e-04 -1.455356331406957e+00  4.187825765010504e-01 -1.455356331406957e+00  2.878533639287971e-01 -1.455356331406957e+00  2.870646069054284e-03 
-1.451356331406957e+00  1.718629355865620e+00 -1.451356331406957e+00  1.069795620073967e+00 -1.451356331406957e+00  1.384890728703506e+00 -1.451356331406957e+00  1.172356842695220e-01 -1.451356331406957e+00  3.195612773818102e-04 -1.451356331406957e+00  4.199765275649793e-01 -1.451356331406957e+00  2.876820279880286e-01 -1.451356331406957e+00  2.867756031818106e-03 
-1.447356331406957e+00  1.717886329737474e+00 -1.447356331406957e+00  1.070533513102869e+00 -1.447356331406957e+00  1.383885459172008e+00 -1.447356331406957e+00  1.176401004079172e-01 -1.447356331406957e+00  3.224794393900726e-04 -1.447356331406957e+00  4.211729511748358e-01 -1.447356331406957e+00  2.875108157360735e-01 -1.447356331406957e+00  2.864858079897186e-03 
-1.443356331406957e+00  1.717141204730133e+00 -1.443356331406957e+00  1.071273401961261e+00 -1.443356331406957e+00  1.382876561553113e+00 -1.443356331406957e+00  1.180437066026557e-01 -1.443356331406957e+00  3.254058450770151e-04 -1.443356331406957e+00  4.223718213746319e-01 -1.443356331406957e+00  2.873397243603156e-01 -1.443356331406957e+00  2.861952289688466e-03 
-1.439356331406957e+00  1.716394001868802e+00 -1.439356331406957e+00  1.072015267420884e+00 -1.439356331406957e+00  1.381864069610180e+00 -1.439356331406957e+00  1.184465002511528e-01 -1.439356331406957e+00  3.283404118480785e-04 -1.439356331406957e+00  4.235731124618027e-01 -1.439356331406957e+00  2.871687510551102e-01 -1.439356331406957e+00  2.859038736707758e-03 
-1.435356331406957e+00  1.715644741975374e+00 -1.435356331406957e+00  1.072759090345587e+00 -1.435356331406957e+00  1.380848016798370e+00 -1.435356331406957e+00  1.188484789205526e-01 -1.435356331406957e+00  3.312830579072512e-04 -1.435356331406957e+00  4.247767989073586e-01 -1.435356331406957e+00  2.869978930460464e-01 -1.435356331406957e+00  2.856117496109078e-03 
-1.431356331406957e+00  1.714893445698618e+00 -1.431356331406957e+00  1.073504851836292e+00 -1.431356331406957e+00  1.379828436273582e+00 -1.431356331406957e+00  1.192496403277197e-01 -1.431356331406957e+00  3.342337021385229e-04 -1.431356331406957e+00  4.259828554464389e-01 -1.431356331406957e+00  2.868271475649001e-01 -1.431356331406957e+00  2.853188642115427e-03 
-1.427356331406957e+00  1.714140133491741e+00 -1.427356331406957e+00  1.074252533124491e+00 -1.427356331406957e+00  1.378805360887298e+00 -1.427356331406957e+00  1.196499823472279e-01 -1.427356331406957e+00  3.371922641939956e-04 -1.427356331406957e+00  4.271912570139488e-01 -1.427356331406957e+00  2.866565118691660e-01 -1.427356331406957e+00  2.850252248436973e-03 
-1.423356331406957e+00  1.713384825622211e+00 -1.423356331406957e+00  1.075002115619137e+00 -1.423356331406957e+00  1.377778823190193e+00 -1.423356331406957e+00  1.200495030023967e-01 -1.423356331406957e+00  3.401586644553556e-04 -1.423356331406957e+00  4.284019787745050e-01 -1.423356331406957e+00  2.864859832343087e-01 -1.423356331406957e+00  2.847308388086963e-03 
-1.419356331406957e+00  1.712627542176125e+00 -1.419356331406957e+00  1.075753580926692e+00 -1.419356331406957e+00  1.376748855434455e+00 -1.419356331406957e+00  1.204482004593876e-01 -1.419356331406957e+00  3.431328240166875e-04 -1.419356331406957e+00  4.296149961358150e-01 -1.419356331406957e+00  2.863155589507463e-01 -1.419356331406957e+00  2.844357133302964e-03 
-1.415356331406957e+00  1.711868303039644e+00 -1.415356331406957e+00  1.076506910762169e+00 -1.415356331406957e+00  1.375715489569470e+00 -1.415356331406957e+00  1.208460730332605e-01 -1.415356331406957e+00  3.461146647574202e-04 -1.415356331406957e+00  4.308302846944536e-01 -1.415356331406957e+00  2.861452363400059e-01 -1.415356331406957e+00  2.841398555896210e-03 
-1.411356331406957e+00  1.711107127925804e+00 -1.411356331406957e+00  1.077262087074764e+00 -1.411356331406957e+00  1.374678757250681e+00 -1.411356331406957e+00  1.212431191706508e-01 -1.411356331406957e+00  3.491041092370342e-04 -1.411356331406957e+00  4.320478203143167e-01 -1.411356331406957e+00  2.859750127329538e-01 -1.411356331406957e+00  2.838432726758218e-03 
-1.407356331406957e+00  1.710344036354692e+00 -1.407356331406957e+00  1.078019091952113e+00 -1.407356331406957e+00  1.373638689835000e+00 -1.407356331406957e+00  1.216393374566676e-01 -1.407356331406957e+00  3.521010807728899e-04 -1.407356331406957e+00  4.332675790679490e-01 -1.407356331406957e+00  2.858048854870435e-01 -1.407356331406957e+00  2.835459716236834e-03 
-1.403356331406957e+00  1.709579047658105e+00 -1.403356331406957e+00  1.078777907639953e+00 -1.403356331406957e+00  1.372595318383298e+00 -1.403356331406957e+00  1.220347266092073e-01 -1.403356331406957e+00  3.551055034219973e-04 -1.403356331406957e+00  4.344895372491543e-01 -1.403356331406957e+00  2.856348519831296e-01 -1.403356331406957e+00  2.832479594058948e-03 
-1.399356331406957e+00  1.708812180988713e+00 -1.399356331406957e+00  1.079538516582962e+00 -1.399356331406957e+00  1.371548673664406e+00 -1.399356331406957e+00  1.224292854711440e-01 -1.399356331406957e+00  3.581173019450013e-04 -1.399356331406957e+00  4.357136713987593e-01 -1.399356331406957e+00  2.854649096185496e-01 -1.399356331406957e+00  2.829492429170179e-03 
-1.395356331406957e+00  1.708043455308604e+00 -1.395356331406957e+00  1.080300901367401e+00 -1.395356331406957e+00  1.370498786152917e+00 -1.395356331406957e+00  1.228230130130916e-01 -1.395356331406957e+00  3.611364018511780e-04 -1.395356331406957e+00  4.369399582692510e-01 -1.395356331406957e+00  2.852950558174097e-01 -1.395356331406957e+00  2.826498289960061e-03 
-1.391356331406957e+00  1.707272889402572e+00 -1.391356331406957e+00  1.081065044780608e+00 -1.391356331406957e+00  1.369445686034572e+00 -1.391356331406957e+00  1.232159083237262e-01 -1.391356331406957e+00  3.641627293462548e-04 -1.391356331406957e+00  4.381683748619856e-01 -1.391356331406957e+00  2.851252880203126e-01 -1.391356331406957e+00  2.823497244028497e-03 
-1.387356331406957e+00  1.706500501860345e+00 -1.387356331406957e+00  1.081830929723193e+00 -1.387356331406957e+00  1.368389403202027e+00 -1.387356331406957e+00  1.236079706158310e-01 -1.387356331406957e+00  3.671962114022370e-04 -1.387356331406957e+00  4.393988983725843e-01 -1.387356331406957e+00  2.849556036998652e-01 -1.387356331406957e+00  2.820489358530443e-03 
-1.383356331406957e+00  1.705726311097597e+00 -1.383356331406957e+00  1.082598539304391e+00 -1.383356331406957e+00  1.367329967262795e+00 -1.383356331406957e+00  1.239991992129608e-01 -1.383356331406957e+00  3.702367756748474e-04 -1.383356331406957e+00  4.406315062503608e-01 -1.383356331406957e+00  2.847860003440598e-01 -1.383356331406957e+00  2.817474699801604e-03 
-1.379356331406957e+00  1.704950335350465e+00 -1.379356331406957e+00  1.083367856811512e+00 -1.379356331406957e+00  1.366267407538980e+00 -1.379356331406957e+00  1.243895935495440e-01 -1.379356331406957e+00  3.732843505251119e-04 -1.379356331406957e+00  4.418661761792766e-01 -1.379356331406957e+00  2.846164754616877e-01 -1.379356331406957e+00  2.814453333478261e-03 
-1.375356331406957e+00  1.704172592662581e+00 -1.375356331406957e+00  1.084138865644365e+00 -1.375356331406957e+00  1.365201753064475e+00 -1.375356331406957e+00  1.247791531746513e-01 -1.375356331406957e+00  3.763388650702765e-04 -1.375356331406957e+00  4.431028860367965e-01 -1.375356331406957e+00  2.844470265938027e-01 -1.375356331406957e+00  2.811425324754913e-03 
-1.371356331406957e+00  1.703393100908418e+00 -1.371356331406957e+00  1.084911549420234e+00 -1.371356331406957e+00  1.364133032593947e+00 -1.371356331406957e+00  1.251678777379188e-01 -1.371356331406957e+00  3.794002490921123e-04 -1.371356331406957e+00  4.443416139592860e-01 -1.371356331406957e+00  2.842776512953628e-01 -1.371356331406957e+00  2.808390737971950e-03 
-1.367356331406957e+00  1.702611877775709e+00 -1.367356331406957e+00  1.085685891885950e+00 -1.367356331406957e+00  1.363061274598591e+00 -1.367356331406957e+00  1.255557669957658e-01 -1.367356331406957e+00  3.824684331059891e-04 -1.367356331406957e+00  4.455823382867639e-01 -1.367356331406957e+00  2.841083471505295e-01 -1.367356331406957e+00  2.805349636960967e-03 
-1.363356331406957e+00  1.701828940780771e+00 -1.363356331406957e+00  1.086461876984447e+00 -1.363356331406957e+00  1.361986507272663e+00 -1.363356331406957e+00  1.259428208015089e-01 -1.363356331406957e+00  3.855433483006986e-04 -1.363356331406957e+00  4.468250376042138e-01 -1.363356331406957e+00  2.839391117609835e-01 -1.363356331406957e+00  2.802302084783441e-03 
-1.359356331406957e+00  1.701044307254512e+00 -1.359356331406957e+00  1.087239488783456e+00 -1.359356331406957e+00  1.360908758530317e+00 -1.359356331406957e+00  1.263290391098720e-01 -1.359356331406957e+00  3.886249265933736e-04 -1.359356331406957e+00  4.480696906965120e-01 -1.359356331406957e+00  2.837699427582298e-01 -1.359356331406957e+00  2.799248144010695e-03 
-1.355356331406957e+00  1.700257994353496e+00 -1.355356331406957e+00  1.088018711521496e+00 -1.355356331406957e+00  1.359828056010797e+00 -1.355356331406957e+00  1.267144219693604e-01 -1.355356331406957e+00  3.917131005860884e-04 -1.355356331406957e+00  4.493162765767627e-01 -1.355356331406957e+00  2.836008377954476e-01 -1.355356331406957e+00  2.796187876543310e-03 
-1.351356331406957e+00  1.699470019065906e+00 -1.351356331406957e+00  1.088799529629901e+00 -1.351356331406957e+00  1.358744427082066e+00 -1.351356331406957e+00  1.270989695172667e-01 -1.351356331406957e+00  3.948078035424239e-04 -1.351356331406957e+00  4.505647744996791e-01 -1.351356331406957e+00  2.834317945435144e-01 -1.351356331406957e+00  2.793121343524641e-03 
-1.347356331406957e+00  1.698680398197381e+00 -1.347356331406957e+00  1.089581927659920e+00 -1.347356331406957e+00  1.357657898837502e+00 -1.347356331406957e+00  1.274826819843917e-01 -1.347356331406957e+00  3.979089694430881e-04 -1.347356331406957e+00  4.518151639152155e-01 -1.347356331406957e+00  2.832628107034791e-01 -1.347356331406957e+00  2.790048605627072e-03 
-1.343356331406957e+00  1.697889148380139e+00 -1.343356331406957e+00  1.090365890319236e+00 -1.343356331406957e+00  1.356568498100545e+00 -1.343356331406957e+00  1.278655596886090e-01 -1.343356331406957e+00  4.010165329501007e-04 -1.343356331406957e+00  4.530674244908554e-01 -1.343356331406957e+00  2.830938840000001e-01 -1.343356331406957e+00  2.786969722908614e-03 
-1.339356331406957e+00  1.697096286085290e+00 -1.339356331406957e+00  1.091151402522954e+00 -1.339356331406957e+00  1.355476251430637e+00 -1.339356331406957e+00  1.282476030270946e-01 -1.339356331406957e+00  4.041304293584403e-04 -1.339356331406957e+00  4.543215361431264e-01 -1.339356331406957e+00  2.829250121722912e-01 -1.339356331406957e+00  2.783884754612720e-03 
-1.335356331406957e+00  1.696301827602638e+00 -1.335356331406957e+00  1.091938449292255e+00 -1.335356331406957e+00  1.354381185117717e+00 -1.335356331406957e+00  1.286288124840282e-01 -1.335356331406957e+00  4.072505946753419e-04 -1.335356331406957e+00  4.555774789730714e-01 -1.335356331406957e+00  2.827561929914301e-01 -1.335356331406957e+00  2.780793759566184e-03 
-1.331356331406957e+00  1.695505789055425e+00 -1.331356331406957e+00  1.092727015816441e+00 -1.331356331406957e+00  1.353283325188983e+00 -1.331356331406957e+00  1.290091886217643e-01 -1.331356331406957e+00  4.103769655624514e-04 -1.331356331406957e+00  4.568352333045810e-01 -1.331356331406957e+00  2.825874242493361e-01 -1.331356331406957e+00  2.777696795935544e-03 
-1.327356331406957e+00  1.694708186401616e+00 -1.327356331406957e+00  1.093517087452054e+00 -1.327356331406957e+00  1.352182697410999e+00 -1.327356331406957e+00  1.293887320784860e-01 -1.327356331406957e+00  4.135094793307370e-04 -1.327356331406957e+00  4.580947796831045e-01 -1.327356331406957e+00  2.824187037586459e-01 -1.327356331406957e+00  2.774593921230569e-03 
-1.323356331406957e+00  1.693909035430452e+00 -1.323356331406957e+00  1.094308649699403e+00 -1.323356331406957e+00  1.351079327290065e+00 -1.323356331406957e+00  1.297674435681271e-01 -1.323356331406957e+00  4.166480739540541e-04 -1.323356331406957e+00  4.593560988600379e-01 -1.323356331406957e+00  2.822500293564678e-01 -1.323356331406957e+00  2.771485192396374e-03 
-1.319356331406957e+00  1.693108351761883e+00 -1.319356331406957e+00  1.095101688192829e+00 -1.319356331406957e+00  1.349973240073602e+00 -1.319356331406957e+00  1.301453238789601e-01 -1.319356331406957e+00  4.197926880713437e-04 -1.319356331406957e+00  4.606191717857173e-01 -1.319356331406957e+00  2.820813989057396e-01 -1.319356331406957e+00  2.768370665851658e-03 
-1.315356331406957e+00  1.692306150856026e+00 -1.315356331406957e+00  1.095896188737370e+00 -1.315356331406957e+00  1.348864460755225e+00 -1.315356331406957e+00  1.305223738676172e-01 -1.315356331406957e+00  4.229432609495272e-04 -1.315356331406957e+00  4.618839796317458e-01 -1.315356331406957e+00  2.819128102885690e-01 -1.315356331406957e+00  2.765250397344792e-03 
-1.311356331406957e+00  1.691502448011825e+00 -1.311356331406957e+00  1.096692137295107e+00 -1.311356331406957e+00  1.347753014075924e+00 -1.311356331406957e+00  1.308985944582060e-01 -1.311356331406957e+00  4.260997324887654e-04 -1.311356331406957e+00  4.631505037814959e-01 -1.311356331406957e+00  2.817442614082506e-01 -1.311356331406957e+00  2.762124442007389e-03 
-1.307356331406957e+00  1.690697258363447e+00 -1.307356331406957e+00  1.097489519960781e+00 -1.307356331406957e+00  1.346638924524346e+00 -1.307356331406957e+00  1.312739866424793e-01 -1.307356331406957e+00  4.292620432365721e-04 -1.307356331406957e+00  4.644187258137711e-01 -1.307356331406957e+00  2.815757501931093e-01 -1.307356331406957e+00  2.758992854450001e-03 
-1.303356331406957e+00  1.689890596884096e+00 -1.303356331406957e+00  1.098288322971836e+00 -1.303356331406957e+00  1.345522216339821e+00 -1.303356331406957e+00  1.316485514766420e-01 -1.303356331406957e+00  4.324301343728991e-04 -1.303356331406957e+00  4.656886275082006e-01 -1.303356331406957e+00  2.814072745944001e-01 -1.303356331406957e+00  2.755855688722787e-03 
-1.299356331406956e+00  1.689082478391525e+00 -1.299356331406956e+00  1.099088532726653e+00 -1.299356331406956e+00  1.344402913516085e+00 -1.299356331406956e+00  1.320222900774591e-01 -1.299356331406956e+00  4.356039476884367e-04 -1.299356331406956e+00  4.669601908558803e-01 -1.299356331406956e+00  2.812388325827893e-01 -1.299356331406956e+00  2.752712998243844e-03 
-1.295356331406956e+00  1.688272917544358e+00 -1.295356331406956e+00  1.099890135759380e+00 -1.295356331406956e+00  1.343281039801532e+00 -1.295356331406956e+00  1.323952036226154e-01 -1.295356331406956e+00  4.387834255991162e-04 -1.295356331406956e+00  4.682333980424354e-01 -1.295356331406956e+00  2.810704221523003e-01 -1.295356331406956e+00  2.749564835898056e-03 
-1.291356331406956e+00  1.687461928842368e+00 -1.291356331406956e+00  1.100693118733649e+00 -1.291356331406956e+00  1.342156618700920e+00 -1.291356331406956e+00  1.327672933492791e-01 -1.291356331406956e+00  4.419685111449501e-04 -1.291356331406956e+00  4.695082314430279e-01 -1.291356331406956e+00  2.809020413209928e-01 -1.291356331406956e+00  2.746411254061781e-03 
-1.287356331406956e+00  1.686649526637771e+00 -1.287356331406956e+00  1.101497468487130e+00 -1.287356331406956e+00  1.341029673481360e+00 -1.287356331406956e+00  1.331385605477904e-01 -1.287356331406956e+00  4.451591479457391e-04 -1.287356331406956e+00  4.707846736496840e-01 -1.287356331406956e+00  2.807336881229023e-01 -1.287356331406956e+00  2.743252304427886e-03 
-1.283356331406956e+00  1.685835725125912e+00 -1.283356331406956e+00  1.102303171980365e+00 -1.283356331406956e+00  1.339900227170377e+00 -1.283356331406956e+00  1.335090065646724e-01 -1.283356331406956e+00  4.483552802376104e-04 -1.283356331406956e+00  4.720627074377653e-01 -1.283356331406956e+00  2.805653606164221e-01 -1.283356331406956e+00  2.740088038206664e-03 
-1.279356331406956e+00  1.685020538343624e+00 -1.279356331406956e+00  1.103110216281164e+00 -1.279356331406956e+00  1.338768302556813e+00 -1.279356331406956e+00  1.338786328021777e-01 -1.279356331406956e+00  4.515568528795054e-04 -1.279356331406956e+00  4.733423157549818e-01 -1.279356331406956e+00  2.803970568865541e-01 -1.279356331406956e+00  2.736918506187146e-03 
-1.275356331406956e+00  1.684203980191848e+00 -1.275356331406956e+00  1.103918588661903e+00 -1.275356331406956e+00  1.337633922201363e+00 -1.275356331406956e+00  1.342474407071164e-01 -1.275356331406956e+00  4.547638112642935e-04 -1.275356331406956e+00  4.746234817823167e-01 -1.275356331406956e+00  2.802287750277893e-01 -1.275356331406956e+00  2.733743758354941e-03 
-1.271356331406956e+00  1.683386064409929e+00 -1.271356331406956e+00  1.104728276471934e+00 -1.271356331406956e+00  1.336497108428077e+00 -1.271356331406956e+00  1.346154317812326e-01 -1.271356331406956e+00  4.579761014197635e-04 -1.271356331406956e+00  4.759061888517271e-01 -1.271356331406956e+00  2.800605131655705e-01 -1.271356331406956e+00  2.730563844393365e-03 
-1.267356331406956e+00  1.682566804593833e+00 -1.267356331406956e+00  1.105539267214337e+00 -1.267356331406956e+00  1.335357883333129e+00 -1.267356331406956e+00  1.349826075720742e-01 -1.267356331406956e+00  4.611936699370590e-04 -1.267356331406956e+00  4.771904204939807e-01 -1.267356331406956e+00  2.798922694426874e-01 -1.267356331406956e+00  2.727378813382006e-03 
-1.263356331406956e+00  1.681746214199011e+00 -1.263356331406956e+00  1.106351548551209e+00 -1.263356331406956e+00  1.334216268787632e+00 -1.263356331406956e+00  1.353489696707861e-01 -1.263356331406956e+00  4.644164639594175e-04 -1.263356331406956e+00  4.784761604409963e-01 -1.263356331406956e+00  2.797240420179387e-01 -1.263356331406956e+00  2.724188713775903e-03 
-1.259356331406956e+00  1.680924306528209e+00 -1.259356331406956e+00  1.107165108238957e+00 -1.259356331406956e+00  1.333072286434329e+00 -1.259356331406956e+00  1.357145197165122e-01 -1.259356331406956e+00  4.676444312300945e-04 -1.259356331406956e+00  4.797633925835042e-01 -1.259356331406956e+00  2.795558290767741e-01 -1.259356331406956e+00  2.720993593659742e-03 
-1.255356331406956e+00  1.680101094746582e+00 -1.255356331406956e+00  1.107979934190545e+00 -1.255356331406956e+00  1.331925957695267e+00 -1.255356331406956e+00  1.360792593888544e-01 -1.255356331406956e+00  4.708775200329498e-04 -1.255356331406956e+00  4.810521010096921e-01 -1.255356331406956e+00  2.793876288201865e-01 -1.255356331406956e+00  2.717793500503333e-03 
-1.251356331406956e+00  1.679276591875773e+00 -1.251356331406956e+00  1.108796014439906e+00 -1.251356331406956e+00  1.330777303771006e+00 -1.251356331406956e+00  1.364431904095970e-01 -1.251356331406956e+00  4.741156792157313e-04 -1.251356331406956e+00  4.823422699814246e-01 -1.251356331406956e+00  2.792194394703580e-01 -1.251356331406956e+00  2.714588481301400e-03 
-1.247356331406956e+00  1.678450810793323e+00 -1.247356331406956e+00  1.109613337131371e+00 -1.247356331406956e+00  1.329626345641921e+00 -1.247356331406956e+00  1.368063145420977e-01 -1.247356331406956e+00  4.773588581923809e-04 -1.247356331406956e+00  4.836338839263992e-01 -1.247356331406956e+00  2.790512592720149e-01 -1.247356331406956e+00  2.711378582615134e-03 
-1.243356331406956e+00  1.677623764244361e+00 -1.243356331406956e+00  1.110431890565645e+00 -1.243356331406956e+00  1.328473104074585e+00 -1.243356331406956e+00  1.371686335854366e-01 -1.243356331406956e+00  4.806070068971337e-04 -1.243356331406956e+00  4.849269274664714e-01 -1.243356331406956e+00  2.788830864841134e-01 -1.243356331406956e+00  2.708163850391542e-03 
-1.239356331406956e+00  1.676795464832040e+00 -1.239356331406956e+00  1.111251663147707e+00 -1.239356331406956e+00  1.327317599619395e+00 -1.239356331406956e+00  1.375301493777669e-01 -1.239356331406956e+00  4.838600758220682e-04 -1.239356331406956e+00  4.862213853832691e-01 -1.239356331406956e+00  2.787149193882957e-01 -1.239356331406956e+00  2.704944330168143e-03 
-1.235356331406956e+00  1.675965925032499e+00 -1.235356331406956e+00  1.112072643447982e+00 -1.235356331406956e+00  1.326159852618354e+00 -1.235356331406956e+00  1.378908637891686e-01 -1.235356331406956e+00  4.871180159583501e-04 -1.235356331406956e+00  4.875172426562882e-01 -1.235356331406956e+00  2.785467562779858e-01 -1.235356331406956e+00  2.701720066832704e-03 
-1.231356331406956e+00  1.675135157170121e+00 -1.231356331406956e+00  1.112894820080067e+00 -1.231356331406956e+00  1.324999883196259e+00 -1.231356331406956e+00  1.382507787314796e-01 -1.231356331406956e+00  4.903807788933967e-04 -1.231356331406956e+00  4.888144843834686e-01 -1.231356331406956e+00  2.783785954788138e-01 -1.231356331406956e+00  2.698491105103422e-03 
-1.227356331406956e+00  1.674303173455881e+00 -1.227356331406956e+00  1.113718181870112e+00 -1.227356331406956e+00  1.323837711278309e+00 -1.227356331406956e+00  1.386098961412877e-01 -1.227356331406956e+00  4.936483166602778e-04 -1.227356331406956e+00  4.901130958886957e-01 -1.227356331406956e+00  2.782104353192416e-01 -1.227356331406956e+00  2.695257488863705e-03 
-1.223356331406956e+00  1.673469985954753e+00 -1.223356331406956e+00  1.114542717698238e+00 -1.223356331406956e+00  1.322673356577939e+00 -1.223356331406956e+00  1.389682179931278e-01 -1.223356331406956e+00  4.969205818657196e-04 -1.223356331406956e+00  4.914130626190586e-01 -1.223356331406956e+00  2.780422741571825e-01 -1.223356331406956e+00  2.692019261785066e-03 
-1.219356331406956e+00  1.672635606604879e+00 -1.219356331406956e+00  1.115368416579434e+00 -1.219356331406956e+00  1.321506838606398e+00 -1.219356331406956e+00  1.393257462907062e-01 -1.219356331406956e+00  5.001975276148086e-04 -1.219356331406956e+00  4.927143701956481e-01 -1.219356331406956e+00  2.778741103657323e-01 -1.219356331406956e+00  2.688776467009273e-03 
-1.215356331406956e+00  1.671800047224686e+00 -1.215356331406956e+00  1.116195267688432e+00 -1.215356331406956e+00  1.320338176677319e+00 -1.215356331406956e+00  1.396824830633505e-01 -1.215356331406956e+00  5.034791074830416e-04 -1.215356331406956e+00  4.940170044285194e-01 -1.215356331406956e+00  2.777059423284839e-01 -1.215356331406956e+00  2.685529147050755e-03 
-1.211356331406956e+00  1.670963319489285e+00 -1.211356331406956e+00  1.117023260243134e+00 -1.211356331406956e+00  1.319167389898127e+00 -1.211356331406956e+00  1.400384303753140e-01 -1.211356331406956e+00  5.067652756090243e-04 -1.211356331406956e+00  4.953209512407390e-01 -1.211356331406956e+00  2.775377684589506e-01 -1.211356331406956e+00  2.682277344254452e-03 
-1.207356331406956e+00  1.670125434960878e+00 -1.207356331406956e+00  1.117852383637137e+00 -1.207356331406956e+00  1.317994497184539e+00 -1.207356331406956e+00  1.403935903125042e-01 -1.207356331406956e+00  5.100559865750644e-04 -1.207356331406956e+00  4.966261967524734e-01 -1.207356331406956e+00  2.773695871775166e-01 -1.207356331406956e+00  2.679021100275205e-03 
-1.203356331406956e+00  1.669286405073399e+00 -1.203356331406956e+00  1.118682627361211e+00 -1.203356331406956e+00  1.316819517255460e+00 -1.203356331406956e+00  1.407479649883851e-01 -1.203356331406956e+00  5.133511954674308e-04 -1.203356331406956e+00  4.979327272295150e-01 -1.203356331406956e+00  2.772013969243801e-01 -1.203356331406956e+00  2.675760456386275e-03 
-1.199356331406956e+00  1.668446241134112e+00 -1.199356331406956e+00  1.119513981003118e+00 -1.199356331406956e+00  1.315642468635118e+00 -1.199356331406956e+00  1.411015565427921e-01 -1.199356331406956e+00  5.166508578701478e-04 -1.199356331406956e+00  4.992405290820890e-01 -1.199356331406956e+00  2.770331961591306e-01 -1.199356331406956e+00  2.672495453479993e-03 
-1.195356331406956e+00  1.667604954328577e+00 -1.195356331406956e+00  1.120346434262789e+00 -1.195356331406956e+00  1.314463369656650e+00 -1.195356331406956e+00  1.414543671393856e-01 -1.195356331406956e+00  5.199549298454593e-04 -1.195356331406956e+00  5.005495888735798e-01 -1.195356331406956e+00  2.768649833577171e-01 -1.195356331406956e+00  2.669226132008158e-03 
-1.191356331406956e+00  1.666762555730593e+00 -1.191356331406956e+00  1.121179976990646e+00 -1.191356331406956e+00  1.313282238467912e+00 -1.191356331406956e+00  1.418063989611290e-01 -1.191356331406956e+00  5.232633678947603e-04 -1.191356331406956e+00  5.018598933442100e-01 -1.191356331406956e+00  2.766967570054822e-01 -1.191356331406956e+00  2.665952531831554e-03 
-1.187356331406956e+00  1.665919056282135e+00 -1.187356331406956e+00  1.122014599087847e+00 -1.187356331406956e+00  1.312099093024107e+00 -1.187356331406956e+00  1.421576542180753e-01 -1.187356331406956e+00  5.265761290374003e-04 -1.187356331406956e+00  5.031714293457576e-01 -1.187356331406956e+00  2.765285156137043e-01 -1.187356331406956e+00  2.662674692611699e-03 
-1.183356331406956e+00  1.665074466814479e+00 -1.183356331406956e+00  1.122850290595868e+00 -1.183356331406956e+00  1.310913951098471e+00 -1.183356331406956e+00  1.425081351382951e-01 -1.183356331406956e+00  5.298931707277486e-04 -1.183356331406956e+00  5.044841838982508e-01 -1.183356331406956e+00  2.763602577039073e-01 -1.183356331406956e+00  2.659392653459033e-03 
-1.179356331406956e+00  1.664228798044530e+00 -1.179356331406956e+00  1.123687041672387e+00 -1.179356331406956e+00  1.309726830282092e+00 -1.179356331406956e+00  1.428578439690111e-01 -1.179356331406956e+00  5.332144508695960e-04 -1.179356331406956e+00  5.057981441734436e-01 -1.179356331406956e+00  2.761919818115322e-01 -1.179356331406956e+00  2.656106453027635e-03 
-1.175356331406956e+00  1.663382060566793e+00 -1.175356331406956e+00  1.124524842547039e+00 -1.175356331406956e+00  1.308537747981712e+00 -1.175356331406956e+00  1.432067829794562e-01 -1.175356331406956e+00  5.365399278476132e-04 -1.175356331406956e+00  5.071132974652811e-01 -1.175356331406956e+00  2.760236864930330e-01 -1.175356331406956e+00  2.652816129688996e-03 
-1.171356331406956e+00  1.662534264870367e+00 -1.171356331406956e+00  1.125363683592112e+00 -1.171356331406956e+00  1.307346721428686e+00 -1.171356331406956e+00  1.435549544536595e-01 -1.171356331406956e+00  5.398695604607462e-04 -1.171356331406956e+00  5.084296312345122e-01 -1.171356331406956e+00  2.758553703134169e-01 -1.171356331406956e+00  2.649521721254349e-03 
-1.167356331406956e+00  1.661685421323219e+00 -1.167356331406956e+00  1.126203555243361e+00 -1.167356331406956e+00  1.306153767673312e+00 -1.167356331406956e+00  1.439023606964355e-01 -1.167356331406956e+00  5.432033079838497e-04 -1.167356331406956e+00  5.097471330566123e-01 -1.167356331406956e+00  2.756870318592880e-01 -1.167356331406956e+00  2.646223265285660e-03 
-1.163356331406956e+00  1.660835540185962e+00 -1.163356331406956e+00  1.127044448055873e+00 -1.163356331406956e+00  1.304958903592355e+00 -1.163356331406956e+00  1.442490040275178e-01 -1.163356331406956e+00  5.465411301136479e-04 -1.163356331406956e+00  5.110657906568707e-01 -1.163356331406956e+00  2.755186697289209e-01 -1.163356331406956e+00  2.642920798876239e-03 
-1.159356331406956e+00  1.659984631614070e+00 -1.159356331406956e+00  1.127886352707250e+00 -1.159356331406956e+00  1.303762145891413e+00 -1.159356331406956e+00  1.445948867803976e-01 -1.159356331406956e+00  5.498829869600103e-04 -1.159356331406956e+00  5.123855919115037e-01 -1.159356331406956e+00  2.753502825313041e-01 -1.159356331406956e+00  2.639614358638293e-03 
-1.155356331406956e+00  1.659132705647785e+00 -1.155356331406956e+00  1.128729259944281e+00 -1.155356331406956e+00  1.302563511101686e+00 -1.155356331406956e+00  1.449400113060543e-01 -1.155356331406956e+00  5.532288390855778e-04 -1.155356331406956e+00  5.137065248122445e-01 -1.155356331406956e+00  2.751818688947845e-01 -1.155356331406956e+00  2.636303980912239e-03 
-1.151356331406956e+00  1.658279772218409e+00 -1.151356331406956e+00  1.129573160604867e+00 -1.151356331406956e+00  1.301363015584098e+00 -1.151356331406956e+00  1.452843799701574e-01 -1.151356331406956e+00  5.565786474810567e-04 -1.151356331406956e+00  5.150285774795461e-01 -1.151356331406956e+00  2.750134274629285e-01 -1.151356331406956e+00  2.632989701680701e-03 
-1.147356331406956e+00  1.657425841157200e+00 -1.147356331406956e+00  1.130418045651835e+00 -1.147356331406956e+00  1.300160675534695e+00 -1.147356331406956e+00  1.456279951493001e-01 -1.147356331406956e+00  5.599323735302886e-04 -1.147356331406956e+00  5.163517381835308e-01 -1.147356331406956e+00  2.748449568883633e-01 -1.147356331406956e+00  2.629671556435650e-03 
-1.143356331406956e+00  1.656570922188133e+00 -1.143356331406956e+00  1.131263906132915e+00 -1.143356331406956e+00  1.298956506982619e+00 -1.143356331406956e+00  1.459708592336313e-01 -1.143356331406956e+00  5.632899790386840e-04 -1.143356331406956e+00  5.176759953171824e-01 -1.143356331406956e+00  2.746764558391769e-01 -1.143356331406956e+00  2.626349580335665e-03 
-1.139356331406956e+00  1.655715024931951e+00 -1.139356331406956e+00  1.132110733192619e+00 -1.139356331406956e+00  1.297750525793248e+00 -1.139356331406956e+00  1.463129746250222e-01 -1.139356331406956e+00  5.666514262172596e-04 -1.139356331406956e+00  5.190013374031160e-01 -1.139356331406956e+00  2.745079229964930e-01 -1.139356331406956e+00  2.623023808159200e-03 
-1.135356331406956e+00  1.654858158905366e+00 -1.135356331406956e+00  1.132958518061710e+00 -1.135356331406956e+00  1.296542747669090e+00 -1.135356331406956e+00  1.466543437371711e-01 -1.135356331406956e+00  5.700166776858605e-04 -1.135356331406956e+00  5.203277530858499e-01 -1.135356331406956e+00  2.743393570558612e-01 -1.135356331406956e+00  2.619694274345927e-03 
-1.131356331406956e+00  1.654000333520954e+00 -1.131356331406956e+00  1.133807252050323e+00 -1.131356331406956e+00  1.295333188150958e+00 -1.131356331406956e+00  1.469949689954204e-01 -1.131356331406956e+00  5.733856964734700e-04 -1.131356331406956e+00  5.216552311264440e-01 -1.131356331406956e+00  2.741707567280366e-01 -1.131356331406956e+00  2.616361013023907e-03 
-1.127356331406956e+00  1.653141558100828e+00 -1.127356331406956e+00  1.134656926603620e+00 -1.127356331406956e+00  1.294121862625598e+00 -1.127356331406956e+00  1.473348528312758e-01 -1.127356331406956e+00  5.767584459646033e-04 -1.127356331406956e+00  5.229837604376956e-01 -1.127356331406956e+00  2.740021207291248e-01 -1.127356331406956e+00  2.613024057790807e-03 
-1.123356331406956e+00  1.652281841857534e+00 -1.123356331406956e+00  1.135507533208218e+00 -1.123356331406956e+00  1.292908786317992e+00 -1.123356331406956e+00  1.476739976896348e-01 -1.123356331406956e+00  5.801348899742432e-04 -1.123356331406956e+00  5.243133300226105e-01 -1.123356331406956e+00  2.738334477960989e-01 -1.123356331406956e+00  2.609683442081520e-03 
-1.119356331406956e+00  1.651421193913888e+00 -1.119356331406956e+00  1.136359063476115e+00 -1.119356331406956e+00  1.291693974301852e+00 -1.119356331406956e+00  1.480124060209511e-01 -1.119356331406956e+00  5.835149926700314e-04 -1.119356331406956e+00  5.256439290279388e-01 -1.119356331406956e+00  2.736647366721533e-01 -1.119356331406956e+00  2.606339198838502e-03 
-1.115356331406956e+00  1.650559623290965e+00 -1.115356331406956e+00  1.137211509083747e+00 -1.115356331406956e+00  1.290477441495185e+00 -1.115356331406956e+00  1.483500802857133e-01 -1.115356331406956e+00  5.868987186193233e-04 -1.115356331406956e+00  5.269755467038175e-01 -1.115356331406956e+00  2.734959861166849e-01 -1.115356331406956e+00  2.602991360751231e-03 
-1.111356331406956e+00  1.649697138915703e+00 -1.111356331406956e+00  1.138064861800096e+00 -1.111356331406956e+00  1.289259202665054e+00 -1.111356331406956e+00  1.486870229513801e-01 -1.111356331406956e+00  5.902860327594292e-04 -1.111356331406956e+00  5.283081724211326e-01 -1.111356331406956e+00  2.733271949001327e-01 -1.111356331406956e+00  2.599639960145588e-03 
-1.107356331406956e+00  1.648833749620748e+00 -1.107356331406956e+00  1.138919113480007e+00 -1.107356331406956e+00  1.288039272428671e+00 -1.107356331406956e+00  1.490232364923074e-01 -1.107356331406956e+00  5.936769003981312e-04 -1.107356331406956e+00  5.296417956663624e-01 -1.107356331406956e+00  2.731583618047521e-01 -1.107356331406956e+00  2.596285029010350e-03 
-1.103356331406956e+00  1.647969464149425e+00 -1.103356331406956e+00  1.139774256080348e+00 -1.103356331406956e+00  1.286817665256941e+00 -1.103356331406956e+00  1.493587233877501e-01 -1.103356331406956e+00  5.970712871942222e-04 -1.103356331406956e+00  5.309764060512479e-01 -1.103356331406956e+00  2.729894856214957e-01 -1.103356331406956e+00  2.592926598933559e-03 
-1.099356331406956e+00  1.647104291147138e+00 -1.099356331406956e+00  1.140630281614966e+00 -1.099356331406956e+00  1.285594395471509e+00 -1.099356331406956e+00  1.496934861250171e-01 -1.099356331406956e+00  6.004691591912591e-04 -1.099356331406956e+00  5.323119932827189e-01 -1.099356331406956e+00  2.728205651573073e-01 -1.099356331406956e+00  2.589564701279535e-03 
-1.095356331406956e+00  1.646238239171050e+00 -1.095356331406956e+00  1.141487182192693e+00 -1.095356331406956e+00  1.284369477250505e+00 -1.095356331406956e+00  1.500275271956906e-01 -1.095356331406956e+00  6.038704827795223e-04 -1.095356331406956e+00  5.336485471867730e-01 -1.095356331406956e+00  2.726515992283016e-01 -1.095356331406956e+00  2.586199367039488e-03 
-1.091356331406956e+00  1.645371316692664e+00 -1.091356331406956e+00  1.142344950022907e+00 -1.091356331406956e+00  1.283142924630922e+00 -1.091356331406956e+00  1.503608490945831e-01 -1.091356331406956e+00  6.072752246858869e-04 -1.091356331406956e+00  5.349860577113075e-01 -1.091356331406956e+00  2.724825866584685e-01 -1.091356331406956e+00  2.582830626809804e-03 
-1.087356331406956e+00  1.644503532084999e+00 -1.087356331406956e+00  1.143203577351541e+00 -1.087356331406956e+00  1.281914751503560e+00 -1.087356331406956e+00  1.506934543244731e-01 -1.087356331406956e+00  6.106833520241948e-04 -1.087356331406956e+00  5.363245148837290e-01 -1.087356331406956e+00  2.723135262901935e-01 -1.087356331406956e+00  2.579458511043299e-03 
-1.083356331406956e+00  1.643634893640104e+00 -1.083356331406956e+00  1.144063056534731e+00 -1.083356331406956e+00  1.280684971622546e+00 -1.083356331406956e+00  1.510253453894491e-01 -1.083356331406956e+00  6.140948322264903e-04 -1.083356331406956e+00  5.376639088580566e-01 -1.083356331406956e+00  2.721444169713964e-01 -1.083356331406956e+00  2.576083049759946e-03 
-1.079356331406956e+00  1.642765409565890e+00 -1.079356331406956e+00  1.144923380018562e+00 -1.079356331406956e+00  1.279453598604907e+00 -1.079356331406956e+00  1.513565247960537e-01 -1.079356331406956e+00  6.175096330553746e-04 -1.079356331406956e+00  5.390042299010018e-01 -1.079356331406956e+00  2.719752575586316e-01 -1.079356331406956e+00  2.572704272626511e-03 
-1.075356331406956e+00  1.641895087975749e+00 -1.075356331406956e+00  1.145784540286406e+00 -1.075356331406956e+00  1.278220645926623e+00 -1.075356331406956e+00  1.516869950570920e-01 -1.075356331406956e+00  6.209277226448941e-04 -1.075356331406956e+00  5.403454683569412e-01 -1.075356331406956e+00  2.718060469256978e-01 -1.075356331406956e+00  2.569322209163291e-03 
-1.071356331406956e+00  1.641023936910460e+00 -1.071356331406956e+00  1.146646529952460e+00 -1.071356331406956e+00  1.276986126934308e+00 -1.071356331406956e+00  1.520167586834371e-01 -1.071356331406956e+00  6.243490694143888e-04 -1.071356331406956e+00  5.416876147080407e-01 -1.071356331406956e+00  2.716367839474071e-01 -1.071356331406956e+00  2.565936888376793e-03 
-1.067356331406956e+00  1.640151964314896e+00 -1.067356331406956e+00  1.147509341650673e+00 -1.067356331406956e+00  1.275750054834944e+00 -1.067356331406956e+00  1.523458181926322e-01 -1.067356331406956e+00  6.277736421600523e-04 -1.067356331406956e+00  5.430306595012304e-01 -1.067356331406956e+00  2.714674675181337e-01 -1.067356331406956e+00  2.562548339195965e-03 
-1.063356331406956e+00  1.639279178058561e+00 -1.063356331406956e+00  1.148372968122300e+00 -1.063356331406956e+00  1.274512442706905e+00 -1.063356331406956e+00  1.526741761012467e-01 -1.063356331406956e+00  6.312014099742085e-04 -1.063356331406956e+00  5.443745934044574e-01 -1.063356331406956e+00  2.712980965366047e-01 -1.063356331406956e+00  2.559156590128313e-03 
-1.059356331406956e+00  1.638405585929263e+00 -1.059356331406956e+00  1.149237402181691e+00 -1.059356331406956e+00  1.273273303497927e+00 -1.059356331406956e+00  1.530018349272115e-01 -1.059356331406956e+00  6.346323422702529e-04 -1.059356331406956e+00  5.457194071837173e-01 -1.059356331406956e+00  2.711286699113927e-01 -1.059356331406956e+00  2.555761669394278e-03 
-1.055356331406956e+00  1.637531195636227e+00 -1.055356331406956e+00  1.150102636725004e+00 -1.055356331406956e+00  1.272032650027643e+00 -1.055356331406956e+00  1.533287971886490e-01 -1.055356331406956e+00  6.380664087702687e-04 -1.055356331406956e+00  5.470650917080172e-01 -1.055356331406956e+00  2.709591865591156e-01 -1.055356331406956e+00  2.552363604893006e-03 
-1.051356331406956e+00  1.636656014799982e+00 -1.051356331406956e+00  1.150968664679265e+00 -1.051356331406956e+00  1.270790494983598e+00 -1.051356331406956e+00  1.536550654075570e-01 -1.051356331406956e+00  6.415035795449298e-04 -1.051356331406956e+00  5.484116379154709e-01 -1.051356331406956e+00  2.707896454127875e-01 -1.051356331406956e+00  2.548962424402452e-03 
-1.047356331406956e+00  1.635780050972683e+00 -1.047356331406956e+00  1.151835479088833e+00 -1.047356331406956e+00  1.269546850932259e+00 -1.047356331406956e+00  1.539806421023781e-01 -1.047356331406956e+00  6.449438249335194e-04 -1.047356331406956e+00  5.497590368689718e-01 -1.047356331406956e+00  2.706200454067997e-01 -1.047356331406956e+00  2.545558155239717e-03 
-1.043356331406956e+00  1.634903311623779e+00 -1.043356331406956e+00  1.152703073045458e+00 -1.043356331406956e+00  1.268301730312930e+00 -1.043356331406956e+00  1.543055297932343e-01 -1.043356331406956e+00  6.483871156003146e-04 -1.043356331406956e+00  5.511072797099293e-01 -1.043356331406956e+00  2.704503854885120e-01 -1.043356331406956e+00  2.542150824535809e-03 
-1.039356331406956e+00  1.634025804149012e+00 -1.039356331406956e+00  1.153571439723867e+00 -1.039356331406956e+00  1.267055145443168e+00 -1.039356331406956e+00  1.546297309986617e-01 -1.039356331406956e+00  6.518334224991978e-04 -1.039356331406956e+00  5.524563576807899e-01 -1.039356331406956e+00  2.702806646118962e-01 -1.039356331406956e+00  2.538740459095838e-03 
-1.035356331406956e+00  1.633147535863923e+00 -1.035356331406956e+00  1.154440572347285e+00 -1.035356331406956e+00  1.265807108516517e+00 -1.035356331406956e+00  1.549532482379685e-01 -1.035356331406956e+00  6.552827168992040e-04 -1.035356331406956e+00  5.538062621018913e-01 -1.035356331406956e+00  2.701108817431033e-01 -1.035356331406956e+00  2.535327085534465e-03 
-1.031356331406956e+00  1.632268514014063e+00 -1.031356331406956e+00  1.155310464228523e+00 -1.031356331406956e+00  1.264557631608534e+00 -1.031356331406956e+00  1.552760840275658e-01 -1.031356331406956e+00  6.587349703443373e-04 -1.031356331406956e+00  5.551569843976200e-01 -1.031356331406956e+00  2.699410358531785e-01 -1.031356331406956e+00  2.531910730114527e-03 
-1.027356331406956e+00  1.631388745766456e+00 -1.027356331406956e+00  1.156181108726558e+00 -1.027356331406956e+00  1.263306726673465e+00 -1.027356331406956e+00  1.555982408840653e-01 -1.027356331406956e+00  6.621901546871741e-04 -1.027356331406956e+00  5.565085160674295e-01 -1.027356331406956e+00  2.697711259251567e-01 -1.027356331406956e+00  2.528491418917514e-03 
-1.023356331406956e+00  1.630508238220771e+00 -1.023356331406956e+00  1.157052499291924e+00 -1.023356331406956e+00  1.262054405550762e+00 -1.023356331406956e+00  1.559197213203011e-01 -1.023356331406956e+00  6.656482420449295e-04 -1.023356331406956e+00  5.578608487148351e-01 -1.023356331406956e+00  2.696011509460515e-01 -1.023356331406956e+00  2.525069177665375e-03 
-1.019356331406956e+00  1.629626998397893e+00 -1.019356331406956e+00  1.157924629410417e+00 -1.019356331406956e+00  1.260800679960262e+00 -1.019356331406956e+00  1.562405278494443e-01 -1.019356331406956e+00  6.691092048443847e-04 -1.019356331406956e+00  5.592139740100440e-01 -1.019356331406956e+00  2.694311099161529e-01 -1.019356331406956e+00  2.521644031941544e-03 
-1.015356331406956e+00  1.628745033253157e+00 -1.015356331406956e+00  1.158797492657987e+00 -1.015356331406956e+00  1.259545561509730e+00 -1.015356331406956e+00  1.565606629803220e-01 -1.015356331406956e+00  6.725730157698714e-04 -1.015356331406956e+00  5.605678837251704e-01 -1.015356331406956e+00  2.692610018394045e-01 -1.015356331406956e+00  2.518216006975432e-03 
-1.011356331406956e+00  1.627862349671881e+00 -1.011356331406956e+00  1.159671082675775e+00 -1.011356331406956e+00  1.258289061693532e+00 -1.011356331406956e+00  1.568801292190601e-01 -1.011356331406956e+00  6.760396477808281e-04 -1.011356331406956e+00  5.619225697173437e-01 -1.011356331406956e+00  2.690908257273723e-01 -1.011356331406956e+00  2.514785127740374e-03 
-1.007356331406956e+00  1.626978954464521e+00 -1.007356331406956e+00  1.160545393143722e+00 -1.007356331406956e+00  1.257031191891041e+00 -1.007356331406956e+00  1.571989290708299e-01 -1.007356331406956e+00  6.795090741308344e-04 -1.007356331406956e+00  5.632780239108489e-01 -1.007356331406956e+00  2.689205806034726e-01 -1.007356331406956e+00  2.511351419057355e-03 
-1.003356331406956e+00  1.626094854376517e+00 -1.003356331406956e+00  1.161420417820330e+00 -1.003356331406956e+00  1.255771963372489e+00 -1.003356331406956e+00  1.575170650364177e-01 -1.003356331406956e+00  6.829812683289241e-04 -1.003356331406956e+00  5.646342383225285e-01 -1.003356331406956e+00  2.687502654959290e-01 -1.003356331406956e+00  2.507914905438838e-03 
-9.993563314069562e-01  1.625210056084815e+00 -9.993563314069562e-01  1.162296150522360e+00 -9.993563314069562e-01  1.254511387298074e+00 -9.993563314069562e-01  1.578345396135075e-01 -9.993563314069562e-01  6.864562041532406e-04 -9.993563314069562e-01  5.659912050479259e-01 -9.993563314069562e-01  2.685798794409628e-01 -9.993563314069562e-01  2.504475611168447e-03 
-9.953563314069562e-01  1.624324566201281e+00 -9.953563314069562e-01  1.163172585135760e+00 -9.953563314069562e-01  1.253249474720543e+00 -9.953563314069562e-01  1.581513552955449e-01 -9.953563314069562e-01  6.899338556376443e-04 -9.953563314069562e-01  5.673489162678594e-01 -9.953563314069562e-01  2.684094214806707e-01 -9.953563314069562e-01  2.501033560258100e-03 
-9.913563314069562e-01  1.623438391267764e+00 -9.913563314069562e-01  1.164049715589001e+00 -9.913563314069562e-01  1.251986236583512e+00 -9.913563314069562e-01  1.584675145735187e-01 -9.913563314069562e-01  6.934141970911037e-04 -9.913563314069562e-01  5.687073642304243e-01 -9.913563314069562e-01  2.682388906673120e-01 -9.913563314069562e-01  2.497588776552719e-03 
-9.873563314069562e-01  1.622551537763022e+00 -9.873563314069562e-01  1.164927535879857e+00 -9.873563314069562e-01  1.250721683725826e+00 -9.873563314069562e-01  1.587830199335996e-01 -9.873563314069562e-01  6.968972030704299e-04 -9.873563314069562e-01  5.700665412679371e-01 -9.873563314069562e-01  2.680682860584879e-01 -9.873563314069562e-01  2.494141283625045e-03 
-9.833563314069562e-01  1.621664012103611e+00 -9.833563314069562e-01  1.165806040075049e+00 -9.833563314069562e-01  1.249455826882848e+00 -9.833563314069562e-01  1.590978738569172e-01 -9.833563314069562e-01  7.003828483768756e-04 -9.833563314069562e-01  5.714264397961711e-01 -9.833563314069562e-01  2.678976067169474e-01 -9.833563314069562e-01  2.490691104777054e-03 
-9.793563314069562e-01  1.620775820635481e+00 -9.793563314069562e-01  1.166685222268301e+00 -9.793563314069562e-01  1.248188676682936e+00 -9.793563314069562e-01  1.594120788225249e-01 -9.793563314069562e-01  7.038711080890697e-04 -9.793563314069562e-01  5.727870522863647e-01 -9.793563314069562e-01  2.677268517175000e-01 -9.793563314069562e-01  2.487238263204650e-03 
-9.753563314069562e-01  1.619886969653467e+00 -9.753563314069562e-01  1.167565076663413e+00 -9.753563314069562e-01  1.246920243658283e+00 -9.753563314069562e-01  1.597256373007500e-01 -9.753563314069562e-01  7.073619574864812e-04 -9.753563314069562e-01  5.741483713190387e-01 -9.753563314069562e-01  2.675560201325858e-01 -9.753563314069562e-01  2.483782781671435e-03 
-9.713563314069562e-01  1.618997465374385e+00 -9.713563314069562e-01  1.168445597449761e+00 -9.713563314069562e-01  1.245650538231833e+00 -9.713563314069562e-01  1.600385517625327e-01 -9.713563314069562e-01  7.108553721550955e-04 -9.713563314069562e-01  5.755103895020083e-01 -9.713563314069562e-01  2.673851110532979e-01 -9.713563314069562e-01  2.480324682997687e-03 
-9.673563314069562e-01  1.618107313968226e+00 -9.673563314069562e-01  1.169326778937631e+00 -9.673563314069562e-01  1.244379570734160e+00 -9.673563314069562e-01  1.603508246687819e-01 -9.673563314069562e-01  7.143513278649186e-04 -9.673563314069562e-01  5.768730995584316e-01 -9.673563314069562e-01  2.672141235660249e-01 -9.673563314069562e-01  2.476863989528786e-03 
-9.633563314069562e-01  1.617216521536158e+00 -9.633563314069562e-01  1.170208615455907e+00 -9.633563314069562e-01  1.243107351392868e+00 -9.633563314069562e-01  1.606624584780026e-01 -9.633563314069562e-01  7.178498006562751e-04 -9.633563314069562e-01  5.782364942593287e-01 -9.633563314069562e-01  2.670430567696976e-01 -9.633563314069562e-01  2.473400723537131e-03 
-9.593563314069562e-01  1.616325094121744e+00 -9.593563314069562e-01  1.171091101398188e+00 -9.593563314069562e-01  1.241833890339164e+00 -9.593563314069562e-01  1.609734556425415e-01 -9.593563314069562e-01  7.213507667958728e-04 -9.593563314069562e-01  5.796005664532730e-01 -9.593563314069562e-01  2.668719097676723e-01 -9.593563314069562e-01  2.469934907040883e-03 
-9.553563314069562e-01  1.615433037707782e+00 -9.553563314069562e-01  1.171974231204667e+00 -9.553563314069562e-01  1.240559197606956e+00 -9.553563314069562e-01  1.612838186097449e-01 -9.553563314069562e-01  7.248542027891332e-04 -9.553563314069562e-01  5.809653090540200e-01 -9.553563314069562e-01  2.667006816706062e-01 -9.553563314069562e-01  2.466466561875285e-03 
-9.513563314069562e-01  1.614540358223534e+00 -9.513563314069562e-01  1.172857999390593e+00 -9.513563314069562e-01  1.239283283137376e+00 -9.513563314069562e-01  1.615935498195987e-01 -9.513563314069562e-01  7.283600853518094e-04 -9.513563314069562e-01  5.823307150586735e-01 -9.513563314069562e-01  2.665293715913578e-01 -9.513563314069562e-01  2.462995709580781e-03 
-9.473563314069562e-01  1.613647061531321e+00 -9.473563314069562e-01  1.173742400482545e+00 -9.473563314069562e-01  1.238006156772501e+00 -9.473563314069562e-01  1.619026517093505e-01 -9.473563314069562e-01  7.318683914626353e-04 -9.473563314069562e-01  5.836967775054457e-01 -9.473563314069562e-01  2.663579786556688e-01 -9.473563314069562e-01  2.459522371653304e-03 
-9.433563314069562e-01  1.612753153446385e+00 -9.433563314069562e-01  1.174627429103289e+00 -9.433563314069562e-01  1.236727828266467e+00 -9.433563314069562e-01  1.622111267068957e-01 -9.433563314069562e-01  7.353790982853499e-04 -9.433563314069562e-01  5.850634895287815e-01 -9.433563314069562e-01  2.661865019874261e-01 -9.433563314069562e-01  2.456046569211076e-03 
-9.393563314069562e-01  1.611858639723962e+00 -9.393563314069562e-01  1.175513079910314e+00 -9.393563314069562e-01  1.235448307279422e+00 -9.393563314069562e-01  1.625189772352358e-01 -9.393563314069562e-01  7.388921832194073e-04 -9.393563314069562e-01  5.864308443186196e-01 -9.393563314069562e-01  2.660149407189573e-01 -9.393563314069562e-01  2.452568323235893e-03 
-9.353563314069562e-01  1.610963526057522e+00 -9.353563314069562e-01  1.176399347584356e+00 -9.353563314069562e-01  1.234167603377288e+00 -9.353563314069562e-01  1.628262057131448e-01 -9.353563314069562e-01  7.424076239069134e-04 -9.353563314069562e-01  5.877988351124086e-01 -9.353563314069562e-01  2.658432939927922e-01 -9.353563314069562e-01  2.449087654618281e-03 
-9.313563314069562e-01  1.610067818096137e+00 -9.313563314069562e-01  1.177286226903129e+00 -9.313563314069562e-01  1.232885726041595e+00 -9.313563314069562e-01  1.631328145494589e-01 -9.313563314069562e-01  7.459253981644102e-04 -9.313563314069562e-01  5.891674552429708e-01 -9.313563314069562e-01  2.656715609488185e-01 -9.313563314069562e-01  2.445604583867899e-03 
-9.273563314069562e-01  1.609171521428864e+00 -9.273563314069562e-01  1.178173712668104e+00 -9.273563314069562e-01  1.231602684661962e+00 -9.273563314069562e-01  1.634388061484058e-01 -9.273563314069562e-01  7.494454840442470e-04 -9.273563314069562e-01  5.905366980900715e-01 -9.273563314069562e-01  2.654997407366173e-01 -9.273563314069562e-01  2.442119131401119e-03 
-9.233563314069562e-01  1.608274641588437e+00 -9.233563314069562e-01  1.179061799717445e+00 -9.233563314069562e-01  1.230318488538695e+00 -9.233563314069562e-01  1.637441829084489e-01 -9.233563314069562e-01  7.529678598199786e-04 -9.233563314069562e-01  5.919065570884421e-01 -9.233563314069562e-01  2.653278325130441e-01 -9.233563314069562e-01  2.438631317490166e-03 
-9.193563314069562e-01  1.607377184061229e+00 -9.193563314069562e-01  1.179950482966792e+00 -9.193563314069562e-01  1.229033146888743e+00 -9.193563314069562e-01  1.640489472190965e-01 -9.193563314069562e-01  7.564925039473500e-04 -9.193563314069562e-01  5.932770257540930e-01 -9.193563314069562e-01  2.651558354350340e-01 -9.193563314069562e-01  2.435141162103036e-03 
-9.153563314069562e-01  1.606479154278022e+00 -9.153563314069562e-01  1.180839757364762e+00 -9.153563314069562e-01  1.227746668841476e+00 -9.153563314069562e-01  1.643531014640682e-01 -9.153563314069562e-01  7.600193951004922e-04 -9.153563314069562e-01  5.946480976547059e-01 -9.153563314069562e-01  2.649837486670300e-01 -9.153563314069562e-01  2.431648685078181e-03 
-9.113563314069562e-01  1.605580557614522e+00 -9.113563314069562e-01  1.181729617891800e+00 -9.113563314069562e-01  1.226459063439594e+00 -9.113563314069562e-01  1.646566480212099e-01 -9.113563314069562e-01  7.635485121698698e-04 -9.113563314069562e-01  5.960197664084571e-01 -9.113563314069562e-01  2.648115713809902e-01 -9.113563314069562e-01  2.428153906129084e-03 
-9.073563314069562e-01  1.604681399401923e+00 -9.073563314069562e-01  1.182620059603792e+00 -9.073563314069562e-01  1.225170339645400e+00 -9.073563314069562e-01  1.649595892591313e-01 -9.073563314069562e-01  7.670798342208368e-04 -9.073563314069562e-01  5.973920257122022e-01 -9.073563314069562e-01  2.646393027487020e-01 -9.073563314069562e-01  2.424656844672910e-03 
-9.033563314069561e-01  1.603781684914327e+00 -9.033563314069561e-01  1.183511077572803e+00 -9.033563314069561e-01  1.223880506334738e+00 -9.033563314069561e-01  1.652619275414448e-01 -9.033563314069561e-01  7.706133405430247e-04 -9.033563314069561e-01  5.987648693021895e-01 -9.033563314069561e-01  2.644669419517700e-01 -9.033563314069561e-01  2.421157520063309e-03 
-8.993563314069561e-01  1.602881419381027e+00 -8.993563314069561e-01  1.184402666938291e+00 -8.993563314069561e-01  1.222589572304170e+00 -8.993563314069561e-01  1.655636652228437e-01 -8.993563314069561e-01  7.741490106020973e-04 -8.993563314069561e-01  6.001382909872683e-01 -8.993563314069561e-01  2.642944881726286e-01 -8.993563314069561e-01  2.417655951389252e-03 
-8.953563314069561e-01  1.601980607979530e+00 -8.953563314069561e-01  1.185294822873012e+00 -8.953563314069561e-01  1.221297546267882e+00 -8.953563314069561e-01  1.658648046514988e-01 -8.953563314069561e-01  7.776868240671598e-04 -8.953563314069561e-01  6.015122846261012e-01 -8.953563314069561e-01  2.641219406002142e-01 -8.953563314069561e-01  2.414152157608952e-03 
-8.913563314069561e-01  1.601079255843589e+00 -8.913563314069561e-01  1.186187540615265e+00 -8.913563314069561e-01  1.220004436862593e+00 -8.913563314069561e-01  1.661653481665525e-01 -8.913563314069561e-01  7.812267607791851e-04 -8.913563314069561e-01  6.028868441479445e-01 -8.913563314069561e-01  2.639492984242329e-01 -8.913563314069561e-01  2.410646157423164e-03 
-8.873563314069561e-01  1.600177368048870e+00 -8.873563314069561e-01  1.187080815402370e+00 -8.873563314069561e-01  1.218710252640473e+00 -8.873563314069561e-01  1.664652981028810e-01 -8.873563314069561e-01  7.847688008073503e-04 -8.873563314069561e-01  6.042619635086033e-01 -8.873563314069561e-01  2.637765608464304e-01 -8.873563314069561e-01  2.407137969536550e-03 
-8.833563314069561e-01  1.599274949635064e+00 -8.833563314069561e-01  1.187974642565413e+00 -8.833563314069561e-01  1.217415002081618e+00 -8.833563314069561e-01  1.667646567840365e-01 -8.833563314069561e-01  7.883129243621251e-04 -8.833563314069561e-01  6.056376367522217e-01 -8.833563314069561e-01  2.636037270641019e-01 -8.833563314069561e-01  2.403627612285460e-03 
-8.793563314069561e-01  1.598372005585577e+00 -8.793563314069561e-01  1.188869017436246e+00 -8.793563314069561e-01  1.216118693583724e+00 -8.793563314069561e-01  1.670634265289362e-01 -8.793563314069561e-01  7.918591118751249e-04 -8.793563314069561e-01  6.070138579498828e-01 -8.793563314069561e-01  2.634307962859304e-01 -8.793563314069561e-01  2.400115104003294e-03 
-8.753563314069561e-01  1.597468540842381e+00 -8.753563314069561e-01  1.189763935410192e+00 -8.753563314069561e-01  1.214821335470655e+00 -8.753563314069561e-01  1.673616096471692e-01 -8.753563314069561e-01  7.954073439406765e-04 -8.753563314069561e-01  6.083906212403765e-01 -8.753563314069561e-01  2.632577677210121e-01 -8.753563314069561e-01  2.396600462774133e-03 
-8.713563314069561e-01  1.596564560304293e+00 -8.713563314069561e-01  1.190659391935339e+00 -8.713563314069561e-01  1.213522935992122e+00 -8.713563314069561e-01  1.676592084396864e-01 -8.713563314069561e-01  7.989576013226593e-04 -8.713563314069561e-01  6.097679208228315e-01 -8.713563314069561e-01  2.630846405805257e-01 -8.713563314069561e-01  2.393083706474884e-03 
-8.673563314069561e-01  1.595660068816924e+00 -8.673563314069561e-01  1.191555382465330e+00 -8.673563314069561e-01  1.212223503318796e+00 -8.673563314069561e-01  1.679562252021266e-01 -8.673563314069561e-01  8.025098649939737e-04 -8.673563314069561e-01  6.111457509253344e-01 -8.673563314069561e-01  2.629114140857036e-01 -8.673563314069561e-01  2.389564852960573e-03 
-8.633563314069561e-01  1.594755071186985e+00 -8.633563314069561e-01  1.192451902519473e+00 -8.633563314069561e-01  1.210923045550611e+00 -8.633563314069561e-01  1.682526622203429e-01 -8.633563314069561e-01  8.060641160802635e-04 -8.633563314069561e-01  6.125241058440628e-01 -8.633563314069561e-01  2.627380874573029e-01 -8.633563314069561e-01  2.386043919828400e-03 
-8.593563314069561e-01  1.593849572177147e+00 -8.593563314069561e-01  1.193348947657190e+00 -8.593563314069561e-01  1.209621570714559e+00 -8.593563314069561e-01  1.685485217721808e-01 -8.593563314069561e-01  8.096203358802394e-04 -8.593563314069561e-01  6.139029799261488e-01 -8.593563314069561e-01  2.625646599198401e-01 -8.593563314069561e-01  2.382520924517973e-03 
-8.553563314069561e-01  1.592943576506852e+00 -8.553563314069561e-01  1.194246513478851e+00 -8.553563314069561e-01  1.208319086765664e+00 -8.553563314069561e-01  1.688438061273274e-01 -8.553563314069561e-01  8.131785058623674e-04 -8.553563314069561e-01  6.152823675698816e-01 -8.553563314069561e-01  2.623911307012868e-01 -8.553563314069561e-01  2.378995884308107e-03 
-8.513563314069561e-01  1.592037088847388e+00 -8.513563314069561e-01  1.195144595601122e+00 -8.513563314069561e-01  1.207015601584844e+00 -8.513563314069561e-01  1.691385175489852e-01 -8.513563314069561e-01  8.167386076842670e-04 -8.513563314069561e-01  6.166622632081831e-01 -8.513563314069561e-01  2.622174990371718e-01 -8.513563314069561e-01  2.375468816413629e-03 
-8.473563314069561e-01  1.591130113833390e+00 -8.473563314069561e-01  1.196043189704892e+00 -8.473563314069561e-01  1.205711122985714e+00 -8.473563314069561e-01  1.694326582903516e-01 -8.473563314069561e-01  8.203006231475733e-04 -8.473563314069561e-01  6.180426613397438e-01 -8.473563314069561e-01  2.620437641621376e-01 -8.473563314069561e-01  2.371939737797131e-03 
-8.433563314069561e-01  1.590222656053641e+00 -8.433563314069561e-01  1.196942291492174e+00 -8.433563314069561e-01  1.204405658710093e+00 -8.433563314069561e-01  1.697262305976387e-01 -8.433563314069561e-01  8.238645342339828e-04 -8.433563314069561e-01  6.194235565003907e-01 -8.433563314069561e-01  2.618699253172345e-01 -8.433563314069561e-01  2.368408665338211e-03 
-8.393563314069561e-01  1.589314720059167e+00 -8.393563314069561e-01  1.197841896718800e+00 -8.393563314069561e-01  1.203099216432961e+00 -8.393563314069561e-01  1.700192367076441e-01 -8.393563314069561e-01  8.274303230735137e-04 -8.393563314069561e-01  6.208049432842330e-01 -8.393563314069561e-01  2.616959817441135e-01 -8.393563314069561e-01  2.364875615705175e-03 
-8.353563314069561e-01  1.588406310359143e+00 -8.353563314069561e-01  1.198742001173871e+00 -8.353563314069561e-01  1.201791803760725e+00 -8.353563314069561e-01  1.703116788491600e-01 -8.353563314069561e-01  8.309979719605704e-04 -8.353563314069561e-01  6.221868163298496e-01 -8.353563314069561e-01  2.615219326884228e-01 -8.353563314069561e-01  2.361340605435595e-03 
-8.313563314069561e-01  1.587497431418452e+00 -8.313563314069561e-01  1.199642600666466e+00 -8.313563314069561e-01  1.200483428230394e+00 -8.313563314069561e-01  1.706035592438463e-01 -8.313563314069561e-01  8.345674633635397e-04 -8.313563314069561e-01  6.235691703112327e-01 -8.313563314069561e-01  2.613477774019677e-01 -8.313563314069561e-01  2.357803650988617e-03 
-8.273563314069561e-01  1.586588087661637e+00 -8.273563314069561e-01  1.200543691040218e+00 -8.273563314069561e-01  1.199174097312240e+00 -8.273563314069561e-01  1.708948801051042e-01 -8.273563314069561e-01  8.381387799092423e-04 -8.273563314069561e-01  6.249519999470485e-01 -8.273563314069561e-01  2.611735151400406e-01 -8.273563314069561e-01  2.354264768687684e-03 
-8.233563314069561e-01  1.585678283483315e+00 -8.233563314069561e-01  1.201445268216698e+00 -8.233563314069561e-01  1.197863818416030e+00 -8.233563314069561e-01  1.711856436349654e-01 -8.233563314069561e-01  8.417119043420490e-04 -8.233563314069561e-01  6.263353000288616e-01 -8.233563314069561e-01  2.609991451537449e-01 -8.233563314069561e-01  2.350723974550161e-03 
-8.193563314069561e-01  1.584768023229284e+00 -8.193563314069561e-01  1.202347328109756e+00 -8.193563314069561e-01  1.196552598881129e+00 -8.193563314069561e-01  1.714758520300860e-01 -8.193563314069561e-01  8.452868195980805e-04 -8.193563314069561e-01  6.277190653645132e-01 -8.193563314069561e-01  2.608246667047056e-01 -8.193563314069561e-01  2.347181284623699e-03 
-8.153563314069561e-01  1.583857311209883e+00 -8.153563314069561e-01  1.203249866681828e+00 -8.153563314069561e-01  1.195240445984320e+00 -8.153563314069561e-01  1.717655074777070e-01 -8.153563314069561e-01  8.488635087527313e-04 -8.153563314069561e-01  6.291032908148465e-01 -8.153563314069561e-01  2.606500790551651e-01 -8.153563314069561e-01  2.343636714765177e-03 
-8.113563314069561e-01  1.582946151698222e+00 -8.113563314069561e-01  1.204152879933527e+00 -8.113563314069561e-01  1.193927366939330e+00 -8.113563314069561e-01  1.720546121563256e-01 -8.113563314069561e-01  8.524419550276032e-04 -8.113563314069561e-01  6.304879712865622e-01 -8.113563314069561e-01  2.604753814696443e-01 -8.113563314069561e-01  2.340090280681501e-03 
-8.073563314069561e-01  1.582034548928433e+00 -8.073563314069561e-01  1.205056363893664e+00 -8.073563314069561e-01  1.192613368896327e+00 -8.073563314069561e-01  1.723431682363579e-01 -8.073563314069561e-01  8.560221417974403e-04 -8.073563314069561e-01  6.318731017253745e-01 -8.073563314069561e-01  2.603005732165393e-01 -8.073563314069561e-01  2.336541997968877e-03 
-8.033563314069561e-01  1.581122507097214e+00 -8.033563314069561e-01  1.205960314623624e+00 -8.033563314069561e-01  1.191298458943232e+00 -8.033563314069561e-01  1.726311778797698e-01 -8.033563314069561e-01  8.596040525839455e-04 -8.033563314069561e-01  6.332586771185944e-01 -8.033563314069561e-01  2.601256535672236e-01 -8.033563314069561e-01  2.332991882095545e-03 
-7.993563314069561e-01  1.580210030366416e+00 -7.993563314069561e-01  1.206864728226204e+00 -7.993563314069561e-01  1.189982644107631e+00 -7.993563314069561e-01  1.729186432394111e-01 -7.993563314069561e-01  8.631876710457264e-04 -7.993563314069561e-01  6.346446925006684e-01 -7.993563314069561e-01  2.599506217943756e-01 -7.993563314069561e-01  2.329439948367111e-03 
-7.953563314069561e-01  1.579297122863518e+00 -7.953563314069561e-01  1.207769600845452e+00 -7.953563314069561e-01  1.188665931357491e+00 -7.953563314069561e-01  1.732055664589912e-01 -7.953563314069561e-01  8.667729809763775e-04 -7.953563314069561e-01  6.360311429527847e-01 -7.953563314069561e-01  2.597754771718709e-01 -7.953563314069561e-01  2.325886211927212e-03 
-7.913563314069560e-01  1.578383788671084e+00 -7.913563314069560e-01  1.208674928618191e+00 -7.913563314069560e-01  1.187348327595739e+00 -7.913563314069560e-01  1.734919496764077e-01 -7.913563314069560e-01  8.703599663459143e-04 -7.913563314069560e-01  6.374180235707401e-01 -7.913563314069560e-01  2.596002189830927e-01 -7.913563314069560e-01  2.322330687947806e-03 
-7.873563314069560e-01  1.577470031846776e+00 -7.873563314069560e-01  1.209580707759307e+00 -7.873563314069560e-01  1.186029839671849e+00 -7.873563314069560e-01  1.737777950177626e-01 -7.873563314069560e-01  8.739486112221302e-04 -7.873563314069560e-01  6.388053295207274e-01 -7.873563314069560e-01  2.594248465059491e-01 -7.873563314069560e-01  2.318773391294307e-03 
-7.833563314069560e-01  1.576555856408472e+00 -7.833563314069560e-01  1.210486934494373e+00 -7.833563314069560e-01  1.184710474373995e+00 -7.833563314069560e-01  1.740631046020196e-01 -7.833563314069560e-01  8.775388998290863e-04 -7.833563314069560e-01  6.401930559947896e-01 -7.833563314069560e-01  2.592493590244791e-01 -7.833563314069560e-01  2.315214336790145e-03 
-7.793563314069560e-01  1.575641266337078e+00 -7.793563314069560e-01  1.211393605069737e+00 -7.793563314069560e-01  1.183390238431044e+00 -7.793563314069560e-01  1.743478805402504e-01 -7.793563314069560e-01  8.811308165360180e-04 -7.793563314069560e-01  6.415811982171771e-01 -7.793563314069560e-01  2.590737558269751e-01 -7.793563314069560e-01  2.311653539177180e-03 
-7.753563314069560e-01  1.574726265587923e+00 -7.753563314069560e-01  1.212300715800145e+00 -7.753563314069560e-01  1.182069138519357e+00 -7.753563314069560e-01  1.746321249323203e-01 -7.753563314069560e-01  8.847243458126395e-04 -7.753563314069560e-01  6.429697514754037e-01 -7.753563314069560e-01  2.588980361975401e-01 -7.753563314069560e-01  2.308091012928607e-03 
-7.713563314069560e-01  1.573810858072497e+00 -7.713563314069560e-01  1.213208262986744e+00 -7.713563314069560e-01  1.180747181252999e+00 -7.713563314069560e-01  1.749158398725123e-01 -7.713563314069560e-01  8.883194723008382e-04 -7.713563314069560e-01  6.443587110660790e-01 -7.713563314069560e-01  2.587221994302847e-01 -7.713563314069560e-01  2.304526772571078e-03 
-7.673563314069560e-01  1.572895047671989e+00 -7.673563314069560e-01  1.214116242974157e+00 -7.673563314069560e-01  1.179424373191715e+00 -7.673563314069560e-01  1.751990274455531e-01 -7.673563314069560e-01  8.919161807614818e-04 -7.673563314069560e-01  6.457480723321858e-01 -7.673563314069560e-01  2.585462448192394e-01 -7.673563314069560e-01  2.300960832460471e-03 
-7.633563314069560e-01  1.571978838241287e+00 -7.633563314069560e-01  1.215024652165668e+00 -7.633563314069560e-01  1.178100720843626e+00 -7.633563314069560e-01  1.754816897255466e-01 -7.633563314069560e-01  8.955144560587418e-04 -7.633563314069560e-01  6.471378306728126e-01 -7.633563314069560e-01  2.583701716555709e-01 -7.633563314069560e-01  2.297393206722274e-03 
-7.593563314069560e-01  1.571062233592575e+00 -7.593563314069560e-01  1.215933486949786e+00 -7.593563314069560e-01  1.176776230656390e+00 -7.593563314069560e-01  1.757638287809991e-01 -7.593563314069560e-01  8.991142832244884e-04 -7.593563314069560e-01  6.485279814946203e-01 -7.593563314069560e-01  2.581939792403115e-01 -7.593563314069560e-01  2.293823909540014e-03 
-7.553563314069560e-01  1.570145237512238e+00 -7.553563314069560e-01  1.216842743771718e+00 -7.553563314069560e-01  1.175450909027125e+00 -7.553563314069560e-01  1.760454466698746e-01 -7.553563314069560e-01  9.027156473919198e-04 -7.553563314069560e-01  6.499185202586072e-01 -7.553563314069560e-01  2.580176668717379e-01 -7.553563314069560e-01  2.290252954874584e-03 
-7.513563314069560e-01  1.569227853755075e+00 -7.513563314069560e-01  1.217752419106154e+00 -7.513563314069560e-01  1.174124762299553e+00 -7.513563314069560e-01  1.763265454414466e-01 -7.513563314069560e-01  9.063185338182763e-04 -7.513563314069560e-01  6.513094424619633e-01 -7.513563314069560e-01  2.578412338500125e-01 -7.513563314069560e-01  2.286680356571022e-03 
-7.473563314069560e-01  1.568310086042705e+00 -7.473563314069560e-01  1.218662509448432e+00 -7.473563314069560e-01  1.172797796763486e+00 -7.473563314069560e-01  1.766071271368851e-01 -7.473563314069560e-01  9.099229278910758e-04 -7.473563314069560e-01  6.527007436320338e-01 -7.473563314069560e-01  2.576646794786186e-01 -7.473563314069560e-01  2.283106128393286e-03 
-7.433563314069560e-01  1.567391938064844e+00 -7.433563314069560e-01  1.219573011317944e+00 -7.433563314069560e-01  1.171470018655940e+00 -7.433563314069560e-01  1.768871937889876e-01 -7.433563314069560e-01  9.135288151231482e-04 -7.433563314069560e-01  6.540924193283243e-01 -7.433563314069560e-01  2.574880030636580e-01 -7.433563314069560e-01  2.279530284010941e-03 
-7.393563314069560e-01  1.566473413479418e+00 -7.393563314069560e-01  1.220483921256817e+00 -7.393563314069560e-01  1.170141434161568e+00 -7.393563314069560e-01  1.771667474222585e-01 -7.393563314069560e-01  9.171361811521701e-04 -7.393563314069560e-01  6.554844651414009e-01 -7.393563314069560e-01  2.573112039139658e-01 -7.393563314069560e-01  2.275952837004159e-03 
-7.353563314069560e-01  1.565554515922520e+00 -7.353563314069560e-01  1.221395235871165e+00 -7.353563314069560e-01  1.168812049418692e+00 -7.353563314069560e-01  1.774457900500881e-01 -7.353563314069560e-01  9.207450117015123e-04 -7.353563314069560e-01  6.568768767197999e-01 -7.353563314069560e-01  2.571342813337575e-01 -7.353563314069560e-01  2.272373800701888e-03 
-7.313563314069560e-01  1.564635248990283e+00 -7.313563314069560e-01  1.222306951750514e+00 -7.313563314069560e-01  1.167481870509405e+00 -7.313563314069560e-01  1.777243236802153e-01 -7.313563314069560e-01  9.243552926515317e-04 -7.313563314069560e-01  6.582696497168149e-01 -7.313563314069560e-01  2.569572346366690e-01 -7.313563314069560e-01  2.268793188498181e-03 
-7.273563314069560e-01  1.563715616251348e+00 -7.273563314069560e-01  1.223219065519983e+00 -7.273563314069560e-01  1.166150903466994e+00 -7.273563314069560e-01  1.780023503111506e-01 -7.273563314069560e-01  9.279670099904793e-04 -7.273563314069560e-01  6.596627798245871e-01 -7.273563314069560e-01  2.567800631364918e-01 -7.273563314069560e-01  2.265211013647312e-03 
-7.233563314069560e-01  1.562795621249376e+00 -7.233563314069560e-01  1.224131573849359e+00 -7.233563314069560e-01  1.164819154277743e+00 -7.233563314069560e-01  1.782798719315710e-01 -7.233563314069560e-01  9.315801498047504e-04 -7.233563314069560e-01  6.610562627798638e-01 -7.233563314069560e-01  2.566027661454627e-01 -7.233563314069560e-01  2.261627289228150e-03 
-7.193563314069560e-01  1.561875267497112e+00 -7.193563314069560e-01  1.225044473425564e+00 -7.193563314069560e-01  1.163486628877927e+00 -7.193563314069560e-01  1.785568905221684e-01 -7.193563314069560e-01  9.351946983021083e-04 -7.193563314069560e-01  6.624500943456781e-01 -7.193563314069560e-01  2.564253429790000e-01 -7.193563314069560e-01  2.258042028252264e-03 
-7.153563314069560e-01  1.560954558478999e+00 -7.153563314069560e-01  1.225957760962046e+00 -7.153563314069560e-01  1.162153333155648e+00 -7.153563314069560e-01  1.788334080549972e-01 -7.153563314069560e-01  9.388106418014749e-04 -7.153563314069560e-01  6.638442703173106e-01 -7.153563314069560e-01  2.562477929539497e-01 -7.153563314069560e-01  2.254455243627045e-03 
-7.113563314069560e-01  1.560033497651686e+00 -7.113563314069560e-01  1.226871433199325e+00 -7.113563314069560e-01  1.160819272951473e+00 -7.113563314069560e-01  1.791094264934371e-01 -7.113563314069560e-01  9.424279667308924e-04 -7.113563314069560e-01  6.652387865224382e-01 -7.113563314069560e-01  2.560701153883846e-01 -7.113563314069560e-01  2.250866948153538e-03 
-7.073563314069560e-01  1.559112088439558e+00 -7.073563314069560e-01  1.227785486883767e+00 -7.073563314069560e-01  1.159484454056239e+00 -7.073563314069560e-01  1.793849477935991e-01 -7.073563314069560e-01  9.460466596451211e-04 -7.073563314069560e-01  6.666336388069753e-01 -7.073563314069560e-01  2.558923096052538e-01 -7.073563314069560e-01  2.247277154609853e-03 
-7.033563314069560e-01  1.558190334245446e+00 -7.033563314069560e-01  1.228699918812318e+00 -7.033563314069560e-01  1.158148882217502e+00 -7.033563314069560e-01  1.796599739013301e-01 -7.033563314069560e-01  9.496667071835375e-04 -7.033563314069560e-01  6.680288230642919e-01 -7.033563314069560e-01  2.557143749243865e-01 -7.033563314069560e-01  2.243685875575462e-03 
-6.993563314069560e-01  1.557268238445408e+00 -6.993563314069560e-01  1.229614725808073e+00 -6.993563314069560e-01  1.156812563136905e+00 -6.993563314069560e-01  1.799345067538438e-01 -6.993563314069560e-01  9.532880960906502e-04 -6.993563314069560e-01  6.694243352189366e-01 -6.993563314069560e-01  2.555363106666984e-01 -6.993563314069560e-01  2.240093123527114e-03 
-6.953563314069560e-01  1.556345804381836e+00 -6.953563314069560e-01  1.230529904688830e+00 -6.953563314069560e-01  1.155475502466563e+00 -6.953563314069560e-01  1.802085482818119e-01 -6.953563314069560e-01  9.569108132431801e-04 -6.953563314069560e-01  6.708201712057699e-01 -6.953563314069560e-01  2.553581161596586e-01 -6.953563314069560e-01  2.236498910962376e-03 
-6.913563314069560e-01  1.555423035376421e+00 -6.913563314069560e-01  1.231445452321426e+00 -6.913563314069560e-01  1.154137705816816e+00 -6.913563314069560e-01  1.804821004057329e-01 -6.913563314069560e-01  9.605348455990995e-04 -6.913563314069560e-01  6.722163270055003e-01 -6.913563314069560e-01  2.551797907275904e-01 -6.913563314069560e-01  2.232903250186252e-03 
-6.873563314069560e-01  1.554499934722435e+00 -6.873563314069560e-01  1.232361365586849e+00 -6.873563314069560e-01  1.152799178752138e+00 -6.873563314069560e-01  1.807551650382695e-01 -6.873563314069560e-01  9.641601802280030e-04 -6.873563314069560e-01  6.736127986215428e-01 -6.873563314069560e-01  2.550013336977392e-01 -6.873563314069560e-01  2.229306153448112e-03 
-6.833563314069560e-01  1.553576505689491e+00 -6.833563314069560e-01  1.233277641398931e+00 -6.833563314069560e-01  1.151459926794191e+00 -6.833563314069560e-01  1.810277440829874e-01 -6.833563314069560e-01  9.677868042923549e-04 -6.833563314069560e-01  6.750095820921299e-01 -6.833563314069560e-01  2.548227443968731e-01 -6.833563314069560e-01  2.225707632868382e-03 
-6.793563314069559e-01  1.552652751519236e+00 -6.793563314069559e-01  1.234194276684287e+00 -6.793563314069559e-01  1.150119955419671e+00 -6.793563314069559e-01  1.812998394356980e-01 -6.793563314069559e-01  9.714147050644475e-04 -6.793563314069559e-01  6.764066734769276e-01 -6.793563314069559e-01  2.546440221547410e-01 -6.793563314069559e-01  2.222107700517245e-03 
-6.753563314069559e-01  1.551728675430110e+00 -6.753563314069559e-01  1.235111268401292e+00 -6.753563314069559e-01  1.148779270063357e+00 -6.753563314069559e-01  1.815714529832045e-01 -6.753563314069559e-01  9.750438699076887e-04 -6.753563314069559e-01  6.778040688693332e-01 -6.753563314069559e-01  2.544651663006219e-01 -6.753563314069559e-01  2.218506368340219e-03 
-6.713563314069559e-01  1.550804280615667e+00 -6.713563314069559e-01  1.236028613531106e+00 -6.713563314069559e-01  1.147437876117464e+00 -6.713563314069559e-01  1.818425866038920e-01 -6.713563314069559e-01  9.786742862832128e-04 -6.713563314069559e-01  6.792017643903879e-01 -6.713563314069559e-01  2.542861761648172e-01 -6.713563314069559e-01  2.214903648193280e-03 
-6.673563314069559e-01  1.549879570239407e+00 -6.673563314069559e-01  1.236946309053974e+00 -6.673563314069559e-01  1.146095778928960e+00 -6.673563314069559e-01  1.821132421692891e-01 -6.673563314069559e-01  9.823059417701154e-04 -6.673563314069559e-01  6.805997561730133e-01 -6.673563314069559e-01  2.541070510827785e-01 -6.673563314069559e-01  2.211299551935995e-03 
-6.633563314069559e-01  1.548954547444812e+00 -6.633563314069559e-01  1.237864351990884e+00 -6.633563314069559e-01  1.144752983805665e+00 -6.633563314069559e-01  1.823834215413338e-01 -6.633563314069559e-01  9.859388240261501e-04 -6.633563314069559e-01  6.819980403892315e-01 -6.633563314069559e-01  2.539277903876196e-01 -6.633563314069559e-01  2.207694091267928e-03 
-6.593563314069559e-01  1.548029215356425e+00 -6.593563314069559e-01  1.238782739406675e+00 -6.593563314069559e-01  1.143409496017184e+00 -6.593563314069559e-01  1.826531265721793e-01 -6.593563314069559e-01  9.895729207833742e-04 -6.593563314069559e-01  6.833966132520213e-01 -6.593563314069559e-01  2.537483934094649e-01 -6.593563314069559e-01  2.204087277716474e-03 
-6.553563314069559e-01  1.547103577068526e+00 -6.553563314069559e-01  1.239701468359736e+00 -6.553563314069559e-01  1.142065320788660e+00 -6.553563314069559e-01  1.829223591075005e-01 -6.553563314069559e-01  9.932082198927104e-04 -6.553563314069559e-01  6.847954709820824e-01 -6.553563314069559e-01  2.535688594843090e-01 -6.553563314069559e-01  2.200479122834286e-03 
-6.513563314069559e-01  1.546177635649398e+00 -6.513563314069559e-01  1.240620535919044e+00 -6.513563314069559e-01  1.140720463303518e+00 -6.513563314069559e-01  1.831911209853766e-01 -6.513563314069559e-01  9.968447093071198e-04 -6.513563314069559e-01  6.861946098188638e-01 -6.513563314069559e-01  2.533891879509148e-01 -6.513563314069559e-01  2.196869638132499e-03 
-6.473563314069559e-01  1.545251394149562e+00 -6.473563314069559e-01  1.241539939197910e+00 -6.473563314069559e-01  1.139374928708535e+00 -6.473563314069559e-01  1.834594140340896e-01 -6.473563314069559e-01  1.000482377049339e-03 -6.473563314069559e-01  6.875940260425818e-01 -6.473563314069559e-01  2.532093781447085e-01 -6.473563314069559e-01  2.193258834948078e-03 
-6.433563314069559e-01  1.544324855595314e+00 -6.433563314069559e-01  1.242459675324933e+00 -6.433563314069559e-01  1.138028722110385e+00 -6.433563314069559e-01  1.837272400740405e-01 -6.433563314069559e-01  1.004121211237171e-03 -6.433563314069559e-01  6.889937159549522e-01 -6.433563314069559e-01  2.530294294028710e-01 -6.433563314069559e-01  2.189646724557985e-03 
-6.393563314069559e-01  1.543398022990911e+00 -6.393563314069559e-01  1.243379741451818e+00 -6.393563314069559e-01  1.136681848577188e+00 -6.393563314069559e-01  1.839946009172430e-01 -6.393563314069559e-01  1.007761200074978e-03 -6.393563314069559e-01  6.903936758841743e-01 -6.393563314069559e-01  2.528493410628593e-01 -6.393563314069559e-01  2.186033318148423e-03 
-6.353563314069559e-01  1.542470899316232e+00 -6.353563314069559e-01  1.244300134741961e+00 -6.353563314069559e-01  1.135334313137432e+00 -6.353563314069559e-01  1.842614983680752e-01 -6.353563314069559e-01  1.011402331862841e-03 -6.353563314069559e-01  6.917939021772543e-01 -6.353563314069559e-01  2.526691124643657e-01 -6.353563314069559e-01  2.182418626859659e-03 
-6.313563314069559e-01  1.541543487529486e+00 -6.313563314069559e-01  1.245220852380695e+00 -6.313563314069559e-01  1.133986120781820e+00 -6.313563314069559e-01  1.845279342226211e-01 -6.313563314069559e-01  1.015044594985875e-03 -6.313563314069559e-01  6.931943912065908e-01 -6.313563314069559e-01  2.524887429474089e-01 -6.313563314069559e-01  2.178802661745854e-03 
-6.273563314069559e-01  1.540615790570157e+00 -6.273563314069559e-01  1.246141891586561e+00 -6.273563314069559e-01  1.132637276465269e+00 -6.273563314069559e-01  1.847939102679627e-01 -6.273563314069559e-01  1.018687977902765e-03 -6.273563314069559e-01  6.945951393772161e-01 -6.273563314069559e-01  2.523082318502312e-01 -6.273563314069559e-01  2.175185433730732e-03 
-6.233563314069559e-01  1.539687811350812e+00 -6.233563314069559e-01  1.247063249574781e+00 -6.233563314069559e-01  1.131287785102393e+00 -6.233563314069559e-01  1.850594282845451e-01 -6.233563314069559e-01  1.022332469177847e-03 -6.233563314069559e-01  6.959961431026331e-01 -6.233563314069559e-01  2.521275785157587e-01 -6.233563314069559e-01  2.171566953751019e-03 
-6.193563314069559e-01  1.538759552766879e+00 -6.193563314069559e-01  1.247984923597780e+00 -6.193563314069559e-01  1.129937651573489e+00 -6.193563314069559e-01  1.853244900435690e-01 -6.193563314069559e-01  1.025978057442740e-03 -6.193563314069559e-01  6.973973988312968e-01 -6.193563314069559e-01  2.519467822842709e-01 -6.193563314069559e-01  2.167947232597378e-03 
-6.153563314069559e-01  1.537831017689523e+00 -6.153563314069559e-01  1.248906910913455e+00 -6.153563314069559e-01  1.128586880720622e+00 -6.153563314069559e-01  1.855890973090588e-01 -6.153563314069559e-01  1.029624731424328e-03 -6.153563314069559e-01  6.987989030256041e-01 -6.153563314069559e-01  2.517658424990041e-01 -6.153563314069559e-01  2.164326281038951e-03 
-6.113563314069559e-01  1.536902208976153e+00 -6.113563314069559e-01  1.249829208828701e+00 -6.113563314069559e-01  1.127235477354055e+00 -6.113563314069559e-01  1.858532518350696e-01 -6.113563314069559e-01  1.033272479903487e-03 -6.113563314069559e-01  7.002006521903449e-01 -6.113563314069559e-01  2.515847584982640e-01 -6.113563314069559e-01  2.160704109652453e-03 
-6.073563314069559e-01  1.535973129454165e+00 -6.073563314069559e-01  1.250751814628655e+00 -6.073563314069559e-01  1.125883446242975e+00 -6.073563314069559e-01  1.861169553702555e-01 -6.073563314069559e-01  1.036921291778945e-03 -6.073563314069559e-01  7.016026428260639e-01 -6.073563314069559e-01  2.514035296280558e-01 -6.073563314069559e-01  2.157080729100076e-03 
-6.033563314069559e-01  1.535043781934891e+00 -6.033563314069559e-01  1.251674725635040e+00 -6.033563314069559e-01  1.124530792123921e+00 -6.033563314069559e-01  1.863802096541284e-01 -6.033563314069559e-01  1.040571156012499e-03 -6.033563314069559e-01  7.030048714672449e-01 -6.033563314069559e-01  2.512221552315319e-01 -6.033563314069559e-01  2.153456149900290e-03 
-5.993563314069559e-01  1.534114169208052e+00 -5.993563314069559e-01  1.252597939181160e+00 -5.993563314069559e-01  1.123177519697784e+00 -5.993563314069559e-01  1.866430164186765e-01 -5.993563314069559e-01  1.044222061650754e-03 -5.993563314069559e-01  7.044073346657361e-01 -5.993563314069559e-01  2.510406346534113e-01 -5.993563314069559e-01  2.149830382526093e-03 
-5.953563314069559e-01  1.533184294050202e+00 -5.953563314069559e-01  1.253521452646734e+00 -5.953563314069559e-01  1.121823633635015e+00 -5.953563314069559e-01  1.869053773861614e-01 -5.953563314069559e-01  1.047873997792013e-03 -5.953563314069559e-01  7.058100290134942e-01 -5.953563314069559e-01  2.508589672336315e-01 -5.953563314069559e-01  2.146203437268237e-03 
-5.913563314069559e-01  1.532254159209931e+00 -5.913563314069559e-01  1.254445263393489e+00 -5.913563314069559e-01  1.120469138567188e+00 -5.913563314069559e-01  1.871672942732500e-01 -5.913563314069559e-01  1.051526953644401e-03 -5.913563314069559e-01  7.072129511001272e-01 -5.913563314069559e-01  2.506771523188723e-01 -5.913563314069559e-01  2.142575324488064e-03 
-5.873563314069559e-01  1.531323767420970e+00 -5.873563314069559e-01  1.255369368819832e+00 -5.873563314069559e-01  1.119114039094932e+00 -5.873563314069559e-01  1.874287687875295e-01 -5.873563314069559e-01  1.055180918474318e-03 -5.873563314069559e-01  7.086160975486695e-01 -5.873563314069559e-01  2.504951892526408e-01 -5.873563314069559e-01  2.138946054402916e-03 
-5.833563314069559e-01  1.530393121396034e+00 -5.833563314069559e-01  1.256293766333349e+00 -5.833563314069559e-01  1.117758339784562e+00 -5.833563314069559e-01  1.876898026292857e-01 -5.833563314069559e-01  1.058835881630725e-03 -5.833563314069559e-01  7.100194649973778e-01 -5.833563314069559e-01  2.503130773801528e-01 -5.833563314069559e-01  2.135315637194050e-03 
-5.793563314069559e-01  1.529462223829758e+00 -5.793563314069559e-01  1.257218453362309e+00 -5.793563314069559e-01  1.116402045170034e+00 -5.793563314069559e-01  1.879503974907931e-01 -5.793563314069559e-01  1.062491832533515e-03 -5.793563314069559e-01  7.114230501071541e-01 -5.793563314069559e-01  2.501308160461903e-01 -5.793563314069559e-01  2.131684082961521e-03 
-5.753563314069559e-01  1.528531077398093e+00 -5.753563314069559e-01  1.258143427351633e+00 -5.753563314069559e-01  1.115045159752841e+00 -5.753563314069559e-01  1.882105550565770e-01 -5.753563314069559e-01  1.066148760675965e-03 -5.753563314069559e-01  7.128268495587542e-01 -5.753563314069559e-01  2.499484045957575e-01 -5.753563314069559e-01  2.128051401739999e-03 
-5.713563314069559e-01  1.527599684759006e+00 -5.713563314069559e-01  1.259068685764884e+00 -5.713563314069559e-01  1.113687688002642e+00 -5.713563314069559e-01  1.884702770033134e-01 -5.713563314069559e-01  1.069806655621915e-03 -5.713563314069559e-01  7.142308600539676e-01 -5.713563314069559e-01  2.497658423736471e-01 -5.713563314069559e-01  2.124417603490871e-03 
-5.673563314069558e-01  1.526668048550987e+00 -5.673563314069558e-01  1.259994226076743e+00 -5.673563314069558e-01  1.112329634356620e+00 -5.673563314069558e-01  1.887295650003256e-01 -5.673563314069558e-01  1.073465507011686e-03 -5.673563314069558e-01  7.156350783105421e-01 -5.673563314069558e-01  2.495831287257416e-01 -5.673563314069558e-01  2.120782698131944e-03 
-5.633563314069558e-01  1.525736171396306e+00 -5.633563314069558e-01  1.260920045785687e+00 -5.633563314069558e-01  1.110971003221636e+00 -5.633563314069558e-01  1.889884207087986e-01 -5.633563314069558e-01  1.077125304549255e-03 -5.633563314069558e-01  7.170395010703741e-01 -5.633563314069558e-01  2.494002629966426e-01 -5.633563314069558e-01  2.117146695487514e-03 
-5.593563314069558e-01  1.524804055897717e+00 -5.593563314069558e-01  1.261846142398821e+00 -5.593563314069558e-01  1.109611798972496e+00 -5.593563314069558e-01  1.892468457827574e-01 -5.593563314069558e-01  1.080786038015258e-03 -5.593563314069558e-01  7.184441250894252e-01 -5.593563314069558e-01  2.492172445323555e-01 -5.593563314069558e-01  2.113509605348014e-03 
-5.553563314069558e-01  1.523871704640763e+00 -5.553563314069558e-01  1.262772513440636e+00 -5.553563314069558e-01  1.108252025953548e+00 -5.553563314069558e-01  1.895048418685336e-01 -5.553563314069558e-01  1.084447697257844e-03 -5.553563314069558e-01  7.198489471433399e-01 -5.553563314069558e-01  2.490340726786356e-01 -5.553563314069558e-01  2.109871437435586e-03 
-5.513563314069558e-01  1.522939120193463e+00 -5.513563314069558e-01  1.263699156450502e+00 -5.513563314069558e-01  1.106891688478705e+00 -5.513563314069558e-01  1.897624106049426e-01 -5.513563314069558e-01  1.088110272193980e-03 -5.513563314069558e-01  7.212539640256783e-01 -5.513563314069558e-01  2.488507467813786e-01 -5.513563314069558e-01  2.106232201413979e-03 
-5.473563314069558e-01  1.522006305108916e+00 -5.473563314069558e-01  1.264626068992706e+00 -5.473563314069558e-01  1.105530790833216e+00 -5.473563314069558e-01  1.900195536226773e-01 -5.473563314069558e-01  1.091773752799172e-03 -5.473563314069558e-01  7.226591725543686e-01 -5.473563314069558e-01  2.486672661847235e-01 -5.473563314069558e-01  2.102591906849001e-03 
-5.433563314069558e-01  1.521073261923940e+00 -5.433563314069558e-01  1.265553248649457e+00 -5.433563314069558e-01  1.104169337273076e+00 -5.433563314069558e-01  1.902762725447675e-01 -5.433563314069558e-01  1.095438129112858e-03 -5.433563314069558e-01  7.240645695670029e-01 -5.433563314069558e-01  2.484836302322614e-01 -5.433563314069558e-01  2.098950563236153e-03 
-5.393563314069558e-01  1.520139993151954e+00 -5.393563314069558e-01  1.266480692989842e+00 -5.393563314069558e-01  1.102807332021003e+00 -5.393563314069558e-01  1.905325689885493e-01 -5.393563314069558e-01  1.099103391266361e-03 -5.393563314069558e-01  7.254701519003374e-01 -5.393563314069558e-01  2.482998382726270e-01 -5.393563314069558e-01  2.095308180122434e-03 
-5.353563314069558e-01  1.519206501296511e+00 -5.353563314069558e-01  1.267408399625923e+00 -5.353563314069558e-01  1.101444779274691e+00 -5.353563314069558e-01  1.907884445621601e-01 -5.353563314069558e-01  1.102769529429668e-03 -5.353563314069558e-01  7.268759164269802e-01 -5.353563314069558e-01  2.481158896492190e-01 -5.353563314069558e-01  2.091664766886074e-03 
-5.313563314069558e-01  1.518272788844292e+00 -5.313563314069558e-01  1.268336366182213e+00 -5.313563314069558e-01  1.100081683202862e+00 -5.313563314069558e-01  1.910439008664940e-01 -5.313563314069558e-01  1.106436533839038e-03 -5.313563314069558e-01  7.282818600352505e-01 -5.313563314069558e-01  2.479317837056897e-01 -5.313563314069558e-01  2.088020332856403e-03 
-5.273563314069558e-01  1.517338858261299e+00 -5.273563314069558e-01  1.269264590278367e+00 -5.273563314069558e-01  1.098718047943192e+00 -5.273563314069558e-01  1.912989394962820e-01 -5.273563314069558e-01  1.110104394811895e-03 -5.273563314069558e-01  7.296879796176906e-01 -5.273563314069558e-01  2.477475197890523e-01 -5.273563314069558e-01  2.084374887381843e-03 
-5.233563314069558e-01  1.516404712002432e+00 -5.233563314069558e-01  1.270193069568748e+00 -5.233563314069558e-01  1.097353877608228e+00 -5.233563314069558e-01  1.915535620376566e-01 -5.233563314069558e-01  1.113773102709244e-03 -5.233563314069558e-01  7.310942720969198e-01 -5.233563314069558e-01  2.475630972423890e-01 -5.233563314069558e-01  2.080728439674448e-03 
-5.193563314069558e-01  1.515470352504628e+00 -5.193563314069558e-01  1.271121801712434e+00 -5.193563314069558e-01  1.095989176281496e+00 -5.193563314069558e-01  1.918077700700429e-01 -5.193563314069558e-01  1.117442647962583e-03 -5.193563314069558e-01  7.325007344058344e-01 -5.193563314069558e-01  2.473785154102738e-01 -5.193563314069558e-01  2.077080998927841e-03 
-5.153563314069558e-01  1.514535782188522e+00 -5.153563314069558e-01  1.272050784379255e+00 -5.153563314069558e-01  1.094623948018691e+00 -5.153563314069558e-01  1.920615651658074e-01 -5.153563314069558e-01  1.121113021067450e-03 -5.153563314069558e-01  7.339073634914541e-01 -5.153563314069558e-01  2.471937736376070e-01 -5.153563314069558e-01  2.073432574293375e-03 
-5.113563314069558e-01  1.513601003464975e+00 -5.113563314069558e-01  1.272980015276209e+00 -5.113563314069558e-01  1.093258196851775e+00 -5.113563314069558e-01  1.923149488886311e-01 -5.113563314069558e-01  1.124784212557672e-03 -5.113563314069558e-01  7.353141563321315e-01 -5.113563314069558e-01  2.470088712647110e-01 -5.113563314069558e-01  2.069783174776405e-03 
-5.073563314069558e-01  1.512666018720149e+00 -5.073563314069558e-01  1.273909492083779e+00 -5.073563314069558e-01  1.091891926780252e+00 -5.073563314069558e-01  1.925679227974982e-01 -5.073563314069558e-01  1.128456213064105e-03 -5.073563314069558e-01  7.367211098956820e-01 -5.073563314069558e-01  2.468238076389515e-01 -5.073563314069558e-01  2.066132809486469e-03 
-5.033563314069558e-01  1.511730830336596e+00 -5.033563314069558e-01  1.274839212543591e+00 -5.033563314069558e-01  1.090525141783967e+00 -5.033563314069558e-01  1.928204884412728e-01 -5.033563314069558e-01  1.132129013231724e-03 -5.033563314069558e-01  7.381282211967494e-01 -5.033563314069558e-01  2.466385820985939e-01 -5.033563314069558e-01  2.062481487292958e-03 
-4.993563314069558e-01  1.510795440670246e+00 -4.993563314069558e-01  1.275769174360816e+00 -4.993563314069558e-01  1.089157845809528e+00 -4.993563314069558e-01  1.930726473647759e-01 -4.993563314069558e-01  1.135802603810034e-03 -4.993563314069558e-01  7.395354872326989e-01 -4.993563314069558e-01  2.464531939906619e-01 -4.993563314069558e-01  2.058829217208411e-03 
-4.953563314069558e-01  1.509859852073246e+00 -4.953563314069558e-01  1.276699375299149e+00 -4.953563314069558e-01  1.087790042784180e+00 -4.953563314069558e-01  1.933244011029293e-01 -4.953563314069558e-01  1.139476975563361e-03 -4.953563314069558e-01  7.409429050457887e-01 -4.953563314069558e-01  2.462676426534343e-01 -4.953563314069558e-01  2.055176008015570e-03 
-4.913563314069558e-01  1.508924066873109e+00 -4.913563314069558e-01  1.277629813092272e+00 -4.913563314069558e-01  1.086421736603479e+00 -4.913563314069558e-01  1.935757511862471e-01 -4.913563314069558e-01  1.143152119352750e-03 -4.913563314069558e-01  7.423504716650089e-01 -4.913563314069558e-01  2.460819274326622e-01 -4.913563314069558e-01  2.051521868614981e-03 
-4.873563314069558e-01  1.507988087393579e+00 -4.873563314069558e-01  1.278560485530553e+00 -4.873563314069558e-01  1.085052931144000e+00 -4.873563314069558e-01  1.938266991355147e-01 -4.873563314069558e-01  1.146828026054023e-03 -4.873563314069558e-01  7.437581841628136e-01 -4.873563314069558e-01  2.458960476655606e-01 -4.873563314069558e-01  2.047866807684655e-03 
-4.833563314069558e-01  1.507051915935644e+00 -4.833563314069558e-01  1.279491390380533e+00 -4.833563314069558e-01  1.083683630252127e+00 -4.833563314069558e-01  1.940772464667787e-01 -4.833563314069558e-01  1.150504686632355e-03 -4.833563314069558e-01  7.451660396022396e-01 -4.833563314069558e-01  2.457100026955740e-01 -4.833563314069558e-01  2.044210833996099e-03 
-4.793563314069558e-01  1.506115554793865e+00 -4.793563314069558e-01  1.280422525452389e+00 -4.793563314069558e-01  1.082313837754035e+00 -4.793563314069558e-01  1.943273946872095e-01 -4.793563314069558e-01  1.154182092078084e-03 -4.793563314069558e-01  7.465740350810115e-01 -4.793563314069558e-01  2.455237918598881e-01 -4.793563314069558e-01  2.040553956149473e-03 
-4.753563314069558e-01  1.505179006243411e+00 -4.753563314069558e-01  1.281353888544758e+00 -4.753563314069558e-01  1.080943557448080e+00 -4.753563314069558e-01  1.945771452985269e-01 -4.753563314069558e-01  1.157860233457741e-03 -4.753563314069558e-01  7.479821676952951e-01 -4.753563314069558e-01  2.453374144995532e-01 -4.753563314069558e-01  2.036896182790294e-03 
-4.713563314069558e-01  1.504242272545764e+00 -4.713563314069558e-01  1.282285477467761e+00 -4.713563314069558e-01  1.079572793108398e+00 -4.713563314069558e-01  1.948264997956000e-01 -4.713563314069558e-01  1.161539101891531e-03 -4.713563314069558e-01  7.493904345546657e-01 -4.713563314069558e-01  2.451508699551830e-01 -4.713563314069558e-01  2.033237522518911e-03 
-4.673563314069558e-01  1.503305355955086e+00 -4.673563314069558e-01  1.283217290068834e+00 -4.673563314069558e-01  1.078201548488925e+00 -4.673563314069558e-01  1.950754596649036e-01 -4.673563314069558e-01  1.165218688528409e-03 -4.673563314069558e-01  7.507988327989322e-01 -4.673563314069558e-01  2.449641575621189e-01 -4.673563314069558e-01  2.029577983789187e-03 
-4.633563314069558e-01  1.502368258703879e+00 -4.633563314069558e-01  1.284149324171740e+00 -4.633563314069558e-01  1.076829827314920e+00 -4.633563314069558e-01  1.953240263882610e-01 -4.633563314069558e-01  1.168898984602337e-03 -4.633563314069558e-01  7.522073595580964e-01 -4.633563314069558e-01  2.447772766616605e-01 -4.633563314069558e-01  2.025917575147908e-03 
-4.593563314069558e-01  1.501430983023319e+00 -4.593563314069558e-01  1.285081577660860e+00 -4.593563314069558e-01  1.075457633295402e+00 -4.593563314069558e-01  1.955722014377327e-01 -4.593563314069558e-01  1.172579981352491e-03 -4.593563314069558e-01  7.536160120074374e-01 -4.593563314069558e-01  2.445902265853985e-01 -4.593563314069558e-01  2.022256304903830e-03 
-4.553563314069557e-01  1.500493531115531e+00 -4.553563314069557e-01  1.286014048364372e+00 -4.553563314069557e-01  1.074084970106593e+00 -4.553563314069557e-01  1.958199862827555e-01 -4.553563314069557e-01  1.176261670132092e-03 -4.553563314069557e-01  7.550247872909425e-01 -4.553563314069557e-01  2.444030066768235e-01 -4.553563314069557e-01  2.018594181586436e-03 
-4.513563314069557e-01  1.499555905187232e+00 -4.513563314069557e-01  1.286946734194120e+00 -4.513563314069557e-01  1.072711841412390e+00 -4.513563314069557e-01  1.960673823816579e-01 -4.513563314069557e-01  1.179944042276299e-03 -4.513563314069557e-01  7.564336826127603e-01 -4.513563314069557e-01  2.442156162653156e-01 -4.513563314069557e-01  2.014931213396567e-03 
-4.473563314069557e-01  1.498618107420801e+00 -4.473563314069557e-01  1.287879633023791e+00 -4.473563314069557e-01  1.071338250847058e+00 -4.473563314069557e-01  1.963143911890922e-01 -4.473563314069557e-01  1.183627089215826e-03 -4.473563314069557e-01  7.578426951573685e-01 -4.473563314069557e-01  2.440280546887133e-01 -4.473563314069557e-01  2.011267408684997e-03 
-4.433563314069557e-01  1.497680139992059e+00 -4.433563314069557e-01  1.288812742762430e+00 -4.433563314069557e-01  1.069964202026146e+00 -4.433563314069557e-01  1.965610141515925e-01 -4.433563314069557e-01  1.187310802407104e-03 -4.433563314069557e-01  7.592518221375879e-01 -4.433563314069557e-01  2.438403212796012e-01 -4.433563314069557e-01  2.007602775663606e-03 
-4.393563314069557e-01  1.496742005060607e+00 -4.393563314069557e-01  1.289746061313275e+00 -4.393563314069557e-01  1.068589698540797e+00 -4.393563314069557e-01  1.968072527101013e-01 -4.393563314069557e-01  1.190995173370279e-03 -4.393563314069557e-01  7.606610607675545e-01 -4.393563314069557e-01  2.436524153729156e-01 -4.393563314069557e-01  2.003937322567081e-03 
-4.353563314069557e-01  1.495803704774626e+00 -4.353563314069557e-01  1.290679586593002e+00 -4.353563314069557e-01  1.067214743960811e+00 -4.353563314069557e-01  1.970531082988209e-01 -4.353563314069557e-01  1.194680193670265e-03 -4.353563314069557e-01  7.620704082752163e-01 -4.353563314069557e-01  2.434643363023125e-01 -4.353563314069557e-01  2.000271057577277e-03 
-4.313563314069557e-01  1.494865241275346e+00 -4.313563314069557e-01  1.291613316549572e+00 -4.313563314069557e-01  1.065839341837524e+00 -4.313563314069557e-01  1.972985823441728e-01 -4.313563314069557e-01  1.198365854899296e-03 -4.313563314069557e-01  7.634798619139114e-01 -4.313563314069557e-01  2.432760833967857e-01 -4.313563314069557e-01  1.996603988753296e-03 
-4.273563314069557e-01  1.493926616687991e+00 -4.273563314069557e-01  1.292547249123625e+00 -4.273563314069557e-01  1.064463495698468e+00 -4.273563314069557e-01  1.975436762671451e-01 -4.273563314069557e-01  1.202052148712385e-03 -4.273563314069557e-01  7.648894189370192e-01 -4.273563314069557e-01  2.430876559878116e-01 -4.273563314069557e-01  1.992936124182902e-03 
-4.233563314069557e-01  1.492987833126236e+00 -4.233563314069557e-01  1.293481382266362e+00 -4.233563314069557e-01  1.063087209050232e+00 -4.233563314069557e-01  1.977883914822474e-01 -4.233563314069557e-01  1.205739066809945e-03 -4.233563314069557e-01  7.662990766095761e-01 -4.233563314069557e-01  2.428990534059700e-01 -4.233563314069557e-01  1.989267471912421e-03 
-4.193563314069557e-01  1.492048892691905e+00 -4.193563314069557e-01  1.294415713937473e+00 -4.193563314069557e-01  1.061710485378431e+00 -4.193563314069557e-01  1.980327293976511e-01 -4.193563314069557e-01  1.209426600938836e-03 -4.193563314069557e-01  7.677088322068133e-01 -4.193563314069557e-01  2.427102749812812e-01 -4.193563314069557e-01  1.985598039954824e-03 
-4.153563314069557e-01  1.491109797479338e+00 -4.153563314069557e-01  1.295350242122568e+00 -4.153563314069557e-01  1.060333328150511e+00 -4.153563314069557e-01  1.982766914141777e-01 -4.153563314069557e-01  1.213114742875325e-03 -4.153563314069557e-01  7.691186830254756e-01 -4.153563314069557e-01  2.425213200398887e-01 -4.153563314069557e-01  1.981927836221300e-03 
-4.113563314069557e-01  1.490170549568009e+00 -4.113563314069557e-01  1.296284964801692e+00 -4.113563314069557e-01  1.058955740811418e+00 -4.113563314069557e-01  1.985202789272125e-01 -4.113563314069557e-01  1.216803484454037e-03 -4.113563314069557e-01  7.705286263631415e-01 -4.113563314069557e-01  2.423321879099063e-01 -4.113563314069557e-01  1.978256868644869e-03 
-4.073563314069557e-01  1.489231151027102e+00 -4.073563314069557e-01  1.297219879967622e+00 -4.073563314069557e-01  1.057577726786526e+00 -4.073563314069557e-01  1.987634933256296e-01 -4.073563314069557e-01  1.220492817549958e-03 -4.073563314069557e-01  7.719386595300994e-01 -4.073563314069557e-01  2.421428779179449e-01 -4.073563314069557e-01  1.974585145108579e-03 
-4.033563314069557e-01  1.488291603916319e+00 -4.033563314069557e-01  1.298154985628436e+00 -4.033563314069557e-01  1.056199289482275e+00 -4.033563314069557e-01  1.990063359916668e-01 -4.033563314069557e-01  1.224182734075326e-03 -4.033563314069557e-01  7.733487798509338e-01 -4.033563314069557e-01  2.419533893885783e-01 -4.033563314069557e-01  1.970912673435389e-03 
-3.993563314069557e-01  1.487351910282708e+00 -3.993563314069557e-01  1.299090279793760e+00 -3.993563314069557e-01  1.054820432284386e+00 -3.993563314069557e-01  1.992488083017782e-01 -3.993563314069557e-01  1.227873225991993e-03 -3.993563314069557e-01  7.747589846554505e-01 -3.993563314069557e-01  2.417637216468756e-01 -3.993563314069557e-01  1.967239461442123e-03 
-3.953563314069557e-01  1.486412072166776e+00 -3.953563314069557e-01  1.300025760499176e+00 -3.953563314069557e-01  1.053441158561740e+00 -3.953563314069557e-01  1.994909116251952e-01 -3.953563314069557e-01  1.231564285287531e-03 -3.953563314069557e-01  7.761692712945399e-01 -3.953563314069557e-01  2.415738740137646e-01 -3.953563314069557e-01  1.963565516843711e-03 
-3.913563314069557e-01  1.485472091592733e+00 -3.913563314069557e-01  1.300961425765210e+00 -3.913563314069557e-01  1.052061471660561e+00 -3.913563314069557e-01  1.997326473264062e-01 -3.913563314069557e-01  1.235255904013476e-03 -3.913563314069557e-01  7.775796371132970e-01 -3.913563314069557e-01  2.413838458137055e-01 -3.913563314069557e-01  1.959890847414226e-03 
-3.873563314069557e-01  1.484531970581359e+00 -3.873563314069557e-01  1.301897273649886e+00 -3.873563314069557e-01  1.050681374912416e+00 -3.873563314069557e-01  1.999740167620445e-01 -3.873563314069557e-01  1.238948074234784e-03 -3.873563314069557e-01  7.789900794852598e-01 -3.873563314069557e-01  2.411936363647387e-01 -3.873563314069557e-01  1.956215460780474e-03 
-3.833563314069557e-01  1.483591711134869e+00 -3.833563314069557e-01  1.302833302185374e+00 -3.833563314069557e-01  1.049300871625110e+00 -3.833563314069557e-01  2.002150212846919e-01 -3.833563314069557e-01  1.242640788089318e-03 -3.833563314069557e-01  7.804005957709584e-01 -3.833563314069557e-01  2.410032449903858e-01 -3.833563314069557e-01  1.952539364670719e-03 
-3.793563314069557e-01  1.482651315255933e+00 -3.793563314069557e-01  1.303769509455974e+00 -3.793563314069557e-01  1.047919965094451e+00 -3.793563314069557e-01  2.004556622382635e-01 -3.793563314069557e-01  1.246334037713135e-03 -3.793563314069557e-01  7.818111833687469e-01 -3.793563314069557e-01  2.408126710048842e-01 -3.793563314069557e-01  1.948862566608604e-03 
-3.753563314069557e-01  1.481710784926241e+00 -3.753563314069557e-01  1.304705893508828e+00 -3.753563314069557e-01  1.046538658591276e+00 -3.753563314069557e-01  2.006959409633425e-01 -3.753563314069557e-01  1.250027815324655e-03 -3.753563314069557e-01  7.832218396564217e-01 -3.753563314069557e-01  2.406219137300076e-01 -3.753563314069557e-01  1.945185074263624e-03 
-3.713563314069557e-01  1.480770122124095e+00 -3.713563314069557e-01  1.305642452425882e+00 -3.713563314069557e-01  1.045156955372355e+00 -3.713563314069557e-01  2.009358587929270e-01 -3.713563314069557e-01  1.253722113155584e-03 -3.713563314069557e-01  7.846325620381306e-01 -3.713563314069557e-01  2.404309724814200e-01 -3.713563314069557e-01  1.941506895168627e-03 
-3.673563314069557e-01  1.479829328823016e+00 -3.673563314069557e-01  1.306579184317408e+00 -3.673563314069557e-01  1.043774858679672e+00 -3.673563314069557e-01  2.011754170528469e-01 -3.673563314069557e-01  1.257416923456382e-03 -3.673563314069557e-01  7.860433479400447e-01 -3.673563314069557e-01  2.402398465698337e-01 -3.673563314069557e-01  1.937828036745209e-03 
-3.633563314069557e-01  1.478888406974437e+00 -3.633563314069557e-01  1.307516087250084e+00 -3.633563314069557e-01  1.042392371729963e+00 -3.633563314069557e-01  2.014146170660561e-01 -3.633563314069557e-01  1.261112238564228e-03 -3.633563314069557e-01  7.874541947633380e-01 -3.633563314069557e-01  2.400485353146092e-01 -3.633563314069557e-01  1.934148506586153e-03 
-3.593563314069557e-01  1.477947358530133e+00 -3.593563314069557e-01  1.308453159338667e+00 -3.593563314069557e-01  1.041009497728581e+00 -3.593563314069557e-01  2.016534601472184e-01 -3.593563314069557e-01  1.264808050814943e-03 -3.593563314069557e-01  7.888650999439517e-01 -3.593563314069557e-01  2.398570380263257e-01 -3.593563314069557e-01  1.930468312095462e-03 
-3.553563314069557e-01  1.477006185433101e+00 -3.553563314069557e-01  1.309390398707762e+00 -3.553563314069557e-01  1.039626239864052e+00 -3.553563314069557e-01  2.018919476050049e-01 -3.553563314069557e-01  1.268504352578786e-03 -3.553563314069557e-01  7.902760609275384e-01 -3.553563314069557e-01  2.396653540139707e-01 -3.553563314069557e-01  1.926787460638413e-03 
-3.513563314069557e-01  1.476064889608826e+00 -3.513563314069557e-01  1.310327803455310e+00 -3.513563314069557e-01  1.038242601302834e+00 -3.513563314069557e-01  2.021300807442777e-01 -3.513563314069557e-01  1.272201136294793e-03 -3.513563314069557e-01  7.916870751455850e-01 -3.513563314069557e-01  2.394734825918595e-01 -3.513563314069557e-01  1.923105959685032e-03 
-3.473563314069557e-01  1.475123472984021e+00 -3.473563314069557e-01  1.311265371728930e+00 -3.473563314069557e-01  1.036858585200952e+00 -3.473563314069557e-01  2.023678608616012e-01 -3.473563314069557e-01  1.275898394397124e-03 -3.473563314069557e-01  7.930981400651171e-01 -3.473563314069557e-01  2.392814230650523e-01 -3.473563314069557e-01  1.919423816510237e-03 
-3.433563314069557e-01  1.474181937470641e+00 -3.433563314069557e-01  1.312203101659649e+00 -3.433563314069557e-01  1.035474194694318e+00 -3.433563314069557e-01  2.026052892491893e-01 -3.433563314069557e-01  1.279596119377901e-03 -3.433563314069557e-01  7.945092531454067e-01 -3.433563314069557e-01  2.390891747419303e-01 -3.433563314069557e-01  1.915741038454118e-03 
-3.393563314069556e-01  1.473240284974457e+00 -3.393563314069556e-01  1.313140991396394e+00 -3.393563314069556e-01  1.034089432904108e+00 -3.393563314069556e-01  2.028423671928891e-01 -3.393563314069556e-01  1.283294303753511e-03 -3.393563314069556e-01  7.959204118603760e-01 -3.393563314069556e-01  2.388967369275758e-01 -3.393563314069556e-01  1.912057632786433e-03 
-3.353563314069556e-01  1.472298517390143e+00 -3.353563314069556e-01  1.314079039085249e+00 -3.353563314069556e-01  1.032704302933882e+00 -3.353563314069556e-01  2.030790959734297e-01 -3.353563314069556e-01  1.286992940083899e-03 -3.353563314069556e-01  7.973316136850078e-01 -3.353563314069556e-01  2.387041089276933e-01 -3.353563314069556e-01  1.908373606788148e-03 
-3.313563314069556e-01  1.471356636602639e+00 -3.313563314069556e-01  1.315017242874432e+00 -3.313563314069556e-01  1.031318807870534e+00 -3.313563314069556e-01  2.033154768661525e-01 -3.313563314069556e-01  1.290692020967194e-03 -3.313563314069556e-01  7.987428560985104e-01 -3.313563314069556e-01  2.385112900476176e-01 -3.313563314069556e-01  1.904688967731806e-03 
-3.273563314069556e-01  1.470414644497967e+00 -3.273563314069556e-01  1.315955600958080e+00 -3.273563314069556e-01  1.029932950791077e+00 -3.273563314069556e-01  2.035515111384811e-01 -3.273563314069556e-01  1.294391538997303e-03 -3.273563314069556e-01  8.001541366127686e-01 -3.273563314069556e-01  2.383182795838809e-01 -3.273563314069556e-01  1.901003722709663e-03 
-3.233563314069556e-01  1.469472542943255e+00 -3.233563314069556e-01  1.316894111493579e+00 -3.233563314069556e-01  1.028546734750474e+00 -3.233563314069556e-01  2.037872000547770e-01 -3.233563314069556e-01  1.298091486842271e-03 -3.233563314069556e-01  8.015654527183985e-01 -3.233563314069556e-01  2.381250768399995e-01 -3.233563314069556e-01  1.897317878958236e-03 
-3.193563314069556e-01  1.468530333801491e+00 -3.193563314069556e-01  1.317832772661579e+00 -3.193563314069556e-01  1.027160162790828e+00 -3.193563314069556e-01  2.040225448728593e-01 -3.193563314069556e-01  1.301791857186406e-03 -3.193563314069556e-01  8.029768019237853e-01 -3.193563314069556e-01  2.379316811149443e-01 -3.193563314069556e-01  1.893631443622748e-03 
-3.153563314069556e-01  1.467588018929525e+00 -3.153563314069556e-01  1.318771582657141e+00 -3.153563314069556e-01  1.025773237940283e+00 -3.153563314069556e-01  2.042575468445486e-01 -3.153563314069556e-01  1.305492642738108e-03 -3.153563314069556e-01  8.043881817492210e-01 -3.153563314069556e-01  2.377380917047796e-01 -3.153563314069556e-01  1.889944423791778e-03 
-3.113563314069556e-01  1.466645600174151e+00 -3.113563314069556e-01  1.319710539673075e+00 -3.113563314069556e-01  1.024385963210728e+00 -3.113563314069556e-01  2.044922072166621e-01 -3.113563314069556e-01  1.309193836245228e-03 -3.113563314069556e-01  8.057995897159974e-01 -3.113563314069556e-01  2.375443079058265e-01 -3.113563314069556e-01  1.886256826562781e-03 
-3.073563314069556e-01  1.465703079374357e+00 -3.073563314069556e-01  1.320649641908650e+00 -3.073563314069556e-01  1.022998341599288e+00 -3.073563314069556e-01  2.047265272305375e-01 -3.073563314069556e-01  1.312895430486262e-03 -3.073563314069556e-01  8.072110233519876e-01 -3.073563314069556e-01  2.373503290129456e-01 -3.073563314069556e-01  1.882568659007812e-03 
-3.033563314069556e-01  1.464760458365667e+00 -3.033563314069556e-01  1.321588887586640e+00 -3.033563314069556e-01  1.021610376091141e+00 -3.033563314069556e-01  2.049605081210614e-01 -3.033563314069556e-01  1.316597418253309e-03 -3.033563314069556e-01  8.086224802026741e-01 -3.033563314069556e-01  2.371561543162073e-01 -3.033563314069556e-01  1.878879928106633e-03 
-2.993563314069556e-01  1.463817738969082e+00 -2.993563314069556e-01  1.322528274907602e+00 -2.993563314069556e-01  1.020222069652786e+00 -2.993563314069556e-01  2.051941511193558e-01 -2.993563314069556e-01  1.320299792395474e-03 -2.993563314069556e-01  8.100339578013204e-01 -2.993563314069556e-01  2.369617831096660e-01 -2.993563314069556e-01  1.875190640926244e-03 
-2.953563314069556e-01  1.462874923005263e+00 -2.953563314069556e-01  1.323467802107218e+00 -2.953563314069556e-01  1.018833425240930e+00 -2.953563314069556e-01  2.054274574494699e-01 -2.953563314069556e-01  1.324002545763173e-03 -2.953563314069556e-01  8.114454537062021e-01 -2.953563314069556e-01  2.367672146802555e-01 -2.953563314069556e-01  1.871500804395717e-03 
-2.913563314069556e-01  1.461932012280846e+00 -2.913563314069556e-01  1.324407467399877e+00 -2.913563314069556e-01  1.017444445794137e+00 -2.913563314069556e-01  2.056604283316834e-01 -2.913563314069556e-01  1.327705671261893e-03 -2.913563314069556e-01  8.128569654638417e-01 -2.913563314069556e-01  2.365724483186425e-01 -2.913563314069556e-01  1.867810425527750e-03 
-2.873563314069556e-01  1.460989008604201e+00 -2.873563314069556e-01  1.325347269042402e+00 -2.873563314069556e-01  1.016055134242688e+00 -2.873563314069556e-01  2.058930649788386e-01 -2.873563314069556e-01  1.331409161790312e-03 -2.873563314069556e-01  8.142684906503721e-01 -2.873563314069556e-01  2.363774833068573e-01 -2.873563314069556e-01  1.864119511168349e-03 
-2.833563314069556e-01  1.460045913769558e+00 -2.833563314069556e-01  1.326287205268679e+00 -2.833563314069556e-01  1.014665493498872e+00 -2.833563314069556e-01  2.061253686001468e-01 -2.833563314069556e-01  1.335113010302577e-03 -2.833563314069556e-01  8.156800268289625e-01 -2.833563314069556e-01  2.361823189309057e-01 -2.833563314069556e-01  1.860428068253667e-03 
-2.793563314069556e-01  1.459102729563778e+00 -2.793563314069556e-01  1.327227274316814e+00 -2.793563314069556e-01  1.013275526461283e+00 -2.793563314069556e-01  2.063573403996475e-01 -2.793563314069556e-01  1.338817209781806e-03 -2.793563314069556e-01  8.170915715673992e-01 -2.793563314069556e-01  2.359869544754755e-01 -2.793563314069556e-01  1.856736103703222e-03 
-2.753563314069556e-01  1.458159457772472e+00 -2.753563314069556e-01  1.328167474453398e+00 -2.753563314069556e-01  1.011885236018717e+00 -2.753563314069556e-01  2.065889815748235e-01 -2.753563314069556e-01  1.342521753215962e-03 -2.753563314069556e-01  8.185031224537971e-01 -2.753563314069556e-01  2.357913892191811e-01 -2.753563314069556e-01  1.853043624324691e-03 
-2.713563314069556e-01  1.457216100169708e+00 -2.713563314069556e-01  1.329107803931127e+00 -2.713563314069556e-01  1.010494625043916e+00 -2.713563314069556e-01  2.068202933190855e-01 -2.713563314069556e-01  1.346226633638383e-03 -2.713563314069556e-01  8.199146770689677e-01 -2.713563314069556e-01  2.355956224427499e-01 -2.713563314069556e-01  1.849350636980315e-03 
-2.673563314069556e-01  1.456272658524040e+00 -2.673563314069556e-01  1.330048261012752e+00 -2.673563314069556e-01  1.009103696397391e+00 -2.673563314069556e-01  2.070512768204042e-01 -2.673563314069556e-01  1.349931844104013e-03 -2.673563314069556e-01  8.213262330019298e-01 -2.673563314069556e-01  2.353996534243329e-01 -2.673563314069556e-01  1.845657148492847e-03 
-2.633563314069556e-01  1.455329134602131e+00 -2.633563314069556e-01  1.330988843985231e+00 -2.633563314069556e-01  1.007712452929798e+00 -2.633563314069556e-01  2.072819332605239e-01 -2.633563314069556e-01  1.353637377675193e-03 -2.633563314069556e-01  8.227377878590152e-01 -2.633563314069556e-01  2.352034814366982e-01 -2.633563314069556e-01  1.841963165589986e-03 
-2.593563314069556e-01  1.454385530159228e+00 -2.593563314069556e-01  1.331929551120506e+00 -2.593563314069556e-01  1.006320897476119e+00 -2.593563314069556e-01  2.075122638172505e-01 -2.593563314069556e-01  1.357343227459111e-03 -2.593563314069556e-01  8.241493392383284e-01 -2.593563314069556e-01  2.350071057548284e-01 -2.593563314069556e-01  1.838268695058346e-03 
-2.553563314069556e-01  1.453441846944680e+00 -2.553563314069556e-01  1.332870380697427e+00 -2.553563314069556e-01  1.004929032859197e+00 -2.553563314069556e-01  2.077422696632092e-01 -2.553563314069556e-01  1.361049386586083e-03 -2.553563314069556e-01  8.255608847439196e-01 -2.553563314069556e-01  2.348105256516225e-01 -2.553563314069556e-01  1.834573743657505e-03 
-2.513563314069556e-01  1.452498086701299e+00 -2.513563314069556e-01  1.333811330998633e+00 -2.513563314069556e-01  1.003536861889434e+00 -2.513563314069556e-01  2.079719519660525e-01 -2.513563314069556e-01  1.364755848212102e-03 -2.513563314069556e-01  8.269724219836846e-01 -2.513563314069556e-01  2.346137403984561e-01 -2.513563314069556e-01  1.830878318132083e-03 
-2.473563314069556e-01  1.451554251168512e+00 -2.473563314069556e-01  1.334752400322702e+00 -2.473563314069556e-01  1.002144387366867e+00 -2.473563314069556e-01  2.082013118877816e-01 -2.473563314069556e-01  1.368462605506437e-03 -2.473563314069556e-01  8.283839485771911e-01 -2.473563314069556e-01  2.344167492627645e-01 -2.473563314069556e-01  1.827182425164129e-03 
-2.433563314069556e-01  1.450610342082111e+00 -2.433563314069556e-01  1.335693586982672e+00 -2.433563314069556e-01  1.000751612081106e+00 -2.433563314069556e-01  2.084303505848626e-01 -2.433563314069556e-01  1.372169651652588e-03 -2.433563314069556e-01  8.297954621546277e-01 -2.433563314069556e-01  2.342195515082799e-01 -2.433563314069556e-01  1.823486071378895e-03 
-2.393563314069556e-01  1.449666361166118e+00 -2.393563314069556e-01  1.336634889272592e+00 -2.393563314069556e-01  9.993585388063768e-01 -2.393563314069556e-01  2.086590692101692e-01 -2.393563314069556e-01  1.375876979880299e-03 -2.393563314069556e-01  8.312069603350496e-01 -2.393563314069556e-01  2.340221464015535e-01 -2.393563314069556e-01  1.819789263476232e-03 
-2.353563314069556e-01  1.448722310138391e+00 -2.353563314069556e-01  1.337576305489679e+00 -2.353563314069556e-01  9.979651703051047e-01 -2.353563314069556e-01  2.088874689117305e-01 -2.353563314069556e-01  1.379584583443527e-03 -2.353563314069556e-01  8.326184407406857e-01 -2.353563314069556e-01  2.338245332075822e-01 -2.353563314069556e-01  1.816092008143520e-03 
-2.313563314069556e-01  1.447778190719359e+00 -2.313563314069556e-01  1.338517833969193e+00 -2.313563314069556e-01  9.965715093334619e-01 -2.313563314069556e-01  2.091155508307674e-01 -2.313563314069556e-01  1.383292455586045e-03 -2.313563314069556e-01  8.340299010194795e-01 -2.313563314069556e-01  2.336267111829029e-01 -2.313563314069556e-01  1.812394311918741e-03 
-2.273563314069555e-01  1.446834004616071e+00 -2.273563314069555e-01  1.339459473019334e+00 -2.273563314069555e-01  9.951775586315219e-01 -2.273563314069555e-01  2.093433161054372e-01 -2.273563314069555e-01  1.387000589604226e-03 -2.273563314069555e-01  8.354413388028046e-01 -2.273563314069555e-01  2.334286795883510e-01 -2.273563314069555e-01  1.808696181446150e-03 
-2.233563314069555e-01  1.445889753532314e+00 -2.233563314069555e-01  1.340401220961688e+00 -2.233563314069555e-01  9.937833209296665e-01 -2.233563314069555e-01  2.095707658685441e-01 -2.233563314069555e-01  1.390708978807234e-03 -2.233563314069555e-01  8.368527517316309e-01 -2.233563314069555e-01  2.332304376810733e-01 -2.233563314069555e-01  1.804997623317437e-03 
-2.193563314069555e-01  1.444945439171044e+00 -2.193563314069555e-01  1.341343076140522e+00 -2.193563314069555e-01  9.923887989502009e-01 -2.193563314069555e-01  2.097979012470389e-01 -2.193563314069555e-01  1.394417616507450e-03 -2.193563314069555e-01  8.382641374624673e-01 -2.193563314069555e-01  2.330319847126409e-01 -2.193563314069555e-01  1.801298644035226e-03 
-2.153563314069555e-01  1.444001063222069e+00 -2.153563314069555e-01  1.342285036872631e+00 -2.153563314069555e-01  9.909939953997631e-01 -2.153563314069555e-01  2.100247233649009e-01 -2.153563314069555e-01  1.398126496068914e-03 -2.153563314069555e-01  8.396754936347972e-01 -2.153563314069555e-01  2.328333199389085e-01 -2.153563314069555e-01  1.797599250209985e-03 
-2.113563314069555e-01  1.443056627374541e+00 -2.113563314069555e-01  1.343227101497156e+00 -2.113563314069555e-01  9.895989129772066e-01 -2.113563314069555e-01  2.102512333403188e-01 -2.113563314069555e-01  1.401835610858211e-03 -2.113563314069555e-01  8.410868179032998e-01 -2.113563314069555e-01  2.326344426101482e-01 -2.113563314069555e-01  1.793899448364473e-03 
-2.073563314069555e-01  1.442112133315500e+00 -2.073563314069555e-01  1.344169268369234e+00 -2.073563314069555e-01  9.882035543728103e-01 -2.073563314069555e-01  2.104774322860844e-01 -2.073563314069555e-01  1.405544954250206e-03 -2.073563314069555e-01  8.424981079336533e-01 -2.073563314069555e-01  2.324353519722462e-01 -2.073563314069555e-01  1.790199244958611e-03 
-2.033563314069555e-01  1.441167582717964e+00 -2.033563314069555e-01  1.345111535811599e+00 -2.033563314069555e-01  9.868079222609039e-01 -2.033563314069555e-01  2.107033213123628e-01 -2.033563314069555e-01  1.409254519674839e-03 -2.033563314069555e-01  8.439093613711351e-01 -2.033563314069555e-01  2.322360472762587e-01 -2.033563314069555e-01  1.786498646579585e-03 
-1.993563314069555e-01  1.440222977263524e+00 -1.993563314069555e-01  1.346053902204903e+00 -1.993563314069555e-01  9.854120193141032e-01 -1.993563314069555e-01  2.109289015215851e-01 -1.993563314069555e-01  1.412964300528331e-03 -1.993563314069555e-01  8.453205758990259e-01 -1.993563314069555e-01  2.320365277604597e-01 -1.993563314069555e-01  1.782797659587082e-03 
-1.953563314069555e-01  1.439278318617642e+00 -1.953563314069555e-01  1.346996365888066e+00 -1.953563314069555e-01  9.840158481879548e-01 -1.953563314069555e-01  2.111541740141396e-01 -1.953563314069555e-01  1.416674290270299e-03 -1.953563314069555e-01  8.467317491740434e-01 -1.953563314069555e-01  2.318367926700734e-01 -1.953563314069555e-01  1.779096290504722e-03 
-1.913563314069555e-01  1.438333608445047e+00 -1.913563314069555e-01  1.347938925219525e+00 -1.913563314069555e-01  9.826194115306452e-01 -1.913563314069555e-01  2.113791398849042e-01 -1.913563314069555e-01  1.420384482363174e-03 -1.913563314069555e-01  8.481428788659129e-01 -1.913563314069555e-01  2.316368412450820e-01 -1.913563314069555e-01  1.775394545779456e-03 
-1.873563314069555e-01  1.437388848406225e+00 -1.873563314069555e-01  1.348881578562726e+00 -1.873563314069555e-01  9.812227119809084e-01 -1.873563314069555e-01  2.116038002241031e-01 -1.873563314069555e-01  1.424094870286068e-03 -1.873563314069555e-01  8.495539626479220e-01 -1.873563314069555e-01  2.314366727230638e-01 -1.873563314069555e-01  1.771692431838570e-03 
-1.833563314069555e-01  1.436444040157388e+00 -1.833563314069555e-01  1.349824324285551e+00 -1.833563314069555e-01  9.798257521680889e-01 -1.833563314069555e-01  2.118281561173621e-01 -1.833563314069555e-01  1.427805447534845e-03 -1.833563314069555e-01  8.509649981964715e-01 -1.833563314069555e-01  2.312362863392665e-01 -1.833563314069555e-01  1.767989955091935e-03 
-1.793563314069555e-01  1.435499185347566e+00 -1.793563314069555e-01  1.350767160748104e+00 -1.793563314069555e-01  9.784285347104190e-01 -1.793563314069555e-01  2.120522086464166e-01 -1.793563314069555e-01  1.431516207633573e-03 -1.793563314069555e-01  8.523759831831204e-01 -1.793563314069555e-01  2.310356813290070e-01 -1.793563314069555e-01  1.764287121979939e-03 
-1.753563314069555e-01  1.434554285629445e+00 -1.753563314069555e-01  1.351710086345757e+00 -1.753563314069555e-01  9.770310622218928e-01 -1.753563314069555e-01  2.122759588867147e-01 -1.753563314069555e-01  1.435227144091978e-03 -1.753563314069555e-01  8.537869153023424e-01 -1.753563314069555e-01  2.308348569190342e-01 -1.753563314069555e-01  1.760583938804500e-03 
-1.713563314069555e-01  1.433609342646078e+00 -1.713563314069555e-01  1.352653099455369e+00 -1.713563314069555e-01  9.756333373040296e-01 -1.713563314069555e-01  2.124994079104676e-01 -1.713563314069555e-01  1.438938250457564e-03 -1.713563314069555e-01  8.551977922366928e-01 -1.713563314069555e-01  2.306338123382245e-01 -1.713563314069555e-01  1.756880411940208e-03 
-1.673563314069555e-01  1.432664358030380e+00 -1.673563314069555e-01  1.353596198432931e+00 -1.673563314069555e-01  9.742353625456269e-01 -1.673563314069555e-01  2.127225567868057e-01 -1.673563314069555e-01  1.442649520317666e-03 -1.673563314069555e-01  8.566086116552387e-01 -1.673563314069555e-01  2.304325468180443e-01 -1.673563314069555e-01  1.753176547843631e-03 
-1.633563314069555e-01  1.431719333422486e+00 -1.633563314069555e-01  1.354539381682405e+00 -1.633563314069555e-01  9.728371405337675e-01 -1.633563314069555e-01  2.129454065779234e-01 -1.633563314069555e-01  1.446360947231274e-03 -1.633563314069555e-01  8.580193712579656e-01 -1.633563314069555e-01  2.302310595787118e-01 -1.633563314069555e-01  1.749472352782931e-03 
-1.593563314069555e-01  1.430774270455402e+00 -1.593563314069555e-01  1.355482647597994e+00 -1.593563314069555e-01  9.714386738448788e-01 -1.593563314069555e-01  2.131679583423567e-01 -1.593563314069555e-01  1.450072524785316e-03 -1.593563314069555e-01  8.594300687384004e-01 -1.593563314069555e-01  2.300293498407134e-01 -1.593563314069555e-01  1.745767833064584e-03 
-1.553563314069555e-01  1.429829170750945e+00 -1.553563314069555e-01  1.356425994547487e+00 -1.553563314069555e-01  9.700399650422684e-01 -1.553563314069555e-01  2.133902131359398e-01 -1.553563314069555e-01  1.453784246610688e-03 -1.553563314069555e-01  8.608407017728156e-01 -1.553563314069555e-01  2.298274168281350e-01 -1.553563314069555e-01  1.742062995098819e-03 
-1.513563314069555e-01  1.428884035936892e+00 -1.513563314069555e-01  1.357369420940163e+00 -1.513563314069555e-01  9.686410166869930e-01 -1.513563314069555e-01  2.136121720080071e-01 -1.513563314069555e-01  1.457496106314859e-03 -1.513563314069555e-01  8.622512680640013e-01 -1.513563314069555e-01  2.296252597549691e-01 -1.513563314069555e-01  1.738357845132919e-03 
-1.473563314069555e-01  1.427938867635317e+00 -1.473563314069555e-01  1.358312925179886e+00 -1.473563314069555e-01  9.672418313306136e-01 -1.473563314069555e-01  2.138338360040606e-01 -1.473563314069555e-01  1.461208097527697e-03 -1.473563314069555e-01  8.636617653109075e-01 -1.473563314069555e-01  2.294228778344963e-01 -1.473563314069555e-01  1.734652389435432e-03 
-1.433563314069555e-01  1.426993667459373e+00 -1.433563314069555e-01  1.359256505651810e+00 -1.433563314069555e-01  9.658424115132459e-01 -1.433563314069555e-01  2.140552061665288e-01 -1.433563314069555e-01  1.464920213914092e-03 -1.433563314069555e-01  8.650721912000141e-01 -1.433563314069555e-01  2.292202702819420e-01 -1.433563314069555e-01  1.730946634348358e-03 
-1.393563314069555e-01  1.426048437025629e+00 -1.393563314069555e-01  1.360200160771052e+00 -1.393563314069555e-01  9.644427597714103e-01 -1.393563314069555e-01  2.142762835320635e-01 -1.393563314069555e-01  1.468632449125506e-03 -1.393563314069555e-01  8.664825434366628e-01 -1.393563314069555e-01  2.290174363046182e-01 -1.393563314069555e-01  1.727240586096054e-03 
-1.353563314069555e-01  1.425103177940398e+00 -1.353563314069555e-01  1.361143888927970e+00 -1.353563314069555e-01  9.630428786295120e-01 -1.353563314069555e-01  2.144970691346329e-01 -1.353563314069555e-01  1.472344796853677e-03 -1.353563314069555e-01  8.678928197097046e-01 -1.353563314069555e-01  2.288143751129356e-01 -1.353563314069555e-01  1.723534251000116e-03 
-1.313563314069555e-01  1.424157891815630e+00 -1.313563314069555e-01  1.362087688550719e+00 -1.313563314069555e-01  9.616427706099280e-01 -1.313563314069555e-01  2.147175640020345e-01 -1.313563314069555e-01  1.476057250768191e-03 -1.313563314069555e-01  8.693030177317600e-01 -1.313563314069555e-01  2.286110859077097e-01 -1.313563314069555e-01  1.719827635233683e-03 
-1.273563314069555e-01  1.423212580253603e+00 -1.273563314069555e-01  1.363031558044061e+00 -1.273563314069555e-01  9.602424382234461e-01 -1.273563314069555e-01  2.149377691593452e-01 -1.273563314069555e-01  1.479769804576615e-03 -1.273563314069555e-01  8.707131351997083e-01 -1.273563314069555e-01  2.284075678925041e-01 -1.273563314069555e-01  1.716120745061747e-03 
-1.233563314069555e-01  1.422267244854947e+00 -1.233563314069555e-01  1.363975495820830e+00 -1.233563314069555e-01  9.588418839744074e-01 -1.233563314069555e-01  2.151576856271839e-01 -1.233563314069555e-01  1.483482451992986e-03 -1.233563314069555e-01  8.721231698149081e-01 -1.233563314069555e-01  2.282038202672280e-01 -1.233563314069555e-01  1.712413586717625e-03 
-1.193563314069555e-01  1.421321887215868e+00 -1.193563314069555e-01  1.364919500290453e+00 -1.193563314069555e-01  9.574411103590283e-01 -1.193563314069555e-01  2.153773144223726e-01 -1.193563314069555e-01  1.487195186748708e-03 -1.193563314069555e-01  8.735331192757432e-01 -1.193563314069555e-01  2.279998422304272e-01 -1.193563314069555e-01  1.708706166448033e-03 
-1.153563314069554e-01  1.420376508931973e+00 -1.153563314069554e-01  1.365863569873730e+00 -1.153563314069554e-01  9.560401198678944e-01 -1.153563314069554e-01  2.155966565571364e-01 -1.153563314069554e-01  1.490908002577512e-03 -1.153563314069554e-01  8.749429812870639e-01 -1.153563314069554e-01  2.277956329762345e-01 -1.153563314069554e-01  1.704998490454942e-03 
-1.113563314069554e-01  1.419431111597335e+00 -1.113563314069554e-01  1.366807702998597e+00 -1.113563314069554e-01  9.546389149854617e-01 -1.113563314069554e-01  2.158157130393605e-01 -1.113563314069554e-01  1.494620893219158e-03 -1.113563314069554e-01  8.763527535574023e-01 -1.113563314069554e-01  2.275911916951943e-01 -1.113563314069554e-01  1.701290564912412e-03 
-1.073563314069554e-01  1.418485696801327e+00 -1.073563314069554e-01  1.367751898087205e+00 -1.073563314069554e-01  9.532374981881250e-01 -1.073563314069554e-01  2.160344848733335e-01 -1.073563314069554e-01  1.498333852431874e-03 -1.073563314069554e-01  8.777624337905761e-01 -1.073563314069554e-01  2.273865175768447e-01 -1.073563314069554e-01  1.697582396017105e-03 
-1.033563314069554e-01  1.417540266130713e+00 -1.033563314069554e-01  1.368696153563776e+00 -1.033563314069554e-01  9.518358719456272e-01 -1.033563314069554e-01  2.162529730593300e-01 -1.033563314069554e-01  1.502046873984109e-03 -1.033563314069554e-01  8.791720196906948e-01 -1.033563314069554e-01  2.271816098080923e-01 -1.033563314069554e-01  1.693873989957627e-03 
-9.935633140695543e-02  1.416594821168715e+00 -9.935633140695543e-02  1.369640467850504e+00 -9.935633140695543e-02  9.504340387205370e-01 -9.935633140695543e-02  2.164711785938599e-01 -9.935633140695543e-02  1.505759951658212e-03 -9.935633140695543e-02  8.805815089594563e-01 -9.935633140695543e-02  2.269764675740059e-01 -9.935633140695543e-02  1.690165352930507e-03 
-9.535633140695543e-02  1.415649363498612e+00 -9.535633140695543e-02  1.370584839381357e+00 -9.535633140695543e-02  9.490320009706086e-01 -9.535633140695543e-02  2.166891024689269e-01 -9.535633140695543e-02  1.509473079236311e-03 -9.535633140695543e-02  8.819908993049489e-01 -9.535633140695543e-02  2.267710900549550e-01 -9.535633140695543e-02  1.686456491086057e-03 
-9.135633140695543e-02  1.414703894699252e+00 -9.135633140695543e-02  1.371529266583864e+00 -9.135633140695543e-02  9.476297611460220e-01 -9.135633140695543e-02  2.169067456730561e-01 -9.135633140695543e-02  1.513186250517938e-03 -9.135633140695543e-02  8.834001884298884e-01 -9.135633140695543e-02  2.265654764302975e-01 -9.135633140695543e-02  1.682747410599870e-03 
-8.735633140695542e-02  1.413758416350922e+00 -8.735633140695542e-02  1.372473747901908e+00 -8.735633140695542e-02  9.462273216931738e-01 -8.735633140695542e-02  2.171241091900553e-01 -8.735633140695542e-02  1.516899459296950e-03 -8.735633140695542e-02  8.848093740461889e-01 -8.735633140695542e-02  2.263596258736634e-01 -8.735633140695542e-02  1.679038117583306e-03 
-8.335633140695542e-02  1.412812930023462e+00 -8.335633140695542e-02  1.373418281748449e+00 -8.335633140695542e-02  9.448246850472264e-01 -8.335633140695542e-02  2.173411940016549e-01 -8.335633140695542e-02  1.520612699408245e-03 -8.335633140695542e-02  8.862184538445317e-01 -8.335633140695542e-02  2.261535375626296e-01 -8.335633140695542e-02  1.675328618269144e-03 
-7.935633140695542e-02  1.411867437294897e+00 -7.935633140695542e-02  1.374362866578472e+00 -7.935633140695542e-02  9.434218536439807e-01 -7.935633140695542e-02  2.175580010834858e-01 -7.935633140695542e-02  1.524325964654543e-03 -7.935633140695542e-02  8.876274255411614e-01 -7.935633140695542e-02  2.259472106636901e-01 -7.935633140695542e-02  1.671618918725180e-03 
-7.535633140695541e-02  1.410921939734689e+00 -7.535633140695541e-02  1.375307500822695e+00 -7.535633140695541e-02  9.420188299093583e-01 -7.535633140695541e-02  2.177745314087799e-01 -7.535633140695541e-02  1.528039248872240e-03 -7.535633140695541e-02  8.890362868352299e-01 -7.535633140695541e-02  2.257406443458384e-01 -7.535633140695541e-02  1.667909025114425e-03 
-7.135633140695541e-02  1.409976438914925e+00 -7.135633140695541e-02  1.376252182931080e+00 -7.135633140695541e-02  9.406156162665429e-01 -7.135633140695541e-02  2.179907859459721e-01 -7.135633140695541e-02  1.531752545887344e-03 -7.135633140695541e-02  8.904450354366871e-01 -7.135633140695541e-02  2.255338377715793e-01 -7.135633140695541e-02  1.664198943524410e-03 
-6.735633140695541e-02  1.409030936397144e+00 -6.735633140695541e-02  1.377196911320723e+00 -6.735633140695541e-02  9.392122151277218e-01 -6.735633140695541e-02  2.182067656616103e-01 -6.735633140695541e-02  1.535465849567335e-03 -6.735633140695541e-02  8.918536690327539e-01 -6.735633140695541e-02  2.253267901076405e-01 -6.735633140695541e-02  1.660488680171648e-03 
-6.335633140695540e-02  1.408085433752615e+00 -6.335633140695540e-02  1.378141684455051e+00 -6.335633140695540e-02  9.378086289070173e-01 -6.335633140695540e-02  2.184224715159977e-01 -6.335633140695540e-02  1.539179153741484e-03 -6.335633140695540e-02  8.932621853386918e-01 -6.335633140695540e-02  2.251195005085760e-01 -6.335633140695540e-02  1.656778241090770e-03 
-5.935633140695540e-02  1.407139932541216e+00 -5.935633140695540e-02  1.379086500760502e+00 -5.935633140695540e-02  9.364048600071493e-01 -5.935633140695540e-02  2.186379044678131e-01 -5.935633140695540e-02  1.542892452283746e-03 -5.935633140695540e-02  8.946705820442690e-01 -5.935633140695540e-02  2.249119681339468e-01 -5.935633140695540e-02  1.653067632461618e-03 
-5.535633140695539e-02  1.406194434329624e+00 -5.535633140695539e-02  1.380031358697476e+00 -5.535633140695539e-02  9.350009108310745e-01 -5.535633140695539e-02  2.188530654702197e-01 -5.535633140695539e-02  1.546605739041404e-03 -5.535633140695539e-02  8.960788568592088e-01 -5.535633140695539e-02  2.247041921335959e-01 -5.535633140695539e-02  1.649356860330656e-03 
-5.135633140695539e-02  1.405248940677713e+00 -5.135633140695539e-02  1.380976256706611e+00 -5.135633140695539e-02  9.335967837734076e-01 -5.135633140695539e-02  2.190679554738504e-01 -5.135633140695539e-02  1.550319007888455e-03 -5.135633140695539e-02  8.974870074786717e-01 -5.135633140695539e-02  2.244961716587418e-01 -5.135633140695539e-02  1.645645930821992e-03 
-4.735633140695539e-02  1.404303453141265e+00 -4.735633140695539e-02  1.381921193218993e+00 -4.735633140695539e-02  9.321924812222209e-01 -4.735633140695539e-02  2.192825754262558e-01 -4.735633140695539e-02  1.554032252714932e-03 -4.735633140695539e-02  8.988950315897447e-01 -4.735633140695539e-02  2.242879058598371e-01 -4.735633140695539e-02  1.641934850097230e-03 
-4.335633140695538e-02  1.403357973282435e+00 -4.335633140695538e-02  1.382866166696676e+00 -4.335633140695538e-02  9.307880055657656e-01 -4.335633140695538e-02  2.194969262697012e-01 -4.335633140695538e-02  1.557745467385872e-03 -4.335633140695538e-02  9.003029268973302e-01 -4.335633140695538e-02  2.240793938780923e-01 -4.335633140695538e-02  1.638223624196341e-03 
-3.935633140695538e-02  1.402412502658520e+00 -3.935633140695538e-02  1.383811175588409e+00 -3.935633140695538e-02  9.293833591854086e-01 -3.935633140695538e-02  2.197110089436264e-01 -3.935633140695538e-02  1.561458645785375e-03 -3.935633140695538e-02  9.017106910957182e-01 -3.935633140695538e-02  2.238706348546431e-01 -3.935633140695538e-02  1.634512259211581e-03 
-3.535633140695538e-02  1.401467042824520e+00 -3.535633140695538e-02  1.384756218339161e+00 -3.535633140695538e-02  9.279785444573305e-01 -3.535633140695538e-02  2.199248243841322e-01 -3.535633140695538e-02  1.565171781806521e-03 -3.535633140695538e-02  9.031183218746216e-01 -3.535633140695538e-02  2.236616279285328e-01 -3.535633140695538e-02  1.630800761249967e-03 
-3.135633140695537e-02  1.400521595332089e+00 -3.135633140695537e-02  1.385701293385745e+00 -3.135633140695537e-02  9.265735637519290e-01 -3.135633140695537e-02  2.201383735242530e-01 -3.135633140695537e-02  1.568884869355608e-03 -3.135633140695537e-02  9.045258169163155e-01 -3.135633140695537e-02  2.234523722376028e-01 -3.135633140695537e-02  1.627089136450650e-03 
-2.735633140695537e-02  1.399576161739383e+00 -2.735633140695537e-02  1.386646399194726e+00 -2.735633140695537e-02  9.251684194401544e-01 -2.735633140695537e-02  2.203516572918816e-01 -2.735633140695537e-02  1.572597902313286e-03 -2.735633140695537e-02  9.059331739198271e-01 -2.735633140695537e-02  2.232428669105094e-01 -2.735633140695537e-02  1.623377390835864e-03 
-2.335633140695537e-02  1.398630743600273e+00 -2.335633140695537e-02  1.387591534219945e+00 -2.335633140695537e-02  9.237631138867282e-01 -2.335633140695537e-02  2.205646766121342e-01 -2.335633140695537e-02  1.576310874577132e-03 -2.335633140695537e-02  9.073403905736817e-01 -2.335633140695537e-02  2.230331110755629e-01 -2.335633140695537e-02  1.619665530477834e-03 
-1.935633140695537e-02  1.397685342460152e+00 -1.935633140695537e-02  1.388536696885879e+00 -1.935633140695537e-02  9.223576494475254e-01 -1.935633140695537e-02  2.207774324082737e-01 -1.935633140695537e-02  1.580023780077959e-03 -1.935633140695537e-02  9.087474645452061e-01 -1.935633140695537e-02  2.228231038642059e-01 -1.935633140695537e-02  1.615953561564108e-03 
-1.535633140695537e-02  1.396739959875987e+00 -1.535633140695537e-02  1.389481885665268e+00 -1.535633140695537e-02  9.209520284824249e-01 -1.535633140695537e-02  2.209899255974765e-01 -1.535633140695537e-02  1.583736612701139e-03 -1.535633140695537e-02  9.101543935301020e-01 -1.535633140695537e-02  2.226128443946710e-01 -1.535633140695537e-02  1.612241490092679e-03 
-1.135633140695537e-02  1.395794597397428e+00 -1.135633140695537e-02  1.390427099005216e+00 -1.135633140695537e-02  9.195462533433474e-01 -1.135633140695537e-02  2.212021570949057e-01 -1.135633140695537e-02  1.587449366360756e-03 -1.135633140695537e-02  9.115611752051209e-01 -1.135633140695537e-02  2.224023317874500e-01 -1.135633140695537e-02  1.608529322162202e-03 
-7.356331406955373e-03  1.394849256573406e+00 -7.356331406955373e-03  1.391372335352372e+00 -7.356331406955373e-03  9.181403263785266e-01 -7.356331406955373e-03  2.214141278123442e-01 -7.356331406955373e-03  1.591162034973749e-03 -7.356331406955373e-03  9.129678072441010e-01 -7.356331406955373e-03  2.221915651599793e-01 -7.356331406955373e-03  1.604817063873176e-03 
-3.356331406955373e-03  1.393903938955693e+00 -3.356331406955373e-03  1.392317593166485e+00 -3.356331406955373e-03  9.167342499348459e-01 -3.356331406955373e-03  2.216258386574803e-01 -3.356331406955373e-03  1.594874612445871e-03 -3.356331406955373e-03  9.143742873265579e-01 -3.356331406955373e-03  2.219805436237275e-01 -3.356331406955373e-03  1.601104721274579e-03 
 6.436685930446273e-04  1.392958645993690e+00  6.436685930446273e-04  1.393262870981852e+00  6.436685930446273e-04  9.153280262089234e-01  6.436685930446273e-04  2.218372905573686e-01  6.436685930446273e-04  1.598587093084920e-03  6.436685930446273e-04  9.157806132586586e-01  6.436685930446273e-04  2.217692662699810e-01  6.436685930446273e-04  1.597392300122636e-03 
 4.643668593044627e-03  1.392013374512624e+00  4.643668593044627e-03  1.394208171982475e+00  4.643668593044627e-03  9.139216505094170e-01  4.643668593044627e-03  2.220484854681442e-01  4.643668593044627e-03  1.602299489359369e-03  4.643668593044627e-03  9.171867897422037e-01  4.643668593044627e-03  2.215577311457927e-01  4.643668593044627e-03  1.593679787912645e-03 
 8.643668593044627e-03  1.391068123442891e+00  8.643668593044627e-03  1.395153497243369e+00  8.643668593044627e-03  9.125151212710751e-01  8.643668593044627e-03  2.222594248680677e-01  8.643668593044627e-03  1.606011805469997e-03  8.643668593044627e-03  9.185928183377281e-01  8.643668593044627e-03  2.213459367625604e-01  8.643668593044627e-03  1.589967180422606e-03 
 1.264366859304463e-02  1.390122894329528e+00  1.264366859304463e-02  1.396098845200238e+00  1.264366859304463e-02  9.111084408193015e-01  1.264366859304463e-02  2.224701096468503e-01  1.264366859304463e-02  1.609724035348994e-03  1.264366859304463e-02  9.199986966924600e-01  1.264366859304463e-02  2.211338822175943e-01  1.264366859304463e-02  1.586254483795889e-03 
 1.664366859304463e-02  1.389177688725067e+00  1.664366859304463e-02  1.397044214317349e+00  1.664366859304463e-02  9.097016114815509e-01  1.664366859304463e-02  2.226805406893951e-01  1.664366859304463e-02  1.613436172899119e-03  1.664366859304463e-02  9.214044224687359e-01  1.664366859304463e-02  2.209215665986863e-01  1.664366859304463e-02  1.582541704063776e-03 
 2.064366859304463e-02  1.388232508178149e+00  2.064366859304463e-02  1.397989603043118e+00  2.064366859304463e-02  9.082946355801209e-01  2.064366859304463e-02  2.228907188782400e-01  2.064366859304463e-02  1.617148212038423e-03  2.064366859304463e-02  9.228099933155993e-01  2.064366859304463e-02  2.207089889934830e-01  2.064366859304463e-02  1.578828847319774e-03 
 2.464366859304463e-02  1.387287354238226e+00  2.464366859304463e-02  1.398935009827811e+00  2.464366859304463e-02  9.068875154352313e-01  2.464366859304463e-02  2.231006450926043e-01  2.464366859304463e-02  1.620860146681729e-03  2.464366859304463e-02  9.242154068800184e-01  2.464366859304463e-02  2.204961484856905e-01  2.464366859304463e-02  1.575115919650095e-03 
 2.864366859304463e-02  1.386342228452702e+00  2.864366859304463e-02  1.399880433112265e+00  2.864366859304463e-02  9.054802533632501e-01  2.864366859304463e-02  2.233103202090339e-01  2.864366859304463e-02  1.624571970751965e-03  2.864366859304463e-02  9.256206607996402e-01  2.864366859304463e-02  2.202830441574401e-01  2.864366859304463e-02  1.571402927177994e-03 
 3.264366859304463e-02  1.385397132371189e+00  3.264366859304463e-02  1.400825871343782e+00  3.264366859304463e-02  9.040728516794951e-01  3.264366859304463e-02  2.235197451005415e-01  3.264366859304463e-02  1.628283678163326e-03  3.264366859304463e-02  9.270257527128374e-01  3.264366859304463e-02  2.200696750858591e-01  3.264366859304463e-02  1.567689876001353e-03 
 3.664366859304463e-02  1.384452067545959e+00  3.664366859304463e-02  1.401771322977492e+00  3.664366859304463e-02  9.026653126985815e-01  3.664366859304463e-02  2.237289206365587e-01  3.664366859304463e-02  1.631995262819568e-03  3.664366859304463e-02  9.284306802595037e-01  3.664366859304463e-02  2.198560403427234e-01  3.664366859304463e-02  1.563976772187266e-03 
 4.064366859304464e-02  1.383507035526776e+00  4.064366859304464e-02  1.402716786456025e+00  4.064366859304464e-02  9.012576387311929e-01  4.064366859304464e-02  2.239378476840600e-01  4.064366859304464e-02  1.635706718634345e-03  4.064366859304464e-02  9.298354410680352e-01  4.064366859304464e-02  2.196421389987653e-01  4.064366859304464e-02  1.560263621851934e-03 
 4.464366859304464e-02  1.382562037862891e+00  4.464366859304464e-02  1.403662260216907e+00  4.464366859304464e-02  8.998498320854091e-01  4.464366859304464e-02  2.241465271071767e-01  4.464366859304464e-02  1.639418039523257e-03  4.464366859304464e-02  9.312400327599900e-01  4.464366859304464e-02  2.194279701220627e-01  4.464366859304464e-02  1.556550431131625e-03 
 4.864366859304464e-02  1.381617076110953e+00  4.864366859304464e-02  1.404607742722432e+00  4.864366859304464e-02  8.984418950718536e-01  4.864366859304464e-02  2.243549597655934e-01  4.864366859304464e-02  1.643129219372886e-03  4.864366859304464e-02  9.326444529689878e-01  4.864366859304464e-02  2.192135327715680e-01  4.864366859304464e-02  1.552837206065280e-03 
 5.264366859304465e-02  1.380672151816440e+00  5.264366859304465e-02  1.405553232388075e+00  5.264366859304465e-02  8.970338299918557e-01  5.264366859304465e-02  2.245631465184562e-01  5.264366859304465e-02  1.646840252113667e-03  5.264366859304465e-02  9.340486992951439e-01  5.264366859304465e-02  2.189988260124591e-01  5.264366859304465e-02  1.549123952875764e-03 
 5.664366859304465e-02  1.379727266539861e+00  5.664366859304465e-02  1.406498727682560e+00  5.664366859304465e-02  8.956256391543123e-01  5.664366859304465e-02  2.247710882189563e-01  5.664366859304465e-02  1.650551131617019e-03  5.664366859304465e-02  9.354527693685916e-01  5.664366859304465e-02  2.187838488945667e-01  5.664366859304465e-02  1.545410677576757e-03 
 6.064366859304465e-02  1.378782421830776e+00  6.064366859304465e-02  1.407444227027836e+00  6.064366859304465e-02  8.942173248590967e-01  6.064366859304465e-02  2.249787857197754e-01  6.064366859304465e-02  1.654261851797347e-03  6.064366859304465e-02  9.368566607858483e-01  6.064366859304465e-02  2.185686004738675e-01  6.064366859304465e-02  1.541697386365679e-03 
 6.464366859304466e-02  1.377837619247005e+00  6.464366859304466e-02  1.408389728872322e+00  6.464366859304466e-02  8.928088894094444e-01  6.464366859304466e-02  2.251862398691322e-01  6.464366859304466e-02  1.657972406536616e-03  6.464366859304466e-02  9.382603711562785e-01  6.464366859304466e-02  2.183530797966563e-01  6.464366859304466e-02  1.537984085335950e-03 
 6.864366859304466e-02  1.376892860342954e+00  6.864366859304466e-02  1.409335231645829e+00  6.864366859304466e-02  8.914003351045308e-01  6.864366859304466e-02  2.253934515132446e-01  6.864366859304466e-02  1.661682789730181e-03  6.864366859304466e-02  9.396638980733956e-01  6.864366859304466e-02  2.181372859092338e-01  6.864366859304466e-02  1.534270780654120e-03 
 7.264366859304466e-02  1.375948146677148e+00  7.264366859304466e-02  1.410280733787963e+00  7.264366859304466e-02  8.899916642443686e-01  7.264366859304466e-02  2.256004214948110e-01  7.264366859304466e-02  1.665392995257253e-03  7.264366859304466e-02  9.410672391328128e-01  7.264366859304466e-02  2.179212178517193e-01  7.264366859304466e-02  1.530557478448208e-03 
 7.664366859304467e-02  1.375003479808794e+00  7.664366859304467e-02  1.411226233734532e+00  7.664366859304467e-02  8.885828791276676e-01  7.664366859304467e-02  2.258071506537591e-01  7.664366859304467e-02  1.669103016994345e-03  7.664366859304467e-02  9.424703919235448e-01  7.664366859304467e-02  2.177048746609478e-01  7.664366859304467e-02  1.526844184861174e-03 
 8.064366859304467e-02  1.374058861295074e+00  8.064366859304467e-02  1.412171729906890e+00  8.064366859304467e-02  8.871739820501654e-01  8.064366859304467e-02  2.260136398278434e-01  8.064366859304467e-02  1.672812848825920e-03  8.064366859304467e-02  9.438733540211743e-01  8.064366859304467e-02  2.174882553727491e-01  8.064366859304467e-02  1.523130906092741e-03 
 8.464366859304467e-02  1.373114292701303e+00  8.464366859304467e-02  1.413117220750272e+00  8.464366859304467e-02  8.857649753112118e-01  8.464366859304467e-02  2.262198898505901e-01  8.464366859304467e-02  1.676522484604487e-03  8.464366859304467e-02  9.452761230120900e-01  8.464366859304467e-02  2.172713590135647e-01  8.464366859304467e-02  1.519417648248821e-03 
 8.864366859304468e-02  1.372169775587150e+00  8.864366859304468e-02  1.414062704680809e+00  8.864366859304468e-02  8.843558612049877e-01  8.864366859304468e-02  2.264259015541788e-01  8.864366859304468e-02  1.680231918204774e-03  8.864366859304468e-02  9.466786964598187e-01  8.864366859304468e-02  2.170541846119323e-01  8.864366859304468e-02  1.515704417549641e-03 
 9.264366859304468e-02  1.371225311518152e+00  9.264366859304468e-02  1.415008180129093e+00  9.264366859304468e-02  8.829466420279615e-01  9.264366859304468e-02  2.266316757671037e-01  9.264366859304468e-02  1.683941143478371e-03  9.264366859304468e-02  9.480810719325625e-01  9.264366859304468e-02  2.168367311889594e-01  9.264366859304468e-02  1.511991220158615e-03 
 9.664366859304468e-02  1.370280902060558e+00  9.664366859304468e-02  1.415953645520073e+00  9.664366859304468e-02  8.815373200756536e-01  9.664366859304468e-02  2.268372133152839e-01  9.664366859304468e-02  1.687650154274175e-03  9.664366859304468e-02  9.494832469903777e-01  9.664366859304468e-02  2.166189977626535e-01  9.664366859304468e-02  1.508278062261306e-03 
 1.006436685930447e-01  1.369336548780434e+00  1.006436685930447e-01  1.416899099269261e+00  1.006436685930447e-01  8.801278976421074e-01  1.006436685930447e-01  2.270425150222777e-01  1.006436685930447e-01  1.691358944441749e-03  1.006436685930447e-01  9.508852191827114e-01  1.006436685930447e-01  2.164009833487167e-01  1.006436685930447e-01  1.504564950080359e-03 
 1.046436685930447e-01  1.368392253248672e+00  1.046436685930447e-01  1.417844539801412e+00  1.046436685930447e-01  8.787183770231924e-01  1.046436685930447e-01  2.272475817082958e-01  1.046436685930447e-01  1.695067507811678e-03  1.046436685930447e-01  9.522869860601395e-01  1.046436685930447e-01  2.161826869564109e-01  1.046436685930447e-01  1.500851889802108e-03 
 1.086436685930447e-01  1.367448017038710e+00  1.086436685930447e-01  1.418789965541364e+00  1.086436685930447e-01  8.773087605151926e-01  1.086436685930447e-01  2.274524141907136e-01  1.086436685930447e-01  1.698775838204583e-03  1.086436685930447e-01  9.536885451684808e-01  1.086436685930447e-01  2.159641075905051e-01  1.086436685930447e-01  1.497138887612533e-03 
 1.126436685930447e-01  1.366503841719377e+00  1.126436685930447e-01  1.419735374886550e+00  1.126436685930447e-01  8.758990504102757e-01  1.126436685930447e-01  2.276570132855692e-01  1.126436685930447e-01  1.702483929459193e-03  1.126436685930447e-01  9.550898940313592e-01  1.126436685930447e-01  2.157452442572831e-01  1.126436685930447e-01  1.493425949805259e-03 
 1.166436685930447e-01  1.365559728869310e+00  1.166436685930447e-01  1.420680766261331e+00  1.166436685930447e-01  8.744892490058280e-01  1.166436685930447e-01  2.278613798046544e-01  1.166436685930447e-01  1.706191775375700e-03  1.166436685930447e-01  9.564910301844624e-01  1.166436685930447e-01  2.155260959525529e-01  1.166436685930447e-01  1.489713082568106e-03 
 1.206436685930447e-01  1.364615680066721e+00  1.206436685930447e-01  1.421626138077686e+00  1.206436685930447e-01  8.730793585979366e-01  1.206436685930447e-01  2.280655145576474e-01  1.206436685930447e-01  1.709899369755932e-03  1.206436685930447e-01  9.578919511506181e-01  1.206436685930447e-01  2.153066616702419e-01  1.206436685930447e-01  1.486000292137595e-03 
 1.246436685930447e-01  1.363671696887747e+00  1.246436685930447e-01  1.422571488728587e+00  1.246436685930447e-01  8.716693814803942e-01  1.246436685930447e-01  2.282694183524855e-01  1.246436685930447e-01  1.713606706409924e-03  1.246436685930447e-01  9.592926544355395e-01  1.246436685930447e-01  2.150869404038213e-01  1.246436685930447e-01  1.482287584824802e-03 
 1.286436685930447e-01  1.362727780918881e+00  1.286436685930447e-01  1.423516816634740e+00  1.286436685930447e-01  8.702593199527635e-01  1.286436685930447e-01  2.284730919928739e-01  1.286436685930447e-01  1.717313779107004e-03  1.286436685930447e-01  9.606931375572537e-01  1.286436685930447e-01  2.148669311359453e-01  1.286436685930447e-01  1.478574966831948e-03 
 1.326436685930447e-01  1.361783933742115e+00  1.326436685930447e-01  1.424462120187806e+00  1.326436685930447e-01  8.688491763108774e-01  1.326436685930447e-01  2.286765362813463e-01  1.326436685930447e-01  1.721020581634174e-03  1.326436685930447e-01  9.620933980101763e-01  1.326436685930447e-01  2.146466328509393e-01  1.326436685930447e-01  1.474862444475242e-03 
 1.366436685930447e-01  1.360840156943290e+00  1.366436685930447e-01  1.425407397781728e+00  1.366436685930447e-01  8.674389528522812e-01  1.366436685930447e-01  2.288797520176060e-01  1.366436685930447e-01  1.724727107763343e-03  1.366436685930447e-01  9.634934332848228e-01  1.366436685930447e-01  2.144260445278467e-01  1.366436685930447e-01  1.471150024062009e-03 
 1.406436685930447e-01  1.359896452114085e+00  1.406436685930447e-01  1.426352647819773e+00  1.406436685930447e-01  8.660286518775806e-01  1.406436685930447e-01  2.290827399981626e-01  1.406436685930447e-01  1.728433351243460e-03  1.406436685930447e-01  9.648932408721361e-01  1.406436685930447e-01  2.142051651387983e-01  1.406436685930447e-01  1.467437711862868e-03 
 1.446436685930447e-01  1.358952820848105e+00  1.446436685930447e-01  1.427297868699266e+00  1.446436685930447e-01  8.646182756879823e-01  1.446436685930447e-01  2.292855010171676e-01  1.446436685930447e-01  1.732139305815938e-03  1.446436685930447e-01  9.662928182537982e-01  1.446436685930447e-01  2.139839936523525e-01  1.446436685930447e-01  1.463725514171812e-03 
 1.486436685930447e-01  1.358009264734200e+00  1.486436685930447e-01  1.428243058786106e+00  1.486436685930447e-01  8.632078265810579e-01  1.486436685930447e-01  2.294880358677987e-01  1.486436685930447e-01  1.735844965240859e-03  1.486436685930447e-01  9.676921628860864e-01  1.486436685930447e-01  2.137625290391367e-01  1.486436685930447e-01  1.460013437406238e-03 
 1.526436685930447e-01  1.357065785376652e+00  1.526436685930447e-01  1.429188216490386e+00  1.526436685930447e-01  8.617973068638169e-01  1.526436685930447e-01  2.296903453382201e-01  1.526436685930447e-01  1.739550323217658e-03  1.526436685930447e-01  9.690912722474334e-01  1.526436685930447e-01  2.135407702549482e-01  1.526436685930447e-01  1.456301487809970e-03 
 1.566436685930447e-01  1.356122384373543e+00  1.566436685930447e-01  1.430133340184445e+00  1.566436685930447e-01  8.603867188388270e-01  1.566436685930447e-01  2.298924302159952e-01  1.566436685930447e-01  1.743255373470164e-03  1.566436685930447e-01  9.704901437867178e-01  1.566436685930447e-01  2.133187162589673e-01  1.566436685930447e-01  1.452589671775080e-03 
 1.606436685930447e-01  1.355179063327358e+00  1.606436685930447e-01  1.431078428242494e+00  1.606436685930447e-01  8.589760648111202e-01  1.606436685930447e-01  2.300942912859799e-01  1.606436685930447e-01  1.746960109704913e-03  1.606436685930447e-01  9.718887749481547e-01  1.606436685930447e-01  2.130963660048873e-01  1.606436685930447e-01  1.448877995686316e-03 
 1.646436685930447e-01  1.354235823843766e+00  1.646436685930447e-01  1.432023479035519e+00  1.646436685930447e-01  8.575653470874630e-01  1.646436685930447e-01  2.302959293306083e-01  1.646436685930447e-01  1.750664525615906e-03  1.646436685930447e-01  9.732871631679910e-01  1.646436685930447e-01  2.128737184419979e-01  1.646436685930447e-01  1.445166465941035e-03 
 1.686436685930447e-01  1.353292667536335e+00  1.686436685930447e-01  1.432968490948538e+00  1.686436685930447e-01  8.561545679794731e-01  1.686436685930447e-01  2.304973451289873e-01  1.686436685930447e-01  1.754368614866157e-03  1.686436685930447e-01  9.746853058852639e-01  1.686436685930447e-01  2.126507725112610e-01  1.686436685930447e-01  1.441455088881526e-03 
 1.726436685930448e-01  1.352349596018728e+00  1.726436685930448e-01  1.433913462350924e+00  1.726436685930448e-01  8.547437297986470e-01  1.726436685930448e-01  2.306985394585033e-01  1.726436685930448e-01  1.758072371118265e-03  1.726436685930448e-01  9.760832005230569e-01  1.726436685930448e-01  2.124275271519100e-01  1.726436685930448e-01  1.437743870911462e-03 
 1.766436685930448e-01  1.351406610903032e+00  1.766436685930448e-01  1.434858391589797e+00  1.766436685930448e-01  8.533328348553383e-01  1.766436685930448e-01  2.308995130951925e-01  1.766436685930448e-01  1.761775788041045e-03  1.766436685930448e-01  9.774808444842850e-01  1.766436685930448e-01  2.122039813029151e-01  1.766436685930448e-01  1.434032818521951e-03 
 1.806436685930448e-01  1.350463713811803e+00  1.806436685930448e-01  1.435803277034619e+00  1.806436685930448e-01  8.519218854666086e-01  1.806436685930448e-01  2.311002668113683e-01  1.806436685930448e-01  1.765478859262200e-03  1.806436685930448e-01  9.788782351796035e-01  1.806436685930448e-01  2.119801338928903e-01  1.806436685930448e-01  1.430321938116296e-03 
 1.846436685930448e-01  1.349520906366108e+00  1.846436685930448e-01  1.436748117032118e+00  1.846436685930448e-01  8.505108839485658e-01  1.846436685930448e-01  2.313008013780522e-01  1.846436685930448e-01  1.769181578415241e-03  1.846436685930448e-01  9.802753699990275e-01  1.846436685930448e-01  2.117559838502003e-01  1.846436685930448e-01  1.426611236187144e-03 
 1.886436685930448e-01  1.348578190196749e+00  1.886436685930448e-01  1.437692909947676e+00  1.886436685930448e-01  8.490998326236890e-01  1.886436685930448e-01  2.315011175627756e-01  1.886436685930448e-01  1.772883939095518e-03  1.886436685930448e-01  9.816722463378000e-01  1.886436685930448e-01  2.115315300935594e-01  1.886436685930448e-01  1.422900719153794e-03 
 1.926436685930448e-01  1.347635566931899e+00  1.926436685930448e-01  1.438637654118827e+00  1.926436685930448e-01  8.476887338128947e-01  1.926436685930448e-01  2.317012161320796e-01  1.926436685930448e-01  1.776585934908627e-03  1.926436685930448e-01  9.830688615671475e-01  1.926436685930448e-01  2.113067715425004e-01  1.926436685930448e-01  1.419190393544952e-03 
 1.966436685930448e-01  1.346693038205706e+00  1.966436685930448e-01  1.439582347886936e+00  1.966436685930448e-01  8.462775898411631e-01  1.966436685930448e-01  2.319010978498449e-01  1.966436685930448e-01  1.780287559436767e-03  1.966436685930448e-01  9.844652130540570e-01  1.966436685930448e-01  2.110817071101620e-01  1.966436685930448e-01  1.415480265874242e-03 
 2.006436685930448e-01  1.345750605658765e+00  2.006436685930448e-01  1.440526989598485e+00  2.006436685930448e-01  8.448664030379217e-01  2.006436685930448e-01  2.321007634772313e-01  2.006436685930448e-01  1.783988806236753e-03  2.006436685930448e-01  9.858612981619835e-01  2.006436685930448e-01  2.108563357029354e-01  2.006436685930448e-01  1.411770342635214e-03 
 2.046436685930448e-01  1.344808270932197e+00  2.046436685930448e-01  1.441471577582568e+00  2.046436685930448e-01  8.434551757332714e-01  2.046436685930448e-01  2.323002137739017e-01  2.046436685930448e-01  1.787689668863380e-03  2.046436685930448e-01  9.872571142366547e-01  2.046436685930448e-01  2.106306562255224e-01  2.046436685930448e-01  1.408060630389654e-03 
 2.086436685930448e-01  1.343866035671856e+00  2.086436685930448e-01  1.442416110166217e+00  2.086436685930448e-01  8.420439102607771e-01  2.086436685930448e-01  2.324994494972199e-01  2.086436685930448e-01  1.791390140852838e-03  2.086436685930448e-01  9.886526586155995e-01  2.086436685930448e-01  2.104046675774124e-01  2.086436685930448e-01  1.404351135707461e-03 
 2.126436685930448e-01  1.342923901527589e+00  2.126436685930448e-01  1.443360585671096e+00  2.126436685930448e-01  8.406326089570558e-01  2.126436685930448e-01  2.326984714024387e-01  2.126436685930448e-01  1.795090215725632e-03  2.126436685930448e-01  9.900479286259697e-01  2.126436685930448e-01  2.101783686535809e-01  2.126436685930448e-01  1.400641865179607e-03 
 2.166436685930448e-01  1.341981870156297e+00  2.166436685930448e-01  1.444305002424476e+00  2.166436685930448e-01  8.392212741638262e-01  2.166436685930448e-01  2.328972802421325e-01  2.166436685930448e-01  1.798789886974558e-03  2.166436685930448e-01  9.914429215913159e-01  2.166436685930448e-01  2.099517583419256e-01  2.166436685930448e-01  1.396932825375025e-03 
 2.206436685930448e-01  1.341039943217712e+00  2.206436685930448e-01  1.445249358743099e+00  2.206436685930448e-01  8.378099082252364e-01  2.206436685930448e-01  2.330958767670786e-01  2.206436685930448e-01  1.802489148081329e-03  2.206436685930448e-01  9.928376348213948e-01  2.206436685930448e-01  2.097248355268971e-01  2.206436685930448e-01  1.393224022903979e-03 
 2.246436685930448e-01  1.340098122372486e+00  2.246436685930448e-01  1.446193652925689e+00  2.246436685930448e-01  8.363985134867005e-01  2.246436685930448e-01  2.332942617266649e-01  2.246436685930448e-01  1.806187992523988e-03  2.246436685930448e-01  9.942320656074133e-01  2.246436685930448e-01  2.094975990911788e-01  2.246436685930448e-01  1.389515464447497e-03 
 2.286436685930448e-01  1.339156409289998e+00  2.286436685930448e-01  1.447137883281443e+00  2.286436685930448e-01  8.349870923000173e-01  2.286436685930448e-01  2.334924358673942e-01  2.286436685930448e-01  1.809886413746351e-03  2.286436685930448e-01  9.956262112397249e-01  2.286436685930448e-01  2.092700479091009e-01  2.286436685930448e-01  1.385807156645449e-03 
 2.326436685930448e-01  1.338214805641513e+00  2.326436685930448e-01  1.448082048104195e+00  2.326436685930448e-01  8.335756470190048e-01  2.326436685930448e-01  2.336903999342712e-01  2.326436685930448e-01  1.813584405184800e-03  2.326436685930448e-01  9.970200689916053e-01  2.326436685930448e-01  2.090421808525145e-01  2.326436685930448e-01  1.382099106198036e-03 
 2.366436685930448e-01  1.337273313108405e+00  2.366436685930448e-01  1.449026145702401e+00  2.366436685930448e-01  8.321641800049029e-01  2.366436685930448e-01  2.338881546692243e-01  2.366436685930448e-01  1.817281960236026e-03  2.366436685930448e-01  9.984136361378529e-01  2.366436685930448e-01  2.088139967838353e-01  2.366436685930448e-01  1.378391319748015e-03 
 2.406436685930448e-01  1.336331933369406e+00  2.406436685930448e-01  1.449970174351571e+00  2.406436685930448e-01  8.307526936181707e-01  2.406436685930448e-01  2.340857008136551e-01  2.406436685930448e-01  1.820979072307101e-03  2.406436685930448e-01  9.998069099250343e-01  2.406436685930448e-01  2.085854945669552e-01  2.406436685930448e-01  1.374683804067558e-03 
 2.446436685930448e-01  1.335390668113257e+00  2.446436685930448e-01  1.450914132340542e+00  2.446436685930448e-01  8.293411902267566e-01  2.446436685930448e-01  2.342830391059894e-01  2.446436685930448e-01  1.824675734765787e-03  2.446436685930448e-01  1.001199887600233e+00  2.446436685930448e-01  2.083566730565171e-01  2.446436685930448e-01  1.370976565876436e-03 
 2.486436685930448e-01  1.334449519032538e+00  2.486436685930448e-01  1.451858017948227e+00  2.486436685930448e-01  8.279296722021670e-01  2.486436685930448e-01  2.344801702829296e-01  2.486436685930448e-01  1.828371940964753e-03  2.486436685930448e-01  1.002592566396459e+00  2.486436685930448e-01  2.081275311032232e-01  2.486436685930448e-01  1.367269611933373e-03 
 2.526436685930448e-01  1.333508487822070e+00  2.526436685930448e-01  1.452801829437341e+00  2.526436685930448e-01  8.265181419184989e-01  2.526436685930448e-01  2.346770950798087e-01  2.526436685930448e-01  1.832067684247863e-03  2.526436685930448e-01  1.003984943528647e+00  2.526436685930448e-01  2.078980675552490e-01  2.526436685930448e-01  1.363562949060740e-03 
 2.566436685930448e-01  1.332567576184081e+00  2.566436685930448e-01  1.453745565072862e+00  2.566436685930448e-01  8.251066017558619e-01  2.566436685930448e-01  2.348738142296187e-01  2.566436685930448e-01  1.835762957929927e-03  2.566436685930448e-01  1.005377016205058e+00  2.566436685930448e-01  2.076682812539085e-01  2.566436685930448e-01  1.359856584071980e-03 
 2.606436685930448e-01  1.331626785832300e+00  2.606436685930448e-01  1.454689223136661e+00  2.606436685930448e-01  8.236950541030938e-01  2.606436685930448e-01  2.350703284622499e-01  2.606436685930448e-01  1.839457755280546e-03  2.606436685930448e-01  1.006768781636250e+00  2.606436685930448e-01  2.074381710301755e-01  2.606436685930448e-01  1.356150523714186e-03 
 2.646436685930448e-01  1.330686118472567e+00  2.646436685930448e-01  1.455632801855772e+00  2.646436685930448e-01  8.222835013452621e-01  2.646436685930448e-01  2.352666385083242e-01  2.646436685930448e-01  1.843152069600324e-03  2.646436685930448e-01  1.008160236990383e+00  2.646436685930448e-01  2.072077357213327e-01  2.646436685930448e-01  1.352444774949790e-03 
 2.686436685930448e-01  1.329745575825352e+00  2.686436685930448e-01  1.456576299484657e+00  2.686436685930448e-01  8.208719458783377e-01  2.686436685930448e-01  2.354627450948335e-01  2.686436685930448e-01  1.846845894132429e-03  2.686436685930448e-01  1.009551379444277e+00  2.686436685930448e-01  2.069769741517707e-01  2.686436685930448e-01  1.348739344633490e-03 
 2.726436685930448e-01  1.328805159619056e+00  2.726436685930448e-01  1.457519714280066e+00  2.726436685930448e-01  8.194603901049171e-01  2.726436685930448e-01  2.356586489464904e-01  2.726436685930448e-01  1.850539222088830e-03  2.726436685930448e-01  1.010942206167644e+00  2.726436685930448e-01  2.067458851387568e-01  2.726436685930448e-01  1.345034239611001e-03 
 2.766436685930448e-01  1.327864871578265e+00  2.766436685930448e-01  1.458463044457631e+00  2.766436685930448e-01  8.180488364266704e-01  2.766436685930448e-01  2.358543507880606e-01  2.766436685930448e-01  1.854232046696527e-03  2.766436685930448e-01  1.012332714296057e+00  2.766436685930448e-01  2.065144675025478e-01  2.766436685930448e-01  1.341329466889485e-03 
 2.806436685930448e-01  1.326924713441207e+00  2.806436685930448e-01  1.459406288255163e+00  2.806436685930448e-01  8.166372872557521e-01  2.806436685930448e-01  2.360498513409985e-01  2.806436685930448e-01  1.857924361128901e-03  2.806436685930448e-01  1.013722900970129e+00  2.806436685930448e-01  2.062827200515233e-01  2.806436685930448e-01  1.337625033388996e-03 
 2.846436685930449e-01  1.325984686949494e+00  2.846436685930449e-01  1.460349443894759e+00  2.846436685930449e-01  8.152257450081956e-01  2.846436685930449e-01  2.362451513254923e-01  2.846436685930449e-01  1.861616158546091e-03  2.846436685930449e-01  1.015112763311890e+00  2.846436685930449e-01  2.060506415909949e-01  2.846436685930449e-01  1.333920946091283e-03 
 2.886436685930449e-01  1.325044793849477e+00  2.886436685930449e-01  1.461292509587252e+00  2.886436685930449e-01  8.138142121048765e-01  2.886436685930449e-01  2.364402514602325e-01  2.886436685930449e-01  1.865307432089554e-03  2.886436685930449e-01  1.016502298427447e+00  2.886436685930449e-01  2.058182309221175e-01  2.886436685930449e-01  1.330217212022306e-03 
 2.926436685930449e-01  1.324105035895180e+00  2.926436685930449e-01  1.462235483542389e+00  2.926436685930449e-01  8.124026909734806e-01  2.926436685930449e-01  2.366351524618933e-01  2.926436685930449e-01  1.868998174870695e-03  2.926436685930449e-01  1.017891503413178e+00  2.926436685930449e-01  2.055854868394362e-01  2.926436685930449e-01  1.326513838212286e-03 
 2.966436685930449e-01  1.323165414846354e+00  2.966436685930449e-01  1.463178363961271e+00  2.966436685930449e-01  8.109911840473305e-01  2.966436685930449e-01  2.368298550455452e-01  2.966436685930449e-01  1.872688379978381e-03  2.966436685930449e-01  1.019280375350948e+00  2.966436685930449e-01  2.053524081326091e-01  2.966436685930449e-01  1.322810831725409e-03 
 3.006436685930449e-01  1.322225932472878e+00  3.006436685930449e-01  1.464121149051915e+00  3.006436685930449e-01  8.095796937682911e-01  3.006436685930449e-01  2.370243599238476e-01  3.006436685930449e-01  1.876378040461694e-03  3.006436685930449e-01  1.020668911317612e+00  3.006436685930449e-01  2.051189935826575e-01  3.006436685930449e-01  1.319108199598605e-03 
 3.046436685930449e-01  1.321286590540911e+00  3.046436685930449e-01  1.465063836978300e+00  3.046436685930449e-01  8.081682225778606e-01  3.046436685930449e-01  2.372186678097695e-01  3.046436685930449e-01  1.880067149384360e-03  3.046436685930449e-01  1.022057108353394e+00  3.046436685930449e-01  2.048852419739850e-01  3.046436685930449e-01  1.315405949041824e-03 
 3.086436685930449e-01  1.320347390833056e+00  3.086436685930449e-01  1.466006425933284e+00  3.086436685930449e-01  8.067567729303377e-01  3.086436685930449e-01  2.374127794127306e-01  3.086436685930449e-01  1.883755699745483e-03  3.086436685930449e-01  1.023444963506881e+00  3.086436685930449e-01  2.046511520770450e-01  3.086436685930449e-01  1.311704087151520e-03 
 3.126436685930449e-01  1.319408335137550e+00  3.126436685930449e-01  1.466948914098686e+00  3.126436685930449e-01  8.053453472858886e-01  3.126436685930449e-01  2.376066954407384e-01  3.126436685930449e-01  1.887443684522080e-03  3.126436685930449e-01  1.024832473810199e+00  3.126436685930449e-01  2.044167226577245e-01  3.126436685930449e-01  1.308002621067529e-03 
 3.166436685930449e-01  1.318469425240835e+00  3.166436685930449e-01  1.467891299617955e+00  3.166436685930449e-01  8.039339481057608e-01  3.166436685930449e-01  2.378004166018571e-01  3.166436685930449e-01  1.891131096698194e-03  3.166436685930449e-01  1.026219636262042e+00  3.166436685930449e-01  2.041819524838065e-01  3.166436685930449e-01  1.304301558080329e-03 
 3.206436685930449e-01  1.317530662945378e+00  3.206436685930449e-01  1.468833580660230e+00  3.206436685930449e-01  8.025225778639657e-01  3.206436685930449e-01  2.379939436008166e-01  3.206436685930449e-01  1.894817929194935e-03  3.206436685930449e-01  1.027606447867115e+00  3.206436685930449e-01  2.039468403096653e-01  3.206436685930449e-01  1.300600905379465e-03 
 3.246436685930449e-01  1.316592050059528e+00  3.246436685930449e-01  1.469775755383062e+00  3.246436685930449e-01  8.011112390407572e-01  3.246436685930449e-01  2.381872771410136e-01  3.246436685930449e-01  1.898504174910315e-03  3.246436685930449e-01  1.028992905612987e+00  3.246436685930449e-01  2.037113848850674e-01  3.246436685930449e-01  1.296900670200061e-03 
 3.286436685930449e-01  1.315653588394479e+00  3.286436685930449e-01  1.470717821920874e+00  3.286436685930449e-01  7.996999341207182e-01  3.286436685930449e-01  2.383804179251341e-01  3.286436685930449e-01  1.902189826731173e-03  3.286436685930449e-01  1.030379006462864e+00  3.286436685930449e-01  2.034755849578766e-01  3.286436685930449e-01  1.293200859867949e-03 
 3.326436685930449e-01  1.314715279768238e+00  3.326436685930449e-01  1.471659778398918e+00  3.326436685930449e-01  7.982886655954189e-01  3.326436685930449e-01  2.385733666544333e-01  3.326436685930449e-01  1.905874877517608e-03  3.326436685930449e-01  1.031764747364100e+00  3.326436685930449e-01  2.032394392706797e-01  3.326436685930449e-01  1.289501481745018e-03 
 3.366436685930449e-01  1.313777126012910e+00  3.366436685930449e-01  1.472601622958920e+00  3.366436685930449e-01  7.968774359682540e-01  3.366436685930449e-01  2.387661240273827e-01  3.366436685930449e-01  1.909559320074314e-03  3.366436685930449e-01  1.033150125263846e+00  3.366436685930449e-01  2.030029465545539e-01  3.366436685930449e-01  1.285802543128432e-03 
 3.406436685930449e-01  1.312839128963536e+00  3.406436685930449e-01  1.473543353718319e+00  3.406436685930449e-01  7.954662477472271e-01  3.406436685930449e-01  2.389586907418565e-01  3.406436685930449e-01  1.913243147194466e-03  3.406436685930449e-01  1.034535137083836e+00  3.406436685930449e-01  2.027661055387786e-01  3.406436685930449e-01  1.282104051410709e-03 
 3.446436685930449e-01  1.311901290457207e+00  3.446436685930449e-01  1.474484968766625e+00  3.446436685930449e-01  7.940551034444603e-01  3.446436685930449e-01  2.391510674953394e-01  3.446436685930449e-01  1.916926351663222e-03  3.446436685930449e-01  1.035919779718033e+00  3.446436685930449e-01  2.025289149516870e-01  3.446436685930449e-01  1.278406014094034e-03 
 3.486436685930449e-01  1.310963612350151e+00  3.486436685930449e-01  1.475426466226345e+00  3.486436685930449e-01  7.926440055874060e-01  3.486436685930449e-01  2.393432549817041e-01  3.486436685930449e-01  1.920608926190541e-03  3.486436685930449e-01  1.037304050069987e+00  3.486436685930449e-01  2.022913735059080e-01  3.486436685930449e-01  1.274708438550989e-03 
 3.526436685930449e-01  1.310026096499312e+00  3.526436685930449e-01  1.476367844186087e+00  3.526436685930449e-01  7.912329567069193e-01  3.526436685930449e-01  2.395352538947787e-01  3.526436685930449e-01  1.924290863483584e-03  3.526436685930449e-01  1.038687945011555e+00  3.526436685930449e-01  2.020534799144237e-01  3.526436685930449e-01  1.271011332287251e-03 
 3.566436685930449e-01  1.309088744768733e+00  3.566436685930449e-01  1.477309100723152e+00  3.566436685930449e-01  7.898219593414932e-01  3.566436685930449e-01  2.397270649271692e-01  3.566436685930449e-01  1.927972156221652e-03  3.566436685930449e-01  1.040071461396686e+00  3.566436685930449e-01  2.018152328850777e-01  3.566436685930449e-01  1.267314702852888e-03 
 3.606436685930449e-01  1.308151559031360e+00  3.606436685930449e-01  1.478250233909335e+00  3.606436685930449e-01  7.884110160385120e-01  3.606436685930449e-01  2.399186887699580e-01  3.606436685930449e-01  1.931652797049039e-03  3.606436685930449e-01  1.041454596064859e+00  3.606436685930449e-01  2.015766311191066e-01  3.606436685930449e-01  1.263618557819603e-03 
 3.646436685930449e-01  1.307214541172104e+00  3.646436685930449e-01  1.479191241821382e+00  3.646436685930449e-01  7.870001293563375e-01  3.646436685930449e-01  2.401101261121718e-01  3.646436685930449e-01  1.935332778563089e-03  3.646436685930449e-01  1.042837345847351e+00  3.646436685930449e-01  2.013376733085179e-01  3.646436685930449e-01  1.259922904739580e-03 
 3.686436685930449e-01  1.306277693080517e+00  3.686436685930449e-01  1.480132122514146e+00  3.686436685930449e-01  7.855893018596022e-01  3.686436685930449e-01  2.403013776422169e-01  3.686436685930449e-01  1.939012093342907e-03  3.686436685930449e-01  1.044219707550647e+00  3.686436685930449e-01  2.010983581425500e-01  3.686436685930449e-01  1.256227751250989e-03 
 3.726436685930449e-01  1.305341016653788e+00  3.726436685930449e-01  1.481072874030893e+00  3.726436685930449e-01  7.841785361212423e-01  3.726436685930449e-01  2.404924440473530e-01  3.726436685930449e-01  1.942690733937568e-03  3.726436685930449e-01  1.045601677962638e+00  3.726436685930449e-01  2.008586843051144e-01  3.726436685930449e-01  1.252533105037491e-03 
 3.766436685930449e-01  1.304404513798644e+00  3.766436685930449e-01  1.482013494409392e+00  3.766436685930449e-01  7.827678347238295e-01  3.766436685930449e-01  2.406833260133815e-01  3.766436685930449e-01  1.946368692858747e-03  3.766436685930449e-01  1.046983253856219e+00  3.766436685930449e-01  2.006186504732435e-01  3.766436685930449e-01  1.248838973804309e-03 
 3.806436685930449e-01  1.303468186433292e+00  3.806436685930449e-01  1.482953981688329e+00  3.806436685930449e-01  7.813572002609090e-01  3.806436685930449e-01  2.408740242243223e-01  3.806436685930449e-01  1.950045962573006e-03  3.806436685930449e-01  1.048364431993076e+00  3.806436685930449e-01  2.003782553154411e-01  3.806436685930449e-01  1.245145365253013e-03 
 3.846436685930449e-01  1.302532036479889e+00  3.846436685930449e-01  1.483894333879873e+00  3.846436685930449e-01  7.799466353321757e-01  3.846436685930449e-01  2.410645393638849e-01  3.846436685930449e-01  1.953722535531387e-03  3.846436685930449e-01  1.049745209106760e+00  3.846436685930449e-01  2.001374974983404e-01  3.846436685930449e-01  1.241452287189341e-03 
 3.886436685930449e-01  1.301596065869669e+00  3.886436685930449e-01  1.484834548987407e+00  3.886436685930449e-01  7.785361425468937e-01  3.886436685930449e-01  2.412548721145442e-01  3.886436685930449e-01  1.957398404149286e-03  3.886436685930449e-01  1.051125581913418e+00  3.886436685930449e-01  1.998963756823037e-01  3.886436685930449e-01  1.237759747453471e-03 
 3.926436685930449e-01  1.300660276547921e+00  3.926436685930449e-01  1.485774625022624e+00  3.926436685930449e-01  7.771257245272398e-01  3.926436685930449e-01  2.414450231566475e-01  3.926436685930449e-01  1.961073560786912e-03  3.926436685930449e-01  1.052505547122084e+00  3.926436685930449e-01  1.996548885171406e-01  3.926436685930449e-01  1.234067753852952e-03 
 3.966436685930450e-01  1.299724670463442e+00  3.966436685930450e-01  1.486714559967443e+00  3.966436685930450e-01  7.757153839014936e-01  3.966436685930450e-01  2.416349931704541e-01  3.966436685930450e-01  1.964747997790689e-03  3.966436685930450e-01  1.053885101411279e+00  3.966436685930450e-01  1.994130346514059e-01  3.966436685930450e-01  1.230376314312196e-03 
 4.006436685930450e-01  1.298789249578183e+00  4.006436685930450e-01  1.487654351807687e+00  4.006436685930450e-01  7.743051233104224e-01  4.006436685930450e-01  2.418247828343611e-01  4.006436685930450e-01  1.968421707455403e-03  4.006436685930450e-01  1.055264241449437e+00  4.006436685930450e-01  1.991708127240447e-01  4.006436685930450e-01  1.226685436740318e-03 
 4.046436685930450e-01  1.297854015859047e+00  4.046436685930450e-01  1.488593998503399e+00  4.046436685930450e-01  7.728949454020122e-01  4.046436685930450e-01  2.420143928264940e-01  4.046436685930450e-01  1.972094682056327e-03  4.046436685930450e-01  1.056642963876655e+00  4.046436685930450e-01  1.989282213716480e-01  4.046436685930450e-01  1.222995129147603e-03 
 4.086436685930450e-01  1.296918971287590e+00  4.086436685930450e-01  1.489533498022607e+00  4.086436685930450e-01  7.714848528378859e-01  4.086436685930450e-01  2.422038238229340e-01  4.086436685930450e-01  1.975766913811260e-03  4.086436685930450e-01  1.058021265325137e+00  4.086436685930450e-01  1.986852592200349e-01  4.086436685930450e-01  1.219305399513000e-03 
 4.126436685930450e-01  1.295984117851433e+00  4.126436685930450e-01  1.490472848310287e+00  4.126436685930450e-01  7.700748482877880e-01  4.126436685930450e-01  2.423930764993778e-01  4.126436685930450e-01  1.979438394914147e-03  4.126436685930450e-01  1.059399142400125e+00  4.126436685930450e-01  1.984419248918615e-01  4.126436685930450e-01  1.215616255905918e-03 
 4.166436685930450e-01  1.295049457549621e+00  4.166436685930450e-01  1.491412047306784e+00  4.166436685930450e-01  7.686649344331579e-01  4.166436685930450e-01  2.425821515301783e-01  4.166436685930450e-01  1.983109117514062e-03  4.166436685930450e-01  1.060776591690990e+00  4.166436685930450e-01  1.981982170019907e-01  4.166436685930450e-01  1.211927706413961e-03 
 4.206436685930450e-01  1.294114992390332e+00  4.206436685930450e-01  1.492351092939035e+00  4.206436685930450e-01  7.672551139657388e-01  4.206436685930450e-01  2.427710495888274e-01  4.206436685930450e-01  1.986779073724250e-03  4.206436685930450e-01  1.062153609765723e+00  4.206436685930450e-01  1.979541341595961e-01  4.206436685930450e-01  1.208239759177325e-03 
 4.246436685930450e-01  1.293180724388546e+00  4.246436685930450e-01  1.493289983111755e+00  4.246436685930450e-01  7.658453895861297e-01  4.246436685930450e-01  2.429597713484339e-01  4.246436685930450e-01  1.990448255631171e-03  4.246436685930450e-01  1.063530193165457e+00  4.246436685930450e-01  1.977096749703091e-01  4.246436685930450e-01  1.204552422423532e-03 
 4.286436685930450e-01  1.292246655576815e+00  4.286436685930450e-01  1.494228715744770e+00  4.286436685930450e-01  7.644357640109172e-01  4.286436685930450e-01  2.431483174797645e-01  4.286436685930450e-01  1.994116655252356e-03  4.286436685930450e-01  1.064906338426983e+00  4.286436685930450e-01  1.974648380268053e-01  4.286436685930450e-01  1.200865704320642e-03 
 4.326436685930450e-01  1.291312787989684e+00  4.326436685930450e-01  1.495167288717548e+00  4.326436685930450e-01  7.630262399625815e-01  4.326436685930450e-01  2.433366886542021e-01  4.326436685930450e-01  1.997784264597429e-03  4.326436685930450e-01  1.066282042048911e+00  4.326436685930450e-01  1.972196219226109e-01  4.326436685930450e-01  1.197179613195240e-03 
 4.366436685930450e-01  1.290379123678057e+00  4.366436685930450e-01  1.496105699919040e+00  4.366436685930450e-01  7.616168201789886e-01  4.366436685930450e-01  2.435248855411145e-01  4.366436685930450e-01  2.001451075611844e-03  4.366436685930450e-01  1.067657300521779e+00  4.366436685930450e-01  1.969740252395540e-01  4.366436685930450e-01  1.193494157336638e-03 
 4.406436685930450e-01  1.289445664703126e+00  4.406436685930450e-01  1.497043947225754e+00  4.406436685930450e-01  7.602075074094982e-01  4.406436685930450e-01  2.437129088090359e-01  4.406436685930450e-01  2.005117080200585e-03  4.406436685930450e-01  1.069032110314581e+00  4.406436685930450e-01  1.967280465531694e-01  4.406436685930450e-01  1.189809345082961e-03 
 4.446436685930450e-01  1.288512413130983e+00  4.446436685930450e-01  1.497982028482205e+00  4.446436685930450e-01  7.587983044115416e-01  4.446436685930450e-01  2.439007591267251e-01  4.446436685930450e-01  2.008782270249440e-03  4.446436685930450e-01  1.070406467862776e+00  4.446436685930450e-01  1.964816844375667e-01  4.446436685930450e-01  1.186125184897983e-03 
 4.486436685930450e-01  1.287579371046148e+00  4.486436685930450e-01  1.498919941547652e+00  4.486436685930450e-01  7.573892139595569e-01  4.486436685930450e-01  2.440884371606917e-01  4.486436685930450e-01  2.012446637571800e-03  4.486436685930450e-01  1.071780369596441e+00  4.486436685930450e-01  1.962349374535794e-01  4.486436685930450e-01  1.182441685187559e-03 
 4.526436685930450e-01  1.286646540536913e+00  4.526436685930450e-01  1.499857684244150e+00  4.526436685930450e-01  7.559802388355037e-01  4.526436685930450e-01  2.442759435779791e-01  4.526436685930450e-01  2.016110173966236e-03  4.526436685930450e-01  1.073153811908658e+00  4.526436685930450e-01  1.959878041617906e-01  4.526436685930450e-01  1.178758854503564e-03 
 4.566436685930450e-01  1.285713923708479e+00  4.566436685930450e-01  1.500795254401822e+00  4.566436685930450e-01  7.545713818375459e-01  4.566436685930450e-01  2.444632790437710e-01  4.566436685930450e-01  2.019772871164928e-03  4.566436685930450e-01  1.074526791182745e+00  4.566436685930450e-01  1.957402831110290e-01  4.566436685930450e-01  1.175076701366233e-03 
 4.606436685930450e-01  1.284781522677487e+00  4.606436685930450e-01  1.501732649839055e+00  4.606436685930450e-01  7.531626457765720e-01  4.606436685930450e-01  2.446504442224617e-01  4.606436685930450e-01  2.023434720855114e-03  4.606436685930450e-01  1.075899303780111e+00  4.606436685930450e-01  1.954923728432766e-01  4.606436685930450e-01  1.171395234341814e-03 
 4.646436685930450e-01  1.283849339564300e+00  4.646436685930450e-01  1.502669868334905e+00  4.646436685930450e-01  7.517540334712418e-01  4.646436685930450e-01  2.448374397791425e-01  4.646436685930450e-01  2.027095714709440e-03  4.646436685930450e-01  1.077271346023426e+00  4.646436685930450e-01  1.952440719006316e-01  4.646436685930450e-01  1.167714462151030e-03 
 4.686436685930450e-01  1.282917376509777e+00  4.686436685930450e-01  1.503606907686996e+00  4.686436685930450e-01  7.503455477590577e-01  4.686436685930450e-01  2.450242663765380e-01  4.686436685930450e-01  2.030755844320036e-03  4.686436685930450e-01  1.078642914231421e+00  4.686436685930450e-01  1.949953788105044e-01  4.686436685930450e-01  1.164034393441609e-03 
 4.726436685930450e-01  1.281985635661005e+00  4.726436685930450e-01  1.504543765660956e+00  4.726436685930450e-01  7.489371914871314e-01  4.726436685930450e-01  2.452109246777069e-01  4.726436685930450e-01  2.034415101254556e-03  4.726436685930450e-01  1.080014004688202e+00  4.726436685930450e-01  1.947462920984094e-01  4.726436685930450e-01  1.160355036986963e-03 
 4.766436685930450e-01  1.281054119179811e+00  4.766436685930450e-01  1.505480440019471e+00  4.766436685930450e-01  7.475289675178474e-01  4.766436685930450e-01  2.453974153445211e-01  4.766436685930450e-01  2.038073477022795e-03  4.766436685930450e-01  1.081384613660596e+00  4.766436685930450e-01  1.944968102804785e-01  4.766436685930450e-01  1.156676401571964e-03 
 4.806436685930450e-01  1.280122829236913e+00  4.806436685930450e-01  1.506416928501233e+00  4.806436685930450e-01  7.461208787251398e-01  4.806436685930450e-01  2.455837390387998e-01  4.806436685930450e-01  2.041730963099626e-03  4.806436685930450e-01  1.082754737385307e+00  4.806436685930450e-01  1.942469318687754e-01  4.806436685930450e-01  1.152998496075770e-03 
 4.846436685930450e-01  1.279191768018977e+00  4.846436685930450e-01  1.507353228844665e+00  4.846436685930450e-01  7.447129279992132e-01  4.846436685930450e-01  2.457698964210600e-01  4.846436685930450e-01  2.045387550897282e-03  4.846436685930450e-01  1.084124372083011e+00  4.846436685930450e-01  1.939966553651281e-01  4.846436685930450e-01  1.149321329378482e-03 
 4.886436685930450e-01  1.278260937724809e+00  4.886436685930450e-01  1.508289338774088e+00  4.886436685930450e-01  7.433051182441452e-01  4.886436685930450e-01  2.459558881512749e-01  4.886436685930450e-01  2.049043231780301e-03  4.886436685930450e-01  1.085493513949865e+00  4.886436685930450e-01  1.937459792645931e-01  4.886436685930450e-01  1.145644910415619e-03 
 4.926436685930450e-01  1.277330340558090e+00  4.926436685930450e-01  1.509225255973828e+00  4.926436685930450e-01  7.418974523732446e-01  4.926436685930450e-01  2.461417148902715e-01  4.926436685930450e-01  2.052697997094121e-03  4.926436685930450e-01  1.086862159141767e+00  4.926436685930450e-01  1.934949020620609e-01  4.926436685930450e-01  1.141969248279707e-03 
 4.966436685930450e-01  1.276399978747910e+00  4.966436685930450e-01  1.510160978158464e+00  4.966436685930450e-01  7.404899333225918e-01  4.966436685930450e-01  2.463273772959963e-01  4.966436685930450e-01  2.056351838084349e-03  4.966436685930450e-01  1.088230303816383e+00  4.966436685930450e-01  1.932434222340617e-01  4.966436685930450e-01  1.138294351944437e-03 
 5.006436685930450e-01  1.275469854523092e+00  5.006436685930450e-01  1.511096502983450e+00  5.006436685930450e-01  7.390825640343294e-01  5.006436685930450e-01  2.465128760283060e-01  5.006436685930450e-01  2.060004745997639e-03  5.006436685930450e-01  1.089597944079295e+00  5.006436685930450e-01  1.929915382617546e-01  5.006436685930450e-01  1.134620230615696e-03 
 5.046436685930450e-01  1.274539970135768e+00  5.046436685930450e-01  1.512031828125683e+00  5.046436685930450e-01  7.376753474722213e-01  5.046436685930450e-01  2.466982117446831e-01  5.046436685930450e-01  2.063656711989149e-03  5.046436685930450e-01  1.090965076032166e+00  5.046436685930450e-01  1.927392486100200e-01  5.046436685930450e-01  1.130946893415077e-03 
 5.086436685930450e-01  1.273610327847650e+00  5.086436685930450e-01  1.512966951235421e+00  5.086436685930450e-01  7.362682866127518e-01  5.086436685930450e-01  2.468833851028195e-01  5.086436685930450e-01  2.067307727176366e-03  5.086436685930450e-01  1.092331695743709e+00  5.086436685930450e-01  1.924865517398143e-01  5.086436685930450e-01  1.127274349568828e-03 
 5.126436685930450e-01  1.272680929929944e+00  5.126436685930450e-01  1.513901869935292e+00  5.126436685930450e-01  7.348613844451889e-01  5.126436685930450e-01  2.470683967606880e-01  5.126436685930450e-01  2.070957782639510e-03  5.126436685930450e-01  1.093697799248930e+00  5.126436685930450e-01  1.922334461083691e-01  5.126436685930450e-01  1.123602608411623e-03 
 5.166436685930450e-01  1.271751778672086e+00  5.166436685930450e-01  1.514836581849587e+00  5.166436685930450e-01  7.334546439774089e-01  5.166436685930450e-01  2.472532473749966e-01  5.166436685930450e-01  2.074606869387190e-03  5.166436685930450e-01  1.095063382566466e+00  5.166436685930450e-01  1.919799301614910e-01  5.166436685930450e-01  1.119931679271598e-03 
 5.206436685930450e-01  1.270822876374996e+00  5.206436685930450e-01  1.515771084580225e+00  5.206436685930450e-01  7.320480682315972e-01  5.206436685930450e-01  2.474379376024866e-01  5.206436685930450e-01  2.078254978382940e-03  5.206436685930450e-01  1.096428441684018e+00  5.206436685930450e-01  1.917260023397296e-01  5.206436685930450e-01  1.116261571564734e-03 
 5.246436685930450e-01  1.269894225352959e+00  5.246436685930450e-01  1.516705375712530e+00  5.246436685930450e-01  7.306416602455851e-01  5.246436685930450e-01  2.476224680996455e-01  5.246436685930450e-01  2.081902100537770e-03  5.246436685930450e-01  1.097792972561609e+00  5.246436685930450e-01  1.914716610767967e-01  5.246436685930450e-01  1.112592294772140e-03 
 5.286436685930450e-01  1.268965827937639e+00  5.286436685930450e-01  1.517639452828118e+00  5.286436685930450e-01  7.292354230755946e-01  5.286436685930450e-01  2.478068395220345e-01  5.286436685930450e-01  2.085548226694497e-03  5.286436685930450e-01  1.099156971139084e+00  5.286436685930450e-01  1.912169047960953e-01  5.286436685930450e-01  1.108923858389440e-03 
 5.326436685930450e-01  1.268037686468527e+00  5.326436685930450e-01  1.518573313471479e+00  5.326436685930450e-01  7.278293597900911e-01  5.326436685930450e-01  2.479910525260923e-01  5.326436685930450e-01  2.089193347665135e-03  5.326436685930450e-01  1.100520433315971e+00  5.326436685930450e-01  1.909617319194138e-01  5.326436685930450e-01  1.105256272058062e-03 
 5.366436685930450e-01  1.267109803309333e+00  5.366436685930450e-01  1.519506955205175e+00  5.366436685930450e-01  7.264234734806502e-01  5.366436685930450e-01  2.481751077662029e-01  5.366436685930450e-01  2.092837454166608e-03  5.366436685930450e-01  1.101883354984190e+00  5.366436685930450e-01  1.907061408523223e-01  5.366436685930450e-01  1.101589545348422e-03 
 5.406436685930450e-01  1.266182180825568e+00  5.406436685930450e-01  1.520440375532475e+00  5.406436685930450e-01  7.250177672473712e-01  5.406436685930450e-01  2.483590058988517e-01  5.406436685930450e-01  2.096480536908775e-03  5.406436685930450e-01  1.103245731981757e+00  5.406436685930450e-01  1.904501300044619e-01  5.406436685930450e-01  1.097923688063759e-03 
 5.446436685930450e-01  1.265254821408270e+00  5.446436685930450e-01  1.521373571977569e+00  5.446436685930450e-01  7.236122442145508e-01  5.446436685930450e-01  2.485427475783532e-01  5.446436685930450e-01  2.100122586501208e-03  5.446436685930450e-01  1.104607560140355e+00  5.446436685930450e-01  1.901936977683155e-01  5.446436685930450e-01  1.094258709925143e-03 
 5.486436685930450e-01  1.264327727456478e+00  5.486436685930450e-01  1.522306542024874e+00  5.486436685930450e-01  7.222069075193159e-01  5.486436685930450e-01  2.487263334601163e-01  5.486436685930450e-01  2.103763593522111e-03  5.486436685930450e-01  1.105968835248990e+00  5.486436685930450e-01  1.899368425351354e-01  5.486436685930450e-01  1.090594620809755e-03 
 5.526436685930450e-01  1.263400901390391e+00  5.526436685930450e-01  1.523239283163098e+00  5.526436685930450e-01  7.208017603203661e-01  5.526436685930450e-01  2.489097641983038e-01  5.526436685930450e-01  2.107403548466544e-03  5.526436685930450e-01  1.107329553079998e+00  5.526436685930450e-01  1.896795626832011e-01  5.526436685930450e-01  1.086931430577968e-03 
 5.566436685930450e-01  1.262474345637407e+00  5.566436685930450e-01  1.524171792836882e+00  5.566436685930450e-01  7.193968057889483e-01  5.566436685930450e-01  2.490930404484412e-01  5.566436685930450e-01  2.111042441801299e-03  5.566436685930450e-01  1.108689709360093e+00  5.566436685930450e-01  1.894218565905633e-01  5.566436685930450e-01  1.083269149263152e-03 
 5.606436685930450e-01  1.261548062648798e+00  5.606436685930450e-01  1.525104068502652e+00  5.606436685930450e-01  7.179920471199064e-01  5.606436685930450e-01  2.492761628644470e-01  5.606436685930450e-01  2.114680263899429e-03  5.606436685930450e-01  1.110049299803326e+00  5.606436685930450e-01  1.891637226201072e-01  5.606436685930450e-01  1.079607786852347e-03 
 5.646436685930450e-01  1.260622054884074e+00  5.646436685930450e-01  1.526036107574623e+00  5.646436685930450e-01  7.165874875215582e-01  5.646436685930450e-01  2.494591321015369e-01  5.646436685930450e-01  2.118317005101583e-03  5.646436685930450e-01  1.111408320078821e+00  5.646436685930450e-01  1.889051591338438e-01  5.646436685930450e-01  1.075947353498368e-03 
 5.686436685930450e-01  1.259696324825341e+00  5.686436685930450e-01  1.526967907472700e+00  5.686436685930450e-01  7.151831302252348e-01  5.686436685930450e-01  2.496419488136895e-01  5.686436685930450e-01  2.121952655659761e-03  5.686436685930450e-01  1.112766765838963e+00  5.686436685930450e-01  1.886461644800367e-01  5.686436685930450e-01  1.072287859331639e-03 
 5.726436685930451e-01  1.258770874964912e+00  5.726436685930451e-01  1.527899465579552e+00  5.726436685930451e-01  7.137789784772849e-01  5.726436685930451e-01  2.498246136559497e-01  5.726436685930451e-01  2.125587205785761e-03  5.726436685930451e-01  1.114124632693739e+00  5.726436685930451e-01  1.883867370045876e-01  5.726436685930451e-01  1.068629314628801e-03 
 5.766436685930451e-01  1.257845707814872e+00  5.766436685930451e-01  1.528830779272137e+00  5.766436685930451e-01  7.123750355454752e-01  5.766436685930451e-01  2.500071272827720e-01  5.766436685930451e-01  2.129220645613833e-03  5.766436685930451e-01  1.115481916229186e+00  5.766436685930451e-01  1.881268750425087e-01  5.766436685930451e-01  1.064971729688883e-03 
 5.806436685930451e-01  1.256920825899090e+00  5.806436685930451e-01  1.529761845893873e+00  5.806436685930451e-01  7.109713047138785e-01  5.806436685930451e-01  2.501894903495266e-01  5.806436685930451e-01  2.132852965231880e-03  5.806436685930451e-01  1.116838611990714e+00  5.806436685930451e-01  1.878665769253067e-01  5.806436685930451e-01  1.061315114942597e-03 
 5.846436685930451e-01  1.255996231767966e+00  5.846436685930451e-01  1.530692662803373e+00  5.846436685930451e-01  7.095677892926856e-01  5.846436685930451e-01  2.503717035099027e-01  5.846436685930451e-01  2.136484154623628e-03  5.846436685930451e-01  1.118194715511644e+00  5.846436685930451e-01  1.876058409677580e-01  5.846436685930451e-01  1.057659480760983e-03 
 5.886436685930451e-01  1.255071927977895e+00  5.886436685930451e-01  1.531623227304386e+00  5.886436685930451e-01  7.081644926048642e-01  5.886436685930451e-01  2.505537674196929e-01  5.886436685930451e-01  2.140114203749259e-03  5.886436685930451e-01  1.119550222271631e+00  5.886436685930451e-01  1.873446654867042e-01  5.886436685930451e-01  1.054004837730484e-03 
 5.926436685930451e-01  1.254147917105220e+00  5.926436685930451e-01  1.532553536691948e+00  5.926436685930451e-01  7.067614179954423e-01  5.926436685930451e-01  2.507356827343376e-01  5.926436685930451e-01  2.143743102490647e-03  5.926436685930451e-01  1.120905127723676e+00  5.926436685930451e-01  1.870830487885310e-01  5.926436685930451e-01  1.050351196471744e-03 
 5.966436685930451e-01  1.253224201746963e+00  5.966436685930451e-01  1.533483588253760e+00  5.966436685930451e-01  7.053585688321324e-01  5.966436685930451e-01  2.509174501088629e-01  5.966436685930451e-01  2.147370840648388e-03  5.966436685930451e-01  1.122259427294679e+00  5.966436685930451e-01  1.868209891686709e-01  5.966436685930451e-01  1.046698567634193e-03 
 6.006436685930451e-01  1.252300784517501e+00  6.006436685930451e-01  1.534413379258085e+00  6.006436685930451e-01  7.039559485032855e-01  6.006436685930451e-01  2.510990701985554e-01  6.006436685930451e-01  2.150997407954949e-03  6.006436685930451e-01  1.123613116378060e+00  6.006436685930451e-01  1.865584849147753e-01  6.006436685930451e-01  1.043046961943560e-03 
 6.046436685930451e-01  1.251377668041807e+00  6.046436685930451e-01  1.535342906930273e+00  6.046436685930451e-01  7.025535604135890e-01  6.046436685930451e-01  2.512805436602509e-01  6.046436685930451e-01  2.154622794101218e-03  6.046436685930451e-01  1.124966190319734e+00  6.046436685930451e-01  1.862955343130363e-01  6.046436685930451e-01  1.039396390294072e-03 
 6.086436685930451e-01  1.250454854970812e+00  6.086436685930451e-01  1.536272168503170e+00  6.086436685930451e-01  7.011514079943029e-01  6.086436685930451e-01  2.514618711496361e-01  6.086436685930451e-01  2.158246988676081e-03  6.086436685930451e-01  1.126318644447490e+00  6.086436685930451e-01  1.860321356343555e-01  6.086436685930451e-01  1.035746863550513e-03 
 6.126436685930451e-01  1.249532347970918e+00  6.126436685930451e-01  1.537201161181011e+00  6.126436685930451e-01  6.997494946965074e-01  6.126436685930451e-01  2.516430533232136e-01  6.126436685930451e-01  2.161869981207689e-03  6.126436685930451e-01  1.127670474049522e+00  6.126436685930451e-01  1.857682871440749e-01  6.126436685930451e-01  1.032098392689960e-03 
 6.166436685930451e-01  1.248610149723208e+00  6.166436685930451e-01  1.538129882135910e+00  6.166436685930451e-01  6.983478239907336e-01  6.166436685930451e-01  2.518240908385164e-01  6.166436685930451e-01  2.165491761166536e-03  6.166436685930451e-01  1.129021674372140e+00  6.166436685930451e-01  1.855039871028754e-01  6.166436685930451e-01  1.028450988815652e-03 
 6.206436685930451e-01  1.247688262934269e+00  6.206436685930451e-01  1.539058328542949e+00  6.206436685930451e-01  6.969463993742190e-01  6.206436685930451e-01  2.520049843522380e-01  6.206436685930451e-01  2.169112317922966e-03  6.206436685930451e-01  1.130372240640074e+00  6.206436685930451e-01  1.852392337570418e-01  6.206436685930451e-01  1.024804663019132e-03 
 6.246436685930451e-01  1.246766690322453e+00  6.246436685930451e-01  1.539986497533348e+00  6.246436685930451e-01  6.955452243620267e-01  6.246436685930451e-01  2.521857345227738e-01  6.246436685930451e-01  2.172731640801072e-03  6.246436685930451e-01  1.131722168028789e+00  6.246436685930451e-01  1.849740253512286e-01  6.246436685930451e-01  1.021159426564153e-03 
 6.286436685930451e-01  1.245845434627919e+00  6.286436685930451e-01  1.540914386226965e+00  6.286436685930451e-01  6.941443024937971e-01  6.286436685930451e-01  2.523663420084977e-01  6.286436685930451e-01  2.176349719039379e-03  6.286436685930451e-01  1.133071451683263e+00  6.286436685930451e-01  1.847083601194379e-01  6.286436685930451e-01  1.017515290759076e-03 
 6.326436685930451e-01  1.244924498611410e+00  6.326436685930451e-01  1.541841991727122e+00  6.326436685930451e-01  6.927436373330920e-01  6.326436685930451e-01  2.525468074680556e-01  6.326436685930451e-01  2.179966541795510e-03  6.326436685930451e-01  1.134420086714675e+00  6.326436685930451e-01  1.844422362863274e-01  6.326436685930451e-01  1.013872266977183e-03 
 6.366436685930451e-01  1.244003885051364e+00  6.366436685930451e-01  1.542769311110049e+00  6.366436685930451e-01  6.913432324656523e-01  6.366436685930451e-01  2.527271315609635e-01  6.366436685930451e-01  2.183582098157606e-03  6.366436685930451e-01  1.135768068193989e+00  6.366436685930451e-01  1.841756520700291e-01  6.366436685930451e-01  1.010230366698122e-03 
 6.406436685930451e-01  1.243083596747243e+00  6.406436685930451e-01  1.543696341434783e+00  6.406436685930451e-01  6.899430915017395e-01  6.406436685930451e-01  2.529073149470896e-01  6.406436685930451e-01  2.187196377131251e-03  6.406436685930451e-01  1.137115391157450e+00  6.406436685930451e-01  1.839086056793110e-01  6.406436685930451e-01  1.006589601469034e-03 
 6.446436685930451e-01  1.242163636516215e+00  6.446436685930451e-01  1.544623079731298e+00  6.446436685930451e-01  6.885432180741122e-01  6.446436685930451e-01  2.530873582873277e-01  6.446436685930451e-01  2.190809367652478e-03  6.446436685930451e-01  1.138462050599399e+00  6.446436685930451e-01  1.836410953167751e-01  6.446436685930451e-01  1.002949982951166e-03 
 6.486436685930451e-01  1.241244007195143e+00  6.486436685930451e-01  1.545549523005908e+00  6.486436685930451e-01  6.871436158394998e-01  6.486436685930451e-01  2.532672622433214e-01  6.486436685930451e-01  2.194421058580009e-03  6.486436685930451e-01  1.139808041475167e+00  6.486436685930451e-01  1.833731191772690e-01  6.486436685930451e-01  9.993115228986876e-04 
 6.526436685930451e-01  1.240324711648094e+00  6.526436685930451e-01  1.546475668264898e+00  6.526436685930451e-01  6.857442884836839e-01  6.526436685930451e-01  2.534470274762041e-01  6.526436685930451e-01  2.198031438665668e-03  6.526436685930451e-01  1.141153358714498e+00  6.526436685930451e-01  1.831046754411580e-01  6.526436685930451e-01  9.956742330658138e-04 
 6.566436685930451e-01  1.239405752750416e+00  6.566436685930451e-01  1.547401512461109e+00  6.566436685930451e-01  6.843452397112113e-01  6.566436685930451e-01  2.536266546495259e-01  6.566436685930451e-01  2.201640496617012e-03  6.566436685930451e-01  1.142497997190254e+00  6.566436685930451e-01  1.828357622891685e-01  6.566436685930451e-01  9.920381254166499e-04 
 6.606436685930451e-01  1.238487133403707e+00  6.606436685930451e-01  1.548327052542037e+00  6.606436685930451e-01  6.829464732553915e-01  6.606436685930451e-01  2.538061444266648e-01  6.606436685930451e-01  2.205248221038514e-03  6.606436685930451e-01  1.143841951746060e+00  6.606436685930451e-01  1.825663778888327e-01  6.606436685930451e-01  9.884032119362731e-04 
 6.646436685930451e-01  1.237568856529608e+00  6.646436685930451e-01  1.549252285428319e+00  6.646436685930451e-01  6.815479928743801e-01  6.646436685930451e-01  2.539854974720160e-01  6.646436685930451e-01  2.208854600455893e-03  6.646436685930451e-01  1.145185217183528e+00  6.646436685930451e-01  1.822965204004012e-01  6.646436685930451e-01  9.847695047152049e-04 
 6.686436685930451e-01  1.236650925069873e+00  6.686436685930451e-01  1.550177208012869e+00  6.686436685930451e-01  6.801498023514022e-01  6.686436685930451e-01  2.541647144510679e-01  6.686436685930451e-01  2.212459623315910e-03  6.686436685930451e-01  1.146527788261466e+00  6.686436685930451e-01  1.820261879769949e-01  6.686436685930451e-01  9.811370159528128e-04 
 6.726436685930451e-01  1.235733341989568e+00  6.726436685930451e-01  1.551101817170232e+00  6.726436685930451e-01  6.787519054970249e-01  6.726436685930451e-01  2.543437960299162e-01  6.726436685930451e-01  2.216063277973770e-03  6.726436685930451e-01  1.147869659701005e+00  6.726436685930451e-01  1.817553787618649e-01  6.726436685930451e-01  9.775057579206200e-04 
 6.766436685930451e-01  1.234816110277590e+00  6.766436685930451e-01  1.552026109757019e+00  6.766436685930451e-01  6.773543061496706e-01  6.766436685930451e-01  2.545227428752604e-01  6.766436685930451e-01  2.219665552691071e-03  6.766436685930451e-01  1.149210826185527e+00  6.766436685930451e-01  1.814840908881407e-01  6.766436685930451e-01  9.738757429605027e-04 
 6.806436685930451e-01  1.233899232941876e+00  6.806436685930451e-01  1.552950082595228e+00  6.806436685930451e-01  6.759570081726427e-01  6.806436685930451e-01  2.547015556553432e-01  6.806436685930451e-01  2.223266435654634e-03  6.806436685930451e-01  1.150551282350743e+00  6.806436685930451e-01  1.812123224834601e-01  6.806436685930451e-01  9.702469835502933e-04 
 6.846436685930452e-01  1.232982713012045e+00  6.846436685930452e-01  1.553873732479664e+00  6.846436685930452e-01  6.745600154560413e-01  6.846436685930452e-01  2.548802350395704e-01  6.846436685930452e-01  2.226865914966163e-03  6.846436685930452e-01  1.151891022788680e+00  6.846436685930452e-01  1.809400716677743e-01  6.846436685930452e-01  9.666194922745853e-04 
 6.886436685930452e-01  1.232066553540569e+00  6.886436685930452e-01  1.554797056180570e+00  6.886436685930452e-01  6.731633319177203e-01  6.886436685930452e-01  2.550587816983898e-01  6.886436685930452e-01  2.230463978637551e-03  6.886436685930452e-01  1.153230042048889e+00  6.886436685930452e-01  1.806673365524961e-01  6.886436685930452e-01  9.629932818143972e-04 
 6.926436685930452e-01  1.231150757606289e+00  6.926436685930452e-01  1.555720050453832e+00  6.926436685930452e-01  6.717669615057716e-01  6.926436685930452e-01  2.552371963027634e-01  6.926436685930452e-01  2.234060614577171e-03  6.926436685930452e-01  1.154568334644004e+00  6.926436685930452e-01  1.803941152374689e-01  6.926436685930452e-01  9.593683649071350e-04 
 6.966436685930452e-01  1.230235328310100e+00  6.966436685930452e-01  1.556642712025813e+00  6.966436685930452e-01  6.703709081958810e-01  6.966436685930452e-01  2.554154795250239e-01  6.966436685930452e-01  2.237655810606779e-03  6.966436685930452e-01  1.155905895040677e+00  6.966436685930452e-01  1.801204058151778e-01  6.966436685930452e-01  9.557447544061125e-04 
 7.006436685930452e-01  1.229320268775048e+00  7.006436685930452e-01  1.557565037592306e+00  7.006436685930452e-01  6.689751759915760e-01  7.006436685930452e-01  2.555936320389495e-01  7.006436685930452e-01  2.241249554461138e-03  7.006436685930452e-01  1.157242717658676e+00  7.006436685930452e-01  1.798462063709572e-01  7.006436685930452e-01  9.521224632846973e-04 
 7.046436685930452e-01  1.228405582146635e+00  7.046436685930452e-01  1.558487023818496e+00  7.046436685930452e-01  6.675797689246241e-01  7.046436685930452e-01  2.557716545198028e-01  7.046436685930452e-01  2.244841833786797e-03  7.046436685930452e-01  1.158578796870549e+00  7.046436685930452e-01  1.795715149829065e-01  7.046436685930452e-01  9.485015046364342e-04 
 7.086436685930452e-01  1.227491271597883e+00  7.086436685930452e-01  1.559408667353933e+00  7.086436685930452e-01  6.661846910585399e-01  7.086436685930452e-01  2.559495476435352e-01  7.086436685930452e-01  2.248432636122261e-03  7.086436685930452e-01  1.159914127009871e+00  7.086436685930452e-01  1.792963297174639e-01  7.086436685930452e-01  9.448818916162378e-04 
 7.126436685930452e-01  1.226577340322770e+00  7.126436685930452e-01  1.560329964810110e+00  7.126436685930452e-01  6.647899464844853e-01  7.126436685930452e-01  2.561273120880386e-01  7.126436685930452e-01  2.252021948923698e-03  7.126436685930452e-01  1.161248702358070e+00  7.126436685930452e-01  1.790206486357627e-01  7.126436685930452e-01  9.412636375284939e-04 
 7.166436685930452e-01  1.225663791546889e+00  7.166436685930452e-01  1.561250912793540e+00  7.166436685930452e-01  6.633955393284590e-01  7.166436685930452e-01  2.563049485313650e-01  7.166436685930452e-01  2.255609759523139e-03  7.166436685930452e-01  1.162582517163003e+00  7.166436685930452e-01  1.787444697839466e-01  7.166436685930452e-01  9.376467556971364e-04 
 7.206436685930452e-01  1.224750628510677e+00  7.206436685930452e-01  1.562171507850491e+00  7.206436685930452e-01  6.620014737404722e-01  7.206436685930452e-01  2.564824576547844e-01  7.206436685930452e-01  2.259196055194299e-03  7.206436685930452e-01  1.163915565607035e+00  7.206436685930452e-01  1.784677912090761e-01  7.206436685930452e-01  9.340312596826397e-04 
 7.246436685930452e-01  1.223837854487472e+00  7.246436685930452e-01  1.563091746523742e+00  7.246436685930452e-01  6.606077539066403e-01  7.246436685930452e-01  2.566598401396986e-01  7.246436685930452e-01  2.262780823081707e-03  7.246436685930452e-01  1.165247841839119e+00  7.246436685930452e-01  1.781906109425636e-01  7.246436685930452e-01  9.304171630592028e-04 
 7.286436685930452e-01  1.222925472774031e+00  7.286436685930452e-01  1.564011625320794e+00  7.286436685930452e-01  6.592143840431327e-01  7.286436685930452e-01  2.568370966694144e-01  7.286436685930452e-01  2.266364050237857e-03  7.286436685930452e-01  1.166579339956284e+00  7.286436685930452e-01  1.779129270092778e-01  7.286436685930452e-01  9.268044795395408e-04 
 7.326436685930452e-01  1.222013486694076e+00  7.326436685930452e-01  1.564931140723860e+00  7.326436685930452e-01  6.578213683987274e-01  7.326436685930452e-01  2.570142279286258e-01  7.326436685930452e-01  2.269945723609427e-03  7.326436685930452e-01  1.167910054008989e+00  7.326436685930452e-01  1.776347374245275e-01  7.326436685930452e-01  9.231932229356853e-04 
 7.366436685930452e-01  1.221101899593441e+00  7.366436685930452e-01  1.565850289173059e+00  7.366436685930452e-01  6.564287112518281e-01  7.366436685930452e-01  2.571912346043662e-01  7.366436685930452e-01  2.273525830056196e-03  7.366436685930452e-01  1.169239977991205e+00  7.366436685930452e-01  1.773560401988755e-01  7.366436685930452e-01  9.195834072249580e-04 
 7.406436685930452e-01  1.220190714847415e+00  7.406436685930452e-01  1.566769067088532e+00  7.406436685930452e-01  6.550364169155081e-01  7.406436685930452e-01  2.573681173848251e-01  7.406436685930452e-01  2.277104356322292e-03  7.406436685930452e-01  1.170569105852639e+00  7.406436685930452e-01  1.770768333315544e-01  7.406436685930452e-01  9.159750464631099e-04 
 7.446436685930452e-01  1.219279935859809e+00  7.446436685930452e-01  1.567687470865992e+00  7.446436685930452e-01  6.536444897371083e-01  7.446436685930452e-01  2.575448769596170e-01  7.446436685930452e-01  2.280681289039788e-03  7.446436685930452e-01  1.171897431495815e+00  7.446436685930452e-01  1.767971148116383e-01  7.446436685930452e-01  9.123681548018601e-04 
 7.486436685930452e-01  1.218369566057146e+00  7.486436685930452e-01  1.568605496856926e+00  7.486436685930452e-01  6.522529340946475e-01  7.486436685930452e-01  2.577215140209126e-01  7.486436685930452e-01  2.284256614751609e-03  7.486436685930452e-01  1.173224948764492e+00  7.486436685930452e-01  1.765168826237691e-01  7.486436685930452e-01  9.087627465665853e-04 
 7.526436685930452e-01  1.217459608900819e+00  7.526436685930452e-01  1.569523141405710e+00  7.526436685930452e-01  6.508617544050299e-01  7.526436685930452e-01  2.578980292614114e-01  7.526436685930452e-01  2.287830319863693e-03  7.526436685930452e-01  1.174551651464292e+00  7.526436685930452e-01  1.762361347370772e-01  7.526436685930452e-01  9.051588361105674e-04 
 7.566436685930452e-01  1.216550067872075e+00  7.566436685930452e-01  1.570440400800597e+00  7.566436685930452e-01  6.494709551144069e-01  7.566436685930452e-01  2.580744233770885e-01  7.566436685930452e-01  2.291402390704020e-03  7.566436685930452e-01  1.175877533334601e+00  7.566436685930452e-01  1.759548691195652e-01  7.566436685930452e-01  9.015564380075007e-04 
 7.606436685930452e-01  1.215640946486040e+00  7.606436685930452e-01  1.571357271316703e+00  7.606436685930452e-01  6.480805407076258e-01  7.606436685930452e-01  2.582506970648464e-01  7.606436685930452e-01  2.294972813467548e-03  7.606436685930452e-01  1.177202588072481e+00  7.606436685930452e-01  1.756730837252672e-01  7.606436685930452e-01  8.979555668826813e-04 
 7.646436685930452e-01  1.214732248283327e+00  7.646436685930452e-01  1.572273749188011e+00  7.646436685930452e-01  6.466905157029392e-01  7.646436685930452e-01  2.584268510240981e-01  7.646436685930452e-01  2.298541574249071e-03  7.646436685930452e-01  1.178526809316477e+00  7.646436685930452e-01  1.753907765024339e-01  7.646436685930452e-01  8.943562375229328e-04 
 7.686436685930452e-01  1.213823976831856e+00  7.686436685930452e-01  1.573189830611652e+00  7.686436685930452e-01  6.453008846534465e-01  7.686436685930452e-01  2.586028859565659e-01  7.686436685930452e-01  2.302108659036226e-03  7.686436685930452e-01  1.179850190648643e+00  7.686436685930452e-01  1.751079453921675e-01  7.686436685930452e-01  8.907584648597806e-04 
 7.726436685930452e-01  1.212916135735717e+00  7.726436685930452e-01  1.574105511774298e+00  7.726436685930452e-01  6.439116521531557e-01  7.726436685930452e-01  2.587788025648421e-01  7.726436685930452e-01  2.305674053674519e-03  7.726436685930452e-01  1.181172725608990e+00  7.726436685930452e-01  1.748245883204022e-01  7.726436685930452e-01  8.871622638658540e-04 
 7.766436685930452e-01  1.212008728619951e+00  7.766436685930452e-01  1.575020788802846e+00  7.766436685930452e-01  6.425228228272165e-01  7.766436685930452e-01  2.589546015551717e-01  7.766436685930452e-01  2.309237743927179e-03  7.766436685930452e-01  1.182494407667352e+00  7.766436685930452e-01  1.745407032125502e-01  7.766436685930452e-01  8.835676497485169e-04 
 7.806436685930452e-01  1.211101759146883e+00  7.806436685930452e-01  1.575935657814100e+00  7.806436685930452e-01  6.411344013429160e-01  7.806436685930452e-01  2.591302836347188e-01  7.806436685930452e-01  2.312799715411084e-03  7.806436685930452e-01  1.183815230250888e+00  7.806436685930452e-01  1.742562879784936e-01  7.806436685930452e-01  8.799746377547808e-04 
 7.846436685930452e-01  1.210195231003382e+00  7.846436685930452e-01  1.576850114873310e+00  7.846436685930452e-01  6.397463924015395e-01  7.846436685930452e-01  2.593058495139078e-01  7.846436685930452e-01  2.316359953646633e-03  7.846436685930452e-01  1.185135186720406e+00  7.846436685930452e-01  1.739713405249229e-01  7.846436685930452e-01  8.763832433341093e-04 
 7.886436685930452e-01  1.209289147910031e+00  7.886436685930452e-01  1.577764156021395e+00  7.886436685930452e-01  6.383588007446629e-01  7.886436685930452e-01  2.594812999049487e-01  7.886436685930452e-01  2.319918444021894e-03  7.886436685930452e-01  1.186454270385204e+00  7.886436685930452e-01  1.736858587470329e-01  7.886436685930452e-01  8.727934820315330e-04 
 7.926436685930452e-01  1.208383513620107e+00  7.926436685930452e-01  1.578677777270043e+00  7.926436685930452e-01  6.369716311537290e-01  7.926436685930452e-01  2.596566355221363e-01  7.926436685930452e-01  2.323475171796471e-03  7.926436685930452e-01  1.187772474499883e+00  7.926436685930452e-01  1.733998405298594e-01  7.926436685930452e-01  8.692053695068821e-04 
 7.966436685930453e-01  1.207478331914396e+00  7.966436685930453e-01  1.579590974583999e+00  7.966436685930453e-01  6.355848884469054e-01  7.966436685930453e-01  2.598318570828828e-01  7.966436685930453e-01  2.327030122121959e-03  7.966436685930453e-01  1.189089792254032e+00  7.966436685930453e-01  1.731132837535393e-01  7.966436685930453e-01  8.656189216043627e-04 
 8.006436685930453e-01  1.206573606606874e+00  8.006436685930453e-01  1.580503743897232e+00  8.006436685930453e-01  6.341985774830835e-01  8.006436685930453e-01  2.600069653068518e-01  8.006436685930453e-01  2.330583280019610e-03  8.006436685930453e-01  1.190406216780826e+00  8.006436685930453e-01  1.728261862882986e-01  8.006436685930453e-01  8.620341542890317e-04 
 8.046436685930453e-01  1.205669341544521e+00  8.046436685930453e-01  1.581416081110578e+00  8.046436685930453e-01  6.328127031620182e-01  8.046436685930453e-01  2.601819609161217e-01  8.046436685930453e-01  2.334134630381041e-03  8.046436685930453e-01  1.191721741155268e+00  8.046436685930453e-01  1.725385459950404e-01  8.046436685930453e-01  8.584510836560854e-04 
 8.086436685930453e-01  1.204765540608666e+00  8.086436685930453e-01  1.582327982094311e+00  8.086436685930453e-01  6.314272704254914e-01  8.086436685930453e-01  2.603568446350811e-01  8.086436685930453e-01  2.337684157962987e-03  8.086436685930453e-01  1.193036358395150e+00  8.086436685930453e-01  1.722503607244286e-01  8.086436685930453e-01  8.548697259207549e-04 
 8.126436685930453e-01  1.203862207709298e+00  8.126436685930453e-01  1.583239442668858e+00  8.126436685930453e-01  6.300422842538390e-01  8.126436685930453e-01  2.605316171915514e-01  8.126436685930453e-01  2.341231847409618e-03  8.126436685930453e-01  1.194350061449898e+00  8.126436685930453e-01  1.719616283226823e-01  8.126436685930453e-01  8.512900974940357e-04 
 8.166436685930453e-01  1.202959346793047e+00  8.166436685930453e-01  1.584150458627813e+00  8.166436685930453e-01  6.286577496714802e-01  8.166436685930453e-01  2.607062793155321e-01  8.166436685930453e-01  2.344777683221197e-03  8.166436685930453e-01  1.195662843212907e+00  8.166436685930453e-01  1.716723466244088e-01  8.166436685930453e-01  8.477122148923214e-04 
 8.206436685930453e-01  1.202056961838496e+00  8.206436685930453e-01  1.585061025721710e+00  8.206436685930453e-01  6.272736717441255e-01  8.206436685930453e-01  2.608808317401516e-01  8.206436685930453e-01  2.348321649772504e-03  8.206436685930453e-01  1.196974696512063e+00  8.206436685930453e-01  1.713825134574658e-01  8.206436685930453e-01  8.441360948011389e-04 
 8.246436685930453e-01  1.201155056859861e+00  8.246436685930453e-01  1.585971139667685e+00  8.246436685930453e-01  6.258900555814684e-01  8.246436685930453e-01  2.610552752011651e-01  8.246436685930453e-01  2.351863731298374e-03  8.246436685930453e-01  1.198285614114629e+00  8.246436685930453e-01  1.710921266398680e-01  8.246436685930453e-01  8.405617540371812e-04 
 8.286436685930453e-01  1.200253635904817e+00  8.286436685930453e-01  1.586880796141018e+00  8.286436685930453e-01  6.245069063360618e-01  8.286436685930453e-01  2.612296104374729e-01  8.286436685930453e-01  2.355403911902254e-03  8.286436685930453e-01  1.199595588722097e+00  8.286436685930453e-01  1.708011839822801e-01  8.286436685930453e-01  8.369892095815454e-04 
 8.326436685930453e-01  1.199352703058814e+00  8.326436685930453e-01  1.587789990786566e+00  8.326436685930453e-01  6.231242292064407e-01  8.326436685930453e-01  2.614038381905094e-01  8.326436685930453e-01  2.358942175539192e-03  8.326436685930453e-01  1.200904612976003e+00  8.326436685930453e-01  1.705096832843463e-01  8.326436685930453e-01  8.334184785347860e-04 
 8.366436685930453e-01  1.198452262436585e+00  8.366436685930453e-01  1.588698719191040e+00  8.366436685930453e-01  6.217420294318476e-01  8.366436685930453e-01  2.615779592058621e-01  8.366436685930453e-01  2.362478506049274e-03  8.366436685930453e-01  1.202212679442190e+00  8.366436685930453e-01  1.702176223432098e-01  8.366436685930453e-01  8.298495782259133e-04 
 8.406436685930453e-01  1.197552318197071e+00  8.406436685930453e-01  1.589606976926781e+00  8.406436685930453e-01  6.203603123023386e-01  8.406436685930453e-01  2.617519742308281e-01  8.406436685930453e-01  2.366012887098950e-03  8.406436685930453e-01  1.203519780634384e+00  8.406436685930453e-01  1.699249989397434e-01  8.406436685930453e-01  8.262825260403069e-04 
 8.446436685930453e-01  1.196652874531093e+00  8.446436685930453e-01  1.590514759512283e+00  8.446436685930453e-01  6.189790831509959e-01  8.446436685930453e-01  2.619258840166971e-01  8.446436685930453e-01  2.369545302229465e-03  8.446436685930453e-01  1.204825908991992e+00  8.446436685930453e-01  1.696318108507396e-01  8.446436685930453e-01  8.227173395749099e-04 
 8.486436685930453e-01  1.195753935664651e+00  8.486436685930453e-01  1.591422062420423e+00  8.486436685930453e-01  6.175983473564051e-01  8.486436685930453e-01  2.620996893183300e-01  8.486436685930453e-01  2.373075734843940e-03  8.486436685930453e-01  1.206131056884135e+00  8.486436685930453e-01  1.693380558462454e-01  8.486436685930453e-01  8.191540366057863e-04 
 8.526436685930453e-01  1.194855505863125e+00  8.526436685930453e-01  1.592328881089474e+00  8.526436685930453e-01  6.162181103457333e-01  8.526436685930453e-01  2.622733908935777e-01  8.526436685930453e-01  2.376604168190749e-03  8.526436685930453e-01  1.207435216615182e+00  8.526436685930453e-01  1.690437316859958e-01  8.526436685930453e-01  8.155926350449662e-04 
 8.566436685930453e-01  1.193957589428020e+00  8.566436685930453e-01  1.593235210911138e+00  8.566436685930453e-01  6.148383775929169e-01  8.566436685930453e-01  2.624469895040039e-01  8.566436685930453e-01  2.380130585376493e-03  8.566436685930453e-01  1.208738380417668e+00  8.566436685930453e-01  1.687488361230508e-01  8.566436685930453e-01  8.120331529873844e-04 
 8.606436685930453e-01  1.193060190705545e+00  8.606436685930453e-01  1.594141047254749e+00  8.606436685930453e-01  6.134591546246199e-01  8.606436685930453e-01  2.626204859135517e-01  8.606436685930453e-01  2.383654969332135e-03  8.606436685930453e-01  1.210040540464976e+00  8.606436685930453e-01  1.684533668960207e-01  8.606436685930453e-01  8.084756086158577e-04 
 8.646436685930453e-01  1.192163314072217e+00  8.646436685930453e-01  1.595046385421694e+00  8.646436685930453e-01  6.120804470111044e-01  8.646436685930453e-01  2.627938808911929e-01  8.646436685930453e-01  2.387177302869657e-03  8.646436685930453e-01  1.211341688845943e+00  8.646436685930453e-01  1.681573217433645e-01  8.646436685930453e-01  8.049200203800743e-04 
 8.686436685930453e-01  1.191266963946807e+00  8.686436685930453e-01  1.595951220679626e+00  8.686436685930453e-01  6.107022603744258e-01  8.686436685930453e-01  2.629671752090185e-01  8.686436685930453e-01  2.390697568635050e-03  8.686436685930453e-01  1.212641817582991e+00  8.686436685930453e-01  1.678606983924662e-01  8.686436685930453e-01  8.013664068622458e-04 
 8.726436685930453e-01  1.190371144788063e+00  8.726436685930453e-01  1.596855548253616e+00  8.726436685930453e-01  6.093246003872663e-01  8.726436685930453e-01  2.631403696427966e-01  8.726436685930453e-01  2.394215749117345e-03  8.726436685930453e-01  1.213940918626761e+00  8.726436685930453e-01  1.675634945623065e-01  8.726436685930453e-01  7.978147868118472e-04 
 8.766436685930453e-01  1.189475861092922e+00  8.766436685930453e-01  1.597759363318698e+00  8.766436685930453e-01  6.079474727721165e-01  8.766436685930453e-01  2.633134649724429e-01  8.766436685930453e-01  2.397731826655550e-03  8.766436685930453e-01  1.215238983851505e+00  8.766436685930453e-01  1.672657079657323e-01  8.766436685930453e-01  7.942651791748986e-04 
 8.806436685930453e-01  1.188581117405322e+00  8.806436685930453e-01  1.598662661024394e+00  8.806436685930453e-01  6.065708833074027e-01  8.806436685930453e-01  2.634864619806676e-01  8.806436685930453e-01  2.401245783404121e-03  8.806436685930453e-01  1.216536005067807e+00  8.806436685930453e-01  1.669673363014813e-01  8.806436685930453e-01  7.907176029976560e-04 
 8.846436685930453e-01  1.187686918300414e+00  8.846436685930453e-01  1.599565436445187e+00  8.846436685930453e-01  6.051948378174896e-01  8.846436685930453e-01  2.636593614558645e-01  8.846436685930453e-01  2.404757601394900e-03  8.846436685930453e-01  1.217831973995231e+00  8.846436685930453e-01  1.666683772699455e-01  8.846436685930453e-01  7.871720776211176e-04 
 8.886436685930453e-01  1.186793268401754e+00  8.886436685930453e-01  1.600467684630096e+00  8.886436685930453e-01  6.038193421843161e-01  8.886436685930453e-01  2.638321641893182e-01  8.886436685930453e-01  2.408267262469641e-03  8.886436685930453e-01  1.219126882288559e+00  8.886436685930453e-01  1.663688285571629e-01  8.886436685930453e-01  7.836286224863205e-04 
 8.926436685930453e-01  1.185900172377212e+00  8.926436685930453e-01  1.601369400588124e+00  8.926436685930453e-01  6.024444023450910e-01  8.926436685930453e-01  2.640048709760844e-01  8.926436685930453e-01  2.411774748296098e-03  8.926436685930453e-01  1.220420721529295e+00  8.926436685930453e-01  1.660686878393306e-01  8.926436685930453e-01  7.800872571915089e-04 
 8.966436685930453e-01  1.185007634926493e+00  8.966436685930453e-01  1.602270579249139e+00  8.966436685930453e-01  6.010700242844564e-01  8.966436685930453e-01  2.641774826173076e-01  8.966436685930453e-01  2.415280040416928e-03  8.966436685930453e-01  1.221713483204071e+00  8.966436685930453e-01  1.657679527953700e-01  8.966436685930453e-01  7.765480016457486e-04 
 9.006436685930453e-01  1.184115660805168e+00  9.006436685930453e-01  1.603171215533149e+00  9.006436685930453e-01  5.996962140506531e-01  9.006436685930453e-01  2.643499999162665e-01  9.006436685930453e-01  2.418783120155405e-03  9.006436685930453e-01  1.223005158741294e+00  9.006436685930453e-01  1.654666210843886e-01  9.006436685930453e-01  7.730108757968935e-04 
 9.046436685930453e-01  1.183224254805227e+00  9.046436685930453e-01  1.604071304290325e+00  9.046436685930453e-01  5.983229777431388e-01  9.046436685930453e-01  2.645224236819019e-01  9.046436685930453e-01  2.422283968691829e-03  9.046436685930453e-01  1.224295739478301e+00  9.046436685930453e-01  1.651646903649911e-01  9.046436685930453e-01  7.694758998671099e-04 
 9.086436685930454e-01  1.182333421762845e+00  9.086436685930454e-01  1.604970840321913e+00  9.086436685930454e-01  5.969503215180594e-01  9.086436685930454e-01  2.646947547276562e-01  9.086436685930454e-01  2.425782567032892e-03  9.086436685930454e-01  1.225585216672012e+00  9.086436685930454e-01  1.648621582884117e-01  9.086436685930454e-01  7.659430942707424e-04 
 9.126436685930454e-01  1.181443166562767e+00  9.126436685930454e-01  1.605869818390926e+00  9.126436685930454e-01  5.955782515915443e-01  9.126436685930454e-01  2.648669938709115e-01  9.126436685930454e-01  2.429278895994604e-03  9.126436685930454e-01  1.226873581504008e+00  9.126436685930454e-01  1.645590224948988e-01  9.126436685930454e-01  7.624124795723844e-04 
 9.166436685930454e-01  1.180553494130525e+00  9.166436685930454e-01  1.606768233196935e+00  9.166436685930454e-01  5.942067742349808e-01  9.166436685930454e-01  2.650391419345085e-01  9.166436685930454e-01  2.432772936232734e-03  9.166436685930454e-01  1.228160825066446e+00  9.166436685930454e-01  1.642552806218490e-01  9.166436685930454e-01  7.588840765858161e-04 
 9.206436685930454e-01  1.179664409439559e+00  9.206436685930454e-01  1.607666079394839e+00  9.206436685930454e-01  5.928358957801039e-01  9.206436685930454e-01  2.652111997457174e-01  9.206436685930454e-01  2.436264668214948e-03  9.206436685930454e-01  1.229446938371452e+00  9.206436685930454e-01  1.639509302975629e-01  9.206436685930454e-01  7.553579063003025e-04 
 9.246436685930454e-01  1.178775917512847e+00  9.246436685930454e-01  1.608563351597287e+00  9.246436685930454e-01  5.914656226204684e-01  9.246436685930454e-01  2.653831681361476e-01  9.246436685930454e-01  2.439754072214314e-03  9.246436685930454e-01  1.230731912351737e+00  9.246436685930454e-01  1.636459691403123e-01  9.246436685930454e-01  7.518339898711384e-04 
 9.286436685930454e-01  1.177888023417092e+00  9.286436685930454e-01  1.609460044355212e+00  9.286436685930454e-01  5.900959612080613e-01  9.286436685930454e-01  2.655550479429427e-01  9.286436685930454e-01  2.443241128332201e-03  9.286436685930454e-01  1.232015737849596e+00  9.286436685930454e-01  1.633403947646488e-01  9.286436685930454e-01  7.483123486960189e-04 
 9.326436685930454e-01  1.177000732265699e+00  9.326436685930454e-01  1.610356152164403e+00  9.326436685930454e-01  5.887269180556802e-01  9.326436685930454e-01  2.657268400084663e-01  9.326436685930454e-01  2.446725816486566e-03  9.326436685930454e-01  1.233298405619784e+00  9.326436685930454e-01  1.630342047791605e-01  9.326436685930454e-01  7.447930043893061e-04 
 9.366436685930454e-01  1.176114049222058e+00  9.366436685930454e-01  1.611251669472568e+00  9.366436685930454e-01  5.873584997395122e-01  9.366436685930454e-01  2.658985451799408e-01  9.366436685930454e-01  2.450208116399077e-03  9.366436685930454e-01  1.234579906332569e+00  9.366436685930454e-01  1.627273967840176e-01  9.366436685930454e-01  7.412759787542302e-04 
 9.406436685930454e-01  1.175227979499055e+00  9.406436685930454e-01  1.612146590675577e+00  9.406436685930454e-01  5.859907128992510e-01  9.406436685930454e-01  2.660701643097302e-01  9.406436685930454e-01  2.453688007596955e-03  9.406436685930454e-01  1.235860230571068e+00  9.406436685930454e-01  1.624199683721076e-01  9.406436685930454e-01  7.377612937977053e-04 
 9.446436685930454e-01  1.174342528356675e+00  9.446436685930454e-01  1.613040910108006e+00  9.446436685930454e-01  5.846235642369719e-01  9.446436685930454e-01  2.662416982559639e-01  9.446436685930454e-01  2.457165469422515e-03  9.446436685930454e-01  1.237139368825575e+00  9.446436685930454e-01  1.621119171320946e-01  9.446436685930454e-01  7.342489717674088e-04 
 9.486436685930454e-01  1.173457701108112e+00  9.486436685930454e-01  1.613934622058463e+00  9.486436685930454e-01  5.832570605215871e-01  9.486436685930454e-01  2.664131478816935e-01  9.486436685930454e-01  2.460640481009076e-03  9.486436685930454e-01  1.238417311500945e+00  9.486436685930454e-01  1.618032406431961e-01  9.486436685930454e-01  7.307390350916536e-04 
 9.526436685930454e-01  1.172573503113349e+00  9.526436685930454e-01  1.614827720748421e+00  9.526436685930454e-01  5.818912085850926e-01  9.526436685930454e-01  2.665845140562039e-01  9.526436685930454e-01  2.464113021306160e-03  9.526436685930454e-01  1.239694048904771e+00  9.526436685930454e-01  1.614939364821821e-01  9.526436685930454e-01  7.272315064624532e-04 
 9.566436685930454e-01  1.171689939785901e+00  9.566436685930454e-01  1.615720200349396e+00  9.566436685930454e-01  5.805260153274490e-01  9.566436685930454e-01  2.667557976540790e-01  9.566436685930454e-01  2.467583069053133e-03  9.566436685930454e-01  1.240969571255704e+00  9.566436685930454e-01  1.611840022175239e-01  9.566436685930454e-01  7.237264087681530e-04 
 9.606436685930454e-01  1.170807016591815e+00  9.606436685930454e-01  1.616612054977271e+00  9.606436685930454e-01  5.791614877164034e-01  9.606436685930454e-01  2.669269995555832e-01  9.606436685930454e-01  2.471050602782974e-03  9.606436685930454e-01  1.242243868679732e+00  9.606436685930454e-01  1.608734354111842e-01  9.606436685930454e-01  7.202237651156016e-04 
 9.646436685930454e-01  1.169924739049310e+00  9.646436685930454e-01  1.617503278688824e+00  9.646436685930454e-01  5.777976327877262e-01  9.646436685930454e-01  2.670981206469504e-01  9.646436685930454e-01  2.474515600823830e-03  9.646436685930454e-01  1.243516931207648e+00  9.646436685930454e-01  1.605622336197104e-01  9.646436685930454e-01  7.167235988439199e-04 
 9.686436685930454e-01  1.169043112727917e+00  9.686436685930454e-01  1.618393865476653e+00  9.686436685930454e-01  5.764344576451287e-01  9.686436685930454e-01  2.672691618207482e-01  9.686436685930454e-01  2.477978041302246e-03  9.686436685930454e-01  1.244788748771688e+00  9.686436685930454e-01  1.602503943958731e-01  9.686436685930454e-01  7.132259335443363e-04 
 9.726436685930454e-01  1.168162143255858e+00  9.726436685930454e-01  1.619283809287648e+00  9.726436685930454e-01  5.750719694655988e-01  9.726436685930454e-01  2.674401239748510e-01  9.726436685930454e-01  2.481437902114381e-03  9.726436685930454e-01  1.246059311214367e+00  9.726436685930454e-01  1.599379152822816e-01  9.726436685930454e-01  7.097307929876748e-04 
 9.766436685930454e-01  1.167281836309357e+00  9.766436685930454e-01  1.620173103989768e+00  9.766436685930454e-01  5.737101754928834e-01  9.766436685930454e-01  2.676110080144888e-01  9.766436685930454e-01  2.484895160967770e-03  9.766436685930454e-01  1.247328608270496e+00  9.766436685930454e-01  1.596247938226425e-01  9.766436685930454e-01  7.062382012548650e-04 
 9.806436685930454e-01  1.166402197621731e+00  9.806436685930454e-01  1.621061743395399e+00  9.806436685930454e-01  5.723490830439656e-01  9.806436685930454e-01  2.677818148509303e-01  9.806436685930454e-01  2.488349795345761e-03  9.806436685930454e-01  1.248596629578555e+00  9.806436685930454e-01  1.593110275537183e-01  9.806436685930454e-01  7.027481826451605e-04 
 9.846436685930454e-01  1.165523232990090e+00  9.846436685930454e-01  1.621949721277658e+00  9.846436685930454e-01  5.709886995139478e-01  9.846436685930454e-01  2.679525454005763e-01  9.846436685930454e-01  2.491801782481186e-03  9.846436685930454e-01  1.249863364688278e+00  9.846436685930454e-01  1.589966139995923e-01  9.846436685930454e-01  6.992607616121565e-04 
 9.886436685930454e-01  1.164644948254971e+00  9.886436685930454e-01  1.622837031309612e+00  9.886436685930454e-01  5.696290323632542e-01  9.886436685930454e-01  2.681232005886760e-01  9.886436685930454e-01  2.495251099436322e-03  9.886436685930454e-01  1.251128803028548e+00  9.886436685930454e-01  1.586815506925298e-01  9.886436685930454e-01  6.957759630024551e-04 
 9.926436685930454e-01  1.163767349322988e+00  9.926436685930454e-01  1.623723667126052e+00  9.926436685930454e-01  5.682700891329746e-01  9.926436685930454e-01  2.682937813456997e-01  9.926436685930454e-01  2.498697723013910e-03  9.926436685930454e-01  1.252392933938449e+00  9.926436685930454e-01  1.583658351516318e-01  9.926436685930454e-01  6.922938118131016e-04 
 9.966436685930454e-01  1.162890442159112e+00  9.966436685930454e-01  1.624609622298579e+00  9.966436685930454e-01  5.669118774403495e-01  9.966436685930454e-01  2.684642886089055e-01  9.966436685930454e-01  2.502141629787502e-03  9.966436685930454e-01  1.253655746653592e+00  9.966436685930454e-01  1.580494648913129e-01  9.966436685930454e-01  6.888143332894005e-04 
 1.000643668593045e+00  1.162014232784101e+00  1.000643668593045e+00  1.625494890325534e+00  1.000643668593045e+00  5.655544049776423e-01  1.000643668593045e+00  2.686347233230295e-01  1.000643668593045e+00  2.505582796111611e-03  1.000643668593045e+00  1.254917230300163e+00  1.000643668593045e+00  1.577324374247502e-01  1.000643668593045e+00  6.853375529644901e-04 
 1.004643668593045e+00  1.161138727276186e+00  1.004643668593045e+00  1.626379464634007e+00  1.004643668593045e+00  5.641976795137797e-01  1.004643668593045e+00  2.688050864402448e-01  1.004643668593045e+00  2.509021198114969e-03  1.004643668593045e+00  1.256177373895164e+00  1.004643668593045e+00  1.574147502631533e-01  1.004643668593045e+00  6.818634966514565e-04 
 1.008643668593045e+00  1.160263931778284e+00  1.008643668593045e+00  1.627263338597134e+00  1.008643668593045e+00  5.628417088996404e-01  1.008643668593045e+00  2.689753789191922e-01  1.008643668593045e+00  2.512456811672315e-03  1.008643668593045e+00  1.257436166354400e+00  1.008643668593045e+00  1.570964009096452e-01  1.008643668593045e+00  6.783921903753612e-04 
 1.012643668593045e+00  1.159389852494479e+00  1.012643668593045e+00  1.628146505521307e+00  1.012643668593045e+00  5.614865010663170e-01  1.012643668593045e+00  2.691456017258381e-01  1.012643668593045e+00  2.515889612418129e-03  1.012643668593045e+00  1.258693596485080e+00  1.012643668593045e+00  1.567773868636515e-01  1.012643668593045e+00  6.749236604235260e-04 
 1.016643668593045e+00  1.158516495685713e+00  1.016643668593045e+00  1.629028958631107e+00  1.016643668593045e+00  5.601320640228736e-01  1.016643668593045e+00  2.693157558344731e-01  1.016643668593045e+00  2.519319575763610e-03  1.016643668593045e+00  1.259949652977347e+00  1.016643668593045e+00  1.564577056261700e-01  1.016643668593045e+00  6.714579334047189e-04 
 1.020643668593045e+00  1.157643867681338e+00  1.020643668593045e+00  1.629910691098635e+00  1.020643668593045e+00  5.587784058644856e-01  1.020643668593045e+00  2.694858422260081e-01  1.020643668593045e+00  2.522746676851264e-03  1.020643668593045e+00  1.261204324418282e+00  1.020643668593045e+00  1.561373546893781e-01  1.020643668593045e+00  6.679950361338906e-04 
 1.024643668593045e+00  1.156771974868433e+00  1.024643668593045e+00  1.630791696010616e+00  1.024643668593045e+00  5.574255347660545e-01  1.024643668593045e+00  2.696558618900686e-01  1.024643668593045e+00  2.526170890596952e-03  1.024643668593045e+00  1.262457599274383e+00  1.024643668593045e+00  1.558163315482063e-01  1.024643668593045e+00  6.645349957614333e-04 
 1.028643668593045e+00  1.155900823701577e+00  1.028643668593045e+00  1.631671966392701e+00  1.028643668593045e+00  5.560734589891794e-01  1.028643668593045e+00  2.698258158235969e-01  1.028643668593045e+00  2.529592191651329e-03  1.028643668593045e+00  1.263709465902970e+00  1.028643668593045e+00  1.554946336917024e-01  1.028643668593045e+00  6.610778396777348e-04 
 1.032643668593045e+00  1.155030420701224e+00  1.032643668593045e+00  1.632551495201646e+00  1.032643668593045e+00  5.547221868817217e-01  1.032643668593045e+00  2.699957050314140e-01  1.032643668593045e+00  2.533010554406426e-03  1.032643668593045e+00  1.264959912547309e+00  1.032643668593045e+00  1.551722586057357e-01  1.032643668593045e+00  6.576235955438699e-04 
 1.036643668593045e+00  1.154160772450979e+00  1.036643668593045e+00  1.633430275314774e+00  1.036643668593045e+00  5.533717268766376e-01  1.036643668593045e+00  2.701655305269607e-01  1.036643668593045e+00  2.536425953006247e-03  1.036643668593045e+00  1.266208927330438e+00  1.036643668593045e+00  1.548492037767339e-01  1.036643668593045e+00  6.541722913330312e-04 
 1.040643668593045e+00  1.153291885601757e+00  1.040643668593045e+00  1.634308299538260e+00  1.040643668593045e+00  5.520220874953212e-01  1.040643668593045e+00  2.703352933318739e-01  1.040643668593045e+00  2.539838361330405e-03  1.040643668593045e+00  1.267456498258401e+00  1.040643668593045e+00  1.545254666886995e-01  1.040643668593045e+00  6.507239552979414e-04 
 1.044643668593045e+00  1.152423766874034e+00  1.044643668593045e+00  1.635185560610114e+00  1.044643668593045e+00  5.506732773497109e-01  1.044643668593045e+00  2.705049944758946e-01  1.044643668593045e+00  2.543247752985379e-03  1.044643668593045e+00  1.268702613220805e+00  1.044643668593045e+00  1.542010448220962e-01  1.044643668593045e+00  6.472786159591806e-04 
 1.048643668593045e+00  1.151556423049942e+00  1.048643668593045e+00  1.636062051175303e+00  1.048643668593045e+00  5.493253051377757e-01  1.048643668593045e+00  2.706746349985014e-01  1.048643668593045e+00  2.546654101335434e-03  1.048643668593045e+00  1.269947259977498e+00  1.048643668593045e+00  1.538759356628096e-01  1.048643668593045e+00  6.438363022028979e-04 
 1.052643668593045e+00  1.150689860990126e+00  1.052643668593045e+00  1.636937763828696e+00  1.052643668593045e+00  5.479781796551699e-01  1.052643668593045e+00  2.708442159463443e-01  1.052643668593045e+00  2.550057379436556e-03  1.052643668593045e+00  1.271190426178962e+00  1.052643668593045e+00  1.535501366866115e-01  1.052643668593045e+00  6.403970431120934e-04 
 1.056643668593045e+00  1.149824087618723e+00  1.056643668593045e+00  1.637812691070572e+00  1.056643668593045e+00  5.466319097860936e-01  1.056643668593045e+00  2.710137383760964e-01  1.056643668593045e+00  2.553457560095373e-03  1.056643668593045e+00  1.272432099343255e+00  1.056643668593045e+00  1.532236453752360e-01  1.056643668593045e+00  6.369608681414567e-04 
 1.060643668593045e+00  1.148959109930353e+00  1.060643668593045e+00  1.638686825322503e+00  1.060643668593045e+00  5.452865045085293e-01  1.060643668593045e+00  2.711832033535675e-01  1.060643668593045e+00  2.556854615841646e-03  1.060643668593045e+00  1.273672266862945e+00  1.060643668593045e+00  1.528964592106546e-01  1.060643668593045e+00  6.335278070549090e-04 
 1.064643668593045e+00  1.148094934995737e+00  1.064643668593045e+00  1.639560158939316e+00  1.064643668593045e+00  5.439419728985839e-01  1.064643668593045e+00  2.713526119530603e-01  1.064643668593045e+00  2.560248518906301e-03  1.064643668593045e+00  1.274910916010011e+00  1.064643668593045e+00  1.525685756706921e-01  1.064643668593045e+00  6.300978898786511e-04 
 1.068643668593045e+00  1.147231569953155e+00  1.068643668593045e+00  1.640432684182319e+00  1.068643668593045e+00  5.425983241256144e-01  1.068643668593045e+00  2.715219652591318e-01  1.068643668593045e+00  2.563639241254938e-03  1.068643668593045e+00  1.276148033921653e+00  1.068643668593045e+00  1.522399922388187e-01  1.068643668593045e+00  6.266711470063200e-04 
 1.072643668593045e+00  1.146369022020290e+00  1.072643668593045e+00  1.641304393248117e+00  1.072643668593045e+00  5.412555674606441e-01  1.072643668593045e+00  2.716912643648972e-01  1.072643668593045e+00  2.567026754541324e-03  1.072643668593045e+00  1.277383607613439e+00  1.072643668593045e+00  1.519107063935985e-01  1.072643668593045e+00  6.232476090858244e-04 
 1.076643668593045e+00  1.145507298480356e+00  1.076643668593045e+00  1.642175278227630e+00  1.076643668593045e+00  5.399137122680361e-01  1.076643668593045e+00  2.718605103747053e-01  1.076643668593045e+00  2.570411030161819e-03  1.076643668593045e+00  1.278617623958240e+00  1.076643668593045e+00  1.515807156237996e-01  1.076643668593045e+00  6.198273071803291e-04 
 1.080643668593045e+00  1.144646406703174e+00  1.080643668593045e+00  1.643045331159410e+00  1.080643668593045e+00  5.385727680199434e-01  1.080643668593045e+00  2.720297044008821e-01  1.080643668593045e+00  2.573792039172698e-03  1.080643668593045e+00  1.279850069711208e+00  1.080643668593045e+00  1.512500174087336e-01  1.080643668593045e+00  6.164102725587741e-04 
 1.084643668593045e+00  1.143786354124547e+00  1.084643668593045e+00  1.643914543970569e+00  1.084643668593045e+00  5.372327442836009e-01  1.084643668593045e+00  2.721988475675638e-01  1.084643668593045e+00  2.577169752371094e-03  1.084643668593045e+00  1.281080931479964e+00  1.084643668593045e+00  1.509186092401403e-01  1.084643668593045e+00  6.129965369279517e-04 
 1.088643668593045e+00  1.142927148264616e+00  1.088643668593045e+00  1.644782908522625e+00  1.088643668593045e+00  5.358936507340253e-01  1.088643668593045e+00  2.723679410079054e-01  1.088643668593045e+00  2.580544140222863e-03  1.088643668593045e+00  1.282310195745827e+00  1.088643668593045e+00  1.505864886052423e-01  1.088643668593045e+00  6.095861322524622e-04 
 1.092643668593045e+00  1.142068796715745e+00  1.092643668593045e+00  1.645650416575327e+00  1.092643668593045e+00  5.345554971468705e-01  1.092643668593045e+00  2.725369858664823e-01  1.092643668593045e+00  2.583915172910321e-03  1.092643668593045e+00  1.283537848845230e+00  1.092643668593045e+00  1.502536530002448e-01  1.092643668593045e+00  6.061790908967295e-04 
 1.096643668593045e+00  1.141211307153190e+00  1.096643668593045e+00  1.646517059811617e+00  1.096643668593045e+00  5.332182934061286e-01  1.096643668593045e+00  2.727059832978098e-01  1.096643668593045e+00  2.587282820290148e-03  1.096643668593045e+00  1.284763876980695e+00  1.096643668593045e+00  1.499200999210916e-01  1.096643668593045e+00  6.027754455269957e-04 
 1.100643668593045e+00  1.140354687335432e+00  1.100643668593045e+00  1.647382829834779e+00  1.100643668593045e+00  5.318820495051206e-01  1.100643668593045e+00  2.728749344666326e-01  1.100643668593045e+00  2.590647051892189e-03  1.100643668593045e+00  1.285988266218320e+00  1.100643668593045e+00  1.495858268645447e-01  1.100643668593045e+00  5.993752291225604e-04 
 1.104643668593045e+00  1.139498945092949e+00  1.104643668593045e+00  1.648247718134871e+00  1.104643668593045e+00  5.305467755399659e-01  1.104643668593045e+00  2.730438405501845e-01  1.104643668593045e+00  2.594007836963569e-03  1.104643668593045e+00  1.287211002470610e+00  1.104643668593045e+00  1.492508313409195e-01  1.104643668593045e+00  5.959784751075499e-04 
 1.108643668593045e+00  1.138644088347480e+00  1.108643668593045e+00  1.649111716136198e+00  1.108643668593045e+00  5.292124817229021e-01  1.108643668593045e+00  2.732127027352611e-01  1.108643668593045e+00  2.597365144392953e-03  1.108643668593045e+00  1.288432071518081e+00  1.108643668593045e+00  1.489151108562666e-01  1.108643668593045e+00  5.925852171645100e-04 
 1.112643668593045e+00  1.137790125098050e+00  1.112643668593045e+00  1.649974815156420e+00  1.112643668593045e+00  5.278791783739964e-01  1.112643668593045e+00  2.733815222209573e-01  1.112643668593045e+00  2.600718942765550e-03  1.112643668593045e+00  1.289651458988585e+00  1.112643668593045e+00  1.485786629279099e-01  1.112643668593045e+00  5.891954893950332e-04 
 1.116643668593045e+00  1.136937063427202e+00  1.116643668593045e+00  1.650837006419402e+00  1.116643668593045e+00  5.265468759260011e-01  1.116643668593045e+00  2.735503002179601e-01  1.116643668593045e+00  2.604069200338467e-03  1.116643668593045e+00  1.290869150362346e+00  1.116643668593045e+00  1.482414850797191e-01  1.116643668593045e+00  5.858093262692515e-04 
 1.120643668593045e+00  1.136084911510496e+00  1.120643668593045e+00  1.651698281076132e+00  1.120643668593045e+00  5.252155849313465e-01  1.120643668593045e+00  2.737190379473075e-01  1.120643668593045e+00  2.607415885003585e-03  1.120643668593045e+00  1.292085130980649e+00  1.120643668593045e+00  1.479035748341939e-01  1.120643668593045e+00  5.824267625436919e-04 
 1.124643668593045e+00  1.135233677597145e+00  1.124643668593045e+00  1.652558630150196e+00  1.124643668593045e+00  5.238853160503961e-01  1.124643668593045e+00  2.738877366440412e-01  1.124643668593045e+00  2.610758964363484e-03  1.124643668593045e+00  1.293299386018952e+00  1.124643668593045e+00  1.475649297334618e-01  1.124643668593045e+00  5.790478334754381e-04 
 1.128643668593045e+00  1.134383370038149e+00  1.128643668593045e+00  1.653418044607439e+00  1.128643668593045e+00  5.225560800705394e-01  1.128643668593045e+00  2.740563975528009e-01  1.128643668593045e+00  2.614098405621006e-03  1.128643668593045e+00  1.294511900518504e+00  1.128643668593045e+00  1.472255473126849e-01  1.128643668593045e+00  5.756725745485398e-04 
 1.132643668593045e+00  1.133533997260217e+00  1.132643668593045e+00  1.654276515283952e+00  1.132643668593045e+00  5.212278878901254e-01  1.132643668593045e+00  2.742250219326317e-01  1.132643668593045e+00  2.617434175681649e-03  1.132643668593045e+00  1.295722659351312e+00  1.132643668593045e+00  1.468854251278882e-01  1.132643668593045e+00  5.723010217568460e-04 
 1.136643668593045e+00  1.132685567786682e+00  1.136643668593045e+00  1.655134032936624e+00  1.136643668593045e+00  5.199007505328890e-01  1.136643668593045e+00  2.743936110538108e-01  1.136643668593045e+00  2.620766241071453e-03  1.136643668593045e+00  1.296931647242657e+00  1.136643668593045e+00  1.465445607366467e-01  1.136643668593045e+00  5.689332114054520e-04 
 1.140643668593045e+00  1.131838090227371e+00  1.140643668593045e+00  1.655990588212803e+00  1.140643668593045e+00  5.185746791422460e-01  1.140643668593045e+00  2.745621661999522e-01  1.140643668593045e+00  2.624094567976757e-03  1.140643668593045e+00  1.298138848755685e+00  1.140643668593045e+00  1.462029517099737e-01  1.140643668593045e+00  5.655691802298637e-04 
 1.144643668593045e+00  1.130991573287263e+00  1.144643668593045e+00  1.656846171668653e+00  1.144643668593045e+00  5.172496849877865e-01  1.144643668593045e+00  2.747306886669242e-01  1.144643668593045e+00  2.627419122210182e-03  1.144643668593045e+00  1.299344248298718e+00  1.144643668593045e+00  1.458605956253703e-01  1.144643668593045e+00  5.622089653239153e-04 
 1.148643668593045e+00  1.130146025757704e+00  1.148643668593045e+00  1.657700773742504e+00  1.148643668593045e+00  5.159257794604677e-01  1.148643668593045e+00  2.748991797647373e-01  1.148643668593045e+00  2.630739869245220e-03  1.148643668593045e+00  1.300547830111688e+00  1.148643668593045e+00  1.455174900774264e-01  1.148643668593045e+00  5.588526042443976e-04 
 1.152643668593045e+00  1.129301456535480e+00  1.152643668593045e+00  1.658554384799737e+00  1.152643668593045e+00  5.146029740858712e-01  1.152643668593045e+00  2.750676408146932e-01  1.152643668593045e+00  2.634056774141190e-03  1.152643668593045e+00  1.301749578285554e+00  1.152643668593045e+00  1.451736326604280e-01  1.152643668593045e+00  5.555001348348694e-04 
 1.156643668593045e+00  1.128457874598875e+00  1.156643668593045e+00  1.659406995067223e+00  1.156643668593045e+00  5.132812805096053e-01  1.156643668593045e+00  2.752360731538603e-01  1.156643668593045e+00  2.637369801637409e-03  1.156643668593045e+00  1.302949476730882e+00  1.156643668593045e+00  1.448290209943163e-01  1.156643668593045e+00  5.521515954830400e-04 
 1.160643668593045e+00  1.127615289032834e+00  1.160643668593045e+00  1.660258594693687e+00  1.160643668593045e+00  5.119607105145030e-01  1.160643668593045e+00  2.754044781311955e-01  1.160643668593045e+00  2.640678916054249e-03  1.160643668593045e+00  1.304147509204270e+00  1.160643668593045e+00  1.444836527011694e-01  1.160643668593045e+00  5.488070248837374e-04 
 1.164643668593045e+00  1.126773709011864e+00  1.164643668593045e+00  1.661109173701731e+00  1.164643668593045e+00  5.106412760105022e-01  1.164643668593045e+00  2.755728571108608e-01  1.164643668593045e+00  2.643984081360367e-03  1.164643668593045e+00  1.305343659285105e+00  1.164643668593045e+00  1.441375254243899e-01  1.164643668593045e+00  5.454664622273677e-04 
 1.168643668593045e+00  1.125933143815260e+00  1.168643668593045e+00  1.661958722022510e+00  1.168643668593045e+00  5.093229890454086e-01  1.168643668593045e+00  2.757412114700458e-01  1.168643668593045e+00  2.647285261112887e-03  1.168643668593045e+00  1.306537910390049e+00  1.168643668593045e+00  1.437906368152194e-01  1.168643668593045e+00  5.421299470636933e-04 
 1.172643668593045e+00  1.125093602815481e+00  1.172643668593045e+00  1.662807229461913e+00  1.172643668593045e+00  5.080058617983489e-01  1.172643668593045e+00  2.759095426013569e-01  1.172643668593045e+00  2.650582418503025e-03  1.172643668593045e+00  1.307730245756390e+00  1.172643668593045e+00  1.434429845464754e-01  1.172643668593045e+00  5.387975194346632e-04 
 1.176643668593045e+00  1.124255095487461e+00  1.176643668593045e+00  1.663654685719949e+00  1.176643668593045e+00  5.066899065867254e-01  1.176643668593045e+00  2.760778519116556e-01  1.176643668593045e+00  2.653875516319563e-03  1.176643668593045e+00  1.308920648449508e+00  1.176643668593045e+00  1.430945663051420e-01  1.176643668593045e+00  5.354692197982758e-04 
 1.180643668593045e+00  1.123417631414167e+00  1.180643668593045e+00  1.664501080400357e+00  1.180643668593045e+00  5.053751358707785e-01  1.180643668593045e+00  2.762461408215304e-01  1.180643668593045e+00  2.657164516926998e-03  1.180643668593045e+00  1.310109101365777e+00  1.180643668593045e+00  1.427453797887612e-01  1.180643668593045e+00  5.321450889908726e-04 
 1.184643668593045e+00  1.122581220276362e+00  1.184643668593045e+00  1.665346402980520e+00  1.184643668593045e+00  5.040615622479468e-01  1.184643668593045e+00  2.764144107674655e-01  1.184643668593045e+00  2.660449382305724e-03  1.184643668593045e+00  1.311295587217708e+00  1.184643668593045e+00  1.423954227178469e-01  1.184643668593045e+00  5.288251683452384e-04 
 1.188643668593045e+00  1.121745871856887e+00  1.188643668593045e+00  1.666190642817965e+00  1.188643668593045e+00  5.027491984566058e-01  1.188643668593045e+00  2.765826632015413e-01  1.188643668593045e+00  2.663730074035280e-03  1.188643668593045e+00  1.312480088535555e+00  1.188643668593045e+00  1.420446928336763e-01  1.188643668593045e+00  5.255094996651122e-04 
 1.192643668593045e+00  1.120911596044887e+00  1.192643668593045e+00  1.667033789156647e+00  1.192643668593045e+00  5.014380573798073e-01  1.192643668593045e+00  2.767508995911444e-01  1.192643668593045e+00  2.667006553277714e-03  1.192643668593045e+00  1.313662587668763e+00  1.192643668593045e+00  1.416931878961243e-01  1.192643668593045e+00  5.221981252005400e-04 
 1.196643668593045e+00  1.120078402844065e+00  1.196643668593045e+00  1.667875831142905e+00  1.196643668593045e+00  5.001281520515741e-01  1.196643668593045e+00  2.769191214179969e-01  1.196643668593045e+00  2.670278780745141e-03  1.196643668593045e+00  1.314843066791532e+00  1.196643668593045e+00  1.413409056774731e-01  1.196643668593045e+00  5.188910875851422e-04 
 1.200643668593045e+00  1.119246302357829e+00  1.200643668593045e+00  1.668716757784202e+00  1.200643668593045e+00  4.988194956483356e-01  1.200643668593045e+00  2.770873301811211e-01  1.200643668593045e+00  2.673546716758085e-03  1.200643668593045e+00  1.316021507883216e+00  1.200643668593045e+00  1.409878439796580e-01  1.200643668593045e+00  5.155884299982132e-04 
 1.204643668593046e+00  1.118415304802405e+00  1.204643668593046e+00  1.669556557977209e+00  1.204643668593046e+00  4.975121014984061e-01  1.204643668593046e+00  2.772555273950483e-01  1.204643668593046e+00  2.676810321194037e-03  1.204643668593046e+00  1.317197892739294e+00  1.204643668593046e+00  1.406340006232286e-01  1.204643668593046e+00  5.122901960543970e-04 
 1.208643668593046e+00  1.117585420501051e+00  1.208643668593046e+00  1.670395220489143e+00  1.208643668593046e+00  4.962059830792628e-01  1.208643668593046e+00  2.774237145912450e-01  1.208643668593046e+00  2.680069553510122e-03  1.208643668593046e+00  1.318372202961780e+00  1.208643668593046e+00  1.402793734554621e-01  1.208643668593046e+00  5.089964298769985e-04 
 1.212643668593046e+00  1.116756659892747e+00  1.212643668593046e+00  1.671232733974563e+00  1.212643668593046e+00  4.949011540241779e-01  1.212643668593046e+00  2.775918933170758e-01  1.212643668593046e+00  2.683324372708984e-03  1.212643668593046e+00  1.319544419965087e+00  1.212643668593046e+00  1.399239603438952e-01  1.212643668593046e+00  5.057071760320306e-04 
 1.216643668593046e+00  1.115929033528630e+00  1.216643668593046e+00  1.672069086962181e+00  1.216643668593046e+00  4.935976281209556e-01  1.216643668593046e+00  2.777600651368584e-01  1.216643668593046e+00  2.686574737352780e-03  1.216643668593046e+00  1.320714524968816e+00  1.216643668593046e+00  1.395677591822384e-01  1.216643668593046e+00  5.024224795799714e-04 
 1.220643668593046e+00  1.115102552070163e+00  1.220643668593046e+00  1.672904267845912e+00  1.220643668593046e+00  4.922954193117889e-01  1.220643668593046e+00  2.779282316326243e-01  1.220643668593046e+00  2.689820605570417e-03  1.220643668593046e+00  1.321882498992482e+00  1.220643668593046e+00  1.392107678946529e-01  1.220643668593046e+00  4.991423861109567e-04 
 1.224643668593046e+00  1.114277226303887e+00  1.224643668593046e+00  1.673738264916207e+00  1.224643668593046e+00  4.909945417037963e-01  1.224643668593046e+00  2.780963944020516e-01  1.224643668593046e+00  2.693061934999538e-03  1.224643668593046e+00  1.323048322867449e+00  1.224643668593046e+00  1.388529844231636e-01  1.224643668593046e+00  4.958669416217110e-04 
 1.228643668593046e+00  1.113453067119436e+00  1.228643668593046e+00  1.674571066302201e+00  1.228643668593046e+00  4.896950095559456e-01  1.228643668593046e+00  2.782645550626668e-01  1.228643668593046e+00  2.696298682872914e-03  1.228643668593046e+00  1.324211977210728e+00  1.228643668593046e+00  1.384944067524734e-01  1.228643668593046e+00  4.925961927427537e-04 
 1.232643668593046e+00  1.112630085538502e+00  1.232643668593046e+00  1.675402660037333e+00  1.232643668593046e+00  4.883968372987108e-01  1.232643668593046e+00  2.784327152473571e-01  1.232643668593046e+00  2.699530805904682e-03  1.232643668593046e+00  1.325373442451435e+00  1.232643668593046e+00  1.381350328829778e-01  1.232643668593046e+00  4.893301864806931e-04 
 1.236643668593046e+00  1.111808292694804e+00  1.236643668593046e+00  1.676233034006261e+00  1.236643668593046e+00  4.871000395222703e-01  1.236643668593046e+00  2.786008766082418e-01  1.236643668593046e+00  2.702758260369049e-03  1.236643668593046e+00  1.326532698806697e+00  1.236643668593046e+00  1.377748608536955e-01  1.236643668593046e+00  4.860689704266926e-04 
 1.240643668593046e+00  1.110987699843538e+00  1.240643668593046e+00  1.677062175963185e+00  1.240643668593046e+00  4.858046309836376e-01  1.240643668593046e+00  2.787690408155099e-01  1.240643668593046e+00  2.705981002063050e-03  1.240643668593046e+00  1.327689726287942e+00  1.240643668593046e+00  1.374138887352196e-01  1.240643668593046e+00  4.828125926845549e-04 
 1.244643668593046e+00  1.110168318359317e+00  1.244643668593046e+00  1.677890073522446e+00  1.244643668593046e+00  4.845106266064181e-01  1.244643668593046e+00  2.789372095582349e-01  1.244643668593046e+00  2.709198986314847e-03  1.244643668593046e+00  1.328844504695458e+00  1.244643668593046e+00  1.370521146343892e-01  1.244643668593046e+00  4.795611019075809e-04 
 1.248643668593046e+00  1.109350159748749e+00  1.248643668593046e+00  1.678716714183780e+00  1.248643668593046e+00  4.832180414899183e-01  1.248643668593046e+00  2.791053845426715e-01  1.248643668593046e+00  2.712412167934115e-03  1.248643668593046e+00  1.329997013627321e+00  1.248643668593046e+00  1.366895366841588e-01  1.248643668593046e+00  4.763145471994287e-04 
 1.252643668593046e+00  1.108533235636610e+00  1.252643668593046e+00  1.679542085294834e+00  1.252643668593046e+00  4.819268909013752e-01  1.252643668593046e+00  2.792735674950778e-01  1.252643668593046e+00  2.715620501266496e-03  1.252643668593046e+00  1.331147232462246e+00  1.252643668593046e+00  1.363261530603511e-01  1.252643668593046e+00  4.730729782613463e-04 
 1.256643668593046e+00  1.107717557772888e+00  1.256643668593046e+00  1.680366174063471e+00  1.256643668593046e+00  4.806371902815280e-01  1.256643668593046e+00  2.794417601609647e-01  1.256643668593046e+00  2.718823940165861e-03  1.256643668593046e+00  1.332295140363214e+00  1.256643668593046e+00  1.359619619771889e-01  1.256643668593046e+00  4.698364453437839e-04 
 1.260643668593046e+00  1.106903138037772e+00  1.260643668593046e+00  1.681188967564912e+00  1.260643668593046e+00  4.793489552488996e-01  1.260643668593046e+00  2.796099643046963e-01  1.260643668593046e+00  2.722022437974779e-03  1.260643668593046e+00  1.333440716278820e+00  1.260643668593046e+00  1.355969616849882e-01  1.260643668593046e+00  4.666049992184163e-04 
 1.264643668593046e+00  1.106089988440372e+00  1.264643668593046e+00  1.682010452734098e+00  1.264643668593046e+00  4.780622016000299e-01  1.264643668593046e+00  2.797781817101569e-01  1.264643668593046e+00  2.725215947529438e-03  1.264643668593046e+00  1.334583938938528e+00  1.264643668593046e+00  1.352311504742449e-01  1.264643668593046e+00  4.633786912080674e-04 
 1.268643668593046e+00  1.105278121117796e+00  1.268643668593046e+00  1.682830616359073e+00  1.268643668593046e+00  4.767769453099688e-01  1.268643668593046e+00  2.799464141813619e-01  1.268643668593046e+00  2.728404421163385e-03  1.268643668593046e+00  1.335724786848428e+00  1.268643668593046e+00  1.348645266793919e-01  1.268643668593046e+00  4.601575732127826e-04 
 1.272643668593046e+00  1.104467548341015e+00  1.272643668593046e+00  1.683649445090027e+00  1.272643668593046e+00  4.754932025370839e-01  1.272643668593046e+00  2.801146635418994e-01  1.272643668593046e+00  2.731587810684400e-03  1.272643668593046e+00  1.336863238293301e+00  1.272643668593046e+00  1.344970886757255e-01  1.272643668593046e+00  4.569416976742336e-04 
 1.276643668593046e+00  1.103658282515342e+00  1.276643668593046e+00  1.684466925435849e+00  1.276643668593046e+00  4.742109896244322e-01  1.276643668593046e+00  2.802829316352942e-01  1.276643668593046e+00  2.734766067372725e-03  1.276643668593046e+00  1.337999271333575e+00  1.276643668593046e+00  1.341288348818007e-01  1.276643668593046e+00  4.537311175893010e-04 
 1.280643668593046e+00  1.102850336171829e+00  1.280643668593046e+00  1.685283043739764e+00  1.280643668593046e+00  4.729303230953282e-01  1.280643668593046e+00  2.804512203269202e-01  1.280643668593046e+00  2.737939142014699e-03  1.280643668593046e+00  1.339132863794076e+00  1.280643668593046e+00  1.337597637711726e-01  1.280643668593046e+00  4.505258866057462e-04 
 1.284643668593046e+00  1.102043721984417e+00  1.284643668593046e+00  1.686097786214512e+00  1.284643668593046e+00  4.716512196653477e-01  1.284643668593046e+00  2.806195315015040e-01  1.284643668593046e+00  2.741106984835567e-03  1.284643668593046e+00  1.340263993276411e+00  1.284643668593046e+00  1.333898738578662e-01  1.284643668593046e+00  4.473260588840482e-04 
 1.288643668593046e+00  1.101238452762747e+00  1.288643668593046e+00  1.686911138921155e+00  1.288643668593046e+00  4.703736962387757e-01  1.288643668593046e+00  2.807878670647848e-01  1.288643668593046e+00  2.744269545527578e-03  1.288643668593046e+00  1.341392637148892e+00  1.288643668593046e+00  1.330191637067413e-01  1.288643668593046e+00  4.441316891806341e-04 
 1.292643668593046e+00  1.100434541456380e+00  1.292643668593046e+00  1.687723087774330e+00  1.292643668593046e+00  4.690977699123364e-01  1.292643668593046e+00  2.809562289432216e-01  1.292643668593046e+00  2.747426773233493e-03  1.292643668593046e+00  1.342518772546971e+00  1.292643668593046e+00  1.326476319322218e-01  1.292643668593046e+00  4.409428328272540e-04 
 1.296643668593046e+00  1.099632001143899e+00  1.296643668593046e+00  1.688533618512941e+00  1.296643668593046e+00  4.678234579692974e-01  1.296643668593046e+00  2.811246190862874e-01  1.296643668593046e+00  2.750578616589339e-03  1.296643668593046e+00  1.343642376360284e+00  1.296643668593046e+00  1.322752772125969e-01  1.296643668593046e+00  4.377595458460814e-04 
 1.300643668593046e+00  1.098830845056154e+00  1.300643668593046e+00  1.689342716748848e+00  1.300643668593046e+00  4.665507778952717e-01  1.300643668593046e+00  2.812930394628967e-01  1.300643668593046e+00  2.753725023633199e-03  1.300643668593046e+00  1.344763425249907e+00  1.300643668593046e+00  1.319020982693229e-01  1.300643668593046e+00  4.345818847585049e-04 
 1.304643668593046e+00  1.098031086562846e+00  1.304643668593046e+00  1.690150367931787e+00  1.304643668593046e+00  4.652797473706883e-01  1.304643668593046e+00  2.814614920641120e-01  1.304643668593046e+00  2.756865941857753e-03  1.304643668593046e+00  1.345881895633076e+00  1.304643668593046e+00  1.315280938839378e-01  1.304643668593046e+00  4.314099067228533e-04 
 1.308643668593046e+00  1.097232739174556e+00  1.308643668593046e+00  1.690956557349733e+00  1.308643668593046e+00  4.640103842730776e-01  1.308643668593046e+00  2.816299789032080e-01  1.308643668593046e+00  2.760001318202480e-03  1.308643668593046e+00  1.346997763681774e+00  1.308643668593046e+00  1.311532628992091e-01  1.308643668593046e+00  4.282436695330212e-04 
 1.312643668593046e+00  1.096435816548934e+00  1.312643668593046e+00  1.691761270138595e+00  1.312643668593046e+00  4.627427066819814e-01  1.312643668593046e+00  2.817985020149936e-01  1.312643668593046e+00  2.763131099029215e-03  1.312643668593046e+00  1.348111005324787e+00  1.312643668593046e+00  1.307776042160253e-01  1.312643668593046e+00  4.250832315803951e-04 
 1.316643668593046e+00  1.095640332484817e+00  1.316643668593046e+00  1.692564491264750e+00  1.316643668593046e+00  4.614767328761875e-01  1.316643668593046e+00  2.819670634572146e-01  1.316643668593046e+00  2.766255230145338e-03  1.316643668593046e+00  1.349221596239498e+00  1.316643668593046e+00  1.304011168027215e-01  1.316643668593046e+00  4.219286519223933e-04 
 1.320643668593046e+00  1.094846300936124e+00  1.320643668593046e+00  1.693366205551961e+00  1.320643668593046e+00  4.602124813434698e-01  1.320643668593046e+00  2.821356653085335e-01  1.320643668593046e+00  2.769373656749148e-03  1.320643668593046e+00  1.350329511860310e+00  1.320643668593046e+00  1.300237996841131e-01  1.320643668593046e+00  4.187799901767707e-04 
 1.324643668593046e+00  1.094053735993679e+00  1.324643668593046e+00  1.694166397636655e+00  1.324643668593046e+00  4.589499707700061e-01  1.324643668593046e+00  2.823043096720285e-01  1.324643668593046e+00  2.772486323501277e-03  1.324643668593046e+00  1.351434727360390e+00  1.324643668593046e+00  1.296456519635432e-01  1.324643668593046e+00  4.156373066972888e-04 
 1.328643668593046e+00  1.093262651913008e+00  1.328643668593046e+00  1.694965052025654e+00  1.328643668593046e+00  4.576892200588631e-01  1.328643668593046e+00  2.824729986707519e-01  1.328643668593046e+00  2.775593174415524e-03  1.328643668593046e+00  1.352537217671364e+00  1.328643668593046e+00  1.292666727976823e-01  1.328643668593046e+00  4.125006623469650e-04 
 1.332643668593046e+00  1.092473063084135e+00  1.332643668593046e+00  1.695762153025171e+00  1.332643668593046e+00  4.564302483117756e-01  1.332643668593046e+00  2.826417344532842e-01  1.332643668593046e+00  2.778694152977483e-03  1.332643668593046e+00  1.353636957455600e+00  1.332643668593046e+00  1.288868614310078e-01  1.332643668593046e+00  4.093701187768891e-04 
 1.336643668593046e+00  1.091684984061862e+00  1.336643668593046e+00  1.696557684803838e+00  1.336643668593046e+00  4.551730748491265e-01  1.336643668593046e+00  2.828105191888334e-01  1.336643668593046e+00  2.781789202025597e-03  1.336643668593046e+00  1.354733921127642e+00  1.336643668593046e+00  1.285062171681070e-01  1.336643668593046e+00  4.062457381787487e-04 
 1.340643668593046e+00  1.090898429544300e+00  1.340643668593046e+00  1.697351631341511e+00  1.340643668593046e+00  4.539177191972091e-01  1.340643668593046e+00  2.829793550712542e-01  1.340643668593046e+00  2.784878263835449e-03  1.340643668593046e+00  1.355828082834002e+00  1.340643668593046e+00  1.281247393992406e-01  1.340643668593046e+00  4.031275834858405e-04 
 1.344643668593046e+00  1.090113414396491e+00  1.344643668593046e+00  1.698143976477154e+00  1.344643668593046e+00  4.526642011039275e-01  1.344643668593046e+00  2.831482443152635e-01  1.344643668593046e+00  2.787961280027086e-03  1.344643668593046e+00  1.356919416468720e+00  1.344643668593046e+00  1.277424275795520e-01  1.344643668593046e+00  4.000157181850391e-04 
 1.348643668593046e+00  1.089329953621207e+00  1.348643668593046e+00  1.698934703841523e+00  1.348643668593046e+00  4.514125405211267e-01  1.348643668593046e+00  2.833171891617753e-01  1.348643668593046e+00  2.791038191679618e-03  1.348643668593046e+00  1.358007895647840e+00  1.348643668593046e+00  1.273592812626459e-01  1.348643668593046e+00  3.969102065811487e-04 
 1.352643668593046e+00  1.088548062395976e+00  1.352643668593046e+00  1.699723796933968e+00  1.352643668593046e+00  4.501627576286475e-01  1.352643668593046e+00  2.834861918717489e-01  1.352643668593046e+00  2.794108939185831e-03  1.352643668593046e+00  1.359093493734957e+00  1.352643668593046e+00  1.269753000660569e-01  1.352643668593046e+00  3.938111134952987e-04 
 1.356643668593046e+00  1.087767756042198e+00  1.356643668593046e+00  1.700511239051961e+00  1.356643668593046e+00  4.489148728155594e-01  1.356643668593046e+00  2.836552547317858e-01  1.356643668593046e+00  2.797173462373491e-03  1.356643668593046e+00  1.360176183814859e+00  1.356643668593046e+00  1.265904837066206e-01  1.356643668593046e+00  3.907185045416675e-04 
 1.360643668593046e+00  1.086989050044795e+00  1.360643668593046e+00  1.701297013330230e+00  1.360643668593046e+00  4.476689066931633e-01  1.360643668593046e+00  2.838243800509471e-01  1.360643668593046e+00  2.800231700428135e-03  1.360643668593046e+00  1.361255938705697e+00  1.360643668593046e+00  1.262048319838548e-01  1.360643668593046e+00  3.876324459738177e-04 
 1.364643668593046e+00  1.086211960051948e+00  1.364643668593046e+00  1.702081102736619e+00  1.364643668593046e+00  4.464248800954141e-01  1.364643668593046e+00  2.839935701609982e-01  1.364643668593046e+00  2.803283591894135e-03  1.364643668593046e+00  1.362332730955858e+00  1.364643668593046e+00  1.258183447838884e-01  1.364643668593046e+00  3.845530047009347e-04 
 1.368643668593046e+00  1.085436501866216e+00  1.368643668593046e+00  1.702863490050044e+00  1.368643668593046e+00  4.451828140738837e-01  1.368643668593046e+00  2.841628274181329e-01  1.368643668593046e+00  2.806329074709584e-03  1.368643668593046e+00  1.363406532834939e+00  1.368643668593046e+00  1.254310220922243e-01  1.368643668593046e+00  3.814802483744111e-04 
 1.372643668593046e+00  1.084662691459976e+00  1.372643668593046e+00  1.703644157890093e+00  1.372643668593046e+00  4.439427299079483e-01  1.372643668593046e+00  2.843321542004404e-01  1.372643668593046e+00  2.809368086145618e-03  1.372643668593046e+00  1.364477316342190e+00  1.372643668593046e+00  1.250428639815699e-01  1.372643668593046e+00  3.784142452715834e-04 
 1.376643668593046e+00  1.083890544955886e+00  1.376643668593046e+00  1.704423088672854e+00  1.376643668593046e+00  4.427046490929777e-01  1.376643668593046e+00  2.845015529114386e-01  1.376643668593046e+00  2.812400562883194e-03  1.376643668593046e+00  1.365545053190261e+00  1.376643668593046e+00  1.246538706356072e-01  1.376643668593046e+00  3.753550644692048e-04 
 1.380643668593046e+00  1.083120078649819e+00  1.380643668593046e+00  1.705200264656440e+00  1.380643668593046e+00  4.414685933550988e-01  1.380643668593046e+00  2.846710259761792e-01  1.380643668593046e+00  2.815426440922994e-03  1.380643668593046e+00  1.366609714818865e+00  1.380643668593046e+00  1.242640423291200e-01  1.380643668593046e+00  3.723027756646601e-04 
 1.384643668593046e+00  1.082351308999075e+00  1.384643668593046e+00  1.705975667913409e+00  1.384643668593046e+00  4.402345846441075e-01  1.384643668593046e+00  2.848405758433734e-01  1.384643668593046e+00  2.818445655631696e-03  1.384643668593046e+00  1.367671272384108e+00  1.384643668593046e+00  1.238733794438384e-01  1.384643668593046e+00  3.692574492842476e-04 
 1.388643668593046e+00  1.081584252625577e+00  1.388643668593046e+00  1.706749280334939e+00  1.388643668593046e+00  4.390026451357555e-01  1.388643668593046e+00  2.850102049848784e-01  1.388643668593046e+00  2.821458141729473e-03  1.388643668593046e+00  1.368729696758450e+00  1.388643668593046e+00  1.234818824689064e-01  1.388643668593046e+00  3.662191564668246e-04 
 1.392643668593046e+00  1.080818926315394e+00  1.392643668593046e+00  1.707521083627526e+00  1.392643668593046e+00  4.377727972316185e-01  1.392643668593046e+00  2.851799158957908e-01  1.392643668593046e+00  2.824463833291855e-03  1.392643668593046e+00  1.369784958528232e+00  1.392643668593046e+00  1.230895520050928e-01  1.392643668593046e+00  3.631879690767101e-04 
 1.396643668593046e+00  1.080055347027106e+00  1.396643668593046e+00  1.708291059327925e+00  1.396643668593046e+00  4.365450635644400e-01  1.396643668593046e+00  2.853497110929566e-01  1.396643668593046e+00  2.827462663716805e-03  1.396643668593046e+00  1.370837027996976e+00  1.396643668593046e+00  1.226963887599650e-01  1.396643668593046e+00  3.601639596450734e-04 
 1.400643668593046e+00  1.079293531878223e+00  1.400643668593046e+00  1.709059188773140e+00  1.400643668593046e+00  4.353194669896966e-01  1.400643668593046e+00  2.855195931172924e-01  1.400643668593046e+00  2.830454565778203e-03  1.400643668593046e+00  1.371885875174541e+00  1.400643668593046e+00  1.223023935656181e-01  1.400643668593046e+00  3.571472014877131e-04 
 1.404643668593046e+00  1.078533498158530e+00  1.404643668593046e+00  1.709825453126010e+00  1.404643668593046e+00  4.340960305938780e-01  1.404643668593046e+00  2.856895645313463e-01  1.404643668593046e+00  2.833439471573252e-03  1.404643668593046e+00  1.372931469783841e+00  1.404643668593046e+00  1.219075673687029e-01  1.404643668593046e+00  3.541377686046167e-04 
 1.408643668593046e+00  1.077775263323484e+00  1.408643668593046e+00  1.710589833359946e+00  1.408643668593046e+00  4.328747776902457e-01  1.408643668593046e+00  2.858596279203215e-01  1.408643668593046e+00  2.836417312548572e-03  1.408643668593046e+00  1.373973781254759e+00  1.408643668593046e+00  1.215119112409919e-01  1.408643668593046e+00  3.511357357398677e-04 
 1.412643668593046e+00  1.077018845000303e+00  1.412643668593046e+00  1.711352310269799e+00  1.412643668593046e+00  4.316557318224005e-01  1.412643668593046e+00  2.860297858908286e-01  1.412643668593046e+00  2.839388019476221e-03  1.412643668593046e+00  1.375012778726179e+00  1.412643668593046e+00  1.211154263768683e-01  1.412643668593046e+00  3.481411783389799e-04 
 1.416643668593046e+00  1.076264260979548e+00  1.416643668593046e+00  1.712112864453575e+00  1.416643668593046e+00  4.304389167587430e-01  1.416643668593046e+00  2.862000410721389e-01  1.416643668593046e+00  2.842351522486700e-03  1.416643668593046e+00  1.376048431039242e+00  1.416643668593046e+00  1.207181141057411e-01  1.416643668593046e+00  3.451541726206895e-04 
 1.420643668593046e+00  1.075511529231723e+00  1.420643668593046e+00  1.712871476344600e+00  1.420643668593046e+00  4.292243565023529e-01  1.420643668593046e+00  2.863703961129986e-01  1.420643668593046e+00  2.845307751003859e-03  1.420643668593046e+00  1.377080706745641e+00  1.420643668593046e+00  1.203199758787321e-01  1.420643668593046e+00  3.421747954506133e-04 
 1.424643668593046e+00  1.074760667881679e+00  1.424643668593046e+00  1.713628126159486e+00  1.424643668593046e+00  4.280120752746240e-01  1.424643668593046e+00  2.865408536858205e-01  1.424643668593046e+00  2.848256633845374e-03  1.424643668593046e+00  1.378109574091197e+00  1.424643668593046e+00  1.199210132987317e-01  1.424643668593046e+00  3.392031245456394e-04 
 1.428643668593046e+00  1.074011695239162e+00  1.428643668593046e+00  1.714382793958366e+00  1.428643668593046e+00  4.268020975335487e-01  1.428643668593046e+00  2.867114164809307e-01  1.428643668593046e+00  2.851198099102768e-03  1.428643668593046e+00  1.379135001032238e+00  1.428643668593046e+00  1.195212280926994e-01  1.428643668593046e+00  3.362392382372741e-04 
 1.432643668593046e+00  1.073264629770504e+00  1.432643668593046e+00  1.715135459588248e+00  1.432643668593046e+00  4.255944479554563e-01  1.432643668593046e+00  2.868820872111477e-01  1.432643668593046e+00  2.854132074252593e-03  1.432643668593046e+00  1.380156955218223e+00  1.432643668593046e+00  1.191206221444947e-01  1.432643668593046e+00  3.332832156942035e-04 
 1.436643668593046e+00  1.072519490123586e+00  1.436643668593046e+00  1.715886102732187e+00  1.436643668593046e+00  4.243891514495947e-01  1.436643668593046e+00  2.870528686068962e-01  1.436643668593046e+00  2.857058486058396e-03  1.436643668593046e+00  1.381175404004632e+00  1.436643668593046e+00  1.187191974728664e-01  1.436643668593046e+00  3.303351367290873e-04 
 1.440643668593046e+00  1.071776295102268e+00  1.440643668593046e+00  1.716634702859092e+00  1.440643668593046e+00  4.231862331413550e-01  1.440643668593046e+00  2.872237634202048e-01  1.440643668593046e+00  2.859977260671160e-03  1.440643668593046e+00  1.382190314438007e+00  1.440643668593046e+00  1.183169562614433e-01  1.440643668593046e+00  3.273950819957299e-04 
 1.444643668593046e+00  1.071035063694719e+00  1.444643668593046e+00  1.717381239279532e+00  1.444643668593046e+00  4.219857183886281e-01  1.444643668593046e+00  2.873947744190932e-01  1.444643668593046e+00  2.862888323518016e-03  1.444643668593046e+00  1.383201653270345e+00  1.444643668593046e+00  1.179139008331778e-01  1.444643668593046e+00  3.244631327698498e-04 
 1.448643668593046e+00  1.070295815050200e+00  1.448643668593046e+00  1.718125691100904e+00  1.448643668593046e+00  4.207876327662378e-01  1.448643668593046e+00  2.875659043910362e-01  1.448643668593046e+00  2.865791599393430e-03  1.448643668593046e+00  1.384209386945916e+00  1.448643668593046e+00  1.175100336778742e-01  1.448643668593046e+00  3.215393711252004e-04 
 1.452643668593046e+00  1.069558568482921e+00  1.452643668593046e+00  1.718868037236125e+00  1.452643668593046e+00  4.195920020669340e-01  1.452643668593046e+00  2.877371561415680e-01  1.452643668593046e+00  2.868687012444053e-03  1.452643668593046e+00  1.385213481602990e+00  1.452643668593046e+00  1.171053574517484e-01  1.452643668593046e+00  3.186238798993644e-04 
 1.456643668593046e+00  1.068823343483945e+00  1.456643668593046e+00  1.719608256427638e+00  1.456643668593046e+00  4.183988523071611e-01  1.456643668593046e+00  2.879085324913799e-01  1.456643668593046e+00  2.871574486121989e-03  1.456643668593046e+00  1.386213903079306e+00  1.456643668593046e+00  1.166998749687218e-01  1.456643668593046e+00  3.157167425995267e-04 
 1.460643668593046e+00  1.068090159711285e+00  1.460643668593046e+00  1.720346327229707e+00  1.460643668593046e+00  4.172082097192649e-01  1.460643668593046e+00  2.880800362772232e-01  1.460643668593046e+00  2.874453943223654e-03  1.460643668593046e+00  1.387210616906615e+00  1.460643668593046e+00  1.162935892140753e-01  1.460643668593046e+00  3.128180434719347e-04 
 1.464643668593046e+00  1.067359036979112e+00  1.464643668593046e+00  1.721082227989892e+00  1.464643668593046e+00  4.160201007430357e-01  1.464643668593046e+00  2.882516703529172e-01  1.464643668593046e+00  2.877325305932210e-03  1.464643668593046e+00  1.388203588305560e+00  1.464643668593046e+00  1.158865033589747e-01  1.464643668593046e+00  3.099278675746762e-04 
 1.468643668593046e+00  1.066629995285654e+00  1.468643668593046e+00  1.721815936903974e+00  1.468643668593046e+00  4.148345520407452e-01  1.468643668593046e+00  2.884234375833594e-01  1.468643668593046e+00  2.880188495707941e-03  1.468643668593046e+00  1.389192782198732e+00  1.468643668593046e+00  1.154786207351597e-01  1.468643668593046e+00  3.070463005619639e-04 
 1.472643668593046e+00  1.065903054776185e+00  1.472643668593046e+00  1.722547431948484e+00  1.472643668593046e+00  4.136515904723185e-01  1.472643668593046e+00  2.885953408500653e-01  1.472643668593046e+00  2.883043433433637e-03  1.472643668593046e+00  1.390178163193566e+00  1.472643668593046e+00  1.150699448763059e-01  1.472643668593046e+00  3.041734289491102e-04 
 1.476643668593046e+00  1.065178235774683e+00  1.476643668593046e+00  1.723276690943024e+00  1.476643668593046e+00  4.124712431122898e-01  1.476643668593046e+00  2.887673830443424e-01  1.476643668593046e+00  2.885890039290257e-03  1.476643668593046e+00  1.391159695597072e+00  1.476643668593046e+00  1.146604794887573e-01  1.476643668593046e+00  3.013093398677079e-04 
 1.480643668593046e+00  1.064455558759171e+00  1.480643668593046e+00  1.724003691507201e+00  1.480643668593046e+00  4.112935372321798e-01  1.480643668593046e+00  2.889395670704656e-01  1.480643668593046e+00  2.888728232853790e-03  1.480643668593046e+00  1.392137343405159e+00  1.480643668593046e+00  1.142502284800384e-01  1.480643668593046e+00  2.984541212348177e-04 
 1.484643668593046e+00  1.063735044375879e+00  1.484643668593046e+00  1.724728411090497e+00  1.484643668593046e+00  4.101185003063632e-01  1.484643668593046e+00  2.891118958418036e-01  1.484643668593046e+00  2.891557933039582e-03  1.484643668593046e+00  1.393111070309388e+00  1.484643668593046e+00  1.138391959474218e-01  1.484643668593046e+00  2.956078616356205e-04 
 1.488643668593046e+00  1.063016713425758e+00  1.488643668593046e+00  1.725450826951120e+00  1.488643668593046e+00  4.089461600008975e-01  1.488643668593046e+00  2.892843722818288e-01  1.488643668593046e+00  2.894379058155383e-03  1.488643668593046e+00  1.394080839691948e+00  1.488643668593046e+00  1.134273861948323e-01  1.488643668593046e+00  2.927706504064549e-04 
 1.492643668593046e+00  1.062300586870867e+00  1.492643668593046e+00  1.726170916172088e+00  1.492643668593046e+00  4.077765441742414e-01  1.492643668593046e+00  2.894569993214559e-01  1.492643668593046e+00  2.897191525876198e-03  1.492643668593046e+00  1.395046614629252e+00  1.492643668593046e+00  1.130148037292308e-01  1.492643668593046e+00  2.899425775716667e-04 
 1.496643668593046e+00  1.061586685834756e+00  1.496643668593046e+00  1.726888655666302e+00  1.496643668593046e+00  4.066096808740793e-01  1.496643668593046e+00  2.896297798973640e-01  1.496643668593046e+00  2.899995253242791e-03  1.496643668593046e+00  1.396008357892893e+00  1.496643668593046e+00  1.126014532631277e-01  1.496643668593046e+00  2.871237338236197e-04 
 1.500643668593046e+00  1.060875031591530e+00  1.500643668593046e+00  1.727604022161680e+00  1.500643668593046e+00  4.054455983270976e-01  1.500643668593046e+00  2.898027169522711e-01  1.500643668593046e+00  2.902790156704691e-03  1.500643668593046e+00  1.396966031946584e+00  1.500643668593046e+00  1.121873397285719e-01  1.500643668593046e+00  2.843142105811281e-04 
 1.504643668593046e+00  1.060165645564753e+00  1.504643668593046e+00  1.728316992204779e+00  1.504643668593046e+00  4.042843249344958e-01  1.504643668593046e+00  2.899758134333315e-01  1.504643668593046e+00  2.905576152124358e-03  1.504643668593046e+00  1.397919598947303e+00  1.504643668593046e+00  1.117724682809517e-01  1.504643668593046e+00  2.815140999751844e-04 
 1.508643668593046e+00  1.059458549339178e+00  1.508643668593046e+00  1.729027542187469e+00  1.508643668593046e+00  4.031258892750053e-01  1.508643668593046e+00  2.901490722881079e-01  1.508643668593046e+00  2.908353154731328e-03  1.508643668593046e+00  1.398869020750898e+00  1.508643668593046e+00  1.113568442896027e-01  1.508643668593046e+00  2.787234947441903e-04 
 1.512643668593046e+00  1.058753764637536e+00  1.512643668593046e+00  1.729735648311710e+00  1.512643668593046e+00  4.019703200865543e-01  1.512643668593046e+00  2.903224964667664e-01  1.512643668593046e+00  2.911121079213163e-03  1.512643668593046e+00  1.399814258905515e+00  1.512643668593046e+00  1.109404733640335e-01  1.512643668593046e+00  2.759424883722815e-04 
 1.516643668593046e+00  1.058051313339122e+00  1.516643668593046e+00  1.730441286629186e+00  1.516643668593046e+00  4.008176462729360e-01  1.516643668593046e+00  2.904960889165832e-01  1.516643668593046e+00  2.913879839642592e-03  1.516643668593046e+00  1.400755274659804e+00  1.516643668593046e+00  1.105233613373074e-01  1.516643668593046e+00  2.731711749336519e-04 
 1.520643668593046e+00  1.057351217460195e+00  1.520643668593046e+00  1.731144433013645e+00  1.520643668593046e+00  3.996678968871827e-01  1.520643668593046e+00  2.906698525832803e-01  1.520643668593046e+00  2.916629349554411e-03  1.520643668593046e+00  1.401692028958273e+00  1.520643668593046e+00  1.101055142883545e-01  1.520643668593046e+00  2.704096492011695e-04 
 1.524643668593046e+00  1.056653499161071e+00  1.524643668593046e+00  1.731845063180902e+00  1.524643668593046e+00  3.985211011307701e-01  1.524643668593046e+00  2.908437904073921e-01  1.524643668593046e+00  2.919369521917699e-03  1.524643668593046e+00  1.402624482445785e+00  1.524643668593046e+00  1.096869385368894e-01  1.524643668593046e+00  2.676580065678271e-04 
 1.528643668593046e+00  1.055958180733803e+00  1.528643668593046e+00  1.732543152675397e+00  1.528643668593046e+00  3.973772883408923e-01  1.528643668593046e+00  2.910179053240589e-01  1.528643668593046e+00  2.922100269184081e-03  1.528643668593046e+00  1.403552595466126e+00  1.528643668593046e+00  1.092676406579775e-01  1.528643668593046e+00  2.649163430994758e-04 
 1.532643668593046e+00  1.055265284613508e+00  1.532643668593046e+00  1.733238676898084e+00  1.532643668593046e+00  3.962364879916500e-01  1.532643668593046e+00  2.911922002583796e-01  1.532643668593046e+00  2.924821503243415e-03  1.532643668593046e+00  1.404476328067755e+00  1.532643668593046e+00  1.088476274724321e-01  1.532643668593046e+00  2.621847554253047e-04 
 1.536643668593046e+00  1.054574833358726e+00  1.536643668593046e+00  1.733931611081423e+00  1.536643668593046e+00  3.950987296764030e-01  1.536643668593046e+00  2.913666781263143e-01  1.536643668593046e+00  2.927533135500765e-03  1.536643668593046e+00  1.405395640000784e+00  1.536643668593046e+00  1.084269060685933e-01  1.536643668593046e+00  2.594633408360511e-04 
 1.540643668593046e+00  1.053886849664609e+00  1.540643668593046e+00  1.734621930321242e+00  1.540643668593046e+00  3.939640431094839e-01  1.540643668593046e+00  2.915413418294442e-01  1.540643668593046e+00  2.930235076824718e-03  1.540643668593046e+00  1.406310490723345e+00  1.540643668593046e+00  1.080054837905288e-01  1.540643668593046e+00  2.567521971588417e-04 
 1.544643668593046e+00  1.053201356337591e+00  1.544643668593046e+00  1.735309609543420e+00  1.544643668593046e+00  3.928324581046615e-01  1.544643668593046e+00  2.917161942566958e-01  1.544643668593046e+00  2.932927237646806e-03  1.544643668593046e+00  1.407220839397964e+00  1.544643668593046e+00  1.075833682653341e-01  1.544643668593046e+00  2.540514228879973e-04 
 1.548643668593046e+00  1.052518376320040e+00  1.548643668593046e+00  1.735994623555747e+00  1.548643668593046e+00  3.917040045830416e-01  1.548643668593046e+00  2.918912382767252e-01  1.548643668593046e+00  2.935609527864693e-03  1.548643668593046e+00  1.408126644900764e+00  1.548643668593046e+00  1.071605673794220e-01  1.548643668593046e+00  2.513611169814029e-04 
 1.552643668593046e+00  1.051837932655839e+00  1.552643668593046e+00  1.736676947000683e+00  1.552643668593046e+00  3.905787125455921e-01  1.552643668593046e+00  2.920664767410845e-01  1.552643668593046e+00  2.938281856977362e-03  1.552643668593046e+00  1.409027865816417e+00  1.552643668593046e+00  1.067370893147273e-01  1.552643668593046e+00  2.486813790459693e-04 
 1.556643668593046e+00  1.051160048506667e+00  1.556643668593046e+00  1.737356554393962e+00  1.556643668593046e+00  3.894566120754697e-01  1.556643668593046e+00  2.922419124778924e-01  1.556643668593046e+00  2.940944134021204e-03  1.556643668593046e+00  1.409924460445507e+00  1.556643668593046e+00  1.063129425332112e-01  1.556643668593046e+00  2.460123091860266e-04 
 1.560643668593046e+00  1.050484747144602e+00  1.560643668593046e+00  1.738033420123654e+00  1.560643668593046e+00  3.883377333259725e-01  1.560643668593046e+00  2.924175482897455e-01  1.560643668593046e+00  2.943596267598962e-03  1.560643668593046e+00  1.410816386806213e+00  1.560643668593046e+00  1.058881357853284e-01  1.560643668593046e+00  2.433540080070053e-04 
 1.564643668593046e+00  1.049812051936069e+00  1.564643668593046e+00  1.738707518435943e+00  1.564643668593046e+00  3.872221065031145e-01  1.564643668593046e+00  2.925933869531310e-01  1.564643668593046e+00  2.946238165942944e-03  1.564643668593046e+00  1.411703602634872e+00  1.564643668593046e+00  1.054626781270405e-01  1.564643668593046e+00  2.407065766712519e-04 
 1.568643668593046e+00  1.049141986345553e+00  1.568643668593046e+00  1.739378823453992e+00  1.568643668593046e+00  3.861097618595715e-01  1.568643668593046e+00  2.927694312140242e-01  1.568643668593046e+00  2.948869736900238e-03  1.568643668593046e+00  1.412586065390788e+00  1.568643668593046e+00  1.050365789166478e-01  1.568643668593046e+00  2.380701168239328e-04 
 1.572643668593046e+00  1.048474573943110e+00  1.572643668593046e+00  1.740047309202815e+00  1.572643668593046e+00  3.850007296905132e-01  1.572643668593046e+00  2.929456837826383e-01  1.572643668593046e+00  2.951490887903437e-03  1.572643668593046e+00  1.413463732261190e+00  1.572643668593046e+00  1.046098478076955e-01  1.572643668593046e+00  2.354447304953424e-04 
 1.576643668593046e+00  1.047809838363887e+00  1.576643668593046e+00  1.740712949557621e+00  1.576643668593046e+00  3.838950403009302e-01  1.576643668593046e+00  2.931221473370226e-01  1.576643668593046e+00  2.954101526129392e-03  1.576643668593046e+00  1.414336560158801e+00  1.576643668593046e+00  1.041824947901501e-01  1.576643668593046e+00  2.328305203037357e-04 
 1.580643668593046e+00  1.047147803343165e+00  1.580643668593046e+00  1.741375718314197e+00  1.580643668593046e+00  3.827927240170249e-01  1.580643668593046e+00  2.932988245124018e-01  1.580643668593046e+00  2.956701558361760e-03  1.580643668593046e+00  1.415204505731765e+00  1.580643668593046e+00  1.037545301551235e-01  1.580643668593046e+00  2.302275891789262e-04 
 1.584643668593046e+00  1.046488492685910e+00  1.584643668593046e+00  1.742035589154408e+00  1.584643668593046e+00  3.816938111588360e-01  1.584643668593046e+00  2.934757179026449e-01  1.584643668593046e+00  2.959290891110500e-03  1.584643668593046e+00  1.416067525363268e+00  1.584643668593046e+00  1.033259645256326e-01  1.584643668593046e+00  2.276360404977296e-04 
 1.588643668593046e+00  1.045831930257779e+00  1.588643668593046e+00  1.742692535647363e+00  1.588643668593046e+00  3.805983320252067e-01  1.588643668593046e+00  2.936528300576097e-01  1.588643668593046e+00  2.961869430647216e-03  1.588643668593046e+00  1.416925575175407e+00  1.588643668593046e+00  1.028968088653960e-01  1.588643668593046e+00  2.250559780793909e-04 
 1.592643668593046e+00  1.045178140001435e+00  1.592643668593046e+00  1.743346531290326e+00  1.592643668593046e+00  3.795063168931743e-01  1.592643668593046e+00  2.938301634755753e-01  1.592643668593046e+00  2.964437082941078e-03  1.592643668593046e+00  1.417778611035747e+00  1.592643668593046e+00  1.024670744620868e-01  1.592643668593046e+00  2.224875060248805e-04 
 1.596643668593046e+00  1.044527145906368e+00  1.596643668593046e+00  1.743997549477315e+00  1.596643668593046e+00  3.784177959899558e-01  1.596643668593046e+00  2.940077206043245e-01  1.596643668593046e+00  2.966993753777392e-03  1.596643668593046e+00  1.418626588558798e+00  1.596643668593046e+00  1.020367729571999e-01  1.596643668593046e+00  2.199307288402116e-04 
 1.600643668593046e+00  1.043878972019196e+00  1.600643668593046e+00  1.744645563531553e+00  1.600643668593046e+00  3.773327994882147e-01  1.600643668593046e+00  2.941855038344582e-01  1.600643668593046e+00  2.969539348717048e-03  1.600643668593046e+00  1.419469463112137e+00  1.600643668593046e+00  1.016059163349811e-01  1.600643668593046e+00  2.173857513089764e-04 
 1.604643668593046e+00  1.043233642425284e+00  1.604643668593046e+00  1.745290546693818e+00  1.604643668593046e+00  3.762513574843773e-01  1.604643668593046e+00  2.943635154980240e-01  1.604643668593046e+00  2.972073773168780e-03  1.604643668593046e+00  1.420307189819920e+00  1.604643668593046e+00  1.011745169400695e-01  1.604643668593046e+00  2.148526785380420e-04 
 1.608643668593046e+00  1.042591181247146e+00  1.608643668593046e+00  1.745932472137339e+00  1.608643668593046e+00  3.751734999863987e-01  1.608643668593046e+00  2.945417578638477e-01  1.608643668593046e+00  2.974596932395444e-03  1.608643668593046e+00  1.421139723568182e+00  1.608643668593046e+00  1.007425874780937e-01  1.608643668593046e+00  2.123316158991109e-04 
 1.612643668593046e+00  1.041951612645418e+00  1.612643668593046e+00  1.746571312986620e+00  1.612643668593046e+00  3.740992569026929e-01  1.612643668593046e+00  2.947202331322464e-01  1.612643668593046e+00  2.977108731510175e-03  1.612643668593046e+00  1.421967019009996e+00  1.612643668593046e+00  1.003101410135885e-01  1.612643668593046e+00  2.098226689547048e-04 
 1.616643668593046e+00  1.041314960786075e+00  1.616643668593046e+00  1.747207042286342e+00  1.616643668593046e+00  3.730286580113936e-01  1.616643668593046e+00  2.948989434360981e-01  1.616643668593046e+00  2.979609075605101e-03  1.616643668593046e+00  1.422789030569684e+00  1.616643668593046e+00  9.987719100141956e-02  1.616643668593046e+00  2.073259435803063e-04 
 1.620643668593046e+00  1.040681249866953e+00  1.620643668593046e+00  1.747839633059397e+00  1.620643668593046e+00  3.719617329634501e-01  1.620643668593046e+00  2.950778908304578e-01  1.620643668593046e+00  2.982097869647285e-03  1.620643668593046e+00  1.423605712449376e+00  1.620643668593046e+00  9.944375125891629e-02  1.620643668593046e+00  2.048415457364314e-04 
 1.624643668593046e+00  1.040050504081353e+00  1.624643668593046e+00  1.748469058271550e+00  1.624643668593046e+00  3.708985112493224e-01  1.624643668593046e+00  2.952570772941245e-01  1.624643668593046e+00  2.984575018621555e-03  1.624643668593046e+00  1.424417018633753e+00  1.624643668593046e+00  9.900983600056733e-02  1.624643668593046e+00  2.023695816073738e-04 
 1.628643668593046e+00  1.039422747620940e+00  1.628643668593046e+00  1.749095290855268e+00  1.628643668593046e+00  3.698390221880212e-01  1.628643668593046e+00  2.954365047235951e-01  1.628643668593046e+00  2.987040427519180e-03  1.628643668593046e+00  1.425222902896335e+00  1.628643668593046e+00  9.857545983336886e-02  1.628643668593046e+00  1.999101575076297e-04 
 1.632643668593046e+00  1.038798004678786e+00  1.632643668593046e+00  1.749718303733443e+00  1.632643668593046e+00  3.687832949159378e-01  1.632643668593046e+00  2.956161749268704e-01  1.632643668593046e+00  2.989494001325894e-03  1.632643668593046e+00  1.426023318805156e+00  1.632643668593046e+00  9.814063775199987e-02  1.632643668593046e+00  1.974633797886937e-04 
 1.636643668593046e+00  1.038176299414653e+00  1.636643668593046e+00  1.750338069789091e+00  1.636643668593046e+00  3.677313583539500e-01  1.636643668593046e+00  2.957960896244989e-01  1.636643668593046e+00  2.991935645158268e-03  1.636643668593046e+00  1.426818219729565e+00  1.636643668593046e+00  9.770538517127762e-02  1.636643668593046e+00  1.950293549580377e-04 
 1.640643668593046e+00  1.037557655975923e+00  1.640643668593046e+00  1.750954561915870e+00  1.640643668593046e+00  3.666832412060306e-01  1.640643668593046e+00  2.959762504397654e-01  1.640643668593046e+00  2.994365264181463e-03  1.640643668593046e+00  1.427607558845976e+00  1.640643668593046e+00  9.726971790328499e-02  1.640643668593046e+00  1.926081894807280e-04 
 1.644643668593046e+00  1.036942098468810e+00  1.644643668593046e+00  1.751567752997260e+00  1.644643668593046e+00  3.656389719293756e-01  1.644643668593046e+00  2.961566588984602e-01  1.644643668593046e+00  2.996782763722367e-03  1.644643668593046e+00  1.428391289145157e+00  1.644643668593046e+00  9.683365218372089e-02  1.644643668593046e+00  1.901999898611325e-04 
 1.648643668593046e+00  1.036329650949790e+00  1.648643668593046e+00  1.752177615915764e+00  1.648643668593046e+00  3.645985787159237e-01  1.648643668593046e+00  2.963373164246756e-01  1.648643668593046e+00  2.999188049303145e-03  1.648643668593046e+00  1.429169363439605e+00  1.648643668593046e+00  9.639720467794172e-02  1.648643668593046e+00  1.878048626067960e-04 
 1.652643668593046e+00  1.035720337434104e+00  1.652643668593046e+00  1.752784123585898e+00  1.652643668593046e+00  3.635620894833114e-01  1.652643668593046e+00  2.965182243332125e-01  1.652643668593046e+00  3.001581026607969e-03  1.652643668593046e+00  1.429941734369455e+00  1.652643668593046e+00  9.596039247019504e-02  1.652643668593046e+00  1.854229140988643e-04 
 1.656643668593046e+00  1.035114181867851e+00  1.656643668593046e+00  1.753387248936626e+00  1.656643668593046e+00  3.625295318451712e-01  1.656643668593046e+00  2.966993838290566e-01  1.656643668593046e+00  3.003961601592501e-03  1.656643668593046e+00  1.430708354411322e+00  1.656643668593046e+00  9.552323308860043e-02  1.656643668593046e+00  1.830542506610256e-04 
 1.660643668593046e+00  1.034511208127611e+00  1.660643668593046e+00  1.753986964932782e+00  1.660643668593046e+00  3.615009330968625e-01  1.660643668593046e+00  2.968807960014580e-01  1.660643668593046e+00  3.006329680485474e-03  1.660643668593046e+00  1.431469175885449e+00  1.660643668593046e+00  9.508574450287925e-02  1.660643668593046e+00  1.806989784753975e-04 
 1.664643668593046e+00  1.033911440003191e+00  1.664643668593046e+00  1.754583244573497e+00  1.664643668593046e+00  3.604763201916531e-01  1.664643668593046e+00  2.970624618212947e-01  1.664643668593046e+00  3.008685169856361e-03  1.664643668593046e+00  1.432224150964726e+00  1.664643668593046e+00  9.464794513859494e-02  1.664643668593046e+00  1.783572035886559e-04 
 1.668643668593046e+00  1.033314901209531e+00  1.668643668593046e+00  1.755176060930403e+00  1.668643668593046e+00  3.594557197331052e-01  1.668643668593046e+00  2.972443821326750e-01  1.668643668593046e+00  3.011027976568704e-03  1.668643668593046e+00  1.432973231680244e+00  1.668643668593046e+00  9.420985386277100e-02  1.668643668593046e+00  1.760290317620117e-04 
 1.672643668593046e+00  1.032721615341850e+00  1.672643668593046e+00  1.755765387109637e+00  1.672643668593046e+00  3.584391579357984e-01  1.672643668593046e+00  2.974265576557703e-01  1.672643668593046e+00  3.013358007956226e-03  1.672643668593046e+00  1.433716369934672e+00  1.672643668593046e+00  9.377149002491895e-02  1.672643668593046e+00  1.737145686203902e-04 
 1.676643668593046e+00  1.032131605900988e+00  1.676643668593046e+00  1.756351196308537e+00  1.676643668593046e+00  3.574266606251504e-01  1.676643668593046e+00  2.976089889757600e-01  1.676643668593046e+00  3.015675171723260e-03  1.676643668593046e+00  1.434453517506366e+00  1.676643668593046e+00  9.333287342942327e-02  1.676643668593046e+00  1.714139194297723e-04 
 1.680643668593046e+00  1.031544896260249e+00  1.680643668593046e+00  1.756933461794242e+00  1.680643668593046e+00  3.564182532047181e-01  1.680643668593046e+00  2.977916765434097e-01  1.680643668593046e+00  3.017979376075073e-03  1.680643668593046e+00  1.435184626062064e+00  1.680643668593046e+00  9.289402436495885e-02  1.680643668593046e+00  1.691271891812273e-04 
 1.684643668593046e+00  1.030961509661235e+00  1.684643668593046e+00  1.757512156921476e+00  1.684643668593046e+00  3.554139606396686e-01  1.684643668593046e+00  2.979746206699388e-01  1.684643668593046e+00  3.020270529734133e-03  1.684643668593046e+00  1.435909647165890e+00  1.684643668593046e+00  9.245496360553729e-02  1.684643668593046e+00  1.668544825210390e-04 
 1.688643668593046e+00  1.030381469213900e+00  1.688643668593046e+00  1.758087255155555e+00  1.688643668593046e+00  3.544138074426244e-01  1.688643668593046e+00  2.981578215210757e-01  1.688643668593046e+00  3.022548541939971e-03  1.688643668593046e+00  1.436628532287326e+00  1.688643668593046e+00  9.201571240752189e-02  1.688643668593046e+00  1.645959036603521e-04 
 1.692643668593046e+00  1.029804797872619e+00  1.692643668593046e+00  1.758658730064625e+00  1.692643668593046e+00  3.534178176463842e-01  1.692643668593046e+00  2.983412791159854e-01  1.692643668593046e+00  3.024813322543072e-03  1.692643668593046e+00  1.437341232814207e+00  1.692643668593046e+00  9.157629252979965e-02  1.692643668593046e+00  1.623515564056247e-04 
 1.696643668593046e+00  1.029231518433117e+00  1.696643668593046e+00  1.759226555339195e+00  1.696643668593046e+00  3.524260147883121e-01  1.696643668593046e+00  2.985249933221053e-01  1.696643668593046e+00  3.027064782017058e-03  1.696643668593046e+00  1.438047700062167e+00  1.696643668593046e+00  9.113672623372605e-02  1.696643668593046e+00  1.601215440819354e-04 
 1.700643668593046e+00  1.028661653518030e+00  1.700643668593046e+00  1.759790704797284e+00  1.700643668593046e+00  3.514384218886386e-01  1.700643668593046e+00  2.987089638523496e-01  1.700643668593046e+00  3.029302831515257e-03  1.700643668593046e+00  1.438747885286769e+00  1.700643668593046e+00  9.069703629400627e-02  1.700643668593046e+00  1.579059695127243e-04 
